{
"type": "FeatureCollection",
"name": "vigente.full",
"features": [
{ "type": "Feature", "properties": { "municipio": "Getafe", "clasificacion": "no-urbanizable-protegido", "calificacion": "sin-asignar", "version": "vigente", "fuente": "SIT-CAM WFS — UsoDelSuelo:VPLA_V_CLASIFICACION (https://idem.comunidad.madrid/geosrvg/ows)", "fecha_dato": "2026-05-12", "ambito": "54807", "_raw_CD_SIGLAS": "SNUP_A", "_raw_DS_CLASIF_GEN": "Suelo No Urbanizable Protegido (APLAZADO)", "_raw_DS_CLASIF_DET": "Suelo No Urbanizable de Protección 4 Vías Pecuarias", "_raw_DS_DOCU": "PLAN GENERAL", "_raw_DS_LEY": "CM Ley 9/2001, E Ley 6/1998", "_raw_FC_AC": "2003-10-09", "_raw_NM_AREA_M2": 25793.146267282202, "_cam_code": "065" }, "geometry": { "type": "Polygon", "coordinates": [ [ [ -3.6792, 40.2916 ], [ -3.6838, 40.2917 ], [ -3.6856, 40.2914 ], [ -3.6866, 40.2914 ], [ -3.6867, 40.2913 ], [ -3.6895, 40.2918 ], [ -3.6908, 40.2919 ], [ -3.6908, 40.2916 ], [ -3.6904, 40.2915 ], [ -3.6884, 40.2914 ], [ -3.687, 40.2911 ], [ -3.6858, 40.2911 ], [ -3.6834, 40.2915 ], [ -3.6796, 40.2914 ], [ -3.6792, 40.2916 ] ] ] } },
{ "type": "Feature", "properties": { "municipio": "Getafe", "clasificacion": "no-urbanizable-protegido", "calificacion": "sin-asignar", "version": "vigente", "fuente": "SIT-CAM WFS — UsoDelSuelo:VPLA_V_CLASIFICACION (https://idem.comunidad.madrid/geosrvg/ows)", "fecha_dato": "2026-05-12", "ambito": "54807", "_raw_CD_SIGLAS": "SNUP_A", "_raw_DS_CLASIF_GEN": "Suelo No Urbanizable Protegido (APLAZADO)", "_raw_DS_CLASIF_DET": "Suelo No Urbanizable de Protección 1 Preparque", "_raw_DS_DOCU": "PLAN GENERAL", "_raw_DS_LEY": "CM Ley 9/2001, E Ley 6/1998", "_raw_FC_AC": "2003-10-09", "_raw_NM_AREA_M2": 119766.432278814, "_cam_code": "065" }, "geometry": { "type": "Polygon", "coordinates": [ [ [ -3.6681, 40.2828 ], [ -3.6681, 40.2829 ], [ -3.6696, 40.2828 ], [ -3.6701, 40.2826 ], [ -3.6714, 40.2816 ], [ -3.6717, 40.2811 ], [ -3.6723, 40.2805 ], [ -3.6737, 40.2781 ], [ -3.6746, 40.2772 ], [ -3.6764, 40.2766 ], [ -3.6769, 40.2761 ], [ -3.6773, 40.2759 ], [ -3.6786, 40.2758 ], [ -3.6796, 40.2753 ], [ -3.6803, 40.2751 ], [ -3.6805, 40.2749 ], [ -3.6816, 40.2744 ], [ -3.6821, 40.2743 ], [ -3.6833, 40.2745 ], [ -3.6877, 40.2735 ], [ -3.6878, 40.2728 ], [ -3.6872, 40.2727 ], [ -3.6865, 40.2731 ], [ -3.685, 40.2734 ], [ -3.685, 40.2735 ], [ -3.6847, 40.2735 ], [ -3.6832, 40.2743 ], [ -3.6825, 40.2743 ], [ -3.6814, 40.2738 ], [ -3.6807, 40.2737 ], [ -3.6807, 40.2738 ], [ -3.6805, 40.2738 ], [ -3.6801, 40.2745 ], [ -3.6793, 40.2747 ], [ -3.6788, 40.2755 ], [ -3.6779, 40.2756 ], [ -3.6766, 40.2755 ], [ -3.6763, 40.2756 ], [ -3.6761, 40.2762 ], [ -3.6759, 40.2764 ], [ -3.6749, 40.2764 ], [ -3.6742, 40.2767 ], [ -3.6735, 40.2768 ], [ -3.6734, 40.2778 ], [ -3.673, 40.2784 ], [ -3.6729, 40.2793 ], [ -3.6726, 40.2797 ], [ -3.6721, 40.2798 ], [ -3.6719, 40.2804 ], [ -3.6704, 40.2813 ], [ -3.67, 40.2817 ], [ -3.6681, 40.2828 ] ] ] } },
{ "type": "Feature", "properties": { "municipio": "Getafe", "clasificacion": "no-urbanizable-protegido", "calificacion": "sin-asignar", "version": "vigente", "fuente": "SIT-CAM WFS — UsoDelSuelo:VPLA_V_CLASIFICACION (https://idem.comunidad.madrid/geosrvg/ows)", "fecha_dato": "2026-05-12", "ambito": "54807", "_raw_CD_SIGLAS": "SNUP_A", "_raw_DS_CLASIF_GEN": "Suelo No Urbanizable Protegido (APLAZADO)", "_raw_DS_CLASIF_DET": "Suelo No Urbanizable de Protección 1 Preparque", "_raw_DS_DOCU": "PLAN GENERAL", "_raw_DS_LEY": "CM Ley 9/2001, E Ley 6/1998", "_raw_FC_AC": "2003-10-09", "_raw_NM_AREA_M2": 359444.00480461802, "_cam_code": "065" }, "geometry": { "type": "Polygon", "coordinates": [ [ [ -3.649, 40.3246 ], [ -3.6486, 40.325 ], [ -3.649, 40.3267 ], [ -3.65, 40.3293 ], [ -3.6515, 40.3318 ], [ -3.655, 40.33 ], [ -3.6588, 40.3284 ], [ -3.6582, 40.3276 ], [ -3.6562, 40.3266 ], [ -3.6562, 40.3265 ], [ -3.6554, 40.3265 ], [ -3.6512, 40.3253 ], [ -3.6499, 40.3247 ], [ -3.6497, 40.3243 ], [ -3.6493, 40.3247 ], [ -3.649, 40.3246 ] ] ] } },
{ "type": "Feature", "properties": { "municipio": "Getafe", "clasificacion": "no-urbanizable-protegido", "calificacion": "sin-asignar", "version": "vigente", "fuente": "SIT-CAM WFS — UsoDelSuelo:VPLA_V_CLASIFICACION (https://idem.comunidad.madrid/geosrvg/ows)", "fecha_dato": "2026-05-12", "ambito": "54807", "_raw_CD_SIGLAS": "SNUP_A", "_raw_DS_CLASIF_GEN": "Suelo No Urbanizable Protegido (APLAZADO)", "_raw_DS_CLASIF_DET": "Suelo No Urbanizable de Protección RE1_Vias de Comunicación", "_raw_DS_DOCU": "PLAN GENERAL", "_raw_DS_LEY": "CM Ley 9/2001, E Ley 6/1998", "_raw_FC_AC": "2003-10-09", "_raw_NM_AREA_M2": 37797.683342291697, "_cam_code": "065" }, "geometry": { "type": "Polygon", "coordinates": [ [ [ -3.6397, 40.3162 ], [ -3.642, 40.3184 ], [ -3.6422, 40.3182 ], [ -3.6401, 40.3161 ], [ -3.6387, 40.3154 ], [ -3.6351, 40.3127 ], [ -3.6299, 40.307 ], [ -3.629, 40.3054 ], [ -3.6288, 40.3055 ], [ -3.6297, 40.3071 ], [ -3.6349, 40.3127 ], [ -3.6379, 40.3151 ], [ -3.6397, 40.3162 ] ] ] } },
{ "type": "Feature", "properties": { "municipio": "Getafe", "clasificacion": "no-urbanizable-protegido", "calificacion": "sin-asignar", "version": "vigente", "fuente": "SIT-CAM WFS — UsoDelSuelo:VPLA_V_CLASIFICACION (https://idem.comunidad.madrid/geosrvg/ows)", "fecha_dato": "2026-05-12", "ambito": "54807", "_raw_CD_SIGLAS": "SNUP_A", "_raw_DS_CLASIF_GEN": "Suelo No Urbanizable Protegido (APLAZADO)", "_raw_DS_CLASIF_DET": "Suelo No Urbanizable de Protección 2 Parque Regional", "_raw_DS_DOCU": "PLAN GENERAL", "_raw_DS_LEY": "CM Ley 9/2001, E Ley 6/1998", "_raw_FC_AC": "2003-10-09", "_raw_NM_AREA_M2": 5119384.3657254698, "_cam_code": "065" }, "geometry": { "type": "Polygon", "coordinates": [ [ [ -3.5999, 40.272 ], [ -3.6006, 40.2734 ], [ -3.6023, 40.2741 ], [ -3.6024, 40.2754 ], [ -3.6026, 40.2756 ], [ -3.6042, 40.2758 ], [ -3.6051, 40.2765 ], [ -3.6058, 40.2783 ], [ -3.6063, 40.2789 ], [ -3.607, 40.2793 ], [ -3.6089, 40.28 ], [ -3.6113, 40.2818 ], [ -3.613, 40.2826 ], [ -3.6141, 40.2836 ], [ -3.6159, 40.2859 ], [ -3.6161, 40.2865 ], [ -3.6162, 40.2869 ], [ -3.616, 40.2887 ], [ -3.6161, 40.2899 ], [ -3.6175, 40.2941 ], [ -3.6277, 40.2931 ], [ -3.6382, 40.2917 ], [ -3.6376, 40.2896 ], [ -3.6369, 40.2859 ], [ -3.6355, 40.2836 ], [ -3.6318, 40.2785 ], [ -3.6298, 40.2773 ], [ -3.6275, 40.2769 ], [ -3.6237, 40.2709 ], [ -3.6225, 40.2698 ], [ -3.6225, 40.2688 ], [ -3.6229, 40.2664 ], [ -3.6148, 40.2678 ], [ -3.6147, 40.2684 ], [ -3.6129, 40.2686 ], [ -3.6121, 40.2692 ], [ -3.603, 40.2711 ], [ -3.5999, 40.272 ] ] ] } },
{ "type": "Feature", "properties": { "municipio": "Getafe", "clasificacion": "no-urbanizable-protegido", "calificacion": "sin-asignar", "version": "vigente", "fuente": "SIT-CAM WFS — UsoDelSuelo:VPLA_V_CLASIFICACION (https://idem.comunidad.madrid/geosrvg/ows)", "fecha_dato": "2026-05-12", "ambito": "54807", "_raw_CD_SIGLAS": "SNUP_A", "_raw_DS_CLASIF_GEN": "Suelo No Urbanizable Protegido (APLAZADO)", "_raw_DS_CLASIF_DET": "Suelo No Urbanizable de Protección 2 Parque Regional", "_raw_DS_DOCU": "PLAN GENERAL", "_raw_DS_LEY": "CM Ley 9/2001, E Ley 6/1998", "_raw_FC_AC": "2003-10-09", "_raw_NM_AREA_M2": 224421.761933926, "_cam_code": "065" }, "geometry": { "type": "Polygon", "coordinates": [ [ [ -3.6459, 40.2931 ], [ -3.6473, 40.294 ], [ -3.649, 40.2939 ], [ -3.6495, 40.294 ], [ -3.6522, 40.2935 ], [ -3.6572, 40.2913 ], [ -3.6589, 40.2896 ], [ -3.6592, 40.2892 ], [ -3.6592, 40.2888 ], [ -3.6578, 40.2888 ], [ -3.656, 40.289 ], [ -3.655, 40.2899 ], [ -3.6542, 40.2902 ], [ -3.653, 40.2911 ], [ -3.6517, 40.2918 ], [ -3.6513, 40.2918 ], [ -3.6499, 40.2927 ], [ -3.6494, 40.2927 ], [ -3.6484, 40.2924 ], [ -3.6474, 40.2924 ], [ -3.6467, 40.2928 ], [ -3.6453, 40.2927 ], [ -3.6449, 40.2929 ], [ -3.6459, 40.2931 ] ] ] } },
{ "type": "Feature", "properties": { "municipio": "Getafe", "clasificacion": "no-urbanizable-protegido", "calificacion": "sin-asignar", "version": "vigente", "fuente": "SIT-CAM WFS — UsoDelSuelo:VPLA_V_CLASIFICACION (https://idem.comunidad.madrid/geosrvg/ows)", "fecha_dato": "2026-05-12", "ambito": "54807", "_raw_CD_SIGLAS": "SNUP_A", "_raw_DS_CLASIF_GEN": "Suelo No Urbanizable Protegido (APLAZADO)", "_raw_DS_CLASIF_DET": "Suelo No Urbanizable de Protección 4 Vías Pecuarias", "_raw_DS_DOCU": "PLAN GENERAL", "_raw_DS_LEY": "CM Ley 9/2001, E Ley 6/1998", "_raw_FC_AC": "2003-10-09", "_raw_NM_AREA_M2": 71084.935109759899, "_cam_code": "065" }, "geometry": { "type": "Polygon", "coordinates": [ [ [ -3.6572, 40.3079 ], [ -3.6572, 40.308 ], [ -3.6565, 40.3084 ], [ -3.6561, 40.3085 ], [ -3.6563, 40.3087 ], [ -3.658, 40.3078 ], [ -3.6595, 40.3074 ], [ -3.6613, 40.3072 ], [ -3.6632, 40.3066 ], [ -3.664, 40.3063 ], [ -3.6668, 40.3047 ], [ -3.6685, 40.3043 ], [ -3.671, 40.3041 ], [ -3.6726, 40.3035 ], [ -3.675, 40.3035 ], [ -3.6773, 40.3041 ], [ -3.6795, 40.3039 ], [ -3.6825, 40.3041 ], [ -3.6839, 40.3038 ], [ -3.6883, 40.3032 ], [ -3.6901, 40.303 ], [ -3.6914, 40.3031 ], [ -3.6914, 40.3028 ], [ -3.6885, 40.3029 ], [ -3.6867, 40.3033 ], [ -3.6826, 40.3037 ], [ -3.6823, 40.3039 ], [ -3.681, 40.3039 ], [ -3.6793, 40.3037 ], [ -3.6773, 40.3039 ], [ -3.6749, 40.3033 ], [ -3.6729, 40.3033 ], [ -3.671, 40.3038 ], [ -3.6671, 40.3044 ], [ -3.6663, 40.3047 ], [ -3.6646, 40.3057 ], [ -3.6625, 40.3067 ], [ -3.6611, 40.3071 ], [ -3.6591, 40.3072 ], [ -3.6572, 40.3079 ] ] ] } },
{ "type": "Feature", "properties": { "municipio": "Getafe", "clasificacion": "no-urbanizable-protegido", "calificacion": "sin-asignar", "version": "vigente", "fuente": "SIT-CAM WFS — UsoDelSuelo:VPLA_V_CLASIFICACION (https://idem.comunidad.madrid/geosrvg/ows)", "fecha_dato": "2026-05-12", "ambito": "54807", "_raw_CD_SIGLAS": "SNUP_A", "_raw_DS_CLASIF_GEN": "Suelo No Urbanizable Protegido (APLAZADO)", "_raw_DS_CLASIF_DET": "Suelo No Urbanizable de Protección RE2 Instalaciones de la Defensa", "_raw_DS_DOCU": "PLAN GENERAL", "_raw_DS_LEY": "CM Ley 9/2001, E Ley 6/1998", "_raw_FC_AC": "2003-10-09", "_raw_NM_AREA_M2": 4306242.1005682005, "_cam_code": "065" }, "geometry": { "type": "Polygon", "coordinates": [ [ [ -3.7088, 40.3048 ], [ -3.7091, 40.3096 ], [ -3.7142, 40.3095 ], [ -3.7142, 40.3094 ], [ -3.716, 40.3093 ], [ -3.716, 40.3092 ], [ -3.724, 40.3089 ], [ -3.7237, 40.3044 ], [ -3.7248, 40.3042 ], [ -3.7262, 40.3035 ], [ -3.7264, 40.3029 ], [ -3.7274, 40.3013 ], [ -3.7277, 40.3011 ], [ -3.7286, 40.3 ], [ -3.7301, 40.2994 ], [ -3.7319, 40.2989 ], [ -3.7333, 40.2981 ], [ -3.7346, 40.2969 ], [ -3.7353, 40.296 ], [ -3.7362, 40.2958 ], [ -3.7375, 40.284 ], [ -3.7377, 40.2835 ], [ -3.7366, 40.2833 ], [ -3.7363, 40.2831 ], [ -3.7326, 40.2827 ], [ -3.7323, 40.2825 ], [ -3.7309, 40.2827 ], [ -3.7301, 40.2824 ], [ -3.7295, 40.2824 ], [ -3.7295, 40.2816 ], [ -3.7293, 40.2814 ], [ -3.7284, 40.2813 ], [ -3.7275, 40.2807 ], [ -3.726, 40.2811 ], [ -3.7248, 40.2824 ], [ -3.7246, 40.2828 ], [ -3.724, 40.2828 ], [ -3.7239, 40.283 ], [ -3.7239, 40.2835 ], [ -3.7241, 40.2839 ], [ -3.7243, 40.285 ], [ -3.7221, 40.2851 ], [ -3.722, 40.2877 ], [ -3.7214, 40.2878 ], [ -3.7205, 40.2887 ], [ -3.7201, 40.2889 ], [ -3.7201, 40.289 ], [ -3.7197, 40.2891 ], [ -3.7193, 40.2902 ], [ -3.7186, 40.2904 ], [ -3.7188, 40.2907 ], [ -3.7182, 40.2918 ], [ -3.7179, 40.2918 ], [ -3.718, 40.2925 ], [ -3.7176, 40.293 ], [ -3.7165, 40.2941 ], [ -3.7154, 40.2948 ], [ -3.7149, 40.2949 ], [ -3.715, 40.2951 ], [ -3.714, 40.2957 ], [ -3.7125, 40.2959 ], [ -3.7122, 40.2958 ], [ -3.7128, 40.297 ], [ -3.7133, 40.2985 ], [ -3.7119, 40.3011 ], [ -3.7099, 40.3025 ], [ -3.7097, 40.3028 ], [ -3.7094, 40.3047 ], [ -3.7088, 40.3048 ] ] ] } },
{ "type": "Feature", "properties": { "municipio": "Getafe", "clasificacion": "no-urbanizable-protegido", "calificacion": "sin-asignar", "version": "vigente", "fuente": "SIT-CAM WFS — UsoDelSuelo:VPLA_V_CLASIFICACION (https://idem.comunidad.madrid/geosrvg/ows)", "fecha_dato": "2026-05-12", "ambito": "54807", "_raw_CD_SIGLAS": "SNUP_A", "_raw_DS_CLASIF_GEN": "Suelo No Urbanizable Protegido (APLAZADO)", "_raw_DS_CLASIF_DET": "Suelo No Urbanizable de Protección 3", "_raw_DS_DOCU": "PLAN GENERAL", "_raw_DS_LEY": "CM Ley 9/2001, E Ley 6/1998", "_raw_FC_AC": "2003-10-09", "_raw_NM_AREA_M2": 2463322.5862124301, "_cam_code": "065" }, "geometry": { "type": "Polygon", "coordinates": [ [ [ -3.6796, 40.3131 ], [ -3.6827, 40.3131 ], [ -3.6872, 40.3134 ], [ -3.6885, 40.3129 ], [ -3.6917, 40.3123 ], [ -3.6917, 40.3107 ], [ -3.6914, 40.308 ], [ -3.6914, 40.307 ], [ -3.691, 40.306 ], [ -3.6904, 40.3053 ], [ -3.6905, 40.3044 ], [ -3.691, 40.304 ], [ -3.6914, 40.304 ], [ -3.6914, 40.3031 ], [ -3.6901, 40.303 ], [ -3.6883, 40.3032 ], [ -3.6839, 40.3038 ], [ -3.6825, 40.3041 ], [ -3.6795, 40.3039 ], [ -3.6773, 40.3041 ], [ -3.675, 40.3035 ], [ -3.6726, 40.3035 ], [ -3.671, 40.3041 ], [ -3.6685, 40.3043 ], [ -3.6668, 40.3047 ], [ -3.664, 40.3063 ], [ -3.6632, 40.3066 ], [ -3.6613, 40.3072 ], [ -3.659, 40.3075 ], [ -3.658, 40.3078 ], [ -3.6575, 40.3081 ], [ -3.6654, 40.3134 ], [ -3.6683, 40.3126 ], [ -3.6729, 40.3121 ], [ -3.6742, 40.3121 ], [ -3.6758, 40.3123 ], [ -3.6796, 40.313 ], [ -3.6796, 40.3131 ] ] ] } },
{ "type": "Feature", "properties": { "municipio": "Getafe", "clasificacion": "no-urbanizable-protegido", "calificacion": "sin-asignar", "version": "vigente", "fuente": "SIT-CAM WFS — UsoDelSuelo:VPLA_V_CLASIFICACION (https://idem.comunidad.madrid/geosrvg/ows)", "fecha_dato": "2026-05-12", "ambito": "54807", "_raw_CD_SIGLAS": "SNUP_A", "_raw_DS_CLASIF_GEN": "Suelo No Urbanizable Protegido (APLAZADO)", "_raw_DS_CLASIF_DET": "Suelo No Urbanizable de Protección 4 Vías Pecuarias", "_raw_DS_DOCU": "PLAN GENERAL", "_raw_DS_LEY": "CM Ley 9/2001, E Ley 6/1998", "_raw_FC_AC": "2003-10-09", "_raw_NM_AREA_M2": 521477.14008486498, "_cam_code": "065" }, "geometry": { "type": "Polygon", "coordinates": [ [ [ -3.6165, 40.3179 ], [ -3.6173, 40.3173 ], [ -3.6183, 40.3156 ], [ -3.6196, 40.3119 ], [ -3.6214, 40.3114 ], [ -3.6221, 40.3109 ], [ -3.6244, 40.3088 ], [ -3.631, 40.3039 ], [ -3.6327, 40.3024 ], [ -3.6348, 40.3009 ], [ -3.6353, 40.3007 ], [ -3.636, 40.3 ], [ -3.6364, 40.2999 ], [ -3.6395, 40.2972 ], [ -3.6409, 40.2963 ], [ -3.6434, 40.295 ], [ -3.6462, 40.2946 ], [ -3.6484, 40.2947 ], [ -3.6524, 40.2941 ], [ -3.6544, 40.2933 ], [ -3.6565, 40.292 ], [ -3.6575, 40.2918 ], [ -3.6575, 40.2917 ], [ -3.6587, 40.292 ], [ -3.6625, 40.2921 ], [ -3.6638, 40.2917 ], [ -3.6657, 40.2909 ], [ -3.6666, 40.2907 ], [ -3.6674, 40.2906 ], [ -3.6692, 40.2908 ], [ -3.6717, 40.2905 ], [ -3.6727, 40.2908 ], [ -3.6736, 40.2915 ], [ -3.6749, 40.2915 ], [ -3.675, 40.2913 ], [ -3.6753, 40.2913 ], [ -3.6755, 40.2911 ], [ -3.6741, 40.291 ], [ -3.6727, 40.2903 ], [ -3.6706, 40.2901 ], [ -3.6696, 40.2902 ], [ -3.669, 40.2904 ], [ -3.6681, 40.2903 ], [ -3.667, 40.2904 ], [ -3.6669, 40.2902 ], [ -3.6649, 40.2908 ], [ -3.6636, 40.2915 ], [ -3.6627, 40.2918 ], [ -3.6625, 40.2917 ], [ -3.6607, 40.2918 ], [ -3.6597, 40.2916 ], [ -3.6596, 40.2917 ], [ -3.6578, 40.2916 ], [ -3.6584, 40.2908 ], [ -3.6584, 40.2905 ], [ -3.6591, 40.2895 ], [ -3.6603, 40.2888 ], [ -3.6616, 40.2884 ], [ -3.6621, 40.2884 ], [ -3.6622, 40.288 ], [ -3.6627, 40.2877 ], [ -3.6632, 40.287 ], [ -3.6632, 40.2864 ], [ -3.6635, 40.2857 ], [ -3.6653, 40.2843 ], [ -3.6656, 40.2841 ], [ -3.6676, 40.2836 ], [ -3.6703, 40.2839 ], [ -3.6699, 40.2836 ], [ -3.6698, 40.2832 ], [ -3.6707, 40.2823 ], [ -3.6717, 40.2822 ], [ -3.6726, 40.2819 ], [ -3.6728, 40.2811 ], [ -3.6726, 40.2807 ], [ -3.6721, 40.2808 ], [ -3.6717, 40.2811 ], [ -3.6714, 40.2816 ], [ -3.6701, 40.2826 ], [ -3.6689, 40.2829 ], [ -3.6681, 40.2829 ], [ -3.6681, 40.2828 ], [ -3.6667, 40.2829 ], [ -3.6664, 40.283 ], [ -3.6662, 40.2833 ], [ -3.6653, 40.2839 ], [ -3.6645, 40.2841 ], [ -3.6638, 40.285 ], [ -3.6624, 40.2858 ], [ -3.6625, 40.2868 ], [ -3.6619, 40.2878 ], [ -3.6611, 40.2879 ], [ -3.6599, 40.2884 ], [ -3.6594, 40.2888 ], [ -3.6592, 40.2888 ], [ -3.6592, 40.2892 ], [ -3.6589, 40.2896 ], [ -3.6572, 40.2913 ], [ -3.6522, 40.2935 ], [ -3.6495, 40.294 ], [ -3.649, 40.2939 ], [ -3.6473, 40.294 ], [ -3.6467, 40.2936 ], [ -3.6461, 40.2942 ], [ -3.6456, 40.2943 ], [ -3.6447, 40.2942 ], [ -3.6434, 40.2944 ], [ -3.6426, 40.2947 ], [ -3.6426, 40.2949 ], [ -3.6405, 40.2958 ], [ -3.6388, 40.2967 ], [ -3.6351, 40.2999 ], [ -3.6343, 40.3004 ], [ -3.6293, 40.3043 ], [ -3.628, 40.3051 ], [ -3.624, 40.3081 ], [ -3.6223, 40.3096 ], [ -3.6209, 40.3111 ], [ -3.619, 40.3112 ], [ -3.6186, 40.3116 ], [ -3.6182, 40.3124 ], [ -3.618, 40.3137 ], [ -3.6177, 40.3145 ], [ -3.6171, 40.3155 ], [ -3.617, 40.3162 ], [ -3.6162, 40.3174 ], [ -3.6158, 40.3175 ], [ -3.616, 40.3178 ], [ -3.6165, 40.3179 ] ] ] } },
{ "type": "Feature", "properties": { "municipio": "Getafe", "clasificacion": "no-urbanizable-protegido", "calificacion": "sin-asignar", "version": "vigente", "fuente": "SIT-CAM WFS — UsoDelSuelo:VPLA_V_CLASIFICACION (https://idem.comunidad.madrid/geosrvg/ows)", "fecha_dato": "2026-05-12", "ambito": "54807", "_raw_CD_SIGLAS": "SNUP_A", "_raw_DS_CLASIF_GEN": "Suelo No Urbanizable Protegido (APLAZADO)", "_raw_DS_CLASIF_DET": "Suelo No Urbanizable de Protección RE1_Vias de Comunicación", "_raw_DS_DOCU": "PLAN GENERAL", "_raw_DS_LEY": "CM Ley 9/2001, E Ley 6/1998", "_raw_FC_AC": "2003-10-09", "_raw_NM_AREA_M2": 3880482.7090614601, "_cam_code": "065" }, "geometry": { "type": "Polygon", "coordinates": [ [ [ -3.7236, 40.3313 ], [ -3.7247, 40.3326 ], [ -3.7245, 40.3345 ], [ -3.7249, 40.335 ], [ -3.7296, 40.3329 ], [ -3.7289, 40.3326 ], [ -3.7277, 40.3315 ], [ -3.7276, 40.3316 ], [ -3.7268, 40.3308 ], [ -3.7262, 40.3288 ], [ -3.7262, 40.3281 ], [ -3.7264, 40.3277 ], [ -3.7273, 40.3265 ], [ -3.7282, 40.3256 ], [ -3.7295, 40.324 ], [ -3.7299, 40.3239 ], [ -3.73, 40.3239 ], [ -3.73, 40.3239 ], [ -3.7313, 40.324 ], [ -3.7312, 40.3239 ], [ -3.7313, 40.3239 ], [ -3.7316, 40.3233 ], [ -3.7315, 40.323 ], [ -3.7317, 40.323 ], [ -3.7309, 40.3224 ], [ -3.7311, 40.3221 ], [ -3.7341, 40.3188 ], [ -3.7343, 40.3189 ], [ -3.7343, 40.3189 ], [ -3.7344, 40.3189 ], [ -3.7344, 40.319 ], [ -3.7345, 40.3183 ], [ -3.7348, 40.3179 ], [ -3.7366, 40.3157 ], [ -3.7371, 40.3153 ], [ -3.7374, 40.3148 ], [ -3.7393, 40.3129 ], [ -3.7407, 40.3109 ], [ -3.7408, 40.31 ], [ -3.7405, 40.3083 ], [ -3.7382, 40.2989 ], [ -3.7381, 40.2989 ], [ -3.7381, 40.2988 ], [ -3.7383, 40.2988 ], [ -3.7379, 40.2972 ], [ -3.738, 40.297 ], [ -3.7387, 40.2965 ], [ -3.7387, 40.2962 ], [ -3.7391, 40.2956 ], [ -3.739, 40.2952 ], [ -3.7386, 40.2948 ], [ -3.7387, 40.2944 ], [ -3.7462, 40.2831 ], [ -3.7463, 40.2831 ], [ -3.7472, 40.2816 ], [ -3.7475, 40.2813 ], [ -3.7489, 40.2808 ], [ -3.7499, 40.2806 ], [ -3.7511, 40.2807 ], [ -3.7527, 40.2815 ], [ -3.7544, 40.2827 ], [ -3.7558, 40.284 ], [ -3.7574, 40.286 ], [ -3.7585, 40.2879 ], [ -3.7589, 40.2883 ], [ -3.76, 40.29 ], [ -3.7576, 40.2841 ], [ -3.7559, 40.2824 ], [ -3.7532, 40.2803 ], [ -3.7521, 40.2796 ], [ -3.7515, 40.279 ], [ -3.7509, 40.2776 ], [ -3.7509, 40.2767 ], [ -3.751, 40.2765 ], [ -3.7509, 40.2763 ], [ -3.7499, 40.276 ], [ -3.7486, 40.2771 ], [ -3.7468, 40.2776 ], [ -3.7456, 40.2776 ], [ -3.7447, 40.2774 ], [ -3.7437, 40.2774 ], [ -3.7426, 40.2776 ], [ -3.7388, 40.2776 ], [ -3.7396, 40.2709 ], [ -3.7388, 40.2709 ], [ -3.738, 40.2776 ], [ -3.7364, 40.2776 ], [ -3.7327, 40.2775 ], [ -3.7302, 40.2772 ], [ -3.7281, 40.2767 ], [ -3.7266, 40.2762 ], [ -3.7243, 40.2751 ], [ -3.7202, 40.2736 ], [ -3.7176, 40.2732 ], [ -3.7148, 40.273 ], [ -3.7174, 40.2705 ], [ -3.7194, 40.269 ], [ -3.7191, 40.2688 ], [ -3.7178, 40.2698 ], [ -3.7149, 40.2724 ], [ -3.7142, 40.2726 ], [ -3.7096, 40.2724 ], [ -3.7087, 40.2725 ], [ -3.7082, 40.2724 ], [ -3.7079, 40.2722 ], [ -3.7074, 40.2724 ], [ -3.7051, 40.2724 ], [ -3.7048, 40.2678 ], [ -3.7043, 40.2678 ], [ -3.7045, 40.2724 ], [ -3.7004, 40.2727 ], [ -3.6964, 40.2736 ], [ -3.6932, 40.2745 ], [ -3.6931, 40.2745 ], [ -3.693, 40.2739 ], [ -3.6922, 40.2733 ], [ -3.6919, 40.2701 ], [ -3.6914, 40.2706 ], [ -3.6903, 40.2706 ], [ -3.6899, 40.2715 ], [ -3.6892, 40.2724 ], [ -3.6886, 40.2727 ], [ -3.6878, 40.2728 ], [ -3.6877, 40.2735 ], [ -3.6878, 40.2743 ], [ -3.6877, 40.2743 ], [ -3.6879, 40.281 ], [ -3.6906, 40.281 ], [ -3.6907, 40.2835 ], [ -3.6909, 40.2849 ], [ -3.6909, 40.2864 ], [ -3.6886, 40.287 ], [ -3.6848, 40.2884 ], [ -3.6813, 40.2902 ], [ -3.6788, 40.2891 ], [ -3.6779, 40.2884 ], [ -3.6763, 40.2903 ], [ -3.6742, 40.2925 ], [ -3.6715, 40.2946 ], [ -3.6584, 40.3038 ], [ -3.6577, 40.3041 ], [ -3.6577, 40.3042 ], [ -3.6545, 40.3061 ], [ -3.6534, 40.3066 ], [ -3.6532, 40.3072 ], [ -3.65, 40.3114 ], [ -3.6493, 40.3126 ], [ -3.6472, 40.3171 ], [ -3.6473, 40.3172 ], [ -3.647, 40.3176 ], [ -3.6485, 40.3185 ], [ -3.6479, 40.3203 ], [ -3.6479, 40.3217 ], [ -3.6482, 40.322 ], [ -3.6483, 40.3248 ], [ -3.6487, 40.3266 ], [ -3.6497, 40.3294 ], [ -3.6507, 40.3312 ], [ -3.6513, 40.3319 ], [ -3.6515, 40.3318 ], [ -3.65, 40.3293 ], [ -3.649, 40.3267 ], [ -3.6487, 40.3255 ], [ -3.6486, 40.325 ], [ -3.649, 40.3246 ], [ -3.6489, 40.3244 ], [ -3.6489, 40.3224 ], [ -3.6486, 40.3222 ], [ -3.6487, 40.3198 ], [ -3.6494, 40.3168 ], [ -3.6528, 40.3123 ], [ -3.6551, 40.3095 ], [ -3.6557, 40.3089 ], [ -3.6563, 40.3087 ], [ -3.6561, 40.3085 ], [ -3.6572, 40.308 ], [ -3.6568, 40.3076 ], [ -3.6571, 40.3072 ], [ -3.6792, 40.2916 ], [ -3.682, 40.2901 ], [ -3.682, 40.29 ], [ -3.6842, 40.289 ], [ -3.6874, 40.2877 ], [ -3.6905, 40.2868 ], [ -3.6904, 40.2915 ], [ -3.6908, 40.2916 ], [ -3.6909, 40.2928 ], [ -3.6911, 40.2979 ], [ -3.6912, 40.2981 ], [ -3.6914, 40.3018 ], [ -3.6914, 40.304 ], [ -3.691, 40.304 ], [ -3.6905, 40.3044 ], [ -3.6904, 40.3053 ], [ -3.691, 40.306 ], [ -3.6914, 40.307 ], [ -3.6914, 40.308 ], [ -3.6917, 40.3107 ], [ -3.6919, 40.3207 ], [ -3.6925, 40.3204 ], [ -3.6924, 40.3158 ], [ -3.6923, 40.3157 ], [ -3.6921, 40.3131 ], [ -3.6919, 40.3019 ], [ -3.6928, 40.3018 ], [ -3.6928, 40.3009 ], [ -3.6927, 40.2981 ], [ -3.6918, 40.2981 ], [ -3.6917, 40.2916 ], [ -3.6913, 40.2866 ], [ -3.6941, 40.2859 ], [ -3.6997, 40.284 ], [ -3.7038, 40.2822 ], [ -3.7057, 40.2944 ], [ -3.7058, 40.2947 ], [ -3.7059, 40.2947 ], [ -3.7072, 40.3049 ], [ -3.7073, 40.3049 ], [ -3.7086, 40.3132 ], [ -3.7092, 40.3161 ], [ -3.7092, 40.3165 ], [ -3.7091, 40.3165 ], [ -3.7093, 40.3171 ], [ -3.7097, 40.3201 ], [ -3.7098, 40.3202 ], [ -3.7095, 40.3227 ], [ -3.7093, 40.3233 ], [ -3.7095, 40.3233 ], [ -3.7099, 40.3215 ], [ -3.7099, 40.3196 ], [ -3.7096, 40.3172 ], [ -3.7092, 40.3149 ], [ -3.7088, 40.3134 ], [ -3.7086, 40.3114 ], [ -3.7085, 40.3114 ], [ -3.7083, 40.3095 ], [ -3.7082, 40.3094 ], [ -3.7081, 40.3079 ], [ -3.7076, 40.3053 ], [ -3.7075, 40.3036 ], [ -3.7067, 40.2988 ], [ -3.7066, 40.2973 ], [ -3.7055, 40.2911 ], [ -3.7055, 40.2904 ], [ -3.705, 40.2875 ], [ -3.705, 40.2866 ], [ -3.7051, 40.2864 ], [ -3.7049, 40.2862 ], [ -3.7049, 40.2853 ], [ -3.7048, 40.2853 ], [ -3.7047, 40.285 ], [ -3.7042, 40.2821 ], [ -3.7044, 40.2821 ], [ -3.7056, 40.2814 ], [ -3.7082, 40.2796 ], [ -3.7108, 40.2774 ], [ -3.711, 40.2774 ], [ -3.7118, 40.2769 ], [ -3.714, 40.2743 ], [ -3.7148, 40.2748 ], [ -3.7163, 40.2754 ], [ -3.7188, 40.2755 ], [ -3.7206, 40.2762 ], [ -3.7215, 40.2761 ], [ -3.7217, 40.2763 ], [ -3.7224, 40.2764 ], [ -3.7224, 40.2765 ], [ -3.7243, 40.277 ], [ -3.7244, 40.2775 ], [ -3.7261, 40.2781 ], [ -3.7265, 40.278 ], [ -3.7294, 40.2784 ], [ -3.7318, 40.2785 ], [ -3.7348, 40.2785 ], [ -3.7349, 40.2782 ], [ -3.7357, 40.2782 ], [ -3.738, 40.2785 ], [ -3.7383, 40.2786 ], [ -3.7381, 40.2809 ], [ -3.738, 40.281 ], [ -3.7377, 40.2835 ], [ -3.7375, 40.284 ], [ -3.7362, 40.2958 ], [ -3.7369, 40.296 ], [ -3.737, 40.2962 ], [ -3.738, 40.2999 ], [ -3.7383, 40.3006 ], [ -3.7387, 40.3028 ], [ -3.7388, 40.3028 ], [ -3.7403, 40.3088 ], [ -3.7404, 40.3095 ], [ -3.7403, 40.3104 ], [ -3.7399, 40.3113 ], [ -3.7396, 40.3118 ], [ -3.7393, 40.312 ], [ -3.739, 40.3125 ], [ -3.7365, 40.3154 ], [ -3.7349, 40.3171 ], [ -3.7349, 40.3173 ], [ -3.7316, 40.3211 ], [ -3.7312, 40.3214 ], [ -3.7307, 40.3212 ], [ -3.7302, 40.3212 ], [ -3.7299, 40.3214 ], [ -3.73, 40.3229 ], [ -3.7256, 40.328 ], [ -3.725, 40.3285 ], [ -3.7249, 40.3284 ], [ -3.7283, 40.3214 ], [ -3.7282, 40.3212 ], [ -3.7239, 40.33 ], [ -3.7203, 40.3285 ], [ -3.7188, 40.3278 ], [ -3.7181, 40.3273 ], [ -3.7151, 40.3269 ], [ -3.7135, 40.3265 ], [ -3.714, 40.3274 ], [ -3.7169, 40.3284 ], [ -3.7168, 40.3287 ], [ -3.7164, 40.329 ], [ -3.7166, 40.3291 ], [ -3.7171, 40.3287 ], [ -3.7177, 40.3287 ], [ -3.72, 40.3292 ], [ -3.7222, 40.33 ], [ -3.7233, 40.3311 ], [ -3.7226, 40.3327 ], [ -3.7228, 40.3329 ], [ -3.7236, 40.3313 ] ], [ [ -3.7437, 40.286 ], [ -3.7411, 40.2901 ], [ -3.7387, 40.2936 ], [ -3.7379, 40.2943 ], [ -3.7371, 40.2945 ], [ -3.7369, 40.2946 ], [ -3.7367, 40.2947 ], [ -3.7367, 40.2948 ], [ -3.7367, 40.2942 ], [ -3.7369, 40.2923 ], [ -3.7375, 40.2879 ], [ -3.7381, 40.2819 ], [ -3.7383, 40.281 ], [ -3.7383, 40.2801 ], [ -3.7386, 40.2785 ], [ -3.7391, 40.2786 ], [ -3.7399, 40.2786 ], [ -3.74, 40.2785 ], [ -3.7443, 40.2787 ], [ -3.7457, 40.2791 ], [ -3.7464, 40.2796 ], [ -3.7466, 40.2802 ], [ -3.7465, 40.2816 ], [ -3.7446, 40.2848 ], [ -3.7442, 40.2844 ], [ -3.7438, 40.2844 ], [ -3.7428, 40.2854 ], [ -3.7428, 40.2858 ], [ -3.7431, 40.2861 ], [ -3.7436, 40.2861 ], [ -3.7437, 40.286 ] ], [ [ -3.7134, 40.274 ], [ -3.7109, 40.2766 ], [ -3.7088, 40.2784 ], [ -3.7042, 40.2813 ], [ -3.7042, 40.2808 ], [ -3.7045, 40.2802 ], [ -3.7045, 40.2798 ], [ -3.7043, 40.2798 ], [ -3.7044, 40.2797 ], [ -3.7043, 40.2783 ], [ -3.7044, 40.2778 ], [ -3.7047, 40.2775 ], [ -3.7046, 40.277 ], [ -3.7051, 40.2753 ], [ -3.7051, 40.2749 ], [ -3.7088, 40.2741 ], [ -3.7096, 40.274 ], [ -3.7101, 40.2741 ], [ -3.7104, 40.274 ], [ -3.7102, 40.2739 ], [ -3.7109, 40.2738 ], [ -3.7134, 40.274 ] ], [ [ -3.7046, 40.2739 ], [ -3.7039, 40.2787 ], [ -3.7036, 40.2799 ], [ -3.7036, 40.2807 ], [ -3.7035, 40.2807 ], [ -3.7035, 40.2808 ], [ -3.7038, 40.2808 ], [ -3.7039, 40.2817 ], [ -3.7034, 40.2818 ], [ -3.7017, 40.2828 ], [ -3.7015, 40.2828 ], [ -3.6981, 40.2844 ], [ -3.6949, 40.2854 ], [ -3.6917, 40.2861 ], [ -3.6913, 40.2863 ], [ -3.6909, 40.2811 ], [ -3.6916, 40.2811 ], [ -3.6916, 40.2799 ], [ -3.6925, 40.279 ], [ -3.6926, 40.2787 ], [ -3.693, 40.2783 ], [ -3.6932, 40.2779 ], [ -3.6933, 40.2771 ], [ -3.695, 40.276 ], [ -3.6984, 40.2746 ], [ -3.7028, 40.2739 ], [ -3.7046, 40.2739 ] ] ] } },
{ "type": "Feature", "properties": { "municipio": "Getafe", "clasificacion": "no-urbanizable-protegido", "calificacion": "sin-asignar", "version": "vigente", "fuente": "SIT-CAM WFS — UsoDelSuelo:VPLA_V_CLASIFICACION (https://idem.comunidad.madrid/geosrvg/ows)", "fecha_dato": "2026-05-12", "ambito": "54807", "_raw_CD_SIGLAS": "SNUP_A", "_raw_DS_CLASIF_GEN": "Suelo No Urbanizable Protegido (APLAZADO)", "_raw_DS_CLASIF_DET": "Suelo No Urbanizable de Protección RE1_Vias de Comunicación", "_raw_DS_DOCU": "PLAN GENERAL", "_raw_DS_LEY": "CM Ley 9/2001, E Ley 6/1998", "_raw_FC_AC": "2003-10-09", "_raw_NM_AREA_M2": 114416.90389562699, "_cam_code": "065" }, "geometry": { "type": "Polygon", "coordinates": [ [ [ -3.5997, 40.2721 ], [ -3.6, 40.2729 ], [ -3.6004, 40.2735 ], [ -3.6013, 40.2738 ], [ -3.6021, 40.2743 ], [ -3.6021, 40.2751 ], [ -3.6024, 40.2757 ], [ -3.6028, 40.2759 ], [ -3.6041, 40.276 ], [ -3.6048, 40.2766 ], [ -3.6055, 40.2784 ], [ -3.606, 40.279 ], [ -3.6087, 40.2802 ], [ -3.6101, 40.2813 ], [ -3.6128, 40.2828 ], [ -3.6139, 40.2838 ], [ -3.6154, 40.2856 ], [ -3.6158, 40.2864 ], [ -3.6159, 40.2876 ], [ -3.6156, 40.2887 ], [ -3.6156, 40.2893 ], [ -3.6177, 40.2954 ], [ -3.618, 40.2958 ], [ -3.6193, 40.2965 ], [ -3.6201, 40.2976 ], [ -3.6214, 40.299 ], [ -3.6249, 40.3025 ], [ -3.6282, 40.305 ], [ -3.6284, 40.3049 ], [ -3.6248, 40.302 ], [ -3.6203, 40.2975 ], [ -3.6195, 40.2964 ], [ -3.6182, 40.2956 ], [ -3.6175, 40.2941 ], [ -3.6161, 40.2899 ], [ -3.616, 40.2887 ], [ -3.6162, 40.2869 ], [ -3.6159, 40.2859 ], [ -3.6141, 40.2836 ], [ -3.613, 40.2826 ], [ -3.6113, 40.2818 ], [ -3.6089, 40.28 ], [ -3.607, 40.2793 ], [ -3.6063, 40.2789 ], [ -3.6058, 40.2783 ], [ -3.6051, 40.2765 ], [ -3.6042, 40.2758 ], [ -3.6026, 40.2756 ], [ -3.6024, 40.2754 ], [ -3.6023, 40.2741 ], [ -3.6006, 40.2734 ], [ -3.5999, 40.272 ], [ -3.5997, 40.2721 ] ] ] } },
{ "type": "Feature", "properties": { "municipio": "Getafe", "clasificacion": "no-urbanizable-protegido", "calificacion": "sin-asignar", "version": "vigente", "fuente": "SIT-CAM WFS — UsoDelSuelo:VPLA_V_CLASIFICACION (https://idem.comunidad.madrid/geosrvg/ows)", "fecha_dato": "2026-05-12", "ambito": "54807", "_raw_CD_SIGLAS": "SNUP_A", "_raw_DS_CLASIF_GEN": "Suelo No Urbanizable Protegido (APLAZADO)", "_raw_DS_CLASIF_DET": "Suelo No Urbanizable de Protección RE1_Vias de Comunicación", "_raw_DS_DOCU": "PLAN GENERAL", "_raw_DS_LEY": "CM Ley 9/2001, E Ley 6/1998", "_raw_FC_AC": "2003-10-09", "_raw_NM_AREA_M2": 24456.275672111999, "_cam_code": "065" }, "geometry": { "type": "Polygon", "coordinates": [ [ [ -3.6568, 40.3256 ], [ -3.6587, 40.3263 ], [ -3.6596, 40.3274 ], [ -3.6597, 40.3279 ], [ -3.6599, 40.3279 ], [ -3.6599, 40.3274 ], [ -3.6588, 40.326 ], [ -3.6576, 40.3257 ], [ -3.6565, 40.3253 ], [ -3.6563, 40.3251 ], [ -3.6559, 40.3251 ], [ -3.6549, 40.3247 ], [ -3.6543, 40.3246 ], [ -3.6513, 40.3234 ], [ -3.6512, 40.3235 ], [ -3.6531, 40.3245 ], [ -3.6568, 40.3256 ] ] ] } },
{ "type": "Feature", "properties": { "municipio": "Getafe", "clasificacion": "no-urbanizable-protegido", "calificacion": "sin-asignar", "version": "vigente", "fuente": "SIT-CAM WFS — UsoDelSuelo:VPLA_V_CLASIFICACION (https://idem.comunidad.madrid/geosrvg/ows)", "fecha_dato": "2026-05-12", "ambito": "54807", "_raw_CD_SIGLAS": "SNUP_A", "_raw_DS_CLASIF_GEN": "Suelo No Urbanizable Protegido (APLAZADO)", "_raw_DS_CLASIF_DET": "Suelo No Urbanizable de Protección 2 Parque Regional", "_raw_DS_DOCU": "PLAN GENERAL", "_raw_DS_LEY": "CM Ley 9/2001, E Ley 6/1998", "_raw_FC_AC": "2003-10-09", "_raw_NM_AREA_M2": 13545081.444354501, "_cam_code": "065" }, "geometry": { "type": "Polygon", "coordinates": [ [ [ -3.5983, 40.3121 ], [ -3.6112, 40.3143 ], [ -3.6139, 40.3156 ], [ -3.6158, 40.3176 ], [ -3.6158, 40.3175 ], [ -3.6162, 40.3174 ], [ -3.617, 40.3162 ], [ -3.6171, 40.3155 ], [ -3.6177, 40.3145 ], [ -3.618, 40.3137 ], [ -3.6182, 40.3124 ], [ -3.6186, 40.3116 ], [ -3.619, 40.3112 ], [ -3.6209, 40.3111 ], [ -3.6223, 40.3096 ], [ -3.624, 40.3081 ], [ -3.6282, 40.305 ], [ -3.6249, 40.3025 ], [ -3.6214, 40.299 ], [ -3.6201, 40.2976 ], [ -3.6193, 40.2965 ], [ -3.618, 40.2958 ], [ -3.6177, 40.2954 ], [ -3.6156, 40.2893 ], [ -3.6156, 40.2887 ], [ -3.6159, 40.2876 ], [ -3.6158, 40.2864 ], [ -3.6154, 40.2856 ], [ -3.6139, 40.2838 ], [ -3.6128, 40.2828 ], [ -3.6101, 40.2813 ], [ -3.6087, 40.2802 ], [ -3.606, 40.279 ], [ -3.6055, 40.2784 ], [ -3.6048, 40.2766 ], [ -3.6041, 40.276 ], [ -3.6028, 40.2759 ], [ -3.6024, 40.2757 ], [ -3.6021, 40.2751 ], [ -3.6021, 40.2743 ], [ -3.6013, 40.2738 ], [ -3.6004, 40.2735 ], [ -3.6, 40.2729 ], [ -3.5997, 40.2721 ], [ -3.5975, 40.2729 ], [ -3.5966, 40.2736 ], [ -3.5948, 40.2742 ], [ -3.5962, 40.2762 ], [ -3.5961, 40.2792 ], [ -3.5966, 40.285 ], [ -3.5959, 40.2853 ], [ -3.5942, 40.2855 ], [ -3.5929, 40.2844 ], [ -3.5918, 40.2838 ], [ -3.588, 40.2843 ], [ -3.5875, 40.2848 ], [ -3.5858, 40.2852 ], [ -3.585, 40.2846 ], [ -3.5837, 40.2853 ], [ -3.5832, 40.2854 ], [ -3.5823, 40.2853 ], [ -3.5812, 40.2858 ], [ -3.5812, 40.2864 ], [ -3.581, 40.287 ], [ -3.5805, 40.287 ], [ -3.5788, 40.2864 ], [ -3.5771, 40.2873 ], [ -3.5769, 40.2873 ], [ -3.5758, 40.2881 ], [ -3.5753, 40.2881 ], [ -3.5749, 40.2876 ], [ -3.5743, 40.2876 ], [ -3.5741, 40.2877 ], [ -3.574, 40.288 ], [ -3.5734, 40.288 ], [ -3.573, 40.2879 ], [ -3.5715, 40.2871 ], [ -3.5711, 40.2881 ], [ -3.571, 40.2888 ], [ -3.5713, 40.2909 ], [ -3.571, 40.2909 ], [ -3.571, 40.291 ], [ -3.5703, 40.2913 ], [ -3.5701, 40.2917 ], [ -3.57, 40.2917 ], [ -3.5701, 40.2922 ], [ -3.5716, 40.2937 ], [ -3.5732, 40.2957 ], [ -3.5746, 40.298 ], [ -3.5756, 40.3009 ], [ -3.5759, 40.3047 ], [ -3.5758, 40.3079 ], [ -3.5771, 40.3117 ], [ -3.5761, 40.3149 ], [ -3.578, 40.3139 ], [ -3.5807, 40.3138 ], [ -3.5835, 40.3133 ], [ -3.5874, 40.3128 ], [ -3.5983, 40.3121 ] ] ] } },
{ "type": "Feature", "properties": { "municipio": "Getafe", "clasificacion": "no-urbanizable-protegido", "calificacion": "sin-asignar", "version": "vigente", "fuente": "SIT-CAM WFS — UsoDelSuelo:VPLA_V_CLASIFICACION (https://idem.comunidad.madrid/geosrvg/ows)", "fecha_dato": "2026-05-12", "ambito": "54807", "_raw_CD_SIGLAS": "SNUP_A", "_raw_DS_CLASIF_GEN": "Suelo No Urbanizable Protegido (APLAZADO)", "_raw_DS_CLASIF_DET": "Suelo No Urbanizable de Protección 2 Parque Regional", "_raw_DS_DOCU": "PLAN GENERAL", "_raw_DS_LEY": "CM Ley 9/2001, E Ley 6/1998", "_raw_FC_AC": "2003-10-09", "_raw_NM_AREA_M2": 3079850.2326332, "_cam_code": "065" }, "geometry": { "type": "Polygon", "coordinates": [ [ [ -3.6476, 40.3324 ], [ -3.6492, 40.3334 ], [ -3.6493, 40.3329 ], [ -3.6495, 40.3326 ], [ -3.65, 40.3324 ], [ -3.65, 40.3323 ], [ -3.6503, 40.3324 ], [ -3.6512, 40.3319 ], [ -3.6497, 40.3294 ], [ -3.6487, 40.3266 ], [ -3.6483, 40.3248 ], [ -3.6482, 40.322 ], [ -3.6472, 40.3215 ], [ -3.6467, 40.3214 ], [ -3.6458, 40.3207 ], [ -3.6445, 40.3201 ], [ -3.6424, 40.3214 ], [ -3.6413, 40.3204 ], [ -3.6409, 40.3206 ], [ -3.6395, 40.3199 ], [ -3.6394, 40.3198 ], [ -3.6397, 40.3193 ], [ -3.6394, 40.319 ], [ -3.6388, 40.3187 ], [ -3.639, 40.3186 ], [ -3.6389, 40.3185 ], [ -3.6409, 40.3173 ], [ -3.6408, 40.3171 ], [ -3.6397, 40.3162 ], [ -3.6379, 40.3151 ], [ -3.6349, 40.3127 ], [ -3.6297, 40.3071 ], [ -3.6288, 40.3055 ], [ -3.6244, 40.3088 ], [ -3.6221, 40.3109 ], [ -3.6214, 40.3114 ], [ -3.6196, 40.3119 ], [ -3.6183, 40.3156 ], [ -3.6173, 40.3173 ], [ -3.6165, 40.3179 ], [ -3.6203, 40.3192 ], [ -3.6235, 40.3198 ], [ -3.6247, 40.3204 ], [ -3.626, 40.3192 ], [ -3.6289, 40.3201 ], [ -3.6303, 40.3207 ], [ -3.6315, 40.3213 ], [ -3.6332, 40.3225 ], [ -3.6352, 40.324 ], [ -3.635, 40.3242 ], [ -3.6357, 40.3248 ], [ -3.6372, 40.3257 ], [ -3.6389, 40.3269 ], [ -3.639, 40.3271 ], [ -3.6404, 40.328 ], [ -3.6414, 40.3283 ], [ -3.6421, 40.3288 ], [ -3.6428, 40.3291 ], [ -3.6444, 40.3307 ], [ -3.6476, 40.3324 ] ] ] } },
{ "type": "Feature", "properties": { "municipio": "Getafe", "clasificacion": "urbanizable-no-sectorizado", "calificacion": "sin-asignar", "version": "vigente", "fuente": "SIT-CAM WFS — UsoDelSuelo:VPLA_V_CLASIFICACION (https://idem.comunidad.madrid/geosrvg/ows)", "fecha_dato": "2026-05-12", "ambito": "54807", "_raw_CD_SIGLAS": "SUBNS_A", "_raw_DS_CLASIF_GEN": "Suelo Urbanizable No Sectorizado (APLAZADO)", "_raw_DS_CLASIF_DET": "Suelo Urbanizable No Sectorizado", "_raw_DS_DOCU": "PLAN GENERAL", "_raw_DS_LEY": "CM Ley 9/2001, E Ley 6/1998", "_raw_FC_AC": "2003-10-09", "_raw_NM_AREA_M2": 5212159.3972746404, "_cam_code": "065" }, "geometry": { "type": "Polygon", "coordinates": [ [ [ -3.629, 40.3054 ], [ -3.6299, 40.307 ], [ -3.6351, 40.3127 ], [ -3.6387, 40.3154 ], [ -3.6401, 40.3161 ], [ -3.6422, 40.3182 ], [ -3.6426, 40.3181 ], [ -3.6433, 40.3176 ], [ -3.6446, 40.317 ], [ -3.6446, 40.3166 ], [ -3.6449, 40.3165 ], [ -3.6449, 40.3164 ], [ -3.6452, 40.3164 ], [ -3.6455, 40.3166 ], [ -3.6456, 40.3169 ], [ -3.647, 40.3176 ], [ -3.6473, 40.3172 ], [ -3.6472, 40.3171 ], [ -3.6493, 40.3126 ], [ -3.65, 40.3114 ], [ -3.6532, 40.3072 ], [ -3.6534, 40.3066 ], [ -3.6545, 40.3061 ], [ -3.6577, 40.3042 ], [ -3.6577, 40.3041 ], [ -3.6584, 40.3038 ], [ -3.6615, 40.3017 ], [ -3.6629, 40.3006 ], [ -3.6638, 40.3001 ], [ -3.6639, 40.2999 ], [ -3.6649, 40.2993 ], [ -3.6727, 40.2937 ], [ -3.6742, 40.2925 ], [ -3.6753, 40.2913 ], [ -3.675, 40.2913 ], [ -3.6749, 40.2915 ], [ -3.6736, 40.2915 ], [ -3.6727, 40.2908 ], [ -3.6717, 40.2905 ], [ -3.6692, 40.2908 ], [ -3.6674, 40.2906 ], [ -3.6666, 40.2907 ], [ -3.6657, 40.2909 ], [ -3.6638, 40.2917 ], [ -3.6625, 40.2921 ], [ -3.6587, 40.292 ], [ -3.6575, 40.2917 ], [ -3.6575, 40.2918 ], [ -3.6565, 40.292 ], [ -3.6544, 40.2933 ], [ -3.6524, 40.2941 ], [ -3.6484, 40.2947 ], [ -3.6462, 40.2946 ], [ -3.6434, 40.295 ], [ -3.6409, 40.2963 ], [ -3.6395, 40.2972 ], [ -3.6364, 40.2999 ], [ -3.636, 40.3 ], [ -3.6353, 40.3007 ], [ -3.6348, 40.3009 ], [ -3.6327, 40.3024 ], [ -3.631, 40.3039 ], [ -3.629, 40.3054 ] ] ] } },
{ "type": "Feature", "properties": { "municipio": "Getafe", "clasificacion": "urbanizable-no-sectorizado", "calificacion": "sin-asignar", "version": "vigente", "fuente": "SIT-CAM WFS — UsoDelSuelo:VPLA_V_CLASIFICACION (https://idem.comunidad.madrid/geosrvg/ows)", "fecha_dato": "2026-05-12", "ambito": "54807", "_raw_CD_SIGLAS": "SUBNS_A", "_raw_DS_CLASIF_GEN": "Suelo Urbanizable No Sectorizado (APLAZADO)", "_raw_DS_CLASIF_DET": "Suelo Urbanizable No Sectorizado", "_raw_DS_DOCU": "PLAN GENERAL", "_raw_DS_LEY": "CM Ley 9/2001, E Ley 6/1998", "_raw_FC_AC": "2003-10-09", "_raw_NM_AREA_M2": 1410053.0828315101, "_cam_code": "065" }, "geometry": { "type": "Polygon", "coordinates": [ [ [ -3.649, 40.3187 ], [ -3.6589, 40.3188 ], [ -3.6595, 40.3184 ], [ -3.6614, 40.3194 ], [ -3.6641, 40.3197 ], [ -3.6646, 40.3197 ], [ -3.6662, 40.3191 ], [ -3.6668, 40.319 ], [ -3.6688, 40.3253 ], [ -3.6687, 40.3254 ], [ -3.6694, 40.325 ], [ -3.6706, 40.325 ], [ -3.6706, 40.3239 ], [ -3.67, 40.3206 ], [ -3.6695, 40.3192 ], [ -3.6687, 40.3176 ], [ -3.6678, 40.3163 ], [ -3.6661, 40.3148 ], [ -3.6646, 40.3137 ], [ -3.6654, 40.3134 ], [ -3.6575, 40.3081 ], [ -3.6568, 40.3085 ], [ -3.6557, 40.3089 ], [ -3.654, 40.3108 ], [ -3.6494, 40.3168 ], [ -3.649, 40.3187 ] ] ] } },
{ "type": "Feature", "properties": { "municipio": "Getafe", "clasificacion": "urbanizable-no-sectorizado", "calificacion": "sin-asignar", "version": "vigente", "fuente": "SIT-CAM WFS — UsoDelSuelo:VPLA_V_CLASIFICACION (https://idem.comunidad.madrid/geosrvg/ows)", "fecha_dato": "2026-05-12", "ambito": "54807", "_raw_CD_SIGLAS": "SUBNS_A", "_raw_DS_CLASIF_GEN": "Suelo Urbanizable No Sectorizado (APLAZADO)", "_raw_DS_CLASIF_DET": "Suelo Urbanizable No Sectorizado", "_raw_DS_DOCU": "PLAN GENERAL", "_raw_DS_LEY": "CM Ley 9/2001, E Ley 6/1998", "_raw_FC_AC": "2003-10-09", "_raw_NM_AREA_M2": 185992.29057248999, "_cam_code": "065" }, "geometry": { "type": "Polygon", "coordinates": [ [ [ -3.7383, 40.281 ], [ -3.7391, 40.2811 ], [ -3.7428, 40.2824 ], [ -3.7428, 40.2825 ], [ -3.7437, 40.283 ], [ -3.7452, 40.2837 ], [ -3.7465, 40.2816 ], [ -3.7455, 40.281 ], [ -3.7439, 40.2806 ], [ -3.7434, 40.2806 ], [ -3.7428, 40.2799 ], [ -3.7407, 40.2788 ], [ -3.7393, 40.2787 ], [ -3.7393, 40.2786 ], [ -3.7387, 40.2785 ], [ -3.7385, 40.2786 ], [ -3.7383, 40.281 ] ] ] } },
{ "type": "Feature", "properties": { "municipio": "Getafe", "clasificacion": "urbanizable-no-sectorizado", "calificacion": "sin-asignar", "version": "vigente", "fuente": "SIT-CAM WFS — UsoDelSuelo:VPLA_V_CLASIFICACION (https://idem.comunidad.madrid/geosrvg/ows)", "fecha_dato": "2026-05-12", "ambito": "54807", "_raw_CD_SIGLAS": "SUBNS_A", "_raw_DS_CLASIF_GEN": "Suelo Urbanizable No Sectorizado (APLAZADO)", "_raw_DS_CLASIF_DET": "Suelo Urbanizable No Sectorizado", "_raw_DS_DOCU": "PLAN GENERAL", "_raw_DS_LEY": "CM Ley 9/2001, E Ley 6/1998", "_raw_FC_AC": "2003-10-09", "_raw_NM_AREA_M2": 217334.218757678, "_cam_code": "065" }, "geometry": { "type": "Polygon", "coordinates": [ [ [ -3.6796, 40.2914 ], [ -3.6834, 40.2915 ], [ -3.6858, 40.2911 ], [ -3.687, 40.2911 ], [ -3.6884, 40.2914 ], [ -3.6882, 40.2911 ], [ -3.6882, 40.2903 ], [ -3.6905, 40.2885 ], [ -3.6905, 40.2868 ], [ -3.6874, 40.2877 ], [ -3.6842, 40.289 ], [ -3.682, 40.29 ], [ -3.682, 40.2901 ], [ -3.6796, 40.2914 ] ] ] } },
{ "type": "Feature", "properties": { "municipio": "Getafe", "clasificacion": "urbanizable-no-sectorizado", "calificacion": "sin-asignar", "version": "vigente", "fuente": "SIT-CAM WFS — UsoDelSuelo:VPLA_V_CLASIFICACION (https://idem.comunidad.madrid/geosrvg/ows)", "fecha_dato": "2026-05-12", "ambito": "54807", "_raw_CD_SIGLAS": "SUBNS_A", "_raw_DS_CLASIF_GEN": "Suelo Urbanizable No Sectorizado (APLAZADO)", "_raw_DS_CLASIF_DET": "Suelo Urbanizable No Sectorizado", "_raw_DS_DOCU": "PLAN GENERAL", "_raw_DS_LEY": "CM Ley 9/2001, E Ley 6/1998", "_raw_FC_AC": "2003-10-09", "_raw_NM_AREA_M2": 307421.76127912599, "_cam_code": "065" }, "geometry": { "type": "Polygon", "coordinates": [ [ [ -3.7088, 40.2741 ], [ -3.7051, 40.2749 ], [ -3.7051, 40.2753 ], [ -3.7046, 40.277 ], [ -3.7047, 40.2775 ], [ -3.7044, 40.2778 ], [ -3.7043, 40.2783 ], [ -3.7044, 40.2797 ], [ -3.7043, 40.2798 ], [ -3.7045, 40.2798 ], [ -3.7045, 40.2802 ], [ -3.7042, 40.2808 ], [ -3.7042, 40.2813 ], [ -3.7088, 40.2784 ], [ -3.7109, 40.2766 ], [ -3.7129, 40.2744 ], [ -3.7134, 40.274 ], [ -3.7109, 40.2738 ], [ -3.7102, 40.2739 ], [ -3.7104, 40.274 ], [ -3.7101, 40.2741 ], [ -3.71, 40.274 ], [ -3.7088, 40.2741 ] ] ] } },
{ "type": "Feature", "properties": { "municipio": "Getafe", "clasificacion": "urbanizable-no-sectorizado", "calificacion": "sin-asignar", "version": "vigente", "fuente": "SIT-CAM WFS — UsoDelSuelo:VPLA_V_CLASIFICACION (https://idem.comunidad.madrid/geosrvg/ows)", "fecha_dato": "2026-05-12", "ambito": "54807", "_raw_CD_SIGLAS": "SUBNS_A", "_raw_DS_CLASIF_GEN": "Suelo Urbanizable No Sectorizado (APLAZADO)", "_raw_DS_CLASIF_DET": "Suelo Urbanizable No Sectorizado", "_raw_DS_DOCU": "PLAN GENERAL", "_raw_DS_LEY": "CM Ley 9/2001, E Ley 6/1998", "_raw_FC_AC": "2003-10-09", "_raw_NM_AREA_M2": 806587.69013833697, "_cam_code": "065" }, "geometry": { "type": "Polygon", "coordinates": [ [ [ -3.6653, 40.2843 ], [ -3.6635, 40.2857 ], [ -3.6632, 40.2864 ], [ -3.6632, 40.287 ], [ -3.6627, 40.2877 ], [ -3.6622, 40.288 ], [ -3.6621, 40.2884 ], [ -3.6616, 40.2884 ], [ -3.6603, 40.2888 ], [ -3.6591, 40.2895 ], [ -3.6584, 40.2905 ], [ -3.6584, 40.2908 ], [ -3.6578, 40.2916 ], [ -3.6587, 40.2917 ], [ -3.6596, 40.2917 ], [ -3.6597, 40.2916 ], [ -3.6607, 40.2918 ], [ -3.6625, 40.2917 ], [ -3.6627, 40.2918 ], [ -3.6636, 40.2915 ], [ -3.6649, 40.2908 ], [ -3.6669, 40.2902 ], [ -3.667, 40.2904 ], [ -3.6678, 40.2903 ], [ -3.669, 40.2904 ], [ -3.6696, 40.2902 ], [ -3.6714, 40.2901 ], [ -3.673, 40.2904 ], [ -3.6741, 40.291 ], [ -3.6755, 40.2911 ], [ -3.6779, 40.2884 ], [ -3.6773, 40.2878 ], [ -3.676, 40.2869 ], [ -3.6704, 40.2853 ], [ -3.6693, 40.2847 ], [ -3.6676, 40.2844 ], [ -3.6653, 40.2843 ] ] ] } },
{ "type": "Feature", "properties": { "municipio": "Getafe", "clasificacion": "urbanizable-no-sectorizado", "calificacion": "sin-asignar", "version": "vigente", "fuente": "SIT-CAM WFS — UsoDelSuelo:VPLA_V_CLASIFICACION (https://idem.comunidad.madrid/geosrvg/ows)", "fecha_dato": "2026-05-12", "ambito": "54807", "_raw_CD_SIGLAS": "SUBNS_A", "_raw_DS_CLASIF_GEN": "Suelo Urbanizable No Sectorizado (APLAZADO)", "_raw_DS_CLASIF_DET": "Suelo Urbanizable No Sectorizado", "_raw_DS_DOCU": "PLAN GENERAL", "_raw_DS_LEY": "CM Ley 9/2001, E Ley 6/1998", "_raw_FC_AC": "2003-10-09", "_raw_NM_AREA_M2": 3240417.79199469, "_cam_code": "065" }, "geometry": { "type": "Polygon", "coordinates": [ [ [ -3.7107, 40.2956 ], [ -3.7125, 40.2959 ], [ -3.714, 40.2957 ], [ -3.715, 40.2951 ], [ -3.7149, 40.2949 ], [ -3.7154, 40.2948 ], [ -3.7165, 40.2941 ], [ -3.7176, 40.293 ], [ -3.718, 40.2925 ], [ -3.7179, 40.2918 ], [ -3.7182, 40.2918 ], [ -3.7188, 40.2907 ], [ -3.7186, 40.2904 ], [ -3.7193, 40.2902 ], [ -3.7197, 40.2891 ], [ -3.7201, 40.289 ], [ -3.7201, 40.2889 ], [ -3.7205, 40.2887 ], [ -3.7214, 40.2878 ], [ -3.722, 40.2877 ], [ -3.7221, 40.2851 ], [ -3.7243, 40.285 ], [ -3.7241, 40.2839 ], [ -3.7239, 40.2835 ], [ -3.7239, 40.283 ], [ -3.724, 40.2828 ], [ -3.7246, 40.2828 ], [ -3.7248, 40.2824 ], [ -3.726, 40.2811 ], [ -3.7275, 40.2807 ], [ -3.7284, 40.2813 ], [ -3.7293, 40.2814 ], [ -3.7295, 40.2816 ], [ -3.7295, 40.2824 ], [ -3.7301, 40.2824 ], [ -3.7309, 40.2827 ], [ -3.7323, 40.2825 ], [ -3.7326, 40.2827 ], [ -3.7363, 40.2831 ], [ -3.7366, 40.2833 ], [ -3.7377, 40.2835 ], [ -3.738, 40.281 ], [ -3.7381, 40.2809 ], [ -3.7383, 40.2786 ], [ -3.7375, 40.2784 ], [ -3.7349, 40.2782 ], [ -3.7348, 40.2785 ], [ -3.7347, 40.2785 ], [ -3.7348, 40.2786 ], [ -3.7347, 40.2787 ], [ -3.7347, 40.2809 ], [ -3.7345, 40.2809 ], [ -3.7344, 40.2811 ], [ -3.7308, 40.2812 ], [ -3.7307, 40.2784 ], [ -3.7294, 40.2784 ], [ -3.7265, 40.278 ], [ -3.7261, 40.2781 ], [ -3.7244, 40.2775 ], [ -3.7243, 40.277 ], [ -3.7224, 40.2765 ], [ -3.7224, 40.2764 ], [ -3.7217, 40.2763 ], [ -3.7215, 40.2761 ], [ -3.7206, 40.2762 ], [ -3.7188, 40.2755 ], [ -3.7163, 40.2754 ], [ -3.7148, 40.2748 ], [ -3.714, 40.2743 ], [ -3.7118, 40.2769 ], [ -3.711, 40.2774 ], [ -3.7108, 40.2774 ], [ -3.7082, 40.2796 ], [ -3.7056, 40.2814 ], [ -3.7044, 40.2821 ], [ -3.7042, 40.2821 ], [ -3.7047, 40.285 ], [ -3.7048, 40.2853 ], [ -3.7049, 40.2853 ], [ -3.7049, 40.2862 ], [ -3.7051, 40.2864 ], [ -3.705, 40.2866 ], [ -3.705, 40.2875 ], [ -3.7061, 40.2946 ], [ -3.7107, 40.2956 ] ] ] } },
{ "type": "Feature", "properties": { "municipio": "Getafe", "clasificacion": "urbanizable-no-sectorizado", "calificacion": "sin-asignar", "version": "vigente", "fuente": "SIT-CAM WFS — UsoDelSuelo:VPLA_V_CLASIFICACION (https://idem.comunidad.madrid/geosrvg/ows)", "fecha_dato": "2026-05-12", "ambito": "54807", "_raw_CD_SIGLAS": "SUBNS_A", "_raw_DS_CLASIF_GEN": "Suelo Urbanizable No Sectorizado (APLAZADO)", "_raw_DS_CLASIF_DET": "Suelo Urbanizable No Sectorizado", "_raw_DS_DOCU": "PLAN GENERAL", "_raw_DS_LEY": "CM Ley 9/2001, E Ley 6/1998", "_raw_FC_AC": "2003-10-09", "_raw_NM_AREA_M2": 1720439.01645617, "_cam_code": "065" }, "geometry": { "type": "Polygon", "coordinates": [ [ [ -3.6175, 40.2941 ], [ -3.6182, 40.2956 ], [ -3.6195, 40.2964 ], [ -3.6203, 40.2975 ], [ -3.6248, 40.302 ], [ -3.6284, 40.3049 ], [ -3.636, 40.2992 ], [ -3.6388, 40.2967 ], [ -3.6405, 40.2958 ], [ -3.6426, 40.2949 ], [ -3.6426, 40.2947 ], [ -3.6439, 40.2943 ], [ -3.6461, 40.2942 ], [ -3.6467, 40.2936 ], [ -3.6459, 40.2931 ], [ -3.6449, 40.2929 ], [ -3.6453, 40.2927 ], [ -3.6438, 40.2923 ], [ -3.6427, 40.2914 ], [ -3.6419, 40.2915 ], [ -3.6416, 40.2917 ], [ -3.6369, 40.2918 ], [ -3.6294, 40.2929 ], [ -3.6175, 40.2941 ] ] ] } },
{ "type": "Feature", "properties": { "municipio": "Getafe", "clasificacion": "urbanizable-no-sectorizado", "calificacion": "sin-asignar", "version": "vigente", "fuente": "SIT-CAM WFS — UsoDelSuelo:VPLA_V_CLASIFICACION (https://idem.comunidad.madrid/geosrvg/ows)", "fecha_dato": "2026-05-12", "ambito": "54807", "_raw_CD_SIGLAS": "SUBNS_A", "_raw_DS_CLASIF_GEN": "Suelo Urbanizable No Sectorizado (APLAZADO)", "_raw_DS_CLASIF_DET": "Suelo Urbanizable No Sectorizado", "_raw_DS_DOCU": "PLAN GENERAL", "_raw_DS_LEY": "CM Ley 9/2001, E Ley 6/1998", "_raw_FC_AC": "2003-10-09", "_raw_NM_AREA_M2": 2431098.56924167, "_cam_code": "065" }, "geometry": { "type": "Polygon", "coordinates": [ [ [ -3.6792, 40.2916 ], [ -3.659, 40.3058 ], [ -3.6571, 40.3072 ], [ -3.6568, 40.3076 ], [ -3.6572, 40.3079 ], [ -3.6591, 40.3072 ], [ -3.6616, 40.307 ], [ -3.6638, 40.3061 ], [ -3.6663, 40.3047 ], [ -3.6671, 40.3044 ], [ -3.671, 40.3038 ], [ -3.6729, 40.3033 ], [ -3.6749, 40.3033 ], [ -3.6773, 40.3039 ], [ -3.6793, 40.3037 ], [ -3.681, 40.3039 ], [ -3.6823, 40.3039 ], [ -3.6826, 40.3037 ], [ -3.6867, 40.3033 ], [ -3.6885, 40.3029 ], [ -3.6914, 40.3028 ], [ -3.6912, 40.2981 ], [ -3.6907, 40.2981 ], [ -3.69, 40.2974 ], [ -3.6896, 40.2972 ], [ -3.689, 40.2965 ], [ -3.6881, 40.296 ], [ -3.6874, 40.2958 ], [ -3.687, 40.2955 ], [ -3.6872, 40.295 ], [ -3.6885, 40.2955 ], [ -3.6886, 40.2951 ], [ -3.6894, 40.2953 ], [ -3.6897, 40.2948 ], [ -3.691, 40.2953 ], [ -3.6908, 40.2919 ], [ -3.6895, 40.2918 ], [ -3.6867, 40.2913 ], [ -3.6866, 40.2914 ], [ -3.6856, 40.2914 ], [ -3.6838, 40.2917 ], [ -3.6792, 40.2916 ] ] ] } },
{ "type": "Feature", "properties": { "municipio": "Getafe", "clasificacion": "urbanizable-sectorizado", "calificacion": "sin-asignar", "version": "vigente", "fuente": "SIT-CAM WFS — UsoDelSuelo:VPLA_V_CLASIFICACION (https://idem.comunidad.madrid/geosrvg/ows)", "fecha_dato": "2026-05-12", "ambito": "54807", "_raw_CD_SIGLAS": "SUBS", "_raw_DS_CLASIF_GEN": "Suelo Urbanizable Programado (INCORPORADO)", "_raw_DS_CLASIF_DET": "Suelo Urbanizable Programado (INCORPORADO)", "_raw_DS_DOCU": "PLAN GENERAL", "_raw_DS_LEY": "CM Ley 9/2001, E Ley 6/1998", "_raw_FC_AC": "2003-10-09", "_raw_NM_AREA_M2": 42744.447134406299, "_cam_code": "065" }, "geometry": { "type": "Polygon", "coordinates": [ [ [ -3.6884, 40.2914 ], [ -3.6904, 40.2915 ], [ -3.6905, 40.2885 ], [ -3.6882, 40.2903 ], [ -3.6882, 40.2911 ], [ -3.6884, 40.2914 ] ] ] } },
{ "type": "Feature", "properties": { "municipio": "Getafe", "clasificacion": "urbanizable-sectorizado", "calificacion": "sin-asignar", "version": "vigente", "fuente": "SIT-CAM WFS — UsoDelSuelo:VPLA_V_CLASIFICACION (https://idem.comunidad.madrid/geosrvg/ows)", "fecha_dato": "2026-05-12", "ambito": "54807", "_raw_CD_SIGLAS": "SUBS", "_raw_DS_CLASIF_GEN": "Suelo Urbanizable Programado (INCORPORADO)", "_raw_DS_CLASIF_DET": "Suelo Urbanizable Programado (INCORPORADO)", "_raw_DS_DOCU": "PLAN GENERAL", "_raw_DS_LEY": "CM Ley 9/2001, E Ley 6/1998", "_raw_FC_AC": "2003-10-09", "_raw_NM_AREA_M2": 101997.294011841, "_cam_code": "065" }, "geometry": { "type": "Polygon", "coordinates": [ [ [ -3.7427, 40.2775 ], [ -3.7437, 40.2774 ], [ -3.7447, 40.2774 ], [ -3.7456, 40.2776 ], [ -3.7474, 40.2775 ], [ -3.7486, 40.2771 ], [ -3.7499, 40.276 ], [ -3.7484, 40.2754 ], [ -3.7481, 40.2759 ], [ -3.7479, 40.276 ], [ -3.7466, 40.2754 ], [ -3.7444, 40.2748 ], [ -3.7444, 40.2761 ], [ -3.7435, 40.2769 ], [ -3.7435, 40.2771 ], [ -3.7426, 40.2773 ], [ -3.7427, 40.2775 ] ] ] } },
{ "type": "Feature", "properties": { "municipio": "Getafe", "clasificacion": "urbanizable-sectorizado", "calificacion": "sin-asignar", "version": "vigente", "fuente": "SIT-CAM WFS — UsoDelSuelo:VPLA_V_CLASIFICACION (https://idem.comunidad.madrid/geosrvg/ows)", "fecha_dato": "2026-05-12", "ambito": "54807", "_raw_CD_SIGLAS": "SUBS", "_raw_DS_CLASIF_GEN": "Suelo Urbanizable Programado (INCORPORADO)", "_raw_DS_CLASIF_DET": "Suelo Urbanizable Programado (INCORPORADO)", "_raw_DS_DOCU": "PLAN GENERAL", "_raw_DS_LEY": "CM Ley 9/2001, E Ley 6/1998", "_raw_FC_AC": "2003-10-09", "_raw_NM_AREA_M2": 84000.208900263606, "_cam_code": "065" }, "geometry": { "type": "Polygon", "coordinates": [ [ [ -3.7393, 40.2786 ], [ -3.7393, 40.2787 ], [ -3.7407, 40.2788 ], [ -3.7428, 40.2799 ], [ -3.7434, 40.2806 ], [ -3.7439, 40.2806 ], [ -3.7455, 40.281 ], [ -3.7465, 40.2816 ], [ -3.7466, 40.2802 ], [ -3.7464, 40.2796 ], [ -3.7457, 40.2791 ], [ -3.7443, 40.2787 ], [ -3.7432, 40.2786 ], [ -3.74, 40.2785 ], [ -3.7399, 40.2786 ], [ -3.7393, 40.2786 ] ] ] } },
{ "type": "Feature", "properties": { "municipio": "Getafe", "clasificacion": "urbanizable-sectorizado", "calificacion": "sin-asignar", "version": "vigente", "fuente": "SIT-CAM WFS — UsoDelSuelo:VPLA_V_CLASIFICACION (https://idem.comunidad.madrid/geosrvg/ows)", "fecha_dato": "2026-05-12", "ambito": "54807", "_raw_CD_SIGLAS": "SUBS", "_raw_DS_CLASIF_GEN": "Suelo Urbanizable Programado (INCORPORADO)", "_raw_DS_CLASIF_DET": "Suelo Urbanizable Programado (INCORPORADO)", "_raw_DS_DOCU": "PLAN GENERAL", "_raw_DS_LEY": "CM Ley 9/2001, E Ley 6/1998", "_raw_FC_AC": "2003-10-09", "_raw_NM_AREA_M2": 1087051.5635689199, "_cam_code": "065" }, "geometry": { "type": "Polygon", "coordinates": [ [ [ -3.6917, 40.2919 ], [ -3.695, 40.2925 ], [ -3.697, 40.2927 ], [ -3.6982, 40.2931 ], [ -3.7022, 40.2939 ], [ -3.7025, 40.294 ], [ -3.7025, 40.2941 ], [ -3.7058, 40.2947 ], [ -3.7038, 40.2822 ], [ -3.6997, 40.284 ], [ -3.6941, 40.2859 ], [ -3.6913, 40.2866 ], [ -3.6917, 40.2919 ] ] ] } },
{ "type": "Feature", "properties": { "municipio": "Getafe", "clasificacion": "urbanizable-sectorizado", "calificacion": "sin-asignar", "version": "vigente", "fuente": "SIT-CAM WFS — UsoDelSuelo:VPLA_V_CLASIFICACION (https://idem.comunidad.madrid/geosrvg/ows)", "fecha_dato": "2026-05-12", "ambito": "54807", "_raw_CD_SIGLAS": "SUBS", "_raw_DS_CLASIF_GEN": "Suelo Urbanizable Programado (INCORPORADO)", "_raw_DS_CLASIF_DET": "Suelo Urbanizable Programado (INCORPORADO)", "_raw_DS_DOCU": "PLAN GENERAL", "_raw_DS_LEY": "CM Ley 9/2001, E Ley 6/1998", "_raw_FC_AC": "2003-10-09", "_raw_NM_AREA_M2": 168141.49490563301, "_cam_code": "065" }, "geometry": { "type": "Polygon", "coordinates": [ [ [ -3.6431, 40.3194 ], [ -3.6458, 40.3207 ], [ -3.6467, 40.3214 ], [ -3.6472, 40.3215 ], [ -3.648, 40.3219 ], [ -3.6479, 40.3217 ], [ -3.6479, 40.3203 ], [ -3.6485, 40.3185 ], [ -3.6456, 40.3169 ], [ -3.6455, 40.3166 ], [ -3.6452, 40.3164 ], [ -3.6449, 40.3164 ], [ -3.6449, 40.3165 ], [ -3.6446, 40.3166 ], [ -3.6446, 40.317 ], [ -3.6433, 40.3176 ], [ -3.6426, 40.3181 ], [ -3.642, 40.3183 ], [ -3.6431, 40.3194 ] ] ] } },
{ "type": "Feature", "properties": { "municipio": "Getafe", "clasificacion": "urbanizable-sectorizado", "calificacion": "sin-asignar", "version": "vigente", "fuente": "SIT-CAM WFS — UsoDelSuelo:VPLA_V_CLASIFICACION (https://idem.comunidad.madrid/geosrvg/ows)", "fecha_dato": "2026-05-12", "ambito": "54807", "_raw_CD_SIGLAS": "SUBS", "_raw_DS_CLASIF_GEN": "Suelo Urbanizable Programado (INCORPORADO)", "_raw_DS_CLASIF_DET": "Suelo Urbanizable Programado (INCORPORADO)", "_raw_DS_DOCU": "PLAN GENERAL", "_raw_DS_LEY": "CM Ley 9/2001, E Ley 6/1998", "_raw_FC_AC": "2003-10-09", "_raw_NM_AREA_M2": 762935.018448291, "_cam_code": "065" }, "geometry": { "type": "Polygon", "coordinates": [ [ [ -3.7309, 40.3224 ], [ -3.7328, 40.3237 ], [ -3.7336, 40.3239 ], [ -3.7343, 40.3239 ], [ -3.735, 40.3238 ], [ -3.7355, 40.3235 ], [ -3.736, 40.3234 ], [ -3.7363, 40.3232 ], [ -3.7364, 40.3229 ], [ -3.7372, 40.3228 ], [ -3.7382, 40.324 ], [ -3.7387, 40.3242 ], [ -3.7386, 40.3245 ], [ -3.7412, 40.3254 ], [ -3.7415, 40.3252 ], [ -3.7419, 40.3244 ], [ -3.7423, 40.3232 ], [ -3.7424, 40.3232 ], [ -3.7447, 40.3176 ], [ -3.7412, 40.3175 ], [ -3.7407, 40.3174 ], [ -3.7409, 40.3172 ], [ -3.7392, 40.3171 ], [ -3.7393, 40.3164 ], [ -3.7407, 40.3165 ], [ -3.7402, 40.3161 ], [ -3.7401, 40.315 ], [ -3.74, 40.315 ], [ -3.7398, 40.3144 ], [ -3.7398, 40.3143 ], [ -3.7402, 40.3143 ], [ -3.7402, 40.3142 ], [ -3.7381, 40.3141 ], [ -3.7374, 40.3148 ], [ -3.7371, 40.3153 ], [ -3.7366, 40.3157 ], [ -3.7348, 40.3179 ], [ -3.7345, 40.3183 ], [ -3.7344, 40.319 ], [ -3.7344, 40.3189 ], [ -3.7341, 40.3188 ], [ -3.7311, 40.3221 ], [ -3.7309, 40.3224 ] ] ] } },
{ "type": "Feature", "properties": { "municipio": "Getafe", "clasificacion": "urbanizable-sectorizado", "calificacion": "sin-asignar", "version": "vigente", "fuente": "SIT-CAM WFS — UsoDelSuelo:VPLA_V_CLASIFICACION (https://idem.comunidad.madrid/geosrvg/ows)", "fecha_dato": "2026-05-12", "ambito": "54807", "_raw_CD_SIGLAS": "SUBS", "_raw_DS_CLASIF_GEN": "Suelo Urbanizable Programado (INCORPORADO)", "_raw_DS_CLASIF_DET": "Suelo Urbanizable Programado (INCORPORADO)", "_raw_DS_DOCU": "PLAN GENERAL", "_raw_DS_LEY": "CM Ley 9/2001, E Ley 6/1998", "_raw_FC_AC": "2003-10-09", "_raw_NM_AREA_M2": 165235.233168768, "_cam_code": "065" }, "geometry": { "type": "Polygon", "coordinates": [ [ [ -3.751, 40.2764 ], [ -3.7509, 40.2776 ], [ -3.7515, 40.279 ], [ -3.7521, 40.2796 ], [ -3.7532, 40.2803 ], [ -3.7559, 40.2824 ], [ -3.7576, 40.2841 ], [ -3.7571, 40.2831 ], [ -3.7549, 40.2775 ], [ -3.7526, 40.277 ], [ -3.7522, 40.2767 ], [ -3.751, 40.2764 ] ] ] } },
{ "type": "Feature", "properties": { "municipio": "Getafe", "clasificacion": "urbanizable-sectorizado", "calificacion": "sin-asignar", "version": "vigente", "fuente": "SIT-CAM WFS — UsoDelSuelo:VPLA_V_CLASIFICACION (https://idem.comunidad.madrid/geosrvg/ows)", "fecha_dato": "2026-05-12", "ambito": "54807", "_raw_CD_SIGLAS": "SUBS", "_raw_DS_CLASIF_GEN": "Suelo Urbanizable Programado (INCORPORADO)", "_raw_DS_CLASIF_DET": "Suelo Urbanizable Programado (INCORPORADO)", "_raw_DS_DOCU": "PLAN GENERAL", "_raw_DS_LEY": "CM Ley 9/2001, E Ley 6/1998", "_raw_FC_AC": "2003-10-09", "_raw_NM_AREA_M2": 502853.56028036203, "_cam_code": "065" }, "geometry": { "type": "Polygon", "coordinates": [ [ [ -3.7277, 40.3315 ], [ -3.7289, 40.3326 ], [ -3.7296, 40.3329 ], [ -3.732, 40.3318 ], [ -3.7344, 40.3298 ], [ -3.7331, 40.3299 ], [ -3.733, 40.3297 ], [ -3.7337, 40.3294 ], [ -3.7337, 40.3286 ], [ -3.7341, 40.3285 ], [ -3.734, 40.328 ], [ -3.7338, 40.3278 ], [ -3.7338, 40.3275 ], [ -3.7339, 40.3275 ], [ -3.7339, 40.3269 ], [ -3.7341, 40.3267 ], [ -3.7342, 40.3263 ], [ -3.7346, 40.324 ], [ -3.7317, 40.3241 ], [ -3.7299, 40.3239 ], [ -3.7295, 40.324 ], [ -3.7292, 40.3243 ], [ -3.7282, 40.3256 ], [ -3.7273, 40.3265 ], [ -3.7262, 40.3281 ], [ -3.7262, 40.3288 ], [ -3.7267, 40.3306 ], [ -3.7276, 40.3316 ], [ -3.7277, 40.3315 ] ] ] } },
{ "type": "Feature", "properties": { "municipio": "Getafe", "clasificacion": "urbanizable-sectorizado", "calificacion": "sin-asignar", "version": "vigente", "fuente": "SIT-CAM WFS — UsoDelSuelo:VPLA_V_CLASIFICACION (https://idem.comunidad.madrid/geosrvg/ows)", "fecha_dato": "2026-05-12", "ambito": "54807", "_raw_CD_SIGLAS": "SUBS", "_raw_DS_CLASIF_GEN": "Suelo Urbanizable Programado (INCORPORADO)", "_raw_DS_CLASIF_DET": "Suelo Urbanizable Programado (INCORPORADO)", "_raw_DS_DOCU": "PLAN GENERAL", "_raw_DS_LEY": "CM Ley 9/2001, E Ley 6/1998", "_raw_FC_AC": "2003-10-09", "_raw_NM_AREA_M2": 45595.428759622999, "_cam_code": "065" }, "geometry": { "type": "Polygon", "coordinates": [ [ [ -3.6584, 40.3259 ], [ -3.6596, 40.326 ], [ -3.6614, 40.3256 ], [ -3.6615, 40.3254 ], [ -3.6619, 40.3253 ], [ -3.6596, 40.3242 ], [ -3.6596, 40.3241 ], [ -3.6579, 40.3248 ], [ -3.6574, 40.3256 ], [ -3.6584, 40.3259 ] ] ] } },
{ "type": "Feature", "properties": { "municipio": "Getafe", "clasificacion": "urbanizable-sectorizado", "calificacion": "sin-asignar", "version": "vigente", "fuente": "SIT-CAM WFS — UsoDelSuelo:VPLA_V_CLASIFICACION (https://idem.comunidad.madrid/geosrvg/ows)", "fecha_dato": "2026-05-12", "ambito": "54807", "_raw_CD_SIGLAS": "SUBS", "_raw_DS_CLASIF_GEN": "Suelo Urbanizable Programado (INCORPORADO)", "_raw_DS_CLASIF_DET": "Suelo Urbanizable Programado (INCORPORADO)", "_raw_DS_DOCU": "PLAN GENERAL", "_raw_DS_LEY": "CM Ley 9/2001, E Ley 6/1998", "_raw_FC_AC": "2003-10-09", "_raw_NM_AREA_M2": 746483.03664375399, "_cam_code": "065" }, "geometry": { "type": "Polygon", "coordinates": [ [ [ -3.6785, 40.3264 ], [ -3.6793, 40.3264 ], [ -3.6802, 40.326 ], [ -3.6806, 40.3255 ], [ -3.6809, 40.3247 ], [ -3.6821, 40.3238 ], [ -3.6824, 40.3237 ], [ -3.6824, 40.3236 ], [ -3.6834, 40.3234 ], [ -3.6835, 40.3231 ], [ -3.6814, 40.3194 ], [ -3.6813, 40.3184 ], [ -3.6811, 40.3183 ], [ -3.6796, 40.3163 ], [ -3.6796, 40.3139 ], [ -3.6795, 40.3139 ], [ -3.6796, 40.313 ], [ -3.6742, 40.3121 ], [ -3.6733, 40.3126 ], [ -3.6734, 40.3127 ], [ -3.6739, 40.3173 ], [ -3.674, 40.3191 ], [ -3.6743, 40.319 ], [ -3.6745, 40.3195 ], [ -3.6747, 40.3194 ], [ -3.6747, 40.3201 ], [ -3.6749, 40.3204 ], [ -3.6766, 40.3217 ], [ -3.6775, 40.3233 ], [ -3.6779, 40.3254 ], [ -3.6785, 40.3264 ] ] ] } },
{ "type": "Feature", "properties": { "municipio": "Getafe", "clasificacion": "urbanizable-sectorizado", "calificacion": "sin-asignar", "version": "vigente", "fuente": "SIT-CAM WFS — UsoDelSuelo:VPLA_V_CLASIFICACION (https://idem.comunidad.madrid/geosrvg/ows)", "fecha_dato": "2026-05-12", "ambito": "54807", "_raw_CD_SIGLAS": "SUBS", "_raw_DS_CLASIF_GEN": "Suelo Urbanizable Programado (INCORPORADO)", "_raw_DS_CLASIF_DET": "Suelo Urbanizable Programado (INCORPORADO)", "_raw_DS_DOCU": "PLAN GENERAL", "_raw_DS_LEY": "CM Ley 9/2001, E Ley 6/1998", "_raw_FC_AC": "2003-10-09", "_raw_NM_AREA_M2": 814437.85201050702, "_cam_code": "065" }, "geometry": { "type": "Polygon", "coordinates": [ [ [ -3.6599, 40.3279 ], [ -3.66, 40.3278 ], [ -3.6616, 40.3279 ], [ -3.6631, 40.3289 ], [ -3.6634, 40.329 ], [ -3.6638, 40.3289 ], [ -3.6639, 40.329 ], [ -3.665, 40.3285 ], [ -3.6653, 40.3281 ], [ -3.6663, 40.3276 ], [ -3.6668, 40.3271 ], [ -3.6672, 40.3264 ], [ -3.6681, 40.3259 ], [ -3.6683, 40.3256 ], [ -3.6688, 40.3253 ], [ -3.6668, 40.319 ], [ -3.6662, 40.3191 ], [ -3.6646, 40.3197 ], [ -3.6641, 40.3197 ], [ -3.6614, 40.3194 ], [ -3.6595, 40.3184 ], [ -3.6589, 40.3188 ], [ -3.649, 40.3187 ], [ -3.6487, 40.3198 ], [ -3.6486, 40.3222 ], [ -3.6489, 40.3224 ], [ -3.6489, 40.3244 ], [ -3.649, 40.3246 ], [ -3.6493, 40.3247 ], [ -3.6499, 40.3241 ], [ -3.651, 40.3238 ], [ -3.6513, 40.3234 ], [ -3.6521, 40.3238 ], [ -3.6536, 40.323 ], [ -3.6541, 40.323 ], [ -3.6549, 40.3234 ], [ -3.6554, 40.3228 ], [ -3.6563, 40.3231 ], [ -3.6583, 40.3216 ], [ -3.6602, 40.3217 ], [ -3.6614, 40.3215 ], [ -3.6624, 40.3219 ], [ -3.6623, 40.3224 ], [ -3.6636, 40.3225 ], [ -3.664, 40.3222 ], [ -3.6638, 40.3223 ], [ -3.664, 40.3218 ], [ -3.6663, 40.3211 ], [ -3.6663, 40.3213 ], [ -3.6667, 40.322 ], [ -3.6666, 40.3231 ], [ -3.6657, 40.3246 ], [ -3.6655, 40.3246 ], [ -3.6654, 40.3249 ], [ -3.6652, 40.3249 ], [ -3.6644, 40.3262 ], [ -3.6645, 40.3263 ], [ -3.6641, 40.3268 ], [ -3.6636, 40.3273 ], [ -3.662, 40.3276 ], [ -3.6618, 40.3275 ], [ -3.6617, 40.3276 ], [ -3.6611, 40.3274 ], [ -3.6612, 40.3273 ], [ -3.6595, 40.3265 ], [ -3.6594, 40.3264 ], [ -3.6595, 40.3262 ], [ -3.6592, 40.3262 ], [ -3.6592, 40.3264 ], [ -3.6599, 40.3274 ], [ -3.6599, 40.3279 ] ] ] } },
{ "type": "Feature", "properties": { "municipio": "Getafe", "clasificacion": "urbanizable-sectorizado", "calificacion": "sin-asignar", "version": "vigente", "fuente": "SIT-CAM WFS — UsoDelSuelo:VPLA_V_CLASIFICACION (https://idem.comunidad.madrid/geosrvg/ows)", "fecha_dato": "2026-05-12", "ambito": "54807", "_raw_CD_SIGLAS": "SUBS", "_raw_DS_CLASIF_GEN": "Suelo Urbanizable Programado (INCORPORADO)", "_raw_DS_CLASIF_DET": "Suelo Urbanizable Programado (INCORPORADO)", "_raw_DS_DOCU": "PLAN GENERAL", "_raw_DS_LEY": "CM Ley 9/2001, E Ley 6/1998", "_raw_FC_AC": "2003-10-09", "_raw_NM_AREA_M2": 42042.087555433201, "_cam_code": "065" }, "geometry": { "type": "Polygon", "coordinates": [ [ [ -3.6562, 40.3266 ], [ -3.6582, 40.3276 ], [ -3.6588, 40.3284 ], [ -3.6598, 40.3279 ], [ -3.6597, 40.3279 ], [ -3.6596, 40.3274 ], [ -3.6591, 40.3267 ], [ -3.6583, 40.3261 ], [ -3.6568, 40.3256 ], [ -3.6562, 40.3266 ] ] ] } },
{ "type": "Feature", "properties": { "municipio": "Getafe", "clasificacion": "urbanizable-sectorizado", "calificacion": "sin-asignar", "version": "vigente", "fuente": "SIT-CAM WFS — UsoDelSuelo:VPLA_V_CLASIFICACION (https://idem.comunidad.madrid/geosrvg/ows)", "fecha_dato": "2026-05-12", "ambito": "54807", "_raw_CD_SIGLAS": "SUBS", "_raw_DS_CLASIF_GEN": "Suelo Urbanizable Programado (INCORPORADO)", "_raw_DS_CLASIF_DET": "Suelo Urbanizable Programado (INCORPORADO)", "_raw_DS_DOCU": "PLAN GENERAL", "_raw_DS_LEY": "CM Ley 9/2001, E Ley 6/1998", "_raw_FC_AC": "2003-10-09", "_raw_NM_AREA_M2": 2095279.1929029999, "_cam_code": "065" }, "geometry": { "type": "Polygon", "coordinates": [ [ [ -3.6773, 40.2878 ], [ -3.6788, 40.2891 ], [ -3.6813, 40.2902 ], [ -3.6848, 40.2884 ], [ -3.6886, 40.287 ], [ -3.6909, 40.2864 ], [ -3.6909, 40.2849 ], [ -3.6907, 40.2835 ], [ -3.6906, 40.281 ], [ -3.6879, 40.281 ], [ -3.6877, 40.2735 ], [ -3.6833, 40.2745 ], [ -3.6821, 40.2743 ], [ -3.6816, 40.2744 ], [ -3.6805, 40.2749 ], [ -3.6803, 40.2751 ], [ -3.6796, 40.2753 ], [ -3.6786, 40.2758 ], [ -3.6776, 40.2758 ], [ -3.6769, 40.2761 ], [ -3.6764, 40.2766 ], [ -3.675, 40.277 ], [ -3.674, 40.2777 ], [ -3.6721, 40.2808 ], [ -3.6726, 40.2807 ], [ -3.6728, 40.2811 ], [ -3.6726, 40.2819 ], [ -3.6717, 40.2822 ], [ -3.6707, 40.2823 ], [ -3.6698, 40.2832 ], [ -3.6699, 40.2836 ], [ -3.6703, 40.2839 ], [ -3.6676, 40.2836 ], [ -3.6656, 40.2841 ], [ -3.6653, 40.2843 ], [ -3.6676, 40.2844 ], [ -3.6693, 40.2847 ], [ -3.6704, 40.2853 ], [ -3.676, 40.2869 ], [ -3.6773, 40.2878 ] ] ] } },
{ "type": "Feature", "properties": { "municipio": "Getafe", "clasificacion": "urbanizable-sectorizado", "calificacion": "sin-asignar", "version": "vigente", "fuente": "SIT-CAM WFS — UsoDelSuelo:VPLA_V_CLASIFICACION (https://idem.comunidad.madrid/geosrvg/ows)", "fecha_dato": "2026-05-12", "ambito": "54807", "_raw_CD_SIGLAS": "SUBS_A", "_raw_DS_CLASIF_GEN": "Suelo Urbanizable Sectorizado (APLAZADO)", "_raw_DS_CLASIF_DET": "Suelo Urbanizable Sectorizado", "_raw_DS_DOCU": "PLAN GENERAL", "_raw_DS_LEY": "CM Ley 9/2001, E Ley 6/1998", "_raw_FC_AC": "2003-10-09", "_raw_NM_AREA_M2": 808764.93489825097, "_cam_code": "065" }, "geometry": { "type": "Polygon", "coordinates": [ [ [ -3.6734, 40.3258 ], [ -3.6745, 40.326 ], [ -3.6762, 40.326 ], [ -3.6768, 40.3263 ], [ -3.6785, 40.3264 ], [ -3.6779, 40.3254 ], [ -3.6775, 40.3233 ], [ -3.6766, 40.3217 ], [ -3.6749, 40.3204 ], [ -3.6747, 40.3201 ], [ -3.6747, 40.3194 ], [ -3.6745, 40.3195 ], [ -3.6743, 40.319 ], [ -3.674, 40.3191 ], [ -3.6739, 40.3173 ], [ -3.6734, 40.3127 ], [ -3.6733, 40.3126 ], [ -3.6742, 40.3121 ], [ -3.6729, 40.3121 ], [ -3.6695, 40.3124 ], [ -3.6662, 40.3131 ], [ -3.6646, 40.3137 ], [ -3.6672, 40.3157 ], [ -3.6678, 40.3163 ], [ -3.6687, 40.3176 ], [ -3.6695, 40.3192 ], [ -3.67, 40.3206 ], [ -3.6706, 40.3239 ], [ -3.6706, 40.325 ], [ -3.6709, 40.325 ], [ -3.6734, 40.3258 ] ] ] } },
{ "type": "Feature", "properties": { "municipio": "Getafe", "clasificacion": "urbanizable-sectorizado", "calificacion": "sin-asignar", "version": "vigente", "fuente": "SIT-CAM WFS — UsoDelSuelo:VPLA_V_CLASIFICACION (https://idem.comunidad.madrid/geosrvg/ows)", "fecha_dato": "2026-05-12", "ambito": "54807", "_raw_CD_SIGLAS": "SUBS_A", "_raw_DS_CLASIF_GEN": "Suelo Urbanizable Sectorizado (APLAZADO)", "_raw_DS_CLASIF_DET": "Suelo Urbanizable Sectorizado", "_raw_DS_DOCU": "PLAN GENERAL", "_raw_DS_LEY": "CM Ley 9/2001, E Ley 6/1998", "_raw_FC_AC": "2003-10-09", "_raw_NM_AREA_M2": 1298325.0206708901, "_cam_code": "065" }, "geometry": { "type": "Polygon", "coordinates": [ [ [ -3.7031, 40.3221 ], [ -3.7093, 40.3233 ], [ -3.7095, 40.3227 ], [ -3.7098, 40.3202 ], [ -3.7097, 40.3201 ], [ -3.7093, 40.3171 ], [ -3.7091, 40.3165 ], [ -3.7092, 40.3165 ], [ -3.7092, 40.3161 ], [ -3.7086, 40.3129 ], [ -3.708, 40.3132 ], [ -3.7077, 40.3137 ], [ -3.7068, 40.3142 ], [ -3.7058, 40.3141 ], [ -3.702, 40.3142 ], [ -3.7019, 40.3128 ], [ -3.7001, 40.313 ], [ -3.7001, 40.3132 ], [ -3.6986, 40.3133 ], [ -3.6988, 40.3139 ], [ -3.6967, 40.3145 ], [ -3.6926, 40.315 ], [ -3.6927, 40.3158 ], [ -3.6924, 40.3158 ], [ -3.6925, 40.3204 ], [ -3.693, 40.3201 ], [ -3.6962, 40.3222 ], [ -3.7, 40.3223 ], [ -3.7031, 40.3221 ] ] ] } },
{ "type": "Feature", "properties": { "municipio": "Getafe", "clasificacion": "urbanizable-sectorizado", "calificacion": "sin-asignar", "version": "vigente", "fuente": "SIT-CAM WFS — UsoDelSuelo:VPLA_V_CLASIFICACION (https://idem.comunidad.madrid/geosrvg/ows)", "fecha_dato": "2026-05-12", "ambito": "54807", "_raw_CD_SIGLAS": "SUBS_A", "_raw_DS_CLASIF_GEN": "Suelo Urbanizable Sectorizado (APLAZADO)", "_raw_DS_CLASIF_DET": "Suelo Urbanizable Sectorizado", "_raw_DS_DOCU": "PLAN GENERAL", "_raw_DS_LEY": "CM Ley 9/2001, E Ley 6/1998", "_raw_FC_AC": "2003-10-09", "_raw_NM_AREA_M2": 413460.06612312503, "_cam_code": "065" }, "geometry": { "type": "Polygon", "coordinates": [ [ [ -3.7027, 40.2807 ], [ -3.6909, 40.2811 ], [ -3.6913, 40.2863 ], [ -3.6917, 40.2861 ], [ -3.6949, 40.2854 ], [ -3.6981, 40.2844 ], [ -3.7015, 40.2828 ], [ -3.7017, 40.2828 ], [ -3.7034, 40.2818 ], [ -3.7039, 40.2817 ], [ -3.7038, 40.2808 ], [ -3.7027, 40.2807 ] ] ] } },
{ "type": "Feature", "properties": { "municipio": "Getafe", "clasificacion": "urbanizable-sectorizado", "calificacion": "sin-asignar", "version": "vigente", "fuente": "SIT-CAM WFS — UsoDelSuelo:VPLA_V_CLASIFICACION (https://idem.comunidad.madrid/geosrvg/ows)", "fecha_dato": "2026-05-12", "ambito": "54807", "_raw_CD_SIGLAS": "SUBS_A", "_raw_DS_CLASIF_GEN": "Suelo Urbanizable Sectorizado (APLAZADO)", "_raw_DS_CLASIF_DET": "Suelo Urbanizable Sectorizado", "_raw_DS_DOCU": "PLAN GENERAL", "_raw_DS_LEY": "CM Ley 9/2001, E Ley 6/1998", "_raw_FC_AC": "2003-10-09", "_raw_NM_AREA_M2": 1221375.3000369901, "_cam_code": "065" }, "geometry": { "type": "Polygon", "coordinates": [ [ [ -3.7479, 40.3016 ], [ -3.7481, 40.3039 ], [ -3.7478, 40.3055 ], [ -3.7481, 40.3056 ], [ -3.7473, 40.3067 ], [ -3.7473, 40.3073 ], [ -3.7474, 40.3076 ], [ -3.7474, 40.3095 ], [ -3.7475, 40.3096 ], [ -3.7477, 40.3113 ], [ -3.7481, 40.3126 ], [ -3.7481, 40.3131 ], [ -3.7482, 40.3131 ], [ -3.7481, 40.3132 ], [ -3.7482, 40.3138 ], [ -3.7519, 40.31 ], [ -3.7539, 40.3076 ], [ -3.7567, 40.3049 ], [ -3.755, 40.3042 ], [ -3.756, 40.3027 ], [ -3.7582, 40.3035 ], [ -3.7583, 40.3033 ], [ -3.7609, 40.3011 ], [ -3.7604, 40.3 ], [ -3.7612, 40.2968 ], [ -3.7612, 40.2964 ], [ -3.7613, 40.2964 ], [ -3.7615, 40.2951 ], [ -3.7593, 40.2954 ], [ -3.7577, 40.296 ], [ -3.7573, 40.2964 ], [ -3.7571, 40.2962 ], [ -3.7566, 40.2963 ], [ -3.751, 40.2982 ], [ -3.7505, 40.2986 ], [ -3.7492, 40.2993 ], [ -3.7484, 40.3001 ], [ -3.7481, 40.3007 ], [ -3.7479, 40.3016 ] ] ] } },
{ "type": "Feature", "properties": { "municipio": "Getafe", "clasificacion": "urbano-consolidado", "calificacion": "sin-asignar", "version": "vigente", "fuente": "SIT-CAM WFS — UsoDelSuelo:VPLA_V_CLASIFICACION (https://idem.comunidad.madrid/geosrvg/ows)", "fecha_dato": "2026-05-12", "ambito": "54807", "_raw_CD_SIGLAS": "SUC", "_raw_DS_CLASIF_GEN": "Suelo Urbano Consolidado", "_raw_DS_CLASIF_DET": "Suelo Urbano Consolidado", "_raw_DS_DOCU": "PLAN GENERAL", "_raw_DS_LEY": "CM Ley 9/2001, E Ley 6/1998", "_raw_FC_AC": "2003-10-09", "_raw_NM_AREA_M2": 29466.559220278501, "_cam_code": "065" }, "geometry": { "type": "Polygon", "coordinates": [ [ [ -3.7228, 40.3328 ], [ -3.7237, 40.3336 ], [ -3.7245, 40.3345 ], [ -3.7247, 40.3326 ], [ -3.7236, 40.3313 ], [ -3.7228, 40.3328 ] ] ] } },
{ "type": "Feature", "properties": { "municipio": "Getafe", "clasificacion": "urbano-consolidado", "calificacion": "sin-asignar", "version": "vigente", "fuente": "SIT-CAM WFS — UsoDelSuelo:VPLA_V_CLASIFICACION (https://idem.comunidad.madrid/geosrvg/ows)", "fecha_dato": "2026-05-12", "ambito": "54807", "_raw_CD_SIGLAS": "SUC", "_raw_DS_CLASIF_GEN": "Suelo Urbano Consolidado", "_raw_DS_CLASIF_DET": "Suelo Urbano Consolidado", "_raw_DS_DOCU": "PLAN GENERAL", "_raw_DS_LEY": "CM Ley 9/2001, E Ley 6/1998", "_raw_FC_AC": "2003-10-09", "_raw_NM_AREA_M2": 575496.04781487095, "_cam_code": "065" }, "geometry": { "type": "Polygon", "coordinates": [ [ [ -3.7048, 40.2678 ], [ -3.7051, 40.2724 ], [ -3.7074, 40.2724 ], [ -3.7079, 40.2722 ], [ -3.7082, 40.2724 ], [ -3.7087, 40.2725 ], [ -3.7096, 40.2724 ], [ -3.7142, 40.2726 ], [ -3.7149, 40.2724 ], [ -3.7178, 40.2698 ], [ -3.7191, 40.2688 ], [ -3.7182, 40.2686 ], [ -3.7163, 40.2679 ], [ -3.7151, 40.268 ], [ -3.7148, 40.2679 ], [ -3.7145, 40.2675 ], [ -3.714, 40.2673 ], [ -3.7117, 40.2669 ], [ -3.7107, 40.267 ], [ -3.7093, 40.2669 ], [ -3.7086, 40.2671 ], [ -3.7082, 40.2675 ], [ -3.7079, 40.2676 ], [ -3.7066, 40.2678 ], [ -3.7051, 40.2676 ], [ -3.7048, 40.2678 ] ] ] } },
{ "type": "Feature", "properties": { "municipio": "Getafe", "clasificacion": "urbano-consolidado", "calificacion": "sin-asignar", "version": "vigente", "fuente": "SIT-CAM WFS — UsoDelSuelo:VPLA_V_CLASIFICACION (https://idem.comunidad.madrid/geosrvg/ows)", "fecha_dato": "2026-05-12", "ambito": "54807", "_raw_CD_SIGLAS": "SUC", "_raw_DS_CLASIF_GEN": "Suelo Urbano Consolidado", "_raw_DS_CLASIF_DET": "Suelo Urbano Consolidado", "_raw_DS_DOCU": "PLAN GENERAL", "_raw_DS_LEY": "CM Ley 9/2001, E Ley 6/1998", "_raw_FC_AC": "2003-10-09", "_raw_NM_AREA_M2": 550802.00050342595, "_cam_code": "065" }, "geometry": { "type": "Polygon", "coordinates": [ [ [ -3.6919, 40.2701 ], [ -3.6922, 40.2733 ], [ -3.693, 40.2739 ], [ -3.6931, 40.2745 ], [ -3.6942, 40.2743 ], [ -3.698, 40.2732 ], [ -3.7004, 40.2727 ], [ -3.7045, 40.2724 ], [ -3.7043, 40.2678 ], [ -3.7038, 40.2679 ], [ -3.7031, 40.2676 ], [ -3.7023, 40.2677 ], [ -3.702, 40.2675 ], [ -3.7011, 40.2675 ], [ -3.7007, 40.2679 ], [ -3.6982, 40.2683 ], [ -3.6976, 40.2691 ], [ -3.6973, 40.2692 ], [ -3.6973, 40.2693 ], [ -3.6959, 40.2688 ], [ -3.6954, 40.2688 ], [ -3.6943, 40.269 ], [ -3.6932, 40.27 ], [ -3.6922, 40.2697 ], [ -3.6919, 40.2701 ] ] ] } },
{ "type": "Feature", "properties": { "municipio": "Getafe", "clasificacion": "urbano-consolidado", "calificacion": "sin-asignar", "version": "vigente", "fuente": "SIT-CAM WFS — UsoDelSuelo:VPLA_V_CLASIFICACION (https://idem.comunidad.madrid/geosrvg/ows)", "fecha_dato": "2026-05-12", "ambito": "54807", "_raw_CD_SIGLAS": "SUC", "_raw_DS_CLASIF_GEN": "Suelo Urbano Consolidado", "_raw_DS_CLASIF_DET": "Suelo Urbano Consolidado", "_raw_DS_DOCU": "PLAN GENERAL", "_raw_DS_LEY": "CM Ley 9/2001, E Ley 6/1998", "_raw_FC_AC": "2003-10-09", "_raw_NM_AREA_M2": 970281.18098960898, "_cam_code": "065" }, "geometry": { "type": "Polygon", "coordinates": [ [ [ -3.7194, 40.269 ], [ -3.7174, 40.2705 ], [ -3.7148, 40.273 ], [ -3.7176, 40.2732 ], [ -3.7202, 40.2736 ], [ -3.7243, 40.2751 ], [ -3.7266, 40.2762 ], [ -3.7281, 40.2767 ], [ -3.7302, 40.2772 ], [ -3.7327, 40.2775 ], [ -3.738, 40.2776 ], [ -3.7388, 40.2709 ], [ -3.7372, 40.2709 ], [ -3.7364, 40.2722 ], [ -3.7353, 40.2725 ], [ -3.7347, 40.2725 ], [ -3.7343, 40.2722 ], [ -3.7318, 40.2722 ], [ -3.7309, 40.2725 ], [ -3.7304, 40.2725 ], [ -3.7295, 40.2722 ], [ -3.7291, 40.2722 ], [ -3.7289, 40.2724 ], [ -3.7283, 40.2725 ], [ -3.7272, 40.2722 ], [ -3.7268, 40.2715 ], [ -3.7262, 40.2716 ], [ -3.7244, 40.2709 ], [ -3.7229, 40.2697 ], [ -3.7223, 40.2696 ], [ -3.7213, 40.2699 ], [ -3.7199, 40.2699 ], [ -3.7197, 40.2698 ], [ -3.7196, 40.2692 ], [ -3.7194, 40.269 ] ] ] } },
{ "type": "Feature", "properties": { "municipio": "Getafe", "clasificacion": "urbano-consolidado", "calificacion": "sin-asignar", "version": "vigente", "fuente": "SIT-CAM WFS — UsoDelSuelo:VPLA_V_CLASIFICACION (https://idem.comunidad.madrid/geosrvg/ows)", "fecha_dato": "2026-05-12", "ambito": "54807", "_raw_CD_SIGLAS": "SUC", "_raw_DS_CLASIF_GEN": "Suelo Urbano Consolidado", "_raw_DS_CLASIF_DET": "Suelo Urbano Consolidado", "_raw_DS_DOCU": "PLAN GENERAL", "_raw_DS_LEY": "CM Ley 9/2001, E Ley 6/1998", "_raw_FC_AC": "2003-10-09", "_raw_NM_AREA_M2": 641024.04523518996, "_cam_code": "065" }, "geometry": { "type": "Polygon", "coordinates": [ [ [ -3.7035, 40.2808 ], [ -3.7036, 40.2807 ], [ -3.7036, 40.2799 ], [ -3.7038, 40.2793 ], [ -3.7046, 40.2739 ], [ -3.7028, 40.2739 ], [ -3.7018, 40.274 ], [ -3.7007, 40.2743 ], [ -3.6993, 40.2744 ], [ -3.6984, 40.2746 ], [ -3.695, 40.276 ], [ -3.6933, 40.2771 ], [ -3.6932, 40.2779 ], [ -3.693, 40.2783 ], [ -3.6926, 40.2787 ], [ -3.6925, 40.279 ], [ -3.6916, 40.2799 ], [ -3.6916, 40.2811 ], [ -3.7022, 40.2807 ], [ -3.7035, 40.2808 ] ] ] } },
{ "type": "Feature", "properties": { "municipio": "Getafe", "clasificacion": "urbano-consolidado", "calificacion": "sin-asignar", "version": "vigente", "fuente": "SIT-CAM WFS — UsoDelSuelo:VPLA_V_CLASIFICACION (https://idem.comunidad.madrid/geosrvg/ows)", "fecha_dato": "2026-05-12", "ambito": "54807", "_raw_CD_SIGLAS": "SUC", "_raw_DS_CLASIF_GEN": "Suelo Urbano Consolidado", "_raw_DS_CLASIF_DET": "Suelo Urbano Consolidado", "_raw_DS_DOCU": "PLAN GENERAL", "_raw_DS_LEY": "CM Ley 9/2001, E Ley 6/1998", "_raw_FC_AC": "2003-10-09", "_raw_NM_AREA_M2": 427481.72987355897, "_cam_code": "065" }, "geometry": { "type": "Polygon", "coordinates": [ [ [ -3.6592, 40.3264 ], [ -3.6592, 40.3262 ], [ -3.6595, 40.3262 ], [ -3.6594, 40.3263 ], [ -3.6595, 40.3265 ], [ -3.6612, 40.3273 ], [ -3.6611, 40.3274 ], [ -3.6617, 40.3276 ], [ -3.6618, 40.3275 ], [ -3.662, 40.3276 ], [ -3.6636, 40.3273 ], [ -3.6645, 40.3263 ], [ -3.6644, 40.3262 ], [ -3.6652, 40.3249 ], [ -3.6654, 40.3249 ], [ -3.6655, 40.3246 ], [ -3.6657, 40.3246 ], [ -3.6666, 40.3231 ], [ -3.6667, 40.322 ], [ -3.6663, 40.3213 ], [ -3.6663, 40.3211 ], [ -3.664, 40.3218 ], [ -3.6638, 40.3223 ], [ -3.664, 40.3222 ], [ -3.6636, 40.3225 ], [ -3.6623, 40.3224 ], [ -3.6624, 40.3219 ], [ -3.6614, 40.3215 ], [ -3.6602, 40.3217 ], [ -3.6583, 40.3216 ], [ -3.6563, 40.3231 ], [ -3.6554, 40.3228 ], [ -3.6549, 40.3234 ], [ -3.6541, 40.323 ], [ -3.6536, 40.323 ], [ -3.6522, 40.3237 ], [ -3.6532, 40.3242 ], [ -3.6559, 40.3251 ], [ -3.6563, 40.3251 ], [ -3.6565, 40.3253 ], [ -3.6574, 40.3256 ], [ -3.6579, 40.3248 ], [ -3.6596, 40.3241 ], [ -3.6596, 40.3242 ], [ -3.6619, 40.3253 ], [ -3.6615, 40.3254 ], [ -3.6614, 40.3256 ], [ -3.6596, 40.326 ], [ -3.6584, 40.3259 ], [ -3.6588, 40.326 ], [ -3.6592, 40.3264 ] ] ] } },
{ "type": "Feature", "properties": { "municipio": "Getafe", "clasificacion": "urbano-consolidado", "calificacion": "sin-asignar", "version": "vigente", "fuente": "SIT-CAM WFS — UsoDelSuelo:VPLA_V_CLASIFICACION (https://idem.comunidad.madrid/geosrvg/ows)", "fecha_dato": "2026-05-12", "ambito": "54807", "_raw_CD_SIGLAS": "SUC", "_raw_DS_CLASIF_GEN": "Suelo Urbano Consolidado", "_raw_DS_CLASIF_DET": "Suelo Urbano Consolidado", "_raw_DS_DOCU": "PLAN GENERAL", "_raw_DS_LEY": "CM Ley 9/2001, E Ley 6/1998", "_raw_FC_AC": "2003-10-09", "_raw_NM_AREA_M2": 16087.308420966499, "_cam_code": "065" }, "geometry": { "type": "Polygon", "coordinates": [ [ [ -3.7164, 40.329 ], [ -3.7168, 40.3287 ], [ -3.7169, 40.3284 ], [ -3.714, 40.3274 ], [ -3.7144, 40.3281 ], [ -3.7164, 40.329 ] ] ] } },
{ "type": "Feature", "properties": { "municipio": "Getafe", "clasificacion": "urbano-consolidado", "calificacion": "sin-asignar", "version": "vigente", "fuente": "SIT-CAM WFS — UsoDelSuelo:VPLA_V_CLASIFICACION (https://idem.comunidad.madrid/geosrvg/ows)", "fecha_dato": "2026-05-12", "ambito": "54807", "_raw_CD_SIGLAS": "SUC", "_raw_DS_CLASIF_GEN": "Suelo Urbano Consolidado", "_raw_DS_CLASIF_DET": "Suelo Urbano Consolidado", "_raw_DS_DOCU": "PLAN GENERAL", "_raw_DS_LEY": "CM Ley 9/2001, E Ley 6/1998", "_raw_FC_AC": "2003-10-09", "_raw_NM_AREA_M2": 258068.311481835, "_cam_code": "065" }, "geometry": { "type": "Polygon", "coordinates": [ [ [ -3.7312, 40.3239 ], [ -3.7317, 40.3241 ], [ -3.7346, 40.324 ], [ -3.7342, 40.3263 ], [ -3.7341, 40.3267 ], [ -3.7339, 40.3269 ], [ -3.7339, 40.3275 ], [ -3.7338, 40.3275 ], [ -3.7338, 40.3278 ], [ -3.734, 40.328 ], [ -3.7341, 40.3285 ], [ -3.7337, 40.3286 ], [ -3.7337, 40.3294 ], [ -3.7331, 40.3296 ], [ -3.733, 40.3297 ], [ -3.7331, 40.3299 ], [ -3.7345, 40.3298 ], [ -3.735, 40.3293 ], [ -3.7366, 40.3282 ], [ -3.7412, 40.3254 ], [ -3.7386, 40.3245 ], [ -3.7387, 40.3242 ], [ -3.7382, 40.324 ], [ -3.7372, 40.3228 ], [ -3.7364, 40.3229 ], [ -3.7363, 40.3232 ], [ -3.736, 40.3234 ], [ -3.7355, 40.3235 ], [ -3.735, 40.3238 ], [ -3.7343, 40.3239 ], [ -3.7336, 40.3239 ], [ -3.7328, 40.3237 ], [ -3.7318, 40.3231 ], [ -3.7318, 40.323 ], [ -3.7315, 40.323 ], [ -3.7316, 40.3233 ], [ -3.7313, 40.3239 ], [ -3.7312, 40.3239 ] ] ] } },
{ "type": "Feature", "properties": { "municipio": "Getafe", "clasificacion": "urbano-consolidado", "calificacion": "sin-asignar", "version": "vigente", "fuente": "SIT-CAM WFS — UsoDelSuelo:VPLA_V_CLASIFICACION (https://idem.comunidad.madrid/geosrvg/ows)", "fecha_dato": "2026-05-12", "ambito": "54807", "_raw_CD_SIGLAS": "SUC", "_raw_DS_CLASIF_GEN": "Suelo Urbano Consolidado", "_raw_DS_CLASIF_DET": "Suelo Urbano Consolidado", "_raw_DS_DOCU": "PLAN GENERAL", "_raw_DS_LEY": "CM Ley 9/2001, E Ley 6/1998", "_raw_FC_AC": "2003-10-09", "_raw_NM_AREA_M2": 2961860.8247807398, "_cam_code": "065" }, "geometry": { "type": "Polygon", "coordinates": [ [ [ -3.6917, 40.2919 ], [ -3.6918, 40.2981 ], [ -3.6927, 40.2981 ], [ -3.6928, 40.3009 ], [ -3.6928, 40.3018 ], [ -3.6919, 40.3019 ], [ -3.6921, 40.3131 ], [ -3.6923, 40.3157 ], [ -3.6927, 40.3158 ], [ -3.6926, 40.315 ], [ -3.6967, 40.3145 ], [ -3.6983, 40.3141 ], [ -3.6983, 40.314 ], [ -3.6988, 40.3139 ], [ -3.6986, 40.3133 ], [ -3.7001, 40.3132 ], [ -3.7001, 40.313 ], [ -3.7019, 40.3128 ], [ -3.702, 40.3142 ], [ -3.7058, 40.3141 ], [ -3.7068, 40.3142 ], [ -3.7077, 40.3137 ], [ -3.708, 40.3132 ], [ -3.7086, 40.3129 ], [ -3.7086, 40.3128 ], [ -3.7073, 40.3049 ], [ -3.7072, 40.3049 ], [ -3.7059, 40.2947 ], [ -3.7051, 40.2945 ], [ -3.7043, 40.2945 ], [ -3.7038, 40.2943 ], [ -3.7025, 40.2941 ], [ -3.7025, 40.294 ], [ -3.7022, 40.2939 ], [ -3.6982, 40.2931 ], [ -3.697, 40.2927 ], [ -3.695, 40.2925 ], [ -3.6917, 40.2919 ] ] ] } },
{ "type": "Feature", "properties": { "municipio": "Getafe", "clasificacion": "urbano-consolidado", "calificacion": "sin-asignar", "version": "vigente", "fuente": "SIT-CAM WFS — UsoDelSuelo:VPLA_V_CLASIFICACION (https://idem.comunidad.madrid/geosrvg/ows)", "fecha_dato": "2026-05-12", "ambito": "54807", "_raw_CD_SIGLAS": "SUC", "_raw_DS_CLASIF_GEN": "Suelo Urbano Consolidado", "_raw_DS_CLASIF_DET": "Suelo Urbano Consolidado", "_raw_DS_DOCU": "PLAN GENERAL", "_raw_DS_LEY": "CM Ley 9/2001, E Ley 6/1998", "_raw_FC_AC": "2003-10-09", "_raw_NM_AREA_M2": 215537.51105501899, "_cam_code": "065" }, "geometry": { "type": "Polygon", "coordinates": [ [ [ -3.7396, 40.2709 ], [ -3.7388, 40.2776 ], [ -3.7426, 40.2776 ], [ -3.743, 40.2775 ], [ -3.7427, 40.2775 ], [ -3.7426, 40.2773 ], [ -3.7435, 40.2771 ], [ -3.7435, 40.2769 ], [ -3.7444, 40.2761 ], [ -3.7444, 40.2748 ], [ -3.7438, 40.2747 ], [ -3.7427, 40.2742 ], [ -3.7416, 40.2728 ], [ -3.7413, 40.2726 ], [ -3.7405, 40.2724 ], [ -3.7409, 40.2709 ], [ -3.7396, 40.2709 ] ] ] } },
{ "type": "Feature", "properties": { "municipio": "Getafe", "clasificacion": "urbano-consolidado", "calificacion": "sin-asignar", "version": "vigente", "fuente": "SIT-CAM WFS — UsoDelSuelo:VPLA_V_CLASIFICACION (https://idem.comunidad.madrid/geosrvg/ows)", "fecha_dato": "2026-05-12", "ambito": "54807", "_raw_CD_SIGLAS": "SUC", "_raw_DS_CLASIF_GEN": "Suelo Urbano Consolidado", "_raw_DS_CLASIF_DET": "Suelo Urbano Consolidado", "_raw_DS_DOCU": "PLAN GENERAL", "_raw_DS_LEY": "CM Ley 9/2001, E Ley 6/1998", "_raw_FC_AC": "2003-10-09", "_raw_NM_AREA_M2": 34812.977379833901, "_cam_code": "065" }, "geometry": { "type": "Polygon", "coordinates": [ [ [ -3.7581, 40.3035 ], [ -3.756, 40.3027 ], [ -3.755, 40.3042 ], [ -3.7567, 40.3049 ], [ -3.7581, 40.3035 ] ] ] } },
{ "type": "Feature", "properties": { "municipio": "Getafe", "clasificacion": "urbano-consolidado", "calificacion": "sin-asignar", "version": "vigente", "fuente": "SIT-CAM WFS — UsoDelSuelo:VPLA_V_CLASIFICACION (https://idem.comunidad.madrid/geosrvg/ows)", "fecha_dato": "2026-05-12", "ambito": "54807", "_raw_CD_SIGLAS": "SUC", "_raw_DS_CLASIF_GEN": "Suelo Urbano Consolidado", "_raw_DS_CLASIF_DET": "Suelo Urbano Consolidado", "_raw_DS_DOCU": "PLAN GENERAL", "_raw_DS_LEY": "CM Ley 9/2001, E Ley 6/1998", "_raw_FC_AC": "2003-10-09", "_raw_NM_AREA_M2": 99194.093942984298, "_cam_code": "065" }, "geometry": { "type": "Polygon", "coordinates": [ [ [ -3.6409, 40.3173 ], [ -3.6389, 40.3185 ], [ -3.639, 40.3186 ], [ -3.6388, 40.3187 ], [ -3.6394, 40.319 ], [ -3.6397, 40.3193 ], [ -3.6394, 40.3198 ], [ -3.6395, 40.3199 ], [ -3.6409, 40.3206 ], [ -3.6413, 40.3204 ], [ -3.6424, 40.3214 ], [ -3.6445, 40.3201 ], [ -3.6431, 40.3194 ], [ -3.6409, 40.3173 ] ] ] } },
{ "type": "Feature", "properties": { "municipio": "Getafe", "clasificacion": "urbano-consolidado", "calificacion": "sin-asignar", "version": "vigente", "fuente": "SIT-CAM WFS — UsoDelSuelo:VPLA_V_CLASIFICACION (https://idem.comunidad.madrid/geosrvg/ows)", "fecha_dato": "2026-05-12", "ambito": "54807", "_raw_CD_SIGLAS": "SUC", "_raw_DS_CLASIF_GEN": "Suelo Urbano Consolidado", "_raw_DS_CLASIF_DET": "Suelo Urbano Consolidado", "_raw_DS_DOCU": "PLAN GENERAL", "_raw_DS_LEY": "CM Ley 9/2001, E Ley 6/1998", "_raw_FC_AC": "2003-10-09", "_raw_NM_AREA_M2": 5094889.1876905505, "_cam_code": "065" }, "geometry": { "type": "Polygon", "coordinates": [ [ [ -3.7135, 40.3265 ], [ -3.7151, 40.3269 ], [ -3.7181, 40.3273 ], [ -3.7188, 40.3278 ], [ -3.7203, 40.3285 ], [ -3.7239, 40.33 ], [ -3.7269, 40.324 ], [ -3.7296, 40.3181 ], [ -3.7298, 40.3179 ], [ -3.7304, 40.3166 ], [ -3.7292, 40.3164 ], [ -3.7272, 40.3163 ], [ -3.7275, 40.3141 ], [ -3.7292, 40.3142 ], [ -3.7296, 40.3133 ], [ -3.7306, 40.3137 ], [ -3.7324, 40.314 ], [ -3.7322, 40.3143 ], [ -3.7328, 40.3145 ], [ -3.7328, 40.3147 ], [ -3.7325, 40.3148 ], [ -3.7323, 40.3159 ], [ -3.7313, 40.3154 ], [ -3.7304, 40.3172 ], [ -3.7309, 40.3176 ], [ -3.7307, 40.3179 ], [ -3.7311, 40.3181 ], [ -3.7308, 40.3185 ], [ -3.7314, 40.3188 ], [ -3.7318, 40.3183 ], [ -3.7321, 40.3184 ], [ -3.7321, 40.3185 ], [ -3.733, 40.3176 ], [ -3.7327, 40.3174 ], [ -3.7334, 40.3165 ], [ -3.7349, 40.3173 ], [ -3.7349, 40.3171 ], [ -3.7365, 40.3154 ], [ -3.739, 40.3125 ], [ -3.7393, 40.312 ], [ -3.7396, 40.3118 ], [ -3.7403, 40.3104 ], [ -3.7404, 40.3097 ], [ -3.7403, 40.3088 ], [ -3.7388, 40.3028 ], [ -3.7387, 40.3028 ], [ -3.7383, 40.3006 ], [ -3.738, 40.2999 ], [ -3.738, 40.2996 ], [ -3.7369, 40.296 ], [ -3.7364, 40.2958 ], [ -3.7355, 40.2959 ], [ -3.7353, 40.296 ], [ -3.7346, 40.2969 ], [ -3.7333, 40.2981 ], [ -3.7328, 40.2984 ], [ -3.7319, 40.2989 ], [ -3.7301, 40.2994 ], [ -3.7286, 40.3 ], [ -3.7277, 40.3011 ], [ -3.7274, 40.3013 ], [ -3.7264, 40.3029 ], [ -3.7262, 40.3035 ], [ -3.7248, 40.3042 ], [ -3.7237, 40.3044 ], [ -3.724, 40.3089 ], [ -3.716, 40.3092 ], [ -3.716, 40.3093 ], [ -3.7142, 40.3094 ], [ -3.7142, 40.3095 ], [ -3.7108, 40.3095 ], [ -3.7107, 40.3096 ], [ -3.7105, 40.3118 ], [ -3.7104, 40.3119 ], [ -3.7089, 40.3119 ], [ -3.7086, 40.3118 ], [ -3.7088, 40.3134 ], [ -3.7095, 40.3165 ], [ -3.7099, 40.3196 ], [ -3.7099, 40.3215 ], [ -3.7095, 40.3233 ], [ -3.7125, 40.3235 ], [ -3.7129, 40.3256 ], [ -3.7135, 40.3265 ] ], [ [ -3.7311, 40.3061 ], [ -3.7303, 40.3058 ], [ -3.7302, 40.306 ], [ -3.7301, 40.306 ], [ -3.7302, 40.3059 ], [ -3.7301, 40.3058 ], [ -3.73, 40.306 ], [ -3.7299, 40.306 ], [ -3.73, 40.3059 ], [ -3.7297, 40.306 ], [ -3.7298, 40.3058 ], [ -3.7296, 40.3056 ], [ -3.7299, 40.3052 ], [ -3.73, 40.3053 ], [ -3.7309, 40.3052 ], [ -3.7309, 40.3054 ], [ -3.7314, 40.3053 ], [ -3.7313, 40.3051 ], [ -3.7318, 40.3051 ], [ -3.7317, 40.3055 ], [ -3.7316, 40.3054 ], [ -3.7313, 40.3056 ], [ -3.7313, 40.3055 ], [ -3.7313, 40.3056 ], [ -3.731, 40.3056 ], [ -3.7313, 40.306 ], [ -3.7311, 40.3061 ] ], [ [ -3.7282, 40.3035 ], [ -3.7282, 40.3033 ], [ -3.728, 40.3033 ], [ -3.728, 40.3029 ], [ -3.7281, 40.3029 ], [ -3.728, 40.3028 ], [ -3.7281, 40.3027 ], [ -3.7278, 40.3026 ], [ -3.7288, 40.3027 ], [ -3.7289, 40.303 ], [ -3.7288, 40.3037 ], [ -3.7285, 40.3037 ], [ -3.7285, 40.3035 ], [ -3.7282, 40.3035 ] ] ] } },
{ "type": "Feature", "properties": { "municipio": "Getafe", "clasificacion": "urbano-consolidado", "calificacion": "sin-asignar", "version": "vigente", "fuente": "SIT-CAM WFS — UsoDelSuelo:VPLA_V_CLASIFICACION (https://idem.comunidad.madrid/geosrvg/ows)", "fecha_dato": "2026-05-12", "ambito": "54807", "_raw_CD_SIGLAS": "SUC", "_raw_DS_CLASIF_GEN": "Suelo Urbano Consolidado", "_raw_DS_CLASIF_DET": "Suelo Urbano Consolidado", "_raw_DS_DOCU": "PLAN GENERAL", "_raw_DS_LEY": "CM Ley 9/2001, E Ley 6/1998", "_raw_FC_AC": "2003-10-09", "_raw_NM_AREA_M2": 426786.185397255, "_cam_code": "065" }, "geometry": { "type": "Polygon", "coordinates": [ [ [ -3.7061, 40.2946 ], [ -3.7066, 40.2973 ], [ -3.7067, 40.2988 ], [ -3.7075, 40.3036 ], [ -3.7076, 40.3049 ], [ -3.7078, 40.3048 ], [ -3.7092, 40.3048 ], [ -3.7094, 40.3047 ], [ -3.7097, 40.3028 ], [ -3.7099, 40.3025 ], [ -3.7119, 40.3011 ], [ -3.7133, 40.2985 ], [ -3.7131, 40.2978 ], [ -3.7122, 40.2958 ], [ -3.7107, 40.2956 ], [ -3.7061, 40.2946 ] ] ] } },
{ "type": "Feature", "properties": { "municipio": "Getafe", "clasificacion": "urbano-consolidado", "calificacion": "sin-asignar", "version": "vigente", "fuente": "SIT-CAM WFS — UsoDelSuelo:VPLA_V_CLASIFICACION (https://idem.comunidad.madrid/geosrvg/ows)", "fecha_dato": "2026-05-12", "ambito": "54807", "_raw_CD_SIGLAS": "SUC", "_raw_DS_CLASIF_GEN": "Suelo Urbano Consolidado", "_raw_DS_CLASIF_DET": "Suelo Urbano Consolidado", "_raw_DS_DOCU": "PLAN GENERAL", "_raw_DS_LEY": "CM Ley 9/2001, E Ley 6/1998", "_raw_FC_AC": "2003-10-09", "_raw_NM_AREA_M2": 90692.336047941004, "_cam_code": "065" }, "geometry": { "type": "Polygon", "coordinates": [ [ [ -3.7166, 40.3291 ], [ -3.7202, 40.3308 ], [ -3.7226, 40.3327 ], [ -3.7233, 40.3311 ], [ -3.7222, 40.33 ], [ -3.72, 40.3292 ], [ -3.7177, 40.3287 ], [ -3.7171, 40.3287 ], [ -3.7166, 40.3291 ] ] ] } },
{ "type": "Feature", "properties": { "municipio": "Getafe", "clasificacion": "urbano-consolidado", "calificacion": "sin-asignar", "version": "vigente", "fuente": "SIT-CAM WFS — UsoDelSuelo:VPLA_V_CLASIFICACION (https://idem.comunidad.madrid/geosrvg/ows)", "fecha_dato": "2026-05-12", "ambito": "54807", "_raw_CD_SIGLAS": "SUC", "_raw_DS_CLASIF_GEN": "Suelo Urbano Consolidado", "_raw_DS_CLASIF_DET": "Suelo Urbano Consolidado", "_raw_DS_DOCU": "PLAN GENERAL", "_raw_DS_LEY": "CM Ley 9/2001, E Ley 6/1998", "_raw_FC_AC": "2003-10-09", "_raw_NM_AREA_M2": 60857.876474915502, "_cam_code": "065" }, "geometry": { "type": "Polygon", "coordinates": [ [ [ -3.691, 40.2953 ], [ -3.6897, 40.2948 ], [ -3.6894, 40.2953 ], [ -3.6886, 40.2951 ], [ -3.6885, 40.2955 ], [ -3.6872, 40.295 ], [ -3.687, 40.2955 ], [ -3.6874, 40.2958 ], [ -3.6881, 40.296 ], [ -3.689, 40.2965 ], [ -3.6896, 40.2972 ], [ -3.69, 40.2974 ], [ -3.6907, 40.2981 ], [ -3.6912, 40.2981 ], [ -3.6911, 40.2979 ], [ -3.691, 40.2953 ] ] ] } },
{ "type": "Feature", "properties": { "municipio": "Getafe", "clasificacion": "urbano-consolidado", "calificacion": "sin-asignar", "version": "vigente", "fuente": "SIT-CAM WFS — UsoDelSuelo:VPLA_V_CLASIFICACION (https://idem.comunidad.madrid/geosrvg/ows)", "fecha_dato": "2026-05-12", "ambito": "54807", "_raw_CD_SIGLAS": "SUC", "_raw_DS_CLASIF_GEN": "Suelo Urbano Consolidado", "_raw_DS_CLASIF_DET": "Suelo Urbano Consolidado", "_raw_DS_DOCU": "PLAN GENERAL", "_raw_DS_LEY": "CM Ley 9/2001, E Ley 6/1998", "_raw_FC_AC": "2003-10-09", "_raw_NM_AREA_M2": 4016485.9834551099, "_cam_code": "065" }, "geometry": { "type": "Polygon", "coordinates": [ [ [ -3.7393, 40.3164 ], [ -3.7392, 40.3171 ], [ -3.7409, 40.3172 ], [ -3.7407, 40.3174 ], [ -3.7412, 40.3175 ], [ -3.7447, 40.3176 ], [ -3.7448, 40.3173 ], [ -3.7456, 40.3164 ], [ -3.7482, 40.3139 ], [ -3.7481, 40.3133 ], [ -3.7482, 40.3131 ], [ -3.7481, 40.3131 ], [ -3.7481, 40.3126 ], [ -3.7477, 40.3113 ], [ -3.7475, 40.3096 ], [ -3.7474, 40.3095 ], [ -3.7473, 40.3067 ], [ -3.7481, 40.3056 ], [ -3.7478, 40.3055 ], [ -3.7481, 40.3039 ], [ -3.7479, 40.3016 ], [ -3.7481, 40.3007 ], [ -3.7487, 40.2997 ], [ -3.7514, 40.298 ], [ -3.7529, 40.2975 ], [ -3.7532, 40.2975 ], [ -3.7566, 40.2963 ], [ -3.7571, 40.2962 ], [ -3.7573, 40.2964 ], [ -3.7577, 40.296 ], [ -3.7593, 40.2954 ], [ -3.7615, 40.2951 ], [ -3.7616, 40.295 ], [ -3.7617, 40.2942 ], [ -3.7601, 40.2902 ], [ -3.7589, 40.2883 ], [ -3.7585, 40.2879 ], [ -3.7574, 40.286 ], [ -3.7558, 40.284 ], [ -3.7544, 40.2827 ], [ -3.7527, 40.2815 ], [ -3.7511, 40.2807 ], [ -3.7499, 40.2806 ], [ -3.7489, 40.2808 ], [ -3.7475, 40.2813 ], [ -3.7472, 40.2816 ], [ -3.7386, 40.2946 ], [ -3.7386, 40.2948 ], [ -3.739, 40.2952 ], [ -3.7391, 40.2956 ], [ -3.7387, 40.2962 ], [ -3.7387, 40.2965 ], [ -3.738, 40.297 ], [ -3.7379, 40.2972 ], [ -3.7383, 40.2988 ], [ -3.7381, 40.2988 ], [ -3.7381, 40.2989 ], [ -3.7382, 40.2989 ], [ -3.7389, 40.3017 ], [ -3.7391, 40.3029 ], [ -3.7405, 40.3083 ], [ -3.7408, 40.31 ], [ -3.7406, 40.3111 ], [ -3.7393, 40.3129 ], [ -3.7381, 40.3141 ], [ -3.7402, 40.3142 ], [ -3.7402, 40.3143 ], [ -3.7398, 40.3143 ], [ -3.7398, 40.3144 ], [ -3.74, 40.315 ], [ -3.7401, 40.315 ], [ -3.7402, 40.3161 ], [ -3.7407, 40.3165 ], [ -3.7402, 40.3165 ], [ -3.7401, 40.3164 ], [ -3.7393, 40.3164 ] ] ] } },
{ "type": "Feature", "properties": { "municipio": "Getafe", "clasificacion": "urbano-consolidado", "calificacion": "sin-asignar", "version": "vigente", "fuente": "SIT-CAM WFS — UsoDelSuelo:VPLA_V_CLASIFICACION (https://idem.comunidad.madrid/geosrvg/ows)", "fecha_dato": "2026-05-12", "ambito": "54807", "_raw_CD_SIGLAS": "SUC", "_raw_DS_CLASIF_GEN": "Suelo Urbano Consolidado", "_raw_DS_CLASIF_DET": "Suelo Urbano Consolidado", "_raw_DS_DOCU": "PLAN GENERAL", "_raw_DS_LEY": "CM Ley 9/2001, E Ley 6/1998", "_raw_FC_AC": "2003-10-09", "_raw_NM_AREA_M2": 82453.738149730299, "_cam_code": "065" }, "geometry": { "type": "Polygon", "coordinates": [ [ [ -3.6497, 40.3243 ], [ -3.6499, 40.3247 ], [ -3.6512, 40.3253 ], [ -3.6554, 40.3265 ], [ -3.6562, 40.3265 ], [ -3.6562, 40.3266 ], [ -3.6568, 40.3257 ], [ -3.6568, 40.3256 ], [ -3.6565, 40.3255 ], [ -3.6531, 40.3245 ], [ -3.6512, 40.3235 ], [ -3.651, 40.3238 ], [ -3.6504, 40.3239 ], [ -3.6497, 40.3243 ] ] ] } },
{ "type": "Feature", "properties": { "municipio": "Getafe", "clasificacion": "urbano-consolidado", "calificacion": "sin-asignar", "version": "vigente", "fuente": "SIT-CAM WFS — UsoDelSuelo:VPLA_V_CLASIFICACION (https://idem.comunidad.madrid/geosrvg/ows)", "fecha_dato": "2026-05-12", "ambito": "54807", "_raw_CD_SIGLAS": "SUC", "_raw_DS_CLASIF_GEN": "Suelo Urbano Consolidado", "_raw_DS_CLASIF_DET": "Suelo Urbano Consolidado", "_raw_DS_DOCU": "PLAN GENERAL", "_raw_DS_LEY": "CM Ley 9/2001, E Ley 6/1998", "_raw_FC_AC": "2003-10-09", "_raw_NM_AREA_M2": 938578.34148542897, "_cam_code": "065" }, "geometry": { "type": "Polygon", "coordinates": [ [ [ -3.6796, 40.3131 ], [ -3.6795, 40.3134 ], [ -3.6795, 40.3139 ], [ -3.6796, 40.3139 ], [ -3.6796, 40.3163 ], [ -3.6811, 40.3183 ], [ -3.6813, 40.3184 ], [ -3.6814, 40.3194 ], [ -3.6835, 40.3231 ], [ -3.6835, 40.3233 ], [ -3.6842, 40.3229 ], [ -3.6844, 40.3226 ], [ -3.6848, 40.3225 ], [ -3.6848, 40.3224 ], [ -3.6876, 40.3221 ], [ -3.6911, 40.3211 ], [ -3.6919, 40.3207 ], [ -3.6917, 40.3123 ], [ -3.6885, 40.3129 ], [ -3.6872, 40.3134 ], [ -3.6827, 40.3131 ], [ -3.6796, 40.3131 ] ] ] } },
{ "type": "Feature", "properties": { "municipio": "Getafe", "clasificacion": "urbano-consolidado", "calificacion": "sin-asignar", "version": "vigente", "fuente": "SIT-CAM WFS — UsoDelSuelo:VPLA_V_CLASIFICACION (https://idem.comunidad.madrid/geosrvg/ows)", "fecha_dato": "2026-05-12", "ambito": "54807", "_raw_CD_SIGLAS": "SUC_A", "_raw_DS_CLASIF_GEN": "Suelo Urbano Consolidado (APLAZADO)", "_raw_DS_CLASIF_DET": "Suelo Urbano Consolidado (APLAZADO)", "_raw_DS_DOCU": "PLAN GENERAL", "_raw_DS_LEY": "CM Ley 9/2001, E Ley 6/1998", "_raw_FC_AC": "2003-10-09", "_raw_NM_AREA_M2": 8811.98761308945, "_cam_code": "065" }, "geometry": { "type": "Polygon", "coordinates": [ [ [ -3.7313, 40.3154 ], [ -3.7323, 40.3159 ], [ -3.7325, 40.3148 ], [ -3.7316, 40.3147 ], [ -3.7313, 40.3154 ] ] ] } },
{ "type": "Feature", "properties": { "municipio": "Getafe", "clasificacion": "urbano-consolidado", "calificacion": "sin-asignar", "version": "vigente", "fuente": "SIT-CAM WFS — UsoDelSuelo:VPLA_V_CLASIFICACION (https://idem.comunidad.madrid/geosrvg/ows)", "fecha_dato": "2026-05-12", "ambito": "54807", "_raw_CD_SIGLAS": "SUC_A", "_raw_DS_CLASIF_GEN": "Suelo Urbano Consolidado (APLAZADO)", "_raw_DS_CLASIF_DET": "Suelo Urbano Consolidado", "_raw_DS_DOCU": "PLAN GENERAL", "_raw_DS_LEY": "CM Ley 9/2001, E Ley 6/1998", "_raw_FC_AC": "2003-10-09", "_raw_NM_AREA_M2": 7402.4726106040298, "_cam_code": "065" }, "geometry": { "type": "Polygon", "coordinates": [ [ [ -3.7282, 40.3035 ], [ -3.7285, 40.3035 ], [ -3.7285, 40.3037 ], [ -3.7288, 40.3037 ], [ -3.7289, 40.3034 ], [ -3.7288, 40.3027 ], [ -3.7278, 40.3026 ], [ -3.7281, 40.3027 ], [ -3.728, 40.3028 ], [ -3.7281, 40.3029 ], [ -3.728, 40.3029 ], [ -3.728, 40.3033 ], [ -3.7282, 40.3033 ], [ -3.7282, 40.3035 ] ] ] } },
{ "type": "Feature", "properties": { "municipio": "Getafe", "clasificacion": "urbano-consolidado", "calificacion": "sin-asignar", "version": "vigente", "fuente": "SIT-CAM WFS — UsoDelSuelo:VPLA_V_CLASIFICACION (https://idem.comunidad.madrid/geosrvg/ows)", "fecha_dato": "2026-05-12", "ambito": "54807", "_raw_CD_SIGLAS": "SUC_A", "_raw_DS_CLASIF_GEN": "Suelo Urbano Consolidado (APLAZADO)", "_raw_DS_CLASIF_DET": "Suelo Urbano Consolidado", "_raw_DS_DOCU": "PLAN GENERAL", "_raw_DS_LEY": "CM Ley 9/2001, E Ley 6/1998", "_raw_FC_AC": "2003-10-09", "_raw_NM_AREA_M2": 10719.818303026699, "_cam_code": "065" }, "geometry": { "type": "Polygon", "coordinates": [ [ [ -3.7303, 40.3058 ], [ -3.731, 40.3061 ], [ -3.7313, 40.306 ], [ -3.731, 40.3056 ], [ -3.7313, 40.3056 ], [ -3.7313, 40.3055 ], [ -3.7313, 40.3056 ], [ -3.7316, 40.3054 ], [ -3.7317, 40.3055 ], [ -3.7318, 40.3051 ], [ -3.7313, 40.3051 ], [ -3.7314, 40.3053 ], [ -3.7309, 40.3054 ], [ -3.7309, 40.3052 ], [ -3.7306, 40.3052 ], [ -3.7306, 40.3053 ], [ -3.73, 40.3053 ], [ -3.7299, 40.3052 ], [ -3.7296, 40.3056 ], [ -3.7298, 40.3058 ], [ -3.7297, 40.306 ], [ -3.7299, 40.306 ], [ -3.7299, 40.3059 ], [ -3.73, 40.306 ], [ -3.7301, 40.3058 ], [ -3.7302, 40.3059 ], [ -3.7301, 40.306 ], [ -3.7302, 40.306 ], [ -3.7303, 40.3058 ] ] ] } },
{ "type": "Feature", "properties": { "municipio": "Getafe", "clasificacion": "urbano-no-consolidado", "calificacion": "sin-asignar", "version": "vigente", "fuente": "SIT-CAM WFS — UsoDelSuelo:VPLA_V_CLASIFICACION (https://idem.comunidad.madrid/geosrvg/ows)", "fecha_dato": "2026-05-12", "ambito": "54807", "_raw_CD_SIGLAS": "SUNC", "_raw_DS_CLASIF_GEN": "Suelo Urbano No Consolidado", "_raw_DS_CLASIF_DET": "Suelo Urbano No Consolidado", "_raw_DS_DOCU": "PLAN GENERAL", "_raw_DS_LEY": "CM Ley 9/2001, E Ley 6/1998", "_raw_FC_AC": "2003-10-09", "_raw_NM_AREA_M2": 172625.490396982, "_cam_code": "065" }, "geometry": { "type": "Polygon", "coordinates": [ [ [ -3.7438, 40.2747 ], [ -3.7463, 40.2753 ], [ -3.748, 40.276 ], [ -3.7487, 40.2748 ], [ -3.7476, 40.2743 ], [ -3.7478, 40.2739 ], [ -3.7477, 40.2738 ], [ -3.7472, 40.2736 ], [ -3.7469, 40.2733 ], [ -3.7456, 40.2729 ], [ -3.7456, 40.2728 ], [ -3.7431, 40.2711 ], [ -3.7427, 40.271 ], [ -3.7427, 40.2709 ], [ -3.7409, 40.2709 ], [ -3.7408, 40.2715 ], [ -3.7407, 40.2718 ], [ -3.7406, 40.2718 ], [ -3.7406, 40.2721 ], [ -3.7405, 40.2721 ], [ -3.7406, 40.2725 ], [ -3.7413, 40.2726 ], [ -3.7416, 40.2728 ], [ -3.7427, 40.2742 ], [ -3.7438, 40.2747 ] ] ] } },
{ "type": "Feature", "properties": { "municipio": "Getafe", "clasificacion": "urbano-no-consolidado", "calificacion": "sin-asignar", "version": "vigente", "fuente": "SIT-CAM WFS — UsoDelSuelo:VPLA_V_CLASIFICACION (https://idem.comunidad.madrid/geosrvg/ows)", "fecha_dato": "2026-05-12", "ambito": "54807", "_raw_CD_SIGLAS": "SUNC", "_raw_DS_CLASIF_GEN": "Suelo Urbano No Consolidado", "_raw_DS_CLASIF_DET": "Suelo Urbano No Consolidado", "_raw_DS_DOCU": "PLAN GENERAL", "_raw_DS_LEY": "CM Ley 9/2001, E Ley 6/1998", "_raw_FC_AC": "2003-10-09", "_raw_NM_AREA_M2": 92978.128830896894, "_cam_code": "065" }, "geometry": { "type": "Polygon", "coordinates": [ [ [ -3.7086, 40.3118 ], [ -3.7089, 40.3119 ], [ -3.7104, 40.3119 ], [ -3.7105, 40.3118 ], [ -3.7107, 40.3096 ], [ -3.7108, 40.3095 ], [ -3.7091, 40.3096 ], [ -3.7088, 40.3048 ], [ -3.7078, 40.3048 ], [ -3.7076, 40.3049 ], [ -3.7076, 40.3053 ], [ -3.7081, 40.3079 ], [ -3.7082, 40.3094 ], [ -3.7083, 40.3095 ], [ -3.7086, 40.3118 ] ] ] } },
{ "type": "Feature", "properties": { "municipio": "Getafe", "clasificacion": "urbano-no-consolidado", "calificacion": "sin-asignar", "version": "vigente", "fuente": "SIT-CAM WFS — UsoDelSuelo:VPLA_V_CLASIFICACION (https://idem.comunidad.madrid/geosrvg/ows)", "fecha_dato": "2026-05-12", "ambito": "54807", "_raw_CD_SIGLAS": "SUNC", "_raw_DS_CLASIF_GEN": "Suelo Urbano No Consolidado", "_raw_DS_CLASIF_DET": "Suelo Urbano No Consolidado", "_raw_DS_DOCU": "PLAN GENERAL", "_raw_DS_LEY": "CM Ley 9/2001, E Ley 6/1998", "_raw_FC_AC": "2003-10-09", "_raw_NM_AREA_M2": 536817.38088551594, "_cam_code": "065" }, "geometry": { "type": "Polygon", "coordinates": [ [ [ -3.7383, 40.281 ], [ -3.7381, 40.2819 ], [ -3.7375, 40.2879 ], [ -3.7369, 40.2923 ], [ -3.7367, 40.2942 ], [ -3.7367, 40.2948 ], [ -3.7367, 40.2947 ], [ -3.7369, 40.2946 ], [ -3.7371, 40.2945 ], [ -3.7379, 40.2943 ], [ -3.7387, 40.2936 ], [ -3.7428, 40.2875 ], [ -3.7437, 40.286 ], [ -3.7436, 40.2861 ], [ -3.7431, 40.2861 ], [ -3.7428, 40.2858 ], [ -3.7428, 40.2854 ], [ -3.7438, 40.2844 ], [ -3.7442, 40.2844 ], [ -3.7446, 40.2848 ], [ -3.7452, 40.2838 ], [ -3.7449, 40.2835 ], [ -3.7437, 40.283 ], [ -3.7428, 40.2825 ], [ -3.7428, 40.2824 ], [ -3.7391, 40.2811 ], [ -3.7383, 40.281 ] ] ] } },
{ "type": "Feature", "properties": { "municipio": "Getafe", "clasificacion": "urbano-no-consolidado", "calificacion": "sin-asignar", "version": "vigente", "fuente": "SIT-CAM WFS — UsoDelSuelo:VPLA_V_CLASIFICACION (https://idem.comunidad.madrid/geosrvg/ows)", "fecha_dato": "2026-05-12", "ambito": "54807", "_raw_CD_SIGLAS": "SUNC", "_raw_DS_CLASIF_GEN": "Suelo Urbano No Consolidado", "_raw_DS_CLASIF_DET": "Suelo Urbano No Consolidado", "_raw_DS_DOCU": "PLAN GENERAL", "_raw_DS_LEY": "CM Ley 9/2001, E Ley 6/1998", "_raw_FC_AC": "2003-10-09", "_raw_NM_AREA_M2": 344990.12693345401, "_cam_code": "065" }, "geometry": { "type": "Polygon", "coordinates": [ [ [ -3.7282, 40.3212 ], [ -3.7283, 40.3214 ], [ -3.7249, 40.3284 ], [ -3.725, 40.3285 ], [ -3.7256, 40.328 ], [ -3.73, 40.3229 ], [ -3.7299, 40.3214 ], [ -3.7302, 40.3212 ], [ -3.7307, 40.3212 ], [ -3.7311, 40.3213 ], [ -3.7311, 40.3214 ], [ -3.7314, 40.3213 ], [ -3.7349, 40.3173 ], [ -3.7334, 40.3165 ], [ -3.7327, 40.3174 ], [ -3.733, 40.3176 ], [ -3.7321, 40.3185 ], [ -3.7321, 40.3184 ], [ -3.7318, 40.3183 ], [ -3.7314, 40.3188 ], [ -3.7308, 40.3185 ], [ -3.7311, 40.3181 ], [ -3.7307, 40.3179 ], [ -3.7309, 40.3176 ], [ -3.7304, 40.3172 ], [ -3.7316, 40.3147 ], [ -3.7323, 40.3148 ], [ -3.7328, 40.3147 ], [ -3.7328, 40.3145 ], [ -3.7322, 40.3143 ], [ -3.7324, 40.314 ], [ -3.7306, 40.3137 ], [ -3.7296, 40.3133 ], [ -3.7292, 40.3142 ], [ -3.7275, 40.3141 ], [ -3.7272, 40.3163 ], [ -3.7292, 40.3164 ], [ -3.7304, 40.3166 ], [ -3.7282, 40.3212 ] ] ] } },
{ "type": "Feature", "properties": { "municipio": "Getafe", "clasificacion": "urbano-no-consolidado", "calificacion": "sin-asignar", "version": "vigente", "fuente": "SIT-CAM WFS — UsoDelSuelo:VPLA_V_CLASIFICACION (https://idem.comunidad.madrid/geosrvg/ows)", "fecha_dato": "2026-05-12", "ambito": "54807", "_raw_CD_SIGLAS": "SUNC", "_raw_DS_CLASIF_GEN": "Suelo Urbano No Consolidado", "_raw_DS_CLASIF_DET": "Suelo Urbano No Consolidado", "_raw_DS_DOCU": "PLAN GENERAL", "_raw_DS_LEY": "CM Ley 9/2001, E Ley 6/1998", "_raw_FC_AC": "2003-10-09", "_raw_NM_AREA_M2": 99443.729420497606, "_cam_code": "065" }, "geometry": { "type": "Polygon", "coordinates": [ [ [ -3.7307, 40.2784 ], [ -3.7308, 40.2812 ], [ -3.7344, 40.2811 ], [ -3.7345, 40.2809 ], [ -3.7347, 40.2809 ], [ -3.7347, 40.2787 ], [ -3.7348, 40.2787 ], [ -3.7347, 40.2785 ], [ -3.7307, 40.2784 ] ] ] } }
]
}
