{
"type": "FeatureCollection",
"name": "vigente.full",
"features": [
{ "type": "Feature", "properties": { "municipio": "Collado Villalba", "clasificacion": "urbano-consolidado", "calificacion": "equipamiento", "version": "vigente", "fuente": "SIT-CAM WFS — UsoDelSuelo:VPLA_V_CLASIFICACION (https://idem.comunidad.madrid/geosrvg/ows)", "fecha_dato": "2026-05-12", "ambito": "47670", "_raw_CD_SIGLAS": "SG", "_raw_DS_CLASIF_GEN": "Sistemas Generales", "_raw_DS_CLASIF_DET": "Sistemas Generales", "_raw_DS_DOCU": "PLAN GENERAL", "_raw_DS_LEY": "CM Ley 9/1995, E Ley 6/1998", "_raw_FC_AC": "2001-09-27", "_raw_NM_AREA_M2": 107706.95539076799, "_cam_code": "047" }, "geometry": { "type": "Polygon", "coordinates": [ [ [ -4.0019, 40.6584 ], [ -4.003, 40.6598 ], [ -4.0049, 40.6609 ], [ -4.0066, 40.6624 ], [ -4.008, 40.6585 ], [ -4.0043, 40.6588 ], [ -4.0019, 40.6584 ] ] ] } },
{ "type": "Feature", "properties": { "municipio": "Collado Villalba", "clasificacion": "urbano-consolidado", "calificacion": "equipamiento", "version": "vigente", "fuente": "SIT-CAM WFS — UsoDelSuelo:VPLA_V_CLASIFICACION (https://idem.comunidad.madrid/geosrvg/ows)", "fecha_dato": "2026-05-12", "ambito": "47670", "_raw_CD_SIGLAS": "SG", "_raw_DS_CLASIF_GEN": "Sistemas Generales", "_raw_DS_CLASIF_DET": "Sistemas Generales", "_raw_DS_DOCU": "PLAN GENERAL", "_raw_DS_LEY": "CM Ley 9/1995, E Ley 6/1998", "_raw_FC_AC": "2001-09-27", "_raw_NM_AREA_M2": 21311.707704761899, "_cam_code": "047" }, "geometry": { "type": "Polygon", "coordinates": [ [ [ -4.0115, 40.6356 ], [ -4.0151, 40.6371 ], [ -4.0155, 40.6368 ], [ -4.0151, 40.6365 ], [ -4.0147, 40.6365 ], [ -4.014, 40.6358 ], [ -4.0132, 40.6355 ], [ -4.0118, 40.6354 ], [ -4.0118, 40.6355 ], [ -4.0115, 40.6356 ] ] ] } },
{ "type": "Feature", "properties": { "municipio": "Collado Villalba", "clasificacion": "urbano-consolidado", "calificacion": "equipamiento", "version": "vigente", "fuente": "SIT-CAM WFS — UsoDelSuelo:VPLA_V_CLASIFICACION (https://idem.comunidad.madrid/geosrvg/ows)", "fecha_dato": "2026-05-12", "ambito": "47670", "_raw_CD_SIGLAS": "SG", "_raw_DS_CLASIF_GEN": "Sistemas Generales", "_raw_DS_CLASIF_DET": "Sistemas Generales", "_raw_DS_DOCU": "PLAN GENERAL", "_raw_DS_LEY": "CM Ley 9/1995, E Ley 6/1998", "_raw_FC_AC": "2001-09-27", "_raw_NM_AREA_M2": 3760.3992066578699, "_cam_code": "047" }, "geometry": { "type": "Polygon", "coordinates": [ [ [ -4.0157, 40.6369 ], [ -4.0153, 40.6372 ], [ -4.0171, 40.638 ], [ -4.0157, 40.6369 ] ] ] } },
{ "type": "Feature", "properties": { "municipio": "Collado Villalba", "clasificacion": "no-urbanizable-protegido", "calificacion": "sin-asignar", "version": "vigente", "fuente": "SIT-CAM WFS — UsoDelSuelo:VPLA_V_CLASIFICACION (https://idem.comunidad.madrid/geosrvg/ows)", "fecha_dato": "2026-05-12", "ambito": "47670", "_raw_CD_SIGLAS": "SNUP", "_raw_DS_CLASIF_GEN": "Suelo No Urbanizable Protegido", "_raw_DS_CLASIF_DET": "Suelo No Urbanizable Protegido. Montes Preservados. Vía Pecuaria", "_raw_DS_DOCU": "PLAN GENERAL", "_raw_DS_LEY": "CM Ley 9/1995, E Ley 6/1998", "_raw_FC_AC": "2001-09-27", "_raw_NM_AREA_M2": 494.22006046566003, "_cam_code": "047" }, "geometry": { "type": "Polygon", "coordinates": [ [ [ -4.0067, 40.6482 ], [ -4.0067, 40.6485 ], [ -4.0071, 40.6483 ], [ -4.0067, 40.6482 ] ] ] } },
{ "type": "Feature", "properties": { "municipio": "Collado Villalba", "clasificacion": "no-urbanizable-protegido", "calificacion": "sin-asignar", "version": "vigente", "fuente": "SIT-CAM WFS — UsoDelSuelo:VPLA_V_CLASIFICACION (https://idem.comunidad.madrid/geosrvg/ows)", "fecha_dato": "2026-05-12", "ambito": "47670", "_raw_CD_SIGLAS": "SNUP", "_raw_DS_CLASIF_GEN": "Suelo No Urbanizable Protegido", "_raw_DS_CLASIF_DET": "Suelo No Urbanizable Protegido. Montes Preservados. Zonas Arqueológicas", "_raw_DS_DOCU": "PLAN GENERAL", "_raw_DS_LEY": "CM Ley 9/1995, E Ley 6/1998", "_raw_FC_AC": "2001-09-27", "_raw_NM_AREA_M2": 95740.164792801603, "_cam_code": "047" }, "geometry": { "type": "Polygon", "coordinates": [ [ [ -4.0157, 40.639 ], [ -4.0157, 40.6446 ], [ -4.0158, 40.6446 ], [ -4.0167, 40.6441 ], [ -4.017, 40.6438 ], [ -4.0179, 40.6411 ], [ -4.0181, 40.6395 ], [ -4.0176, 40.6388 ], [ -4.0157, 40.639 ] ] ] } },
{ "type": "Feature", "properties": { "municipio": "Collado Villalba", "clasificacion": "no-urbanizable-protegido", "calificacion": "sin-asignar", "version": "vigente", "fuente": "SIT-CAM WFS — UsoDelSuelo:VPLA_V_CLASIFICACION (https://idem.comunidad.madrid/geosrvg/ows)", "fecha_dato": "2026-05-12", "ambito": "47670", "_raw_CD_SIGLAS": "SNUP", "_raw_DS_CLASIF_GEN": "Suelo No Urbanizable Protegido", "_raw_DS_CLASIF_DET": "Suelo No Urbanizable Protegido. Montes Preservados. Zonas Arqueológicas", "_raw_DS_DOCU": "PLAN GENERAL", "_raw_DS_LEY": "CM Ley 9/1995, E Ley 6/1998", "_raw_FC_AC": "2001-09-27", "_raw_NM_AREA_M2": 100215.83206070001, "_cam_code": "047" }, "geometry": { "type": "Polygon", "coordinates": [ [ [ -4.0188, 40.6405 ], [ -4.0186, 40.6413 ], [ -4.0184, 40.6416 ], [ -4.0184, 40.6419 ], [ -4.0176, 40.6441 ], [ -4.0172, 40.6445 ], [ -4.0157, 40.6453 ], [ -4.0157, 40.6474 ], [ -4.0197, 40.6457 ], [ -4.0186, 40.6442 ], [ -4.0195, 40.6415 ], [ -4.0188, 40.6405 ] ] ] } },
{ "type": "Feature", "properties": { "municipio": "Collado Villalba", "clasificacion": "no-urbanizable-protegido", "calificacion": "sin-asignar", "version": "vigente", "fuente": "SIT-CAM WFS — UsoDelSuelo:VPLA_V_CLASIFICACION (https://idem.comunidad.madrid/geosrvg/ows)", "fecha_dato": "2026-05-12", "ambito": "47670", "_raw_CD_SIGLAS": "SNUP", "_raw_DS_CLASIF_GEN": "Suelo No Urbanizable Protegido", "_raw_DS_CLASIF_DET": "Suelo No Urbanizable Protegido. Montes Preservados. Zonas Arqueológicas Ribera", "_raw_DS_DOCU": "PLAN GENERAL", "_raw_DS_LEY": "CM Ley 9/1995, E Ley 6/1998", "_raw_FC_AC": "2001-09-27", "_raw_NM_AREA_M2": 37496.275592636899, "_cam_code": "047" }, "geometry": { "type": "Polygon", "coordinates": [ [ [ -4.0157, 40.6446 ], [ -4.0157, 40.6453 ], [ -4.0158, 40.6453 ], [ -4.0172, 40.6445 ], [ -4.0176, 40.6441 ], [ -4.0188, 40.6405 ], [ -4.0181, 40.6396 ], [ -4.0179, 40.6411 ], [ -4.017, 40.6438 ], [ -4.0167, 40.6441 ], [ -4.0157, 40.6446 ] ] ] } },
{ "type": "Feature", "properties": { "municipio": "Collado Villalba", "clasificacion": "no-urbanizable-protegido", "calificacion": "sin-asignar", "version": "vigente", "fuente": "SIT-CAM WFS — UsoDelSuelo:VPLA_V_CLASIFICACION (https://idem.comunidad.madrid/geosrvg/ows)", "fecha_dato": "2026-05-12", "ambito": "47670", "_raw_CD_SIGLAS": "SNUP", "_raw_DS_CLASIF_GEN": "Suelo No Urbanizable Protegido", "_raw_DS_CLASIF_DET": "Suelo No Urbanizable Protegido. Sistemas Generales. Vía Pecuaria", "_raw_DS_DOCU": "PLAN GENERAL", "_raw_DS_LEY": "CM Ley 9/1995, E Ley 6/1998", "_raw_FC_AC": "2001-09-27", "_raw_NM_AREA_M2": 1080.44854331954, "_cam_code": "047" }, "geometry": { "type": "Polygon", "coordinates": [ [ [ -4.0151, 40.6371 ], [ -4.0153, 40.6372 ], [ -4.0157, 40.6369 ], [ -4.0155, 40.6368 ], [ -4.0151, 40.6371 ] ] ] } },
{ "type": "Feature", "properties": { "municipio": "Collado Villalba", "clasificacion": "no-urbanizable-protegido", "calificacion": "sin-asignar", "version": "vigente", "fuente": "SIT-CAM WFS — UsoDelSuelo:VPLA_V_CLASIFICACION (https://idem.comunidad.madrid/geosrvg/ows)", "fecha_dato": "2026-05-12", "ambito": "47670", "_raw_CD_SIGLAS": "SNUP", "_raw_DS_CLASIF_GEN": "Suelo No Urbanizable Protegido", "_raw_DS_CLASIF_DET": "Suelo No Urbanizable Protegido Ribera", "_raw_DS_DOCU": "PLAN GENERAL", "_raw_DS_LEY": "CM Ley 9/1995, E Ley 6/1998", "_raw_FC_AC": "2001-09-27", "_raw_NM_AREA_M2": 1547.23011609747, "_cam_code": "047" }, "geometry": { "type": "Polygon", "coordinates": [ [ [ -4.0073, 40.6481 ], [ -4.0071, 40.6483 ], [ -4.0072, 40.6483 ], [ -4.0073, 40.6489 ], [ -4.0076, 40.6486 ], [ -4.0073, 40.6481 ] ] ] } },
{ "type": "Feature", "properties": { "municipio": "Collado Villalba", "clasificacion": "no-urbanizable-protegido", "calificacion": "sin-asignar", "version": "vigente", "fuente": "SIT-CAM WFS — UsoDelSuelo:VPLA_V_CLASIFICACION (https://idem.comunidad.madrid/geosrvg/ows)", "fecha_dato": "2026-05-12", "ambito": "47670", "_raw_CD_SIGLAS": "SNUP", "_raw_DS_CLASIF_GEN": "Suelo No Urbanizable Protegido", "_raw_DS_CLASIF_DET": "Suelo No Urbanizable Protegido Ribera", "_raw_DS_DOCU": "PLAN GENERAL", "_raw_DS_LEY": "CM Ley 9/1995, E Ley 6/1998", "_raw_FC_AC": "2001-09-27", "_raw_NM_AREA_M2": 436.16311071074398, "_cam_code": "047" }, "geometry": { "type": "Polygon", "coordinates": [ [ [ -4.0036, 40.6521 ], [ -4.004, 40.652 ], [ -4.0037, 40.652 ], [ -4.0033, 40.6517 ], [ -4.0032, 40.6518 ], [ -4.0036, 40.6521 ] ] ] } },
{ "type": "Feature", "properties": { "municipio": "Collado Villalba", "clasificacion": "no-urbanizable-protegido", "calificacion": "sin-asignar", "version": "vigente", "fuente": "SIT-CAM WFS — UsoDelSuelo:VPLA_V_CLASIFICACION (https://idem.comunidad.madrid/geosrvg/ows)", "fecha_dato": "2026-05-12", "ambito": "47670", "_raw_CD_SIGLAS": "SNUP", "_raw_DS_CLASIF_GEN": "Suelo No Urbanizable Protegido", "_raw_DS_CLASIF_DET": "Suelo No Urbanizable Protegido. Vía Pecuaria", "_raw_DS_DOCU": "PLAN GENERAL", "_raw_DS_LEY": "CM Ley 9/1995, E Ley 6/1998", "_raw_FC_AC": "2001-09-27", "_raw_NM_AREA_M2": 775692.35472482594, "_cam_code": "047" }, "geometry": { "type": "Polygon", "coordinates": [ [ [ -3.9885, 40.649 ], [ -3.9887, 40.6496 ], [ -3.9884, 40.6506 ], [ -3.9877, 40.6517 ], [ -3.9874, 40.652 ], [ -3.987, 40.6521 ], [ -3.987, 40.6522 ], [ -3.9874, 40.6524 ], [ -3.987, 40.6532 ], [ -3.9855, 40.6546 ], [ -3.9841, 40.6555 ], [ -3.9835, 40.6561 ], [ -3.9827, 40.6574 ], [ -3.9825, 40.6578 ], [ -3.9832, 40.6583 ], [ -3.9835, 40.6584 ], [ -3.9836, 40.6577 ], [ -3.9842, 40.6566 ], [ -3.9846, 40.6562 ], [ -3.9857, 40.6556 ], [ -3.9872, 40.6541 ], [ -3.9882, 40.6524 ], [ -3.989, 40.652 ], [ -3.9894, 40.652 ], [ -3.9914, 40.651 ], [ -3.9895, 40.6501 ], [ -3.9911, 40.6482 ], [ -3.9916, 40.6479 ], [ -3.9917, 40.6477 ], [ -3.9924, 40.6474 ], [ -3.9935, 40.6473 ], [ -3.9945, 40.6478 ], [ -3.9958, 40.6489 ], [ -3.996, 40.6488 ], [ -3.9964, 40.649 ], [ -3.9965, 40.6492 ], [ -3.9988, 40.6505 ], [ -4.0004, 40.6516 ], [ -4.0023, 40.6523 ], [ -4.0029, 40.6518 ], [ -4.0032, 40.6518 ], [ -4.0004, 40.6503 ], [ -3.9971, 40.6488 ], [ -3.9952, 40.6474 ], [ -3.9947, 40.6471 ], [ -3.9942, 40.647 ], [ -3.9942, 40.6469 ], [ -3.9935, 40.6472 ], [ -3.992, 40.6473 ], [ -3.9913, 40.6479 ], [ -3.9906, 40.648 ], [ -3.9903, 40.6482 ], [ -3.9892, 40.6493 ], [ -3.9888, 40.6492 ], [ -3.9887, 40.6483 ], [ -3.9883, 40.6482 ], [ -3.988, 40.6478 ], [ -3.9866, 40.6469 ], [ -3.9863, 40.6463 ], [ -3.9863, 40.6461 ], [ -3.9883, 40.6453 ], [ -3.9886, 40.6449 ], [ -3.9886, 40.6445 ], [ -3.9876, 40.6432 ], [ -3.9876, 40.643 ], [ -3.9881, 40.6426 ], [ -3.9894, 40.6419 ], [ -3.9909, 40.6414 ], [ -3.9944, 40.6414 ], [ -3.9957, 40.6409 ], [ -3.996, 40.6409 ], [ -3.9966, 40.6403 ], [ -3.9979, 40.6394 ], [ -3.9998, 40.6375 ], [ -4.0011, 40.6375 ], [ -4.0036, 40.6381 ], [ -4.0041, 40.6381 ], [ -4.0043, 40.6389 ], [ -4.0055, 40.6387 ], [ -4.0057, 40.6393 ], [ -4.0052, 40.6405 ], [ -4.0048, 40.6405 ], [ -4.0047, 40.6403 ], [ -4.0047, 40.6405 ], [ -4.0054, 40.6428 ], [ -4.0056, 40.6428 ], [ -4.0064, 40.6456 ], [ -4.0068, 40.6465 ], [ -4.0065, 40.6477 ], [ -4.0067, 40.6482 ], [ -4.0071, 40.6483 ], [ -4.0073, 40.6481 ], [ -4.0072, 40.6478 ], [ -4.0075, 40.6468 ], [ -4.007, 40.6436 ], [ -4.0072, 40.643 ], [ -4.0071, 40.643 ], [ -4.0068, 40.6411 ], [ -4.006, 40.6393 ], [ -4.0071, 40.6386 ], [ -4.0071, 40.6384 ], [ -4.0096, 40.6371 ], [ -4.0123, 40.6349 ], [ -4.0133, 40.6347 ], [ -4.0136, 40.6345 ], [ -4.015, 40.6353 ], [ -4.0158, 40.6356 ], [ -4.0158, 40.6357 ], [ -4.0174, 40.6363 ], [ -4.0176, 40.6365 ], [ -4.0192, 40.6372 ], [ -4.0194, 40.637 ], [ -4.0143, 40.6346 ], [ -4.0151, 40.634 ], [ -4.0151, 40.6338 ], [ -4.0153, 40.6337 ], [ -4.0156, 40.6332 ], [ -4.017, 40.6327 ], [ -4.0174, 40.6324 ], [ -4.0184, 40.632 ], [ -4.025, 40.6308 ], [ -4.0271, 40.6308 ], [ -4.0293, 40.6306 ], [ -4.0296, 40.6304 ], [ -4.0297, 40.6299 ], [ -4.0281, 40.6299 ], [ -4.0264, 40.6303 ], [ -4.024, 40.6302 ], [ -4.0224, 40.6304 ], [ -4.0212, 40.6309 ], [ -4.0203, 40.631 ], [ -4.0202, 40.6309 ], [ -4.0189, 40.6312 ], [ -4.0176, 40.6316 ], [ -4.0175, 40.632 ], [ -4.0167, 40.6325 ], [ -4.0153, 40.6329 ], [ -4.015, 40.6335 ], [ -4.0139, 40.6342 ], [ -4.0132, 40.6344 ], [ -4.0126, 40.6341 ], [ -4.0126, 40.634 ], [ -4.0111, 40.6336 ], [ -4.0101, 40.6327 ], [ -4.0072, 40.6317 ], [ -4.0072, 40.6316 ], [ -4.0058, 40.6311 ], [ -4.0058, 40.631 ], [ -4.0054, 40.6308 ], [ -4.0018, 40.6292 ], [ -3.9996, 40.6284 ], [ -3.9972, 40.6279 ], [ -3.9968, 40.6283 ], [ -3.9954, 40.6292 ], [ -3.9949, 40.6287 ], [ -3.9957, 40.6282 ], [ -3.9944, 40.6271 ], [ -3.9937, 40.6261 ], [ -3.993, 40.6258 ], [ -3.988, 40.6213 ], [ -3.9873, 40.6209 ], [ -3.9862, 40.6208 ], [ -3.9855, 40.6206 ], [ -3.985, 40.6202 ], [ -3.9846, 40.6196 ], [ -3.9836, 40.6198 ], [ -3.9841, 40.6207 ], [ -3.9845, 40.621 ], [ -3.9853, 40.6214 ], [ -3.9872, 40.6215 ], [ -3.9881, 40.6221 ], [ -3.993, 40.6265 ], [ -3.9935, 40.6272 ], [ -3.9945, 40.6281 ], [ -3.9946, 40.6283 ], [ -3.9945, 40.6287 ], [ -3.995, 40.6292 ], [ -3.9956, 40.6296 ], [ -3.9964, 40.629 ], [ -3.9992, 40.6306 ], [ -4.0012, 40.6328 ], [ -4.0013, 40.634 ], [ -4.0012, 40.6341 ], [ -4.0015, 40.6344 ], [ -4.0015, 40.6349 ], [ -3.9994, 40.6348 ], [ -3.9997, 40.6358 ], [ -3.9994, 40.6359 ], [ -3.9993, 40.6362 ], [ -3.9986, 40.6361 ], [ -3.9995, 40.6365 ], [ -3.9994, 40.6369 ], [ -3.9986, 40.6372 ], [ -3.9984, 40.6374 ], [ -3.9985, 40.6378 ], [ -3.9984, 40.6378 ], [ -3.9984, 40.638 ], [ -3.9979, 40.6387 ], [ -3.9958, 40.6407 ], [ -3.9954, 40.6409 ], [ -3.9897, 40.6413 ], [ -3.9895, 40.6416 ], [ -3.9879, 40.6424 ], [ -3.986, 40.6428 ], [ -3.9861, 40.6429 ], [ -3.9866, 40.6428 ], [ -3.9872, 40.6429 ], [ -3.9879, 40.6438 ], [ -3.9879, 40.6441 ], [ -3.9877, 40.6442 ], [ -3.9881, 40.6443 ], [ -3.9884, 40.6446 ], [ -3.9885, 40.6449 ], [ -3.9881, 40.6453 ], [ -3.9868, 40.6456 ], [ -3.9857, 40.6462 ], [ -3.9856, 40.6464 ], [ -3.9861, 40.6467 ], [ -3.9862, 40.6472 ], [ -3.987, 40.6476 ], [ -3.9879, 40.6483 ], [ -3.9885, 40.649 ] ], [ [ -4.0052, 40.6382 ], [ -4.0019, 40.6376 ], [ -4.0019, 40.6375 ], [ -4.0014, 40.6374 ], [ -3.9998, 40.6374 ], [ -3.9998, 40.6372 ], [ -4.0009, 40.6366 ], [ -4.0021, 40.6349 ], [ -4.0022, 40.6346 ], [ -4.0022, 40.6333 ], [ -4.0014, 40.6327 ], [ -4.0013, 40.6324 ], [ -4.0011, 40.6323 ], [ -4.0011, 40.6322 ], [ -4.0014, 40.6322 ], [ -4.0014, 40.6321 ], [ -4.0003, 40.6312 ], [ -3.9998, 40.6306 ], [ -3.9992, 40.6302 ], [ -3.999, 40.6299 ], [ -3.9981, 40.6294 ], [ -3.997, 40.629 ], [ -3.9975, 40.6281 ], [ -3.999, 40.6285 ], [ -4.0024, 40.6297 ], [ -4.0059, 40.6313 ], [ -4.0101, 40.633 ], [ -4.0114, 40.634 ], [ -4.0114, 40.6343 ], [ -4.011, 40.6347 ], [ -4.011, 40.635 ], [ -4.0105, 40.6355 ], [ -4.0109, 40.6358 ], [ -4.0106, 40.6361 ], [ -4.0105, 40.636 ], [ -4.0105, 40.6361 ], [ -4.0103, 40.6361 ], [ -4.0099, 40.6367 ], [ -4.0096, 40.6368 ], [ -4.0096, 40.6369 ], [ -4.0094, 40.6369 ], [ -4.007, 40.6383 ], [ -4.0067, 40.6383 ], [ -4.0063, 40.6381 ], [ -4.0064, 40.638 ], [ -4.0053, 40.6381 ], [ -4.0052, 40.6382 ] ] ] } },
{ "type": "Feature", "properties": { "municipio": "Collado Villalba", "clasificacion": "no-urbanizable-protegido", "calificacion": "sin-asignar", "version": "vigente", "fuente": "SIT-CAM WFS — UsoDelSuelo:VPLA_V_CLASIFICACION (https://idem.comunidad.madrid/geosrvg/ows)", "fecha_dato": "2026-05-12", "ambito": "47670", "_raw_CD_SIGLAS": "SNUP", "_raw_DS_CLASIF_GEN": "Suelo No Urbanizable Protegido", "_raw_DS_CLASIF_DET": "Suelo No Urbanizable Protegido Zonas Arqueológicas", "_raw_DS_DOCU": "PLAN GENERAL", "_raw_DS_LEY": "CM Ley 9/1995, E Ley 6/1998", "_raw_FC_AC": "2001-09-27", "_raw_NM_AREA_M2": 53331.254770368301, "_cam_code": "047" }, "geometry": { "type": "Polygon", "coordinates": [ [ [ -4.0195, 40.6417 ], [ -4.0186, 40.6442 ], [ -4.0197, 40.6457 ], [ -4.0216, 40.6452 ], [ -4.02, 40.6428 ], [ -4.0195, 40.6417 ] ] ] } },
{ "type": "Feature", "properties": { "municipio": "Collado Villalba", "clasificacion": "no-urbanizable-protegido", "calificacion": "sin-asignar", "version": "vigente", "fuente": "SIT-CAM WFS — UsoDelSuelo:VPLA_V_CLASIFICACION (https://idem.comunidad.madrid/geosrvg/ows)", "fecha_dato": "2026-05-12", "ambito": "47670", "_raw_CD_SIGLAS": "SNUP", "_raw_DS_CLASIF_GEN": "Suelo No Urbanizable Protegido", "_raw_DS_CLASIF_DET": "Suelo No Urbanizable Protegido. Montes Preservados", "_raw_DS_DOCU": "PLAN GENERAL", "_raw_DS_LEY": "CM Ley 9/1995, E Ley 6/1998", "_raw_FC_AC": "2001-09-27", "_raw_NM_AREA_M2": 159112.934445055, "_cam_code": "047" }, "geometry": { "type": "Polygon", "coordinates": [ [ [ -4.0011, 40.6236 ], [ -4.0023, 40.6241 ], [ -4.0016, 40.6236 ], [ -4.0013, 40.6228 ], [ -4.0011, 40.6228 ], [ -4.001, 40.6201 ], [ -4.0004, 40.62 ], [ -4.0001, 40.6195 ], [ -4.0001, 40.6192 ], [ -4.0005, 40.6187 ], [ -4.0002, 40.6183 ], [ -3.999, 40.6173 ], [ -3.9975, 40.6174 ], [ -3.9953, 40.6181 ], [ -3.9955, 40.6184 ], [ -4.0011, 40.6236 ] ] ] } },
{ "type": "Feature", "properties": { "municipio": "Collado Villalba", "clasificacion": "no-urbanizable-protegido", "calificacion": "sin-asignar", "version": "vigente", "fuente": "SIT-CAM WFS — UsoDelSuelo:VPLA_V_CLASIFICACION (https://idem.comunidad.madrid/geosrvg/ows)", "fecha_dato": "2026-05-12", "ambito": "47670", "_raw_CD_SIGLAS": "SNUP", "_raw_DS_CLASIF_GEN": "Suelo No Urbanizable Protegido", "_raw_DS_CLASIF_DET": "Suelo No Urbanizable Protegido. Montes Preservados", "_raw_DS_DOCU": "PLAN GENERAL", "_raw_DS_LEY": "CM Ley 9/1995, E Ley 6/1998", "_raw_FC_AC": "2001-09-27", "_raw_NM_AREA_M2": 21105.1566907419, "_cam_code": "047" }, "geometry": { "type": "Polygon", "coordinates": [ [ [ -3.9932, 40.6341 ], [ -3.9939, 40.6331 ], [ -3.9938, 40.6325 ], [ -3.9931, 40.6322 ], [ -3.9917, 40.6307 ], [ -3.9932, 40.6341 ] ] ] } },
{ "type": "Feature", "properties": { "municipio": "Collado Villalba", "clasificacion": "no-urbanizable-protegido", "calificacion": "sin-asignar", "version": "vigente", "fuente": "SIT-CAM WFS — UsoDelSuelo:VPLA_V_CLASIFICACION (https://idem.comunidad.madrid/geosrvg/ows)", "fecha_dato": "2026-05-12", "ambito": "47670", "_raw_CD_SIGLAS": "SNUP", "_raw_DS_CLASIF_GEN": "Suelo No Urbanizable Protegido", "_raw_DS_CLASIF_DET": "Suelo No Urbanizable Protegido. Montes Preservados", "_raw_DS_DOCU": "PLAN GENERAL", "_raw_DS_LEY": "CM Ley 9/1995, E Ley 6/1998", "_raw_FC_AC": "2001-09-27", "_raw_NM_AREA_M2": 52687.306017638301, "_cam_code": "047" }, "geometry": { "type": "Polygon", "coordinates": [ [ [ -3.9878, 40.639 ], [ -3.9858, 40.6396 ], [ -3.9859, 40.6402 ], [ -3.9865, 40.6414 ], [ -3.9892, 40.641 ], [ -3.9891, 40.6409 ], [ -3.9891, 40.6404 ], [ -3.9887, 40.6397 ], [ -3.9878, 40.639 ] ] ] } },
{ "type": "Feature", "properties": { "municipio": "Collado Villalba", "clasificacion": "no-urbanizable-protegido", "calificacion": "sin-asignar", "version": "vigente", "fuente": "SIT-CAM WFS — UsoDelSuelo:VPLA_V_CLASIFICACION (https://idem.comunidad.madrid/geosrvg/ows)", "fecha_dato": "2026-05-12", "ambito": "47670", "_raw_CD_SIGLAS": "SNUP", "_raw_DS_CLASIF_GEN": "Suelo No Urbanizable Protegido", "_raw_DS_CLASIF_DET": "Suelo No Urbanizable Protegido. Montes Preservados", "_raw_DS_DOCU": "PLAN GENERAL", "_raw_DS_LEY": "CM Ley 9/1995, E Ley 6/1998", "_raw_FC_AC": "2001-09-27", "_raw_NM_AREA_M2": 421864.404824086, "_cam_code": "047" }, "geometry": { "type": "Polygon", "coordinates": [ [ [ -4.0075, 40.6468 ], [ -4.0072, 40.6478 ], [ -4.0073, 40.6481 ], [ -4.0081, 40.6479 ], [ -4.0087, 40.6472 ], [ -4.0101, 40.6471 ], [ -4.0105, 40.6466 ], [ -4.0111, 40.6464 ], [ -4.0118, 40.6464 ], [ -4.0125, 40.6466 ], [ -4.0129, 40.6469 ], [ -4.0133, 40.6469 ], [ -4.0137, 40.6466 ], [ -4.0144, 40.6458 ], [ -4.0147, 40.6452 ], [ -4.0157, 40.6446 ], [ -4.0157, 40.639 ], [ -4.0176, 40.6388 ], [ -4.0176, 40.6387 ], [ -4.0169, 40.6383 ], [ -4.0165, 40.6386 ], [ -4.0146, 40.6395 ], [ -4.0131, 40.6407 ], [ -4.0117, 40.641 ], [ -4.0117, 40.6411 ], [ -4.0113, 40.6411 ], [ -4.011, 40.6426 ], [ -4.0087, 40.6427 ], [ -4.0072, 40.643 ], [ -4.007, 40.6436 ], [ -4.0075, 40.6468 ] ] ] } },
{ "type": "Feature", "properties": { "municipio": "Collado Villalba", "clasificacion": "no-urbanizable-protegido", "calificacion": "sin-asignar", "version": "vigente", "fuente": "SIT-CAM WFS — UsoDelSuelo:VPLA_V_CLASIFICACION (https://idem.comunidad.madrid/geosrvg/ows)", "fecha_dato": "2026-05-12", "ambito": "47670", "_raw_CD_SIGLAS": "SNUP", "_raw_DS_CLASIF_GEN": "Suelo No Urbanizable Protegido", "_raw_DS_CLASIF_DET": "Suelo No Urbanizable Protegido Cuenca Alta del Manzanares zona A2 Reserva Natural Educativa", "_raw_DS_DOCU": "PLAN GENERAL", "_raw_DS_LEY": "CM Ley 9/1995, E Ley 6/1998", "_raw_FC_AC": "2001-09-27", "_raw_NM_AREA_M2": 220237.09165128, "_cam_code": "047" }, "geometry": { "type": "Polygon", "coordinates": [ [ [ -3.9718, 40.6609 ], [ -3.9777, 40.6617 ], [ -3.9796, 40.6624 ], [ -3.9802, 40.6625 ], [ -3.9809, 40.6611 ], [ -3.9815, 40.6603 ], [ -3.9823, 40.6584 ], [ -3.9818, 40.6584 ], [ -3.9816, 40.6582 ], [ -3.9802, 40.6585 ], [ -3.9792, 40.6589 ], [ -3.9782, 40.6594 ], [ -3.9779, 40.6599 ], [ -3.9769, 40.6608 ], [ -3.9757, 40.6611 ], [ -3.9746, 40.661 ], [ -3.9742, 40.6608 ], [ -3.9739, 40.6603 ], [ -3.9728, 40.66 ], [ -3.972, 40.6595 ], [ -3.9717, 40.6591 ], [ -3.9711, 40.6588 ], [ -3.9698, 40.6587 ], [ -3.9683, 40.6581 ], [ -3.9677, 40.6587 ], [ -3.9674, 40.6588 ], [ -3.9692, 40.6603 ], [ -3.9718, 40.6609 ] ] ] } },
{ "type": "Feature", "properties": { "municipio": "Collado Villalba", "clasificacion": "no-urbanizable-protegido", "calificacion": "sin-asignar", "version": "vigente", "fuente": "SIT-CAM WFS — UsoDelSuelo:VPLA_V_CLASIFICACION (https://idem.comunidad.madrid/geosrvg/ows)", "fecha_dato": "2026-05-12", "ambito": "47670", "_raw_CD_SIGLAS": "SNUP", "_raw_DS_CLASIF_GEN": "Suelo No Urbanizable Protegido", "_raw_DS_CLASIF_DET": "Suelo No Urbanizable Protegido Cuenca Alta del Manzanares zona A2 Reserva Natural Educativa", "_raw_DS_DOCU": "PLAN GENERAL", "_raw_DS_LEY": "CM Ley 9/1995, E Ley 6/1998", "_raw_FC_AC": "2001-09-27", "_raw_NM_AREA_M2": 1399262.87954208, "_cam_code": "047" }, "geometry": { "type": "Polygon", "coordinates": [ [ [ -3.9705, 40.6581 ], [ -3.9716, 40.6584 ], [ -3.9722, 40.6587 ], [ -3.9724, 40.6591 ], [ -3.9729, 40.6595 ], [ -3.9741, 40.6597 ], [ -3.9745, 40.66 ], [ -3.9748, 40.6605 ], [ -3.9761, 40.6605 ], [ -3.9766, 40.6603 ], [ -3.9771, 40.6599 ], [ -3.9776, 40.6591 ], [ -3.9782, 40.6587 ], [ -3.9802, 40.6579 ], [ -3.9807, 40.6579 ], [ -3.982, 40.6576 ], [ -3.9822, 40.6579 ], [ -3.9825, 40.6578 ], [ -3.9835, 40.6561 ], [ -3.9841, 40.6555 ], [ -3.9855, 40.6546 ], [ -3.987, 40.6532 ], [ -3.9874, 40.6524 ], [ -3.987, 40.6522 ], [ -3.987, 40.6521 ], [ -3.9874, 40.652 ], [ -3.9877, 40.6517 ], [ -3.9884, 40.6506 ], [ -3.9887, 40.6496 ], [ -3.9885, 40.649 ], [ -3.9879, 40.6483 ], [ -3.987, 40.6476 ], [ -3.9862, 40.6472 ], [ -3.9861, 40.6467 ], [ -3.9856, 40.6464 ], [ -3.9857, 40.6462 ], [ -3.9856, 40.6462 ], [ -3.9846, 40.6465 ], [ -3.983, 40.6481 ], [ -3.9788, 40.6493 ], [ -3.9791, 40.6493 ], [ -3.9768, 40.65 ], [ -3.9748, 40.6511 ], [ -3.9724, 40.651 ], [ -3.9708, 40.653 ], [ -3.97, 40.6558 ], [ -3.9691, 40.6578 ], [ -3.9693, 40.6578 ], [ -3.9698, 40.6582 ], [ -3.9705, 40.6581 ] ] ] } },
{ "type": "Feature", "properties": { "municipio": "Collado Villalba", "clasificacion": "no-urbanizable-protegido", "calificacion": "sin-asignar", "version": "vigente", "fuente": "SIT-CAM WFS — UsoDelSuelo:VPLA_V_CLASIFICACION (https://idem.comunidad.madrid/geosrvg/ows)", "fecha_dato": "2026-05-12", "ambito": "47670", "_raw_CD_SIGLAS": "SNUP", "_raw_DS_CLASIF_GEN": "Suelo No Urbanizable Protegido", "_raw_DS_CLASIF_DET": "Suelo No Urbanizable Protegido de Interés Natural o Paisajístico", "_raw_DS_DOCU": "PLAN GENERAL", "_raw_DS_LEY": "CM Ley 9/1995, E Ley 6/1998", "_raw_FC_AC": "2001-09-27", "_raw_NM_AREA_M2": 331334.54833842401, "_cam_code": "047" }, "geometry": { "type": "Polygon", "coordinates": [ [ [ -3.9871, 40.6569 ], [ -3.9863, 40.6573 ], [ -3.9855, 40.6579 ], [ -3.9849, 40.6587 ], [ -3.9871, 40.6586 ], [ -3.9877, 40.6584 ], [ -3.9884, 40.6578 ], [ -3.9903, 40.6574 ], [ -3.9907, 40.6572 ], [ -3.9917, 40.6563 ], [ -3.9919, 40.6557 ], [ -3.9919, 40.6552 ], [ -3.9916, 40.6545 ], [ -3.9916, 40.654 ], [ -3.9931, 40.6535 ], [ -3.9936, 40.6532 ], [ -3.9939, 40.6534 ], [ -3.9953, 40.6532 ], [ -3.9954, 40.6533 ], [ -3.9955, 40.6532 ], [ -3.9914, 40.651 ], [ -3.9894, 40.652 ], [ -3.989, 40.652 ], [ -3.9885, 40.6522 ], [ -3.9881, 40.6525 ], [ -3.9872, 40.6541 ], [ -3.9857, 40.6556 ], [ -3.9846, 40.6562 ], [ -3.9864, 40.6566 ], [ -3.9877, 40.656 ], [ -3.9871, 40.6569 ] ] ] } },
{ "type": "Feature", "properties": { "municipio": "Collado Villalba", "clasificacion": "no-urbanizable-protegido", "calificacion": "sin-asignar", "version": "vigente", "fuente": "SIT-CAM WFS — UsoDelSuelo:VPLA_V_CLASIFICACION (https://idem.comunidad.madrid/geosrvg/ows)", "fecha_dato": "2026-05-12", "ambito": "47670", "_raw_CD_SIGLAS": "SNUP", "_raw_DS_CLASIF_GEN": "Suelo No Urbanizable Protegido", "_raw_DS_CLASIF_DET": "Suelo No Urbanizable Protegido de Interés Natural o Paisajístico", "_raw_DS_DOCU": "PLAN GENERAL", "_raw_DS_LEY": "CM Ley 9/1995, E Ley 6/1998", "_raw_FC_AC": "2001-09-27", "_raw_NM_AREA_M2": 58526.478547224498, "_cam_code": "047" }, "geometry": { "type": "Polygon", "coordinates": [ [ [ -3.9934, 40.6611 ], [ -3.9934, 40.6636 ], [ -3.9952, 40.6634 ], [ -3.9957, 40.6598 ], [ -3.9934, 40.6611 ] ] ] } },
{ "type": "Feature", "properties": { "municipio": "Collado Villalba", "clasificacion": "no-urbanizable-protegido", "calificacion": "sin-asignar", "version": "vigente", "fuente": "SIT-CAM WFS — UsoDelSuelo:VPLA_V_CLASIFICACION (https://idem.comunidad.madrid/geosrvg/ows)", "fecha_dato": "2026-05-12", "ambito": "47670", "_raw_CD_SIGLAS": "SNUP", "_raw_DS_CLASIF_GEN": "Suelo No Urbanizable Protegido", "_raw_DS_CLASIF_DET": "Suelo No Urbanizable Protegido de Interés Natural o Paisajístico. Montes Preservados", "_raw_DS_DOCU": "PLAN GENERAL", "_raw_DS_LEY": "CM Ley 9/1995, E Ley 6/1998", "_raw_FC_AC": "2001-09-27", "_raw_NM_AREA_M2": 16630.150598135599, "_cam_code": "047" }, "geometry": { "type": "Polygon", "coordinates": [ [ [ -4.004, 40.652 ], [ -4.0064, 40.6505 ], [ -4.0069, 40.6488 ], [ -4.0067, 40.6491 ], [ -4.0064, 40.6491 ], [ -4.0062, 40.6494 ], [ -4.006, 40.6494 ], [ -4.0059, 40.6499 ], [ -4.005, 40.6504 ], [ -4.0053, 40.6506 ], [ -4.0053, 40.6509 ], [ -4.0051, 40.6513 ], [ -4.0046, 40.6514 ], [ -4.004, 40.652 ] ] ] } },
{ "type": "Feature", "properties": { "municipio": "Collado Villalba", "clasificacion": "no-urbanizable-protegido", "calificacion": "sin-asignar", "version": "vigente", "fuente": "SIT-CAM WFS — UsoDelSuelo:VPLA_V_CLASIFICACION (https://idem.comunidad.madrid/geosrvg/ows)", "fecha_dato": "2026-05-12", "ambito": "47670", "_raw_CD_SIGLAS": "SNUP", "_raw_DS_CLASIF_GEN": "Suelo No Urbanizable Protegido", "_raw_DS_CLASIF_DET": "Suelo No Urbanizable Protegido de Interés Natural o Paisajístico. Montes Preservados. Ribera", "_raw_DS_DOCU": "PLAN GENERAL", "_raw_DS_LEY": "CM Ley 9/1995, E Ley 6/1998", "_raw_FC_AC": "2001-09-27", "_raw_NM_AREA_M2": 103031.808788867, "_cam_code": "047" }, "geometry": { "type": "Polygon", "coordinates": [ [ [ -4.0035, 40.6519 ], [ -4.004, 40.652 ], [ -4.0046, 40.6514 ], [ -4.0051, 40.6513 ], [ -4.0053, 40.6509 ], [ -4.0053, 40.6506 ], [ -4.005, 40.6504 ], [ -4.0059, 40.6499 ], [ -4.006, 40.6494 ], [ -4.0062, 40.6494 ], [ -4.0064, 40.6491 ], [ -4.0067, 40.6491 ], [ -4.0069, 40.6488 ], [ -4.0067, 40.6485 ], [ -4.0067, 40.6482 ], [ -4.0063, 40.6481 ], [ -4.006, 40.6482 ], [ -4.0053, 40.6489 ], [ -4.0043, 40.6494 ], [ -4.0038, 40.65 ], [ -4.0032, 40.6498 ], [ -4.0032, 40.6497 ], [ -4.002, 40.6494 ], [ -4.0006, 40.6493 ], [ -4.0, 40.6495 ], [ -3.9999, 40.6498 ], [ -4.0002, 40.6502 ], [ -4.0032, 40.6518 ], [ -4.0033, 40.6517 ], [ -4.0035, 40.6519 ] ] ] } },
{ "type": "Feature", "properties": { "municipio": "Collado Villalba", "clasificacion": "no-urbanizable-protegido", "calificacion": "sin-asignar", "version": "vigente", "fuente": "SIT-CAM WFS — UsoDelSuelo:VPLA_V_CLASIFICACION (https://idem.comunidad.madrid/geosrvg/ows)", "fecha_dato": "2026-05-12", "ambito": "47670", "_raw_CD_SIGLAS": "SNUP", "_raw_DS_CLASIF_GEN": "Suelo No Urbanizable Protegido", "_raw_DS_CLASIF_DET": "Suelo No Urbanizable Protegido. Vía Pecuaria", "_raw_DS_DOCU": "PLAN GENERAL", "_raw_DS_LEY": "CM Ley 9/1995, E Ley 6/1998", "_raw_FC_AC": "2001-09-27", "_raw_NM_AREA_M2": 107444.257984126, "_cam_code": "047" }, "geometry": { "type": "Polygon", "coordinates": [ [ [ -4.0089, 40.6542 ], [ -4.0091, 40.655 ], [ -4.0092, 40.655 ], [ -4.0097, 40.6541 ], [ -4.0094, 40.6541 ], [ -4.0093, 40.6529 ], [ -4.0092, 40.6528 ], [ -4.0092, 40.6519 ], [ -4.0094, 40.6519 ], [ -4.0094, 40.6518 ], [ -4.0109, 40.652 ], [ -4.0109, 40.6519 ], [ -4.0113, 40.6517 ], [ -4.0093, 40.6512 ], [ -4.0083, 40.6507 ], [ -4.008, 40.6502 ], [ -4.0076, 40.6488 ], [ -4.0075, 40.6487 ], [ -4.0073, 40.6489 ], [ -4.0072, 40.6486 ], [ -4.0069, 40.6488 ], [ -4.0064, 40.6505 ], [ -4.0042, 40.6519 ], [ -4.0028, 40.6525 ], [ -4.0043, 40.6526 ], [ -4.0079, 40.6516 ], [ -4.0079, 40.6515 ], [ -4.0082, 40.6517 ], [ -4.0082, 40.6529 ], [ -4.0089, 40.6542 ] ] ] } },
{ "type": "Feature", "properties": { "municipio": "Collado Villalba", "clasificacion": "no-urbanizable-protegido", "calificacion": "sin-asignar", "version": "vigente", "fuente": "SIT-CAM WFS — UsoDelSuelo:VPLA_V_CLASIFICACION (https://idem.comunidad.madrid/geosrvg/ows)", "fecha_dato": "2026-05-12", "ambito": "47670", "_raw_CD_SIGLAS": "SNUP", "_raw_DS_CLASIF_GEN": "Suelo No Urbanizable Protegido", "_raw_DS_CLASIF_DET": "Suelo No Urbanizable Protegido. Vía Pecuaria", "_raw_DS_DOCU": "PLAN GENERAL", "_raw_DS_LEY": "CM Ley 9/1995, E Ley 6/1998", "_raw_FC_AC": "2001-09-27", "_raw_NM_AREA_M2": 42811.569203800304, "_cam_code": "047" }, "geometry": { "type": "Polygon", "coordinates": [ [ [ -3.9823, 40.6584 ], [ -3.9815, 40.6603 ], [ -3.9809, 40.6611 ], [ -3.9802, 40.6624 ], [ -3.9805, 40.6627 ], [ -3.9812, 40.6629 ], [ -3.9823, 40.6607 ], [ -3.9833, 40.6591 ], [ -3.9823, 40.6584 ] ] ] } },
{ "type": "Feature", "properties": { "municipio": "Collado Villalba", "clasificacion": "no-urbanizable-protegido", "calificacion": "sin-asignar", "version": "vigente", "fuente": "SIT-CAM WFS — UsoDelSuelo:VPLA_V_CLASIFICACION (https://idem.comunidad.madrid/geosrvg/ows)", "fecha_dato": "2026-05-12", "ambito": "47670", "_raw_CD_SIGLAS": "SNUP", "_raw_DS_CLASIF_GEN": "Suelo No Urbanizable Protegido", "_raw_DS_CLASIF_DET": "Suelo No Urbanizable Protegido. Vía Pecuaria. Ribera", "_raw_DS_DOCU": "PLAN GENERAL", "_raw_DS_LEY": "CM Ley 9/1995, E Ley 6/1998", "_raw_FC_AC": "2001-09-27", "_raw_NM_AREA_M2": 2540.6383934953301, "_cam_code": "047" }, "geometry": { "type": "Polygon", "coordinates": [ [ [ -3.9835, 40.6195 ], [ -3.9836, 40.6198 ], [ -3.9846, 40.6196 ], [ -3.9845, 40.6194 ], [ -3.9839, 40.6195 ], [ -3.9839, 40.6196 ], [ -3.9835, 40.6195 ] ] ] } },
{ "type": "Feature", "properties": { "municipio": "Collado Villalba", "clasificacion": "no-urbanizable-protegido", "calificacion": "sin-asignar", "version": "vigente", "fuente": "SIT-CAM WFS — UsoDelSuelo:VPLA_V_CLASIFICACION (https://idem.comunidad.madrid/geosrvg/ows)", "fecha_dato": "2026-05-12", "ambito": "47670", "_raw_CD_SIGLAS": "SNUP", "_raw_DS_CLASIF_GEN": "Suelo No Urbanizable Protegido", "_raw_DS_CLASIF_DET": "Suelo No Urbanizable Protegido. Vía Pecuaria. Ribera", "_raw_DS_DOCU": "PLAN GENERAL", "_raw_DS_LEY": "CM Ley 9/1995, E Ley 6/1998", "_raw_FC_AC": "2001-09-27", "_raw_NM_AREA_M2": 4879.1309326967703, "_cam_code": "047" }, "geometry": { "type": "Polygon", "coordinates": [ [ [ -4.0029, 40.6518 ], [ -4.0024, 40.6523 ], [ -4.0028, 40.6525 ], [ -4.004, 40.652 ], [ -4.0036, 40.6521 ], [ -4.0032, 40.6518 ], [ -4.0029, 40.6518 ] ] ] } },
{ "type": "Feature", "properties": { "municipio": "Collado Villalba", "clasificacion": "no-urbanizable-protegido", "calificacion": "sin-asignar", "version": "vigente", "fuente": "SIT-CAM WFS — UsoDelSuelo:VPLA_V_CLASIFICACION (https://idem.comunidad.madrid/geosrvg/ows)", "fecha_dato": "2026-05-12", "ambito": "47670", "_raw_CD_SIGLAS": "SNUP", "_raw_DS_CLASIF_GEN": "Suelo No Urbanizable Protegido", "_raw_DS_CLASIF_DET": "Suelo No Urbanizable Protegido. Vía Pecuaria. Ribera", "_raw_DS_DOCU": "PLAN GENERAL", "_raw_DS_LEY": "CM Ley 9/1995, E Ley 6/1998", "_raw_FC_AC": "2001-09-27", "_raw_NM_AREA_M2": 7137.5415600491997, "_cam_code": "047" }, "geometry": { "type": "Polygon", "coordinates": [ [ [ -3.9823, 40.6584 ], [ -3.9828, 40.6588 ], [ -3.9833, 40.6591 ], [ -3.9835, 40.6584 ], [ -3.9825, 40.6578 ], [ -3.9823, 40.6584 ] ] ] } },
{ "type": "Feature", "properties": { "municipio": "Collado Villalba", "clasificacion": "no-urbanizable-protegido", "calificacion": "sin-asignar", "version": "vigente", "fuente": "SIT-CAM WFS — UsoDelSuelo:VPLA_V_CLASIFICACION (https://idem.comunidad.madrid/geosrvg/ows)", "fecha_dato": "2026-05-12", "ambito": "47670", "_raw_CD_SIGLAS": "SNUP", "_raw_DS_CLASIF_GEN": "Suelo No Urbanizable Protegido", "_raw_DS_CLASIF_DET": "Suelo No Urbanizable Protegido de Interés Natural o Paisajístico", "_raw_DS_DOCU": "PLAN GENERAL", "_raw_DS_LEY": "CM Ley 9/1995, E Ley 6/1998", "_raw_FC_AC": "2001-09-27", "_raw_NM_AREA_M2": 131966.90267526699, "_cam_code": "047" }, "geometry": { "type": "Polygon", "coordinates": [ [ [ -4.0034, 40.6247 ], [ -4.0035, 40.6245 ], [ -4.0034, 40.6244 ], [ -4.0029, 40.6243 ], [ -4.0023, 40.6239 ], [ -4.0018, 40.6232 ], [ -4.0017, 40.6225 ], [ -4.0019, 40.6224 ], [ -4.002, 40.622 ], [ -4.0025, 40.6217 ], [ -4.0026, 40.6215 ], [ -4.0026, 40.6205 ], [ -4.0025, 40.6205 ], [ -4.0025, 40.6203 ], [ -4.0026, 40.62 ], [ -4.0028, 40.6199 ], [ -4.0028, 40.6197 ], [ -4.003, 40.6197 ], [ -4.003, 40.6192 ], [ -4.0032, 40.6187 ], [ -4.0031, 40.6178 ], [ -4.0028, 40.617 ], [ -4.0034, 40.6166 ], [ -4.0044, 40.6163 ], [ -4.0035, 40.6164 ], [ -4.0008, 40.6171 ], [ -3.999, 40.6173 ], [ -4.0002, 40.6183 ], [ -4.0005, 40.6187 ], [ -4.0001, 40.6192 ], [ -4.0001, 40.6195 ], [ -4.0004, 40.62 ], [ -4.001, 40.6201 ], [ -4.0011, 40.6228 ], [ -4.0013, 40.6228 ], [ -4.0016, 40.6236 ], [ -4.0018, 40.6238 ], [ -4.0034, 40.6247 ] ] ] } },
{ "type": "Feature", "properties": { "municipio": "Collado Villalba", "clasificacion": "no-urbanizable-protegido", "calificacion": "sin-asignar", "version": "vigente", "fuente": "SIT-CAM WFS — UsoDelSuelo:VPLA_V_CLASIFICACION (https://idem.comunidad.madrid/geosrvg/ows)", "fecha_dato": "2026-05-12", "ambito": "47670", "_raw_CD_SIGLAS": "SNUP", "_raw_DS_CLASIF_GEN": "Suelo No Urbanizable Protegido", "_raw_DS_CLASIF_DET": "Suelo No Urbanizable Protegido de Interés Natural o Paisajístico", "_raw_DS_DOCU": "PLAN GENERAL", "_raw_DS_LEY": "CM Ley 9/1995, E Ley 6/1998", "_raw_FC_AC": "2001-09-27", "_raw_NM_AREA_M2": 595748.36546577106, "_cam_code": "047" }, "geometry": { "type": "Polygon", "coordinates": [ [ [ -3.9987, 40.6496 ], [ -4.0004, 40.6503 ], [ -4.0005, 40.6503 ], [ -4.0002, 40.6502 ], [ -3.9999, 40.6498 ], [ -4.0, 40.6495 ], [ -4.0006, 40.6493 ], [ -4.002, 40.6494 ], [ -4.0032, 40.6497 ], [ -4.0032, 40.6498 ], [ -4.0038, 40.65 ], [ -4.0043, 40.6494 ], [ -4.0053, 40.6489 ], [ -4.006, 40.6482 ], [ -4.0062, 40.6482 ], [ -4.0062, 40.6481 ], [ -4.0067, 40.6482 ], [ -4.0065, 40.6476 ], [ -4.0068, 40.6465 ], [ -4.0064, 40.6456 ], [ -4.0056, 40.6428 ], [ -4.0023, 40.6436 ], [ -4.0003, 40.6429 ], [ -4.0003, 40.643 ], [ -4.0, 40.643 ], [ -3.9999, 40.6428 ], [ -3.9977, 40.6422 ], [ -3.9965, 40.6423 ], [ -3.9962, 40.6426 ], [ -3.9962, 40.6437 ], [ -3.9963, 40.6439 ], [ -3.9961, 40.6448 ], [ -3.9951, 40.6461 ], [ -3.9957, 40.6466 ], [ -3.9962, 40.6468 ], [ -3.9965, 40.6477 ], [ -3.9978, 40.6475 ], [ -3.9981, 40.6492 ], [ -3.9987, 40.6496 ] ] ] } },
{ "type": "Feature", "properties": { "municipio": "Collado Villalba", "clasificacion": "no-urbanizable-protegido", "calificacion": "sin-asignar", "version": "vigente", "fuente": "SIT-CAM WFS — UsoDelSuelo:VPLA_V_CLASIFICACION (https://idem.comunidad.madrid/geosrvg/ows)", "fecha_dato": "2026-05-12", "ambito": "47670", "_raw_CD_SIGLAS": "SNUP", "_raw_DS_CLASIF_GEN": "Suelo No Urbanizable Protegido", "_raw_DS_CLASIF_DET": "Suelo No Urbanizable Protegido de Interés Natural o Paisajístico", "_raw_DS_DOCU": "PLAN GENERAL", "_raw_DS_LEY": "CM Ley 9/1995, E Ley 6/1998", "_raw_FC_AC": "2001-09-27", "_raw_NM_AREA_M2": 64791.444126773, "_cam_code": "047" }, "geometry": { "type": "Polygon", "coordinates": [ [ [ -3.9998, 40.6538 ], [ -4.0001, 40.6549 ], [ -3.9998, 40.6552 ], [ -3.9998, 40.6554 ], [ -4.0001, 40.6556 ], [ -4.0003, 40.6561 ], [ -4.0013, 40.6552 ], [ -4.0024, 40.6538 ], [ -4.0027, 40.6537 ], [ -4.0031, 40.6527 ], [ -4.0034, 40.6526 ], [ -4.0037, 40.653 ], [ -4.0062, 40.652 ], [ -4.0043, 40.6526 ], [ -4.0034, 40.6526 ], [ -4.0024, 40.6523 ], [ -4.0023, 40.6526 ], [ -4.0019, 40.6526 ], [ -4.0016, 40.6528 ], [ -4.0011, 40.6529 ], [ -4.0009, 40.6532 ], [ -4.0004, 40.6532 ], [ -4.0003, 40.6531 ], [ -3.9996, 40.6532 ], [ -3.9995, 40.6533 ], [ -3.9995, 40.6534 ], [ -3.9994, 40.6535 ], [ -3.9994, 40.6536 ], [ -3.9994, 40.6535 ], [ -3.9999, 40.6533 ], [ -3.9998, 40.6538 ] ] ] } },
{ "type": "Feature", "properties": { "municipio": "Collado Villalba", "clasificacion": "no-urbanizable-protegido", "calificacion": "sin-asignar", "version": "vigente", "fuente": "SIT-CAM WFS — UsoDelSuelo:VPLA_V_CLASIFICACION (https://idem.comunidad.madrid/geosrvg/ows)", "fecha_dato": "2026-05-12", "ambito": "47670", "_raw_CD_SIGLAS": "SNUP", "_raw_DS_CLASIF_GEN": "Suelo No Urbanizable Protegido", "_raw_DS_CLASIF_DET": "Suelo No Urbanizable Protegido de Interés Natural o Paisajístico", "_raw_DS_DOCU": "PLAN GENERAL", "_raw_DS_LEY": "CM Ley 9/1995, E Ley 6/1998", "_raw_FC_AC": "2001-09-27", "_raw_NM_AREA_M2": 317273.48727135599, "_cam_code": "047" }, "geometry": { "type": "Polygon", "coordinates": [ [ [ -3.9952, 40.6634 ], [ -3.9949, 40.6649 ], [ -3.9934, 40.6667 ], [ -3.994, 40.6674 ], [ -3.9948, 40.674 ], [ -3.9955, 40.6772 ], [ -3.9955, 40.6793 ], [ -3.9953, 40.6802 ], [ -3.9953, 40.6811 ], [ -3.9962, 40.6777 ], [ -3.9967, 40.6762 ], [ -3.9972, 40.6752 ], [ -3.9974, 40.6739 ], [ -3.9967, 40.6703 ], [ -3.9964, 40.6694 ], [ -3.9961, 40.6665 ], [ -3.9972, 40.6653 ], [ -3.9974, 40.6647 ], [ -3.9983, 40.6634 ], [ -3.9974, 40.6631 ], [ -3.9952, 40.6634 ] ] ] } },
{ "type": "Feature", "properties": { "municipio": "Collado Villalba", "clasificacion": "no-urbanizable-protegido", "calificacion": "sin-asignar", "version": "vigente", "fuente": "SIT-CAM WFS — UsoDelSuelo:VPLA_V_CLASIFICACION (https://idem.comunidad.madrid/geosrvg/ows)", "fecha_dato": "2026-05-12", "ambito": "47670", "_raw_CD_SIGLAS": "SNUP", "_raw_DS_CLASIF_GEN": "Suelo No Urbanizable Protegido", "_raw_DS_CLASIF_DET": "Suelo No Urbanizable Protegido Parque Regional Cuenca Alta del Manzanares zona A2. Reserva Natural Educativa Montes Preservados", "_raw_DS_DOCU": "PLAN GENERAL", "_raw_DS_LEY": "CM Ley 9/1995, E Ley 6/1998", "_raw_FC_AC": "2001-09-27", "_raw_NM_AREA_M2": 398660.12210396101, "_cam_code": "047" }, "geometry": { "type": "Polygon", "coordinates": [ [ [ -3.9537, 40.6441 ], [ -3.9536, 40.6462 ], [ -3.9538, 40.6471 ], [ -3.9536, 40.6483 ], [ -3.9537, 40.6511 ], [ -3.9543, 40.6487 ], [ -3.9542, 40.648 ], [ -3.9547, 40.6476 ], [ -3.9557, 40.6444 ], [ -3.9571, 40.6449 ], [ -3.9588, 40.6462 ], [ -3.9598, 40.6464 ], [ -3.9609, 40.6469 ], [ -3.9609, 40.6468 ], [ -3.9615, 40.6466 ], [ -3.9623, 40.6466 ], [ -3.9628, 40.6471 ], [ -3.9632, 40.6452 ], [ -3.9652, 40.6454 ], [ -3.9666, 40.6463 ], [ -3.9681, 40.6468 ], [ -3.9688, 40.6468 ], [ -3.9701, 40.6459 ], [ -3.9702, 40.6453 ], [ -3.9708, 40.6446 ], [ -3.9735, 40.6447 ], [ -3.9736, 40.6422 ], [ -3.9727, 40.6422 ], [ -3.969, 40.644 ], [ -3.9537, 40.6441 ] ] ] } },
{ "type": "Feature", "properties": { "municipio": "Collado Villalba", "clasificacion": "no-urbanizable-protegido", "calificacion": "sin-asignar", "version": "vigente", "fuente": "SIT-CAM WFS — UsoDelSuelo:VPLA_V_CLASIFICACION (https://idem.comunidad.madrid/geosrvg/ows)", "fecha_dato": "2026-05-12", "ambito": "47670", "_raw_CD_SIGLAS": "SNUP", "_raw_DS_CLASIF_GEN": "Suelo No Urbanizable Protegido", "_raw_DS_CLASIF_DET": "Suelo No Urbanizable Protegido Parque Regional Cuenca Alta del Manzanares zona A2. Reserva Natural Educativa Montes Preservados", "_raw_DS_DOCU": "PLAN GENERAL", "_raw_DS_LEY": "CM Ley 9/1995, E Ley 6/1998", "_raw_FC_AC": "2001-09-27", "_raw_NM_AREA_M2": 15522.767945284901, "_cam_code": "047" }, "geometry": { "type": "Polygon", "coordinates": [ [ [ -3.9548, 40.6521 ], [ -3.9539, 40.6522 ], [ -3.9545, 40.6534 ], [ -3.9548, 40.6536 ], [ -3.9556, 40.6533 ], [ -3.9555, 40.6528 ], [ -3.9556, 40.6526 ], [ -3.9548, 40.6521 ] ] ] } },
{ "type": "Feature", "properties": { "municipio": "Collado Villalba", "clasificacion": "no-urbanizable-protegido", "calificacion": "sin-asignar", "version": "vigente", "fuente": "SIT-CAM WFS — UsoDelSuelo:VPLA_V_CLASIFICACION (https://idem.comunidad.madrid/geosrvg/ows)", "fecha_dato": "2026-05-12", "ambito": "47670", "_raw_CD_SIGLAS": "SNUP", "_raw_DS_CLASIF_GEN": "Suelo No Urbanizable Protegido", "_raw_DS_CLASIF_DET": "Suelo No Urbanizable Protegido Parque Regional Cuenca Alta del Manzanares zona A2. Reserva Natural Educativa Ribera", "_raw_DS_DOCU": "PLAN GENERAL", "_raw_DS_LEY": "CM Ley 9/1995, E Ley 6/1998", "_raw_FC_AC": "2001-09-27", "_raw_NM_AREA_M2": 217664.85392248101, "_cam_code": "047" }, "geometry": { "type": "Polygon", "coordinates": [ [ [ -3.9581, 40.6329 ], [ -3.9566, 40.6348 ], [ -3.9567, 40.6354 ], [ -3.9564, 40.636 ], [ -3.9562, 40.6368 ], [ -3.9562, 40.6374 ], [ -3.9556, 40.6383 ], [ -3.9549, 40.639 ], [ -3.9548, 40.6394 ], [ -3.9539, 40.64 ], [ -3.9531, 40.6401 ], [ -3.9526, 40.6403 ], [ -3.9525, 40.6405 ], [ -3.9524, 40.6408 ], [ -3.9525, 40.6415 ], [ -3.9521, 40.6418 ], [ -3.9523, 40.6428 ], [ -3.952, 40.6435 ], [ -3.9523, 40.644 ], [ -3.9524, 40.6445 ], [ -3.9529, 40.6451 ], [ -3.9529, 40.6455 ], [ -3.9526, 40.6459 ], [ -3.9519, 40.6462 ], [ -3.9504, 40.6473 ], [ -3.9494, 40.6475 ], [ -3.9488, 40.6482 ], [ -3.949, 40.6484 ], [ -3.9497, 40.6482 ], [ -3.9499, 40.6479 ], [ -3.9509, 40.6477 ], [ -3.9521, 40.6467 ], [ -3.9531, 40.6463 ], [ -3.9535, 40.6458 ], [ -3.9536, 40.6449 ], [ -3.9531, 40.6443 ], [ -3.9527, 40.6434 ], [ -3.953, 40.6431 ], [ -3.953, 40.6426 ], [ -3.9528, 40.642 ], [ -3.9534, 40.6416 ], [ -3.9532, 40.6408 ], [ -3.9534, 40.6406 ], [ -3.9541, 40.6405 ], [ -3.9552, 40.6398 ], [ -3.9564, 40.6383 ], [ -3.957, 40.6372 ], [ -3.9569, 40.6368 ], [ -3.9571, 40.636 ], [ -3.9574, 40.6355 ], [ -3.9573, 40.6348 ], [ -3.9574, 40.6344 ], [ -3.9587, 40.6333 ], [ -3.959, 40.6329 ], [ -3.9595, 40.6326 ], [ -3.9596, 40.6324 ], [ -3.9604, 40.632 ], [ -3.9608, 40.6316 ], [ -3.9616, 40.6312 ], [ -3.9618, 40.6309 ], [ -3.9624, 40.6306 ], [ -3.9632, 40.6304 ], [ -3.9636, 40.6299 ], [ -3.9643, 40.6296 ], [ -3.9668, 40.6298 ], [ -3.968, 40.6296 ], [ -3.9684, 40.6292 ], [ -3.9699, 40.6291 ], [ -3.9703, 40.6288 ], [ -3.9717, 40.6282 ], [ -3.9725, 40.6275 ], [ -3.9728, 40.6276 ], [ -3.974, 40.6275 ], [ -3.9743, 40.6273 ], [ -3.9752, 40.626 ], [ -3.9763, 40.6252 ], [ -3.9765, 40.6248 ], [ -3.9772, 40.6242 ], [ -3.9777, 40.624 ], [ -3.9786, 40.6226 ], [ -3.9789, 40.6225 ], [ -3.9798, 40.6216 ], [ -3.9804, 40.6203 ], [ -3.9812, 40.6202 ], [ -3.9821, 40.6199 ], [ -3.9824, 40.62 ], [ -3.9829, 40.6199 ], [ -3.9832, 40.6197 ], [ -3.9836, 40.6198 ], [ -3.9835, 40.6195 ], [ -3.9831, 40.6194 ], [ -3.9827, 40.6197 ], [ -3.9817, 40.6197 ], [ -3.9812, 40.6198 ], [ -3.9809, 40.62 ], [ -3.98, 40.6201 ], [ -3.9795, 40.6212 ], [ -3.9794, 40.6212 ], [ -3.9794, 40.6215 ], [ -3.9792, 40.6216 ], [ -3.979, 40.622 ], [ -3.978, 40.6227 ], [ -3.9775, 40.6237 ], [ -3.9769, 40.624 ], [ -3.9765, 40.6245 ], [ -3.9763, 40.6245 ], [ -3.9761, 40.6247 ], [ -3.976, 40.625 ], [ -3.9757, 40.6253 ], [ -3.9754, 40.6254 ], [ -3.9753, 40.6256 ], [ -3.9747, 40.626 ], [ -3.9743, 40.6268 ], [ -3.974, 40.6271 ], [ -3.9735, 40.6273 ], [ -3.9722, 40.6273 ], [ -3.9716, 40.6279 ], [ -3.9702, 40.6285 ], [ -3.9696, 40.6289 ], [ -3.9682, 40.629 ], [ -3.9678, 40.6294 ], [ -3.9668, 40.6295 ], [ -3.9646, 40.6293 ], [ -3.9634, 40.6296 ], [ -3.963, 40.6302 ], [ -3.9623, 40.6303 ], [ -3.962, 40.6304 ], [ -3.9619, 40.6306 ], [ -3.9616, 40.6306 ], [ -3.9613, 40.6311 ], [ -3.9609, 40.6313 ], [ -3.9606, 40.6313 ], [ -3.96, 40.6319 ], [ -3.9594, 40.6321 ], [ -3.9591, 40.6325 ], [ -3.9584, 40.633 ], [ -3.9581, 40.6329 ] ] ] } },
{ "type": "Feature", "properties": { "municipio": "Collado Villalba", "clasificacion": "no-urbanizable-protegido", "calificacion": "sin-asignar", "version": "vigente", "fuente": "SIT-CAM WFS — UsoDelSuelo:VPLA_V_CLASIFICACION (https://idem.comunidad.madrid/geosrvg/ows)", "fecha_dato": "2026-05-12", "ambito": "47670", "_raw_CD_SIGLAS": "SNUP", "_raw_DS_CLASIF_GEN": "Suelo No Urbanizable Protegido", "_raw_DS_CLASIF_DET": "Suelo No Urbanizable Protegido Parque Regional Cuenca Alta del Manzanares zona A2. Reserva Natural Educativa Ribera", "_raw_DS_DOCU": "PLAN GENERAL", "_raw_DS_LEY": "CM Ley 9/1995, E Ley 6/1998", "_raw_FC_AC": "2001-09-27", "_raw_NM_AREA_M2": 92173.927025293, "_cam_code": "047" }, "geometry": { "type": "Polygon", "coordinates": [ [ [ -3.9742, 40.6608 ], [ -3.9746, 40.661 ], [ -3.9757, 40.6611 ], [ -3.9764, 40.661 ], [ -3.9769, 40.6608 ], [ -3.9775, 40.6603 ], [ -3.9782, 40.6594 ], [ -3.9802, 40.6585 ], [ -3.9816, 40.6582 ], [ -3.9818, 40.6584 ], [ -3.9823, 40.6584 ], [ -3.9825, 40.6578 ], [ -3.9822, 40.6579 ], [ -3.982, 40.6576 ], [ -3.9807, 40.6579 ], [ -3.9802, 40.6579 ], [ -3.9782, 40.6587 ], [ -3.9776, 40.6591 ], [ -3.9771, 40.6599 ], [ -3.9766, 40.6603 ], [ -3.9761, 40.6605 ], [ -3.9748, 40.6605 ], [ -3.9745, 40.66 ], [ -3.9741, 40.6597 ], [ -3.9729, 40.6595 ], [ -3.9724, 40.6591 ], [ -3.9722, 40.6587 ], [ -3.9716, 40.6584 ], [ -3.9705, 40.6581 ], [ -3.9698, 40.6582 ], [ -3.9693, 40.6578 ], [ -3.9691, 40.6578 ], [ -3.9689, 40.6582 ], [ -3.9681, 40.6579 ], [ -3.9666, 40.6581 ], [ -3.9674, 40.6588 ], [ -3.9677, 40.6587 ], [ -3.9683, 40.6581 ], [ -3.9698, 40.6587 ], [ -3.9711, 40.6588 ], [ -3.9717, 40.6591 ], [ -3.972, 40.6595 ], [ -3.9728, 40.66 ], [ -3.9739, 40.6603 ], [ -3.9742, 40.6608 ] ] ] } },
{ "type": "Feature", "properties": { "municipio": "Collado Villalba", "clasificacion": "no-urbanizable-protegido", "calificacion": "sin-asignar", "version": "vigente", "fuente": "SIT-CAM WFS — UsoDelSuelo:VPLA_V_CLASIFICACION (https://idem.comunidad.madrid/geosrvg/ows)", "fecha_dato": "2026-05-12", "ambito": "47670", "_raw_CD_SIGLAS": "SNUP", "_raw_DS_CLASIF_GEN": "Suelo No Urbanizable Protegido", "_raw_DS_CLASIF_DET": "Suelo No Urbanizable Protegido. Vía Pecuaria", "_raw_DS_DOCU": "PLAN GENERAL", "_raw_DS_LEY": "CM Ley 9/1995, E Ley 6/1998", "_raw_FC_AC": "2001-09-27", "_raw_NM_AREA_M2": 19549.569505478299, "_cam_code": "047" }, "geometry": { "type": "Polygon", "coordinates": [ [ [ -4.0151, 40.6371 ], [ -4.0125, 40.639 ], [ -4.0126, 40.6394 ], [ -4.0113, 40.6403 ], [ -4.0085, 40.6411 ], [ -4.0068, 40.6414 ], [ -4.0069, 40.6416 ], [ -4.0103, 40.6408 ], [ -4.0123, 40.64 ], [ -4.0129, 40.6395 ], [ -4.0128, 40.639 ], [ -4.0153, 40.6372 ], [ -4.0151, 40.6371 ] ] ] } },
{ "type": "Feature", "properties": { "municipio": "Collado Villalba", "clasificacion": "no-urbanizable-protegido", "calificacion": "sin-asignar", "version": "vigente", "fuente": "SIT-CAM WFS — UsoDelSuelo:VPLA_V_CLASIFICACION (https://idem.comunidad.madrid/geosrvg/ows)", "fecha_dato": "2026-05-12", "ambito": "47670", "_raw_CD_SIGLAS": "SNUP", "_raw_DS_CLASIF_GEN": "Suelo No Urbanizable Protegido", "_raw_DS_CLASIF_DET": "Suelo No Urbanizable Protegido. Montes Preservados", "_raw_DS_DOCU": "PLAN GENERAL", "_raw_DS_LEY": "CM Ley 9/1995, E Ley 6/1998", "_raw_FC_AC": "2001-09-27", "_raw_NM_AREA_M2": 287028.54792339099, "_cam_code": "047" }, "geometry": { "type": "Polygon", "coordinates": [ [ [ -3.9548, 40.6521 ], [ -3.9556, 40.6526 ], [ -3.9567, 40.6515 ], [ -3.9572, 40.6513 ], [ -3.958, 40.6505 ], [ -3.9581, 40.65 ], [ -3.9584, 40.6498 ], [ -3.9583, 40.6486 ], [ -3.9585, 40.6486 ], [ -3.9585, 40.6485 ], [ -3.9593, 40.6486 ], [ -3.9597, 40.6484 ], [ -3.9605, 40.6484 ], [ -3.9602, 40.6479 ], [ -3.9609, 40.6469 ], [ -3.9598, 40.6464 ], [ -3.9588, 40.6462 ], [ -3.9571, 40.6449 ], [ -3.9557, 40.6444 ], [ -3.9547, 40.6476 ], [ -3.9542, 40.648 ], [ -3.9543, 40.6487 ], [ -3.9537, 40.6511 ], [ -3.9537, 40.6517 ], [ -3.9539, 40.6522 ], [ -3.9548, 40.6521 ] ] ] } },
{ "type": "Feature", "properties": { "municipio": "Collado Villalba", "clasificacion": "no-urbanizable-protegido", "calificacion": "sin-asignar", "version": "vigente", "fuente": "SIT-CAM WFS — UsoDelSuelo:VPLA_V_CLASIFICACION (https://idem.comunidad.madrid/geosrvg/ows)", "fecha_dato": "2026-05-12", "ambito": "47670", "_raw_CD_SIGLAS": "SNUP", "_raw_DS_CLASIF_GEN": "Suelo No Urbanizable Protegido", "_raw_DS_CLASIF_DET": "Suelo No Urbanizable Protegido. Montes Preservados", "_raw_DS_DOCU": "PLAN GENERAL", "_raw_DS_LEY": "CM Ley 9/1995, E Ley 6/1998", "_raw_FC_AC": "2001-09-27", "_raw_NM_AREA_M2": 20632.271722779999, "_cam_code": "047" }, "geometry": { "type": "Polygon", "coordinates": [ [ [ -3.9564, 40.6575 ], [ -3.9547, 40.6579 ], [ -3.957, 40.6582 ], [ -3.9592, 40.6583 ], [ -3.961, 40.6582 ], [ -3.9596, 40.6581 ], [ -3.9586, 40.6578 ], [ -3.9564, 40.6575 ] ] ] } },
{ "type": "Feature", "properties": { "municipio": "Collado Villalba", "clasificacion": "no-urbanizable-protegido", "calificacion": "sin-asignar", "version": "vigente", "fuente": "SIT-CAM WFS — UsoDelSuelo:VPLA_V_CLASIFICACION (https://idem.comunidad.madrid/geosrvg/ows)", "fecha_dato": "2026-05-12", "ambito": "47670", "_raw_CD_SIGLAS": "SNUP", "_raw_DS_CLASIF_GEN": "Suelo No Urbanizable Protegido", "_raw_DS_CLASIF_DET": "Suelo No Urbanizable Protegido. Montes Preservados", "_raw_DS_DOCU": "PLAN GENERAL", "_raw_DS_LEY": "CM Ley 9/1995, E Ley 6/1998", "_raw_FC_AC": "2001-09-27", "_raw_NM_AREA_M2": 1127438.45854412, "_cam_code": "047" }, "geometry": { "type": "Polygon", "coordinates": [ [ [ -3.9829, 40.6633 ], [ -3.9865, 40.6649 ], [ -3.9899, 40.6659 ], [ -3.9934, 40.6667 ], [ -3.9949, 40.6649 ], [ -3.9952, 40.6634 ], [ -3.9974, 40.6631 ], [ -3.9983, 40.6634 ], [ -3.9983, 40.6633 ], [ -3.9992, 40.6633 ], [ -4.0001, 40.6634 ], [ -4.0017, 40.6633 ], [ -4.0017, 40.6632 ], [ -4.0014, 40.6627 ], [ -4.0014, 40.6617 ], [ -4.0013, 40.6617 ], [ -4.0012, 40.6612 ], [ -4.0009, 40.661 ], [ -4.0009, 40.6603 ], [ -4.001, 40.6603 ], [ -3.9999, 40.6592 ], [ -3.9999, 40.659 ], [ -4.0002, 40.6588 ], [ -4.0002, 40.6584 ], [ -3.9997, 40.6582 ], [ -3.9994, 40.6578 ], [ -3.9991, 40.6561 ], [ -3.9987, 40.6557 ], [ -3.9985, 40.6552 ], [ -3.9986, 40.6548 ], [ -3.9982, 40.655 ], [ -3.9979, 40.655 ], [ -3.9966, 40.6547 ], [ -3.9944, 40.6555 ], [ -3.9939, 40.6558 ], [ -3.9937, 40.6562 ], [ -3.9938, 40.6566 ], [ -3.9937, 40.6572 ], [ -3.9934, 40.6577 ], [ -3.993, 40.658 ], [ -3.9921, 40.6585 ], [ -3.9913, 40.6584 ], [ -3.9902, 40.6585 ], [ -3.9882, 40.6598 ], [ -3.9874, 40.6599 ], [ -3.986, 40.6594 ], [ -3.9846, 40.6597 ], [ -3.984, 40.6596 ], [ -3.9833, 40.6591 ], [ -3.9823, 40.6607 ], [ -3.9812, 40.6629 ], [ -3.9829, 40.6633 ] ], [ [ -3.9952, 40.6634 ], [ -3.9934, 40.6636 ], [ -3.9934, 40.6611 ], [ -3.9957, 40.6598 ], [ -3.9952, 40.6634 ] ] ] } },
{ "type": "Feature", "properties": { "municipio": "Collado Villalba", "clasificacion": "no-urbanizable-protegido", "calificacion": "sin-asignar", "version": "vigente", "fuente": "SIT-CAM WFS — UsoDelSuelo:VPLA_V_CLASIFICACION (https://idem.comunidad.madrid/geosrvg/ows)", "fecha_dato": "2026-05-12", "ambito": "47670", "_raw_CD_SIGLAS": "SNUP", "_raw_DS_CLASIF_GEN": "Suelo No Urbanizable Protegido", "_raw_DS_CLASIF_DET": "Suelo No Urbanizable Protegido. Montes Preservados", "_raw_DS_DOCU": "PLAN GENERAL", "_raw_DS_LEY": "CM Ley 9/1995, E Ley 6/1998", "_raw_FC_AC": "2001-09-27", "_raw_NM_AREA_M2": 189335.16427771701, "_cam_code": "047" }, "geometry": { "type": "Polygon", "coordinates": [ [ [ -3.9859, 40.6588 ], [ -3.9871, 40.6592 ], [ -3.9878, 40.6593 ], [ -3.9882, 40.6592 ], [ -3.9886, 40.6588 ], [ -3.9894, 40.6584 ], [ -3.99, 40.6579 ], [ -3.9919, 40.6579 ], [ -3.9928, 40.6574 ], [ -3.9931, 40.6568 ], [ -3.9929, 40.6561 ], [ -3.9933, 40.6554 ], [ -3.9946, 40.6547 ], [ -3.997, 40.6539 ], [ -3.9958, 40.6537 ], [ -3.9953, 40.6532 ], [ -3.9939, 40.6534 ], [ -3.9936, 40.6532 ], [ -3.9931, 40.6535 ], [ -3.992, 40.6538 ], [ -3.9916, 40.654 ], [ -3.9916, 40.6545 ], [ -3.9919, 40.6552 ], [ -3.9919, 40.6557 ], [ -3.9917, 40.6563 ], [ -3.991, 40.657 ], [ -3.9903, 40.6574 ], [ -3.9884, 40.6578 ], [ -3.9877, 40.6584 ], [ -3.9871, 40.6586 ], [ -3.9849, 40.6587 ], [ -3.9855, 40.6579 ], [ -3.9863, 40.6573 ], [ -3.9871, 40.6569 ], [ -3.9877, 40.656 ], [ -3.9864, 40.6566 ], [ -3.9846, 40.6562 ], [ -3.9838, 40.6572 ], [ -3.9835, 40.6584 ], [ -3.9839, 40.6587 ], [ -3.9839, 40.6589 ], [ -3.9847, 40.6592 ], [ -3.9859, 40.6588 ] ] ] } },
{ "type": "Feature", "properties": { "municipio": "Collado Villalba", "clasificacion": "no-urbanizable-protegido", "calificacion": "sin-asignar", "version": "vigente", "fuente": "SIT-CAM WFS — UsoDelSuelo:VPLA_V_CLASIFICACION (https://idem.comunidad.madrid/geosrvg/ows)", "fecha_dato": "2026-05-12", "ambito": "47670", "_raw_CD_SIGLAS": "SNUP", "_raw_DS_CLASIF_GEN": "Suelo No Urbanizable Protegido", "_raw_DS_CLASIF_DET": "Suelo No Urbanizable Protegido. Montes Preservados", "_raw_DS_DOCU": "PLAN GENERAL", "_raw_DS_LEY": "CM Ley 9/1995, E Ley 6/1998", "_raw_FC_AC": "2001-09-27", "_raw_NM_AREA_M2": 516832.77459317801, "_cam_code": "047" }, "geometry": { "type": "Polygon", "coordinates": [ [ [ -4.0009, 40.6584 ], [ -4.0009, 40.659 ], [ -4.0007, 40.6592 ], [ -4.0017, 40.66 ], [ -4.0016, 40.6608 ], [ -4.0019, 40.661 ], [ -4.0021, 40.6617 ], [ -4.0021, 40.6626 ], [ -4.0025, 40.6633 ], [ -4.0033, 40.6633 ], [ -4.0044, 40.6631 ], [ -4.0066, 40.6624 ], [ -4.0049, 40.6609 ], [ -4.003, 40.6598 ], [ -4.0019, 40.6584 ], [ -4.0043, 40.6588 ], [ -4.008, 40.6585 ], [ -4.0091, 40.655 ], [ -4.0088, 40.6539 ], [ -4.0086, 40.6537 ], [ -4.0079, 40.6536 ], [ -4.0073, 40.6533 ], [ -4.0068, 40.6529 ], [ -4.0065, 40.6529 ], [ -4.0062, 40.652 ], [ -4.0037, 40.653 ], [ -4.0034, 40.6526 ], [ -4.0031, 40.6527 ], [ -4.0027, 40.6537 ], [ -4.0024, 40.6538 ], [ -4.0013, 40.6552 ], [ -4.0003, 40.6561 ], [ -4.0002, 40.656 ], [ -4.0003, 40.6565 ], [ -4.0004, 40.6565 ], [ -4.0004, 40.6568 ], [ -4.0002, 40.6571 ], [ -4.0002, 40.6576 ], [ -4.0007, 40.6578 ], [ -4.0009, 40.6584 ] ] ] } },
{ "type": "Feature", "properties": { "municipio": "Collado Villalba", "clasificacion": "no-urbanizable-protegido", "calificacion": "sin-asignar", "version": "vigente", "fuente": "SIT-CAM WFS — UsoDelSuelo:VPLA_V_CLASIFICACION (https://idem.comunidad.madrid/geosrvg/ows)", "fecha_dato": "2026-05-12", "ambito": "47670", "_raw_CD_SIGLAS": "SNUP", "_raw_DS_CLASIF_GEN": "Suelo No Urbanizable Protegido", "_raw_DS_CLASIF_DET": "Suelo No Urbanizable Protegido. Montes Preservados Ribera", "_raw_DS_DOCU": "PLAN GENERAL", "_raw_DS_LEY": "CM Ley 9/1995, E Ley 6/1998", "_raw_FC_AC": "2001-09-27", "_raw_NM_AREA_M2": 54803.048322458897, "_cam_code": "047" }, "geometry": { "type": "Polygon", "coordinates": [ [ [ -4.0105, 40.6466 ], [ -4.0101, 40.6471 ], [ -4.0087, 40.6472 ], [ -4.0081, 40.6479 ], [ -4.0073, 40.6481 ], [ -4.0073, 40.6482 ], [ -4.0076, 40.6486 ], [ -4.0083, 40.6484 ], [ -4.0086, 40.6483 ], [ -4.0091, 40.6477 ], [ -4.0105, 40.6476 ], [ -4.0109, 40.647 ], [ -4.0117, 40.6469 ], [ -4.0126, 40.6474 ], [ -4.0136, 40.6474 ], [ -4.0147, 40.6465 ], [ -4.0153, 40.6455 ], [ -4.0157, 40.6453 ], [ -4.0157, 40.6446 ], [ -4.0147, 40.6452 ], [ -4.0141, 40.6462 ], [ -4.0133, 40.6469 ], [ -4.0129, 40.6469 ], [ -4.0125, 40.6466 ], [ -4.0118, 40.6464 ], [ -4.0111, 40.6464 ], [ -4.0105, 40.6466 ] ] ] } },
{ "type": "Feature", "properties": { "municipio": "Collado Villalba", "clasificacion": "no-urbanizable-protegido", "calificacion": "sin-asignar", "version": "vigente", "fuente": "SIT-CAM WFS — UsoDelSuelo:VPLA_V_CLASIFICACION (https://idem.comunidad.madrid/geosrvg/ows)", "fecha_dato": "2026-05-12", "ambito": "47670", "_raw_CD_SIGLAS": "SNUP", "_raw_DS_CLASIF_GEN": "Suelo No Urbanizable Protegido", "_raw_DS_CLASIF_DET": "Suelo No Urbanizable Protegido. Montes Preservados Ribera", "_raw_DS_DOCU": "PLAN GENERAL", "_raw_DS_LEY": "CM Ley 9/1995, E Ley 6/1998", "_raw_FC_AC": "2001-09-27", "_raw_NM_AREA_M2": 79129.150247121303, "_cam_code": "047" }, "geometry": { "type": "Polygon", "coordinates": [ [ [ -4.0034, 40.6247 ], [ -4.0011, 40.6236 ], [ -3.9955, 40.6184 ], [ -3.9953, 40.6181 ], [ -3.994, 40.6185 ], [ -3.9949, 40.6195 ], [ -3.9961, 40.62 ], [ -3.9983, 40.6217 ], [ -3.9984, 40.6224 ], [ -3.9989, 40.6234 ], [ -3.9995, 40.6237 ], [ -4.0018, 40.6244 ], [ -4.0034, 40.6247 ] ] ] } },
{ "type": "Feature", "properties": { "municipio": "Collado Villalba", "clasificacion": "no-urbanizable-protegido", "calificacion": "sin-asignar", "version": "vigente", "fuente": "SIT-CAM WFS — UsoDelSuelo:VPLA_V_CLASIFICACION (https://idem.comunidad.madrid/geosrvg/ows)", "fecha_dato": "2026-05-12", "ambito": "47670", "_raw_CD_SIGLAS": "SNUP", "_raw_DS_CLASIF_GEN": "Suelo No Urbanizable Protegido", "_raw_DS_CLASIF_DET": "Suelo No Urbanizable Protegido. Montes Preservados", "_raw_DS_DOCU": "PLAN GENERAL", "_raw_DS_LEY": "CM Ley 9/1995, E Ley 6/1998", "_raw_FC_AC": "2001-09-27", "_raw_NM_AREA_M2": 280647.433360636, "_cam_code": "047" }, "geometry": { "type": "Polygon", "coordinates": [ [ [ -4.0078, 40.6493 ], [ -4.008, 40.6492 ], [ -4.009, 40.6506 ], [ -4.0088, 40.6509 ], [ -4.0089, 40.651 ], [ -4.0093, 40.6512 ], [ -4.0113, 40.6517 ], [ -4.0141, 40.6501 ], [ -4.017, 40.648 ], [ -4.0197, 40.6457 ], [ -4.0157, 40.6474 ], [ -4.0157, 40.6453 ], [ -4.0153, 40.6455 ], [ -4.0147, 40.6465 ], [ -4.0136, 40.6474 ], [ -4.0126, 40.6474 ], [ -4.0117, 40.6469 ], [ -4.0109, 40.647 ], [ -4.0105, 40.6476 ], [ -4.0091, 40.6477 ], [ -4.0086, 40.6483 ], [ -4.0077, 40.6485 ], [ -4.0075, 40.6487 ], [ -4.0078, 40.6493 ] ] ] } },
{ "type": "Feature", "properties": { "municipio": "Collado Villalba", "clasificacion": "no-urbanizable-protegido", "calificacion": "sin-asignar", "version": "vigente", "fuente": "SIT-CAM WFS — UsoDelSuelo:VPLA_V_CLASIFICACION (https://idem.comunidad.madrid/geosrvg/ows)", "fecha_dato": "2026-05-12", "ambito": "47670", "_raw_CD_SIGLAS": "SNUP", "_raw_DS_CLASIF_GEN": "Suelo No Urbanizable Protegido", "_raw_DS_CLASIF_DET": "Suelo No Urbanizable Protegido Cuenca Alta del Manzanares zona A2 Reserva Natural Educativa", "_raw_DS_DOCU": "PLAN GENERAL", "_raw_DS_LEY": "CM Ley 9/1995, E Ley 6/1998", "_raw_FC_AC": "2001-09-27", "_raw_NM_AREA_M2": 35153.923355229097, "_cam_code": "047" }, "geometry": { "type": "Polygon", "coordinates": [ [ [ -3.986, 40.6192 ], [ -3.9845, 40.6194 ], [ -3.985, 40.6202 ], [ -3.9855, 40.6206 ], [ -3.9862, 40.6208 ], [ -3.9873, 40.6209 ], [ -3.988, 40.6213 ], [ -3.9903, 40.6234 ], [ -3.9905, 40.6233 ], [ -3.9896, 40.6222 ], [ -3.988, 40.6211 ], [ -3.9866, 40.6197 ], [ -3.9863, 40.6196 ], [ -3.986, 40.6192 ] ] ] } },
{ "type": "Feature", "properties": { "municipio": "Collado Villalba", "clasificacion": "no-urbanizable-protegido", "calificacion": "sin-asignar", "version": "vigente", "fuente": "SIT-CAM WFS — UsoDelSuelo:VPLA_V_CLASIFICACION (https://idem.comunidad.madrid/geosrvg/ows)", "fecha_dato": "2026-05-12", "ambito": "47670", "_raw_CD_SIGLAS": "SNUP", "_raw_DS_CLASIF_GEN": "Suelo No Urbanizable Protegido", "_raw_DS_CLASIF_DET": "Suelo No Urbanizable Protegido. Montes Preservados Ribera", "_raw_DS_DOCU": "PLAN GENERAL", "_raw_DS_LEY": "CM Ley 9/1995, E Ley 6/1998", "_raw_FC_AC": "2001-09-27", "_raw_NM_AREA_M2": 198386.57160773501, "_cam_code": "047" }, "geometry": { "type": "Polygon", "coordinates": [ [ [ -3.9985, 40.6549 ], [ -3.9986, 40.6555 ], [ -3.9991, 40.6561 ], [ -3.9994, 40.6578 ], [ -3.9997, 40.6582 ], [ -4.0002, 40.6584 ], [ -4.0002, 40.6588 ], [ -3.9999, 40.659 ], [ -3.9999, 40.6592 ], [ -4.001, 40.6603 ], [ -4.0009, 40.6603 ], [ -4.0009, 40.661 ], [ -4.0012, 40.6612 ], [ -4.0013, 40.6617 ], [ -4.0014, 40.6617 ], [ -4.0015, 40.663 ], [ -4.0016, 40.663 ], [ -4.0017, 40.6633 ], [ -4.0025, 40.6633 ], [ -4.0021, 40.6626 ], [ -4.0021, 40.6617 ], [ -4.0019, 40.661 ], [ -4.0016, 40.6608 ], [ -4.0017, 40.66 ], [ -4.0007, 40.6592 ], [ -4.0009, 40.659 ], [ -4.0009, 40.6583 ], [ -4.0007, 40.6578 ], [ -4.0002, 40.6576 ], [ -4.0002, 40.6571 ], [ -4.0004, 40.6568 ], [ -4.0004, 40.6565 ], [ -4.0003, 40.6565 ], [ -4.0003, 40.6561 ], [ -4.0001, 40.6556 ], [ -3.9998, 40.6554 ], [ -3.9998, 40.6552 ], [ -4.0001, 40.6549 ], [ -3.9998, 40.6538 ], [ -3.9999, 40.6533 ], [ -3.9987, 40.654 ], [ -3.998, 40.6535 ], [ -3.9975, 40.6538 ], [ -3.9946, 40.6547 ], [ -3.9933, 40.6554 ], [ -3.9929, 40.6561 ], [ -3.9931, 40.6568 ], [ -3.9928, 40.6574 ], [ -3.9919, 40.6579 ], [ -3.99, 40.6579 ], [ -3.9894, 40.6584 ], [ -3.9886, 40.6588 ], [ -3.9882, 40.6592 ], [ -3.9875, 40.6593 ], [ -3.9859, 40.6588 ], [ -3.9847, 40.6592 ], [ -3.9839, 40.6589 ], [ -3.9839, 40.6587 ], [ -3.9835, 40.6584 ], [ -3.9833, 40.6591 ], [ -3.984, 40.6596 ], [ -3.9846, 40.6597 ], [ -3.986, 40.6594 ], [ -3.9874, 40.6599 ], [ -3.9882, 40.6598 ], [ -3.9902, 40.6585 ], [ -3.9913, 40.6584 ], [ -3.9921, 40.6585 ], [ -3.993, 40.658 ], [ -3.9934, 40.6577 ], [ -3.9937, 40.6572 ], [ -3.9938, 40.6568 ], [ -3.9937, 40.6562 ], [ -3.9939, 40.6558 ], [ -3.9944, 40.6555 ], [ -3.9966, 40.6547 ], [ -3.9979, 40.655 ], [ -3.9982, 40.655 ], [ -3.9986, 40.6548 ], [ -3.9985, 40.6549 ] ] ] } },
{ "type": "Feature", "properties": { "municipio": "Collado Villalba", "clasificacion": "no-urbanizable-protegido", "calificacion": "sin-asignar", "version": "vigente", "fuente": "SIT-CAM WFS — UsoDelSuelo:VPLA_V_CLASIFICACION (https://idem.comunidad.madrid/geosrvg/ows)", "fecha_dato": "2026-05-12", "ambito": "47670", "_raw_CD_SIGLAS": "SNUP", "_raw_DS_CLASIF_GEN": "Suelo No Urbanizable Protegido", "_raw_DS_CLASIF_DET": "Suelo No Urbanizable Protegido Cuenca Alta del Manzanares zona A2 Reserva Natural Educativa", "_raw_DS_DOCU": "PLAN GENERAL", "_raw_DS_LEY": "CM Ley 9/1995, E Ley 6/1998", "_raw_FC_AC": "2001-09-27", "_raw_NM_AREA_M2": 6784277.9292913098, "_cam_code": "047" }, "geometry": { "type": "Polygon", "coordinates": [ [ [ -3.9482, 40.6546 ], [ -3.9492, 40.6571 ], [ -3.9503, 40.6576 ], [ -3.9525, 40.6577 ], [ -3.9526, 40.6573 ], [ -3.9532, 40.6566 ], [ -3.9531, 40.6561 ], [ -3.9535, 40.6549 ], [ -3.9544, 40.6545 ], [ -3.9552, 40.6538 ], [ -3.9554, 40.6538 ], [ -3.9556, 40.6536 ], [ -3.9556, 40.6533 ], [ -3.9548, 40.6536 ], [ -3.9545, 40.6534 ], [ -3.9537, 40.6517 ], [ -3.9536, 40.6499 ], [ -3.9536, 40.6483 ], [ -3.9538, 40.6471 ], [ -3.9536, 40.6462 ], [ -3.9537, 40.6441 ], [ -3.969, 40.644 ], [ -3.9727, 40.6422 ], [ -3.9736, 40.6422 ], [ -3.9735, 40.6443 ], [ -3.9762, 40.644 ], [ -3.9769, 40.6441 ], [ -3.9789, 40.6454 ], [ -3.9797, 40.6457 ], [ -3.9805, 40.6459 ], [ -3.9819, 40.6459 ], [ -3.9821, 40.6445 ], [ -3.9831, 40.6447 ], [ -3.9839, 40.6442 ], [ -3.9839, 40.6441 ], [ -3.9831, 40.6438 ], [ -3.9831, 40.6436 ], [ -3.983, 40.6436 ], [ -3.9832, 40.6435 ], [ -3.9832, 40.6432 ], [ -3.9828, 40.6429 ], [ -3.983, 40.6423 ], [ -3.9843, 40.6426 ], [ -3.985, 40.6414 ], [ -3.9862, 40.6418 ], [ -3.9865, 40.6416 ], [ -3.9859, 40.6402 ], [ -3.9858, 40.6396 ], [ -3.9875, 40.639 ], [ -3.9879, 40.6391 ], [ -3.9882, 40.6385 ], [ -3.9898, 40.6386 ], [ -3.9899, 40.6382 ], [ -3.9921, 40.638 ], [ -3.9924, 40.6383 ], [ -3.9923, 40.6385 ], [ -3.9928, 40.6385 ], [ -3.9942, 40.6395 ], [ -3.9944, 40.6392 ], [ -3.996, 40.6381 ], [ -3.9966, 40.6375 ], [ -3.9968, 40.6371 ], [ -3.9967, 40.637 ], [ -3.995, 40.637 ], [ -3.9956, 40.6359 ], [ -3.9936, 40.6354 ], [ -3.9925, 40.6348 ], [ -3.9929, 40.6344 ], [ -3.9931, 40.6344 ], [ -3.9932, 40.6341 ], [ -3.9917, 40.6307 ], [ -3.992, 40.6303 ], [ -3.9927, 40.6298 ], [ -3.994, 40.6285 ], [ -3.9931, 40.6289 ], [ -3.9922, 40.628 ], [ -3.9935, 40.6272 ], [ -3.9934, 40.627 ], [ -3.9925, 40.626 ], [ -3.9881, 40.6221 ], [ -3.9872, 40.6215 ], [ -3.9853, 40.6214 ], [ -3.9841, 40.6207 ], [ -3.9836, 40.6198 ], [ -3.9832, 40.6197 ], [ -3.9829, 40.6199 ], [ -3.9824, 40.62 ], [ -3.9821, 40.6199 ], [ -3.9812, 40.6202 ], [ -3.9804, 40.6203 ], [ -3.9798, 40.6216 ], [ -3.9789, 40.6225 ], [ -3.9786, 40.6226 ], [ -3.9777, 40.624 ], [ -3.9772, 40.6242 ], [ -3.9765, 40.6248 ], [ -3.9763, 40.6252 ], [ -3.9752, 40.626 ], [ -3.9743, 40.6273 ], [ -3.974, 40.6275 ], [ -3.9734, 40.6276 ], [ -3.9725, 40.6275 ], [ -3.9717, 40.6282 ], [ -3.9703, 40.6288 ], [ -3.9699, 40.6291 ], [ -3.9684, 40.6292 ], [ -3.968, 40.6296 ], [ -3.9668, 40.6298 ], [ -3.9643, 40.6296 ], [ -3.9636, 40.6299 ], [ -3.9632, 40.6304 ], [ -3.9624, 40.6306 ], [ -3.9618, 40.6309 ], [ -3.9616, 40.6312 ], [ -3.9596, 40.6324 ], [ -3.9595, 40.6326 ], [ -3.959, 40.6329 ], [ -3.9587, 40.6333 ], [ -3.9574, 40.6344 ], [ -3.9573, 40.6348 ], [ -3.9574, 40.6355 ], [ -3.9571, 40.636 ], [ -3.9569, 40.6368 ], [ -3.957, 40.6372 ], [ -3.9568, 40.6377 ], [ -3.9552, 40.6398 ], [ -3.9541, 40.6405 ], [ -3.9534, 40.6406 ], [ -3.9532, 40.6408 ], [ -3.9534, 40.6416 ], [ -3.9528, 40.642 ], [ -3.953, 40.6426 ], [ -3.953, 40.6431 ], [ -3.9527, 40.6434 ], [ -3.9531, 40.6443 ], [ -3.9536, 40.6449 ], [ -3.9536, 40.6456 ], [ -3.9531, 40.6463 ], [ -3.9521, 40.6467 ], [ -3.9509, 40.6477 ], [ -3.9499, 40.6479 ], [ -3.9497, 40.6482 ], [ -3.9492, 40.6484 ], [ -3.949, 40.6484 ], [ -3.9488, 40.6482 ], [ -3.9494, 40.6475 ], [ -3.9504, 40.6473 ], [ -3.9519, 40.6462 ], [ -3.9526, 40.6459 ], [ -3.9529, 40.6455 ], [ -3.9529, 40.6451 ], [ -3.9524, 40.6445 ], [ -3.9523, 40.644 ], [ -3.952, 40.6435 ], [ -3.9523, 40.6428 ], [ -3.9521, 40.6418 ], [ -3.9525, 40.6415 ], [ -3.9524, 40.6408 ], [ -3.9525, 40.6405 ], [ -3.9526, 40.6403 ], [ -3.9531, 40.6401 ], [ -3.9539, 40.64 ], [ -3.9548, 40.6394 ], [ -3.9549, 40.639 ], [ -3.9556, 40.6383 ], [ -3.9562, 40.6374 ], [ -3.9562, 40.6368 ], [ -3.9564, 40.636 ], [ -3.9567, 40.6354 ], [ -3.9566, 40.6348 ], [ -3.9526, 40.638 ], [ -3.9521, 40.6388 ], [ -3.9518, 40.639 ], [ -3.9511, 40.6401 ], [ -3.9504, 40.6408 ], [ -3.9502, 40.6412 ], [ -3.947, 40.6431 ], [ -3.9465, 40.6444 ], [ -3.9476, 40.6471 ], [ -3.9476, 40.6491 ], [ -3.9482, 40.6511 ], [ -3.9477, 40.6524 ], [ -3.948, 40.6532 ], [ -3.9482, 40.6546 ] ] ] } },
{ "type": "Feature", "properties": { "municipio": "Collado Villalba", "clasificacion": "no-urbanizable-protegido", "calificacion": "sin-asignar", "version": "vigente", "fuente": "SIT-CAM WFS — UsoDelSuelo:VPLA_V_CLASIFICACION (https://idem.comunidad.madrid/geosrvg/ows)", "fecha_dato": "2026-05-12", "ambito": "47670", "_raw_CD_SIGLAS": "SNUP", "_raw_DS_CLASIF_GEN": "Suelo No Urbanizable Protegido", "_raw_DS_CLASIF_DET": "Suelo No Urbanizable Protegido Ribera", "_raw_DS_DOCU": "PLAN GENERAL", "_raw_DS_LEY": "CM Ley 9/1995, E Ley 6/1998", "_raw_FC_AC": "2001-09-27", "_raw_NM_AREA_M2": 63618.564129331702, "_cam_code": "047" }, "geometry": { "type": "MultiPolygon", "coordinates": [ [ [ [ -3.997, 40.6216 ], [ -3.9981, 40.6226 ], [ -3.9989, 40.6234 ], [ -3.9984, 40.6224 ], [ -3.9983, 40.6217 ], [ -3.9979, 40.6213 ], [ -3.9961, 40.62 ], [ -3.9949, 40.6195 ], [ -3.994, 40.6185 ], [ -3.9936, 40.6186 ], [ -3.9967, 40.6215 ], [ -3.997, 40.6216 ] ] ], [ [ [ -4.0018, 40.6244 ], [ -3.9995, 40.6237 ], [ -3.9989, 40.6234 ], [ -3.9997, 40.6242 ], [ -4.0023, 40.6253 ], [ -4.0036, 40.6256 ], [ -4.0037, 40.6255 ], [ -4.0038, 40.625 ], [ -4.0035, 40.6247 ], [ -4.0018, 40.6244 ] ] ] ] } },
{ "type": "Feature", "properties": { "municipio": "Collado Villalba", "clasificacion": "no-urbanizable-protegido", "calificacion": "sin-asignar", "version": "vigente", "fuente": "SIT-CAM WFS — UsoDelSuelo:VPLA_V_CLASIFICACION (https://idem.comunidad.madrid/geosrvg/ows)", "fecha_dato": "2026-05-12", "ambito": "47670", "_raw_CD_SIGLAS": "SNUP", "_raw_DS_CLASIF_GEN": "Suelo No Urbanizable Protegido", "_raw_DS_CLASIF_DET": "Suelo No Urbanizable Protegido. Montes Preservados Ribera. Vía Pecuaria", "_raw_DS_DOCU": "PLAN GENERAL", "_raw_DS_LEY": "CM Ley 9/1995, E Ley 6/1998", "_raw_FC_AC": "2001-09-27", "_raw_NM_AREA_M2": 1373.2768184374199, "_cam_code": "047" }, "geometry": { "type": "Polygon", "coordinates": [ [ [ -4.0067, 40.6485 ], [ -4.0069, 40.6488 ], [ -4.0072, 40.6486 ], [ -4.0072, 40.6483 ], [ -4.0067, 40.6485 ] ] ] } },
{ "type": "Feature", "properties": { "municipio": "Collado Villalba", "clasificacion": "urbano-consolidado", "calificacion": "sin-asignar", "version": "vigente", "fuente": "SIT-CAM WFS — UsoDelSuelo:VPLA_V_CLASIFICACION (https://idem.comunidad.madrid/geosrvg/ows)", "fecha_dato": "2026-05-12", "ambito": "47670", "_raw_CD_SIGLAS": "SU", "_raw_DS_CLASIF_GEN": "Suelo Urbano", "_raw_DS_CLASIF_DET": "Suelo Urbano", "_raw_DS_DOCU": "PLAN GENERAL", "_raw_DS_LEY": "CM Ley 9/1995, E Ley 6/1998", "_raw_FC_AC": "2001-09-27", "_raw_NM_AREA_M2": 4010.88636030511, "_cam_code": "047" }, "geometry": { "type": "Polygon", "coordinates": [ [ [ -3.9936, 40.6474 ], [ -3.9935, 40.6473 ], [ -3.9924, 40.6474 ], [ -3.9917, 40.6477 ], [ -3.9913, 40.6481 ], [ -3.9914, 40.6482 ], [ -3.9927, 40.6474 ], [ -3.9933, 40.6474 ], [ -3.9934, 40.6476 ], [ -3.9936, 40.6474 ] ] ] } },
{ "type": "Feature", "properties": { "municipio": "Collado Villalba", "clasificacion": "urbano-consolidado", "calificacion": "sin-asignar", "version": "vigente", "fuente": "SIT-CAM WFS — UsoDelSuelo:VPLA_V_CLASIFICACION (https://idem.comunidad.madrid/geosrvg/ows)", "fecha_dato": "2026-05-12", "ambito": "47670", "_raw_CD_SIGLAS": "SU", "_raw_DS_CLASIF_GEN": "Suelo Urbano", "_raw_DS_CLASIF_DET": "Suelo Urbano", "_raw_DS_DOCU": "PLAN GENERAL", "_raw_DS_LEY": "CM Ley 9/1995, E Ley 6/1998", "_raw_FC_AC": "2001-09-27", "_raw_NM_AREA_M2": 158963.90772442101, "_cam_code": "047" }, "geometry": { "type": "Polygon", "coordinates": [ [ [ -4.0064, 40.6402 ], [ -4.0068, 40.6411 ], [ -4.0068, 40.6414 ], [ -4.0085, 40.6411 ], [ -4.0113, 40.6403 ], [ -4.0126, 40.6394 ], [ -4.0125, 40.639 ], [ -4.0151, 40.6371 ], [ -4.0114, 40.6356 ], [ -4.0104, 40.6365 ], [ -4.0108, 40.6365 ], [ -4.0112, 40.6367 ], [ -4.0118, 40.6375 ], [ -4.0121, 40.6374 ], [ -4.0124, 40.637 ], [ -4.0131, 40.6373 ], [ -4.0135, 40.6372 ], [ -4.0141, 40.6373 ], [ -4.0119, 40.6391 ], [ -4.0109, 40.6382 ], [ -4.0084, 40.6397 ], [ -4.0076, 40.639 ], [ -4.0076, 40.6389 ], [ -4.0088, 40.6382 ], [ -4.0086, 40.6376 ], [ -4.0083, 40.6377 ], [ -4.0083, 40.6378 ], [ -4.0071, 40.6384 ], [ -4.0071, 40.6386 ], [ -4.006, 40.6393 ], [ -4.0064, 40.6402 ] ] ] } },
{ "type": "Feature", "properties": { "municipio": "Collado Villalba", "clasificacion": "urbano-consolidado", "calificacion": "sin-asignar", "version": "vigente", "fuente": "SIT-CAM WFS — UsoDelSuelo:VPLA_V_CLASIFICACION (https://idem.comunidad.madrid/geosrvg/ows)", "fecha_dato": "2026-05-12", "ambito": "47670", "_raw_CD_SIGLAS": "SU", "_raw_DS_CLASIF_GEN": "Suelo Urbano", "_raw_DS_CLASIF_DET": "Suelo Urbano", "_raw_DS_DOCU": "PLAN GENERAL", "_raw_DS_LEY": "CM Ley 9/1995, E Ley 6/1998", "_raw_FC_AC": "2001-09-27", "_raw_NM_AREA_M2": 42004.328563593102, "_cam_code": "047" }, "geometry": { "type": "Polygon", "coordinates": [ [ [ -4.0127, 40.6354 ], [ -4.014, 40.6358 ], [ -4.0142, 40.636 ], [ -4.0178, 40.6368 ], [ -4.0191, 40.6373 ], [ -4.0191, 40.6372 ], [ -4.0184, 40.6369 ], [ -4.0184, 40.6368 ], [ -4.0158, 40.6357 ], [ -4.0158, 40.6356 ], [ -4.015, 40.6353 ], [ -4.0136, 40.6345 ], [ -4.0133, 40.6347 ], [ -4.0125, 40.6348 ], [ -4.0116, 40.6355 ], [ -4.0118, 40.6355 ], [ -4.0118, 40.6354 ], [ -4.0121, 40.6355 ], [ -4.0127, 40.6354 ] ] ] } },
{ "type": "Feature", "properties": { "municipio": "Collado Villalba", "clasificacion": "urbano-consolidado", "calificacion": "sin-asignar", "version": "vigente", "fuente": "SIT-CAM WFS — UsoDelSuelo:VPLA_V_CLASIFICACION (https://idem.comunidad.madrid/geosrvg/ows)", "fecha_dato": "2026-05-12", "ambito": "47670", "_raw_CD_SIGLAS": "SU", "_raw_DS_CLASIF_GEN": "Suelo Urbano", "_raw_DS_CLASIF_DET": "Suelo Urbano", "_raw_DS_DOCU": "PLAN GENERAL", "_raw_DS_LEY": "CM Ley 9/1995, E Ley 6/1998", "_raw_FC_AC": "2001-09-27", "_raw_NM_AREA_M2": 20991.107628952101, "_cam_code": "047" }, "geometry": { "type": "Polygon", "coordinates": [ [ [ -3.9851, 40.6416 ], [ -3.9844, 40.6427 ], [ -3.9847, 40.6429 ], [ -3.9853, 40.643 ], [ -3.9862, 40.6428 ], [ -3.9865, 40.6427 ], [ -3.9862, 40.6424 ], [ -3.9869, 40.6423 ], [ -3.9865, 40.6418 ], [ -3.9853, 40.6415 ], [ -3.9851, 40.6416 ] ] ] } },
{ "type": "Feature", "properties": { "municipio": "Collado Villalba", "clasificacion": "urbano-consolidado", "calificacion": "sin-asignar", "version": "vigente", "fuente": "SIT-CAM WFS — UsoDelSuelo:VPLA_V_CLASIFICACION (https://idem.comunidad.madrid/geosrvg/ows)", "fecha_dato": "2026-05-12", "ambito": "47670", "_raw_CD_SIGLAS": "SU", "_raw_DS_CLASIF_GEN": "Suelo Urbano", "_raw_DS_CLASIF_DET": "Suelo Urbano", "_raw_DS_DOCU": "PLAN GENERAL", "_raw_DS_LEY": "CM Ley 9/1995, E Ley 6/1998", "_raw_FC_AC": "2001-09-27", "_raw_NM_AREA_M2": 110563.699269537, "_cam_code": "047" }, "geometry": { "type": "Polygon", "coordinates": [ [ [ -3.9843, 40.6446 ], [ -3.9861, 40.646 ], [ -3.9868, 40.6456 ], [ -3.9881, 40.6453 ], [ -3.9885, 40.6449 ], [ -3.9884, 40.6446 ], [ -3.9881, 40.6443 ], [ -3.9877, 40.6442 ], [ -3.9879, 40.6441 ], [ -3.9879, 40.6438 ], [ -3.9872, 40.6429 ], [ -3.987, 40.6428 ], [ -3.9861, 40.6429 ], [ -3.986, 40.6428 ], [ -3.985, 40.643 ], [ -3.9845, 40.6428 ], [ -3.9844, 40.6427 ], [ -3.9852, 40.6415 ], [ -3.985, 40.6414 ], [ -3.9843, 40.6426 ], [ -3.983, 40.6423 ], [ -3.9828, 40.6427 ], [ -3.9828, 40.6429 ], [ -3.9832, 40.6432 ], [ -3.9832, 40.6435 ], [ -3.983, 40.6436 ], [ -3.9831, 40.6436 ], [ -3.9831, 40.6438 ], [ -3.9839, 40.6441 ], [ -3.9843, 40.6446 ] ] ] } },
{ "type": "Feature", "properties": { "municipio": "Collado Villalba", "clasificacion": "urbano-consolidado", "calificacion": "sin-asignar", "version": "vigente", "fuente": "SIT-CAM WFS — UsoDelSuelo:VPLA_V_CLASIFICACION (https://idem.comunidad.madrid/geosrvg/ows)", "fecha_dato": "2026-05-12", "ambito": "47670", "_raw_CD_SIGLAS": "SU", "_raw_DS_CLASIF_GEN": "Suelo Urbano", "_raw_DS_CLASIF_DET": "Suelo Urbano", "_raw_DS_DOCU": "PLAN GENERAL", "_raw_DS_LEY": "CM Ley 9/1995, E Ley 6/1998", "_raw_FC_AC": "2001-09-27", "_raw_NM_AREA_M2": 84337.753751451397, "_cam_code": "047" }, "geometry": { "type": "Polygon", "coordinates": [ [ [ -4.0088, 40.6382 ], [ -4.0076, 40.6389 ], [ -4.0084, 40.6397 ], [ -4.0109, 40.6382 ], [ -4.0119, 40.6391 ], [ -4.0141, 40.6373 ], [ -4.0138, 40.6372 ], [ -4.0131, 40.6373 ], [ -4.0124, 40.637 ], [ -4.0121, 40.6374 ], [ -4.0118, 40.6375 ], [ -4.0112, 40.6367 ], [ -4.0108, 40.6365 ], [ -4.0103, 40.6365 ], [ -4.0096, 40.6371 ], [ -4.0086, 40.6376 ], [ -4.0088, 40.6382 ] ] ] } },
{ "type": "Feature", "properties": { "municipio": "Collado Villalba", "clasificacion": "urbano-consolidado", "calificacion": "sin-asignar", "version": "vigente", "fuente": "SIT-CAM WFS — UsoDelSuelo:VPLA_V_CLASIFICACION (https://idem.comunidad.madrid/geosrvg/ows)", "fecha_dato": "2026-05-12", "ambito": "47670", "_raw_CD_SIGLAS": "SU", "_raw_DS_CLASIF_GEN": "Suelo Urbano", "_raw_DS_CLASIF_DET": "Suelo Urbano", "_raw_DS_DOCU": "PLAN GENERAL", "_raw_DS_LEY": "CM Ley 9/1995, E Ley 6/1998", "_raw_FC_AC": "2001-09-27", "_raw_NM_AREA_M2": 19593.999713213401, "_cam_code": "047" }, "geometry": { "type": "Polygon", "coordinates": [ [ [ -4.0039, 40.6259 ], [ -4.0054, 40.6265 ], [ -4.0079, 40.6269 ], [ -4.0083, 40.6269 ], [ -4.0084, 40.6264 ], [ -4.0078, 40.6264 ], [ -4.0038, 40.6257 ], [ -4.0039, 40.6259 ] ] ] } },
{ "type": "Feature", "properties": { "municipio": "Collado Villalba", "clasificacion": "urbano-consolidado", "calificacion": "sin-asignar", "version": "vigente", "fuente": "SIT-CAM WFS — UsoDelSuelo:VPLA_V_CLASIFICACION (https://idem.comunidad.madrid/geosrvg/ows)", "fecha_dato": "2026-05-12", "ambito": "47670", "_raw_CD_SIGLAS": "SU", "_raw_DS_CLASIF_GEN": "Suelo Urbano", "_raw_DS_CLASIF_DET": "Suelo Urbano", "_raw_DS_DOCU": "PLAN GENERAL", "_raw_DS_LEY": "CM Ley 9/1995, E Ley 6/1998", "_raw_FC_AC": "2001-09-27", "_raw_NM_AREA_M2": 20866.7902502578, "_cam_code": "047" }, "geometry": { "type": "Polygon", "coordinates": [ [ [ -4.0094, 40.6519 ], [ -4.0092, 40.6519 ], [ -4.0093, 40.6536 ], [ -4.0094, 40.6541 ], [ -4.0097, 40.6541 ], [ -4.0109, 40.652 ], [ -4.0094, 40.6518 ], [ -4.0094, 40.6519 ] ] ] } },
{ "type": "Feature", "properties": { "municipio": "Collado Villalba", "clasificacion": "urbano-consolidado", "calificacion": "sin-asignar", "version": "vigente", "fuente": "SIT-CAM WFS — UsoDelSuelo:VPLA_V_CLASIFICACION (https://idem.comunidad.madrid/geosrvg/ows)", "fecha_dato": "2026-05-12", "ambito": "47670", "_raw_CD_SIGLAS": "SU", "_raw_DS_CLASIF_GEN": "Suelo Urbano", "_raw_DS_CLASIF_DET": "Suelo Urbano", "_raw_DS_DOCU": "PLAN GENERAL", "_raw_DS_LEY": "CM Ley 9/1995, E Ley 6/1998", "_raw_FC_AC": "2001-09-27", "_raw_NM_AREA_M2": 3468030.0923363399, "_cam_code": "047" }, "geometry": { "type": "Polygon", "coordinates": [ [ [ -3.9915, 40.6225 ], [ -3.9903, 40.6234 ], [ -3.993, 40.6258 ], [ -3.9937, 40.6261 ], [ -3.9944, 40.6271 ], [ -3.9957, 40.6282 ], [ -3.9949, 40.6287 ], [ -3.9954, 40.6292 ], [ -3.9968, 40.6283 ], [ -3.9972, 40.6279 ], [ -3.9996, 40.6284 ], [ -4.0018, 40.6292 ], [ -4.0054, 40.6308 ], [ -4.0058, 40.631 ], [ -4.0058, 40.6311 ], [ -4.0072, 40.6316 ], [ -4.0072, 40.6317 ], [ -4.0101, 40.6327 ], [ -4.0111, 40.6336 ], [ -4.0126, 40.634 ], [ -4.0126, 40.6341 ], [ -4.0132, 40.6344 ], [ -4.0139, 40.6342 ], [ -4.015, 40.6335 ], [ -4.0153, 40.6329 ], [ -4.0167, 40.6325 ], [ -4.0175, 40.632 ], [ -4.0176, 40.6319 ], [ -4.0175, 40.6317 ], [ -4.0178, 40.6315 ], [ -4.0202, 40.6309 ], [ -4.0203, 40.631 ], [ -4.0212, 40.6309 ], [ -4.0224, 40.6304 ], [ -4.024, 40.6302 ], [ -4.0254, 40.6303 ], [ -4.0254, 40.6288 ], [ -4.0256, 40.6286 ], [ -4.0251, 40.6282 ], [ -4.0251, 40.628 ], [ -4.0266, 40.6253 ], [ -4.0231, 40.6217 ], [ -4.0227, 40.6211 ], [ -4.0217, 40.6202 ], [ -4.0209, 40.6199 ], [ -4.02, 40.6193 ], [ -4.0184, 40.6186 ], [ -4.0147, 40.6176 ], [ -4.0117, 40.6166 ], [ -4.0092, 40.6164 ], [ -4.0071, 40.6164 ], [ -4.007, 40.6163 ], [ -4.0061, 40.6163 ], [ -4.006, 40.6162 ], [ -4.0042, 40.6163 ], [ -4.0034, 40.6166 ], [ -4.0028, 40.617 ], [ -4.0031, 40.6178 ], [ -4.0032, 40.6187 ], [ -4.003, 40.6192 ], [ -4.003, 40.6197 ], [ -4.0028, 40.6197 ], [ -4.0028, 40.6199 ], [ -4.0026, 40.62 ], [ -4.0025, 40.6203 ], [ -4.0025, 40.6205 ], [ -4.0026, 40.6205 ], [ -4.0026, 40.6215 ], [ -4.0025, 40.6217 ], [ -4.002, 40.622 ], [ -4.0019, 40.6224 ], [ -4.0017, 40.6225 ], [ -4.0017, 40.6229 ], [ -4.0023, 40.6239 ], [ -4.0029, 40.6243 ], [ -4.0035, 40.6245 ], [ -4.0034, 40.6247 ], [ -4.0038, 40.625 ], [ -4.0036, 40.6256 ], [ -4.0014, 40.625 ], [ -3.9997, 40.6242 ], [ -3.9981, 40.6226 ], [ -3.997, 40.6216 ], [ -3.9967, 40.6215 ], [ -3.9936, 40.6186 ], [ -3.9925, 40.6186 ], [ -3.9917, 40.6188 ], [ -3.991, 40.6188 ], [ -3.991, 40.6196 ], [ -3.9919, 40.62 ], [ -3.9921, 40.6203 ], [ -3.993, 40.6203 ], [ -3.9936, 40.62 ], [ -3.9931, 40.6205 ], [ -3.9927, 40.6206 ], [ -3.995, 40.6205 ], [ -3.995, 40.6206 ], [ -3.9953, 40.6206 ], [ -3.9958, 40.6211 ], [ -3.9953, 40.6213 ], [ -3.9948, 40.6218 ], [ -3.9933, 40.6225 ], [ -3.994, 40.623 ], [ -3.9936, 40.6232 ], [ -3.9929, 40.6227 ], [ -3.9927, 40.6223 ], [ -3.9925, 40.6224 ], [ -3.9925, 40.6229 ], [ -3.9921, 40.6231 ], [ -3.9915, 40.6225 ] ], [ [ -4.0083, 40.6269 ], [ -4.005, 40.6264 ], [ -4.004, 40.626 ], [ -4.0038, 40.6257 ], [ -4.0078, 40.6264 ], [ -4.0084, 40.6264 ], [ -4.0083, 40.6269 ] ] ] } },
{ "type": "Feature", "properties": { "municipio": "Collado Villalba", "clasificacion": "urbano-consolidado", "calificacion": "sin-asignar", "version": "vigente", "fuente": "SIT-CAM WFS — UsoDelSuelo:VPLA_V_CLASIFICACION (https://idem.comunidad.madrid/geosrvg/ows)", "fecha_dato": "2026-05-12", "ambito": "47670", "_raw_CD_SIGLAS": "SU", "_raw_DS_CLASIF_GEN": "Suelo Urbano", "_raw_DS_CLASIF_DET": "Suelo Urbano", "_raw_DS_DOCU": "PLAN GENERAL", "_raw_DS_LEY": "CM Ley 9/1995, E Ley 6/1998", "_raw_FC_AC": "2001-09-27", "_raw_NM_AREA_M2": 373174.23685529298, "_cam_code": "047" }, "geometry": { "type": "Polygon", "coordinates": [ [ [ -4.0184, 40.632 ], [ -4.0156, 40.6332 ], [ -4.0153, 40.6337 ], [ -4.0151, 40.6338 ], [ -4.0151, 40.634 ], [ -4.0143, 40.6346 ], [ -4.0194, 40.637 ], [ -4.0222, 40.6348 ], [ -4.0229, 40.6344 ], [ -4.0252, 40.6324 ], [ -4.026, 40.6327 ], [ -4.026, 40.6328 ], [ -4.0293, 40.6306 ], [ -4.0271, 40.6308 ], [ -4.025, 40.6308 ], [ -4.0184, 40.632 ] ] ] } },
{ "type": "Feature", "properties": { "municipio": "Collado Villalba", "clasificacion": "urbano-consolidado", "calificacion": "sin-asignar", "version": "vigente", "fuente": "SIT-CAM WFS — UsoDelSuelo:VPLA_V_CLASIFICACION (https://idem.comunidad.madrid/geosrvg/ows)", "fecha_dato": "2026-05-12", "ambito": "47670", "_raw_CD_SIGLAS": "SU", "_raw_DS_CLASIF_GEN": "Suelo Urbano", "_raw_DS_CLASIF_DET": "Suelo Urbano", "_raw_DS_DOCU": "PLAN GENERAL", "_raw_DS_LEY": "CM Ley 9/1995, E Ley 6/1998", "_raw_FC_AC": "2001-09-27", "_raw_NM_AREA_M2": 620869.97127945698, "_cam_code": "047" }, "geometry": { "type": "Polygon", "coordinates": [ [ [ -4.0064, 40.638 ], [ -4.0063, 40.6381 ], [ -4.0067, 40.6383 ], [ -4.007, 40.6383 ], [ -4.0099, 40.6367 ], [ -4.0103, 40.6361 ], [ -4.0105, 40.6361 ], [ -4.0105, 40.636 ], [ -4.0106, 40.6361 ], [ -4.0109, 40.6358 ], [ -4.0105, 40.6355 ], [ -4.011, 40.635 ], [ -4.011, 40.6347 ], [ -4.0114, 40.6343 ], [ -4.0114, 40.634 ], [ -4.0101, 40.633 ], [ -4.0059, 40.6313 ], [ -4.0024, 40.6297 ], [ -3.999, 40.6285 ], [ -3.9975, 40.6281 ], [ -3.997, 40.629 ], [ -3.9981, 40.6294 ], [ -3.999, 40.6299 ], [ -3.9992, 40.6302 ], [ -3.9998, 40.6306 ], [ -4.0003, 40.6312 ], [ -4.0014, 40.6321 ], [ -4.0014, 40.6322 ], [ -4.0011, 40.6322 ], [ -4.0011, 40.6323 ], [ -4.0013, 40.6324 ], [ -4.0014, 40.6327 ], [ -4.0022, 40.6333 ], [ -4.0022, 40.6346 ], [ -4.0021, 40.6349 ], [ -4.0009, 40.6366 ], [ -3.9998, 40.6372 ], [ -3.9998, 40.6374 ], [ -4.0014, 40.6374 ], [ -4.0019, 40.6375 ], [ -4.0019, 40.6376 ], [ -4.0049, 40.6382 ], [ -4.0053, 40.6381 ], [ -4.0057, 40.6381 ], [ -4.0061, 40.638 ], [ -4.0062, 40.638 ], [ -4.0062, 40.638 ], [ -4.0064, 40.638 ] ] ] } },
{ "type": "Feature", "properties": { "municipio": "Collado Villalba", "clasificacion": "urbano-consolidado", "calificacion": "sin-asignar", "version": "vigente", "fuente": "SIT-CAM WFS — UsoDelSuelo:VPLA_V_CLASIFICACION (https://idem.comunidad.madrid/geosrvg/ows)", "fecha_dato": "2026-05-12", "ambito": "47670", "_raw_CD_SIGLAS": "SU", "_raw_DS_CLASIF_GEN": "Suelo Urbano", "_raw_DS_CLASIF_DET": "Suelo Urbano", "_raw_DS_DOCU": "PLAN GENERAL", "_raw_DS_LEY": "CM Ley 9/1995, E Ley 6/1998", "_raw_FC_AC": "2001-09-27", "_raw_NM_AREA_M2": 7240.1348062506004, "_cam_code": "047" }, "geometry": { "type": "Polygon", "coordinates": [ [ [ -3.9965, 40.6359 ], [ -3.9965, 40.6358 ], [ -3.9975, 40.6358 ], [ -3.9976, 40.6356 ], [ -3.9967, 40.6353 ], [ -3.9965, 40.6351 ], [ -3.9963, 40.6352 ], [ -3.9961, 40.6351 ], [ -3.9958, 40.6356 ], [ -3.9965, 40.6359 ] ] ] } },
{ "type": "Feature", "properties": { "municipio": "Collado Villalba", "clasificacion": "urbano-consolidado", "calificacion": "sin-asignar", "version": "vigente", "fuente": "SIT-CAM WFS — UsoDelSuelo:VPLA_V_CLASIFICACION (https://idem.comunidad.madrid/geosrvg/ows)", "fecha_dato": "2026-05-12", "ambito": "47670", "_raw_CD_SIGLAS": "SU", "_raw_DS_CLASIF_GEN": "Suelo Urbano (INCORPORADO)", "_raw_DS_CLASIF_DET": "Suelo Urbano", "_raw_DS_DOCU": "PLAN GENERAL", "_raw_DS_LEY": "CM Ley 9/1995, E Ley 6/1998", "_raw_FC_AC": "2001-09-27", "_raw_NM_AREA_M2": 101243.19737759299, "_cam_code": "047" }, "geometry": { "type": "Polygon", "coordinates": [ [ [ -3.9762, 40.6482 ], [ -3.9765, 40.6486 ], [ -3.9771, 40.6488 ], [ -3.9786, 40.6491 ], [ -3.9791, 40.6491 ], [ -3.9799, 40.6488 ], [ -3.9818, 40.6484 ], [ -3.9832, 40.6479 ], [ -3.984, 40.6468 ], [ -3.9847, 40.6465 ], [ -3.9847, 40.6462 ], [ -3.9826, 40.6459 ], [ -3.9811, 40.6459 ], [ -3.9812, 40.6469 ], [ -3.9809, 40.6474 ], [ -3.9794, 40.648 ], [ -3.9792, 40.6478 ], [ -3.9778, 40.6479 ], [ -3.9771, 40.6484 ], [ -3.9762, 40.6482 ] ] ] } },
{ "type": "Feature", "properties": { "municipio": "Collado Villalba", "clasificacion": "urbano-consolidado", "calificacion": "sin-asignar", "version": "vigente", "fuente": "SIT-CAM WFS — UsoDelSuelo:VPLA_V_CLASIFICACION (https://idem.comunidad.madrid/geosrvg/ows)", "fecha_dato": "2026-05-12", "ambito": "47670", "_raw_CD_SIGLAS": "SU", "_raw_DS_CLASIF_GEN": "Suelo Urbano", "_raw_DS_CLASIF_DET": "Suelo Urbano", "_raw_DS_DOCU": "PLAN GENERAL", "_raw_DS_LEY": "CM Ley 9/1995, E Ley 6/1998", "_raw_FC_AC": "2001-09-27", "_raw_NM_AREA_M2": 1448689.8199141, "_cam_code": "047" }, "geometry": { "type": "Polygon", "coordinates": [ [ [ -3.9714, 40.6489 ], [ -3.97, 40.6482 ], [ -3.9679, 40.6476 ], [ -3.9638, 40.6471 ], [ -3.9628, 40.6471 ], [ -3.9623, 40.6466 ], [ -3.9615, 40.6466 ], [ -3.9609, 40.6468 ], [ -3.9602, 40.6479 ], [ -3.9605, 40.6484 ], [ -3.9597, 40.6484 ], [ -3.9593, 40.6486 ], [ -3.9588, 40.6485 ], [ -3.9583, 40.6486 ], [ -3.9584, 40.6498 ], [ -3.9581, 40.65 ], [ -3.958, 40.6505 ], [ -3.9572, 40.6513 ], [ -3.9567, 40.6515 ], [ -3.9558, 40.6523 ], [ -3.9555, 40.6528 ], [ -3.9556, 40.6536 ], [ -3.9554, 40.6538 ], [ -3.9552, 40.6538 ], [ -3.9544, 40.6545 ], [ -3.9535, 40.6549 ], [ -3.9531, 40.6561 ], [ -3.9532, 40.6566 ], [ -3.9526, 40.6573 ], [ -3.9525, 40.6577 ], [ -3.9534, 40.6577 ], [ -3.9547, 40.6579 ], [ -3.9564, 40.6575 ], [ -3.9586, 40.6578 ], [ -3.9596, 40.6581 ], [ -3.961, 40.6582 ], [ -3.9631, 40.658 ], [ -3.9667, 40.6582 ], [ -3.9666, 40.6581 ], [ -3.9681, 40.6579 ], [ -3.9689, 40.6582 ], [ -3.97, 40.6558 ], [ -3.9708, 40.653 ], [ -3.9724, 40.651 ], [ -3.9722, 40.6511 ], [ -3.9712, 40.651 ], [ -3.9708, 40.6508 ], [ -3.9714, 40.6489 ] ] ] } },
{ "type": "Feature", "properties": { "municipio": "Collado Villalba", "clasificacion": "urbano-consolidado", "calificacion": "sin-asignar", "version": "vigente", "fuente": "SIT-CAM WFS — UsoDelSuelo:VPLA_V_CLASIFICACION (https://idem.comunidad.madrid/geosrvg/ows)", "fecha_dato": "2026-05-12", "ambito": "47670", "_raw_CD_SIGLAS": "SU", "_raw_DS_CLASIF_GEN": "Suelo Urbano", "_raw_DS_CLASIF_DET": "Suelo Urbano", "_raw_DS_DOCU": "PLAN GENERAL", "_raw_DS_LEY": "CM Ley 9/1995, E Ley 6/1998", "_raw_FC_AC": "2001-09-27", "_raw_NM_AREA_M2": 833921.58066434297, "_cam_code": "047" }, "geometry": { "type": "Polygon", "coordinates": [ [ [ -3.9947, 40.6471 ], [ -3.9971, 40.6488 ], [ -3.9981, 40.6492 ], [ -3.9978, 40.6475 ], [ -3.9965, 40.6477 ], [ -3.9962, 40.6468 ], [ -3.9957, 40.6466 ], [ -3.9951, 40.6461 ], [ -3.9961, 40.6448 ], [ -3.9963, 40.6439 ], [ -3.9962, 40.6437 ], [ -3.9962, 40.6426 ], [ -3.9965, 40.6423 ], [ -3.9977, 40.6422 ], [ -3.9999, 40.6428 ], [ -4.0, 40.643 ], [ -4.0003, 40.643 ], [ -4.0003, 40.6429 ], [ -4.0023, 40.6436 ], [ -4.0054, 40.6429 ], [ -4.0053, 40.6422 ], [ -4.005, 40.6415 ], [ -4.0047, 40.6405 ], [ -4.0047, 40.6404 ], [ -4.0047, 40.6403 ], [ -4.0048, 40.6405 ], [ -4.0052, 40.6405 ], [ -4.0053, 40.6403 ], [ -4.0057, 40.6393 ], [ -4.0055, 40.6387 ], [ -4.0043, 40.6389 ], [ -4.0041, 40.6381 ], [ -4.0036, 40.6381 ], [ -4.0011, 40.6375 ], [ -3.9998, 40.6375 ], [ -3.9979, 40.6394 ], [ -3.9966, 40.6403 ], [ -3.996, 40.6409 ], [ -3.9957, 40.6409 ], [ -3.9944, 40.6414 ], [ -3.9909, 40.6414 ], [ -3.9894, 40.6419 ], [ -3.9881, 40.6426 ], [ -3.9876, 40.643 ], [ -3.9876, 40.6432 ], [ -3.9877, 40.6432 ], [ -3.9882, 40.6441 ], [ -3.9886, 40.6445 ], [ -3.9886, 40.6449 ], [ -3.9884, 40.6452 ], [ -3.9879, 40.6455 ], [ -3.9899, 40.648 ], [ -3.9899, 40.6482 ], [ -3.9901, 40.6484 ], [ -3.9906, 40.648 ], [ -3.9913, 40.6479 ], [ -3.992, 40.6473 ], [ -3.9935, 40.6472 ], [ -3.9941, 40.6469 ], [ -3.9947, 40.6471 ] ] ] } },
{ "type": "Feature", "properties": { "municipio": "Collado Villalba", "clasificacion": "urbano-consolidado", "calificacion": "sin-asignar", "version": "vigente", "fuente": "SIT-CAM WFS — UsoDelSuelo:VPLA_V_CLASIFICACION (https://idem.comunidad.madrid/geosrvg/ows)", "fecha_dato": "2026-05-12", "ambito": "47670", "_raw_CD_SIGLAS": "SU", "_raw_DS_CLASIF_GEN": "Suelo Urbano", "_raw_DS_CLASIF_DET": "Suelo Urbano", "_raw_DS_DOCU": "PLAN GENERAL", "_raw_DS_LEY": "CM Ley 9/1995, E Ley 6/1998", "_raw_FC_AC": "2001-09-27", "_raw_NM_AREA_M2": 37258.346204802299, "_cam_code": "047" }, "geometry": { "type": "Polygon", "coordinates": [ [ [ -4.0142, 40.636 ], [ -4.0147, 40.6365 ], [ -4.0151, 40.6365 ], [ -4.0169, 40.6379 ], [ -4.0174, 40.6381 ], [ -4.0174, 40.6382 ], [ -4.0179, 40.6383 ], [ -4.0179, 40.6384 ], [ -4.0191, 40.6373 ], [ -4.0178, 40.6368 ], [ -4.0142, 40.636 ] ] ] } },
{ "type": "Feature", "properties": { "municipio": "Collado Villalba", "clasificacion": "urbano-consolidado", "calificacion": "sin-asignar", "version": "vigente", "fuente": "SIT-CAM WFS — UsoDelSuelo:VPLA_V_CLASIFICACION (https://idem.comunidad.madrid/geosrvg/ows)", "fecha_dato": "2026-05-12", "ambito": "47670", "_raw_CD_SIGLAS": "SU", "_raw_DS_CLASIF_GEN": "Suelo Urbano", "_raw_DS_CLASIF_DET": "Suelo Urbano", "_raw_DS_DOCU": "PLAN GENERAL", "_raw_DS_LEY": "CM Ley 9/1995, E Ley 6/1998", "_raw_FC_AC": "2001-09-27", "_raw_NM_AREA_M2": 466755.12164895702, "_cam_code": "047" }, "geometry": { "type": "Polygon", "coordinates": [ [ [ -3.9786, 40.6492 ], [ -3.9788, 40.6493 ], [ -3.9796, 40.6491 ], [ -3.983, 40.6481 ], [ -3.9835, 40.6477 ], [ -3.9841, 40.6469 ], [ -3.9846, 40.6465 ], [ -3.9847, 40.6465 ], [ -3.9848, 40.6465 ], [ -3.9849, 40.6464 ], [ -3.9851, 40.6464 ], [ -3.9847, 40.6462 ], [ -3.9847, 40.6465 ], [ -3.9846, 40.6465 ], [ -3.9845, 40.6465 ], [ -3.984, 40.6468 ], [ -3.9835, 40.6476 ], [ -3.9828, 40.6481 ], [ -3.9799, 40.6488 ], [ -3.9791, 40.6491 ], [ -3.9786, 40.6491 ], [ -3.9765, 40.6486 ], [ -3.9763, 40.6485 ], [ -3.9762, 40.6482 ], [ -3.9771, 40.6484 ], [ -3.9778, 40.6479 ], [ -3.9792, 40.6478 ], [ -3.9794, 40.648 ], [ -3.9802, 40.6476 ], [ -3.9805, 40.6476 ], [ -3.9811, 40.6472 ], [ -3.9812, 40.6469 ], [ -3.9811, 40.6459 ], [ -3.9805, 40.6459 ], [ -3.9789, 40.6454 ], [ -3.9769, 40.6441 ], [ -3.9765, 40.6451 ], [ -3.9738, 40.6447 ], [ -3.9708, 40.6446 ], [ -3.9702, 40.6453 ], [ -3.9701, 40.6459 ], [ -3.9688, 40.6468 ], [ -3.9681, 40.6468 ], [ -3.9666, 40.6463 ], [ -3.9652, 40.6454 ], [ -3.9632, 40.6452 ], [ -3.9631, 40.6458 ], [ -3.963, 40.6458 ], [ -3.963, 40.6464 ], [ -3.9628, 40.6471 ], [ -3.9638, 40.6471 ], [ -3.9684, 40.6477 ], [ -3.97, 40.6482 ], [ -3.9714, 40.6489 ], [ -3.9714, 40.649 ], [ -3.9737, 40.6488 ], [ -3.9757, 40.6491 ], [ -3.9786, 40.6492 ] ], [ [ -3.975, 40.6483 ], [ -3.9733, 40.6475 ], [ -3.9733, 40.6473 ], [ -3.9736, 40.6472 ], [ -3.9739, 40.6474 ], [ -3.9749, 40.6476 ], [ -3.9751, 40.6481 ], [ -3.975, 40.6483 ] ] ] } },
{ "type": "Feature", "properties": { "municipio": "Collado Villalba", "clasificacion": "urbano-consolidado", "calificacion": "sin-asignar", "version": "vigente", "fuente": "SIT-CAM WFS — UsoDelSuelo:VPLA_V_CLASIFICACION (https://idem.comunidad.madrid/geosrvg/ows)", "fecha_dato": "2026-05-12", "ambito": "47670", "_raw_CD_SIGLAS": "SU", "_raw_DS_CLASIF_GEN": "Suelo Urbano", "_raw_DS_CLASIF_DET": "Suelo Urbano", "_raw_DS_DOCU": "PLAN GENERAL", "_raw_DS_LEY": "CM Ley 9/1995, E Ley 6/1998", "_raw_FC_AC": "2001-09-27", "_raw_NM_AREA_M2": 160335.24448287801, "_cam_code": "047" }, "geometry": { "type": "Polygon", "coordinates": [ [ [ -3.9954, 40.6491 ], [ -3.9965, 40.6505 ], [ -3.9965, 40.6508 ], [ -3.9957, 40.6519 ], [ -3.996, 40.6522 ], [ -3.996, 40.6531 ], [ -3.9955, 40.6532 ], [ -3.9954, 40.6534 ], [ -3.9956, 40.6536 ], [ -3.9958, 40.6536 ], [ -3.9958, 40.6537 ], [ -3.9971, 40.6539 ], [ -3.998, 40.6535 ], [ -3.9987, 40.654 ], [ -3.9993, 40.6537 ], [ -3.9995, 40.6533 ], [ -3.9998, 40.6531 ], [ -4.0009, 40.6532 ], [ -4.0011, 40.6529 ], [ -4.0024, 40.6525 ], [ -4.0024, 40.6523 ], [ -4.0, 40.6514 ], [ -4.0, 40.6513 ], [ -3.9991, 40.6508 ], [ -3.9988, 40.6505 ], [ -3.9973, 40.6497 ], [ -3.996, 40.6488 ], [ -3.9954, 40.6491 ] ] ] } },
{ "type": "Feature", "properties": { "municipio": "Collado Villalba", "clasificacion": "urbano-consolidado", "calificacion": "sin-asignar", "version": "vigente", "fuente": "SIT-CAM WFS — UsoDelSuelo:VPLA_V_CLASIFICACION (https://idem.comunidad.madrid/geosrvg/ows)", "fecha_dato": "2026-05-12", "ambito": "47670", "_raw_CD_SIGLAS": "SU", "_raw_DS_CLASIF_GEN": "Suelo Urbano", "_raw_DS_CLASIF_DET": "Suelo Urbano", "_raw_DS_DOCU": "PLAN GENERAL", "_raw_DS_LEY": "CM Ley 9/1995, E Ley 6/1998", "_raw_FC_AC": "2001-09-27", "_raw_NM_AREA_M2": 749115.354770081, "_cam_code": "047" }, "geometry": { "type": "Polygon", "coordinates": [ [ [ -3.9887, 40.6397 ], [ -3.9891, 40.6404 ], [ -3.9891, 40.6409 ], [ -3.9892, 40.641 ], [ -3.9865, 40.6414 ], [ -3.9865, 40.6416 ], [ -3.9862, 40.6418 ], [ -3.9865, 40.6418 ], [ -3.9869, 40.6423 ], [ -3.9862, 40.6424 ], [ -3.9865, 40.6427 ], [ -3.9879, 40.6424 ], [ -3.9895, 40.6416 ], [ -3.9897, 40.6413 ], [ -3.9954, 40.6409 ], [ -3.9958, 40.6407 ], [ -3.9979, 40.6387 ], [ -3.9984, 40.638 ], [ -3.9984, 40.6378 ], [ -3.9985, 40.6378 ], [ -3.9984, 40.6374 ], [ -3.9986, 40.6372 ], [ -3.9994, 40.6369 ], [ -3.9995, 40.6365 ], [ -3.9986, 40.6361 ], [ -3.9993, 40.6362 ], [ -3.9994, 40.6359 ], [ -3.9997, 40.6358 ], [ -3.9994, 40.6348 ], [ -4.0015, 40.6349 ], [ -4.0015, 40.6344 ], [ -4.0012, 40.6341 ], [ -4.0013, 40.634 ], [ -4.0012, 40.6328 ], [ -3.9992, 40.6306 ], [ -3.9983, 40.63 ], [ -3.9964, 40.629 ], [ -3.9956, 40.6296 ], [ -3.995, 40.6292 ], [ -3.9945, 40.6287 ], [ -3.9946, 40.6283 ], [ -3.9945, 40.6281 ], [ -3.9935, 40.6272 ], [ -3.9922, 40.628 ], [ -3.9931, 40.6289 ], [ -3.994, 40.6285 ], [ -3.9927, 40.6298 ], [ -3.992, 40.6303 ], [ -3.9917, 40.6307 ], [ -3.9931, 40.6322 ], [ -3.9938, 40.6325 ], [ -3.9939, 40.6329 ], [ -3.9939, 40.6331 ], [ -3.9933, 40.6339 ], [ -3.9931, 40.6344 ], [ -3.9929, 40.6344 ], [ -3.9925, 40.6348 ], [ -3.9936, 40.6354 ], [ -3.9956, 40.6359 ], [ -3.995, 40.637 ], [ -3.9967, 40.637 ], [ -3.9968, 40.6372 ], [ -3.996, 40.6381 ], [ -3.9944, 40.6392 ], [ -3.9942, 40.6395 ], [ -3.9928, 40.6385 ], [ -3.9923, 40.6385 ], [ -3.9924, 40.6383 ], [ -3.9921, 40.638 ], [ -3.9899, 40.6382 ], [ -3.9898, 40.6386 ], [ -3.9882, 40.6385 ], [ -3.9879, 40.6391 ], [ -3.9887, 40.6397 ] ], [ [ -3.9965, 40.6359 ], [ -3.9958, 40.6356 ], [ -3.9961, 40.6351 ], [ -3.9962, 40.6352 ], [ -3.9965, 40.6351 ], [ -3.9967, 40.6353 ], [ -3.9976, 40.6356 ], [ -3.9975, 40.6358 ], [ -3.9965, 40.6358 ], [ -3.9965, 40.6359 ] ] ] } },
{ "type": "Feature", "properties": { "municipio": "Collado Villalba", "clasificacion": "urbano-consolidado", "calificacion": "sin-asignar", "version": "vigente", "fuente": "SIT-CAM WFS — UsoDelSuelo:VPLA_V_CLASIFICACION (https://idem.comunidad.madrid/geosrvg/ows)", "fecha_dato": "2026-05-12", "ambito": "47670", "_raw_CD_SIGLAS": "SU", "_raw_DS_CLASIF_GEN": "Suelo Urbano", "_raw_DS_CLASIF_DET": "Suelo Urbano", "_raw_DS_DOCU": "PLAN GENERAL", "_raw_DS_LEY": "CM Ley 9/1995, E Ley 6/1998", "_raw_FC_AC": "2001-09-27", "_raw_NM_AREA_M2": 142111.23999246699, "_cam_code": "047" }, "geometry": { "type": "Polygon", "coordinates": [ [ [ -4.0153, 40.6372 ], [ -4.0128, 40.639 ], [ -4.0129, 40.6395 ], [ -4.0123, 40.64 ], [ -4.0103, 40.6408 ], [ -4.0069, 40.6416 ], [ -4.0071, 40.643 ], [ -4.0081, 40.6429 ], [ -4.0087, 40.6427 ], [ -4.011, 40.6426 ], [ -4.0113, 40.6411 ], [ -4.0117, 40.6411 ], [ -4.0117, 40.641 ], [ -4.0131, 40.6407 ], [ -4.0146, 40.6395 ], [ -4.0165, 40.6386 ], [ -4.0169, 40.6383 ], [ -4.0176, 40.6387 ], [ -4.0179, 40.6383 ], [ -4.0174, 40.6382 ], [ -4.0172, 40.638 ], [ -4.0153, 40.6372 ] ] ] } },
{ "type": "Feature", "properties": { "municipio": "Collado Villalba", "clasificacion": "urbano-consolidado", "calificacion": "sin-asignar", "version": "vigente", "fuente": "SIT-CAM WFS — UsoDelSuelo:VPLA_V_CLASIFICACION (https://idem.comunidad.madrid/geosrvg/ows)", "fecha_dato": "2026-05-12", "ambito": "47670", "_raw_CD_SIGLAS": "SU_A", "_raw_DS_CLASIF_GEN": "Suelo Urbano (APLAZADO)", "_raw_DS_CLASIF_DET": "Suelo Urbano", "_raw_DS_DOCU": "PLAN GENERAL", "_raw_DS_LEY": "CM Ley 9/1995, E Ley 6/1998", "_raw_FC_AC": "2001-09-27", "_raw_NM_AREA_M2": 8324.5586375466592, "_cam_code": "047" }, "geometry": { "type": "Polygon", "coordinates": [ [ [ -4.0088, 40.6509 ], [ -4.009, 40.6506 ], [ -4.008, 40.6492 ], [ -4.0077, 40.6493 ], [ -4.0083, 40.6507 ], [ -4.0088, 40.6509 ] ] ] } },
{ "type": "Feature", "properties": { "municipio": "Collado Villalba", "clasificacion": "urbano-consolidado", "calificacion": "sin-asignar", "version": "vigente", "fuente": "SIT-CAM WFS — UsoDelSuelo:VPLA_V_CLASIFICACION (https://idem.comunidad.madrid/geosrvg/ows)", "fecha_dato": "2026-05-12", "ambito": "47670", "_raw_CD_SIGLAS": "SU_A", "_raw_DS_CLASIF_GEN": "Suelo Urbano (APLAZADO)", "_raw_DS_CLASIF_DET": "Suelo Urbano", "_raw_DS_DOCU": "PLAN GENERAL", "_raw_DS_LEY": "CM Ley 9/1995, E Ley 6/1998", "_raw_FC_AC": "2001-09-27", "_raw_NM_AREA_M2": 8393.5706798823794, "_cam_code": "047" }, "geometry": { "type": "Polygon", "coordinates": [ [ [ -3.9934, 40.6476 ], [ -3.9948, 40.6484 ], [ -3.9954, 40.6491 ], [ -3.9958, 40.6489 ], [ -3.9945, 40.6478 ], [ -3.9937, 40.6474 ], [ -3.9934, 40.6476 ] ] ] } },
{ "type": "Feature", "properties": { "municipio": "Collado Villalba", "clasificacion": "urbano-consolidado", "calificacion": "sin-asignar", "version": "vigente", "fuente": "SIT-CAM WFS — UsoDelSuelo:VPLA_V_CLASIFICACION (https://idem.comunidad.madrid/geosrvg/ows)", "fecha_dato": "2026-05-12", "ambito": "47670", "_raw_CD_SIGLAS": "SU_A", "_raw_DS_CLASIF_GEN": "Suelo Urbano (APLAZADO)", "_raw_DS_CLASIF_DET": "Suelo Urbano", "_raw_DS_DOCU": "PLAN GENERAL", "_raw_DS_LEY": "CM Ley 9/1995, E Ley 6/1998", "_raw_FC_AC": "2001-09-27", "_raw_NM_AREA_M2": 7426.3681223583599, "_cam_code": "047" }, "geometry": { "type": "Polygon", "coordinates": [ [ [ -3.9735, 40.6472 ], [ -3.9735, 40.6473 ], [ -3.9733, 40.6473 ], [ -3.9733, 40.6475 ], [ -3.975, 40.6483 ], [ -3.9751, 40.6481 ], [ -3.9749, 40.6476 ], [ -3.9739, 40.6474 ], [ -3.9735, 40.6472 ] ] ] } },
{ "type": "Feature", "properties": { "municipio": "Collado Villalba", "clasificacion": "urbano-consolidado", "calificacion": "sin-asignar", "version": "vigente", "fuente": "SIT-CAM WFS — UsoDelSuelo:VPLA_V_CLASIFICACION (https://idem.comunidad.madrid/geosrvg/ows)", "fecha_dato": "2026-05-12", "ambito": "47670", "_raw_CD_SIGLAS": "SU_A", "_raw_DS_CLASIF_GEN": "Suelo Urbano (APLAZADO)", "_raw_DS_CLASIF_DET": "Suelo Urbano", "_raw_DS_DOCU": "PLAN GENERAL", "_raw_DS_LEY": "CM Ley 9/1995, E Ley 6/1998", "_raw_FC_AC": "2001-09-27", "_raw_NM_AREA_M2": 73948.201428218206, "_cam_code": "047" }, "geometry": { "type": "Polygon", "coordinates": [ [ [ -3.9907, 40.6217 ], [ -3.9921, 40.6231 ], [ -3.9925, 40.6229 ], [ -3.9925, 40.6224 ], [ -3.9927, 40.6223 ], [ -3.9929, 40.6227 ], [ -3.9936, 40.6232 ], [ -3.994, 40.623 ], [ -3.9933, 40.6225 ], [ -3.9948, 40.6218 ], [ -3.9953, 40.6213 ], [ -3.9958, 40.6211 ], [ -3.9953, 40.6206 ], [ -3.995, 40.6206 ], [ -3.995, 40.6205 ], [ -3.9941, 40.6206 ], [ -3.994, 40.6206 ], [ -3.9939, 40.6206 ], [ -3.9938, 40.6206 ], [ -3.9934, 40.6206 ], [ -3.9934, 40.6206 ], [ -3.9934, 40.6206 ], [ -3.993, 40.6206 ], [ -3.9928, 40.6206 ], [ -3.9927, 40.6206 ], [ -3.9931, 40.6205 ], [ -3.9936, 40.6201 ], [ -3.9936, 40.62 ], [ -3.993, 40.6203 ], [ -3.9921, 40.6203 ], [ -3.992, 40.6206 ], [ -3.9921, 40.6207 ], [ -3.9907, 40.6217 ] ] ] } },
{ "type": "Feature", "properties": { "municipio": "Collado Villalba", "clasificacion": "urbanizable-no-sectorizado", "calificacion": "sin-asignar", "version": "vigente", "fuente": "SIT-CAM WFS — UsoDelSuelo:VPLA_V_CLASIFICACION (https://idem.comunidad.madrid/geosrvg/ows)", "fecha_dato": "2026-05-12", "ambito": "47670", "_raw_CD_SIGLAS": "SUBNS_A", "_raw_DS_CLASIF_GEN": "Suelo Urbanizable No Sectorizado (APLAZADO)", "_raw_DS_CLASIF_DET": "Suelo No Urbanizable Común", "_raw_DS_DOCU": "PLAN GENERAL", "_raw_DS_LEY": "CM Ley 9/1995, E Ley 6/1998", "_raw_FC_AC": "2001-09-27", "_raw_NM_AREA_M2": 23829.1620985277, "_cam_code": "047" }, "geometry": { "type": "Polygon", "coordinates": [ [ [ -3.9762, 40.644 ], [ -3.9735, 40.6443 ], [ -3.9735, 40.6447 ], [ -3.9765, 40.6451 ], [ -3.9769, 40.6442 ], [ -3.9769, 40.6441 ], [ -3.9762, 40.644 ] ] ] } },
{ "type": "Feature", "properties": { "municipio": "Collado Villalba", "clasificacion": "urbanizable-no-sectorizado", "calificacion": "sin-asignar", "version": "vigente", "fuente": "SIT-CAM WFS — UsoDelSuelo:VPLA_V_CLASIFICACION (https://idem.comunidad.madrid/geosrvg/ows)", "fecha_dato": "2026-05-12", "ambito": "47670", "_raw_CD_SIGLAS": "SUBNS_A", "_raw_DS_CLASIF_GEN": "Suelo Urbanizable No Sectorizado (APLAZADO)", "_raw_DS_CLASIF_DET": "Suelo No Urbanizable No Sectorizado (APLAZADO)", "_raw_DS_DOCU": "PLAN GENERAL", "_raw_DS_LEY": "CM Ley 9/1995, E Ley 6/1998", "_raw_FC_AC": "2001-09-27", "_raw_NM_AREA_M2": 94803.508144698702, "_cam_code": "047" }, "geometry": { "type": "Polygon", "coordinates": [ [ [ -3.9895, 40.6501 ], [ -3.9955, 40.6532 ], [ -3.996, 40.6531 ], [ -3.996, 40.6522 ], [ -3.9957, 40.652 ], [ -3.9958, 40.6517 ], [ -3.9953, 40.6513 ], [ -3.9946, 40.6517 ], [ -3.9928, 40.6508 ], [ -3.9932, 40.6503 ], [ -3.9934, 40.6498 ], [ -3.9923, 40.6495 ], [ -3.9915, 40.6489 ], [ -3.9914, 40.6487 ], [ -3.9915, 40.6484 ], [ -3.9913, 40.6481 ], [ -3.9908, 40.6485 ], [ -3.9895, 40.6501 ] ] ] } },
{ "type": "Feature", "properties": { "municipio": "Collado Villalba", "clasificacion": "urbanizable-sectorizado", "calificacion": "sin-asignar", "version": "vigente", "fuente": "SIT-CAM WFS — UsoDelSuelo:VPLA_V_CLASIFICACION (https://idem.comunidad.madrid/geosrvg/ows)", "fecha_dato": "2026-05-12", "ambito": "47670", "_raw_CD_SIGLAS": "SUBS", "_raw_DS_CLASIF_GEN": "Suelo Urbanizable Programado", "_raw_DS_CLASIF_DET": "Suelo Urbanizable", "_raw_DS_DOCU": "PLAN GENERAL", "_raw_DS_LEY": "CM Ley 9/1995, E Ley 6/1998", "_raw_FC_AC": "2001-09-27", "_raw_NM_AREA_M2": 27787.110544720301, "_cam_code": "047" }, "geometry": { "type": "Polygon", "coordinates": [ [ [ -4.0079, 40.6515 ], [ -4.0079, 40.6516 ], [ -4.0062, 40.652 ], [ -4.0065, 40.6529 ], [ -4.0068, 40.6529 ], [ -4.0071, 40.6532 ], [ -4.0079, 40.6536 ], [ -4.0086, 40.6537 ], [ -4.0082, 40.6529 ], [ -4.0082, 40.6517 ], [ -4.0079, 40.6515 ] ] ] } },
{ "type": "Feature", "properties": { "municipio": "Collado Villalba", "clasificacion": "urbanizable-sectorizado", "calificacion": "sin-asignar", "version": "vigente", "fuente": "SIT-CAM WFS — UsoDelSuelo:VPLA_V_CLASIFICACION (https://idem.comunidad.madrid/geosrvg/ows)", "fecha_dato": "2026-05-12", "ambito": "47670", "_raw_CD_SIGLAS": "SUBS", "_raw_DS_CLASIF_GEN": "Suelo Urbanizable Programado", "_raw_DS_CLASIF_DET": "Suelo Urbanizable", "_raw_DS_DOCU": "PLAN GENERAL", "_raw_DS_LEY": "CM Ley 9/1995, E Ley 6/1998", "_raw_FC_AC": "2001-09-27", "_raw_NM_AREA_M2": 118984.89385907201, "_cam_code": "047" }, "geometry": { "type": "Polygon", "coordinates": [ [ [ -3.9863, 40.6196 ], [ -3.9866, 40.6197 ], [ -3.988, 40.6211 ], [ -3.9896, 40.6222 ], [ -3.9905, 40.6233 ], [ -3.9915, 40.6225 ], [ -3.9907, 40.6217 ], [ -3.9921, 40.6207 ], [ -3.992, 40.6206 ], [ -3.9921, 40.6202 ], [ -3.991, 40.6196 ], [ -3.991, 40.6188 ], [ -3.9906, 40.6188 ], [ -3.9901, 40.6192 ], [ -3.9894, 40.6192 ], [ -3.9894, 40.6193 ], [ -3.989, 40.6193 ], [ -3.989, 40.6192 ], [ -3.9886, 40.6192 ], [ -3.9886, 40.6191 ], [ -3.9872, 40.6194 ], [ -3.987, 40.6193 ], [ -3.9861, 40.6193 ], [ -3.986, 40.6192 ], [ -3.9863, 40.6196 ] ] ] } },
{ "type": "Feature", "properties": { "municipio": "Collado Villalba", "clasificacion": "urbanizable-sectorizado", "calificacion": "sin-asignar", "version": "vigente", "fuente": "SIT-CAM WFS — UsoDelSuelo:VPLA_V_CLASIFICACION (https://idem.comunidad.madrid/geosrvg/ows)", "fecha_dato": "2026-05-12", "ambito": "47670", "_raw_CD_SIGLAS": "SUBS", "_raw_DS_CLASIF_GEN": "Suelo Urbanizable Programado", "_raw_DS_CLASIF_DET": "Suelo Urbanizable", "_raw_DS_DOCU": "PLAN GENERAL", "_raw_DS_LEY": "CM Ley 9/1995, E Ley 6/1998", "_raw_FC_AC": "2001-09-27", "_raw_NM_AREA_M2": 113920.711560564, "_cam_code": "047" }, "geometry": { "type": "Polygon", "coordinates": [ [ [ -3.9724, 40.651 ], [ -3.9748, 40.6511 ], [ -3.9768, 40.65 ], [ -3.9791, 40.6493 ], [ -3.9772, 40.6491 ], [ -3.9757, 40.6491 ], [ -3.9737, 40.6488 ], [ -3.9714, 40.649 ], [ -3.9708, 40.6508 ], [ -3.9712, 40.651 ], [ -3.972, 40.6511 ], [ -3.9724, 40.651 ] ] ] } },
{ "type": "Feature", "properties": { "municipio": "Collado Villalba", "clasificacion": "urbanizable-sectorizado", "calificacion": "sin-asignar", "version": "vigente", "fuente": "SIT-CAM WFS — UsoDelSuelo:VPLA_V_CLASIFICACION (https://idem.comunidad.madrid/geosrvg/ows)", "fecha_dato": "2026-05-12", "ambito": "47670", "_raw_CD_SIGLAS": "SUBS", "_raw_DS_CLASIF_GEN": "Suelo Urbanizable Programado", "_raw_DS_CLASIF_DET": "Suelo Urbanizable", "_raw_DS_DOCU": "PLAN GENERAL", "_raw_DS_LEY": "CM Ley 9/1995, E Ley 6/1998", "_raw_FC_AC": "2001-09-27", "_raw_NM_AREA_M2": 56691.351566614903, "_cam_code": "047" }, "geometry": { "type": "Polygon", "coordinates": [ [ [ -3.988, 40.6455 ], [ -3.9863, 40.6461 ], [ -3.9863, 40.6463 ], [ -3.9866, 40.6469 ], [ -3.988, 40.6478 ], [ -3.9883, 40.6482 ], [ -3.9887, 40.6483 ], [ -3.9888, 40.6492 ], [ -3.9892, 40.6493 ], [ -3.9901, 40.6483 ], [ -3.9899, 40.6482 ], [ -3.9899, 40.648 ], [ -3.9894, 40.6475 ], [ -3.9892, 40.6471 ], [ -3.989, 40.647 ], [ -3.9889, 40.6467 ], [ -3.988, 40.6455 ] ] ] } },
{ "type": "Feature", "properties": { "municipio": "Collado Villalba", "clasificacion": "urbanizable-sectorizado", "calificacion": "sin-asignar", "version": "vigente", "fuente": "SIT-CAM WFS — UsoDelSuelo:VPLA_V_CLASIFICACION (https://idem.comunidad.madrid/geosrvg/ows)", "fecha_dato": "2026-05-12", "ambito": "47670", "_raw_CD_SIGLAS": "SUBS", "_raw_DS_CLASIF_GEN": "Suelo Urbanizable Programado", "_raw_DS_CLASIF_DET": "Suelo Urbanizable", "_raw_DS_DOCU": "PLAN GENERAL", "_raw_DS_LEY": "CM Ley 9/1995, E Ley 6/1998", "_raw_FC_AC": "2001-09-27", "_raw_NM_AREA_M2": 48013.866019964902, "_cam_code": "047" }, "geometry": { "type": "Polygon", "coordinates": [ [ [ -3.9821, 40.6445 ], [ -3.9819, 40.6459 ], [ -3.9837, 40.646 ], [ -3.9842, 40.6462 ], [ -3.9847, 40.6462 ], [ -3.9851, 40.6464 ], [ -3.9862, 40.646 ], [ -3.9847, 40.645 ], [ -3.9839, 40.6442 ], [ -3.9831, 40.6447 ], [ -3.9821, 40.6445 ] ] ] } },
{ "type": "Feature", "properties": { "municipio": "Collado Villalba", "clasificacion": "urbanizable-sectorizado", "calificacion": "sin-asignar", "version": "vigente", "fuente": "SIT-CAM WFS — UsoDelSuelo:VPLA_V_CLASIFICACION (https://idem.comunidad.madrid/geosrvg/ows)", "fecha_dato": "2026-05-12", "ambito": "47670", "_raw_CD_SIGLAS": "SUBS_A", "_raw_DS_CLASIF_GEN": "Suelo Urbanizable Sectorizado (APLAZADO)", "_raw_DS_CLASIF_DET": "Suelo Urbanizable", "_raw_DS_DOCU": "PLAN GENERAL", "_raw_DS_LEY": "CM Ley 9/1995, E Ley 6/1998", "_raw_FC_AC": "2001-09-27", "_raw_NM_AREA_M2": 112084.641224312, "_cam_code": "047" }, "geometry": { "type": "Polygon", "coordinates": [ [ [ -3.9946, 40.6517 ], [ -3.9953, 40.6513 ], [ -3.9958, 40.6517 ], [ -3.9965, 40.6508 ], [ -3.9964, 40.6503 ], [ -3.9948, 40.6484 ], [ -3.9938, 40.6479 ], [ -3.9933, 40.6474 ], [ -3.9927, 40.6474 ], [ -3.9914, 40.6482 ], [ -3.9915, 40.6489 ], [ -3.9923, 40.6495 ], [ -3.9934, 40.6498 ], [ -3.9932, 40.6503 ], [ -3.9928, 40.6508 ], [ -3.9946, 40.6517 ] ] ] } }
]
}
