{
"type": "FeatureCollection",
"name": "vigente.full",
"features": [
{ "type": "Feature", "properties": { "municipio": "Villaviciosa de Odón", "clasificacion": "urbano-consolidado", "calificacion": "equipamiento", "version": "vigente", "fuente": "SIT-CAM WFS — UsoDelSuelo:VPLA_V_CLASIFICACION (https://idem.comunidad.madrid/geosrvg/ows)", "fecha_dato": "2026-05-12", "ambito": "39950", "_raw_CD_SIGLAS": "SG_A", "_raw_DS_CLASIF_GEN": "Sistemas Generales (APLAZADO)", "_raw_DS_CLASIF_DET": "Sistemas Generales Otros", "_raw_DS_DOCU": "PLAN GENERAL", "_raw_DS_LEY": "CM Ley 9/1995, E Ley 6/1998, E RDL 1/1992, E RD 1346/1976", "_raw_FC_AC": "1999-07-15", "_raw_NM_AREA_M2": 56516.744057542601, "_cam_code": "181" }, "geometry": { "type": "Polygon", "coordinates": [ [ [ -3.9388, 40.3501 ], [ -3.9387, 40.35 ], [ -3.9391, 40.35 ], [ -3.9401, 40.3505 ], [ -3.9406, 40.3505 ], [ -3.9402, 40.3477 ], [ -3.9389, 40.3474 ], [ -3.938, 40.3482 ], [ -3.938, 40.3495 ], [ -3.9388, 40.3501 ] ] ] } },
{ "type": "Feature", "properties": { "municipio": "Villaviciosa de Odón", "clasificacion": "no-urbanizable-protegido", "calificacion": "sin-asignar", "version": "vigente", "fuente": "SIT-CAM WFS — UsoDelSuelo:VPLA_V_CLASIFICACION (https://idem.comunidad.madrid/geosrvg/ows)", "fecha_dato": "2026-05-12", "ambito": "39950", "_raw_CD_SIGLAS": "SNUP", "_raw_DS_CLASIF_GEN": "Suelo No Urbanizable Protegido", "_raw_DS_CLASIF_DET": "Suelo No Urbanizable Protegido. Espacios Singulares. Carrizales (Arroyo de la Vega). Clase I. Espacios Protegidos. Vías Pecuarias", "_raw_DS_DOCU": "PLAN GENERAL", "_raw_DS_LEY": "CM Ley 9/1995, E Ley 6/1998, E RDL 1/1992, E RD 1346/1976", "_raw_FC_AC": "1999-07-15", "_raw_NM_AREA_M2": 1268.1678666400401, "_cam_code": "181" }, "geometry": { "type": "Polygon", "coordinates": [ [ [ -3.8909, 40.3916 ], [ -3.8909, 40.3921 ], [ -3.8908, 40.3922 ], [ -3.8908, 40.3921 ], [ -3.8909, 40.3921 ], [ -3.891, 40.392 ], [ -3.8912, 40.392 ], [ -3.8912, 40.3916 ], [ -3.8911, 40.3915 ], [ -3.8909, 40.3916 ] ] ] } },
{ "type": "Feature", "properties": { "municipio": "Villaviciosa de Odón", "clasificacion": "no-urbanizable-protegido", "calificacion": "sin-asignar", "version": "vigente", "fuente": "SIT-CAM WFS — UsoDelSuelo:VPLA_V_CLASIFICACION (https://idem.comunidad.madrid/geosrvg/ows)", "fecha_dato": "2026-05-12", "ambito": "39950", "_raw_CD_SIGLAS": "SNUP", "_raw_DS_CLASIF_GEN": "Suelo No Urbanizable Protegido", "_raw_DS_CLASIF_DET": "Suelo No Urbanizable Protegido. Clase IV. Espacios Rurales con Restricción de Uso", "_raw_DS_DOCU": "PLAN GENERAL", "_raw_DS_LEY": "CM Ley 9/1995, E Ley 6/1998, E RDL 1/1992, E RD 1346/1976", "_raw_FC_AC": "1999-07-15", "_raw_NM_AREA_M2": 79884.136564662607, "_cam_code": "181" }, "geometry": { "type": "Polygon", "coordinates": [ [ [ -3.9244, 40.3608 ], [ -3.9233, 40.3608 ], [ -3.9233, 40.3607 ], [ -3.9226, 40.3606 ], [ -3.9221, 40.3607 ], [ -3.921, 40.3606 ], [ -3.9197, 40.3609 ], [ -3.9191, 40.3609 ], [ -3.9191, 40.3608 ], [ -3.9189, 40.3606 ], [ -3.919, 40.3607 ], [ -3.9189, 40.361 ], [ -3.9197, 40.3625 ], [ -3.9206, 40.3634 ], [ -3.9214, 40.3639 ], [ -3.9216, 40.3631 ], [ -3.9219, 40.3625 ], [ -3.9223, 40.3621 ], [ -3.9238, 40.3613 ], [ -3.9244, 40.3608 ] ] ] } },
{ "type": "Feature", "properties": { "municipio": "Villaviciosa de Odón", "clasificacion": "no-urbanizable-protegido", "calificacion": "sin-asignar", "version": "vigente", "fuente": "SIT-CAM WFS — UsoDelSuelo:VPLA_V_CLASIFICACION (https://idem.comunidad.madrid/geosrvg/ows)", "fecha_dato": "2026-05-12", "ambito": "39950", "_raw_CD_SIGLAS": "SNUP", "_raw_DS_CLASIF_GEN": "Suelo No Urbanizable Protegido", "_raw_DS_CLASIF_DET": "Suelo No Urbanizable Protegido. Espacios Singulares. Carrizales (Arroyo de la Vega)", "_raw_DS_DOCU": "PLAN GENERAL", "_raw_DS_LEY": "CM Ley 9/1995, E Ley 6/1998, E RDL 1/1992, E RD 1346/1976", "_raw_FC_AC": "1999-07-15", "_raw_NM_AREA_M2": 31638.457222195, "_cam_code": "181" }, "geometry": { "type": "Polygon", "coordinates": [ [ [ -3.8931, 40.3897 ], [ -3.8924, 40.3901 ], [ -3.8911, 40.3914 ], [ -3.8912, 40.3919 ], [ -3.8925, 40.3916 ], [ -3.8927, 40.3914 ], [ -3.8937, 40.391 ], [ -3.8938, 40.3895 ], [ -3.8931, 40.3897 ] ] ] } },
{ "type": "Feature", "properties": { "municipio": "Villaviciosa de Odón", "clasificacion": "no-urbanizable-protegido", "calificacion": "sin-asignar", "version": "vigente", "fuente": "SIT-CAM WFS — UsoDelSuelo:VPLA_V_CLASIFICACION (https://idem.comunidad.madrid/geosrvg/ows)", "fecha_dato": "2026-05-12", "ambito": "39950", "_raw_CD_SIGLAS": "SNUP", "_raw_DS_CLASIF_GEN": "Suelo No Urbanizable Protegido", "_raw_DS_CLASIF_DET": "Suelo No Urbanizable Protegido. Espacios Singulares. Carrizales (Arroyo de la Vega)", "_raw_DS_DOCU": "PLAN GENERAL", "_raw_DS_LEY": "CM Ley 9/1995, E Ley 6/1998, E RDL 1/1992, E RD 1346/1976", "_raw_FC_AC": "1999-07-15", "_raw_NM_AREA_M2": 4559.5012483198798, "_cam_code": "181" }, "geometry": { "type": "Polygon", "coordinates": [ [ [ -3.9025, 40.3859 ], [ -3.9024, 40.3861 ], [ -3.9019, 40.3864 ], [ -3.9008, 40.3875 ], [ -3.9021, 40.3868 ], [ -3.9025, 40.3859 ] ] ] } },
{ "type": "Feature", "properties": { "municipio": "Villaviciosa de Odón", "clasificacion": "no-urbanizable-protegido", "calificacion": "sin-asignar", "version": "vigente", "fuente": "SIT-CAM WFS — UsoDelSuelo:VPLA_V_CLASIFICACION (https://idem.comunidad.madrid/geosrvg/ows)", "fecha_dato": "2026-05-12", "ambito": "39950", "_raw_CD_SIGLAS": "SNUP", "_raw_DS_CLASIF_GEN": "Suelo No Urbanizable Protegido", "_raw_DS_CLASIF_DET": "Suelo No Urbanizable Protegido. Clase I. Espacios Protegidos. Cauces y Riberas", "_raw_DS_DOCU": "PLAN GENERAL", "_raw_DS_LEY": "CM Ley 9/1995, E Ley 6/1998, E RDL 1/1992, E RD 1346/1976", "_raw_FC_AC": "1999-07-15", "_raw_NM_AREA_M2": 99692.724279925096, "_cam_code": "181" }, "geometry": { "type": "Polygon", "coordinates": [ [ [ -3.8938, 40.3895 ], [ -3.894, 40.3886 ], [ -3.8938, 40.3889 ], [ -3.8933, 40.3889 ], [ -3.8928, 40.3886 ], [ -3.8922, 40.388 ], [ -3.8913, 40.3877 ], [ -3.8899, 40.3868 ], [ -3.889, 40.3866 ], [ -3.889, 40.3865 ], [ -3.8886, 40.3864 ], [ -3.8885, 40.3862 ], [ -3.8882, 40.3862 ], [ -3.8882, 40.3861 ], [ -3.8874, 40.3859 ], [ -3.8872, 40.3857 ], [ -3.887, 40.3857 ], [ -3.887, 40.3856 ], [ -3.8868, 40.3856 ], [ -3.8868, 40.3855 ], [ -3.8863, 40.3853 ], [ -3.8857, 40.3848 ], [ -3.8847, 40.3843 ], [ -3.8845, 40.384 ], [ -3.884, 40.3838 ], [ -3.8836, 40.3833 ], [ -3.8835, 40.3838 ], [ -3.8847, 40.3851 ], [ -3.8864, 40.3861 ], [ -3.8873, 40.3864 ], [ -3.8894, 40.3874 ], [ -3.8908, 40.3883 ], [ -3.892, 40.3894 ], [ -3.892, 40.3899 ], [ -3.8918, 40.3903 ], [ -3.8899, 40.39 ], [ -3.8907, 40.3908 ], [ -3.8911, 40.3914 ], [ -3.8924, 40.3901 ], [ -3.8931, 40.3897 ], [ -3.8938, 40.3895 ] ] ] } },
{ "type": "Feature", "properties": { "municipio": "Villaviciosa de Odón", "clasificacion": "no-urbanizable-protegido", "calificacion": "sin-asignar", "version": "vigente", "fuente": "SIT-CAM WFS — UsoDelSuelo:VPLA_V_CLASIFICACION (https://idem.comunidad.madrid/geosrvg/ows)", "fecha_dato": "2026-05-12", "ambito": "39950", "_raw_CD_SIGLAS": "SNUP", "_raw_DS_CLASIF_GEN": "Suelo No Urbanizable Protegido", "_raw_DS_CLASIF_DET": "Suelo No Urbanizable Protegido. Clase I. Espacios Protegidos. Cauces y Riberas", "_raw_DS_DOCU": "PLAN GENERAL", "_raw_DS_LEY": "CM Ley 9/1995, E Ley 6/1998, E RDL 1/1992, E RD 1346/1976", "_raw_FC_AC": "1999-07-15", "_raw_NM_AREA_M2": 74597.156159701597, "_cam_code": "181" }, "geometry": { "type": "Polygon", "coordinates": [ [ [ -3.8963, 40.3821 ], [ -3.8968, 40.3816 ], [ -3.8953, 40.3814 ], [ -3.8931, 40.3809 ], [ -3.8926, 40.3805 ], [ -3.892, 40.3804 ], [ -3.8907, 40.3799 ], [ -3.8896, 40.3798 ], [ -3.8872, 40.379 ], [ -3.8857, 40.3787 ], [ -3.8839, 40.378 ], [ -3.883, 40.3779 ], [ -3.8828, 40.3781 ], [ -3.8835, 40.3784 ], [ -3.8842, 40.3785 ], [ -3.8853, 40.3791 ], [ -3.8893, 40.3803 ], [ -3.8905, 40.3805 ], [ -3.8911, 40.3808 ], [ -3.8918, 40.3808 ], [ -3.8923, 40.3812 ], [ -3.8935, 40.3814 ], [ -3.8938, 40.3816 ], [ -3.895, 40.3819 ], [ -3.8952, 40.3821 ], [ -3.8962, 40.3825 ], [ -3.8963, 40.3821 ] ] ] } },
{ "type": "Feature", "properties": { "municipio": "Villaviciosa de Odón", "clasificacion": "no-urbanizable-protegido", "calificacion": "sin-asignar", "version": "vigente", "fuente": "SIT-CAM WFS — UsoDelSuelo:VPLA_V_CLASIFICACION (https://idem.comunidad.madrid/geosrvg/ows)", "fecha_dato": "2026-05-12", "ambito": "39950", "_raw_CD_SIGLAS": "SNUP", "_raw_DS_CLASIF_GEN": "Suelo No Urbanizable Protegido", "_raw_DS_CLASIF_DET": "Suelo No Urbanizable Protegido. Clase IV. Espacios Rurales con Restricción de Uso. Clase I. Espacios Protegidos. Vías Pecuarias", "_raw_DS_DOCU": "PLAN GENERAL", "_raw_DS_LEY": "CM Ley 9/1995, E Ley 6/1998, E RDL 1/1992, E RD 1346/1976", "_raw_FC_AC": "1999-07-15", "_raw_NM_AREA_M2": 24551.737101369101, "_cam_code": "181" }, "geometry": { "type": "Polygon", "coordinates": [ [ [ -3.9185, 40.3482 ], [ -3.9142, 40.3509 ], [ -3.9141, 40.3511 ], [ -3.9125, 40.3521 ], [ -3.9117, 40.3525 ], [ -3.9119, 40.3526 ], [ -3.9137, 40.3516 ], [ -3.9144, 40.351 ], [ -3.9175, 40.3491 ], [ -3.9204, 40.347 ], [ -3.924, 40.3458 ], [ -3.924, 40.3457 ], [ -3.9245, 40.3455 ], [ -3.9245, 40.3453 ], [ -3.9223, 40.3463 ], [ -3.9204, 40.3468 ], [ -3.9196, 40.3474 ], [ -3.9191, 40.3476 ], [ -3.9185, 40.3482 ] ] ] } },
{ "type": "Feature", "properties": { "municipio": "Villaviciosa de Odón", "clasificacion": "no-urbanizable-protegido", "calificacion": "sin-asignar", "version": "vigente", "fuente": "SIT-CAM WFS — UsoDelSuelo:VPLA_V_CLASIFICACION (https://idem.comunidad.madrid/geosrvg/ows)", "fecha_dato": "2026-05-12", "ambito": "39950", "_raw_CD_SIGLAS": "SNUP", "_raw_DS_CLASIF_GEN": "Suelo No Urbanizable Protegido", "_raw_DS_CLASIF_DET": "Suelo No Urbanizable Protegido. Clase III. Espacios Forestales de Interés Forestal", "_raw_DS_DOCU": "PLAN GENERAL", "_raw_DS_LEY": "CM Ley 9/1995, E Ley 6/1998, E RDL 1/1992, E RD 1346/1976", "_raw_FC_AC": "1999-07-15", "_raw_NM_AREA_M2": 183463.54370636199, "_cam_code": "181" }, "geometry": { "type": "Polygon", "coordinates": [ [ [ -3.8928, 40.3937 ], [ -3.8928, 40.3938 ], [ -3.892, 40.394 ], [ -3.892, 40.3941 ], [ -3.8887, 40.3955 ], [ -3.8914, 40.3978 ], [ -3.8918, 40.398 ], [ -3.8968, 40.3995 ], [ -3.8968, 40.3996 ], [ -3.9002, 40.4005 ], [ -3.9053, 40.4032 ], [ -3.9057, 40.4028 ], [ -3.8901, 40.395 ], [ -3.8936, 40.3938 ], [ -3.894, 40.3935 ], [ -3.894, 40.393 ], [ -3.893, 40.3936 ], [ -3.893, 40.3937 ], [ -3.8928, 40.3937 ] ] ] } },
{ "type": "Feature", "properties": { "municipio": "Villaviciosa de Odón", "clasificacion": "no-urbanizable-protegido", "calificacion": "sin-asignar", "version": "vigente", "fuente": "SIT-CAM WFS — UsoDelSuelo:VPLA_V_CLASIFICACION (https://idem.comunidad.madrid/geosrvg/ows)", "fecha_dato": "2026-05-12", "ambito": "39950", "_raw_CD_SIGLAS": "SNUP", "_raw_DS_CLASIF_GEN": "Suelo No Urbanizable Protegido", "_raw_DS_CLASIF_DET": "Suelo No Urbanizable Protegido. Clase I. Espacios Protegidos. Cauces y Riberas", "_raw_DS_DOCU": "PLAN GENERAL", "_raw_DS_LEY": "CM Ley 9/1995, E Ley 6/1998, E RDL 1/1992, E RD 1346/1976", "_raw_FC_AC": "1999-07-15", "_raw_NM_AREA_M2": 16128.1458439706, "_cam_code": "181" }, "geometry": { "type": "Polygon", "coordinates": [ [ [ -3.9015, 40.377 ], [ -3.9013, 40.3771 ], [ -3.9011, 40.3771 ], [ -3.9003, 40.3771 ], [ -3.8975, 40.3768 ], [ -3.8971, 40.377 ], [ -3.8971, 40.3773 ], [ -3.8981, 40.3773 ], [ -3.8994, 40.3776 ], [ -3.9004, 40.3776 ], [ -3.9004, 40.3774 ], [ -3.9015, 40.377 ] ] ] } },
{ "type": "Feature", "properties": { "municipio": "Villaviciosa de Odón", "clasificacion": "no-urbanizable-protegido", "calificacion": "sin-asignar", "version": "vigente", "fuente": "SIT-CAM WFS — UsoDelSuelo:VPLA_V_CLASIFICACION (https://idem.comunidad.madrid/geosrvg/ows)", "fecha_dato": "2026-05-12", "ambito": "39950", "_raw_CD_SIGLAS": "SNUP", "_raw_DS_CLASIF_GEN": "Suelo No Urbanizable Protegido", "_raw_DS_CLASIF_DET": "Suelo No Urbanizable Protegido. Clase I. Espacios Protegidos. Cauces y Riberas", "_raw_DS_DOCU": "PLAN GENERAL", "_raw_DS_LEY": "CM Ley 9/1995, E Ley 6/1998, E RDL 1/1992, E RD 1346/1976", "_raw_FC_AC": "1999-07-15", "_raw_NM_AREA_M2": 21269.330125683799, "_cam_code": "181" }, "geometry": { "type": "Polygon", "coordinates": [ [ [ -3.9063, 40.381 ], [ -3.9038, 40.3844 ], [ -3.9025, 40.3859 ], [ -3.9022, 40.3866 ], [ -3.9025, 40.3865 ], [ -3.9038, 40.3852 ], [ -3.9063, 40.3813 ], [ -3.9064, 40.3811 ], [ -3.9063, 40.381 ] ] ] } },
{ "type": "Feature", "properties": { "municipio": "Villaviciosa de Odón", "clasificacion": "no-urbanizable-protegido", "calificacion": "sin-asignar", "version": "vigente", "fuente": "SIT-CAM WFS — UsoDelSuelo:VPLA_V_CLASIFICACION (https://idem.comunidad.madrid/geosrvg/ows)", "fecha_dato": "2026-05-12", "ambito": "39950", "_raw_CD_SIGLAS": "SNUP", "_raw_DS_CLASIF_GEN": "Suelo No Urbanizable Protegido", "_raw_DS_CLASIF_DET": "Suelo No Urbanizable Protegido. Clase I. Espacios Protegidos. Cauces y Riberas", "_raw_DS_DOCU": "PLAN GENERAL", "_raw_DS_LEY": "CM Ley 9/1995, E Ley 6/1998, E RDL 1/1992, E RD 1346/1976", "_raw_FC_AC": "1999-07-15", "_raw_NM_AREA_M2": 44897.345313551203, "_cam_code": "181" }, "geometry": { "type": "Polygon", "coordinates": [ [ [ -3.9061, 40.3763 ], [ -3.9067, 40.3763 ], [ -3.9078, 40.3774 ], [ -3.9089, 40.377 ], [ -3.909, 40.3767 ], [ -3.9092, 40.3766 ], [ -3.9091, 40.3755 ], [ -3.9094, 40.3751 ], [ -3.9097, 40.3743 ], [ -3.9099, 40.3742 ], [ -3.9102, 40.3737 ], [ -3.9103, 40.3733 ], [ -3.9098, 40.3738 ], [ -3.909, 40.3751 ], [ -3.9069, 40.3755 ], [ -3.9061, 40.3763 ] ] ] } },
{ "type": "Feature", "properties": { "municipio": "Villaviciosa de Odón", "clasificacion": "no-urbanizable-protegido", "calificacion": "sin-asignar", "version": "vigente", "fuente": "SIT-CAM WFS — UsoDelSuelo:VPLA_V_CLASIFICACION (https://idem.comunidad.madrid/geosrvg/ows)", "fecha_dato": "2026-05-12", "ambito": "39950", "_raw_CD_SIGLAS": "SNUP", "_raw_DS_CLASIF_GEN": "Suelo No Urbanizable Protegido", "_raw_DS_CLASIF_DET": "Suelo No Urbanizable Protegido. Clase I. Espacios Protegidos. Cauces y Riberas", "_raw_DS_DOCU": "PLAN GENERAL", "_raw_DS_LEY": "CM Ley 9/1995, E Ley 6/1998, E RDL 1/1992, E RD 1346/1976", "_raw_FC_AC": "1999-07-15", "_raw_NM_AREA_M2": 473800.30001668102, "_cam_code": "181" }, "geometry": { "type": "Polygon", "coordinates": [ [ [ -3.8907, 40.3727 ], [ -3.8929, 40.3729 ], [ -3.893, 40.3728 ], [ -3.8962, 40.3726 ], [ -3.8976, 40.3723 ], [ -3.8984, 40.3723 ], [ -3.8993, 40.372 ], [ -3.9005, 40.3719 ], [ -3.9007, 40.3717 ], [ -3.905, 40.3703 ], [ -3.907, 40.3703 ], [ -3.9085, 40.3705 ], [ -3.9085, 40.3706 ], [ -3.912, 40.3704 ], [ -3.9121, 40.3707 ], [ -3.9131, 40.3696 ], [ -3.9131, 40.3692 ], [ -3.9141, 40.3685 ], [ -3.9171, 40.3651 ], [ -3.9161, 40.3651 ], [ -3.916, 40.3656 ], [ -3.915, 40.3666 ], [ -3.9133, 40.368 ], [ -3.9137, 40.3682 ], [ -3.9126, 40.3683 ], [ -3.9126, 40.3679 ], [ -3.9121, 40.3674 ], [ -3.9121, 40.3675 ], [ -3.9114, 40.3674 ], [ -3.911, 40.3666 ], [ -3.9107, 40.3666 ], [ -3.9106, 40.3664 ], [ -3.9103, 40.3664 ], [ -3.9102, 40.3662 ], [ -3.9099, 40.3662 ], [ -3.9099, 40.3661 ], [ -3.9091, 40.3661 ], [ -3.9088, 40.3658 ], [ -3.9084, 40.3658 ], [ -3.9084, 40.3657 ], [ -3.9074, 40.3655 ], [ -3.9072, 40.3653 ], [ -3.9072, 40.365 ], [ -3.9071, 40.365 ], [ -3.907, 40.3646 ], [ -3.9067, 40.3643 ], [ -3.9062, 40.3642 ], [ -3.9058, 40.3636 ], [ -3.9041, 40.3627 ], [ -3.9039, 40.3627 ], [ -3.9036, 40.3624 ], [ -3.9035, 40.3622 ], [ -3.9036, 40.3621 ], [ -3.903, 40.3616 ], [ -3.9027, 40.3617 ], [ -3.9027, 40.3616 ], [ -3.9017, 40.3611 ], [ -3.9013, 40.3613 ], [ -3.9001, 40.3609 ], [ -3.8995, 40.3606 ], [ -3.8997, 40.3604 ], [ -3.8996, 40.3599 ], [ -3.8989, 40.3598 ], [ -3.8987, 40.3597 ], [ -3.8988, 40.3596 ], [ -3.8987, 40.3595 ], [ -3.8981, 40.3593 ], [ -3.8978, 40.359 ], [ -3.8967, 40.3586 ], [ -3.8967, 40.3591 ], [ -3.8969, 40.3596 ], [ -3.8968, 40.3602 ], [ -3.8965, 40.3609 ], [ -3.897, 40.3602 ], [ -3.897, 40.3603 ], [ -3.8981, 40.3609 ], [ -3.8993, 40.3613 ], [ -3.8995, 40.3615 ], [ -3.9, 40.3616 ], [ -3.9004, 40.3619 ], [ -3.9013, 40.3622 ], [ -3.9035, 40.3638 ], [ -3.9063, 40.3654 ], [ -3.9064, 40.3656 ], [ -3.9066, 40.3656 ], [ -3.9092, 40.3669 ], [ -3.9104, 40.368 ], [ -3.9107, 40.3684 ], [ -3.9107, 40.3688 ], [ -3.9083, 40.3691 ], [ -3.9046, 40.3693 ], [ -3.9039, 40.3696 ], [ -3.9031, 40.3697 ], [ -3.9024, 40.3704 ], [ -3.9019, 40.3706 ], [ -3.8988, 40.3713 ], [ -3.8976, 40.3717 ], [ -3.8931, 40.3723 ], [ -3.8912, 40.3722 ], [ -3.8894, 40.3723 ], [ -3.8875, 40.3721 ], [ -3.8853, 40.3715 ], [ -3.8853, 40.3714 ], [ -3.8846, 40.3711 ], [ -3.8846, 40.371 ], [ -3.8844, 40.371 ], [ -3.8842, 40.3713 ], [ -3.8844, 40.3713 ], [ -3.8852, 40.372 ], [ -3.8862, 40.3722 ], [ -3.8864, 40.3724 ], [ -3.8871, 40.3726 ], [ -3.8907, 40.3727 ] ] ] } },
{ "type": "Feature", "properties": { "municipio": "Villaviciosa de Odón", "clasificacion": "no-urbanizable-protegido", "calificacion": "sin-asignar", "version": "vigente", "fuente": "SIT-CAM WFS — UsoDelSuelo:VPLA_V_CLASIFICACION (https://idem.comunidad.madrid/geosrvg/ows)", "fecha_dato": "2026-05-12", "ambito": "39950", "_raw_CD_SIGLAS": "SNUP", "_raw_DS_CLASIF_GEN": "Suelo No Urbanizable Protegido", "_raw_DS_CLASIF_DET": "Suelo No Urbanizable Protegido. Clase I. Espacios Protegidos. Vías Pecuarias", "_raw_DS_DOCU": "PLAN GENERAL", "_raw_DS_LEY": "CM Ley 9/1995, E Ley 6/1998, E RDL 1/1992, E RD 1346/1976", "_raw_FC_AC": "1999-07-15", "_raw_NM_AREA_M2": 4544.0458821251304, "_cam_code": "181" }, "geometry": { "type": "Polygon", "coordinates": [ [ [ -3.9223, 40.3653 ], [ -3.9221, 40.3655 ], [ -3.9223, 40.3655 ], [ -3.9233, 40.3664 ], [ -3.9238, 40.3666 ], [ -3.9239, 40.3664 ], [ -3.9223, 40.3653 ] ] ] } },
{ "type": "Feature", "properties": { "municipio": "Villaviciosa de Odón", "clasificacion": "no-urbanizable-protegido", "calificacion": "sin-asignar", "version": "vigente", "fuente": "SIT-CAM WFS — UsoDelSuelo:VPLA_V_CLASIFICACION (https://idem.comunidad.madrid/geosrvg/ows)", "fecha_dato": "2026-05-12", "ambito": "39950", "_raw_CD_SIGLAS": "SNUP", "_raw_DS_CLASIF_GEN": "Suelo No Urbanizable Protegido", "_raw_DS_CLASIF_DET": "Suelo No Urbanizable Protegido. Clase I. Espacios Protegidos. Vías Pecuarias", "_raw_DS_DOCU": "PLAN GENERAL", "_raw_DS_LEY": "CM Ley 9/1995, E Ley 6/1998, E RDL 1/1992, E RD 1346/1976", "_raw_FC_AC": "1999-07-15", "_raw_NM_AREA_M2": 65164.435982749303, "_cam_code": "181" }, "geometry": { "type": "Polygon", "coordinates": [ [ [ -3.8801, 40.3766 ], [ -3.8826, 40.3798 ], [ -3.8826, 40.3801 ], [ -3.8831, 40.3811 ], [ -3.8833, 40.382 ], [ -3.8833, 40.384 ], [ -3.8839, 40.3844 ], [ -3.8843, 40.385 ], [ -3.8877, 40.3871 ], [ -3.888, 40.3874 ], [ -3.8881, 40.3879 ], [ -3.8885, 40.3883 ], [ -3.8885, 40.3885 ], [ -3.8892, 40.3893 ], [ -3.8896, 40.39 ], [ -3.8905, 40.3908 ], [ -3.8909, 40.3916 ], [ -3.8911, 40.3915 ], [ -3.8907, 40.3908 ], [ -3.8899, 40.39 ], [ -3.8886, 40.3882 ], [ -3.8881, 40.3873 ], [ -3.8881, 40.3871 ], [ -3.8847, 40.3851 ], [ -3.8835, 40.3838 ], [ -3.8836, 40.3834 ], [ -3.8835, 40.3816 ], [ -3.8829, 40.3803 ], [ -3.8829, 40.3799 ], [ -3.8826, 40.3793 ], [ -3.8809, 40.3775 ], [ -3.8805, 40.3769 ], [ -3.88, 40.3755 ], [ -3.8792, 40.3741 ], [ -3.8797, 40.3724 ], [ -3.8797, 40.3721 ], [ -3.8795, 40.3717 ], [ -3.8795, 40.3709 ], [ -3.8792, 40.3704 ], [ -3.8792, 40.3701 ], [ -3.8797, 40.37 ], [ -3.8796, 40.37 ], [ -3.8796, 40.369 ], [ -3.8797, 40.3689 ], [ -3.8789, 40.3684 ], [ -3.8789, 40.3682 ], [ -3.8788, 40.3682 ], [ -3.8781, 40.367 ], [ -3.8774, 40.3655 ], [ -3.8766, 40.3643 ], [ -3.8766, 40.364 ], [ -3.8769, 40.3636 ], [ -3.8755, 40.3632 ], [ -3.8744, 40.3631 ], [ -3.8739, 40.3627 ], [ -3.8737, 40.3627 ], [ -3.8738, 40.3629 ], [ -3.8742, 40.3631 ], [ -3.8756, 40.3633 ], [ -3.8756, 40.3634 ], [ -3.8763, 40.3635 ], [ -3.8767, 40.3637 ], [ -3.8765, 40.364 ], [ -3.8765, 40.3643 ], [ -3.8768, 40.3649 ], [ -3.8787, 40.3683 ], [ -3.8789, 40.3684 ], [ -3.8789, 40.3686 ], [ -3.8795, 40.3689 ], [ -3.8796, 40.37 ], [ -3.8791, 40.37 ], [ -3.8789, 40.3702 ], [ -3.8793, 40.3712 ], [ -3.8794, 40.372 ], [ -3.8794, 40.3726 ], [ -3.879, 40.3742 ], [ -3.8798, 40.3757 ], [ -3.8801, 40.3766 ] ] ] } },
{ "type": "Feature", "properties": { "municipio": "Villaviciosa de Odón", "clasificacion": "no-urbanizable-protegido", "calificacion": "sin-asignar", "version": "vigente", "fuente": "SIT-CAM WFS — UsoDelSuelo:VPLA_V_CLASIFICACION (https://idem.comunidad.madrid/geosrvg/ows)", "fecha_dato": "2026-05-12", "ambito": "39950", "_raw_CD_SIGLAS": "SNUP", "_raw_DS_CLASIF_GEN": "Suelo No Urbanizable Protegido", "_raw_DS_CLASIF_DET": "Suelo No Urbanizable Protegido. Clase IV. Espacios Rurales con Restricción de Uso. Clase I. Espacios Protegidos. Vías Pecuarias", "_raw_DS_DOCU": "PLAN GENERAL", "_raw_DS_LEY": "CM Ley 9/1995, E Ley 6/1998, E RDL 1/1992, E RD 1346/1976", "_raw_FC_AC": "1999-07-15", "_raw_NM_AREA_M2": 9804.4534020636092, "_cam_code": "181" }, "geometry": { "type": "Polygon", "coordinates": [ [ [ -3.9275, 40.3538 ], [ -3.9256, 40.3542 ], [ -3.9217, 40.3544 ], [ -3.9217, 40.3545 ], [ -3.9217, 40.3545 ], [ -3.9216, 40.3545 ], [ -3.9216, 40.3545 ], [ -3.9215, 40.3545 ], [ -3.9213, 40.3545 ], [ -3.9213, 40.3546 ], [ -3.9212, 40.3546 ], [ -3.9212, 40.3546 ], [ -3.9211, 40.3546 ], [ -3.9209, 40.3546 ], [ -3.9202, 40.3547 ], [ -3.9186, 40.355 ], [ -3.9177, 40.3553 ], [ -3.9173, 40.3553 ], [ -3.9154, 40.3559 ], [ -3.9155, 40.356 ], [ -3.9188, 40.355 ], [ -3.921, 40.3547 ], [ -3.9215, 40.3546 ], [ -3.9215, 40.3545 ], [ -3.9215, 40.3545 ], [ -3.9216, 40.3545 ], [ -3.9216, 40.3545 ], [ -3.9216, 40.3545 ], [ -3.9217, 40.3545 ], [ -3.9224, 40.3545 ], [ -3.9263, 40.3542 ], [ -3.9276, 40.3539 ], [ -3.9275, 40.3538 ] ] ] } },
{ "type": "Feature", "properties": { "municipio": "Villaviciosa de Odón", "clasificacion": "no-urbanizable-protegido", "calificacion": "sin-asignar", "version": "vigente", "fuente": "SIT-CAM WFS — UsoDelSuelo:VPLA_V_CLASIFICACION (https://idem.comunidad.madrid/geosrvg/ows)", "fecha_dato": "2026-05-12", "ambito": "39950", "_raw_CD_SIGLAS": "SNUP", "_raw_DS_CLASIF_GEN": "Suelo No Urbanizable Protegido", "_raw_DS_CLASIF_DET": "Suelo No Urbanizable Protegido. Clase I. Espacios Protegidos. Vías Pecuarias", "_raw_DS_DOCU": "PLAN GENERAL", "_raw_DS_LEY": "CM Ley 9/1995, E Ley 6/1998, E RDL 1/1992, E RD 1346/1976", "_raw_FC_AC": "1999-07-15", "_raw_NM_AREA_M2": 41474.126530392401, "_cam_code": "181" }, "geometry": { "type": "Polygon", "coordinates": [ [ [ -3.9289, 40.3645 ], [ -3.9374, 40.3669 ], [ -3.9377, 40.3673 ], [ -3.9376, 40.3677 ], [ -3.9378, 40.3678 ], [ -3.9378, 40.368 ], [ -3.9384, 40.3684 ], [ -3.9385, 40.3681 ], [ -3.9379, 40.3677 ], [ -3.9378, 40.3669 ], [ -3.9372, 40.3665 ], [ -3.9353, 40.3661 ], [ -3.9272, 40.3638 ], [ -3.9269, 40.3639 ], [ -3.9287, 40.3644 ], [ -3.9261, 40.3651 ], [ -3.9236, 40.3662 ], [ -3.9239, 40.3664 ], [ -3.9242, 40.366 ], [ -3.9289, 40.3645 ] ] ] } },
{ "type": "Feature", "properties": { "municipio": "Villaviciosa de Odón", "clasificacion": "no-urbanizable-protegido", "calificacion": "sin-asignar", "version": "vigente", "fuente": "SIT-CAM WFS — UsoDelSuelo:VPLA_V_CLASIFICACION (https://idem.comunidad.madrid/geosrvg/ows)", "fecha_dato": "2026-05-12", "ambito": "39950", "_raw_CD_SIGLAS": "SNUP", "_raw_DS_CLASIF_GEN": "Suelo No Urbanizable Protegido", "_raw_DS_CLASIF_DET": "Suelo No Urbanizable Protegido. Clase I. Espacios Protegidos. Vías Pecuarias", "_raw_DS_DOCU": "PLAN GENERAL", "_raw_DS_LEY": "CM Ley 9/1995, E Ley 6/1998, E RDL 1/1992, E RD 1346/1976", "_raw_FC_AC": "1999-07-15", "_raw_NM_AREA_M2": 1457.73010123837, "_cam_code": "181" }, "geometry": { "type": "Polygon", "coordinates": [ [ [ -3.8886, 40.394 ], [ -3.8879, 40.3949 ], [ -3.8885, 40.3946 ], [ -3.8886, 40.394 ] ] ] } },
{ "type": "Feature", "properties": { "municipio": "Villaviciosa de Odón", "clasificacion": "no-urbanizable-protegido", "calificacion": "sin-asignar", "version": "vigente", "fuente": "SIT-CAM WFS — UsoDelSuelo:VPLA_V_CLASIFICACION (https://idem.comunidad.madrid/geosrvg/ows)", "fecha_dato": "2026-05-12", "ambito": "39950", "_raw_CD_SIGLAS": "SNUP", "_raw_DS_CLASIF_GEN": "Suelo No Urbanizable Protegido", "_raw_DS_CLASIF_DET": "Suelo No Urbanizable Protegido. Clase I. Espacios Protegidos. Vías Pecuarias", "_raw_DS_DOCU": "PLAN GENERAL", "_raw_DS_LEY": "CM Ley 9/1995, E Ley 6/1998, E RDL 1/1992, E RD 1346/1976", "_raw_FC_AC": "1999-07-15", "_raw_NM_AREA_M2": 6359.6560306681704, "_cam_code": "181" }, "geometry": { "type": "Polygon", "coordinates": [ [ [ -3.8892, 40.3936 ], [ -3.8892, 40.3937 ], [ -3.8887, 40.3939 ], [ -3.8894, 40.3939 ], [ -3.8899, 40.3934 ], [ -3.8901, 40.3929 ], [ -3.8905, 40.3925 ], [ -3.891, 40.3923 ], [ -3.8912, 40.3921 ], [ -3.8912, 40.392 ], [ -3.8912, 40.3919 ], [ -3.8912, 40.392 ], [ -3.8908, 40.3921 ], [ -3.8908, 40.3922 ], [ -3.8903, 40.3923 ], [ -3.89, 40.3926 ], [ -3.8899, 40.3929 ], [ -3.8897, 40.393 ], [ -3.8897, 40.3934 ], [ -3.8892, 40.3936 ] ] ] } },
{ "type": "Feature", "properties": { "municipio": "Villaviciosa de Odón", "clasificacion": "no-urbanizable-protegido", "calificacion": "sin-asignar", "version": "vigente", "fuente": "SIT-CAM WFS — UsoDelSuelo:VPLA_V_CLASIFICACION (https://idem.comunidad.madrid/geosrvg/ows)", "fecha_dato": "2026-05-12", "ambito": "39950", "_raw_CD_SIGLAS": "SNUP", "_raw_DS_CLASIF_GEN": "Suelo No Urbanizable Protegido", "_raw_DS_CLASIF_DET": "Suelo No Urbanizable Protegido. Clase IV. Espacios Rurales con Restricción de Uso. Vías Pecuarias", "_raw_DS_DOCU": "PLAN GENERAL", "_raw_DS_LEY": "CM Ley 9/1995, E Ley 6/1998, E RDL 1/1992, E RD 1346/1976", "_raw_FC_AC": "1999-07-15", "_raw_NM_AREA_M2": 1134.80550176524, "_cam_code": "181" }, "geometry": { "type": "Polygon", "coordinates": [ [ [ -3.9262, 40.3636 ], [ -3.9269, 40.3639 ], [ -3.9272, 40.3638 ], [ -3.9267, 40.3636 ], [ -3.9262, 40.3636 ] ] ] } },
{ "type": "Feature", "properties": { "municipio": "Villaviciosa de Odón", "clasificacion": "no-urbanizable-protegido", "calificacion": "sin-asignar", "version": "vigente", "fuente": "SIT-CAM WFS — UsoDelSuelo:VPLA_V_CLASIFICACION (https://idem.comunidad.madrid/geosrvg/ows)", "fecha_dato": "2026-05-12", "ambito": "39950", "_raw_CD_SIGLAS": "SNUP", "_raw_DS_CLASIF_GEN": "Suelo No Urbanizable Protegido", "_raw_DS_CLASIF_DET": "Suelo No Urbanizable Protegido. Clase IV. Espacios Rurales con Restricción de Uso", "_raw_DS_DOCU": "PLAN GENERAL", "_raw_DS_LEY": "CM Ley 9/1995, E Ley 6/1998, E RDL 1/1992, E RD 1346/1976", "_raw_FC_AC": "1999-07-15", "_raw_NM_AREA_M2": 18599.4141378489, "_cam_code": "181" }, "geometry": { "type": "Polygon", "coordinates": [ [ [ -3.9262, 40.3636 ], [ -3.924, 40.3644 ], [ -3.9224, 40.3653 ], [ -3.9227, 40.3655 ], [ -3.9252, 40.3644 ], [ -3.9269, 40.3639 ], [ -3.9262, 40.3636 ] ] ] } },
{ "type": "Feature", "properties": { "municipio": "Villaviciosa de Odón", "clasificacion": "no-urbanizable-protegido", "calificacion": "sin-asignar", "version": "vigente", "fuente": "SIT-CAM WFS — UsoDelSuelo:VPLA_V_CLASIFICACION (https://idem.comunidad.madrid/geosrvg/ows)", "fecha_dato": "2026-05-12", "ambito": "39950", "_raw_CD_SIGLAS": "SNUP", "_raw_DS_CLASIF_GEN": "Suelo No Urbanizable Protegido", "_raw_DS_CLASIF_DET": "Suelo No Urbanizable Protegido. Clase I. Espacios Protegidos. Vías Pecuarias", "_raw_DS_DOCU": "PLAN GENERAL", "_raw_DS_LEY": "CM Ley 9/1995, E Ley 6/1998, E RDL 1/1992, E RD 1346/1976", "_raw_FC_AC": "1999-07-15", "_raw_NM_AREA_M2": 89225.678344761094, "_cam_code": "181" }, "geometry": { "type": "Polygon", "coordinates": [ [ [ -3.9179, 40.3651 ], [ -3.9189, 40.3656 ], [ -3.9191, 40.3654 ], [ -3.918, 40.3649 ], [ -3.9178, 40.365 ], [ -3.9154, 40.3649 ], [ -3.9134, 40.3641 ], [ -3.9112, 40.3628 ], [ -3.9089, 40.3622 ], [ -3.9067, 40.3613 ], [ -3.9066, 40.3614 ], [ -3.9061, 40.3613 ], [ -3.9046, 40.3604 ], [ -3.9045, 40.3598 ], [ -3.9048, 40.3596 ], [ -3.9047, 40.3594 ], [ -3.9036, 40.3587 ], [ -3.9038, 40.3585 ], [ -3.901, 40.3575 ], [ -3.9006, 40.357 ], [ -3.8999, 40.3565 ], [ -3.8997, 40.3565 ], [ -3.8997, 40.3566 ], [ -3.8986, 40.3573 ], [ -3.8984, 40.3573 ], [ -3.8977, 40.3577 ], [ -3.8968, 40.3571 ], [ -3.8967, 40.3569 ], [ -3.8959, 40.3565 ], [ -3.895, 40.3564 ], [ -3.895, 40.3563 ], [ -3.8929, 40.3558 ], [ -3.8909, 40.3555 ], [ -3.8888, 40.3555 ], [ -3.8874, 40.3552 ], [ -3.8852, 40.3551 ], [ -3.8823, 40.3544 ], [ -3.8818, 40.3541 ], [ -3.8813, 40.354 ], [ -3.8811, 40.3541 ], [ -3.8809, 40.3539 ], [ -3.8798, 40.3536 ], [ -3.8745, 40.3533 ], [ -3.873, 40.3529 ], [ -3.8716, 40.3532 ], [ -3.8709, 40.3531 ], [ -3.8709, 40.3536 ], [ -3.8734, 40.3531 ], [ -3.8755, 40.3535 ], [ -3.8798, 40.3537 ], [ -3.8806, 40.3539 ], [ -3.8825, 40.3547 ], [ -3.884, 40.3551 ], [ -3.8848, 40.3551 ], [ -3.8849, 40.3554 ], [ -3.8871, 40.3554 ], [ -3.8887, 40.3557 ], [ -3.8908, 40.3557 ], [ -3.8932, 40.3561 ], [ -3.8959, 40.3566 ], [ -3.8959, 40.3567 ], [ -3.8962, 40.3568 ], [ -3.8961, 40.3569 ], [ -3.8963, 40.3569 ], [ -3.8971, 40.3574 ], [ -3.8976, 40.3579 ], [ -3.8982, 40.3575 ], [ -3.8986, 40.3575 ], [ -3.8994, 40.357 ], [ -3.9, 40.3568 ], [ -3.9005, 40.3571 ], [ -3.9007, 40.3574 ], [ -3.9025, 40.3583 ], [ -3.9032, 40.3585 ], [ -3.9032, 40.3586 ], [ -3.9045, 40.3594 ], [ -3.9046, 40.3595 ], [ -3.9044, 40.3597 ], [ -3.9044, 40.3604 ], [ -3.905, 40.3609 ], [ -3.906, 40.3613 ], [ -3.906, 40.3614 ], [ -3.9069, 40.3616 ], [ -3.9114, 40.3633 ], [ -3.9117, 40.3633 ], [ -3.9136, 40.3644 ], [ -3.9141, 40.3645 ], [ -3.9143, 40.3647 ], [ -3.9153, 40.3651 ], [ -3.9179, 40.3651 ] ] ] } },
{ "type": "Feature", "properties": { "municipio": "Villaviciosa de Odón", "clasificacion": "no-urbanizable-protegido", "calificacion": "sin-asignar", "version": "vigente", "fuente": "SIT-CAM WFS — UsoDelSuelo:VPLA_V_CLASIFICACION (https://idem.comunidad.madrid/geosrvg/ows)", "fecha_dato": "2026-05-12", "ambito": "39950", "_raw_CD_SIGLAS": "SNUP", "_raw_DS_CLASIF_GEN": "Suelo No Urbanizable Protegido", "_raw_DS_CLASIF_DET": "Suelo No Urbanizable Protegido. Clase I. Espacios Protegidos. Vías Pecuarias", "_raw_DS_DOCU": "PLAN GENERAL", "_raw_DS_LEY": "CM Ley 9/1995, E Ley 6/1998, E RDL 1/1992, E RD 1346/1976", "_raw_FC_AC": "1999-07-15", "_raw_NM_AREA_M2": 26401.321958738699, "_cam_code": "181" }, "geometry": { "type": "Polygon", "coordinates": [ [ [ -3.9037, 40.3585 ], [ -3.904, 40.3585 ], [ -3.904, 40.3585 ], [ -3.9046, 40.3585 ], [ -3.905, 40.3585 ], [ -3.9059, 40.3583 ], [ -3.9062, 40.3583 ], [ -3.9064, 40.3585 ], [ -3.9068, 40.3581 ], [ -3.9076, 40.3578 ], [ -3.9078, 40.3576 ], [ -3.9104, 40.3569 ], [ -3.911, 40.3566 ], [ -3.9134, 40.3565 ], [ -3.9143, 40.3562 ], [ -3.9155, 40.356 ], [ -3.9154, 40.3559 ], [ -3.9133, 40.3564 ], [ -3.911, 40.3565 ], [ -3.9078, 40.3575 ], [ -3.9069, 40.3579 ], [ -3.9077, 40.3572 ], [ -3.9083, 40.3563 ], [ -3.9108, 40.3538 ], [ -3.912, 40.3529 ], [ -3.9119, 40.3526 ], [ -3.9117, 40.3525 ], [ -3.9116, 40.3529 ], [ -3.9113, 40.3533 ], [ -3.9107, 40.3537 ], [ -3.9088, 40.3557 ], [ -3.908, 40.3563 ], [ -3.9081, 40.3563 ], [ -3.9073, 40.3574 ], [ -3.9067, 40.358 ], [ -3.9057, 40.3583 ], [ -3.9037, 40.3585 ] ] ] } },
{ "type": "Feature", "properties": { "municipio": "Villaviciosa de Odón", "clasificacion": "no-urbanizable-protegido", "calificacion": "sin-asignar", "version": "vigente", "fuente": "SIT-CAM WFS — UsoDelSuelo:VPLA_V_CLASIFICACION (https://idem.comunidad.madrid/geosrvg/ows)", "fecha_dato": "2026-05-12", "ambito": "39950", "_raw_CD_SIGLAS": "SNUP", "_raw_DS_CLASIF_GEN": "Suelo No Urbanizable Protegido", "_raw_DS_CLASIF_DET": "Suelo No Urbanizable Protegido. Clase I. Espacios Protegidos. Vías Pecuarias", "_raw_DS_DOCU": "PLAN GENERAL", "_raw_DS_LEY": "CM Ley 9/1995, E Ley 6/1998, E RDL 1/1992, E RD 1346/1976", "_raw_FC_AC": "1999-07-15", "_raw_NM_AREA_M2": 9241.7678469917191, "_cam_code": "181" }, "geometry": { "type": "Polygon", "coordinates": [ [ [ -3.8711, 40.3536 ], [ -3.8709, 40.3536 ], [ -3.8709, 40.3547 ], [ -3.8705, 40.3563 ], [ -3.872, 40.3566 ], [ -3.8724, 40.3569 ], [ -3.8719, 40.3574 ], [ -3.871, 40.3592 ], [ -3.8711, 40.3593 ], [ -3.8721, 40.3574 ], [ -3.8725, 40.357 ], [ -3.8727, 40.357 ], [ -3.8717, 40.3564 ], [ -3.8707, 40.3563 ], [ -3.8711, 40.3544 ], [ -3.8711, 40.3536 ] ] ] } },
{ "type": "Feature", "properties": { "municipio": "Villaviciosa de Odón", "clasificacion": "no-urbanizable-protegido", "calificacion": "sin-asignar", "version": "vigente", "fuente": "SIT-CAM WFS — UsoDelSuelo:VPLA_V_CLASIFICACION (https://idem.comunidad.madrid/geosrvg/ows)", "fecha_dato": "2026-05-12", "ambito": "39950", "_raw_CD_SIGLAS": "SNUP", "_raw_DS_CLASIF_GEN": "Suelo No Urbanizable Protegido", "_raw_DS_CLASIF_DET": "Suelo No Urbanizable Protegido. Clase I. Espacios Protegidos. Cauces y Riberas. Descansadero Vía Pecuaria.", "_raw_DS_DOCU": "PLAN GENERAL", "_raw_DS_LEY": "CM Ley 9/1995, E Ley 6/1998, E RDL 1/1992, E RD 1346/1976", "_raw_FC_AC": "1999-07-15", "_raw_NM_AREA_M2": 3026.4397163399299, "_cam_code": "181" }, "geometry": { "type": "Polygon", "coordinates": [ [ [ -3.9138, 40.3688 ], [ -3.9134, 40.3689 ], [ -3.9131, 40.3692 ], [ -3.9131, 40.3696 ], [ -3.9129, 40.3698 ], [ -3.9134, 40.3696 ], [ -3.9138, 40.3688 ] ] ] } },
{ "type": "Feature", "properties": { "municipio": "Villaviciosa de Odón", "clasificacion": "no-urbanizable-protegido", "calificacion": "sin-asignar", "version": "vigente", "fuente": "SIT-CAM WFS — UsoDelSuelo:VPLA_V_CLASIFICACION (https://idem.comunidad.madrid/geosrvg/ows)", "fecha_dato": "2026-05-12", "ambito": "39950", "_raw_CD_SIGLAS": "SNUP", "_raw_DS_CLASIF_GEN": "Suelo No Urbanizable Protegido", "_raw_DS_CLASIF_DET": "Suelo No Urbanizable Protegido. Clase I. Espacios Protegidos. Cauces y Riberas. Descansadero Vía Pecuaria.", "_raw_DS_DOCU": "PLAN GENERAL", "_raw_DS_LEY": "CM Ley 9/1995, E Ley 6/1998, E RDL 1/1992, E RD 1346/1976", "_raw_FC_AC": "1999-07-15", "_raw_NM_AREA_M2": 1974.3313204672399, "_cam_code": "181" }, "geometry": { "type": "Polygon", "coordinates": [ [ [ -3.9063, 40.381 ], [ -3.9064, 40.3811 ], [ -3.907, 40.3803 ], [ -3.9071, 40.3801 ], [ -3.907, 40.38 ], [ -3.9063, 40.381 ] ] ] } },
{ "type": "Feature", "properties": { "municipio": "Villaviciosa de Odón", "clasificacion": "no-urbanizable-protegido", "calificacion": "sin-asignar", "version": "vigente", "fuente": "SIT-CAM WFS — UsoDelSuelo:VPLA_V_CLASIFICACION (https://idem.comunidad.madrid/geosrvg/ows)", "fecha_dato": "2026-05-12", "ambito": "39950", "_raw_CD_SIGLAS": "SNUP", "_raw_DS_CLASIF_GEN": "Suelo No Urbanizable Protegido", "_raw_DS_CLASIF_DET": "Suelo No Urbanizable Protegido. Clase I. Espacios Protegidos. Cauces y Riberas", "_raw_DS_DOCU": "PLAN GENERAL", "_raw_DS_LEY": "CM Ley 9/1995, E Ley 6/1998, E RDL 1/1992, E RD 1346/1976", "_raw_FC_AC": "1999-07-15", "_raw_NM_AREA_M2": 7319.8693026376104, "_cam_code": "181" }, "geometry": { "type": "Polygon", "coordinates": [ [ [ -3.907, 40.38 ], [ -3.9071, 40.3801 ], [ -3.9084, 40.3785 ], [ -3.9099, 40.3776 ], [ -3.9112, 40.3765 ], [ -3.9085, 40.3784 ], [ -3.9082, 40.3785 ], [ -3.907, 40.38 ] ] ] } },
{ "type": "Feature", "properties": { "municipio": "Villaviciosa de Odón", "clasificacion": "no-urbanizable-protegido", "calificacion": "sin-asignar", "version": "vigente", "fuente": "SIT-CAM WFS — UsoDelSuelo:VPLA_V_CLASIFICACION (https://idem.comunidad.madrid/geosrvg/ows)", "fecha_dato": "2026-05-12", "ambito": "39950", "_raw_CD_SIGLAS": "SNUP", "_raw_DS_CLASIF_GEN": "Suelo No Urbanizable Protegido", "_raw_DS_CLASIF_DET": "Suelo No Urbanizable Protegido. Clase I. Espacios Protegidos. Cauces y Riberas", "_raw_DS_DOCU": "PLAN GENERAL", "_raw_DS_LEY": "CM Ley 9/1995, E Ley 6/1998, E RDL 1/1992, E RD 1346/1976", "_raw_FC_AC": "1999-07-15", "_raw_NM_AREA_M2": 40130.054724984497, "_cam_code": "181" }, "geometry": { "type": "Polygon", "coordinates": [ [ [ -3.8869, 40.3941 ], [ -3.8871, 40.3945 ], [ -3.8897, 40.3922 ], [ -3.8909, 40.3916 ], [ -3.8905, 40.3908 ], [ -3.8897, 40.39 ], [ -3.8894, 40.3902 ], [ -3.8887, 40.3921 ], [ -3.8882, 40.3927 ], [ -3.8881, 40.3931 ], [ -3.8869, 40.3941 ] ] ] } },
{ "type": "Feature", "properties": { "municipio": "Villaviciosa de Odón", "clasificacion": "no-urbanizable-protegido", "calificacion": "sin-asignar", "version": "vigente", "fuente": "SIT-CAM WFS — UsoDelSuelo:VPLA_V_CLASIFICACION (https://idem.comunidad.madrid/geosrvg/ows)", "fecha_dato": "2026-05-12", "ambito": "39950", "_raw_CD_SIGLAS": "SNUP", "_raw_DS_CLASIF_GEN": "Suelo No Urbanizable Protegido", "_raw_DS_CLASIF_DET": "Suelo No Urbanizable Protegido. Clase I. Espacios Protegidos. Cauces y Riberas", "_raw_DS_DOCU": "PLAN GENERAL", "_raw_DS_LEY": "CM Ley 9/1995, E Ley 6/1998, E RDL 1/1992, E RD 1346/1976", "_raw_FC_AC": "1999-07-15", "_raw_NM_AREA_M2": 194958.752886367, "_cam_code": "181" }, "geometry": { "type": "Polygon", "coordinates": [ [ [ -3.8803, 40.3632 ], [ -3.882, 40.3633 ], [ -3.8828, 40.3632 ], [ -3.8831, 40.3629 ], [ -3.884, 40.3631 ], [ -3.8841, 40.3628 ], [ -3.8848, 40.3624 ], [ -3.885, 40.3628 ], [ -3.8858, 40.3624 ], [ -3.8859, 40.3626 ], [ -3.8862, 40.3622 ], [ -3.8873, 40.3617 ], [ -3.8875, 40.3619 ], [ -3.8917, 40.3609 ], [ -3.895, 40.3609 ], [ -3.8959, 40.3611 ], [ -3.8962, 40.3609 ], [ -3.8965, 40.3603 ], [ -3.8966, 40.3598 ], [ -3.8965, 40.3585 ], [ -3.8969, 40.3581 ], [ -3.8962, 40.3584 ], [ -3.8956, 40.3584 ], [ -3.8952, 40.3588 ], [ -3.8949, 40.3588 ], [ -3.8947, 40.359 ], [ -3.8944, 40.359 ], [ -3.8944, 40.3591 ], [ -3.8942, 40.3591 ], [ -3.8935, 40.3587 ], [ -3.8918, 40.3588 ], [ -3.8913, 40.3591 ], [ -3.8922, 40.3595 ], [ -3.8922, 40.3598 ], [ -3.892, 40.36 ], [ -3.89, 40.3605 ], [ -3.8899, 40.3602 ], [ -3.8896, 40.3603 ], [ -3.8892, 40.3603 ], [ -3.8892, 40.3602 ], [ -3.8882, 40.3607 ], [ -3.8873, 40.3607 ], [ -3.8874, 40.3609 ], [ -3.8867, 40.3611 ], [ -3.8865, 40.3613 ], [ -3.8861, 40.3614 ], [ -3.8862, 40.3615 ], [ -3.886, 40.3615 ], [ -3.886, 40.3616 ], [ -3.8859, 40.3615 ], [ -3.8858, 40.3616 ], [ -3.8853, 40.3616 ], [ -3.8853, 40.3618 ], [ -3.8851, 40.3618 ], [ -3.885, 40.3616 ], [ -3.8845, 40.3616 ], [ -3.884, 40.362 ], [ -3.8838, 40.3616 ], [ -3.8836, 40.3618 ], [ -3.8829, 40.3619 ], [ -3.8831, 40.3623 ], [ -3.883, 40.3624 ], [ -3.8821, 40.3623 ], [ -3.8818, 40.3626 ], [ -3.8813, 40.3628 ], [ -3.8813, 40.3627 ], [ -3.8805, 40.3627 ], [ -3.8804, 40.3626 ], [ -3.8803, 40.3632 ] ] ] } },
{ "type": "Feature", "properties": { "municipio": "Villaviciosa de Odón", "clasificacion": "no-urbanizable-protegido", "calificacion": "sin-asignar", "version": "vigente", "fuente": "SIT-CAM WFS — UsoDelSuelo:VPLA_V_CLASIFICACION (https://idem.comunidad.madrid/geosrvg/ows)", "fecha_dato": "2026-05-12", "ambito": "39950", "_raw_CD_SIGLAS": "SNUP", "_raw_DS_CLASIF_GEN": "Suelo No Urbanizable Protegido", "_raw_DS_CLASIF_DET": "Suelo No Urbanizable Protegido. Clase I. Espacios Protegidos. Cauces y Riberas", "_raw_DS_DOCU": "PLAN GENERAL", "_raw_DS_LEY": "CM Ley 9/1995, E Ley 6/1998, E RDL 1/1992, E RD 1346/1976", "_raw_FC_AC": "1999-07-15", "_raw_NM_AREA_M2": 18792.314753903302, "_cam_code": "181" }, "geometry": { "type": "Polygon", "coordinates": [ [ [ -3.8795, 40.3712 ], [ -3.8795, 40.3711 ], [ -3.8796, 40.3711 ], [ -3.8801, 40.371 ], [ -3.8804, 40.371 ], [ -3.8816, 40.3712 ], [ -3.8837, 40.3712 ], [ -3.884, 40.3713 ], [ -3.884, 40.3711 ], [ -3.8842, 40.3709 ], [ -3.8831, 40.3707 ], [ -3.8794, 40.3707 ], [ -3.8795, 40.3712 ] ] ] } },
{ "type": "Feature", "properties": { "municipio": "Villaviciosa de Odón", "clasificacion": "no-urbanizable-protegido", "calificacion": "sin-asignar", "version": "vigente", "fuente": "SIT-CAM WFS — UsoDelSuelo:VPLA_V_CLASIFICACION (https://idem.comunidad.madrid/geosrvg/ows)", "fecha_dato": "2026-05-12", "ambito": "39950", "_raw_CD_SIGLAS": "SNUP", "_raw_DS_CLASIF_GEN": "Suelo No Urbanizable Protegido", "_raw_DS_CLASIF_DET": "Suelo No Urbanizable Protegido. Clase I. Espacios Protegidos. Cauces y Riberas", "_raw_DS_DOCU": "PLAN GENERAL", "_raw_DS_LEY": "CM Ley 9/1995, E Ley 6/1998, E RDL 1/1992, E RD 1346/1976", "_raw_FC_AC": "1999-07-15", "_raw_NM_AREA_M2": 5689.2874511834098, "_cam_code": "181" }, "geometry": { "type": "Polygon", "coordinates": [ [ [ -3.878, 40.3717 ], [ -3.879, 40.3715 ], [ -3.8793, 40.3712 ], [ -3.8792, 40.3709 ], [ -3.8791, 40.3708 ], [ -3.8788, 40.3709 ], [ -3.8788, 40.371 ], [ -3.8783, 40.3712 ], [ -3.878, 40.3714 ], [ -3.878, 40.3717 ] ] ] } },
{ "type": "Feature", "properties": { "municipio": "Villaviciosa de Odón", "clasificacion": "no-urbanizable-protegido", "calificacion": "sin-asignar", "version": "vigente", "fuente": "SIT-CAM WFS — UsoDelSuelo:VPLA_V_CLASIFICACION (https://idem.comunidad.madrid/geosrvg/ows)", "fecha_dato": "2026-05-12", "ambito": "39950", "_raw_CD_SIGLAS": "SNUP", "_raw_DS_CLASIF_GEN": "Suelo No Urbanizable Protegido", "_raw_DS_CLASIF_DET": "Suelo No Urbanizable Protegido. Clase I. Espacios Protegidos. Cauces y Riberas", "_raw_DS_DOCU": "PLAN GENERAL", "_raw_DS_LEY": "CM Ley 9/1995, E Ley 6/1998, E RDL 1/1992, E RD 1346/1976", "_raw_FC_AC": "1999-07-15", "_raw_NM_AREA_M2": 45017.8774660571, "_cam_code": "181" }, "geometry": { "type": "Polygon", "coordinates": [ [ [ -3.8785, 40.381 ], [ -3.878, 40.3812 ], [ -3.878, 40.3814 ], [ -3.8782, 40.3816 ], [ -3.8799, 40.3825 ], [ -3.8803, 40.3826 ], [ -3.8812, 40.3833 ], [ -3.8831, 40.3841 ], [ -3.8838, 40.3845 ], [ -3.8843, 40.3851 ], [ -3.8846, 40.3852 ], [ -3.8843, 40.385 ], [ -3.8839, 40.3844 ], [ -3.8833, 40.384 ], [ -3.8833, 40.3832 ], [ -3.8825, 40.3828 ], [ -3.8819, 40.3827 ], [ -3.8812, 40.3822 ], [ -3.88, 40.3818 ], [ -3.8785, 40.381 ] ] ] } },
{ "type": "Feature", "properties": { "municipio": "Villaviciosa de Odón", "clasificacion": "no-urbanizable-protegido", "calificacion": "sin-asignar", "version": "vigente", "fuente": "SIT-CAM WFS — UsoDelSuelo:VPLA_V_CLASIFICACION (https://idem.comunidad.madrid/geosrvg/ows)", "fecha_dato": "2026-05-12", "ambito": "39950", "_raw_CD_SIGLAS": "SNUP", "_raw_DS_CLASIF_GEN": "Suelo No Urbanizable Protegido", "_raw_DS_CLASIF_DET": "Suelo No Urbanizable Protegido. Clase I. Espacios Protegidos. Vías Pecuarias", "_raw_DS_DOCU": "PLAN GENERAL", "_raw_DS_LEY": "CM Ley 9/1995, E Ley 6/1998, E RDL 1/1992, E RD 1346/1976", "_raw_FC_AC": "1999-07-15", "_raw_NM_AREA_M2": 16835.026519205199, "_cam_code": "181" }, "geometry": { "type": "Polygon", "coordinates": [ [ [ -3.8801, 40.3766 ], [ -3.8801, 40.377 ], [ -3.8797, 40.3776 ], [ -3.8797, 40.3782 ], [ -3.8792, 40.3794 ], [ -3.8788, 40.38 ], [ -3.8787, 40.3808 ], [ -3.8781, 40.3809 ], [ -3.8778, 40.3812 ], [ -3.8779, 40.3817 ], [ -3.8784, 40.382 ], [ -3.8778, 40.3834 ], [ -3.8778, 40.3839 ], [ -3.878, 40.384 ], [ -3.878, 40.3833 ], [ -3.8786, 40.3821 ], [ -3.8785, 40.3818 ], [ -3.878, 40.3814 ], [ -3.878, 40.3812 ], [ -3.8789, 40.3808 ], [ -3.879, 40.3801 ], [ -3.8795, 40.3795 ], [ -3.8796, 40.3789 ], [ -3.88, 40.3781 ], [ -3.88, 40.3777 ], [ -3.8803, 40.377 ], [ -3.8801, 40.3766 ] ] ] } },
{ "type": "Feature", "properties": { "municipio": "Villaviciosa de Odón", "clasificacion": "no-urbanizable-protegido", "calificacion": "sin-asignar", "version": "vigente", "fuente": "SIT-CAM WFS — UsoDelSuelo:VPLA_V_CLASIFICACION (https://idem.comunidad.madrid/geosrvg/ows)", "fecha_dato": "2026-05-12", "ambito": "39950", "_raw_CD_SIGLAS": "SNUP", "_raw_DS_CLASIF_GEN": "Suelo No Urbanizable Protegido", "_raw_DS_CLASIF_DET": "Suelo No Urbanizable Protegido. Clase I. Espacios Protegidos. Vías Pecuarias", "_raw_DS_DOCU": "PLAN GENERAL", "_raw_DS_LEY": "CM Ley 9/1995, E Ley 6/1998, E RDL 1/1992, E RD 1346/1976", "_raw_FC_AC": "1999-07-15", "_raw_NM_AREA_M2": 51840.274026079802, "_cam_code": "181" }, "geometry": { "type": "Polygon", "coordinates": [ [ [ -3.88, 40.3755 ], [ -3.8802, 40.3761 ], [ -3.8803, 40.3757 ], [ -3.8813, 40.3745 ], [ -3.8838, 40.3725 ], [ -3.884, 40.3722 ], [ -3.884, 40.3718 ], [ -3.8843, 40.3711 ], [ -3.885, 40.3705 ], [ -3.8853, 40.3699 ], [ -3.8888, 40.3674 ], [ -3.8909, 40.3664 ], [ -3.892, 40.3657 ], [ -3.8932, 40.3646 ], [ -3.8944, 40.3633 ], [ -3.8948, 40.3627 ], [ -3.895, 40.3626 ], [ -3.8952, 40.3621 ], [ -3.8958, 40.3616 ], [ -3.8962, 40.3615 ], [ -3.8964, 40.3613 ], [ -3.8969, 40.3596 ], [ -3.8967, 40.3591 ], [ -3.8967, 40.3586 ], [ -3.8974, 40.3578 ], [ -3.8973, 40.3577 ], [ -3.8965, 40.3585 ], [ -3.8966, 40.3598 ], [ -3.8962, 40.3609 ], [ -3.8959, 40.3611 ], [ -3.8955, 40.3611 ], [ -3.8952, 40.3614 ], [ -3.895, 40.3621 ], [ -3.8947, 40.3626 ], [ -3.8931, 40.3645 ], [ -3.8914, 40.3659 ], [ -3.8901, 40.3666 ], [ -3.8896, 40.3667 ], [ -3.8896, 40.3668 ], [ -3.8883, 40.3675 ], [ -3.8863, 40.3691 ], [ -3.8852, 40.3698 ], [ -3.8848, 40.3704 ], [ -3.884, 40.3711 ], [ -3.884, 40.3714 ], [ -3.8836, 40.3724 ], [ -3.8815, 40.374 ], [ -3.8802, 40.3755 ], [ -3.8801, 40.3756 ], [ -3.88, 40.3755 ] ] ] } },
{ "type": "Feature", "properties": { "municipio": "Villaviciosa de Odón", "clasificacion": "no-urbanizable-protegido", "calificacion": "sin-asignar", "version": "vigente", "fuente": "SIT-CAM WFS — UsoDelSuelo:VPLA_V_CLASIFICACION (https://idem.comunidad.madrid/geosrvg/ows)", "fecha_dato": "2026-05-12", "ambito": "39950", "_raw_CD_SIGLAS": "SNUP", "_raw_DS_CLASIF_GEN": "Suelo No Urbanizable Protegido", "_raw_DS_CLASIF_DET": "Suelo No Urbanizable Protegido. Clase I. Espacios Protegidos. Cauces y Riberas", "_raw_DS_DOCU": "PLAN GENERAL", "_raw_DS_LEY": "CM Ley 9/1995, E Ley 6/1998, E RDL 1/1992, E RD 1346/1976", "_raw_FC_AC": "1999-07-15", "_raw_NM_AREA_M2": 108075.42492956801, "_cam_code": "181" }, "geometry": { "type": "Polygon", "coordinates": [ [ [ -3.8937, 40.391 ], [ -3.8931, 40.3912 ], [ -3.8931, 40.3913 ], [ -3.8927, 40.3914 ], [ -3.8925, 40.3916 ], [ -3.8912, 40.3919 ], [ -3.8912, 40.3921 ], [ -3.891, 40.3923 ], [ -3.8905, 40.3925 ], [ -3.8901, 40.3929 ], [ -3.8899, 40.3934 ], [ -3.8894, 40.3939 ], [ -3.8887, 40.3939 ], [ -3.8885, 40.3946 ], [ -3.8878, 40.3949 ], [ -3.8887, 40.3955 ], [ -3.892, 40.3941 ], [ -3.892, 40.394 ], [ -3.893, 40.3937 ], [ -3.893, 40.3936 ], [ -3.894, 40.393 ], [ -3.8941, 40.3926 ], [ -3.8937, 40.391 ] ] ] } },
{ "type": "Feature", "properties": { "municipio": "Villaviciosa de Odón", "clasificacion": "no-urbanizable-protegido", "calificacion": "sin-asignar", "version": "vigente", "fuente": "SIT-CAM WFS — UsoDelSuelo:VPLA_V_CLASIFICACION (https://idem.comunidad.madrid/geosrvg/ows)", "fecha_dato": "2026-05-12", "ambito": "39950", "_raw_CD_SIGLAS": "SNUP", "_raw_DS_CLASIF_GEN": "Suelo No Urbanizable Protegido", "_raw_DS_CLASIF_DET": "Suelo No Urbanizable Protegido. Clase IV. Espacios Rurales con Restricción de Uso. Clase I. Espacios Protegidos. Vías Pecuarias", "_raw_DS_DOCU": "PLAN GENERAL", "_raw_DS_LEY": "CM Ley 9/1995, E Ley 6/1998, E RDL 1/1992, E RD 1346/1976", "_raw_FC_AC": "1999-07-15", "_raw_NM_AREA_M2": 1253.0552491973301, "_cam_code": "181" }, "geometry": { "type": "Polygon", "coordinates": [ [ [ -4.0013, 40.3548 ], [ -4.0028, 40.3547 ], [ -4.0033, 40.3549 ], [ -4.0031, 40.3547 ], [ -4.0024, 40.3546 ], [ -4.0013, 40.3548 ] ] ] } },
{ "type": "Feature", "properties": { "municipio": "Villaviciosa de Odón", "clasificacion": "no-urbanizable-protegido", "calificacion": "sin-asignar", "version": "vigente", "fuente": "SIT-CAM WFS — UsoDelSuelo:VPLA_V_CLASIFICACION (https://idem.comunidad.madrid/geosrvg/ows)", "fecha_dato": "2026-05-12", "ambito": "39950", "_raw_CD_SIGLAS": "SNUP", "_raw_DS_CLASIF_GEN": "Suelo No Urbanizable Protegido", "_raw_DS_CLASIF_DET": "Suelo No Urbanizable Protegido. Espacios Singulares. Carrizales (Arroyo de la Vega)", "_raw_DS_DOCU": "PLAN GENERAL", "_raw_DS_LEY": "CM Ley 9/1995, E Ley 6/1998, E RDL 1/1992, E RD 1346/1976", "_raw_FC_AC": "1999-07-15", "_raw_NM_AREA_M2": 27319.532241329402, "_cam_code": "181" }, "geometry": { "type": "Polygon", "coordinates": [ [ [ -3.8871, 40.3945 ], [ -3.8876, 40.3948 ], [ -3.8882, 40.3946 ], [ -3.8884, 40.3943 ], [ -3.8885, 40.3938 ], [ -3.8894, 40.3936 ], [ -3.8894, 40.3935 ], [ -3.8897, 40.3934 ], [ -3.8897, 40.393 ], [ -3.8899, 40.3929 ], [ -3.89, 40.3926 ], [ -3.8903, 40.3923 ], [ -3.8909, 40.3921 ], [ -3.8909, 40.3916 ], [ -3.8897, 40.3922 ], [ -3.8878, 40.3938 ], [ -3.8871, 40.3945 ] ] ] } },
{ "type": "Feature", "properties": { "municipio": "Villaviciosa de Odón", "clasificacion": "no-urbanizable-protegido", "calificacion": "sin-asignar", "version": "vigente", "fuente": "SIT-CAM WFS — UsoDelSuelo:VPLA_V_CLASIFICACION (https://idem.comunidad.madrid/geosrvg/ows)", "fecha_dato": "2026-05-12", "ambito": "39950", "_raw_CD_SIGLAS": "SNUP", "_raw_DS_CLASIF_GEN": "Suelo No Urbanizable Protegido", "_raw_DS_CLASIF_DET": "Suelo No Urbanizable Protegido. Espacios Singulares. Carrizales (Arroyo de la Vega). Clase I. Espacios Protegidos. Vías Pecuarias", "_raw_DS_DOCU": "PLAN GENERAL", "_raw_DS_LEY": "CM Ley 9/1995, E Ley 6/1998, E RDL 1/1992, E RD 1346/1976", "_raw_FC_AC": "1999-07-15", "_raw_NM_AREA_M2": 728.91176133503404, "_cam_code": "181" }, "geometry": { "type": "Polygon", "coordinates": [ [ [ -3.8876, 40.3948 ], [ -3.8879, 40.3949 ], [ -3.8882, 40.3946 ], [ -3.8881, 40.3946 ], [ -3.8876, 40.3948 ] ] ] } },
{ "type": "Feature", "properties": { "municipio": "Villaviciosa de Odón", "clasificacion": "no-urbanizable-protegido", "calificacion": "sin-asignar", "version": "vigente", "fuente": "SIT-CAM WFS — UsoDelSuelo:VPLA_V_CLASIFICACION (https://idem.comunidad.madrid/geosrvg/ows)", "fecha_dato": "2026-05-12", "ambito": "39950", "_raw_CD_SIGLAS": "SNUP", "_raw_DS_CLASIF_GEN": "Suelo No Urbanizable Protegido", "_raw_DS_CLASIF_DET": "Suelo No Urbanizable Protegido. Clase IV. Espacios Rurales con Restricción de Uso", "_raw_DS_DOCU": "PLAN GENERAL", "_raw_DS_LEY": "CM Ley 9/1995, E Ley 6/1998, E RDL 1/1992, E RD 1346/1976", "_raw_FC_AC": "1999-07-15", "_raw_NM_AREA_M2": 751681.392388804, "_cam_code": "181" }, "geometry": { "type": "Polygon", "coordinates": [ [ [ -3.9093, 40.3453 ], [ -3.912, 40.3444 ], [ -3.9136, 40.3456 ], [ -3.915, 40.3472 ], [ -3.9174, 40.349 ], [ -3.9185, 40.3482 ], [ -3.9191, 40.3476 ], [ -3.9196, 40.3474 ], [ -3.9204, 40.3468 ], [ -3.9223, 40.3463 ], [ -3.9245, 40.3453 ], [ -3.9225, 40.3399 ], [ -3.9179, 40.3388 ], [ -3.9175, 40.3394 ], [ -3.9168, 40.3401 ], [ -3.9135, 40.3428 ], [ -3.9079, 40.344 ], [ -3.9093, 40.3453 ] ] ] } },
{ "type": "Feature", "properties": { "municipio": "Villaviciosa de Odón", "clasificacion": "no-urbanizable-protegido", "calificacion": "sin-asignar", "version": "vigente", "fuente": "SIT-CAM WFS — UsoDelSuelo:VPLA_V_CLASIFICACION (https://idem.comunidad.madrid/geosrvg/ows)", "fecha_dato": "2026-05-12", "ambito": "39950", "_raw_CD_SIGLAS": "SNUP", "_raw_DS_CLASIF_GEN": "Suelo No Urbanizable Protegido", "_raw_DS_CLASIF_DET": "Suelo No Urbanizable Protegido. Clase IV. Espacios Rurales con Restricción de Uso", "_raw_DS_DOCU": "PLAN GENERAL", "_raw_DS_LEY": "CM Ley 9/1995, E Ley 6/1998, E RDL 1/1992, E RD 1346/1976", "_raw_FC_AC": "1999-07-15", "_raw_NM_AREA_M2": 463687.38916313299, "_cam_code": "181" }, "geometry": { "type": "Polygon", "coordinates": [ [ [ -3.9238, 40.3458 ], [ -3.9204, 40.347 ], [ -3.9175, 40.3491 ], [ -3.9183, 40.3493 ], [ -3.9193, 40.3501 ], [ -3.9209, 40.3522 ], [ -3.921, 40.3527 ], [ -3.9223, 40.3544 ], [ -3.9256, 40.3542 ], [ -3.9275, 40.3538 ], [ -3.9246, 40.3458 ], [ -3.9238, 40.3458 ] ] ] } },
{ "type": "Feature", "properties": { "municipio": "Villaviciosa de Odón", "clasificacion": "no-urbanizable-protegido", "calificacion": "sin-asignar", "version": "vigente", "fuente": "SIT-CAM WFS — UsoDelSuelo:VPLA_V_CLASIFICACION (https://idem.comunidad.madrid/geosrvg/ows)", "fecha_dato": "2026-05-12", "ambito": "39950", "_raw_CD_SIGLAS": "SNUP", "_raw_DS_CLASIF_GEN": "Suelo No Urbanizable Protegido", "_raw_DS_CLASIF_DET": "Suelo No Urbanizable Protegido. Clase IV. Espacios Rurales con Restricción de Uso", "_raw_DS_DOCU": "PLAN GENERAL", "_raw_DS_LEY": "CM Ley 9/1995, E Ley 6/1998, E RDL 1/1992, E RD 1346/1976", "_raw_FC_AC": "1999-07-15", "_raw_NM_AREA_M2": 15083.8385170532, "_cam_code": "181" }, "geometry": { "type": "Polygon", "coordinates": [ [ [ -4.0007, 40.3527 ], [ -4.0013, 40.3548 ], [ -4.002, 40.3546 ], [ -4.0031, 40.3547 ], [ -4.0019, 40.3539 ], [ -4.0007, 40.3527 ] ] ] } },
{ "type": "Feature", "properties": { "municipio": "Villaviciosa de Odón", "clasificacion": "no-urbanizable-protegido", "calificacion": "sin-asignar", "version": "vigente", "fuente": "SIT-CAM WFS — UsoDelSuelo:VPLA_V_CLASIFICACION (https://idem.comunidad.madrid/geosrvg/ows)", "fecha_dato": "2026-05-12", "ambito": "39950", "_raw_CD_SIGLAS": "SNUP", "_raw_DS_CLASIF_GEN": "Suelo No Urbanizable Protegido", "_raw_DS_CLASIF_DET": "Suelo No Urbanizable Protegido. Clase IV. Espacios Rurales con Restricción de Uso", "_raw_DS_DOCU": "PLAN GENERAL", "_raw_DS_LEY": "CM Ley 9/1995, E Ley 6/1998, E RDL 1/1992, E RD 1346/1976", "_raw_FC_AC": "1999-07-15", "_raw_NM_AREA_M2": 113720.32528669199, "_cam_code": "181" }, "geometry": { "type": "Polygon", "coordinates": [ [ [ -4.0028, 40.3547 ], [ -4.0013, 40.3548 ], [ -4.0016, 40.3553 ], [ -4.0018, 40.3565 ], [ -4.0014, 40.3575 ], [ -4.0014, 40.3582 ], [ -4.0018, 40.3594 ], [ -4.0017, 40.3598 ], [ -4.0018, 40.3615 ], [ -4.0053, 40.3593 ], [ -4.0042, 40.359 ], [ -4.0022, 40.3582 ], [ -4.0022, 40.3581 ], [ -4.0034, 40.358 ], [ -4.0032, 40.3563 ], [ -4.0034, 40.3549 ], [ -4.0028, 40.3547 ] ] ] } },
{ "type": "Feature", "properties": { "municipio": "Villaviciosa de Odón", "clasificacion": "no-urbanizable-protegido", "calificacion": "sin-asignar", "version": "vigente", "fuente": "SIT-CAM WFS — UsoDelSuelo:VPLA_V_CLASIFICACION (https://idem.comunidad.madrid/geosrvg/ows)", "fecha_dato": "2026-05-12", "ambito": "39950", "_raw_CD_SIGLAS": "SNUP", "_raw_DS_CLASIF_GEN": "Suelo No Urbanizable Protegido", "_raw_DS_CLASIF_DET": "Suelo No Urbanizable Protegido. Clase IV. Espacios Rurales con Restricción de Uso", "_raw_DS_DOCU": "PLAN GENERAL", "_raw_DS_LEY": "CM Ley 9/1995, E Ley 6/1998, E RDL 1/1992, E RD 1346/1976", "_raw_FC_AC": "1999-07-15", "_raw_NM_AREA_M2": 176384.608140884, "_cam_code": "181" }, "geometry": { "type": "Polygon", "coordinates": [ [ [ -3.9224, 40.3545 ], [ -3.9235, 40.3556 ], [ -3.9236, 40.356 ], [ -3.9237, 40.356 ], [ -3.9239, 40.3571 ], [ -3.924, 40.3571 ], [ -3.924, 40.3573 ], [ -3.9244, 40.3578 ], [ -3.9246, 40.3583 ], [ -3.925, 40.3598 ], [ -3.925, 40.3607 ], [ -3.9255, 40.3607 ], [ -3.9265, 40.3602 ], [ -3.9264, 40.3602 ], [ -3.9264, 40.36 ], [ -3.9266, 40.3596 ], [ -3.9271, 40.3569 ], [ -3.9273, 40.3565 ], [ -3.9276, 40.3539 ], [ -3.9263, 40.3542 ], [ -3.9224, 40.3545 ] ] ] } },
{ "type": "Feature", "properties": { "municipio": "Villaviciosa de Odón", "clasificacion": "no-urbanizable-protegido", "calificacion": "sin-asignar", "version": "vigente", "fuente": "SIT-CAM WFS — UsoDelSuelo:VPLA_V_CLASIFICACION (https://idem.comunidad.madrid/geosrvg/ows)", "fecha_dato": "2026-05-12", "ambito": "39950", "_raw_CD_SIGLAS": "SNUP", "_raw_DS_CLASIF_GEN": "Suelo No Urbanizable Protegido", "_raw_DS_CLASIF_DET": "Suelo No Urbanizable Protegido. Clase IV. Espacios Rurales con Restricción de Uso", "_raw_DS_DOCU": "PLAN GENERAL", "_raw_DS_LEY": "CM Ley 9/1995, E Ley 6/1998, E RDL 1/1992, E RD 1346/1976", "_raw_FC_AC": "1999-07-15", "_raw_NM_AREA_M2": 1583961.41056297, "_cam_code": "181" }, "geometry": { "type": "Polygon", "coordinates": [ [ [ -3.9108, 40.3957 ], [ -3.9112, 40.3959 ], [ -3.9115, 40.3967 ], [ -3.9125, 40.3978 ], [ -3.9128, 40.3972 ], [ -3.9131, 40.3969 ], [ -3.9131, 40.3965 ], [ -3.9125, 40.3963 ], [ -3.9122, 40.3959 ], [ -3.9119, 40.3958 ], [ -3.9112, 40.3951 ], [ -3.9114, 40.3944 ], [ -3.9118, 40.3938 ], [ -3.9121, 40.3939 ], [ -3.9123, 40.3937 ], [ -3.9124, 40.3934 ], [ -3.9135, 40.3923 ], [ -3.9141, 40.3927 ], [ -3.9142, 40.393 ], [ -3.9148, 40.3935 ], [ -3.915, 40.3939 ], [ -3.9151, 40.3934 ], [ -3.9153, 40.3934 ], [ -3.9154, 40.3932 ], [ -3.9144, 40.3927 ], [ -3.9141, 40.3923 ], [ -3.9138, 40.3922 ], [ -3.9136, 40.3919 ], [ -3.9133, 40.3918 ], [ -3.9132, 40.3916 ], [ -3.9123, 40.3909 ], [ -3.9117, 40.3908 ], [ -3.9112, 40.3904 ], [ -3.9108, 40.3914 ], [ -3.9109, 40.3922 ], [ -3.9102, 40.3919 ], [ -3.9103, 40.393 ], [ -3.91, 40.3931 ], [ -3.9102, 40.3927 ], [ -3.9102, 40.3924 ], [ -3.9101, 40.3924 ], [ -3.91, 40.3921 ], [ -3.9099, 40.3909 ], [ -3.9097, 40.3907 ], [ -3.9097, 40.3895 ], [ -3.91, 40.3896 ], [ -3.91, 40.3897 ], [ -3.9104, 40.3897 ], [ -3.9102, 40.3894 ], [ -3.9103, 40.3888 ], [ -3.9102, 40.3885 ], [ -3.9101, 40.3885 ], [ -3.9101, 40.3882 ], [ -3.91, 40.3882 ], [ -3.91, 40.3878 ], [ -3.9099, 40.3878 ], [ -3.9098, 40.3875 ], [ -3.9091, 40.3872 ], [ -3.9091, 40.3871 ], [ -3.9086, 40.387 ], [ -3.9073, 40.3863 ], [ -3.9073, 40.3862 ], [ -3.9071, 40.3862 ], [ -3.9068, 40.3859 ], [ -3.9066, 40.3859 ], [ -3.9065, 40.3857 ], [ -3.9051, 40.3851 ], [ -3.9054, 40.3846 ], [ -3.906, 40.3849 ], [ -3.906, 40.385 ], [ -3.9068, 40.3853 ], [ -3.9074, 40.3858 ], [ -3.9076, 40.3858 ], [ -3.9076, 40.3859 ], [ -3.9087, 40.3864 ], [ -3.9087, 40.3865 ], [ -3.9091, 40.3866 ], [ -3.9092, 40.3868 ], [ -3.9094, 40.3868 ], [ -3.9098, 40.3871 ], [ -3.9101, 40.3871 ], [ -3.9102, 40.3867 ], [ -3.9103, 40.3867 ], [ -3.9113, 40.3875 ], [ -3.9116, 40.3875 ], [ -3.9117, 40.3877 ], [ -3.9123, 40.3879 ], [ -3.9124, 40.3881 ], [ -3.913, 40.3883 ], [ -3.9133, 40.3886 ], [ -3.9141, 40.3888 ], [ -3.9141, 40.3889 ], [ -3.917, 40.3905 ], [ -3.9174, 40.3901 ], [ -3.9176, 40.3901 ], [ -3.918, 40.3898 ], [ -3.9177, 40.3898 ], [ -3.9177, 40.3897 ], [ -3.917, 40.3894 ], [ -3.9168, 40.3891 ], [ -3.9164, 40.3889 ], [ -3.9155, 40.388 ], [ -3.9152, 40.3875 ], [ -3.9141, 40.3868 ], [ -3.914, 40.3866 ], [ -3.9138, 40.3866 ], [ -3.9137, 40.3864 ], [ -3.9132, 40.3862 ], [ -3.9126, 40.3855 ], [ -3.9124, 40.3855 ], [ -3.9123, 40.3853 ], [ -3.9116, 40.3849 ], [ -3.9104, 40.3839 ], [ -3.9111, 40.3834 ], [ -3.9093, 40.382 ], [ -3.9091, 40.382 ], [ -3.909, 40.3818 ], [ -3.9072, 40.3806 ], [ -3.9086, 40.3791 ], [ -3.9116, 40.377 ], [ -3.9126, 40.376 ], [ -3.9141, 40.3721 ], [ -3.9149, 40.3716 ], [ -3.9151, 40.3716 ], [ -3.9153, 40.3718 ], [ -3.9154, 40.3716 ], [ -3.9152, 40.3715 ], [ -3.9151, 40.3712 ], [ -3.9168, 40.3695 ], [ -3.917, 40.3695 ], [ -3.9174, 40.369 ], [ -3.9178, 40.3688 ], [ -3.9182, 40.3683 ], [ -3.9198, 40.367 ], [ -3.9209, 40.3664 ], [ -3.9212, 40.3664 ], [ -3.9212, 40.3663 ], [ -3.9215, 40.3662 ], [ -3.9215, 40.366 ], [ -3.9224, 40.3657 ], [ -3.9221, 40.3654 ], [ -3.9215, 40.3655 ], [ -3.9212, 40.3654 ], [ -3.9212, 40.3653 ], [ -3.9207, 40.3653 ], [ -3.9204, 40.3655 ], [ -3.9197, 40.3654 ], [ -3.9193, 40.3655 ], [ -3.9192, 40.3657 ], [ -3.9193, 40.3657 ], [ -3.9194, 40.366 ], [ -3.9186, 40.3671 ], [ -3.9161, 40.3694 ], [ -3.915, 40.3701 ], [ -3.9145, 40.3707 ], [ -3.914, 40.3709 ], [ -3.914, 40.3711 ], [ -3.9139, 40.3711 ], [ -3.914, 40.3715 ], [ -3.9135, 40.372 ], [ -3.9132, 40.3726 ], [ -3.9119, 40.3759 ], [ -3.9106, 40.3771 ], [ -3.9083, 40.3786 ], [ -3.9067, 40.3806 ], [ -3.9038, 40.3852 ], [ -3.9025, 40.3865 ], [ -3.9022, 40.3866 ], [ -3.9018, 40.387 ], [ -3.8997, 40.3879 ], [ -3.8992, 40.3884 ], [ -3.8989, 40.389 ], [ -3.8965, 40.391 ], [ -3.897, 40.3914 ], [ -3.8967, 40.3916 ], [ -3.8973, 40.3922 ], [ -3.898, 40.3924 ], [ -3.898, 40.3925 ], [ -3.899, 40.3927 ], [ -3.8996, 40.3934 ], [ -3.9004, 40.3938 ], [ -3.9005, 40.394 ], [ -3.903, 40.3948 ], [ -3.903, 40.3949 ], [ -3.9047, 40.3956 ], [ -3.9061, 40.3958 ], [ -3.9061, 40.3959 ], [ -3.907, 40.3958 ], [ -3.9084, 40.3959 ], [ -3.9106, 40.3967 ], [ -3.9107, 40.3967 ], [ -3.9108, 40.3967 ], [ -3.9104, 40.3963 ], [ -3.9103, 40.3955 ], [ -3.9108, 40.3955 ], [ -3.9108, 40.3957 ] ] ] } },
{ "type": "Feature", "properties": { "municipio": "Villaviciosa de Odón", "clasificacion": "no-urbanizable-protegido", "calificacion": "sin-asignar", "version": "vigente", "fuente": "SIT-CAM WFS — UsoDelSuelo:VPLA_V_CLASIFICACION (https://idem.comunidad.madrid/geosrvg/ows)", "fecha_dato": "2026-05-12", "ambito": "39950", "_raw_CD_SIGLAS": "SNUP", "_raw_DS_CLASIF_GEN": "Suelo No Urbanizable Protegido", "_raw_DS_CLASIF_DET": "Suelo No Urbanizable Protegido. Clase IV. Espacios Rurales con Restricción de Uso", "_raw_DS_DOCU": "PLAN GENERAL", "_raw_DS_LEY": "CM Ley 9/1995, E Ley 6/1998, E RDL 1/1992, E RD 1346/1976", "_raw_FC_AC": "1999-07-15", "_raw_NM_AREA_M2": 27455.993936520699, "_cam_code": "181" }, "geometry": { "type": "Polygon", "coordinates": [ [ [ -3.9346, 40.3615 ], [ -3.9301, 40.3625 ], [ -3.9265, 40.3636 ], [ -3.9272, 40.3638 ], [ -3.9305, 40.3628 ], [ -3.9347, 40.3618 ], [ -3.9346, 40.3615 ] ] ] } },
{ "type": "Feature", "properties": { "municipio": "Villaviciosa de Odón", "clasificacion": "no-urbanizable-protegido", "calificacion": "sin-asignar", "version": "vigente", "fuente": "SIT-CAM WFS — UsoDelSuelo:VPLA_V_CLASIFICACION (https://idem.comunidad.madrid/geosrvg/ows)", "fecha_dato": "2026-05-12", "ambito": "39950", "_raw_CD_SIGLAS": "SNUP", "_raw_DS_CLASIF_GEN": "Suelo No Urbanizable Protegido", "_raw_DS_CLASIF_DET": "Suelo No Urbanizable Protegido. Espacios Singulares. Carrizales (Arroyo de la Vega). Clase I. Espacios Protegidos. Vías Pecuarias", "_raw_DS_DOCU": "PLAN GENERAL", "_raw_DS_LEY": "CM Ley 9/1995, E Ley 6/1998, E RDL 1/1992, E RD 1346/1976", "_raw_FC_AC": "1999-07-15", "_raw_NM_AREA_M2": 1302.8218814024499, "_cam_code": "181" }, "geometry": { "type": "Polygon", "coordinates": [ [ [ -3.8892, 40.3936 ], [ -3.8885, 40.3938 ], [ -3.8883, 40.3944 ], [ -3.8887, 40.3939 ], [ -3.8892, 40.3937 ], [ -3.8892, 40.3936 ] ] ] } },
{ "type": "Feature", "properties": { "municipio": "Villaviciosa de Odón", "clasificacion": "no-urbanizable-protegido", "calificacion": "sin-asignar", "version": "vigente", "fuente": "SIT-CAM WFS — UsoDelSuelo:VPLA_V_CLASIFICACION (https://idem.comunidad.madrid/geosrvg/ows)", "fecha_dato": "2026-05-12", "ambito": "39950", "_raw_CD_SIGLAS": "SNUP_A", "_raw_DS_CLASIF_GEN": "Suelo No Urbanizable Protegido (APLAZADO)", "_raw_DS_CLASIF_DET": "Suelo No Urbanizable Protegido. Clase IV. Espacios Rurales con Restricción de Uso. Clase I. Espacios Protegidos. Parque Regional del Curso Medio del río Guadarrama; zona de Mantenimiento de la Actividad.", "_raw_DS_DOCU": "PLAN GENERAL", "_raw_DS_LEY": "CM Ley 9/1995, E Ley 6/1998, E RDL 1/1992, E RD 1346/1976", "_raw_FC_AC": "1999-07-15", "_raw_NM_AREA_M2": 912665.95009376504, "_cam_code": "181" }, "geometry": { "type": "Polygon", "coordinates": [ [ [ -3.9402, 40.3477 ], [ -3.9399, 40.3451 ], [ -3.9395, 40.3452 ], [ -3.9374, 40.3452 ], [ -3.9296, 40.3446 ], [ -3.9289, 40.3456 ], [ -3.929, 40.3457 ], [ -3.9287, 40.3457 ], [ -3.9291, 40.3446 ], [ -3.929, 40.3445 ], [ -3.927, 40.3445 ], [ -3.9238, 40.3458 ], [ -3.9246, 40.3458 ], [ -3.9275, 40.3538 ], [ -3.9299, 40.3532 ], [ -3.9302, 40.353 ], [ -3.9323, 40.3528 ], [ -3.9337, 40.3525 ], [ -3.934, 40.351 ], [ -3.9359, 40.3507 ], [ -3.9376, 40.3508 ], [ -3.9379, 40.3505 ], [ -3.9379, 40.3501 ], [ -3.9384, 40.3508 ], [ -3.9389, 40.3508 ], [ -3.939, 40.3505 ], [ -3.9388, 40.3503 ], [ -3.9388, 40.3501 ], [ -3.938, 40.3495 ], [ -3.938, 40.3482 ], [ -3.9389, 40.3474 ], [ -3.9402, 40.3477 ] ] ] } },
{ "type": "Feature", "properties": { "municipio": "Villaviciosa de Odón", "clasificacion": "no-urbanizable-protegido", "calificacion": "sin-asignar", "version": "vigente", "fuente": "SIT-CAM WFS — UsoDelSuelo:VPLA_V_CLASIFICACION (https://idem.comunidad.madrid/geosrvg/ows)", "fecha_dato": "2026-05-12", "ambito": "39950", "_raw_CD_SIGLAS": "SNUP_A", "_raw_DS_CLASIF_GEN": "Suelo No Urbanizable Protegido (APLAZADO)", "_raw_DS_CLASIF_DET": "Suelo No Urbanizable Protegido. Clase I. Espacios Protegidos. Cauces y Riberas. Parque Regional del Curso Medio del río Guadarrama; zona de Protección y Mejora.", "_raw_DS_DOCU": "PLAN GENERAL", "_raw_DS_LEY": "CM Ley 9/1995, E Ley 6/1998, E RDL 1/1992, E RD 1346/1976", "_raw_FC_AC": "1999-07-15", "_raw_NM_AREA_M2": 95784.124211043207, "_cam_code": "181" }, "geometry": { "type": "Polygon", "coordinates": [ [ [ -3.8957, 40.3893 ], [ -3.8953, 40.39 ], [ -3.8947, 40.3907 ], [ -3.8937, 40.391 ], [ -3.8941, 40.3926 ], [ -3.894, 40.393 ], [ -3.8943, 40.3929 ], [ -3.8978, 40.39 ], [ -3.8979, 40.3898 ], [ -3.8989, 40.389 ], [ -3.8992, 40.3884 ], [ -3.8997, 40.3879 ], [ -3.9008, 40.3875 ], [ -3.9013, 40.387 ], [ -3.8998, 40.3871 ], [ -3.899, 40.3875 ], [ -3.8985, 40.3883 ], [ -3.8979, 40.3888 ], [ -3.8957, 40.3893 ] ] ] } },
{ "type": "Feature", "properties": { "municipio": "Villaviciosa de Odón", "clasificacion": "no-urbanizable-protegido", "calificacion": "sin-asignar", "version": "vigente", "fuente": "SIT-CAM WFS — UsoDelSuelo:VPLA_V_CLASIFICACION (https://idem.comunidad.madrid/geosrvg/ows)", "fecha_dato": "2026-05-12", "ambito": "39950", "_raw_CD_SIGLAS": "SNUP_A", "_raw_DS_CLASIF_GEN": "Suelo No Urbanizable Protegido (APLAZADO)", "_raw_DS_CLASIF_DET": "Suelo No Urbanizable Protegido. Clase I. Espacios Protegidos. Cauces y Riberas. Parque Regional del Curso Medio del río Guadarrama; zona de Protección y Mejora.", "_raw_DS_DOCU": "PLAN GENERAL", "_raw_DS_LEY": "CM Ley 9/1995, E Ley 6/1998, E RDL 1/1992, E RD 1346/1976", "_raw_FC_AC": "1999-07-15", "_raw_NM_AREA_M2": 118511.66935313601, "_cam_code": "181" }, "geometry": { "type": "Polygon", "coordinates": [ [ [ -3.9464, 40.3635 ], [ -3.9465, 40.3635 ], [ -3.9467, 40.364 ], [ -3.9478, 40.3654 ], [ -3.9483, 40.3658 ], [ -3.9486, 40.3663 ], [ -3.9493, 40.367 ], [ -3.9495, 40.3674 ], [ -3.9496, 40.3673 ], [ -3.9496, 40.3666 ], [ -3.9494, 40.3665 ], [ -3.9482, 40.3643 ], [ -3.948, 40.3632 ], [ -3.9483, 40.3628 ], [ -3.9486, 40.3618 ], [ -3.9487, 40.3618 ], [ -3.9487, 40.3616 ], [ -3.9488, 40.3616 ], [ -3.9491, 40.3609 ], [ -3.9503, 40.3597 ], [ -3.9506, 40.3588 ], [ -3.9507, 40.3588 ], [ -3.9506, 40.3585 ], [ -3.951, 40.3581 ], [ -3.9513, 40.358 ], [ -3.9514, 40.3572 ], [ -3.951, 40.3579 ], [ -3.9481, 40.3605 ], [ -3.9463, 40.3613 ], [ -3.946, 40.3624 ], [ -3.9464, 40.3635 ] ] ] } },
{ "type": "Feature", "properties": { "municipio": "Villaviciosa de Odón", "clasificacion": "no-urbanizable-protegido", "calificacion": "sin-asignar", "version": "vigente", "fuente": "SIT-CAM WFS — UsoDelSuelo:VPLA_V_CLASIFICACION (https://idem.comunidad.madrid/geosrvg/ows)", "fecha_dato": "2026-05-12", "ambito": "39950", "_raw_CD_SIGLAS": "SNUP_A", "_raw_DS_CLASIF_GEN": "Suelo No Urbanizable Protegido (APLAZADO)", "_raw_DS_CLASIF_DET": "Suelo No Urbanizable Protegido. Clase I. Espacios Protegidos. Cauces y Riberas. Parque Regional del Curso Medio del río Guadarrama; zona de Máxima Protección.", "_raw_DS_DOCU": "PLAN GENERAL", "_raw_DS_LEY": "CM Ley 9/1995, E Ley 6/1998, E RDL 1/1992, E RD 1346/1976", "_raw_FC_AC": "1999-07-15", "_raw_NM_AREA_M2": 1283430.2349878701, "_cam_code": "181" }, "geometry": { "type": "Polygon", "coordinates": [ [ [ -3.9507, 40.3492 ], [ -3.9508, 40.3491 ], [ -3.9508, 40.3486 ], [ -3.9507, 40.3485 ], [ -3.9507, 40.3479 ], [ -3.9508, 40.3478 ], [ -3.9504, 40.3471 ], [ -3.9504, 40.3469 ], [ -3.9502, 40.3467 ], [ -3.9498, 40.3466 ], [ -3.9496, 40.3464 ], [ -3.9496, 40.3462 ], [ -3.9495, 40.3462 ], [ -3.9495, 40.346 ], [ -3.9494, 40.346 ], [ -3.9494, 40.345 ], [ -3.9499, 40.3445 ], [ -3.95, 40.3433 ], [ -3.9502, 40.3431 ], [ -3.9503, 40.3426 ], [ -3.9506, 40.3423 ], [ -3.9504, 40.3413 ], [ -3.951, 40.3399 ], [ -3.9508, 40.3396 ], [ -3.9508, 40.339 ], [ -3.9511, 40.3388 ], [ -3.951, 40.3381 ], [ -3.9509, 40.3381 ], [ -3.9507, 40.3374 ], [ -3.9508, 40.3368 ], [ -3.9494, 40.3358 ], [ -3.949, 40.3351 ], [ -3.9479, 40.3339 ], [ -3.948, 40.3335 ], [ -3.9484, 40.3332 ], [ -3.9486, 40.3332 ], [ -3.949, 40.3325 ], [ -3.9491, 40.3306 ], [ -3.9488, 40.3301 ], [ -3.9487, 40.3295 ], [ -3.9492, 40.3289 ], [ -3.9495, 40.328 ], [ -3.9493, 40.3274 ], [ -3.949, 40.3272 ], [ -3.9487, 40.3272 ], [ -3.9487, 40.327 ], [ -3.9489, 40.3269 ], [ -3.949, 40.3263 ], [ -3.9485, 40.3257 ], [ -3.9485, 40.325 ], [ -3.9481, 40.3246 ], [ -3.9481, 40.3238 ], [ -3.9478, 40.3234 ], [ -3.9477, 40.323 ], [ -3.9472, 40.3221 ], [ -3.9459, 40.3209 ], [ -3.9456, 40.3203 ], [ -3.9456, 40.32 ], [ -3.9461, 40.3188 ], [ -3.946, 40.3184 ], [ -3.9457, 40.3181 ], [ -3.9457, 40.3177 ], [ -3.9459, 40.3173 ], [ -3.9459, 40.3164 ], [ -3.9456, 40.3156 ], [ -3.9457, 40.3148 ], [ -3.9459, 40.3144 ], [ -3.9462, 40.3123 ], [ -3.9461, 40.3098 ], [ -3.9457, 40.3086 ], [ -3.9448, 40.307 ], [ -3.9442, 40.3038 ], [ -3.9433, 40.3029 ], [ -3.943, 40.3023 ], [ -3.943, 40.3016 ], [ -3.9426, 40.3004 ], [ -3.9415, 40.3002 ], [ -3.9414, 40.301 ], [ -3.9414, 40.3048 ], [ -3.9416, 40.3054 ], [ -3.9426, 40.3066 ], [ -3.9448, 40.3086 ], [ -3.9452, 40.3094 ], [ -3.9451, 40.3108 ], [ -3.9445, 40.3127 ], [ -3.944, 40.3137 ], [ -3.9431, 40.3161 ], [ -3.9427, 40.3174 ], [ -3.9427, 40.3181 ], [ -3.9436, 40.32 ], [ -3.944, 40.3216 ], [ -3.9444, 40.3222 ], [ -3.9444, 40.3224 ], [ -3.9447, 40.3225 ], [ -3.9454, 40.3232 ], [ -3.9451, 40.3233 ], [ -3.9452, 40.3239 ], [ -3.9462, 40.3258 ], [ -3.9462, 40.326 ], [ -3.9466, 40.3264 ], [ -3.9466, 40.3267 ], [ -3.9469, 40.3273 ], [ -3.9466, 40.3283 ], [ -3.9463, 40.3303 ], [ -3.9461, 40.3306 ], [ -3.946, 40.3311 ], [ -3.9461, 40.3325 ], [ -3.9459, 40.3327 ], [ -3.9459, 40.3329 ], [ -3.9462, 40.333 ], [ -3.9474, 40.3346 ], [ -3.9481, 40.3351 ], [ -3.9484, 40.3359 ], [ -3.9484, 40.3367 ], [ -3.9489, 40.3377 ], [ -3.9489, 40.3385 ], [ -3.9479, 40.3386 ], [ -3.9478, 40.3389 ], [ -3.9479, 40.3392 ], [ -3.9476, 40.3395 ], [ -3.9476, 40.3399 ], [ -3.9463, 40.3428 ], [ -3.9463, 40.3434 ], [ -3.946, 40.3441 ], [ -3.9458, 40.3453 ], [ -3.9458, 40.3459 ], [ -3.9461, 40.3464 ], [ -3.9465, 40.3476 ], [ -3.9463, 40.348 ], [ -3.9463, 40.3482 ], [ -3.9465, 40.3484 ], [ -3.9464, 40.3499 ], [ -3.9461, 40.3503 ], [ -3.947, 40.3506 ], [ -3.9475, 40.351 ], [ -3.9478, 40.352 ], [ -3.948, 40.3535 ], [ -3.9495, 40.3533 ], [ -3.9501, 40.3531 ], [ -3.9504, 40.3528 ], [ -3.9506, 40.3522 ], [ -3.9511, 40.3516 ], [ -3.9511, 40.3511 ], [ -3.9508, 40.3507 ], [ -3.9507, 40.3492 ] ] ] } },
{ "type": "Feature", "properties": { "municipio": "Villaviciosa de Odón", "clasificacion": "no-urbanizable-protegido", "calificacion": "sin-asignar", "version": "vigente", "fuente": "SIT-CAM WFS — UsoDelSuelo:VPLA_V_CLASIFICACION (https://idem.comunidad.madrid/geosrvg/ows)", "fecha_dato": "2026-05-12", "ambito": "39950", "_raw_CD_SIGLAS": "SNUP_A", "_raw_DS_CLASIF_GEN": "Suelo No Urbanizable Protegido (APLAZADO)", "_raw_DS_CLASIF_DET": "Suelo No Urbanizable Protegido. Clase I. Espacios Protegidos. Cauces y Riberas. Parque Regional del Curso Medio del río Guadarrama; zona de Máxima Protección.", "_raw_DS_DOCU": "PLAN GENERAL", "_raw_DS_LEY": "CM Ley 9/1995, E Ley 6/1998, E RDL 1/1992, E RD 1346/1976", "_raw_FC_AC": "1999-07-15", "_raw_NM_AREA_M2": 65110.812363409597, "_cam_code": "181" }, "geometry": { "type": "Polygon", "coordinates": [ [ [ -3.9258, 40.3624 ], [ -3.926, 40.3623 ], [ -3.9268, 40.3623 ], [ -3.9276, 40.3625 ], [ -3.9291, 40.3624 ], [ -3.9294, 40.3623 ], [ -3.9297, 40.362 ], [ -3.9301, 40.3619 ], [ -3.9299, 40.3613 ], [ -3.9295, 40.3613 ], [ -3.9291, 40.3612 ], [ -3.9291, 40.3611 ], [ -3.9278, 40.361 ], [ -3.9275, 40.3606 ], [ -3.9264, 40.3602 ], [ -3.9251, 40.3615 ], [ -3.9252, 40.362 ], [ -3.9256, 40.3619 ], [ -3.9258, 40.3624 ] ] ] } },
{ "type": "Feature", "properties": { "municipio": "Villaviciosa de Odón", "clasificacion": "no-urbanizable-protegido", "calificacion": "sin-asignar", "version": "vigente", "fuente": "SIT-CAM WFS — UsoDelSuelo:VPLA_V_CLASIFICACION (https://idem.comunidad.madrid/geosrvg/ows)", "fecha_dato": "2026-05-12", "ambito": "39950", "_raw_CD_SIGLAS": "SNUP_A", "_raw_DS_CLASIF_GEN": "Suelo No Urbanizable Protegido (APLAZADO)", "_raw_DS_CLASIF_DET": "Suelo No Urbanizable Protegido. Clase I. Espacios Protegidos. Cauces y Riberas. Parque Regional del Curso Medio del río Guadarrama; zona de Máxima Protección.", "_raw_DS_DOCU": "PLAN GENERAL", "_raw_DS_LEY": "CM Ley 9/1995, E Ley 6/1998, E RDL 1/1992, E RD 1346/1976", "_raw_FC_AC": "1999-07-15", "_raw_NM_AREA_M2": 1045306.0051237301, "_cam_code": "181" }, "geometry": { "type": "Polygon", "coordinates": [ [ [ -3.9458, 40.3898 ], [ -3.9451, 40.3922 ], [ -3.9444, 40.3928 ], [ -3.9444, 40.393 ], [ -3.944, 40.3933 ], [ -3.9437, 40.394 ], [ -3.9433, 40.3944 ], [ -3.9431, 40.3962 ], [ -3.9432, 40.3962 ], [ -3.9432, 40.3973 ], [ -3.9433, 40.3976 ], [ -3.9434, 40.3976 ], [ -3.9433, 40.3987 ], [ -3.9432, 40.3987 ], [ -3.9433, 40.3992 ], [ -3.9436, 40.3994 ], [ -3.9437, 40.4002 ], [ -3.9438, 40.4002 ], [ -3.9438, 40.4012 ], [ -3.9439, 40.4012 ], [ -3.9439, 40.4016 ], [ -3.944, 40.4016 ], [ -3.9441, 40.4021 ], [ -3.9442, 40.4021 ], [ -3.9442, 40.4025 ], [ -3.9439, 40.4029 ], [ -3.9437, 40.404 ], [ -3.9436, 40.404 ], [ -3.9436, 40.4042 ], [ -3.9437, 40.4042 ], [ -3.9436, 40.4049 ], [ -3.9452, 40.406 ], [ -3.9451, 40.4069 ], [ -3.9456, 40.407 ], [ -3.9458, 40.4072 ], [ -3.9458, 40.4074 ], [ -3.946, 40.4071 ], [ -3.9468, 40.4065 ], [ -3.9461, 40.4044 ], [ -3.9464, 40.4041 ], [ -3.9463, 40.4032 ], [ -3.9464, 40.4022 ], [ -3.946, 40.4014 ], [ -3.9458, 40.4003 ], [ -3.9461, 40.3996 ], [ -3.946, 40.399 ], [ -3.9457, 40.3987 ], [ -3.9455, 40.398 ], [ -3.9453, 40.3959 ], [ -3.9466, 40.3936 ], [ -3.9476, 40.3928 ], [ -3.9488, 40.3923 ], [ -3.9497, 40.3914 ], [ -3.9499, 40.3906 ], [ -3.9502, 40.3903 ], [ -3.9508, 40.3901 ], [ -3.951, 40.3897 ], [ -3.951, 40.3893 ], [ -3.9507, 40.3883 ], [ -3.9498, 40.3868 ], [ -3.9481, 40.3855 ], [ -3.9477, 40.385 ], [ -3.9473, 40.3831 ], [ -3.9474, 40.3819 ], [ -3.9466, 40.38 ], [ -3.9467, 40.3794 ], [ -3.9465, 40.3788 ], [ -3.946, 40.3784 ], [ -3.9452, 40.3771 ], [ -3.9445, 40.3766 ], [ -3.944, 40.3765 ], [ -3.9438, 40.3762 ], [ -3.9438, 40.3759 ], [ -3.9446, 40.3742 ], [ -3.9446, 40.3732 ], [ -3.9448, 40.3728 ], [ -3.9454, 40.3722 ], [ -3.9457, 40.3713 ], [ -3.9461, 40.3707 ], [ -3.9479, 40.3689 ], [ -3.9489, 40.3683 ], [ -3.9498, 40.3683 ], [ -3.9506, 40.3679 ], [ -3.9506, 40.3678 ], [ -3.9503, 40.3677 ], [ -3.9497, 40.3676 ], [ -3.9483, 40.3658 ], [ -3.9478, 40.3654 ], [ -3.9467, 40.364 ], [ -3.9465, 40.3635 ], [ -3.9464, 40.3635 ], [ -3.946, 40.3624 ], [ -3.9463, 40.3613 ], [ -3.9481, 40.3605 ], [ -3.951, 40.3579 ], [ -3.9514, 40.3571 ], [ -3.9515, 40.3571 ], [ -3.9515, 40.3567 ], [ -3.9516, 40.3567 ], [ -3.9518, 40.3562 ], [ -3.9517, 40.3558 ], [ -3.9518, 40.3558 ], [ -3.9518, 40.3553 ], [ -3.9519, 40.3553 ], [ -3.9519, 40.3548 ], [ -3.952, 40.3548 ], [ -3.952, 40.3539 ], [ -3.9519, 40.3539 ], [ -3.9519, 40.3536 ], [ -3.9518, 40.3536 ], [ -3.9518, 40.3531 ], [ -3.9514, 40.3528 ], [ -3.9513, 40.3524 ], [ -3.9511, 40.3523 ], [ -3.9511, 40.3518 ], [ -3.9503, 40.3536 ], [ -3.9497, 40.3535 ], [ -3.9488, 40.3536 ], [ -3.9489, 40.3545 ], [ -3.9488, 40.3545 ], [ -3.9486, 40.3555 ], [ -3.9484, 40.3557 ], [ -3.9482, 40.3563 ], [ -3.9479, 40.3565 ], [ -3.9479, 40.3567 ], [ -3.9469, 40.3576 ], [ -3.9457, 40.358 ], [ -3.9435, 40.358 ], [ -3.943, 40.3582 ], [ -3.9413, 40.3582 ], [ -3.9409, 40.3586 ], [ -3.9397, 40.3586 ], [ -3.9383, 40.3594 ], [ -3.9368, 40.3596 ], [ -3.9362, 40.3601 ], [ -3.9361, 40.3605 ], [ -3.9355, 40.3605 ], [ -3.9351, 40.3601 ], [ -3.9348, 40.3603 ], [ -3.9348, 40.3604 ], [ -3.936, 40.3608 ], [ -3.9375, 40.3602 ], [ -3.9379, 40.3602 ], [ -3.9382, 40.36 ], [ -3.9391, 40.3598 ], [ -3.9402, 40.3599 ], [ -3.9404, 40.36 ], [ -3.9405, 40.3604 ], [ -3.9408, 40.3604 ], [ -3.9413, 40.3601 ], [ -3.9438, 40.3601 ], [ -3.944, 40.3602 ], [ -3.9451, 40.3611 ], [ -3.9449, 40.3617 ], [ -3.9449, 40.3624 ], [ -3.9445, 40.363 ], [ -3.9447, 40.3632 ], [ -3.9451, 40.3633 ], [ -3.9455, 40.3639 ], [ -3.946, 40.3643 ], [ -3.9468, 40.3661 ], [ -3.9473, 40.3664 ], [ -3.9479, 40.3673 ], [ -3.948, 40.3679 ], [ -3.9465, 40.3691 ], [ -3.947, 40.3692 ], [ -3.947, 40.3695 ], [ -3.9462, 40.3693 ], [ -3.9457, 40.37 ], [ -3.945, 40.3706 ], [ -3.9449, 40.3713 ], [ -3.9446, 40.372 ], [ -3.9443, 40.3722 ], [ -3.9435, 40.3736 ], [ -3.9432, 40.3739 ], [ -3.943, 40.3744 ], [ -3.943, 40.3748 ], [ -3.9429, 40.3748 ], [ -3.943, 40.375 ], [ -3.9429, 40.376 ], [ -3.9431, 40.3764 ], [ -3.9432, 40.3771 ], [ -3.9433, 40.3771 ], [ -3.9432, 40.3773 ], [ -3.9433, 40.3775 ], [ -3.9431, 40.3779 ], [ -3.9434, 40.3775 ], [ -3.9452, 40.3775 ], [ -3.9465, 40.3793 ], [ -3.9465, 40.3803 ], [ -3.9473, 40.382 ], [ -3.9472, 40.3835 ], [ -3.9475, 40.3849 ], [ -3.9481, 40.3858 ], [ -3.9496, 40.3869 ], [ -3.9499, 40.3873 ], [ -3.9506, 40.3885 ], [ -3.9507, 40.3897 ], [ -3.9498, 40.3906 ], [ -3.9458, 40.3898 ] ] ] } },
{ "type": "Feature", "properties": { "municipio": "Villaviciosa de Odón", "clasificacion": "no-urbanizable-protegido", "calificacion": "sin-asignar", "version": "vigente", "fuente": "SIT-CAM WFS — UsoDelSuelo:VPLA_V_CLASIFICACION (https://idem.comunidad.madrid/geosrvg/ows)", "fecha_dato": "2026-05-12", "ambito": "39950", "_raw_CD_SIGLAS": "SNUP_A", "_raw_DS_CLASIF_GEN": "Suelo No Urbanizable Protegido (APLAZADO)", "_raw_DS_CLASIF_DET": "Suelo No Urbanizable Protegido. Clase I. Espacios Protegidos. Parque Regional del Curso Medio del río Guadarrama; zona de Protección y Mejora.", "_raw_DS_DOCU": "PLAN GENERAL", "_raw_DS_LEY": "CM Ley 9/1995, E Ley 6/1998, E RDL 1/1992, E RD 1346/1976", "_raw_FC_AC": "1999-07-15", "_raw_NM_AREA_M2": 213775.79836657899, "_cam_code": "181" }, "geometry": { "type": "Polygon", "coordinates": [ [ [ -3.8968, 40.3817 ], [ -3.8969, 40.3818 ], [ -3.898, 40.3819 ], [ -3.8993, 40.3817 ], [ -3.8998, 40.3819 ], [ -3.9013, 40.382 ], [ -3.902, 40.3822 ], [ -3.9024, 40.382 ], [ -3.9026, 40.3817 ], [ -3.9038, 40.3812 ], [ -3.9043, 40.3807 ], [ -3.9047, 40.3798 ], [ -3.9046, 40.3789 ], [ -3.904, 40.3784 ], [ -3.9026, 40.3777 ], [ -3.9022, 40.3776 ], [ -3.9004, 40.3776 ], [ -3.9003, 40.3783 ], [ -3.8999, 40.3788 ], [ -3.899, 40.3791 ], [ -3.898, 40.3808 ], [ -3.8977, 40.3809 ], [ -3.8968, 40.3817 ] ] ] } },
{ "type": "Feature", "properties": { "municipio": "Villaviciosa de Odón", "clasificacion": "no-urbanizable-protegido", "calificacion": "sin-asignar", "version": "vigente", "fuente": "SIT-CAM WFS — UsoDelSuelo:VPLA_V_CLASIFICACION (https://idem.comunidad.madrid/geosrvg/ows)", "fecha_dato": "2026-05-12", "ambito": "39950", "_raw_CD_SIGLAS": "SNUP_A", "_raw_DS_CLASIF_GEN": "Suelo No Urbanizable Protegido (APLAZADO)", "_raw_DS_CLASIF_DET": "Suelo No Urbanizable Protegido. Clase I. Espacios Protegidos. Parque Regional del Curso Medio del río Guadarrama; zona de Protección y Mejora.", "_raw_DS_DOCU": "PLAN GENERAL", "_raw_DS_LEY": "CM Ley 9/1995, E Ley 6/1998, E RDL 1/1992, E RD 1346/1976", "_raw_FC_AC": "1999-07-15", "_raw_NM_AREA_M2": 230471.108524287, "_cam_code": "181" }, "geometry": { "type": "Polygon", "coordinates": [ [ [ -3.8962, 40.3825 ], [ -3.894, 40.3886 ], [ -3.8944, 40.3883 ], [ -3.8947, 40.3883 ], [ -3.895, 40.388 ], [ -3.896, 40.3878 ], [ -3.8982, 40.387 ], [ -3.8993, 40.3861 ], [ -3.9003, 40.3857 ], [ -3.9015, 40.3842 ], [ -3.9014, 40.3837 ], [ -3.9011, 40.3833 ], [ -3.9002, 40.3829 ], [ -3.898, 40.3825 ], [ -3.8962, 40.3825 ] ] ] } },
{ "type": "Feature", "properties": { "municipio": "Villaviciosa de Odón", "clasificacion": "no-urbanizable-protegido", "calificacion": "sin-asignar", "version": "vigente", "fuente": "SIT-CAM WFS — UsoDelSuelo:VPLA_V_CLASIFICACION (https://idem.comunidad.madrid/geosrvg/ows)", "fecha_dato": "2026-05-12", "ambito": "39950", "_raw_CD_SIGLAS": "SNUP_A", "_raw_DS_CLASIF_GEN": "Suelo No Urbanizable Protegido (APLAZADO)", "_raw_DS_CLASIF_DET": "Suelo No Urbanizable Protegido. Clase IV. Espacios Rurales con Restricción de Uso. Parque Regional del Curso Medio del río Guadarrama; zona de Máxima Protección.", "_raw_DS_DOCU": "PLAN GENERAL", "_raw_DS_LEY": "CM Ley 9/1995, E Ley 6/1998, E RDL 1/1992, E RD 1346/1976", "_raw_FC_AC": "1999-07-15", "_raw_NM_AREA_M2": 16865.125722089699, "_cam_code": "181" }, "geometry": { "type": "Polygon", "coordinates": [ [ [ -3.9244, 40.3608 ], [ -3.9238, 40.3613 ], [ -3.9223, 40.3621 ], [ -3.9218, 40.3627 ], [ -3.9223, 40.3626 ], [ -3.9229, 40.3622 ], [ -3.9243, 40.3619 ], [ -3.9248, 40.3616 ], [ -3.9246, 40.361 ], [ -3.9244, 40.3608 ] ] ] } },
{ "type": "Feature", "properties": { "municipio": "Villaviciosa de Odón", "clasificacion": "no-urbanizable-protegido", "calificacion": "sin-asignar", "version": "vigente", "fuente": "SIT-CAM WFS — UsoDelSuelo:VPLA_V_CLASIFICACION (https://idem.comunidad.madrid/geosrvg/ows)", "fecha_dato": "2026-05-12", "ambito": "39950", "_raw_CD_SIGLAS": "SNUP_A", "_raw_DS_CLASIF_GEN": "Suelo No Urbanizable Protegido (APLAZADO)", "_raw_DS_CLASIF_DET": "Suelo No Urbanizable Protegido. Clase I. Espacios Protegidos. Parque Regional del Curso Medio del río Guadarrama; zona de Protección y Mejora.", "_raw_DS_DOCU": "PLAN GENERAL", "_raw_DS_LEY": "CM Ley 9/1995, E Ley 6/1998, E RDL 1/1992, E RD 1346/1976", "_raw_FC_AC": "1999-07-15", "_raw_NM_AREA_M2": 21554.512898934001, "_cam_code": "181" }, "geometry": { "type": "Polygon", "coordinates": [ [ [ -3.9015, 40.377 ], [ -3.9054, 40.3771 ], [ -3.9056, 40.377 ], [ -3.9061, 40.3763 ], [ -3.9037, 40.3763 ], [ -3.9015, 40.377 ] ] ] } },
{ "type": "Feature", "properties": { "municipio": "Villaviciosa de Odón", "clasificacion": "no-urbanizable-protegido", "calificacion": "sin-asignar", "version": "vigente", "fuente": "SIT-CAM WFS — UsoDelSuelo:VPLA_V_CLASIFICACION (https://idem.comunidad.madrid/geosrvg/ows)", "fecha_dato": "2026-05-12", "ambito": "39950", "_raw_CD_SIGLAS": "SNUP_A", "_raw_DS_CLASIF_GEN": "Suelo No Urbanizable Protegido (APLAZADO)", "_raw_DS_CLASIF_DET": "Suelo No Urbanizable Protegido. Clase I. Espacios Protegidos. Cauces y Riberas. Parque Regional del Curso Medio del río Guadarrama; zona de Máxima Protección.", "_raw_DS_DOCU": "PLAN GENERAL", "_raw_DS_LEY": "CM Ley 9/1995, E Ley 6/1998, E RDL 1/1992, E RD 1346/1976", "_raw_FC_AC": "1999-07-15", "_raw_NM_AREA_M2": 57740.675502204802, "_cam_code": "181" }, "geometry": { "type": "Polygon", "coordinates": [ [ [ -3.9469, 40.4068 ], [ -3.9459, 40.4075 ], [ -3.9459, 40.4079 ], [ -3.9462, 40.4083 ], [ -3.9464, 40.4095 ], [ -3.9471, 40.4105 ], [ -3.9474, 40.4122 ], [ -3.9476, 40.4124 ], [ -3.9477, 40.4128 ], [ -3.9477, 40.4134 ], [ -3.948, 40.414 ], [ -3.949, 40.4138 ], [ -3.9485, 40.4129 ], [ -3.9483, 40.4121 ], [ -3.9484, 40.4113 ], [ -3.9483, 40.4113 ], [ -3.9482, 40.4108 ], [ -3.9477, 40.4104 ], [ -3.947, 40.4087 ], [ -3.9469, 40.4084 ], [ -3.947, 40.4072 ], [ -3.9469, 40.4068 ] ] ] } },
{ "type": "Feature", "properties": { "municipio": "Villaviciosa de Odón", "clasificacion": "no-urbanizable-protegido", "calificacion": "sin-asignar", "version": "vigente", "fuente": "SIT-CAM WFS — UsoDelSuelo:VPLA_V_CLASIFICACION (https://idem.comunidad.madrid/geosrvg/ows)", "fecha_dato": "2026-05-12", "ambito": "39950", "_raw_CD_SIGLAS": "SNUP_A", "_raw_DS_CLASIF_GEN": "Suelo No Urbanizable Protegido (APLAZADO)", "_raw_DS_CLASIF_DET": "Suelo No Urbanizable Protegido. Clase I. Espacios Protegidos. Parque Regional del Curso Medio del río Guadarrama; zona de Máxima Protección.", "_raw_DS_DOCU": "PLAN GENERAL", "_raw_DS_LEY": "CM Ley 9/1995, E Ley 6/1998, E RDL 1/1992, E RD 1346/1976", "_raw_FC_AC": "1999-07-15", "_raw_NM_AREA_M2": 790619.00972833205, "_cam_code": "181" }, "geometry": { "type": "Polygon", "coordinates": [ [ [ -3.9301, 40.3619 ], [ -3.9304, 40.3618 ], [ -3.9312, 40.3619 ], [ -3.932, 40.3618 ], [ -3.9331, 40.3614 ], [ -3.9339, 40.3607 ], [ -3.9346, 40.3605 ], [ -3.9351, 40.3601 ], [ -3.9355, 40.3605 ], [ -3.9361, 40.3605 ], [ -3.9362, 40.3601 ], [ -3.9368, 40.3596 ], [ -3.9377, 40.3595 ], [ -3.9389, 40.3532 ], [ -3.937, 40.3531 ], [ -3.937, 40.353 ], [ -3.9367, 40.3531 ], [ -3.9356, 40.3529 ], [ -3.9356, 40.353 ], [ -3.9344, 40.353 ], [ -3.9344, 40.3531 ], [ -3.9339, 40.3532 ], [ -3.9333, 40.3532 ], [ -3.9333, 40.3533 ], [ -3.9323, 40.3534 ], [ -3.9323, 40.3535 ], [ -3.9309, 40.3534 ], [ -3.9291, 40.3535 ], [ -3.9281, 40.3539 ], [ -3.9276, 40.3539 ], [ -3.9273, 40.3565 ], [ -3.9264, 40.3602 ], [ -3.9275, 40.3606 ], [ -3.9278, 40.361 ], [ -3.9291, 40.3611 ], [ -3.9291, 40.3612 ], [ -3.9295, 40.3613 ], [ -3.9299, 40.3613 ], [ -3.9301, 40.3619 ] ] ] } },
{ "type": "Feature", "properties": { "municipio": "Villaviciosa de Odón", "clasificacion": "no-urbanizable-protegido", "calificacion": "sin-asignar", "version": "vigente", "fuente": "SIT-CAM WFS — UsoDelSuelo:VPLA_V_CLASIFICACION (https://idem.comunidad.madrid/geosrvg/ows)", "fecha_dato": "2026-05-12", "ambito": "39950", "_raw_CD_SIGLAS": "SNUP_A", "_raw_DS_CLASIF_GEN": "Suelo No Urbanizable Protegido (APLAZADO)", "_raw_DS_CLASIF_DET": "Suelo No Urbanizable Protegido. Clase I. Espacios Protegidos. Parque Regional del Curso Medio del río Guadarrama; zona de Protección y Mejora. Vías Pecuarias.", "_raw_DS_DOCU": "PLAN GENERAL", "_raw_DS_LEY": "CM Ley 9/1995, E Ley 6/1998, E RDL 1/1992, E RD 1346/1976", "_raw_FC_AC": "1999-07-15", "_raw_NM_AREA_M2": 28528.638424790501, "_cam_code": "181" }, "geometry": { "type": "Polygon", "coordinates": [ [ [ -3.9467, 40.3338 ], [ -3.9462, 40.333 ], [ -3.9459, 40.3329 ], [ -3.9459, 40.3327 ], [ -3.9461, 40.3325 ], [ -3.946, 40.3311 ], [ -3.9461, 40.3306 ], [ -3.9463, 40.3303 ], [ -3.9465, 40.3288 ], [ -3.9469, 40.3273 ], [ -3.9466, 40.3267 ], [ -3.9466, 40.3264 ], [ -3.9462, 40.326 ], [ -3.9462, 40.3258 ], [ -3.9452, 40.3239 ], [ -3.9451, 40.3233 ], [ -3.945, 40.3233 ], [ -3.9448, 40.3235 ], [ -3.945, 40.3237 ], [ -3.9455, 40.3252 ], [ -3.9458, 40.3255 ], [ -3.9461, 40.3263 ], [ -3.9463, 40.3264 ], [ -3.9465, 40.3272 ], [ -3.9466, 40.3272 ], [ -3.9466, 40.3281 ], [ -3.9465, 40.3281 ], [ -3.9463, 40.3287 ], [ -3.9461, 40.3295 ], [ -3.9461, 40.3301 ], [ -3.9459, 40.3304 ], [ -3.9458, 40.3309 ], [ -3.9459, 40.3323 ], [ -3.9458, 40.3323 ], [ -3.9456, 40.3329 ], [ -3.9467, 40.3339 ], [ -3.9473, 40.3348 ], [ -3.9477, 40.3351 ], [ -3.9476, 40.3348 ], [ -3.9473, 40.3346 ], [ -3.9472, 40.3342 ], [ -3.9467, 40.3338 ] ] ] } },
{ "type": "Feature", "properties": { "municipio": "Villaviciosa de Odón", "clasificacion": "no-urbanizable-protegido", "calificacion": "sin-asignar", "version": "vigente", "fuente": "SIT-CAM WFS — UsoDelSuelo:VPLA_V_CLASIFICACION (https://idem.comunidad.madrid/geosrvg/ows)", "fecha_dato": "2026-05-12", "ambito": "39950", "_raw_CD_SIGLAS": "SNUP_A", "_raw_DS_CLASIF_GEN": "Suelo No Urbanizable Protegido (APLAZADO)", "_raw_DS_CLASIF_DET": "Suelo No Urbanizable Protegido. Clase I. Espacios Protegidos. Parque Regional del Curso Medio del río Guadarrama; zona de Máxima Protección. Vías Pecuarias.", "_raw_DS_DOCU": "PLAN GENERAL", "_raw_DS_LEY": "CM Ley 9/1995, E Ley 6/1998, E RDL 1/1992, E RD 1346/1976", "_raw_FC_AC": "1999-07-15", "_raw_NM_AREA_M2": 18680.885009257399, "_cam_code": "181" }, "geometry": { "type": "Polygon", "coordinates": [ [ [ -3.9389, 40.3533 ], [ -3.9398, 40.353 ], [ -3.9415, 40.353 ], [ -3.9439, 40.3534 ], [ -3.9448, 40.3531 ], [ -3.9462, 40.3536 ], [ -3.9488, 40.3536 ], [ -3.9488, 40.3534 ], [ -3.948, 40.3535 ], [ -3.9461, 40.3534 ], [ -3.9461, 40.3533 ], [ -3.9458, 40.3533 ], [ -3.9456, 40.3531 ], [ -3.9451, 40.353 ], [ -3.9451, 40.3529 ], [ -3.9446, 40.3529 ], [ -3.9442, 40.3531 ], [ -3.9442, 40.3532 ], [ -3.9435, 40.3532 ], [ -3.943, 40.3531 ], [ -3.943, 40.353 ], [ -3.9421, 40.353 ], [ -3.9421, 40.3529 ], [ -3.9395, 40.3529 ], [ -3.9391, 40.3531 ], [ -3.938, 40.3531 ], [ -3.9371, 40.3529 ], [ -3.9364, 40.353 ], [ -3.9389, 40.3532 ], [ -3.9389, 40.3533 ] ] ] } },
{ "type": "Feature", "properties": { "municipio": "Villaviciosa de Odón", "clasificacion": "no-urbanizable-protegido", "calificacion": "sin-asignar", "version": "vigente", "fuente": "SIT-CAM WFS — UsoDelSuelo:VPLA_V_CLASIFICACION (https://idem.comunidad.madrid/geosrvg/ows)", "fecha_dato": "2026-05-12", "ambito": "39950", "_raw_CD_SIGLAS": "SNUP_A", "_raw_DS_CLASIF_GEN": "Suelo No Urbanizable Protegido (APLAZADO)", "_raw_DS_CLASIF_DET": "Suelo No Urbanizable Protegido. Clase IV. Espacios Rurales con Restricción de Uso. Parque Regional del Curso Medio del río Guadarrama; zona de Mantenimiento de la Actividad. Vías Pecuarias.", "_raw_DS_DOCU": "PLAN GENERAL", "_raw_DS_LEY": "CM Ley 9/1995, E Ley 6/1998, E RDL 1/1992, E RD 1346/1976", "_raw_FC_AC": "1999-07-15", "_raw_NM_AREA_M2": 1111.25388072386, "_cam_code": "181" }, "geometry": { "type": "Polygon", "coordinates": [ [ [ -3.9265, 40.3636 ], [ -3.9259, 40.3633 ], [ -3.9256, 40.3634 ], [ -3.9262, 40.3636 ], [ -3.9265, 40.3636 ] ] ] } },
{ "type": "Feature", "properties": { "municipio": "Villaviciosa de Odón", "clasificacion": "no-urbanizable-protegido", "calificacion": "sin-asignar", "version": "vigente", "fuente": "SIT-CAM WFS — UsoDelSuelo:VPLA_V_CLASIFICACION (https://idem.comunidad.madrid/geosrvg/ows)", "fecha_dato": "2026-05-12", "ambito": "39950", "_raw_CD_SIGLAS": "SNUP_A", "_raw_DS_CLASIF_GEN": "Suelo No Urbanizable Protegido (APLAZADO)", "_raw_DS_CLASIF_DET": "Suelo No Urbanizable Protegido. Clase IV. Espacios Rurales con Restricción de Uso. Parque Regional del Curso Medio del río Guadarrama.", "_raw_DS_DOCU": "PLAN GENERAL", "_raw_DS_LEY": "CM Ley 9/1995, E Ley 6/1998, E RDL 1/1992, E RD 1346/1976", "_raw_FC_AC": "1999-07-15", "_raw_NM_AREA_M2": 788.96271979449102, "_cam_code": "181" }, "geometry": { "type": "Polygon", "coordinates": [ [ [ -3.9271, 40.3634 ], [ -3.927, 40.3634 ], [ -3.9269, 40.3634 ], [ -3.9268, 40.3634 ], [ -3.9267, 40.3634 ], [ -3.9267, 40.3634 ], [ -3.9266, 40.3634 ], [ -3.9266, 40.3634 ], [ -3.9265, 40.3634 ], [ -3.9264, 40.3634 ], [ -3.9262, 40.3634 ], [ -3.9262, 40.3634 ], [ -3.9261, 40.3634 ], [ -3.9261, 40.3634 ], [ -3.9261, 40.3634 ], [ -3.926, 40.3634 ], [ -3.9259, 40.3633 ], [ -3.9259, 40.3633 ], [ -3.9259, 40.3633 ], [ -3.9265, 40.3636 ], [ -3.9271, 40.3634 ] ] ] } },
{ "type": "Feature", "properties": { "municipio": "Villaviciosa de Odón", "clasificacion": "no-urbanizable-protegido", "calificacion": "sin-asignar", "version": "vigente", "fuente": "SIT-CAM WFS — UsoDelSuelo:VPLA_V_CLASIFICACION (https://idem.comunidad.madrid/geosrvg/ows)", "fecha_dato": "2026-05-12", "ambito": "39950", "_raw_CD_SIGLAS": "SNUP_A", "_raw_DS_CLASIF_GEN": "Suelo No Urbanizable Protegido (APLAZADO)", "_raw_DS_CLASIF_DET": "Suelo No Urbanizable Protegido. Clase I. Espacios Protegidos. Cauces y Riberas. Parque Regional del Curso Medio del río Guadarrama; zona de Máxima Protección. Vías Pecuarias.", "_raw_DS_DOCU": "PLAN GENERAL", "_raw_DS_LEY": "CM Ley 9/1995, E Ley 6/1998, E RDL 1/1992, E RD 1346/1976", "_raw_FC_AC": "1999-07-15", "_raw_NM_AREA_M2": 2439.4734688352401, "_cam_code": "181" }, "geometry": { "type": "Polygon", "coordinates": [ [ [ -3.9254, 40.3625 ], [ -3.9251, 40.3615 ], [ -3.9248, 40.3616 ], [ -3.9251, 40.3625 ], [ -3.9254, 40.3625 ] ] ] } },
{ "type": "Feature", "properties": { "municipio": "Villaviciosa de Odón", "clasificacion": "no-urbanizable-protegido", "calificacion": "sin-asignar", "version": "vigente", "fuente": "SIT-CAM WFS — UsoDelSuelo:VPLA_V_CLASIFICACION (https://idem.comunidad.madrid/geosrvg/ows)", "fecha_dato": "2026-05-12", "ambito": "39950", "_raw_CD_SIGLAS": "SNUP_A", "_raw_DS_CLASIF_GEN": "Suelo No Urbanizable Protegido (APLAZADO)", "_raw_DS_CLASIF_DET": "Suelo No Urbanizable Protegido. Clase I. Espacios Protegidos. Parque Regional del Curso Medio del río Guadarrama; zona de Máxima Protección. Vías Pecuarias.", "_raw_DS_DOCU": "PLAN GENERAL", "_raw_DS_LEY": "CM Ley 9/1995, E Ley 6/1998, E RDL 1/1992, E RD 1346/1976", "_raw_FC_AC": "1999-07-15", "_raw_NM_AREA_M2": 12635.911561953601, "_cam_code": "181" }, "geometry": { "type": "Polygon", "coordinates": [ [ [ -3.9286, 40.3535 ], [ -3.9283, 40.3537 ], [ -3.9275, 40.3538 ], [ -3.9276, 40.3539 ], [ -3.9281, 40.3539 ], [ -3.9291, 40.3535 ], [ -3.9305, 40.3534 ], [ -3.9323, 40.3535 ], [ -3.9323, 40.3534 ], [ -3.9329, 40.3534 ], [ -3.9329, 40.3533 ], [ -3.9339, 40.3532 ], [ -3.9344, 40.3531 ], [ -3.9344, 40.353 ], [ -3.9356, 40.353 ], [ -3.9356, 40.3529 ], [ -3.9364, 40.353 ], [ -3.9364, 40.3529 ], [ -3.9356, 40.3528 ], [ -3.9337, 40.353 ], [ -3.9319, 40.3534 ], [ -3.9297, 40.3533 ], [ -3.9286, 40.3535 ] ] ] } },
{ "type": "Feature", "properties": { "municipio": "Villaviciosa de Odón", "clasificacion": "no-urbanizable-protegido", "calificacion": "sin-asignar", "version": "vigente", "fuente": "SIT-CAM WFS — UsoDelSuelo:VPLA_V_CLASIFICACION (https://idem.comunidad.madrid/geosrvg/ows)", "fecha_dato": "2026-05-12", "ambito": "39950", "_raw_CD_SIGLAS": "SNUP_A", "_raw_DS_CLASIF_GEN": "Suelo No Urbanizable Protegido (APLAZADO)", "_raw_DS_CLASIF_DET": "Suelo No Urbanizable Protegido. Clase I. Espacios Protegidos. Parque Regional del Curso Medio del río Guadarrama; zona de Máxima Protección. Vías Pecuarias.", "_raw_DS_DOCU": "PLAN GENERAL", "_raw_DS_LEY": "CM Ley 9/1995, E Ley 6/1998, E RDL 1/1992, E RD 1346/1976", "_raw_FC_AC": "1999-07-15", "_raw_NM_AREA_M2": 10684.495514911299, "_cam_code": "181" }, "geometry": { "type": "Polygon", "coordinates": [ [ [ -3.9856, 40.357 ], [ -3.9861, 40.357 ], [ -3.9881, 40.3576 ], [ -3.9883, 40.3576 ], [ -3.9885, 40.3576 ], [ -3.9886, 40.3576 ], [ -3.9888, 40.3576 ], [ -3.9901, 40.3574 ], [ -3.9911, 40.3574 ], [ -3.9918, 40.3571 ], [ -3.9931, 40.3568 ], [ -3.9959, 40.3555 ], [ -3.9998, 40.3552 ], [ -4.0013, 40.3548 ], [ -3.9999, 40.3551 ], [ -3.996, 40.3554 ], [ -3.9953, 40.3556 ], [ -3.9931, 40.3567 ], [ -3.9911, 40.3573 ], [ -3.9903, 40.3573 ], [ -3.9894, 40.3575 ], [ -3.9887, 40.3576 ], [ -3.9886, 40.3576 ], [ -3.9884, 40.3576 ], [ -3.9883, 40.3576 ], [ -3.9882, 40.3576 ], [ -3.988, 40.3575 ], [ -3.9866, 40.357 ], [ -3.9861, 40.3569 ], [ -3.9856, 40.357 ] ] ] } },
{ "type": "Feature", "properties": { "municipio": "Villaviciosa de Odón", "clasificacion": "no-urbanizable-protegido", "calificacion": "sin-asignar", "version": "vigente", "fuente": "SIT-CAM WFS — UsoDelSuelo:VPLA_V_CLASIFICACION (https://idem.comunidad.madrid/geosrvg/ows)", "fecha_dato": "2026-05-12", "ambito": "39950", "_raw_CD_SIGLAS": "SNUP_A", "_raw_DS_CLASIF_GEN": "Suelo No Urbanizable Protegido (APLAZADO)", "_raw_DS_CLASIF_DET": "Suelo No Urbanizable Protegido. Clase I. Espacios Protegidos. Parque Regional del Curso Medio del río Guadarrama; zona de Máxima Protección. Vías Pecuarias.", "_raw_DS_DOCU": "PLAN GENERAL", "_raw_DS_LEY": "CM Ley 9/1995, E Ley 6/1998, E RDL 1/1992, E RD 1346/1976", "_raw_FC_AC": "1999-07-15", "_raw_NM_AREA_M2": 31244.614497455601, "_cam_code": "181" }, "geometry": { "type": "Polygon", "coordinates": [ [ [ -3.9333, 40.4115 ], [ -3.9321, 40.4117 ], [ -3.9306, 40.4124 ], [ -3.9309, 40.4125 ], [ -3.9317, 40.4121 ], [ -3.9333, 40.4117 ], [ -3.9373, 40.4116 ], [ -3.941, 40.4111 ], [ -3.9431, 40.4099 ], [ -3.9442, 40.4086 ], [ -3.9454, 40.4082 ], [ -3.946, 40.4074 ], [ -3.9469, 40.4068 ], [ -3.9468, 40.4066 ], [ -3.9464, 40.4068 ], [ -3.946, 40.4071 ], [ -3.9453, 40.408 ], [ -3.9446, 40.4082 ], [ -3.9439, 40.4086 ], [ -3.9432, 40.4095 ], [ -3.9417, 40.4106 ], [ -3.9405, 40.411 ], [ -3.9386, 40.4113 ], [ -3.9333, 40.4115 ] ] ] } },
{ "type": "Feature", "properties": { "municipio": "Villaviciosa de Odón", "clasificacion": "no-urbanizable-protegido", "calificacion": "sin-asignar", "version": "vigente", "fuente": "SIT-CAM WFS — UsoDelSuelo:VPLA_V_CLASIFICACION (https://idem.comunidad.madrid/geosrvg/ows)", "fecha_dato": "2026-05-12", "ambito": "39950", "_raw_CD_SIGLAS": "SNUP_A", "_raw_DS_CLASIF_GEN": "Suelo No Urbanizable Protegido (APLAZADO)", "_raw_DS_CLASIF_DET": "Suelo No Urbanizable Protegido. Clase I. Espacios Protegidos. Parque Regional del Curso Medio del río Guadarrama; zona de Mantenimiento de la Actividad.", "_raw_DS_DOCU": "PLAN GENERAL", "_raw_DS_LEY": "CM Ley 9/1995, E Ley 6/1998, E RDL 1/1992, E RD 1346/1976", "_raw_FC_AC": "1999-07-15", "_raw_NM_AREA_M2": 9695.23804720923, "_cam_code": "181" }, "geometry": { "type": "Polygon", "coordinates": [ [ [ -3.9293, 40.3433 ], [ -3.9288, 40.3435 ], [ -3.9287, 40.3438 ], [ -3.9279, 40.3443 ], [ -3.9279, 40.3444 ], [ -3.9274, 40.3445 ], [ -3.929, 40.3445 ], [ -3.9291, 40.3446 ], [ -3.9294, 40.3437 ], [ -3.9294, 40.3434 ], [ -3.9293, 40.3433 ] ] ] } },
{ "type": "Feature", "properties": { "municipio": "Villaviciosa de Odón", "clasificacion": "no-urbanizable-protegido", "calificacion": "sin-asignar", "version": "vigente", "fuente": "SIT-CAM WFS — UsoDelSuelo:VPLA_V_CLASIFICACION (https://idem.comunidad.madrid/geosrvg/ows)", "fecha_dato": "2026-05-12", "ambito": "39950", "_raw_CD_SIGLAS": "SNUP_A", "_raw_DS_CLASIF_GEN": "Suelo No Urbanizable Protegido (APLAZADO)", "_raw_DS_CLASIF_DET": "Suelo No Urbanizable Protegido. Clase I. Espacios Protegidos. Parque Regional del Curso Medio del río Guadarrama; zona de Mantenimiento de la Actividad.", "_raw_DS_DOCU": "PLAN GENERAL", "_raw_DS_LEY": "CM Ley 9/1995, E Ley 6/1998, E RDL 1/1992, E RD 1346/1976", "_raw_FC_AC": "1999-07-15", "_raw_NM_AREA_M2": 107992.369958151, "_cam_code": "181" }, "geometry": { "type": "Polygon", "coordinates": [ [ [ -3.9303, 40.3446 ], [ -3.9379, 40.3452 ], [ -3.9383, 40.3448 ], [ -3.9386, 40.3447 ], [ -3.9376, 40.3445 ], [ -3.9375, 40.345 ], [ -3.9373, 40.345 ], [ -3.9372, 40.3447 ], [ -3.937, 40.3447 ], [ -3.937, 40.3446 ], [ -3.9367, 40.3447 ], [ -3.9368, 40.3445 ], [ -3.937, 40.3445 ], [ -3.9369, 40.3442 ], [ -3.9367, 40.344 ], [ -3.9364, 40.343 ], [ -3.9361, 40.3431 ], [ -3.9358, 40.343 ], [ -3.9359, 40.3426 ], [ -3.9358, 40.3425 ], [ -3.9355, 40.3425 ], [ -3.9353, 40.3427 ], [ -3.9354, 40.3431 ], [ -3.935, 40.3431 ], [ -3.9348, 40.3433 ], [ -3.934, 40.3432 ], [ -3.9336, 40.3431 ], [ -3.9335, 40.3429 ], [ -3.9332, 40.3429 ], [ -3.9327, 40.343 ], [ -3.9327, 40.3431 ], [ -3.9324, 40.3432 ], [ -3.9309, 40.3435 ], [ -3.9303, 40.3446 ] ] ] } },
{ "type": "Feature", "properties": { "municipio": "Villaviciosa de Odón", "clasificacion": "no-urbanizable-protegido", "calificacion": "sin-asignar", "version": "vigente", "fuente": "SIT-CAM WFS — UsoDelSuelo:VPLA_V_CLASIFICACION (https://idem.comunidad.madrid/geosrvg/ows)", "fecha_dato": "2026-05-12", "ambito": "39950", "_raw_CD_SIGLAS": "SNUP_A", "_raw_DS_CLASIF_GEN": "Suelo No Urbanizable Protegido (APLAZADO)", "_raw_DS_CLASIF_DET": "Suelo No Urbanizable Protegido. Clase I. Espacios Protegidos. Parque Regional del Curso Medio del río Guadarrama; zona de Mantenimiento de la Actividad.", "_raw_DS_DOCU": "PLAN GENERAL", "_raw_DS_LEY": "CM Ley 9/1995, E Ley 6/1998, E RDL 1/1992, E RD 1346/1976", "_raw_FC_AC": "1999-07-15", "_raw_NM_AREA_M2": 36188.466927899201, "_cam_code": "181" }, "geometry": { "type": "Polygon", "coordinates": [ [ [ -3.9402, 40.3477 ], [ -3.9406, 40.3503 ], [ -3.9406, 40.3504 ], [ -3.9411, 40.3501 ], [ -3.9412, 40.3496 ], [ -3.942, 40.3494 ], [ -3.9427, 40.3484 ], [ -3.9427, 40.348 ], [ -3.9402, 40.3477 ] ] ] } },
{ "type": "Feature", "properties": { "municipio": "Villaviciosa de Odón", "clasificacion": "no-urbanizable-protegido", "calificacion": "sin-asignar", "version": "vigente", "fuente": "SIT-CAM WFS — UsoDelSuelo:VPLA_V_CLASIFICACION (https://idem.comunidad.madrid/geosrvg/ows)", "fecha_dato": "2026-05-12", "ambito": "39950", "_raw_CD_SIGLAS": "SNUP_A", "_raw_DS_CLASIF_GEN": "Suelo No Urbanizable Protegido (APLAZADO)", "_raw_DS_CLASIF_DET": "Suelo No Urbanizable Protegido. Clase I. Espacios Protegidos. Parque Regional del Curso Medio del río Guadarrama; zona de Mantenimiento de la Actividad.", "_raw_DS_DOCU": "PLAN GENERAL", "_raw_DS_LEY": "CM Ley 9/1995, E Ley 6/1998, E RDL 1/1992, E RD 1346/1976", "_raw_FC_AC": "1999-07-15", "_raw_NM_AREA_M2": 382436.05360881699, "_cam_code": "181" }, "geometry": { "type": "Polygon", "coordinates": [ [ [ -3.9426, 40.3744 ], [ -3.9428, 40.3746 ], [ -3.943, 40.3746 ], [ -3.9432, 40.3739 ], [ -3.9435, 40.3736 ], [ -3.9443, 40.3722 ], [ -3.9447, 40.3718 ], [ -3.945, 40.3706 ], [ -3.9457, 40.37 ], [ -3.9462, 40.3693 ], [ -3.9439, 40.3694 ], [ -3.9433, 40.3692 ], [ -3.9414, 40.3693 ], [ -3.9391, 40.3685 ], [ -3.9384, 40.3684 ], [ -3.9376, 40.3699 ], [ -3.937, 40.3706 ], [ -3.9359, 40.373 ], [ -3.937, 40.3737 ], [ -3.9379, 40.3739 ], [ -3.9383, 40.3743 ], [ -3.9397, 40.3744 ], [ -3.9398, 40.3745 ], [ -3.9406, 40.3745 ], [ -3.9415, 40.3743 ], [ -3.942, 40.3743 ], [ -3.9422, 40.3745 ], [ -3.9426, 40.3744 ] ] ] } },
{ "type": "Feature", "properties": { "municipio": "Villaviciosa de Odón", "clasificacion": "no-urbanizable-protegido", "calificacion": "sin-asignar", "version": "vigente", "fuente": "SIT-CAM WFS — UsoDelSuelo:VPLA_V_CLASIFICACION (https://idem.comunidad.madrid/geosrvg/ows)", "fecha_dato": "2026-05-12", "ambito": "39950", "_raw_CD_SIGLAS": "SNUP_A", "_raw_DS_CLASIF_GEN": "Suelo No Urbanizable Protegido (APLAZADO)", "_raw_DS_CLASIF_DET": "Suelo No Urbanizable Protegido. Clase I. Espacios Protegidos. Cauces y Riberas. Parque Regional del Curso Medio del río Guadarrama; zona de Máxima Protección.", "_raw_DS_DOCU": "PLAN GENERAL", "_raw_DS_LEY": "CM Ley 9/1995, E Ley 6/1998, E RDL 1/1992, E RD 1346/1976", "_raw_FC_AC": "1999-07-15", "_raw_NM_AREA_M2": 43284.001313144501, "_cam_code": "181" }, "geometry": { "type": "Polygon", "coordinates": [ [ [ -3.9251, 40.3625 ], [ -3.9248, 40.3616 ], [ -3.9243, 40.3619 ], [ -3.9229, 40.3622 ], [ -3.9223, 40.3626 ], [ -3.9219, 40.3626 ], [ -3.9216, 40.3631 ], [ -3.9214, 40.3639 ], [ -3.9213, 40.3638 ], [ -3.9211, 40.3639 ], [ -3.9207, 40.3643 ], [ -3.9205, 40.3643 ], [ -3.9202, 40.3648 ], [ -3.9199, 40.3648 ], [ -3.9199, 40.3649 ], [ -3.9203, 40.365 ], [ -3.9217, 40.3644 ], [ -3.9229, 40.3633 ], [ -3.9237, 40.3629 ], [ -3.9251, 40.3625 ] ] ] } },
{ "type": "Feature", "properties": { "municipio": "Villaviciosa de Odón", "clasificacion": "no-urbanizable-protegido", "calificacion": "sin-asignar", "version": "vigente", "fuente": "SIT-CAM WFS — UsoDelSuelo:VPLA_V_CLASIFICACION (https://idem.comunidad.madrid/geosrvg/ows)", "fecha_dato": "2026-05-12", "ambito": "39950", "_raw_CD_SIGLAS": "SNUP_A", "_raw_DS_CLASIF_GEN": "Suelo No Urbanizable Protegido (APLAZADO)", "_raw_DS_CLASIF_DET": "Suelo No Urbanizable Protegido. Clase IV. Espacios Rurales con Restricción de Uso. Parque Regional del Curso Medio del río Guadarrama; zona de Máxima Protección. Vías Pecuarias.", "_raw_DS_DOCU": "PLAN GENERAL", "_raw_DS_LEY": "CM Ley 9/1995, E Ley 6/1998, E RDL 1/1992, E RD 1346/1976", "_raw_FC_AC": "1999-07-15", "_raw_NM_AREA_M2": 2792.0903998152899, "_cam_code": "181" }, "geometry": { "type": "Polygon", "coordinates": [ [ [ -3.9244, 40.3608 ], [ -3.9246, 40.361 ], [ -3.9248, 40.3616 ], [ -3.9251, 40.3615 ], [ -3.9249, 40.3607 ], [ -3.9244, 40.3608 ] ] ] } },
{ "type": "Feature", "properties": { "municipio": "Villaviciosa de Odón", "clasificacion": "no-urbanizable-protegido", "calificacion": "sin-asignar", "version": "vigente", "fuente": "SIT-CAM WFS — UsoDelSuelo:VPLA_V_CLASIFICACION (https://idem.comunidad.madrid/geosrvg/ows)", "fecha_dato": "2026-05-12", "ambito": "39950", "_raw_CD_SIGLAS": "SNUP_A", "_raw_DS_CLASIF_GEN": "Suelo No Urbanizable Protegido (APLAZADO)", "_raw_DS_CLASIF_DET": "Suelo No Urbanizable Protegido. Clase I. Espacios Protegidos. Parque Regional del Curso Medio del río Guadarrama; zona de Mantenimiento de la Actividad. Vías Pecuarias.", "_raw_DS_DOCU": "PLAN GENERAL", "_raw_DS_LEY": "CM Ley 9/1995, E Ley 6/1998, E RDL 1/1992, E RD 1346/1976", "_raw_FC_AC": "1999-07-15", "_raw_NM_AREA_M2": 7722.05827243165, "_cam_code": "181" }, "geometry": { "type": "Polygon", "coordinates": [ [ [ -3.9427, 40.3386 ], [ -3.9419, 40.3385 ], [ -3.9411, 40.3382 ], [ -3.9395, 40.3383 ], [ -3.939, 40.3381 ], [ -3.9381, 40.3381 ], [ -3.9381, 40.3382 ], [ -3.9379, 40.3382 ], [ -3.9394, 40.3384 ], [ -3.9408, 40.3384 ], [ -3.9421, 40.3387 ], [ -3.9426, 40.3387 ], [ -3.9427, 40.3386 ] ] ] } },
{ "type": "Feature", "properties": { "municipio": "Villaviciosa de Odón", "clasificacion": "no-urbanizable-protegido", "calificacion": "sin-asignar", "version": "vigente", "fuente": "SIT-CAM WFS — UsoDelSuelo:VPLA_V_CLASIFICACION (https://idem.comunidad.madrid/geosrvg/ows)", "fecha_dato": "2026-05-12", "ambito": "39950", "_raw_CD_SIGLAS": "SNUP_A", "_raw_DS_CLASIF_GEN": "Suelo No Urbanizable Protegido (APLAZADO)", "_raw_DS_CLASIF_DET": "Suelo No Urbanizable Protegido. Clase I. Espacios Protegidos. Parque Regional del Curso Medio del río Guadarrama; zona de Mantenimiento de la Actividad. Vías Pecuarias.", "_raw_DS_DOCU": "PLAN GENERAL", "_raw_DS_LEY": "CM Ley 9/1995, E Ley 6/1998, E RDL 1/1992, E RD 1346/1976", "_raw_FC_AC": "1999-07-15", "_raw_NM_AREA_M2": 17272.405542235101, "_cam_code": "181" }, "geometry": { "type": "Polygon", "coordinates": [ [ [ -3.9423, 40.3692 ], [ -3.9439, 40.3694 ], [ -3.9462, 40.3693 ], [ -3.9465, 40.3691 ], [ -3.9449, 40.3691 ], [ -3.9446, 40.3692 ], [ -3.9433, 40.369 ], [ -3.9414, 40.3691 ], [ -3.9392, 40.3683 ], [ -3.9385, 40.3681 ], [ -3.9384, 40.3682 ], [ -3.9384, 40.3684 ], [ -3.9391, 40.3685 ], [ -3.9414, 40.3693 ], [ -3.9423, 40.3692 ] ] ] } },
{ "type": "Feature", "properties": { "municipio": "Villaviciosa de Odón", "clasificacion": "no-urbanizable-protegido", "calificacion": "sin-asignar", "version": "vigente", "fuente": "SIT-CAM WFS — UsoDelSuelo:VPLA_V_CLASIFICACION (https://idem.comunidad.madrid/geosrvg/ows)", "fecha_dato": "2026-05-12", "ambito": "39950", "_raw_CD_SIGLAS": "SNUP_A", "_raw_DS_CLASIF_GEN": "Suelo No Urbanizable Protegido (APLAZADO)", "_raw_DS_CLASIF_DET": "Suelo No Urbanizable Protegido. Clase I. Espacios Protegidos. Parque Regional del Curso Medio del río Guadarrama; zona de Máxima Protección. Vías Pecuarias.", "_raw_DS_DOCU": "PLAN GENERAL", "_raw_DS_LEY": "CM Ley 9/1995, E Ley 6/1998, E RDL 1/1992, E RD 1346/1976", "_raw_FC_AC": "1999-07-15", "_raw_NM_AREA_M2": 9587.1210271370601, "_cam_code": "181" }, "geometry": { "type": "Polygon", "coordinates": [ [ [ -3.9477, 40.3351 ], [ -3.948, 40.3354 ], [ -3.9481, 40.3364 ], [ -3.9484, 40.3373 ], [ -3.9488, 40.3377 ], [ -3.9488, 40.338 ], [ -3.9487, 40.338 ], [ -3.9488, 40.3382 ], [ -3.9485, 40.3384 ], [ -3.9481, 40.3384 ], [ -3.948, 40.3386 ], [ -3.9489, 40.3385 ], [ -3.9489, 40.3377 ], [ -3.9484, 40.3367 ], [ -3.9483, 40.3355 ], [ -3.9481, 40.3351 ], [ -3.9476, 40.3348 ], [ -3.9475, 40.3347 ], [ -3.9474, 40.3346 ], [ -3.9474, 40.3345 ], [ -3.9473, 40.3344 ], [ -3.9471, 40.3341 ], [ -3.9473, 40.3346 ], [ -3.9476, 40.3348 ], [ -3.9477, 40.3351 ] ] ] } },
{ "type": "Feature", "properties": { "municipio": "Villaviciosa de Odón", "clasificacion": "no-urbanizable-protegido", "calificacion": "sin-asignar", "version": "vigente", "fuente": "SIT-CAM WFS — UsoDelSuelo:VPLA_V_CLASIFICACION (https://idem.comunidad.madrid/geosrvg/ows)", "fecha_dato": "2026-05-12", "ambito": "39950", "_raw_CD_SIGLAS": "SNUP_A", "_raw_DS_CLASIF_GEN": "Suelo No Urbanizable Protegido (APLAZADO)", "_raw_DS_CLASIF_DET": "Suelo No Urbanizable Protegido. Clase I. Espacios Protegidos. Cauces y Riberas. Parque Regional del Curso Medio del río Guadarrama; zona de Mantenimiento de la Actividad.", "_raw_DS_DOCU": "PLAN GENERAL", "_raw_DS_LEY": "CM Ley 9/1995, E Ley 6/1998, E RDL 1/1992, E RD 1346/1976", "_raw_FC_AC": "1999-07-15", "_raw_NM_AREA_M2": 7579.9483003863097, "_cam_code": "181" }, "geometry": { "type": "Polygon", "coordinates": [ [ [ -3.9119, 40.3757 ], [ -3.9106, 40.3761 ], [ -3.9106, 40.3765 ], [ -3.9104, 40.3769 ], [ -3.9101, 40.377 ], [ -3.9101, 40.3773 ], [ -3.9116, 40.3762 ], [ -3.9119, 40.3759 ], [ -3.9119, 40.3757 ] ] ] } },
{ "type": "Feature", "properties": { "municipio": "Villaviciosa de Odón", "clasificacion": "no-urbanizable-protegido", "calificacion": "sin-asignar", "version": "vigente", "fuente": "SIT-CAM WFS — UsoDelSuelo:VPLA_V_CLASIFICACION (https://idem.comunidad.madrid/geosrvg/ows)", "fecha_dato": "2026-05-12", "ambito": "39950", "_raw_CD_SIGLAS": "SNUP_A", "_raw_DS_CLASIF_GEN": "Suelo No Urbanizable Protegido (APLAZADO)", "_raw_DS_CLASIF_DET": "Suelo No Urbanizable Protegido. Clase IV. Espacios Rurales con Restricción de Uso. Parque Regional del Curso Medio del río Guadarrama; zona de Máxima Protección.", "_raw_DS_DOCU": "PLAN GENERAL", "_raw_DS_LEY": "CM Ley 9/1995, E Ley 6/1998, E RDL 1/1992, E RD 1346/1976", "_raw_FC_AC": "1999-07-15", "_raw_NM_AREA_M2": 5297.0471197555698, "_cam_code": "181" }, "geometry": { "type": "Polygon", "coordinates": [ [ [ -3.925, 40.3607 ], [ -3.9249, 40.3607 ], [ -3.9251, 40.3615 ], [ -3.9263, 40.3603 ], [ -3.9255, 40.3607 ], [ -3.925, 40.3607 ] ] ] } },
{ "type": "Feature", "properties": { "municipio": "Villaviciosa de Odón", "clasificacion": "no-urbanizable-protegido", "calificacion": "sin-asignar", "version": "vigente", "fuente": "SIT-CAM WFS — UsoDelSuelo:VPLA_V_CLASIFICACION (https://idem.comunidad.madrid/geosrvg/ows)", "fecha_dato": "2026-05-12", "ambito": "39950", "_raw_CD_SIGLAS": "SNUP_A", "_raw_DS_CLASIF_GEN": "Suelo No Urbanizable Protegido (APLAZADO)", "_raw_DS_CLASIF_DET": "Suelo No Urbanizable Protegido. Espacios Singulares. Carrizales (Arroyo de la Vega). Parque Regional del Curso Medio del río Guadarrama; zona de Máxima Protección.", "_raw_DS_DOCU": "PLAN GENERAL", "_raw_DS_LEY": "CM Ley 9/1995, E Ley 6/1998, E RDL 1/1992, E RD 1346/1976", "_raw_FC_AC": "1999-07-15", "_raw_NM_AREA_M2": 115155.083815051, "_cam_code": "181" }, "geometry": { "type": "Polygon", "coordinates": [ [ [ -3.8951, 40.3891 ], [ -3.8942, 40.3894 ], [ -3.8942, 40.3895 ], [ -3.8938, 40.3895 ], [ -3.8937, 40.391 ], [ -3.8947, 40.3907 ], [ -3.8958, 40.3892 ], [ -3.8969, 40.3891 ], [ -3.8979, 40.3888 ], [ -3.8985, 40.3883 ], [ -3.899, 40.3875 ], [ -3.9001, 40.387 ], [ -3.9013, 40.387 ], [ -3.9019, 40.3864 ], [ -3.9024, 40.3861 ], [ -3.9038, 40.3844 ], [ -3.9055, 40.382 ], [ -3.9045, 40.3818 ], [ -3.904, 40.3822 ], [ -3.9036, 40.3823 ], [ -3.9032, 40.3827 ], [ -3.9034, 40.3833 ], [ -3.903, 40.3834 ], [ -3.9029, 40.3836 ], [ -3.9029, 40.3841 ], [ -3.9026, 40.3844 ], [ -3.902, 40.3856 ], [ -3.902, 40.3863 ], [ -3.9019, 40.3864 ], [ -3.9015, 40.3865 ], [ -3.9005, 40.3864 ], [ -3.8993, 40.3866 ], [ -3.8991, 40.3867 ], [ -3.8983, 40.3877 ], [ -3.8972, 40.3881 ], [ -3.8957, 40.3883 ], [ -3.8951, 40.3891 ] ] ] } },
{ "type": "Feature", "properties": { "municipio": "Villaviciosa de Odón", "clasificacion": "no-urbanizable-protegido", "calificacion": "sin-asignar", "version": "vigente", "fuente": "SIT-CAM WFS — UsoDelSuelo:VPLA_V_CLASIFICACION (https://idem.comunidad.madrid/geosrvg/ows)", "fecha_dato": "2026-05-12", "ambito": "39950", "_raw_CD_SIGLAS": "SNUP_A", "_raw_DS_CLASIF_GEN": "Suelo No Urbanizable Protegido (APLAZADO)", "_raw_DS_CLASIF_DET": "Suelo No Urbanizable Protegido. Clase I. Espacios Protegidos. Cauces y Riberas. Parque Regional del Curso Medio del río Guadarrama; zona de Mantenimiento de la Actividad.", "_raw_DS_DOCU": "PLAN GENERAL", "_raw_DS_LEY": "CM Ley 9/1995, E Ley 6/1998, E RDL 1/1992, E RD 1346/1976", "_raw_FC_AC": "1999-07-15", "_raw_NM_AREA_M2": 45460.2110668483, "_cam_code": "181" }, "geometry": { "type": "Polygon", "coordinates": [ [ [ -3.9169, 40.3684 ], [ -3.9161, 40.369 ], [ -3.9153, 40.3692 ], [ -3.915, 40.3694 ], [ -3.914, 40.3695 ], [ -3.9134, 40.371 ], [ -3.9128, 40.372 ], [ -3.9128, 40.3725 ], [ -3.913, 40.3732 ], [ -3.9135, 40.372 ], [ -3.914, 40.3715 ], [ -3.914, 40.3713 ], [ -3.9139, 40.3713 ], [ -3.914, 40.3709 ], [ -3.9145, 40.3707 ], [ -3.915, 40.3701 ], [ -3.9161, 40.3694 ], [ -3.9162, 40.3692 ], [ -3.9181, 40.3676 ], [ -3.9191, 40.3665 ], [ -3.9194, 40.366 ], [ -3.9193, 40.3658 ], [ -3.9191, 40.3662 ], [ -3.9169, 40.3684 ] ] ] } },
{ "type": "Feature", "properties": { "municipio": "Villaviciosa de Odón", "clasificacion": "no-urbanizable-protegido", "calificacion": "sin-asignar", "version": "vigente", "fuente": "SIT-CAM WFS — UsoDelSuelo:VPLA_V_CLASIFICACION (https://idem.comunidad.madrid/geosrvg/ows)", "fecha_dato": "2026-05-12", "ambito": "39950", "_raw_CD_SIGLAS": "SNUP_A", "_raw_DS_CLASIF_GEN": "Suelo No Urbanizable Protegido (APLAZADO)", "_raw_DS_CLASIF_DET": "Suelo No Urbanizable Protegido. Clase I. Espacios Protegidos. Cauces y Riberas. Parque Regional del Curso Medio del río Guadarrama; zona de Mantenimiento de la Actividad.", "_raw_DS_DOCU": "PLAN GENERAL", "_raw_DS_LEY": "CM Ley 9/1995, E Ley 6/1998, E RDL 1/1992, E RD 1346/1976", "_raw_FC_AC": "1999-07-15", "_raw_NM_AREA_M2": 1904.32304378906, "_cam_code": "181" }, "geometry": { "type": "Polygon", "coordinates": [ [ [ -3.9195, 40.3654 ], [ -3.9202, 40.3655 ], [ -3.9206, 40.3652 ], [ -3.9198, 40.3652 ], [ -3.9195, 40.3654 ] ] ] } },
{ "type": "Feature", "properties": { "municipio": "Villaviciosa de Odón", "clasificacion": "no-urbanizable-protegido", "calificacion": "sin-asignar", "version": "vigente", "fuente": "SIT-CAM WFS — UsoDelSuelo:VPLA_V_CLASIFICACION (https://idem.comunidad.madrid/geosrvg/ows)", "fecha_dato": "2026-05-12", "ambito": "39950", "_raw_CD_SIGLAS": "SNUP_A", "_raw_DS_CLASIF_GEN": "Suelo No Urbanizable Protegido (APLAZADO)", "_raw_DS_CLASIF_DET": "Suelo No Urbanizable Protegido. Clase IV. Espacios Rurales con Restricción de Uso. Parque Regional del Curso Medio del río Guadarrama; zona de Mantenimiento de la Actividad.", "_raw_DS_DOCU": "PLAN GENERAL", "_raw_DS_LEY": "CM Ley 9/1995, E Ley 6/1998, E RDL 1/1992, E RD 1346/1976", "_raw_FC_AC": "1999-07-15", "_raw_NM_AREA_M2": 1839.0890348466801, "_cam_code": "181" }, "geometry": { "type": "Polygon", "coordinates": [ [ [ -3.9202, 40.3655 ], [ -3.9207, 40.3653 ], [ -3.9212, 40.3653 ], [ -3.9212, 40.3654 ], [ -3.9215, 40.3655 ], [ -3.9221, 40.3654 ], [ -3.9206, 40.3652 ], [ -3.9202, 40.3655 ] ] ] } },
{ "type": "Feature", "properties": { "municipio": "Villaviciosa de Odón", "clasificacion": "no-urbanizable-protegido", "calificacion": "sin-asignar", "version": "vigente", "fuente": "SIT-CAM WFS — UsoDelSuelo:VPLA_V_CLASIFICACION (https://idem.comunidad.madrid/geosrvg/ows)", "fecha_dato": "2026-05-12", "ambito": "39950", "_raw_CD_SIGLAS": "SNUP_A", "_raw_DS_CLASIF_GEN": "Suelo No Urbanizable Protegido (APLAZADO)", "_raw_DS_CLASIF_DET": "Suelo No Urbanizable Protegido. Clase I. Espacios Protegidos. Cauces y Riberas. Parque Regional del Curso Medio del río Guadarrama; zona de Mantenimiento de la Actividad. Vías Pecuarias.", "_raw_DS_DOCU": "PLAN GENERAL", "_raw_DS_LEY": "CM Ley 9/1995, E Ley 6/1998, E RDL 1/1992, E RD 1346/1976", "_raw_FC_AC": "1999-07-15", "_raw_NM_AREA_M2": 1456.3431620477299, "_cam_code": "181" }, "geometry": { "type": "Polygon", "coordinates": [ [ [ -3.9203, 40.365 ], [ -3.9198, 40.3652 ], [ -3.9209, 40.3651 ], [ -3.9209, 40.365 ], [ -3.9203, 40.365 ] ] ] } },
{ "type": "Feature", "properties": { "municipio": "Villaviciosa de Odón", "clasificacion": "no-urbanizable-protegido", "calificacion": "sin-asignar", "version": "vigente", "fuente": "SIT-CAM WFS — UsoDelSuelo:VPLA_V_CLASIFICACION (https://idem.comunidad.madrid/geosrvg/ows)", "fecha_dato": "2026-05-12", "ambito": "39950", "_raw_CD_SIGLAS": "SNUP_A", "_raw_DS_CLASIF_GEN": "Suelo No Urbanizable Protegido (APLAZADO)", "_raw_DS_CLASIF_DET": "Suelo No Urbanizable Protegido. Clase I. Espacios Protegidos. Cauces y Riberas. Parque Regional del Curso Medio del río Guadarrama; zona de Mantenimiento de la Actividad.", "_raw_DS_DOCU": "PLAN GENERAL", "_raw_DS_LEY": "CM Ley 9/1995, E Ley 6/1998, E RDL 1/1992, E RD 1346/1976", "_raw_FC_AC": "1999-07-15", "_raw_NM_AREA_M2": 26251.063786414401, "_cam_code": "181" }, "geometry": { "type": "Polygon", "coordinates": [ [ [ -3.9203, 40.365 ], [ -3.9209, 40.365 ], [ -3.9239, 40.3636 ], [ -3.9244, 40.3636 ], [ -3.9244, 40.3635 ], [ -3.9249, 40.3634 ], [ -3.9256, 40.3634 ], [ -3.9251, 40.3625 ], [ -3.9237, 40.3629 ], [ -3.9229, 40.3633 ], [ -3.9217, 40.3644 ], [ -3.9203, 40.365 ] ] ] } },
{ "type": "Feature", "properties": { "municipio": "Villaviciosa de Odón", "clasificacion": "no-urbanizable-protegido", "calificacion": "sin-asignar", "version": "vigente", "fuente": "SIT-CAM WFS — UsoDelSuelo:VPLA_V_CLASIFICACION (https://idem.comunidad.madrid/geosrvg/ows)", "fecha_dato": "2026-05-12", "ambito": "39950", "_raw_CD_SIGLAS": "SNUP_A", "_raw_DS_CLASIF_GEN": "Suelo No Urbanizable Protegido (APLAZADO)", "_raw_DS_CLASIF_DET": "Suelo No Urbanizable Protegido. Clase I. Espacios Protegidos. Cauces y Riberas. Parque Regional del Curso Medio del río Guadarrama; zona de Mantenimiento de la Actividad. Vías Pecuarias.", "_raw_DS_DOCU": "PLAN GENERAL", "_raw_DS_LEY": "CM Ley 9/1995, E Ley 6/1998, E RDL 1/1992, E RD 1346/1976", "_raw_FC_AC": "1999-07-15", "_raw_NM_AREA_M2": 2008.9778478609301, "_cam_code": "181" }, "geometry": { "type": "Polygon", "coordinates": [ [ [ -3.9251, 40.3625 ], [ -3.9256, 40.3634 ], [ -3.9259, 40.3633 ], [ -3.9254, 40.3627 ], [ -3.9254, 40.3625 ], [ -3.9251, 40.3625 ] ] ] } },
{ "type": "Feature", "properties": { "municipio": "Villaviciosa de Odón", "clasificacion": "no-urbanizable-protegido", "calificacion": "sin-asignar", "version": "vigente", "fuente": "SIT-CAM WFS — UsoDelSuelo:VPLA_V_CLASIFICACION (https://idem.comunidad.madrid/geosrvg/ows)", "fecha_dato": "2026-05-12", "ambito": "39950", "_raw_CD_SIGLAS": "SNUP_A", "_raw_DS_CLASIF_GEN": "Suelo No Urbanizable Protegido (APLAZADO)", "_raw_DS_CLASIF_DET": "Suelo No Urbanizable Protegido. Clase I. Espacios Protegidos. Cauces y Riberas. Parque Regional del Curso Medio del río Guadarrama; zona de Mantenimiento de la Actividad.", "_raw_DS_DOCU": "PLAN GENERAL", "_raw_DS_LEY": "CM Ley 9/1995, E Ley 6/1998, E RDL 1/1992, E RD 1346/1976", "_raw_FC_AC": "1999-07-15", "_raw_NM_AREA_M2": 32948.893949810401, "_cam_code": "181" }, "geometry": { "type": "Polygon", "coordinates": [ [ [ -3.9302, 40.3625 ], [ -3.9301, 40.3619 ], [ -3.93, 40.3619 ], [ -3.9291, 40.3624 ], [ -3.9276, 40.3625 ], [ -3.9268, 40.3623 ], [ -3.926, 40.3623 ], [ -3.9254, 40.3625 ], [ -3.9254, 40.3627 ], [ -3.9258, 40.3633 ], [ -3.926, 40.3634 ], [ -3.9271, 40.3634 ], [ -3.9302, 40.3625 ] ] ] } },
{ "type": "Feature", "properties": { "municipio": "Villaviciosa de Odón", "clasificacion": "no-urbanizable-protegido", "calificacion": "sin-asignar", "version": "vigente", "fuente": "SIT-CAM WFS — UsoDelSuelo:VPLA_V_CLASIFICACION (https://idem.comunidad.madrid/geosrvg/ows)", "fecha_dato": "2026-05-12", "ambito": "39950", "_raw_CD_SIGLAS": "SNUP_A", "_raw_DS_CLASIF_GEN": "Suelo No Urbanizable Protegido (APLAZADO)", "_raw_DS_CLASIF_DET": "Suelo No Urbanizable Protegido. Clase I. Espacios Protegidos. Cauces y Riberas. Parque Regional del Curso Medio del río Guadarrama; zona de Máxima Protección.", "_raw_DS_DOCU": "PLAN GENERAL", "_raw_DS_LEY": "CM Ley 9/1995, E Ley 6/1998, E RDL 1/1992, E RD 1346/1976", "_raw_FC_AC": "1999-07-15", "_raw_NM_AREA_M2": 154596.62064481599, "_cam_code": "181" }, "geometry": { "type": "Polygon", "coordinates": [ [ [ -3.907, 40.3797 ], [ -3.907, 40.38 ], [ -3.9082, 40.3785 ], [ -3.9101, 40.3773 ], [ -3.9101, 40.377 ], [ -3.9104, 40.3769 ], [ -3.9106, 40.3765 ], [ -3.9106, 40.3761 ], [ -3.9108, 40.3761 ], [ -3.911, 40.3759 ], [ -3.9117, 40.3758 ], [ -3.9121, 40.3754 ], [ -3.913, 40.3732 ], [ -3.9128, 40.3725 ], [ -3.9128, 40.372 ], [ -3.9136, 40.3705 ], [ -3.9128, 40.37 ], [ -3.9129, 40.3698 ], [ -3.9115, 40.3715 ], [ -3.9112, 40.3716 ], [ -3.9109, 40.3726 ], [ -3.9103, 40.3733 ], [ -3.9099, 40.3742 ], [ -3.9097, 40.3743 ], [ -3.9094, 40.3751 ], [ -3.9091, 40.3755 ], [ -3.9092, 40.3766 ], [ -3.909, 40.3767 ], [ -3.9089, 40.377 ], [ -3.9078, 40.3774 ], [ -3.9078, 40.3786 ], [ -3.9074, 40.3793 ], [ -3.907, 40.3797 ] ] ] } },
{ "type": "Feature", "properties": { "municipio": "Villaviciosa de Odón", "clasificacion": "no-urbanizable-protegido", "calificacion": "sin-asignar", "version": "vigente", "fuente": "SIT-CAM WFS — UsoDelSuelo:VPLA_V_CLASIFICACION (https://idem.comunidad.madrid/geosrvg/ows)", "fecha_dato": "2026-05-12", "ambito": "39950", "_raw_CD_SIGLAS": "SNUP_A", "_raw_DS_CLASIF_GEN": "Suelo No Urbanizable Protegido (APLAZADO)", "_raw_DS_CLASIF_DET": "Suelo No Urbanizable Protegido. Clase I. Espacios Protegidos. Parque Regional del Curso Medio del río Guadarrama; zona de Mantenimiento de la Actividad.", "_raw_DS_DOCU": "PLAN GENERAL", "_raw_DS_LEY": "CM Ley 9/1995, E Ley 6/1998, E RDL 1/1992, E RD 1346/1976", "_raw_FC_AC": "1999-07-15", "_raw_NM_AREA_M2": 27676.434948026301, "_cam_code": "181" }, "geometry": { "type": "Polygon", "coordinates": [ [ [ -3.9301, 40.3619 ], [ -3.9302, 40.3625 ], [ -3.9332, 40.3617 ], [ -3.9365, 40.3612 ], [ -3.9357, 40.361 ], [ -3.9345, 40.361 ], [ -3.9345, 40.3608 ], [ -3.9348, 40.3608 ], [ -3.9348, 40.3604 ], [ -3.9339, 40.3607 ], [ -3.9331, 40.3614 ], [ -3.9326, 40.3616 ], [ -3.9316, 40.3619 ], [ -3.9304, 40.3618 ], [ -3.9301, 40.3619 ] ] ] } },
{ "type": "Feature", "properties": { "municipio": "Villaviciosa de Odón", "clasificacion": "no-urbanizable-protegido", "calificacion": "sin-asignar", "version": "vigente", "fuente": "SIT-CAM WFS — UsoDelSuelo:VPLA_V_CLASIFICACION (https://idem.comunidad.madrid/geosrvg/ows)", "fecha_dato": "2026-05-12", "ambito": "39950", "_raw_CD_SIGLAS": "SNUP_A", "_raw_DS_CLASIF_GEN": "Suelo No Urbanizable Protegido (APLAZADO)", "_raw_DS_CLASIF_DET": "Suelo No Urbanizable Protegido. Clase I. Espacios Protegidos. Cauces y Riberas. Parque Regional del Curso Medio del río Guadarrama; zona de Protección y Mejora.", "_raw_DS_DOCU": "PLAN GENERAL", "_raw_DS_LEY": "CM Ley 9/1995, E Ley 6/1998, E RDL 1/1992, E RD 1346/1976", "_raw_FC_AC": "1999-07-15", "_raw_NM_AREA_M2": 0.37981359973614398, "_cam_code": "181" }, "geometry": { "type": "Polygon", "coordinates": [ [ [ -3.9443, 40.3604 ], [ -3.9443, 40.3604 ], [ -3.9443, 40.3604 ], [ -3.9443, 40.3604 ] ] ] } },
{ "type": "Feature", "properties": { "municipio": "Villaviciosa de Odón", "clasificacion": "no-urbanizable-protegido", "calificacion": "sin-asignar", "version": "vigente", "fuente": "SIT-CAM WFS — UsoDelSuelo:VPLA_V_CLASIFICACION (https://idem.comunidad.madrid/geosrvg/ows)", "fecha_dato": "2026-05-12", "ambito": "39950", "_raw_CD_SIGLAS": "SNUP_A", "_raw_DS_CLASIF_GEN": "Suelo No Urbanizable Protegido (APLAZADO)", "_raw_DS_CLASIF_DET": "Suelo No Urbanizable Protegido. Clase I. Espacios Protegidos. Cauces y Riberas. Parque Regional del Curso Medio del río Guadarrama; zona de Mantenimiento de la Actividad.", "_raw_DS_DOCU": "PLAN GENERAL", "_raw_DS_LEY": "CM Ley 9/1995, E Ley 6/1998, E RDL 1/1992, E RD 1346/1976", "_raw_FC_AC": "1999-07-15", "_raw_NM_AREA_M2": 22038.281815511298, "_cam_code": "181" }, "geometry": { "type": "Polygon", "coordinates": [ [ [ -3.9446, 40.3631 ], [ -3.9464, 40.3661 ], [ -3.9479, 40.368 ], [ -3.948, 40.3679 ], [ -3.9479, 40.3673 ], [ -3.9473, 40.3664 ], [ -3.9468, 40.3661 ], [ -3.946, 40.3643 ], [ -3.9455, 40.3639 ], [ -3.9451, 40.3633 ], [ -3.9446, 40.3631 ] ] ] } },
{ "type": "Feature", "properties": { "municipio": "Villaviciosa de Odón", "clasificacion": "no-urbanizable-protegido", "calificacion": "sin-asignar", "version": "vigente", "fuente": "SIT-CAM WFS — UsoDelSuelo:VPLA_V_CLASIFICACION (https://idem.comunidad.madrid/geosrvg/ows)", "fecha_dato": "2026-05-12", "ambito": "39950", "_raw_CD_SIGLAS": "SNUP_A", "_raw_DS_CLASIF_GEN": "Suelo No Urbanizable Protegido (APLAZADO)", "_raw_DS_CLASIF_DET": "Suelo No Urbanizable Protegido. Clase I. Espacios Protegidos. Cauces y Riberas. Parque Regional del Curso Medio del río Guadarrama; zona de Máxima Protección. Vías Pecuarias.", "_raw_DS_DOCU": "PLAN GENERAL", "_raw_DS_LEY": "CM Ley 9/1995, E Ley 6/1998, E RDL 1/1992, E RD 1346/1976", "_raw_FC_AC": "1999-07-15", "_raw_NM_AREA_M2": 1402.71508074705, "_cam_code": "181" }, "geometry": { "type": "Polygon", "coordinates": [ [ [ -3.9462, 40.3693 ], [ -3.947, 40.3695 ], [ -3.947, 40.3692 ], [ -3.9465, 40.3691 ], [ -3.9462, 40.3693 ] ] ] } },
{ "type": "Feature", "properties": { "municipio": "Villaviciosa de Odón", "clasificacion": "no-urbanizable-protegido", "calificacion": "sin-asignar", "version": "vigente", "fuente": "SIT-CAM WFS — UsoDelSuelo:VPLA_V_CLASIFICACION (https://idem.comunidad.madrid/geosrvg/ows)", "fecha_dato": "2026-05-12", "ambito": "39950", "_raw_CD_SIGLAS": "SNUP_A", "_raw_DS_CLASIF_GEN": "Suelo No Urbanizable Protegido (APLAZADO)", "_raw_DS_CLASIF_DET": "Suelo No Urbanizable Protegido. Clase I. Espacios Protegidos. Parque Regional del Curso Medio del río Guadarrama; zona de Protección y Mejora.", "_raw_DS_DOCU": "PLAN GENERAL", "_raw_DS_LEY": "CM Ley 9/1995, E Ley 6/1998, E RDL 1/1992, E RD 1346/1976", "_raw_FC_AC": "1999-07-15", "_raw_NM_AREA_M2": 603521.456282467, "_cam_code": "181" }, "geometry": { "type": "Polygon", "coordinates": [ [ [ -3.9315, 40.3534 ], [ -3.9345, 40.3529 ], [ -3.9356, 40.3528 ], [ -3.9367, 40.3529 ], [ -3.9383, 40.3517 ], [ -3.9401, 40.351 ], [ -3.9436, 40.3506 ], [ -3.9457, 40.3506 ], [ -3.9459, 40.3505 ], [ -3.9464, 40.3499 ], [ -3.9464, 40.3489 ], [ -3.9465, 40.3487 ], [ -3.9465, 40.3484 ], [ -3.9463, 40.3482 ], [ -3.9465, 40.3476 ], [ -3.9461, 40.3464 ], [ -3.9458, 40.3459 ], [ -3.9459, 40.3446 ], [ -3.9463, 40.3434 ], [ -3.9464, 40.3425 ], [ -3.9474, 40.3404 ], [ -3.9476, 40.3399 ], [ -3.9476, 40.3395 ], [ -3.9479, 40.3392 ], [ -3.9478, 40.3389 ], [ -3.9479, 40.3388 ], [ -3.9479, 40.3387 ], [ -3.9479, 40.3386 ], [ -3.948, 40.3386 ], [ -3.9478, 40.3386 ], [ -3.9465, 40.3386 ], [ -3.9461, 40.3387 ], [ -3.945, 40.3394 ], [ -3.9446, 40.3394 ], [ -3.9422, 40.3387 ], [ -3.9418, 40.3391 ], [ -3.9419, 40.3394 ], [ -3.9427, 40.3399 ], [ -3.9432, 40.3399 ], [ -3.9435, 40.3402 ], [ -3.9428, 40.341 ], [ -3.9417, 40.341 ], [ -3.9417, 40.3412 ], [ -3.9424, 40.3418 ], [ -3.9422, 40.3421 ], [ -3.9417, 40.3422 ], [ -3.94, 40.3421 ], [ -3.9393, 40.3418 ], [ -3.9384, 40.3417 ], [ -3.9381, 40.3414 ], [ -3.9387, 40.341 ], [ -3.9388, 40.3408 ], [ -3.9387, 40.3407 ], [ -3.9377, 40.341 ], [ -3.9375, 40.3409 ], [ -3.9372, 40.341 ], [ -3.9374, 40.3413 ], [ -3.9374, 40.3424 ], [ -3.9378, 40.3424 ], [ -3.9384, 40.3428 ], [ -3.9392, 40.3428 ], [ -3.9393, 40.3431 ], [ -3.9395, 40.3432 ], [ -3.9406, 40.3433 ], [ -3.9424, 40.3441 ], [ -3.9426, 40.3443 ], [ -3.9426, 40.3446 ], [ -3.9422, 40.3452 ], [ -3.9422, 40.3455 ], [ -3.9423, 40.3457 ], [ -3.9427, 40.3459 ], [ -3.9427, 40.3462 ], [ -3.9432, 40.3465 ], [ -3.943, 40.347 ], [ -3.9432, 40.3473 ], [ -3.9444, 40.3477 ], [ -3.9454, 40.3483 ], [ -3.9452, 40.3487 ], [ -3.9448, 40.3489 ], [ -3.943, 40.3491 ], [ -3.9414, 40.3495 ], [ -3.9412, 40.3496 ], [ -3.9411, 40.3501 ], [ -3.9406, 40.3505 ], [ -3.9401, 40.3505 ], [ -3.9391, 40.35 ], [ -3.9387, 40.35 ], [ -3.939, 40.3505 ], [ -3.9389, 40.3508 ], [ -3.9384, 40.3508 ], [ -3.9379, 40.3501 ], [ -3.9379, 40.3505 ], [ -3.9376, 40.3508 ], [ -3.9359, 40.3507 ], [ -3.934, 40.351 ], [ -3.9337, 40.3525 ], [ -3.9323, 40.3528 ], [ -3.9302, 40.353 ], [ -3.9295, 40.3533 ], [ -3.9315, 40.3534 ] ] ] } },
{ "type": "Feature", "properties": { "municipio": "Villaviciosa de Odón", "clasificacion": "no-urbanizable-protegido", "calificacion": "sin-asignar", "version": "vigente", "fuente": "SIT-CAM WFS — UsoDelSuelo:VPLA_V_CLASIFICACION (https://idem.comunidad.madrid/geosrvg/ows)", "fecha_dato": "2026-05-12", "ambito": "39950", "_raw_CD_SIGLAS": "SNUP_A", "_raw_DS_CLASIF_GEN": "Suelo No Urbanizable Protegido (APLAZADO)", "_raw_DS_CLASIF_DET": "Suelo No Urbanizable Protegido. Clase I. Espacios Protegidos. Cauces y Riberas. Parque Regional del Curso Medio del río Guadarrama; zona de Máxima Protección.", "_raw_DS_DOCU": "PLAN GENERAL", "_raw_DS_LEY": "CM Ley 9/1995, E Ley 6/1998, E RDL 1/1992, E RD 1346/1976", "_raw_FC_AC": "1999-07-15", "_raw_NM_AREA_M2": 8283.6478092643902, "_cam_code": "181" }, "geometry": { "type": "Polygon", "coordinates": [ [ [ -3.9477, 40.3351 ], [ -3.9477, 40.3354 ], [ -3.9475, 40.3358 ], [ -3.9476, 40.3365 ], [ -3.9484, 40.3373 ], [ -3.9481, 40.3364 ], [ -3.948, 40.3354 ], [ -3.9477, 40.3351 ] ] ] } },
{ "type": "Feature", "properties": { "municipio": "Villaviciosa de Odón", "clasificacion": "no-urbanizable-protegido", "calificacion": "sin-asignar", "version": "vigente", "fuente": "SIT-CAM WFS — UsoDelSuelo:VPLA_V_CLASIFICACION (https://idem.comunidad.madrid/geosrvg/ows)", "fecha_dato": "2026-05-12", "ambito": "39950", "_raw_CD_SIGLAS": "SNUP_A", "_raw_DS_CLASIF_GEN": "Suelo No Urbanizable Protegido (APLAZADO)", "_raw_DS_CLASIF_DET": "Suelo No Urbanizable Protegido. Clase I. Espacios Protegidos. Cauces y Riberas. Parque Regional del Curso Medio del río Guadarrama; zona de Máxima Protección.", "_raw_DS_DOCU": "PLAN GENERAL", "_raw_DS_LEY": "CM Ley 9/1995, E Ley 6/1998, E RDL 1/1992, E RD 1346/1976", "_raw_FC_AC": "1999-07-15", "_raw_NM_AREA_M2": 1100.06088875566, "_cam_code": "181" }, "geometry": { "type": "Polygon", "coordinates": [ [ [ -3.9487, 40.338 ], [ -3.9485, 40.3382 ], [ -3.9481, 40.3384 ], [ -3.9487, 40.3383 ], [ -3.9488, 40.3382 ], [ -3.9487, 40.338 ] ] ] } },
{ "type": "Feature", "properties": { "municipio": "Villaviciosa de Odón", "clasificacion": "no-urbanizable-protegido", "calificacion": "sin-asignar", "version": "vigente", "fuente": "SIT-CAM WFS — UsoDelSuelo:VPLA_V_CLASIFICACION (https://idem.comunidad.madrid/geosrvg/ows)", "fecha_dato": "2026-05-12", "ambito": "39950", "_raw_CD_SIGLAS": "SNUP_A", "_raw_DS_CLASIF_GEN": "Suelo No Urbanizable Protegido (APLAZADO)", "_raw_DS_CLASIF_DET": "Suelo No Urbanizable Protegido. Clase I. Espacios Protegidos. Parque Regional del Curso Medio del río Guadarrama; zona de Protección y Mejora. Vías Pecuarias.", "_raw_DS_DOCU": "PLAN GENERAL", "_raw_DS_LEY": "CM Ley 9/1995, E Ley 6/1998, E RDL 1/1992, E RD 1346/1976", "_raw_FC_AC": "1999-07-15", "_raw_NM_AREA_M2": 986.54282021806205, "_cam_code": "181" }, "geometry": { "type": "Polygon", "coordinates": [ [ [ -3.9484, 40.3373 ], [ -3.9487, 40.338 ], [ -3.9488, 40.338 ], [ -3.9487, 40.3375 ], [ -3.9484, 40.3373 ] ] ] } },
{ "type": "Feature", "properties": { "municipio": "Villaviciosa de Odón", "clasificacion": "no-urbanizable-protegido", "calificacion": "sin-asignar", "version": "vigente", "fuente": "SIT-CAM WFS — UsoDelSuelo:VPLA_V_CLASIFICACION (https://idem.comunidad.madrid/geosrvg/ows)", "fecha_dato": "2026-05-12", "ambito": "39950", "_raw_CD_SIGLAS": "SNUP_A", "_raw_DS_CLASIF_GEN": "Suelo No Urbanizable Protegido (APLAZADO)", "_raw_DS_CLASIF_DET": "Suelo No Urbanizable Protegido. Clase I. Espacios Protegidos. Parque Regional del Curso Medio del río Guadarrama; zona de Protección y Mejora. Vías Pecuarias.", "_raw_DS_DOCU": "PLAN GENERAL", "_raw_DS_LEY": "CM Ley 9/1995, E Ley 6/1998, E RDL 1/1992, E RD 1346/1976", "_raw_FC_AC": "1999-07-15", "_raw_NM_AREA_M2": 349.68015634761099, "_cam_code": "181" }, "geometry": { "type": "Polygon", "coordinates": [ [ [ -3.9465, 40.3334 ], [ -3.9465, 40.3335 ], [ -3.9467, 40.3338 ], [ -3.9469, 40.3339 ], [ -3.9465, 40.3334 ] ] ] } },
{ "type": "Feature", "properties": { "municipio": "Villaviciosa de Odón", "clasificacion": "no-urbanizable-protegido", "calificacion": "sin-asignar", "version": "vigente", "fuente": "SIT-CAM WFS — UsoDelSuelo:VPLA_V_CLASIFICACION (https://idem.comunidad.madrid/geosrvg/ows)", "fecha_dato": "2026-05-12", "ambito": "39950", "_raw_CD_SIGLAS": "SNUP_A", "_raw_DS_CLASIF_GEN": "Suelo No Urbanizable Protegido (APLAZADO)", "_raw_DS_CLASIF_DET": "Suelo No Urbanizable Protegido. Clase I. Espacios Protegidos. Cauces y Riberas. Parque Regional del Curso Medio del río Guadarrama; zona de Máxima Protección. Descansadero Via Pecuaria.", "_raw_DS_DOCU": "PLAN GENERAL", "_raw_DS_LEY": "CM Ley 9/1995, E Ley 6/1998, E RDL 1/1992, E RD 1346/1976", "_raw_FC_AC": "1999-07-15", "_raw_NM_AREA_M2": 9022.2904038623801, "_cam_code": "181" }, "geometry": { "type": "Polygon", "coordinates": [ [ [ -3.9129, 40.3698 ], [ -3.9128, 40.37 ], [ -3.9136, 40.3705 ], [ -3.9138, 40.3696 ], [ -3.9143, 40.369 ], [ -3.9141, 40.3688 ], [ -3.9138, 40.3688 ], [ -3.9134, 40.3696 ], [ -3.9129, 40.3698 ] ] ] } },
{ "type": "Feature", "properties": { "municipio": "Villaviciosa de Odón", "clasificacion": "no-urbanizable-protegido", "calificacion": "sin-asignar", "version": "vigente", "fuente": "SIT-CAM WFS — UsoDelSuelo:VPLA_V_CLASIFICACION (https://idem.comunidad.madrid/geosrvg/ows)", "fecha_dato": "2026-05-12", "ambito": "39950", "_raw_CD_SIGLAS": "SNUP_A", "_raw_DS_CLASIF_GEN": "Suelo No Urbanizable Protegido (APLAZADO)", "_raw_DS_CLASIF_DET": "Suelo No Urbanizable Protegido. Clase I. Espacios Protegidos. Cauces y Riberas. Parque Regional del Curso Medio del río Guadarrama; zona de Máxima Protección.", "_raw_DS_DOCU": "PLAN GENERAL", "_raw_DS_LEY": "CM Ley 9/1995, E Ley 6/1998, E RDL 1/1992, E RD 1346/1976", "_raw_FC_AC": "1999-07-15", "_raw_NM_AREA_M2": 99275.846548783098, "_cam_code": "181" }, "geometry": { "type": "Polygon", "coordinates": [ [ [ -3.9138, 40.3688 ], [ -3.9141, 40.3688 ], [ -3.9143, 40.369 ], [ -3.9138, 40.3696 ], [ -3.9138, 40.3699 ], [ -3.914, 40.3695 ], [ -3.915, 40.3694 ], [ -3.9153, 40.3692 ], [ -3.9161, 40.369 ], [ -3.9169, 40.3684 ], [ -3.9191, 40.3662 ], [ -3.9193, 40.3657 ], [ -3.9179, 40.3651 ], [ -3.9171, 40.3651 ], [ -3.9138, 40.3688 ] ] ] } },
{ "type": "Feature", "properties": { "municipio": "Villaviciosa de Odón", "clasificacion": "no-urbanizable-protegido", "calificacion": "sin-asignar", "version": "vigente", "fuente": "SIT-CAM WFS — UsoDelSuelo:VPLA_V_CLASIFICACION (https://idem.comunidad.madrid/geosrvg/ows)", "fecha_dato": "2026-05-12", "ambito": "39950", "_raw_CD_SIGLAS": "SNUP_A", "_raw_DS_CLASIF_GEN": "Suelo No Urbanizable Protegido (APLAZADO)", "_raw_DS_CLASIF_DET": "Suelo No Urbanizable Protegido. Clase I. Espacios Protegidos. Cauces y Riberas. Parque Regional del Curso Medio del río Guadarrama; zona de Máxima Protección. Abevadero Vía Pecuaria.", "_raw_DS_DOCU": "PLAN GENERAL", "_raw_DS_LEY": "CM Ley 9/1995, E Ley 6/1998, E RDL 1/1992, E RD 1346/1976", "_raw_FC_AC": "1999-07-15", "_raw_NM_AREA_M2": 2006.0791593927299, "_cam_code": "181" }, "geometry": { "type": "Polygon", "coordinates": [ [ [ -3.9252, 40.362 ], [ -3.9254, 40.3625 ], [ -3.9258, 40.3624 ], [ -3.9256, 40.3619 ], [ -3.9252, 40.362 ] ] ] } },
{ "type": "Feature", "properties": { "municipio": "Villaviciosa de Odón", "clasificacion": "no-urbanizable-protegido", "calificacion": "sin-asignar", "version": "vigente", "fuente": "SIT-CAM WFS — UsoDelSuelo:VPLA_V_CLASIFICACION (https://idem.comunidad.madrid/geosrvg/ows)", "fecha_dato": "2026-05-12", "ambito": "39950", "_raw_CD_SIGLAS": "SNUP_A", "_raw_DS_CLASIF_GEN": "Suelo No Urbanizable Protegido (APLAZADO)", "_raw_DS_CLASIF_DET": "Suelo No Urbanizable Protegido. Clase I. Espacios Protegidos. Cauces y Riberas. Parque Regional del Curso Medio del río Guadarrama; zona de Máxima Protección. Descansadero Vía Pecuaria.", "_raw_DS_DOCU": "PLAN GENERAL", "_raw_DS_LEY": "CM Ley 9/1995, E Ley 6/1998, E RDL 1/1992, E RD 1346/1976", "_raw_FC_AC": "1999-07-15", "_raw_NM_AREA_M2": 2243.0877534863898, "_cam_code": "181" }, "geometry": { "type": "Polygon", "coordinates": [ [ [ -3.907, 40.3799 ], [ -3.9063, 40.3804 ], [ -3.9062, 40.3807 ], [ -3.9063, 40.381 ], [ -3.907, 40.3799 ] ] ] } },
{ "type": "Feature", "properties": { "municipio": "Villaviciosa de Odón", "clasificacion": "no-urbanizable-protegido", "calificacion": "sin-asignar", "version": "vigente", "fuente": "SIT-CAM WFS — UsoDelSuelo:VPLA_V_CLASIFICACION (https://idem.comunidad.madrid/geosrvg/ows)", "fecha_dato": "2026-05-12", "ambito": "39950", "_raw_CD_SIGLAS": "SNUP_A", "_raw_DS_CLASIF_GEN": "Suelo No Urbanizable Protegido (APLAZADO)", "_raw_DS_CLASIF_DET": "Suelo No Urbanizable Protegido. Clase I. Espacios Protegidos. Cauces y Riberas. Parque Regional del Curso Medio del río Guadarrama; zona de Protección y Mejora.", "_raw_DS_DOCU": "PLAN GENERAL", "_raw_DS_LEY": "CM Ley 9/1995, E Ley 6/1998, E RDL 1/1992, E RD 1346/1976", "_raw_FC_AC": "1999-07-15", "_raw_NM_AREA_M2": 321282.55026245798, "_cam_code": "181" }, "geometry": { "type": "Polygon", "coordinates": [ [ [ -3.9078, 40.3774 ], [ -3.9067, 40.3763 ], [ -3.9061, 40.3763 ], [ -3.9056, 40.377 ], [ -3.9054, 40.3771 ], [ -3.9015, 40.377 ], [ -3.9004, 40.3774 ], [ -3.9004, 40.3776 ], [ -3.9022, 40.3776 ], [ -3.9026, 40.3777 ], [ -3.9043, 40.3786 ], [ -3.9046, 40.3789 ], [ -3.9047, 40.3794 ], [ -3.9046, 40.3802 ], [ -3.9038, 40.3812 ], [ -3.9026, 40.3817 ], [ -3.9024, 40.382 ], [ -3.902, 40.3822 ], [ -3.9013, 40.382 ], [ -3.8998, 40.3819 ], [ -3.8993, 40.3817 ], [ -3.8985, 40.3819 ], [ -3.8969, 40.3818 ], [ -3.8968, 40.3817 ], [ -3.8963, 40.3821 ], [ -3.8962, 40.3825 ], [ -3.898, 40.3825 ], [ -3.9002, 40.3829 ], [ -3.9011, 40.3833 ], [ -3.9014, 40.3837 ], [ -3.9015, 40.3842 ], [ -3.9003, 40.3857 ], [ -3.8993, 40.3861 ], [ -3.8982, 40.387 ], [ -3.896, 40.3878 ], [ -3.895, 40.388 ], [ -3.8947, 40.3883 ], [ -3.8944, 40.3883 ], [ -3.894, 40.3886 ], [ -3.8938, 40.3895 ], [ -3.8942, 40.3895 ], [ -3.8942, 40.3894 ], [ -3.8945, 40.3894 ], [ -3.8951, 40.3891 ], [ -3.8957, 40.3883 ], [ -3.8972, 40.3881 ], [ -3.8983, 40.3877 ], [ -3.8991, 40.3867 ], [ -3.8993, 40.3866 ], [ -3.9005, 40.3864 ], [ -3.9015, 40.3865 ], [ -3.9019, 40.3864 ], [ -3.902, 40.3863 ], [ -3.902, 40.3856 ], [ -3.9026, 40.3844 ], [ -3.9029, 40.3841 ], [ -3.9029, 40.3836 ], [ -3.903, 40.3834 ], [ -3.9034, 40.3833 ], [ -3.9032, 40.3827 ], [ -3.9036, 40.3823 ], [ -3.904, 40.3822 ], [ -3.9045, 40.3818 ], [ -3.9052, 40.382 ], [ -3.9056, 40.3819 ], [ -3.9063, 40.381 ], [ -3.9062, 40.3807 ], [ -3.9063, 40.3804 ], [ -3.907, 40.3799 ], [ -3.907, 40.3797 ], [ -3.9074, 40.3793 ], [ -3.9078, 40.3786 ], [ -3.9078, 40.3774 ] ] ] } },
{ "type": "Feature", "properties": { "municipio": "Villaviciosa de Odón", "clasificacion": "no-urbanizable-protegido", "calificacion": "sin-asignar", "version": "vigente", "fuente": "SIT-CAM WFS — UsoDelSuelo:VPLA_V_CLASIFICACION (https://idem.comunidad.madrid/geosrvg/ows)", "fecha_dato": "2026-05-12", "ambito": "39950", "_raw_CD_SIGLAS": "SNUP_A", "_raw_DS_CLASIF_GEN": "Suelo No Urbanizable Protegido (APLAZADO)", "_raw_DS_CLASIF_DET": "Suelo No Urbanizable Protegido. Clase I. Espacios Protegidos. Cauces y Riberas. Parque Regional del Curso Medio del río Guadarrama; zona de Mantenimiento de la Actividad.", "_raw_DS_DOCU": "PLAN GENERAL", "_raw_DS_LEY": "CM Ley 9/1995, E Ley 6/1998, E RDL 1/1992, E RD 1346/1976", "_raw_FC_AC": "1999-07-15", "_raw_NM_AREA_M2": 1017559.10047051, "_cam_code": "181" }, "geometry": { "type": "Polygon", "coordinates": [ [ [ -3.9491, 40.3306 ], [ -3.949, 40.3325 ], [ -3.9486, 40.3332 ], [ -3.9484, 40.3332 ], [ -3.948, 40.3335 ], [ -3.9479, 40.3339 ], [ -3.949, 40.3351 ], [ -3.9494, 40.3358 ], [ -3.9508, 40.3368 ], [ -3.9513, 40.3363 ], [ -3.951, 40.3361 ], [ -3.951, 40.3358 ], [ -3.9511, 40.3358 ], [ -3.9511, 40.3349 ], [ -3.9514, 40.3335 ], [ -3.9514, 40.3329 ], [ -3.9515, 40.3326 ], [ -3.952, 40.3322 ], [ -3.9515, 40.3315 ], [ -3.9515, 40.3312 ], [ -3.953, 40.3311 ], [ -3.9545, 40.3308 ], [ -3.9574, 40.3305 ], [ -3.9575, 40.3304 ], [ -3.9585, 40.3304 ], [ -3.9585, 40.3305 ], [ -3.9591, 40.3304 ], [ -3.9592, 40.3305 ], [ -3.9603, 40.3305 ], [ -3.9603, 40.3306 ], [ -3.961, 40.3308 ], [ -3.9639, 40.3308 ], [ -3.9643, 40.3309 ], [ -3.9643, 40.3316 ], [ -3.9647, 40.3318 ], [ -3.966, 40.3313 ], [ -3.9683, 40.3312 ], [ -3.9706, 40.3308 ], [ -3.9762, 40.3311 ], [ -3.9783, 40.331 ], [ -3.9787, 40.3308 ], [ -3.979, 40.3305 ], [ -3.979, 40.3303 ], [ -3.9787, 40.33 ], [ -3.9777, 40.3297 ], [ -3.9763, 40.3297 ], [ -3.976, 40.3298 ], [ -3.9732, 40.3297 ], [ -3.9698, 40.33 ], [ -3.9691, 40.3302 ], [ -3.9686, 40.3305 ], [ -3.9683, 40.3305 ], [ -3.9683, 40.3306 ], [ -3.9664, 40.3306 ], [ -3.9657, 40.3304 ], [ -3.964, 40.3303 ], [ -3.9629, 40.3299 ], [ -3.9615, 40.3299 ], [ -3.9604, 40.3295 ], [ -3.9512, 40.3295 ], [ -3.9513, 40.3287 ], [ -3.9512, 40.3287 ], [ -3.9511, 40.3284 ], [ -3.9512, 40.3268 ], [ -3.9505, 40.3252 ], [ -3.9504, 40.324 ], [ -3.9499, 40.3225 ], [ -3.9498, 40.3194 ], [ -3.95, 40.3189 ], [ -3.95, 40.3184 ], [ -3.9498, 40.3182 ], [ -3.9496, 40.3176 ], [ -3.9494, 40.3161 ], [ -3.9489, 40.3151 ], [ -3.9485, 40.3136 ], [ -3.9482, 40.3135 ], [ -3.9481, 40.3133 ], [ -3.9475, 40.3129 ], [ -3.9466, 40.3108 ], [ -3.9466, 40.3105 ], [ -3.9464, 40.3101 ], [ -3.9464, 40.3089 ], [ -3.9461, 40.3079 ], [ -3.9461, 40.307 ], [ -3.9462, 40.3069 ], [ -3.9457, 40.3053 ], [ -3.9457, 40.3047 ], [ -3.9451, 40.3039 ], [ -3.9449, 40.303 ], [ -3.9447, 40.3027 ], [ -3.9446, 40.3016 ], [ -3.9441, 40.3007 ], [ -3.9426, 40.3004 ], [ -3.943, 40.3016 ], [ -3.943, 40.3023 ], [ -3.9433, 40.3029 ], [ -3.9442, 40.3038 ], [ -3.9448, 40.307 ], [ -3.9457, 40.3086 ], [ -3.9461, 40.3098 ], [ -3.9462, 40.3123 ], [ -3.9459, 40.3144 ], [ -3.9456, 40.3154 ], [ -3.9459, 40.3164 ], [ -3.9459, 40.3173 ], [ -3.9457, 40.3177 ], [ -3.9457, 40.3181 ], [ -3.946, 40.3184 ], [ -3.9461, 40.3188 ], [ -3.9456, 40.32 ], [ -3.9456, 40.3203 ], [ -3.9459, 40.3209 ], [ -3.9472, 40.3221 ], [ -3.9479, 40.3236 ], [ -3.9481, 40.3238 ], [ -3.9481, 40.3246 ], [ -3.9485, 40.325 ], [ -3.9485, 40.3257 ], [ -3.949, 40.3263 ], [ -3.9489, 40.3269 ], [ -3.9487, 40.327 ], [ -3.9487, 40.3272 ], [ -3.949, 40.3272 ], [ -3.9493, 40.3274 ], [ -3.9495, 40.328 ], [ -3.9492, 40.3289 ], [ -3.9487, 40.3295 ], [ -3.9488, 40.3301 ], [ -3.9491, 40.3306 ] ] ] } },
{ "type": "Feature", "properties": { "municipio": "Villaviciosa de Odón", "clasificacion": "no-urbanizable-protegido", "calificacion": "sin-asignar", "version": "vigente", "fuente": "SIT-CAM WFS — UsoDelSuelo:VPLA_V_CLASIFICACION (https://idem.comunidad.madrid/geosrvg/ows)", "fecha_dato": "2026-05-12", "ambito": "39950", "_raw_CD_SIGLAS": "SNUP_A", "_raw_DS_CLASIF_GEN": "Suelo No Urbanizable Protegido (APLAZADO)", "_raw_DS_CLASIF_DET": "Suelo No Urbanizable Protegido. Clase I. Espacios Protegidos. Cauces y Riberas. Parque Regional del Curso Medio del río Guadarrama; zona de Mantenimiento de la Actividad.", "_raw_DS_DOCU": "PLAN GENERAL", "_raw_DS_LEY": "CM Ley 9/1995, E Ley 6/1998, E RDL 1/1992, E RD 1346/1976", "_raw_FC_AC": "1999-07-15", "_raw_NM_AREA_M2": 98604.514284582401, "_cam_code": "181" }, "geometry": { "type": "Polygon", "coordinates": [ [ [ -3.9411, 40.3609 ], [ -3.942, 40.3611 ], [ -3.942, 40.3612 ], [ -3.9429, 40.3615 ], [ -3.9437, 40.362 ], [ -3.9445, 40.363 ], [ -3.9449, 40.3624 ], [ -3.9449, 40.3617 ], [ -3.9451, 40.3611 ], [ -3.9438, 40.3601 ], [ -3.9413, 40.3601 ], [ -3.9408, 40.3604 ], [ -3.9405, 40.3604 ], [ -3.9404, 40.36 ], [ -3.9402, 40.3599 ], [ -3.9391, 40.3598 ], [ -3.9382, 40.36 ], [ -3.9379, 40.3602 ], [ -3.9375, 40.3602 ], [ -3.936, 40.3608 ], [ -3.9348, 40.3604 ], [ -3.9348, 40.3608 ], [ -3.9345, 40.3608 ], [ -3.9345, 40.361 ], [ -3.9357, 40.361 ], [ -3.9365, 40.3612 ], [ -3.9389, 40.3608 ], [ -3.9411, 40.3609 ] ] ] } },
{ "type": "Feature", "properties": { "municipio": "Villaviciosa de Odón", "clasificacion": "no-urbanizable-protegido", "calificacion": "sin-asignar", "version": "vigente", "fuente": "SIT-CAM WFS — UsoDelSuelo:VPLA_V_CLASIFICACION (https://idem.comunidad.madrid/geosrvg/ows)", "fecha_dato": "2026-05-12", "ambito": "39950", "_raw_CD_SIGLAS": "SNUP_A", "_raw_DS_CLASIF_GEN": "Suelo No Urbanizable Protegido (APLAZADO)", "_raw_DS_CLASIF_DET": "Suelo No Urbanizable Protegido. Clase IV. Espacios Rurales con Restricción de Uso. Clase I. Espacios Protegidos. Parque Regional del Curso Medio del río Guadarrama; zona de Mantenimiento de la Actividad. Vías Pecuarias.", "_raw_DS_DOCU": "PLAN GENERAL", "_raw_DS_LEY": "CM Ley 9/1995, E Ley 6/1998, E RDL 1/1992, E RD 1346/1976", "_raw_FC_AC": "1999-07-15", "_raw_NM_AREA_M2": 26653.9087157873, "_cam_code": "181" }, "geometry": { "type": "Polygon", "coordinates": [ [ [ -3.9245, 40.3453 ], [ -3.9245, 40.3455 ], [ -3.9247, 40.3455 ], [ -3.9261, 40.3448 ], [ -3.9263, 40.3448 ], [ -3.9263, 40.3447 ], [ -3.9279, 40.3444 ], [ -3.9279, 40.3443 ], [ -3.9287, 40.3438 ], [ -3.9288, 40.3435 ], [ -3.9298, 40.3431 ], [ -3.9301, 40.3428 ], [ -3.9311, 40.3424 ], [ -3.9314, 40.3424 ], [ -3.9314, 40.3423 ], [ -3.9325, 40.3421 ], [ -3.9328, 40.3413 ], [ -3.9331, 40.341 ], [ -3.9333, 40.341 ], [ -3.9334, 40.3408 ], [ -3.9344, 40.3402 ], [ -3.9346, 40.3399 ], [ -3.9353, 40.3394 ], [ -3.9361, 40.339 ], [ -3.9368, 40.3389 ], [ -3.9374, 40.3384 ], [ -3.9381, 40.3382 ], [ -3.9381, 40.3381 ], [ -3.9377, 40.3381 ], [ -3.9366, 40.3388 ], [ -3.9357, 40.339 ], [ -3.9346, 40.3397 ], [ -3.9327, 40.3411 ], [ -3.9322, 40.3421 ], [ -3.9309, 40.3423 ], [ -3.9304, 40.3425 ], [ -3.9294, 40.3431 ], [ -3.9285, 40.3434 ], [ -3.9283, 40.3438 ], [ -3.928, 40.3439 ], [ -3.9278, 40.3442 ], [ -3.9266, 40.3444 ], [ -3.9245, 40.3453 ] ] ] } },
{ "type": "Feature", "properties": { "municipio": "Villaviciosa de Odón", "clasificacion": "no-urbanizable-protegido", "calificacion": "sin-asignar", "version": "vigente", "fuente": "SIT-CAM WFS — UsoDelSuelo:VPLA_V_CLASIFICACION (https://idem.comunidad.madrid/geosrvg/ows)", "fecha_dato": "2026-05-12", "ambito": "39950", "_raw_CD_SIGLAS": "SNUP_A", "_raw_DS_CLASIF_GEN": "Suelo No Urbanizable Protegido (APLAZADO)", "_raw_DS_CLASIF_DET": "Suelo No Urbanizable Protegido. Clase IV. Espacios Rurales con Restricción de Uso. Clase I. Espacios Protegidos. Parque Regional del Curso Medio del río Guadarrama; zona de Mantenimiento de la Actividad. Vías Pecuarias.", "_raw_DS_DOCU": "PLAN GENERAL", "_raw_DS_LEY": "CM Ley 9/1995, E Ley 6/1998, E RDL 1/1992, E RD 1346/1976", "_raw_FC_AC": "1999-07-15", "_raw_NM_AREA_M2": 2945.3719852361701, "_cam_code": "181" }, "geometry": { "type": "Polygon", "coordinates": [ [ [ -3.9224, 40.3653 ], [ -3.921, 40.365 ], [ -3.9206, 40.3652 ], [ -3.922, 40.3654 ], [ -3.9224, 40.3653 ] ] ] } },
{ "type": "Feature", "properties": { "municipio": "Villaviciosa de Odón", "clasificacion": "no-urbanizable-protegido", "calificacion": "sin-asignar", "version": "vigente", "fuente": "SIT-CAM WFS — UsoDelSuelo:VPLA_V_CLASIFICACION (https://idem.comunidad.madrid/geosrvg/ows)", "fecha_dato": "2026-05-12", "ambito": "39950", "_raw_CD_SIGLAS": "SNUP_A", "_raw_DS_CLASIF_GEN": "Suelo No Urbanizable Protegido (APLAZADO)", "_raw_DS_CLASIF_DET": "Suelo No Urbanizable Protegido. Clase II. Espacios Forestales en Régimen Especial. Clase I. Espacios Protegidos. Parque Regional del Curso Medio del río Guadarrama; zona de Máxima Protección.", "_raw_DS_DOCU": "PLAN GENERAL", "_raw_DS_LEY": "CM Ley 9/1995, E Ley 6/1998, E RDL 1/1992, E RD 1346/1976", "_raw_FC_AC": "1999-07-15", "_raw_NM_AREA_M2": 272026.28062833002, "_cam_code": "181" }, "geometry": { "type": "Polygon", "coordinates": [ [ [ -3.9759, 40.3682 ], [ -3.9761, 40.3685 ], [ -3.9762, 40.3684 ], [ -3.9767, 40.3684 ], [ -3.9793, 40.3664 ], [ -3.9811, 40.3656 ], [ -3.9824, 40.3652 ], [ -3.9822, 40.3648 ], [ -3.9817, 40.3648 ], [ -3.9816, 40.3647 ], [ -3.9812, 40.3637 ], [ -3.9804, 40.3628 ], [ -3.9793, 40.3623 ], [ -3.9776, 40.3627 ], [ -3.977, 40.363 ], [ -3.977, 40.3631 ], [ -3.9768, 40.3631 ], [ -3.9768, 40.3632 ], [ -3.9754, 40.3636 ], [ -3.9743, 40.3645 ], [ -3.9742, 40.3649 ], [ -3.9747, 40.3663 ], [ -3.9747, 40.3666 ], [ -3.9749, 40.3669 ], [ -3.9751, 40.3679 ], [ -3.9754, 40.3682 ], [ -3.9759, 40.3682 ] ] ] } },
{ "type": "Feature", "properties": { "municipio": "Villaviciosa de Odón", "clasificacion": "no-urbanizable-protegido", "calificacion": "sin-asignar", "version": "vigente", "fuente": "SIT-CAM WFS — UsoDelSuelo:VPLA_V_CLASIFICACION (https://idem.comunidad.madrid/geosrvg/ows)", "fecha_dato": "2026-05-12", "ambito": "39950", "_raw_CD_SIGLAS": "SNUP_A", "_raw_DS_CLASIF_GEN": "Suelo No Urbanizable Protegido (APLAZADO)", "_raw_DS_CLASIF_DET": "Suelo No Urbanizable Protegido. Clase II. Espacios Forestales en Régimen Especial. Clase I. Espacios Protegidos: Parque Regional del Curso Medio del río Guadarrama; zona de Máxima Protección.", "_raw_DS_DOCU": "PLAN GENERAL", "_raw_DS_LEY": "CM Ley 9/1995, E Ley 6/1998, E RDL 1/1992, E RD 1346/1976", "_raw_FC_AC": "1999-07-15", "_raw_NM_AREA_M2": 689362.69374776701, "_cam_code": "181" }, "geometry": { "type": "Polygon", "coordinates": [ [ [ -3.9109, 40.406 ], [ -3.9139, 40.4067 ], [ -3.9215, 40.4071 ], [ -3.9233, 40.4081 ], [ -3.9244, 40.407 ], [ -3.9245, 40.4064 ], [ -3.9244, 40.4061 ], [ -3.9242, 40.406 ], [ -3.9242, 40.4058 ], [ -3.9256, 40.4047 ], [ -3.9256, 40.4037 ], [ -3.9252, 40.4033 ], [ -3.925, 40.4033 ], [ -3.9249, 40.403 ], [ -3.925, 40.4026 ], [ -3.9257, 40.402 ], [ -3.9221, 40.4015 ], [ -3.9202, 40.4018 ], [ -3.9169, 40.4018 ], [ -3.9155, 40.4016 ], [ -3.9143, 40.4016 ], [ -3.9137, 40.4009 ], [ -3.9133, 40.4007 ], [ -3.9132, 40.4013 ], [ -3.9116, 40.4029 ], [ -3.9116, 40.4031 ], [ -3.9111, 40.4037 ], [ -3.9105, 40.405 ], [ -3.91, 40.4057 ], [ -3.91, 40.4058 ], [ -3.9105, 40.406 ], [ -3.9109, 40.406 ] ] ] } },
{ "type": "Feature", "properties": { "municipio": "Villaviciosa de Odón", "clasificacion": "no-urbanizable-protegido", "calificacion": "sin-asignar", "version": "vigente", "fuente": "SIT-CAM WFS — UsoDelSuelo:VPLA_V_CLASIFICACION (https://idem.comunidad.madrid/geosrvg/ows)", "fecha_dato": "2026-05-12", "ambito": "39950", "_raw_CD_SIGLAS": "SNUP_A", "_raw_DS_CLASIF_GEN": "Suelo No Urbanizable Protegido (APLAZADO)", "_raw_DS_CLASIF_DET": "Suelo No Urbanizable Protegido. Clase II. Espacios Forestales en Régimen Especial. Clase I. Espacios Protegidos: Parque Regional del Curso Medio del río Guadarrama; zona de Máxima Protección.", "_raw_DS_DOCU": "PLAN GENERAL", "_raw_DS_LEY": "CM Ley 9/1995, E Ley 6/1998, E RDL 1/1992, E RD 1346/1976", "_raw_FC_AC": "1999-07-15", "_raw_NM_AREA_M2": 1956058.05326601, "_cam_code": "181" }, "geometry": { "type": "Polygon", "coordinates": [ [ [ -3.9362, 40.4114 ], [ -3.9386, 40.4113 ], [ -3.9405, 40.411 ], [ -3.9417, 40.4106 ], [ -3.9432, 40.4095 ], [ -3.9439, 40.4086 ], [ -3.9446, 40.4082 ], [ -3.9453, 40.408 ], [ -3.9458, 40.4074 ], [ -3.9458, 40.4072 ], [ -3.9456, 40.407 ], [ -3.9451, 40.4069 ], [ -3.9452, 40.406 ], [ -3.9436, 40.4049 ], [ -3.9437, 40.4044 ], [ -3.9436, 40.404 ], [ -3.9437, 40.404 ], [ -3.9439, 40.4029 ], [ -3.9442, 40.4025 ], [ -3.9442, 40.4021 ], [ -3.9441, 40.4021 ], [ -3.944, 40.4016 ], [ -3.9439, 40.4016 ], [ -3.9439, 40.4012 ], [ -3.9438, 40.4012 ], [ -3.9438, 40.4002 ], [ -3.9437, 40.4002 ], [ -3.9436, 40.3994 ], [ -3.9433, 40.3992 ], [ -3.9432, 40.3987 ], [ -3.9433, 40.3987 ], [ -3.9434, 40.3976 ], [ -3.9433, 40.3976 ], [ -3.9432, 40.3973 ], [ -3.9432, 40.3962 ], [ -3.9431, 40.3962 ], [ -3.9433, 40.3944 ], [ -3.9437, 40.394 ], [ -3.944, 40.3933 ], [ -3.9444, 40.393 ], [ -3.9444, 40.3928 ], [ -3.9451, 40.3922 ], [ -3.9453, 40.3916 ], [ -3.9447, 40.3916 ], [ -3.9441, 40.3913 ], [ -3.9441, 40.3912 ], [ -3.9439, 40.3912 ], [ -3.9433, 40.3902 ], [ -3.9431, 40.3902 ], [ -3.943, 40.39 ], [ -3.9425, 40.3898 ], [ -3.9416, 40.3898 ], [ -3.9406, 40.39 ], [ -3.9402, 40.3905 ], [ -3.94, 40.3905 ], [ -3.9396, 40.3909 ], [ -3.9394, 40.3909 ], [ -3.9393, 40.3911 ], [ -3.9388, 40.3911 ], [ -3.9386, 40.3909 ], [ -3.9384, 40.3909 ], [ -3.9384, 40.3908 ], [ -3.9382, 40.3908 ], [ -3.9382, 40.3907 ], [ -3.938, 40.3909 ], [ -3.9377, 40.3909 ], [ -3.9373, 40.3914 ], [ -3.937, 40.3915 ], [ -3.9369, 40.3912 ], [ -3.9366, 40.3911 ], [ -3.9363, 40.392 ], [ -3.9354, 40.3921 ], [ -3.9354, 40.3926 ], [ -3.935, 40.3931 ], [ -3.9345, 40.393 ], [ -3.9345, 40.3931 ], [ -3.934, 40.3933 ], [ -3.9335, 40.3945 ], [ -3.9327, 40.3946 ], [ -3.9327, 40.3945 ], [ -3.9322, 40.3944 ], [ -3.9319, 40.3946 ], [ -3.9317, 40.395 ], [ -3.9311, 40.3949 ], [ -3.9308, 40.3953 ], [ -3.9304, 40.3954 ], [ -3.9306, 40.3958 ], [ -3.9311, 40.3961 ], [ -3.9315, 40.3968 ], [ -3.9326, 40.3978 ], [ -3.9327, 40.3981 ], [ -3.933, 40.3983 ], [ -3.9338, 40.3996 ], [ -3.9335, 40.3999 ], [ -3.9333, 40.4004 ], [ -3.9332, 40.4004 ], [ -3.9329, 40.4011 ], [ -3.9326, 40.4013 ], [ -3.9326, 40.4018 ], [ -3.9328, 40.4022 ], [ -3.9329, 40.4022 ], [ -3.9329, 40.4024 ], [ -3.934, 40.4031 ], [ -3.9342, 40.4033 ], [ -3.9342, 40.4035 ], [ -3.9345, 40.4037 ], [ -3.9346, 40.404 ], [ -3.935, 40.4044 ], [ -3.935, 40.4051 ], [ -3.9328, 40.4052 ], [ -3.9327, 40.4054 ], [ -3.9332, 40.4058 ], [ -3.9332, 40.4061 ], [ -3.9333, 40.4061 ], [ -3.9334, 40.4065 ], [ -3.9336, 40.4067 ], [ -3.9338, 40.4073 ], [ -3.9342, 40.4077 ], [ -3.9344, 40.4085 ], [ -3.9345, 40.4085 ], [ -3.9351, 40.4096 ], [ -3.9352, 40.4096 ], [ -3.9361, 40.4113 ], [ -3.9362, 40.4114 ] ] ] } },
{ "type": "Feature", "properties": { "municipio": "Villaviciosa de Odón", "clasificacion": "no-urbanizable-protegido", "calificacion": "sin-asignar", "version": "vigente", "fuente": "SIT-CAM WFS — UsoDelSuelo:VPLA_V_CLASIFICACION (https://idem.comunidad.madrid/geosrvg/ows)", "fecha_dato": "2026-05-12", "ambito": "39950", "_raw_CD_SIGLAS": "SNUP_A", "_raw_DS_CLASIF_GEN": "Suelo No Urbanizable Protegido (APLAZADO)", "_raw_DS_CLASIF_DET": "Suelo No Urbanizable Protegido. Clase II. Espacios Forestales en Régimen Especial. Clase I. Espacios Protegidos. Parque Regional del Curso Medio del río Guadarrama; zona de Protección y Mejora. Vías Pecuarias.", "_raw_DS_DOCU": "PLAN GENERAL", "_raw_DS_LEY": "CM Ley 9/1995, E Ley 6/1998, E RDL 1/1992, E RD 1346/1976", "_raw_FC_AC": "1999-07-15", "_raw_NM_AREA_M2": 21928.461040376002, "_cam_code": "181" }, "geometry": { "type": "Polygon", "coordinates": [ [ [ -3.9511, 40.3518 ], [ -3.9513, 40.3516 ], [ -3.9517, 40.3515 ], [ -3.952, 40.3512 ], [ -3.9529, 40.3511 ], [ -3.9534, 40.3507 ], [ -3.9545, 40.3507 ], [ -3.9548, 40.3508 ], [ -3.9551, 40.3511 ], [ -3.9553, 40.3517 ], [ -3.9559, 40.3521 ], [ -3.9569, 40.3523 ], [ -3.9592, 40.3524 ], [ -3.9602, 40.3526 ], [ -3.9613, 40.3531 ], [ -3.9643, 40.3537 ], [ -3.9672, 40.3547 ], [ -3.969, 40.3547 ], [ -3.969, 40.3545 ], [ -3.9687, 40.3546 ], [ -3.9671, 40.3546 ], [ -3.9636, 40.3534 ], [ -3.9623, 40.3531 ], [ -3.9616, 40.3531 ], [ -3.9601, 40.3524 ], [ -3.9564, 40.3521 ], [ -3.9554, 40.3516 ], [ -3.9552, 40.3509 ], [ -3.9543, 40.3505 ], [ -3.9535, 40.3506 ], [ -3.9527, 40.351 ], [ -3.9521, 40.351 ], [ -3.9514, 40.3515 ], [ -3.9512, 40.3514 ], [ -3.9511, 40.3518 ] ] ] } },
{ "type": "Feature", "properties": { "municipio": "Villaviciosa de Odón", "clasificacion": "no-urbanizable-protegido", "calificacion": "sin-asignar", "version": "vigente", "fuente": "SIT-CAM WFS — UsoDelSuelo:VPLA_V_CLASIFICACION (https://idem.comunidad.madrid/geosrvg/ows)", "fecha_dato": "2026-05-12", "ambito": "39950", "_raw_CD_SIGLAS": "SNUP_A", "_raw_DS_CLASIF_GEN": "Suelo No Urbanizable Protegido (APLAZADO)", "_raw_DS_CLASIF_DET": "Suelo No Urbanizable Protegido. Clase III. Espacios Forestales de Interés Forestal. Parque Regional del Curso Medio del río Guadarrama; zona de Máxima Protección.", "_raw_DS_DOCU": "PLAN GENERAL", "_raw_DS_LEY": "CM Ley 9/1995, E Ley 6/1998, E RDL 1/1992, E RD 1346/1976", "_raw_FC_AC": "1999-07-15", "_raw_NM_AREA_M2": 1279351.10987133, "_cam_code": "181" }, "geometry": { "type": "Polygon", "coordinates": [ [ [ -3.8901, 40.395 ], [ -3.9057, 40.4028 ], [ -3.9054, 40.4032 ], [ -3.908, 40.4044 ], [ -3.9096, 40.4054 ], [ -3.91, 40.4058 ], [ -3.9111, 40.4037 ], [ -3.9116, 40.4031 ], [ -3.9116, 40.4029 ], [ -3.9133, 40.4011 ], [ -3.9133, 40.3997 ], [ -3.9132, 40.3997 ], [ -3.9131, 40.3992 ], [ -3.9125, 40.3986 ], [ -3.9124, 40.3981 ], [ -3.9122, 40.398 ], [ -3.9122, 40.3978 ], [ -3.9119, 40.3974 ], [ -3.9111, 40.397 ], [ -3.9108, 40.3967 ], [ -3.9099, 40.3965 ], [ -3.9084, 40.3959 ], [ -3.9078, 40.3958 ], [ -3.9061, 40.3959 ], [ -3.9061, 40.3958 ], [ -3.9047, 40.3956 ], [ -3.903, 40.3949 ], [ -3.903, 40.3948 ], [ -3.9007, 40.3941 ], [ -3.9004, 40.3938 ], [ -3.8996, 40.3934 ], [ -3.899, 40.3927 ], [ -3.898, 40.3925 ], [ -3.898, 40.3924 ], [ -3.8973, 40.3922 ], [ -3.8967, 40.3916 ], [ -3.897, 40.3914 ], [ -3.8965, 40.391 ], [ -3.8943, 40.3929 ], [ -3.894, 40.393 ], [ -3.894, 40.3935 ], [ -3.8936, 40.3938 ], [ -3.8901, 40.395 ] ] ] } },
{ "type": "Feature", "properties": { "municipio": "Villaviciosa de Odón", "clasificacion": "no-urbanizable-protegido", "calificacion": "sin-asignar", "version": "vigente", "fuente": "SIT-CAM WFS — UsoDelSuelo:VPLA_V_CLASIFICACION (https://idem.comunidad.madrid/geosrvg/ows)", "fecha_dato": "2026-05-12", "ambito": "39950", "_raw_CD_SIGLAS": "SNUP_A", "_raw_DS_CLASIF_GEN": "Suelo No Urbanizable Protegido (APLAZADO)", "_raw_DS_CLASIF_DET": "Suelo No Urbanizable Protegido. Clase I. Espacios Protegidos. Parque Regional del Curso Medio del río Guadarrama; zona de Protección y Mejora.", "_raw_DS_DOCU": "PLAN GENERAL", "_raw_DS_LEY": "CM Ley 9/1995, E Ley 6/1998, E RDL 1/1992, E RD 1346/1976", "_raw_FC_AC": "1999-07-15", "_raw_NM_AREA_M2": 701621.741418625, "_cam_code": "181" }, "geometry": { "type": "Polygon", "coordinates": [ [ [ -3.9443, 40.3344 ], [ -3.9446, 40.3347 ], [ -3.9442, 40.3352 ], [ -3.9444, 40.3364 ], [ -3.9443, 40.3367 ], [ -3.9436, 40.3374 ], [ -3.9439, 40.3382 ], [ -3.9432, 40.3386 ], [ -3.9427, 40.3386 ], [ -3.9438, 40.339 ], [ -3.9449, 40.3392 ], [ -3.9458, 40.3387 ], [ -3.9467, 40.3385 ], [ -3.9467, 40.3381 ], [ -3.947, 40.3372 ], [ -3.947, 40.3362 ], [ -3.9462, 40.3335 ], [ -3.9456, 40.3329 ], [ -3.9458, 40.3323 ], [ -3.9459, 40.3323 ], [ -3.9458, 40.3309 ], [ -3.9459, 40.3304 ], [ -3.9461, 40.3301 ], [ -3.9461, 40.3295 ], [ -3.9463, 40.3287 ], [ -3.9465, 40.3281 ], [ -3.9466, 40.3281 ], [ -3.9466, 40.3272 ], [ -3.9465, 40.3272 ], [ -3.9463, 40.3264 ], [ -3.9461, 40.3263 ], [ -3.9458, 40.3255 ], [ -3.9455, 40.3252 ], [ -3.945, 40.3237 ], [ -3.9448, 40.3235 ], [ -3.9438, 40.3246 ], [ -3.9421, 40.3255 ], [ -3.9406, 40.3266 ], [ -3.9397, 40.3277 ], [ -3.939, 40.3279 ], [ -3.9396, 40.3282 ], [ -3.9401, 40.3281 ], [ -3.9408, 40.3284 ], [ -3.9422, 40.3285 ], [ -3.9429, 40.329 ], [ -3.943, 40.3291 ], [ -3.9428, 40.3293 ], [ -3.9423, 40.3293 ], [ -3.942, 40.3297 ], [ -3.9421, 40.3302 ], [ -3.9419, 40.3307 ], [ -3.9424, 40.3306 ], [ -3.9426, 40.3307 ], [ -3.9426, 40.3309 ], [ -3.9423, 40.3312 ], [ -3.9416, 40.3312 ], [ -3.9414, 40.3314 ], [ -3.9409, 40.3309 ], [ -3.9402, 40.331 ], [ -3.9397, 40.3307 ], [ -3.9392, 40.3308 ], [ -3.9389, 40.3305 ], [ -3.9374, 40.3305 ], [ -3.9369, 40.3317 ], [ -3.9367, 40.3319 ], [ -3.9369, 40.3324 ], [ -3.9373, 40.3327 ], [ -3.9383, 40.3341 ], [ -3.9396, 40.3345 ], [ -3.9396, 40.3351 ], [ -3.9398, 40.3353 ], [ -3.9405, 40.3353 ], [ -3.9414, 40.3351 ], [ -3.9419, 40.3348 ], [ -3.9432, 40.3344 ], [ -3.9439, 40.3343 ], [ -3.9443, 40.3344 ] ] ] } },
{ "type": "Feature", "properties": { "municipio": "Villaviciosa de Odón", "clasificacion": "no-urbanizable-protegido", "calificacion": "sin-asignar", "version": "vigente", "fuente": "SIT-CAM WFS — UsoDelSuelo:VPLA_V_CLASIFICACION (https://idem.comunidad.madrid/geosrvg/ows)", "fecha_dato": "2026-05-12", "ambito": "39950", "_raw_CD_SIGLAS": "SNUP_A", "_raw_DS_CLASIF_GEN": "Suelo No Urbanizable Protegido (APLAZADO)", "_raw_DS_CLASIF_DET": "Suelo No Urbanizable Protegido. Clase I. Espacios Protegidos. Parque Regional del Curso Medio del río Guadarrama; zona de Protección y Mejora.", "_raw_DS_DOCU": "PLAN GENERAL", "_raw_DS_LEY": "CM Ley 9/1995, E Ley 6/1998, E RDL 1/1992, E RD 1346/1976", "_raw_FC_AC": "1999-07-15", "_raw_NM_AREA_M2": 44082.676257123101, "_cam_code": "181" }, "geometry": { "type": "Polygon", "coordinates": [ [ [ -3.9511, 40.3515 ], [ -3.9511, 40.3516 ], [ -3.9512, 40.3514 ], [ -3.9514, 40.3515 ], [ -3.9521, 40.351 ], [ -3.9527, 40.351 ], [ -3.9535, 40.3506 ], [ -3.9539, 40.3506 ], [ -3.9535, 40.35 ], [ -3.9535, 40.3495 ], [ -3.9531, 40.3494 ], [ -3.9509, 40.3494 ], [ -3.9507, 40.3495 ], [ -3.9508, 40.3507 ], [ -3.9511, 40.3511 ], [ -3.9511, 40.3515 ] ] ] } },
{ "type": "Feature", "properties": { "municipio": "Villaviciosa de Odón", "clasificacion": "no-urbanizable-protegido", "calificacion": "sin-asignar", "version": "vigente", "fuente": "SIT-CAM WFS — UsoDelSuelo:VPLA_V_CLASIFICACION (https://idem.comunidad.madrid/geosrvg/ows)", "fecha_dato": "2026-05-12", "ambito": "39950", "_raw_CD_SIGLAS": "SNUP_A", "_raw_DS_CLASIF_GEN": "Suelo No Urbanizable Protegido (APLAZADO)", "_raw_DS_CLASIF_DET": "Suelo No Urbanizable Protegido. Clase I. Espacios Protegidos. Parque Regional del Curso Medio del río Guadarrama; zona de Protección y Mejora.", "_raw_DS_DOCU": "PLAN GENERAL", "_raw_DS_LEY": "CM Ley 9/1995, E Ley 6/1998, E RDL 1/1992, E RD 1346/1976", "_raw_FC_AC": "1999-07-15", "_raw_NM_AREA_M2": 1376819.4889469, "_cam_code": "181" }, "geometry": { "type": "Polygon", "coordinates": [ [ [ -3.9861, 40.3569 ], [ -3.9882, 40.3576 ], [ -3.9887, 40.3576 ], [ -3.9903, 40.3573 ], [ -3.9912, 40.3573 ], [ -3.9915, 40.3571 ], [ -3.9921, 40.357 ], [ -3.9921, 40.3568 ], [ -3.9924, 40.3565 ], [ -3.9926, 40.3548 ], [ -3.9932, 40.3538 ], [ -3.9938, 40.3534 ], [ -3.9938, 40.3529 ], [ -3.9936, 40.3525 ], [ -3.9931, 40.3519 ], [ -3.9928, 40.3513 ], [ -3.9922, 40.3507 ], [ -3.9921, 40.3503 ], [ -3.9913, 40.3498 ], [ -3.991, 40.3493 ], [ -3.9903, 40.349 ], [ -3.9903, 40.3489 ], [ -3.9901, 40.3489 ], [ -3.9901, 40.3488 ], [ -3.9899, 40.3488 ], [ -3.9894, 40.3481 ], [ -3.9889, 40.3481 ], [ -3.9886, 40.3479 ], [ -3.988, 40.348 ], [ -3.9856, 40.3479 ], [ -3.9844, 40.3483 ], [ -3.9838, 40.3483 ], [ -3.9827, 40.3488 ], [ -3.9815, 40.3508 ], [ -3.9813, 40.3515 ], [ -3.9808, 40.3521 ], [ -3.9802, 40.3534 ], [ -3.9797, 40.3532 ], [ -3.9796, 40.353 ], [ -3.9785, 40.3524 ], [ -3.9764, 40.3516 ], [ -3.9756, 40.3515 ], [ -3.9749, 40.3512 ], [ -3.9739, 40.351 ], [ -3.9736, 40.3507 ], [ -3.9741, 40.3502 ], [ -3.9752, 40.3496 ], [ -3.9764, 40.3493 ], [ -3.9779, 40.3492 ], [ -3.9772, 40.3488 ], [ -3.9764, 40.3488 ], [ -3.9748, 40.3492 ], [ -3.9724, 40.3502 ], [ -3.9709, 40.35 ], [ -3.97, 40.3502 ], [ -3.9682, 40.3502 ], [ -3.9676, 40.3504 ], [ -3.9675, 40.3508 ], [ -3.9677, 40.3513 ], [ -3.9683, 40.3518 ], [ -3.9694, 40.3522 ], [ -3.9696, 40.3537 ], [ -3.9689, 40.3545 ], [ -3.9698, 40.3545 ], [ -3.971, 40.3543 ], [ -3.9723, 40.3548 ], [ -3.9743, 40.3546 ], [ -3.9764, 40.3552 ], [ -3.9775, 40.3552 ], [ -3.9792, 40.3559 ], [ -3.9843, 40.357 ], [ -3.9861, 40.3569 ] ] ] } },
{ "type": "Feature", "properties": { "municipio": "Villaviciosa de Odón", "clasificacion": "no-urbanizable-protegido", "calificacion": "sin-asignar", "version": "vigente", "fuente": "SIT-CAM WFS — UsoDelSuelo:VPLA_V_CLASIFICACION (https://idem.comunidad.madrid/geosrvg/ows)", "fecha_dato": "2026-05-12", "ambito": "39950", "_raw_CD_SIGLAS": "SNUP_A", "_raw_DS_CLASIF_GEN": "Suelo No Urbanizable Protegido (APLAZADO)", "_raw_DS_CLASIF_DET": "Suelo No Urbanizable Protegido. Clase I. Espacios Protegidos. Parque Regional del Curso Medio del río Guadarrama; zona de Protección y Mejora.", "_raw_DS_DOCU": "PLAN GENERAL", "_raw_DS_LEY": "CM Ley 9/1995, E Ley 6/1998, E RDL 1/1992, E RD 1346/1976", "_raw_FC_AC": "1999-07-15", "_raw_NM_AREA_M2": 2205316.9170445101, "_cam_code": "181" }, "geometry": { "type": "Polygon", "coordinates": [ [ [ -3.9592, 40.3677 ], [ -3.9594, 40.3676 ], [ -3.9594, 40.3674 ], [ -3.9595, 40.3674 ], [ -3.9597, 40.367 ], [ -3.9605, 40.3664 ], [ -3.9608, 40.3664 ], [ -3.9608, 40.3665 ], [ -3.961, 40.3665 ], [ -3.961, 40.3666 ], [ -3.9616, 40.3669 ], [ -3.9627, 40.3666 ], [ -3.9635, 40.3666 ], [ -3.9635, 40.3667 ], [ -3.964, 40.3667 ], [ -3.9641, 40.3668 ], [ -3.9651, 40.3657 ], [ -3.9657, 40.3657 ], [ -3.9663, 40.3655 ], [ -3.967, 40.3656 ], [ -3.967, 40.3659 ], [ -3.9672, 40.3661 ], [ -3.9684, 40.3661 ], [ -3.9687, 40.3656 ], [ -3.9698, 40.3655 ], [ -3.9703, 40.3653 ], [ -3.9703, 40.3652 ], [ -3.9711, 40.3651 ], [ -3.9711, 40.365 ], [ -3.9732, 40.3651 ], [ -3.9743, 40.3645 ], [ -3.9754, 40.3636 ], [ -3.9768, 40.3632 ], [ -3.9768, 40.3631 ], [ -3.977, 40.3631 ], [ -3.977, 40.363 ], [ -3.9776, 40.3627 ], [ -3.9791, 40.3623 ], [ -3.9796, 40.3624 ], [ -3.9804, 40.3628 ], [ -3.9812, 40.3637 ], [ -3.9817, 40.3648 ], [ -3.9822, 40.3648 ], [ -3.9829, 40.3644 ], [ -3.9839, 40.3645 ], [ -3.9845, 40.3642 ], [ -3.9851, 40.3642 ], [ -3.9859, 40.364 ], [ -3.9872, 40.3635 ], [ -3.9884, 40.3632 ], [ -3.9888, 40.3629 ], [ -3.9878, 40.3623 ], [ -3.9872, 40.3617 ], [ -3.9861, 40.3614 ], [ -3.9849, 40.3614 ], [ -3.9838, 40.3606 ], [ -3.9836, 40.3603 ], [ -3.9841, 40.3598 ], [ -3.9844, 40.3597 ], [ -3.985, 40.3592 ], [ -3.9852, 40.3588 ], [ -3.9853, 40.3581 ], [ -3.9855, 40.3578 ], [ -3.9856, 40.357 ], [ -3.9847, 40.3571 ], [ -3.9823, 40.3567 ], [ -3.9796, 40.356 ], [ -3.9791, 40.356 ], [ -3.9789, 40.3558 ], [ -3.9776, 40.3553 ], [ -3.9764, 40.3553 ], [ -3.9745, 40.3547 ], [ -3.9727, 40.3549 ], [ -3.9723, 40.3549 ], [ -3.9713, 40.3545 ], [ -3.9703, 40.3545 ], [ -3.969, 40.3547 ], [ -3.969, 40.3551 ], [ -3.9695, 40.3571 ], [ -3.9706, 40.3595 ], [ -3.9705, 40.3598 ], [ -3.9704, 40.3596 ], [ -3.9701, 40.3596 ], [ -3.9694, 40.3599 ], [ -3.9691, 40.3602 ], [ -3.9685, 40.3605 ], [ -3.9677, 40.3615 ], [ -3.9675, 40.3613 ], [ -3.9672, 40.3613 ], [ -3.9672, 40.3612 ], [ -3.9667, 40.3612 ], [ -3.9666, 40.3613 ], [ -3.9669, 40.3635 ], [ -3.9659, 40.3636 ], [ -3.9644, 40.3633 ], [ -3.9637, 40.363 ], [ -3.9628, 40.3631 ], [ -3.9627, 40.3643 ], [ -3.9629, 40.3654 ], [ -3.9615, 40.365 ], [ -3.9604, 40.365 ], [ -3.9602, 40.3649 ], [ -3.9596, 40.3649 ], [ -3.9589, 40.3652 ], [ -3.9584, 40.3652 ], [ -3.9581, 40.3646 ], [ -3.9576, 40.3625 ], [ -3.9574, 40.3623 ], [ -3.9551, 40.3624 ], [ -3.9551, 40.3625 ], [ -3.9535, 40.3625 ], [ -3.9528, 40.3628 ], [ -3.9518, 40.363 ], [ -3.9518, 40.3631 ], [ -3.9514, 40.3632 ], [ -3.9504, 40.3638 ], [ -3.95, 40.3636 ], [ -3.9499, 40.3634 ], [ -3.9507, 40.3628 ], [ -3.9524, 40.3623 ], [ -3.9533, 40.3621 ], [ -3.956, 40.362 ], [ -3.9578, 40.3617 ], [ -3.9576, 40.3611 ], [ -3.9549, 40.3593 ], [ -3.9521, 40.3589 ], [ -3.9515, 40.3586 ], [ -3.9506, 40.3586 ], [ -3.9507, 40.3588 ], [ -3.9506, 40.3588 ], [ -3.9503, 40.3597 ], [ -3.9491, 40.3609 ], [ -3.9488, 40.3616 ], [ -3.9487, 40.3616 ], [ -3.9487, 40.3618 ], [ -3.9486, 40.3618 ], [ -3.9483, 40.3628 ], [ -3.948, 40.3632 ], [ -3.9482, 40.3643 ], [ -3.9494, 40.3665 ], [ -3.9496, 40.3666 ], [ -3.9496, 40.3668 ], [ -3.9544, 40.3667 ], [ -3.9553, 40.3674 ], [ -3.9557, 40.3672 ], [ -3.9576, 40.3677 ], [ -3.9592, 40.3677 ] ] ] } },
{ "type": "Feature", "properties": { "municipio": "Villaviciosa de Odón", "clasificacion": "no-urbanizable-protegido", "calificacion": "sin-asignar", "version": "vigente", "fuente": "SIT-CAM WFS — UsoDelSuelo:VPLA_V_CLASIFICACION (https://idem.comunidad.madrid/geosrvg/ows)", "fecha_dato": "2026-05-12", "ambito": "39950", "_raw_CD_SIGLAS": "SNUP_A", "_raw_DS_CLASIF_GEN": "Suelo No Urbanizable Protegido (APLAZADO)", "_raw_DS_CLASIF_DET": "Suelo No Urbanizable Protegido. Clase I. Espacios Protegidos. Parque Regional del Curso Medio del río Guadarrama; zona de Protección y Mejora.", "_raw_DS_DOCU": "PLAN GENERAL", "_raw_DS_LEY": "CM Ley 9/1995, E Ley 6/1998, E RDL 1/1992, E RD 1346/1976", "_raw_FC_AC": "1999-07-15", "_raw_NM_AREA_M2": 241514.94031897499, "_cam_code": "181" }, "geometry": { "type": "Polygon", "coordinates": [ [ [ -3.9804, 40.3697 ], [ -3.9808, 40.3699 ], [ -3.9814, 40.3696 ], [ -3.9882, 40.3654 ], [ -3.9835, 40.3653 ], [ -3.9818, 40.3656 ], [ -3.9804, 40.366 ], [ -3.9798, 40.3663 ], [ -3.9795, 40.3668 ], [ -3.9782, 40.3678 ], [ -3.9771, 40.3683 ], [ -3.9761, 40.3685 ], [ -3.9765, 40.369 ], [ -3.977, 40.3692 ], [ -3.9773, 40.3692 ], [ -3.9776, 40.3689 ], [ -3.9778, 40.3689 ], [ -3.9781, 40.3692 ], [ -3.979, 40.3694 ], [ -3.9793, 40.3696 ], [ -3.9804, 40.3697 ] ] ] } },
{ "type": "Feature", "properties": { "municipio": "Villaviciosa de Odón", "clasificacion": "no-urbanizable-protegido", "calificacion": "sin-asignar", "version": "vigente", "fuente": "SIT-CAM WFS — UsoDelSuelo:VPLA_V_CLASIFICACION (https://idem.comunidad.madrid/geosrvg/ows)", "fecha_dato": "2026-05-12", "ambito": "39950", "_raw_CD_SIGLAS": "SNUP_A", "_raw_DS_CLASIF_GEN": "Suelo No Urbanizable Protegido (APLAZADO)", "_raw_DS_CLASIF_DET": "Suelo No Urbanizable Protegido. Clase I. Espacios Protegidos. Parque Regional del Curso Medio del río Guadarrama; zona de Protección y Mejora.", "_raw_DS_DOCU": "PLAN GENERAL", "_raw_DS_LEY": "CM Ley 9/1995, E Ley 6/1998, E RDL 1/1992, E RD 1346/1976", "_raw_FC_AC": "1999-07-15", "_raw_NM_AREA_M2": 84879.548447821493, "_cam_code": "181" }, "geometry": { "type": "Polygon", "coordinates": [ [ [ -3.966, 40.3694 ], [ -3.966, 40.3697 ], [ -3.9662, 40.3698 ], [ -3.9663, 40.3701 ], [ -3.9668, 40.3702 ], [ -3.9667, 40.3701 ], [ -3.9667, 40.3692 ], [ -3.967, 40.369 ], [ -3.9676, 40.369 ], [ -3.9676, 40.3681 ], [ -3.968, 40.3684 ], [ -3.968, 40.3688 ], [ -3.9686, 40.369 ], [ -3.9689, 40.3693 ], [ -3.9691, 40.3692 ], [ -3.969, 40.369 ], [ -3.9696, 40.3687 ], [ -3.9695, 40.3687 ], [ -3.9695, 40.3684 ], [ -3.9691, 40.3684 ], [ -3.9682, 40.3681 ], [ -3.9682, 40.3676 ], [ -3.9683, 40.3675 ], [ -3.9682, 40.3673 ], [ -3.9668, 40.367 ], [ -3.9666, 40.3667 ], [ -3.9661, 40.3665 ], [ -3.9659, 40.366 ], [ -3.9652, 40.3657 ], [ -3.9647, 40.3674 ], [ -3.9652, 40.3675 ], [ -3.9657, 40.3684 ], [ -3.9657, 40.3688 ], [ -3.9654, 40.3691 ], [ -3.9648, 40.3693 ], [ -3.9648, 40.3697 ], [ -3.9649, 40.3697 ], [ -3.9649, 40.3699 ], [ -3.9657, 40.3698 ], [ -3.966, 40.3694 ] ] ] } },
{ "type": "Feature", "properties": { "municipio": "Villaviciosa de Odón", "clasificacion": "no-urbanizable-protegido", "calificacion": "sin-asignar", "version": "vigente", "fuente": "SIT-CAM WFS — UsoDelSuelo:VPLA_V_CLASIFICACION (https://idem.comunidad.madrid/geosrvg/ows)", "fecha_dato": "2026-05-12", "ambito": "39950", "_raw_CD_SIGLAS": "SNUP_A", "_raw_DS_CLASIF_GEN": "Suelo No Urbanizable Protegido (APLAZADO)", "_raw_DS_CLASIF_DET": "Suelo No Urbanizable Protegido. Clase I. Espacios Protegidos. Parque Regional del Curso Medio del río Guadarrama; zona de Protección y Mejora.", "_raw_DS_DOCU": "PLAN GENERAL", "_raw_DS_LEY": "CM Ley 9/1995, E Ley 6/1998, E RDL 1/1992, E RD 1346/1976", "_raw_FC_AC": "1999-07-15", "_raw_NM_AREA_M2": 357422.054324008, "_cam_code": "181" }, "geometry": { "type": "Polygon", "coordinates": [ [ [ -3.9384, 40.415 ], [ -3.9404, 40.4153 ], [ -3.9419, 40.4153 ], [ -3.948, 40.414 ], [ -3.9477, 40.4134 ], [ -3.9477, 40.4128 ], [ -3.9476, 40.4124 ], [ -3.9474, 40.4122 ], [ -3.9471, 40.4105 ], [ -3.9464, 40.4095 ], [ -3.9462, 40.4083 ], [ -3.9459, 40.4079 ], [ -3.9459, 40.4076 ], [ -3.9454, 40.4082 ], [ -3.9442, 40.4086 ], [ -3.9431, 40.4099 ], [ -3.9422, 40.4105 ], [ -3.9411, 40.411 ], [ -3.9412, 40.4117 ], [ -3.9415, 40.4119 ], [ -3.9421, 40.4127 ], [ -3.9419, 40.4129 ], [ -3.9406, 40.4132 ], [ -3.9393, 40.4141 ], [ -3.9385, 40.4141 ], [ -3.9381, 40.4143 ], [ -3.9367, 40.4144 ], [ -3.9373, 40.4147 ], [ -3.9384, 40.415 ] ] ] } },
{ "type": "Feature", "properties": { "municipio": "Villaviciosa de Odón", "clasificacion": "no-urbanizable-protegido", "calificacion": "sin-asignar", "version": "vigente", "fuente": "SIT-CAM WFS — UsoDelSuelo:VPLA_V_CLASIFICACION (https://idem.comunidad.madrid/geosrvg/ows)", "fecha_dato": "2026-05-12", "ambito": "39950", "_raw_CD_SIGLAS": "SNUP_A", "_raw_DS_CLASIF_GEN": "Suelo No Urbanizable Protegido (APLAZADO)", "_raw_DS_CLASIF_DET": "Suelo No Urbanizable Protegido. Clase I. Espacios Protegidos. Parque Regional del Curso Medio del río Guadarrama; zona de Máxima Protección.", "_raw_DS_DOCU": "PLAN GENERAL", "_raw_DS_LEY": "CM Ley 9/1995, E Ley 6/1998, E RDL 1/1992, E RD 1346/1976", "_raw_FC_AC": "1999-07-15", "_raw_NM_AREA_M2": 112098.89215342099, "_cam_code": "181" }, "geometry": { "type": "Polygon", "coordinates": [ [ [ -3.9961, 40.3317 ], [ -3.9934, 40.3328 ], [ -3.9938, 40.3334 ], [ -3.9943, 40.3337 ], [ -3.9945, 40.334 ], [ -3.9953, 40.3344 ], [ -3.9956, 40.335 ], [ -3.9961, 40.3353 ], [ -3.9969, 40.3353 ], [ -3.9972, 40.335 ], [ -3.9974, 40.335 ], [ -3.9974, 40.3349 ], [ -3.9988, 40.3343 ], [ -3.9992, 40.334 ], [ -3.9996, 40.3332 ], [ -3.9996, 40.3331 ], [ -3.9971, 40.3325 ], [ -3.9966, 40.3325 ], [ -3.9966, 40.3324 ], [ -3.9962, 40.3323 ], [ -3.9961, 40.3317 ] ] ] } },
{ "type": "Feature", "properties": { "municipio": "Villaviciosa de Odón", "clasificacion": "no-urbanizable-protegido", "calificacion": "sin-asignar", "version": "vigente", "fuente": "SIT-CAM WFS — UsoDelSuelo:VPLA_V_CLASIFICACION (https://idem.comunidad.madrid/geosrvg/ows)", "fecha_dato": "2026-05-12", "ambito": "39950", "_raw_CD_SIGLAS": "SNUP_A", "_raw_DS_CLASIF_GEN": "Suelo No Urbanizable Protegido (APLAZADO)", "_raw_DS_CLASIF_DET": "Suelo No Urbanizable Protegido. Clase I. Espacios Protegidos. Parque Regional del Curso Medio del río Guadarrama; zona de Máxima Protección.", "_raw_DS_DOCU": "PLAN GENERAL", "_raw_DS_LEY": "CM Ley 9/1995, E Ley 6/1998, E RDL 1/1992, E RD 1346/1976", "_raw_FC_AC": "1999-07-15", "_raw_NM_AREA_M2": 149172.759258059, "_cam_code": "181" }, "geometry": { "type": "Polygon", "coordinates": [ [ [ -4.0021, 40.3407 ], [ -4.002, 40.3415 ], [ -4.0026, 40.3414 ], [ -4.0037, 40.3405 ], [ -4.0043, 40.3409 ], [ -4.0046, 40.3407 ], [ -4.0046, 40.3405 ], [ -4.0025, 40.3395 ], [ -4.002, 40.339 ], [ -4.0009, 40.3383 ], [ -4.0008, 40.3381 ], [ -4.0015, 40.3375 ], [ -4.0024, 40.336 ], [ -4.0027, 40.3358 ], [ -4.0028, 40.3355 ], [ -4.0035, 40.3348 ], [ -4.0021, 40.3334 ], [ -4.0011, 40.3333 ], [ -4.0014, 40.3334 ], [ -4.0007, 40.3348 ], [ -4.0006, 40.3348 ], [ -4.0006, 40.335 ], [ -4.0003, 40.3353 ], [ -4.0003, 40.3356 ], [ -3.9999, 40.3359 ], [ -3.9998, 40.3363 ], [ -3.999, 40.3371 ], [ -3.999, 40.3373 ], [ -3.9987, 40.3375 ], [ -3.9984, 40.338 ], [ -4.0008, 40.3388 ], [ -4.0014, 40.3393 ], [ -4.0021, 40.3407 ] ] ] } },
{ "type": "Feature", "properties": { "municipio": "Villaviciosa de Odón", "clasificacion": "no-urbanizable-protegido", "calificacion": "sin-asignar", "version": "vigente", "fuente": "SIT-CAM WFS — UsoDelSuelo:VPLA_V_CLASIFICACION (https://idem.comunidad.madrid/geosrvg/ows)", "fecha_dato": "2026-05-12", "ambito": "39950", "_raw_CD_SIGLAS": "SNUP_A", "_raw_DS_CLASIF_GEN": "Suelo No Urbanizable Protegido (APLAZADO)", "_raw_DS_CLASIF_DET": "Suelo No Urbanizable Protegido. Clase I. Espacios Protegidos. Parque Regional del Curso Medio del río Guadarrama; zona de Máxima Protección.", "_raw_DS_DOCU": "PLAN GENERAL", "_raw_DS_LEY": "CM Ley 9/1995, E Ley 6/1998, E RDL 1/1992, E RD 1346/1976", "_raw_FC_AC": "1999-07-15", "_raw_NM_AREA_M2": 72800.980186647095, "_cam_code": "181" }, "geometry": { "type": "Polygon", "coordinates": [ [ [ -3.9508, 40.3491 ], [ -3.9507, 40.3495 ], [ -3.9509, 40.3494 ], [ -3.9531, 40.3494 ], [ -3.9535, 40.3495 ], [ -3.9528, 40.3484 ], [ -3.9522, 40.3479 ], [ -3.9519, 40.346 ], [ -3.9505, 40.3456 ], [ -3.9499, 40.3452 ], [ -3.9494, 40.3451 ], [ -3.9494, 40.346 ], [ -3.9495, 40.346 ], [ -3.9496, 40.3464 ], [ -3.9498, 40.3466 ], [ -3.9502, 40.3467 ], [ -3.9504, 40.3469 ], [ -3.9505, 40.3473 ], [ -3.9506, 40.3473 ], [ -3.9506, 40.3475 ], [ -3.9507, 40.3475 ], [ -3.9508, 40.3478 ], [ -3.9507, 40.3479 ], [ -3.9508, 40.3491 ] ] ] } },
{ "type": "Feature", "properties": { "municipio": "Villaviciosa de Odón", "clasificacion": "no-urbanizable-protegido", "calificacion": "sin-asignar", "version": "vigente", "fuente": "SIT-CAM WFS — UsoDelSuelo:VPLA_V_CLASIFICACION (https://idem.comunidad.madrid/geosrvg/ows)", "fecha_dato": "2026-05-12", "ambito": "39950", "_raw_CD_SIGLAS": "SNUP_A", "_raw_DS_CLASIF_GEN": "Suelo No Urbanizable Protegido (APLAZADO)", "_raw_DS_CLASIF_DET": "Suelo No Urbanizable Protegido. Clase I. Espacios Protegidos. Parque Regional del Curso Medio del río Guadarrama; zona de Máxima Protección.", "_raw_DS_DOCU": "PLAN GENERAL", "_raw_DS_LEY": "CM Ley 9/1995, E Ley 6/1998, E RDL 1/1992, E RD 1346/1976", "_raw_FC_AC": "1999-07-15", "_raw_NM_AREA_M2": 798246.24581208499, "_cam_code": "181" }, "geometry": { "type": "Polygon", "coordinates": [ [ [ -3.9923, 40.3565 ], [ -3.9921, 40.357 ], [ -3.9931, 40.3567 ], [ -3.9953, 40.3556 ], [ -3.996, 40.3554 ], [ -3.9999, 40.3551 ], [ -4.0013, 40.3548 ], [ -4.0007, 40.3527 ], [ -3.9993, 40.3507 ], [ -3.9992, 40.3494 ], [ -3.9986, 40.3478 ], [ -3.9984, 40.3458 ], [ -3.998, 40.3456 ], [ -3.9975, 40.3456 ], [ -3.9956, 40.3461 ], [ -3.9944, 40.3461 ], [ -3.9942, 40.3463 ], [ -3.9925, 40.3468 ], [ -3.9925, 40.3467 ], [ -3.9908, 40.3467 ], [ -3.9907, 40.3468 ], [ -3.9856, 40.3467 ], [ -3.9854, 40.3469 ], [ -3.9843, 40.3474 ], [ -3.9833, 40.3475 ], [ -3.9819, 40.3481 ], [ -3.9795, 40.3481 ], [ -3.9782, 40.3489 ], [ -3.9777, 40.349 ], [ -3.978, 40.3492 ], [ -3.9807, 40.3486 ], [ -3.9816, 40.3485 ], [ -3.9831, 40.3486 ], [ -3.9838, 40.3483 ], [ -3.9844, 40.3483 ], [ -3.9856, 40.3479 ], [ -3.9866, 40.3479 ], [ -3.9868, 40.348 ], [ -3.9886, 40.3479 ], [ -3.9889, 40.3481 ], [ -3.9894, 40.3481 ], [ -3.9899, 40.3488 ], [ -3.9901, 40.3488 ], [ -3.9901, 40.3489 ], [ -3.9903, 40.3489 ], [ -3.9903, 40.349 ], [ -3.991, 40.3493 ], [ -3.9913, 40.3498 ], [ -3.9921, 40.3503 ], [ -3.9922, 40.3507 ], [ -3.9928, 40.3513 ], [ -3.9938, 40.3529 ], [ -3.9938, 40.3534 ], [ -3.9932, 40.3538 ], [ -3.9926, 40.3548 ], [ -3.9924, 40.3565 ], [ -3.9923, 40.3565 ] ] ] } },
{ "type": "Feature", "properties": { "municipio": "Villaviciosa de Odón", "clasificacion": "no-urbanizable-protegido", "calificacion": "sin-asignar", "version": "vigente", "fuente": "SIT-CAM WFS — UsoDelSuelo:VPLA_V_CLASIFICACION (https://idem.comunidad.madrid/geosrvg/ows)", "fecha_dato": "2026-05-12", "ambito": "39950", "_raw_CD_SIGLAS": "SNUP_A", "_raw_DS_CLASIF_GEN": "Suelo No Urbanizable Protegido (APLAZADO)", "_raw_DS_CLASIF_DET": "Suelo No Urbanizable Protegido. Clase I. Espacios Protegidos. Parque Regional del Curso Medio del río Guadarrama; zona de Máxima Protección.", "_raw_DS_DOCU": "PLAN GENERAL", "_raw_DS_LEY": "CM Ley 9/1995, E Ley 6/1998, E RDL 1/1992, E RD 1346/1976", "_raw_FC_AC": "1999-07-15", "_raw_NM_AREA_M2": 465391.75079015101, "_cam_code": "181" }, "geometry": { "type": "Polygon", "coordinates": [ [ [ -3.9389, 40.3533 ], [ -3.9377, 40.3595 ], [ -3.9383, 40.3594 ], [ -3.9397, 40.3586 ], [ -3.9409, 40.3586 ], [ -3.9413, 40.3582 ], [ -3.943, 40.3582 ], [ -3.9435, 40.358 ], [ -3.9457, 40.358 ], [ -3.9461, 40.3579 ], [ -3.9461, 40.3578 ], [ -3.9465, 40.3578 ], [ -3.9465, 40.3577 ], [ -3.9472, 40.3574 ], [ -3.9479, 40.3567 ], [ -3.9479, 40.3565 ], [ -3.9482, 40.3563 ], [ -3.9487, 40.3552 ], [ -3.9488, 40.3545 ], [ -3.9489, 40.3545 ], [ -3.9488, 40.3536 ], [ -3.9462, 40.3536 ], [ -3.9448, 40.3531 ], [ -3.9439, 40.3534 ], [ -3.9415, 40.353 ], [ -3.9398, 40.353 ], [ -3.9389, 40.3533 ] ] ] } },
{ "type": "Feature", "properties": { "municipio": "Villaviciosa de Odón", "clasificacion": "no-urbanizable-protegido", "calificacion": "sin-asignar", "version": "vigente", "fuente": "SIT-CAM WFS — UsoDelSuelo:VPLA_V_CLASIFICACION (https://idem.comunidad.madrid/geosrvg/ows)", "fecha_dato": "2026-05-12", "ambito": "39950", "_raw_CD_SIGLAS": "SNUP_A", "_raw_DS_CLASIF_GEN": "Suelo No Urbanizable Protegido (APLAZADO)", "_raw_DS_CLASIF_DET": "Suelo No Urbanizable Protegido. Clase IV. Espacios Rurales con Restricción de Uso. Parque Regional del Curso Medio del río Guadarrama; zona de Mantenimiento de la Actividad.", "_raw_DS_DOCU": "PLAN GENERAL", "_raw_DS_LEY": "CM Ley 9/1995, E Ley 6/1998, E RDL 1/1992, E RD 1346/1976", "_raw_FC_AC": "1999-07-15", "_raw_NM_AREA_M2": 31891.4568129646, "_cam_code": "181" }, "geometry": { "type": "Polygon", "coordinates": [ [ [ -3.9262, 40.3636 ], [ -3.9256, 40.3634 ], [ -3.9249, 40.3634 ], [ -3.9244, 40.3635 ], [ -3.9244, 40.3636 ], [ -3.9239, 40.3636 ], [ -3.9209, 40.365 ], [ -3.9224, 40.3653 ], [ -3.924, 40.3644 ], [ -3.9262, 40.3636 ] ] ] } },
{ "type": "Feature", "properties": { "municipio": "Villaviciosa de Odón", "clasificacion": "no-urbanizable-protegido", "calificacion": "sin-asignar", "version": "vigente", "fuente": "SIT-CAM WFS — UsoDelSuelo:VPLA_V_CLASIFICACION (https://idem.comunidad.madrid/geosrvg/ows)", "fecha_dato": "2026-05-12", "ambito": "39950", "_raw_CD_SIGLAS": "SNUP_A", "_raw_DS_CLASIF_GEN": "Suelo No Urbanizable Protegido (APLAZADO)", "_raw_DS_CLASIF_DET": "Suelo No Urbanizable Protegido. Clase I. Espacios Protegidos. Cauces y Riberas. Parque Regional del Curso Medio del río Guadarrama; zona de Máxima Protección. Vías Pecuarias.", "_raw_DS_DOCU": "PLAN GENERAL", "_raw_DS_LEY": "CM Ley 9/1995, E Ley 6/1998, E RDL 1/1992, E RD 1346/1976", "_raw_FC_AC": "1999-07-15", "_raw_NM_AREA_M2": 8222.4623407540093, "_cam_code": "181" }, "geometry": { "type": "Polygon", "coordinates": [ [ [ -3.9488, 40.3536 ], [ -3.9491, 40.3535 ], [ -3.9503, 40.3536 ], [ -3.9511, 40.3516 ], [ -3.9506, 40.3522 ], [ -3.9504, 40.3528 ], [ -3.9501, 40.3531 ], [ -3.9488, 40.3534 ], [ -3.9488, 40.3536 ] ] ] } },
{ "type": "Feature", "properties": { "municipio": "Villaviciosa de Odón", "clasificacion": "no-urbanizable-protegido", "calificacion": "sin-asignar", "version": "vigente", "fuente": "SIT-CAM WFS — UsoDelSuelo:VPLA_V_CLASIFICACION (https://idem.comunidad.madrid/geosrvg/ows)", "fecha_dato": "2026-05-12", "ambito": "39950", "_raw_CD_SIGLAS": "SNUP_A", "_raw_DS_CLASIF_GEN": "Suelo No Urbanizable Protegido (APLAZADO)", "_raw_DS_CLASIF_DET": "Suelo No Urbanizable Protegido. Clase I. Espacios Protegidos. Cauces y Riberas. Parque Regional del Curso Medio del río Guadarrama; zona de Máxima Protección. Vías Pecuarias.", "_raw_DS_DOCU": "PLAN GENERAL", "_raw_DS_LEY": "CM Ley 9/1995, E Ley 6/1998, E RDL 1/1992, E RD 1346/1976", "_raw_FC_AC": "1999-07-15", "_raw_NM_AREA_M2": 2995.7562819250102, "_cam_code": "181" }, "geometry": { "type": "Polygon", "coordinates": [ [ [ -3.9189, 40.3656 ], [ -3.9192, 40.3657 ], [ -3.9193, 40.3657 ], [ -3.9192, 40.3656 ], [ -3.9194, 40.3654 ], [ -3.9203, 40.365 ], [ -3.9197, 40.3649 ], [ -3.9189, 40.3656 ] ] ] } },
{ "type": "Feature", "properties": { "municipio": "Villaviciosa de Odón", "clasificacion": "no-urbanizable-protegido", "calificacion": "sin-asignar", "version": "vigente", "fuente": "SIT-CAM WFS — UsoDelSuelo:VPLA_V_CLASIFICACION (https://idem.comunidad.madrid/geosrvg/ows)", "fecha_dato": "2026-05-12", "ambito": "39950", "_raw_CD_SIGLAS": "SNUP_A", "_raw_DS_CLASIF_GEN": "Suelo No Urbanizable Protegido (APLAZADO)", "_raw_DS_CLASIF_DET": "Suelo No Urbanizable Protegido. Clase I. Espacios Protegidos. Cauces y Riberas. Parque Regional del Curso Medio del río Guadarrama; zona de Protección y Mejora.", "_raw_DS_DOCU": "PLAN GENERAL", "_raw_DS_LEY": "CM Ley 9/1995, E Ley 6/1998, E RDL 1/1992, E RD 1346/1976", "_raw_FC_AC": "1999-07-15", "_raw_NM_AREA_M2": 41607.541257198303, "_cam_code": "181" }, "geometry": { "type": "Polygon", "coordinates": [ [ [ -3.9467, 40.3385 ], [ -3.9482, 40.3384 ], [ -3.9487, 40.338 ], [ -3.9484, 40.3373 ], [ -3.9476, 40.3365 ], [ -3.9475, 40.3358 ], [ -3.9477, 40.3354 ], [ -3.9477, 40.3351 ], [ -3.9473, 40.3348 ], [ -3.9467, 40.3339 ], [ -3.9462, 40.3335 ], [ -3.947, 40.3362 ], [ -3.947, 40.3372 ], [ -3.9467, 40.3381 ], [ -3.9467, 40.3385 ] ] ] } },
{ "type": "Feature", "properties": { "municipio": "Villaviciosa de Odón", "clasificacion": "no-urbanizable-protegido", "calificacion": "sin-asignar", "version": "vigente", "fuente": "SIT-CAM WFS — UsoDelSuelo:VPLA_V_CLASIFICACION (https://idem.comunidad.madrid/geosrvg/ows)", "fecha_dato": "2026-05-12", "ambito": "39950", "_raw_CD_SIGLAS": "SNUP_A", "_raw_DS_CLASIF_GEN": "Suelo No Urbanizable Protegido (APLAZADO)", "_raw_DS_CLASIF_DET": "Suelo No Urbanizable Protegido. Clase I. Espacios Protegidos. Parque Regional del Curso Medio del río Guadarrama; zona de Máxima Protección.", "_raw_DS_DOCU": "PLAN GENERAL", "_raw_DS_LEY": "CM Ley 9/1995, E Ley 6/1998, E RDL 1/1992, E RD 1346/1976", "_raw_FC_AC": "1999-07-15", "_raw_NM_AREA_M2": 1142172.6888216201, "_cam_code": "181" }, "geometry": { "type": "Polygon", "coordinates": [ [ [ -3.9811, 40.3656 ], [ -3.9793, 40.3664 ], [ -3.9767, 40.3684 ], [ -3.9787, 40.3675 ], [ -3.9795, 40.3668 ], [ -3.9798, 40.3663 ], [ -3.9804, 40.366 ], [ -3.9818, 40.3656 ], [ -3.9835, 40.3653 ], [ -3.9882, 40.3654 ], [ -3.9909, 40.3637 ], [ -3.9962, 40.3633 ], [ -4.0008, 40.3621 ], [ -4.0018, 40.3615 ], [ -4.0018, 40.3607 ], [ -4.0017, 40.3606 ], [ -4.0018, 40.3594 ], [ -4.0014, 40.3582 ], [ -4.0014, 40.3575 ], [ -4.0018, 40.3566 ], [ -4.0015, 40.3551 ], [ -4.0013, 40.3548 ], [ -3.9998, 40.3552 ], [ -3.9959, 40.3555 ], [ -3.9931, 40.3568 ], [ -3.9918, 40.3571 ], [ -3.9911, 40.3574 ], [ -3.9881, 40.3576 ], [ -3.9861, 40.357 ], [ -3.9856, 40.357 ], [ -3.9855, 40.3578 ], [ -3.9853, 40.3581 ], [ -3.9852, 40.3588 ], [ -3.985, 40.3592 ], [ -3.9844, 40.3597 ], [ -3.9841, 40.3598 ], [ -3.9836, 40.3603 ], [ -3.9838, 40.3606 ], [ -3.9849, 40.3614 ], [ -3.9861, 40.3614 ], [ -3.9872, 40.3617 ], [ -3.9878, 40.3623 ], [ -3.9888, 40.3629 ], [ -3.9884, 40.3632 ], [ -3.9872, 40.3635 ], [ -3.9859, 40.364 ], [ -3.9851, 40.3642 ], [ -3.9845, 40.3642 ], [ -3.9839, 40.3645 ], [ -3.9829, 40.3644 ], [ -3.9822, 40.3648 ], [ -3.9824, 40.3652 ], [ -3.9811, 40.3656 ] ] ] } },
{ "type": "Feature", "properties": { "municipio": "Villaviciosa de Odón", "clasificacion": "no-urbanizable-protegido", "calificacion": "sin-asignar", "version": "vigente", "fuente": "SIT-CAM WFS — UsoDelSuelo:VPLA_V_CLASIFICACION (https://idem.comunidad.madrid/geosrvg/ows)", "fecha_dato": "2026-05-12", "ambito": "39950", "_raw_CD_SIGLAS": "SNUP_A", "_raw_DS_CLASIF_GEN": "Suelo No Urbanizable Protegido (APLAZADO)", "_raw_DS_CLASIF_DET": "Suelo No Urbanizable Protegido. Clase I. Espacios Protegidos. Parque Regional del Curso Medio del río Guadarrama; zona de Máxima Protección.", "_raw_DS_DOCU": "PLAN GENERAL", "_raw_DS_LEY": "CM Ley 9/1995, E Ley 6/1998, E RDL 1/1992, E RD 1346/1976", "_raw_FC_AC": "1999-07-15", "_raw_NM_AREA_M2": 1148649.33698702, "_cam_code": "181" }, "geometry": { "type": "Polygon", "coordinates": [ [ [ -3.9256, 40.4047 ], [ -3.9242, 40.4058 ], [ -3.9242, 40.406 ], [ -3.9244, 40.4061 ], [ -3.9245, 40.4064 ], [ -3.9244, 40.407 ], [ -3.9233, 40.4081 ], [ -3.9266, 40.4097 ], [ -3.9296, 40.4121 ], [ -3.9306, 40.4124 ], [ -3.9321, 40.4117 ], [ -3.9333, 40.4115 ], [ -3.9362, 40.4114 ], [ -3.9352, 40.4096 ], [ -3.9351, 40.4096 ], [ -3.9345, 40.4085 ], [ -3.9344, 40.4085 ], [ -3.9342, 40.4077 ], [ -3.9338, 40.4073 ], [ -3.9336, 40.4067 ], [ -3.9334, 40.4065 ], [ -3.9333, 40.4061 ], [ -3.9332, 40.4061 ], [ -3.9332, 40.4058 ], [ -3.9327, 40.4054 ], [ -3.9328, 40.4052 ], [ -3.935, 40.4051 ], [ -3.9349, 40.4042 ], [ -3.9346, 40.404 ], [ -3.9345, 40.4037 ], [ -3.9342, 40.4035 ], [ -3.9342, 40.4033 ], [ -3.934, 40.4031 ], [ -3.9329, 40.4024 ], [ -3.9329, 40.4022 ], [ -3.9328, 40.4022 ], [ -3.9326, 40.4018 ], [ -3.9326, 40.4013 ], [ -3.9329, 40.4011 ], [ -3.9332, 40.4004 ], [ -3.9333, 40.4004 ], [ -3.9335, 40.3999 ], [ -3.9338, 40.3996 ], [ -3.933, 40.3983 ], [ -3.9327, 40.3981 ], [ -3.9326, 40.3978 ], [ -3.9315, 40.3968 ], [ -3.9311, 40.3961 ], [ -3.9306, 40.3958 ], [ -3.9304, 40.3954 ], [ -3.9304, 40.3955 ], [ -3.9301, 40.3956 ], [ -3.9296, 40.3955 ], [ -3.9296, 40.3957 ], [ -3.9293, 40.3958 ], [ -3.9293, 40.396 ], [ -3.9289, 40.3963 ], [ -3.9288, 40.3967 ], [ -3.9282, 40.3968 ], [ -3.928, 40.397 ], [ -3.9278, 40.3974 ], [ -3.9278, 40.3977 ], [ -3.9275, 40.3978 ], [ -3.9274, 40.3981 ], [ -3.9272, 40.3982 ], [ -3.9274, 40.3985 ], [ -3.9272, 40.3985 ], [ -3.927, 40.3987 ], [ -3.9267, 40.3987 ], [ -3.9264, 40.3991 ], [ -3.9259, 40.3992 ], [ -3.926, 40.3996 ], [ -3.9268, 40.3998 ], [ -3.9268, 40.4001 ], [ -3.9262, 40.4007 ], [ -3.9258, 40.4008 ], [ -3.9256, 40.4011 ], [ -3.9256, 40.4012 ], [ -3.926, 40.4013 ], [ -3.9261, 40.4018 ], [ -3.9258, 40.4019 ], [ -3.925, 40.4026 ], [ -3.9249, 40.403 ], [ -3.925, 40.4033 ], [ -3.9252, 40.4033 ], [ -3.9256, 40.4037 ], [ -3.9256, 40.4047 ] ] ] } },
{ "type": "Feature", "properties": { "municipio": "Villaviciosa de Odón", "clasificacion": "no-urbanizable-protegido", "calificacion": "sin-asignar", "version": "vigente", "fuente": "SIT-CAM WFS — UsoDelSuelo:VPLA_V_CLASIFICACION (https://idem.comunidad.madrid/geosrvg/ows)", "fecha_dato": "2026-05-12", "ambito": "39950", "_raw_CD_SIGLAS": "SNUP_A", "_raw_DS_CLASIF_GEN": "Suelo No Urbanizable Protegido (APLAZADO)", "_raw_DS_CLASIF_DET": "Suelo No Urbanizable Protegido. Clase I. Espacios Protegidos. Parque Regional del Curso Medio del río Guadarrama; zona de Máxima Protección.", "_raw_DS_DOCU": "PLAN GENERAL", "_raw_DS_LEY": "CM Ley 9/1995, E Ley 6/1998, E RDL 1/1992, E RD 1346/1976", "_raw_FC_AC": "1999-07-15", "_raw_NM_AREA_M2": 201513.21890922901, "_cam_code": "181" }, "geometry": { "type": "Polygon", "coordinates": [ [ [ -3.933, 40.4131 ], [ -3.9367, 40.4144 ], [ -3.9381, 40.4143 ], [ -3.9385, 40.4141 ], [ -3.9393, 40.4141 ], [ -3.9404, 40.4133 ], [ -3.9417, 40.413 ], [ -3.9421, 40.4127 ], [ -3.9415, 40.4119 ], [ -3.9412, 40.4117 ], [ -3.9411, 40.411 ], [ -3.9385, 40.4115 ], [ -3.9333, 40.4117 ], [ -3.9317, 40.4121 ], [ -3.9309, 40.4125 ], [ -3.9327, 40.4129 ], [ -3.933, 40.4131 ] ] ] } },
{ "type": "Feature", "properties": { "municipio": "Villaviciosa de Odón", "clasificacion": "no-urbanizable-protegido", "calificacion": "sin-asignar", "version": "vigente", "fuente": "SIT-CAM WFS — UsoDelSuelo:VPLA_V_CLASIFICACION (https://idem.comunidad.madrid/geosrvg/ows)", "fecha_dato": "2026-05-12", "ambito": "39950", "_raw_CD_SIGLAS": "SNUP_A", "_raw_DS_CLASIF_GEN": "Suelo No Urbanizable Protegido (APLAZADO)", "_raw_DS_CLASIF_DET": "Suelo No Urbanizable Protegido. Clase I. Espacios Protegidos. Parque Regional del Curso Medio del río Guadarrama; zona de Protección y Mejora. Vías Pecuarias.", "_raw_DS_DOCU": "PLAN GENERAL", "_raw_DS_LEY": "CM Ley 9/1995, E Ley 6/1998, E RDL 1/1992, E RD 1346/1976", "_raw_FC_AC": "1999-07-15", "_raw_NM_AREA_M2": 9859.5554912897205, "_cam_code": "181" }, "geometry": { "type": "Polygon", "coordinates": [ [ [ -3.9422, 40.3387 ], [ -3.945, 40.3394 ], [ -3.9461, 40.3387 ], [ -3.948, 40.3386 ], [ -3.9481, 40.3384 ], [ -3.947, 40.3384 ], [ -3.9461, 40.3386 ], [ -3.9449, 40.3392 ], [ -3.9438, 40.339 ], [ -3.9427, 40.3386 ], [ -3.9422, 40.3387 ] ] ] } },
{ "type": "Feature", "properties": { "municipio": "Villaviciosa de Odón", "clasificacion": "no-urbanizable-protegido", "calificacion": "sin-asignar", "version": "vigente", "fuente": "SIT-CAM WFS — UsoDelSuelo:VPLA_V_CLASIFICACION (https://idem.comunidad.madrid/geosrvg/ows)", "fecha_dato": "2026-05-12", "ambito": "39950", "_raw_CD_SIGLAS": "SNUP_A", "_raw_DS_CLASIF_GEN": "Suelo No Urbanizable Protegido (APLAZADO)", "_raw_DS_CLASIF_DET": "Suelo No Urbanizable Protegido. Clase I. Espacios Protegidos. Parque Regional del Curso Medio del río Guadarrama; zona de Mantenimiento de la Actividad. Vías Pecuarias.", "_raw_DS_DOCU": "PLAN GENERAL", "_raw_DS_LEY": "CM Ley 9/1995, E Ley 6/1998, E RDL 1/1992, E RD 1346/1976", "_raw_FC_AC": "1999-07-15", "_raw_NM_AREA_M2": 156.29147333796101, "_cam_code": "181" }, "geometry": { "type": "Polygon", "coordinates": [ [ [ -3.9364, 40.3529 ], [ -3.9364, 40.353 ], [ -3.9366, 40.3529 ], [ -3.9364, 40.3529 ] ] ] } },
{ "type": "Feature", "properties": { "municipio": "Villaviciosa de Odón", "clasificacion": "no-urbanizable-protegido", "calificacion": "sin-asignar", "version": "vigente", "fuente": "SIT-CAM WFS — UsoDelSuelo:VPLA_V_CLASIFICACION (https://idem.comunidad.madrid/geosrvg/ows)", "fecha_dato": "2026-05-12", "ambito": "39950", "_raw_CD_SIGLAS": "SNUP_A", "_raw_DS_CLASIF_GEN": "Suelo No Urbanizable Protegido (APLAZADO)", "_raw_DS_CLASIF_DET": "Suelo No Urbanizable Protegido. Clase I. Espacios Protegidos. Parque Regional del Curso Medio del río Guadarrama; zona de Protección y Mejora. Vías Pecuarias.", "_raw_DS_DOCU": "PLAN GENERAL", "_raw_DS_LEY": "CM Ley 9/1995, E Ley 6/1998, E RDL 1/1992, E RD 1346/1976", "_raw_FC_AC": "1999-07-15", "_raw_NM_AREA_M2": 14498.956627182801, "_cam_code": "181" }, "geometry": { "type": "Polygon", "coordinates": [ [ [ -3.9823, 40.3567 ], [ -3.9847, 40.3571 ], [ -3.9856, 40.357 ], [ -3.9843, 40.357 ], [ -3.9792, 40.3559 ], [ -3.9775, 40.3552 ], [ -3.9764, 40.3552 ], [ -3.9743, 40.3546 ], [ -3.9723, 40.3548 ], [ -3.971, 40.3543 ], [ -3.969, 40.3545 ], [ -3.969, 40.3547 ], [ -3.9703, 40.3545 ], [ -3.9713, 40.3545 ], [ -3.9723, 40.3549 ], [ -3.9745, 40.3547 ], [ -3.9764, 40.3553 ], [ -3.9776, 40.3553 ], [ -3.9789, 40.3558 ], [ -3.9791, 40.356 ], [ -3.9796, 40.356 ], [ -3.9823, 40.3567 ] ] ] } },
{ "type": "Feature", "properties": { "municipio": "Villaviciosa de Odón", "clasificacion": "no-urbanizable-protegido", "calificacion": "sin-asignar", "version": "vigente", "fuente": "SIT-CAM WFS — UsoDelSuelo:VPLA_V_CLASIFICACION (https://idem.comunidad.madrid/geosrvg/ows)", "fecha_dato": "2026-05-12", "ambito": "39950", "_raw_CD_SIGLAS": "SNUP_A", "_raw_DS_CLASIF_GEN": "Suelo No Urbanizable Protegido (APLAZADO)", "_raw_DS_CLASIF_DET": "Suelo No Urbanizable Protegido. Clase I. Espacios Protegidos. Parque Regional del Curso Medio del río Guadarrama; zona de Mantenimiento de la Actividad.", "_raw_DS_DOCU": "PLAN GENERAL", "_raw_DS_LEY": "CM Ley 9/1995, E Ley 6/1998, E RDL 1/1992, E RD 1346/1976", "_raw_FC_AC": "1999-07-15", "_raw_NM_AREA_M2": 618755.80603363295, "_cam_code": "181" }, "geometry": { "type": "Polygon", "coordinates": [ [ [ -3.939, 40.3279 ], [ -3.9384, 40.3282 ], [ -3.9377, 40.3289 ], [ -3.9367, 40.3293 ], [ -3.9364, 40.3296 ], [ -3.9361, 40.3296 ], [ -3.9361, 40.3297 ], [ -3.935, 40.33 ], [ -3.9343, 40.3309 ], [ -3.9339, 40.3319 ], [ -3.9331, 40.3328 ], [ -3.9324, 40.3333 ], [ -3.9324, 40.334 ], [ -3.9338, 40.3365 ], [ -3.9344, 40.3369 ], [ -3.9346, 40.3369 ], [ -3.9346, 40.337 ], [ -3.9366, 40.3373 ], [ -3.9374, 40.3377 ], [ -3.9374, 40.3378 ], [ -3.9376, 40.3378 ], [ -3.9376, 40.3379 ], [ -3.9381, 40.338 ], [ -3.9381, 40.3381 ], [ -3.939, 40.3381 ], [ -3.9395, 40.3383 ], [ -3.9411, 40.3382 ], [ -3.9423, 40.3386 ], [ -3.9432, 40.3386 ], [ -3.9437, 40.3384 ], [ -3.9439, 40.3381 ], [ -3.9436, 40.3374 ], [ -3.9443, 40.3367 ], [ -3.9444, 40.3364 ], [ -3.9442, 40.3352 ], [ -3.9446, 40.3347 ], [ -3.9443, 40.3344 ], [ -3.9441, 40.3343 ], [ -3.9432, 40.3344 ], [ -3.9419, 40.3348 ], [ -3.9414, 40.3351 ], [ -3.9405, 40.3353 ], [ -3.9398, 40.3353 ], [ -3.9396, 40.3351 ], [ -3.9396, 40.3345 ], [ -3.9383, 40.3341 ], [ -3.938, 40.3338 ], [ -3.9377, 40.3332 ], [ -3.9367, 40.3321 ], [ -3.9367, 40.3319 ], [ -3.9369, 40.3317 ], [ -3.9374, 40.3305 ], [ -3.9389, 40.3305 ], [ -3.9392, 40.3308 ], [ -3.9397, 40.3307 ], [ -3.9402, 40.331 ], [ -3.9409, 40.3309 ], [ -3.9414, 40.3314 ], [ -3.9416, 40.3312 ], [ -3.9423, 40.3312 ], [ -3.9426, 40.3309 ], [ -3.9426, 40.3307 ], [ -3.9424, 40.3306 ], [ -3.9419, 40.3307 ], [ -3.9421, 40.3302 ], [ -3.942, 40.3297 ], [ -3.9423, 40.3293 ], [ -3.9428, 40.3293 ], [ -3.943, 40.3291 ], [ -3.9429, 40.329 ], [ -3.9422, 40.3285 ], [ -3.9408, 40.3284 ], [ -3.9401, 40.3281 ], [ -3.9396, 40.3282 ], [ -3.939, 40.3279 ] ] ] } },
{ "type": "Feature", "properties": { "municipio": "Villaviciosa de Odón", "clasificacion": "no-urbanizable-protegido", "calificacion": "sin-asignar", "version": "vigente", "fuente": "SIT-CAM WFS — UsoDelSuelo:VPLA_V_CLASIFICACION (https://idem.comunidad.madrid/geosrvg/ows)", "fecha_dato": "2026-05-12", "ambito": "39950", "_raw_CD_SIGLAS": "SNUP_A", "_raw_DS_CLASIF_GEN": "Suelo No Urbanizable Protegido (APLAZADO)", "_raw_DS_CLASIF_DET": "Suelo No Urbanizable Protegido. Clase I. Espacios Protegidos. Parque Regional del Curso Medio del río Guadarrama; zona de Mantenimiento de la Actividad.", "_raw_DS_DOCU": "PLAN GENERAL", "_raw_DS_LEY": "CM Ley 9/1995, E Ley 6/1998, E RDL 1/1992, E RD 1346/1976", "_raw_FC_AC": "1999-07-15", "_raw_NM_AREA_M2": 10123816.814851699, "_cam_code": "181" }, "geometry": { "type": "Polygon", "coordinates": [ [ [ -3.95, 40.3433 ], [ -3.9499, 40.3445 ], [ -3.9495, 40.3448 ], [ -3.9494, 40.3451 ], [ -3.9499, 40.3452 ], [ -3.9505, 40.3456 ], [ -3.9519, 40.346 ], [ -3.9528, 40.3464 ], [ -3.9536, 40.3465 ], [ -3.9536, 40.3466 ], [ -3.9544, 40.3467 ], [ -3.9553, 40.347 ], [ -3.9557, 40.347 ], [ -3.9568, 40.3467 ], [ -3.9572, 40.3464 ], [ -3.9589, 40.3457 ], [ -3.9597, 40.3452 ], [ -3.9612, 40.3446 ], [ -3.9617, 40.3446 ], [ -3.9635, 40.344 ], [ -3.9648, 40.344 ], [ -3.9656, 40.3437 ], [ -3.9667, 40.3427 ], [ -3.9677, 40.3422 ], [ -3.9686, 40.3423 ], [ -3.9689, 40.3428 ], [ -3.9689, 40.3431 ], [ -3.9695, 40.3431 ], [ -3.9699, 40.3427 ], [ -3.97, 40.3423 ], [ -3.9702, 40.3421 ], [ -3.9714, 40.3426 ], [ -3.9737, 40.3428 ], [ -3.9746, 40.3431 ], [ -3.9756, 40.3431 ], [ -3.9764, 40.3425 ], [ -3.9766, 40.3421 ], [ -3.9764, 40.3417 ], [ -3.9752, 40.3407 ], [ -3.9752, 40.3402 ], [ -3.9755, 40.3397 ], [ -3.9754, 40.3387 ], [ -3.9757, 40.3384 ], [ -3.9771, 40.3383 ], [ -3.98, 40.3386 ], [ -3.9822, 40.3383 ], [ -3.9831, 40.338 ], [ -3.9841, 40.3374 ], [ -3.9845, 40.3369 ], [ -3.9847, 40.3363 ], [ -3.9847, 40.3357 ], [ -3.985, 40.3355 ], [ -3.9858, 40.3353 ], [ -3.9865, 40.3346 ], [ -3.987, 40.3343 ], [ -3.9874, 40.3343 ], [ -3.9877, 40.3347 ], [ -3.9885, 40.3363 ], [ -3.9891, 40.3362 ], [ -3.9893, 40.3361 ], [ -3.9893, 40.3358 ], [ -3.9887, 40.3342 ], [ -3.9888, 40.3338 ], [ -3.9893, 40.3338 ], [ -3.9897, 40.3341 ], [ -3.9901, 40.3342 ], [ -3.9903, 40.334 ], [ -3.9903, 40.3334 ], [ -3.9905, 40.3327 ], [ -3.9913, 40.3325 ], [ -3.9921, 40.3329 ], [ -3.9924, 40.3332 ], [ -3.9961, 40.3317 ], [ -3.9962, 40.3323 ], [ -3.9964, 40.3323 ], [ -3.9966, 40.3325 ], [ -3.9971, 40.3325 ], [ -3.9996, 40.3331 ], [ -4.0021, 40.3334 ], [ -4.0035, 40.3348 ], [ -4.0028, 40.3355 ], [ -4.0027, 40.3358 ], [ -4.0024, 40.336 ], [ -4.0015, 40.3375 ], [ -4.0008, 40.3381 ], [ -4.0009, 40.3383 ], [ -4.002, 40.339 ], [ -4.0025, 40.3395 ], [ -4.0046, 40.3405 ], [ -4.0045, 40.3408 ], [ -4.0047, 40.3408 ], [ -4.0054, 40.3403 ], [ -4.0064, 40.3394 ], [ -4.0065, 40.3378 ], [ -4.0043, 40.3357 ], [ -4.0029, 40.3331 ], [ -3.9989, 40.3321 ], [ -3.9971, 40.332 ], [ -3.9969, 40.3311 ], [ -3.9927, 40.3294 ], [ -3.9906, 40.3274 ], [ -3.9843, 40.3249 ], [ -3.9817, 40.3237 ], [ -3.9783, 40.3241 ], [ -3.974, 40.3217 ], [ -3.9705, 40.3206 ], [ -3.9683, 40.3171 ], [ -3.9671, 40.3158 ], [ -3.9661, 40.3139 ], [ -3.9633, 40.3106 ], [ -3.9609, 40.3088 ], [ -3.9593, 40.3067 ], [ -3.9573, 40.3049 ], [ -3.9526, 40.3035 ], [ -3.9492, 40.3014 ], [ -3.947, 40.3006 ], [ -3.9441, 40.3007 ], [ -3.9446, 40.3016 ], [ -3.9447, 40.3027 ], [ -3.9449, 40.303 ], [ -3.9451, 40.3039 ], [ -3.9457, 40.3047 ], [ -3.9457, 40.3053 ], [ -3.9462, 40.3069 ], [ -3.9461, 40.307 ], [ -3.9461, 40.3079 ], [ -3.9464, 40.3089 ], [ -3.9464, 40.3101 ], [ -3.9466, 40.3105 ], [ -3.9466, 40.3108 ], [ -3.9475, 40.3129 ], [ -3.9481, 40.3133 ], [ -3.9482, 40.3135 ], [ -3.9485, 40.3136 ], [ -3.9486, 40.3138 ], [ -3.9489, 40.3151 ], [ -3.9494, 40.3161 ], [ -3.9496, 40.3176 ], [ -3.9498, 40.3182 ], [ -3.95, 40.3184 ], [ -3.95, 40.3189 ], [ -3.9498, 40.3194 ], [ -3.9498, 40.3203 ], [ -3.9499, 40.3205 ], [ -3.9498, 40.3217 ], [ -3.95, 40.3229 ], [ -3.9504, 40.324 ], [ -3.9505, 40.3252 ], [ -3.9512, 40.3268 ], [ -3.9511, 40.3278 ], [ -3.9511, 40.3284 ], [ -3.9512, 40.3287 ], [ -3.9513, 40.3287 ], [ -3.9512, 40.3295 ], [ -3.9604, 40.3295 ], [ -3.9615, 40.3299 ], [ -3.9629, 40.3299 ], [ -3.964, 40.3303 ], [ -3.9657, 40.3304 ], [ -3.9664, 40.3306 ], [ -3.9683, 40.3306 ], [ -3.9683, 40.3305 ], [ -3.9686, 40.3305 ], [ -3.9691, 40.3302 ], [ -3.9698, 40.33 ], [ -3.9732, 40.3297 ], [ -3.9748, 40.3297 ], [ -3.975, 40.3298 ], [ -3.9777, 40.3297 ], [ -3.9787, 40.33 ], [ -3.979, 40.3303 ], [ -3.979, 40.3305 ], [ -3.9787, 40.3308 ], [ -3.9783, 40.331 ], [ -3.9762, 40.3311 ], [ -3.9706, 40.3308 ], [ -3.9683, 40.3312 ], [ -3.966, 40.3313 ], [ -3.9647, 40.3318 ], [ -3.9643, 40.3316 ], [ -3.9643, 40.3309 ], [ -3.9639, 40.3308 ], [ -3.961, 40.3308 ], [ -3.9603, 40.3306 ], [ -3.9603, 40.3305 ], [ -3.9592, 40.3305 ], [ -3.9591, 40.3304 ], [ -3.9586, 40.3305 ], [ -3.9585, 40.3304 ], [ -3.9575, 40.3304 ], [ -3.9574, 40.3305 ], [ -3.9545, 40.3308 ], [ -3.953, 40.3311 ], [ -3.9515, 40.3312 ], [ -3.9515, 40.3315 ], [ -3.952, 40.3322 ], [ -3.9515, 40.3326 ], [ -3.9514, 40.3329 ], [ -3.9514, 40.3335 ], [ -3.9511, 40.3349 ], [ -3.9511, 40.3358 ], [ -3.951, 40.3358 ], [ -3.951, 40.3361 ], [ -3.9513, 40.3363 ], [ -3.9509, 40.3366 ], [ -3.9507, 40.337 ], [ -3.9508, 40.3378 ], [ -3.9511, 40.3385 ], [ -3.9511, 40.3388 ], [ -3.9508, 40.339 ], [ -3.9508, 40.3396 ], [ -3.951, 40.3399 ], [ -3.9504, 40.3413 ], [ -3.9506, 40.3423 ], [ -3.9503, 40.3426 ], [ -3.9502, 40.3431 ], [ -3.95, 40.3433 ] ] ] } },
{ "type": "Feature", "properties": { "municipio": "Villaviciosa de Odón", "clasificacion": "no-urbanizable-protegido", "calificacion": "sin-asignar", "version": "vigente", "fuente": "SIT-CAM WFS — UsoDelSuelo:VPLA_V_CLASIFICACION (https://idem.comunidad.madrid/geosrvg/ows)", "fecha_dato": "2026-05-12", "ambito": "39950", "_raw_CD_SIGLAS": "SNUP_A", "_raw_DS_CLASIF_GEN": "Suelo No Urbanizable Protegido (APLAZADO)", "_raw_DS_CLASIF_DET": "Suelo No Urbanizable Protegido. Clase I. Espacios Protegidos. Parque Regional del Curso Medio del río Guadarrama; zona de Mantenimiento de la Actividad.", "_raw_DS_DOCU": "PLAN GENERAL", "_raw_DS_LEY": "CM Ley 9/1995, E Ley 6/1998, E RDL 1/1992, E RD 1346/1976", "_raw_FC_AC": "1999-07-15", "_raw_NM_AREA_M2": 549341.01387099596, "_cam_code": "181" }, "geometry": { "type": "Polygon", "coordinates": [ [ [ -3.9386, 40.3447 ], [ -3.9383, 40.3448 ], [ -3.9379, 40.3452 ], [ -3.9399, 40.3451 ], [ -3.9402, 40.3477 ], [ -3.9427, 40.348 ], [ -3.9427, 40.3484 ], [ -3.942, 40.3494 ], [ -3.943, 40.3491 ], [ -3.9448, 40.3489 ], [ -3.9453, 40.3486 ], [ -3.9454, 40.3483 ], [ -3.945, 40.348 ], [ -3.9439, 40.3475 ], [ -3.9434, 40.3474 ], [ -3.943, 40.347 ], [ -3.9432, 40.3465 ], [ -3.9427, 40.3462 ], [ -3.9427, 40.3459 ], [ -3.9423, 40.3457 ], [ -3.9422, 40.3455 ], [ -3.9422, 40.3452 ], [ -3.9426, 40.3446 ], [ -3.9426, 40.3443 ], [ -3.9424, 40.3441 ], [ -3.9406, 40.3433 ], [ -3.9395, 40.3432 ], [ -3.9393, 40.3431 ], [ -3.9392, 40.3428 ], [ -3.9384, 40.3428 ], [ -3.9378, 40.3424 ], [ -3.9374, 40.3424 ], [ -3.9374, 40.3413 ], [ -3.9372, 40.341 ], [ -3.9373, 40.3409 ], [ -3.9377, 40.341 ], [ -3.9387, 40.3407 ], [ -3.9388, 40.3408 ], [ -3.9387, 40.341 ], [ -3.9381, 40.3414 ], [ -3.9384, 40.3417 ], [ -3.9393, 40.3418 ], [ -3.94, 40.3421 ], [ -3.9417, 40.3422 ], [ -3.9422, 40.3421 ], [ -3.9424, 40.3418 ], [ -3.9417, 40.3412 ], [ -3.9417, 40.341 ], [ -3.9428, 40.341 ], [ -3.9435, 40.3402 ], [ -3.9432, 40.3399 ], [ -3.9427, 40.3399 ], [ -3.9419, 40.3394 ], [ -3.9418, 40.3391 ], [ -3.9422, 40.3387 ], [ -3.9408, 40.3384 ], [ -3.9394, 40.3384 ], [ -3.9379, 40.3382 ], [ -3.9374, 40.3384 ], [ -3.9368, 40.3389 ], [ -3.9361, 40.339 ], [ -3.9353, 40.3394 ], [ -3.9346, 40.3399 ], [ -3.9344, 40.3402 ], [ -3.9341, 40.3403 ], [ -3.9328, 40.3413 ], [ -3.9325, 40.3421 ], [ -3.9308, 40.3425 ], [ -3.9308, 40.3426 ], [ -3.9299, 40.3429 ], [ -3.9298, 40.3431 ], [ -3.9297, 40.3431 ], [ -3.9295, 40.3432 ], [ -3.9294, 40.3433 ], [ -3.9292, 40.3434 ], [ -3.9292, 40.3433 ], [ -3.9293, 40.3433 ], [ -3.9293, 40.3433 ], [ -3.9293, 40.3433 ], [ -3.9293, 40.3433 ], [ -3.9293, 40.3433 ], [ -3.9293, 40.3433 ], [ -3.9293, 40.3433 ], [ -3.9293, 40.3433 ], [ -3.9293, 40.3433 ], [ -3.9293, 40.3433 ], [ -3.9293, 40.3433 ], [ -3.9293, 40.3433 ], [ -3.9293, 40.3433 ], [ -3.9293, 40.3433 ], [ -3.9293, 40.3433 ], [ -3.9293, 40.3433 ], [ -3.9293, 40.3433 ], [ -3.9293, 40.3433 ], [ -3.9293, 40.3433 ], [ -3.9294, 40.3434 ], [ -3.9294, 40.3437 ], [ -3.9291, 40.3446 ], [ -3.9303, 40.3446 ], [ -3.9309, 40.3435 ], [ -3.9324, 40.3432 ], [ -3.9327, 40.3431 ], [ -3.9327, 40.343 ], [ -3.9332, 40.3429 ], [ -3.9335, 40.3429 ], [ -3.9336, 40.3431 ], [ -3.934, 40.3432 ], [ -3.9348, 40.3433 ], [ -3.935, 40.3431 ], [ -3.9354, 40.3431 ], [ -3.9353, 40.3427 ], [ -3.9355, 40.3425 ], [ -3.9358, 40.3425 ], [ -3.9359, 40.3426 ], [ -3.9358, 40.343 ], [ -3.936, 40.343 ], [ -3.936, 40.3431 ], [ -3.9364, 40.343 ], [ -3.9367, 40.344 ], [ -3.9369, 40.3442 ], [ -3.937, 40.3445 ], [ -3.9368, 40.3445 ], [ -3.9367, 40.3447 ], [ -3.937, 40.3446 ], [ -3.937, 40.3447 ], [ -3.9372, 40.3447 ], [ -3.9373, 40.345 ], [ -3.9376, 40.3449 ], [ -3.9376, 40.3445 ], [ -3.9386, 40.3447 ] ] ] } },
{ "type": "Feature", "properties": { "municipio": "Villaviciosa de Odón", "clasificacion": "no-urbanizable-protegido", "calificacion": "sin-asignar", "version": "vigente", "fuente": "SIT-CAM WFS — UsoDelSuelo:VPLA_V_CLASIFICACION (https://idem.comunidad.madrid/geosrvg/ows)", "fecha_dato": "2026-05-12", "ambito": "39950", "_raw_CD_SIGLAS": "SNUP_A", "_raw_DS_CLASIF_GEN": "Suelo No Urbanizable Protegido (APLAZADO)", "_raw_DS_CLASIF_DET": "Suelo No Urbanizable Protegido. Clase I. Espacios Protegidos. Parque Regional del Curso Medio del río Guadarrama; zona de Mantenimiento de la Actividad.", "_raw_DS_DOCU": "PLAN GENERAL", "_raw_DS_LEY": "CM Ley 9/1995, E Ley 6/1998, E RDL 1/1992, E RD 1346/1976", "_raw_FC_AC": "1999-07-15", "_raw_NM_AREA_M2": 216066.90425928499, "_cam_code": "181" }, "geometry": { "type": "Polygon", "coordinates": [ [ [ -3.9764, 40.3493 ], [ -3.975, 40.3497 ], [ -3.9741, 40.3502 ], [ -3.9736, 40.3507 ], [ -3.9739, 40.351 ], [ -3.9749, 40.3512 ], [ -3.9756, 40.3515 ], [ -3.9764, 40.3516 ], [ -3.9785, 40.3524 ], [ -3.9796, 40.353 ], [ -3.9797, 40.3532 ], [ -3.9802, 40.3534 ], [ -3.9808, 40.3521 ], [ -3.9813, 40.3515 ], [ -3.9815, 40.3508 ], [ -3.9827, 40.3488 ], [ -3.9831, 40.3486 ], [ -3.9816, 40.3485 ], [ -3.9796, 40.3488 ], [ -3.9788, 40.3491 ], [ -3.9782, 40.3491 ], [ -3.9774, 40.3493 ], [ -3.9764, 40.3493 ] ] ] } },
{ "type": "Feature", "properties": { "municipio": "Villaviciosa de Odón", "clasificacion": "no-urbanizable-protegido", "calificacion": "sin-asignar", "version": "vigente", "fuente": "SIT-CAM WFS — UsoDelSuelo:VPLA_V_CLASIFICACION (https://idem.comunidad.madrid/geosrvg/ows)", "fecha_dato": "2026-05-12", "ambito": "39950", "_raw_CD_SIGLAS": "SNUP_A", "_raw_DS_CLASIF_GEN": "Suelo No Urbanizable Protegido (APLAZADO)", "_raw_DS_CLASIF_DET": "Suelo No Urbanizable Protegido. Clase I. Espacios Protegidos. Parque Regional del Curso Medio del río Guadarrama; zona de Mantenimiento de la Actividad.", "_raw_DS_DOCU": "PLAN GENERAL", "_raw_DS_LEY": "CM Ley 9/1995, E Ley 6/1998, E RDL 1/1992, E RD 1346/1976", "_raw_FC_AC": "1999-07-15", "_raw_NM_AREA_M2": 609621.82735887903, "_cam_code": "181" }, "geometry": { "type": "Polygon", "coordinates": [ [ [ -3.9421, 40.369 ], [ -3.9446, 40.3692 ], [ -3.9449, 40.3691 ], [ -3.9465, 40.3691 ], [ -3.947, 40.3688 ], [ -3.9478, 40.368 ], [ -3.9464, 40.3661 ], [ -3.9446, 40.363 ], [ -3.9444, 40.3629 ], [ -3.9442, 40.3625 ], [ -3.9437, 40.362 ], [ -3.9427, 40.3614 ], [ -3.942, 40.3612 ], [ -3.942, 40.3611 ], [ -3.9411, 40.3609 ], [ -3.9394, 40.3608 ], [ -3.9373, 40.361 ], [ -3.9372, 40.3611 ], [ -3.9346, 40.3615 ], [ -3.9349, 40.3637 ], [ -3.9402, 40.3652 ], [ -3.9391, 40.3668 ], [ -3.9385, 40.3681 ], [ -3.9414, 40.3691 ], [ -3.9421, 40.369 ] ] ] } },
{ "type": "Feature", "properties": { "municipio": "Villaviciosa de Odón", "clasificacion": "no-urbanizable-protegido", "calificacion": "sin-asignar", "version": "vigente", "fuente": "SIT-CAM WFS — UsoDelSuelo:VPLA_V_CLASIFICACION (https://idem.comunidad.madrid/geosrvg/ows)", "fecha_dato": "2026-05-12", "ambito": "39950", "_raw_CD_SIGLAS": "SNUP_A", "_raw_DS_CLASIF_GEN": "Suelo No Urbanizable Protegido (APLAZADO)", "_raw_DS_CLASIF_DET": "Suelo No Urbanizable Protegido. Clase I. Espacios Protegidos. Espacio singular Lago del Bosque. Parque Regional del Curso Medio del río Guadarrama; zona de Máxima Protección.", "_raw_DS_DOCU": "PLAN GENERAL", "_raw_DS_LEY": "CM Ley 9/1995, E Ley 6/1998, E RDL 1/1992, E RD 1346/1976", "_raw_FC_AC": "1999-07-15", "_raw_NM_AREA_M2": 75087.904900794398, "_cam_code": "181" }, "geometry": { "type": "Polygon", "coordinates": [ [ [ -3.9457, 40.3881 ], [ -3.9457, 40.3886 ], [ -3.9461, 40.3889 ], [ -3.9467, 40.3889 ], [ -3.9469, 40.3884 ], [ -3.9472, 40.3881 ], [ -3.947, 40.3878 ], [ -3.9461, 40.3879 ], [ -3.9461, 40.3877 ], [ -3.9468, 40.3868 ], [ -3.9468, 40.3867 ], [ -3.9465, 40.3868 ], [ -3.9467, 40.3865 ], [ -3.9467, 40.3862 ], [ -3.9466, 40.3859 ], [ -3.9463, 40.3857 ], [ -3.9465, 40.3855 ], [ -3.9463, 40.3852 ], [ -3.9464, 40.3848 ], [ -3.9459, 40.3839 ], [ -3.9459, 40.3836 ], [ -3.9461, 40.3836 ], [ -3.9462, 40.3839 ], [ -3.9464, 40.3838 ], [ -3.9465, 40.3833 ], [ -3.9458, 40.3817 ], [ -3.9455, 40.3814 ], [ -3.9457, 40.3813 ], [ -3.9459, 40.3814 ], [ -3.9462, 40.3818 ], [ -3.9464, 40.3818 ], [ -3.9465, 40.3816 ], [ -3.9461, 40.3809 ], [ -3.9455, 40.3804 ], [ -3.9451, 40.3806 ], [ -3.9453, 40.3809 ], [ -3.9452, 40.381 ], [ -3.9451, 40.3809 ], [ -3.9449, 40.381 ], [ -3.9451, 40.3813 ], [ -3.9451, 40.382 ], [ -3.9457, 40.386 ], [ -3.9455, 40.3869 ], [ -3.9456, 40.3874 ], [ -3.9454, 40.3875 ], [ -3.9454, 40.3878 ], [ -3.9457, 40.3881 ] ] ] } },
{ "type": "Feature", "properties": { "municipio": "Villaviciosa de Odón", "clasificacion": "no-urbanizable-protegido", "calificacion": "sin-asignar", "version": "vigente", "fuente": "SIT-CAM WFS — UsoDelSuelo:VPLA_V_CLASIFICACION (https://idem.comunidad.madrid/geosrvg/ows)", "fecha_dato": "2026-05-12", "ambito": "39950", "_raw_CD_SIGLAS": "SNUP_A", "_raw_DS_CLASIF_GEN": "Suelo No Urbanizable Protegido (APLAZADO)", "_raw_DS_CLASIF_DET": "Suelo No Urbanizable Protegido. Clase IV. Espacios Rurales con Restricción de Uso. Clase I. Parque Regional del Curso Medio del río Guadarrama; zona de Mantenimiento de la Actividad.", "_raw_DS_DOCU": "PLAN GENERAL", "_raw_DS_LEY": "CM Ley 9/1995, E Ley 6/1998, E RDL 1/1992, E RD 1346/1976", "_raw_FC_AC": "1999-07-15", "_raw_NM_AREA_M2": 3731.1463426421701, "_cam_code": "181" }, "geometry": { "type": "Polygon", "coordinates": [ [ [ -3.9291, 40.3446 ], [ -3.9287, 40.3455 ], [ -3.9287, 40.3457 ], [ -3.929, 40.3457 ], [ -3.9289, 40.3456 ], [ -3.9296, 40.3446 ], [ -3.9291, 40.3446 ] ] ] } },
{ "type": "Feature", "properties": { "municipio": "Villaviciosa de Odón", "clasificacion": "no-urbanizable-protegido", "calificacion": "sin-asignar", "version": "vigente", "fuente": "SIT-CAM WFS — UsoDelSuelo:VPLA_V_CLASIFICACION (https://idem.comunidad.madrid/geosrvg/ows)", "fecha_dato": "2026-05-12", "ambito": "39950", "_raw_CD_SIGLAS": "SNUP_A", "_raw_DS_CLASIF_GEN": "Suelo No Urbanizable Protegido (APLAZADO)", "_raw_DS_CLASIF_DET": "Suelo No Urbanizable Protegido. Clase IV. Espacios Rurales con Restricción de Uso. Clase I. Espacios Protegidos. Parque Regional del Curso Medio del río Guadarrama; zona de Mantenimiento de la Actividad.", "_raw_DS_DOCU": "PLAN GENERAL", "_raw_DS_LEY": "CM Ley 9/1995, E Ley 6/1998, E RDL 1/1992, E RD 1346/1976", "_raw_FC_AC": "1999-07-15", "_raw_NM_AREA_M2": 505465.185710333, "_cam_code": "181" }, "geometry": { "type": "Polygon", "coordinates": [ [ [ -3.9225, 40.3399 ], [ -3.9245, 40.3453 ], [ -3.9247, 40.3453 ], [ -3.9266, 40.3444 ], [ -3.9278, 40.3442 ], [ -3.928, 40.3439 ], [ -3.9283, 40.3438 ], [ -3.9285, 40.3434 ], [ -3.9294, 40.3431 ], [ -3.9304, 40.3425 ], [ -3.9309, 40.3423 ], [ -3.9322, 40.3421 ], [ -3.9327, 40.3411 ], [ -3.9346, 40.3397 ], [ -3.9357, 40.339 ], [ -3.9366, 40.3388 ], [ -3.9375, 40.3382 ], [ -3.9381, 40.3381 ], [ -3.9381, 40.338 ], [ -3.9376, 40.3379 ], [ -3.9376, 40.3378 ], [ -3.9374, 40.3378 ], [ -3.9374, 40.3377 ], [ -3.9366, 40.3373 ], [ -3.9346, 40.337 ], [ -3.9346, 40.3369 ], [ -3.9344, 40.3369 ], [ -3.9338, 40.3365 ], [ -3.9345, 40.3378 ], [ -3.9294, 40.3388 ], [ -3.9225, 40.3399 ] ] ] } },
{ "type": "Feature", "properties": { "municipio": "Villaviciosa de Odón", "clasificacion": "no-urbanizable-protegido", "calificacion": "sin-asignar", "version": "vigente", "fuente": "SIT-CAM WFS — UsoDelSuelo:VPLA_V_CLASIFICACION (https://idem.comunidad.madrid/geosrvg/ows)", "fecha_dato": "2026-05-12", "ambito": "39950", "_raw_CD_SIGLAS": "SNUP_A", "_raw_DS_CLASIF_GEN": "Suelo No Urbanizable Protegido (APLAZADO)", "_raw_DS_CLASIF_DET": "Suelo No Urbanizable Protegido. Clase II. Espacios Forestales en Régimen Especial. Clase I. Espacios Protegidos. Parque Regional del Curso Medio del río Guadarrama; zona de Máxima Protección.", "_raw_DS_DOCU": "PLAN GENERAL", "_raw_DS_LEY": "CM Ley 9/1995, E Ley 6/1998, E RDL 1/1992, E RD 1346/1976", "_raw_FC_AC": "1999-07-15", "_raw_NM_AREA_M2": 119958.289335622, "_cam_code": "181" }, "geometry": { "type": "Polygon", "coordinates": [ [ [ -3.9461, 40.3534 ], [ -3.948, 40.3535 ], [ -3.9478, 40.352 ], [ -3.9475, 40.351 ], [ -3.947, 40.3506 ], [ -3.9462, 40.3503 ], [ -3.9453, 40.351 ], [ -3.9443, 40.3515 ], [ -3.9432, 40.3518 ], [ -3.9408, 40.3521 ], [ -3.9408, 40.3529 ], [ -3.9421, 40.3529 ], [ -3.9421, 40.353 ], [ -3.943, 40.353 ], [ -3.943, 40.3531 ], [ -3.9435, 40.3532 ], [ -3.9442, 40.3532 ], [ -3.9442, 40.3531 ], [ -3.9446, 40.3529 ], [ -3.9451, 40.3529 ], [ -3.9453, 40.3531 ], [ -3.9461, 40.3533 ], [ -3.9461, 40.3534 ] ] ] } },
{ "type": "Feature", "properties": { "municipio": "Villaviciosa de Odón", "clasificacion": "no-urbanizable-protegido", "calificacion": "sin-asignar", "version": "vigente", "fuente": "SIT-CAM WFS — UsoDelSuelo:VPLA_V_CLASIFICACION (https://idem.comunidad.madrid/geosrvg/ows)", "fecha_dato": "2026-05-12", "ambito": "39950", "_raw_CD_SIGLAS": "SNUP_A", "_raw_DS_CLASIF_GEN": "Suelo No Urbanizable Protegido (APLAZADO)", "_raw_DS_CLASIF_DET": "Suelo No Urbanizable Protegido. Clase II. Espacios Forestales en Régimen Especial. Clase I. Espacios. Parque Regional del Curso Medio del río Guadarrama; zona de Máxima Protección.", "_raw_DS_DOCU": "PLAN GENERAL", "_raw_DS_LEY": "CM Ley 9/1995, E Ley 6/1998, E RDL 1/1992, E RD 1346/1976", "_raw_FC_AC": "1999-07-15", "_raw_NM_AREA_M2": 3840243.9403377301, "_cam_code": "181" }, "geometry": { "type": "Polygon", "coordinates": [ [ [ -3.9679, 40.3501 ], [ -3.97, 40.3502 ], [ -3.9715, 40.35 ], [ -3.972, 40.3502 ], [ -3.9724, 40.3502 ], [ -3.9748, 40.3492 ], [ -3.9764, 40.3488 ], [ -3.9772, 40.3488 ], [ -3.9777, 40.349 ], [ -3.9782, 40.3489 ], [ -3.9795, 40.3481 ], [ -3.9819, 40.3481 ], [ -3.9823, 40.348 ], [ -3.9833, 40.3475 ], [ -3.9843, 40.3474 ], [ -3.9854, 40.3469 ], [ -3.9856, 40.3467 ], [ -3.9904, 40.3468 ], [ -3.9908, 40.3467 ], [ -3.9925, 40.3467 ], [ -3.9925, 40.3468 ], [ -3.9942, 40.3463 ], [ -3.9944, 40.3461 ], [ -3.9956, 40.3461 ], [ -3.9975, 40.3456 ], [ -3.998, 40.3456 ], [ -3.9984, 40.3458 ], [ -3.9981, 40.3434 ], [ -3.9991, 40.3434 ], [ -4.0017, 40.342 ], [ -4.0032, 40.3419 ], [ -4.0032, 40.3418 ], [ -4.0035, 40.3417 ], [ -4.0035, 40.3415 ], [ -4.0036, 40.3415 ], [ -4.0038, 40.3411 ], [ -4.0043, 40.3409 ], [ -4.0037, 40.3405 ], [ -4.0026, 40.3414 ], [ -4.002, 40.3415 ], [ -4.0021, 40.3407 ], [ -4.0014, 40.3393 ], [ -4.0008, 40.3388 ], [ -3.9984, 40.338 ], [ -3.9987, 40.3375 ], [ -3.999, 40.3373 ], [ -3.999, 40.3371 ], [ -3.9998, 40.3363 ], [ -3.9999, 40.3359 ], [ -4.0003, 40.3356 ], [ -4.0003, 40.3353 ], [ -4.0006, 40.335 ], [ -4.0006, 40.3348 ], [ -4.0007, 40.3348 ], [ -4.0014, 40.3334 ], [ -3.9996, 40.3331 ], [ -3.9992, 40.334 ], [ -3.9988, 40.3343 ], [ -3.9974, 40.3349 ], [ -3.9974, 40.335 ], [ -3.9972, 40.335 ], [ -3.9969, 40.3353 ], [ -3.9961, 40.3353 ], [ -3.9956, 40.335 ], [ -3.9953, 40.3344 ], [ -3.994, 40.3336 ], [ -3.9934, 40.3328 ], [ -3.9924, 40.3332 ], [ -3.9921, 40.3329 ], [ -3.9913, 40.3325 ], [ -3.9905, 40.3327 ], [ -3.9903, 40.3334 ], [ -3.9903, 40.334 ], [ -3.9901, 40.3342 ], [ -3.9897, 40.3341 ], [ -3.9893, 40.3338 ], [ -3.9888, 40.3338 ], [ -3.9887, 40.3342 ], [ -3.9893, 40.3358 ], [ -3.9893, 40.3361 ], [ -3.9891, 40.3362 ], [ -3.9885, 40.3363 ], [ -3.9877, 40.3347 ], [ -3.9874, 40.3343 ], [ -3.987, 40.3343 ], [ -3.9865, 40.3346 ], [ -3.9858, 40.3353 ], [ -3.985, 40.3355 ], [ -3.9847, 40.3357 ], [ -3.9847, 40.3363 ], [ -3.9845, 40.3369 ], [ -3.9841, 40.3374 ], [ -3.9831, 40.338 ], [ -3.9822, 40.3383 ], [ -3.98, 40.3386 ], [ -3.9771, 40.3383 ], [ -3.9757, 40.3384 ], [ -3.9754, 40.3387 ], [ -3.9755, 40.3397 ], [ -3.9752, 40.3402 ], [ -3.9752, 40.3407 ], [ -3.9764, 40.3417 ], [ -3.9766, 40.3421 ], [ -3.9764, 40.3425 ], [ -3.9756, 40.3431 ], [ -3.9746, 40.3431 ], [ -3.9737, 40.3428 ], [ -3.9714, 40.3426 ], [ -3.9702, 40.3421 ], [ -3.97, 40.3423 ], [ -3.9699, 40.3427 ], [ -3.9695, 40.3431 ], [ -3.9689, 40.3431 ], [ -3.9689, 40.3428 ], [ -3.9686, 40.3423 ], [ -3.9677, 40.3422 ], [ -3.9667, 40.3427 ], [ -3.9656, 40.3437 ], [ -3.9648, 40.344 ], [ -3.9635, 40.344 ], [ -3.9617, 40.3446 ], [ -3.9612, 40.3446 ], [ -3.9597, 40.3452 ], [ -3.9589, 40.3457 ], [ -3.9572, 40.3464 ], [ -3.9568, 40.3467 ], [ -3.9557, 40.347 ], [ -3.9553, 40.347 ], [ -3.9544, 40.3467 ], [ -3.9536, 40.3466 ], [ -3.9536, 40.3465 ], [ -3.9528, 40.3464 ], [ -3.9519, 40.346 ], [ -3.9522, 40.3479 ], [ -3.9528, 40.3484 ], [ -3.9535, 40.3495 ], [ -3.9552, 40.3496 ], [ -3.9588, 40.3495 ], [ -3.9617, 40.3501 ], [ -3.9639, 40.35 ], [ -3.9646, 40.3498 ], [ -3.9665, 40.3498 ], [ -3.9679, 40.3501 ] ] ] } },
{ "type": "Feature", "properties": { "municipio": "Villaviciosa de Odón", "clasificacion": "no-urbanizable-protegido", "calificacion": "sin-asignar", "version": "vigente", "fuente": "SIT-CAM WFS — UsoDelSuelo:VPLA_V_CLASIFICACION (https://idem.comunidad.madrid/geosrvg/ows)", "fecha_dato": "2026-05-12", "ambito": "39950", "_raw_CD_SIGLAS": "SNUP_A", "_raw_DS_CLASIF_GEN": "Suelo No Urbanizable Protegido (APLAZADO)", "_raw_DS_CLASIF_DET": "Suelo No Urbanizable Protegido. Clase II. Espacios Forestales en Régimen Especial. Clase I. Espacios Protegidos. Parque Regional del Curso Medio del río Guadarrama; zona de Protección y Mejora.", "_raw_DS_DOCU": "PLAN GENERAL", "_raw_DS_LEY": "CM Ley 9/1995, E Ley 6/1998, E RDL 1/1992, E RD 1346/1976", "_raw_FC_AC": "1999-07-15", "_raw_NM_AREA_M2": 614889.45428027306, "_cam_code": "181" }, "geometry": { "type": "Polygon", "coordinates": [ [ [ -3.9743, 40.3645 ], [ -3.9732, 40.3651 ], [ -3.9711, 40.365 ], [ -3.9711, 40.3651 ], [ -3.9703, 40.3652 ], [ -3.9703, 40.3653 ], [ -3.9698, 40.3655 ], [ -3.9687, 40.3656 ], [ -3.9684, 40.3661 ], [ -3.9672, 40.3661 ], [ -3.967, 40.3659 ], [ -3.967, 40.3656 ], [ -3.9663, 40.3655 ], [ -3.9657, 40.3657 ], [ -3.9657, 40.3657 ], [ -3.9657, 40.3657 ], [ -3.9656, 40.3657 ], [ -3.9656, 40.3657 ], [ -3.9655, 40.3657 ], [ -3.9654, 40.3657 ], [ -3.9654, 40.3657 ], [ -3.9654, 40.3657 ], [ -3.9653, 40.3657 ], [ -3.9651, 40.3657 ], [ -3.9641, 40.3668 ], [ -3.964, 40.3667 ], [ -3.9635, 40.3667 ], [ -3.9635, 40.3666 ], [ -3.9627, 40.3666 ], [ -3.9616, 40.3669 ], [ -3.961, 40.3666 ], [ -3.961, 40.3665 ], [ -3.9608, 40.3665 ], [ -3.9608, 40.3664 ], [ -3.9605, 40.3664 ], [ -3.9603, 40.3666 ], [ -3.9601, 40.3666 ], [ -3.9596, 40.3671 ], [ -3.9593, 40.3677 ], [ -3.9576, 40.3677 ], [ -3.9557, 40.3672 ], [ -3.9553, 40.3674 ], [ -3.9544, 40.3667 ], [ -3.9496, 40.3668 ], [ -3.9496, 40.3673 ], [ -3.9495, 40.3674 ], [ -3.9499, 40.3677 ], [ -3.9506, 40.3678 ], [ -3.9517, 40.3688 ], [ -3.9522, 40.369 ], [ -3.9533, 40.3688 ], [ -3.9542, 40.3684 ], [ -3.955, 40.3686 ], [ -3.9552, 40.3689 ], [ -3.9559, 40.3685 ], [ -3.9564, 40.3685 ], [ -3.9566, 40.3689 ], [ -3.9566, 40.3692 ], [ -3.9568, 40.3692 ], [ -3.9568, 40.3693 ], [ -3.9575, 40.3692 ], [ -3.9578, 40.3693 ], [ -3.958, 40.3696 ], [ -3.9591, 40.3694 ], [ -3.9595, 40.3699 ], [ -3.9604, 40.3698 ], [ -3.9606, 40.37 ], [ -3.9609, 40.37 ], [ -3.9609, 40.3701 ], [ -3.9619, 40.3702 ], [ -3.9624, 40.3706 ], [ -3.9629, 40.3706 ], [ -3.9634, 40.3704 ], [ -3.9637, 40.3706 ], [ -3.9644, 40.3707 ], [ -3.9649, 40.3703 ], [ -3.9671, 40.3704 ], [ -3.9673, 40.3701 ], [ -3.967, 40.3696 ], [ -3.9672, 40.3694 ], [ -3.9677, 40.3694 ], [ -3.9695, 40.3699 ], [ -3.9698, 40.3695 ], [ -3.9695, 40.3694 ], [ -3.9695, 40.3691 ], [ -3.9697, 40.369 ], [ -3.9708, 40.3691 ], [ -3.9717, 40.3685 ], [ -3.9724, 40.3684 ], [ -3.9729, 40.3685 ], [ -3.9732, 40.3684 ], [ -3.9734, 40.3681 ], [ -3.9742, 40.3685 ], [ -3.9746, 40.3685 ], [ -3.9755, 40.3682 ], [ -3.9751, 40.3679 ], [ -3.975, 40.3676 ], [ -3.9749, 40.3669 ], [ -3.9747, 40.3666 ], [ -3.9747, 40.3663 ], [ -3.9742, 40.3649 ], [ -3.9743, 40.3645 ] ], [ [ -3.9657, 40.3659 ], [ -3.9659, 40.366 ], [ -3.9661, 40.3665 ], [ -3.9666, 40.3667 ], [ -3.9668, 40.367 ], [ -3.9682, 40.3673 ], [ -3.9683, 40.3674 ], [ -3.9682, 40.3681 ], [ -3.9691, 40.3684 ], [ -3.9695, 40.3684 ], [ -3.9695, 40.3687 ], [ -3.9696, 40.3687 ], [ -3.969, 40.369 ], [ -3.9691, 40.3692 ], [ -3.9689, 40.3693 ], [ -3.9686, 40.369 ], [ -3.968, 40.3688 ], [ -3.968, 40.3684 ], [ -3.9676, 40.3681 ], [ -3.9676, 40.369 ], [ -3.967, 40.369 ], [ -3.9667, 40.3692 ], [ -3.9667, 40.3701 ], [ -3.9668, 40.3702 ], [ -3.9663, 40.3701 ], [ -3.9662, 40.3698 ], [ -3.966, 40.3697 ], [ -3.966, 40.3694 ], [ -3.9657, 40.3698 ], [ -3.9649, 40.3699 ], [ -3.9648, 40.3693 ], [ -3.9654, 40.3691 ], [ -3.9657, 40.3688 ], [ -3.9657, 40.3684 ], [ -3.9652, 40.3675 ], [ -3.9647, 40.3674 ], [ -3.9652, 40.3657 ], [ -3.9657, 40.3659 ] ] ] } },
{ "type": "Feature", "properties": { "municipio": "Villaviciosa de Odón", "clasificacion": "no-urbanizable-protegido", "calificacion": "sin-asignar", "version": "vigente", "fuente": "SIT-CAM WFS — UsoDelSuelo:VPLA_V_CLASIFICACION (https://idem.comunidad.madrid/geosrvg/ows)", "fecha_dato": "2026-05-12", "ambito": "39950", "_raw_CD_SIGLAS": "SNUP_A", "_raw_DS_CLASIF_GEN": "Suelo No Urbanizable Protegido (APLAZADO)", "_raw_DS_CLASIF_DET": "Suelo No Urbanizable Protegido. Clase II. Espacios Forestales en Régimen Especial. Clase I. Espacios Protegidos. Parque Regional del Curso Medio del río Guadarrama; zona de Protección y Mejora.", "_raw_DS_DOCU": "PLAN GENERAL", "_raw_DS_LEY": "CM Ley 9/1995, E Ley 6/1998, E RDL 1/1992, E RD 1346/1976", "_raw_FC_AC": "1999-07-15", "_raw_NM_AREA_M2": 1614015.0426688399, "_cam_code": "181" }, "geometry": { "type": "Polygon", "coordinates": [ [ [ -3.9596, 40.3649 ], [ -3.9615, 40.365 ], [ -3.9629, 40.3654 ], [ -3.9627, 40.3636 ], [ -3.9628, 40.3631 ], [ -3.963, 40.363 ], [ -3.9637, 40.363 ], [ -3.9644, 40.3633 ], [ -3.9659, 40.3636 ], [ -3.9669, 40.3635 ], [ -3.9666, 40.3613 ], [ -3.9667, 40.3612 ], [ -3.9672, 40.3612 ], [ -3.9672, 40.3613 ], [ -3.9675, 40.3613 ], [ -3.9677, 40.3615 ], [ -3.9685, 40.3605 ], [ -3.9691, 40.3602 ], [ -3.9694, 40.3599 ], [ -3.9701, 40.3596 ], [ -3.9704, 40.3596 ], [ -3.9705, 40.3598 ], [ -3.9706, 40.3595 ], [ -3.9695, 40.3571 ], [ -3.969, 40.3551 ], [ -3.969, 40.3547 ], [ -3.9672, 40.3547 ], [ -3.9643, 40.3537 ], [ -3.9613, 40.3531 ], [ -3.9602, 40.3526 ], [ -3.9592, 40.3524 ], [ -3.9569, 40.3523 ], [ -3.9559, 40.3521 ], [ -3.9553, 40.3517 ], [ -3.9551, 40.3511 ], [ -3.9548, 40.3508 ], [ -3.9545, 40.3507 ], [ -3.9534, 40.3507 ], [ -3.9529, 40.3511 ], [ -3.9523, 40.3511 ], [ -3.952, 40.3512 ], [ -3.9517, 40.3515 ], [ -3.9513, 40.3516 ], [ -3.9511, 40.3518 ], [ -3.9511, 40.3523 ], [ -3.9513, 40.3524 ], [ -3.9514, 40.3528 ], [ -3.9518, 40.3531 ], [ -3.9518, 40.3536 ], [ -3.9519, 40.3536 ], [ -3.9519, 40.3539 ], [ -3.952, 40.3539 ], [ -3.952, 40.3548 ], [ -3.9519, 40.3548 ], [ -3.9519, 40.3553 ], [ -3.9518, 40.3553 ], [ -3.9518, 40.3558 ], [ -3.9517, 40.3558 ], [ -3.9518, 40.3562 ], [ -3.9516, 40.3567 ], [ -3.9515, 40.3567 ], [ -3.9514, 40.3574 ], [ -3.9513, 40.3574 ], [ -3.9513, 40.358 ], [ -3.951, 40.3581 ], [ -3.9506, 40.3586 ], [ -3.9515, 40.3586 ], [ -3.9521, 40.3589 ], [ -3.9549, 40.3593 ], [ -3.9576, 40.3611 ], [ -3.9578, 40.3617 ], [ -3.956, 40.362 ], [ -3.9533, 40.3621 ], [ -3.9524, 40.3623 ], [ -3.9507, 40.3628 ], [ -3.9501, 40.3632 ], [ -3.9499, 40.3635 ], [ -3.9504, 40.3638 ], [ -3.9514, 40.3632 ], [ -3.9518, 40.3631 ], [ -3.9518, 40.363 ], [ -3.9528, 40.3628 ], [ -3.9535, 40.3625 ], [ -3.9551, 40.3625 ], [ -3.9551, 40.3624 ], [ -3.9574, 40.3623 ], [ -3.9576, 40.3625 ], [ -3.9581, 40.3646 ], [ -3.9584, 40.3652 ], [ -3.9589, 40.3652 ], [ -3.9596, 40.3649 ] ] ] } },
{ "type": "Feature", "properties": { "municipio": "Villaviciosa de Odón", "clasificacion": "no-urbanizable-protegido", "calificacion": "sin-asignar", "version": "vigente", "fuente": "SIT-CAM WFS — UsoDelSuelo:VPLA_V_CLASIFICACION (https://idem.comunidad.madrid/geosrvg/ows)", "fecha_dato": "2026-05-12", "ambito": "39950", "_raw_CD_SIGLAS": "SNUP_A", "_raw_DS_CLASIF_GEN": "Suelo No Urbanizable Protegido (APLAZADO)", "_raw_DS_CLASIF_DET": "Suelo No Urbanizable Protegido. Clase II. Espacios Forestales en Régimen Especial. Clase I. Espacios Protegidos. Parque Regional del Curso Medio del río Guadarrama; zona de Protección y Mejora.", "_raw_DS_DOCU": "PLAN GENERAL", "_raw_DS_LEY": "CM Ley 9/1995, E Ley 6/1998, E RDL 1/1992, E RD 1346/1976", "_raw_FC_AC": "1999-07-15", "_raw_NM_AREA_M2": 439837.05185711599, "_cam_code": "181" }, "geometry": { "type": "Polygon", "coordinates": [ [ [ -3.9546, 40.3506 ], [ -3.9552, 40.3509 ], [ -3.9554, 40.3516 ], [ -3.9564, 40.3521 ], [ -3.9601, 40.3524 ], [ -3.9616, 40.3531 ], [ -3.9623, 40.3531 ], [ -3.9636, 40.3534 ], [ -3.9671, 40.3546 ], [ -3.9687, 40.3546 ], [ -3.969, 40.3545 ], [ -3.9689, 40.3545 ], [ -3.969, 40.3543 ], [ -3.9696, 40.3537 ], [ -3.9694, 40.3522 ], [ -3.9683, 40.3518 ], [ -3.9676, 40.3511 ], [ -3.9675, 40.3508 ], [ -3.9676, 40.3504 ], [ -3.9682, 40.3502 ], [ -3.9687, 40.3502 ], [ -3.9683, 40.3501 ], [ -3.9665, 40.3498 ], [ -3.9646, 40.3498 ], [ -3.9639, 40.35 ], [ -3.9617, 40.3501 ], [ -3.9588, 40.3495 ], [ -3.9571, 40.3496 ], [ -3.9535, 40.3495 ], [ -3.9535, 40.35 ], [ -3.9539, 40.3506 ], [ -3.954, 40.3505 ], [ -3.9546, 40.3506 ] ] ] } },
{ "type": "Feature", "properties": { "municipio": "Villaviciosa de Odón", "clasificacion": "no-urbanizable-protegido", "calificacion": "sin-asignar", "version": "vigente", "fuente": "SIT-CAM WFS — UsoDelSuelo:VPLA_V_CLASIFICACION (https://idem.comunidad.madrid/geosrvg/ows)", "fecha_dato": "2026-05-12", "ambito": "39950", "_raw_CD_SIGLAS": "SNUP_A", "_raw_DS_CLASIF_GEN": "Suelo No Urbanizable Protegido (APLAZADO)", "_raw_DS_CLASIF_DET": "Suelo No Urbanizable Protegido. Clase I. Espacios Protegidos. Parque Regional del Curso Medio del río Guadarrama; zona de Máxima Protección.", "_raw_DS_DOCU": "PLAN GENERAL", "_raw_DS_LEY": "CM Ley 9/1995, E Ley 6/1998, E RDL 1/1992, E RD 1346/1976", "_raw_FC_AC": "1999-07-15", "_raw_NM_AREA_M2": 93996.574686031105, "_cam_code": "181" }, "geometry": { "type": "Polygon", "coordinates": [ [ [ -3.9367, 40.3529 ], [ -3.938, 40.3531 ], [ -3.9391, 40.3531 ], [ -3.9395, 40.3529 ], [ -3.9408, 40.3529 ], [ -3.9408, 40.3521 ], [ -3.9432, 40.3518 ], [ -3.9443, 40.3515 ], [ -3.9459, 40.3506 ], [ -3.9461, 40.3503 ], [ -3.9457, 40.3506 ], [ -3.9436, 40.3506 ], [ -3.9401, 40.351 ], [ -3.9383, 40.3517 ], [ -3.9367, 40.3529 ] ] ] } },
{ "type": "Feature", "properties": { "municipio": "Villaviciosa de Odón", "clasificacion": "no-urbanizable-protegido", "calificacion": "sin-asignar", "version": "vigente", "fuente": "SIT-CAM WFS — UsoDelSuelo:VPLA_V_CLASIFICACION (https://idem.comunidad.madrid/geosrvg/ows)", "fecha_dato": "2026-05-12", "ambito": "39950", "_raw_CD_SIGLAS": "SNUP_A", "_raw_DS_CLASIF_GEN": "Suelo No Urbanizable Protegido (APLAZADO)", "_raw_DS_CLASIF_DET": "Suelo No Urbanizable Protegido. Clase I. Espacios Protegidos. Parque Regional del Curso Medio del río Guadarrama; zona de Máxima Protección.", "_raw_DS_DOCU": "PLAN GENERAL", "_raw_DS_LEY": "CM Ley 9/1995, E Ley 6/1998, E RDL 1/1992, E RD 1346/1976", "_raw_FC_AC": "1999-07-15", "_raw_NM_AREA_M2": 329235.772224891, "_cam_code": "181" }, "geometry": { "type": "Polygon", "coordinates": [ [ [ -3.943, 40.39 ], [ -3.9431, 40.3902 ], [ -3.9434, 40.3903 ], [ -3.9439, 40.3912 ], [ -3.9441, 40.3912 ], [ -3.9441, 40.3913 ], [ -3.9447, 40.3916 ], [ -3.9453, 40.3916 ], [ -3.9458, 40.3898 ], [ -3.9498, 40.3906 ], [ -3.9507, 40.3897 ], [ -3.9506, 40.3885 ], [ -3.9499, 40.3873 ], [ -3.9496, 40.3869 ], [ -3.9481, 40.3858 ], [ -3.9475, 40.3849 ], [ -3.9472, 40.3835 ], [ -3.9473, 40.382 ], [ -3.9465, 40.3803 ], [ -3.9465, 40.3793 ], [ -3.9452, 40.3775 ], [ -3.9434, 40.3775 ], [ -3.9431, 40.3779 ], [ -3.9431, 40.3782 ], [ -3.9435, 40.3784 ], [ -3.9437, 40.3787 ], [ -3.9438, 40.3797 ], [ -3.9445, 40.3808 ], [ -3.9447, 40.3809 ], [ -3.945, 40.3817 ], [ -3.9451, 40.3837 ], [ -3.9454, 40.3853 ], [ -3.9454, 40.386 ], [ -3.9451, 40.3869 ], [ -3.9451, 40.3877 ], [ -3.9454, 40.3884 ], [ -3.9454, 40.3892 ], [ -3.9453, 40.3892 ], [ -3.9453, 40.3894 ], [ -3.9446, 40.3898 ], [ -3.943, 40.39 ] ], [ [ -3.9457, 40.3881 ], [ -3.9454, 40.3878 ], [ -3.9454, 40.3875 ], [ -3.9456, 40.3874 ], [ -3.9455, 40.3869 ], [ -3.9457, 40.386 ], [ -3.9451, 40.382 ], [ -3.9451, 40.3813 ], [ -3.9449, 40.381 ], [ -3.9451, 40.3809 ], [ -3.9452, 40.381 ], [ -3.9453, 40.3809 ], [ -3.9451, 40.3806 ], [ -3.9455, 40.3804 ], [ -3.9461, 40.3809 ], [ -3.9465, 40.3816 ], [ -3.9464, 40.3818 ], [ -3.9462, 40.3818 ], [ -3.9459, 40.3814 ], [ -3.9457, 40.3813 ], [ -3.9455, 40.3814 ], [ -3.9458, 40.3817 ], [ -3.9465, 40.3833 ], [ -3.9464, 40.3838 ], [ -3.9462, 40.3839 ], [ -3.9461, 40.3836 ], [ -3.9459, 40.3836 ], [ -3.9459, 40.3839 ], [ -3.9464, 40.3848 ], [ -3.9463, 40.3852 ], [ -3.9465, 40.3855 ], [ -3.9463, 40.3857 ], [ -3.9466, 40.3859 ], [ -3.9467, 40.3862 ], [ -3.9467, 40.3865 ], [ -3.9465, 40.3868 ], [ -3.9468, 40.3867 ], [ -3.9468, 40.3868 ], [ -3.9461, 40.3877 ], [ -3.9461, 40.3879 ], [ -3.947, 40.3878 ], [ -3.9472, 40.3881 ], [ -3.9469, 40.3884 ], [ -3.9467, 40.3889 ], [ -3.9459, 40.3888 ], [ -3.9457, 40.3886 ], [ -3.9457, 40.3881 ] ] ] } },
{ "type": "Feature", "properties": { "municipio": "Villaviciosa de Odón", "clasificacion": "urbano-consolidado", "calificacion": "sin-asignar", "version": "vigente", "fuente": "SIT-CAM WFS — UsoDelSuelo:VPLA_V_CLASIFICACION (https://idem.comunidad.madrid/geosrvg/ows)", "fecha_dato": "2026-05-12", "ambito": "39950", "_raw_CD_SIGLAS": "SU", "_raw_DS_CLASIF_GEN": "Suelo Urbano", "_raw_DS_CLASIF_DET": "Suelo Urbano", "_raw_DS_DOCU": "PLAN GENERAL", "_raw_DS_LEY": "CM Ley 9/1995, E Ley 6/1998, E RDL 1/1992, E RD 1346/1976", "_raw_FC_AC": "1999-07-15", "_raw_NM_AREA_M2": 31566.056978475801, "_cam_code": "181" }, "geometry": { "type": "Polygon", "coordinates": [ [ [ -3.8703, 40.3567 ], [ -3.8705, 40.3583 ], [ -3.871, 40.3592 ], [ -3.8719, 40.3574 ], [ -3.8724, 40.3569 ], [ -3.872, 40.3566 ], [ -3.8706, 40.3563 ], [ -3.8705, 40.3563 ], [ -3.8703, 40.3567 ] ] ] } },
{ "type": "Feature", "properties": { "municipio": "Villaviciosa de Odón", "clasificacion": "urbano-consolidado", "calificacion": "sin-asignar", "version": "vigente", "fuente": "SIT-CAM WFS — UsoDelSuelo:VPLA_V_CLASIFICACION (https://idem.comunidad.madrid/geosrvg/ows)", "fecha_dato": "2026-05-12", "ambito": "39950", "_raw_CD_SIGLAS": "SU", "_raw_DS_CLASIF_GEN": "Suelo Urbano (INCORPORADO)", "_raw_DS_CLASIF_DET": "Suelo Urbano Incorporado", "_raw_DS_DOCU": "PLAN GENERAL", "_raw_DS_LEY": "CM Ley 9/1995, E Ley 6/1998, E RDL 1/1992, E RD 1346/1976", "_raw_FC_AC": "1999-07-15", "_raw_NM_AREA_M2": 175415.12823622901, "_cam_code": "181" }, "geometry": { "type": "Polygon", "coordinates": [ [ [ -3.9052, 40.3536 ], [ -3.9051, 40.3539 ], [ -3.905, 40.3539 ], [ -3.9054, 40.3542 ], [ -3.9047, 40.3549 ], [ -3.9045, 40.3549 ], [ -3.9041, 40.3553 ], [ -3.9039, 40.3553 ], [ -3.9049, 40.356 ], [ -3.9063, 40.3548 ], [ -3.9058, 40.3545 ], [ -3.9069, 40.3536 ], [ -3.9083, 40.3536 ], [ -3.9082, 40.3538 ], [ -3.9099, 40.3538 ], [ -3.9101, 40.354 ], [ -3.9103, 40.354 ], [ -3.9103, 40.3541 ], [ -3.9113, 40.3533 ], [ -3.9116, 40.3529 ], [ -3.9109, 40.3522 ], [ -3.9099, 40.3517 ], [ -3.9088, 40.3514 ], [ -3.9081, 40.3514 ], [ -3.9081, 40.3517 ], [ -3.9069, 40.3517 ], [ -3.9069, 40.3524 ], [ -3.9058, 40.3523 ], [ -3.9058, 40.3516 ], [ -3.8994, 40.3516 ], [ -3.8994, 40.3526 ], [ -3.9006, 40.3526 ], [ -3.9009, 40.3524 ], [ -3.9022, 40.3524 ], [ -3.9023, 40.3523 ], [ -3.9031, 40.3524 ], [ -3.9035, 40.3526 ], [ -3.9037, 40.3522 ], [ -3.9045, 40.3523 ], [ -3.9058, 40.3527 ], [ -3.9053, 40.3536 ], [ -3.9052, 40.3536 ] ] ] } },
{ "type": "Feature", "properties": { "municipio": "Villaviciosa de Odón", "clasificacion": "urbano-consolidado", "calificacion": "sin-asignar", "version": "vigente", "fuente": "SIT-CAM WFS — UsoDelSuelo:VPLA_V_CLASIFICACION (https://idem.comunidad.madrid/geosrvg/ows)", "fecha_dato": "2026-05-12", "ambito": "39950", "_raw_CD_SIGLAS": "SU", "_raw_DS_CLASIF_GEN": "Suelo Urbano (INCORPORADO)", "_raw_DS_CLASIF_DET": "Suelo Urbano Incorporado", "_raw_DS_DOCU": "PLAN GENERAL", "_raw_DS_LEY": "CM Ley 9/1995, E Ley 6/1998, E RDL 1/1992, E RD 1346/1976", "_raw_FC_AC": "1999-07-15", "_raw_NM_AREA_M2": 190503.48572763201, "_cam_code": "181" }, "geometry": { "type": "Polygon", "coordinates": [ [ [ -3.8809, 40.3587 ], [ -3.8814, 40.3592 ], [ -3.8812, 40.3593 ], [ -3.8811, 40.3597 ], [ -3.8814, 40.3597 ], [ -3.8814, 40.3596 ], [ -3.8826, 40.3589 ], [ -3.8827, 40.359 ], [ -3.8839, 40.358 ], [ -3.8844, 40.3583 ], [ -3.8854, 40.3584 ], [ -3.8844, 40.357 ], [ -3.8854, 40.357 ], [ -3.8856, 40.3571 ], [ -3.8856, 40.3577 ], [ -3.8866, 40.3579 ], [ -3.8866, 40.3577 ], [ -3.8875, 40.3579 ], [ -3.8875, 40.3576 ], [ -3.8886, 40.3579 ], [ -3.8885, 40.3586 ], [ -3.8892, 40.3589 ], [ -3.8892, 40.359 ], [ -3.8897, 40.3587 ], [ -3.8893, 40.3582 ], [ -3.8886, 40.3567 ], [ -3.8872, 40.3572 ], [ -3.8873, 40.3573 ], [ -3.887, 40.3576 ], [ -3.8868, 40.3576 ], [ -3.8865, 40.3574 ], [ -3.8862, 40.3568 ], [ -3.8856, 40.357 ], [ -3.8855, 40.3564 ], [ -3.8849, 40.3565 ], [ -3.8844, 40.3551 ], [ -3.8834, 40.3549 ], [ -3.8836, 40.3554 ], [ -3.8825, 40.3555 ], [ -3.8825, 40.356 ], [ -3.8815, 40.3561 ], [ -3.8805, 40.3554 ], [ -3.8806, 40.3553 ], [ -3.8795, 40.3556 ], [ -3.8791, 40.3573 ], [ -3.8805, 40.3584 ], [ -3.8807, 40.3584 ], [ -3.8809, 40.3582 ], [ -3.8812, 40.3585 ], [ -3.8809, 40.3587 ] ] ] } },
{ "type": "Feature", "properties": { "municipio": "Villaviciosa de Odón", "clasificacion": "urbano-consolidado", "calificacion": "sin-asignar", "version": "vigente", "fuente": "SIT-CAM WFS — UsoDelSuelo:VPLA_V_CLASIFICACION (https://idem.comunidad.madrid/geosrvg/ows)", "fecha_dato": "2026-05-12", "ambito": "39950", "_raw_CD_SIGLAS": "SU", "_raw_DS_CLASIF_GEN": "Suelo Urbano", "_raw_DS_CLASIF_DET": "Suelo Urbano", "_raw_DS_DOCU": "PLAN GENERAL", "_raw_DS_LEY": "CM Ley 9/1995, E Ley 6/1998, E RDL 1/1992, E RD 1346/1976", "_raw_FC_AC": "1999-07-15", "_raw_NM_AREA_M2": 173533.347209072, "_cam_code": "181" }, "geometry": { "type": "Polygon", "coordinates": [ [ [ -3.8777, 40.3561 ], [ -3.8783, 40.3564 ], [ -3.8783, 40.3565 ], [ -3.8793, 40.3552 ], [ -3.8796, 40.3552 ], [ -3.8796, 40.3556 ], [ -3.8806, 40.3553 ], [ -3.8805, 40.3554 ], [ -3.8815, 40.3561 ], [ -3.8825, 40.356 ], [ -3.8825, 40.3555 ], [ -3.8836, 40.3554 ], [ -3.8834, 40.3549 ], [ -3.8825, 40.3547 ], [ -3.8806, 40.3539 ], [ -3.8798, 40.3537 ], [ -3.8755, 40.3535 ], [ -3.8734, 40.3531 ], [ -3.8725, 40.3533 ], [ -3.8742, 40.3545 ], [ -3.8743, 40.3548 ], [ -3.8746, 40.3547 ], [ -3.8756, 40.3555 ], [ -3.8753, 40.3556 ], [ -3.876, 40.3563 ], [ -3.8766, 40.3559 ], [ -3.8773, 40.3564 ], [ -3.8777, 40.3561 ] ] ] } },
{ "type": "Feature", "properties": { "municipio": "Villaviciosa de Odón", "clasificacion": "urbano-consolidado", "calificacion": "sin-asignar", "version": "vigente", "fuente": "SIT-CAM WFS — UsoDelSuelo:VPLA_V_CLASIFICACION (https://idem.comunidad.madrid/geosrvg/ows)", "fecha_dato": "2026-05-12", "ambito": "39950", "_raw_CD_SIGLAS": "SU", "_raw_DS_CLASIF_GEN": "Suelo Urbano (INCORPORADO)", "_raw_DS_CLASIF_DET": "Suelo Urbano Incorporado", "_raw_DS_DOCU": "PLAN GENERAL", "_raw_DS_LEY": "CM Ley 9/1995, E Ley 6/1998, E RDL 1/1992, E RD 1346/1976", "_raw_FC_AC": "1999-07-15", "_raw_NM_AREA_M2": 180274.46458977301, "_cam_code": "181" }, "geometry": { "type": "Polygon", "coordinates": [ [ [ -3.9175, 40.3741 ], [ -3.9191, 40.3753 ], [ -3.9193, 40.3758 ], [ -3.9205, 40.3771 ], [ -3.9209, 40.3777 ], [ -3.9215, 40.3781 ], [ -3.9218, 40.3763 ], [ -3.9225, 40.3745 ], [ -3.9212, 40.3739 ], [ -3.9211, 40.3737 ], [ -3.9206, 40.3735 ], [ -3.9205, 40.3733 ], [ -3.9193, 40.3728 ], [ -3.9175, 40.3711 ], [ -3.9167, 40.3706 ], [ -3.9165, 40.3706 ], [ -3.9162, 40.3703 ], [ -3.916, 40.3703 ], [ -3.9151, 40.3712 ], [ -3.9152, 40.3715 ], [ -3.9154, 40.3716 ], [ -3.9153, 40.3718 ], [ -3.9157, 40.372 ], [ -3.9165, 40.3727 ], [ -3.9168, 40.3728 ], [ -3.9173, 40.3733 ], [ -3.9173, 40.3737 ], [ -3.9174, 40.3737 ], [ -3.9175, 40.3741 ] ] ] } },
{ "type": "Feature", "properties": { "municipio": "Villaviciosa de Odón", "clasificacion": "urbano-consolidado", "calificacion": "sin-asignar", "version": "vigente", "fuente": "SIT-CAM WFS — UsoDelSuelo:VPLA_V_CLASIFICACION (https://idem.comunidad.madrid/geosrvg/ows)", "fecha_dato": "2026-05-12", "ambito": "39950", "_raw_CD_SIGLAS": "SU", "_raw_DS_CLASIF_GEN": "Suelo Urbano (INCORPORADO)", "_raw_DS_CLASIF_DET": "Suelo Urbano Incorporado", "_raw_DS_DOCU": "PLAN GENERAL", "_raw_DS_LEY": "CM Ley 9/1995, E Ley 6/1998, E RDL 1/1992, E RD 1346/1976", "_raw_FC_AC": "1999-07-15", "_raw_NM_AREA_M2": 31336.655777689099, "_cam_code": "181" }, "geometry": { "type": "Polygon", "coordinates": [ [ [ -3.9321, 40.385 ], [ -3.9317, 40.3861 ], [ -3.9332, 40.3864 ], [ -3.9345, 40.3836 ], [ -3.9336, 40.3836 ], [ -3.9328, 40.3851 ], [ -3.9321, 40.385 ] ] ] } },
{ "type": "Feature", "properties": { "municipio": "Villaviciosa de Odón", "clasificacion": "urbano-consolidado", "calificacion": "sin-asignar", "version": "vigente", "fuente": "SIT-CAM WFS — UsoDelSuelo:VPLA_V_CLASIFICACION (https://idem.comunidad.madrid/geosrvg/ows)", "fecha_dato": "2026-05-12", "ambito": "39950", "_raw_CD_SIGLAS": "SU", "_raw_DS_CLASIF_GEN": "Suelo Urbano (INCORPORADO)", "_raw_DS_CLASIF_DET": "Suelo Urbano Incorporado", "_raw_DS_DOCU": "PLAN GENERAL", "_raw_DS_LEY": "CM Ley 9/1995, E Ley 6/1998, E RDL 1/1992, E RD 1346/1976", "_raw_FC_AC": "1999-07-15", "_raw_NM_AREA_M2": 40796.547107951999, "_cam_code": "181" }, "geometry": { "type": "Polygon", "coordinates": [ [ [ -3.9212, 40.3897 ], [ -3.9213, 40.3908 ], [ -3.9238, 40.3914 ], [ -3.9237, 40.391 ], [ -3.9234, 40.3907 ], [ -3.9239, 40.3901 ], [ -3.9231, 40.3898 ], [ -3.923, 40.3896 ], [ -3.9227, 40.3895 ], [ -3.9228, 40.3893 ], [ -3.9227, 40.3889 ], [ -3.9218, 40.3889 ], [ -3.9211, 40.3892 ], [ -3.9213, 40.3896 ], [ -3.9218, 40.3896 ], [ -3.9218, 40.3897 ], [ -3.9212, 40.3897 ] ] ] } },
{ "type": "Feature", "properties": { "municipio": "Villaviciosa de Odón", "clasificacion": "urbano-consolidado", "calificacion": "sin-asignar", "version": "vigente", "fuente": "SIT-CAM WFS — UsoDelSuelo:VPLA_V_CLASIFICACION (https://idem.comunidad.madrid/geosrvg/ows)", "fecha_dato": "2026-05-12", "ambito": "39950", "_raw_CD_SIGLAS": "SU", "_raw_DS_CLASIF_GEN": "Suelo Urbano (INCORPORADO)", "_raw_DS_CLASIF_DET": "Suelo Urbano Incorporado", "_raw_DS_DOCU": "PLAN GENERAL", "_raw_DS_LEY": "CM Ley 9/1995, E Ley 6/1998, E RDL 1/1992, E RD 1346/1976", "_raw_FC_AC": "1999-07-15", "_raw_NM_AREA_M2": 50439.535618148999, "_cam_code": "181" }, "geometry": { "type": "Polygon", "coordinates": [ [ [ -3.9157, 40.3975 ], [ -3.9183, 40.397 ], [ -3.9187, 40.3966 ], [ -3.9192, 40.3967 ], [ -3.9192, 40.3963 ], [ -3.9207, 40.3964 ], [ -3.9209, 40.396 ], [ -3.9205, 40.396 ], [ -3.9203, 40.3954 ], [ -3.9204, 40.3953 ], [ -3.9201, 40.3949 ], [ -3.9198, 40.395 ], [ -3.9198, 40.3951 ], [ -3.919, 40.3953 ], [ -3.9194, 40.3956 ], [ -3.9196, 40.396 ], [ -3.9191, 40.3961 ], [ -3.9173, 40.3951 ], [ -3.917, 40.3957 ], [ -3.918, 40.3961 ], [ -3.9179, 40.3962 ], [ -3.9173, 40.396 ], [ -3.9167, 40.3967 ], [ -3.9168, 40.3964 ], [ -3.9172, 40.396 ], [ -3.9172, 40.3959 ], [ -3.9169, 40.3958 ], [ -3.9157, 40.3975 ] ] ] } },
{ "type": "Feature", "properties": { "municipio": "Villaviciosa de Odón", "clasificacion": "urbano-consolidado", "calificacion": "sin-asignar", "version": "vigente", "fuente": "SIT-CAM WFS — UsoDelSuelo:VPLA_V_CLASIFICACION (https://idem.comunidad.madrid/geosrvg/ows)", "fecha_dato": "2026-05-12", "ambito": "39950", "_raw_CD_SIGLAS": "SU", "_raw_DS_CLASIF_GEN": "Suelo Urbano (INCORPORADO)", "_raw_DS_CLASIF_DET": "Suelo Urbano Incorporado", "_raw_DS_DOCU": "PLAN GENERAL", "_raw_DS_LEY": "CM Ley 9/1995, E Ley 6/1998, E RDL 1/1992, E RD 1346/1976", "_raw_FC_AC": "1999-07-15", "_raw_NM_AREA_M2": 1177.8947351424699, "_cam_code": "181" }, "geometry": { "type": "Polygon", "coordinates": [ [ [ -3.9015, 40.3578 ], [ -3.9012, 40.3581 ], [ -3.9013, 40.3582 ], [ -3.9017, 40.3579 ], [ -3.9015, 40.3578 ] ] ] } },
{ "type": "Feature", "properties": { "municipio": "Villaviciosa de Odón", "clasificacion": "urbano-consolidado", "calificacion": "sin-asignar", "version": "vigente", "fuente": "SIT-CAM WFS — UsoDelSuelo:VPLA_V_CLASIFICACION (https://idem.comunidad.madrid/geosrvg/ows)", "fecha_dato": "2026-05-12", "ambito": "39950", "_raw_CD_SIGLAS": "SU", "_raw_DS_CLASIF_GEN": "Suelo Urbano (INCORPORADO)", "_raw_DS_CLASIF_DET": "Suelo Urbano Incorporado", "_raw_DS_DOCU": "PLAN GENERAL", "_raw_DS_LEY": "CM Ley 9/1995, E Ley 6/1998, E RDL 1/1992, E RD 1346/1976", "_raw_FC_AC": "1999-07-15", "_raw_NM_AREA_M2": 62410.450675622204, "_cam_code": "181" }, "geometry": { "type": "Polygon", "coordinates": [ [ [ -3.888, 40.366 ], [ -3.8899, 40.3662 ], [ -3.89, 40.3661 ], [ -3.8879, 40.3645 ], [ -3.8886, 40.3642 ], [ -3.8895, 40.3636 ], [ -3.8892, 40.3632 ], [ -3.8873, 40.3617 ], [ -3.8862, 40.3622 ], [ -3.8859, 40.3626 ], [ -3.8866, 40.3632 ], [ -3.8863, 40.3634 ], [ -3.8865, 40.3635 ], [ -3.8867, 40.3633 ], [ -3.8874, 40.3639 ], [ -3.8877, 40.3643 ], [ -3.8874, 40.3644 ], [ -3.8875, 40.3646 ], [ -3.8878, 40.3645 ], [ -3.8879, 40.3646 ], [ -3.8881, 40.3653 ], [ -3.888, 40.366 ] ] ] } },
{ "type": "Feature", "properties": { "municipio": "Villaviciosa de Odón", "clasificacion": "urbano-consolidado", "calificacion": "sin-asignar", "version": "vigente", "fuente": "SIT-CAM WFS — UsoDelSuelo:VPLA_V_CLASIFICACION (https://idem.comunidad.madrid/geosrvg/ows)", "fecha_dato": "2026-05-12", "ambito": "39950", "_raw_CD_SIGLAS": "SU", "_raw_DS_CLASIF_GEN": "Suelo Urbano (INCORPORADO)", "_raw_DS_CLASIF_DET": "Suelo Urbano Incorporado", "_raw_DS_DOCU": "PLAN GENERAL", "_raw_DS_LEY": "CM Ley 9/1995, E Ley 6/1998, E RDL 1/1992, E RD 1346/1976", "_raw_FC_AC": "1999-07-15", "_raw_NM_AREA_M2": 31690.8795107714, "_cam_code": "181" }, "geometry": { "type": "Polygon", "coordinates": [ [ [ -3.8899, 40.3662 ], [ -3.888, 40.366 ], [ -3.8879, 40.3664 ], [ -3.8875, 40.3665 ], [ -3.8873, 40.367 ], [ -3.8876, 40.3671 ], [ -3.887, 40.368 ], [ -3.8867, 40.3683 ], [ -3.886, 40.3686 ], [ -3.8863, 40.3691 ], [ -3.8869, 40.3685 ], [ -3.8883, 40.3675 ], [ -3.8896, 40.3668 ], [ -3.8894, 40.3664 ], [ -3.8899, 40.3662 ] ] ] } },
{ "type": "Feature", "properties": { "municipio": "Villaviciosa de Odón", "clasificacion": "urbano-consolidado", "calificacion": "sin-asignar", "version": "vigente", "fuente": "SIT-CAM WFS — UsoDelSuelo:VPLA_V_CLASIFICACION (https://idem.comunidad.madrid/geosrvg/ows)", "fecha_dato": "2026-05-12", "ambito": "39950", "_raw_CD_SIGLAS": "SU", "_raw_DS_CLASIF_GEN": "Suelo Urbano (INCORPORADO)", "_raw_DS_CLASIF_DET": "Suelo Urbano Incorporado", "_raw_DS_DOCU": "PLAN GENERAL", "_raw_DS_LEY": "CM Ley 9/1995, E Ley 6/1998, E RDL 1/1992, E RD 1346/1976", "_raw_FC_AC": "1999-07-15", "_raw_NM_AREA_M2": 3818.8162192947998, "_cam_code": "181" }, "geometry": { "type": "Polygon", "coordinates": [ [ [ -3.8911, 40.365 ], [ -3.8918, 40.3655 ], [ -3.8922, 40.3652 ], [ -3.8914, 40.3647 ], [ -3.8911, 40.365 ] ] ] } },
{ "type": "Feature", "properties": { "municipio": "Villaviciosa de Odón", "clasificacion": "urbano-consolidado", "calificacion": "sin-asignar", "version": "vigente", "fuente": "SIT-CAM WFS — UsoDelSuelo:VPLA_V_CLASIFICACION (https://idem.comunidad.madrid/geosrvg/ows)", "fecha_dato": "2026-05-12", "ambito": "39950", "_raw_CD_SIGLAS": "SU", "_raw_DS_CLASIF_GEN": "Suelo Urbano", "_raw_DS_CLASIF_DET": "Suelo Urbano", "_raw_DS_DOCU": "PLAN GENERAL", "_raw_DS_LEY": "CM Ley 9/1995, E Ley 6/1998, E RDL 1/1992, E RD 1346/1976", "_raw_FC_AC": "1999-07-15", "_raw_NM_AREA_M2": 15164.0047763804, "_cam_code": "181" }, "geometry": { "type": "Polygon", "coordinates": [ [ [ -3.9118, 40.353 ], [ -3.9133, 40.3545 ], [ -3.9142, 40.3552 ], [ -3.9149, 40.356 ], [ -3.9154, 40.3559 ], [ -3.9119, 40.3526 ], [ -3.912, 40.3529 ], [ -3.9118, 40.353 ] ] ] } },
{ "type": "Feature", "properties": { "municipio": "Villaviciosa de Odón", "clasificacion": "urbano-consolidado", "calificacion": "sin-asignar", "version": "vigente", "fuente": "SIT-CAM WFS — UsoDelSuelo:VPLA_V_CLASIFICACION (https://idem.comunidad.madrid/geosrvg/ows)", "fecha_dato": "2026-05-12", "ambito": "39950", "_raw_CD_SIGLAS": "SU", "_raw_DS_CLASIF_GEN": "Suelo Urbano", "_raw_DS_CLASIF_DET": "Suelo Urbano", "_raw_DS_DOCU": "PLAN GENERAL", "_raw_DS_LEY": "CM Ley 9/1995, E Ley 6/1998, E RDL 1/1992, E RD 1346/1976", "_raw_FC_AC": "1999-07-15", "_raw_NM_AREA_M2": 9951.2846234138906, "_cam_code": "181" }, "geometry": { "type": "Polygon", "coordinates": [ [ [ -3.8957, 40.3566 ], [ -3.8956, 40.3569 ], [ -3.8958, 40.357 ], [ -3.8957, 40.3574 ], [ -3.8959, 40.3576 ], [ -3.8964, 40.3578 ], [ -3.8969, 40.3578 ], [ -3.8972, 40.3576 ], [ -3.8968, 40.3572 ], [ -3.8961, 40.3569 ], [ -3.8962, 40.3568 ], [ -3.8959, 40.3567 ], [ -3.8959, 40.3566 ], [ -3.8957, 40.3566 ] ] ] } },
{ "type": "Feature", "properties": { "municipio": "Villaviciosa de Odón", "clasificacion": "urbano-consolidado", "calificacion": "sin-asignar", "version": "vigente", "fuente": "SIT-CAM WFS — UsoDelSuelo:VPLA_V_CLASIFICACION (https://idem.comunidad.madrid/geosrvg/ows)", "fecha_dato": "2026-05-12", "ambito": "39950", "_raw_CD_SIGLAS": "SU", "_raw_DS_CLASIF_GEN": "Suelo Urbano (INCORPORADO)", "_raw_DS_CLASIF_DET": "Suelo Urbano Incorporado", "_raw_DS_DOCU": "PLAN GENERAL", "_raw_DS_LEY": "CM Ley 9/1995, E Ley 6/1998, E RDL 1/1992, E RD 1346/1976", "_raw_FC_AC": "1999-07-15", "_raw_NM_AREA_M2": 50339.753559643003, "_cam_code": "181" }, "geometry": { "type": "Polygon", "coordinates": [ [ [ -3.8957, 40.3566 ], [ -3.8948, 40.3564 ], [ -3.8945, 40.357 ], [ -3.8944, 40.357 ], [ -3.8944, 40.3578 ], [ -3.8937, 40.3578 ], [ -3.8918, 40.3588 ], [ -3.8935, 40.3587 ], [ -3.8942, 40.3591 ], [ -3.8944, 40.3591 ], [ -3.8944, 40.359 ], [ -3.8947, 40.359 ], [ -3.8949, 40.3588 ], [ -3.8952, 40.3588 ], [ -3.8956, 40.3584 ], [ -3.8962, 40.3584 ], [ -3.8969, 40.3581 ], [ -3.8973, 40.3577 ], [ -3.8972, 40.3576 ], [ -3.8969, 40.3578 ], [ -3.8964, 40.3578 ], [ -3.8959, 40.3576 ], [ -3.8957, 40.3574 ], [ -3.8958, 40.357 ], [ -3.8956, 40.3569 ], [ -3.8957, 40.3566 ] ] ] } },
{ "type": "Feature", "properties": { "municipio": "Villaviciosa de Odón", "clasificacion": "urbano-consolidado", "calificacion": "sin-asignar", "version": "vigente", "fuente": "SIT-CAM WFS — UsoDelSuelo:VPLA_V_CLASIFICACION (https://idem.comunidad.madrid/geosrvg/ows)", "fecha_dato": "2026-05-12", "ambito": "39950", "_raw_CD_SIGLAS": "SU", "_raw_DS_CLASIF_GEN": "Suelo Urbano", "_raw_DS_CLASIF_DET": "Suelo Urbano", "_raw_DS_DOCU": "PLAN GENERAL", "_raw_DS_LEY": "CM Ley 9/1995, E Ley 6/1998, E RDL 1/1992, E RD 1346/1976", "_raw_FC_AC": "1999-07-15", "_raw_NM_AREA_M2": 39086.261052779599, "_cam_code": "181" }, "geometry": { "type": "Polygon", "coordinates": [ [ [ -3.8912, 40.365 ], [ -3.8914, 40.3646 ], [ -3.8909, 40.3644 ], [ -3.8908, 40.3642 ], [ -3.8904, 40.3643 ], [ -3.8904, 40.3642 ], [ -3.8897, 40.3638 ], [ -3.8896, 40.3636 ], [ -3.8879, 40.3645 ], [ -3.8892, 40.3654 ], [ -3.8899, 40.3661 ], [ -3.8912, 40.365 ] ] ] } },
{ "type": "Feature", "properties": { "municipio": "Villaviciosa de Odón", "clasificacion": "urbano-consolidado", "calificacion": "sin-asignar", "version": "vigente", "fuente": "SIT-CAM WFS — UsoDelSuelo:VPLA_V_CLASIFICACION (https://idem.comunidad.madrid/geosrvg/ows)", "fecha_dato": "2026-05-12", "ambito": "39950", "_raw_CD_SIGLAS": "SU", "_raw_DS_CLASIF_GEN": "Suelo Urbano (INCORPORADO)", "_raw_DS_CLASIF_DET": "Suelo Urbano Incorporado", "_raw_DS_DOCU": "PLAN GENERAL", "_raw_DS_LEY": "CM Ley 9/1995, E Ley 6/1998, E RDL 1/1992, E RD 1346/1976", "_raw_FC_AC": "1999-07-15", "_raw_NM_AREA_M2": 168878.66765840299, "_cam_code": "181" }, "geometry": { "type": "Polygon", "coordinates": [ [ [ -3.8911, 40.3509 ], [ -3.8911, 40.351 ], [ -3.8914, 40.351 ], [ -3.892, 40.3513 ], [ -3.8932, 40.351 ], [ -3.8951, 40.3508 ], [ -3.9036, 40.3508 ], [ -3.902, 40.3476 ], [ -3.9019, 40.3476 ], [ -3.9003, 40.3486 ], [ -3.9003, 40.3487 ], [ -3.8988, 40.3494 ], [ -3.8979, 40.3504 ], [ -3.8971, 40.3495 ], [ -3.8965, 40.3493 ], [ -3.8955, 40.3492 ], [ -3.8911, 40.3507 ], [ -3.8911, 40.3509 ] ] ] } },
{ "type": "Feature", "properties": { "municipio": "Villaviciosa de Odón", "clasificacion": "urbano-consolidado", "calificacion": "sin-asignar", "version": "vigente", "fuente": "SIT-CAM WFS — UsoDelSuelo:VPLA_V_CLASIFICACION (https://idem.comunidad.madrid/geosrvg/ows)", "fecha_dato": "2026-05-12", "ambito": "39950", "_raw_CD_SIGLAS": "SU", "_raw_DS_CLASIF_GEN": "Suelo Urbano", "_raw_DS_CLASIF_DET": "Suelo Urbano", "_raw_DS_DOCU": "PLAN GENERAL", "_raw_DS_LEY": "CM Ley 9/1995, E Ley 6/1998, E RDL 1/1992, E RD 1346/1976", "_raw_FC_AC": "1999-07-15", "_raw_NM_AREA_M2": 1512955.79351576, "_cam_code": "181" }, "geometry": { "type": "Polygon", "coordinates": [ [ [ -3.9019, 40.3579 ], [ -3.9039, 40.3585 ], [ -3.9057, 40.3583 ], [ -3.9064, 40.3581 ], [ -3.9058, 40.3579 ], [ -3.9059, 40.3578 ], [ -3.9061, 40.3579 ], [ -3.9065, 40.3575 ], [ -3.9069, 40.3578 ], [ -3.9081, 40.3563 ], [ -3.908, 40.3563 ], [ -3.9093, 40.3552 ], [ -3.9103, 40.354 ], [ -3.9101, 40.354 ], [ -3.9099, 40.3538 ], [ -3.9082, 40.3538 ], [ -3.9083, 40.3536 ], [ -3.9069, 40.3536 ], [ -3.9058, 40.3545 ], [ -3.9063, 40.3548 ], [ -3.9049, 40.356 ], [ -3.9039, 40.3553 ], [ -3.9041, 40.3553 ], [ -3.9045, 40.3549 ], [ -3.9047, 40.3549 ], [ -3.9054, 40.3542 ], [ -3.905, 40.3539 ], [ -3.9051, 40.3539 ], [ -3.9058, 40.3527 ], [ -3.9045, 40.3523 ], [ -3.9037, 40.3522 ], [ -3.9035, 40.3526 ], [ -3.9031, 40.3524 ], [ -3.9026, 40.3524 ], [ -3.9026, 40.3523 ], [ -3.9009, 40.3524 ], [ -3.9006, 40.3526 ], [ -3.8994, 40.3526 ], [ -3.8994, 40.3516 ], [ -3.9058, 40.3516 ], [ -3.9058, 40.3523 ], [ -3.9069, 40.3524 ], [ -3.9069, 40.3517 ], [ -3.9081, 40.3517 ], [ -3.9081, 40.3514 ], [ -3.9088, 40.3514 ], [ -3.9099, 40.3517 ], [ -3.9109, 40.3522 ], [ -3.9116, 40.3529 ], [ -3.9117, 40.3525 ], [ -3.9106, 40.3516 ], [ -3.9092, 40.3512 ], [ -3.9071, 40.3511 ], [ -3.907, 40.351 ], [ -3.9073, 40.3501 ], [ -3.9085, 40.3488 ], [ -3.9094, 40.3481 ], [ -3.9099, 40.3475 ], [ -3.9103, 40.3465 ], [ -3.9108, 40.3459 ], [ -3.9098, 40.3454 ], [ -3.9093, 40.3453 ], [ -3.9079, 40.344 ], [ -3.9057, 40.3445 ], [ -3.9034, 40.3467 ], [ -3.902, 40.3475 ], [ -3.9036, 40.3508 ], [ -3.8951, 40.3508 ], [ -3.8932, 40.351 ], [ -3.892, 40.3513 ], [ -3.8914, 40.351 ], [ -3.8911, 40.351 ], [ -3.8911, 40.3508 ], [ -3.891, 40.3508 ], [ -3.887, 40.3522 ], [ -3.8867, 40.3524 ], [ -3.8813, 40.354 ], [ -3.8818, 40.3541 ], [ -3.8823, 40.3544 ], [ -3.8842, 40.3549 ], [ -3.8858, 40.3551 ], [ -3.8858, 40.3552 ], [ -3.8874, 40.3552 ], [ -3.8888, 40.3555 ], [ -3.8909, 40.3555 ], [ -3.8929, 40.3558 ], [ -3.895, 40.3563 ], [ -3.895, 40.3564 ], [ -3.8959, 40.3565 ], [ -3.8967, 40.3569 ], [ -3.8968, 40.3571 ], [ -3.8977, 40.3577 ], [ -3.8984, 40.3573 ], [ -3.8986, 40.3573 ], [ -3.8997, 40.3566 ], [ -3.8997, 40.3565 ], [ -3.8999, 40.3565 ], [ -3.9006, 40.357 ], [ -3.901, 40.3575 ], [ -3.9012, 40.3575 ], [ -3.9019, 40.3579 ] ], [ [ -3.9058, 40.3578 ], [ -3.9054, 40.3577 ], [ -3.9054, 40.3576 ], [ -3.9058, 40.3578 ] ], [ [ -3.9053, 40.3576 ], [ -3.9051, 40.3576 ], [ -3.905, 40.3575 ], [ -3.9051, 40.3575 ], [ -3.9053, 40.3576 ] ], [ [ -3.9009, 40.3552 ], [ -3.9014, 40.3557 ], [ -3.9012, 40.3559 ], [ -3.9006, 40.3555 ], [ -3.9009, 40.3552 ] ] ] } },
{ "type": "Feature", "properties": { "municipio": "Villaviciosa de Odón", "clasificacion": "urbano-consolidado", "calificacion": "sin-asignar", "version": "vigente", "fuente": "SIT-CAM WFS — UsoDelSuelo:VPLA_V_CLASIFICACION (https://idem.comunidad.madrid/geosrvg/ows)", "fecha_dato": "2026-05-12", "ambito": "39950", "_raw_CD_SIGLAS": "SU", "_raw_DS_CLASIF_GEN": "Suelo Urbano", "_raw_DS_CLASIF_DET": "Suelo Urbano", "_raw_DS_DOCU": "PLAN GENERAL", "_raw_DS_LEY": "CM Ley 9/1995, E Ley 6/1998, E RDL 1/1992, E RD 1346/1976", "_raw_FC_AC": "1999-07-15", "_raw_NM_AREA_M2": 692.63448116041798, "_cam_code": "181" }, "geometry": { "type": "Polygon", "coordinates": [ [ [ -3.8722, 40.353 ], [ -3.8714, 40.3532 ], [ -3.8714, 40.3532 ], [ -3.8715, 40.3532 ], [ -3.8716, 40.3532 ], [ -3.8728, 40.3529 ], [ -3.8722, 40.3529 ], [ -3.8722, 40.353 ] ] ] } },
{ "type": "Feature", "properties": { "municipio": "Villaviciosa de Odón", "clasificacion": "urbano-consolidado", "calificacion": "sin-asignar", "version": "vigente", "fuente": "SIT-CAM WFS — UsoDelSuelo:VPLA_V_CLASIFICACION (https://idem.comunidad.madrid/geosrvg/ows)", "fecha_dato": "2026-05-12", "ambito": "39950", "_raw_CD_SIGLAS": "SU", "_raw_DS_CLASIF_GEN": "Suelo Urbano", "_raw_DS_CLASIF_DET": "Suelo Urbano", "_raw_DS_DOCU": "PLAN GENERAL", "_raw_DS_LEY": "CM Ley 9/1995, E Ley 6/1998, E RDL 1/1992, E RD 1346/1976", "_raw_FC_AC": "1999-07-15", "_raw_NM_AREA_M2": 14144.2862298528, "_cam_code": "181" }, "geometry": { "type": "Polygon", "coordinates": [ [ [ -3.9152, 40.3535 ], [ -3.9155, 40.3544 ], [ -3.9161, 40.3555 ], [ -3.9167, 40.3554 ], [ -3.9162, 40.3539 ], [ -3.9156, 40.3534 ], [ -3.9152, 40.3535 ] ] ] } },
{ "type": "Feature", "properties": { "municipio": "Villaviciosa de Odón", "clasificacion": "urbano-consolidado", "calificacion": "sin-asignar", "version": "vigente", "fuente": "SIT-CAM WFS — UsoDelSuelo:VPLA_V_CLASIFICACION (https://idem.comunidad.madrid/geosrvg/ows)", "fecha_dato": "2026-05-12", "ambito": "39950", "_raw_CD_SIGLAS": "SU", "_raw_DS_CLASIF_GEN": "Suelo Urbano (INCORPORADO)", "_raw_DS_CLASIF_DET": "Suelo Urbano Incorporado", "_raw_DS_DOCU": "PLAN GENERAL", "_raw_DS_LEY": "CM Ley 9/1995, E Ley 6/1998, E RDL 1/1992, E RD 1346/1976", "_raw_FC_AC": "1999-07-15", "_raw_NM_AREA_M2": 111689.86482764001, "_cam_code": "181" }, "geometry": { "type": "Polygon", "coordinates": [ [ [ -3.9102, 40.3568 ], [ -3.9115, 40.3564 ], [ -3.9133, 40.3564 ], [ -3.9149, 40.356 ], [ -3.9149, 40.3559 ], [ -3.9118, 40.353 ], [ -3.9117, 40.3532 ], [ -3.9108, 40.3538 ], [ -3.9088, 40.3559 ], [ -3.9094, 40.3562 ], [ -3.9098, 40.3566 ], [ -3.9099, 40.3565 ], [ -3.9102, 40.3568 ] ] ] } },
{ "type": "Feature", "properties": { "municipio": "Villaviciosa de Odón", "clasificacion": "urbano-consolidado", "calificacion": "sin-asignar", "version": "vigente", "fuente": "SIT-CAM WFS — UsoDelSuelo:VPLA_V_CLASIFICACION (https://idem.comunidad.madrid/geosrvg/ows)", "fecha_dato": "2026-05-12", "ambito": "39950", "_raw_CD_SIGLAS": "SU", "_raw_DS_CLASIF_GEN": "Suelo Urbano", "_raw_DS_CLASIF_DET": "Suelo Urbano", "_raw_DS_DOCU": "PLAN GENERAL", "_raw_DS_LEY": "CM Ley 9/1995, E Ley 6/1998, E RDL 1/1992, E RD 1346/1976", "_raw_FC_AC": "1999-07-15", "_raw_NM_AREA_M2": 78069.174081339399, "_cam_code": "181" }, "geometry": { "type": "Polygon", "coordinates": [ [ [ -3.9186, 40.3612 ], [ -3.9189, 40.3612 ], [ -3.9196, 40.3625 ], [ -3.92, 40.363 ], [ -3.9207, 40.3635 ], [ -3.9208, 40.3637 ], [ -3.921, 40.3637 ], [ -3.9212, 40.3639 ], [ -3.9213, 40.3638 ], [ -3.9212, 40.3637 ], [ -3.9206, 40.3634 ], [ -3.9197, 40.3625 ], [ -3.9189, 40.361 ], [ -3.919, 40.3609 ], [ -3.9189, 40.3606 ], [ -3.9191, 40.3609 ], [ -3.9197, 40.3609 ], [ -3.921, 40.3606 ], [ -3.9221, 40.3607 ], [ -3.9222, 40.3603 ], [ -3.9221, 40.3603 ], [ -3.9216, 40.359 ], [ -3.921, 40.3591 ], [ -3.9207, 40.359 ], [ -3.9206, 40.3587 ], [ -3.9184, 40.3597 ], [ -3.918, 40.3589 ], [ -3.9155, 40.356 ], [ -3.9148, 40.3561 ], [ -3.9151, 40.3562 ], [ -3.9158, 40.3568 ], [ -3.9169, 40.358 ], [ -3.9178, 40.3593 ], [ -3.9183, 40.3603 ], [ -3.9184, 40.3603 ], [ -3.9184, 40.3609 ], [ -3.918, 40.3613 ], [ -3.9182, 40.3614 ], [ -3.9184, 40.3612 ], [ -3.9186, 40.3612 ] ] ] } },
{ "type": "Feature", "properties": { "municipio": "Villaviciosa de Odón", "clasificacion": "urbano-consolidado", "calificacion": "sin-asignar", "version": "vigente", "fuente": "SIT-CAM WFS — UsoDelSuelo:VPLA_V_CLASIFICACION (https://idem.comunidad.madrid/geosrvg/ows)", "fecha_dato": "2026-05-12", "ambito": "39950", "_raw_CD_SIGLAS": "SU", "_raw_DS_CLASIF_GEN": "Suelo Urbano", "_raw_DS_CLASIF_DET": "Suelo Urbano", "_raw_DS_DOCU": "PLAN GENERAL", "_raw_DS_LEY": "CM Ley 9/1995, E Ley 6/1998, E RDL 1/1992, E RD 1346/1976", "_raw_FC_AC": "1999-07-15", "_raw_NM_AREA_M2": 230106.09510390999, "_cam_code": "181" }, "geometry": { "type": "Polygon", "coordinates": [ [ [ -3.9045, 40.3629 ], [ -3.9047, 40.3631 ], [ -3.9058, 40.3636 ], [ -3.907, 40.3621 ], [ -3.9048, 40.3607 ], [ -3.9039, 40.3613 ], [ -3.9034, 40.3607 ], [ -3.9042, 40.3602 ], [ -3.9044, 40.3604 ], [ -3.9044, 40.3597 ], [ -3.9046, 40.3595 ], [ -3.9032, 40.3586 ], [ -3.9032, 40.3585 ], [ -3.9025, 40.3583 ], [ -3.9018, 40.3579 ], [ -3.9013, 40.3582 ], [ -3.9012, 40.3581 ], [ -3.9015, 40.3578 ], [ -3.9007, 40.3574 ], [ -3.9005, 40.3571 ], [ -3.9, 40.3568 ], [ -3.8991, 40.3572 ], [ -3.8993, 40.3574 ], [ -3.8991, 40.3575 ], [ -3.8989, 40.3573 ], [ -3.8986, 40.3575 ], [ -3.8982, 40.3575 ], [ -3.8976, 40.3579 ], [ -3.8974, 40.3578 ], [ -3.8969, 40.3583 ], [ -3.8968, 40.3585 ], [ -3.8969, 40.3587 ], [ -3.8978, 40.359 ], [ -3.8981, 40.3593 ], [ -3.8987, 40.3595 ], [ -3.8988, 40.3596 ], [ -3.8987, 40.3597 ], [ -3.8989, 40.3598 ], [ -3.8996, 40.3599 ], [ -3.8998, 40.3597 ], [ -3.9005, 40.36 ], [ -3.9006, 40.3601 ], [ -3.9001, 40.3609 ], [ -3.9013, 40.3613 ], [ -3.9017, 40.3611 ], [ -3.9027, 40.3616 ], [ -3.9027, 40.3617 ], [ -3.903, 40.3616 ], [ -3.9036, 40.3621 ], [ -3.9035, 40.3622 ], [ -3.9036, 40.3624 ], [ -3.9039, 40.3627 ], [ -3.9045, 40.3629 ] ], [ [ -3.9014, 40.36 ], [ -3.9011, 40.36 ], [ -3.9011, 40.3597 ], [ -3.9014, 40.3597 ], [ -3.9015, 40.3598 ], [ -3.9014, 40.36 ] ], [ [ -3.9026, 40.3599 ], [ -3.9023, 40.3599 ], [ -3.9024, 40.3594 ], [ -3.903, 40.3595 ], [ -3.9028, 40.3599 ], [ -3.9026, 40.3599 ] ] ] } },
{ "type": "Feature", "properties": { "municipio": "Villaviciosa de Odón", "clasificacion": "urbano-consolidado", "calificacion": "sin-asignar", "version": "vigente", "fuente": "SIT-CAM WFS — UsoDelSuelo:VPLA_V_CLASIFICACION (https://idem.comunidad.madrid/geosrvg/ows)", "fecha_dato": "2026-05-12", "ambito": "39950", "_raw_CD_SIGLAS": "SU", "_raw_DS_CLASIF_GEN": "Suelo Urbano", "_raw_DS_CLASIF_DET": "Suelo Urbano", "_raw_DS_DOCU": "PLAN GENERAL", "_raw_DS_LEY": "CM Ley 9/1995, E Ley 6/1998, E RDL 1/1992, E RD 1346/1976", "_raw_FC_AC": "1999-07-15", "_raw_NM_AREA_M2": 1360078.1045303701, "_cam_code": "181" }, "geometry": { "type": "Polygon", "coordinates": [ [ [ -3.8812, 40.3695 ], [ -3.8821, 40.37 ], [ -3.8826, 40.3699 ], [ -3.8826, 40.3696 ], [ -3.8829, 40.3693 ], [ -3.8827, 40.3688 ], [ -3.8829, 40.3686 ], [ -3.8834, 40.3685 ], [ -3.884, 40.3681 ], [ -3.8838, 40.368 ], [ -3.8859, 40.3675 ], [ -3.8835, 40.3653 ], [ -3.884, 40.3649 ], [ -3.8847, 40.3647 ], [ -3.8861, 40.3648 ], [ -3.8864, 40.3642 ], [ -3.885, 40.3628 ], [ -3.8848, 40.3624 ], [ -3.8841, 40.3628 ], [ -3.884, 40.3631 ], [ -3.8831, 40.3629 ], [ -3.8828, 40.3632 ], [ -3.882, 40.3633 ], [ -3.8803, 40.3632 ], [ -3.8804, 40.3626 ], [ -3.8805, 40.3627 ], [ -3.8813, 40.3627 ], [ -3.8813, 40.3628 ], [ -3.8818, 40.3626 ], [ -3.8821, 40.3623 ], [ -3.883, 40.3624 ], [ -3.8831, 40.3623 ], [ -3.8829, 40.3619 ], [ -3.8836, 40.3618 ], [ -3.8841, 40.3614 ], [ -3.8842, 40.361 ], [ -3.8835, 40.3609 ], [ -3.8826, 40.3605 ], [ -3.8825, 40.3602 ], [ -3.883, 40.3603 ], [ -3.8829, 40.3605 ], [ -3.8841, 40.3608 ], [ -3.8864, 40.3609 ], [ -3.8866, 40.3612 ], [ -3.8874, 40.3609 ], [ -3.8873, 40.3607 ], [ -3.8882, 40.3607 ], [ -3.8892, 40.3602 ], [ -3.8892, 40.3603 ], [ -3.8896, 40.3603 ], [ -3.8899, 40.3602 ], [ -3.89, 40.3605 ], [ -3.892, 40.36 ], [ -3.8922, 40.3598 ], [ -3.8922, 40.3595 ], [ -3.8913, 40.3591 ], [ -3.8937, 40.3578 ], [ -3.8944, 40.3578 ], [ -3.8944, 40.357 ], [ -3.8945, 40.357 ], [ -3.8948, 40.3564 ], [ -3.8908, 40.3557 ], [ -3.8887, 40.3557 ], [ -3.8871, 40.3554 ], [ -3.8849, 40.3554 ], [ -3.8848, 40.3551 ], [ -3.8844, 40.3551 ], [ -3.8849, 40.3565 ], [ -3.8855, 40.3564 ], [ -3.8856, 40.357 ], [ -3.8862, 40.3568 ], [ -3.8865, 40.3574 ], [ -3.8868, 40.3576 ], [ -3.8871, 40.3575 ], [ -3.8873, 40.3573 ], [ -3.8872, 40.3572 ], [ -3.8886, 40.3567 ], [ -3.8893, 40.3582 ], [ -3.8897, 40.3587 ], [ -3.8892, 40.359 ], [ -3.8892, 40.3589 ], [ -3.8885, 40.3586 ], [ -3.8886, 40.3579 ], [ -3.8875, 40.3576 ], [ -3.8875, 40.3579 ], [ -3.8866, 40.3577 ], [ -3.8866, 40.3579 ], [ -3.8856, 40.3577 ], [ -3.8856, 40.3571 ], [ -3.8854, 40.357 ], [ -3.8844, 40.357 ], [ -3.8854, 40.3584 ], [ -3.8844, 40.3583 ], [ -3.8839, 40.358 ], [ -3.8827, 40.359 ], [ -3.8826, 40.3589 ], [ -3.8814, 40.3596 ], [ -3.8814, 40.3597 ], [ -3.8811, 40.3597 ], [ -3.8812, 40.3593 ], [ -3.8814, 40.3592 ], [ -3.8813, 40.359 ], [ -3.8811, 40.3592 ], [ -3.8811, 40.3594 ], [ -3.881, 40.3594 ], [ -3.8794, 40.3581 ], [ -3.8787, 40.3578 ], [ -3.877, 40.3573 ], [ -3.8765, 40.3575 ], [ -3.8759, 40.3569 ], [ -3.8754, 40.357 ], [ -3.874, 40.3556 ], [ -3.8732, 40.355 ], [ -3.8728, 40.3554 ], [ -3.8733, 40.3558 ], [ -3.8729, 40.356 ], [ -3.8729, 40.3562 ], [ -3.8723, 40.3561 ], [ -3.8721, 40.3563 ], [ -3.8715, 40.3557 ], [ -3.8708, 40.3556 ], [ -3.8707, 40.3563 ], [ -3.8717, 40.3564 ], [ -3.8727, 40.357 ], [ -3.8725, 40.357 ], [ -3.8721, 40.3574 ], [ -3.8711, 40.3593 ], [ -3.872, 40.3604 ], [ -3.8723, 40.3605 ], [ -3.8736, 40.3604 ], [ -3.8737, 40.3606 ], [ -3.8735, 40.3606 ], [ -3.8735, 40.3607 ], [ -3.8729, 40.3611 ], [ -3.8727, 40.3611 ], [ -3.8727, 40.3612 ], [ -3.8737, 40.3621 ], [ -3.8738, 40.3624 ], [ -3.8737, 40.3627 ], [ -3.8739, 40.3627 ], [ -3.8744, 40.3631 ], [ -3.8755, 40.3632 ], [ -3.8769, 40.3636 ], [ -3.8766, 40.364 ], [ -3.8766, 40.3643 ], [ -3.8774, 40.3655 ], [ -3.8781, 40.367 ], [ -3.8788, 40.3682 ], [ -3.8789, 40.3682 ], [ -3.8789, 40.3684 ], [ -3.8797, 40.3689 ], [ -3.8796, 40.369 ], [ -3.8796, 40.37 ], [ -3.8812, 40.3695 ] ] ] } },
{ "type": "Feature", "properties": { "municipio": "Villaviciosa de Odón", "clasificacion": "urbano-consolidado", "calificacion": "sin-asignar", "version": "vigente", "fuente": "SIT-CAM WFS — UsoDelSuelo:VPLA_V_CLASIFICACION (https://idem.comunidad.madrid/geosrvg/ows)", "fecha_dato": "2026-05-12", "ambito": "39950", "_raw_CD_SIGLAS": "SU", "_raw_DS_CLASIF_GEN": "Suelo Urbano", "_raw_DS_CLASIF_DET": "Suelo Urbano", "_raw_DS_DOCU": "PLAN GENERAL", "_raw_DS_LEY": "CM Ley 9/1995, E Ley 6/1998, E RDL 1/1992, E RD 1346/1976", "_raw_FC_AC": "1999-07-15", "_raw_NM_AREA_M2": 5934892.36639171, "_cam_code": "181" }, "geometry": { "type": "Polygon", "coordinates": [ [ [ -3.9221, 40.4015 ], [ -3.9256, 40.402 ], [ -3.9261, 40.4018 ], [ -3.926, 40.4013 ], [ -3.9256, 40.4012 ], [ -3.9256, 40.4011 ], [ -3.9258, 40.4008 ], [ -3.9262, 40.4007 ], [ -3.9263, 40.4005 ], [ -3.9267, 40.4003 ], [ -3.9268, 40.3998 ], [ -3.926, 40.3996 ], [ -3.9259, 40.3992 ], [ -3.9264, 40.3991 ], [ -3.9267, 40.3987 ], [ -3.927, 40.3987 ], [ -3.9272, 40.3985 ], [ -3.9274, 40.3985 ], [ -3.9272, 40.3982 ], [ -3.9274, 40.3981 ], [ -3.9275, 40.3978 ], [ -3.9278, 40.3977 ], [ -3.9278, 40.3974 ], [ -3.928, 40.397 ], [ -3.9282, 40.3968 ], [ -3.9288, 40.3967 ], [ -3.9289, 40.3963 ], [ -3.9293, 40.396 ], [ -3.9293, 40.3958 ], [ -3.9296, 40.3957 ], [ -3.9296, 40.3955 ], [ -3.9299, 40.3956 ], [ -3.9304, 40.3955 ], [ -3.9304, 40.3954 ], [ -3.9308, 40.3953 ], [ -3.9311, 40.3949 ], [ -3.9317, 40.395 ], [ -3.9319, 40.3946 ], [ -3.9322, 40.3944 ], [ -3.9327, 40.3945 ], [ -3.9327, 40.3946 ], [ -3.9335, 40.3945 ], [ -3.934, 40.3933 ], [ -3.9345, 40.3931 ], [ -3.9345, 40.393 ], [ -3.935, 40.3931 ], [ -3.9354, 40.3926 ], [ -3.9354, 40.3921 ], [ -3.9363, 40.392 ], [ -3.9366, 40.3911 ], [ -3.9369, 40.3912 ], [ -3.937, 40.3915 ], [ -3.9373, 40.3914 ], [ -3.9377, 40.3909 ], [ -3.938, 40.3909 ], [ -3.9382, 40.3907 ], [ -3.9382, 40.3908 ], [ -3.9384, 40.3908 ], [ -3.9384, 40.3909 ], [ -3.9386, 40.3909 ], [ -3.9388, 40.3911 ], [ -3.9393, 40.3911 ], [ -3.9394, 40.3909 ], [ -3.9396, 40.3909 ], [ -3.94, 40.3905 ], [ -3.9402, 40.3905 ], [ -3.9406, 40.39 ], [ -3.9409, 40.39 ], [ -3.9409, 40.3899 ], [ -3.9425, 40.3898 ], [ -3.9428, 40.39 ], [ -3.9435, 40.39 ], [ -3.9446, 40.3898 ], [ -3.9453, 40.3894 ], [ -3.9454, 40.3884 ], [ -3.9451, 40.3877 ], [ -3.9451, 40.3869 ], [ -3.9454, 40.386 ], [ -3.9454, 40.3853 ], [ -3.9452, 40.3845 ], [ -3.9449, 40.3813 ], [ -3.9439, 40.3799 ], [ -3.9437, 40.3787 ], [ -3.9435, 40.3784 ], [ -3.9431, 40.3782 ], [ -3.9431, 40.3779 ], [ -3.9421, 40.3775 ], [ -3.9421, 40.3774 ], [ -3.9411, 40.3772 ], [ -3.9409, 40.3771 ], [ -3.9409, 40.3769 ], [ -3.9405, 40.3769 ], [ -3.9405, 40.377 ], [ -3.9403, 40.3768 ], [ -3.9389, 40.3764 ], [ -3.9389, 40.3763 ], [ -3.9386, 40.3763 ], [ -3.9386, 40.3762 ], [ -3.9369, 40.3756 ], [ -3.9364, 40.3753 ], [ -3.9345, 40.3749 ], [ -3.9343, 40.3747 ], [ -3.9321, 40.3742 ], [ -3.9298, 40.3734 ], [ -3.9248, 40.3709 ], [ -3.9246, 40.3707 ], [ -3.924, 40.3706 ], [ -3.9233, 40.3694 ], [ -3.9232, 40.3694 ], [ -3.9225, 40.368 ], [ -3.9223, 40.3679 ], [ -3.922, 40.3672 ], [ -3.922, 40.3669 ], [ -3.9219, 40.3669 ], [ -3.9219, 40.3666 ], [ -3.9212, 40.3663 ], [ -3.9212, 40.3664 ], [ -3.9209, 40.3664 ], [ -3.9198, 40.367 ], [ -3.9191, 40.3675 ], [ -3.9178, 40.3688 ], [ -3.9174, 40.369 ], [ -3.917, 40.3695 ], [ -3.9168, 40.3695 ], [ -3.916, 40.3703 ], [ -3.9162, 40.3703 ], [ -3.9165, 40.3706 ], [ -3.9167, 40.3706 ], [ -3.9175, 40.3711 ], [ -3.9193, 40.3728 ], [ -3.9205, 40.3733 ], [ -3.9206, 40.3735 ], [ -3.9211, 40.3737 ], [ -3.9212, 40.3739 ], [ -3.9225, 40.3745 ], [ -3.9218, 40.3763 ], [ -3.9214, 40.3785 ], [ -3.9212, 40.3788 ], [ -3.9202, 40.382 ], [ -3.9197, 40.383 ], [ -3.9195, 40.3844 ], [ -3.9201, 40.3852 ], [ -3.9201, 40.386 ], [ -3.9198, 40.3864 ], [ -3.9197, 40.3868 ], [ -3.9196, 40.3868 ], [ -3.9195, 40.3876 ], [ -3.9193, 40.3878 ], [ -3.9192, 40.3884 ], [ -3.9186, 40.3889 ], [ -3.9182, 40.3896 ], [ -3.9176, 40.3901 ], [ -3.9174, 40.3901 ], [ -3.917, 40.3905 ], [ -3.9141, 40.3889 ], [ -3.9141, 40.3888 ], [ -3.9133, 40.3886 ], [ -3.913, 40.3883 ], [ -3.9124, 40.3881 ], [ -3.9123, 40.3879 ], [ -3.9117, 40.3877 ], [ -3.9116, 40.3875 ], [ -3.9113, 40.3875 ], [ -3.9103, 40.3867 ], [ -3.9102, 40.3867 ], [ -3.9101, 40.3871 ], [ -3.9098, 40.3871 ], [ -3.9094, 40.3868 ], [ -3.9092, 40.3868 ], [ -3.9091, 40.3866 ], [ -3.9089, 40.3866 ], [ -3.9089, 40.3865 ], [ -3.9087, 40.3865 ], [ -3.9087, 40.3864 ], [ -3.9076, 40.3859 ], [ -3.9076, 40.3858 ], [ -3.9074, 40.3858 ], [ -3.9068, 40.3853 ], [ -3.906, 40.385 ], [ -3.906, 40.3849 ], [ -3.9054, 40.3846 ], [ -3.9051, 40.3851 ], [ -3.9065, 40.3857 ], [ -3.9066, 40.3859 ], [ -3.9068, 40.3859 ], [ -3.9071, 40.3862 ], [ -3.9073, 40.3862 ], [ -3.9073, 40.3863 ], [ -3.9086, 40.387 ], [ -3.9091, 40.3871 ], [ -3.9091, 40.3872 ], [ -3.9098, 40.3875 ], [ -3.9099, 40.3878 ], [ -3.91, 40.3878 ], [ -3.91, 40.3882 ], [ -3.9101, 40.3882 ], [ -3.9101, 40.3885 ], [ -3.9102, 40.3885 ], [ -3.9103, 40.3888 ], [ -3.9102, 40.3894 ], [ -3.9104, 40.3897 ], [ -3.91, 40.3897 ], [ -3.91, 40.3896 ], [ -3.9097, 40.3895 ], [ -3.9097, 40.3907 ], [ -3.9099, 40.3909 ], [ -3.91, 40.3921 ], [ -3.9101, 40.3924 ], [ -3.9102, 40.3924 ], [ -3.9102, 40.3927 ], [ -3.91, 40.3931 ], [ -3.9103, 40.393 ], [ -3.9102, 40.3919 ], [ -3.9109, 40.3922 ], [ -3.9108, 40.3914 ], [ -3.9112, 40.3904 ], [ -3.9117, 40.3908 ], [ -3.9123, 40.3909 ], [ -3.9132, 40.3916 ], [ -3.9133, 40.3918 ], [ -3.9136, 40.3919 ], [ -3.9138, 40.3922 ], [ -3.9141, 40.3923 ], [ -3.9144, 40.3927 ], [ -3.9154, 40.3932 ], [ -3.9153, 40.3934 ], [ -3.9151, 40.3934 ], [ -3.915, 40.3939 ], [ -3.9148, 40.3935 ], [ -3.9142, 40.393 ], [ -3.9141, 40.3927 ], [ -3.9135, 40.3923 ], [ -3.9124, 40.3934 ], [ -3.9123, 40.3937 ], [ -3.9121, 40.3939 ], [ -3.9118, 40.3938 ], [ -3.9114, 40.3944 ], [ -3.9112, 40.3951 ], [ -3.9119, 40.3958 ], [ -3.9122, 40.3959 ], [ -3.9125, 40.3963 ], [ -3.9131, 40.3965 ], [ -3.9131, 40.3969 ], [ -3.9128, 40.3972 ], [ -3.9125, 40.3978 ], [ -3.9115, 40.3967 ], [ -3.9112, 40.3959 ], [ -3.9108, 40.3957 ], [ -3.9108, 40.3955 ], [ -3.9103, 40.3955 ], [ -3.9104, 40.3963 ], [ -3.9105, 40.3963 ], [ -3.9107, 40.3967 ], [ -3.9119, 40.3974 ], [ -3.9122, 40.3978 ], [ -3.9122, 40.398 ], [ -3.9124, 40.3981 ], [ -3.9125, 40.3986 ], [ -3.9132, 40.3994 ], [ -3.9133, 40.4007 ], [ -3.9137, 40.4009 ], [ -3.9143, 40.4016 ], [ -3.9155, 40.4016 ], [ -3.9169, 40.4018 ], [ -3.9202, 40.4018 ], [ -3.9221, 40.4015 ] ], [ [ -3.9183, 40.397 ], [ -3.9157, 40.3975 ], [ -3.9169, 40.3958 ], [ -3.9172, 40.3959 ], [ -3.9172, 40.396 ], [ -3.9168, 40.3964 ], [ -3.9167, 40.3967 ], [ -3.9173, 40.396 ], [ -3.9179, 40.3962 ], [ -3.918, 40.3961 ], [ -3.917, 40.3957 ], [ -3.9173, 40.3951 ], [ -3.9191, 40.3961 ], [ -3.9196, 40.396 ], [ -3.9194, 40.3956 ], [ -3.919, 40.3953 ], [ -3.9198, 40.3951 ], [ -3.9198, 40.395 ], [ -3.9201, 40.3949 ], [ -3.9204, 40.3953 ], [ -3.9203, 40.3954 ], [ -3.9205, 40.396 ], [ -3.9209, 40.396 ], [ -3.9207, 40.3964 ], [ -3.9192, 40.3963 ], [ -3.9192, 40.3967 ], [ -3.9187, 40.3966 ], [ -3.9183, 40.397 ] ], [ [ -3.9238, 40.3912 ], [ -3.9238, 40.3914 ], [ -3.9237, 40.3914 ], [ -3.9213, 40.3908 ], [ -3.9212, 40.3897 ], [ -3.9218, 40.3897 ], [ -3.9218, 40.3896 ], [ -3.9213, 40.3896 ], [ -3.9211, 40.3892 ], [ -3.9218, 40.3889 ], [ -3.9227, 40.3889 ], [ -3.9228, 40.3892 ], [ -3.9227, 40.3895 ], [ -3.923, 40.3896 ], [ -3.9231, 40.3898 ], [ -3.9239, 40.3901 ], [ -3.9234, 40.3907 ], [ -3.9238, 40.3912 ] ], [ [ -3.9339, 40.3836 ], [ -3.9345, 40.3836 ], [ -3.9345, 40.3837 ], [ -3.9333, 40.386 ], [ -3.9332, 40.3864 ], [ -3.9317, 40.3861 ], [ -3.9321, 40.385 ], [ -3.9328, 40.3851 ], [ -3.9336, 40.3836 ], [ -3.9339, 40.3836 ] ] ] } },
{ "type": "Feature", "properties": { "municipio": "Villaviciosa de Odón", "clasificacion": "urbano-consolidado", "calificacion": "sin-asignar", "version": "vigente", "fuente": "SIT-CAM WFS — UsoDelSuelo:VPLA_V_CLASIFICACION (https://idem.comunidad.madrid/geosrvg/ows)", "fecha_dato": "2026-05-12", "ambito": "39950", "_raw_CD_SIGLAS": "SU", "_raw_DS_CLASIF_GEN": "Suelo Urbano", "_raw_DS_CLASIF_DET": "Suelo Urbano", "_raw_DS_DOCU": "PLAN GENERAL", "_raw_DS_LEY": "CM Ley 9/1995, E Ley 6/1998, E RDL 1/1992, E RD 1346/1976", "_raw_FC_AC": "1999-07-15", "_raw_NM_AREA_M2": 451715.63224512298, "_cam_code": "181" }, "geometry": { "type": "Polygon", "coordinates": [ [ [ -3.9154, 40.3649 ], [ -3.9172, 40.365 ], [ -3.918, 40.3649 ], [ -3.9175, 40.3648 ], [ -3.9156, 40.364 ], [ -3.9126, 40.3626 ], [ -3.9149, 40.3603 ], [ -3.9129, 40.359 ], [ -3.9142, 40.3578 ], [ -3.9141, 40.3577 ], [ -3.9144, 40.3576 ], [ -3.9134, 40.3565 ], [ -3.9115, 40.3565 ], [ -3.9078, 40.3576 ], [ -3.9069, 40.3581 ], [ -3.9074, 40.3582 ], [ -3.9074, 40.3583 ], [ -3.9079, 40.3585 ], [ -3.9075, 40.3588 ], [ -3.9075, 40.3587 ], [ -3.9068, 40.3583 ], [ -3.9064, 40.3585 ], [ -3.9062, 40.3583 ], [ -3.9051, 40.3584 ], [ -3.905, 40.3585 ], [ -3.9038, 40.3585 ], [ -3.9036, 40.3587 ], [ -3.9047, 40.3594 ], [ -3.9048, 40.3596 ], [ -3.9045, 40.3598 ], [ -3.9046, 40.3604 ], [ -3.9061, 40.3613 ], [ -3.9065, 40.3614 ], [ -3.9067, 40.3613 ], [ -3.9089, 40.3622 ], [ -3.9112, 40.3628 ], [ -3.9134, 40.3641 ], [ -3.9154, 40.3649 ] ] ] } },
{ "type": "Feature", "properties": { "municipio": "Villaviciosa de Odón", "clasificacion": "urbano-consolidado", "calificacion": "sin-asignar", "version": "vigente", "fuente": "SIT-CAM WFS — UsoDelSuelo:VPLA_V_CLASIFICACION (https://idem.comunidad.madrid/geosrvg/ows)", "fecha_dato": "2026-05-12", "ambito": "39950", "_raw_CD_SIGLAS": "SU", "_raw_DS_CLASIF_GEN": "Suelo Urbano", "_raw_DS_CLASIF_DET": "Suelo Urbano", "_raw_DS_DOCU": "PLAN GENERAL", "_raw_DS_LEY": "CM Ley 9/1995, E Ley 6/1998, E RDL 1/1992, E RD 1346/1976", "_raw_FC_AC": "1999-07-15", "_raw_NM_AREA_M2": 189.918890841994, "_cam_code": "181" }, "geometry": { "type": "Polygon", "coordinates": [ [ [ -3.9058, 40.3579 ], [ -3.906, 40.358 ], [ -3.9061, 40.3579 ], [ -3.9059, 40.3578 ], [ -3.9058, 40.3579 ] ] ] } },
{ "type": "Feature", "properties": { "municipio": "Villaviciosa de Odón", "clasificacion": "urbano-consolidado", "calificacion": "sin-asignar", "version": "vigente", "fuente": "SIT-CAM WFS — UsoDelSuelo:VPLA_V_CLASIFICACION (https://idem.comunidad.madrid/geosrvg/ows)", "fecha_dato": "2026-05-12", "ambito": "39950", "_raw_CD_SIGLAS": "SU", "_raw_DS_CLASIF_GEN": "Suelo Urbano", "_raw_DS_CLASIF_DET": "Suelo Urbano", "_raw_DS_DOCU": "PLAN GENERAL", "_raw_DS_LEY": "CM Ley 9/1995, E Ley 6/1998, E RDL 1/1992, E RD 1346/1976", "_raw_FC_AC": "1999-07-15", "_raw_NM_AREA_M2": 315.68670494449202, "_cam_code": "181" }, "geometry": { "type": "Polygon", "coordinates": [ [ [ -3.9054, 40.3576 ], [ -3.9055, 40.3578 ], [ -3.9058, 40.3578 ], [ -3.9054, 40.3576 ] ] ] } },
{ "type": "Feature", "properties": { "municipio": "Villaviciosa de Odón", "clasificacion": "urbano-consolidado", "calificacion": "sin-asignar", "version": "vigente", "fuente": "SIT-CAM WFS — UsoDelSuelo:VPLA_V_CLASIFICACION (https://idem.comunidad.madrid/geosrvg/ows)", "fecha_dato": "2026-05-12", "ambito": "39950", "_raw_CD_SIGLAS": "SU", "_raw_DS_CLASIF_GEN": "Suelo Urbano", "_raw_DS_CLASIF_DET": "Suelo Urbano", "_raw_DS_DOCU": "PLAN GENERAL", "_raw_DS_LEY": "CM Ley 9/1995, E Ley 6/1998, E RDL 1/1992, E RD 1346/1976", "_raw_FC_AC": "1999-07-15", "_raw_NM_AREA_M2": 147.077727124326, "_cam_code": "181" }, "geometry": { "type": "Polygon", "coordinates": [ [ [ -3.905, 40.3575 ], [ -3.9051, 40.3576 ], [ -3.9053, 40.3576 ], [ -3.9051, 40.3575 ], [ -3.905, 40.3575 ] ] ] } },
{ "type": "Feature", "properties": { "municipio": "Villaviciosa de Odón", "clasificacion": "urbano-consolidado", "calificacion": "sin-asignar", "version": "vigente", "fuente": "SIT-CAM WFS — UsoDelSuelo:VPLA_V_CLASIFICACION (https://idem.comunidad.madrid/geosrvg/ows)", "fecha_dato": "2026-05-12", "ambito": "39950", "_raw_CD_SIGLAS": "SU", "_raw_DS_CLASIF_GEN": "Suelo Urbano (INCORPORADO)", "_raw_DS_CLASIF_DET": "Suelo Urbano Incorporado", "_raw_DS_DOCU": "PLAN GENERAL", "_raw_DS_LEY": "CM Ley 9/1995, E Ley 6/1998, E RDL 1/1992, E RD 1346/1976", "_raw_FC_AC": "1999-07-15", "_raw_NM_AREA_M2": 353288.46820711799, "_cam_code": "181" }, "geometry": { "type": "Polygon", "coordinates": [ [ [ -3.9156, 40.364 ], [ -3.9191, 40.3654 ], [ -3.9197, 40.3649 ], [ -3.9202, 40.3648 ], [ -3.9205, 40.3643 ], [ -3.9207, 40.3643 ], [ -3.9212, 40.3639 ], [ -3.921, 40.3637 ], [ -3.9208, 40.3637 ], [ -3.9207, 40.3635 ], [ -3.92, 40.363 ], [ -3.9196, 40.3625 ], [ -3.9189, 40.3612 ], [ -3.9184, 40.3612 ], [ -3.9182, 40.3614 ], [ -3.918, 40.3613 ], [ -3.9184, 40.3609 ], [ -3.9184, 40.3603 ], [ -3.9183, 40.3603 ], [ -3.9178, 40.3593 ], [ -3.9169, 40.358 ], [ -3.9158, 40.3568 ], [ -3.9151, 40.3562 ], [ -3.9148, 40.3561 ], [ -3.9133, 40.3565 ], [ -3.9144, 40.3576 ], [ -3.9141, 40.3577 ], [ -3.9142, 40.3578 ], [ -3.9129, 40.359 ], [ -3.9149, 40.3603 ], [ -3.9126, 40.3626 ], [ -3.9156, 40.364 ] ] ] } },
{ "type": "Feature", "properties": { "municipio": "Villaviciosa de Odón", "clasificacion": "urbano-consolidado", "calificacion": "sin-asignar", "version": "vigente", "fuente": "SIT-CAM WFS — UsoDelSuelo:VPLA_V_CLASIFICACION (https://idem.comunidad.madrid/geosrvg/ows)", "fecha_dato": "2026-05-12", "ambito": "39950", "_raw_CD_SIGLAS": "SU", "_raw_DS_CLASIF_GEN": "Suelo Urbano", "_raw_DS_CLASIF_DET": "Suelo Urbano", "_raw_DS_DOCU": "PLAN GENERAL", "_raw_DS_LEY": "CM Ley 9/1995, E Ley 6/1998, E RDL 1/1992, E RD 1346/1976", "_raw_FC_AC": "1999-07-15", "_raw_NM_AREA_M2": 3332.4165614971198, "_cam_code": "181" }, "geometry": { "type": "Polygon", "coordinates": [ [ [ -3.9074, 40.3618 ], [ -3.906, 40.3614 ], [ -3.906, 40.3613 ], [ -3.9057, 40.3612 ], [ -3.907, 40.3621 ], [ -3.9073, 40.362 ], [ -3.9074, 40.3618 ] ] ] } },
{ "type": "Feature", "properties": { "municipio": "Villaviciosa de Odón", "clasificacion": "urbano-consolidado", "calificacion": "sin-asignar", "version": "vigente", "fuente": "SIT-CAM WFS — UsoDelSuelo:VPLA_V_CLASIFICACION (https://idem.comunidad.madrid/geosrvg/ows)", "fecha_dato": "2026-05-12", "ambito": "39950", "_raw_CD_SIGLAS": "SU", "_raw_DS_CLASIF_GEN": "Suelo Urbano (INCORPORADO)", "_raw_DS_CLASIF_DET": "Suelo Urbano Incorporado", "_raw_DS_DOCU": "PLAN GENERAL", "_raw_DS_LEY": "CM Ley 9/1995, E Ley 6/1998, E RDL 1/1992, E RD 1346/1976", "_raw_FC_AC": "1999-07-15", "_raw_NM_AREA_M2": 132770.569206146, "_cam_code": "181" }, "geometry": { "type": "Polygon", "coordinates": [ [ [ -3.9074, 40.3655 ], [ -3.9088, 40.3658 ], [ -3.9091, 40.3661 ], [ -3.9094, 40.3661 ], [ -3.9117, 40.3633 ], [ -3.9114, 40.3633 ], [ -3.9075, 40.3618 ], [ -3.9073, 40.362 ], [ -3.9071, 40.362 ], [ -3.9058, 40.3636 ], [ -3.9062, 40.3642 ], [ -3.9065, 40.3642 ], [ -3.907, 40.3646 ], [ -3.9071, 40.365 ], [ -3.9072, 40.365 ], [ -3.9072, 40.3653 ], [ -3.9074, 40.3655 ] ] ] } },
{ "type": "Feature", "properties": { "municipio": "Villaviciosa de Odón", "clasificacion": "urbano-consolidado", "calificacion": "sin-asignar", "version": "vigente", "fuente": "SIT-CAM WFS — UsoDelSuelo:VPLA_V_CLASIFICACION (https://idem.comunidad.madrid/geosrvg/ows)", "fecha_dato": "2026-05-12", "ambito": "39950", "_raw_CD_SIGLAS": "SU", "_raw_DS_CLASIF_GEN": "Suelo Urbano", "_raw_DS_CLASIF_DET": "Suelo Urbano", "_raw_DS_DOCU": "PLAN GENERAL", "_raw_DS_LEY": "CM Ley 9/1995, E Ley 6/1998, E RDL 1/1992, E RD 1346/1976", "_raw_FC_AC": "1999-07-15", "_raw_NM_AREA_M2": 19935.471653348901, "_cam_code": "181" }, "geometry": { "type": "Polygon", "coordinates": [ [ [ -3.9099, 40.3565 ], [ -3.9098, 40.3566 ], [ -3.9094, 40.3562 ], [ -3.9088, 40.3559 ], [ -3.9083, 40.3563 ], [ -3.9077, 40.3572 ], [ -3.9069, 40.3579 ], [ -3.9078, 40.3575 ], [ -3.9101, 40.3568 ], [ -3.9099, 40.3565 ] ] ] } },
{ "type": "Feature", "properties": { "municipio": "Villaviciosa de Odón", "clasificacion": "urbano-consolidado", "calificacion": "sin-asignar", "version": "vigente", "fuente": "SIT-CAM WFS — UsoDelSuelo:VPLA_V_CLASIFICACION (https://idem.comunidad.madrid/geosrvg/ows)", "fecha_dato": "2026-05-12", "ambito": "39950", "_raw_CD_SIGLAS": "SU", "_raw_DS_CLASIF_GEN": "Suelo Urbano", "_raw_DS_CLASIF_DET": "Suelo Urbano", "_raw_DS_DOCU": "PLAN GENERAL", "_raw_DS_LEY": "CM Ley 9/1995, E Ley 6/1998, E RDL 1/1992, E RD 1346/1976", "_raw_FC_AC": "1999-07-15", "_raw_NM_AREA_M2": 39679.115002844097, "_cam_code": "181" }, "geometry": { "type": "Polygon", "coordinates": [ [ [ -3.8765, 40.3643 ], [ -3.8765, 40.364 ], [ -3.8767, 40.3637 ], [ -3.8763, 40.3635 ], [ -3.8756, 40.3634 ], [ -3.8756, 40.3633 ], [ -3.8742, 40.3631 ], [ -3.8737, 40.3628 ], [ -3.8738, 40.3631 ], [ -3.874, 40.3631 ], [ -3.8746, 40.3634 ], [ -3.8746, 40.3635 ], [ -3.8758, 40.364 ], [ -3.8763, 40.3645 ], [ -3.8769, 40.366 ], [ -3.8791, 40.37 ], [ -3.8796, 40.37 ], [ -3.8795, 40.3689 ], [ -3.8789, 40.3686 ], [ -3.8789, 40.3684 ], [ -3.8787, 40.3683 ], [ -3.8765, 40.3643 ] ] ] } },
{ "type": "Feature", "properties": { "municipio": "Villaviciosa de Odón", "clasificacion": "urbano-consolidado", "calificacion": "sin-asignar", "version": "vigente", "fuente": "SIT-CAM WFS — UsoDelSuelo:VPLA_V_CLASIFICACION (https://idem.comunidad.madrid/geosrvg/ows)", "fecha_dato": "2026-05-12", "ambito": "39950", "_raw_CD_SIGLAS": "SU_A", "_raw_DS_CLASIF_GEN": "Suelo Urbano (APLAZADO)", "_raw_DS_CLASIF_DET": "Suelo Urbano", "_raw_DS_DOCU": "PLAN GENERAL", "_raw_DS_LEY": "CM Ley 9/1995, E Ley 6/1998, E RDL 1/1992, E RD 1346/1976", "_raw_FC_AC": "1999-07-15", "_raw_NM_AREA_M2": 6121.52346688734, "_cam_code": "181" }, "geometry": { "type": "Polygon", "coordinates": [ [ [ -3.872, 40.3604 ], [ -3.8727, 40.3611 ], [ -3.8729, 40.3611 ], [ -3.8735, 40.3606 ], [ -3.8737, 40.3606 ], [ -3.8736, 40.3604 ], [ -3.8723, 40.3605 ], [ -3.872, 40.3604 ] ] ] } },
{ "type": "Feature", "properties": { "municipio": "Villaviciosa de Odón", "clasificacion": "urbano-consolidado", "calificacion": "sin-asignar", "version": "vigente", "fuente": "SIT-CAM WFS — UsoDelSuelo:VPLA_V_CLASIFICACION (https://idem.comunidad.madrid/geosrvg/ows)", "fecha_dato": "2026-05-12", "ambito": "39950", "_raw_CD_SIGLAS": "SU_A", "_raw_DS_CLASIF_GEN": "Suelo Urbano (APLAZADO)", "_raw_DS_CLASIF_DET": "Suelo Urbano", "_raw_DS_DOCU": "PLAN GENERAL", "_raw_DS_LEY": "CM Ley 9/1995, E Ley 6/1998, E RDL 1/1992, E RD 1346/1976", "_raw_FC_AC": "1999-07-15", "_raw_NM_AREA_M2": 3227.2997642709802, "_cam_code": "181" }, "geometry": { "type": "Polygon", "coordinates": [ [ [ -3.9067, 40.3583 ], [ -3.9075, 40.3587 ], [ -3.9075, 40.3588 ], [ -3.9079, 40.3585 ], [ -3.9071, 40.3581 ], [ -3.9067, 40.3582 ], [ -3.9067, 40.3583 ] ] ] } },
{ "type": "Feature", "properties": { "municipio": "Villaviciosa de Odón", "clasificacion": "urbano-consolidado", "calificacion": "sin-asignar", "version": "vigente", "fuente": "SIT-CAM WFS — UsoDelSuelo:VPLA_V_CLASIFICACION (https://idem.comunidad.madrid/geosrvg/ows)", "fecha_dato": "2026-05-12", "ambito": "39950", "_raw_CD_SIGLAS": "SU_A", "_raw_DS_CLASIF_GEN": "Suelo Urbano (APLAZADO)", "_raw_DS_CLASIF_DET": "Suelo Urbano", "_raw_DS_DOCU": "PLAN GENERAL", "_raw_DS_LEY": "CM Ley 9/1995, E Ley 6/1998, E RDL 1/1992, E RD 1346/1976", "_raw_FC_AC": "1999-07-15", "_raw_NM_AREA_M2": 2325.7838360810902, "_cam_code": "181" }, "geometry": { "type": "Polygon", "coordinates": [ [ [ -3.9009, 40.3552 ], [ -3.9006, 40.3555 ], [ -3.9012, 40.3559 ], [ -3.9014, 40.3557 ], [ -3.9009, 40.3552 ] ] ] } },
{ "type": "Feature", "properties": { "municipio": "Villaviciosa de Odón", "clasificacion": "urbano-consolidado", "calificacion": "sin-asignar", "version": "vigente", "fuente": "SIT-CAM WFS — UsoDelSuelo:VPLA_V_CLASIFICACION (https://idem.comunidad.madrid/geosrvg/ows)", "fecha_dato": "2026-05-12", "ambito": "39950", "_raw_CD_SIGLAS": "SU_A", "_raw_DS_CLASIF_GEN": "Suelo Urbano (APLAZADO)", "_raw_DS_CLASIF_DET": "Suelo Urbano", "_raw_DS_DOCU": "PLAN GENERAL", "_raw_DS_LEY": "CM Ley 9/1995, E Ley 6/1998, E RDL 1/1992, E RD 1346/1976", "_raw_FC_AC": "1999-07-15", "_raw_NM_AREA_M2": 6868.6849292665102, "_cam_code": "181" }, "geometry": { "type": "Polygon", "coordinates": [ [ [ -3.9048, 40.3607 ], [ -3.9042, 40.3602 ], [ -3.9034, 40.3607 ], [ -3.9039, 40.3613 ], [ -3.9048, 40.3607 ] ] ] } },
{ "type": "Feature", "properties": { "municipio": "Villaviciosa de Odón", "clasificacion": "urbano-consolidado", "calificacion": "sin-asignar", "version": "vigente", "fuente": "SIT-CAM WFS — UsoDelSuelo:VPLA_V_CLASIFICACION (https://idem.comunidad.madrid/geosrvg/ows)", "fecha_dato": "2026-05-12", "ambito": "39950", "_raw_CD_SIGLAS": "SU_A", "_raw_DS_CLASIF_GEN": "Suelo Urbano (APLAZADO)", "_raw_DS_CLASIF_DET": "Suelo Urbano", "_raw_DS_DOCU": "PLAN GENERAL", "_raw_DS_LEY": "CM Ley 9/1995, E Ley 6/1998, E RDL 1/1992, E RD 1346/1976", "_raw_FC_AC": "1999-07-15", "_raw_NM_AREA_M2": 2770.6090791258198, "_cam_code": "181" }, "geometry": { "type": "Polygon", "coordinates": [ [ [ -3.9024, 40.3594 ], [ -3.9023, 40.3599 ], [ -3.9028, 40.3599 ], [ -3.903, 40.3595 ], [ -3.9024, 40.3594 ] ] ] } },
{ "type": "Feature", "properties": { "municipio": "Villaviciosa de Odón", "clasificacion": "urbano-consolidado", "calificacion": "sin-asignar", "version": "vigente", "fuente": "SIT-CAM WFS — UsoDelSuelo:VPLA_V_CLASIFICACION (https://idem.comunidad.madrid/geosrvg/ows)", "fecha_dato": "2026-05-12", "ambito": "39950", "_raw_CD_SIGLAS": "SU_A", "_raw_DS_CLASIF_GEN": "Suelo Urbano (APLAZADO)", "_raw_DS_CLASIF_DET": "Suelo Urbano", "_raw_DS_DOCU": "PLAN GENERAL", "_raw_DS_LEY": "CM Ley 9/1995, E Ley 6/1998, E RDL 1/1992, E RD 1346/1976", "_raw_FC_AC": "1999-07-15", "_raw_NM_AREA_M2": 7477.9443149050203, "_cam_code": "181" }, "geometry": { "type": "Polygon", "coordinates": [ [ [ -3.8996, 40.3599 ], [ -3.8997, 40.3604 ], [ -3.8995, 40.3606 ], [ -3.9001, 40.3609 ], [ -3.9006, 40.3601 ], [ -3.9002, 40.3598 ], [ -3.8998, 40.3597 ], [ -3.8996, 40.3599 ] ] ] } },
{ "type": "Feature", "properties": { "municipio": "Villaviciosa de Odón", "clasificacion": "urbano-consolidado", "calificacion": "sin-asignar", "version": "vigente", "fuente": "SIT-CAM WFS — UsoDelSuelo:VPLA_V_CLASIFICACION (https://idem.comunidad.madrid/geosrvg/ows)", "fecha_dato": "2026-05-12", "ambito": "39950", "_raw_CD_SIGLAS": "SU_A", "_raw_DS_CLASIF_GEN": "Suelo Urbano (APLAZADO)", "_raw_DS_CLASIF_DET": "Suelo Urbano", "_raw_DS_DOCU": "PLAN GENERAL", "_raw_DS_LEY": "CM Ley 9/1995, E Ley 6/1998, E RDL 1/1992, E RD 1346/1976", "_raw_FC_AC": "1999-07-15", "_raw_NM_AREA_M2": 745.33893139622603, "_cam_code": "181" }, "geometry": { "type": "Polygon", "coordinates": [ [ [ -3.9015, 40.3598 ], [ -3.9011, 40.3597 ], [ -3.9011, 40.36 ], [ -3.9014, 40.36 ], [ -3.9015, 40.3598 ] ] ] } },
{ "type": "Feature", "properties": { "municipio": "Villaviciosa de Odón", "clasificacion": "urbano-consolidado", "calificacion": "sin-asignar", "version": "vigente", "fuente": "SIT-CAM WFS — UsoDelSuelo:VPLA_V_CLASIFICACION (https://idem.comunidad.madrid/geosrvg/ows)", "fecha_dato": "2026-05-12", "ambito": "39950", "_raw_CD_SIGLAS": "SU_A", "_raw_DS_CLASIF_GEN": "Suelo Urbano (APLAZADO)", "_raw_DS_CLASIF_DET": "Suelo Urbano", "_raw_DS_DOCU": "PLAN GENERAL", "_raw_DS_LEY": "CM Ley 9/1995, E Ley 6/1998, E RDL 1/1992, E RD 1346/1976", "_raw_FC_AC": "1999-07-15", "_raw_NM_AREA_M2": 586.38983194150205, "_cam_code": "181" }, "geometry": { "type": "Polygon", "coordinates": [ [ [ -3.8989, 40.3573 ], [ -3.8991, 40.3575 ], [ -3.8993, 40.3574 ], [ -3.8991, 40.3572 ], [ -3.8989, 40.3573 ] ] ] } },
{ "type": "Feature", "properties": { "municipio": "Villaviciosa de Odón", "clasificacion": "urbano-consolidado", "calificacion": "sin-asignar", "version": "vigente", "fuente": "SIT-CAM WFS — UsoDelSuelo:VPLA_V_CLASIFICACION (https://idem.comunidad.madrid/geosrvg/ows)", "fecha_dato": "2026-05-12", "ambito": "39950", "_raw_CD_SIGLAS": "SU_A", "_raw_DS_CLASIF_GEN": "Suelo Urbano (APLAZADO)", "_raw_DS_CLASIF_DET": "Suelo Urbano", "_raw_DS_DOCU": "PLAN GENERAL", "_raw_DS_LEY": "CM Ley 9/1995, E Ley 6/1998, E RDL 1/1992, E RD 1346/1976", "_raw_FC_AC": "1999-07-15", "_raw_NM_AREA_M2": 2721.3919243606201, "_cam_code": "181" }, "geometry": { "type": "Polygon", "coordinates": [ [ [ -3.906, 40.358 ], [ -3.9065, 40.3581 ], [ -3.9069, 40.3578 ], [ -3.9065, 40.3575 ], [ -3.906, 40.358 ] ] ] } },
{ "type": "Feature", "properties": { "municipio": "Villaviciosa de Odón", "clasificacion": "urbanizable-no-sectorizado", "calificacion": "sin-asignar", "version": "vigente", "fuente": "SIT-CAM WFS — UsoDelSuelo:VPLA_V_CLASIFICACION (https://idem.comunidad.madrid/geosrvg/ows)", "fecha_dato": "2026-05-12", "ambito": "39950", "_raw_CD_SIGLAS": "SUBNS", "_raw_DS_CLASIF_GEN": "Suelo No Urbanizable Común", "_raw_DS_CLASIF_DET": "Suelo No Urbanizable Común", "_raw_DS_DOCU": "PLAN GENERAL", "_raw_DS_LEY": "CM Ley 9/1995, E Ley 6/1998, E RDL 1/1992, E RD 1346/1976", "_raw_FC_AC": "1999-07-15", "_raw_NM_AREA_M2": 375093.82830037101, "_cam_code": "181" }, "geometry": { "type": "Polygon", "coordinates": [ [ [ -3.8785, 40.3818 ], [ -3.8786, 40.3821 ], [ -3.878, 40.3833 ], [ -3.878, 40.384 ], [ -3.8787, 40.3842 ], [ -3.8794, 40.3849 ], [ -3.8835, 40.3881 ], [ -3.8862, 40.3885 ], [ -3.8872, 40.3891 ], [ -3.8874, 40.3902 ], [ -3.8854, 40.3906 ], [ -3.8869, 40.3941 ], [ -3.8881, 40.3931 ], [ -3.8882, 40.3927 ], [ -3.8887, 40.3921 ], [ -3.8894, 40.3902 ], [ -3.8897, 40.39 ], [ -3.8881, 40.3879 ], [ -3.888, 40.3874 ], [ -3.8852, 40.3855 ], [ -3.8843, 40.3851 ], [ -3.8838, 40.3845 ], [ -3.8825, 40.3838 ], [ -3.8812, 40.3833 ], [ -3.8803, 40.3826 ], [ -3.8785, 40.3818 ] ] ] } },
{ "type": "Feature", "properties": { "municipio": "Villaviciosa de Odón", "clasificacion": "urbanizable-no-sectorizado", "calificacion": "sin-asignar", "version": "vigente", "fuente": "SIT-CAM WFS — UsoDelSuelo:VPLA_V_CLASIFICACION (https://idem.comunidad.madrid/geosrvg/ows)", "fecha_dato": "2026-05-12", "ambito": "39950", "_raw_CD_SIGLAS": "SUBNS", "_raw_DS_CLASIF_GEN": "Suelo No Urbanizable Común", "_raw_DS_CLASIF_DET": "Suelo No Urbanizable Común", "_raw_DS_DOCU": "PLAN GENERAL", "_raw_DS_LEY": "CM Ley 9/1995, E Ley 6/1998, E RDL 1/1992, E RD 1346/1976", "_raw_FC_AC": "1999-07-15", "_raw_NM_AREA_M2": 167656.368934837, "_cam_code": "181" }, "geometry": { "type": "Polygon", "coordinates": [ [ [ -3.9423, 40.3775 ], [ -3.9431, 40.3779 ], [ -3.9433, 40.3775 ], [ -3.9432, 40.3773 ], [ -3.9433, 40.3771 ], [ -3.9432, 40.3771 ], [ -3.9431, 40.3764 ], [ -3.9429, 40.376 ], [ -3.9429, 40.3753 ], [ -3.943, 40.3752 ], [ -3.9429, 40.3748 ], [ -3.943, 40.3748 ], [ -3.943, 40.3746 ], [ -3.9428, 40.3746 ], [ -3.9426, 40.3744 ], [ -3.9422, 40.3745 ], [ -3.942, 40.3743 ], [ -3.9407, 40.3744 ], [ -3.9406, 40.3745 ], [ -3.9383, 40.3743 ], [ -3.9379, 40.3739 ], [ -3.937, 40.3737 ], [ -3.9359, 40.373 ], [ -3.935, 40.375 ], [ -3.9364, 40.3753 ], [ -3.9369, 40.3756 ], [ -3.9386, 40.3762 ], [ -3.9386, 40.3763 ], [ -3.9389, 40.3763 ], [ -3.9389, 40.3764 ], [ -3.9403, 40.3768 ], [ -3.9405, 40.377 ], [ -3.9405, 40.3769 ], [ -3.9409, 40.3769 ], [ -3.9409, 40.3771 ], [ -3.9411, 40.3772 ], [ -3.9423, 40.3775 ] ] ] } },
{ "type": "Feature", "properties": { "municipio": "Villaviciosa de Odón", "clasificacion": "urbanizable-no-sectorizado", "calificacion": "sin-asignar", "version": "vigente", "fuente": "SIT-CAM WFS — UsoDelSuelo:VPLA_V_CLASIFICACION (https://idem.comunidad.madrid/geosrvg/ows)", "fecha_dato": "2026-05-12", "ambito": "39950", "_raw_CD_SIGLAS": "SUBNS", "_raw_DS_CLASIF_GEN": "Suelo No Urbanizable Común", "_raw_DS_CLASIF_DET": "Suelo No Urbanizable Común", "_raw_DS_DOCU": "PLAN GENERAL", "_raw_DS_LEY": "CM Ley 9/1995, E Ley 6/1998, E RDL 1/1992, E RD 1346/1976", "_raw_FC_AC": "1999-07-15", "_raw_NM_AREA_M2": 49516.891247608197, "_cam_code": "181" }, "geometry": { "type": "Polygon", "coordinates": [ [ [ -3.8792, 40.3701 ], [ -3.8792, 40.3704 ], [ -3.8794, 40.3707 ], [ -3.8831, 40.3707 ], [ -3.8842, 40.3709 ], [ -3.8854, 40.3697 ], [ -3.8832, 40.3698 ], [ -3.8831, 40.3699 ], [ -3.8821, 40.37 ], [ -3.8812, 40.3695 ], [ -3.8792, 40.3701 ] ] ] } },
{ "type": "Feature", "properties": { "municipio": "Villaviciosa de Odón", "clasificacion": "urbanizable-no-sectorizado", "calificacion": "sin-asignar", "version": "vigente", "fuente": "SIT-CAM WFS — UsoDelSuelo:VPLA_V_CLASIFICACION (https://idem.comunidad.madrid/geosrvg/ows)", "fecha_dato": "2026-05-12", "ambito": "39950", "_raw_CD_SIGLAS": "SUBNS", "_raw_DS_CLASIF_GEN": "Suelo No Urbanizable Común", "_raw_DS_CLASIF_DET": "Suelo No Urbanizable Común", "_raw_DS_DOCU": "PLAN GENERAL", "_raw_DS_LEY": "CM Ley 9/1995, E Ley 6/1998, E RDL 1/1992, E RD 1346/1976", "_raw_FC_AC": "1999-07-15", "_raw_NM_AREA_M2": 3381.05674866034, "_cam_code": "181" }, "geometry": { "type": "Polygon", "coordinates": [ [ [ -3.8789, 40.3702 ], [ -3.8788, 40.3703 ], [ -3.878, 40.3714 ], [ -3.8791, 40.3708 ], [ -3.8789, 40.3702 ] ] ] } },
{ "type": "Feature", "properties": { "municipio": "Villaviciosa de Odón", "clasificacion": "urbanizable-no-sectorizado", "calificacion": "sin-asignar", "version": "vigente", "fuente": "SIT-CAM WFS — UsoDelSuelo:VPLA_V_CLASIFICACION (https://idem.comunidad.madrid/geosrvg/ows)", "fecha_dato": "2026-05-12", "ambito": "39950", "_raw_CD_SIGLAS": "SUBNS", "_raw_DS_CLASIF_GEN": "Suelo No Urbanizable Común", "_raw_DS_CLASIF_DET": "Suelo No Urbanizable Común", "_raw_DS_DOCU": "PLAN GENERAL", "_raw_DS_LEY": "CM Ley 9/1995, E Ley 6/1998, E RDL 1/1992, E RD 1346/1976", "_raw_FC_AC": "1999-07-15", "_raw_NM_AREA_M2": 1485225.47518809, "_cam_code": "181" }, "geometry": { "type": "Polygon", "coordinates": [ [ [ -3.8844, 40.371 ], [ -3.8846, 40.371 ], [ -3.8851, 40.3714 ], [ -3.8853, 40.3714 ], [ -3.8853, 40.3715 ], [ -3.8875, 40.3721 ], [ -3.8894, 40.3723 ], [ -3.8908, 40.3722 ], [ -3.8931, 40.3723 ], [ -3.8976, 40.3717 ], [ -3.8988, 40.3713 ], [ -3.9019, 40.3706 ], [ -3.9024, 40.3704 ], [ -3.9031, 40.3697 ], [ -3.9039, 40.3696 ], [ -3.9046, 40.3693 ], [ -3.9105, 40.3689 ], [ -3.9105, 40.3688 ], [ -3.9107, 40.3688 ], [ -3.9107, 40.3684 ], [ -3.9103, 40.3679 ], [ -3.9089, 40.3667 ], [ -3.9066, 40.3656 ], [ -3.9064, 40.3656 ], [ -3.9063, 40.3654 ], [ -3.9035, 40.3638 ], [ -3.9013, 40.3622 ], [ -3.9004, 40.3619 ], [ -3.9, 40.3616 ], [ -3.8995, 40.3615 ], [ -3.8993, 40.3613 ], [ -3.8981, 40.3609 ], [ -3.897, 40.3603 ], [ -3.897, 40.3602 ], [ -3.8965, 40.3609 ], [ -3.8964, 40.3613 ], [ -3.8962, 40.3615 ], [ -3.8958, 40.3616 ], [ -3.8952, 40.3621 ], [ -3.895, 40.3626 ], [ -3.8948, 40.3627 ], [ -3.8944, 40.3633 ], [ -3.892, 40.3657 ], [ -3.8909, 40.3664 ], [ -3.8893, 40.3671 ], [ -3.8882, 40.3678 ], [ -3.8853, 40.3699 ], [ -3.885, 40.3705 ], [ -3.8844, 40.371 ] ] ] } },
{ "type": "Feature", "properties": { "municipio": "Villaviciosa de Odón", "clasificacion": "urbanizable-no-sectorizado", "calificacion": "sin-asignar", "version": "vigente", "fuente": "SIT-CAM WFS — UsoDelSuelo:VPLA_V_CLASIFICACION (https://idem.comunidad.madrid/geosrvg/ows)", "fecha_dato": "2026-05-12", "ambito": "39950", "_raw_CD_SIGLAS": "SUBNS", "_raw_DS_CLASIF_GEN": "Suelo No Urbanizable Común", "_raw_DS_CLASIF_DET": "Suelo No Urbanizable Común", "_raw_DS_DOCU": "PLAN GENERAL", "_raw_DS_LEY": "CM Ley 9/1995, E Ley 6/1998, E RDL 1/1992, E RD 1346/1976", "_raw_FC_AC": "1999-07-15", "_raw_NM_AREA_M2": 14551.172614680199, "_cam_code": "181" }, "geometry": { "type": "Polygon", "coordinates": [ [ [ -3.8957, 40.3492 ], [ -3.8971, 40.3495 ], [ -3.8979, 40.3504 ], [ -3.8987, 40.3495 ], [ -3.8965, 40.3489 ], [ -3.8957, 40.3492 ] ] ] } },
{ "type": "Feature", "properties": { "municipio": "Villaviciosa de Odón", "clasificacion": "urbanizable-no-sectorizado", "calificacion": "sin-asignar", "version": "vigente", "fuente": "SIT-CAM WFS — UsoDelSuelo:VPLA_V_CLASIFICACION (https://idem.comunidad.madrid/geosrvg/ows)", "fecha_dato": "2026-05-12", "ambito": "39950", "_raw_CD_SIGLAS": "SUBNS", "_raw_DS_CLASIF_GEN": "Suelo No Urbanizable Común", "_raw_DS_CLASIF_DET": "Suelo No Urbanizable Común", "_raw_DS_DOCU": "PLAN GENERAL", "_raw_DS_LEY": "CM Ley 9/1995, E Ley 6/1998, E RDL 1/1992, E RD 1346/1976", "_raw_FC_AC": "1999-07-15", "_raw_NM_AREA_M2": 183192.699512511, "_cam_code": "181" }, "geometry": { "type": "Polygon", "coordinates": [ [ [ -3.8875, 40.3619 ], [ -3.8892, 40.3632 ], [ -3.8901, 40.3641 ], [ -3.8904, 40.3642 ], [ -3.8904, 40.3643 ], [ -3.8908, 40.3642 ], [ -3.8909, 40.3644 ], [ -3.8914, 40.3646 ], [ -3.8922, 40.3652 ], [ -3.8931, 40.3645 ], [ -3.8947, 40.3626 ], [ -3.895, 40.3621 ], [ -3.8952, 40.3614 ], [ -3.8956, 40.3611 ], [ -3.895, 40.3609 ], [ -3.8917, 40.3609 ], [ -3.8875, 40.3619 ] ] ] } },
{ "type": "Feature", "properties": { "municipio": "Villaviciosa de Odón", "clasificacion": "urbanizable-no-sectorizado", "calificacion": "sin-asignar", "version": "vigente", "fuente": "SIT-CAM WFS — UsoDelSuelo:VPLA_V_CLASIFICACION (https://idem.comunidad.madrid/geosrvg/ows)", "fecha_dato": "2026-05-12", "ambito": "39950", "_raw_CD_SIGLAS": "SUBNS", "_raw_DS_CLASIF_GEN": "Suelo No Urbanizable Común", "_raw_DS_CLASIF_DET": "Suelo No Urbanizable Común", "_raw_DS_DOCU": "PLAN GENERAL", "_raw_DS_LEY": "CM Ley 9/1995, E Ley 6/1998, E RDL 1/1992, E RD 1346/1976", "_raw_FC_AC": "1999-07-15", "_raw_NM_AREA_M2": 137357.56563250799, "_cam_code": "181" }, "geometry": { "type": "Polygon", "coordinates": [ [ [ -3.8803, 40.377 ], [ -3.88, 40.3777 ], [ -3.88, 40.3781 ], [ -3.8796, 40.3789 ], [ -3.8795, 40.3795 ], [ -3.879, 40.3801 ], [ -3.8789, 40.3808 ], [ -3.8785, 40.381 ], [ -3.88, 40.3818 ], [ -3.8812, 40.3822 ], [ -3.8819, 40.3827 ], [ -3.8825, 40.3828 ], [ -3.8833, 40.3832 ], [ -3.8832, 40.3815 ], [ -3.8826, 40.3801 ], [ -3.8826, 40.3798 ], [ -3.8813, 40.3781 ], [ -3.8807, 40.3775 ], [ -3.8805, 40.3771 ], [ -3.8803, 40.377 ] ] ] } },
{ "type": "Feature", "properties": { "municipio": "Villaviciosa de Odón", "clasificacion": "urbanizable-no-sectorizado", "calificacion": "sin-asignar", "version": "vigente", "fuente": "SIT-CAM WFS — UsoDelSuelo:VPLA_V_CLASIFICACION (https://idem.comunidad.madrid/geosrvg/ows)", "fecha_dato": "2026-05-12", "ambito": "39950", "_raw_CD_SIGLAS": "SUBNS", "_raw_DS_CLASIF_GEN": "Suelo No Urbanizable Común", "_raw_DS_CLASIF_DET": "Suelo No Urbanizable Común", "_raw_DS_DOCU": "PLAN GENERAL", "_raw_DS_LEY": "CM Ley 9/1995, E Ley 6/1998, E RDL 1/1992, E RD 1346/1976", "_raw_FC_AC": "1999-07-15", "_raw_NM_AREA_M2": 2519202.3836704898, "_cam_code": "181" }, "geometry": { "type": "Polygon", "coordinates": [ [ [ -3.9061, 40.3763 ], [ -3.9069, 40.3755 ], [ -3.909, 40.3751 ], [ -3.9098, 40.3738 ], [ -3.9109, 40.3726 ], [ -3.9112, 40.3716 ], [ -3.9115, 40.3715 ], [ -3.9121, 40.3708 ], [ -3.9121, 40.3705 ], [ -3.9118, 40.3704 ], [ -3.9085, 40.3706 ], [ -3.9085, 40.3705 ], [ -3.907, 40.3703 ], [ -3.905, 40.3703 ], [ -3.9007, 40.3717 ], [ -3.9005, 40.3719 ], [ -3.9001, 40.3719 ], [ -3.9001, 40.372 ], [ -3.8993, 40.372 ], [ -3.8984, 40.3723 ], [ -3.8976, 40.3723 ], [ -3.8962, 40.3726 ], [ -3.893, 40.3728 ], [ -3.8929, 40.3729 ], [ -3.8912, 40.3728 ], [ -3.8911, 40.3727 ], [ -3.8871, 40.3726 ], [ -3.8864, 40.3724 ], [ -3.8862, 40.3722 ], [ -3.8852, 40.372 ], [ -3.8844, 40.3713 ], [ -3.8842, 40.3713 ], [ -3.884, 40.3718 ], [ -3.884, 40.3722 ], [ -3.8838, 40.3725 ], [ -3.8817, 40.3741 ], [ -3.8803, 40.3757 ], [ -3.8802, 40.376 ], [ -3.8803, 40.3765 ], [ -3.8809, 40.3775 ], [ -3.8826, 40.3793 ], [ -3.8829, 40.3799 ], [ -3.8829, 40.3803 ], [ -3.8835, 40.3816 ], [ -3.8836, 40.3833 ], [ -3.884, 40.3838 ], [ -3.8845, 40.384 ], [ -3.8847, 40.3843 ], [ -3.8857, 40.3848 ], [ -3.8863, 40.3853 ], [ -3.8868, 40.3855 ], [ -3.8868, 40.3856 ], [ -3.887, 40.3856 ], [ -3.887, 40.3857 ], [ -3.8872, 40.3857 ], [ -3.8874, 40.3859 ], [ -3.8882, 40.3861 ], [ -3.8882, 40.3862 ], [ -3.8885, 40.3862 ], [ -3.8886, 40.3864 ], [ -3.889, 40.3865 ], [ -3.889, 40.3866 ], [ -3.8899, 40.3868 ], [ -3.8913, 40.3877 ], [ -3.8922, 40.388 ], [ -3.8928, 40.3886 ], [ -3.8933, 40.3889 ], [ -3.8938, 40.3889 ], [ -3.894, 40.3886 ], [ -3.8962, 40.3825 ], [ -3.8952, 40.3821 ], [ -3.895, 40.3819 ], [ -3.8938, 40.3816 ], [ -3.8935, 40.3814 ], [ -3.8923, 40.3812 ], [ -3.8918, 40.3808 ], [ -3.8911, 40.3808 ], [ -3.8905, 40.3805 ], [ -3.8893, 40.3803 ], [ -3.8853, 40.3791 ], [ -3.8842, 40.3785 ], [ -3.8835, 40.3784 ], [ -3.8828, 40.3781 ], [ -3.883, 40.3779 ], [ -3.8839, 40.378 ], [ -3.8857, 40.3787 ], [ -3.8872, 40.379 ], [ -3.8896, 40.3798 ], [ -3.8907, 40.3799 ], [ -3.892, 40.3804 ], [ -3.8926, 40.3805 ], [ -3.8931, 40.3809 ], [ -3.8969, 40.3817 ], [ -3.8972, 40.3813 ], [ -3.898, 40.3808 ], [ -3.8989, 40.3792 ], [ -3.8999, 40.3788 ], [ -3.9004, 40.378 ], [ -3.9004, 40.3776 ], [ -3.8994, 40.3776 ], [ -3.8981, 40.3773 ], [ -3.8971, 40.3773 ], [ -3.8971, 40.377 ], [ -3.8975, 40.3768 ], [ -3.8979, 40.3768 ], [ -3.899, 40.377 ], [ -3.9013, 40.3771 ], [ -3.9037, 40.3763 ], [ -3.9061, 40.3763 ] ] ] } },
{ "type": "Feature", "properties": { "municipio": "Villaviciosa de Odón", "clasificacion": "urbanizable-no-sectorizado", "calificacion": "sin-asignar", "version": "vigente", "fuente": "SIT-CAM WFS — UsoDelSuelo:VPLA_V_CLASIFICACION (https://idem.comunidad.madrid/geosrvg/ows)", "fecha_dato": "2026-05-12", "ambito": "39950", "_raw_CD_SIGLAS": "SUBNS", "_raw_DS_CLASIF_GEN": "Suelo No Urbanizable Común", "_raw_DS_CLASIF_DET": "Suelo No Urbanizable Común", "_raw_DS_DOCU": "PLAN GENERAL", "_raw_DS_LEY": "CM Ley 9/1995, E Ley 6/1998, E RDL 1/1992, E RD 1346/1976", "_raw_FC_AC": "1999-07-15", "_raw_NM_AREA_M2": 60329.675806819701, "_cam_code": "181" }, "geometry": { "type": "Polygon", "coordinates": [ [ [ -3.8899, 40.39 ], [ -3.8918, 40.3903 ], [ -3.892, 40.3899 ], [ -3.892, 40.3894 ], [ -3.8908, 40.3883 ], [ -3.8894, 40.3874 ], [ -3.8873, 40.3864 ], [ -3.8864, 40.3861 ], [ -3.8881, 40.3871 ], [ -3.8884, 40.3879 ], [ -3.8899, 40.39 ] ] ] } },
{ "type": "Feature", "properties": { "municipio": "Villaviciosa de Odón", "clasificacion": "urbanizable-no-sectorizado", "calificacion": "sin-asignar", "version": "vigente", "fuente": "SIT-CAM WFS — UsoDelSuelo:VPLA_V_CLASIFICACION (https://idem.comunidad.madrid/geosrvg/ows)", "fecha_dato": "2026-05-12", "ambito": "39950", "_raw_CD_SIGLAS": "SUBNS", "_raw_DS_CLASIF_GEN": "Suelo No Urbanizable Común", "_raw_DS_CLASIF_DET": "Suelo No Urbanizable Común", "_raw_DS_DOCU": "PLAN GENERAL", "_raw_DS_LEY": "CM Ley 9/1995, E Ley 6/1998, E RDL 1/1992, E RD 1346/1976", "_raw_FC_AC": "1999-07-15", "_raw_NM_AREA_M2": 115996.83462197099, "_cam_code": "181" }, "geometry": { "type": "Polygon", "coordinates": [ [ [ -3.8795, 40.3712 ], [ -3.8795, 40.3717 ], [ -3.8797, 40.3721 ], [ -3.8797, 40.3724 ], [ -3.8792, 40.3741 ], [ -3.88, 40.3756 ], [ -3.8815, 40.374 ], [ -3.8836, 40.3724 ], [ -3.884, 40.3714 ], [ -3.884, 40.3713 ], [ -3.8837, 40.3712 ], [ -3.8816, 40.3712 ], [ -3.8804, 40.371 ], [ -3.8795, 40.3711 ], [ -3.8795, 40.3712 ] ] ] } },
{ "type": "Feature", "properties": { "municipio": "Villaviciosa de Odón", "clasificacion": "urbanizable-no-sectorizado", "calificacion": "sin-asignar", "version": "vigente", "fuente": "SIT-CAM WFS — UsoDelSuelo:VPLA_V_CLASIFICACION (https://idem.comunidad.madrid/geosrvg/ows)", "fecha_dato": "2026-05-12", "ambito": "39950", "_raw_CD_SIGLAS": "SUBNS", "_raw_DS_CLASIF_GEN": "Suelo No Urbanizable Común", "_raw_DS_CLASIF_DET": "Suelo No Urbanizable Común", "_raw_DS_DOCU": "PLAN GENERAL", "_raw_DS_LEY": "CM Ley 9/1995, E Ley 6/1998, E RDL 1/1992, E RD 1346/1976", "_raw_FC_AC": "1999-07-15", "_raw_NM_AREA_M2": 953119.73643747601, "_cam_code": "181" }, "geometry": { "type": "Polygon", "coordinates": [ [ [ -3.8664, 40.3742 ], [ -3.8676, 40.3777 ], [ -3.8699, 40.3801 ], [ -3.872, 40.3815 ], [ -3.8733, 40.3821 ], [ -3.8761, 40.3831 ], [ -3.8778, 40.3839 ], [ -3.8778, 40.3834 ], [ -3.8784, 40.382 ], [ -3.8779, 40.3817 ], [ -3.8778, 40.3812 ], [ -3.8781, 40.3809 ], [ -3.8787, 40.3808 ], [ -3.8788, 40.38 ], [ -3.8792, 40.3794 ], [ -3.8797, 40.3782 ], [ -3.8797, 40.3776 ], [ -3.8801, 40.377 ], [ -3.8801, 40.3766 ], [ -3.8798, 40.3757 ], [ -3.879, 40.3742 ], [ -3.8794, 40.3726 ], [ -3.8793, 40.3712 ], [ -3.879, 40.3715 ], [ -3.878, 40.3717 ], [ -3.8779, 40.3732 ], [ -3.8761, 40.3733 ], [ -3.8735, 40.373 ], [ -3.8714, 40.373 ], [ -3.8699, 40.3733 ], [ -3.8692, 40.3733 ], [ -3.8685, 40.373 ], [ -3.8686, 40.3743 ], [ -3.8664, 40.3742 ] ] ] } },
{ "type": "Feature", "properties": { "municipio": "Villaviciosa de Odón", "clasificacion": "urbanizable-no-sectorizado", "calificacion": "sin-asignar", "version": "vigente", "fuente": "SIT-CAM WFS — UsoDelSuelo:VPLA_V_CLASIFICACION (https://idem.comunidad.madrid/geosrvg/ows)", "fecha_dato": "2026-05-12", "ambito": "39950", "_raw_CD_SIGLAS": "SUBNS_A", "_raw_DS_CLASIF_GEN": "Suelo Urbanizable No Programado (APLAZADO)", "_raw_DS_CLASIF_DET": "Suelo Urbanizable No Programado", "_raw_DS_DOCU": "PLAN GENERAL", "_raw_DS_LEY": "CM Ley 9/1995, E Ley 6/1998, E RDL 1/1992, E RD 1346/1976", "_raw_FC_AC": "1999-07-15", "_raw_NM_AREA_M2": 1266795.622588, "_cam_code": "181" }, "geometry": { "type": "Polygon", "coordinates": [ [ [ -3.9149, 40.3716 ], [ -3.9141, 40.3721 ], [ -3.9126, 40.376 ], [ -3.9116, 40.377 ], [ -3.9086, 40.3791 ], [ -3.9072, 40.3806 ], [ -3.909, 40.3818 ], [ -3.9091, 40.382 ], [ -3.9093, 40.382 ], [ -3.9111, 40.3834 ], [ -3.9104, 40.3839 ], [ -3.9116, 40.3849 ], [ -3.9123, 40.3853 ], [ -3.9124, 40.3855 ], [ -3.9126, 40.3855 ], [ -3.9132, 40.3862 ], [ -3.9137, 40.3864 ], [ -3.9138, 40.3866 ], [ -3.914, 40.3866 ], [ -3.9141, 40.3868 ], [ -3.9152, 40.3875 ], [ -3.9155, 40.388 ], [ -3.9164, 40.3889 ], [ -3.9168, 40.3891 ], [ -3.917, 40.3894 ], [ -3.9177, 40.3897 ], [ -3.9177, 40.3898 ], [ -3.918, 40.3898 ], [ -3.9183, 40.3893 ], [ -3.9185, 40.3892 ], [ -3.9186, 40.3889 ], [ -3.9192, 40.3884 ], [ -3.9193, 40.3878 ], [ -3.9195, 40.3876 ], [ -3.9196, 40.3868 ], [ -3.9197, 40.3868 ], [ -3.9198, 40.3864 ], [ -3.9201, 40.386 ], [ -3.9201, 40.3852 ], [ -3.9195, 40.3844 ], [ -3.9197, 40.383 ], [ -3.9205, 40.3812 ], [ -3.9205, 40.3809 ], [ -3.9215, 40.3781 ], [ -3.9209, 40.3777 ], [ -3.9205, 40.3771 ], [ -3.9193, 40.3758 ], [ -3.919, 40.3752 ], [ -3.9175, 40.3741 ], [ -3.9174, 40.3737 ], [ -3.9173, 40.3737 ], [ -3.9173, 40.3733 ], [ -3.9169, 40.3729 ], [ -3.9165, 40.3727 ], [ -3.9157, 40.372 ], [ -3.9151, 40.3717 ], [ -3.9151, 40.3716 ], [ -3.9149, 40.3716 ] ] ] } },
{ "type": "Feature", "properties": { "municipio": "Villaviciosa de Odón", "clasificacion": "urbanizable-sectorizado", "calificacion": "sin-asignar", "version": "vigente", "fuente": "SIT-CAM WFS — UsoDelSuelo:VPLA_V_CLASIFICACION (https://idem.comunidad.madrid/geosrvg/ows)", "fecha_dato": "2026-05-12", "ambito": "39950", "_raw_CD_SIGLAS": "SUBS", "_raw_DS_CLASIF_GEN": "Suelo Urbanizable (INCORPORADO)", "_raw_DS_CLASIF_DET": "Suelo Urbanizable Incorporado", "_raw_DS_DOCU": "PLAN GENERAL", "_raw_DS_LEY": "CM Ley 9/1995, E Ley 6/1998, E RDL 1/1992, E RD 1346/1976", "_raw_FC_AC": "1999-07-15", "_raw_NM_AREA_M2": 170834.01783382401, "_cam_code": "181" }, "geometry": { "type": "Polygon", "coordinates": [ [ [ -3.8826, 40.3699 ], [ -3.8854, 40.3697 ], [ -3.8863, 40.3691 ], [ -3.886, 40.3686 ], [ -3.8865, 40.3684 ], [ -3.887, 40.368 ], [ -3.8876, 40.3671 ], [ -3.8873, 40.367 ], [ -3.8875, 40.3665 ], [ -3.8879, 40.3664 ], [ -3.8881, 40.3656 ], [ -3.8879, 40.3646 ], [ -3.8878, 40.3645 ], [ -3.8875, 40.3646 ], [ -3.8874, 40.3644 ], [ -3.8877, 40.3643 ], [ -3.8871, 40.3636 ], [ -3.8867, 40.3633 ], [ -3.8865, 40.3635 ], [ -3.8863, 40.3634 ], [ -3.8866, 40.3632 ], [ -3.8858, 40.3624 ], [ -3.885, 40.3628 ], [ -3.8864, 40.3642 ], [ -3.8861, 40.3648 ], [ -3.8847, 40.3647 ], [ -3.884, 40.3649 ], [ -3.8835, 40.3654 ], [ -3.884, 40.3657 ], [ -3.8842, 40.366 ], [ -3.8859, 40.3675 ], [ -3.8838, 40.368 ], [ -3.884, 40.3681 ], [ -3.8834, 40.3685 ], [ -3.8829, 40.3686 ], [ -3.8827, 40.3688 ], [ -3.8829, 40.3693 ], [ -3.8826, 40.3696 ], [ -3.8826, 40.3699 ] ] ] } },
{ "type": "Feature", "properties": { "municipio": "Villaviciosa de Odón", "clasificacion": "urbanizable-sectorizado", "calificacion": "sin-asignar", "version": "vigente", "fuente": "SIT-CAM WFS — UsoDelSuelo:VPLA_V_CLASIFICACION (https://idem.comunidad.madrid/geosrvg/ows)", "fecha_dato": "2026-05-12", "ambito": "39950", "_raw_CD_SIGLAS": "SUBS", "_raw_DS_CLASIF_GEN": "Suelo Urbanizable (INCORPORADO)", "_raw_DS_CLASIF_DET": "Suelo Urbanizable Incorporado", "_raw_DS_DOCU": "PLAN GENERAL", "_raw_DS_LEY": "CM Ley 9/1995, E Ley 6/1998, E RDL 1/1992, E RD 1346/1976", "_raw_FC_AC": "1999-07-15", "_raw_NM_AREA_M2": 155254.52962052301, "_cam_code": "181" }, "geometry": { "type": "Polygon", "coordinates": [ [ [ -3.9121, 40.3674 ], [ -3.9126, 40.3679 ], [ -3.9126, 40.3683 ], [ -3.9137, 40.3682 ], [ -3.9133, 40.368 ], [ -3.915, 40.3666 ], [ -3.916, 40.3656 ], [ -3.9161, 40.3651 ], [ -3.9153, 40.3651 ], [ -3.9143, 40.3647 ], [ -3.9141, 40.3645 ], [ -3.9136, 40.3644 ], [ -3.9117, 40.3633 ], [ -3.9094, 40.3661 ], [ -3.9099, 40.3661 ], [ -3.9099, 40.3662 ], [ -3.9102, 40.3662 ], [ -3.9103, 40.3664 ], [ -3.9106, 40.3664 ], [ -3.9107, 40.3666 ], [ -3.911, 40.3666 ], [ -3.9114, 40.3674 ], [ -3.9121, 40.3675 ], [ -3.9121, 40.3674 ] ] ] } },
{ "type": "Feature", "properties": { "municipio": "Villaviciosa de Odón", "clasificacion": "urbanizable-sectorizado", "calificacion": "sin-asignar", "version": "vigente", "fuente": "SIT-CAM WFS — UsoDelSuelo:VPLA_V_CLASIFICACION (https://idem.comunidad.madrid/geosrvg/ows)", "fecha_dato": "2026-05-12", "ambito": "39950", "_raw_CD_SIGLAS": "SUBS", "_raw_DS_CLASIF_GEN": "Suelo Urbanizable (INCORPORADO)", "_raw_DS_CLASIF_DET": "Suelo Urbanizable Incorporado", "_raw_DS_DOCU": "PLAN GENERAL", "_raw_DS_LEY": "CM Ley 9/1995, E Ley 6/1998, E RDL 1/1992, E RD 1346/1976", "_raw_FC_AC": "1999-07-15", "_raw_NM_AREA_M2": 144868.68162369699, "_cam_code": "181" }, "geometry": { "type": "Polygon", "coordinates": [ [ [ -3.8794, 40.3581 ], [ -3.8811, 40.3594 ], [ -3.8811, 40.3592 ], [ -3.8813, 40.359 ], [ -3.8809, 40.3587 ], [ -3.8812, 40.3585 ], [ -3.8809, 40.3582 ], [ -3.8807, 40.3584 ], [ -3.8805, 40.3584 ], [ -3.8791, 40.3573 ], [ -3.8795, 40.3556 ], [ -3.8796, 40.3556 ], [ -3.8796, 40.3552 ], [ -3.8793, 40.3552 ], [ -3.8783, 40.3565 ], [ -3.8778, 40.3561 ], [ -3.8773, 40.3564 ], [ -3.8767, 40.3559 ], [ -3.876, 40.3563 ], [ -3.8753, 40.3556 ], [ -3.8756, 40.3555 ], [ -3.8746, 40.3547 ], [ -3.8743, 40.3548 ], [ -3.8742, 40.3545 ], [ -3.8725, 40.3533 ], [ -3.8711, 40.3536 ], [ -3.8711, 40.3544 ], [ -3.8708, 40.3556 ], [ -3.8715, 40.3557 ], [ -3.8721, 40.3563 ], [ -3.8723, 40.3561 ], [ -3.8729, 40.3562 ], [ -3.8729, 40.356 ], [ -3.8733, 40.3558 ], [ -3.8728, 40.3554 ], [ -3.8732, 40.355 ], [ -3.874, 40.3556 ], [ -3.8754, 40.357 ], [ -3.8759, 40.3569 ], [ -3.8765, 40.3575 ], [ -3.877, 40.3573 ], [ -3.8782, 40.3576 ], [ -3.8782, 40.3577 ], [ -3.8794, 40.3581 ] ] ] } },
{ "type": "Feature", "properties": { "municipio": "Villaviciosa de Odón", "clasificacion": "urbanizable-sectorizado", "calificacion": "sin-asignar", "version": "vigente", "fuente": "SIT-CAM WFS — UsoDelSuelo:VPLA_V_CLASIFICACION (https://idem.comunidad.madrid/geosrvg/ows)", "fecha_dato": "2026-05-12", "ambito": "39950", "_raw_CD_SIGLAS": "SUBS", "_raw_DS_CLASIF_GEN": "Suelo Urbanizable Programado", "_raw_DS_CLASIF_DET": "Suelo Urbanizable Programado", "_raw_DS_DOCU": "PLAN GENERAL", "_raw_DS_LEY": "CM Ley 9/1995, E Ley 6/1998, E RDL 1/1992, E RD 1346/1976", "_raw_FC_AC": "1999-07-15", "_raw_NM_AREA_M2": 262276.03595643502, "_cam_code": "181" }, "geometry": { "type": "Polygon", "coordinates": [ [ [ -3.9347, 40.3618 ], [ -3.9305, 40.3628 ], [ -3.9272, 40.3638 ], [ -3.9353, 40.3661 ], [ -3.9372, 40.3665 ], [ -3.9378, 40.3669 ], [ -3.9379, 40.3677 ], [ -3.9385, 40.3681 ], [ -3.9391, 40.3668 ], [ -3.9402, 40.3652 ], [ -3.9349, 40.3637 ], [ -3.9347, 40.3618 ] ] ] } },
{ "type": "Feature", "properties": { "municipio": "Villaviciosa de Odón", "clasificacion": "urbanizable-sectorizado", "calificacion": "sin-asignar", "version": "vigente", "fuente": "SIT-CAM WFS — UsoDelSuelo:VPLA_V_CLASIFICACION (https://idem.comunidad.madrid/geosrvg/ows)", "fecha_dato": "2026-05-12", "ambito": "39950", "_raw_CD_SIGLAS": "SUBS", "_raw_DS_CLASIF_GEN": "Suelo Urbanizable Programado", "_raw_DS_CLASIF_DET": "Suelo Urbanizable Programado", "_raw_DS_DOCU": "PLAN GENERAL", "_raw_DS_LEY": "CM Ley 9/1995, E Ley 6/1998, E RDL 1/1992, E RD 1346/1976", "_raw_FC_AC": "1999-07-15", "_raw_NM_AREA_M2": 44025.3278082736, "_cam_code": "181" }, "geometry": { "type": "Polygon", "coordinates": [ [ [ -3.9269, 40.3639 ], [ -3.9252, 40.3644 ], [ -3.9227, 40.3655 ], [ -3.9236, 40.3662 ], [ -3.9261, 40.3651 ], [ -3.9287, 40.3644 ], [ -3.9269, 40.3639 ] ] ] } },
{ "type": "Feature", "properties": { "municipio": "Villaviciosa de Odón", "clasificacion": "urbanizable-sectorizado", "calificacion": "sin-asignar", "version": "vigente", "fuente": "SIT-CAM WFS — UsoDelSuelo:VPLA_V_CLASIFICACION (https://idem.comunidad.madrid/geosrvg/ows)", "fecha_dato": "2026-05-12", "ambito": "39950", "_raw_CD_SIGLAS": "SUBS", "_raw_DS_CLASIF_GEN": "Suelo Urbanizable Programado", "_raw_DS_CLASIF_DET": "Suelo Urbanizable Programado", "_raw_DS_DOCU": "PLAN GENERAL", "_raw_DS_LEY": "CM Ley 9/1995, E Ley 6/1998, E RDL 1/1992, E RD 1346/1976", "_raw_FC_AC": "1999-07-15", "_raw_NM_AREA_M2": 999211.235421021, "_cam_code": "181" }, "geometry": { "type": "Polygon", "coordinates": [ [ [ -3.9246, 40.3707 ], [ -3.9248, 40.3709 ], [ -3.9298, 40.3734 ], [ -3.9321, 40.3742 ], [ -3.9343, 40.3747 ], [ -3.9345, 40.3749 ], [ -3.935, 40.375 ], [ -3.937, 40.3706 ], [ -3.9376, 40.3699 ], [ -3.9384, 40.3684 ], [ -3.9378, 40.368 ], [ -3.9378, 40.3678 ], [ -3.9376, 40.3677 ], [ -3.9377, 40.3673 ], [ -3.9374, 40.3669 ], [ -3.9331, 40.3658 ], [ -3.9289, 40.3645 ], [ -3.9242, 40.366 ], [ -3.9238, 40.3666 ], [ -3.9233, 40.3664 ], [ -3.9224, 40.3656 ], [ -3.9224, 40.3657 ], [ -3.9215, 40.366 ], [ -3.9215, 40.3662 ], [ -3.9213, 40.3664 ], [ -3.9219, 40.3666 ], [ -3.9221, 40.3675 ], [ -3.9223, 40.3679 ], [ -3.9225, 40.368 ], [ -3.9235, 40.3699 ], [ -3.924, 40.3706 ], [ -3.9246, 40.3707 ] ] ] } },
{ "type": "Feature", "properties": { "municipio": "Villaviciosa de Odón", "clasificacion": "urbanizable-sectorizado", "calificacion": "sin-asignar", "version": "vigente", "fuente": "SIT-CAM WFS — UsoDelSuelo:VPLA_V_CLASIFICACION (https://idem.comunidad.madrid/geosrvg/ows)", "fecha_dato": "2026-05-12", "ambito": "39950", "_raw_CD_SIGLAS": "SUBS", "_raw_DS_CLASIF_GEN": "Suelo Urbanizable Programado", "_raw_DS_CLASIF_DET": "Suelo Urbanizable Programado", "_raw_DS_DOCU": "PLAN GENERAL", "_raw_DS_LEY": "CM Ley 9/1995, E Ley 6/1998, E RDL 1/1992, E RD 1346/1976", "_raw_FC_AC": "1999-07-15", "_raw_NM_AREA_M2": 330428.66362661199, "_cam_code": "181" }, "geometry": { "type": "Polygon", "coordinates": [ [ [ -3.9222, 40.3606 ], [ -3.9233, 40.3607 ], [ -3.9233, 40.3608 ], [ -3.925, 40.3607 ], [ -3.925, 40.3598 ], [ -3.9244, 40.3578 ], [ -3.924, 40.3573 ], [ -3.924, 40.3571 ], [ -3.9239, 40.3571 ], [ -3.9237, 40.356 ], [ -3.9236, 40.356 ], [ -3.9235, 40.3556 ], [ -3.9224, 40.3545 ], [ -3.9215, 40.3545 ], [ -3.9215, 40.3546 ], [ -3.921, 40.3547 ], [ -3.9188, 40.355 ], [ -3.9155, 40.356 ], [ -3.918, 40.3589 ], [ -3.9184, 40.3597 ], [ -3.9206, 40.3587 ], [ -3.9207, 40.359 ], [ -3.921, 40.3591 ], [ -3.9216, 40.359 ], [ -3.9221, 40.3603 ], [ -3.9222, 40.3603 ], [ -3.9222, 40.3606 ] ] ] } },
{ "type": "Feature", "properties": { "municipio": "Villaviciosa de Odón", "clasificacion": "urbanizable-sectorizado", "calificacion": "sin-asignar", "version": "vigente", "fuente": "SIT-CAM WFS — UsoDelSuelo:VPLA_V_CLASIFICACION (https://idem.comunidad.madrid/geosrvg/ows)", "fecha_dato": "2026-05-12", "ambito": "39950", "_raw_CD_SIGLAS": "SUBS", "_raw_DS_CLASIF_GEN": "Suelo Urbanizable Programado", "_raw_DS_CLASIF_DET": "Suelo Urbanizable Programado", "_raw_DS_DOCU": "PLAN GENERAL", "_raw_DS_LEY": "CM Ley 9/1995, E Ley 6/1998, E RDL 1/1992, E RD 1346/1976", "_raw_FC_AC": "1999-07-15", "_raw_NM_AREA_M2": 355674.16668598802, "_cam_code": "181" }, "geometry": { "type": "Polygon", "coordinates": [ [ [ -3.9119, 40.3526 ], [ -3.9154, 40.3559 ], [ -3.9186, 40.355 ], [ -3.9213, 40.3546 ], [ -3.9213, 40.3545 ], [ -3.9217, 40.3545 ], [ -3.9217, 40.3544 ], [ -3.9223, 40.3544 ], [ -3.921, 40.3527 ], [ -3.9209, 40.3522 ], [ -3.9193, 40.3501 ], [ -3.9183, 40.3493 ], [ -3.9178, 40.3491 ], [ -3.9174, 40.3491 ], [ -3.9144, 40.351 ], [ -3.9137, 40.3516 ], [ -3.9119, 40.3526 ] ], [ [ -3.9156, 40.3534 ], [ -3.9162, 40.3539 ], [ -3.9167, 40.3554 ], [ -3.9161, 40.3555 ], [ -3.9155, 40.3544 ], [ -3.9152, 40.3535 ], [ -3.9156, 40.3534 ] ] ] } },
{ "type": "Feature", "properties": { "municipio": "Villaviciosa de Odón", "clasificacion": "urbanizable-sectorizado", "calificacion": "sin-asignar", "version": "vigente", "fuente": "SIT-CAM WFS — UsoDelSuelo:VPLA_V_CLASIFICACION (https://idem.comunidad.madrid/geosrvg/ows)", "fecha_dato": "2026-05-12", "ambito": "39950", "_raw_CD_SIGLAS": "SUBS", "_raw_DS_CLASIF_GEN": "Suelo Urbanizable Programado", "_raw_DS_CLASIF_DET": "Suelo Urbanizable Programado", "_raw_DS_DOCU": "PLAN GENERAL", "_raw_DS_LEY": "CM Ley 9/1995, E Ley 6/1998, E RDL 1/1992, E RD 1346/1976", "_raw_FC_AC": "1999-07-15", "_raw_NM_AREA_M2": 391347.894629388, "_cam_code": "181" }, "geometry": { "type": "Polygon", "coordinates": [ [ [ -3.9071, 40.3511 ], [ -3.9092, 40.3512 ], [ -3.9106, 40.3516 ], [ -3.9117, 40.3525 ], [ -3.9174, 40.349 ], [ -3.915, 40.3472 ], [ -3.9136, 40.3456 ], [ -3.912, 40.3444 ], [ -3.9117, 40.3446 ], [ -3.911, 40.3447 ], [ -3.9093, 40.3453 ], [ -3.9098, 40.3454 ], [ -3.9108, 40.3459 ], [ -3.9103, 40.3465 ], [ -3.9099, 40.3475 ], [ -3.9094, 40.3481 ], [ -3.9085, 40.3488 ], [ -3.9073, 40.3501 ], [ -3.907, 40.351 ], [ -3.9071, 40.3511 ] ] ] } },
{ "type": "Feature", "properties": { "municipio": "Villaviciosa de Odón", "clasificacion": "urbanizable-sectorizado", "calificacion": "sin-asignar", "version": "vigente", "fuente": "SIT-CAM WFS — UsoDelSuelo:VPLA_V_CLASIFICACION (https://idem.comunidad.madrid/geosrvg/ows)", "fecha_dato": "2026-05-12", "ambito": "39950", "_raw_CD_SIGLAS": "SUBS", "_raw_DS_CLASIF_GEN": "Suelo Urbanizable (INCORPORADO)", "_raw_DS_CLASIF_DET": "Suelo Urbanizable Incorporado", "_raw_DS_DOCU": "PLAN GENERAL", "_raw_DS_LEY": "CM Ley 9/1995, E Ley 6/1998, E RDL 1/1992, E RD 1346/1976", "_raw_FC_AC": "1999-07-15", "_raw_NM_AREA_M2": 13384.3146128195, "_cam_code": "181" }, "geometry": { "type": "Polygon", "coordinates": [ [ [ -3.89, 40.3661 ], [ -3.8894, 40.3664 ], [ -3.8896, 40.3667 ], [ -3.8907, 40.3663 ], [ -3.8914, 40.3659 ], [ -3.8918, 40.3655 ], [ -3.8911, 40.365 ], [ -3.89, 40.3661 ] ] ] } },
{ "type": "Feature", "properties": { "municipio": "Villaviciosa de Odón", "clasificacion": "urbanizable-sectorizado", "calificacion": "sin-asignar", "version": "vigente", "fuente": "SIT-CAM WFS — UsoDelSuelo:VPLA_V_CLASIFICACION (https://idem.comunidad.madrid/geosrvg/ows)", "fecha_dato": "2026-05-12", "ambito": "39950", "_raw_CD_SIGLAS": "SUBS", "_raw_DS_CLASIF_GEN": "Suelo Urbanizable Programado", "_raw_DS_CLASIF_DET": "Suelo Urbanizable Programado", "_raw_DS_DOCU": "PLAN GENERAL", "_raw_DS_LEY": "CM Ley 9/1995, E Ley 6/1998, E RDL 1/1992, E RD 1346/1976", "_raw_FC_AC": "1999-07-15", "_raw_NM_AREA_M2": 21380.679032198099, "_cam_code": "181" }, "geometry": { "type": "Polygon", "coordinates": [ [ [ -3.8838, 40.3616 ], [ -3.884, 40.362 ], [ -3.8841, 40.362 ], [ -3.8845, 40.3616 ], [ -3.885, 40.3616 ], [ -3.8851, 40.3618 ], [ -3.8853, 40.3618 ], [ -3.8853, 40.3616 ], [ -3.8858, 40.3616 ], [ -3.8858, 40.3615 ], [ -3.886, 40.3616 ], [ -3.886, 40.3615 ], [ -3.8862, 40.3615 ], [ -3.8861, 40.3614 ], [ -3.8866, 40.3612 ], [ -3.8864, 40.3609 ], [ -3.8841, 40.3608 ], [ -3.8829, 40.3605 ], [ -3.883, 40.3603 ], [ -3.8825, 40.3602 ], [ -3.8826, 40.3605 ], [ -3.8835, 40.3609 ], [ -3.8842, 40.361 ], [ -3.8841, 40.3614 ], [ -3.8838, 40.3616 ] ] ] } }
]
}
