{
"type": "FeatureCollection",
"name": "vigente.full",
"features": [
{ "type": "Feature", "properties": { "municipio": "Cabanillas de la Sierra", "clasificacion": "no-urbanizable-protegido", "calificacion": "sin-asignar", "version": "vigente", "fuente": "SIT-CAM WFS — UsoDelSuelo:VPLA_V_CLASIFICACION (https://idem.comunidad.madrid/geosrvg/ows)", "fecha_dato": "2026-05-12", "ambito": "88442", "_raw_CD_SIGLAS": "SNUP", "_raw_DS_CLASIF_GEN": "Suelo No Urbanizable Protegido", "_raw_DS_CLASIF_DET": "Suelo No Urbanizable de Protección. Interés Ecológico", "_raw_DS_DOCU": "PLAN GENERAL", "_raw_DS_LEY": "CM Ley 9/2001, E Ley 6/1998", "_raw_FC_AC": "2015-10-13", "_raw_NM_AREA_M2": 26212.736433958798, "_cam_code": "029" }, "geometry": { "type": "Polygon", "coordinates": [ [ [ -3.6249, 40.8343 ], [ -3.6247, 40.8352 ], [ -3.6243, 40.8357 ], [ -3.627, 40.8347 ], [ -3.6279, 40.8342 ], [ -3.6268, 40.8339 ], [ -3.6259, 40.8339 ], [ -3.6254, 40.834 ], [ -3.6253, 40.8344 ], [ -3.6249, 40.8343 ] ] ] } },
{ "type": "Feature", "properties": { "municipio": "Cabanillas de la Sierra", "clasificacion": "no-urbanizable-protegido", "calificacion": "sin-asignar", "version": "vigente", "fuente": "SIT-CAM WFS — UsoDelSuelo:VPLA_V_CLASIFICACION (https://idem.comunidad.madrid/geosrvg/ows)", "fecha_dato": "2026-05-12", "ambito": "88442", "_raw_CD_SIGLAS": "SNUP", "_raw_DS_CLASIF_GEN": "Suelo No Urbanizable Protegido", "_raw_DS_CLASIF_DET": "Suelo No Urbanizable de Protección. Infraestructuras", "_raw_DS_DOCU": "PLAN GENERAL", "_raw_DS_LEY": "CM Ley 9/2001, E Ley 6/1998", "_raw_FC_AC": "2015-10-13", "_raw_NM_AREA_M2": 3099.6799633055998, "_cam_code": "029" }, "geometry": { "type": "Polygon", "coordinates": [ [ [ -3.6144, 40.8237 ], [ -3.6143, 40.8244 ], [ -3.6148, 40.8244 ], [ -3.6149, 40.8239 ], [ -3.6146, 40.8236 ], [ -3.6144, 40.8237 ] ] ] } },
{ "type": "Feature", "properties": { "municipio": "Cabanillas de la Sierra", "clasificacion": "no-urbanizable-protegido", "calificacion": "sin-asignar", "version": "vigente", "fuente": "SIT-CAM WFS — UsoDelSuelo:VPLA_V_CLASIFICACION (https://idem.comunidad.madrid/geosrvg/ows)", "fecha_dato": "2026-05-12", "ambito": "88442", "_raw_CD_SIGLAS": "SNUP", "_raw_DS_CLASIF_GEN": "Suelo No Urbanizable Protegido", "_raw_DS_CLASIF_DET": "Suelo No Urbanizable de Protección. Infraestructuras", "_raw_DS_DOCU": "PLAN GENERAL", "_raw_DS_LEY": "CM Ley 9/2001, E Ley 6/1998", "_raw_FC_AC": "2015-10-13", "_raw_NM_AREA_M2": 3173.5391227763398, "_cam_code": "029" }, "geometry": { "type": "Polygon", "coordinates": [ [ [ -3.6495, 40.8227 ], [ -3.6498, 40.8229 ], [ -3.6501, 40.8234 ], [ -3.6507, 40.824 ], [ -3.6514, 40.8243 ], [ -3.6517, 40.8243 ], [ -3.6517, 40.8242 ], [ -3.6512, 40.8241 ], [ -3.6507, 40.8238 ], [ -3.6499, 40.8228 ], [ -3.6495, 40.8227 ] ] ] } },
{ "type": "Feature", "properties": { "municipio": "Cabanillas de la Sierra", "clasificacion": "no-urbanizable-protegido", "calificacion": "sin-asignar", "version": "vigente", "fuente": "SIT-CAM WFS — UsoDelSuelo:VPLA_V_CLASIFICACION (https://idem.comunidad.madrid/geosrvg/ows)", "fecha_dato": "2026-05-12", "ambito": "88442", "_raw_CD_SIGLAS": "SNUP", "_raw_DS_CLASIF_GEN": "Suelo No Urbanizable Protegido", "_raw_DS_CLASIF_DET": "Suelo No Urbanizable de Protección. Infraestructuras", "_raw_DS_DOCU": "PLAN GENERAL", "_raw_DS_LEY": "CM Ley 9/2001, E Ley 6/1998", "_raw_FC_AC": "2015-10-13", "_raw_NM_AREA_M2": 20729.335964302201, "_cam_code": "029" }, "geometry": { "type": "Polygon", "coordinates": [ [ [ -3.6141, 40.827 ], [ -3.6141, 40.8301 ], [ -3.6144, 40.8312 ], [ -3.6148, 40.8312 ], [ -3.615, 40.8311 ], [ -3.6145, 40.8293 ], [ -3.6145, 40.8268 ], [ -3.6143, 40.8268 ], [ -3.6141, 40.8266 ], [ -3.6141, 40.827 ] ] ] } },
{ "type": "Feature", "properties": { "municipio": "Cabanillas de la Sierra", "clasificacion": "no-urbanizable-protegido", "calificacion": "sin-asignar", "version": "vigente", "fuente": "SIT-CAM WFS — UsoDelSuelo:VPLA_V_CLASIFICACION (https://idem.comunidad.madrid/geosrvg/ows)", "fecha_dato": "2026-05-12", "ambito": "88442", "_raw_CD_SIGLAS": "SNUP", "_raw_DS_CLASIF_GEN": "Suelo No Urbanizable Protegido", "_raw_DS_CLASIF_DET": "Suelo No Urbanizable de Protección. Infraestructuras", "_raw_DS_DOCU": "PLAN GENERAL", "_raw_DS_LEY": "CM Ley 9/2001, E Ley 6/1998", "_raw_FC_AC": "2015-10-13", "_raw_NM_AREA_M2": 1692.24468949023, "_cam_code": "029" }, "geometry": { "type": "Polygon", "coordinates": [ [ [ -3.6285, 40.8341 ], [ -3.6286, 40.8342 ], [ -3.6291, 40.8337 ], [ -3.6292, 40.8333 ], [ -3.6285, 40.8341 ] ] ] } },
{ "type": "Feature", "properties": { "municipio": "Cabanillas de la Sierra", "clasificacion": "no-urbanizable-protegido", "calificacion": "sin-asignar", "version": "vigente", "fuente": "SIT-CAM WFS — UsoDelSuelo:VPLA_V_CLASIFICACION (https://idem.comunidad.madrid/geosrvg/ows)", "fecha_dato": "2026-05-12", "ambito": "88442", "_raw_CD_SIGLAS": "SNUP", "_raw_DS_CLASIF_GEN": "Suelo No Urbanizable Protegido", "_raw_DS_CLASIF_DET": "Suelo No Urbanizable de Protección. Infraestructuras", "_raw_DS_DOCU": "PLAN GENERAL", "_raw_DS_LEY": "CM Ley 9/2001, E Ley 6/1998", "_raw_FC_AC": "2015-10-13", "_raw_NM_AREA_M2": 6466.79006184629, "_cam_code": "029" }, "geometry": { "type": "Polygon", "coordinates": [ [ [ -3.6279, 40.8342 ], [ -3.627, 40.8347 ], [ -3.6243, 40.8357 ], [ -3.6241, 40.836 ], [ -3.6274, 40.8347 ], [ -3.6276, 40.8345 ], [ -3.6283, 40.8344 ], [ -3.6279, 40.8342 ] ] ] } },
{ "type": "Feature", "properties": { "municipio": "Cabanillas de la Sierra", "clasificacion": "no-urbanizable-protegido", "calificacion": "sin-asignar", "version": "vigente", "fuente": "SIT-CAM WFS — UsoDelSuelo:VPLA_V_CLASIFICACION (https://idem.comunidad.madrid/geosrvg/ows)", "fecha_dato": "2026-05-12", "ambito": "88442", "_raw_CD_SIGLAS": "SNUP", "_raw_DS_CLASIF_GEN": "Suelo No Urbanizable Protegido", "_raw_DS_CLASIF_DET": "Suelo No Urbanizable de Protección. Infraestructuras", "_raw_DS_DOCU": "PLAN GENERAL", "_raw_DS_LEY": "CM Ley 9/2001, E Ley 6/1998", "_raw_FC_AC": "2015-10-13", "_raw_NM_AREA_M2": 13531.7283855734, "_cam_code": "029" }, "geometry": { "type": "Polygon", "coordinates": [ [ [ -3.6372, 40.8361 ], [ -3.6377, 40.8369 ], [ -3.638, 40.8365 ], [ -3.6383, 40.8364 ], [ -3.6383, 40.8361 ], [ -3.6374, 40.8362 ], [ -3.6369, 40.8357 ], [ -3.6363, 40.8354 ], [ -3.6329, 40.834 ], [ -3.6322, 40.8332 ], [ -3.6316, 40.8312 ], [ -3.6314, 40.8311 ], [ -3.6319, 40.8326 ], [ -3.6319, 40.8329 ], [ -3.632, 40.8329 ], [ -3.6323, 40.8336 ], [ -3.6327, 40.834 ], [ -3.6339, 40.8346 ], [ -3.6367, 40.8357 ], [ -3.6372, 40.8361 ] ] ] } },
{ "type": "Feature", "properties": { "municipio": "Cabanillas de la Sierra", "clasificacion": "no-urbanizable-protegido", "calificacion": "sin-asignar", "version": "vigente", "fuente": "SIT-CAM WFS — UsoDelSuelo:VPLA_V_CLASIFICACION (https://idem.comunidad.madrid/geosrvg/ows)", "fecha_dato": "2026-05-12", "ambito": "88442", "_raw_CD_SIGLAS": "SNUP", "_raw_DS_CLASIF_GEN": "Suelo No Urbanizable Protegido", "_raw_DS_CLASIF_DET": "Suelo No Urbanizable de Protección. Infraestructuras. Montes Preservados", "_raw_DS_DOCU": "PLAN GENERAL", "_raw_DS_LEY": "CM Ley 9/2001, E Ley 6/1998", "_raw_FC_AC": "2015-10-13", "_raw_NM_AREA_M2": 14397.030431146, "_cam_code": "029" }, "geometry": { "type": "Polygon", "coordinates": [ [ [ -3.6323, 40.8212 ], [ -3.6322, 40.8213 ], [ -3.6309, 40.8214 ], [ -3.6292, 40.8214 ], [ -3.6286, 40.8215 ], [ -3.6286, 40.8216 ], [ -3.634, 40.8212 ], [ -3.6352, 40.8212 ], [ -3.6368, 40.8214 ], [ -3.6405, 40.8213 ], [ -3.6406, 40.8214 ], [ -3.6416, 40.8215 ], [ -3.6416, 40.8214 ], [ -3.6407, 40.8212 ], [ -3.6394, 40.8213 ], [ -3.6372, 40.8213 ], [ -3.6354, 40.8211 ], [ -3.6323, 40.8212 ] ] ] } },
{ "type": "Feature", "properties": { "municipio": "Cabanillas de la Sierra", "clasificacion": "no-urbanizable-protegido", "calificacion": "sin-asignar", "version": "vigente", "fuente": "SIT-CAM WFS — UsoDelSuelo:VPLA_V_CLASIFICACION (https://idem.comunidad.madrid/geosrvg/ows)", "fecha_dato": "2026-05-12", "ambito": "88442", "_raw_CD_SIGLAS": "SNUP", "_raw_DS_CLASIF_GEN": "Suelo No Urbanizable Protegido", "_raw_DS_CLASIF_DET": "Suelo No Urbanizable de Protección. Infraestructuras. Montes Preservados", "_raw_DS_DOCU": "PLAN GENERAL", "_raw_DS_LEY": "CM Ley 9/2001, E Ley 6/1998", "_raw_FC_AC": "2015-10-13", "_raw_NM_AREA_M2": 6927.1936988859698, "_cam_code": "029" }, "geometry": { "type": "Polygon", "coordinates": [ [ [ -3.6203, 40.8388 ], [ -3.6202, 40.839 ], [ -3.6202, 40.8405 ], [ -3.6201, 40.8407 ], [ -3.6202, 40.8407 ], [ -3.621, 40.8388 ], [ -3.6207, 40.8387 ], [ -3.6203, 40.8388 ] ] ] } },
{ "type": "Feature", "properties": { "municipio": "Cabanillas de la Sierra", "clasificacion": "no-urbanizable-protegido", "calificacion": "sin-asignar", "version": "vigente", "fuente": "SIT-CAM WFS — UsoDelSuelo:VPLA_V_CLASIFICACION (https://idem.comunidad.madrid/geosrvg/ows)", "fecha_dato": "2026-05-12", "ambito": "88442", "_raw_CD_SIGLAS": "SNUP", "_raw_DS_CLASIF_GEN": "Suelo No Urbanizable Protegido", "_raw_DS_CLASIF_DET": "Suelo No Urbanizable de Protección. Infraestructuras. Valores Históricos", "_raw_DS_DOCU": "PLAN GENERAL", "_raw_DS_LEY": "CM Ley 9/2001, E Ley 6/1998", "_raw_FC_AC": "2015-10-13", "_raw_NM_AREA_M2": 3444.9375304923501, "_cam_code": "029" }, "geometry": { "type": "Polygon", "coordinates": [ [ [ -3.615, 40.8205 ], [ -3.6149, 40.8213 ], [ -3.6154, 40.8214 ], [ -3.6155, 40.8206 ], [ -3.615, 40.8205 ] ] ] } },
{ "type": "Feature", "properties": { "municipio": "Cabanillas de la Sierra", "clasificacion": "no-urbanizable-protegido", "calificacion": "sin-asignar", "version": "vigente", "fuente": "SIT-CAM WFS — UsoDelSuelo:VPLA_V_CLASIFICACION (https://idem.comunidad.madrid/geosrvg/ows)", "fecha_dato": "2026-05-12", "ambito": "88442", "_raw_CD_SIGLAS": "SNUP", "_raw_DS_CLASIF_GEN": "Suelo No Urbanizable Protegido", "_raw_DS_CLASIF_DET": "Suelo No Urbanizable de Protección. Infraestructuras. Valores Históricos", "_raw_DS_DOCU": "PLAN GENERAL", "_raw_DS_LEY": "CM Ley 9/2001, E Ley 6/1998", "_raw_FC_AC": "2015-10-13", "_raw_NM_AREA_M2": 2075.6147950719001, "_cam_code": "029" }, "geometry": { "type": "Polygon", "coordinates": [ [ [ -3.6441, 40.8219 ], [ -3.6447, 40.822 ], [ -3.6462, 40.8219 ], [ -3.6461, 40.8218 ], [ -3.6459, 40.8219 ], [ -3.6442, 40.8218 ], [ -3.6441, 40.8219 ] ] ] } },
{ "type": "Feature", "properties": { "municipio": "Cabanillas de la Sierra", "clasificacion": "no-urbanizable-protegido", "calificacion": "sin-asignar", "version": "vigente", "fuente": "SIT-CAM WFS — UsoDelSuelo:VPLA_V_CLASIFICACION (https://idem.comunidad.madrid/geosrvg/ows)", "fecha_dato": "2026-05-12", "ambito": "88442", "_raw_CD_SIGLAS": "SNUP", "_raw_DS_CLASIF_GEN": "Suelo No Urbanizable Protegido", "_raw_DS_CLASIF_DET": "Suelo No Urbanizable de Protección. Interés Ecológico", "_raw_DS_DOCU": "PLAN GENERAL", "_raw_DS_LEY": "CM Ley 9/2001, E Ley 6/1998", "_raw_FC_AC": "2015-10-13", "_raw_NM_AREA_M2": 247453.56678177201, "_cam_code": "029" }, "geometry": { "type": "Polygon", "coordinates": [ [ [ -3.6182, 40.821 ], [ -3.6195, 40.821 ], [ -3.6202, 40.8208 ], [ -3.6205, 40.8209 ], [ -3.6208, 40.8196 ], [ -3.6207, 40.8191 ], [ -3.6203, 40.8186 ], [ -3.62, 40.8185 ], [ -3.6197, 40.8182 ], [ -3.6195, 40.8182 ], [ -3.619, 40.8176 ], [ -3.6185, 40.8175 ], [ -3.6183, 40.8172 ], [ -3.6182, 40.8164 ], [ -3.6187, 40.8156 ], [ -3.6186, 40.8151 ], [ -3.6187, 40.8132 ], [ -3.6182, 40.8129 ], [ -3.6182, 40.8126 ], [ -3.619, 40.8118 ], [ -3.6191, 40.8114 ], [ -3.6199, 40.8109 ], [ -3.6199, 40.8107 ], [ -3.6201, 40.8105 ], [ -3.6196, 40.8102 ], [ -3.6194, 40.8099 ], [ -3.6177, 40.8117 ], [ -3.617, 40.813 ], [ -3.6157, 40.8197 ], [ -3.6162, 40.82 ], [ -3.6162, 40.8203 ], [ -3.6168, 40.8206 ], [ -3.6178, 40.8208 ], [ -3.6182, 40.821 ] ] ] } },
{ "type": "Feature", "properties": { "municipio": "Cabanillas de la Sierra", "clasificacion": "no-urbanizable-protegido", "calificacion": "sin-asignar", "version": "vigente", "fuente": "SIT-CAM WFS — UsoDelSuelo:VPLA_V_CLASIFICACION (https://idem.comunidad.madrid/geosrvg/ows)", "fecha_dato": "2026-05-12", "ambito": "88442", "_raw_CD_SIGLAS": "SNUP", "_raw_DS_CLASIF_GEN": "Suelo No Urbanizable Protegido", "_raw_DS_CLASIF_DET": "Suelo No Urbanizable de Protección. Interés Ecológico y Montes Preservados", "_raw_DS_DOCU": "PLAN GENERAL", "_raw_DS_LEY": "CM Ley 9/2001, E Ley 6/1998", "_raw_FC_AC": "2015-10-13", "_raw_NM_AREA_M2": 44215.076313085097, "_cam_code": "029" }, "geometry": { "type": "Polygon", "coordinates": [ [ [ -3.6128, 40.8189 ], [ -3.609, 40.8211 ], [ -3.6087, 40.8215 ], [ -3.6089, 40.8215 ], [ -3.6097, 40.821 ], [ -3.6122, 40.8202 ], [ -3.6134, 40.8203 ], [ -3.6139, 40.8206 ], [ -3.614, 40.8205 ], [ -3.615, 40.8205 ], [ -3.6151, 40.8202 ], [ -3.6128, 40.8189 ] ] ] } },
{ "type": "Feature", "properties": { "municipio": "Cabanillas de la Sierra", "clasificacion": "no-urbanizable-protegido", "calificacion": "sin-asignar", "version": "vigente", "fuente": "SIT-CAM WFS — UsoDelSuelo:VPLA_V_CLASIFICACION (https://idem.comunidad.madrid/geosrvg/ows)", "fecha_dato": "2026-05-12", "ambito": "88442", "_raw_CD_SIGLAS": "SNUP", "_raw_DS_CLASIF_GEN": "Suelo No Urbanizable Protegido", "_raw_DS_CLASIF_DET": "Suelo No Urbanizable de Protección. Interés Agropecuario", "_raw_DS_DOCU": "PLAN GENERAL", "_raw_DS_LEY": "CM Ley 9/2001, E Ley 6/1998", "_raw_FC_AC": "2015-10-13", "_raw_NM_AREA_M2": 95463.102333633593, "_cam_code": "029" }, "geometry": { "type": "Polygon", "coordinates": [ [ [ -3.641, 40.8312 ], [ -3.6413, 40.8318 ], [ -3.6416, 40.8329 ], [ -3.6419, 40.8334 ], [ -3.645, 40.8325 ], [ -3.6485, 40.8319 ], [ -3.6487, 40.8317 ], [ -3.6462, 40.8314 ], [ -3.6461, 40.8312 ], [ -3.6439, 40.831 ], [ -3.6422, 40.831 ], [ -3.6413, 40.8308 ], [ -3.6411, 40.8308 ], [ -3.641, 40.8312 ] ] ] } },
{ "type": "Feature", "properties": { "municipio": "Cabanillas de la Sierra", "clasificacion": "no-urbanizable-protegido", "calificacion": "sin-asignar", "version": "vigente", "fuente": "SIT-CAM WFS — UsoDelSuelo:VPLA_V_CLASIFICACION (https://idem.comunidad.madrid/geosrvg/ows)", "fecha_dato": "2026-05-12", "ambito": "88442", "_raw_CD_SIGLAS": "SNUP", "_raw_DS_CLASIF_GEN": "Suelo No Urbanizable Protegido", "_raw_DS_CLASIF_DET": "Suelo No Urbanizable de Protección. Interés Ecológico", "_raw_DS_DOCU": "PLAN GENERAL", "_raw_DS_LEY": "CM Ley 9/2001, E Ley 6/1998", "_raw_FC_AC": "2015-10-13", "_raw_NM_AREA_M2": 83969.728867093596, "_cam_code": "029" }, "geometry": { "type": "Polygon", "coordinates": [ [ [ -3.6148, 40.8244 ], [ -3.6165, 40.8249 ], [ -3.6198, 40.8255 ], [ -3.6198, 40.8253 ], [ -3.6202, 40.8246 ], [ -3.6201, 40.8238 ], [ -3.6203, 40.8236 ], [ -3.6204, 40.8232 ], [ -3.6205, 40.8222 ], [ -3.6204, 40.822 ], [ -3.6185, 40.8222 ], [ -3.6184, 40.8228 ], [ -3.6181, 40.8229 ], [ -3.6182, 40.8231 ], [ -3.6179, 40.8237 ], [ -3.6174, 40.8242 ], [ -3.6156, 40.8243 ], [ -3.6149, 40.8239 ], [ -3.6148, 40.8244 ] ] ] } },
{ "type": "Feature", "properties": { "municipio": "Cabanillas de la Sierra", "clasificacion": "no-urbanizable-protegido", "calificacion": "sin-asignar", "version": "vigente", "fuente": "SIT-CAM WFS — UsoDelSuelo:VPLA_V_CLASIFICACION (https://idem.comunidad.madrid/geosrvg/ows)", "fecha_dato": "2026-05-12", "ambito": "88442", "_raw_CD_SIGLAS": "SNUP", "_raw_DS_CLASIF_GEN": "Suelo No Urbanizable Protegido", "_raw_DS_CLASIF_DET": "Suelo No Urbanizable de Protección. Interés Ecológico", "_raw_DS_DOCU": "PLAN GENERAL", "_raw_DS_LEY": "CM Ley 9/2001, E Ley 6/1998", "_raw_FC_AC": "2015-10-13", "_raw_NM_AREA_M2": 97600.924408567007, "_cam_code": "029" }, "geometry": { "type": "Polygon", "coordinates": [ [ [ -3.6203, 40.825 ], [ -3.621, 40.8251 ], [ -3.6218, 40.825 ], [ -3.623, 40.8257 ], [ -3.6236, 40.8258 ], [ -3.6236, 40.8259 ], [ -3.6238, 40.8258 ], [ -3.6241, 40.8254 ], [ -3.6245, 40.8252 ], [ -3.6247, 40.8245 ], [ -3.6236, 40.8245 ], [ -3.6236, 40.8244 ], [ -3.6233, 40.8244 ], [ -3.6228, 40.8241 ], [ -3.6229, 40.8236 ], [ -3.6238, 40.8236 ], [ -3.6239, 40.8235 ], [ -3.6238, 40.8233 ], [ -3.6239, 40.8222 ], [ -3.6218, 40.8221 ], [ -3.6213, 40.822 ], [ -3.6206, 40.8216 ], [ -3.6206, 40.8218 ], [ -3.6209, 40.8222 ], [ -3.6209, 40.8227 ], [ -3.6207, 40.8232 ], [ -3.6207, 40.8238 ], [ -3.6206, 40.8238 ], [ -3.6205, 40.8241 ], [ -3.6206, 40.8245 ], [ -3.6203, 40.825 ] ] ] } },
{ "type": "Feature", "properties": { "municipio": "Cabanillas de la Sierra", "clasificacion": "no-urbanizable-protegido", "calificacion": "sin-asignar", "version": "vigente", "fuente": "SIT-CAM WFS — UsoDelSuelo:VPLA_V_CLASIFICACION (https://idem.comunidad.madrid/geosrvg/ows)", "fecha_dato": "2026-05-12", "ambito": "88442", "_raw_CD_SIGLAS": "SNUP", "_raw_DS_CLASIF_GEN": "Suelo No Urbanizable Protegido", "_raw_DS_CLASIF_DET": "Suelo No Urbanizable de Protección. Interés Ecológico", "_raw_DS_DOCU": "PLAN GENERAL", "_raw_DS_LEY": "CM Ley 9/2001, E Ley 6/1998", "_raw_FC_AC": "2015-10-13", "_raw_NM_AREA_M2": 675.29430446120898, "_cam_code": "029" }, "geometry": { "type": "Polygon", "coordinates": [ [ [ -3.653, 40.8269 ], [ -3.653, 40.8272 ], [ -3.6533, 40.8279 ], [ -3.653, 40.8267 ], [ -3.6528, 40.8267 ], [ -3.6526, 40.8265 ], [ -3.6526, 40.8265 ], [ -3.6528, 40.8267 ], [ -3.653, 40.8269 ] ] ] } },
{ "type": "Feature", "properties": { "municipio": "Cabanillas de la Sierra", "clasificacion": "no-urbanizable-protegido", "calificacion": "sin-asignar", "version": "vigente", "fuente": "SIT-CAM WFS — UsoDelSuelo:VPLA_V_CLASIFICACION (https://idem.comunidad.madrid/geosrvg/ows)", "fecha_dato": "2026-05-12", "ambito": "88442", "_raw_CD_SIGLAS": "SNUP", "_raw_DS_CLASIF_GEN": "Suelo No Urbanizable Protegido", "_raw_DS_CLASIF_DET": "Suelo No Urbanizable de Protección. Interés Ecológico", "_raw_DS_DOCU": "PLAN GENERAL", "_raw_DS_LEY": "CM Ley 9/2001, E Ley 6/1998", "_raw_FC_AC": "2015-10-13", "_raw_NM_AREA_M2": 92510.311492327906, "_cam_code": "029" }, "geometry": { "type": "Polygon", "coordinates": [ [ [ -3.6319, 40.8278 ], [ -3.6337, 40.8281 ], [ -3.6344, 40.8284 ], [ -3.6344, 40.8285 ], [ -3.6345, 40.8277 ], [ -3.6349, 40.8269 ], [ -3.6347, 40.8263 ], [ -3.6343, 40.8267 ], [ -3.6337, 40.8279 ], [ -3.6335, 40.828 ], [ -3.6326, 40.8279 ], [ -3.6323, 40.827 ], [ -3.6302, 40.8264 ], [ -3.6303, 40.8244 ], [ -3.6304, 40.8242 ], [ -3.6303, 40.823 ], [ -3.6301, 40.8226 ], [ -3.6291, 40.8216 ], [ -3.6288, 40.8216 ], [ -3.628, 40.822 ], [ -3.6281, 40.8227 ], [ -3.6283, 40.823 ], [ -3.6284, 40.8235 ], [ -3.6287, 40.8237 ], [ -3.6287, 40.8239 ], [ -3.629, 40.8242 ], [ -3.6291, 40.8253 ], [ -3.6294, 40.8259 ], [ -3.6295, 40.8259 ], [ -3.6297, 40.8266 ], [ -3.63, 40.8269 ], [ -3.6313, 40.8273 ], [ -3.6318, 40.8276 ], [ -3.6319, 40.8278 ] ] ] } },
{ "type": "Feature", "properties": { "municipio": "Cabanillas de la Sierra", "clasificacion": "no-urbanizable-protegido", "calificacion": "sin-asignar", "version": "vigente", "fuente": "SIT-CAM WFS — UsoDelSuelo:VPLA_V_CLASIFICACION (https://idem.comunidad.madrid/geosrvg/ows)", "fecha_dato": "2026-05-12", "ambito": "88442", "_raw_CD_SIGLAS": "SNUP", "_raw_DS_CLASIF_GEN": "Suelo No Urbanizable Protegido", "_raw_DS_CLASIF_DET": "Suelo No Urbanizable de Protección. Interés Ecológico", "_raw_DS_DOCU": "PLAN GENERAL", "_raw_DS_LEY": "CM Ley 9/2001, E Ley 6/1998", "_raw_FC_AC": "2015-10-13", "_raw_NM_AREA_M2": 1188.9957376708301, "_cam_code": "029" }, "geometry": { "type": "Polygon", "coordinates": [ [ [ -3.6254, 40.8305 ], [ -3.6246, 40.8307 ], [ -3.625, 40.8309 ], [ -3.6254, 40.8307 ], [ -3.6254, 40.8305 ] ] ] } },
{ "type": "Feature", "properties": { "municipio": "Cabanillas de la Sierra", "clasificacion": "no-urbanizable-protegido", "calificacion": "sin-asignar", "version": "vigente", "fuente": "SIT-CAM WFS — UsoDelSuelo:VPLA_V_CLASIFICACION (https://idem.comunidad.madrid/geosrvg/ows)", "fecha_dato": "2026-05-12", "ambito": "88442", "_raw_CD_SIGLAS": "SNUP", "_raw_DS_CLASIF_GEN": "Suelo No Urbanizable Protegido", "_raw_DS_CLASIF_DET": "Suelo No Urbanizable de Protección. Interés Ecológico", "_raw_DS_DOCU": "PLAN GENERAL", "_raw_DS_LEY": "CM Ley 9/2001, E Ley 6/1998", "_raw_FC_AC": "2015-10-13", "_raw_NM_AREA_M2": 88156.473067012805, "_cam_code": "029" }, "geometry": { "type": "Polygon", "coordinates": [ [ [ -3.6214, 40.8213 ], [ -3.6232, 40.8215 ], [ -3.6233, 40.8218 ], [ -3.6234, 40.8216 ], [ -3.6236, 40.8216 ], [ -3.6238, 40.8214 ], [ -3.624, 40.8215 ], [ -3.624, 40.8214 ], [ -3.624, 40.8215 ], [ -3.6242, 40.8214 ], [ -3.624, 40.8212 ], [ -3.6237, 40.8214 ], [ -3.6235, 40.8211 ], [ -3.6228, 40.8214 ], [ -3.6227, 40.821 ], [ -3.6229, 40.8209 ], [ -3.6219, 40.8207 ], [ -3.6216, 40.8204 ], [ -3.6217, 40.8192 ], [ -3.6227, 40.8193 ], [ -3.6237, 40.8197 ], [ -3.624, 40.8194 ], [ -3.6234, 40.8189 ], [ -3.6219, 40.8186 ], [ -3.622, 40.8184 ], [ -3.6223, 40.8184 ], [ -3.622, 40.8178 ], [ -3.6213, 40.8177 ], [ -3.6211, 40.8179 ], [ -3.6207, 40.818 ], [ -3.6205, 40.8175 ], [ -3.6203, 40.8174 ], [ -3.6203, 40.8172 ], [ -3.6205, 40.8171 ], [ -3.6205, 40.8169 ], [ -3.6207, 40.8167 ], [ -3.6207, 40.8165 ], [ -3.6204, 40.8165 ], [ -3.6206, 40.8158 ], [ -3.6208, 40.8156 ], [ -3.6206, 40.8149 ], [ -3.6205, 40.8149 ], [ -3.62, 40.8141 ], [ -3.62, 40.8136 ], [ -3.6199, 40.8135 ], [ -3.6199, 40.8133 ], [ -3.6201, 40.8133 ], [ -3.6204, 40.8136 ], [ -3.6219, 40.8143 ], [ -3.6222, 40.8146 ], [ -3.6224, 40.8145 ], [ -3.6223, 40.8145 ], [ -3.6223, 40.8141 ], [ -3.6215, 40.8139 ], [ -3.6211, 40.8135 ], [ -3.6211, 40.8133 ], [ -3.6212, 40.8134 ], [ -3.6217, 40.8134 ], [ -3.6226, 40.8132 ], [ -3.6224, 40.8129 ], [ -3.6209, 40.8131 ], [ -3.6198, 40.8128 ], [ -3.6198, 40.8131 ], [ -3.6195, 40.813 ], [ -3.6195, 40.8129 ], [ -3.6194, 40.8129 ], [ -3.6193, 40.8129 ], [ -3.6192, 40.8129 ], [ -3.6193, 40.8129 ], [ -3.6193, 40.8134 ], [ -3.6192, 40.8134 ], [ -3.6192, 40.814 ], [ -3.6193, 40.8141 ], [ -3.6191, 40.8143 ], [ -3.6191, 40.8145 ], [ -3.6192, 40.8145 ], [ -3.6192, 40.8147 ], [ -3.6194, 40.8149 ], [ -3.6197, 40.815 ], [ -3.6197, 40.8159 ], [ -3.6191, 40.8165 ], [ -3.6192, 40.8168 ], [ -3.6206, 40.8182 ], [ -3.6215, 40.8182 ], [ -3.6216, 40.8187 ], [ -3.6223, 40.8188 ], [ -3.6223, 40.8189 ], [ -3.6236, 40.8194 ], [ -3.6235, 40.8196 ], [ -3.6232, 40.8194 ], [ -3.6221, 40.8191 ], [ -3.6217, 40.819 ], [ -3.6215, 40.8191 ], [ -3.6215, 40.8202 ], [ -3.6211, 40.8211 ], [ -3.6214, 40.8213 ] ] ] } },
{ "type": "Feature", "properties": { "municipio": "Cabanillas de la Sierra", "clasificacion": "no-urbanizable-protegido", "calificacion": "sin-asignar", "version": "vigente", "fuente": "SIT-CAM WFS — UsoDelSuelo:VPLA_V_CLASIFICACION (https://idem.comunidad.madrid/geosrvg/ows)", "fecha_dato": "2026-05-12", "ambito": "88442", "_raw_CD_SIGLAS": "SNUP", "_raw_DS_CLASIF_GEN": "Suelo No Urbanizable Protegido", "_raw_DS_CLASIF_DET": "Suelo No Urbanizable de Protección. Interés Ecológico", "_raw_DS_DOCU": "PLAN GENERAL", "_raw_DS_LEY": "CM Ley 9/2001, E Ley 6/1998", "_raw_FC_AC": "2015-10-13", "_raw_NM_AREA_M2": 5320.8252714515102, "_cam_code": "029" }, "geometry": { "type": "Polygon", "coordinates": [ [ [ -3.6186, 40.822 ], [ -3.6203, 40.8219 ], [ -3.6203, 40.8216 ], [ -3.6185, 40.8217 ], [ -3.6186, 40.822 ] ] ] } },
{ "type": "Feature", "properties": { "municipio": "Cabanillas de la Sierra", "clasificacion": "no-urbanizable-protegido", "calificacion": "sin-asignar", "version": "vigente", "fuente": "SIT-CAM WFS — UsoDelSuelo:VPLA_V_CLASIFICACION (https://idem.comunidad.madrid/geosrvg/ows)", "fecha_dato": "2026-05-12", "ambito": "88442", "_raw_CD_SIGLAS": "SNUP", "_raw_DS_CLASIF_GEN": "Suelo No Urbanizable Protegido", "_raw_DS_CLASIF_DET": "Suelo No Urbanizable de Protección. Infraestructuras. Valores Históricos", "_raw_DS_DOCU": "PLAN GENERAL", "_raw_DS_LEY": "CM Ley 9/2001, E Ley 6/1998", "_raw_FC_AC": "2015-10-13", "_raw_NM_AREA_M2": 3567.7768007767099, "_cam_code": "029" }, "geometry": { "type": "Polygon", "coordinates": [ [ [ -3.6477, 40.822 ], [ -3.6495, 40.8227 ], [ -3.6495, 40.8227 ], [ -3.6495, 40.8227 ], [ -3.6496, 40.8227 ], [ -3.6497, 40.8227 ], [ -3.649, 40.8224 ], [ -3.649, 40.8223 ], [ -3.6484, 40.8222 ], [ -3.6477, 40.8219 ], [ -3.6464, 40.8218 ], [ -3.6464, 40.8219 ], [ -3.6477, 40.822 ] ] ] } },
{ "type": "Feature", "properties": { "municipio": "Cabanillas de la Sierra", "clasificacion": "no-urbanizable-protegido", "calificacion": "sin-asignar", "version": "vigente", "fuente": "SIT-CAM WFS — UsoDelSuelo:VPLA_V_CLASIFICACION (https://idem.comunidad.madrid/geosrvg/ows)", "fecha_dato": "2026-05-12", "ambito": "88442", "_raw_CD_SIGLAS": "SNUP", "_raw_DS_CLASIF_GEN": "Suelo No Urbanizable Protegido", "_raw_DS_CLASIF_DET": "Suelo No Urbanizable de Protección. Infraestructuras. Valores Históricos", "_raw_DS_DOCU": "PLAN GENERAL", "_raw_DS_LEY": "CM Ley 9/2001, E Ley 6/1998", "_raw_FC_AC": "2015-10-13", "_raw_NM_AREA_M2": 3470.7669546881002, "_cam_code": "029" }, "geometry": { "type": "Polygon", "coordinates": [ [ [ -3.6152, 40.8222 ], [ -3.6147, 40.8223 ], [ -3.6145, 40.8231 ], [ -3.615, 40.8229 ], [ -3.6151, 40.8227 ], [ -3.6152, 40.8222 ] ] ] } },
{ "type": "Feature", "properties": { "municipio": "Cabanillas de la Sierra", "clasificacion": "no-urbanizable-protegido", "calificacion": "sin-asignar", "version": "vigente", "fuente": "SIT-CAM WFS — UsoDelSuelo:VPLA_V_CLASIFICACION (https://idem.comunidad.madrid/geosrvg/ows)", "fecha_dato": "2026-05-12", "ambito": "88442", "_raw_CD_SIGLAS": "SNUP", "_raw_DS_CLASIF_GEN": "Suelo No Urbanizable Protegido", "_raw_DS_CLASIF_DET": "Suelo No Urbanizable de Protección. Infraestructuras. Valores Históricos", "_raw_DS_DOCU": "PLAN GENERAL", "_raw_DS_LEY": "CM Ley 9/2001, E Ley 6/1998", "_raw_FC_AC": "2015-10-13", "_raw_NM_AREA_M2": 2793.6817278282101, "_cam_code": "029" }, "geometry": { "type": "Polygon", "coordinates": [ [ [ -3.6146, 40.8236 ], [ -3.6149, 40.8239 ], [ -3.615, 40.8231 ], [ -3.6145, 40.8233 ], [ -3.6144, 40.8237 ], [ -3.6146, 40.8236 ] ] ] } },
{ "type": "Feature", "properties": { "municipio": "Cabanillas de la Sierra", "clasificacion": "no-urbanizable-protegido", "calificacion": "sin-asignar", "version": "vigente", "fuente": "SIT-CAM WFS — UsoDelSuelo:VPLA_V_CLASIFICACION (https://idem.comunidad.madrid/geosrvg/ows)", "fecha_dato": "2026-05-12", "ambito": "88442", "_raw_CD_SIGLAS": "SNUP", "_raw_DS_CLASIF_GEN": "Suelo No Urbanizable Protegido", "_raw_DS_CLASIF_DET": "Suelo No Urbanizable de Protección. Infraestructuras. Valores Históricos", "_raw_DS_DOCU": "PLAN GENERAL", "_raw_DS_LEY": "CM Ley 9/2001, E Ley 6/1998", "_raw_FC_AC": "2015-10-13", "_raw_NM_AREA_M2": 11703.041340891399, "_cam_code": "029" }, "geometry": { "type": "Polygon", "coordinates": [ [ [ -3.6143, 40.8244 ], [ -3.6141, 40.825 ], [ -3.6141, 40.8266 ], [ -3.6143, 40.8268 ], [ -3.6145, 40.8268 ], [ -3.6148, 40.8244 ], [ -3.6143, 40.8244 ] ] ] } },
{ "type": "Feature", "properties": { "municipio": "Cabanillas de la Sierra", "clasificacion": "no-urbanizable-protegido", "calificacion": "sin-asignar", "version": "vigente", "fuente": "SIT-CAM WFS — UsoDelSuelo:VPLA_V_CLASIFICACION (https://idem.comunidad.madrid/geosrvg/ows)", "fecha_dato": "2026-05-12", "ambito": "88442", "_raw_CD_SIGLAS": "SNUP", "_raw_DS_CLASIF_GEN": "Suelo No Urbanizable Protegido", "_raw_DS_CLASIF_DET": "Suelo No Urbanizable de Protección. Interés Ecológico", "_raw_DS_DOCU": "PLAN GENERAL", "_raw_DS_LEY": "CM Ley 9/2001, E Ley 6/1998", "_raw_FC_AC": "2015-10-13", "_raw_NM_AREA_M2": 572722.69809864205, "_cam_code": "029" }, "geometry": { "type": "Polygon", "coordinates": [ [ [ -3.6339, 40.8458 ], [ -3.6361, 40.8469 ], [ -3.6367, 40.8476 ], [ -3.6403, 40.8496 ], [ -3.6428, 40.8518 ], [ -3.6449, 40.8487 ], [ -3.6462, 40.8477 ], [ -3.6475, 40.847 ], [ -3.6486, 40.8461 ], [ -3.6502, 40.8437 ], [ -3.6453, 40.8424 ], [ -3.6447, 40.8424 ], [ -3.6392, 40.8465 ], [ -3.639, 40.8465 ], [ -3.6374, 40.8452 ], [ -3.6369, 40.8451 ], [ -3.6369, 40.845 ], [ -3.6366, 40.8455 ], [ -3.6355, 40.8459 ], [ -3.6346, 40.846 ], [ -3.6339, 40.8458 ] ] ] } },
{ "type": "Feature", "properties": { "municipio": "Cabanillas de la Sierra", "clasificacion": "no-urbanizable-protegido", "calificacion": "sin-asignar", "version": "vigente", "fuente": "SIT-CAM WFS — UsoDelSuelo:VPLA_V_CLASIFICACION (https://idem.comunidad.madrid/geosrvg/ows)", "fecha_dato": "2026-05-12", "ambito": "88442", "_raw_CD_SIGLAS": "SNUP", "_raw_DS_CLASIF_GEN": "Suelo No Urbanizable Protegido", "_raw_DS_CLASIF_DET": "Suelo No Urbanizable de Protección. Interés Agropecuario", "_raw_DS_DOCU": "PLAN GENERAL", "_raw_DS_LEY": "CM Ley 9/2001, E Ley 6/1998", "_raw_FC_AC": "2015-10-13", "_raw_NM_AREA_M2": 173500.79401598201, "_cam_code": "029" }, "geometry": { "type": "Polygon", "coordinates": [ [ [ -3.6394, 40.8195 ], [ -3.6412, 40.82 ], [ -3.6415, 40.8207 ], [ -3.6416, 40.8214 ], [ -3.6441, 40.8217 ], [ -3.6442, 40.8218 ], [ -3.6448, 40.8212 ], [ -3.6446, 40.8211 ], [ -3.6446, 40.8206 ], [ -3.6447, 40.8205 ], [ -3.6446, 40.8203 ], [ -3.6439, 40.8198 ], [ -3.6439, 40.8195 ], [ -3.6436, 40.8191 ], [ -3.6434, 40.819 ], [ -3.6431, 40.8194 ], [ -3.6421, 40.8193 ], [ -3.6411, 40.8191 ], [ -3.6406, 40.8187 ], [ -3.6403, 40.8179 ], [ -3.6403, 40.8168 ], [ -3.6402, 40.8167 ], [ -3.6401, 40.8156 ], [ -3.6398, 40.8149 ], [ -3.6395, 40.8147 ], [ -3.6389, 40.8148 ], [ -3.6382, 40.8155 ], [ -3.6378, 40.8162 ], [ -3.6376, 40.8169 ], [ -3.6374, 40.817 ], [ -3.6373, 40.8173 ], [ -3.6367, 40.8179 ], [ -3.6375, 40.818 ], [ -3.6386, 40.8187 ], [ -3.6394, 40.8195 ] ] ] } },
{ "type": "Feature", "properties": { "municipio": "Cabanillas de la Sierra", "clasificacion": "no-urbanizable-protegido", "calificacion": "sin-asignar", "version": "vigente", "fuente": "SIT-CAM WFS — UsoDelSuelo:VPLA_V_CLASIFICACION (https://idem.comunidad.madrid/geosrvg/ows)", "fecha_dato": "2026-05-12", "ambito": "88442", "_raw_CD_SIGLAS": "SNUP", "_raw_DS_CLASIF_GEN": "Suelo No Urbanizable Protegido", "_raw_DS_CLASIF_DET": "Suelo No Urbanizable de Protección. Interés Agropecuario", "_raw_DS_DOCU": "PLAN GENERAL", "_raw_DS_LEY": "CM Ley 9/2001, E Ley 6/1998", "_raw_FC_AC": "2015-10-13", "_raw_NM_AREA_M2": 932.97039585321897, "_cam_code": "029" }, "geometry": { "type": "Polygon", "coordinates": [ [ [ -3.6424, 40.8216 ], [ -3.6426, 40.8217 ], [ -3.6442, 40.822 ], [ -3.6437, 40.8218 ], [ -3.6424, 40.8216 ] ] ] } },
{ "type": "Feature", "properties": { "municipio": "Cabanillas de la Sierra", "clasificacion": "no-urbanizable-protegido", "calificacion": "sin-asignar", "version": "vigente", "fuente": "SIT-CAM WFS — UsoDelSuelo:VPLA_V_CLASIFICACION (https://idem.comunidad.madrid/geosrvg/ows)", "fecha_dato": "2026-05-12", "ambito": "88442", "_raw_CD_SIGLAS": "SNUP", "_raw_DS_CLASIF_GEN": "Suelo No Urbanizable Protegido", "_raw_DS_CLASIF_DET": "Suelo No Urbanizable de Protección. Interés Agropecuario", "_raw_DS_DOCU": "PLAN GENERAL", "_raw_DS_LEY": "CM Ley 9/2001, E Ley 6/1998", "_raw_FC_AC": "2015-10-13", "_raw_NM_AREA_M2": 3515.6896190487601, "_cam_code": "029" }, "geometry": { "type": "Polygon", "coordinates": [ [ [ -3.6497, 40.8227 ], [ -3.6499, 40.8228 ], [ -3.6507, 40.8238 ], [ -3.6512, 40.8241 ], [ -3.6517, 40.8242 ], [ -3.6518, 40.8241 ], [ -3.6509, 40.8238 ], [ -3.6499, 40.8227 ], [ -3.6497, 40.8227 ] ] ] } },
{ "type": "Feature", "properties": { "municipio": "Cabanillas de la Sierra", "clasificacion": "no-urbanizable-protegido", "calificacion": "sin-asignar", "version": "vigente", "fuente": "SIT-CAM WFS — UsoDelSuelo:VPLA_V_CLASIFICACION (https://idem.comunidad.madrid/geosrvg/ows)", "fecha_dato": "2026-05-12", "ambito": "88442", "_raw_CD_SIGLAS": "SNUP", "_raw_DS_CLASIF_GEN": "Suelo No Urbanizable Protegido", "_raw_DS_CLASIF_DET": "Suelo No Urbanizable de Protección. Interés Agropecuario", "_raw_DS_DOCU": "PLAN GENERAL", "_raw_DS_LEY": "CM Ley 9/2001, E Ley 6/1998", "_raw_FC_AC": "2015-10-13", "_raw_NM_AREA_M2": 28052.075880406799, "_cam_code": "029" }, "geometry": { "type": "Polygon", "coordinates": [ [ [ -3.6503, 40.8247 ], [ -3.6514, 40.8252 ], [ -3.6517, 40.8243 ], [ -3.6514, 40.8243 ], [ -3.6507, 40.824 ], [ -3.6501, 40.8234 ], [ -3.6498, 40.8229 ], [ -3.6495, 40.8227 ], [ -3.6495, 40.8228 ], [ -3.6481, 40.8227 ], [ -3.6483, 40.8233 ], [ -3.6489, 40.8233 ], [ -3.649, 40.8235 ], [ -3.6495, 40.8237 ], [ -3.6497, 40.8242 ], [ -3.6499, 40.8243 ], [ -3.6499, 40.8245 ], [ -3.6497, 40.8247 ], [ -3.6503, 40.8247 ] ] ] } },
{ "type": "Feature", "properties": { "municipio": "Cabanillas de la Sierra", "clasificacion": "no-urbanizable-protegido", "calificacion": "sin-asignar", "version": "vigente", "fuente": "SIT-CAM WFS — UsoDelSuelo:VPLA_V_CLASIFICACION (https://idem.comunidad.madrid/geosrvg/ows)", "fecha_dato": "2026-05-12", "ambito": "88442", "_raw_CD_SIGLAS": "SNUP", "_raw_DS_CLASIF_GEN": "Suelo No Urbanizable Protegido", "_raw_DS_CLASIF_DET": "Suelo No Urbanizable de Protección. Interés Agropecuario", "_raw_DS_DOCU": "PLAN GENERAL", "_raw_DS_LEY": "CM Ley 9/2001, E Ley 6/1998", "_raw_FC_AC": "2015-10-13", "_raw_NM_AREA_M2": 68605.101013461201, "_cam_code": "029" }, "geometry": { "type": "Polygon", "coordinates": [ [ [ -3.6329, 40.8355 ], [ -3.6361, 40.8366 ], [ -3.6362, 40.8368 ], [ -3.6361, 40.8373 ], [ -3.6369, 40.8375 ], [ -3.6372, 40.8377 ], [ -3.6376, 40.8373 ], [ -3.6377, 40.8369 ], [ -3.637, 40.8359 ], [ -3.6363, 40.8355 ], [ -3.633, 40.8342 ], [ -3.6324, 40.8336 ], [ -3.6324, 40.8338 ], [ -3.6323, 40.8338 ], [ -3.6324, 40.8344 ], [ -3.6316, 40.8347 ], [ -3.6329, 40.8355 ] ] ] } },
{ "type": "Feature", "properties": { "municipio": "Cabanillas de la Sierra", "clasificacion": "no-urbanizable-protegido", "calificacion": "sin-asignar", "version": "vigente", "fuente": "SIT-CAM WFS — UsoDelSuelo:VPLA_V_CLASIFICACION (https://idem.comunidad.madrid/geosrvg/ows)", "fecha_dato": "2026-05-12", "ambito": "88442", "_raw_CD_SIGLAS": "SNUP", "_raw_DS_CLASIF_GEN": "Suelo No Urbanizable Protegido", "_raw_DS_CLASIF_DET": "Suelo No Urbanizable de Protección. Interés Agropecuario", "_raw_DS_DOCU": "PLAN GENERAL", "_raw_DS_LEY": "CM Ley 9/2001, E Ley 6/1998", "_raw_FC_AC": "2015-10-13", "_raw_NM_AREA_M2": 48332.229494319297, "_cam_code": "029" }, "geometry": { "type": "Polygon", "coordinates": [ [ [ -3.6486, 40.8363 ], [ -3.6482, 40.8366 ], [ -3.6486, 40.8373 ], [ -3.6486, 40.8375 ], [ -3.6488, 40.8377 ], [ -3.6496, 40.8377 ], [ -3.6502, 40.8373 ], [ -3.6504, 40.8364 ], [ -3.6509, 40.8353 ], [ -3.6487, 40.8351 ], [ -3.648, 40.8349 ], [ -3.6486, 40.8363 ] ] ] } },
{ "type": "Feature", "properties": { "municipio": "Cabanillas de la Sierra", "clasificacion": "no-urbanizable-protegido", "calificacion": "sin-asignar", "version": "vigente", "fuente": "SIT-CAM WFS — UsoDelSuelo:VPLA_V_CLASIFICACION (https://idem.comunidad.madrid/geosrvg/ows)", "fecha_dato": "2026-05-12", "ambito": "88442", "_raw_CD_SIGLAS": "SNUP", "_raw_DS_CLASIF_GEN": "Suelo No Urbanizable Protegido", "_raw_DS_CLASIF_DET": "Suelo No Urbanizable de Protección. Montes Preservados", "_raw_DS_DOCU": "PLAN GENERAL", "_raw_DS_LEY": "CM Ley 9/2001, E Ley 6/1998", "_raw_FC_AC": "2015-10-13", "_raw_NM_AREA_M2": 206919.46262835199, "_cam_code": "029" }, "geometry": { "type": "Polygon", "coordinates": [ [ [ -3.6294, 40.8212 ], [ -3.6286, 40.8214 ], [ -3.6286, 40.8215 ], [ -3.6322, 40.8213 ], [ -3.6323, 40.8212 ], [ -3.6334, 40.8212 ], [ -3.6335, 40.8211 ], [ -3.6354, 40.8211 ], [ -3.6372, 40.8213 ], [ -3.6407, 40.8212 ], [ -3.6416, 40.8214 ], [ -3.6415, 40.8207 ], [ -3.6412, 40.82 ], [ -3.6394, 40.8195 ], [ -3.6386, 40.8187 ], [ -3.6375, 40.818 ], [ -3.637, 40.8179 ], [ -3.6367, 40.8179 ], [ -3.6363, 40.8185 ], [ -3.6347, 40.8188 ], [ -3.6326, 40.82 ], [ -3.6309, 40.8205 ], [ -3.6305, 40.8205 ], [ -3.6305, 40.8206 ], [ -3.6294, 40.8212 ] ] ] } },
{ "type": "Feature", "properties": { "municipio": "Cabanillas de la Sierra", "clasificacion": "no-urbanizable-protegido", "calificacion": "sin-asignar", "version": "vigente", "fuente": "SIT-CAM WFS — UsoDelSuelo:VPLA_V_CLASIFICACION (https://idem.comunidad.madrid/geosrvg/ows)", "fecha_dato": "2026-05-12", "ambito": "88442", "_raw_CD_SIGLAS": "SNUP", "_raw_DS_CLASIF_GEN": "Suelo No Urbanizable Protegido", "_raw_DS_CLASIF_DET": "Suelo No Urbanizable de Protección. Montes Preservados", "_raw_DS_DOCU": "PLAN GENERAL", "_raw_DS_LEY": "CM Ley 9/2001, E Ley 6/1998", "_raw_FC_AC": "2015-10-13", "_raw_NM_AREA_M2": 8981.9699527329103, "_cam_code": "029" }, "geometry": { "type": "Polygon", "coordinates": [ [ [ -3.6089, 40.8233 ], [ -3.6101, 40.8233 ], [ -3.6112, 40.8231 ], [ -3.611, 40.8228 ], [ -3.6096, 40.8228 ], [ -3.6088, 40.823 ], [ -3.6087, 40.8231 ], [ -3.6089, 40.8233 ] ] ] } },
{ "type": "Feature", "properties": { "municipio": "Cabanillas de la Sierra", "clasificacion": "no-urbanizable-protegido", "calificacion": "sin-asignar", "version": "vigente", "fuente": "SIT-CAM WFS — UsoDelSuelo:VPLA_V_CLASIFICACION (https://idem.comunidad.madrid/geosrvg/ows)", "fecha_dato": "2026-05-12", "ambito": "88442", "_raw_CD_SIGLAS": "SNUP", "_raw_DS_CLASIF_GEN": "Suelo No Urbanizable Protegido", "_raw_DS_CLASIF_DET": "Suelo No Urbanizable de Protección. Montes Preservados", "_raw_DS_DOCU": "PLAN GENERAL", "_raw_DS_LEY": "CM Ley 9/2001, E Ley 6/1998", "_raw_FC_AC": "2015-10-13", "_raw_NM_AREA_M2": 117633.40507295899, "_cam_code": "029" }, "geometry": { "type": "Polygon", "coordinates": [ [ [ -3.6499, 40.8227 ], [ -3.6509, 40.8238 ], [ -3.6518, 40.8241 ], [ -3.6521, 40.8231 ], [ -3.6523, 40.8229 ], [ -3.6526, 40.8221 ], [ -3.6532, 40.8212 ], [ -3.6536, 40.8203 ], [ -3.6538, 40.8194 ], [ -3.6548, 40.8177 ], [ -3.6547, 40.8176 ], [ -3.6545, 40.8147 ], [ -3.6529, 40.8157 ], [ -3.6523, 40.8159 ], [ -3.6527, 40.8161 ], [ -3.6529, 40.8165 ], [ -3.6528, 40.8169 ], [ -3.653, 40.8176 ], [ -3.6537, 40.8182 ], [ -3.6536, 40.8191 ], [ -3.6532, 40.8202 ], [ -3.6529, 40.82 ], [ -3.6522, 40.82 ], [ -3.6515, 40.8202 ], [ -3.6516, 40.8214 ], [ -3.6514, 40.8218 ], [ -3.6509, 40.8224 ], [ -3.6502, 40.8227 ], [ -3.6499, 40.8227 ] ] ] } },
{ "type": "Feature", "properties": { "municipio": "Cabanillas de la Sierra", "clasificacion": "no-urbanizable-protegido", "calificacion": "sin-asignar", "version": "vigente", "fuente": "SIT-CAM WFS — UsoDelSuelo:VPLA_V_CLASIFICACION (https://idem.comunidad.madrid/geosrvg/ows)", "fecha_dato": "2026-05-12", "ambito": "88442", "_raw_CD_SIGLAS": "SNUP", "_raw_DS_CLASIF_GEN": "Suelo No Urbanizable Protegido", "_raw_DS_CLASIF_DET": "Suelo No Urbanizable de Protección. Interés Agropecuario", "_raw_DS_DOCU": "PLAN GENERAL", "_raw_DS_LEY": "CM Ley 9/2001, E Ley 6/1998", "_raw_FC_AC": "2015-10-13", "_raw_NM_AREA_M2": 627986.65126918699, "_cam_code": "029" }, "geometry": { "type": "Polygon", "coordinates": [ [ [ -3.6408, 40.8304 ], [ -3.6422, 40.8308 ], [ -3.6439, 40.8308 ], [ -3.6471, 40.8311 ], [ -3.6471, 40.8305 ], [ -3.6469, 40.8297 ], [ -3.6507, 40.8299 ], [ -3.653, 40.8298 ], [ -3.6529, 40.8295 ], [ -3.6529, 40.8286 ], [ -3.653, 40.8284 ], [ -3.6529, 40.8282 ], [ -3.6523, 40.8282 ], [ -3.6495, 40.8291 ], [ -3.6477, 40.8293 ], [ -3.6434, 40.8294 ], [ -3.6404, 40.8292 ], [ -3.6397, 40.8289 ], [ -3.6389, 40.828 ], [ -3.64, 40.827 ], [ -3.6415, 40.8261 ], [ -3.6428, 40.8247 ], [ -3.6435, 40.8243 ], [ -3.6443, 40.8241 ], [ -3.6459, 40.8242 ], [ -3.646, 40.824 ], [ -3.6444, 40.8223 ], [ -3.6416, 40.8217 ], [ -3.6416, 40.8219 ], [ -3.6411, 40.8224 ], [ -3.6399, 40.8234 ], [ -3.6394, 40.8236 ], [ -3.6393, 40.8236 ], [ -3.6392, 40.8233 ], [ -3.6392, 40.8226 ], [ -3.6377, 40.8225 ], [ -3.6372, 40.8222 ], [ -3.6367, 40.8222 ], [ -3.636, 40.8225 ], [ -3.6354, 40.8235 ], [ -3.6354, 40.8242 ], [ -3.6358, 40.825 ], [ -3.6359, 40.8255 ], [ -3.6347, 40.8263 ], [ -3.6349, 40.8269 ], [ -3.6345, 40.8277 ], [ -3.6344, 40.8285 ], [ -3.6353, 40.829 ], [ -3.6355, 40.829 ], [ -3.6355, 40.8291 ], [ -3.6358, 40.8291 ], [ -3.6358, 40.8292 ], [ -3.6368, 40.8295 ], [ -3.6373, 40.831 ], [ -3.6384, 40.8309 ], [ -3.6399, 40.8306 ], [ -3.6403, 40.8304 ], [ -3.6408, 40.8304 ] ] ] } },
{ "type": "Feature", "properties": { "municipio": "Cabanillas de la Sierra", "clasificacion": "no-urbanizable-protegido", "calificacion": "sin-asignar", "version": "vigente", "fuente": "SIT-CAM WFS — UsoDelSuelo:VPLA_V_CLASIFICACION (https://idem.comunidad.madrid/geosrvg/ows)", "fecha_dato": "2026-05-12", "ambito": "88442", "_raw_CD_SIGLAS": "SNUP", "_raw_DS_CLASIF_GEN": "Suelo No Urbanizable Protegido", "_raw_DS_CLASIF_DET": "Suelo No Urbanizable de Protección. Infraestructuras. Valores Históricos", "_raw_DS_DOCU": "PLAN GENERAL", "_raw_DS_LEY": "CM Ley 9/2001, E Ley 6/1998", "_raw_FC_AC": "2015-10-13", "_raw_NM_AREA_M2": 225.56220659746299, "_cam_code": "029" }, "geometry": { "type": "Polygon", "coordinates": [ [ [ -3.6281, 40.8341 ], [ -3.6279, 40.8342 ], [ -3.6282, 40.8343 ], [ -3.6281, 40.8341 ] ] ] } },
{ "type": "Feature", "properties": { "municipio": "Cabanillas de la Sierra", "clasificacion": "no-urbanizable-protegido", "calificacion": "sin-asignar", "version": "vigente", "fuente": "SIT-CAM WFS — UsoDelSuelo:VPLA_V_CLASIFICACION (https://idem.comunidad.madrid/geosrvg/ows)", "fecha_dato": "2026-05-12", "ambito": "88442", "_raw_CD_SIGLAS": "SNUP", "_raw_DS_CLASIF_GEN": "Suelo No Urbanizable Protegido", "_raw_DS_CLASIF_DET": "Suelo No Urbanizable de Protección. Infraestructuras. Vías Pecuarias", "_raw_DS_DOCU": "PLAN GENERAL", "_raw_DS_LEY": "CM Ley 9/2001, E Ley 6/1998", "_raw_FC_AC": "2015-10-13", "_raw_NM_AREA_M2": 1013.00024003671, "_cam_code": "029" }, "geometry": { "type": "Polygon", "coordinates": [ [ [ -3.6198, 40.8093 ], [ -3.6196, 40.8093 ], [ -3.6194, 40.8095 ], [ -3.6193, 40.8099 ], [ -3.6195, 40.8098 ], [ -3.6198, 40.8093 ] ] ] } },
{ "type": "Feature", "properties": { "municipio": "Cabanillas de la Sierra", "clasificacion": "no-urbanizable-protegido", "calificacion": "sin-asignar", "version": "vigente", "fuente": "SIT-CAM WFS — UsoDelSuelo:VPLA_V_CLASIFICACION (https://idem.comunidad.madrid/geosrvg/ows)", "fecha_dato": "2026-05-12", "ambito": "88442", "_raw_CD_SIGLAS": "SNUP", "_raw_DS_CLASIF_GEN": "Suelo No Urbanizable Protegido", "_raw_DS_CLASIF_DET": "Suelo No Urbanizable de Protección. Infraestructuras. Vías Pecuarias", "_raw_DS_DOCU": "PLAN GENERAL", "_raw_DS_LEY": "CM Ley 9/2001, E Ley 6/1998", "_raw_FC_AC": "2015-10-13", "_raw_NM_AREA_M2": 3374.9095288542799, "_cam_code": "029" }, "geometry": { "type": "Polygon", "coordinates": [ [ [ -3.6152, 40.8195 ], [ -3.6151, 40.8202 ], [ -3.6155, 40.8204 ], [ -3.6157, 40.8197 ], [ -3.6152, 40.8195 ] ] ] } },
{ "type": "Feature", "properties": { "municipio": "Cabanillas de la Sierra", "clasificacion": "no-urbanizable-protegido", "calificacion": "sin-asignar", "version": "vigente", "fuente": "SIT-CAM WFS — UsoDelSuelo:VPLA_V_CLASIFICACION (https://idem.comunidad.madrid/geosrvg/ows)", "fecha_dato": "2026-05-12", "ambito": "88442", "_raw_CD_SIGLAS": "SNUP", "_raw_DS_CLASIF_GEN": "Suelo No Urbanizable Protegido", "_raw_DS_CLASIF_DET": "Suelo No Urbanizable de Protección. Infraestructuras. Vías Pecuarias", "_raw_DS_DOCU": "PLAN GENERAL", "_raw_DS_LEY": "CM Ley 9/2001, E Ley 6/1998", "_raw_FC_AC": "2015-10-13", "_raw_NM_AREA_M2": 174.449346009056, "_cam_code": "029" }, "geometry": { "type": "Polygon", "coordinates": [ [ [ -3.6416, 40.8215 ], [ -3.6419, 40.8216 ], [ -3.6424, 40.8216 ], [ -3.642, 40.8215 ], [ -3.6416, 40.8215 ] ] ] } },
{ "type": "Feature", "properties": { "municipio": "Cabanillas de la Sierra", "clasificacion": "no-urbanizable-protegido", "calificacion": "sin-asignar", "version": "vigente", "fuente": "SIT-CAM WFS — UsoDelSuelo:VPLA_V_CLASIFICACION (https://idem.comunidad.madrid/geosrvg/ows)", "fecha_dato": "2026-05-12", "ambito": "88442", "_raw_CD_SIGLAS": "SNUP", "_raw_DS_CLASIF_GEN": "Suelo No Urbanizable Protegido", "_raw_DS_CLASIF_DET": "Suelo No Urbanizable de Protección. Infraestructuras. Vías Pecuarias", "_raw_DS_DOCU": "PLAN GENERAL", "_raw_DS_LEY": "CM Ley 9/2001, E Ley 6/1998", "_raw_FC_AC": "2015-10-13", "_raw_NM_AREA_M2": 10304.826625354201, "_cam_code": "029" }, "geometry": { "type": "Polygon", "coordinates": [ [ [ -3.621, 40.8388 ], [ -3.6215, 40.8389 ], [ -3.6219, 40.8377 ], [ -3.6225, 40.8368 ], [ -3.6239, 40.836 ], [ -3.6241, 40.836 ], [ -3.6243, 40.8357 ], [ -3.6227, 40.8364 ], [ -3.6213, 40.8379 ], [ -3.621, 40.8388 ] ] ] } },
{ "type": "Feature", "properties": { "municipio": "Cabanillas de la Sierra", "clasificacion": "no-urbanizable-protegido", "calificacion": "sin-asignar", "version": "vigente", "fuente": "SIT-CAM WFS — UsoDelSuelo:VPLA_V_CLASIFICACION (https://idem.comunidad.madrid/geosrvg/ows)", "fecha_dato": "2026-05-12", "ambito": "88442", "_raw_CD_SIGLAS": "SNUP", "_raw_DS_CLASIF_GEN": "Suelo No Urbanizable Protegido", "_raw_DS_CLASIF_DET": "Suelo No Urbanizable de Protección. Infraestructuras. Vías Pecuarias", "_raw_DS_DOCU": "PLAN GENERAL", "_raw_DS_LEY": "CM Ley 9/2001, E Ley 6/1998", "_raw_FC_AC": "2015-10-13", "_raw_NM_AREA_M2": 5388.1183084997601, "_cam_code": "029" }, "geometry": { "type": "Polygon", "coordinates": [ [ [ -3.6377, 40.8368 ], [ -3.6424, 40.8402 ], [ -3.6426, 40.8402 ], [ -3.6406, 40.8387 ], [ -3.6403, 40.8386 ], [ -3.64, 40.8383 ], [ -3.6378, 40.8368 ], [ -3.6377, 40.8368 ] ] ] } },
{ "type": "Feature", "properties": { "municipio": "Cabanillas de la Sierra", "clasificacion": "no-urbanizable-protegido", "calificacion": "sin-asignar", "version": "vigente", "fuente": "SIT-CAM WFS — UsoDelSuelo:VPLA_V_CLASIFICACION (https://idem.comunidad.madrid/geosrvg/ows)", "fecha_dato": "2026-05-12", "ambito": "88442", "_raw_CD_SIGLAS": "SNUP", "_raw_DS_CLASIF_GEN": "Suelo No Urbanizable Protegido", "_raw_DS_CLASIF_DET": "Suelo No Urbanizable de Protección. Infraestructuras. Vías Pecuarias", "_raw_DS_DOCU": "PLAN GENERAL", "_raw_DS_LEY": "CM Ley 9/2001, E Ley 6/1998", "_raw_FC_AC": "2015-10-13", "_raw_NM_AREA_M2": 1380.2445222901699, "_cam_code": "029" }, "geometry": { "type": "Polygon", "coordinates": [ [ [ -3.6448, 40.8421 ], [ -3.6452, 40.8424 ], [ -3.6454, 40.8424 ], [ -3.6454, 40.8425 ], [ -3.646, 40.8426 ], [ -3.6462, 40.8425 ], [ -3.6455, 40.8424 ], [ -3.6451, 40.8421 ], [ -3.6448, 40.8421 ] ] ] } },
{ "type": "Feature", "properties": { "municipio": "Cabanillas de la Sierra", "clasificacion": "no-urbanizable-protegido", "calificacion": "sin-asignar", "version": "vigente", "fuente": "SIT-CAM WFS — UsoDelSuelo:VPLA_V_CLASIFICACION (https://idem.comunidad.madrid/geosrvg/ows)", "fecha_dato": "2026-05-12", "ambito": "88442", "_raw_CD_SIGLAS": "SNUP", "_raw_DS_CLASIF_GEN": "Suelo No Urbanizable Protegido", "_raw_DS_CLASIF_DET": "Suelo No Urbanizable de Protección. Infraestructuras. Vías Pecuarias. Montes Preservados", "_raw_DS_DOCU": "PLAN GENERAL", "_raw_DS_LEY": "CM Ley 9/2001, E Ley 6/1998", "_raw_FC_AC": "2015-10-13", "_raw_NM_AREA_M2": 31.340826121826801, "_cam_code": "029" }, "geometry": { "type": "Polygon", "coordinates": [ [ [ -3.6416, 40.8215 ], [ -3.6415, 40.8215 ], [ -3.6416, 40.8215 ], [ -3.6416, 40.8215 ] ] ] } },
{ "type": "Feature", "properties": { "municipio": "Cabanillas de la Sierra", "clasificacion": "no-urbanizable-protegido", "calificacion": "sin-asignar", "version": "vigente", "fuente": "SIT-CAM WFS — UsoDelSuelo:VPLA_V_CLASIFICACION (https://idem.comunidad.madrid/geosrvg/ows)", "fecha_dato": "2026-05-12", "ambito": "88442", "_raw_CD_SIGLAS": "SNUP", "_raw_DS_CLASIF_GEN": "Suelo No Urbanizable Protegido", "_raw_DS_CLASIF_DET": "Suelo No Urbanizable de Protección. Infraestructuras. Vías Pecuarias. Montes Preservados", "_raw_DS_DOCU": "PLAN GENERAL", "_raw_DS_LEY": "CM Ley 9/2001, E Ley 6/1998", "_raw_FC_AC": "2015-10-13", "_raw_NM_AREA_M2": 12432.739472757999, "_cam_code": "029" }, "geometry": { "type": "Polygon", "coordinates": [ [ [ -3.6202, 40.8407 ], [ -3.6209, 40.8408 ], [ -3.6214, 40.8395 ], [ -3.6215, 40.8389 ], [ -3.621, 40.8388 ], [ -3.6202, 40.8407 ] ] ] } },
{ "type": "Feature", "properties": { "municipio": "Cabanillas de la Sierra", "clasificacion": "no-urbanizable-protegido", "calificacion": "sin-asignar", "version": "vigente", "fuente": "SIT-CAM WFS — UsoDelSuelo:VPLA_V_CLASIFICACION (https://idem.comunidad.madrid/geosrvg/ows)", "fecha_dato": "2026-05-12", "ambito": "88442", "_raw_CD_SIGLAS": "SNUP", "_raw_DS_CLASIF_GEN": "Suelo No Urbanizable Protegido", "_raw_DS_CLASIF_DET": "Suelo No Urbanizable de Protección. Interés Agropecuario", "_raw_DS_DOCU": "PLAN GENERAL", "_raw_DS_LEY": "CM Ley 9/2001, E Ley 6/1998", "_raw_FC_AC": "2015-10-13", "_raw_NM_AREA_M2": 1087076.6133178701, "_cam_code": "029" }, "geometry": { "type": "Polygon", "coordinates": [ [ [ -3.6451, 40.8206 ], [ -3.645, 40.821 ], [ -3.6454, 40.8207 ], [ -3.646, 40.8207 ], [ -3.647, 40.8199 ], [ -3.6479, 40.8198 ], [ -3.6485, 40.82 ], [ -3.6491, 40.8194 ], [ -3.6497, 40.8192 ], [ -3.651, 40.8195 ], [ -3.6515, 40.8202 ], [ -3.6522, 40.82 ], [ -3.6529, 40.82 ], [ -3.6532, 40.8202 ], [ -3.6536, 40.8191 ], [ -3.6537, 40.8182 ], [ -3.653, 40.8176 ], [ -3.6528, 40.8169 ], [ -3.6529, 40.8165 ], [ -3.6527, 40.8161 ], [ -3.6523, 40.8159 ], [ -3.6529, 40.8157 ], [ -3.6545, 40.8147 ], [ -3.6542, 40.8139 ], [ -3.6541, 40.8131 ], [ -3.6555, 40.81 ], [ -3.6557, 40.8088 ], [ -3.6556, 40.8086 ], [ -3.6572, 40.8077 ], [ -3.6584, 40.8066 ], [ -3.6593, 40.8061 ], [ -3.6592, 40.8052 ], [ -3.6593, 40.805 ], [ -3.6596, 40.8049 ], [ -3.659, 40.8047 ], [ -3.6583, 40.8049 ], [ -3.6578, 40.8052 ], [ -3.6507, 40.8079 ], [ -3.6498, 40.8085 ], [ -3.648, 40.8102 ], [ -3.6469, 40.8116 ], [ -3.6469, 40.8121 ], [ -3.6472, 40.8125 ], [ -3.6477, 40.812 ], [ -3.6479, 40.812 ], [ -3.6479, 40.8123 ], [ -3.6481, 40.8126 ], [ -3.6488, 40.8132 ], [ -3.6479, 40.8141 ], [ -3.6471, 40.814 ], [ -3.6463, 40.8134 ], [ -3.6454, 40.8137 ], [ -3.6451, 40.814 ], [ -3.6451, 40.8139 ], [ -3.6448, 40.814 ], [ -3.6445, 40.8142 ], [ -3.6443, 40.8147 ], [ -3.644, 40.8149 ], [ -3.6438, 40.8149 ], [ -3.6429, 40.8141 ], [ -3.6424, 40.8139 ], [ -3.642, 40.8139 ], [ -3.6415, 40.8142 ], [ -3.6408, 40.8142 ], [ -3.6408, 40.8143 ], [ -3.6403, 40.8144 ], [ -3.6403, 40.8156 ], [ -3.6406, 40.816 ], [ -3.6406, 40.8163 ], [ -3.6407, 40.8163 ], [ -3.6407, 40.8166 ], [ -3.6405, 40.8169 ], [ -3.6414, 40.8164 ], [ -3.6421, 40.8163 ], [ -3.6432, 40.8164 ], [ -3.6437, 40.8169 ], [ -3.6437, 40.8171 ], [ -3.6447, 40.8179 ], [ -3.6439, 40.8185 ], [ -3.6437, 40.8188 ], [ -3.644, 40.8191 ], [ -3.6444, 40.8192 ], [ -3.6445, 40.8194 ], [ -3.6447, 40.8194 ], [ -3.6449, 40.8197 ], [ -3.6449, 40.8202 ], [ -3.645, 40.8202 ], [ -3.6451, 40.8206 ] ] ] } },
{ "type": "Feature", "properties": { "municipio": "Cabanillas de la Sierra", "clasificacion": "no-urbanizable-protegido", "calificacion": "sin-asignar", "version": "vigente", "fuente": "SIT-CAM WFS — UsoDelSuelo:VPLA_V_CLASIFICACION (https://idem.comunidad.madrid/geosrvg/ows)", "fecha_dato": "2026-05-12", "ambito": "88442", "_raw_CD_SIGLAS": "SNUP", "_raw_DS_CLASIF_GEN": "Suelo No Urbanizable Protegido", "_raw_DS_CLASIF_DET": "Suelo No Urbanizable de Protección. Infraestructuras. Valores Históricos", "_raw_DS_DOCU": "PLAN GENERAL", "_raw_DS_LEY": "CM Ley 9/2001, E Ley 6/1998", "_raw_FC_AC": "2015-10-13", "_raw_NM_AREA_M2": 5288.7577055993197, "_cam_code": "029" }, "geometry": { "type": "Polygon", "coordinates": [ [ [ -3.629, 40.8323 ], [ -3.6289, 40.833 ], [ -3.6283, 40.8339 ], [ -3.6285, 40.8341 ], [ -3.6292, 40.8333 ], [ -3.6291, 40.8323 ], [ -3.629, 40.8323 ] ] ] } },
{ "type": "Feature", "properties": { "municipio": "Cabanillas de la Sierra", "clasificacion": "no-urbanizable-protegido", "calificacion": "sin-asignar", "version": "vigente", "fuente": "SIT-CAM WFS — UsoDelSuelo:VPLA_V_CLASIFICACION (https://idem.comunidad.madrid/geosrvg/ows)", "fecha_dato": "2026-05-12", "ambito": "88442", "_raw_CD_SIGLAS": "SNUP", "_raw_DS_CLASIF_GEN": "Suelo No Urbanizable Protegido", "_raw_DS_CLASIF_DET": "Suelo No Urbanizable de Protección. Interés Agropecuario", "_raw_DS_DOCU": "PLAN GENERAL", "_raw_DS_LEY": "CM Ley 9/2001, E Ley 6/1998", "_raw_FC_AC": "2015-10-13", "_raw_NM_AREA_M2": 14179.9264989454, "_cam_code": "029" }, "geometry": { "type": "Polygon", "coordinates": [ [ [ -3.6321, 40.8381 ], [ -3.6311, 40.8382 ], [ -3.631, 40.8395 ], [ -3.6317, 40.8394 ], [ -3.6322, 40.8391 ], [ -3.6323, 40.8388 ], [ -3.6322, 40.8382 ], [ -3.6321, 40.8381 ] ] ] } },
{ "type": "Feature", "properties": { "municipio": "Cabanillas de la Sierra", "clasificacion": "no-urbanizable-protegido", "calificacion": "sin-asignar", "version": "vigente", "fuente": "SIT-CAM WFS — UsoDelSuelo:VPLA_V_CLASIFICACION (https://idem.comunidad.madrid/geosrvg/ows)", "fecha_dato": "2026-05-12", "ambito": "88442", "_raw_CD_SIGLAS": "SNUP", "_raw_DS_CLASIF_GEN": "Suelo No Urbanizable Protegido", "_raw_DS_CLASIF_DET": "Suelo No Urbanizable de Protección. Interés Agropecuario", "_raw_DS_DOCU": "PLAN GENERAL", "_raw_DS_LEY": "CM Ley 9/2001, E Ley 6/1998", "_raw_FC_AC": "2015-10-13", "_raw_NM_AREA_M2": 72170.757950165207, "_cam_code": "029" }, "geometry": { "type": "Polygon", "coordinates": [ [ [ -3.6379, 40.837 ], [ -3.6376, 40.8376 ], [ -3.6377, 40.8388 ], [ -3.6387, 40.8398 ], [ -3.6407, 40.8409 ], [ -3.6423, 40.8401 ], [ -3.6415, 40.8395 ], [ -3.6413, 40.8395 ], [ -3.6406, 40.8391 ], [ -3.64, 40.8384 ], [ -3.6398, 40.8384 ], [ -3.6397, 40.8382 ], [ -3.6391, 40.8379 ], [ -3.6387, 40.8375 ], [ -3.6379, 40.837 ] ] ] } },
{ "type": "Feature", "properties": { "municipio": "Cabanillas de la Sierra", "clasificacion": "no-urbanizable-protegido", "calificacion": "sin-asignar", "version": "vigente", "fuente": "SIT-CAM WFS — UsoDelSuelo:VPLA_V_CLASIFICACION (https://idem.comunidad.madrid/geosrvg/ows)", "fecha_dato": "2026-05-12", "ambito": "88442", "_raw_CD_SIGLAS": "SNUP", "_raw_DS_CLASIF_GEN": "Suelo No Urbanizable Protegido", "_raw_DS_CLASIF_DET": "Suelo No Urbanizable de Protección. Interés Agropecuario", "_raw_DS_DOCU": "PLAN GENERAL", "_raw_DS_LEY": "CM Ley 9/2001, E Ley 6/1998", "_raw_FC_AC": "2015-10-13", "_raw_NM_AREA_M2": 99972.614365221103, "_cam_code": "029" }, "geometry": { "type": "Polygon", "coordinates": [ [ [ -3.6348, 40.8429 ], [ -3.6353, 40.8433 ], [ -3.6362, 40.8435 ], [ -3.6365, 40.8437 ], [ -3.6367, 40.8436 ], [ -3.6374, 40.8427 ], [ -3.6377, 40.8429 ], [ -3.638, 40.8425 ], [ -3.6377, 40.8421 ], [ -3.6367, 40.842 ], [ -3.6355, 40.8412 ], [ -3.6329, 40.8399 ], [ -3.6329, 40.8398 ], [ -3.6323, 40.8396 ], [ -3.6318, 40.8396 ], [ -3.6313, 40.8399 ], [ -3.6311, 40.8404 ], [ -3.6311, 40.8416 ], [ -3.6318, 40.842 ], [ -3.633, 40.8416 ], [ -3.6336, 40.8416 ], [ -3.6336, 40.8415 ], [ -3.6339, 40.8415 ], [ -3.6339, 40.8414 ], [ -3.6351, 40.8415 ], [ -3.6352, 40.8417 ], [ -3.6347, 40.8424 ], [ -3.6348, 40.8429 ] ] ] } },
{ "type": "Feature", "properties": { "municipio": "Cabanillas de la Sierra", "clasificacion": "no-urbanizable-protegido", "calificacion": "sin-asignar", "version": "vigente", "fuente": "SIT-CAM WFS — UsoDelSuelo:VPLA_V_CLASIFICACION (https://idem.comunidad.madrid/geosrvg/ows)", "fecha_dato": "2026-05-12", "ambito": "88442", "_raw_CD_SIGLAS": "SNUP", "_raw_DS_CLASIF_GEN": "Suelo No Urbanizable Protegido", "_raw_DS_CLASIF_DET": "Suelo No Urbanizable de Protección. Interés Ecológico", "_raw_DS_DOCU": "PLAN GENERAL", "_raw_DS_LEY": "CM Ley 9/2001, E Ley 6/1998", "_raw_FC_AC": "2015-10-13", "_raw_NM_AREA_M2": 3832.37730025478, "_cam_code": "029" }, "geometry": { "type": "Polygon", "coordinates": [ [ [ -3.62, 40.8087 ], [ -3.6198, 40.8093 ], [ -3.6209, 40.809 ], [ -3.6209, 40.8087 ], [ -3.62, 40.8087 ] ] ] } },
{ "type": "Feature", "properties": { "municipio": "Cabanillas de la Sierra", "clasificacion": "no-urbanizable-protegido", "calificacion": "sin-asignar", "version": "vigente", "fuente": "SIT-CAM WFS — UsoDelSuelo:VPLA_V_CLASIFICACION (https://idem.comunidad.madrid/geosrvg/ows)", "fecha_dato": "2026-05-12", "ambito": "88442", "_raw_CD_SIGLAS": "SNUP", "_raw_DS_CLASIF_GEN": "Suelo No Urbanizable Protegido", "_raw_DS_CLASIF_DET": "Suelo No Urbanizable de Protección. Interés Ecológico", "_raw_DS_DOCU": "PLAN GENERAL", "_raw_DS_LEY": "CM Ley 9/2001, E Ley 6/1998", "_raw_FC_AC": "2015-10-13", "_raw_NM_AREA_M2": 3254.9518703664799, "_cam_code": "029" }, "geometry": { "type": "Polygon", "coordinates": [ [ [ -3.6207, 40.8093 ], [ -3.62, 40.8094 ], [ -3.6196, 40.8096 ], [ -3.6196, 40.8098 ], [ -3.6202, 40.81 ], [ -3.6202, 40.8097 ], [ -3.6207, 40.8093 ] ] ] } },
{ "type": "Feature", "properties": { "municipio": "Cabanillas de la Sierra", "clasificacion": "no-urbanizable-protegido", "calificacion": "sin-asignar", "version": "vigente", "fuente": "SIT-CAM WFS — UsoDelSuelo:VPLA_V_CLASIFICACION (https://idem.comunidad.madrid/geosrvg/ows)", "fecha_dato": "2026-05-12", "ambito": "88442", "_raw_CD_SIGLAS": "SNUP", "_raw_DS_CLASIF_GEN": "Suelo No Urbanizable Protegido", "_raw_DS_CLASIF_DET": "Suelo No Urbanizable de Protección. Interés Ecológico", "_raw_DS_DOCU": "PLAN GENERAL", "_raw_DS_LEY": "CM Ley 9/2001, E Ley 6/1998", "_raw_FC_AC": "2015-10-13", "_raw_NM_AREA_M2": 16281.921775133, "_cam_code": "029" }, "geometry": { "type": "Polygon", "coordinates": [ [ [ -3.6205, 40.8096 ], [ -3.6206, 40.8101 ], [ -3.6214, 40.8099 ], [ -3.6217, 40.81 ], [ -3.6224, 40.8092 ], [ -3.6223, 40.8085 ], [ -3.6213, 40.8086 ], [ -3.6214, 40.809 ], [ -3.621, 40.8094 ], [ -3.6205, 40.8096 ] ] ] } },
{ "type": "Feature", "properties": { "municipio": "Cabanillas de la Sierra", "clasificacion": "no-urbanizable-protegido", "calificacion": "sin-asignar", "version": "vigente", "fuente": "SIT-CAM WFS — UsoDelSuelo:VPLA_V_CLASIFICACION (https://idem.comunidad.madrid/geosrvg/ows)", "fecha_dato": "2026-05-12", "ambito": "88442", "_raw_CD_SIGLAS": "SNUP", "_raw_DS_CLASIF_GEN": "Suelo No Urbanizable Protegido", "_raw_DS_CLASIF_DET": "Suelo No Urbanizable de Protección. Interés Ecológico", "_raw_DS_DOCU": "PLAN GENERAL", "_raw_DS_LEY": "CM Ley 9/2001, E Ley 6/1998", "_raw_FC_AC": "2015-10-13", "_raw_NM_AREA_M2": 691373.66219190205, "_cam_code": "029" }, "geometry": { "type": "Polygon", "coordinates": [ [ [ -3.641, 40.811 ], [ -3.6422, 40.8114 ], [ -3.6426, 40.8118 ], [ -3.6427, 40.8122 ], [ -3.6441, 40.8113 ], [ -3.646, 40.8104 ], [ -3.6469, 40.8096 ], [ -3.6502, 40.8075 ], [ -3.6515, 40.8068 ], [ -3.6566, 40.8049 ], [ -3.6566, 40.8047 ], [ -3.6525, 40.8037 ], [ -3.651, 40.8011 ], [ -3.6498, 40.8023 ], [ -3.6486, 40.8028 ], [ -3.6466, 40.804 ], [ -3.6442, 40.8051 ], [ -3.6421, 40.8067 ], [ -3.6401, 40.808 ], [ -3.639, 40.8104 ], [ -3.6393, 40.8107 ], [ -3.6394, 40.811 ], [ -3.6386, 40.8116 ], [ -3.6387, 40.8118 ], [ -3.6395, 40.8112 ], [ -3.641, 40.811 ] ] ] } },
{ "type": "Feature", "properties": { "municipio": "Cabanillas de la Sierra", "clasificacion": "no-urbanizable-protegido", "calificacion": "sin-asignar", "version": "vigente", "fuente": "SIT-CAM WFS — UsoDelSuelo:VPLA_V_CLASIFICACION (https://idem.comunidad.madrid/geosrvg/ows)", "fecha_dato": "2026-05-12", "ambito": "88442", "_raw_CD_SIGLAS": "SNUP", "_raw_DS_CLASIF_GEN": "Suelo No Urbanizable Protegido", "_raw_DS_CLASIF_DET": "Suelo No Urbanizable de Protección. Interés Ecológico", "_raw_DS_DOCU": "PLAN GENERAL", "_raw_DS_LEY": "CM Ley 9/2001, E Ley 6/1998", "_raw_FC_AC": "2015-10-13", "_raw_NM_AREA_M2": 37.155262829380298, "_cam_code": "029" }, "geometry": { "type": "Polygon", "coordinates": [ [ [ -3.6189, 40.8131 ], [ -3.6189, 40.8132 ], [ -3.619, 40.813 ], [ -3.6189, 40.8131 ] ] ] } },
{ "type": "Feature", "properties": { "municipio": "Cabanillas de la Sierra", "clasificacion": "no-urbanizable-protegido", "calificacion": "sin-asignar", "version": "vigente", "fuente": "SIT-CAM WFS — UsoDelSuelo:VPLA_V_CLASIFICACION (https://idem.comunidad.madrid/geosrvg/ows)", "fecha_dato": "2026-05-12", "ambito": "88442", "_raw_CD_SIGLAS": "SNUP", "_raw_DS_CLASIF_GEN": "Suelo No Urbanizable Protegido", "_raw_DS_CLASIF_DET": "Suelo No Urbanizable de Protección. Interés Ecológico", "_raw_DS_DOCU": "PLAN GENERAL", "_raw_DS_LEY": "CM Ley 9/2001, E Ley 6/1998", "_raw_FC_AC": "2015-10-13", "_raw_NM_AREA_M2": 8981.5872721892902, "_cam_code": "029" }, "geometry": { "type": "Polygon", "coordinates": [ [ [ -3.6384, 40.8128 ], [ -3.6376, 40.8129 ], [ -3.6375, 40.8132 ], [ -3.6386, 40.8139 ], [ -3.6392, 40.8137 ], [ -3.6391, 40.8135 ], [ -3.6385, 40.8131 ], [ -3.6384, 40.8128 ] ] ] } },
{ "type": "Feature", "properties": { "municipio": "Cabanillas de la Sierra", "clasificacion": "no-urbanizable-protegido", "calificacion": "sin-asignar", "version": "vigente", "fuente": "SIT-CAM WFS — UsoDelSuelo:VPLA_V_CLASIFICACION (https://idem.comunidad.madrid/geosrvg/ows)", "fecha_dato": "2026-05-12", "ambito": "88442", "_raw_CD_SIGLAS": "SNUP", "_raw_DS_CLASIF_GEN": "Suelo No Urbanizable Protegido", "_raw_DS_CLASIF_DET": "Suelo No Urbanizable de Protección. Interés Ecológico", "_raw_DS_DOCU": "PLAN GENERAL", "_raw_DS_LEY": "CM Ley 9/2001, E Ley 6/1998", "_raw_FC_AC": "2015-10-13", "_raw_NM_AREA_M2": 3768.6199664145201, "_cam_code": "029" }, "geometry": { "type": "GeometryCollection", "geometries": [ { "type": "MultiPolygon", "coordinates": [ [ [ [ -3.6189, 40.8135 ], [ -3.6188, 40.8141 ], [ -3.6189, 40.8159 ], [ -3.6193, 40.8155 ], [ -3.6193, 40.8152 ], [ -3.619, 40.8148 ], [ -3.619, 40.8146 ], [ -3.6189, 40.8146 ], [ -3.6189, 40.8135 ] ] ], [ [ [ -3.6186, 40.8161 ], [ -3.6186, 40.8162 ], [ -3.6189, 40.8159 ], [ -3.6186, 40.8161 ] ] ] ] }, { "type": "Point", "coordinates": [ -3.6189, 40.8159 ] } ] } },
{ "type": "Feature", "properties": { "municipio": "Cabanillas de la Sierra", "clasificacion": "no-urbanizable-protegido", "calificacion": "sin-asignar", "version": "vigente", "fuente": "SIT-CAM WFS — UsoDelSuelo:VPLA_V_CLASIFICACION (https://idem.comunidad.madrid/geosrvg/ows)", "fecha_dato": "2026-05-12", "ambito": "88442", "_raw_CD_SIGLAS": "SNUP", "_raw_DS_CLASIF_GEN": "Suelo No Urbanizable Protegido", "_raw_DS_CLASIF_DET": "Suelo No Urbanizable de Protección. Interés Ecológico", "_raw_DS_DOCU": "PLAN GENERAL", "_raw_DS_LEY": "CM Ley 9/2001, E Ley 6/1998", "_raw_FC_AC": "2015-10-13", "_raw_NM_AREA_M2": 2064.51207826061, "_cam_code": "029" }, "geometry": { "type": "Polygon", "coordinates": [ [ [ -3.6186, 40.8162 ], [ -3.6185, 40.8163 ], [ -3.6185, 40.8164 ], [ -3.6185, 40.8166 ], [ -3.6185, 40.8169 ], [ -3.6186, 40.8173 ], [ -3.6191, 40.8174 ], [ -3.6188, 40.817 ], [ -3.6188, 40.8168 ], [ -3.6186, 40.8168 ], [ -3.6186, 40.8165 ], [ -3.6185, 40.8165 ], [ -3.6185, 40.8164 ], [ -3.6185, 40.8163 ], [ -3.6186, 40.8162 ] ] ] } },
{ "type": "Feature", "properties": { "municipio": "Cabanillas de la Sierra", "clasificacion": "no-urbanizable-protegido", "calificacion": "sin-asignar", "version": "vigente", "fuente": "SIT-CAM WFS — UsoDelSuelo:VPLA_V_CLASIFICACION (https://idem.comunidad.madrid/geosrvg/ows)", "fecha_dato": "2026-05-12", "ambito": "88442", "_raw_CD_SIGLAS": "SNUP", "_raw_DS_CLASIF_GEN": "Suelo No Urbanizable Protegido", "_raw_DS_CLASIF_DET": "Suelo No Urbanizable de Protección. Interés Ecológico", "_raw_DS_DOCU": "PLAN GENERAL", "_raw_DS_LEY": "CM Ley 9/2001, E Ley 6/1998", "_raw_FC_AC": "2015-10-13", "_raw_NM_AREA_M2": 77.436224132112699, "_cam_code": "029" }, "geometry": { "type": "Polygon", "coordinates": [ [ [ -3.6155, 40.8205 ], [ -3.6155, 40.8206 ], [ -3.6156, 40.8206 ], [ -3.6155, 40.8204 ], [ -3.6155, 40.8205 ] ] ] } },
{ "type": "Feature", "properties": { "municipio": "Cabanillas de la Sierra", "clasificacion": "no-urbanizable-protegido", "calificacion": "sin-asignar", "version": "vigente", "fuente": "SIT-CAM WFS — UsoDelSuelo:VPLA_V_CLASIFICACION (https://idem.comunidad.madrid/geosrvg/ows)", "fecha_dato": "2026-05-12", "ambito": "88442", "_raw_CD_SIGLAS": "SNUP", "_raw_DS_CLASIF_GEN": "Suelo No Urbanizable Protegido", "_raw_DS_CLASIF_DET": "Suelo No Urbanizable de Protección. Interés Ecológico", "_raw_DS_DOCU": "PLAN GENERAL", "_raw_DS_LEY": "CM Ley 9/2001, E Ley 6/1998", "_raw_FC_AC": "2015-10-13", "_raw_NM_AREA_M2": 4556.6450851449699, "_cam_code": "029" }, "geometry": { "type": "Polygon", "coordinates": [ [ [ -3.6205, 40.8185 ], [ -3.6211, 40.8191 ], [ -3.6208, 40.821 ], [ -3.621, 40.8207 ], [ -3.621, 40.8203 ], [ -3.6211, 40.8203 ], [ -3.6211, 40.8195 ], [ -3.6213, 40.8186 ], [ -3.6211, 40.8186 ], [ -3.6209, 40.8184 ], [ -3.6205, 40.8185 ] ] ] } },
{ "type": "Feature", "properties": { "municipio": "Cabanillas de la Sierra", "clasificacion": "no-urbanizable-protegido", "calificacion": "sin-asignar", "version": "vigente", "fuente": "SIT-CAM WFS — UsoDelSuelo:VPLA_V_CLASIFICACION (https://idem.comunidad.madrid/geosrvg/ows)", "fecha_dato": "2026-05-12", "ambito": "88442", "_raw_CD_SIGLAS": "SNUP", "_raw_DS_CLASIF_GEN": "Suelo No Urbanizable Protegido", "_raw_DS_CLASIF_DET": "Suelo No Urbanizable de Protección. Interés Ecológico", "_raw_DS_DOCU": "PLAN GENERAL", "_raw_DS_LEY": "CM Ley 9/2001, E Ley 6/1998", "_raw_FC_AC": "2015-10-13", "_raw_NM_AREA_M2": 212.123209867144, "_cam_code": "029" }, "geometry": { "type": "Polygon", "coordinates": [ [ [ -3.62, 40.8182 ], [ -3.62, 40.818 ], [ -3.6197, 40.818 ], [ -3.62, 40.8182 ] ] ] } },
{ "type": "Feature", "properties": { "municipio": "Cabanillas de la Sierra", "clasificacion": "no-urbanizable-protegido", "calificacion": "sin-asignar", "version": "vigente", "fuente": "SIT-CAM WFS — UsoDelSuelo:VPLA_V_CLASIFICACION (https://idem.comunidad.madrid/geosrvg/ows)", "fecha_dato": "2026-05-12", "ambito": "88442", "_raw_CD_SIGLAS": "SNUP", "_raw_DS_CLASIF_GEN": "Suelo No Urbanizable Protegido", "_raw_DS_CLASIF_DET": "Suelo No Urbanizable de Protección. Interés Ecológico", "_raw_DS_DOCU": "PLAN GENERAL", "_raw_DS_LEY": "CM Ley 9/2001, E Ley 6/1998", "_raw_FC_AC": "2015-10-13", "_raw_NM_AREA_M2": 238030.44164644901, "_cam_code": "029" }, "geometry": { "type": "Polygon", "coordinates": [ [ [ -3.6134, 40.8184 ], [ -3.6152, 40.8195 ], [ -3.6164, 40.8135 ], [ -3.6168, 40.8123 ], [ -3.6175, 40.8113 ], [ -3.6178, 40.8111 ], [ -3.6191, 40.8096 ], [ -3.6195, 40.8088 ], [ -3.6181, 40.8089 ], [ -3.6161, 40.8095 ], [ -3.6153, 40.8101 ], [ -3.6133, 40.8098 ], [ -3.6141, 40.8129 ], [ -3.6144, 40.8154 ], [ -3.6138, 40.8177 ], [ -3.6134, 40.8184 ] ] ] } },
{ "type": "Feature", "properties": { "municipio": "Cabanillas de la Sierra", "clasificacion": "no-urbanizable-protegido", "calificacion": "sin-asignar", "version": "vigente", "fuente": "SIT-CAM WFS — UsoDelSuelo:VPLA_V_CLASIFICACION (https://idem.comunidad.madrid/geosrvg/ows)", "fecha_dato": "2026-05-12", "ambito": "88442", "_raw_CD_SIGLAS": "SNUP", "_raw_DS_CLASIF_GEN": "Suelo No Urbanizable Protegido", "_raw_DS_CLASIF_DET": "Suelo No Urbanizable de Protección. Infraestructuras", "_raw_DS_DOCU": "PLAN GENERAL", "_raw_DS_LEY": "CM Ley 9/2001, E Ley 6/1998", "_raw_FC_AC": "2015-10-13", "_raw_NM_AREA_M2": 811.23920134862306, "_cam_code": "029" }, "geometry": { "type": "Polygon", "coordinates": [ [ [ -3.6379, 40.837 ], [ -3.6384, 40.8374 ], [ -3.6387, 40.8375 ], [ -3.6387, 40.8376 ], [ -3.6391, 40.8379 ], [ -3.6397, 40.8382 ], [ -3.6398, 40.8384 ], [ -3.64, 40.8384 ], [ -3.6402, 40.8386 ], [ -3.6402, 40.8386 ], [ -3.6399, 40.8384 ], [ -3.6397, 40.8382 ], [ -3.6389, 40.8377 ], [ -3.6384, 40.8373 ], [ -3.6382, 40.8372 ], [ -3.6379, 40.8369 ], [ -3.6379, 40.837 ] ] ] } },
{ "type": "Feature", "properties": { "municipio": "Cabanillas de la Sierra", "clasificacion": "no-urbanizable-protegido", "calificacion": "sin-asignar", "version": "vigente", "fuente": "SIT-CAM WFS — UsoDelSuelo:VPLA_V_CLASIFICACION (https://idem.comunidad.madrid/geosrvg/ows)", "fecha_dato": "2026-05-12", "ambito": "88442", "_raw_CD_SIGLAS": "SNUP", "_raw_DS_CLASIF_GEN": "Suelo No Urbanizable Protegido", "_raw_DS_CLASIF_DET": "Suelo No Urbanizable de Protección. Infraestructuras", "_raw_DS_DOCU": "PLAN GENERAL", "_raw_DS_LEY": "CM Ley 9/2001, E Ley 6/1998", "_raw_FC_AC": "2015-10-13", "_raw_NM_AREA_M2": 43798.842864358601, "_cam_code": "029" }, "geometry": { "type": "Polygon", "coordinates": [ [ [ -3.6203, 40.8388 ], [ -3.6207, 40.8387 ], [ -3.621, 40.8388 ], [ -3.6213, 40.838 ], [ -3.6213, 40.8379 ], [ -3.6211, 40.8381 ], [ -3.6204, 40.8367 ], [ -3.6197, 40.8359 ], [ -3.616, 40.8327 ], [ -3.6151, 40.8313 ], [ -3.6146, 40.8315 ], [ -3.6152, 40.8325 ], [ -3.6198, 40.8367 ], [ -3.6204, 40.8377 ], [ -3.6206, 40.8384 ], [ -3.6203, 40.8388 ] ] ] } },
{ "type": "Feature", "properties": { "municipio": "Cabanillas de la Sierra", "clasificacion": "no-urbanizable-protegido", "calificacion": "sin-asignar", "version": "vigente", "fuente": "SIT-CAM WFS — UsoDelSuelo:VPLA_V_CLASIFICACION (https://idem.comunidad.madrid/geosrvg/ows)", "fecha_dato": "2026-05-12", "ambito": "88442", "_raw_CD_SIGLAS": "SNUP", "_raw_DS_CLASIF_GEN": "Suelo No Urbanizable Protegido", "_raw_DS_CLASIF_DET": "Suelo No Urbanizable de Protección. Infraestructuras", "_raw_DS_DOCU": "PLAN GENERAL", "_raw_DS_LEY": "CM Ley 9/2001, E Ley 6/1998", "_raw_FC_AC": "2015-10-13", "_raw_NM_AREA_M2": 3851.4706717946301, "_cam_code": "029" }, "geometry": { "type": "Polygon", "coordinates": [ [ [ -3.6425, 40.8403 ], [ -3.6444, 40.8417 ], [ -3.6445, 40.8419 ], [ -3.6447, 40.8419 ], [ -3.6448, 40.8421 ], [ -3.6451, 40.8421 ], [ -3.6428, 40.8403 ], [ -3.6424, 40.8402 ], [ -3.6422, 40.84 ], [ -3.6415, 40.8395 ], [ -3.6425, 40.8403 ] ] ] } },
{ "type": "Feature", "properties": { "municipio": "Cabanillas de la Sierra", "clasificacion": "no-urbanizable-protegido", "calificacion": "sin-asignar", "version": "vigente", "fuente": "SIT-CAM WFS — UsoDelSuelo:VPLA_V_CLASIFICACION (https://idem.comunidad.madrid/geosrvg/ows)", "fecha_dato": "2026-05-12", "ambito": "88442", "_raw_CD_SIGLAS": "SNUP", "_raw_DS_CLASIF_GEN": "Suelo No Urbanizable Protegido", "_raw_DS_CLASIF_DET": "Suelo No Urbanizable de Protección. Infraestructuras", "_raw_DS_DOCU": "PLAN GENERAL", "_raw_DS_LEY": "CM Ley 9/2001, E Ley 6/1998", "_raw_FC_AC": "2015-10-13", "_raw_NM_AREA_M2": 4573.9282672869103, "_cam_code": "029" }, "geometry": { "type": "Polygon", "coordinates": [ [ [ -3.6455, 40.8425 ], [ -3.6502, 40.8437 ], [ -3.6503, 40.8436 ], [ -3.6467, 40.8427 ], [ -3.6467, 40.8426 ], [ -3.6462, 40.8425 ], [ -3.646, 40.8426 ], [ -3.6456, 40.8425 ], [ -3.6455, 40.8425 ] ] ] } },
{ "type": "Feature", "properties": { "municipio": "Cabanillas de la Sierra", "clasificacion": "no-urbanizable-protegido", "calificacion": "sin-asignar", "version": "vigente", "fuente": "SIT-CAM WFS — UsoDelSuelo:VPLA_V_CLASIFICACION (https://idem.comunidad.madrid/geosrvg/ows)", "fecha_dato": "2026-05-12", "ambito": "88442", "_raw_CD_SIGLAS": "SNUP", "_raw_DS_CLASIF_GEN": "Suelo No Urbanizable Protegido", "_raw_DS_CLASIF_DET": "Suelo No Urbanizable de Protección. Infraestructuras. Cauces y Riberas", "_raw_DS_DOCU": "PLAN GENERAL", "_raw_DS_LEY": "CM Ley 9/2001, E Ley 6/1998", "_raw_FC_AC": "2015-10-13", "_raw_NM_AREA_M2": 1429.31459035079, "_cam_code": "029" }, "geometry": { "type": "Polygon", "coordinates": [ [ [ -3.615, 40.8311 ], [ -3.6148, 40.8312 ], [ -3.6144, 40.8312 ], [ -3.6146, 40.8315 ], [ -3.6151, 40.8313 ], [ -3.615, 40.8311 ] ] ] } },
{ "type": "Feature", "properties": { "municipio": "Cabanillas de la Sierra", "clasificacion": "no-urbanizable-protegido", "calificacion": "sin-asignar", "version": "vigente", "fuente": "SIT-CAM WFS — UsoDelSuelo:VPLA_V_CLASIFICACION (https://idem.comunidad.madrid/geosrvg/ows)", "fecha_dato": "2026-05-12", "ambito": "88442", "_raw_CD_SIGLAS": "SNUP", "_raw_DS_CLASIF_GEN": "Suelo No Urbanizable Protegido", "_raw_DS_CLASIF_DET": "Suelo No Urbanizable de Protección. Infraestructuras. Cauces y Riberas", "_raw_DS_DOCU": "PLAN GENERAL", "_raw_DS_LEY": "CM Ley 9/2001, E Ley 6/1998", "_raw_FC_AC": "2015-10-13", "_raw_NM_AREA_M2": 114.25579004146, "_cam_code": "029" }, "geometry": { "type": "Polygon", "coordinates": [ [ [ -3.6284, 40.8342 ], [ -3.6285, 40.8343 ], [ -3.6286, 40.8342 ], [ -3.6285, 40.8341 ], [ -3.6284, 40.8342 ] ] ] } },
{ "type": "Feature", "properties": { "municipio": "Cabanillas de la Sierra", "clasificacion": "no-urbanizable-protegido", "calificacion": "sin-asignar", "version": "vigente", "fuente": "SIT-CAM WFS — UsoDelSuelo:VPLA_V_CLASIFICACION (https://idem.comunidad.madrid/geosrvg/ows)", "fecha_dato": "2026-05-12", "ambito": "88442", "_raw_CD_SIGLAS": "SNUP", "_raw_DS_CLASIF_GEN": "Suelo No Urbanizable Protegido", "_raw_DS_CLASIF_DET": "Suelo No Urbanizable de Protección. Infraestructuras. Cauces y Riberas", "_raw_DS_DOCU": "PLAN GENERAL", "_raw_DS_LEY": "CM Ley 9/2001, E Ley 6/1998", "_raw_FC_AC": "2015-10-13", "_raw_NM_AREA_M2": 68.940590920016007, "_cam_code": "029" }, "geometry": { "type": "Polygon", "coordinates": [ [ [ -3.6282, 40.8343 ], [ -3.6283, 40.8344 ], [ -3.6284, 40.8343 ], [ -3.6282, 40.8343 ] ] ] } },
{ "type": "Feature", "properties": { "municipio": "Cabanillas de la Sierra", "clasificacion": "no-urbanizable-protegido", "calificacion": "sin-asignar", "version": "vigente", "fuente": "SIT-CAM WFS — UsoDelSuelo:VPLA_V_CLASIFICACION (https://idem.comunidad.madrid/geosrvg/ows)", "fecha_dato": "2026-05-12", "ambito": "88442", "_raw_CD_SIGLAS": "SNUP", "_raw_DS_CLASIF_GEN": "Suelo No Urbanizable Protegido", "_raw_DS_CLASIF_DET": "Suelo No Urbanizable de Protección. Infraestructuras. Cauces y Riberas. Valores Históricos", "_raw_DS_DOCU": "PLAN GENERAL", "_raw_DS_LEY": "CM Ley 9/2001, E Ley 6/1998", "_raw_FC_AC": "2015-10-13", "_raw_NM_AREA_M2": 237.66978614352001, "_cam_code": "029" }, "geometry": { "type": "Polygon", "coordinates": [ [ [ -3.6461, 40.8218 ], [ -3.6462, 40.8219 ], [ -3.6463, 40.8219 ], [ -3.6465, 40.8219 ], [ -3.6461, 40.8218 ] ] ] } },
{ "type": "Feature", "properties": { "municipio": "Cabanillas de la Sierra", "clasificacion": "no-urbanizable-protegido", "calificacion": "sin-asignar", "version": "vigente", "fuente": "SIT-CAM WFS — UsoDelSuelo:VPLA_V_CLASIFICACION (https://idem.comunidad.madrid/geosrvg/ows)", "fecha_dato": "2026-05-12", "ambito": "88442", "_raw_CD_SIGLAS": "SNUP", "_raw_DS_CLASIF_GEN": "Suelo No Urbanizable Protegido", "_raw_DS_CLASIF_DET": "Suelo No Urbanizable de Protección. Infraestructuras. Cauces y Riberas. Valores Históricos", "_raw_DS_DOCU": "PLAN GENERAL", "_raw_DS_LEY": "CM Ley 9/2001, E Ley 6/1998", "_raw_FC_AC": "2015-10-13", "_raw_NM_AREA_M2": 1126.06960431487, "_cam_code": "029" }, "geometry": { "type": "Polygon", "coordinates": [ [ [ -3.6151, 40.8227 ], [ -3.615, 40.8229 ], [ -3.6145, 40.8231 ], [ -3.6145, 40.8233 ], [ -3.615, 40.8231 ], [ -3.6151, 40.8227 ] ] ] } },
{ "type": "Feature", "properties": { "municipio": "Cabanillas de la Sierra", "clasificacion": "no-urbanizable-protegido", "calificacion": "sin-asignar", "version": "vigente", "fuente": "SIT-CAM WFS — UsoDelSuelo:VPLA_V_CLASIFICACION (https://idem.comunidad.madrid/geosrvg/ows)", "fecha_dato": "2026-05-12", "ambito": "88442", "_raw_CD_SIGLAS": "SNUP", "_raw_DS_CLASIF_GEN": "Suelo No Urbanizable Protegido", "_raw_DS_CLASIF_DET": "Suelo No Urbanizable de Protección. Infraestructuras. Cauces y Riberas. Valores Históricos", "_raw_DS_DOCU": "PLAN GENERAL", "_raw_DS_LEY": "CM Ley 9/2001, E Ley 6/1998", "_raw_FC_AC": "2015-10-13", "_raw_NM_AREA_M2": 224.62222561527301, "_cam_code": "029" }, "geometry": { "type": "Polygon", "coordinates": [ [ [ -3.6282, 40.8339 ], [ -3.6284, 40.8342 ], [ -3.6285, 40.8341 ], [ -3.6282, 40.8339 ] ] ] } },
{ "type": "Feature", "properties": { "municipio": "Cabanillas de la Sierra", "clasificacion": "no-urbanizable-protegido", "calificacion": "sin-asignar", "version": "vigente", "fuente": "SIT-CAM WFS — UsoDelSuelo:VPLA_V_CLASIFICACION (https://idem.comunidad.madrid/geosrvg/ows)", "fecha_dato": "2026-05-12", "ambito": "88442", "_raw_CD_SIGLAS": "SNUP", "_raw_DS_CLASIF_GEN": "Suelo No Urbanizable Protegido", "_raw_DS_CLASIF_DET": "Suelo No Urbanizable de Protección. Infraestructuras. Cauces y Riberas. Valores Históricos", "_raw_DS_DOCU": "PLAN GENERAL", "_raw_DS_LEY": "CM Ley 9/2001, E Ley 6/1998", "_raw_FC_AC": "2015-10-13", "_raw_NM_AREA_M2": 237.820808514709, "_cam_code": "029" }, "geometry": { "type": "Polygon", "coordinates": [ [ [ -3.6281, 40.834 ], [ -3.6281, 40.8342 ], [ -3.6283, 40.8343 ], [ -3.6281, 40.834 ] ] ] } },
{ "type": "Feature", "properties": { "municipio": "Cabanillas de la Sierra", "clasificacion": "no-urbanizable-protegido", "calificacion": "sin-asignar", "version": "vigente", "fuente": "SIT-CAM WFS — UsoDelSuelo:VPLA_V_CLASIFICACION (https://idem.comunidad.madrid/geosrvg/ows)", "fecha_dato": "2026-05-12", "ambito": "88442", "_raw_CD_SIGLAS": "SNUP", "_raw_DS_CLASIF_GEN": "Suelo No Urbanizable Protegido", "_raw_DS_CLASIF_DET": "Suelo No Urbanizable de Protección. Interés Ecológico", "_raw_DS_DOCU": "PLAN GENERAL", "_raw_DS_LEY": "CM Ley 9/2001, E Ley 6/1998", "_raw_FC_AC": "2015-10-13", "_raw_NM_AREA_M2": 172039.60013466599, "_cam_code": "029" }, "geometry": { "type": "Polygon", "coordinates": [ [ [ -3.6354, 40.838 ], [ -3.6366, 40.8383 ], [ -3.6372, 40.8377 ], [ -3.6369, 40.8375 ], [ -3.6361, 40.8373 ], [ -3.6362, 40.8372 ], [ -3.6361, 40.8366 ], [ -3.6329, 40.8355 ], [ -3.6316, 40.8347 ], [ -3.6308, 40.8346 ], [ -3.6306, 40.8341 ], [ -3.6297, 40.8339 ], [ -3.6289, 40.8342 ], [ -3.6288, 40.834 ], [ -3.6286, 40.8342 ], [ -3.6289, 40.8346 ], [ -3.6289, 40.8351 ], [ -3.6292, 40.8353 ], [ -3.6292, 40.8357 ], [ -3.6295, 40.8359 ], [ -3.6295, 40.8363 ], [ -3.6302, 40.8371 ], [ -3.631, 40.8374 ], [ -3.6309, 40.8375 ], [ -3.631, 40.8379 ], [ -3.6329, 40.838 ], [ -3.6336, 40.8382 ], [ -3.6354, 40.838 ] ] ] } },
{ "type": "Feature", "properties": { "municipio": "Cabanillas de la Sierra", "clasificacion": "no-urbanizable-protegido", "calificacion": "sin-asignar", "version": "vigente", "fuente": "SIT-CAM WFS — UsoDelSuelo:VPLA_V_CLASIFICACION (https://idem.comunidad.madrid/geosrvg/ows)", "fecha_dato": "2026-05-12", "ambito": "88442", "_raw_CD_SIGLAS": "SNUP", "_raw_DS_CLASIF_GEN": "Suelo No Urbanizable Protegido", "_raw_DS_CLASIF_DET": "Suelo No Urbanizable de Protección. Interés Ecológico", "_raw_DS_DOCU": "PLAN GENERAL", "_raw_DS_LEY": "CM Ley 9/2001, E Ley 6/1998", "_raw_FC_AC": "2015-10-13", "_raw_NM_AREA_M2": 108035.832527722, "_cam_code": "029" }, "geometry": { "type": "Polygon", "coordinates": [ [ [ -3.6172, 40.8396 ], [ -3.6178, 40.8396 ], [ -3.6179, 40.8394 ], [ -3.6185, 40.8394 ], [ -3.6196, 40.8388 ], [ -3.6203, 40.8388 ], [ -3.6206, 40.8384 ], [ -3.6204, 40.8377 ], [ -3.6201, 40.8371 ], [ -3.6195, 40.8364 ], [ -3.6152, 40.8325 ], [ -3.6146, 40.8315 ], [ -3.6144, 40.8317 ], [ -3.6144, 40.8322 ], [ -3.615, 40.8329 ], [ -3.615, 40.8331 ], [ -3.6156, 40.8339 ], [ -3.6167, 40.8345 ], [ -3.6174, 40.8353 ], [ -3.6182, 40.8359 ], [ -3.618, 40.8361 ], [ -3.6178, 40.837 ], [ -3.6176, 40.8375 ], [ -3.6175, 40.8375 ], [ -3.6175, 40.8379 ], [ -3.6171, 40.8383 ], [ -3.6173, 40.8389 ], [ -3.6172, 40.8396 ] ] ] } },
{ "type": "Feature", "properties": { "municipio": "Cabanillas de la Sierra", "clasificacion": "no-urbanizable-protegido", "calificacion": "sin-asignar", "version": "vigente", "fuente": "SIT-CAM WFS — UsoDelSuelo:VPLA_V_CLASIFICACION (https://idem.comunidad.madrid/geosrvg/ows)", "fecha_dato": "2026-05-12", "ambito": "88442", "_raw_CD_SIGLAS": "SNUP", "_raw_DS_CLASIF_GEN": "Suelo No Urbanizable Protegido", "_raw_DS_CLASIF_DET": "Suelo No Urbanizable de Protección. Interés Ecológico", "_raw_DS_DOCU": "PLAN GENERAL", "_raw_DS_LEY": "CM Ley 9/2001, E Ley 6/1998", "_raw_FC_AC": "2015-10-13", "_raw_NM_AREA_M2": 87919.931931446205, "_cam_code": "029" }, "geometry": { "type": "Polygon", "coordinates": [ [ [ -3.6483, 40.8431 ], [ -3.6503, 40.8436 ], [ -3.6513, 40.8422 ], [ -3.6507, 40.8401 ], [ -3.6489, 40.8404 ], [ -3.6489, 40.8405 ], [ -3.6484, 40.8405 ], [ -3.6481, 40.8408 ], [ -3.6475, 40.8417 ], [ -3.6475, 40.8421 ], [ -3.6479, 40.8423 ], [ -3.6479, 40.8428 ], [ -3.6483, 40.8431 ] ] ] } },
{ "type": "Feature", "properties": { "municipio": "Cabanillas de la Sierra", "clasificacion": "no-urbanizable-protegido", "calificacion": "sin-asignar", "version": "vigente", "fuente": "SIT-CAM WFS — UsoDelSuelo:VPLA_V_CLASIFICACION (https://idem.comunidad.madrid/geosrvg/ows)", "fecha_dato": "2026-05-12", "ambito": "88442", "_raw_CD_SIGLAS": "SNUP", "_raw_DS_CLASIF_GEN": "Suelo No Urbanizable Protegido", "_raw_DS_CLASIF_DET": "Suelo No Urbanizable de Protección. Interés Ecológico", "_raw_DS_DOCU": "PLAN GENERAL", "_raw_DS_LEY": "CM Ley 9/2001, E Ley 6/1998", "_raw_FC_AC": "2015-10-13", "_raw_NM_AREA_M2": 622950.90088630596, "_cam_code": "029" }, "geometry": { "type": "Polygon", "coordinates": [ [ [ -3.629, 40.8435 ], [ -3.6304, 40.8444 ], [ -3.6337, 40.8457 ], [ -3.6329, 40.845 ], [ -3.6337, 40.8437 ], [ -3.6341, 40.8434 ], [ -3.6348, 40.8433 ], [ -3.6344, 40.8425 ], [ -3.6349, 40.8418 ], [ -3.6349, 40.8416 ], [ -3.6337, 40.8416 ], [ -3.6337, 40.8417 ], [ -3.6326, 40.842 ], [ -3.6315, 40.8421 ], [ -3.6308, 40.8415 ], [ -3.6309, 40.8403 ], [ -3.6308, 40.8401 ], [ -3.63, 40.8406 ], [ -3.6299, 40.8413 ], [ -3.6294, 40.8422 ], [ -3.6291, 40.8422 ], [ -3.6296, 40.841 ], [ -3.6296, 40.8406 ], [ -3.6305, 40.8398 ], [ -3.6307, 40.8393 ], [ -3.6306, 40.8388 ], [ -3.6307, 40.8379 ], [ -3.6293, 40.8365 ], [ -3.6289, 40.8355 ], [ -3.6285, 40.8351 ], [ -3.6285, 40.8345 ], [ -3.6282, 40.8344 ], [ -3.6281, 40.8345 ], [ -3.6276, 40.8345 ], [ -3.6274, 40.8347 ], [ -3.6245, 40.8358 ], [ -3.6231, 40.8366 ], [ -3.6222, 40.8378 ], [ -3.621, 40.8408 ], [ -3.6221, 40.8411 ], [ -3.625, 40.8413 ], [ -3.629, 40.8435 ] ] ] } },
{ "type": "Feature", "properties": { "municipio": "Cabanillas de la Sierra", "clasificacion": "no-urbanizable-protegido", "calificacion": "sin-asignar", "version": "vigente", "fuente": "SIT-CAM WFS — UsoDelSuelo:VPLA_V_CLASIFICACION (https://idem.comunidad.madrid/geosrvg/ows)", "fecha_dato": "2026-05-12", "ambito": "88442", "_raw_CD_SIGLAS": "SNUP", "_raw_DS_CLASIF_GEN": "Suelo No Urbanizable Protegido", "_raw_DS_CLASIF_DET": "Suelo No Urbanizable de Protección. Interés Ecológico", "_raw_DS_DOCU": "PLAN GENERAL", "_raw_DS_LEY": "CM Ley 9/2001, E Ley 6/1998", "_raw_FC_AC": "2015-10-13", "_raw_NM_AREA_M2": 387010.666314798, "_cam_code": "029" }, "geometry": { "type": "Polygon", "coordinates": [ [ [ -3.6367, 40.8436 ], [ -3.6365, 40.8437 ], [ -3.6369, 40.8446 ], [ -3.6391, 40.846 ], [ -3.6393, 40.846 ], [ -3.6409, 40.8449 ], [ -3.6443, 40.8422 ], [ -3.6448, 40.8421 ], [ -3.6448, 40.842 ], [ -3.6445, 40.8419 ], [ -3.6444, 40.8417 ], [ -3.644, 40.8415 ], [ -3.6423, 40.8401 ], [ -3.6407, 40.8409 ], [ -3.6405, 40.8407 ], [ -3.6397, 40.8404 ], [ -3.6387, 40.8398 ], [ -3.638, 40.8392 ], [ -3.6377, 40.8388 ], [ -3.6376, 40.8379 ], [ -3.6373, 40.8383 ], [ -3.6369, 40.8383 ], [ -3.6365, 40.8387 ], [ -3.6363, 40.8384 ], [ -3.6353, 40.8381 ], [ -3.6338, 40.8384 ], [ -3.6338, 40.8385 ], [ -3.6334, 40.8385 ], [ -3.6333, 40.839 ], [ -3.6336, 40.84 ], [ -3.6335, 40.8402 ], [ -3.6355, 40.8412 ], [ -3.6367, 40.842 ], [ -3.6377, 40.8421 ], [ -3.638, 40.8425 ], [ -3.6377, 40.8429 ], [ -3.6374, 40.8427 ], [ -3.6367, 40.8436 ] ] ] } },
{ "type": "Feature", "properties": { "municipio": "Cabanillas de la Sierra", "clasificacion": "no-urbanizable-protegido", "calificacion": "sin-asignar", "version": "vigente", "fuente": "SIT-CAM WFS — UsoDelSuelo:VPLA_V_CLASIFICACION (https://idem.comunidad.madrid/geosrvg/ows)", "fecha_dato": "2026-05-12", "ambito": "88442", "_raw_CD_SIGLAS": "SNUP", "_raw_DS_CLASIF_GEN": "Suelo No Urbanizable Protegido", "_raw_DS_CLASIF_DET": "Suelo No Urbanizable de Protección. Vías Pecuarias. Valores Históricos", "_raw_DS_DOCU": "PLAN GENERAL", "_raw_DS_LEY": "CM Ley 9/2001, E Ley 6/1998", "_raw_FC_AC": "2015-10-13", "_raw_NM_AREA_M2": 14883.658219511401, "_cam_code": "029" }, "geometry": { "type": "Polygon", "coordinates": [ [ [ -3.6444, 40.8223 ], [ -3.6452, 40.8225 ], [ -3.6485, 40.8243 ], [ -3.6491, 40.8247 ], [ -3.6492, 40.8253 ], [ -3.6503, 40.8258 ], [ -3.6505, 40.826 ], [ -3.6507, 40.826 ], [ -3.6508, 40.8262 ], [ -3.6507, 40.826 ], [ -3.65, 40.8255 ], [ -3.6493, 40.8252 ], [ -3.6492, 40.825 ], [ -3.6493, 40.8245 ], [ -3.649, 40.8243 ], [ -3.6479, 40.8238 ], [ -3.6467, 40.8229 ], [ -3.645, 40.8222 ], [ -3.6442, 40.822 ], [ -3.6444, 40.8223 ] ] ] } },
{ "type": "Feature", "properties": { "municipio": "Cabanillas de la Sierra", "clasificacion": "no-urbanizable-protegido", "calificacion": "sin-asignar", "version": "vigente", "fuente": "SIT-CAM WFS — UsoDelSuelo:VPLA_V_CLASIFICACION (https://idem.comunidad.madrid/geosrvg/ows)", "fecha_dato": "2026-05-12", "ambito": "88442", "_raw_CD_SIGLAS": "SNUP", "_raw_DS_CLASIF_GEN": "Suelo No Urbanizable Protegido", "_raw_DS_CLASIF_DET": "Suelo No Urbanizable de Protección. Vías Pecuarias. Valores Históricos", "_raw_DS_DOCU": "PLAN GENERAL", "_raw_DS_LEY": "CM Ley 9/2001, E Ley 6/1998", "_raw_FC_AC": "2015-10-13", "_raw_NM_AREA_M2": 1159.2359151539199, "_cam_code": "029" }, "geometry": { "type": "Polygon", "coordinates": [ [ [ -3.6519, 40.8261 ], [ -3.6513, 40.8264 ], [ -3.6519, 40.8264 ], [ -3.652, 40.8262 ], [ -3.6519, 40.8261 ] ] ] } },
{ "type": "Feature", "properties": { "municipio": "Cabanillas de la Sierra", "clasificacion": "no-urbanizable-protegido", "calificacion": "sin-asignar", "version": "vigente", "fuente": "SIT-CAM WFS — UsoDelSuelo:VPLA_V_CLASIFICACION (https://idem.comunidad.madrid/geosrvg/ows)", "fecha_dato": "2026-05-12", "ambito": "88442", "_raw_CD_SIGLAS": "SNUP", "_raw_DS_CLASIF_GEN": "Suelo No Urbanizable Protegido", "_raw_DS_CLASIF_DET": "Suelo No Urbanizable de Protección. Vías Pecuarias. Valores Históricos", "_raw_DS_DOCU": "PLAN GENERAL", "_raw_DS_LEY": "CM Ley 9/2001, E Ley 6/1998", "_raw_FC_AC": "2015-10-13", "_raw_NM_AREA_M2": 26310.4922929936, "_cam_code": "029" }, "geometry": { "type": "Polygon", "coordinates": [ [ [ -3.6258, 40.8281 ], [ -3.6254, 40.8305 ], [ -3.6262, 40.8304 ], [ -3.6262, 40.8297 ], [ -3.6265, 40.8283 ], [ -3.6269, 40.8278 ], [ -3.6271, 40.8279 ], [ -3.627, 40.8277 ], [ -3.6276, 40.827 ], [ -3.6277, 40.8263 ], [ -3.6268, 40.8274 ], [ -3.6263, 40.8273 ], [ -3.6258, 40.8281 ] ] ] } },
{ "type": "Feature", "properties": { "municipio": "Cabanillas de la Sierra", "clasificacion": "no-urbanizable-protegido", "calificacion": "sin-asignar", "version": "vigente", "fuente": "SIT-CAM WFS — UsoDelSuelo:VPLA_V_CLASIFICACION (https://idem.comunidad.madrid/geosrvg/ows)", "fecha_dato": "2026-05-12", "ambito": "88442", "_raw_CD_SIGLAS": "SNUP", "_raw_DS_CLASIF_GEN": "Suelo No Urbanizable Protegido", "_raw_DS_CLASIF_DET": "Suelo No Urbanizable de Protección. Vías Pecuarias. Valores Históricos", "_raw_DS_DOCU": "PLAN GENERAL", "_raw_DS_LEY": "CM Ley 9/2001, E Ley 6/1998", "_raw_FC_AC": "2015-10-13", "_raw_NM_AREA_M2": 10355.046997806599, "_cam_code": "029" }, "geometry": { "type": "Polygon", "coordinates": [ [ [ -3.6254, 40.8315 ], [ -3.6258, 40.8319 ], [ -3.6258, 40.8324 ], [ -3.6259, 40.8325 ], [ -3.6267, 40.8326 ], [ -3.6267, 40.8327 ], [ -3.6269, 40.8325 ], [ -3.6265, 40.8321 ], [ -3.6263, 40.8315 ], [ -3.6262, 40.8315 ], [ -3.6262, 40.8312 ], [ -3.6256, 40.831 ], [ -3.6254, 40.8315 ] ] ] } },
{ "type": "Feature", "properties": { "municipio": "Cabanillas de la Sierra", "clasificacion": "no-urbanizable-protegido", "calificacion": "sin-asignar", "version": "vigente", "fuente": "SIT-CAM WFS — UsoDelSuelo:VPLA_V_CLASIFICACION (https://idem.comunidad.madrid/geosrvg/ows)", "fecha_dato": "2026-05-12", "ambito": "88442", "_raw_CD_SIGLAS": "SNUP", "_raw_DS_CLASIF_GEN": "Suelo No Urbanizable Protegido", "_raw_DS_CLASIF_DET": "Suelo No Urbanizable de Protección. Vías Pecuarias. Valores Históricos", "_raw_DS_DOCU": "PLAN GENERAL", "_raw_DS_LEY": "CM Ley 9/2001, E Ley 6/1998", "_raw_FC_AC": "2015-10-13", "_raw_NM_AREA_M2": 7720.9953949178498, "_cam_code": "029" }, "geometry": { "type": "Polygon", "coordinates": [ [ [ -3.6348, 40.8433 ], [ -3.6355, 40.8442 ], [ -3.6369, 40.845 ], [ -3.6369, 40.8446 ], [ -3.6356, 40.8439 ], [ -3.6351, 40.8432 ], [ -3.6348, 40.8433 ] ] ] } },
{ "type": "Feature", "properties": { "municipio": "Cabanillas de la Sierra", "clasificacion": "no-urbanizable-protegido", "calificacion": "sin-asignar", "version": "vigente", "fuente": "SIT-CAM WFS — UsoDelSuelo:VPLA_V_CLASIFICACION (https://idem.comunidad.madrid/geosrvg/ows)", "fecha_dato": "2026-05-12", "ambito": "88442", "_raw_CD_SIGLAS": "SNUP", "_raw_DS_CLASIF_GEN": "Suelo No Urbanizable Protegido", "_raw_DS_CLASIF_DET": "Suelo No Urbanizable de Protección. Vías Pecuarias. Valores Históricos", "_raw_DS_DOCU": "PLAN GENERAL", "_raw_DS_LEY": "CM Ley 9/2001, E Ley 6/1998", "_raw_FC_AC": "2015-10-13", "_raw_NM_AREA_M2": 1443.72709744144, "_cam_code": "029" }, "geometry": { "type": "Polygon", "coordinates": [ [ [ -3.6201, 40.8105 ], [ -3.6202, 40.8111 ], [ -3.62, 40.8112 ], [ -3.6203, 40.8111 ], [ -3.6205, 40.8109 ], [ -3.6203, 40.8105 ], [ -3.6202, 40.8104 ], [ -3.6201, 40.8105 ] ] ] } },
{ "type": "Feature", "properties": { "municipio": "Cabanillas de la Sierra", "clasificacion": "no-urbanizable-protegido", "calificacion": "sin-asignar", "version": "vigente", "fuente": "SIT-CAM WFS — UsoDelSuelo:VPLA_V_CLASIFICACION (https://idem.comunidad.madrid/geosrvg/ows)", "fecha_dato": "2026-05-12", "ambito": "88442", "_raw_CD_SIGLAS": "SNUP", "_raw_DS_CLASIF_GEN": "Suelo No Urbanizable Protegido", "_raw_DS_CLASIF_DET": "Suelo No Urbanizable de Protección. Vías Pecuarias. Valores Históricos", "_raw_DS_DOCU": "PLAN GENERAL", "_raw_DS_LEY": "CM Ley 9/2001, E Ley 6/1998", "_raw_FC_AC": "2015-10-13", "_raw_NM_AREA_M2": 61.792173232402803, "_cam_code": "029" }, "geometry": { "type": "Polygon", "coordinates": [ [ [ -3.6193, 40.8119 ], [ -3.6192, 40.812 ], [ -3.619, 40.8122 ], [ -3.6192, 40.812 ], [ -3.6193, 40.8119 ] ] ] } },
{ "type": "Feature", "properties": { "municipio": "Cabanillas de la Sierra", "clasificacion": "no-urbanizable-protegido", "calificacion": "sin-asignar", "version": "vigente", "fuente": "SIT-CAM WFS — UsoDelSuelo:VPLA_V_CLASIFICACION (https://idem.comunidad.madrid/geosrvg/ows)", "fecha_dato": "2026-05-12", "ambito": "88442", "_raw_CD_SIGLAS": "SNUP", "_raw_DS_CLASIF_GEN": "Suelo No Urbanizable Protegido", "_raw_DS_CLASIF_DET": "Suelo No Urbanizable de Protección. Vías Pecuarias. Valores Históricos", "_raw_DS_DOCU": "PLAN GENERAL", "_raw_DS_LEY": "CM Ley 9/2001, E Ley 6/1998", "_raw_FC_AC": "2015-10-13", "_raw_NM_AREA_M2": 19781.966061700699, "_cam_code": "029" }, "geometry": { "type": "Polygon", "coordinates": [ [ [ -3.6351, 40.8117 ], [ -3.6358, 40.8128 ], [ -3.6371, 40.8138 ], [ -3.6373, 40.8136 ], [ -3.6375, 40.8132 ], [ -3.6372, 40.8131 ], [ -3.6366, 40.8125 ], [ -3.6357, 40.8112 ], [ -3.6351, 40.8117 ] ] ] } },
{ "type": "Feature", "properties": { "municipio": "Cabanillas de la Sierra", "clasificacion": "no-urbanizable-protegido", "calificacion": "sin-asignar", "version": "vigente", "fuente": "SIT-CAM WFS — UsoDelSuelo:VPLA_V_CLASIFICACION (https://idem.comunidad.madrid/geosrvg/ows)", "fecha_dato": "2026-05-12", "ambito": "88442", "_raw_CD_SIGLAS": "SNUP", "_raw_DS_CLASIF_GEN": "Suelo No Urbanizable Protegido", "_raw_DS_CLASIF_DET": "Suelo No Urbanizable de Protección. Interés Ecológico", "_raw_DS_DOCU": "PLAN GENERAL", "_raw_DS_LEY": "CM Ley 9/2001, E Ley 6/1998", "_raw_FC_AC": "2015-10-13", "_raw_NM_AREA_M2": 680886.12136138801, "_cam_code": "029" }, "geometry": { "type": "Polygon", "coordinates": [ [ [ -3.6378, 40.8368 ], [ -3.6393, 40.8377 ], [ -3.6393, 40.8378 ], [ -3.6398, 40.8374 ], [ -3.6398, 40.8368 ], [ -3.6414, 40.8367 ], [ -3.6429, 40.8364 ], [ -3.6428, 40.8362 ], [ -3.6438, 40.8359 ], [ -3.644, 40.8358 ], [ -3.644, 40.8356 ], [ -3.6446, 40.8355 ], [ -3.6459, 40.8349 ], [ -3.6461, 40.8354 ], [ -3.648, 40.8349 ], [ -3.6487, 40.8351 ], [ -3.6509, 40.8353 ], [ -3.6518, 40.8344 ], [ -3.6527, 40.8341 ], [ -3.6529, 40.8339 ], [ -3.6531, 40.8329 ], [ -3.6498, 40.8322 ], [ -3.6487, 40.8317 ], [ -3.6485, 40.8319 ], [ -3.645, 40.8325 ], [ -3.6419, 40.8334 ], [ -3.6416, 40.8329 ], [ -3.6413, 40.8318 ], [ -3.641, 40.8312 ], [ -3.6411, 40.8308 ], [ -3.641, 40.8307 ], [ -3.6404, 40.8307 ], [ -3.639, 40.8312 ], [ -3.6365, 40.8316 ], [ -3.636, 40.8318 ], [ -3.6358, 40.8314 ], [ -3.6355, 40.8314 ], [ -3.6332, 40.8321 ], [ -3.6324, 40.8311 ], [ -3.6316, 40.8314 ], [ -3.6321, 40.833 ], [ -3.6329, 40.834 ], [ -3.6363, 40.8354 ], [ -3.6369, 40.8357 ], [ -3.6374, 40.8362 ], [ -3.6383, 40.8361 ], [ -3.6383, 40.8364 ], [ -3.6379, 40.8366 ], [ -3.6378, 40.8368 ] ] ] } },
{ "type": "Feature", "properties": { "municipio": "Cabanillas de la Sierra", "clasificacion": "no-urbanizable-protegido", "calificacion": "sin-asignar", "version": "vigente", "fuente": "SIT-CAM WFS — UsoDelSuelo:VPLA_V_CLASIFICACION (https://idem.comunidad.madrid/geosrvg/ows)", "fecha_dato": "2026-05-12", "ambito": "88442", "_raw_CD_SIGLAS": "SNUP", "_raw_DS_CLASIF_GEN": "Suelo No Urbanizable Protegido", "_raw_DS_CLASIF_DET": "Suelo No Urbanizable de Protección. Interés Ecológico", "_raw_DS_DOCU": "PLAN GENERAL", "_raw_DS_LEY": "CM Ley 9/2001, E Ley 6/1998", "_raw_FC_AC": "2015-10-13", "_raw_NM_AREA_M2": 406864.65178629901, "_cam_code": "029" }, "geometry": { "type": "Polygon", "coordinates": [ [ [ -3.6156, 40.8322 ], [ -3.6165, 40.8332 ], [ -3.6199, 40.8361 ], [ -3.6204, 40.8367 ], [ -3.6211, 40.8381 ], [ -3.6217, 40.8371 ], [ -3.6221, 40.837 ], [ -3.6224, 40.8366 ], [ -3.6238, 40.8357 ], [ -3.624, 40.8353 ], [ -3.6241, 40.8346 ], [ -3.6246, 40.8335 ], [ -3.6246, 40.8325 ], [ -3.625, 40.8319 ], [ -3.6252, 40.8318 ], [ -3.6248, 40.8313 ], [ -3.6249, 40.8311 ], [ -3.6247, 40.8309 ], [ -3.6243, 40.8308 ], [ -3.6228, 40.8296 ], [ -3.6226, 40.829 ], [ -3.6221, 40.8288 ], [ -3.6212, 40.8287 ], [ -3.621, 40.8289 ], [ -3.6216, 40.8297 ], [ -3.6204, 40.8307 ], [ -3.6198, 40.8308 ], [ -3.6196, 40.831 ], [ -3.6184, 40.8315 ], [ -3.617, 40.8318 ], [ -3.6162, 40.8311 ], [ -3.6161, 40.8312 ], [ -3.6151, 40.8313 ], [ -3.6156, 40.8322 ] ] ] } },
{ "type": "Feature", "properties": { "municipio": "Cabanillas de la Sierra", "clasificacion": "no-urbanizable-protegido", "calificacion": "sin-asignar", "version": "vigente", "fuente": "SIT-CAM WFS — UsoDelSuelo:VPLA_V_CLASIFICACION (https://idem.comunidad.madrid/geosrvg/ows)", "fecha_dato": "2026-05-12", "ambito": "88442", "_raw_CD_SIGLAS": "SNUP", "_raw_DS_CLASIF_GEN": "Suelo No Urbanizable Protegido", "_raw_DS_CLASIF_DET": "Suelo No Urbanizable de Protección. Montes Preservados", "_raw_DS_DOCU": "PLAN GENERAL", "_raw_DS_LEY": "CM Ley 9/2001, E Ley 6/1998", "_raw_FC_AC": "2015-10-13", "_raw_NM_AREA_M2": 62395.530572182899, "_cam_code": "029" }, "geometry": { "type": "Polygon", "coordinates": [ [ [ -3.6083, 40.8221 ], [ -3.6086, 40.8228 ], [ -3.6091, 40.8228 ], [ -3.6096, 40.8226 ], [ -3.6109, 40.8227 ], [ -3.6111, 40.8219 ], [ -3.6115, 40.8214 ], [ -3.6125, 40.8213 ], [ -3.6132, 40.8215 ], [ -3.6133, 40.821 ], [ -3.6139, 40.8206 ], [ -3.6134, 40.8203 ], [ -3.6122, 40.8202 ], [ -3.6097, 40.821 ], [ -3.6089, 40.8215 ], [ -3.6087, 40.8215 ], [ -3.6083, 40.8221 ] ] ] } },
{ "type": "Feature", "properties": { "municipio": "Cabanillas de la Sierra", "clasificacion": "no-urbanizable-protegido", "calificacion": "sin-asignar", "version": "vigente", "fuente": "SIT-CAM WFS — UsoDelSuelo:VPLA_V_CLASIFICACION (https://idem.comunidad.madrid/geosrvg/ows)", "fecha_dato": "2026-05-12", "ambito": "88442", "_raw_CD_SIGLAS": "SNUP", "_raw_DS_CLASIF_GEN": "Suelo No Urbanizable Protegido", "_raw_DS_CLASIF_DET": "Suelo No Urbanizable de Protección. Vías Pecuarias. Valores Históricos", "_raw_DS_DOCU": "PLAN GENERAL", "_raw_DS_LEY": "CM Ley 9/2001, E Ley 6/1998", "_raw_FC_AC": "2015-10-13", "_raw_NM_AREA_M2": 17509.649804614499, "_cam_code": "029" }, "geometry": { "type": "Polygon", "coordinates": [ [ [ -3.6247, 40.8332 ], [ -3.6246, 40.834 ], [ -3.6254, 40.834 ], [ -3.6257, 40.8331 ], [ -3.6265, 40.833 ], [ -3.6271, 40.8331 ], [ -3.6276, 40.8334 ], [ -3.6274, 40.8331 ], [ -3.6266, 40.833 ], [ -3.6257, 40.8327 ], [ -3.6255, 40.8325 ], [ -3.6256, 40.832 ], [ -3.6252, 40.8316 ], [ -3.6253, 40.832 ], [ -3.6251, 40.8322 ], [ -3.6247, 40.8332 ] ] ] } },
{ "type": "Feature", "properties": { "municipio": "Cabanillas de la Sierra", "clasificacion": "no-urbanizable-protegido", "calificacion": "sin-asignar", "version": "vigente", "fuente": "SIT-CAM WFS — UsoDelSuelo:VPLA_V_CLASIFICACION (https://idem.comunidad.madrid/geosrvg/ows)", "fecha_dato": "2026-05-12", "ambito": "88442", "_raw_CD_SIGLAS": "SNUP", "_raw_DS_CLASIF_GEN": "Suelo No Urbanizable Protegido", "_raw_DS_CLASIF_DET": "Suelo No Urbanizable de Protección. Interés Ecológico", "_raw_DS_DOCU": "PLAN GENERAL", "_raw_DS_LEY": "CM Ley 9/2001, E Ley 6/1998", "_raw_FC_AC": "2015-10-13", "_raw_NM_AREA_M2": 386796.35925055598, "_cam_code": "029" }, "geometry": { "type": "Polygon", "coordinates": [ [ [ -3.6404, 40.8292 ], [ -3.6434, 40.8294 ], [ -3.6488, 40.8292 ], [ -3.6495, 40.8291 ], [ -3.6523, 40.8282 ], [ -3.6529, 40.8282 ], [ -3.653, 40.8279 ], [ -3.6529, 40.8274 ], [ -3.6527, 40.8271 ], [ -3.6523, 40.8266 ], [ -3.652, 40.8266 ], [ -3.6521, 40.8264 ], [ -3.6519, 40.8264 ], [ -3.6519, 40.8268 ], [ -3.651, 40.8274 ], [ -3.6502, 40.8275 ], [ -3.6495, 40.8273 ], [ -3.6491, 40.8268 ], [ -3.6487, 40.8266 ], [ -3.6486, 40.826 ], [ -3.6477, 40.8266 ], [ -3.6467, 40.8259 ], [ -3.6462, 40.8258 ], [ -3.6458, 40.8255 ], [ -3.6455, 40.8249 ], [ -3.6459, 40.8242 ], [ -3.6443, 40.8241 ], [ -3.6435, 40.8243 ], [ -3.6428, 40.8247 ], [ -3.6415, 40.8261 ], [ -3.64, 40.827 ], [ -3.6389, 40.828 ], [ -3.6397, 40.8289 ], [ -3.6404, 40.8292 ] ] ] } },
{ "type": "Feature", "properties": { "municipio": "Cabanillas de la Sierra", "clasificacion": "no-urbanizable-protegido", "calificacion": "sin-asignar", "version": "vigente", "fuente": "SIT-CAM WFS — UsoDelSuelo:VPLA_V_CLASIFICACION (https://idem.comunidad.madrid/geosrvg/ows)", "fecha_dato": "2026-05-12", "ambito": "88442", "_raw_CD_SIGLAS": "SNUP", "_raw_DS_CLASIF_GEN": "Suelo No Urbanizable Protegido", "_raw_DS_CLASIF_DET": "Suelo No Urbanizable de Protección. Valores Históricos", "_raw_DS_DOCU": "PLAN GENERAL", "_raw_DS_LEY": "CM Ley 9/2001, E Ley 6/1998", "_raw_FC_AC": "2015-10-13", "_raw_NM_AREA_M2": 118361.36224765101, "_cam_code": "029" }, "geometry": { "type": "Polygon", "coordinates": [ [ [ -3.6487, 40.8266 ], [ -3.6491, 40.8268 ], [ -3.6495, 40.8273 ], [ -3.6502, 40.8275 ], [ -3.651, 40.8274 ], [ -3.6519, 40.8268 ], [ -3.6519, 40.8264 ], [ -3.6513, 40.8264 ], [ -3.6512, 40.8265 ], [ -3.6507, 40.826 ], [ -3.6505, 40.826 ], [ -3.6503, 40.8258 ], [ -3.6492, 40.8253 ], [ -3.6491, 40.8247 ], [ -3.6485, 40.8243 ], [ -3.6452, 40.8225 ], [ -3.6444, 40.8223 ], [ -3.646, 40.824 ], [ -3.6455, 40.8249 ], [ -3.6458, 40.8255 ], [ -3.6462, 40.8258 ], [ -3.6467, 40.8259 ], [ -3.6477, 40.8266 ], [ -3.6486, 40.826 ], [ -3.6487, 40.8266 ] ] ] } },
{ "type": "Feature", "properties": { "municipio": "Cabanillas de la Sierra", "clasificacion": "no-urbanizable-protegido", "calificacion": "sin-asignar", "version": "vigente", "fuente": "SIT-CAM WFS — UsoDelSuelo:VPLA_V_CLASIFICACION (https://idem.comunidad.madrid/geosrvg/ows)", "fecha_dato": "2026-05-12", "ambito": "88442", "_raw_CD_SIGLAS": "SNUP", "_raw_DS_CLASIF_GEN": "Suelo No Urbanizable Protegido", "_raw_DS_CLASIF_DET": "Suelo No Urbanizable de Protección. Valores Históricos", "_raw_DS_DOCU": "PLAN GENERAL", "_raw_DS_LEY": "CM Ley 9/2001, E Ley 6/1998", "_raw_FC_AC": "2015-10-13", "_raw_NM_AREA_M2": 2856.2209818145102, "_cam_code": "029" }, "geometry": { "type": "Polygon", "coordinates": [ [ [ -3.623, 40.8297 ], [ -3.6232, 40.83 ], [ -3.6242, 40.8307 ], [ -3.6243, 40.8307 ], [ -3.6242, 40.8307 ], [ -3.6243, 40.8306 ], [ -3.6242, 40.8303 ], [ -3.624, 40.8301 ], [ -3.6234, 40.83 ], [ -3.623, 40.8297 ] ] ] } },
{ "type": "Feature", "properties": { "municipio": "Cabanillas de la Sierra", "clasificacion": "no-urbanizable-protegido", "calificacion": "sin-asignar", "version": "vigente", "fuente": "SIT-CAM WFS — UsoDelSuelo:VPLA_V_CLASIFICACION (https://idem.comunidad.madrid/geosrvg/ows)", "fecha_dato": "2026-05-12", "ambito": "88442", "_raw_CD_SIGLAS": "SNUP", "_raw_DS_CLASIF_GEN": "Suelo No Urbanizable Protegido", "_raw_DS_CLASIF_DET": "Suelo No Urbanizable de Protección. Infraestructuras", "_raw_DS_DOCU": "PLAN GENERAL", "_raw_DS_LEY": "CM Ley 9/2001, E Ley 6/1998", "_raw_FC_AC": "2015-10-13", "_raw_NM_AREA_M2": 4126.3700207461998, "_cam_code": "029" }, "geometry": { "type": "Polygon", "coordinates": [ [ [ -3.6246, 40.8084 ], [ -3.6247, 40.8107 ], [ -3.6248, 40.8112 ], [ -3.6249, 40.8112 ], [ -3.6248, 40.8089 ], [ -3.6247, 40.8084 ], [ -3.6246, 40.8084 ] ] ] } },
{ "type": "Feature", "properties": { "municipio": "Cabanillas de la Sierra", "clasificacion": "no-urbanizable-protegido", "calificacion": "sin-asignar", "version": "vigente", "fuente": "SIT-CAM WFS — UsoDelSuelo:VPLA_V_CLASIFICACION (https://idem.comunidad.madrid/geosrvg/ows)", "fecha_dato": "2026-05-12", "ambito": "88442", "_raw_CD_SIGLAS": "SNUP", "_raw_DS_CLASIF_GEN": "Suelo No Urbanizable Protegido", "_raw_DS_CLASIF_DET": "Suelo No Urbanizable de Protección. Cauces y Riberas. Valores Históricos", "_raw_DS_DOCU": "PLAN GENERAL", "_raw_DS_LEY": "CM Ley 9/2001, E Ley 6/1998", "_raw_FC_AC": "2015-10-13", "_raw_NM_AREA_M2": 42143.4428614922, "_cam_code": "029" }, "geometry": { "type": "Polygon", "coordinates": [ [ [ -3.6188, 40.8267 ], [ -3.6185, 40.827 ], [ -3.6188, 40.8282 ], [ -3.618, 40.829 ], [ -3.6181, 40.8294 ], [ -3.618, 40.8297 ], [ -3.6167, 40.8305 ], [ -3.6161, 40.8306 ], [ -3.6162, 40.8311 ], [ -3.6185, 40.8298 ], [ -3.6186, 40.8294 ], [ -3.6184, 40.8291 ], [ -3.6188, 40.8287 ], [ -3.6189, 40.8283 ], [ -3.619, 40.8283 ], [ -3.619, 40.8277 ], [ -3.6189, 40.8274 ], [ -3.6188, 40.8274 ], [ -3.6188, 40.827 ], [ -3.6194, 40.8267 ], [ -3.6196, 40.8267 ], [ -3.6196, 40.8271 ], [ -3.6201, 40.828 ], [ -3.6206, 40.8282 ], [ -3.6211, 40.828 ], [ -3.6218, 40.8281 ], [ -3.622, 40.8287 ], [ -3.6227, 40.8291 ], [ -3.6232, 40.8299 ], [ -3.624, 40.8301 ], [ -3.6243, 40.8306 ], [ -3.6242, 40.8307 ], [ -3.6246, 40.8307 ], [ -3.6243, 40.83 ], [ -3.6232, 40.8296 ], [ -3.6229, 40.8289 ], [ -3.6224, 40.8286 ], [ -3.6224, 40.8278 ], [ -3.6211, 40.8277 ], [ -3.6205, 40.828 ], [ -3.6205, 40.8279 ], [ -3.6202, 40.8278 ], [ -3.62, 40.8273 ], [ -3.6199, 40.8273 ], [ -3.6199, 40.8269 ], [ -3.6198, 40.8269 ], [ -3.6198, 40.8267 ], [ -3.6201, 40.8263 ], [ -3.6201, 40.8259 ], [ -3.62, 40.8259 ], [ -3.6201, 40.8252 ], [ -3.6198, 40.8255 ], [ -3.6197, 40.8265 ], [ -3.6188, 40.8267 ] ] ] } },
{ "type": "Feature", "properties": { "municipio": "Cabanillas de la Sierra", "clasificacion": "no-urbanizable-protegido", "calificacion": "sin-asignar", "version": "vigente", "fuente": "SIT-CAM WFS — UsoDelSuelo:VPLA_V_CLASIFICACION (https://idem.comunidad.madrid/geosrvg/ows)", "fecha_dato": "2026-05-12", "ambito": "88442", "_raw_CD_SIGLAS": "SNUP", "_raw_DS_CLASIF_GEN": "Suelo No Urbanizable Protegido", "_raw_DS_CLASIF_DET": "Suelo No Urbanizable de Protección. Vías Pecuarias", "_raw_DS_DOCU": "PLAN GENERAL", "_raw_DS_LEY": "CM Ley 9/2001, E Ley 6/1998", "_raw_FC_AC": "2015-10-13", "_raw_NM_AREA_M2": 73776.087691012799, "_cam_code": "029" }, "geometry": { "type": "Polygon", "coordinates": [ [ [ -3.6351, 40.8117 ], [ -3.6357, 40.8112 ], [ -3.6352, 40.8106 ], [ -3.6329, 40.8098 ], [ -3.6303, 40.8091 ], [ -3.6291, 40.8091 ], [ -3.6259, 40.8087 ], [ -3.6251, 40.8084 ], [ -3.6247, 40.8084 ], [ -3.6249, 40.8092 ], [ -3.6251, 40.8093 ], [ -3.628, 40.8096 ], [ -3.6294, 40.8099 ], [ -3.6299, 40.8098 ], [ -3.6322, 40.8103 ], [ -3.6343, 40.811 ], [ -3.6347, 40.8112 ], [ -3.6351, 40.8117 ] ] ] } },
{ "type": "Feature", "properties": { "municipio": "Cabanillas de la Sierra", "clasificacion": "no-urbanizable-protegido", "calificacion": "sin-asignar", "version": "vigente", "fuente": "SIT-CAM WFS — UsoDelSuelo:VPLA_V_CLASIFICACION (https://idem.comunidad.madrid/geosrvg/ows)", "fecha_dato": "2026-05-12", "ambito": "88442", "_raw_CD_SIGLAS": "SNUP", "_raw_DS_CLASIF_GEN": "Suelo No Urbanizable Protegido", "_raw_DS_CLASIF_DET": "Suelo No Urbanizable de Protección. Vías Pecuarias. Valores Históricos", "_raw_DS_DOCU": "PLAN GENERAL", "_raw_DS_LEY": "CM Ley 9/2001, E Ley 6/1998", "_raw_FC_AC": "2015-10-13", "_raw_NM_AREA_M2": 17772.661472613101, "_cam_code": "029" }, "geometry": { "type": "Polygon", "coordinates": [ [ [ -3.6396, 40.8136 ], [ -3.6397, 40.8139 ], [ -3.6402, 40.8141 ], [ -3.6409, 40.8141 ], [ -3.6418, 40.8138 ], [ -3.6423, 40.8135 ], [ -3.6428, 40.8128 ], [ -3.6428, 40.8122 ], [ -3.6426, 40.8122 ], [ -3.6424, 40.8124 ], [ -3.6424, 40.8128 ], [ -3.642, 40.8132 ], [ -3.6406, 40.8136 ], [ -3.6401, 40.8136 ], [ -3.6398, 40.8134 ], [ -3.6396, 40.8136 ] ] ] } },
{ "type": "Feature", "properties": { "municipio": "Cabanillas de la Sierra", "clasificacion": "no-urbanizable-protegido", "calificacion": "sin-asignar", "version": "vigente", "fuente": "SIT-CAM WFS — UsoDelSuelo:VPLA_V_CLASIFICACION (https://idem.comunidad.madrid/geosrvg/ows)", "fecha_dato": "2026-05-12", "ambito": "88442", "_raw_CD_SIGLAS": "SNUP", "_raw_DS_CLASIF_GEN": "Suelo No Urbanizable Protegido", "_raw_DS_CLASIF_DET": "Suelo No Urbanizable de Protección. Vías Pecuarias. Valores Históricos", "_raw_DS_DOCU": "PLAN GENERAL", "_raw_DS_LEY": "CM Ley 9/2001, E Ley 6/1998", "_raw_FC_AC": "2015-10-13", "_raw_NM_AREA_M2": 35888.379843810799, "_cam_code": "029" }, "geometry": { "type": "Polygon", "coordinates": [ [ [ -3.6366, 40.8161 ], [ -3.6337, 40.8186 ], [ -3.6347, 40.8188 ], [ -3.6367, 40.8172 ], [ -3.637, 40.8168 ], [ -3.6375, 40.8169 ], [ -3.6378, 40.8163 ], [ -3.6377, 40.8155 ], [ -3.6373, 40.8154 ], [ -3.637, 40.8159 ], [ -3.6366, 40.8161 ] ] ] } },
{ "type": "Feature", "properties": { "municipio": "Cabanillas de la Sierra", "clasificacion": "no-urbanizable-protegido", "calificacion": "sin-asignar", "version": "vigente", "fuente": "SIT-CAM WFS — UsoDelSuelo:VPLA_V_CLASIFICACION (https://idem.comunidad.madrid/geosrvg/ows)", "fecha_dato": "2026-05-12", "ambito": "88442", "_raw_CD_SIGLAS": "SNUP", "_raw_DS_CLASIF_GEN": "Suelo No Urbanizable Protegido", "_raw_DS_CLASIF_DET": "Suelo No Urbanizable de Protección. Vías Pecuarias. Valores Históricos", "_raw_DS_DOCU": "PLAN GENERAL", "_raw_DS_LEY": "CM Ley 9/2001, E Ley 6/1998", "_raw_FC_AC": "2015-10-13", "_raw_NM_AREA_M2": 16447.236841538299, "_cam_code": "029" }, "geometry": { "type": "Polygon", "coordinates": [ [ [ -3.6175, 40.8215 ], [ -3.6185, 40.8217 ], [ -3.6185, 40.8215 ], [ -3.6182, 40.8211 ], [ -3.6177, 40.8208 ], [ -3.6174, 40.8209 ], [ -3.6167, 40.8205 ], [ -3.6156, 40.8206 ], [ -3.6157, 40.8209 ], [ -3.617, 40.8216 ], [ -3.6175, 40.8215 ] ] ] } },
{ "type": "Feature", "properties": { "municipio": "Cabanillas de la Sierra", "clasificacion": "no-urbanizable-protegido", "calificacion": "sin-asignar", "version": "vigente", "fuente": "SIT-CAM WFS — UsoDelSuelo:VPLA_V_CLASIFICACION (https://idem.comunidad.madrid/geosrvg/ows)", "fecha_dato": "2026-05-12", "ambito": "88442", "_raw_CD_SIGLAS": "SNUP", "_raw_DS_CLASIF_GEN": "Suelo No Urbanizable Protegido", "_raw_DS_CLASIF_DET": "Suelo No Urbanizable de Protección. Cauces y Riberas. Vías Pecuarias", "_raw_DS_DOCU": "PLAN GENERAL", "_raw_DS_LEY": "CM Ley 9/2001, E Ley 6/1998", "_raw_FC_AC": "2015-10-13", "_raw_NM_AREA_M2": 1414.9933607840101, "_cam_code": "029" }, "geometry": { "type": "Polygon", "coordinates": [ [ [ -3.6249, 40.8311 ], [ -3.625, 40.8314 ], [ -3.6252, 40.8316 ], [ -3.6254, 40.8316 ], [ -3.625, 40.8309 ], [ -3.6249, 40.8311 ] ] ] } },
{ "type": "Feature", "properties": { "municipio": "Cabanillas de la Sierra", "clasificacion": "no-urbanizable-protegido", "calificacion": "sin-asignar", "version": "vigente", "fuente": "SIT-CAM WFS — UsoDelSuelo:VPLA_V_CLASIFICACION (https://idem.comunidad.madrid/geosrvg/ows)", "fecha_dato": "2026-05-12", "ambito": "88442", "_raw_CD_SIGLAS": "SNUP", "_raw_DS_CLASIF_GEN": "Suelo No Urbanizable Protegido", "_raw_DS_CLASIF_DET": "Suelo No Urbanizable de Protección. Cauces y Riberas. Vías Pecuarias", "_raw_DS_DOCU": "PLAN GENERAL", "_raw_DS_LEY": "CM Ley 9/2001, E Ley 6/1998", "_raw_FC_AC": "2015-10-13", "_raw_NM_AREA_M2": 10755.6959929238, "_cam_code": "029" }, "geometry": { "type": "Polygon", "coordinates": [ [ [ -3.6309, 40.8381 ], [ -3.6306, 40.8384 ], [ -3.6308, 40.8401 ], [ -3.631, 40.8395 ], [ -3.6309, 40.8395 ], [ -3.631, 40.8391 ], [ -3.6309, 40.8387 ], [ -3.631, 40.8387 ], [ -3.6311, 40.8384 ], [ -3.6311, 40.838 ], [ -3.6296, 40.8365 ], [ -3.6294, 40.836 ], [ -3.6292, 40.8359 ], [ -3.6291, 40.8353 ], [ -3.6288, 40.8351 ], [ -3.6288, 40.8347 ], [ -3.6284, 40.8343 ], [ -3.6295, 40.8366 ], [ -3.6309, 40.8381 ] ] ] } },
{ "type": "Feature", "properties": { "municipio": "Cabanillas de la Sierra", "clasificacion": "no-urbanizable-protegido", "calificacion": "sin-asignar", "version": "vigente", "fuente": "SIT-CAM WFS — UsoDelSuelo:VPLA_V_CLASIFICACION (https://idem.comunidad.madrid/geosrvg/ows)", "fecha_dato": "2026-05-12", "ambito": "88442", "_raw_CD_SIGLAS": "SNUP", "_raw_DS_CLASIF_GEN": "Suelo No Urbanizable Protegido", "_raw_DS_CLASIF_DET": "Suelo No Urbanizable de Protección. Cauces y Riberas. Vías Pecuarias. Valores Históricos", "_raw_DS_DOCU": "PLAN GENERAL", "_raw_DS_LEY": "CM Ley 9/2001, E Ley 6/1998", "_raw_FC_AC": "2015-10-13", "_raw_NM_AREA_M2": 4826.66803573786, "_cam_code": "029" }, "geometry": { "type": "Polygon", "coordinates": [ [ [ -3.6202, 40.8102 ], [ -3.6201, 40.8104 ], [ -3.6204, 40.8106 ], [ -3.6205, 40.8109 ], [ -3.62, 40.8113 ], [ -3.6193, 40.8116 ], [ -3.619, 40.8119 ], [ -3.6189, 40.8122 ], [ -3.6195, 40.8117 ], [ -3.6206, 40.8111 ], [ -3.6204, 40.8104 ], [ -3.6202, 40.8102 ] ] ] } },
{ "type": "Feature", "properties": { "municipio": "Cabanillas de la Sierra", "clasificacion": "no-urbanizable-protegido", "calificacion": "sin-asignar", "version": "vigente", "fuente": "SIT-CAM WFS — UsoDelSuelo:VPLA_V_CLASIFICACION (https://idem.comunidad.madrid/geosrvg/ows)", "fecha_dato": "2026-05-12", "ambito": "88442", "_raw_CD_SIGLAS": "SNUP", "_raw_DS_CLASIF_GEN": "Suelo No Urbanizable Protegido", "_raw_DS_CLASIF_DET": "Suelo No Urbanizable de Protección. Cauces y Riberas. Vías Pecuarias. Valores Históricos", "_raw_DS_DOCU": "PLAN GENERAL", "_raw_DS_LEY": "CM Ley 9/2001, E Ley 6/1998", "_raw_FC_AC": "2015-10-13", "_raw_NM_AREA_M2": 578.49726473189605, "_cam_code": "029" }, "geometry": { "type": "Polygon", "coordinates": [ [ [ -3.6393, 40.8136 ], [ -3.6395, 40.8138 ], [ -3.6397, 40.8139 ], [ -3.6396, 40.8135 ], [ -3.6393, 40.8136 ] ] ] } },
{ "type": "Feature", "properties": { "municipio": "Cabanillas de la Sierra", "clasificacion": "no-urbanizable-protegido", "calificacion": "sin-asignar", "version": "vigente", "fuente": "SIT-CAM WFS — UsoDelSuelo:VPLA_V_CLASIFICACION (https://idem.comunidad.madrid/geosrvg/ows)", "fecha_dato": "2026-05-12", "ambito": "88442", "_raw_CD_SIGLAS": "SNUP", "_raw_DS_CLASIF_GEN": "Suelo No Urbanizable Protegido", "_raw_DS_CLASIF_DET": "Suelo No Urbanizable de Protección. Cauces y Riberas. Vías Pecuarias. Valores Históricos", "_raw_DS_DOCU": "PLAN GENERAL", "_raw_DS_LEY": "CM Ley 9/2001, E Ley 6/1998", "_raw_FC_AC": "2015-10-13", "_raw_NM_AREA_M2": 9318.9309397913294, "_cam_code": "029" }, "geometry": { "type": "Polygon", "coordinates": [ [ [ -3.6255, 40.8315 ], [ -3.6252, 40.8316 ], [ -3.6256, 40.832 ], [ -3.6255, 40.8325 ], [ -3.6257, 40.8327 ], [ -3.6266, 40.833 ], [ -3.6274, 40.8331 ], [ -3.6281, 40.834 ], [ -3.6282, 40.8339 ], [ -3.6277, 40.833 ], [ -3.6267, 40.8328 ], [ -3.6267, 40.8326 ], [ -3.6259, 40.8325 ], [ -3.6257, 40.8317 ], [ -3.6255, 40.8315 ] ] ] } },
{ "type": "Feature", "properties": { "municipio": "Cabanillas de la Sierra", "clasificacion": "no-urbanizable-protegido", "calificacion": "sin-asignar", "version": "vigente", "fuente": "SIT-CAM WFS — UsoDelSuelo:VPLA_V_CLASIFICACION (https://idem.comunidad.madrid/geosrvg/ows)", "fecha_dato": "2026-05-12", "ambito": "88442", "_raw_CD_SIGLAS": "SNUP", "_raw_DS_CLASIF_GEN": "Suelo No Urbanizable Protegido", "_raw_DS_CLASIF_DET": "Suelo No Urbanizable de Protección. Infraestructuras", "_raw_DS_DOCU": "PLAN GENERAL", "_raw_DS_LEY": "CM Ley 9/2001, E Ley 6/1998", "_raw_FC_AC": "2015-10-13", "_raw_NM_AREA_M2": 6310.3501446451301, "_cam_code": "029" }, "geometry": { "type": "Polygon", "coordinates": [ [ [ -3.6189, 40.8122 ], [ -3.6186, 40.8128 ], [ -3.6195, 40.8129 ], [ -3.6195, 40.813 ], [ -3.6198, 40.8131 ], [ -3.6199, 40.8125 ], [ -3.6189, 40.8122 ] ] ] } },
{ "type": "Feature", "properties": { "municipio": "Cabanillas de la Sierra", "clasificacion": "no-urbanizable-protegido", "calificacion": "sin-asignar", "version": "vigente", "fuente": "SIT-CAM WFS — UsoDelSuelo:VPLA_V_CLASIFICACION (https://idem.comunidad.madrid/geosrvg/ows)", "fecha_dato": "2026-05-12", "ambito": "88442", "_raw_CD_SIGLAS": "SNUP", "_raw_DS_CLASIF_GEN": "Suelo No Urbanizable Protegido", "_raw_DS_CLASIF_DET": "Suelo No Urbanizable de Protección. Cauces y Riberas. Vías Pecuarias", "_raw_DS_DOCU": "PLAN GENERAL", "_raw_DS_LEY": "CM Ley 9/2001, E Ley 6/1998", "_raw_FC_AC": "2015-10-13", "_raw_NM_AREA_M2": 232.531565737438, "_cam_code": "029" }, "geometry": { "type": "Polygon", "coordinates": [ [ [ -3.6191, 40.8174 ], [ -3.6195, 40.8179 ], [ -3.6197, 40.818 ], [ -3.6194, 40.8176 ], [ -3.6191, 40.8174 ] ] ] } },
{ "type": "Feature", "properties": { "municipio": "Cabanillas de la Sierra", "clasificacion": "no-urbanizable-protegido", "calificacion": "sin-asignar", "version": "vigente", "fuente": "SIT-CAM WFS — UsoDelSuelo:VPLA_V_CLASIFICACION (https://idem.comunidad.madrid/geosrvg/ows)", "fecha_dato": "2026-05-12", "ambito": "88442", "_raw_CD_SIGLAS": "SNUP", "_raw_DS_CLASIF_GEN": "Suelo No Urbanizable Protegido", "_raw_DS_CLASIF_DET": "Suelo No Urbanizable de Protección. Cauces y Riberas. Vías Pecuarias", "_raw_DS_DOCU": "PLAN GENERAL", "_raw_DS_LEY": "CM Ley 9/2001, E Ley 6/1998", "_raw_FC_AC": "2015-10-13", "_raw_NM_AREA_M2": 306.30351105400399, "_cam_code": "029" }, "geometry": { "type": "Polygon", "coordinates": [ [ [ -3.62, 40.8182 ], [ -3.6201, 40.8184 ], [ -3.6205, 40.8185 ], [ -3.6202, 40.8184 ], [ -3.62, 40.8182 ] ] ] } },
{ "type": "Feature", "properties": { "municipio": "Cabanillas de la Sierra", "clasificacion": "no-urbanizable-protegido", "calificacion": "sin-asignar", "version": "vigente", "fuente": "SIT-CAM WFS — UsoDelSuelo:VPLA_V_CLASIFICACION (https://idem.comunidad.madrid/geosrvg/ows)", "fecha_dato": "2026-05-12", "ambito": "88442", "_raw_CD_SIGLAS": "SNUP", "_raw_DS_CLASIF_GEN": "Suelo No Urbanizable Protegido", "_raw_DS_CLASIF_DET": "Suelo No Urbanizable de Protección. Cauces y Riberas. Vías Pecuarias", "_raw_DS_DOCU": "PLAN GENERAL", "_raw_DS_LEY": "CM Ley 9/2001, E Ley 6/1998", "_raw_FC_AC": "2015-10-13", "_raw_NM_AREA_M2": 3218.4579670609601, "_cam_code": "029" }, "geometry": { "type": "Polygon", "coordinates": [ [ [ -3.6203, 40.8216 ], [ -3.621, 40.8215 ], [ -3.6211, 40.8211 ], [ -3.6208, 40.821 ], [ -3.6208, 40.8213 ], [ -3.6205, 40.8213 ], [ -3.6205, 40.8211 ], [ -3.6203, 40.8211 ], [ -3.6202, 40.8214 ], [ -3.6203, 40.8216 ] ] ] } },
{ "type": "Feature", "properties": { "municipio": "Cabanillas de la Sierra", "clasificacion": "no-urbanizable-protegido", "calificacion": "sin-asignar", "version": "vigente", "fuente": "SIT-CAM WFS — UsoDelSuelo:VPLA_V_CLASIFICACION (https://idem.comunidad.madrid/geosrvg/ows)", "fecha_dato": "2026-05-12", "ambito": "88442", "_raw_CD_SIGLAS": "SNUP", "_raw_DS_CLASIF_GEN": "Suelo No Urbanizable Protegido", "_raw_DS_CLASIF_DET": "Suelo No Urbanizable de Protección. Infraestructuras", "_raw_DS_DOCU": "PLAN GENERAL", "_raw_DS_LEY": "CM Ley 9/2001, E Ley 6/1998", "_raw_FC_AC": "2015-10-13", "_raw_NM_AREA_M2": 49808.013065554602, "_cam_code": "029" }, "geometry": { "type": "Polygon", "coordinates": [ [ [ -3.6152, 40.8195 ], [ -3.6157, 40.8197 ], [ -3.6169, 40.8133 ], [ -3.617, 40.8133 ], [ -3.617, 40.813 ], [ -3.6173, 40.8123 ], [ -3.6174, 40.8123 ], [ -3.6177, 40.8117 ], [ -3.6192, 40.8102 ], [ -3.6194, 40.8099 ], [ -3.6193, 40.8099 ], [ -3.6194, 40.8095 ], [ -3.6196, 40.8093 ], [ -3.6198, 40.8093 ], [ -3.62, 40.8087 ], [ -3.6195, 40.8088 ], [ -3.6191, 40.8096 ], [ -3.6178, 40.8111 ], [ -3.6175, 40.8113 ], [ -3.6168, 40.8123 ], [ -3.6164, 40.8135 ], [ -3.6152, 40.8195 ] ] ] } },
{ "type": "Feature", "properties": { "municipio": "Cabanillas de la Sierra", "clasificacion": "no-urbanizable-protegido", "calificacion": "sin-asignar", "version": "vigente", "fuente": "SIT-CAM WFS — UsoDelSuelo:VPLA_V_CLASIFICACION (https://idem.comunidad.madrid/geosrvg/ows)", "fecha_dato": "2026-05-12", "ambito": "88442", "_raw_CD_SIGLAS": "SNUP", "_raw_DS_CLASIF_GEN": "Suelo No Urbanizable Protegido", "_raw_DS_CLASIF_DET": "Suelo No Urbanizable de Protección. Infraestructuras", "_raw_DS_DOCU": "PLAN GENERAL", "_raw_DS_LEY": "CM Ley 9/2001, E Ley 6/1998", "_raw_FC_AC": "2015-10-13", "_raw_NM_AREA_M2": 1043.2769568685101, "_cam_code": "029" }, "geometry": { "type": "Polygon", "coordinates": [ [ [ -3.615, 40.8204 ], [ -3.6152, 40.8206 ], [ -3.6155, 40.8206 ], [ -3.6155, 40.8204 ], [ -3.6151, 40.8202 ], [ -3.615, 40.8204 ] ] ] } },
{ "type": "Feature", "properties": { "municipio": "Cabanillas de la Sierra", "clasificacion": "no-urbanizable-protegido", "calificacion": "sin-asignar", "version": "vigente", "fuente": "SIT-CAM WFS — UsoDelSuelo:VPLA_V_CLASIFICACION (https://idem.comunidad.madrid/geosrvg/ows)", "fecha_dato": "2026-05-12", "ambito": "88442", "_raw_CD_SIGLAS": "SNUP", "_raw_DS_CLASIF_GEN": "Suelo No Urbanizable Protegido", "_raw_DS_CLASIF_DET": "Suelo No Urbanizable de Protección. Infraestructuras", "_raw_DS_DOCU": "PLAN GENERAL", "_raw_DS_LEY": "CM Ley 9/2001, E Ley 6/1998", "_raw_FC_AC": "2015-10-13", "_raw_NM_AREA_M2": 2056.6654370359001, "_cam_code": "029" }, "geometry": { "type": "Polygon", "coordinates": [ [ [ -3.6283, 40.8201 ], [ -3.6281, 40.8202 ], [ -3.6278, 40.8205 ], [ -3.6281, 40.8206 ], [ -3.6285, 40.8205 ], [ -3.6286, 40.8202 ], [ -3.6283, 40.8201 ] ] ] } },
{ "type": "Feature", "properties": { "municipio": "Cabanillas de la Sierra", "clasificacion": "no-urbanizable-protegido", "calificacion": "sin-asignar", "version": "vigente", "fuente": "SIT-CAM WFS — UsoDelSuelo:VPLA_V_CLASIFICACION (https://idem.comunidad.madrid/geosrvg/ows)", "fecha_dato": "2026-05-12", "ambito": "88442", "_raw_CD_SIGLAS": "SNUP", "_raw_DS_CLASIF_GEN": "Suelo No Urbanizable Protegido", "_raw_DS_CLASIF_DET": "Suelo No Urbanizable de Protección. Infraestructuras", "_raw_DS_DOCU": "PLAN GENERAL", "_raw_DS_LEY": "CM Ley 9/2001, E Ley 6/1998", "_raw_FC_AC": "2015-10-13", "_raw_NM_AREA_M2": 2691.1556838834899, "_cam_code": "029" }, "geometry": { "type": "Polygon", "coordinates": [ [ [ -3.6416, 40.8214 ], [ -3.6416, 40.8215 ], [ -3.6426, 40.8216 ], [ -3.6427, 40.8217 ], [ -3.644, 40.8219 ], [ -3.6442, 40.8218 ], [ -3.6441, 40.8217 ], [ -3.6416, 40.8214 ] ] ] } },
{ "type": "Feature", "properties": { "municipio": "Cabanillas de la Sierra", "clasificacion": "no-urbanizable-protegido", "calificacion": "sin-asignar", "version": "vigente", "fuente": "SIT-CAM WFS — UsoDelSuelo:VPLA_V_CLASIFICACION (https://idem.comunidad.madrid/geosrvg/ows)", "fecha_dato": "2026-05-12", "ambito": "88442", "_raw_CD_SIGLAS": "SNUP", "_raw_DS_CLASIF_GEN": "Suelo No Urbanizable Protegido", "_raw_DS_CLASIF_DET": "Suelo No Urbanizable de Protección. Infraestructuras", "_raw_DS_DOCU": "PLAN GENERAL", "_raw_DS_LEY": "CM Ley 9/2001, E Ley 6/1998", "_raw_FC_AC": "2015-10-13", "_raw_NM_AREA_M2": 899.54592516146897, "_cam_code": "029" }, "geometry": { "type": "Polygon", "coordinates": [ [ [ -3.6284, 40.8216 ], [ -3.6282, 40.8218 ], [ -3.628, 40.822 ], [ -3.6289, 40.8216 ], [ -3.6286, 40.8216 ], [ -3.6286, 40.8215 ], [ -3.6286, 40.8216 ], [ -3.6284, 40.8216 ] ] ] } },
{ "type": "Feature", "properties": { "municipio": "Cabanillas de la Sierra", "clasificacion": "no-urbanizable-protegido", "calificacion": "sin-asignar", "version": "vigente", "fuente": "SIT-CAM WFS — UsoDelSuelo:VPLA_V_CLASIFICACION (https://idem.comunidad.madrid/geosrvg/ows)", "fecha_dato": "2026-05-12", "ambito": "88442", "_raw_CD_SIGLAS": "SNUP", "_raw_DS_CLASIF_GEN": "Suelo No Urbanizable Protegido", "_raw_DS_CLASIF_DET": "Suelo No Urbanizable de Protección. Cauces y Riberas", "_raw_DS_DOCU": "PLAN GENERAL", "_raw_DS_LEY": "CM Ley 9/2001, E Ley 6/1998", "_raw_FC_AC": "2015-10-13", "_raw_NM_AREA_M2": 1756.7822471090799, "_cam_code": "029" }, "geometry": { "type": "MultiPolygon", "coordinates": [ [ [ [ -3.6298, 40.8367 ], [ -3.6302, 40.8371 ], [ -3.63, 40.8368 ], [ -3.6298, 40.8367 ] ] ], [ [ [ -3.6305, 40.8374 ], [ -3.631, 40.8379 ], [ -3.6309, 40.8377 ], [ -3.631, 40.8374 ], [ -3.6309, 40.8373 ], [ -3.6302, 40.8371 ], [ -3.6305, 40.8374 ] ] ] ] } },
{ "type": "Feature", "properties": { "municipio": "Cabanillas de la Sierra", "clasificacion": "no-urbanizable-protegido", "calificacion": "sin-asignar", "version": "vigente", "fuente": "SIT-CAM WFS — UsoDelSuelo:VPLA_V_CLASIFICACION (https://idem.comunidad.madrid/geosrvg/ows)", "fecha_dato": "2026-05-12", "ambito": "88442", "_raw_CD_SIGLAS": "SNUP", "_raw_DS_CLASIF_GEN": "Suelo No Urbanizable Protegido", "_raw_DS_CLASIF_DET": "Suelo No Urbanizable de Protección. Cauces y Riberas", "_raw_DS_DOCU": "PLAN GENERAL", "_raw_DS_LEY": "CM Ley 9/2001, E Ley 6/1998", "_raw_FC_AC": "2015-10-13", "_raw_NM_AREA_M2": 165.15365806869301, "_cam_code": "029" }, "geometry": { "type": "Polygon", "coordinates": [ [ [ -3.6306, 40.8377 ], [ -3.6306, 40.8379 ], [ -3.6308, 40.838 ], [ -3.6306, 40.8377 ], [ -3.6305, 40.8377 ], [ -3.6306, 40.8377 ] ] ] } },
{ "type": "Feature", "properties": { "municipio": "Cabanillas de la Sierra", "clasificacion": "no-urbanizable-protegido", "calificacion": "sin-asignar", "version": "vigente", "fuente": "SIT-CAM WFS — UsoDelSuelo:VPLA_V_CLASIFICACION (https://idem.comunidad.madrid/geosrvg/ows)", "fecha_dato": "2026-05-12", "ambito": "88442", "_raw_CD_SIGLAS": "SNUP", "_raw_DS_CLASIF_GEN": "Suelo No Urbanizable Protegido", "_raw_DS_CLASIF_DET": "Suelo No Urbanizable de Protección. Cauces y Riberas", "_raw_DS_DOCU": "PLAN GENERAL", "_raw_DS_LEY": "CM Ley 9/2001, E Ley 6/1998", "_raw_FC_AC": "2015-10-13", "_raw_NM_AREA_M2": 679.88197226331397, "_cam_code": "029" }, "geometry": { "type": "Polygon", "coordinates": [ [ [ -3.6311, 40.8382 ], [ -3.631, 40.8387 ], [ -3.6309, 40.8387 ], [ -3.6309, 40.839 ], [ -3.631, 40.839 ], [ -3.6309, 40.8395 ], [ -3.631, 40.8395 ], [ -3.6311, 40.8382 ] ] ] } },
{ "type": "Feature", "properties": { "municipio": "Cabanillas de la Sierra", "clasificacion": "no-urbanizable-protegido", "calificacion": "sin-asignar", "version": "vigente", "fuente": "SIT-CAM WFS — UsoDelSuelo:VPLA_V_CLASIFICACION (https://idem.comunidad.madrid/geosrvg/ows)", "fecha_dato": "2026-05-12", "ambito": "88442", "_raw_CD_SIGLAS": "SNUP", "_raw_DS_CLASIF_GEN": "Suelo No Urbanizable Protegido", "_raw_DS_CLASIF_DET": "Suelo No Urbanizable de Protección. Cauces y Riberas", "_raw_DS_DOCU": "PLAN GENERAL", "_raw_DS_LEY": "CM Ley 9/2001, E Ley 6/1998", "_raw_FC_AC": "2015-10-13", "_raw_NM_AREA_M2": 25238.2200374491, "_cam_code": "029" }, "geometry": { "type": "Polygon", "coordinates": [ [ [ -3.6141, 40.8322 ], [ -3.6145, 40.8325 ], [ -3.6148, 40.8331 ], [ -3.6149, 40.8331 ], [ -3.6149, 40.8334 ], [ -3.6154, 40.8341 ], [ -3.6158, 40.8342 ], [ -3.6166, 40.835 ], [ -3.6178, 40.8357 ], [ -3.6177, 40.8367 ], [ -3.6173, 40.8377 ], [ -3.617, 40.8381 ], [ -3.6171, 40.8392 ], [ -3.6169, 40.8396 ], [ -3.6172, 40.8396 ], [ -3.6173, 40.8389 ], [ -3.6171, 40.8383 ], [ -3.6175, 40.8379 ], [ -3.6175, 40.8375 ], [ -3.6176, 40.8375 ], [ -3.6178, 40.837 ], [ -3.618, 40.8361 ], [ -3.6182, 40.8359 ], [ -3.6174, 40.8353 ], [ -3.6167, 40.8345 ], [ -3.6156, 40.8339 ], [ -3.615, 40.8331 ], [ -3.615, 40.8329 ], [ -3.6144, 40.8322 ], [ -3.6144, 40.8317 ], [ -3.6146, 40.8315 ], [ -3.6145, 40.8313 ], [ -3.6141, 40.8311 ], [ -3.6137, 40.8311 ], [ -3.6141, 40.8322 ] ] ] } },
{ "type": "Feature", "properties": { "municipio": "Cabanillas de la Sierra", "clasificacion": "no-urbanizable-protegido", "calificacion": "sin-asignar", "version": "vigente", "fuente": "SIT-CAM WFS — UsoDelSuelo:VPLA_V_CLASIFICACION (https://idem.comunidad.madrid/geosrvg/ows)", "fecha_dato": "2026-05-12", "ambito": "88442", "_raw_CD_SIGLAS": "SNUP", "_raw_DS_CLASIF_GEN": "Suelo No Urbanizable Protegido", "_raw_DS_CLASIF_DET": "Suelo No Urbanizable de Protección. Cauces y Riberas", "_raw_DS_DOCU": "PLAN GENERAL", "_raw_DS_LEY": "CM Ley 9/2001, E Ley 6/1998", "_raw_FC_AC": "2015-10-13", "_raw_NM_AREA_M2": 10776.2333141333, "_cam_code": "029" }, "geometry": { "type": "Polygon", "coordinates": [ [ [ -3.6306, 40.8385 ], [ -3.6307, 40.8384 ], [ -3.6306, 40.8384 ], [ -3.6306, 40.8385 ], [ -3.6306, 40.8386 ], [ -3.6306, 40.8387 ], [ -3.6306, 40.8389 ], [ -3.6307, 40.839 ], [ -3.6308, 40.8401 ], [ -3.63, 40.8406 ], [ -3.6299, 40.8413 ], [ -3.6294, 40.8422 ], [ -3.6291, 40.8422 ], [ -3.6296, 40.841 ], [ -3.6296, 40.8406 ], [ -3.6305, 40.8398 ], [ -3.6307, 40.8393 ], [ -3.6307, 40.839 ], [ -3.6306, 40.8385 ] ] ] } },
{ "type": "Feature", "properties": { "municipio": "Cabanillas de la Sierra", "clasificacion": "no-urbanizable-protegido", "calificacion": "sin-asignar", "version": "vigente", "fuente": "SIT-CAM WFS — UsoDelSuelo:VPLA_V_CLASIFICACION (https://idem.comunidad.madrid/geosrvg/ows)", "fecha_dato": "2026-05-12", "ambito": "88442", "_raw_CD_SIGLAS": "SNUP", "_raw_DS_CLASIF_GEN": "Suelo No Urbanizable Protegido", "_raw_DS_CLASIF_DET": "Suelo No Urbanizable de Protección. Cauces y Riberas", "_raw_DS_DOCU": "PLAN GENERAL", "_raw_DS_LEY": "CM Ley 9/2001, E Ley 6/1998", "_raw_FC_AC": "2015-10-13", "_raw_NM_AREA_M2": 607.90021288025196, "_cam_code": "029" }, "geometry": { "type": "Polygon", "coordinates": [ [ [ -3.6524, 40.8263 ], [ -3.6528, 40.8267 ], [ -3.653, 40.8267 ], [ -3.653, 40.8266 ], [ -3.6524, 40.8263 ] ] ] } },
{ "type": "Feature", "properties": { "municipio": "Cabanillas de la Sierra", "clasificacion": "no-urbanizable-protegido", "calificacion": "sin-asignar", "version": "vigente", "fuente": "SIT-CAM WFS — UsoDelSuelo:VPLA_V_CLASIFICACION (https://idem.comunidad.madrid/geosrvg/ows)", "fecha_dato": "2026-05-12", "ambito": "88442", "_raw_CD_SIGLAS": "SNUP", "_raw_DS_CLASIF_GEN": "Suelo No Urbanizable Protegido", "_raw_DS_CLASIF_DET": "Suelo No Urbanizable de Protección. Cauces y Riberas", "_raw_DS_DOCU": "PLAN GENERAL", "_raw_DS_LEY": "CM Ley 9/2001, E Ley 6/1998", "_raw_FC_AC": "2015-10-13", "_raw_NM_AREA_M2": 46.419853634086898, "_cam_code": "029" }, "geometry": { "type": "Polygon", "coordinates": [ [ [ -3.6223, 40.8289 ], [ -3.6224, 40.829 ], [ -3.6226, 40.829 ], [ -3.6226, 40.829 ], [ -3.6226, 40.829 ], [ -3.6226, 40.829 ], [ -3.6226, 40.829 ], [ -3.6225, 40.829 ], [ -3.6224, 40.8289 ], [ -3.6223, 40.8289 ] ] ] } },
{ "type": "Feature", "properties": { "municipio": "Cabanillas de la Sierra", "clasificacion": "no-urbanizable-protegido", "calificacion": "sin-asignar", "version": "vigente", "fuente": "SIT-CAM WFS — UsoDelSuelo:VPLA_V_CLASIFICACION (https://idem.comunidad.madrid/geosrvg/ows)", "fecha_dato": "2026-05-12", "ambito": "88442", "_raw_CD_SIGLAS": "SNUP", "_raw_DS_CLASIF_GEN": "Suelo No Urbanizable Protegido", "_raw_DS_CLASIF_DET": "Suelo No Urbanizable de Protección. Cauces y Riberas. Montes Preservados", "_raw_DS_DOCU": "PLAN GENERAL", "_raw_DS_LEY": "CM Ley 9/2001, E Ley 6/1998", "_raw_FC_AC": "2015-10-13", "_raw_NM_AREA_M2": 3538.0650027422498, "_cam_code": "029" }, "geometry": { "type": "Polygon", "coordinates": [ [ [ -3.6086, 40.8228 ], [ -3.6087, 40.8231 ], [ -3.6096, 40.8228 ], [ -3.611, 40.8228 ], [ -3.6104, 40.8226 ], [ -3.6096, 40.8226 ], [ -3.6091, 40.8228 ], [ -3.6086, 40.8228 ] ] ] } },
{ "type": "Feature", "properties": { "municipio": "Cabanillas de la Sierra", "clasificacion": "no-urbanizable-protegido", "calificacion": "sin-asignar", "version": "vigente", "fuente": "SIT-CAM WFS — UsoDelSuelo:VPLA_V_CLASIFICACION (https://idem.comunidad.madrid/geosrvg/ows)", "fecha_dato": "2026-05-12", "ambito": "88442", "_raw_CD_SIGLAS": "SNUP", "_raw_DS_CLASIF_GEN": "Suelo No Urbanizable Protegido", "_raw_DS_CLASIF_DET": "Suelo No Urbanizable de Protección. Cauces y Riberas. Montes Preservados", "_raw_DS_DOCU": "PLAN GENERAL", "_raw_DS_LEY": "CM Ley 9/2001, E Ley 6/1998", "_raw_FC_AC": "2015-10-13", "_raw_NM_AREA_M2": 2367.75929535164, "_cam_code": "029" }, "geometry": { "type": "Polygon", "coordinates": [ [ [ -3.6169, 40.8396 ], [ -3.6168, 40.8404 ], [ -3.6166, 40.8411 ], [ -3.6169, 40.841 ], [ -3.6169, 40.8401 ], [ -3.6172, 40.8396 ], [ -3.6169, 40.8396 ] ] ] } },
{ "type": "Feature", "properties": { "municipio": "Cabanillas de la Sierra", "clasificacion": "no-urbanizable-protegido", "calificacion": "sin-asignar", "version": "vigente", "fuente": "SIT-CAM WFS — UsoDelSuelo:VPLA_V_CLASIFICACION (https://idem.comunidad.madrid/geosrvg/ows)", "fecha_dato": "2026-05-12", "ambito": "88442", "_raw_CD_SIGLAS": "SNUP", "_raw_DS_CLASIF_GEN": "Suelo No Urbanizable Protegido", "_raw_DS_CLASIF_DET": "Suelo No Urbanizable de Protección. Cauces y Riberas. Valores Históricos", "_raw_DS_DOCU": "PLAN GENERAL", "_raw_DS_LEY": "CM Ley 9/2001, E Ley 6/1998", "_raw_FC_AC": "2015-10-13", "_raw_NM_AREA_M2": 314.25150725570802, "_cam_code": "029" }, "geometry": { "type": "Polygon", "coordinates": [ [ [ -3.62, 40.8112 ], [ -3.6192, 40.8116 ], [ -3.619, 40.8119 ], [ -3.6193, 40.8116 ], [ -3.62, 40.8113 ], [ -3.62, 40.8112 ] ] ] } },
{ "type": "Feature", "properties": { "municipio": "Cabanillas de la Sierra", "clasificacion": "no-urbanizable-protegido", "calificacion": "sin-asignar", "version": "vigente", "fuente": "SIT-CAM WFS — UsoDelSuelo:VPLA_V_CLASIFICACION (https://idem.comunidad.madrid/geosrvg/ows)", "fecha_dato": "2026-05-12", "ambito": "88442", "_raw_CD_SIGLAS": "SNUP", "_raw_DS_CLASIF_GEN": "Suelo No Urbanizable Protegido", "_raw_DS_CLASIF_DET": "Suelo No Urbanizable de Protección. Cauces y Riberas. Valores Históricos", "_raw_DS_DOCU": "PLAN GENERAL", "_raw_DS_LEY": "CM Ley 9/2001, E Ley 6/1998", "_raw_FC_AC": "2015-10-13", "_raw_NM_AREA_M2": 2882.9635692820102, "_cam_code": "029" }, "geometry": { "type": "Polygon", "coordinates": [ [ [ -3.6203, 40.8102 ], [ -3.6206, 40.8111 ], [ -3.6195, 40.8117 ], [ -3.6193, 40.8119 ], [ -3.6204, 40.8114 ], [ -3.6205, 40.8112 ], [ -3.6207, 40.8112 ], [ -3.6208, 40.8108 ], [ -3.6206, 40.8105 ], [ -3.6206, 40.8101 ], [ -3.6203, 40.8102 ] ] ] } },
{ "type": "Feature", "properties": { "municipio": "Cabanillas de la Sierra", "clasificacion": "no-urbanizable-protegido", "calificacion": "sin-asignar", "version": "vigente", "fuente": "SIT-CAM WFS — UsoDelSuelo:VPLA_V_CLASIFICACION (https://idem.comunidad.madrid/geosrvg/ows)", "fecha_dato": "2026-05-12", "ambito": "88442", "_raw_CD_SIGLAS": "SNUP", "_raw_DS_CLASIF_GEN": "Suelo No Urbanizable Protegido", "_raw_DS_CLASIF_DET": "Suelo No Urbanizable de Protección. Cauces y Riberas. Valores Históricos", "_raw_DS_DOCU": "PLAN GENERAL", "_raw_DS_LEY": "CM Ley 9/2001, E Ley 6/1998", "_raw_FC_AC": "2015-10-13", "_raw_NM_AREA_M2": 8116.2741594608797, "_cam_code": "029" }, "geometry": { "type": "Polygon", "coordinates": [ [ [ -3.6377, 40.8121 ], [ -3.6382, 40.8122 ], [ -3.6384, 40.8124 ], [ -3.6384, 40.8127 ], [ -3.6386, 40.813 ], [ -3.6391, 40.8135 ], [ -3.6393, 40.8136 ], [ -3.6396, 40.8135 ], [ -3.639, 40.813 ], [ -3.6388, 40.8125 ], [ -3.6389, 40.8125 ], [ -3.6389, 40.8123 ], [ -3.6386, 40.812 ], [ -3.6382, 40.8119 ], [ -3.6382, 40.8118 ], [ -3.6377, 40.8121 ] ] ] } },
{ "type": "Feature", "properties": { "municipio": "Cabanillas de la Sierra", "clasificacion": "no-urbanizable-protegido", "calificacion": "sin-asignar", "version": "vigente", "fuente": "SIT-CAM WFS — UsoDelSuelo:VPLA_V_CLASIFICACION (https://idem.comunidad.madrid/geosrvg/ows)", "fecha_dato": "2026-05-12", "ambito": "88442", "_raw_CD_SIGLAS": "SNUP", "_raw_DS_CLASIF_GEN": "Suelo No Urbanizable Protegido", "_raw_DS_CLASIF_DET": "Suelo No Urbanizable de Protección. Cauces y Riberas. Valores Históricos", "_raw_DS_DOCU": "PLAN GENERAL", "_raw_DS_LEY": "CM Ley 9/2001, E Ley 6/1998", "_raw_FC_AC": "2015-10-13", "_raw_NM_AREA_M2": 12886.3908637484, "_cam_code": "029" }, "geometry": { "type": "Polygon", "coordinates": [ [ [ -3.6413, 40.8184 ], [ -3.6431, 40.8187 ], [ -3.6434, 40.819 ], [ -3.6437, 40.8188 ], [ -3.6436, 40.8186 ], [ -3.643, 40.8184 ], [ -3.6418, 40.8183 ], [ -3.6415, 40.8175 ], [ -3.6412, 40.8172 ], [ -3.6408, 40.8172 ], [ -3.6405, 40.8169 ], [ -3.6403, 40.8172 ], [ -3.6404, 40.8174 ], [ -3.6411, 40.8177 ], [ -3.6413, 40.8184 ] ] ] } },
{ "type": "Feature", "properties": { "municipio": "Cabanillas de la Sierra", "clasificacion": "no-urbanizable-protegido", "calificacion": "sin-asignar", "version": "vigente", "fuente": "SIT-CAM WFS — UsoDelSuelo:VPLA_V_CLASIFICACION (https://idem.comunidad.madrid/geosrvg/ows)", "fecha_dato": "2026-05-12", "ambito": "88442", "_raw_CD_SIGLAS": "SNUP", "_raw_DS_CLASIF_GEN": "Suelo No Urbanizable Protegido", "_raw_DS_CLASIF_DET": "Suelo No Urbanizable de Protección. Cauces y Riberas. Valores Históricos", "_raw_DS_DOCU": "PLAN GENERAL", "_raw_DS_LEY": "CM Ley 9/2001, E Ley 6/1998", "_raw_FC_AC": "2015-10-13", "_raw_NM_AREA_M2": 4709.1908246395296, "_cam_code": "029" }, "geometry": { "type": "Polygon", "coordinates": [ [ [ -3.646, 40.8218 ], [ -3.6464, 40.8218 ], [ -3.6464, 40.8217 ], [ -3.6451, 40.821 ], [ -3.6448, 40.8212 ], [ -3.6455, 40.8215 ], [ -3.6457, 40.8218 ], [ -3.646, 40.8218 ] ] ] } },
{ "type": "Feature", "properties": { "municipio": "Cabanillas de la Sierra", "clasificacion": "no-urbanizable-protegido", "calificacion": "sin-asignar", "version": "vigente", "fuente": "SIT-CAM WFS — UsoDelSuelo:VPLA_V_CLASIFICACION (https://idem.comunidad.madrid/geosrvg/ows)", "fecha_dato": "2026-05-12", "ambito": "88442", "_raw_CD_SIGLAS": "SNUP", "_raw_DS_CLASIF_GEN": "Suelo No Urbanizable Protegido", "_raw_DS_CLASIF_DET": "Suelo No Urbanizable de Protección. Vías Pecuarias", "_raw_DS_DOCU": "PLAN GENERAL", "_raw_DS_LEY": "CM Ley 9/2001, E Ley 6/1998", "_raw_FC_AC": "2015-10-13", "_raw_NM_AREA_M2": 34814.567487923501, "_cam_code": "029" }, "geometry": { "type": "Polygon", "coordinates": [ [ [ -3.6182, 40.8211 ], [ -3.6185, 40.8215 ], [ -3.6185, 40.8217 ], [ -3.6203, 40.8216 ], [ -3.6202, 40.8214 ], [ -3.6203, 40.8211 ], [ -3.6205, 40.8211 ], [ -3.6205, 40.8213 ], [ -3.6208, 40.8213 ], [ -3.6211, 40.8193 ], [ -3.6211, 40.8191 ], [ -3.6207, 40.8186 ], [ -3.6201, 40.8184 ], [ -3.6191, 40.8174 ], [ -3.6186, 40.8173 ], [ -3.6185, 40.8163 ], [ -3.6189, 40.8159 ], [ -3.6189, 40.8145 ], [ -3.6188, 40.8143 ], [ -3.6189, 40.8131 ], [ -3.6187, 40.8132 ], [ -3.6186, 40.8137 ], [ -3.6187, 40.8156 ], [ -3.6182, 40.8164 ], [ -3.6183, 40.8172 ], [ -3.6185, 40.8175 ], [ -3.619, 40.8176 ], [ -3.6195, 40.8182 ], [ -3.6197, 40.8182 ], [ -3.62, 40.8185 ], [ -3.6203, 40.8186 ], [ -3.6207, 40.8191 ], [ -3.6208, 40.8196 ], [ -3.6205, 40.8209 ], [ -3.6202, 40.8208 ], [ -3.6195, 40.821 ], [ -3.6182, 40.821 ], [ -3.6177, 40.8208 ], [ -3.6182, 40.8211 ] ] ] } },
{ "type": "Feature", "properties": { "municipio": "Cabanillas de la Sierra", "clasificacion": "no-urbanizable-protegido", "calificacion": "sin-asignar", "version": "vigente", "fuente": "SIT-CAM WFS — UsoDelSuelo:VPLA_V_CLASIFICACION (https://idem.comunidad.madrid/geosrvg/ows)", "fecha_dato": "2026-05-12", "ambito": "88442", "_raw_CD_SIGLAS": "SNUP", "_raw_DS_CLASIF_GEN": "Suelo No Urbanizable Protegido", "_raw_DS_CLASIF_DET": "Suelo No Urbanizable de Protección. Vías Pecuarias", "_raw_DS_DOCU": "PLAN GENERAL", "_raw_DS_LEY": "CM Ley 9/2001, E Ley 6/1998", "_raw_FC_AC": "2015-10-13", "_raw_NM_AREA_M2": 19105.0563287599, "_cam_code": "029" }, "geometry": { "type": "Polygon", "coordinates": [ [ [ -3.6213, 40.822 ], [ -3.6239, 40.8222 ], [ -3.6239, 40.8221 ], [ -3.6243, 40.822 ], [ -3.6248, 40.822 ], [ -3.6256, 40.8218 ], [ -3.6254, 40.8217 ], [ -3.625, 40.8219 ], [ -3.6235, 40.8219 ], [ -3.6233, 40.8218 ], [ -3.6232, 40.8215 ], [ -3.6214, 40.8213 ], [ -3.6211, 40.8211 ], [ -3.621, 40.8215 ], [ -3.6206, 40.8216 ], [ -3.6213, 40.822 ] ] ] } },
{ "type": "Feature", "properties": { "municipio": "Cabanillas de la Sierra", "clasificacion": "no-urbanizable-protegido", "calificacion": "sin-asignar", "version": "vigente", "fuente": "SIT-CAM WFS — UsoDelSuelo:VPLA_V_CLASIFICACION (https://idem.comunidad.madrid/geosrvg/ows)", "fecha_dato": "2026-05-12", "ambito": "88442", "_raw_CD_SIGLAS": "SNUP", "_raw_DS_CLASIF_GEN": "Suelo No Urbanizable Protegido", "_raw_DS_CLASIF_DET": "Suelo No Urbanizable de Protección. Vías Pecuarias", "_raw_DS_DOCU": "PLAN GENERAL", "_raw_DS_LEY": "CM Ley 9/2001, E Ley 6/1998", "_raw_FC_AC": "2015-10-13", "_raw_NM_AREA_M2": 6228.9553685686897, "_cam_code": "029" }, "geometry": { "type": "Polygon", "coordinates": [ [ [ -3.6416, 40.8217 ], [ -3.6431, 40.822 ], [ -3.6444, 40.8223 ], [ -3.6442, 40.822 ], [ -3.6435, 40.8218 ], [ -3.6416, 40.8215 ], [ -3.6416, 40.8217 ] ] ] } },
{ "type": "Feature", "properties": { "municipio": "Cabanillas de la Sierra", "clasificacion": "no-urbanizable-protegido", "calificacion": "sin-asignar", "version": "vigente", "fuente": "SIT-CAM WFS — UsoDelSuelo:VPLA_V_CLASIFICACION (https://idem.comunidad.madrid/geosrvg/ows)", "fecha_dato": "2026-05-12", "ambito": "88442", "_raw_CD_SIGLAS": "SNUP", "_raw_DS_CLASIF_GEN": "Suelo No Urbanizable Protegido", "_raw_DS_CLASIF_DET": "Suelo No Urbanizable de Protección. Vías Pecuarias", "_raw_DS_DOCU": "PLAN GENERAL", "_raw_DS_LEY": "CM Ley 9/2001, E Ley 6/1998", "_raw_FC_AC": "2015-10-13", "_raw_NM_AREA_M2": 227.42470388244001, "_cam_code": "029" }, "geometry": { "type": "Polygon", "coordinates": [ [ [ -3.6519, 40.8264 ], [ -3.652, 40.8264 ], [ -3.6522, 40.8264 ], [ -3.6521, 40.8262 ], [ -3.6519, 40.8264 ] ] ] } },
{ "type": "Feature", "properties": { "municipio": "Cabanillas de la Sierra", "clasificacion": "no-urbanizable-protegido", "calificacion": "sin-asignar", "version": "vigente", "fuente": "SIT-CAM WFS — UsoDelSuelo:VPLA_V_CLASIFICACION (https://idem.comunidad.madrid/geosrvg/ows)", "fecha_dato": "2026-05-12", "ambito": "88442", "_raw_CD_SIGLAS": "SNUP", "_raw_DS_CLASIF_GEN": "Suelo No Urbanizable Protegido", "_raw_DS_CLASIF_DET": "Suelo No Urbanizable de Protección. Vías Pecuarias", "_raw_DS_DOCU": "PLAN GENERAL", "_raw_DS_LEY": "CM Ley 9/2001, E Ley 6/1998", "_raw_FC_AC": "2015-10-13", "_raw_NM_AREA_M2": 6569.4371254040898, "_cam_code": "029" }, "geometry": { "type": "Polygon", "coordinates": [ [ [ -3.625, 40.8309 ], [ -3.6254, 40.8315 ], [ -3.6256, 40.831 ], [ -3.6262, 40.8312 ], [ -3.6261, 40.8311 ], [ -3.6262, 40.8304 ], [ -3.6254, 40.8305 ], [ -3.6254, 40.8307 ], [ -3.625, 40.8309 ] ] ] } },
{ "type": "Feature", "properties": { "municipio": "Cabanillas de la Sierra", "clasificacion": "no-urbanizable-protegido", "calificacion": "sin-asignar", "version": "vigente", "fuente": "SIT-CAM WFS — UsoDelSuelo:VPLA_V_CLASIFICACION (https://idem.comunidad.madrid/geosrvg/ows)", "fecha_dato": "2026-05-12", "ambito": "88442", "_raw_CD_SIGLAS": "SNUP", "_raw_DS_CLASIF_GEN": "Suelo No Urbanizable Protegido", "_raw_DS_CLASIF_DET": "Suelo No Urbanizable de Protección. Vías Pecuarias", "_raw_DS_DOCU": "PLAN GENERAL", "_raw_DS_LEY": "CM Ley 9/2001, E Ley 6/1998", "_raw_FC_AC": "2015-10-13", "_raw_NM_AREA_M2": 874.30030018762898, "_cam_code": "029" }, "geometry": { "type": "Polygon", "coordinates": [ [ [ -3.6248, 40.8313 ], [ -3.625, 40.8315 ], [ -3.6252, 40.8318 ], [ -3.6249, 40.8311 ], [ -3.6248, 40.8313 ] ] ] } },
{ "type": "Feature", "properties": { "municipio": "Cabanillas de la Sierra", "clasificacion": "no-urbanizable-protegido", "calificacion": "sin-asignar", "version": "vigente", "fuente": "SIT-CAM WFS — UsoDelSuelo:VPLA_V_CLASIFICACION (https://idem.comunidad.madrid/geosrvg/ows)", "fecha_dato": "2026-05-12", "ambito": "88442", "_raw_CD_SIGLAS": "SNUP", "_raw_DS_CLASIF_GEN": "Suelo No Urbanizable Protegido", "_raw_DS_CLASIF_DET": "Suelo No Urbanizable de Protección. Vías Pecuarias", "_raw_DS_DOCU": "PLAN GENERAL", "_raw_DS_LEY": "CM Ley 9/2001, E Ley 6/1998", "_raw_FC_AC": "2015-10-13", "_raw_NM_AREA_M2": 187555.93241894801, "_cam_code": "029" }, "geometry": { "type": "Polygon", "coordinates": [ [ [ -3.6503, 40.8323 ], [ -3.6531, 40.8329 ], [ -3.6533, 40.8323 ], [ -3.6533, 40.8279 ], [ -3.653, 40.8272 ], [ -3.653, 40.8269 ], [ -3.6526, 40.8265 ], [ -3.6523, 40.8266 ], [ -3.6529, 40.8274 ], [ -3.653, 40.8279 ], [ -3.6529, 40.828 ], [ -3.653, 40.8284 ], [ -3.6529, 40.8286 ], [ -3.6529, 40.8295 ], [ -3.6531, 40.8301 ], [ -3.6531, 40.8307 ], [ -3.6524, 40.8323 ], [ -3.6499, 40.8318 ], [ -3.6489, 40.8313 ], [ -3.6439, 40.8308 ], [ -3.6422, 40.8308 ], [ -3.6408, 40.8304 ], [ -3.6403, 40.8304 ], [ -3.6399, 40.8306 ], [ -3.6373, 40.831 ], [ -3.6363, 40.8313 ], [ -3.6355, 40.8311 ], [ -3.6333, 40.8317 ], [ -3.6325, 40.8307 ], [ -3.6328, 40.8295 ], [ -3.6328, 40.8292 ], [ -3.6326, 40.8288 ], [ -3.6319, 40.8281 ], [ -3.6318, 40.8276 ], [ -3.6313, 40.8273 ], [ -3.6308, 40.8272 ], [ -3.6308, 40.8271 ], [ -3.63, 40.8269 ], [ -3.6297, 40.8266 ], [ -3.6295, 40.8259 ], [ -3.6294, 40.8259 ], [ -3.6291, 40.8253 ], [ -3.629, 40.8242 ], [ -3.6287, 40.8239 ], [ -3.6287, 40.8237 ], [ -3.6284, 40.8235 ], [ -3.6283, 40.823 ], [ -3.6281, 40.8227 ], [ -3.628, 40.822 ], [ -3.6284, 40.8216 ], [ -3.6286, 40.8216 ], [ -3.6286, 40.8214 ], [ -3.6292, 40.8213 ], [ -3.6305, 40.8206 ], [ -3.6305, 40.8205 ], [ -3.6309, 40.8205 ], [ -3.6326, 40.82 ], [ -3.6347, 40.8188 ], [ -3.6337, 40.8186 ], [ -3.6313, 40.8197 ], [ -3.63, 40.82 ], [ -3.6287, 40.8206 ], [ -3.6277, 40.8205 ], [ -3.6277, 40.8215 ], [ -3.6276, 40.8215 ], [ -3.6276, 40.8217 ], [ -3.6278, 40.8219 ], [ -3.6278, 40.8225 ], [ -3.6279, 40.8225 ], [ -3.6279, 40.8228 ], [ -3.6284, 40.824 ], [ -3.6286, 40.8249 ], [ -3.6288, 40.8251 ], [ -3.6284, 40.8254 ], [ -3.6282, 40.8258 ], [ -3.6277, 40.8263 ], [ -3.6276, 40.827 ], [ -3.6278, 40.8268 ], [ -3.6278, 40.8266 ], [ -3.6281, 40.8264 ], [ -3.6281, 40.8262 ], [ -3.6285, 40.8259 ], [ -3.6286, 40.8256 ], [ -3.6288, 40.826 ], [ -3.6288, 40.8266 ], [ -3.6289, 40.8266 ], [ -3.629, 40.8269 ], [ -3.6299, 40.827 ], [ -3.63, 40.8272 ], [ -3.6306, 40.8272 ], [ -3.6306, 40.8273 ], [ -3.6311, 40.8274 ], [ -3.6313, 40.828 ], [ -3.6319, 40.8285 ], [ -3.6323, 40.8292 ], [ -3.6324, 40.8299 ], [ -3.6319, 40.8305 ], [ -3.6321, 40.8309 ], [ -3.6324, 40.8311 ], [ -3.6331, 40.8321 ], [ -3.6355, 40.8314 ], [ -3.6358, 40.8314 ], [ -3.636, 40.8318 ], [ -3.6365, 40.8316 ], [ -3.639, 40.8312 ], [ -3.6404, 40.8307 ], [ -3.641, 40.8307 ], [ -3.6422, 40.831 ], [ -3.6439, 40.831 ], [ -3.6461, 40.8312 ], [ -3.6462, 40.8314 ], [ -3.6484, 40.8316 ], [ -3.6503, 40.8323 ] ] ] } },
{ "type": "Feature", "properties": { "municipio": "Cabanillas de la Sierra", "clasificacion": "no-urbanizable-protegido", "calificacion": "sin-asignar", "version": "vigente", "fuente": "SIT-CAM WFS — UsoDelSuelo:VPLA_V_CLASIFICACION (https://idem.comunidad.madrid/geosrvg/ows)", "fecha_dato": "2026-05-12", "ambito": "88442", "_raw_CD_SIGLAS": "SNUP", "_raw_DS_CLASIF_GEN": "Suelo No Urbanizable Protegido", "_raw_DS_CLASIF_DET": "Suelo No Urbanizable de Protección. Vías Pecuarias", "_raw_DS_DOCU": "PLAN GENERAL", "_raw_DS_LEY": "CM Ley 9/2001, E Ley 6/1998", "_raw_FC_AC": "2015-10-13", "_raw_NM_AREA_M2": 187.37933763887901, "_cam_code": "029" }, "geometry": { "type": "Polygon", "coordinates": [ [ [ -3.6295, 40.8362 ], [ -3.6295, 40.8363 ], [ -3.6296, 40.8365 ], [ -3.6298, 40.8367 ], [ -3.6295, 40.8362 ] ] ] } },
{ "type": "Feature", "properties": { "municipio": "Cabanillas de la Sierra", "clasificacion": "no-urbanizable-protegido", "calificacion": "sin-asignar", "version": "vigente", "fuente": "SIT-CAM WFS — UsoDelSuelo:VPLA_V_CLASIFICACION (https://idem.comunidad.madrid/geosrvg/ows)", "fecha_dato": "2026-05-12", "ambito": "88442", "_raw_CD_SIGLAS": "SNUP", "_raw_DS_CLASIF_GEN": "Suelo No Urbanizable Protegido", "_raw_DS_CLASIF_DET": "Suelo No Urbanizable de Protección. Vías Pecuarias", "_raw_DS_DOCU": "PLAN GENERAL", "_raw_DS_LEY": "CM Ley 9/2001, E Ley 6/1998", "_raw_FC_AC": "2015-10-13", "_raw_NM_AREA_M2": 14667.7781723892, "_cam_code": "029" }, "geometry": { "type": "Polygon", "coordinates": [ [ [ -3.6241, 40.8346 ], [ -3.624, 40.8353 ], [ -3.6238, 40.8357 ], [ -3.6227, 40.8364 ], [ -3.6226, 40.8365 ], [ -3.6224, 40.8366 ], [ -3.6223, 40.8368 ], [ -3.6223, 40.8368 ], [ -3.6225, 40.8366 ], [ -3.6227, 40.8364 ], [ -3.6243, 40.8357 ], [ -3.6247, 40.8352 ], [ -3.6249, 40.8347 ], [ -3.6249, 40.8343 ], [ -3.6253, 40.8344 ], [ -3.6254, 40.834 ], [ -3.6246, 40.834 ], [ -3.6246, 40.8335 ], [ -3.6241, 40.8346 ] ] ] } },
{ "type": "Feature", "properties": { "municipio": "Cabanillas de la Sierra", "clasificacion": "no-urbanizable-protegido", "calificacion": "sin-asignar", "version": "vigente", "fuente": "SIT-CAM WFS — UsoDelSuelo:VPLA_V_CLASIFICACION (https://idem.comunidad.madrid/geosrvg/ows)", "fecha_dato": "2026-05-12", "ambito": "88442", "_raw_CD_SIGLAS": "SNUP", "_raw_DS_CLASIF_GEN": "Suelo No Urbanizable Protegido", "_raw_DS_CLASIF_DET": "Suelo No Urbanizable de Protección. Vías Pecuarias", "_raw_DS_DOCU": "PLAN GENERAL", "_raw_DS_LEY": "CM Ley 9/2001, E Ley 6/1998", "_raw_FC_AC": "2015-10-13", "_raw_NM_AREA_M2": 66.827469332896897, "_cam_code": "029" }, "geometry": { "type": "Polygon", "coordinates": [ [ [ -3.6304, 40.8375 ], [ -3.6303, 40.8375 ], [ -3.6305, 40.8377 ], [ -3.6304, 40.8375 ] ] ] } },
{ "type": "Feature", "properties": { "municipio": "Cabanillas de la Sierra", "clasificacion": "no-urbanizable-protegido", "calificacion": "sin-asignar", "version": "vigente", "fuente": "SIT-CAM WFS — UsoDelSuelo:VPLA_V_CLASIFICACION (https://idem.comunidad.madrid/geosrvg/ows)", "fecha_dato": "2026-05-12", "ambito": "88442", "_raw_CD_SIGLAS": "SNUP", "_raw_DS_CLASIF_GEN": "Suelo No Urbanizable Protegido", "_raw_DS_CLASIF_DET": "Suelo No Urbanizable de Protección. Vías Pecuarias", "_raw_DS_DOCU": "PLAN GENERAL", "_raw_DS_LEY": "CM Ley 9/2001, E Ley 6/1998", "_raw_FC_AC": "2015-10-13", "_raw_NM_AREA_M2": 1300.5130318331101, "_cam_code": "029" }, "geometry": { "type": "Polygon", "coordinates": [ [ [ -3.6221, 40.837 ], [ -3.6217, 40.8371 ], [ -3.6213, 40.8379 ], [ -3.622, 40.8372 ], [ -3.6221, 40.837 ] ] ] } },
{ "type": "Feature", "properties": { "municipio": "Cabanillas de la Sierra", "clasificacion": "no-urbanizable-protegido", "calificacion": "sin-asignar", "version": "vigente", "fuente": "SIT-CAM WFS — UsoDelSuelo:VPLA_V_CLASIFICACION (https://idem.comunidad.madrid/geosrvg/ows)", "fecha_dato": "2026-05-12", "ambito": "88442", "_raw_CD_SIGLAS": "SNUP", "_raw_DS_CLASIF_GEN": "Suelo No Urbanizable Protegido", "_raw_DS_CLASIF_DET": "Suelo No Urbanizable de Protección. Vías Pecuarias", "_raw_DS_DOCU": "PLAN GENERAL", "_raw_DS_LEY": "CM Ley 9/2001, E Ley 6/1998", "_raw_FC_AC": "2015-10-13", "_raw_NM_AREA_M2": 240.05426557119401, "_cam_code": "029" }, "geometry": { "type": "Polygon", "coordinates": [ [ [ -3.6307, 40.8382 ], [ -3.6307, 40.8383 ], [ -3.6307, 40.8384 ], [ -3.6309, 40.8381 ], [ -3.6307, 40.838 ], [ -3.6307, 40.8382 ] ] ] } },
{ "type": "Feature", "properties": { "municipio": "Cabanillas de la Sierra", "clasificacion": "no-urbanizable-protegido", "calificacion": "sin-asignar", "version": "vigente", "fuente": "SIT-CAM WFS — UsoDelSuelo:VPLA_V_CLASIFICACION (https://idem.comunidad.madrid/geosrvg/ows)", "fecha_dato": "2026-05-12", "ambito": "88442", "_raw_CD_SIGLAS": "SNUP", "_raw_DS_CLASIF_GEN": "Suelo No Urbanizable Protegido", "_raw_DS_CLASIF_DET": "Suelo No Urbanizable de Protección. Vías Pecuarias", "_raw_DS_DOCU": "PLAN GENERAL", "_raw_DS_LEY": "CM Ley 9/2001, E Ley 6/1998", "_raw_FC_AC": "2015-10-13", "_raw_NM_AREA_M2": 1365.86381580906, "_cam_code": "029" }, "geometry": { "type": "Polygon", "coordinates": [ [ [ -3.6402, 40.8386 ], [ -3.6406, 40.8391 ], [ -3.6413, 40.8395 ], [ -3.6415, 40.8395 ], [ -3.6402, 40.8386 ] ] ] } },
{ "type": "Feature", "properties": { "municipio": "Cabanillas de la Sierra", "clasificacion": "no-urbanizable-protegido", "calificacion": "sin-asignar", "version": "vigente", "fuente": "SIT-CAM WFS — UsoDelSuelo:VPLA_V_CLASIFICACION (https://idem.comunidad.madrid/geosrvg/ows)", "fecha_dato": "2026-05-12", "ambito": "88442", "_raw_CD_SIGLAS": "SNUP", "_raw_DS_CLASIF_GEN": "Suelo No Urbanizable Protegido", "_raw_DS_CLASIF_DET": "Suelo No Urbanizable de Protección. Vías Pecuarias", "_raw_DS_DOCU": "PLAN GENERAL", "_raw_DS_LEY": "CM Ley 9/2001, E Ley 6/1998", "_raw_FC_AC": "2015-10-13", "_raw_NM_AREA_M2": 10933.198822980799, "_cam_code": "029" }, "geometry": { "type": "Polygon", "coordinates": [ [ [ -3.6209, 40.8408 ], [ -3.621, 40.8408 ], [ -3.6216, 40.8395 ], [ -3.6224, 40.8374 ], [ -3.6231, 40.8366 ], [ -3.6236, 40.8364 ], [ -3.6241, 40.836 ], [ -3.6239, 40.836 ], [ -3.6228, 40.8366 ], [ -3.6221, 40.8373 ], [ -3.6215, 40.8388 ], [ -3.6215, 40.8389 ], [ -3.6217, 40.8389 ], [ -3.6209, 40.8408 ] ] ] } },
{ "type": "Feature", "properties": { "municipio": "Cabanillas de la Sierra", "clasificacion": "no-urbanizable-protegido", "calificacion": "sin-asignar", "version": "vigente", "fuente": "SIT-CAM WFS — UsoDelSuelo:VPLA_V_CLASIFICACION (https://idem.comunidad.madrid/geosrvg/ows)", "fecha_dato": "2026-05-12", "ambito": "88442", "_raw_CD_SIGLAS": "SNUP", "_raw_DS_CLASIF_GEN": "Suelo No Urbanizable Protegido", "_raw_DS_CLASIF_DET": "Suelo No Urbanizable de Protección. Vías Pecuarias", "_raw_DS_DOCU": "PLAN GENERAL", "_raw_DS_LEY": "CM Ley 9/2001, E Ley 6/1998", "_raw_FC_AC": "2015-10-13", "_raw_NM_AREA_M2": 52839.023325055699, "_cam_code": "029" }, "geometry": { "type": "Polygon", "coordinates": [ [ [ -3.6455, 40.8424 ], [ -3.6471, 40.8426 ], [ -3.6474, 40.8423 ], [ -3.6476, 40.8415 ], [ -3.6481, 40.8408 ], [ -3.6485, 40.8405 ], [ -3.6486, 40.8396 ], [ -3.6484, 40.839 ], [ -3.6486, 40.8382 ], [ -3.6492, 40.838 ], [ -3.6501, 40.8381 ], [ -3.6501, 40.8374 ], [ -3.6502, 40.8373 ], [ -3.6496, 40.8377 ], [ -3.6473, 40.8377 ], [ -3.6462, 40.8381 ], [ -3.6461, 40.8383 ], [ -3.6456, 40.8382 ], [ -3.6449, 40.8383 ], [ -3.6436, 40.839 ], [ -3.6435, 40.8393 ], [ -3.6431, 40.8396 ], [ -3.6428, 40.8396 ], [ -3.6428, 40.8397 ], [ -3.6426, 40.8397 ], [ -3.6424, 40.8399 ], [ -3.6393, 40.8378 ], [ -3.6393, 40.8377 ], [ -3.6378, 40.8368 ], [ -3.6426, 40.8402 ], [ -3.6443, 40.839 ], [ -3.6448, 40.8388 ], [ -3.6448, 40.8387 ], [ -3.6457, 40.8385 ], [ -3.6459, 40.8386 ], [ -3.6471, 40.8381 ], [ -3.6481, 40.838 ], [ -3.6482, 40.8381 ], [ -3.648, 40.8386 ], [ -3.648, 40.8391 ], [ -3.6482, 40.8396 ], [ -3.6481, 40.8402 ], [ -3.648, 40.8405 ], [ -3.6473, 40.8411 ], [ -3.6469, 40.8423 ], [ -3.6465, 40.8422 ], [ -3.6456, 40.8423 ], [ -3.6451, 40.8421 ], [ -3.6455, 40.8424 ] ] ] } },
{ "type": "Feature", "properties": { "municipio": "Cabanillas de la Sierra", "clasificacion": "no-urbanizable-protegido", "calificacion": "sin-asignar", "version": "vigente", "fuente": "SIT-CAM WFS — UsoDelSuelo:VPLA_V_CLASIFICACION (https://idem.comunidad.madrid/geosrvg/ows)", "fecha_dato": "2026-05-12", "ambito": "88442", "_raw_CD_SIGLAS": "SNUP", "_raw_DS_CLASIF_GEN": "Suelo No Urbanizable Protegido", "_raw_DS_CLASIF_DET": "Suelo No Urbanizable de Protección. Vías Pecuarias", "_raw_DS_DOCU": "PLAN GENERAL", "_raw_DS_LEY": "CM Ley 9/2001, E Ley 6/1998", "_raw_FC_AC": "2015-10-13", "_raw_NM_AREA_M2": 52245.658190574803, "_cam_code": "029" }, "geometry": { "type": "Polygon", "coordinates": [ [ [ -3.6348, 40.8433 ], [ -3.6351, 40.8432 ], [ -3.6347, 40.8427 ], [ -3.6347, 40.8424 ], [ -3.6352, 40.8417 ], [ -3.6351, 40.8415 ], [ -3.6339, 40.8414 ], [ -3.6339, 40.8415 ], [ -3.6336, 40.8415 ], [ -3.6336, 40.8416 ], [ -3.633, 40.8416 ], [ -3.6317, 40.842 ], [ -3.6311, 40.8416 ], [ -3.6312, 40.8401 ], [ -3.6313, 40.8399 ], [ -3.6318, 40.8396 ], [ -3.6323, 40.8396 ], [ -3.6329, 40.8398 ], [ -3.6329, 40.8399 ], [ -3.6335, 40.8402 ], [ -3.6336, 40.84 ], [ -3.6333, 40.839 ], [ -3.6334, 40.8385 ], [ -3.6338, 40.8385 ], [ -3.6338, 40.8384 ], [ -3.6353, 40.8381 ], [ -3.6363, 40.8384 ], [ -3.6365, 40.8387 ], [ -3.6369, 40.8383 ], [ -3.6373, 40.8383 ], [ -3.6375, 40.8381 ], [ -3.6377, 40.8373 ], [ -3.6379, 40.837 ], [ -3.6378, 40.8369 ], [ -3.6377, 40.8369 ], [ -3.6376, 40.8373 ], [ -3.6371, 40.8379 ], [ -3.6366, 40.8383 ], [ -3.6354, 40.838 ], [ -3.6336, 40.8382 ], [ -3.6329, 40.838 ], [ -3.631, 40.8379 ], [ -3.6311, 40.8382 ], [ -3.6312, 40.8381 ], [ -3.6321, 40.8381 ], [ -3.6323, 40.8385 ], [ -3.6323, 40.8388 ], [ -3.6322, 40.8391 ], [ -3.6317, 40.8394 ], [ -3.6309, 40.8396 ], [ -3.6308, 40.8415 ], [ -3.6315, 40.8421 ], [ -3.6326, 40.842 ], [ -3.6337, 40.8417 ], [ -3.6337, 40.8416 ], [ -3.6349, 40.8416 ], [ -3.6349, 40.8418 ], [ -3.6344, 40.8425 ], [ -3.6348, 40.8433 ] ] ] } },
{ "type": "Feature", "properties": { "municipio": "Cabanillas de la Sierra", "clasificacion": "no-urbanizable-protegido", "calificacion": "sin-asignar", "version": "vigente", "fuente": "SIT-CAM WFS — UsoDelSuelo:VPLA_V_CLASIFICACION (https://idem.comunidad.madrid/geosrvg/ows)", "fecha_dato": "2026-05-12", "ambito": "88442", "_raw_CD_SIGLAS": "SNUP", "_raw_DS_CLASIF_GEN": "Suelo No Urbanizable Protegido", "_raw_DS_CLASIF_DET": "Suelo No Urbanizable de Protección. Vías Pecuarias", "_raw_DS_DOCU": "PLAN GENERAL", "_raw_DS_LEY": "CM Ley 9/2001, E Ley 6/1998", "_raw_FC_AC": "2015-10-13", "_raw_NM_AREA_M2": 33665.673648844597, "_cam_code": "029" }, "geometry": { "type": "Polygon", "coordinates": [ [ [ -3.6448, 40.8421 ], [ -3.6443, 40.8422 ], [ -3.6409, 40.8449 ], [ -3.6393, 40.846 ], [ -3.6391, 40.846 ], [ -3.6369, 40.8446 ], [ -3.6369, 40.8451 ], [ -3.6374, 40.8452 ], [ -3.639, 40.8465 ], [ -3.6392, 40.8465 ], [ -3.6447, 40.8424 ], [ -3.6448, 40.8424 ], [ -3.645, 40.8424 ], [ -3.645, 40.8424 ], [ -3.6451, 40.8424 ], [ -3.6451, 40.8424 ], [ -3.6451, 40.8424 ], [ -3.6452, 40.8424 ], [ -3.6453, 40.8424 ], [ -3.6454, 40.8425 ], [ -3.6455, 40.8425 ], [ -3.6448, 40.8421 ] ] ] } },
{ "type": "Feature", "properties": { "municipio": "Cabanillas de la Sierra", "clasificacion": "no-urbanizable-protegido", "calificacion": "sin-asignar", "version": "vigente", "fuente": "SIT-CAM WFS — UsoDelSuelo:VPLA_V_CLASIFICACION (https://idem.comunidad.madrid/geosrvg/ows)", "fecha_dato": "2026-05-12", "ambito": "88442", "_raw_CD_SIGLAS": "SNUP", "_raw_DS_CLASIF_GEN": "Suelo No Urbanizable Protegido", "_raw_DS_CLASIF_DET": "Suelo No Urbanizable de Protección. Vías Pecuarias. Montes Preservados", "_raw_DS_DOCU": "PLAN GENERAL", "_raw_DS_LEY": "CM Ley 9/2001, E Ley 6/1998", "_raw_FC_AC": "2015-10-13", "_raw_NM_AREA_M2": 341.40744284566301, "_cam_code": "029" }, "geometry": { "type": "Polygon", "coordinates": [ [ [ -3.6416, 40.8215 ], [ -3.6413, 40.8216 ], [ -3.6416, 40.8217 ], [ -3.6416, 40.8215 ] ] ] } },
{ "type": "Feature", "properties": { "municipio": "Cabanillas de la Sierra", "clasificacion": "no-urbanizable-protegido", "calificacion": "sin-asignar", "version": "vigente", "fuente": "SIT-CAM WFS — UsoDelSuelo:VPLA_V_CLASIFICACION (https://idem.comunidad.madrid/geosrvg/ows)", "fecha_dato": "2026-05-12", "ambito": "88442", "_raw_CD_SIGLAS": "SNUP", "_raw_DS_CLASIF_GEN": "Suelo No Urbanizable Protegido", "_raw_DS_CLASIF_DET": "Suelo No Urbanizable de Protección. Vías Pecuarias. Montes Preservados", "_raw_DS_DOCU": "PLAN GENERAL", "_raw_DS_LEY": "CM Ley 9/2001, E Ley 6/1998", "_raw_FC_AC": "2015-10-13", "_raw_NM_AREA_M2": 1051.2799295433699, "_cam_code": "029" }, "geometry": { "type": "Polygon", "coordinates": [ [ [ -3.6215, 40.8389 ], [ -3.6214, 40.8395 ], [ -3.6209, 40.8408 ], [ -3.6217, 40.8389 ], [ -3.6215, 40.8389 ] ] ] } },
{ "type": "Feature", "properties": { "municipio": "Cabanillas de la Sierra", "clasificacion": "no-urbanizable-protegido", "calificacion": "sin-asignar", "version": "vigente", "fuente": "SIT-CAM WFS — UsoDelSuelo:VPLA_V_CLASIFICACION (https://idem.comunidad.madrid/geosrvg/ows)", "fecha_dato": "2026-05-12", "ambito": "88442", "_raw_CD_SIGLAS": "SNUP", "_raw_DS_CLASIF_GEN": "Suelo No Urbanizable Protegido", "_raw_DS_CLASIF_DET": "Suelo No Urbanizable de Protección. Cauces y Riberas. Valores Históricos", "_raw_DS_DOCU": "PLAN GENERAL", "_raw_DS_LEY": "CM Ley 9/2001, E Ley 6/1998", "_raw_FC_AC": "2015-10-13", "_raw_NM_AREA_M2": 5789.2959307830897, "_cam_code": "029" }, "geometry": { "type": "Polygon", "coordinates": [ [ [ -3.6158, 40.8222 ], [ -3.6154, 40.8226 ], [ -3.6151, 40.8227 ], [ -3.615, 40.8231 ], [ -3.6157, 40.8226 ], [ -3.6158, 40.8223 ], [ -3.6186, 40.8222 ], [ -3.6186, 40.822 ], [ -3.6185, 40.8221 ], [ -3.6178, 40.8221 ], [ -3.6178, 40.822 ], [ -3.6172, 40.8222 ], [ -3.6158, 40.8222 ] ] ] } },
{ "type": "Feature", "properties": { "municipio": "Cabanillas de la Sierra", "clasificacion": "no-urbanizable-protegido", "calificacion": "sin-asignar", "version": "vigente", "fuente": "SIT-CAM WFS — UsoDelSuelo:VPLA_V_CLASIFICACION (https://idem.comunidad.madrid/geosrvg/ows)", "fecha_dato": "2026-05-12", "ambito": "88442", "_raw_CD_SIGLAS": "SNUP", "_raw_DS_CLASIF_GEN": "Suelo No Urbanizable Protegido", "_raw_DS_CLASIF_DET": "Suelo No Urbanizable de Protección. Cauces y Riberas. Valores Históricos", "_raw_DS_DOCU": "PLAN GENERAL", "_raw_DS_LEY": "CM Ley 9/2001, E Ley 6/1998", "_raw_FC_AC": "2015-10-13", "_raw_NM_AREA_M2": 5761.2333927761301, "_cam_code": "029" }, "geometry": { "type": "Polygon", "coordinates": [ [ [ -3.6121, 40.8229 ], [ -3.6123, 40.8234 ], [ -3.6121, 40.8236 ], [ -3.6124, 40.8236 ], [ -3.6127, 40.8231 ], [ -3.6139, 40.8234 ], [ -3.6145, 40.8233 ], [ -3.6145, 40.8231 ], [ -3.6136, 40.8232 ], [ -3.6133, 40.823 ], [ -3.6125, 40.8228 ], [ -3.6121, 40.8229 ] ] ] } },
{ "type": "Feature", "properties": { "municipio": "Cabanillas de la Sierra", "clasificacion": "no-urbanizable-protegido", "calificacion": "sin-asignar", "version": "vigente", "fuente": "SIT-CAM WFS — UsoDelSuelo:VPLA_V_CLASIFICACION (https://idem.comunidad.madrid/geosrvg/ows)", "fecha_dato": "2026-05-12", "ambito": "88442", "_raw_CD_SIGLAS": "SNUP", "_raw_DS_CLASIF_GEN": "Suelo No Urbanizable Protegido", "_raw_DS_CLASIF_DET": "Suelo No Urbanizable de Protección. Cauces y Riberas. Valores Históricos", "_raw_DS_DOCU": "PLAN GENERAL", "_raw_DS_LEY": "CM Ley 9/2001, E Ley 6/1998", "_raw_FC_AC": "2015-10-13", "_raw_NM_AREA_M2": 22680.1393131685, "_cam_code": "029" }, "geometry": { "type": "Polygon", "coordinates": [ [ [ -3.6512, 40.8262 ], [ -3.6521, 40.8261 ], [ -3.6513, 40.8256 ], [ -3.6511, 40.8256 ], [ -3.6513, 40.8257 ], [ -3.6513, 40.8259 ], [ -3.6511, 40.8259 ], [ -3.6509, 40.8256 ], [ -3.6505, 40.8255 ], [ -3.6503, 40.8252 ], [ -3.65, 40.8252 ], [ -3.65, 40.8251 ], [ -3.6496, 40.825 ], [ -3.6497, 40.8247 ], [ -3.6495, 40.8245 ], [ -3.6496, 40.8245 ], [ -3.6494, 40.824 ], [ -3.649, 40.8235 ], [ -3.6489, 40.8236 ], [ -3.6484, 40.8236 ], [ -3.6483, 40.8233 ], [ -3.6477, 40.8231 ], [ -3.6477, 40.8227 ], [ -3.6481, 40.8227 ], [ -3.6478, 40.8223 ], [ -3.6467, 40.8219 ], [ -3.6462, 40.8219 ], [ -3.6461, 40.8221 ], [ -3.6468, 40.8223 ], [ -3.6474, 40.823 ], [ -3.648, 40.8233 ], [ -3.648, 40.8236 ], [ -3.6482, 40.8238 ], [ -3.6487, 40.824 ], [ -3.6491, 40.824 ], [ -3.6493, 40.8242 ], [ -3.6494, 40.825 ], [ -3.6496, 40.8253 ], [ -3.6507, 40.8257 ], [ -3.6512, 40.8262 ] ] ] } },
{ "type": "Feature", "properties": { "municipio": "Cabanillas de la Sierra", "clasificacion": "no-urbanizable-protegido", "calificacion": "sin-asignar", "version": "vigente", "fuente": "SIT-CAM WFS — UsoDelSuelo:VPLA_V_CLASIFICACION (https://idem.comunidad.madrid/geosrvg/ows)", "fecha_dato": "2026-05-12", "ambito": "88442", "_raw_CD_SIGLAS": "SNUP", "_raw_DS_CLASIF_GEN": "Suelo No Urbanizable Protegido", "_raw_DS_CLASIF_DET": "Suelo No Urbanizable de Protección. Cauces y Riberas. Valores Históricos", "_raw_DS_DOCU": "PLAN GENERAL", "_raw_DS_LEY": "CM Ley 9/2001, E Ley 6/1998", "_raw_FC_AC": "2015-10-13", "_raw_NM_AREA_M2": 151.41597703689999, "_cam_code": "029" }, "geometry": { "type": "Polygon", "coordinates": [ [ [ -3.6508, 40.8262 ], [ -3.6512, 40.8265 ], [ -3.6513, 40.8264 ], [ -3.6508, 40.8262 ] ] ] } },
{ "type": "Feature", "properties": { "municipio": "Cabanillas de la Sierra", "clasificacion": "no-urbanizable-protegido", "calificacion": "sin-asignar", "version": "vigente", "fuente": "SIT-CAM WFS — UsoDelSuelo:VPLA_V_CLASIFICACION (https://idem.comunidad.madrid/geosrvg/ows)", "fecha_dato": "2026-05-12", "ambito": "88442", "_raw_CD_SIGLAS": "SNUP", "_raw_DS_CLASIF_GEN": "Suelo No Urbanizable Protegido", "_raw_DS_CLASIF_DET": "Suelo No Urbanizable de Protección. Cauces y Riberas. Valores Históricos", "_raw_DS_DOCU": "PLAN GENERAL", "_raw_DS_LEY": "CM Ley 9/2001, E Ley 6/1998", "_raw_FC_AC": "2015-10-13", "_raw_NM_AREA_M2": 570.87054389587297, "_cam_code": "029" }, "geometry": { "type": "Polygon", "coordinates": [ [ [ -3.6267, 40.8327 ], [ -3.6267, 40.8328 ], [ -3.627, 40.8329 ], [ -3.6271, 40.8329 ], [ -3.6273, 40.8329 ], [ -3.6274, 40.8329 ], [ -3.6275, 40.8329 ], [ -3.6276, 40.833 ], [ -3.6277, 40.833 ], [ -3.6276, 40.8329 ], [ -3.6267, 40.8327 ] ] ] } },
{ "type": "Feature", "properties": { "municipio": "Cabanillas de la Sierra", "clasificacion": "no-urbanizable-protegido", "calificacion": "sin-asignar", "version": "vigente", "fuente": "SIT-CAM WFS — UsoDelSuelo:VPLA_V_CLASIFICACION (https://idem.comunidad.madrid/geosrvg/ows)", "fecha_dato": "2026-05-12", "ambito": "88442", "_raw_CD_SIGLAS": "SNUP", "_raw_DS_CLASIF_GEN": "Suelo No Urbanizable Protegido", "_raw_DS_CLASIF_DET": "Suelo No Urbanizable de Protección. Cauces y Riberas. Valores Históricos", "_raw_DS_DOCU": "PLAN GENERAL", "_raw_DS_LEY": "CM Ley 9/2001, E Ley 6/1998", "_raw_FC_AC": "2015-10-13", "_raw_NM_AREA_M2": 627.74689785632802, "_cam_code": "029" }, "geometry": { "type": "Polygon", "coordinates": [ [ [ -3.6278, 40.8331 ], [ -3.6282, 40.8339 ], [ -3.6283, 40.8339 ], [ -3.6278, 40.8331 ] ] ] } },
{ "type": "Feature", "properties": { "municipio": "Cabanillas de la Sierra", "clasificacion": "no-urbanizable-protegido", "calificacion": "sin-asignar", "version": "vigente", "fuente": "SIT-CAM WFS — UsoDelSuelo:VPLA_V_CLASIFICACION (https://idem.comunidad.madrid/geosrvg/ows)", "fecha_dato": "2026-05-12", "ambito": "88442", "_raw_CD_SIGLAS": "SNUP", "_raw_DS_CLASIF_GEN": "Suelo No Urbanizable Protegido", "_raw_DS_CLASIF_DET": "Suelo No Urbanizable de Protección. Cauces y Riberas. Valores Históricos", "_raw_DS_DOCU": "PLAN GENERAL", "_raw_DS_LEY": "CM Ley 9/2001, E Ley 6/1998", "_raw_FC_AC": "2015-10-13", "_raw_NM_AREA_M2": 403.86765544397298, "_cam_code": "029" }, "geometry": { "type": "Polygon", "coordinates": [ [ [ -3.6276, 40.8334 ], [ -3.628, 40.8339 ], [ -3.6281, 40.8341 ], [ -3.6281, 40.8339 ], [ -3.6276, 40.8334 ] ] ] } },
{ "type": "Feature", "properties": { "municipio": "Cabanillas de la Sierra", "clasificacion": "no-urbanizable-protegido", "calificacion": "sin-asignar", "version": "vigente", "fuente": "SIT-CAM WFS — UsoDelSuelo:VPLA_V_CLASIFICACION (https://idem.comunidad.madrid/geosrvg/ows)", "fecha_dato": "2026-05-12", "ambito": "88442", "_raw_CD_SIGLAS": "SNUP", "_raw_DS_CLASIF_GEN": "Suelo No Urbanizable Protegido", "_raw_DS_CLASIF_DET": "Suelo No Urbanizable de Protección. Cauces y Riberas. Vías Pecuarias", "_raw_DS_DOCU": "PLAN GENERAL", "_raw_DS_LEY": "CM Ley 9/2001, E Ley 6/1998", "_raw_FC_AC": "2015-10-13", "_raw_NM_AREA_M2": 1367.5877972931401, "_cam_code": "029" }, "geometry": { "type": "Polygon", "coordinates": [ [ [ -3.6209, 40.8087 ], [ -3.621, 40.809 ], [ -3.6207, 40.8093 ], [ -3.6209, 40.8093 ], [ -3.6213, 40.809 ], [ -3.6212, 40.8086 ], [ -3.6209, 40.8087 ] ] ] } },
{ "type": "Feature", "properties": { "municipio": "Cabanillas de la Sierra", "clasificacion": "no-urbanizable-protegido", "calificacion": "sin-asignar", "version": "vigente", "fuente": "SIT-CAM WFS — UsoDelSuelo:VPLA_V_CLASIFICACION (https://idem.comunidad.madrid/geosrvg/ows)", "fecha_dato": "2026-05-12", "ambito": "88442", "_raw_CD_SIGLAS": "SNUP", "_raw_DS_CLASIF_GEN": "Suelo No Urbanizable Protegido", "_raw_DS_CLASIF_DET": "Suelo No Urbanizable de Protección. Cauces y Riberas. Vías Pecuarias", "_raw_DS_DOCU": "PLAN GENERAL", "_raw_DS_LEY": "CM Ley 9/2001, E Ley 6/1998", "_raw_FC_AC": "2015-10-13", "_raw_NM_AREA_M2": 354.32519944649999, "_cam_code": "029" }, "geometry": { "type": "Polygon", "coordinates": [ [ [ -3.6201, 40.81 ], [ -3.6201, 40.8101 ], [ -3.6201, 40.8104 ], [ -3.6203, 40.8102 ], [ -3.6201, 40.81 ] ] ] } },
{ "type": "Feature", "properties": { "municipio": "Cabanillas de la Sierra", "clasificacion": "no-urbanizable-protegido", "calificacion": "sin-asignar", "version": "vigente", "fuente": "SIT-CAM WFS — UsoDelSuelo:VPLA_V_CLASIFICACION (https://idem.comunidad.madrid/geosrvg/ows)", "fecha_dato": "2026-05-12", "ambito": "88442", "_raw_CD_SIGLAS": "SNUP", "_raw_DS_CLASIF_GEN": "Suelo No Urbanizable Protegido", "_raw_DS_CLASIF_DET": "Suelo No Urbanizable de Protección. Cauces y Riberas. Vías Pecuarias", "_raw_DS_DOCU": "PLAN GENERAL", "_raw_DS_LEY": "CM Ley 9/2001, E Ley 6/1998", "_raw_FC_AC": "2015-10-13", "_raw_NM_AREA_M2": 2796.46451331464, "_cam_code": "029" }, "geometry": { "type": "Polygon", "coordinates": [ [ [ -3.619, 40.8119 ], [ -3.6183, 40.8126 ], [ -3.6183, 40.8128 ], [ -3.6187, 40.8132 ], [ -3.6189, 40.8131 ], [ -3.6185, 40.8127 ], [ -3.6188, 40.8124 ], [ -3.619, 40.8119 ] ] ] } },
{ "type": "Feature", "properties": { "municipio": "Cabanillas de la Sierra", "clasificacion": "no-urbanizable-protegido", "calificacion": "sin-asignar", "version": "vigente", "fuente": "SIT-CAM WFS — UsoDelSuelo:VPLA_V_CLASIFICACION (https://idem.comunidad.madrid/geosrvg/ows)", "fecha_dato": "2026-05-12", "ambito": "88442", "_raw_CD_SIGLAS": "SNUP", "_raw_DS_CLASIF_GEN": "Suelo No Urbanizable Protegido", "_raw_DS_CLASIF_DET": "Suelo No Urbanizable de Protección. Cauces y Riberas. Vías Pecuarias", "_raw_DS_DOCU": "PLAN GENERAL", "_raw_DS_LEY": "CM Ley 9/2001, E Ley 6/1998", "_raw_FC_AC": "2015-10-13", "_raw_NM_AREA_M2": 105.35610859128499, "_cam_code": "029" }, "geometry": { "type": "Polygon", "coordinates": [ [ [ -3.619, 40.8133 ], [ -3.6189, 40.8132 ], [ -3.6189, 40.8135 ], [ -3.619, 40.8133 ] ] ] } },
{ "type": "Feature", "properties": { "municipio": "Cabanillas de la Sierra", "clasificacion": "no-urbanizable-protegido", "calificacion": "sin-asignar", "version": "vigente", "fuente": "SIT-CAM WFS — UsoDelSuelo:VPLA_V_CLASIFICACION (https://idem.comunidad.madrid/geosrvg/ows)", "fecha_dato": "2026-05-12", "ambito": "88442", "_raw_CD_SIGLAS": "SNUP", "_raw_DS_CLASIF_GEN": "Suelo No Urbanizable Protegido", "_raw_DS_CLASIF_DET": "Suelo No Urbanizable de Protección. Cauces y Riberas. Vías Pecuarias", "_raw_DS_DOCU": "PLAN GENERAL", "_raw_DS_LEY": "CM Ley 9/2001, E Ley 6/1998", "_raw_FC_AC": "2015-10-13", "_raw_NM_AREA_M2": 5289.0721927118702, "_cam_code": "029" }, "geometry": { "type": "Polygon", "coordinates": [ [ [ -3.6392, 40.8137 ], [ -3.6397, 40.8143 ], [ -3.6398, 40.8149 ], [ -3.6402, 40.8152 ], [ -3.6403, 40.815 ], [ -3.6401, 40.8142 ], [ -3.6395, 40.8137 ], [ -3.6393, 40.8136 ], [ -3.6392, 40.8137 ] ] ] } },
{ "type": "Feature", "properties": { "municipio": "Cabanillas de la Sierra", "clasificacion": "no-urbanizable-protegido", "calificacion": "sin-asignar", "version": "vigente", "fuente": "SIT-CAM WFS — UsoDelSuelo:VPLA_V_CLASIFICACION (https://idem.comunidad.madrid/geosrvg/ows)", "fecha_dato": "2026-05-12", "ambito": "88442", "_raw_CD_SIGLAS": "SNUP", "_raw_DS_CLASIF_GEN": "Suelo No Urbanizable Protegido", "_raw_DS_CLASIF_DET": "Suelo No Urbanizable de Protección. Cauces y Riberas", "_raw_DS_DOCU": "PLAN GENERAL", "_raw_DS_LEY": "CM Ley 9/2001, E Ley 6/1998", "_raw_FC_AC": "2015-10-13", "_raw_NM_AREA_M2": 3587.2075228738699, "_cam_code": "029" }, "geometry": { "type": "Polygon", "coordinates": [ [ [ -3.6201, 40.81 ], [ -3.6203, 40.8102 ], [ -3.6206, 40.8101 ], [ -3.6205, 40.8096 ], [ -3.621, 40.8094 ], [ -3.6214, 40.809 ], [ -3.6213, 40.8086 ], [ -3.6212, 40.8086 ], [ -3.6213, 40.809 ], [ -3.6209, 40.8093 ], [ -3.6206, 40.8093 ], [ -3.6202, 40.8097 ], [ -3.6202, 40.81 ], [ -3.6201, 40.81 ] ] ] } },
{ "type": "Feature", "properties": { "municipio": "Cabanillas de la Sierra", "clasificacion": "no-urbanizable-protegido", "calificacion": "sin-asignar", "version": "vigente", "fuente": "SIT-CAM WFS — UsoDelSuelo:VPLA_V_CLASIFICACION (https://idem.comunidad.madrid/geosrvg/ows)", "fecha_dato": "2026-05-12", "ambito": "88442", "_raw_CD_SIGLAS": "SNUP", "_raw_DS_CLASIF_GEN": "Suelo No Urbanizable Protegido", "_raw_DS_CLASIF_DET": "Suelo No Urbanizable de Protección. Cauces y Riberas", "_raw_DS_DOCU": "PLAN GENERAL", "_raw_DS_LEY": "CM Ley 9/2001, E Ley 6/1998", "_raw_FC_AC": "2015-10-13", "_raw_NM_AREA_M2": 68.406624329080799, "_cam_code": "029" }, "geometry": { "type": "Polygon", "coordinates": [ [ [ -3.619, 40.8118 ], [ -3.6189, 40.8119 ], [ -3.6188, 40.812 ], [ -3.619, 40.8119 ], [ -3.619, 40.8118 ] ] ] } },
{ "type": "Feature", "properties": { "municipio": "Cabanillas de la Sierra", "clasificacion": "no-urbanizable-protegido", "calificacion": "sin-asignar", "version": "vigente", "fuente": "SIT-CAM WFS — UsoDelSuelo:VPLA_V_CLASIFICACION (https://idem.comunidad.madrid/geosrvg/ows)", "fecha_dato": "2026-05-12", "ambito": "88442", "_raw_CD_SIGLAS": "SNUP", "_raw_DS_CLASIF_GEN": "Suelo No Urbanizable Protegido", "_raw_DS_CLASIF_DET": "Suelo No Urbanizable de Protección. Cauces y Riberas", "_raw_DS_DOCU": "PLAN GENERAL", "_raw_DS_LEY": "CM Ley 9/2001, E Ley 6/1998", "_raw_FC_AC": "2015-10-13", "_raw_NM_AREA_M2": 98.905212777457706, "_cam_code": "029" }, "geometry": { "type": "Polygon", "coordinates": [ [ [ -3.6392, 40.8137 ], [ -3.6393, 40.8136 ], [ -3.6391, 40.8135 ], [ -3.6392, 40.8137 ] ] ] } },
{ "type": "Feature", "properties": { "municipio": "Cabanillas de la Sierra", "clasificacion": "no-urbanizable-protegido", "calificacion": "sin-asignar", "version": "vigente", "fuente": "SIT-CAM WFS — UsoDelSuelo:VPLA_V_CLASIFICACION (https://idem.comunidad.madrid/geosrvg/ows)", "fecha_dato": "2026-05-12", "ambito": "88442", "_raw_CD_SIGLAS": "SNUP", "_raw_DS_CLASIF_GEN": "Suelo No Urbanizable Protegido", "_raw_DS_CLASIF_DET": "Suelo No Urbanizable de Protección. Cauces y Riberas", "_raw_DS_DOCU": "PLAN GENERAL", "_raw_DS_LEY": "CM Ley 9/2001, E Ley 6/1998", "_raw_FC_AC": "2015-10-13", "_raw_NM_AREA_M2": 7221.3534287893799, "_cam_code": "029" }, "geometry": { "type": "Polygon", "coordinates": [ [ [ -3.6398, 40.8149 ], [ -3.6401, 40.8156 ], [ -3.6403, 40.8172 ], [ -3.6407, 40.8166 ], [ -3.6407, 40.8163 ], [ -3.6406, 40.8163 ], [ -3.6406, 40.816 ], [ -3.6403, 40.8156 ], [ -3.6403, 40.8151 ], [ -3.6402, 40.8152 ], [ -3.6398, 40.8149 ] ] ] } },
{ "type": "Feature", "properties": { "municipio": "Cabanillas de la Sierra", "clasificacion": "no-urbanizable-protegido", "calificacion": "sin-asignar", "version": "vigente", "fuente": "SIT-CAM WFS — UsoDelSuelo:VPLA_V_CLASIFICACION (https://idem.comunidad.madrid/geosrvg/ows)", "fecha_dato": "2026-05-12", "ambito": "88442", "_raw_CD_SIGLAS": "SNUP", "_raw_DS_CLASIF_GEN": "Suelo No Urbanizable Protegido", "_raw_DS_CLASIF_DET": "Suelo No Urbanizable de Protección. Cauces y Riberas", "_raw_DS_DOCU": "PLAN GENERAL", "_raw_DS_LEY": "CM Ley 9/2001, E Ley 6/1998", "_raw_FC_AC": "2015-10-13", "_raw_NM_AREA_M2": 41697.073200769097, "_cam_code": "029" }, "geometry": { "type": "Polygon", "coordinates": [ [ [ -3.6213, 40.8186 ], [ -3.6211, 40.8203 ], [ -3.621, 40.8203 ], [ -3.621, 40.8207 ], [ -3.6208, 40.821 ], [ -3.6211, 40.8211 ], [ -3.6215, 40.8202 ], [ -3.6215, 40.8191 ], [ -3.6216, 40.819 ], [ -3.6232, 40.8194 ], [ -3.6235, 40.8196 ], [ -3.6236, 40.8194 ], [ -3.6223, 40.8189 ], [ -3.6223, 40.8188 ], [ -3.6216, 40.8187 ], [ -3.6215, 40.8182 ], [ -3.6206, 40.8182 ], [ -3.6192, 40.8168 ], [ -3.6191, 40.8165 ], [ -3.6197, 40.8159 ], [ -3.6197, 40.815 ], [ -3.6194, 40.8149 ], [ -3.6192, 40.8147 ], [ -3.6192, 40.8145 ], [ -3.6191, 40.8145 ], [ -3.6191, 40.8143 ], [ -3.6193, 40.8141 ], [ -3.6192, 40.814 ], [ -3.6193, 40.8129 ], [ -3.6186, 40.8128 ], [ -3.6186, 40.8126 ], [ -3.6187, 40.8125 ], [ -3.6187, 40.8125 ], [ -3.6187, 40.8125 ], [ -3.6189, 40.8122 ], [ -3.6186, 40.8125 ], [ -3.6185, 40.8128 ], [ -3.6189, 40.8131 ], [ -3.619, 40.813 ], [ -3.6189, 40.8132 ], [ -3.619, 40.8133 ], [ -3.6189, 40.8135 ], [ -3.6189, 40.8146 ], [ -3.619, 40.8146 ], [ -3.619, 40.8148 ], [ -3.6193, 40.8152 ], [ -3.6193, 40.8155 ], [ -3.6185, 40.8163 ], [ -3.6186, 40.8168 ], [ -3.6188, 40.8168 ], [ -3.6189, 40.8172 ], [ -3.6197, 40.818 ], [ -3.62, 40.818 ], [ -3.62, 40.8182 ], [ -3.6202, 40.8184 ], [ -3.6205, 40.8185 ], [ -3.6209, 40.8184 ], [ -3.6211, 40.8186 ], [ -3.6213, 40.8186 ] ] ] } },
{ "type": "Feature", "properties": { "municipio": "Cabanillas de la Sierra", "clasificacion": "no-urbanizable-protegido", "calificacion": "sin-asignar", "version": "vigente", "fuente": "SIT-CAM WFS — UsoDelSuelo:VPLA_V_CLASIFICACION (https://idem.comunidad.madrid/geosrvg/ows)", "fecha_dato": "2026-05-12", "ambito": "88442", "_raw_CD_SIGLAS": "SNUP", "_raw_DS_CLASIF_GEN": "Suelo No Urbanizable Protegido", "_raw_DS_CLASIF_DET": "Suelo No Urbanizable de Protección. Montes Preservados", "_raw_DS_DOCU": "PLAN GENERAL", "_raw_DS_LEY": "CM Ley 9/2001, E Ley 6/1998", "_raw_FC_AC": "2015-10-13", "_raw_NM_AREA_M2": 355582.65898623498, "_cam_code": "029" }, "geometry": { "type": "Polygon", "coordinates": [ [ [ -3.6302, 40.8264 ], [ -3.6323, 40.827 ], [ -3.6326, 40.8279 ], [ -3.6335, 40.828 ], [ -3.6337, 40.8279 ], [ -3.6346, 40.8263 ], [ -3.6359, 40.8255 ], [ -3.6358, 40.825 ], [ -3.6354, 40.8242 ], [ -3.6354, 40.8235 ], [ -3.636, 40.8225 ], [ -3.6367, 40.8222 ], [ -3.6372, 40.8222 ], [ -3.6377, 40.8225 ], [ -3.6392, 40.8226 ], [ -3.6392, 40.8233 ], [ -3.6393, 40.8236 ], [ -3.6394, 40.8236 ], [ -3.6399, 40.8234 ], [ -3.6411, 40.8224 ], [ -3.6416, 40.8219 ], [ -3.6416, 40.8217 ], [ -3.6413, 40.8216 ], [ -3.6415, 40.8215 ], [ -3.6405, 40.8213 ], [ -3.6368, 40.8214 ], [ -3.6352, 40.8212 ], [ -3.634, 40.8212 ], [ -3.6289, 40.8216 ], [ -3.6291, 40.8216 ], [ -3.6301, 40.8226 ], [ -3.6303, 40.823 ], [ -3.6304, 40.8242 ], [ -3.6303, 40.8244 ], [ -3.6302, 40.8264 ] ] ] } },
{ "type": "Feature", "properties": { "municipio": "Cabanillas de la Sierra", "clasificacion": "no-urbanizable-protegido", "calificacion": "sin-asignar", "version": "vigente", "fuente": "SIT-CAM WFS — UsoDelSuelo:VPLA_V_CLASIFICACION (https://idem.comunidad.madrid/geosrvg/ows)", "fecha_dato": "2026-05-12", "ambito": "88442", "_raw_CD_SIGLAS": "SNUP", "_raw_DS_CLASIF_GEN": "Suelo No Urbanizable Protegido", "_raw_DS_CLASIF_DET": "Suelo No Urbanizable de Protección. Montes Preservados", "_raw_DS_DOCU": "PLAN GENERAL", "_raw_DS_LEY": "CM Ley 9/2001, E Ley 6/1998", "_raw_FC_AC": "2015-10-13", "_raw_NM_AREA_M2": 43271.320588989904, "_cam_code": "029" }, "geometry": { "type": "Polygon", "coordinates": [ [ [ -3.6169, 40.8407 ], [ -3.6169, 40.841 ], [ -3.6191, 40.8405 ], [ -3.6201, 40.8407 ], [ -3.6203, 40.8388 ], [ -3.6196, 40.8388 ], [ -3.6185, 40.8394 ], [ -3.6179, 40.8394 ], [ -3.6178, 40.8396 ], [ -3.6172, 40.8396 ], [ -3.6169, 40.8401 ], [ -3.6169, 40.8407 ] ] ] } },
{ "type": "Feature", "properties": { "municipio": "Cabanillas de la Sierra", "clasificacion": "no-urbanizable-protegido", "calificacion": "sin-asignar", "version": "vigente", "fuente": "SIT-CAM WFS — UsoDelSuelo:VPLA_V_CLASIFICACION (https://idem.comunidad.madrid/geosrvg/ows)", "fecha_dato": "2026-05-12", "ambito": "88442", "_raw_CD_SIGLAS": "SNUP", "_raw_DS_CLASIF_GEN": "Suelo No Urbanizable Protegido", "_raw_DS_CLASIF_DET": "Suelo No Urbanizable de Protección. Valores Históricos", "_raw_DS_DOCU": "PLAN GENERAL", "_raw_DS_LEY": "CM Ley 9/2001, E Ley 6/1998", "_raw_FC_AC": "2015-10-13", "_raw_NM_AREA_M2": 4768.4610422130299, "_cam_code": "029" }, "geometry": { "type": "Polygon", "coordinates": [ [ [ -3.6201, 40.8105 ], [ -3.6199, 40.8107 ], [ -3.6199, 40.8109 ], [ -3.6191, 40.8114 ], [ -3.619, 40.8118 ], [ -3.6202, 40.8111 ], [ -3.6201, 40.8105 ] ] ] } },
{ "type": "Feature", "properties": { "municipio": "Cabanillas de la Sierra", "clasificacion": "no-urbanizable-protegido", "calificacion": "sin-asignar", "version": "vigente", "fuente": "SIT-CAM WFS — UsoDelSuelo:VPLA_V_CLASIFICACION (https://idem.comunidad.madrid/geosrvg/ows)", "fecha_dato": "2026-05-12", "ambito": "88442", "_raw_CD_SIGLAS": "SNUP", "_raw_DS_CLASIF_GEN": "Suelo No Urbanizable Protegido", "_raw_DS_CLASIF_DET": "Suelo No Urbanizable de Protección. Valores Históricos", "_raw_DS_DOCU": "PLAN GENERAL", "_raw_DS_LEY": "CM Ley 9/2001, E Ley 6/1998", "_raw_FC_AC": "2015-10-13", "_raw_NM_AREA_M2": 68048.288575225801, "_cam_code": "029" }, "geometry": { "type": "Polygon", "coordinates": [ [ [ -3.6206, 40.8105 ], [ -3.6208, 40.8108 ], [ -3.6207, 40.8112 ], [ -3.6205, 40.8112 ], [ -3.6204, 40.8114 ], [ -3.6196, 40.8117 ], [ -3.6196, 40.8118 ], [ -3.6189, 40.8122 ], [ -3.6199, 40.8125 ], [ -3.6198, 40.8128 ], [ -3.6209, 40.8131 ], [ -3.6223, 40.8129 ], [ -3.6223, 40.8123 ], [ -3.6232, 40.8106 ], [ -3.623, 40.8104 ], [ -3.6217, 40.8104 ], [ -3.6217, 40.8105 ], [ -3.6215, 40.8101 ], [ -3.6217, 40.81 ], [ -3.6214, 40.8099 ], [ -3.6206, 40.8101 ], [ -3.6206, 40.8105 ] ] ] } },
{ "type": "Feature", "properties": { "municipio": "Cabanillas de la Sierra", "clasificacion": "no-urbanizable-protegido", "calificacion": "sin-asignar", "version": "vigente", "fuente": "SIT-CAM WFS — UsoDelSuelo:VPLA_V_CLASIFICACION (https://idem.comunidad.madrid/geosrvg/ows)", "fecha_dato": "2026-05-12", "ambito": "88442", "_raw_CD_SIGLAS": "SNUP", "_raw_DS_CLASIF_GEN": "Suelo No Urbanizable Protegido", "_raw_DS_CLASIF_DET": "Suelo No Urbanizable de Protección. Valores Históricos", "_raw_DS_DOCU": "PLAN GENERAL", "_raw_DS_LEY": "CM Ley 9/2001, E Ley 6/1998", "_raw_FC_AC": "2015-10-13", "_raw_NM_AREA_M2": 12013.4559051862, "_cam_code": "029" }, "geometry": { "type": "Polygon", "coordinates": [ [ [ -3.6384, 40.8128 ], [ -3.6385, 40.8131 ], [ -3.6391, 40.8135 ], [ -3.6384, 40.8127 ], [ -3.6384, 40.8124 ], [ -3.638, 40.8121 ], [ -3.6373, 40.8122 ], [ -3.6366, 40.8125 ], [ -3.6372, 40.8131 ], [ -3.6375, 40.8132 ], [ -3.6376, 40.8129 ], [ -3.6384, 40.8128 ] ] ] } },
{ "type": "Feature", "properties": { "municipio": "Cabanillas de la Sierra", "clasificacion": "no-urbanizable-protegido", "calificacion": "sin-asignar", "version": "vigente", "fuente": "SIT-CAM WFS — UsoDelSuelo:VPLA_V_CLASIFICACION (https://idem.comunidad.madrid/geosrvg/ows)", "fecha_dato": "2026-05-12", "ambito": "88442", "_raw_CD_SIGLAS": "SNUP", "_raw_DS_CLASIF_GEN": "Suelo No Urbanizable Protegido", "_raw_DS_CLASIF_DET": "Suelo No Urbanizable de Protección. Valores Históricos", "_raw_DS_DOCU": "PLAN GENERAL", "_raw_DS_LEY": "CM Ley 9/2001, E Ley 6/1998", "_raw_FC_AC": "2015-10-13", "_raw_NM_AREA_M2": 74501.211303649601, "_cam_code": "029" }, "geometry": { "type": "Polygon", "coordinates": [ [ [ -3.6398, 40.8134 ], [ -3.6406, 40.8136 ], [ -3.642, 40.8132 ], [ -3.6424, 40.8128 ], [ -3.6424, 40.8124 ], [ -3.6427, 40.8122 ], [ -3.6426, 40.8118 ], [ -3.6422, 40.8114 ], [ -3.641, 40.811 ], [ -3.6395, 40.8112 ], [ -3.6387, 40.8118 ], [ -3.6386, 40.8116 ], [ -3.6383, 40.8117 ], [ -3.6382, 40.8119 ], [ -3.6386, 40.812 ], [ -3.6389, 40.8123 ], [ -3.6389, 40.8125 ], [ -3.6388, 40.8125 ], [ -3.639, 40.813 ], [ -3.6396, 40.8135 ], [ -3.6398, 40.8134 ] ] ] } },
{ "type": "Feature", "properties": { "municipio": "Cabanillas de la Sierra", "clasificacion": "no-urbanizable-protegido", "calificacion": "sin-asignar", "version": "vigente", "fuente": "SIT-CAM WFS — UsoDelSuelo:VPLA_V_CLASIFICACION (https://idem.comunidad.madrid/geosrvg/ows)", "fecha_dato": "2026-05-12", "ambito": "88442", "_raw_CD_SIGLAS": "SNUP", "_raw_DS_CLASIF_GEN": "Suelo No Urbanizable Protegido", "_raw_DS_CLASIF_DET": "Suelo No Urbanizable de Protección. Valores Históricos", "_raw_DS_DOCU": "PLAN GENERAL", "_raw_DS_LEY": "CM Ley 9/2001, E Ley 6/1998", "_raw_FC_AC": "2015-10-13", "_raw_NM_AREA_M2": 8043.37832544307, "_cam_code": "029" }, "geometry": { "type": "Polygon", "coordinates": [ [ [ -3.637, 40.8168 ], [ -3.6367, 40.8172 ], [ -3.6357, 40.818 ], [ -3.6367, 40.8179 ], [ -3.6373, 40.8173 ], [ -3.6375, 40.8169 ], [ -3.637, 40.8168 ] ] ] } },
{ "type": "Feature", "properties": { "municipio": "Cabanillas de la Sierra", "clasificacion": "no-urbanizable-protegido", "calificacion": "sin-asignar", "version": "vigente", "fuente": "SIT-CAM WFS — UsoDelSuelo:VPLA_V_CLASIFICACION (https://idem.comunidad.madrid/geosrvg/ows)", "fecha_dato": "2026-05-12", "ambito": "88442", "_raw_CD_SIGLAS": "SNUP", "_raw_DS_CLASIF_GEN": "Suelo No Urbanizable Protegido", "_raw_DS_CLASIF_DET": "Suelo No Urbanizable de Protección. Valores Históricos", "_raw_DS_DOCU": "PLAN GENERAL", "_raw_DS_LEY": "CM Ley 9/2001, E Ley 6/1998", "_raw_FC_AC": "2015-10-13", "_raw_NM_AREA_M2": 53486.534759915397, "_cam_code": "029" }, "geometry": { "type": "Polygon", "coordinates": [ [ [ -3.6416, 40.8164 ], [ -3.6407, 40.8167 ], [ -3.6405, 40.817 ], [ -3.6408, 40.8171 ], [ -3.6408, 40.8172 ], [ -3.6412, 40.8172 ], [ -3.6414, 40.8174 ], [ -3.6418, 40.8183 ], [ -3.643, 40.8184 ], [ -3.6436, 40.8186 ], [ -3.6437, 40.8188 ], [ -3.6439, 40.8185 ], [ -3.6447, 40.8179 ], [ -3.6437, 40.8171 ], [ -3.6437, 40.8169 ], [ -3.6432, 40.8164 ], [ -3.6426, 40.8163 ], [ -3.6416, 40.8164 ] ] ] } },
{ "type": "Feature", "properties": { "municipio": "Cabanillas de la Sierra", "clasificacion": "no-urbanizable-protegido", "calificacion": "sin-asignar", "version": "vigente", "fuente": "SIT-CAM WFS — UsoDelSuelo:VPLA_V_CLASIFICACION (https://idem.comunidad.madrid/geosrvg/ows)", "fecha_dato": "2026-05-12", "ambito": "88442", "_raw_CD_SIGLAS": "SNUP", "_raw_DS_CLASIF_GEN": "Suelo No Urbanizable Protegido", "_raw_DS_CLASIF_DET": "Suelo No Urbanizable de Protección. Valores Históricos", "_raw_DS_DOCU": "PLAN GENERAL", "_raw_DS_LEY": "CM Ley 9/2001, E Ley 6/1998", "_raw_FC_AC": "2015-10-13", "_raw_NM_AREA_M2": 23278.262393886202, "_cam_code": "029" }, "geometry": { "type": "Polygon", "coordinates": [ [ [ -3.6406, 40.8187 ], [ -3.6411, 40.8191 ], [ -3.6421, 40.8193 ], [ -3.6431, 40.8194 ], [ -3.6434, 40.819 ], [ -3.6431, 40.8187 ], [ -3.6414, 40.8185 ], [ -3.6411, 40.8177 ], [ -3.6407, 40.8176 ], [ -3.6403, 40.8172 ], [ -3.6403, 40.8179 ], [ -3.6406, 40.8187 ] ] ] } },
{ "type": "Feature", "properties": { "municipio": "Cabanillas de la Sierra", "clasificacion": "no-urbanizable-protegido", "calificacion": "sin-asignar", "version": "vigente", "fuente": "SIT-CAM WFS — UsoDelSuelo:VPLA_V_CLASIFICACION (https://idem.comunidad.madrid/geosrvg/ows)", "fecha_dato": "2026-05-12", "ambito": "88442", "_raw_CD_SIGLAS": "SNUP", "_raw_DS_CLASIF_GEN": "Suelo No Urbanizable Protegido", "_raw_DS_CLASIF_DET": "Suelo No Urbanizable de Protección. Valores Históricos", "_raw_DS_DOCU": "PLAN GENERAL", "_raw_DS_LEY": "CM Ley 9/2001, E Ley 6/1998", "_raw_FC_AC": "2015-10-13", "_raw_NM_AREA_M2": 983.43336188206604, "_cam_code": "029" }, "geometry": { "type": "Polygon", "coordinates": [ [ [ -3.6168, 40.8206 ], [ -3.6174, 40.8209 ], [ -3.6177, 40.8208 ], [ -3.6168, 40.8206 ] ] ] } },
{ "type": "Feature", "properties": { "municipio": "Cabanillas de la Sierra", "clasificacion": "no-urbanizable-protegido", "calificacion": "sin-asignar", "version": "vigente", "fuente": "SIT-CAM WFS — UsoDelSuelo:VPLA_V_CLASIFICACION (https://idem.comunidad.madrid/geosrvg/ows)", "fecha_dato": "2026-05-12", "ambito": "88442", "_raw_CD_SIGLAS": "SNUP", "_raw_DS_CLASIF_GEN": "Suelo No Urbanizable Protegido", "_raw_DS_CLASIF_DET": "Suelo No Urbanizable de Protección. Valores Históricos", "_raw_DS_DOCU": "PLAN GENERAL", "_raw_DS_LEY": "CM Ley 9/2001, E Ley 6/1998", "_raw_FC_AC": "2015-10-13", "_raw_NM_AREA_M2": 4614.9088140650001, "_cam_code": "029" }, "geometry": { "type": "Polygon", "coordinates": [ [ [ -3.6139, 40.8206 ], [ -3.6144, 40.8209 ], [ -3.6146, 40.8212 ], [ -3.6149, 40.8213 ], [ -3.615, 40.8205 ], [ -3.614, 40.8205 ], [ -3.6139, 40.8206 ] ] ] } },
{ "type": "Feature", "properties": { "municipio": "Cabanillas de la Sierra", "clasificacion": "no-urbanizable-protegido", "calificacion": "sin-asignar", "version": "vigente", "fuente": "SIT-CAM WFS — UsoDelSuelo:VPLA_V_CLASIFICACION (https://idem.comunidad.madrid/geosrvg/ows)", "fecha_dato": "2026-05-12", "ambito": "88442", "_raw_CD_SIGLAS": "SNUP", "_raw_DS_CLASIF_GEN": "Suelo No Urbanizable Protegido", "_raw_DS_CLASIF_DET": "Suelo No Urbanizable de Protección. Valores Históricos", "_raw_DS_DOCU": "PLAN GENERAL", "_raw_DS_LEY": "CM Ley 9/2001, E Ley 6/1998", "_raw_FC_AC": "2015-10-13", "_raw_NM_AREA_M2": 5330.6350407214304, "_cam_code": "029" }, "geometry": { "type": "Polygon", "coordinates": [ [ [ -3.6442, 40.8218 ], [ -3.6449, 40.8219 ], [ -3.6459, 40.8219 ], [ -3.6461, 40.8218 ], [ -3.6457, 40.8218 ], [ -3.6455, 40.8215 ], [ -3.6453, 40.8215 ], [ -3.6449, 40.8212 ], [ -3.6442, 40.8218 ] ] ] } },
{ "type": "Feature", "properties": { "municipio": "Cabanillas de la Sierra", "clasificacion": "no-urbanizable-protegido", "calificacion": "sin-asignar", "version": "vigente", "fuente": "SIT-CAM WFS — UsoDelSuelo:VPLA_V_CLASIFICACION (https://idem.comunidad.madrid/geosrvg/ows)", "fecha_dato": "2026-05-12", "ambito": "88442", "_raw_CD_SIGLAS": "SNUP", "_raw_DS_CLASIF_GEN": "Suelo No Urbanizable Protegido", "_raw_DS_CLASIF_DET": "Suelo No Urbanizable de Protección. Valores Históricos", "_raw_DS_DOCU": "PLAN GENERAL", "_raw_DS_LEY": "CM Ley 9/2001, E Ley 6/1998", "_raw_FC_AC": "2015-10-13", "_raw_NM_AREA_M2": 18294.767568587398, "_cam_code": "029" }, "geometry": { "type": "Polygon", "coordinates": [ [ [ -3.6151, 40.8227 ], [ -3.6154, 40.8226 ], [ -3.6158, 40.8222 ], [ -3.6172, 40.8222 ], [ -3.6178, 40.822 ], [ -3.6178, 40.8221 ], [ -3.6185, 40.8221 ], [ -3.6186, 40.822 ], [ -3.6185, 40.8217 ], [ -3.6175, 40.8215 ], [ -3.617, 40.8216 ], [ -3.6157, 40.8209 ], [ -3.6156, 40.8206 ], [ -3.6155, 40.8206 ], [ -3.6154, 40.8214 ], [ -3.6163, 40.8214 ], [ -3.6168, 40.8216 ], [ -3.6171, 40.8219 ], [ -3.616, 40.8219 ], [ -3.6152, 40.8222 ], [ -3.6151, 40.8227 ] ] ] } },
{ "type": "Feature", "properties": { "municipio": "Cabanillas de la Sierra", "clasificacion": "no-urbanizable-protegido", "calificacion": "sin-asignar", "version": "vigente", "fuente": "SIT-CAM WFS — UsoDelSuelo:VPLA_V_CLASIFICACION (https://idem.comunidad.madrid/geosrvg/ows)", "fecha_dato": "2026-05-12", "ambito": "88442", "_raw_CD_SIGLAS": "SNUP", "_raw_DS_CLASIF_GEN": "Suelo No Urbanizable Protegido", "_raw_DS_CLASIF_DET": "Suelo No Urbanizable de Protección. Cauces y Riberas", "_raw_DS_DOCU": "PLAN GENERAL", "_raw_DS_LEY": "CM Ley 9/2001, E Ley 6/1998", "_raw_FC_AC": "2015-10-13", "_raw_NM_AREA_M2": 12749.814413636601, "_cam_code": "029" }, "geometry": { "type": "Polygon", "coordinates": [ [ [ -3.6436, 40.8188 ], [ -3.6434, 40.819 ], [ -3.6439, 40.8195 ], [ -3.6439, 40.8198 ], [ -3.6446, 40.8203 ], [ -3.6447, 40.8205 ], [ -3.6446, 40.8206 ], [ -3.6446, 40.8211 ], [ -3.6448, 40.8212 ], [ -3.6451, 40.821 ], [ -3.645, 40.821 ], [ -3.6451, 40.8206 ], [ -3.645, 40.8202 ], [ -3.6449, 40.8202 ], [ -3.6449, 40.8197 ], [ -3.6447, 40.8194 ], [ -3.6445, 40.8194 ], [ -3.6444, 40.8192 ], [ -3.644, 40.8191 ], [ -3.6436, 40.8188 ] ] ] } },
{ "type": "Feature", "properties": { "municipio": "Cabanillas de la Sierra", "clasificacion": "no-urbanizable-protegido", "calificacion": "sin-asignar", "version": "vigente", "fuente": "SIT-CAM WFS — UsoDelSuelo:VPLA_V_CLASIFICACION (https://idem.comunidad.madrid/geosrvg/ows)", "fecha_dato": "2026-05-12", "ambito": "88442", "_raw_CD_SIGLAS": "SNUP", "_raw_DS_CLASIF_GEN": "Suelo No Urbanizable Protegido", "_raw_DS_CLASIF_DET": "Suelo No Urbanizable de Protección. Interés Ecológico. Valores Históricos", "_raw_DS_DOCU": "PLAN GENERAL", "_raw_DS_LEY": "CM Ley 9/2001, E Ley 6/1998", "_raw_FC_AC": "2015-10-13", "_raw_NM_AREA_M2": 10.0526662029944, "_cam_code": "029" }, "geometry": { "type": "Polygon", "coordinates": [ [ [ -3.6226, 40.829 ], [ -3.6226, 40.8291 ], [ -3.6227, 40.8291 ], [ -3.6226, 40.829 ] ] ] } },
{ "type": "Feature", "properties": { "municipio": "Cabanillas de la Sierra", "clasificacion": "no-urbanizable-protegido", "calificacion": "sin-asignar", "version": "vigente", "fuente": "SIT-CAM WFS — UsoDelSuelo:VPLA_V_CLASIFICACION (https://idem.comunidad.madrid/geosrvg/ows)", "fecha_dato": "2026-05-12", "ambito": "88442", "_raw_CD_SIGLAS": "SNUP", "_raw_DS_CLASIF_GEN": "Suelo No Urbanizable Protegido", "_raw_DS_CLASIF_DET": "Suelo No Urbanizable de Protección. Interés Agropecuario. Valores Históricos", "_raw_DS_DOCU": "PLAN GENERAL", "_raw_DS_LEY": "CM Ley 9/2001, E Ley 6/1998", "_raw_FC_AC": "2015-10-13", "_raw_NM_AREA_M2": 88.483376981418303, "_cam_code": "029" }, "geometry": { "type": "Polygon", "coordinates": [ [ [ -3.6378, 40.8163 ], [ -3.6377, 40.8164 ], [ -3.6377, 40.8166 ], [ -3.6378, 40.8164 ], [ -3.6378, 40.8163 ] ] ] } },
{ "type": "Feature", "properties": { "municipio": "Cabanillas de la Sierra", "clasificacion": "no-urbanizable-protegido", "calificacion": "sin-asignar", "version": "vigente", "fuente": "SIT-CAM WFS — UsoDelSuelo:VPLA_V_CLASIFICACION (https://idem.comunidad.madrid/geosrvg/ows)", "fecha_dato": "2026-05-12", "ambito": "88442", "_raw_CD_SIGLAS": "SNUP", "_raw_DS_CLASIF_GEN": "Suelo No Urbanizable Protegido", "_raw_DS_CLASIF_DET": "Suelo No Urbanizable de Protección. Infraestructuras. Valores Históricos. Montes Preservados", "_raw_DS_DOCU": "PLAN GENERAL", "_raw_DS_LEY": "CM Ley 9/2001, E Ley 6/1998", "_raw_FC_AC": "2015-10-13", "_raw_NM_AREA_M2": 4324.8294579161702, "_cam_code": "029" }, "geometry": { "type": "Polygon", "coordinates": [ [ [ -3.6149, 40.8213 ], [ -3.6147, 40.8223 ], [ -3.6152, 40.8222 ], [ -3.6154, 40.8214 ], [ -3.6149, 40.8213 ] ] ] } },
{ "type": "Feature", "properties": { "municipio": "Cabanillas de la Sierra", "clasificacion": "no-urbanizable-protegido", "calificacion": "sin-asignar", "version": "vigente", "fuente": "SIT-CAM WFS — UsoDelSuelo:VPLA_V_CLASIFICACION (https://idem.comunidad.madrid/geosrvg/ows)", "fecha_dato": "2026-05-12", "ambito": "88442", "_raw_CD_SIGLAS": "SNUP", "_raw_DS_CLASIF_GEN": "Suelo No Urbanizable Protegido", "_raw_DS_CLASIF_DET": "Suelo No Urbanizable de Protección. Cauces y Riberas. Valores Históricos. Montes Preservados", "_raw_DS_DOCU": "PLAN GENERAL", "_raw_DS_LEY": "CM Ley 9/2001, E Ley 6/1998", "_raw_FC_AC": "2015-10-13", "_raw_NM_AREA_M2": 1985.5550641899699, "_cam_code": "029" }, "geometry": { "type": "Polygon", "coordinates": [ [ [ -3.611, 40.8228 ], [ -3.6121, 40.8229 ], [ -3.6124, 40.8228 ], [ -3.6122, 40.8227 ], [ -3.6109, 40.8227 ], [ -3.611, 40.8228 ] ] ] } },
{ "type": "Feature", "properties": { "municipio": "Cabanillas de la Sierra", "clasificacion": "no-urbanizable-protegido", "calificacion": "sin-asignar", "version": "vigente", "fuente": "SIT-CAM WFS — UsoDelSuelo:VPLA_V_CLASIFICACION (https://idem.comunidad.madrid/geosrvg/ows)", "fecha_dato": "2026-05-12", "ambito": "88442", "_raw_CD_SIGLAS": "SNUP", "_raw_DS_CLASIF_GEN": "Suelo No Urbanizable Protegido", "_raw_DS_CLASIF_DET": "Suelo No Urbanizable de Protección. Infraestructuras. Vías Pecuarias. Cauces y Riberas. Valores Históricos", "_raw_DS_DOCU": "PLAN GENERAL", "_raw_DS_LEY": "CM Ley 9/2001, E Ley 6/1998", "_raw_FC_AC": "2015-10-13", "_raw_NM_AREA_M2": 450.91592672916602, "_cam_code": "029" }, "geometry": { "type": "Polygon", "coordinates": [ [ [ -3.6281, 40.834 ], [ -3.6283, 40.8343 ], [ -3.6284, 40.8342 ], [ -3.6282, 40.8339 ], [ -3.6281, 40.834 ] ] ] } },
{ "type": "Feature", "properties": { "municipio": "Cabanillas de la Sierra", "clasificacion": "no-urbanizable-protegido", "calificacion": "sin-asignar", "version": "vigente", "fuente": "SIT-CAM WFS — UsoDelSuelo:VPLA_V_CLASIFICACION (https://idem.comunidad.madrid/geosrvg/ows)", "fecha_dato": "2026-05-12", "ambito": "88442", "_raw_CD_SIGLAS": "SNUP", "_raw_DS_CLASIF_GEN": "Suelo No Urbanizable Protegido", "_raw_DS_CLASIF_DET": "Suelo No Urbanizable de Protección. Infraestructuras. Vías Pecuarias. Cauces y Riberas", "_raw_DS_DOCU": "PLAN GENERAL", "_raw_DS_LEY": "CM Ley 9/2001, E Ley 6/1998", "_raw_FC_AC": "2015-10-13", "_raw_NM_AREA_M2": 94.770672750991196, "_cam_code": "029" }, "geometry": { "type": "Polygon", "coordinates": [ [ [ -3.6283, 40.8343 ], [ -3.6284, 40.8343 ], [ -3.6285, 40.8343 ], [ -3.6284, 40.8342 ], [ -3.6283, 40.8343 ] ] ] } },
{ "type": "Feature", "properties": { "municipio": "Cabanillas de la Sierra", "clasificacion": "no-urbanizable-protegido", "calificacion": "sin-asignar", "version": "vigente", "fuente": "SIT-CAM WFS — UsoDelSuelo:VPLA_V_CLASIFICACION (https://idem.comunidad.madrid/geosrvg/ows)", "fecha_dato": "2026-05-12", "ambito": "88442", "_raw_CD_SIGLAS": "SNUP", "_raw_DS_CLASIF_GEN": "Suelo No Urbanizable Protegido", "_raw_DS_CLASIF_DET": "Suelo No Urbanizable de Protección. Cauces y Riberas", "_raw_DS_DOCU": "PLAN GENERAL", "_raw_DS_LEY": "CM Ley 9/2001, E Ley 6/1998", "_raw_FC_AC": "2015-10-13", "_raw_NM_AREA_M2": 2337.9366054152301, "_cam_code": "029" }, "geometry": { "type": "Polygon", "coordinates": [ [ [ -3.6477, 40.8231 ], [ -3.6479, 40.8232 ], [ -3.6483, 40.8233 ], [ -3.6481, 40.8227 ], [ -3.6477, 40.8227 ], [ -3.6477, 40.8231 ] ] ] } },
{ "type": "Feature", "properties": { "municipio": "Cabanillas de la Sierra", "clasificacion": "no-urbanizable-protegido", "calificacion": "sin-asignar", "version": "vigente", "fuente": "SIT-CAM WFS — UsoDelSuelo:VPLA_V_CLASIFICACION (https://idem.comunidad.madrid/geosrvg/ows)", "fecha_dato": "2026-05-12", "ambito": "88442", "_raw_CD_SIGLAS": "SNUP", "_raw_DS_CLASIF_GEN": "Suelo No Urbanizable Protegido", "_raw_DS_CLASIF_DET": "Suelo No Urbanizable de Protección. Cauces y Riberas", "_raw_DS_DOCU": "PLAN GENERAL", "_raw_DS_LEY": "CM Ley 9/2001, E Ley 6/1998", "_raw_FC_AC": "2015-10-13", "_raw_NM_AREA_M2": 3360.2919638302501, "_cam_code": "029" }, "geometry": { "type": "Polygon", "coordinates": [ [ [ -3.649, 40.8235 ], [ -3.6494, 40.824 ], [ -3.6496, 40.8245 ], [ -3.6495, 40.8245 ], [ -3.6498, 40.8247 ], [ -3.6499, 40.8243 ], [ -3.6497, 40.8242 ], [ -3.6494, 40.8236 ], [ -3.649, 40.8235 ] ] ] } },
{ "type": "Feature", "properties": { "municipio": "Cabanillas de la Sierra", "clasificacion": "no-urbanizable-protegido", "calificacion": "sin-asignar", "version": "vigente", "fuente": "SIT-CAM WFS — UsoDelSuelo:VPLA_V_CLASIFICACION (https://idem.comunidad.madrid/geosrvg/ows)", "fecha_dato": "2026-05-12", "ambito": "88442", "_raw_CD_SIGLAS": "SNUP", "_raw_DS_CLASIF_GEN": "Suelo No Urbanizable Protegido", "_raw_DS_CLASIF_DET": "Suelo No Urbanizable de Protección. Cauces y Riberas", "_raw_DS_DOCU": "PLAN GENERAL", "_raw_DS_LEY": "CM Ley 9/2001, E Ley 6/1998", "_raw_FC_AC": "2015-10-13", "_raw_NM_AREA_M2": 4995.9409501022801, "_cam_code": "029" }, "geometry": { "type": "Polygon", "coordinates": [ [ [ -3.6121, 40.8235 ], [ -3.6113, 40.8241 ], [ -3.6108, 40.8243 ], [ -3.6106, 40.8249 ], [ -3.6102, 40.8253 ], [ -3.6105, 40.8253 ], [ -3.6108, 40.825 ], [ -3.611, 40.8244 ], [ -3.6124, 40.8236 ], [ -3.6121, 40.8236 ], [ -3.6121, 40.8235 ] ] ] } },
{ "type": "Feature", "properties": { "municipio": "Cabanillas de la Sierra", "clasificacion": "no-urbanizable-protegido", "calificacion": "sin-asignar", "version": "vigente", "fuente": "SIT-CAM WFS — UsoDelSuelo:VPLA_V_CLASIFICACION (https://idem.comunidad.madrid/geosrvg/ows)", "fecha_dato": "2026-05-12", "ambito": "88442", "_raw_CD_SIGLAS": "SNUP", "_raw_DS_CLASIF_GEN": "Suelo No Urbanizable Protegido", "_raw_DS_CLASIF_DET": "Suelo No Urbanizable de Protección. Cauces y Riberas", "_raw_DS_DOCU": "PLAN GENERAL", "_raw_DS_LEY": "CM Ley 9/2001, E Ley 6/1998", "_raw_FC_AC": "2015-10-13", "_raw_NM_AREA_M2": 15187.7696296427, "_cam_code": "029" }, "geometry": { "type": "Polygon", "coordinates": [ [ [ -3.6198, 40.8255 ], [ -3.6202, 40.8252 ], [ -3.6206, 40.8245 ], [ -3.6205, 40.8241 ], [ -3.6206, 40.8238 ], [ -3.6207, 40.8238 ], [ -3.6207, 40.8232 ], [ -3.6209, 40.8227 ], [ -3.6209, 40.8222 ], [ -3.6206, 40.8218 ], [ -3.6206, 40.8216 ], [ -3.6203, 40.8216 ], [ -3.6203, 40.8219 ], [ -3.6186, 40.822 ], [ -3.6186, 40.8222 ], [ -3.6188, 40.8221 ], [ -3.6199, 40.8221 ], [ -3.62, 40.822 ], [ -3.6204, 40.822 ], [ -3.6205, 40.8222 ], [ -3.6204, 40.8232 ], [ -3.6203, 40.8236 ], [ -3.6201, 40.8238 ], [ -3.6202, 40.8246 ], [ -3.6198, 40.8253 ], [ -3.6198, 40.8255 ] ] ] } },
{ "type": "Feature", "properties": { "municipio": "Cabanillas de la Sierra", "clasificacion": "no-urbanizable-protegido", "calificacion": "sin-asignar", "version": "vigente", "fuente": "SIT-CAM WFS — UsoDelSuelo:VPLA_V_CLASIFICACION (https://idem.comunidad.madrid/geosrvg/ows)", "fecha_dato": "2026-05-12", "ambito": "88442", "_raw_CD_SIGLAS": "SNUP", "_raw_DS_CLASIF_GEN": "Suelo No Urbanizable Protegido", "_raw_DS_CLASIF_DET": "Suelo No Urbanizable de Protección. Cauces y Riberas", "_raw_DS_DOCU": "PLAN GENERAL", "_raw_DS_LEY": "CM Ley 9/2001, E Ley 6/1998", "_raw_FC_AC": "2015-10-13", "_raw_NM_AREA_M2": 64.581592334706002, "_cam_code": "029" }, "geometry": { "type": "Polygon", "coordinates": [ [ [ -3.652, 40.8261 ], [ -3.6522, 40.8261 ], [ -3.6522, 40.8261 ], [ -3.652, 40.8261 ] ] ] } },
{ "type": "Feature", "properties": { "municipio": "Cabanillas de la Sierra", "clasificacion": "no-urbanizable-protegido", "calificacion": "sin-asignar", "version": "vigente", "fuente": "SIT-CAM WFS — UsoDelSuelo:VPLA_V_CLASIFICACION (https://idem.comunidad.madrid/geosrvg/ows)", "fecha_dato": "2026-05-12", "ambito": "88442", "_raw_CD_SIGLAS": "SNUP", "_raw_DS_CLASIF_GEN": "Suelo No Urbanizable Protegido", "_raw_DS_CLASIF_DET": "Suelo No Urbanizable de Protección. Cauces y Riberas", "_raw_DS_DOCU": "PLAN GENERAL", "_raw_DS_LEY": "CM Ley 9/2001, E Ley 6/1998", "_raw_FC_AC": "2015-10-13", "_raw_NM_AREA_M2": 361.15166084385697, "_cam_code": "029" }, "geometry": { "type": "Polygon", "coordinates": [ [ [ -3.6522, 40.8264 ], [ -3.652, 40.8266 ], [ -3.6523, 40.8266 ], [ -3.6522, 40.8264 ] ] ] } },
{ "type": "Feature", "properties": { "municipio": "Cabanillas de la Sierra", "clasificacion": "no-urbanizable-protegido", "calificacion": "sin-asignar", "version": "vigente", "fuente": "SIT-CAM WFS — UsoDelSuelo:VPLA_V_CLASIFICACION (https://idem.comunidad.madrid/geosrvg/ows)", "fecha_dato": "2026-05-12", "ambito": "88442", "_raw_CD_SIGLAS": "SNUP", "_raw_DS_CLASIF_GEN": "Suelo No Urbanizable Protegido", "_raw_DS_CLASIF_DET": "Suelo No Urbanizable de Protección. Valores Históricos", "_raw_DS_DOCU": "PLAN GENERAL", "_raw_DS_LEY": "CM Ley 9/2001, E Ley 6/1998", "_raw_FC_AC": "2015-10-13", "_raw_NM_AREA_M2": 66537.828961608699, "_cam_code": "029" }, "geometry": { "type": "Polygon", "coordinates": [ [ [ -3.6464, 40.8218 ], [ -3.6477, 40.8219 ], [ -3.6484, 40.8222 ], [ -3.649, 40.8223 ], [ -3.649, 40.8224 ], [ -3.6492, 40.8224 ], [ -3.6496, 40.8227 ], [ -3.6499, 40.8227 ], [ -3.6487, 40.8221 ], [ -3.6469, 40.8217 ], [ -3.6473, 40.8213 ], [ -3.6483, 40.8208 ], [ -3.649, 40.8206 ], [ -3.6511, 40.8204 ], [ -3.6515, 40.8202 ], [ -3.651, 40.8195 ], [ -3.6497, 40.8192 ], [ -3.6491, 40.8194 ], [ -3.6485, 40.82 ], [ -3.6479, 40.8198 ], [ -3.647, 40.8199 ], [ -3.646, 40.8207 ], [ -3.6454, 40.8207 ], [ -3.6451, 40.821 ], [ -3.6461, 40.8215 ], [ -3.6464, 40.8218 ] ] ] } },
{ "type": "Feature", "properties": { "municipio": "Cabanillas de la Sierra", "clasificacion": "no-urbanizable-protegido", "calificacion": "sin-asignar", "version": "vigente", "fuente": "SIT-CAM WFS — UsoDelSuelo:VPLA_V_CLASIFICACION (https://idem.comunidad.madrid/geosrvg/ows)", "fecha_dato": "2026-05-12", "ambito": "88442", "_raw_CD_SIGLAS": "SNUP", "_raw_DS_CLASIF_GEN": "Suelo No Urbanizable Protegido", "_raw_DS_CLASIF_DET": "Suelo No Urbanizable de Protección. Valores Históricos", "_raw_DS_DOCU": "PLAN GENERAL", "_raw_DS_LEY": "CM Ley 9/2001, E Ley 6/1998", "_raw_FC_AC": "2015-10-13", "_raw_NM_AREA_M2": 7033.5167373652903, "_cam_code": "029" }, "geometry": { "type": "Polygon", "coordinates": [ [ [ -3.6477, 40.822 ], [ -3.6465, 40.8219 ], [ -3.6474, 40.8221 ], [ -3.6478, 40.8223 ], [ -3.6481, 40.8227 ], [ -3.6484, 40.8228 ], [ -3.6495, 40.8228 ], [ -3.6495, 40.8227 ], [ -3.6477, 40.822 ] ] ] } },
{ "type": "Feature", "properties": { "municipio": "Cabanillas de la Sierra", "clasificacion": "no-urbanizable-protegido", "calificacion": "sin-asignar", "version": "vigente", "fuente": "SIT-CAM WFS — UsoDelSuelo:VPLA_V_CLASIFICACION (https://idem.comunidad.madrid/geosrvg/ows)", "fecha_dato": "2026-05-12", "ambito": "88442", "_raw_CD_SIGLAS": "SNUP", "_raw_DS_CLASIF_GEN": "Suelo No Urbanizable Protegido", "_raw_DS_CLASIF_DET": "Suelo No Urbanizable de Protección. Valores Históricos", "_raw_DS_DOCU": "PLAN GENERAL", "_raw_DS_LEY": "CM Ley 9/2001, E Ley 6/1998", "_raw_FC_AC": "2015-10-13", "_raw_NM_AREA_M2": 10496.8568684079, "_cam_code": "029" }, "geometry": { "type": "Polygon", "coordinates": [ [ [ -3.6142, 40.8223 ], [ -3.6135, 40.8226 ], [ -3.6124, 40.8228 ], [ -3.6133, 40.823 ], [ -3.6136, 40.8232 ], [ -3.6142, 40.8232 ], [ -3.6145, 40.8231 ], [ -3.6147, 40.8223 ], [ -3.6142, 40.8223 ] ] ] } },
{ "type": "Feature", "properties": { "municipio": "Cabanillas de la Sierra", "clasificacion": "no-urbanizable-protegido", "calificacion": "sin-asignar", "version": "vigente", "fuente": "SIT-CAM WFS — UsoDelSuelo:VPLA_V_CLASIFICACION (https://idem.comunidad.madrid/geosrvg/ows)", "fecha_dato": "2026-05-12", "ambito": "88442", "_raw_CD_SIGLAS": "SNUP", "_raw_DS_CLASIF_GEN": "Suelo No Urbanizable Protegido", "_raw_DS_CLASIF_DET": "Suelo No Urbanizable de Protección. Valores Históricos", "_raw_DS_DOCU": "PLAN GENERAL", "_raw_DS_LEY": "CM Ley 9/2001, E Ley 6/1998", "_raw_FC_AC": "2015-10-13", "_raw_NM_AREA_M2": 4044.2218576856499, "_cam_code": "029" }, "geometry": { "type": "Polygon", "coordinates": [ [ [ -3.6121, 40.8229 ], [ -3.6112, 40.8231 ], [ -3.612, 40.8235 ], [ -3.6123, 40.8234 ], [ -3.6121, 40.8229 ] ] ] } },
{ "type": "Feature", "properties": { "municipio": "Cabanillas de la Sierra", "clasificacion": "no-urbanizable-protegido", "calificacion": "sin-asignar", "version": "vigente", "fuente": "SIT-CAM WFS — UsoDelSuelo:VPLA_V_CLASIFICACION (https://idem.comunidad.madrid/geosrvg/ows)", "fecha_dato": "2026-05-12", "ambito": "88442", "_raw_CD_SIGLAS": "SNUP", "_raw_DS_CLASIF_GEN": "Suelo No Urbanizable Protegido", "_raw_DS_CLASIF_DET": "Suelo No Urbanizable de Protección. Valores Históricos", "_raw_DS_DOCU": "PLAN GENERAL", "_raw_DS_LEY": "CM Ley 9/2001, E Ley 6/1998", "_raw_FC_AC": "2015-10-13", "_raw_NM_AREA_M2": 1454.4551658538101, "_cam_code": "029" }, "geometry": { "type": "Polygon", "coordinates": [ [ [ -3.6483, 40.8233 ], [ -3.6484, 40.8236 ], [ -3.6489, 40.8236 ], [ -3.649, 40.8235 ], [ -3.6489, 40.8233 ], [ -3.6483, 40.8233 ] ] ] } },
{ "type": "Feature", "properties": { "municipio": "Cabanillas de la Sierra", "clasificacion": "no-urbanizable-protegido", "calificacion": "sin-asignar", "version": "vigente", "fuente": "SIT-CAM WFS — UsoDelSuelo:VPLA_V_CLASIFICACION (https://idem.comunidad.madrid/geosrvg/ows)", "fecha_dato": "2026-05-12", "ambito": "88442", "_raw_CD_SIGLAS": "SNUP", "_raw_DS_CLASIF_GEN": "Suelo No Urbanizable Protegido", "_raw_DS_CLASIF_DET": "Suelo No Urbanizable de Protección. Valores Históricos", "_raw_DS_DOCU": "PLAN GENERAL", "_raw_DS_LEY": "CM Ley 9/2001, E Ley 6/1998", "_raw_FC_AC": "2015-10-13", "_raw_NM_AREA_M2": 9331.5437280096394, "_cam_code": "029" }, "geometry": { "type": "Polygon", "coordinates": [ [ [ -3.6127, 40.8231 ], [ -3.6124, 40.8236 ], [ -3.6137, 40.8239 ], [ -3.6144, 40.8237 ], [ -3.6145, 40.8233 ], [ -3.6139, 40.8234 ], [ -3.6127, 40.8231 ] ] ] } },
{ "type": "Feature", "properties": { "municipio": "Cabanillas de la Sierra", "clasificacion": "no-urbanizable-protegido", "calificacion": "sin-asignar", "version": "vigente", "fuente": "SIT-CAM WFS — UsoDelSuelo:VPLA_V_CLASIFICACION (https://idem.comunidad.madrid/geosrvg/ows)", "fecha_dato": "2026-05-12", "ambito": "88442", "_raw_CD_SIGLAS": "SNUP", "_raw_DS_CLASIF_GEN": "Suelo No Urbanizable Protegido", "_raw_DS_CLASIF_DET": "Suelo No Urbanizable de Protección. Valores Históricos", "_raw_DS_DOCU": "PLAN GENERAL", "_raw_DS_LEY": "CM Ley 9/2001, E Ley 6/1998", "_raw_FC_AC": "2015-10-13", "_raw_NM_AREA_M2": 53196.403073589398, "_cam_code": "029" }, "geometry": { "type": "Polygon", "coordinates": [ [ [ -3.6156, 40.8243 ], [ -3.6174, 40.8242 ], [ -3.6179, 40.8237 ], [ -3.6182, 40.8231 ], [ -3.6181, 40.8229 ], [ -3.6184, 40.8228 ], [ -3.6185, 40.8222 ], [ -3.6186, 40.8222 ], [ -3.6185, 40.8222 ], [ -3.6176, 40.8222 ], [ -3.6175, 40.8223 ], [ -3.6158, 40.8223 ], [ -3.6157, 40.8226 ], [ -3.615, 40.8231 ], [ -3.6149, 40.8239 ], [ -3.6156, 40.8243 ] ] ] } },
{ "type": "Feature", "properties": { "municipio": "Cabanillas de la Sierra", "clasificacion": "no-urbanizable-protegido", "calificacion": "sin-asignar", "version": "vigente", "fuente": "SIT-CAM WFS — UsoDelSuelo:VPLA_V_CLASIFICACION (https://idem.comunidad.madrid/geosrvg/ows)", "fecha_dato": "2026-05-12", "ambito": "88442", "_raw_CD_SIGLAS": "SNUP", "_raw_DS_CLASIF_GEN": "Suelo No Urbanizable Protegido", "_raw_DS_CLASIF_DET": "Suelo No Urbanizable de Protección. Valores Históricos", "_raw_DS_DOCU": "PLAN GENERAL", "_raw_DS_LEY": "CM Ley 9/2001, E Ley 6/1998", "_raw_FC_AC": "2015-10-13", "_raw_NM_AREA_M2": 18068.712419827902, "_cam_code": "029" }, "geometry": { "type": "Polygon", "coordinates": [ [ [ -3.6441, 40.8219 ], [ -3.6467, 40.8229 ], [ -3.6479, 40.8238 ], [ -3.6493, 40.8245 ], [ -3.6493, 40.8242 ], [ -3.6491, 40.824 ], [ -3.6487, 40.824 ], [ -3.6482, 40.8238 ], [ -3.648, 40.8236 ], [ -3.648, 40.8233 ], [ -3.6474, 40.823 ], [ -3.6468, 40.8223 ], [ -3.6461, 40.8221 ], [ -3.6462, 40.8219 ], [ -3.6458, 40.822 ], [ -3.6441, 40.8219 ] ] ] } },
{ "type": "Feature", "properties": { "municipio": "Cabanillas de la Sierra", "clasificacion": "no-urbanizable-protegido", "calificacion": "sin-asignar", "version": "vigente", "fuente": "SIT-CAM WFS — UsoDelSuelo:VPLA_V_CLASIFICACION (https://idem.comunidad.madrid/geosrvg/ows)", "fecha_dato": "2026-05-12", "ambito": "88442", "_raw_CD_SIGLAS": "SNUP", "_raw_DS_CLASIF_GEN": "Suelo No Urbanizable Protegido", "_raw_DS_CLASIF_DET": "Suelo No Urbanizable de Protección. Cauces y Riberas", "_raw_DS_DOCU": "PLAN GENERAL", "_raw_DS_LEY": "CM Ley 9/2001, E Ley 6/1998", "_raw_FC_AC": "2015-10-13", "_raw_NM_AREA_M2": 494.50211451268802, "_cam_code": "029" }, "geometry": { "type": "Polygon", "coordinates": [ [ [ -3.6227, 40.8291 ], [ -3.6228, 40.8296 ], [ -3.623, 40.8297 ], [ -3.623, 40.8295 ], [ -3.6227, 40.8291 ] ] ] } },
{ "type": "Feature", "properties": { "municipio": "Cabanillas de la Sierra", "clasificacion": "no-urbanizable-protegido", "calificacion": "sin-asignar", "version": "vigente", "fuente": "SIT-CAM WFS — UsoDelSuelo:VPLA_V_CLASIFICACION (https://idem.comunidad.madrid/geosrvg/ows)", "fecha_dato": "2026-05-12", "ambito": "88442", "_raw_CD_SIGLAS": "SNUP", "_raw_DS_CLASIF_GEN": "Suelo No Urbanizable Protegido", "_raw_DS_CLASIF_DET": "Suelo No Urbanizable de Protección. Cauces y Riberas", "_raw_DS_DOCU": "PLAN GENERAL", "_raw_DS_LEY": "CM Ley 9/2001, E Ley 6/1998", "_raw_FC_AC": "2015-10-13", "_raw_NM_AREA_M2": 1074.8826276184, "_cam_code": "029" }, "geometry": { "type": "Polygon", "coordinates": [ [ [ -3.6243, 40.8308 ], [ -3.6247, 40.8309 ], [ -3.6249, 40.8311 ], [ -3.625, 40.8309 ], [ -3.6247, 40.8308 ], [ -3.6247, 40.8307 ], [ -3.6243, 40.8307 ], [ -3.6243, 40.8308 ] ] ] } },
{ "type": "Feature", "properties": { "municipio": "Cabanillas de la Sierra", "clasificacion": "no-urbanizable-protegido", "calificacion": "sin-asignar", "version": "vigente", "fuente": "SIT-CAM WFS — UsoDelSuelo:VPLA_V_CLASIFICACION (https://idem.comunidad.madrid/geosrvg/ows)", "fecha_dato": "2026-05-12", "ambito": "88442", "_raw_CD_SIGLAS": "SNUP", "_raw_DS_CLASIF_GEN": "Suelo No Urbanizable Protegido", "_raw_DS_CLASIF_DET": "Suelo No Urbanizable de Protección. Cauces y Riberas", "_raw_DS_DOCU": "PLAN GENERAL", "_raw_DS_LEY": "CM Ley 9/2001, E Ley 6/1998", "_raw_FC_AC": "2015-10-13", "_raw_NM_AREA_M2": 4327.2422388427603, "_cam_code": "029" }, "geometry": { "type": "Polygon", "coordinates": [ [ [ -3.615, 40.8311 ], [ -3.6151, 40.8313 ], [ -3.6161, 40.8312 ], [ -3.6162, 40.8311 ], [ -3.6161, 40.8306 ], [ -3.6158, 40.8306 ], [ -3.6152, 40.8311 ], [ -3.615, 40.8311 ] ] ] } },
{ "type": "Feature", "properties": { "municipio": "Cabanillas de la Sierra", "clasificacion": "no-urbanizable-protegido", "calificacion": "sin-asignar", "version": "vigente", "fuente": "SIT-CAM WFS — UsoDelSuelo:VPLA_V_CLASIFICACION (https://idem.comunidad.madrid/geosrvg/ows)", "fecha_dato": "2026-05-12", "ambito": "88442", "_raw_CD_SIGLAS": "SNUP", "_raw_DS_CLASIF_GEN": "Suelo No Urbanizable Protegido", "_raw_DS_CLASIF_DET": "Suelo No Urbanizable de Protección. Cauces y Riberas", "_raw_DS_DOCU": "PLAN GENERAL", "_raw_DS_LEY": "CM Ley 9/2001, E Ley 6/1998", "_raw_FC_AC": "2015-10-13", "_raw_NM_AREA_M2": 2040.1214622769801, "_cam_code": "029" }, "geometry": { "type": "Polygon", "coordinates": [ [ [ -3.6285, 40.8343 ], [ -3.6287, 40.8347 ], [ -3.6288, 40.8347 ], [ -3.6288, 40.8351 ], [ -3.6292, 40.8355 ], [ -3.6292, 40.8355 ], [ -3.6292, 40.8356 ], [ -3.6292, 40.8356 ], [ -3.6292, 40.8357 ], [ -3.6292, 40.8359 ], [ -3.6295, 40.8362 ], [ -3.6295, 40.8359 ], [ -3.6292, 40.8357 ], [ -3.6292, 40.8356 ], [ -3.6292, 40.8356 ], [ -3.6292, 40.8355 ], [ -3.6292, 40.8353 ], [ -3.6289, 40.8351 ], [ -3.6289, 40.8346 ], [ -3.6286, 40.8342 ], [ -3.6285, 40.8343 ] ] ] } },
{ "type": "Feature", "properties": { "municipio": "Cabanillas de la Sierra", "clasificacion": "no-urbanizable-protegido", "calificacion": "sin-asignar", "version": "vigente", "fuente": "SIT-CAM WFS — UsoDelSuelo:VPLA_V_CLASIFICACION (https://idem.comunidad.madrid/geosrvg/ows)", "fecha_dato": "2026-05-12", "ambito": "88442", "_raw_CD_SIGLAS": "SNUP", "_raw_DS_CLASIF_GEN": "Suelo No Urbanizable Protegido", "_raw_DS_CLASIF_DET": "Suelo No Urbanizable de Protección. Cauces y Riberas", "_raw_DS_DOCU": "PLAN GENERAL", "_raw_DS_LEY": "CM Ley 9/2001, E Ley 6/1998", "_raw_FC_AC": "2015-10-13", "_raw_NM_AREA_M2": 3654.9226844660002, "_cam_code": "029" }, "geometry": { "type": "Polygon", "coordinates": [ [ [ -3.6283, 40.8344 ], [ -3.6285, 40.8345 ], [ -3.6285, 40.8346 ], [ -3.6285, 40.8351 ], [ -3.6289, 40.8355 ], [ -3.6293, 40.8365 ], [ -3.6303, 40.8375 ], [ -3.6297, 40.8367 ], [ -3.6295, 40.8366 ], [ -3.6287, 40.8351 ], [ -3.6287, 40.8348 ], [ -3.6284, 40.8343 ], [ -3.6283, 40.8344 ] ] ] } },
{ "type": "Feature", "properties": { "municipio": "Cabanillas de la Sierra", "clasificacion": "no-urbanizable-protegido", "calificacion": "sin-asignar", "version": "vigente", "fuente": "SIT-CAM WFS — UsoDelSuelo:VPLA_V_CLASIFICACION (https://idem.comunidad.madrid/geosrvg/ows)", "fecha_dato": "2026-05-12", "ambito": "88442", "_raw_CD_SIGLAS": "SNUP", "_raw_DS_CLASIF_GEN": "Suelo No Urbanizable Protegido", "_raw_DS_CLASIF_DET": "Suelo No Urbanizable de Protección. Valores Históricos", "_raw_DS_DOCU": "PLAN GENERAL", "_raw_DS_LEY": "CM Ley 9/2001, E Ley 6/1998", "_raw_FC_AC": "2015-10-13", "_raw_NM_AREA_M2": 9835.1759832912103, "_cam_code": "029" }, "geometry": { "type": "Polygon", "coordinates": [ [ [ -3.6508, 40.8256 ], [ -3.6511, 40.8259 ], [ -3.6513, 40.8259 ], [ -3.6513, 40.8257 ], [ -3.6511, 40.8256 ], [ -3.6514, 40.8255 ], [ -3.6514, 40.8252 ], [ -3.6503, 40.8247 ], [ -3.6497, 40.8247 ], [ -3.6496, 40.8248 ], [ -3.6496, 40.825 ], [ -3.65, 40.8251 ], [ -3.65, 40.8252 ], [ -3.6503, 40.8252 ], [ -3.6505, 40.8255 ], [ -3.6508, 40.8256 ] ] ] } },
{ "type": "Feature", "properties": { "municipio": "Cabanillas de la Sierra", "clasificacion": "no-urbanizable-protegido", "calificacion": "sin-asignar", "version": "vigente", "fuente": "SIT-CAM WFS — UsoDelSuelo:VPLA_V_CLASIFICACION (https://idem.comunidad.madrid/geosrvg/ows)", "fecha_dato": "2026-05-12", "ambito": "88442", "_raw_CD_SIGLAS": "SNUP", "_raw_DS_CLASIF_GEN": "Suelo No Urbanizable Protegido", "_raw_DS_CLASIF_DET": "Suelo No Urbanizable de Protección. Valores Históricos", "_raw_DS_DOCU": "PLAN GENERAL", "_raw_DS_LEY": "CM Ley 9/2001, E Ley 6/1998", "_raw_FC_AC": "2015-10-13", "_raw_NM_AREA_M2": 200.65516487795099, "_cam_code": "029" }, "geometry": { "type": "Polygon", "coordinates": [ [ [ -3.6517, 40.8261 ], [ -3.6515, 40.8261 ], [ -3.6515, 40.8262 ], [ -3.6518, 40.8261 ], [ -3.6517, 40.8261 ] ] ] } },
{ "type": "Feature", "properties": { "municipio": "Cabanillas de la Sierra", "clasificacion": "no-urbanizable-protegido", "calificacion": "sin-asignar", "version": "vigente", "fuente": "SIT-CAM WFS — UsoDelSuelo:VPLA_V_CLASIFICACION (https://idem.comunidad.madrid/geosrvg/ows)", "fecha_dato": "2026-05-12", "ambito": "88442", "_raw_CD_SIGLAS": "SNUP", "_raw_DS_CLASIF_GEN": "Suelo No Urbanizable Protegido", "_raw_DS_CLASIF_DET": "Suelo No Urbanizable de Protección. Valores Históricos", "_raw_DS_DOCU": "PLAN GENERAL", "_raw_DS_LEY": "CM Ley 9/2001, E Ley 6/1998", "_raw_FC_AC": "2015-10-13", "_raw_NM_AREA_M2": 23546.860818790901, "_cam_code": "029" }, "geometry": { "type": "Polygon", "coordinates": [ [ [ -3.6128, 40.8259 ], [ -3.6137, 40.8265 ], [ -3.6141, 40.8266 ], [ -3.6141, 40.825 ], [ -3.6143, 40.8244 ], [ -3.613, 40.8243 ], [ -3.6128, 40.8259 ] ] ] } },
{ "type": "Feature", "properties": { "municipio": "Cabanillas de la Sierra", "clasificacion": "no-urbanizable-protegido", "calificacion": "sin-asignar", "version": "vigente", "fuente": "SIT-CAM WFS — UsoDelSuelo:VPLA_V_CLASIFICACION (https://idem.comunidad.madrid/geosrvg/ows)", "fecha_dato": "2026-05-12", "ambito": "88442", "_raw_CD_SIGLAS": "SNUP", "_raw_DS_CLASIF_GEN": "Suelo No Urbanizable Protegido", "_raw_DS_CLASIF_DET": "Suelo No Urbanizable de Protección. Valores Históricos", "_raw_DS_DOCU": "PLAN GENERAL", "_raw_DS_LEY": "CM Ley 9/2001, E Ley 6/1998", "_raw_FC_AC": "2015-10-13", "_raw_NM_AREA_M2": 126068.641556927, "_cam_code": "029" }, "geometry": { "type": "Polygon", "coordinates": [ [ [ -3.6145, 40.8268 ], [ -3.6153, 40.827 ], [ -3.6171, 40.8269 ], [ -3.6176, 40.8283 ], [ -3.6182, 40.8283 ], [ -3.6177, 40.8287 ], [ -3.6173, 40.8293 ], [ -3.6168, 40.8295 ], [ -3.6163, 40.8299 ], [ -3.616, 40.8304 ], [ -3.6161, 40.8306 ], [ -3.6163, 40.8306 ], [ -3.6169, 40.8304 ], [ -3.618, 40.8297 ], [ -3.6181, 40.8294 ], [ -3.618, 40.829 ], [ -3.6188, 40.8282 ], [ -3.6185, 40.827 ], [ -3.6188, 40.8267 ], [ -3.6197, 40.8265 ], [ -3.6198, 40.8255 ], [ -3.6165, 40.8249 ], [ -3.6148, 40.8244 ], [ -3.6145, 40.8268 ] ] ] } },
{ "type": "Feature", "properties": { "municipio": "Cabanillas de la Sierra", "clasificacion": "no-urbanizable-protegido", "calificacion": "sin-asignar", "version": "vigente", "fuente": "SIT-CAM WFS — UsoDelSuelo:VPLA_V_CLASIFICACION (https://idem.comunidad.madrid/geosrvg/ows)", "fecha_dato": "2026-05-12", "ambito": "88442", "_raw_CD_SIGLAS": "SNUP", "_raw_DS_CLASIF_GEN": "Suelo No Urbanizable Protegido", "_raw_DS_CLASIF_DET": "Suelo No Urbanizable de Protección. Valores Históricos", "_raw_DS_DOCU": "PLAN GENERAL", "_raw_DS_LEY": "CM Ley 9/2001, E Ley 6/1998", "_raw_FC_AC": "2015-10-13", "_raw_NM_AREA_M2": 135458.916882349, "_cam_code": "029" }, "geometry": { "type": "Polygon", "coordinates": [ [ [ -3.6224, 40.828 ], [ -3.6224, 40.8286 ], [ -3.6229, 40.8289 ], [ -3.6232, 40.8296 ], [ -3.6243, 40.83 ], [ -3.6246, 40.8307 ], [ -3.6254, 40.8305 ], [ -3.6257, 40.8285 ], [ -3.624, 40.8281 ], [ -3.6242, 40.8275 ], [ -3.6227, 40.8267 ], [ -3.6228, 40.8264 ], [ -3.6234, 40.8261 ], [ -3.6236, 40.8258 ], [ -3.623, 40.8257 ], [ -3.6218, 40.825 ], [ -3.621, 40.8251 ], [ -3.6203, 40.825 ], [ -3.62, 40.8255 ], [ -3.6201, 40.8263 ], [ -3.6198, 40.8267 ], [ -3.6199, 40.8273 ], [ -3.62, 40.8273 ], [ -3.6202, 40.8278 ], [ -3.6205, 40.8279 ], [ -3.6205, 40.828 ], [ -3.6211, 40.8277 ], [ -3.6214, 40.8277 ], [ -3.6215, 40.8278 ], [ -3.6224, 40.8278 ], [ -3.6224, 40.828 ] ] ] } },
{ "type": "Feature", "properties": { "municipio": "Cabanillas de la Sierra", "clasificacion": "no-urbanizable-protegido", "calificacion": "sin-asignar", "version": "vigente", "fuente": "SIT-CAM WFS — UsoDelSuelo:VPLA_V_CLASIFICACION (https://idem.comunidad.madrid/geosrvg/ows)", "fecha_dato": "2026-05-12", "ambito": "88442", "_raw_CD_SIGLAS": "SNUP", "_raw_DS_CLASIF_GEN": "Suelo No Urbanizable Protegido", "_raw_DS_CLASIF_DET": "Suelo No Urbanizable de Protección. Vías Pecuarias", "_raw_DS_DOCU": "PLAN GENERAL", "_raw_DS_LEY": "CM Ley 9/2001, E Ley 6/1998", "_raw_FC_AC": "2015-10-13", "_raw_NM_AREA_M2": 5247.2556531252003, "_cam_code": "029" }, "geometry": { "type": "Polygon", "coordinates": [ [ [ -3.6194, 40.8099 ], [ -3.6196, 40.8102 ], [ -3.6201, 40.8105 ], [ -3.6201, 40.81 ], [ -3.6197, 40.8099 ], [ -3.6196, 40.8096 ], [ -3.6209, 40.8092 ], [ -3.621, 40.8088 ], [ -3.6209, 40.8087 ], [ -3.6209, 40.809 ], [ -3.6207, 40.8091 ], [ -3.6199, 40.8092 ], [ -3.6196, 40.8095 ], [ -3.6194, 40.8099 ] ] ] } },
{ "type": "Feature", "properties": { "municipio": "Cabanillas de la Sierra", "clasificacion": "no-urbanizable-protegido", "calificacion": "sin-asignar", "version": "vigente", "fuente": "SIT-CAM WFS — UsoDelSuelo:VPLA_V_CLASIFICACION (https://idem.comunidad.madrid/geosrvg/ows)", "fecha_dato": "2026-05-12", "ambito": "88442", "_raw_CD_SIGLAS": "SNUP", "_raw_DS_CLASIF_GEN": "Suelo No Urbanizable Protegido", "_raw_DS_CLASIF_DET": "Suelo No Urbanizable de Protección. Vías Pecuarias", "_raw_DS_DOCU": "PLAN GENERAL", "_raw_DS_LEY": "CM Ley 9/2001, E Ley 6/1998", "_raw_FC_AC": "2015-10-13", "_raw_NM_AREA_M2": 782.93763409175403, "_cam_code": "029" }, "geometry": { "type": "Polygon", "coordinates": [ [ [ -3.6185, 40.8123 ], [ -3.6182, 40.8126 ], [ -3.6182, 40.8129 ], [ -3.6186, 40.8131 ], [ -3.6183, 40.8128 ], [ -3.6185, 40.8123 ] ] ] } },
{ "type": "Feature", "properties": { "municipio": "Cabanillas de la Sierra", "clasificacion": "no-urbanizable-protegido", "calificacion": "sin-asignar", "version": "vigente", "fuente": "SIT-CAM WFS — UsoDelSuelo:VPLA_V_CLASIFICACION (https://idem.comunidad.madrid/geosrvg/ows)", "fecha_dato": "2026-05-12", "ambito": "88442", "_raw_CD_SIGLAS": "SNUP", "_raw_DS_CLASIF_GEN": "Suelo No Urbanizable Protegido", "_raw_DS_CLASIF_DET": "Suelo No Urbanizable de Protección. Valores Históricos. Montes Preservados", "_raw_DS_DOCU": "PLAN GENERAL", "_raw_DS_LEY": "CM Ley 9/2001, E Ley 6/1998", "_raw_FC_AC": "2015-10-13", "_raw_NM_AREA_M2": 63908.312479195003, "_cam_code": "029" }, "geometry": { "type": "Polygon", "coordinates": [ [ [ -3.6514, 40.8203 ], [ -3.649, 40.8206 ], [ -3.6483, 40.8208 ], [ -3.6473, 40.8213 ], [ -3.6469, 40.8217 ], [ -3.6484, 40.822 ], [ -3.6499, 40.8227 ], [ -3.6502, 40.8227 ], [ -3.6509, 40.8224 ], [ -3.6514, 40.8218 ], [ -3.6516, 40.8214 ], [ -3.6515, 40.8208 ], [ -3.6516, 40.8205 ], [ -3.6515, 40.8202 ], [ -3.6514, 40.8203 ] ] ] } },
{ "type": "Feature", "properties": { "municipio": "Cabanillas de la Sierra", "clasificacion": "no-urbanizable-protegido", "calificacion": "sin-asignar", "version": "vigente", "fuente": "SIT-CAM WFS — UsoDelSuelo:VPLA_V_CLASIFICACION (https://idem.comunidad.madrid/geosrvg/ows)", "fecha_dato": "2026-05-12", "ambito": "88442", "_raw_CD_SIGLAS": "SNUP", "_raw_DS_CLASIF_GEN": "Suelo No Urbanizable Protegido", "_raw_DS_CLASIF_DET": "Suelo No Urbanizable de Protección. Valores Históricos. Montes Preservados", "_raw_DS_DOCU": "PLAN GENERAL", "_raw_DS_LEY": "CM Ley 9/2001, E Ley 6/1998", "_raw_FC_AC": "2015-10-13", "_raw_NM_AREA_M2": 1421.1186639064399, "_cam_code": "029" }, "geometry": { "type": "Polygon", "coordinates": [ [ [ -3.611, 40.8228 ], [ -3.6112, 40.8231 ], [ -3.6121, 40.8229 ], [ -3.6118, 40.8228 ], [ -3.611, 40.8228 ] ] ] } },
{ "type": "Feature", "properties": { "municipio": "Cabanillas de la Sierra", "clasificacion": "no-urbanizable-protegido", "calificacion": "sin-asignar", "version": "vigente", "fuente": "SIT-CAM WFS — UsoDelSuelo:VPLA_V_CLASIFICACION (https://idem.comunidad.madrid/geosrvg/ows)", "fecha_dato": "2026-05-12", "ambito": "88442", "_raw_CD_SIGLAS": "SNUP", "_raw_DS_CLASIF_GEN": "Suelo No Urbanizable Protegido", "_raw_DS_CLASIF_DET": "Suelo No Urbanizable de Protección. Vías Pecuarias", "_raw_DS_DOCU": "PLAN GENERAL", "_raw_DS_LEY": "CM Ley 9/2001, E Ley 6/1998", "_raw_FC_AC": "2015-10-13", "_raw_NM_AREA_M2": 248119.550097183, "_cam_code": "029" }, "geometry": { "type": "Polygon", "coordinates": [ [ [ -3.6402, 40.8144 ], [ -3.6403, 40.8151 ], [ -3.6403, 40.8144 ], [ -3.6404, 40.8143 ], [ -3.6415, 40.8142 ], [ -3.642, 40.8139 ], [ -3.6424, 40.8139 ], [ -3.6429, 40.8141 ], [ -3.6438, 40.8149 ], [ -3.644, 40.8149 ], [ -3.6443, 40.8147 ], [ -3.6445, 40.8142 ], [ -3.6448, 40.814 ], [ -3.6451, 40.8139 ], [ -3.6451, 40.814 ], [ -3.6454, 40.8137 ], [ -3.6463, 40.8134 ], [ -3.6471, 40.814 ], [ -3.6479, 40.8141 ], [ -3.6488, 40.8132 ], [ -3.6481, 40.8126 ], [ -3.6479, 40.8123 ], [ -3.6479, 40.812 ], [ -3.6477, 40.812 ], [ -3.6472, 40.8125 ], [ -3.6469, 40.8121 ], [ -3.6469, 40.8116 ], [ -3.648, 40.8102 ], [ -3.6498, 40.8085 ], [ -3.6507, 40.8079 ], [ -3.6519, 40.8074 ], [ -3.659, 40.8047 ], [ -3.658, 40.8045 ], [ -3.6569, 40.8048 ], [ -3.6566, 40.8047 ], [ -3.6566, 40.8049 ], [ -3.6559, 40.8052 ], [ -3.6551, 40.8054 ], [ -3.6515, 40.8068 ], [ -3.6469, 40.8096 ], [ -3.646, 40.8104 ], [ -3.6441, 40.8113 ], [ -3.6427, 40.8122 ], [ -3.6428, 40.8122 ], [ -3.6428, 40.8128 ], [ -3.6423, 40.8135 ], [ -3.6409, 40.8141 ], [ -3.6402, 40.8141 ], [ -3.6397, 40.8139 ], [ -3.6402, 40.8144 ] ] ] } },
{ "type": "Feature", "properties": { "municipio": "Cabanillas de la Sierra", "clasificacion": "no-urbanizable-protegido", "calificacion": "sin-asignar", "version": "vigente", "fuente": "SIT-CAM WFS — UsoDelSuelo:VPLA_V_CLASIFICACION (https://idem.comunidad.madrid/geosrvg/ows)", "fecha_dato": "2026-05-12", "ambito": "88442", "_raw_CD_SIGLAS": "SNUP", "_raw_DS_CLASIF_GEN": "Suelo No Urbanizable Protegido", "_raw_DS_CLASIF_DET": "Suelo No Urbanizable de Protección. Vías Pecuarias", "_raw_DS_DOCU": "PLAN GENERAL", "_raw_DS_LEY": "CM Ley 9/2001, E Ley 6/1998", "_raw_FC_AC": "2015-10-13", "_raw_NM_AREA_M2": 30651.310658582301, "_cam_code": "029" }, "geometry": { "type": "Polygon", "coordinates": [ [ [ -3.6378, 40.8142 ], [ -3.6375, 40.8152 ], [ -3.6373, 40.8154 ], [ -3.6377, 40.8155 ], [ -3.6378, 40.8163 ], [ -3.6382, 40.8155 ], [ -3.6389, 40.8148 ], [ -3.6395, 40.8147 ], [ -3.6398, 40.8149 ], [ -3.6398, 40.8146 ], [ -3.6397, 40.8143 ], [ -3.6392, 40.8137 ], [ -3.6386, 40.8139 ], [ -3.6375, 40.8132 ], [ -3.6371, 40.8138 ], [ -3.6378, 40.8142 ] ] ] } },
{ "type": "Feature", "properties": { "municipio": "Cabanillas de la Sierra", "clasificacion": "no-urbanizable-protegido", "calificacion": "sin-asignar", "version": "vigente", "fuente": "SIT-CAM WFS — UsoDelSuelo:VPLA_V_CLASIFICACION (https://idem.comunidad.madrid/geosrvg/ows)", "fecha_dato": "2026-05-12", "ambito": "88442", "_raw_CD_SIGLAS": "SNUP", "_raw_DS_CLASIF_GEN": "Suelo No Urbanizable Protegido", "_raw_DS_CLASIF_DET": "Suelo No Urbanizable de Protección. Valores Históricos", "_raw_DS_DOCU": "PLAN GENERAL", "_raw_DS_LEY": "CM Ley 9/2001, E Ley 6/1998", "_raw_FC_AC": "2015-10-13", "_raw_NM_AREA_M2": 106831.335578785, "_cam_code": "029" }, "geometry": { "type": "Polygon", "coordinates": [ [ [ -3.6187, 40.8288 ], [ -3.6184, 40.8291 ], [ -3.6186, 40.8294 ], [ -3.6185, 40.8298 ], [ -3.6162, 40.8311 ], [ -3.6162, 40.8312 ], [ -3.617, 40.8318 ], [ -3.619, 40.8313 ], [ -3.6198, 40.8308 ], [ -3.6204, 40.8307 ], [ -3.6216, 40.8297 ], [ -3.621, 40.8288 ], [ -3.6214, 40.8287 ], [ -3.6222, 40.8289 ], [ -3.622, 40.8287 ], [ -3.6218, 40.8281 ], [ -3.6211, 40.828 ], [ -3.6206, 40.8282 ], [ -3.6201, 40.828 ], [ -3.6196, 40.8271 ], [ -3.6196, 40.8267 ], [ -3.6188, 40.827 ], [ -3.6188, 40.8274 ], [ -3.6189, 40.8274 ], [ -3.619, 40.8277 ], [ -3.619, 40.8283 ], [ -3.6189, 40.8283 ], [ -3.6187, 40.8288 ] ] ] } },
{ "type": "Feature", "properties": { "municipio": "Cabanillas de la Sierra", "clasificacion": "no-urbanizable-protegido", "calificacion": "sin-asignar", "version": "vigente", "fuente": "SIT-CAM WFS — UsoDelSuelo:VPLA_V_CLASIFICACION (https://idem.comunidad.madrid/geosrvg/ows)", "fecha_dato": "2026-05-12", "ambito": "88442", "_raw_CD_SIGLAS": "SNUP", "_raw_DS_CLASIF_GEN": "Suelo No Urbanizable Protegido", "_raw_DS_CLASIF_DET": "Suelo No Urbanizable de Protección. Valores Históricos", "_raw_DS_DOCU": "PLAN GENERAL", "_raw_DS_LEY": "CM Ley 9/2001, E Ley 6/1998", "_raw_FC_AC": "2015-10-13", "_raw_NM_AREA_M2": 3884.0960096624499, "_cam_code": "029" }, "geometry": { "type": "Polygon", "coordinates": [ [ [ -3.6251, 40.8318 ], [ -3.6246, 40.8325 ], [ -3.6246, 40.8335 ], [ -3.6251, 40.8322 ], [ -3.6253, 40.832 ], [ -3.6251, 40.8318 ] ] ] } },
{ "type": "Feature", "properties": { "municipio": "Cabanillas de la Sierra", "clasificacion": "no-urbanizable-protegido", "calificacion": "sin-asignar", "version": "vigente", "fuente": "SIT-CAM WFS — UsoDelSuelo:VPLA_V_CLASIFICACION (https://idem.comunidad.madrid/geosrvg/ows)", "fecha_dato": "2026-05-12", "ambito": "88442", "_raw_CD_SIGLAS": "SNUP", "_raw_DS_CLASIF_GEN": "Suelo No Urbanizable Protegido", "_raw_DS_CLASIF_DET": "Suelo No Urbanizable de Protección. Valores Históricos", "_raw_DS_DOCU": "PLAN GENERAL", "_raw_DS_LEY": "CM Ley 9/2001, E Ley 6/1998", "_raw_FC_AC": "2015-10-13", "_raw_NM_AREA_M2": 25035.118749932801, "_cam_code": "029" }, "geometry": { "type": "Polygon", "coordinates": [ [ [ -3.6268, 40.8325 ], [ -3.6269, 40.8325 ], [ -3.6267, 40.8327 ], [ -3.6276, 40.8329 ], [ -3.6283, 40.8339 ], [ -3.6289, 40.833 ], [ -3.629, 40.8323 ], [ -3.6285, 40.8323 ], [ -3.6281, 40.832 ], [ -3.6265, 40.8317 ], [ -3.6263, 40.8315 ], [ -3.6263, 40.8317 ], [ -3.6268, 40.8325 ] ] ] } },
{ "type": "Feature", "properties": { "municipio": "Cabanillas de la Sierra", "clasificacion": "no-urbanizable-protegido", "calificacion": "sin-asignar", "version": "vigente", "fuente": "SIT-CAM WFS — UsoDelSuelo:VPLA_V_CLASIFICACION (https://idem.comunidad.madrid/geosrvg/ows)", "fecha_dato": "2026-05-12", "ambito": "88442", "_raw_CD_SIGLAS": "SNUP", "_raw_DS_CLASIF_GEN": "Suelo No Urbanizable Protegido", "_raw_DS_CLASIF_DET": "Suelo No Urbanizable de Protección. Valores Históricos", "_raw_DS_DOCU": "PLAN GENERAL", "_raw_DS_LEY": "CM Ley 9/2001, E Ley 6/1998", "_raw_FC_AC": "2015-10-13", "_raw_NM_AREA_M2": 18160.266023907199, "_cam_code": "029" }, "geometry": { "type": "Polygon", "coordinates": [ [ [ -3.6273, 40.834 ], [ -3.6279, 40.8342 ], [ -3.6281, 40.8341 ], [ -3.6276, 40.8334 ], [ -3.6271, 40.8331 ], [ -3.6265, 40.833 ], [ -3.6257, 40.8331 ], [ -3.6254, 40.834 ], [ -3.6259, 40.8339 ], [ -3.6273, 40.834 ] ] ] } },
{ "type": "Feature", "properties": { "municipio": "Cabanillas de la Sierra", "clasificacion": "no-urbanizable-protegido", "calificacion": "sin-asignar", "version": "vigente", "fuente": "SIT-CAM WFS — UsoDelSuelo:VPLA_V_CLASIFICACION (https://idem.comunidad.madrid/geosrvg/ows)", "fecha_dato": "2026-05-12", "ambito": "88442", "_raw_CD_SIGLAS": "SNUP", "_raw_DS_CLASIF_GEN": "Suelo No Urbanizable Protegido", "_raw_DS_CLASIF_DET": "Suelo No Urbanizable de Protección. Valores Históricos", "_raw_DS_DOCU": "PLAN GENERAL", "_raw_DS_LEY": "CM Ley 9/2001, E Ley 6/1998", "_raw_FC_AC": "2015-10-13", "_raw_NM_AREA_M2": 8590.2730119272692, "_cam_code": "029" }, "geometry": { "type": "Polygon", "coordinates": [ [ [ -3.6351, 40.8432 ], [ -3.6356, 40.8439 ], [ -3.6369, 40.8446 ], [ -3.6365, 40.8437 ], [ -3.6362, 40.8435 ], [ -3.6351, 40.8432 ] ] ] } },
{ "type": "Feature", "properties": { "municipio": "Cabanillas de la Sierra", "clasificacion": "no-urbanizable-protegido", "calificacion": "sin-asignar", "version": "vigente", "fuente": "SIT-CAM WFS — UsoDelSuelo:VPLA_V_CLASIFICACION (https://idem.comunidad.madrid/geosrvg/ows)", "fecha_dato": "2026-05-12", "ambito": "88442", "_raw_CD_SIGLAS": "SNUP", "_raw_DS_CLASIF_GEN": "Suelo No Urbanizable Protegido", "_raw_DS_CLASIF_DET": "Suelo No Urbanizable de Protección. Valores Históricos", "_raw_DS_DOCU": "PLAN GENERAL", "_raw_DS_LEY": "CM Ley 9/2001, E Ley 6/1998", "_raw_FC_AC": "2015-10-13", "_raw_NM_AREA_M2": 60543.212540420798, "_cam_code": "029" }, "geometry": { "type": "Polygon", "coordinates": [ [ [ -3.6339, 40.8458 ], [ -3.6346, 40.846 ], [ -3.6355, 40.8459 ], [ -3.6366, 40.8455 ], [ -3.6369, 40.845 ], [ -3.6355, 40.8442 ], [ -3.6348, 40.8433 ], [ -3.6341, 40.8434 ], [ -3.6333, 40.8442 ], [ -3.6329, 40.845 ], [ -3.6339, 40.8458 ] ] ] } },
{ "type": "Feature", "properties": { "municipio": "Cabanillas de la Sierra", "clasificacion": "no-urbanizable-protegido", "calificacion": "sin-asignar", "version": "vigente", "fuente": "SIT-CAM WFS — UsoDelSuelo:VPLA_V_CLASIFICACION (https://idem.comunidad.madrid/geosrvg/ows)", "fecha_dato": "2026-05-12", "ambito": "88442", "_raw_CD_SIGLAS": "SNUP", "_raw_DS_CLASIF_GEN": "Suelo No Urbanizable Protegido", "_raw_DS_CLASIF_DET": "Suelo No Urbanizable de Protección. Valores Históricos. Montes Preservados", "_raw_DS_DOCU": "PLAN GENERAL", "_raw_DS_LEY": "CM Ley 9/2001, E Ley 6/1998", "_raw_FC_AC": "2015-10-13", "_raw_NM_AREA_M2": 7733.0955599815397, "_cam_code": "029" }, "geometry": { "type": "Polygon", "coordinates": [ [ [ -3.6347, 40.8188 ], [ -3.6363, 40.8185 ], [ -3.6367, 40.8179 ], [ -3.6357, 40.818 ], [ -3.6347, 40.8188 ] ] ] } },
{ "type": "Feature", "properties": { "municipio": "Cabanillas de la Sierra", "clasificacion": "no-urbanizable-protegido", "calificacion": "sin-asignar", "version": "vigente", "fuente": "SIT-CAM WFS — UsoDelSuelo:VPLA_V_CLASIFICACION (https://idem.comunidad.madrid/geosrvg/ows)", "fecha_dato": "2026-05-12", "ambito": "88442", "_raw_CD_SIGLAS": "SNUP", "_raw_DS_CLASIF_GEN": "Suelo No Urbanizable Protegido", "_raw_DS_CLASIF_DET": "Suelo No Urbanizable de Protección. Valores Históricos. Montes Preservados", "_raw_DS_DOCU": "PLAN GENERAL", "_raw_DS_LEY": "CM Ley 9/2001, E Ley 6/1998", "_raw_FC_AC": "2015-10-13", "_raw_NM_AREA_M2": 7422.7956767229998, "_cam_code": "029" }, "geometry": { "type": "Polygon", "coordinates": [ [ [ -3.6152, 40.8222 ], [ -3.616, 40.8219 ], [ -3.6171, 40.8219 ], [ -3.6168, 40.8216 ], [ -3.6163, 40.8214 ], [ -3.6154, 40.8214 ], [ -3.6152, 40.8222 ] ] ] } },
{ "type": "Feature", "properties": { "municipio": "Cabanillas de la Sierra", "clasificacion": "no-urbanizable-protegido", "calificacion": "sin-asignar", "version": "vigente", "fuente": "SIT-CAM WFS — UsoDelSuelo:VPLA_V_CLASIFICACION (https://idem.comunidad.madrid/geosrvg/ows)", "fecha_dato": "2026-05-12", "ambito": "88442", "_raw_CD_SIGLAS": "SNUP", "_raw_DS_CLASIF_GEN": "Suelo No Urbanizable Protegido", "_raw_DS_CLASIF_DET": "Suelo No Urbanizable de Protección. Valores Históricos. Montes Preservados", "_raw_DS_DOCU": "PLAN GENERAL", "_raw_DS_LEY": "CM Ley 9/2001, E Ley 6/1998", "_raw_FC_AC": "2015-10-13", "_raw_NM_AREA_M2": 48728.330820713498, "_cam_code": "029" }, "geometry": { "type": "Polygon", "coordinates": [ [ [ -3.6109, 40.8227 ], [ -3.6126, 40.8228 ], [ -3.6142, 40.8223 ], [ -3.6147, 40.8223 ], [ -3.6149, 40.8213 ], [ -3.6146, 40.8212 ], [ -3.6144, 40.8209 ], [ -3.6139, 40.8206 ], [ -3.6133, 40.821 ], [ -3.6132, 40.8215 ], [ -3.6125, 40.8213 ], [ -3.6115, 40.8214 ], [ -3.6111, 40.8219 ], [ -3.6109, 40.8227 ] ] ] } },
{ "type": "Feature", "properties": { "municipio": "Cabanillas de la Sierra", "clasificacion": "no-urbanizable-protegido", "calificacion": "sin-asignar", "version": "vigente", "fuente": "SIT-CAM WFS — UsoDelSuelo:VPLA_V_CLASIFICACION (https://idem.comunidad.madrid/geosrvg/ows)", "fecha_dato": "2026-05-12", "ambito": "88442", "_raw_CD_SIGLAS": "SNUP", "_raw_DS_CLASIF_GEN": "Suelo No Urbanizable Protegido", "_raw_DS_CLASIF_DET": "Suelo No Urbanizable de Protección. Vías Pecuarias", "_raw_DS_DOCU": "PLAN GENERAL", "_raw_DS_LEY": "CM Ley 9/2001, E Ley 6/1998", "_raw_FC_AC": "2015-10-13", "_raw_NM_AREA_M2": 15998.0138012651, "_cam_code": "029" }, "geometry": { "type": "Polygon", "coordinates": [ [ [ -3.6132, 40.8187 ], [ -3.6128, 40.8189 ], [ -3.6151, 40.8202 ], [ -3.6152, 40.8195 ], [ -3.6151, 40.8194 ], [ -3.6134, 40.8184 ], [ -3.6132, 40.8187 ] ] ] } },
{ "type": "Feature", "properties": { "municipio": "Cabanillas de la Sierra", "clasificacion": "no-urbanizable-protegido", "calificacion": "sin-asignar", "version": "vigente", "fuente": "SIT-CAM WFS — UsoDelSuelo:VPLA_V_CLASIFICACION (https://idem.comunidad.madrid/geosrvg/ows)", "fecha_dato": "2026-05-12", "ambito": "88442", "_raw_CD_SIGLAS": "SNUP", "_raw_DS_CLASIF_GEN": "Suelo No Urbanizable Protegido", "_raw_DS_CLASIF_DET": "Suelo No Urbanizable de Protección. Vías Pecuarias", "_raw_DS_DOCU": "PLAN GENERAL", "_raw_DS_LEY": "CM Ley 9/2001, E Ley 6/1998", "_raw_FC_AC": "2015-10-13", "_raw_NM_AREA_M2": 5419.8199628366601, "_cam_code": "029" }, "geometry": { "type": "Polygon", "coordinates": [ [ [ -3.6156, 40.8206 ], [ -3.6163, 40.8206 ], [ -3.6167, 40.8205 ], [ -3.6168, 40.8206 ], [ -3.6162, 40.8203 ], [ -3.6162, 40.82 ], [ -3.6157, 40.8197 ], [ -3.6155, 40.8204 ], [ -3.6156, 40.8206 ] ] ] } },
{ "type": "Feature", "properties": { "municipio": "Cabanillas de la Sierra", "clasificacion": "no-urbanizable-protegido", "calificacion": "sin-asignar", "version": "vigente", "fuente": "SIT-CAM WFS — UsoDelSuelo:VPLA_V_CLASIFICACION (https://idem.comunidad.madrid/geosrvg/ows)", "fecha_dato": "2026-05-12", "ambito": "88442", "_raw_CD_SIGLAS": "SNUP", "_raw_DS_CLASIF_GEN": "Suelo No Urbanizable Protegido", "_raw_DS_CLASIF_DET": "Suelo No Urbanizable de Protección. Vías Pecuarias", "_raw_DS_DOCU": "PLAN GENERAL", "_raw_DS_LEY": "CM Ley 9/2001, E Ley 6/1998", "_raw_FC_AC": "2015-10-13", "_raw_NM_AREA_M2": 165.559047646598, "_cam_code": "029" }, "geometry": { "type": "Polygon", "coordinates": [ [ [ -3.6377, 40.8166 ], [ -3.6375, 40.8168 ], [ -3.6375, 40.8169 ], [ -3.6376, 40.8169 ], [ -3.6377, 40.8166 ] ] ] } },
{ "type": "Feature", "properties": { "municipio": "Cabanillas de la Sierra", "clasificacion": "no-urbanizable-protegido", "calificacion": "sin-asignar", "version": "vigente", "fuente": "SIT-CAM WFS — UsoDelSuelo:VPLA_V_CLASIFICACION (https://idem.comunidad.madrid/geosrvg/ows)", "fecha_dato": "2026-05-12", "ambito": "88442", "_raw_CD_SIGLAS": "SNUP", "_raw_DS_CLASIF_GEN": "Suelo No Urbanizable Protegido", "_raw_DS_CLASIF_DET": "Suelo No Urbanizable de Protección. Cauces y Riberas. Vías Pecuarias", "_raw_DS_DOCU": "PLAN GENERAL", "_raw_DS_LEY": "CM Ley 9/2001, E Ley 6/1998", "_raw_FC_AC": "2015-10-13", "_raw_NM_AREA_M2": 5483.6501786887402, "_cam_code": "029" }, "geometry": { "type": "Polygon", "coordinates": [ [ [ -3.6509, 40.8263 ], [ -3.6514, 40.8264 ], [ -3.6515, 40.8262 ], [ -3.6512, 40.8262 ], [ -3.6507, 40.8257 ], [ -3.6496, 40.8253 ], [ -3.6494, 40.825 ], [ -3.6493, 40.8245 ], [ -3.6492, 40.8246 ], [ -3.6493, 40.8252 ], [ -3.65, 40.8255 ], [ -3.6507, 40.826 ], [ -3.6509, 40.8263 ] ] ] } },
{ "type": "Feature", "properties": { "municipio": "Cabanillas de la Sierra", "clasificacion": "no-urbanizable-protegido", "calificacion": "sin-asignar", "version": "vigente", "fuente": "SIT-CAM WFS — UsoDelSuelo:VPLA_V_CLASIFICACION (https://idem.comunidad.madrid/geosrvg/ows)", "fecha_dato": "2026-05-12", "ambito": "88442", "_raw_CD_SIGLAS": "SNUP", "_raw_DS_CLASIF_GEN": "Suelo No Urbanizable Protegido", "_raw_DS_CLASIF_DET": "Suelo No Urbanizable de Protección. Cauces y Riberas. Vías Pecuarias", "_raw_DS_DOCU": "PLAN GENERAL", "_raw_DS_LEY": "CM Ley 9/2001, E Ley 6/1998", "_raw_FC_AC": "2015-10-13", "_raw_NM_AREA_M2": 1293.64251555534, "_cam_code": "029" }, "geometry": { "type": "Polygon", "coordinates": [ [ [ -3.6521, 40.8264 ], [ -3.6523, 40.8266 ], [ -3.6526, 40.8265 ], [ -3.6522, 40.8261 ], [ -3.6522, 40.8261 ], [ -3.652, 40.8261 ], [ -3.6519, 40.8261 ], [ -3.6518, 40.8261 ], [ -3.6521, 40.8262 ], [ -3.6522, 40.8264 ], [ -3.6521, 40.8264 ] ] ] } },
{ "type": "Feature", "properties": { "municipio": "Cabanillas de la Sierra", "clasificacion": "no-urbanizable-protegido", "calificacion": "sin-asignar", "version": "vigente", "fuente": "SIT-CAM WFS — UsoDelSuelo:VPLA_V_CLASIFICACION (https://idem.comunidad.madrid/geosrvg/ows)", "fecha_dato": "2026-05-12", "ambito": "88442", "_raw_CD_SIGLAS": "SNUP", "_raw_DS_CLASIF_GEN": "Suelo No Urbanizable Protegido", "_raw_DS_CLASIF_DET": "Suelo No Urbanizable de Protección. Interés Ecológico", "_raw_DS_DOCU": "PLAN GENERAL", "_raw_DS_LEY": "CM Ley 9/2001, E Ley 6/1998", "_raw_FC_AC": "2015-10-13", "_raw_NM_AREA_M2": 89191.649899788099, "_cam_code": "029" }, "geometry": { "type": "Polygon", "coordinates": [ [ [ -3.6145, 40.8268 ], [ -3.6146, 40.8299 ], [ -3.6149, 40.8309 ], [ -3.615, 40.8311 ], [ -3.6152, 40.8311 ], [ -3.6158, 40.8306 ], [ -3.6161, 40.8306 ], [ -3.616, 40.8304 ], [ -3.6163, 40.8299 ], [ -3.6168, 40.8295 ], [ -3.6173, 40.8293 ], [ -3.6177, 40.8287 ], [ -3.6182, 40.8283 ], [ -3.6176, 40.8283 ], [ -3.6171, 40.8269 ], [ -3.6153, 40.827 ], [ -3.6145, 40.8268 ] ] ] } },
{ "type": "Feature", "properties": { "municipio": "Cabanillas de la Sierra", "clasificacion": "no-urbanizable-protegido", "calificacion": "sin-asignar", "version": "vigente", "fuente": "SIT-CAM WFS — UsoDelSuelo:VPLA_V_CLASIFICACION (https://idem.comunidad.madrid/geosrvg/ows)", "fecha_dato": "2026-05-12", "ambito": "88442", "_raw_CD_SIGLAS": "SNUP", "_raw_DS_CLASIF_GEN": "Suelo No Urbanizable Protegido", "_raw_DS_CLASIF_DET": "Suelo No Urbanizable de Protección. Interés Ecológico", "_raw_DS_DOCU": "PLAN GENERAL", "_raw_DS_LEY": "CM Ley 9/2001, E Ley 6/1998", "_raw_FC_AC": "2015-10-13", "_raw_NM_AREA_M2": 163738.620830375, "_cam_code": "029" }, "geometry": { "type": "Polygon", "coordinates": [ [ [ -3.6137, 40.8311 ], [ -3.6144, 40.8312 ], [ -3.6141, 40.8301 ], [ -3.6141, 40.8266 ], [ -3.6137, 40.8265 ], [ -3.6128, 40.8259 ], [ -3.613, 40.8243 ], [ -3.6143, 40.8244 ], [ -3.6144, 40.8237 ], [ -3.6137, 40.8239 ], [ -3.6124, 40.8236 ], [ -3.611, 40.8244 ], [ -3.6108, 40.825 ], [ -3.6105, 40.8253 ], [ -3.6102, 40.8253 ], [ -3.6106, 40.8249 ], [ -3.6108, 40.8243 ], [ -3.6113, 40.8241 ], [ -3.6121, 40.8235 ], [ -3.6112, 40.8231 ], [ -3.6101, 40.8233 ], [ -3.6089, 40.8233 ], [ -3.6095, 40.8244 ], [ -3.6132, 40.8298 ], [ -3.6137, 40.8311 ] ] ] } },
{ "type": "Feature", "properties": { "municipio": "Cabanillas de la Sierra", "clasificacion": "no-urbanizable-protegido", "calificacion": "sin-asignar", "version": "vigente", "fuente": "SIT-CAM WFS — UsoDelSuelo:VPLA_V_CLASIFICACION (https://idem.comunidad.madrid/geosrvg/ows)", "fecha_dato": "2026-05-12", "ambito": "88442", "_raw_CD_SIGLAS": "SNUP", "_raw_DS_CLASIF_GEN": "Suelo No Urbanizable Protegido", "_raw_DS_CLASIF_DET": "Suelo No Urbanizable de Protección. Interés Ecológico", "_raw_DS_DOCU": "PLAN GENERAL", "_raw_DS_LEY": "CM Ley 9/2001, E Ley 6/1998", "_raw_FC_AC": "2015-10-13", "_raw_NM_AREA_M2": 45032.488661577598, "_cam_code": "029" }, "geometry": { "type": "Polygon", "coordinates": [ [ [ -3.6328, 40.8295 ], [ -3.6325, 40.8307 ], [ -3.6333, 40.8317 ], [ -3.6356, 40.8311 ], [ -3.6353, 40.8304 ], [ -3.6347, 40.8296 ], [ -3.6328, 40.8295 ] ] ] } },
{ "type": "Feature", "properties": { "municipio": "Cabanillas de la Sierra", "clasificacion": "no-urbanizable-protegido", "calificacion": "sin-asignar", "version": "vigente", "fuente": "SIT-CAM WFS — UsoDelSuelo:VPLA_V_CLASIFICACION (https://idem.comunidad.madrid/geosrvg/ows)", "fecha_dato": "2026-05-12", "ambito": "88442", "_raw_CD_SIGLAS": "SNUP", "_raw_DS_CLASIF_GEN": "Suelo No Urbanizable Protegido", "_raw_DS_CLASIF_DET": "Suelo No Urbanizable de Protección. Interés Ecológico", "_raw_DS_DOCU": "PLAN GENERAL", "_raw_DS_LEY": "CM Ley 9/2001, E Ley 6/1998", "_raw_FC_AC": "2015-10-13", "_raw_NM_AREA_M2": 102837.142792179, "_cam_code": "029" }, "geometry": { "type": "Polygon", "coordinates": [ [ [ -3.6469, 40.8297 ], [ -3.6471, 40.8311 ], [ -3.6489, 40.8313 ], [ -3.6499, 40.8318 ], [ -3.6524, 40.8323 ], [ -3.6531, 40.8307 ], [ -3.653, 40.8298 ], [ -3.6507, 40.8299 ], [ -3.6469, 40.8297 ] ] ] } },
{ "type": "Feature", "properties": { "municipio": "Cabanillas de la Sierra", "clasificacion": "urbano-consolidado", "calificacion": "sin-asignar", "version": "vigente", "fuente": "SIT-CAM WFS — UsoDelSuelo:VPLA_V_CLASIFICACION (https://idem.comunidad.madrid/geosrvg/ows)", "fecha_dato": "2026-05-12", "ambito": "88442", "_raw_CD_SIGLAS": "SU", "_raw_DS_CLASIF_GEN": "Suelo Urbano", "_raw_DS_CLASIF_DET": "Suelo Urbano Incorporado", "_raw_DS_DOCU": "PLAN GENERAL", "_raw_DS_LEY": "CM Ley 9/2001, E Ley 6/1998", "_raw_FC_AC": "2015-10-13", "_raw_NM_AREA_M2": 8640.8499277907704, "_cam_code": "029" }, "geometry": { "type": "Polygon", "coordinates": [ [ [ -3.6267, 40.8171 ], [ -3.6262, 40.8177 ], [ -3.6257, 40.8179 ], [ -3.6264, 40.8183 ], [ -3.6264, 40.8184 ], [ -3.6267, 40.8184 ], [ -3.6268, 40.8182 ], [ -3.6272, 40.818 ], [ -3.6267, 40.8171 ] ] ] } },
{ "type": "Feature", "properties": { "municipio": "Cabanillas de la Sierra", "clasificacion": "urbanizable-no-sectorizado", "calificacion": "sin-asignar", "version": "vigente", "fuente": "SIT-CAM WFS — UsoDelSuelo:VPLA_V_CLASIFICACION (https://idem.comunidad.madrid/geosrvg/ows)", "fecha_dato": "2026-05-12", "ambito": "88442", "_raw_CD_SIGLAS": "SUBNS", "_raw_DS_CLASIF_GEN": "Suelo Urbanizable No Sectorizado", "_raw_DS_CLASIF_DET": "Suelo Urbanizable No Sectorizado", "_raw_DS_DOCU": "PLAN GENERAL", "_raw_DS_LEY": "CM Ley 9/2001, E Ley 6/1998", "_raw_FC_AC": "2015-10-13", "_raw_NM_AREA_M2": 86743.388229304896, "_cam_code": "029" }, "geometry": { "type": "Polygon", "coordinates": [ [ [ -3.6414, 40.8367 ], [ -3.6398, 40.8368 ], [ -3.6398, 40.8374 ], [ -3.6393, 40.8378 ], [ -3.6425, 40.8399 ], [ -3.6426, 40.8397 ], [ -3.6431, 40.8396 ], [ -3.6434, 40.8394 ], [ -3.6435, 40.8391 ], [ -3.6438, 40.8389 ], [ -3.6436, 40.8382 ], [ -3.6429, 40.8364 ], [ -3.6414, 40.8367 ] ] ] } },
{ "type": "Feature", "properties": { "municipio": "Cabanillas de la Sierra", "clasificacion": "urbanizable-no-sectorizado", "calificacion": "sin-asignar", "version": "vigente", "fuente": "SIT-CAM WFS — UsoDelSuelo:VPLA_V_CLASIFICACION (https://idem.comunidad.madrid/geosrvg/ows)", "fecha_dato": "2026-05-12", "ambito": "88442", "_raw_CD_SIGLAS": "SUBNS", "_raw_DS_CLASIF_GEN": "Suelo Urbanizable No Sectorizado", "_raw_DS_CLASIF_DET": "Suelo Urbanizable No Sectorizado", "_raw_DS_DOCU": "PLAN GENERAL", "_raw_DS_LEY": "CM Ley 9/2001, E Ley 6/1998", "_raw_FC_AC": "2015-10-13", "_raw_NM_AREA_M2": 761061.01205286605, "_cam_code": "029" }, "geometry": { "type": "Polygon", "coordinates": [ [ [ -3.6298, 40.8173 ], [ -3.6303, 40.8174 ], [ -3.6306, 40.8176 ], [ -3.6306, 40.8179 ], [ -3.632, 40.8183 ], [ -3.6325, 40.8192 ], [ -3.6336, 40.8187 ], [ -3.6366, 40.8161 ], [ -3.637, 40.8159 ], [ -3.6375, 40.8152 ], [ -3.6378, 40.8142 ], [ -3.6372, 40.8139 ], [ -3.6358, 40.8128 ], [ -3.6348, 40.8113 ], [ -3.6343, 40.811 ], [ -3.6322, 40.8103 ], [ -3.6299, 40.8098 ], [ -3.6294, 40.8099 ], [ -3.628, 40.8096 ], [ -3.6251, 40.8093 ], [ -3.6249, 40.8092 ], [ -3.6248, 40.8089 ], [ -3.6251, 40.8136 ], [ -3.6255, 40.8147 ], [ -3.6256, 40.8147 ], [ -3.626, 40.8156 ], [ -3.6265, 40.8162 ], [ -3.6265, 40.8164 ], [ -3.6268, 40.8168 ], [ -3.6275, 40.8164 ], [ -3.6281, 40.8164 ], [ -3.6284, 40.8168 ], [ -3.6289, 40.817 ], [ -3.6295, 40.8175 ], [ -3.6295, 40.8174 ], [ -3.6298, 40.8173 ] ] ] } },
{ "type": "Feature", "properties": { "municipio": "Cabanillas de la Sierra", "clasificacion": "urbanizable-no-sectorizado", "calificacion": "sin-asignar", "version": "vigente", "fuente": "SIT-CAM WFS — UsoDelSuelo:VPLA_V_CLASIFICACION (https://idem.comunidad.madrid/geosrvg/ows)", "fecha_dato": "2026-05-12", "ambito": "88442", "_raw_CD_SIGLAS": "SUBNS", "_raw_DS_CLASIF_GEN": "Suelo Urbanizable No Sectorizado", "_raw_DS_CLASIF_DET": "Suelo Urbanizable No Sectorizado", "_raw_DS_DOCU": "PLAN GENERAL", "_raw_DS_LEY": "CM Ley 9/2001, E Ley 6/1998", "_raw_FC_AC": "2015-10-13", "_raw_NM_AREA_M2": 25683.354991952001, "_cam_code": "029" }, "geometry": { "type": "Polygon", "coordinates": [ [ [ -3.6217, 40.8192 ], [ -3.6216, 40.8204 ], [ -3.6219, 40.8207 ], [ -3.6225, 40.8209 ], [ -3.6231, 40.8209 ], [ -3.6234, 40.8207 ], [ -3.6234, 40.8204 ], [ -3.6237, 40.8201 ], [ -3.6236, 40.8196 ], [ -3.6223, 40.8192 ], [ -3.6217, 40.8192 ] ] ] } },
{ "type": "Feature", "properties": { "municipio": "Cabanillas de la Sierra", "clasificacion": "urbanizable-no-sectorizado", "calificacion": "sin-asignar", "version": "vigente", "fuente": "SIT-CAM WFS — UsoDelSuelo:VPLA_V_CLASIFICACION (https://idem.comunidad.madrid/geosrvg/ows)", "fecha_dato": "2026-05-12", "ambito": "88442", "_raw_CD_SIGLAS": "SUBNS", "_raw_DS_CLASIF_GEN": "Suelo Urbanizable No Sectorizado", "_raw_DS_CLASIF_DET": "Suelo Urbanizable No Sectorizado", "_raw_DS_DOCU": "PLAN GENERAL", "_raw_DS_LEY": "CM Ley 9/2001, E Ley 6/1998", "_raw_FC_AC": "2015-10-13", "_raw_NM_AREA_M2": 66357.154666073897, "_cam_code": "029" }, "geometry": { "type": "Polygon", "coordinates": [ [ [ -3.6242, 40.8275 ], [ -3.626, 40.8279 ], [ -3.6263, 40.8273 ], [ -3.6252, 40.8271 ], [ -3.6254, 40.8265 ], [ -3.6255, 40.8265 ], [ -3.6261, 40.8254 ], [ -3.6264, 40.8247 ], [ -3.6264, 40.8244 ], [ -3.6256, 40.8245 ], [ -3.6255, 40.8244 ], [ -3.6244, 40.8244 ], [ -3.6244, 40.8243 ], [ -3.6236, 40.8242 ], [ -3.6236, 40.8245 ], [ -3.6247, 40.8245 ], [ -3.6245, 40.8252 ], [ -3.6241, 40.8254 ], [ -3.6234, 40.8261 ], [ -3.6228, 40.8264 ], [ -3.6227, 40.8267 ], [ -3.6242, 40.8275 ] ] ] } },
{ "type": "Feature", "properties": { "municipio": "Cabanillas de la Sierra", "clasificacion": "urbanizable-no-sectorizado", "calificacion": "sin-asignar", "version": "vigente", "fuente": "SIT-CAM WFS — UsoDelSuelo:VPLA_V_CLASIFICACION (https://idem.comunidad.madrid/geosrvg/ows)", "fecha_dato": "2026-05-12", "ambito": "88442", "_raw_CD_SIGLAS": "SUBNS", "_raw_DS_CLASIF_GEN": "Suelo Urbanizable No Sectorizado", "_raw_DS_CLASIF_DET": "Suelo Urbanizable No Sectorizado", "_raw_DS_DOCU": "PLAN GENERAL", "_raw_DS_LEY": "CM Ley 9/2001, E Ley 6/1998", "_raw_FC_AC": "2015-10-13", "_raw_NM_AREA_M2": 45698.488933448803, "_cam_code": "029" }, "geometry": { "type": "Polygon", "coordinates": [ [ [ -3.6288, 40.834 ], [ -3.6289, 40.8342 ], [ -3.6297, 40.8339 ], [ -3.6306, 40.8341 ], [ -3.6306, 40.8338 ], [ -3.6309, 40.8336 ], [ -3.6312, 40.8329 ], [ -3.6318, 40.8323 ], [ -3.6314, 40.8311 ], [ -3.6296, 40.8321 ], [ -3.6295, 40.8323 ], [ -3.6291, 40.8323 ], [ -3.6292, 40.8335 ], [ -3.6288, 40.834 ] ] ] } },
{ "type": "Feature", "properties": { "municipio": "Cabanillas de la Sierra", "clasificacion": "urbanizable-sectorizado", "calificacion": "sin-asignar", "version": "vigente", "fuente": "SIT-CAM WFS — UsoDelSuelo:VPLA_V_CLASIFICACION (https://idem.comunidad.madrid/geosrvg/ows)", "fecha_dato": "2026-05-12", "ambito": "88442", "_raw_CD_SIGLAS": "SUBS", "_raw_DS_CLASIF_GEN": "Suelo Urbanizable Sectorizado", "_raw_DS_CLASIF_DET": "Suelo Urbanizable Sectorizado", "_raw_DS_DOCU": "PLAN GENERAL", "_raw_DS_LEY": "CM Ley 9/2001, E Ley 6/1998", "_raw_FC_AC": "2015-10-13", "_raw_NM_AREA_M2": 101014.371606766, "_cam_code": "029" }, "geometry": { "type": "Polygon", "coordinates": [ [ [ -3.6261, 40.8254 ], [ -3.6252, 40.8271 ], [ -3.6263, 40.8273 ], [ -3.6282, 40.8251 ], [ -3.6281, 40.8248 ], [ -3.6279, 40.8248 ], [ -3.6279, 40.8247 ], [ -3.6266, 40.8241 ], [ -3.627, 40.8232 ], [ -3.6269, 40.8226 ], [ -3.6268, 40.8224 ], [ -3.626, 40.8223 ], [ -3.6257, 40.8219 ], [ -3.6257, 40.8217 ], [ -3.6253, 40.8219 ], [ -3.6239, 40.8221 ], [ -3.6239, 40.8229 ], [ -3.6238, 40.823 ], [ -3.6239, 40.8234 ], [ -3.6238, 40.8242 ], [ -3.6254, 40.8244 ], [ -3.6253, 40.8241 ], [ -3.6254, 40.824 ], [ -3.6266, 40.8239 ], [ -3.6261, 40.8254 ] ] ] } },
{ "type": "Feature", "properties": { "municipio": "Cabanillas de la Sierra", "clasificacion": "urbanizable-sectorizado", "calificacion": "sin-asignar", "version": "vigente", "fuente": "SIT-CAM WFS — UsoDelSuelo:VPLA_V_CLASIFICACION (https://idem.comunidad.madrid/geosrvg/ows)", "fecha_dato": "2026-05-12", "ambito": "88442", "_raw_CD_SIGLAS": "SUBS", "_raw_DS_CLASIF_GEN": "Suelo Urbanizable Sectorizado", "_raw_DS_CLASIF_DET": "Suelo Urbanizable Incorporado", "_raw_DS_DOCU": "PLAN GENERAL", "_raw_DS_LEY": "CM Ley 9/2001, E Ley 6/1998", "_raw_FC_AC": "2015-10-13", "_raw_NM_AREA_M2": 18760.548852411099, "_cam_code": "029" }, "geometry": { "type": "Polygon", "coordinates": [ [ [ -3.6215, 40.8171 ], [ -3.6229, 40.8173 ], [ -3.624, 40.8164 ], [ -3.6239, 40.8164 ], [ -3.6237, 40.816 ], [ -3.6233, 40.8158 ], [ -3.6228, 40.8162 ], [ -3.6215, 40.8167 ], [ -3.6215, 40.8171 ] ] ] } },
{ "type": "Feature", "properties": { "municipio": "Cabanillas de la Sierra", "clasificacion": "urbanizable-sectorizado", "calificacion": "sin-asignar", "version": "vigente", "fuente": "SIT-CAM WFS — UsoDelSuelo:VPLA_V_CLASIFICACION (https://idem.comunidad.madrid/geosrvg/ows)", "fecha_dato": "2026-05-12", "ambito": "88442", "_raw_CD_SIGLAS": "SUBS", "_raw_DS_CLASIF_GEN": "Suelo Urbanizable Sectorizado", "_raw_DS_CLASIF_DET": "Suelo Urbanizable Incorporado", "_raw_DS_DOCU": "PLAN GENERAL", "_raw_DS_LEY": "CM Ley 9/2001, E Ley 6/1998", "_raw_FC_AC": "2015-10-13", "_raw_NM_AREA_M2": 25030.0810089478, "_cam_code": "029" }, "geometry": { "type": "Polygon", "coordinates": [ [ [ -3.6253, 40.8148 ], [ -3.6252, 40.8148 ], [ -3.6252, 40.8154 ], [ -3.6253, 40.8155 ], [ -3.6254, 40.818 ], [ -3.6255, 40.818 ], [ -3.6262, 40.8177 ], [ -3.6268, 40.817 ], [ -3.6264, 40.8165 ], [ -3.6264, 40.8163 ], [ -3.626, 40.8158 ], [ -3.6255, 40.8148 ], [ -3.6253, 40.8148 ] ] ] } },
{ "type": "Feature", "properties": { "municipio": "Cabanillas de la Sierra", "clasificacion": "urbanizable-sectorizado", "calificacion": "sin-asignar", "version": "vigente", "fuente": "SIT-CAM WFS — UsoDelSuelo:VPLA_V_CLASIFICACION (https://idem.comunidad.madrid/geosrvg/ows)", "fecha_dato": "2026-05-12", "ambito": "88442", "_raw_CD_SIGLAS": "SUBS", "_raw_DS_CLASIF_GEN": "Suelo Urbanizable Sectorizado", "_raw_DS_CLASIF_DET": "Suelo Urbanizable Incorporado", "_raw_DS_DOCU": "PLAN GENERAL", "_raw_DS_LEY": "CM Ley 9/2001, E Ley 6/1998", "_raw_FC_AC": "2015-10-13", "_raw_NM_AREA_M2": 50367.469811561401, "_cam_code": "029" }, "geometry": { "type": "Polygon", "coordinates": [ [ [ -3.6272, 40.8172 ], [ -3.6278, 40.8186 ], [ -3.6279, 40.8186 ], [ -3.628, 40.8197 ], [ -3.6281, 40.8197 ], [ -3.6293, 40.8185 ], [ -3.6306, 40.8179 ], [ -3.6306, 40.8176 ], [ -3.63, 40.8173 ], [ -3.6297, 40.8173 ], [ -3.6295, 40.8175 ], [ -3.6289, 40.817 ], [ -3.6284, 40.8168 ], [ -3.6281, 40.8164 ], [ -3.6275, 40.8164 ], [ -3.6268, 40.8168 ], [ -3.6268, 40.8169 ], [ -3.6272, 40.8172 ] ] ] } },
{ "type": "Feature", "properties": { "municipio": "Cabanillas de la Sierra", "clasificacion": "urbanizable-sectorizado", "calificacion": "sin-asignar", "version": "vigente", "fuente": "SIT-CAM WFS — UsoDelSuelo:VPLA_V_CLASIFICACION (https://idem.comunidad.madrid/geosrvg/ows)", "fecha_dato": "2026-05-12", "ambito": "88442", "_raw_CD_SIGLAS": "SUBS", "_raw_DS_CLASIF_GEN": "Suelo Urbanizable Sectorizado", "_raw_DS_CLASIF_DET": "Suelo Urbanizable Sectorizado", "_raw_DS_DOCU": "PLAN GENERAL", "_raw_DS_LEY": "CM Ley 9/2001, E Ley 6/1998", "_raw_FC_AC": "2015-10-13", "_raw_NM_AREA_M2": 63181.234969259902, "_cam_code": "029" }, "geometry": { "type": "Polygon", "coordinates": [ [ [ -3.6284, 40.8201 ], [ -3.6286, 40.8202 ], [ -3.6286, 40.8204 ], [ -3.6283, 40.8206 ], [ -3.6287, 40.8206 ], [ -3.63, 40.82 ], [ -3.6313, 40.8197 ], [ -3.6325, 40.8192 ], [ -3.6325, 40.8191 ], [ -3.632, 40.8183 ], [ -3.6305, 40.8179 ], [ -3.6296, 40.8183 ], [ -3.6287, 40.819 ], [ -3.6281, 40.8197 ], [ -3.628, 40.8196 ], [ -3.6278, 40.8197 ], [ -3.6278, 40.8205 ], [ -3.6281, 40.8202 ], [ -3.6284, 40.8201 ] ] ] } },
{ "type": "Feature", "properties": { "municipio": "Cabanillas de la Sierra", "clasificacion": "urbanizable-sectorizado", "calificacion": "sin-asignar", "version": "vigente", "fuente": "SIT-CAM WFS — UsoDelSuelo:VPLA_V_CLASIFICACION (https://idem.comunidad.madrid/geosrvg/ows)", "fecha_dato": "2026-05-12", "ambito": "88442", "_raw_CD_SIGLAS": "SUBS", "_raw_DS_CLASIF_GEN": "Suelo Urbanizable Sectorizado", "_raw_DS_CLASIF_DET": "Suelo Urbanizable Sectorizado", "_raw_DS_DOCU": "PLAN GENERAL", "_raw_DS_LEY": "CM Ley 9/2001, E Ley 6/1998", "_raw_FC_AC": "2015-10-13", "_raw_NM_AREA_M2": 162054.12723148899, "_cam_code": "029" }, "geometry": { "type": "Polygon", "coordinates": [ [ [ -3.6221, 40.8146 ], [ -3.6236, 40.816 ], [ -3.6233, 40.8152 ], [ -3.6239, 40.815 ], [ -3.6241, 40.8153 ], [ -3.6251, 40.8153 ], [ -3.6249, 40.8125 ], [ -3.6248, 40.8125 ], [ -3.6248, 40.8113 ], [ -3.6247, 40.8112 ], [ -3.6248, 40.8112 ], [ -3.6248, 40.8109 ], [ -3.6247, 40.8107 ], [ -3.6246, 40.8084 ], [ -3.6223, 40.8085 ], [ -3.6224, 40.8087 ], [ -3.6223, 40.8094 ], [ -3.6215, 40.8101 ], [ -3.6217, 40.8105 ], [ -3.6217, 40.8104 ], [ -3.623, 40.8104 ], [ -3.6232, 40.8106 ], [ -3.6223, 40.8123 ], [ -3.6223, 40.8129 ], [ -3.6226, 40.8132 ], [ -3.6217, 40.8134 ], [ -3.6212, 40.8134 ], [ -3.6211, 40.8133 ], [ -3.6211, 40.8135 ], [ -3.6215, 40.8139 ], [ -3.6223, 40.8141 ], [ -3.6223, 40.8145 ], [ -3.6224, 40.8145 ], [ -3.6221, 40.8146 ] ] ] } },
{ "type": "Feature", "properties": { "municipio": "Cabanillas de la Sierra", "clasificacion": "urbanizable-sectorizado", "calificacion": "sin-asignar", "version": "vigente", "fuente": "SIT-CAM WFS — UsoDelSuelo:VPLA_V_CLASIFICACION (https://idem.comunidad.madrid/geosrvg/ows)", "fecha_dato": "2026-05-12", "ambito": "88442", "_raw_CD_SIGLAS": "SUBS", "_raw_DS_CLASIF_GEN": "Suelo Urbanizable Sectorizado", "_raw_DS_CLASIF_DET": "Suelo Urbanizable Sectorizado", "_raw_DS_DOCU": "PLAN GENERAL", "_raw_DS_LEY": "CM Ley 9/2001, E Ley 6/1998", "_raw_FC_AC": "2015-10-13", "_raw_NM_AREA_M2": 7135.7723663359402, "_cam_code": "029" }, "geometry": { "type": "Polygon", "coordinates": [ [ [ -3.6244, 40.8219 ], [ -3.625, 40.8219 ], [ -3.6255, 40.8217 ], [ -3.6255, 40.8216 ], [ -3.6248, 40.8215 ], [ -3.6248, 40.8214 ], [ -3.6245, 40.8214 ], [ -3.6245, 40.8215 ], [ -3.6238, 40.8214 ], [ -3.6233, 40.8217 ], [ -3.6235, 40.8219 ], [ -3.6244, 40.8219 ] ] ] } },
{ "type": "Feature", "properties": { "municipio": "Cabanillas de la Sierra", "clasificacion": "urbano-consolidado", "calificacion": "sin-asignar", "version": "vigente", "fuente": "SIT-CAM WFS — UsoDelSuelo:VPLA_V_CLASIFICACION (https://idem.comunidad.madrid/geosrvg/ows)", "fecha_dato": "2026-05-12", "ambito": "88442", "_raw_CD_SIGLAS": "SUC", "_raw_DS_CLASIF_GEN": "Suelo Urbano Consolidado", "_raw_DS_CLASIF_DET": "Suelo Urbano Consolidado", "_raw_DS_DOCU": "PLAN GENERAL", "_raw_DS_LEY": "CM Ley 9/2001, E Ley 6/1998", "_raw_FC_AC": "2015-10-13", "_raw_NM_AREA_M2": 24717.352015543798, "_cam_code": "029" }, "geometry": { "type": "Polygon", "coordinates": [ [ [ -3.6308, 40.8346 ], [ -3.6318, 40.8347 ], [ -3.6322, 40.8344 ], [ -3.6324, 40.8344 ], [ -3.6323, 40.834 ], [ -3.6324, 40.834 ], [ -3.6323, 40.8339 ], [ -3.6324, 40.8336 ], [ -3.6321, 40.8333 ], [ -3.632, 40.8329 ], [ -3.6319, 40.8329 ], [ -3.6318, 40.8323 ], [ -3.6312, 40.8329 ], [ -3.6309, 40.8336 ], [ -3.6306, 40.8338 ], [ -3.6306, 40.8342 ], [ -3.6307, 40.8342 ], [ -3.6308, 40.8346 ] ] ] } },
{ "type": "Feature", "properties": { "municipio": "Cabanillas de la Sierra", "clasificacion": "urbano-consolidado", "calificacion": "sin-asignar", "version": "vigente", "fuente": "SIT-CAM WFS — UsoDelSuelo:VPLA_V_CLASIFICACION (https://idem.comunidad.madrid/geosrvg/ows)", "fecha_dato": "2026-05-12", "ambito": "88442", "_raw_CD_SIGLAS": "SUC", "_raw_DS_CLASIF_GEN": "Suelo Urbano Consolidado", "_raw_DS_CLASIF_DET": "Suelo Urbano Consolidado", "_raw_DS_DOCU": "PLAN GENERAL", "_raw_DS_LEY": "CM Ley 9/2001, E Ley 6/1998", "_raw_FC_AC": "2015-10-13", "_raw_NM_AREA_M2": 12204.5519647908, "_cam_code": "029" }, "geometry": { "type": "Polygon", "coordinates": [ [ [ -3.6236, 40.8242 ], [ -3.6248, 40.8244 ], [ -3.6248, 40.8244 ], [ -3.625, 40.8244 ], [ -3.6251, 40.8244 ], [ -3.6253, 40.8244 ], [ -3.6254, 40.8244 ], [ -3.6255, 40.8244 ], [ -3.6256, 40.8245 ], [ -3.6265, 40.8244 ], [ -3.6266, 40.8239 ], [ -3.6254, 40.824 ], [ -3.6253, 40.8241 ], [ -3.6254, 40.8244 ], [ -3.6253, 40.8244 ], [ -3.6251, 40.8243 ], [ -3.625, 40.8243 ], [ -3.6248, 40.8243 ], [ -3.6246, 40.8243 ], [ -3.6245, 40.8243 ], [ -3.6244, 40.8243 ], [ -3.6243, 40.8243 ], [ -3.6242, 40.8242 ], [ -3.6241, 40.8242 ], [ -3.6239, 40.8242 ], [ -3.6238, 40.8242 ], [ -3.6238, 40.8236 ], [ -3.6229, 40.8236 ], [ -3.6228, 40.8241 ], [ -3.6233, 40.8244 ], [ -3.6236, 40.8244 ], [ -3.6236, 40.8242 ] ] ] } },
{ "type": "Feature", "properties": { "municipio": "Cabanillas de la Sierra", "clasificacion": "urbano-consolidado", "calificacion": "sin-asignar", "version": "vigente", "fuente": "SIT-CAM WFS — UsoDelSuelo:VPLA_V_CLASIFICACION (https://idem.comunidad.madrid/geosrvg/ows)", "fecha_dato": "2026-05-12", "ambito": "88442", "_raw_CD_SIGLAS": "SUC", "_raw_DS_CLASIF_GEN": "Suelo Urbano Consolidado", "_raw_DS_CLASIF_DET": "Suelo Urbano Consolidado", "_raw_DS_DOCU": "PLAN GENERAL", "_raw_DS_LEY": "CM Ley 9/2001, E Ley 6/1998", "_raw_FC_AC": "2015-10-13", "_raw_NM_AREA_M2": 4006.0318331774101, "_cam_code": "029" }, "geometry": { "type": "Polygon", "coordinates": [ [ [ -3.6284, 40.826 ], [ -3.6279, 40.8265 ], [ -3.6287, 40.8265 ], [ -3.6288, 40.8266 ], [ -3.6288, 40.826 ], [ -3.6286, 40.8256 ], [ -3.6284, 40.826 ] ] ] } },
{ "type": "Feature", "properties": { "municipio": "Cabanillas de la Sierra", "clasificacion": "urbano-consolidado", "calificacion": "sin-asignar", "version": "vigente", "fuente": "SIT-CAM WFS — UsoDelSuelo:VPLA_V_CLASIFICACION (https://idem.comunidad.madrid/geosrvg/ows)", "fecha_dato": "2026-05-12", "ambito": "88442", "_raw_CD_SIGLAS": "SUC", "_raw_DS_CLASIF_GEN": "Suelo Urbano Consolidado", "_raw_DS_CLASIF_DET": "Suelo Urbano Consolidado", "_raw_DS_DOCU": "PLAN GENERAL", "_raw_DS_LEY": "CM Ley 9/2001, E Ley 6/1998", "_raw_FC_AC": "2015-10-13", "_raw_NM_AREA_M2": 318259.86405366898, "_cam_code": "029" }, "geometry": { "type": "Polygon", "coordinates": [ [ [ -3.6271, 40.8263 ], [ -3.6263, 40.8273 ], [ -3.6268, 40.8274 ], [ -3.6288, 40.825 ], [ -3.6286, 40.8249 ], [ -3.6284, 40.824 ], [ -3.6279, 40.8228 ], [ -3.6279, 40.8225 ], [ -3.6278, 40.8225 ], [ -3.6278, 40.8219 ], [ -3.6276, 40.8217 ], [ -3.6278, 40.8197 ], [ -3.628, 40.8196 ], [ -3.6279, 40.8186 ], [ -3.6278, 40.8186 ], [ -3.6274, 40.8175 ], [ -3.6268, 40.8169 ], [ -3.6265, 40.8162 ], [ -3.626, 40.8156 ], [ -3.6256, 40.8147 ], [ -3.6255, 40.8147 ], [ -3.6251, 40.8136 ], [ -3.6249, 40.8112 ], [ -3.6247, 40.8112 ], [ -3.6248, 40.8113 ], [ -3.6248, 40.8125 ], [ -3.6249, 40.8125 ], [ -3.6251, 40.8153 ], [ -3.6241, 40.8153 ], [ -3.6239, 40.815 ], [ -3.6233, 40.8152 ], [ -3.6236, 40.816 ], [ -3.624, 40.8164 ], [ -3.6229, 40.8173 ], [ -3.6215, 40.8171 ], [ -3.6215, 40.8167 ], [ -3.6226, 40.8163 ], [ -3.6226, 40.8162 ], [ -3.6228, 40.8162 ], [ -3.6228, 40.8161 ], [ -3.6234, 40.8158 ], [ -3.6223, 40.8149 ], [ -3.6219, 40.8143 ], [ -3.6213, 40.8141 ], [ -3.6204, 40.8136 ], [ -3.6201, 40.8133 ], [ -3.6199, 40.8133 ], [ -3.62, 40.8141 ], [ -3.6205, 40.8149 ], [ -3.6206, 40.8149 ], [ -3.6208, 40.8156 ], [ -3.6206, 40.8158 ], [ -3.6204, 40.8165 ], [ -3.6207, 40.8165 ], [ -3.6207, 40.8167 ], [ -3.6205, 40.8169 ], [ -3.6205, 40.8171 ], [ -3.6203, 40.8172 ], [ -3.6203, 40.8174 ], [ -3.6205, 40.8175 ], [ -3.6207, 40.818 ], [ -3.6211, 40.8179 ], [ -3.6213, 40.8177 ], [ -3.622, 40.8178 ], [ -3.6223, 40.8184 ], [ -3.622, 40.8184 ], [ -3.6219, 40.8186 ], [ -3.6225, 40.8188 ], [ -3.6234, 40.8189 ], [ -3.624, 40.8185 ], [ -3.6242, 40.8185 ], [ -3.6242, 40.8184 ], [ -3.6246, 40.8185 ], [ -3.6246, 40.8186 ], [ -3.6248, 40.8186 ], [ -3.625, 40.8188 ], [ -3.6252, 40.8194 ], [ -3.6245, 40.8192 ], [ -3.6244, 40.8196 ], [ -3.6243, 40.8196 ], [ -3.6245, 40.8198 ], [ -3.6242, 40.82 ], [ -3.6241, 40.8203 ], [ -3.6235, 40.8203 ], [ -3.6234, 40.8207 ], [ -3.6231, 40.8209 ], [ -3.6228, 40.8209 ], [ -3.6227, 40.8212 ], [ -3.6228, 40.8214 ], [ -3.6235, 40.8211 ], [ -3.6237, 40.8214 ], [ -3.624, 40.8212 ], [ -3.6242, 40.8214 ], [ -3.6241, 40.8215 ], [ -3.6248, 40.8214 ], [ -3.6248, 40.8215 ], [ -3.6255, 40.8216 ], [ -3.6256, 40.8218 ], [ -3.6257, 40.8217 ], [ -3.6257, 40.8219 ], [ -3.626, 40.8223 ], [ -3.6268, 40.8224 ], [ -3.627, 40.8232 ], [ -3.6266, 40.8241 ], [ -3.6279, 40.8247 ], [ -3.6279, 40.8248 ], [ -3.6281, 40.8248 ], [ -3.6282, 40.8251 ], [ -3.6275, 40.8258 ], [ -3.6274, 40.8261 ], [ -3.6271, 40.8263 ] ], [ [ -3.6275, 40.8205 ], [ -3.6274, 40.8205 ], [ -3.6275, 40.8205 ], [ -3.6275, 40.8202 ], [ -3.6271, 40.8201 ], [ -3.6273, 40.8198 ], [ -3.6272, 40.8197 ], [ -3.6276, 40.8195 ], [ -3.6275, 40.8193 ], [ -3.6272, 40.8194 ], [ -3.627, 40.8191 ], [ -3.6268, 40.8193 ], [ -3.6266, 40.8192 ], [ -3.6272, 40.8187 ], [ -3.6269, 40.8185 ], [ -3.6267, 40.8185 ], [ -3.6267, 40.8186 ], [ -3.6266, 40.8184 ], [ -3.6264, 40.8184 ], [ -3.6258, 40.8179 ], [ -3.6254, 40.818 ], [ -3.6252, 40.8148 ], [ -3.6255, 40.8148 ], [ -3.6256, 40.8151 ], [ -3.6257, 40.8151 ], [ -3.6257, 40.8153 ], [ -3.6258, 40.8153 ], [ -3.626, 40.8158 ], [ -3.6264, 40.8163 ], [ -3.6264, 40.8165 ], [ -3.6268, 40.817 ], [ -3.6267, 40.8171 ], [ -3.6269, 40.8175 ], [ -3.6275, 40.8183 ], [ -3.6276, 40.8189 ], [ -3.6277, 40.8189 ], [ -3.6277, 40.8202 ], [ -3.6276, 40.8205 ], [ -3.6275, 40.8205 ] ] ] } },
{ "type": "Feature", "properties": { "municipio": "Cabanillas de la Sierra", "clasificacion": "urbano-consolidado", "calificacion": "sin-asignar", "version": "vigente", "fuente": "SIT-CAM WFS — UsoDelSuelo:VPLA_V_CLASIFICACION (https://idem.comunidad.madrid/geosrvg/ows)", "fecha_dato": "2026-05-12", "ambito": "88442", "_raw_CD_SIGLAS": "SUC", "_raw_DS_CLASIF_GEN": "Suelo Urbano Consolidado", "_raw_DS_CLASIF_DET": "Suelo Urbano Consolidado", "_raw_DS_DOCU": "PLAN GENERAL", "_raw_DS_LEY": "CM Ley 9/2001, E Ley 6/1998", "_raw_FC_AC": "2015-10-13", "_raw_NM_AREA_M2": 10357.7670865573, "_cam_code": "029" }, "geometry": { "type": "Polygon", "coordinates": [ [ [ -3.624, 40.8281 ], [ -3.6257, 40.8285 ], [ -3.6258, 40.8281 ], [ -3.626, 40.8279 ], [ -3.6242, 40.8275 ], [ -3.624, 40.8281 ] ] ] } },
{ "type": "Feature", "properties": { "municipio": "Cabanillas de la Sierra", "clasificacion": "urbano-consolidado", "calificacion": "sin-asignar", "version": "vigente", "fuente": "SIT-CAM WFS — UsoDelSuelo:VPLA_V_CLASIFICACION (https://idem.comunidad.madrid/geosrvg/ows)", "fecha_dato": "2026-05-12", "ambito": "88442", "_raw_CD_SIGLAS": "SUC", "_raw_DS_CLASIF_GEN": "Suelo Urbano Consolidado", "_raw_DS_CLASIF_DET": "Suelo Urbano Consolidado", "_raw_DS_DOCU": "PLAN GENERAL", "_raw_DS_LEY": "CM Ley 9/2001, E Ley 6/1998", "_raw_FC_AC": "2015-10-13", "_raw_NM_AREA_M2": 66304.938350056094, "_cam_code": "029" }, "geometry": { "type": "Polygon", "coordinates": [ [ [ -3.6327, 40.829 ], [ -3.6328, 40.8295 ], [ -3.6347, 40.8296 ], [ -3.6353, 40.8304 ], [ -3.6356, 40.8311 ], [ -3.6363, 40.8313 ], [ -3.6373, 40.831 ], [ -3.6368, 40.8295 ], [ -3.6358, 40.8292 ], [ -3.6358, 40.8291 ], [ -3.6355, 40.8291 ], [ -3.6355, 40.829 ], [ -3.6345, 40.8286 ], [ -3.6344, 40.8284 ], [ -3.6342, 40.8284 ], [ -3.634, 40.8282 ], [ -3.6326, 40.828 ], [ -3.6318, 40.8277 ], [ -3.6319, 40.8281 ], [ -3.6324, 40.8285 ], [ -3.6327, 40.829 ] ] ] } },
{ "type": "Feature", "properties": { "municipio": "Cabanillas de la Sierra", "clasificacion": "urbano-consolidado", "calificacion": "sin-asignar", "version": "vigente", "fuente": "SIT-CAM WFS — UsoDelSuelo:VPLA_V_CLASIFICACION (https://idem.comunidad.madrid/geosrvg/ows)", "fecha_dato": "2026-05-12", "ambito": "88442", "_raw_CD_SIGLAS": "SUC", "_raw_DS_CLASIF_GEN": "Suelo Urbano Consolidado", "_raw_DS_CLASIF_DET": "Suelo Urbano Consolidado", "_raw_DS_DOCU": "PLAN GENERAL", "_raw_DS_LEY": "CM Ley 9/2001, E Ley 6/1998", "_raw_FC_AC": "2015-10-13", "_raw_NM_AREA_M2": 235563.70763557099, "_cam_code": "029" }, "geometry": { "type": "Polygon", "coordinates": [ [ [ -3.6285, 40.8323 ], [ -3.6295, 40.8323 ], [ -3.6296, 40.8321 ], [ -3.6314, 40.8311 ], [ -3.6316, 40.8312 ], [ -3.6316, 40.8314 ], [ -3.6324, 40.8311 ], [ -3.6321, 40.8309 ], [ -3.6319, 40.8305 ], [ -3.6324, 40.8299 ], [ -3.6323, 40.8292 ], [ -3.6319, 40.8285 ], [ -3.6313, 40.828 ], [ -3.6311, 40.8274 ], [ -3.6306, 40.8273 ], [ -3.6306, 40.8272 ], [ -3.63, 40.8272 ], [ -3.6299, 40.827 ], [ -3.629, 40.8269 ], [ -3.629, 40.8273 ], [ -3.6273, 40.8274 ], [ -3.627, 40.8277 ], [ -3.6271, 40.8279 ], [ -3.6269, 40.8278 ], [ -3.6266, 40.8281 ], [ -3.6262, 40.8297 ], [ -3.6262, 40.8307 ], [ -3.6261, 40.8307 ], [ -3.6262, 40.8315 ], [ -3.6265, 40.8316 ], [ -3.6265, 40.8317 ], [ -3.6281, 40.832 ], [ -3.6285, 40.8323 ] ] ] } },
{ "type": "Feature", "properties": { "municipio": "Cabanillas de la Sierra", "clasificacion": "urbano-no-consolidado", "calificacion": "sin-asignar", "version": "vigente", "fuente": "SIT-CAM WFS — UsoDelSuelo:VPLA_V_CLASIFICACION (https://idem.comunidad.madrid/geosrvg/ows)", "fecha_dato": "2026-05-12", "ambito": "88442", "_raw_CD_SIGLAS": "SUNC", "_raw_DS_CLASIF_GEN": "Suelo Urbano No Consolidado", "_raw_DS_CLASIF_DET": "Suelo Urbano No Consolidado", "_raw_DS_DOCU": "PLAN GENERAL", "_raw_DS_LEY": "CM Ley 9/2001, E Ley 6/1998", "_raw_FC_AC": "2015-10-13", "_raw_NM_AREA_M2": 10298.818391177199, "_cam_code": "029" }, "geometry": { "type": "Polygon", "coordinates": [ [ [ -3.6273, 40.8274 ], [ -3.629, 40.8273 ], [ -3.6289, 40.8266 ], [ -3.6279, 40.8265 ], [ -3.6278, 40.8268 ], [ -3.6273, 40.8274 ] ] ] } },
{ "type": "Feature", "properties": { "municipio": "Cabanillas de la Sierra", "clasificacion": "urbano-no-consolidado", "calificacion": "sin-asignar", "version": "vigente", "fuente": "SIT-CAM WFS — UsoDelSuelo:VPLA_V_CLASIFICACION (https://idem.comunidad.madrid/geosrvg/ows)", "fecha_dato": "2026-05-12", "ambito": "88442", "_raw_CD_SIGLAS": "SUNC", "_raw_DS_CLASIF_GEN": "Suelo Urbano No Consolidado", "_raw_DS_CLASIF_DET": "Suelo Urbano No Consolidado", "_raw_DS_DOCU": "PLAN GENERAL", "_raw_DS_LEY": "CM Ley 9/2001, E Ley 6/1998", "_raw_FC_AC": "2015-10-13", "_raw_NM_AREA_M2": 11998.9123867981, "_cam_code": "029" }, "geometry": { "type": "Polygon", "coordinates": [ [ [ -3.6274, 40.8205 ], [ -3.6275, 40.8205 ], [ -3.6276, 40.8205 ], [ -3.6277, 40.8202 ], [ -3.6277, 40.8189 ], [ -3.6276, 40.8189 ], [ -3.6274, 40.8181 ], [ -3.6271, 40.818 ], [ -3.6266, 40.8185 ], [ -3.6267, 40.8186 ], [ -3.6267, 40.8185 ], [ -3.6269, 40.8185 ], [ -3.6272, 40.8187 ], [ -3.6266, 40.8192 ], [ -3.6268, 40.8193 ], [ -3.627, 40.8191 ], [ -3.6272, 40.8194 ], [ -3.6275, 40.8193 ], [ -3.6276, 40.8195 ], [ -3.6272, 40.8197 ], [ -3.6273, 40.8198 ], [ -3.6271, 40.82 ], [ -3.6273, 40.8202 ], [ -3.6275, 40.8202 ], [ -3.6275, 40.8205 ], [ -3.6274, 40.8205 ] ] ] } },
{ "type": "Feature", "properties": { "municipio": "Cabanillas de la Sierra", "clasificacion": "urbano-no-consolidado", "calificacion": "sin-asignar", "version": "vigente", "fuente": "SIT-CAM WFS — UsoDelSuelo:VPLA_V_CLASIFICACION (https://idem.comunidad.madrid/geosrvg/ows)", "fecha_dato": "2026-05-12", "ambito": "88442", "_raw_CD_SIGLAS": "SUNC", "_raw_DS_CLASIF_GEN": "Suelo Urbano No Consolidado", "_raw_DS_CLASIF_DET": "Suelo Urbano No Consolidado", "_raw_DS_DOCU": "PLAN GENERAL", "_raw_DS_LEY": "CM Ley 9/2001, E Ley 6/1998", "_raw_FC_AC": "2015-10-13", "_raw_NM_AREA_M2": 14875.306116404099, "_cam_code": "029" }, "geometry": { "type": "Polygon", "coordinates": [ [ [ -3.6238, 40.8203 ], [ -3.6241, 40.8203 ], [ -3.6242, 40.82 ], [ -3.6245, 40.8198 ], [ -3.6243, 40.8197 ], [ -3.6245, 40.8192 ], [ -3.6252, 40.8194 ], [ -3.6251, 40.819 ], [ -3.6248, 40.8186 ], [ -3.6242, 40.8184 ], [ -3.6242, 40.8185 ], [ -3.624, 40.8185 ], [ -3.6233, 40.8189 ], [ -3.624, 40.8194 ], [ -3.6237, 40.8197 ], [ -3.6237, 40.8201 ], [ -3.6236, 40.8201 ], [ -3.6236, 40.8203 ], [ -3.6238, 40.8203 ] ] ] } },
{ "type": "Feature", "properties": { "municipio": "Cabanillas de la Sierra", "clasificacion": "urbano-no-consolidado", "calificacion": "sin-asignar", "version": "vigente", "fuente": "SIT-CAM WFS — UsoDelSuelo:VPLA_V_CLASIFICACION (https://idem.comunidad.madrid/geosrvg/ows)", "fecha_dato": "2026-05-12", "ambito": "88442", "_raw_CD_SIGLAS": "SUNC", "_raw_DS_CLASIF_GEN": "Suelo Urbano No Consolidado", "_raw_DS_CLASIF_DET": "Suelo Urbano No Consolidado", "_raw_DS_DOCU": "PLAN GENERAL", "_raw_DS_LEY": "CM Ley 9/2001, E Ley 6/1998", "_raw_FC_AC": "2015-10-13", "_raw_NM_AREA_M2": 5377.3485763725002, "_cam_code": "029" }, "geometry": { "type": "Polygon", "coordinates": [ [ [ -3.6462, 40.8425 ], [ -3.6467, 40.8426 ], [ -3.6467, 40.8427 ], [ -3.6483, 40.8431 ], [ -3.6479, 40.8428 ], [ -3.6479, 40.8423 ], [ -3.6475, 40.8421 ], [ -3.6475, 40.842 ], [ -3.6474, 40.8423 ], [ -3.6471, 40.8426 ], [ -3.6462, 40.8425 ] ] ] } },
{ "type": "Feature", "properties": { "municipio": "Cabanillas de la Sierra", "clasificacion": "urbano-no-consolidado", "calificacion": "sin-asignar", "version": "vigente", "fuente": "SIT-CAM WFS — UsoDelSuelo:VPLA_V_CLASIFICACION (https://idem.comunidad.madrid/geosrvg/ows)", "fecha_dato": "2026-05-12", "ambito": "88442", "_raw_CD_SIGLAS": "SUNC", "_raw_DS_CLASIF_GEN": "Suelo Urbano No Consolidado", "_raw_DS_CLASIF_DET": "Suelo Urbano No Consolidado", "_raw_DS_DOCU": "PLAN GENERAL", "_raw_DS_LEY": "CM Ley 9/2001, E Ley 6/1998", "_raw_FC_AC": "2015-10-13", "_raw_NM_AREA_M2": 139258.09310833499, "_cam_code": "029" }, "geometry": { "type": "Polygon", "coordinates": [ [ [ -3.6459, 40.8423 ], [ -3.6463, 40.8422 ], [ -3.6469, 40.8423 ], [ -3.6473, 40.8411 ], [ -3.648, 40.8405 ], [ -3.6482, 40.8397 ], [ -3.648, 40.8391 ], [ -3.648, 40.8386 ], [ -3.6482, 40.8383 ], [ -3.6481, 40.838 ], [ -3.6471, 40.8381 ], [ -3.6459, 40.8386 ], [ -3.6457, 40.8385 ], [ -3.6448, 40.8387 ], [ -3.6448, 40.8388 ], [ -3.6443, 40.839 ], [ -3.6426, 40.8402 ], [ -3.6451, 40.8421 ], [ -3.6459, 40.8423 ] ] ] } },
{ "type": "Feature", "properties": { "municipio": "Cabanillas de la Sierra", "clasificacion": "urbano-no-consolidado", "calificacion": "sin-asignar", "version": "vigente", "fuente": "SIT-CAM WFS — UsoDelSuelo:VPLA_V_CLASIFICACION (https://idem.comunidad.madrid/geosrvg/ows)", "fecha_dato": "2026-05-12", "ambito": "88442", "_raw_CD_SIGLAS": "SUNC", "_raw_DS_CLASIF_GEN": "Suelo Urbano No Consolidado", "_raw_DS_CLASIF_DET": "Suelo Urbano No Consolidado", "_raw_DS_DOCU": "PLAN GENERAL", "_raw_DS_LEY": "CM Ley 9/2001, E Ley 6/1998", "_raw_FC_AC": "2015-10-13", "_raw_NM_AREA_M2": 38742.151836261699, "_cam_code": "029" }, "geometry": { "type": "Polygon", "coordinates": [ [ [ -3.6492, 40.838 ], [ -3.6487, 40.8381 ], [ -3.6485, 40.8384 ], [ -3.6484, 40.8391 ], [ -3.6486, 40.8396 ], [ -3.6485, 40.8405 ], [ -3.6507, 40.8401 ], [ -3.6502, 40.8389 ], [ -3.6501, 40.8381 ], [ -3.6492, 40.838 ] ] ] } },
{ "type": "Feature", "properties": { "municipio": "Cabanillas de la Sierra", "clasificacion": "urbano-no-consolidado", "calificacion": "sin-asignar", "version": "vigente", "fuente": "SIT-CAM WFS — UsoDelSuelo:VPLA_V_CLASIFICACION (https://idem.comunidad.madrid/geosrvg/ows)", "fecha_dato": "2026-05-12", "ambito": "88442", "_raw_CD_SIGLAS": "SUNC", "_raw_DS_CLASIF_GEN": "Suelo Urbano No Consolidado", "_raw_DS_CLASIF_DET": "Suelo Urbano No Consolidado", "_raw_DS_DOCU": "PLAN GENERAL", "_raw_DS_LEY": "CM Ley 9/2001, E Ley 6/1998", "_raw_FC_AC": "2015-10-13", "_raw_NM_AREA_M2": 138261.894045216, "_cam_code": "029" }, "geometry": { "type": "Polygon", "coordinates": [ [ [ -3.6428, 40.8362 ], [ -3.6438, 40.8389 ], [ -3.6449, 40.8383 ], [ -3.6455, 40.8382 ], [ -3.6461, 40.8383 ], [ -3.6462, 40.8381 ], [ -3.6473, 40.8377 ], [ -3.6474, 40.8377 ], [ -3.6474, 40.8377 ], [ -3.6476, 40.8377 ], [ -3.6478, 40.8377 ], [ -3.6481, 40.8377 ], [ -3.6484, 40.8377 ], [ -3.6489, 40.8377 ], [ -3.6486, 40.8375 ], [ -3.6486, 40.8373 ], [ -3.6482, 40.8367 ], [ -3.6486, 40.8363 ], [ -3.648, 40.8349 ], [ -3.6461, 40.8354 ], [ -3.6459, 40.8349 ], [ -3.6446, 40.8355 ], [ -3.644, 40.8356 ], [ -3.644, 40.8358 ], [ -3.6438, 40.8359 ], [ -3.6428, 40.8362 ] ] ] } }
]
}
