{
"type": "FeatureCollection",
"name": "vigente.full",
"features": [
{ "type": "Feature", "properties": { "municipio": "Daganzo de Arriba", "clasificacion": "no-urbanizable-protegido", "calificacion": "sin-asignar", "version": "vigente", "fuente": "SIT-CAM WFS — UsoDelSuelo:VPLA_V_CLASIFICACION (https://idem.comunidad.madrid/geosrvg/ows)", "fecha_dato": "2026-05-12", "ambito": "27596", "_raw_CD_SIGLAS": "SNUP_A", "_raw_DS_CLASIF_GEN": "Suelo No Urbanizable Protegido (APLAZADO)", "_raw_DS_CLASIF_DET": "Suelo No Urbanizable de Especial Protección de vías pecuarias y de cauces de arroyos", "_raw_DS_DOCU": "NORMAS SUBSIDIARIAS", "_raw_DS_LEY": "CM Ley 4/1984, E RDL 1/1992", "_raw_FC_AC": "1995-06-07", "_raw_NM_AREA_M2": 263.28305000516298, "_cam_code": "053" }, "geometry": { "type": "Polygon", "coordinates": [ [ [ -3.4512, 40.5898 ], [ -3.4512, 40.59 ], [ -3.4513, 40.59 ], [ -3.4513, 40.5898 ], [ -3.4512, 40.5898 ] ] ] } },
{ "type": "Feature", "properties": { "municipio": "Daganzo de Arriba", "clasificacion": "no-urbanizable-protegido", "calificacion": "sin-asignar", "version": "vigente", "fuente": "SIT-CAM WFS — UsoDelSuelo:VPLA_V_CLASIFICACION (https://idem.comunidad.madrid/geosrvg/ows)", "fecha_dato": "2026-05-12", "ambito": "27596", "_raw_CD_SIGLAS": "SNUP_A", "_raw_DS_CLASIF_GEN": "Suelo No Urbanizable Protegido (APLAZADO)", "_raw_DS_CLASIF_DET": "Suelo No Urbanizable de Especial Protección por su interés paisajístico", "_raw_DS_DOCU": "NORMAS SUBSIDIARIAS", "_raw_DS_LEY": "CM Ley 4/1984, E RDL 1/1992", "_raw_FC_AC": "1995-06-07", "_raw_NM_AREA_M2": 1942440.67676242, "_cam_code": "053" }, "geometry": { "type": "Polygon", "coordinates": [ [ [ -3.4523, 40.6014 ], [ -3.4524, 40.6026 ], [ -3.4535, 40.606 ], [ -3.4538, 40.6074 ], [ -3.4583, 40.6032 ], [ -3.4598, 40.6028 ], [ -3.462, 40.6007 ], [ -3.4628, 40.6002 ], [ -3.4663, 40.5968 ], [ -3.4661, 40.5955 ], [ -3.4664, 40.5937 ], [ -3.4668, 40.5916 ], [ -3.4677, 40.5888 ], [ -3.4701, 40.5868 ], [ -3.4707, 40.5858 ], [ -3.4654, 40.5856 ], [ -3.4644, 40.5859 ], [ -3.464, 40.5859 ], [ -3.4631, 40.5864 ], [ -3.4627, 40.5878 ], [ -3.4619, 40.5888 ], [ -3.4615, 40.5891 ], [ -3.4608, 40.5892 ], [ -3.4604, 40.5894 ], [ -3.4577, 40.5897 ], [ -3.4513, 40.59 ], [ -3.4516, 40.591 ], [ -3.4516, 40.5918 ], [ -3.4515, 40.5922 ], [ -3.4513, 40.5924 ], [ -3.4513, 40.5927 ], [ -3.4517, 40.5932 ], [ -3.4518, 40.5939 ], [ -3.452, 40.594 ], [ -3.452, 40.595 ], [ -3.4525, 40.5965 ], [ -3.4528, 40.5969 ], [ -3.4527, 40.597 ], [ -3.4527, 40.5976 ], [ -3.4531, 40.5985 ], [ -3.4526, 40.601 ], [ -3.4523, 40.6014 ] ] ] } },
{ "type": "Feature", "properties": { "municipio": "Daganzo de Arriba", "clasificacion": "no-urbanizable-protegido", "calificacion": "sin-asignar", "version": "vigente", "fuente": "SIT-CAM WFS — UsoDelSuelo:VPLA_V_CLASIFICACION (https://idem.comunidad.madrid/geosrvg/ows)", "fecha_dato": "2026-05-12", "ambito": "27596", "_raw_CD_SIGLAS": "SNUP_A", "_raw_DS_CLASIF_GEN": "Suelo No Urbanizable Protegido (APLAZADO)", "_raw_DS_CLASIF_DET": "Suelo No Urbanizable de Especial Protección por su interés paisajístico", "_raw_DS_DOCU": "NORMAS SUBSIDIARIAS", "_raw_DS_LEY": "CM Ley 4/1984, E RDL 1/1992", "_raw_FC_AC": "1995-06-07", "_raw_NM_AREA_M2": 919952.72966903704, "_cam_code": "053" }, "geometry": { "type": "Polygon", "coordinates": [ [ [ -3.4421, 40.5946 ], [ -3.4432, 40.5952 ], [ -3.4439, 40.5979 ], [ -3.4427, 40.6 ], [ -3.4437, 40.6039 ], [ -3.4429, 40.6052 ], [ -3.4418, 40.6058 ], [ -3.4399, 40.6096 ], [ -3.442, 40.6114 ], [ -3.4433, 40.6112 ], [ -3.4441, 40.6116 ], [ -3.4441, 40.6127 ], [ -3.4421, 40.6175 ], [ -3.4423, 40.6175 ], [ -3.4425, 40.6173 ], [ -3.443, 40.6172 ], [ -3.443, 40.6171 ], [ -3.4441, 40.617 ], [ -3.4453, 40.6165 ], [ -3.4477, 40.6137 ], [ -3.4495, 40.612 ], [ -3.4509, 40.6104 ], [ -3.4503, 40.6095 ], [ -3.4495, 40.6095 ], [ -3.4482, 40.6085 ], [ -3.4465, 40.6076 ], [ -3.4465, 40.6074 ], [ -3.4469, 40.6068 ], [ -3.447, 40.606 ], [ -3.4469, 40.6049 ], [ -3.4472, 40.6043 ], [ -3.447, 40.6038 ], [ -3.4471, 40.6032 ], [ -3.447, 40.6027 ], [ -3.4464, 40.6019 ], [ -3.4455, 40.6018 ], [ -3.4449, 40.6011 ], [ -3.4443, 40.6009 ], [ -3.4442, 40.6007 ], [ -3.4442, 40.6005 ], [ -3.4448, 40.5999 ], [ -3.4452, 40.5997 ], [ -3.4454, 40.5995 ], [ -3.4454, 40.5993 ], [ -3.4455, 40.5993 ], [ -3.4455, 40.599 ], [ -3.4454, 40.599 ], [ -3.4455, 40.5985 ], [ -3.4462, 40.5972 ], [ -3.4463, 40.5972 ], [ -3.4463, 40.5969 ], [ -3.4464, 40.5969 ], [ -3.4463, 40.5962 ], [ -3.4451, 40.5956 ], [ -3.4453, 40.5954 ], [ -3.4453, 40.595 ], [ -3.4454, 40.595 ], [ -3.4453, 40.5945 ], [ -3.4449, 40.594 ], [ -3.4442, 40.5936 ], [ -3.4431, 40.5936 ], [ -3.4431, 40.5937 ], [ -3.4426, 40.5939 ], [ -3.4421, 40.5946 ] ] ] } },
{ "type": "Feature", "properties": { "municipio": "Daganzo de Arriba", "clasificacion": "no-urbanizable-protegido", "calificacion": "sin-asignar", "version": "vigente", "fuente": "SIT-CAM WFS — UsoDelSuelo:VPLA_V_CLASIFICACION (https://idem.comunidad.madrid/geosrvg/ows)", "fecha_dato": "2026-05-12", "ambito": "27596", "_raw_CD_SIGLAS": "SNUP_A", "_raw_DS_CLASIF_GEN": "Suelo No Urbanizable Protegido (APLAZADO)", "_raw_DS_CLASIF_DET": "Suelo No Urbanizable de Especial Protección por su valor agrícola-regadío", "_raw_DS_DOCU": "NORMAS SUBSIDIARIAS", "_raw_DS_LEY": "CM Ley 4/1984, E RDL 1/1992", "_raw_FC_AC": "1995-06-07", "_raw_NM_AREA_M2": 1603910.5244193601, "_cam_code": "053" }, "geometry": { "type": "Polygon", "coordinates": [ [ [ -3.4107, 40.5777 ], [ -3.4116, 40.5785 ], [ -3.4142, 40.5785 ], [ -3.4145, 40.5776 ], [ -3.4149, 40.577 ], [ -3.4151, 40.5754 ], [ -3.4148, 40.574 ], [ -3.4145, 40.5736 ], [ -3.4142, 40.5725 ], [ -3.4142, 40.572 ], [ -3.4147, 40.5714 ], [ -3.4146, 40.57 ], [ -3.4144, 40.5698 ], [ -3.4145, 40.5694 ], [ -3.4143, 40.5691 ], [ -3.4143, 40.5684 ], [ -3.4145, 40.568 ], [ -3.4145, 40.5677 ], [ -3.4149, 40.5673 ], [ -3.4147, 40.5664 ], [ -3.4152, 40.5659 ], [ -3.4155, 40.5658 ], [ -3.4158, 40.5654 ], [ -3.4172, 40.565 ], [ -3.4174, 40.5648 ], [ -3.4172, 40.5647 ], [ -3.4169, 40.5642 ], [ -3.4164, 40.564 ], [ -3.4158, 40.5635 ], [ -3.4154, 40.5635 ], [ -3.4149, 40.5633 ], [ -3.4146, 40.563 ], [ -3.4147, 40.5626 ], [ -3.4143, 40.5625 ], [ -3.4144, 40.5624 ], [ -3.4146, 40.5625 ], [ -3.4145, 40.5624 ], [ -3.4147, 40.5622 ], [ -3.4154, 40.5619 ], [ -3.4155, 40.5615 ], [ -3.4122, 40.5613 ], [ -3.4121, 40.5642 ], [ -3.4063, 40.5641 ], [ -3.4058, 40.564 ], [ -3.4058, 40.5649 ], [ -3.4062, 40.5652 ], [ -3.4074, 40.5652 ], [ -3.407, 40.5657 ], [ -3.4055, 40.5668 ], [ -3.4049, 40.5669 ], [ -3.4049, 40.567 ], [ -3.403, 40.5671 ], [ -3.4014, 40.5716 ], [ -3.4014, 40.5723 ], [ -3.4016, 40.5725 ], [ -3.4017, 40.5729 ], [ -3.4022, 40.5734 ], [ -3.4021, 40.5743 ], [ -3.4027, 40.5747 ], [ -3.4036, 40.575 ], [ -3.4034, 40.5759 ], [ -3.4037, 40.5764 ], [ -3.4036, 40.5782 ], [ -3.4105, 40.5778 ], [ -3.4107, 40.5777 ] ] ] } },
{ "type": "Feature", "properties": { "municipio": "Daganzo de Arriba", "clasificacion": "no-urbanizable-protegido", "calificacion": "sin-asignar", "version": "vigente", "fuente": "SIT-CAM WFS — UsoDelSuelo:VPLA_V_CLASIFICACION (https://idem.comunidad.madrid/geosrvg/ows)", "fecha_dato": "2026-05-12", "ambito": "27596", "_raw_CD_SIGLAS": "SNUP_A", "_raw_DS_CLASIF_GEN": "Suelo No Urbanizable Protegido (APLAZADO)", "_raw_DS_CLASIF_DET": "Suelo No Urbanizable de Especial Protección por su valor agrícola-regadío", "_raw_DS_DOCU": "NORMAS SUBSIDIARIAS", "_raw_DS_LEY": "CM Ley 4/1984, E RDL 1/1992", "_raw_FC_AC": "1995-06-07", "_raw_NM_AREA_M2": 1245133.3043476699, "_cam_code": "053" }, "geometry": { "type": "Polygon", "coordinates": [ [ [ -3.4158, 40.5668 ], [ -3.4156, 40.5668 ], [ -3.4155, 40.5674 ], [ -3.4158, 40.5679 ], [ -3.4159, 40.5691 ], [ -3.4156, 40.5693 ], [ -3.4156, 40.5696 ], [ -3.4154, 40.5699 ], [ -3.4153, 40.5704 ], [ -3.4154, 40.5709 ], [ -3.4152, 40.5716 ], [ -3.4153, 40.5721 ], [ -3.4152, 40.573 ], [ -3.4154, 40.5735 ], [ -3.4154, 40.5766 ], [ -3.4153, 40.5766 ], [ -3.4153, 40.5771 ], [ -3.4156, 40.5786 ], [ -3.4149, 40.5787 ], [ -3.4148, 40.5792 ], [ -3.4154, 40.5801 ], [ -3.4175, 40.5804 ], [ -3.4183, 40.5807 ], [ -3.4183, 40.5808 ], [ -3.4271, 40.5727 ], [ -3.4263, 40.572 ], [ -3.4256, 40.571 ], [ -3.4249, 40.5705 ], [ -3.4247, 40.5702 ], [ -3.4247, 40.57 ], [ -3.4244, 40.5697 ], [ -3.4241, 40.5691 ], [ -3.4239, 40.5684 ], [ -3.4231, 40.5676 ], [ -3.4226, 40.5667 ], [ -3.4225, 40.5659 ], [ -3.4226, 40.5653 ], [ -3.4224, 40.5647 ], [ -3.4222, 40.5646 ], [ -3.422, 40.5642 ], [ -3.4219, 40.5637 ], [ -3.4213, 40.5633 ], [ -3.4211, 40.563 ], [ -3.4207, 40.563 ], [ -3.4201, 40.5625 ], [ -3.4199, 40.5625 ], [ -3.4195, 40.5622 ], [ -3.4189, 40.5623 ], [ -3.4184, 40.562 ], [ -3.4181, 40.5621 ], [ -3.4178, 40.5619 ], [ -3.4176, 40.562 ], [ -3.4166, 40.5619 ], [ -3.4163, 40.5622 ], [ -3.4161, 40.5622 ], [ -3.416, 40.5625 ], [ -3.4162, 40.563 ], [ -3.4172, 40.5631 ], [ -3.4178, 40.5634 ], [ -3.4182, 40.5638 ], [ -3.4189, 40.5642 ], [ -3.4192, 40.5649 ], [ -3.4188, 40.5654 ], [ -3.4173, 40.5659 ], [ -3.4173, 40.566 ], [ -3.4158, 40.5668 ] ] ] } },
{ "type": "Feature", "properties": { "municipio": "Daganzo de Arriba", "clasificacion": "no-urbanizable-protegido", "calificacion": "sin-asignar", "version": "vigente", "fuente": "SIT-CAM WFS — UsoDelSuelo:VPLA_V_CLASIFICACION (https://idem.comunidad.madrid/geosrvg/ows)", "fecha_dato": "2026-05-12", "ambito": "27596", "_raw_CD_SIGLAS": "SNUP_A", "_raw_DS_CLASIF_GEN": "Suelo No Urbanizable Protegido (APLAZADO)", "_raw_DS_CLASIF_DET": "Suelo No Urbanizable de Especial Protección por su valor agrícola-secano", "_raw_DS_DOCU": "NORMAS SUBSIDIARIAS", "_raw_DS_LEY": "CM Ley 4/1984, E RDL 1/1992", "_raw_FC_AC": "1995-06-07", "_raw_NM_AREA_M2": 1175110.8266515201, "_cam_code": "053" }, "geometry": { "type": "Polygon", "coordinates": [ [ [ -3.4187, 40.5524 ], [ -3.4176, 40.553 ], [ -3.4176, 40.5533 ], [ -3.4178, 40.5536 ], [ -3.4198, 40.5526 ], [ -3.4314, 40.5533 ], [ -3.4337, 40.5532 ], [ -3.436, 40.5518 ], [ -3.4369, 40.5515 ], [ -3.4371, 40.5505 ], [ -3.4373, 40.5477 ], [ -3.4374, 40.5471 ], [ -3.4375, 40.5471 ], [ -3.4247, 40.5456 ], [ -3.4237, 40.5453 ], [ -3.4221, 40.5451 ], [ -3.4192, 40.5443 ], [ -3.419, 40.5461 ], [ -3.4189, 40.5462 ], [ -3.419, 40.5464 ], [ -3.4189, 40.5468 ], [ -3.4192, 40.547 ], [ -3.419, 40.5472 ], [ -3.4189, 40.5477 ], [ -3.4185, 40.5478 ], [ -3.4183, 40.5482 ], [ -3.4183, 40.5487 ], [ -3.4185, 40.5489 ], [ -3.4185, 40.549 ], [ -3.4184, 40.5489 ], [ -3.4184, 40.5491 ], [ -3.4188, 40.5497 ], [ -3.4195, 40.5504 ], [ -3.4202, 40.5507 ], [ -3.4203, 40.5511 ], [ -3.4208, 40.5513 ], [ -3.4208, 40.5515 ], [ -3.4206, 40.5514 ], [ -3.4207, 40.5515 ], [ -3.4205, 40.5516 ], [ -3.4205, 40.5518 ], [ -3.4201, 40.5521 ], [ -3.4197, 40.5521 ], [ -3.4187, 40.5524 ] ] ] } },
{ "type": "Feature", "properties": { "municipio": "Daganzo de Arriba", "clasificacion": "no-urbanizable-protegido", "calificacion": "sin-asignar", "version": "vigente", "fuente": "SIT-CAM WFS — UsoDelSuelo:VPLA_V_CLASIFICACION (https://idem.comunidad.madrid/geosrvg/ows)", "fecha_dato": "2026-05-12", "ambito": "27596", "_raw_CD_SIGLAS": "SNUP_A", "_raw_DS_CLASIF_GEN": "Suelo No Urbanizable Protegido (APLAZADO)", "_raw_DS_CLASIF_DET": "Suelo No Urbanizable de Especial Protección por su interés paisajístico", "_raw_DS_DOCU": "NORMAS SUBSIDIARIAS", "_raw_DS_LEY": "CM Ley 4/1984, E RDL 1/1992", "_raw_FC_AC": "1995-06-07", "_raw_NM_AREA_M2": 2262811.5479502198, "_cam_code": "053" }, "geometry": { "type": "Polygon", "coordinates": [ [ [ -3.4392, 40.5815 ], [ -3.4403, 40.582 ], [ -3.4404, 40.5826 ], [ -3.4406, 40.5828 ], [ -3.4405, 40.5835 ], [ -3.4402, 40.5838 ], [ -3.4401, 40.5841 ], [ -3.4401, 40.5853 ], [ -3.4404, 40.5862 ], [ -3.4403, 40.587 ], [ -3.4406, 40.5875 ], [ -3.4407, 40.589 ], [ -3.4422, 40.59 ], [ -3.4431, 40.5903 ], [ -3.4447, 40.5884 ], [ -3.4467, 40.5857 ], [ -3.4465, 40.5846 ], [ -3.4462, 40.5808 ], [ -3.4459, 40.579 ], [ -3.4437, 40.5726 ], [ -3.4437, 40.5724 ], [ -3.4463, 40.5705 ], [ -3.4451, 40.5682 ], [ -3.4466, 40.5636 ], [ -3.4466, 40.5633 ], [ -3.4458, 40.5599 ], [ -3.4443, 40.5547 ], [ -3.4442, 40.5545 ], [ -3.4415, 40.553 ], [ -3.4357, 40.5648 ], [ -3.4336, 40.5668 ], [ -3.4379, 40.5708 ], [ -3.4379, 40.5709 ], [ -3.4371, 40.5714 ], [ -3.4371, 40.5716 ], [ -3.4383, 40.5728 ], [ -3.4389, 40.5732 ], [ -3.4405, 40.5749 ], [ -3.4421, 40.5762 ], [ -3.4421, 40.5764 ], [ -3.4415, 40.5775 ], [ -3.4412, 40.5778 ], [ -3.4392, 40.5814 ], [ -3.4392, 40.5815 ] ] ] } },
{ "type": "Feature", "properties": { "municipio": "Daganzo de Arriba", "clasificacion": "no-urbanizable-protegido", "calificacion": "sin-asignar", "version": "vigente", "fuente": "SIT-CAM WFS — UsoDelSuelo:VPLA_V_CLASIFICACION (https://idem.comunidad.madrid/geosrvg/ows)", "fecha_dato": "2026-05-12", "ambito": "27596", "_raw_CD_SIGLAS": "SNUP_A", "_raw_DS_CLASIF_GEN": "Suelo No Urbanizable Protegido (APLAZADO)", "_raw_DS_CLASIF_DET": "Suelo No Urbanizable de Especial Protección por su interés paisajístico", "_raw_DS_DOCU": "NORMAS SUBSIDIARIAS", "_raw_DS_LEY": "CM Ley 4/1984, E RDL 1/1992", "_raw_FC_AC": "1995-06-07", "_raw_NM_AREA_M2": 87008.589037473197, "_cam_code": "053" }, "geometry": { "type": "Polygon", "coordinates": [ [ [ -3.4471, 40.5858 ], [ -3.4466, 40.5865 ], [ -3.446, 40.5872 ], [ -3.4435, 40.5904 ], [ -3.4436, 40.5905 ], [ -3.4447, 40.5909 ], [ -3.4458, 40.5908 ], [ -3.4464, 40.5906 ], [ -3.4472, 40.5898 ], [ -3.4476, 40.5892 ], [ -3.4476, 40.5885 ], [ -3.4473, 40.5879 ], [ -3.4466, 40.587 ], [ -3.4471, 40.5861 ], [ -3.4471, 40.5858 ] ] ] } },
{ "type": "Feature", "properties": { "municipio": "Daganzo de Arriba", "clasificacion": "no-urbanizable-protegido", "calificacion": "sin-asignar", "version": "vigente", "fuente": "SIT-CAM WFS — UsoDelSuelo:VPLA_V_CLASIFICACION (https://idem.comunidad.madrid/geosrvg/ows)", "fecha_dato": "2026-05-12", "ambito": "27596", "_raw_CD_SIGLAS": "SNUP_A", "_raw_DS_CLASIF_GEN": "Suelo No Urbanizable Protegido (APLAZADO)", "_raw_DS_CLASIF_DET": "Suelo No Urbanizable de Especial Protección por su interés paisajístico", "_raw_DS_DOCU": "NORMAS SUBSIDIARIAS", "_raw_DS_LEY": "CM Ley 4/1984, E RDL 1/1992", "_raw_FC_AC": "1995-06-07", "_raw_NM_AREA_M2": 31369.382887453601, "_cam_code": "053" }, "geometry": { "type": "Polygon", "coordinates": [ [ [ -3.451, 40.59 ], [ -3.4511, 40.5927 ], [ -3.4526, 40.5987 ], [ -3.4523, 40.6012 ], [ -3.4525, 40.6005 ], [ -3.4527, 40.6003 ], [ -3.453, 40.5984 ], [ -3.4527, 40.5979 ], [ -3.4524, 40.5966 ], [ -3.4522, 40.5963 ], [ -3.4522, 40.596 ], [ -3.4521, 40.596 ], [ -3.4521, 40.5955 ], [ -3.4519, 40.5951 ], [ -3.4519, 40.5942 ], [ -3.4517, 40.5939 ], [ -3.4516, 40.5933 ], [ -3.4514, 40.5929 ], [ -3.4512, 40.5928 ], [ -3.4512, 40.5924 ], [ -3.4515, 40.5914 ], [ -3.4512, 40.59 ], [ -3.451, 40.59 ] ] ] } },
{ "type": "Feature", "properties": { "municipio": "Daganzo de Arriba", "clasificacion": "no-urbanizable-protegido", "calificacion": "sin-asignar", "version": "vigente", "fuente": "SIT-CAM WFS — UsoDelSuelo:VPLA_V_CLASIFICACION (https://idem.comunidad.madrid/geosrvg/ows)", "fecha_dato": "2026-05-12", "ambito": "27596", "_raw_CD_SIGLAS": "SNUP_A", "_raw_DS_CLASIF_GEN": "Suelo No Urbanizable Protegido (APLAZADO)", "_raw_DS_CLASIF_DET": "Suelo No Urbanizable de Especial Protección de cauces de arroyos", "_raw_DS_DOCU": "NORMAS SUBSIDIARIAS", "_raw_DS_LEY": "CM Ley 4/1984, E RDL 1/1992", "_raw_FC_AC": "1995-06-07", "_raw_NM_AREA_M2": 59544.898385369699, "_cam_code": "053" }, "geometry": { "type": "Polygon", "coordinates": [ [ [ -3.4561, 40.5354 ], [ -3.456, 40.5359 ], [ -3.4559, 40.5359 ], [ -3.4559, 40.5359 ], [ -3.4559, 40.5359 ], [ -3.4559, 40.5359 ], [ -3.4559, 40.536 ], [ -3.4559, 40.536 ], [ -3.4559, 40.536 ], [ -3.4559, 40.536 ], [ -3.4559, 40.536 ], [ -3.4559, 40.5361 ], [ -3.4559, 40.5361 ], [ -3.4559, 40.5361 ], [ -3.4559, 40.5361 ], [ -3.4559, 40.5361 ], [ -3.4559, 40.5362 ], [ -3.4559, 40.5363 ], [ -3.4558, 40.5363 ], [ -3.4558, 40.5363 ], [ -3.4558, 40.5363 ], [ -3.4558, 40.5363 ], [ -3.4558, 40.5364 ], [ -3.4558, 40.5364 ], [ -3.4558, 40.5364 ], [ -3.4558, 40.5364 ], [ -3.4558, 40.5364 ], [ -3.4558, 40.5365 ], [ -3.4558, 40.5365 ], [ -3.4558, 40.5365 ], [ -3.4558, 40.5365 ], [ -3.4558, 40.5365 ], [ -3.4558, 40.5366 ], [ -3.4558, 40.5366 ], [ -3.4558, 40.5366 ], [ -3.4558, 40.5366 ], [ -3.4558, 40.5367 ], [ -3.4558, 40.5368 ], [ -3.4557, 40.5369 ], [ -3.4558, 40.5383 ], [ -3.4559, 40.5383 ], [ -3.4558, 40.539 ], [ -3.4558, 40.539 ], [ -3.4558, 40.539 ], [ -3.4559, 40.539 ], [ -3.456, 40.539 ], [ -3.4559, 40.539 ], [ -3.456, 40.5382 ], [ -3.4559, 40.5381 ], [ -3.4559, 40.5375 ], [ -3.4558, 40.5375 ], [ -3.4558, 40.5368 ], [ -3.4559, 40.5368 ], [ -3.4558, 40.5366 ], [ -3.4559, 40.5366 ], [ -3.4559, 40.5366 ], [ -3.4559, 40.5366 ], [ -3.4559, 40.5366 ], [ -3.4559, 40.5365 ], [ -3.4559, 40.5365 ], [ -3.4559, 40.5365 ], [ -3.4559, 40.5365 ], [ -3.4559, 40.5365 ], [ -3.4559, 40.5364 ], [ -3.4559, 40.5364 ], [ -3.4559, 40.5364 ], [ -3.4559, 40.5364 ], [ -3.4559, 40.5364 ], [ -3.4559, 40.5363 ], [ -3.4559, 40.5363 ], [ -3.4559, 40.5363 ], [ -3.4559, 40.5363 ], [ -3.4559, 40.5363 ], [ -3.4559, 40.5362 ], [ -3.4559, 40.5362 ], [ -3.4559, 40.5362 ], [ -3.4559, 40.5362 ], [ -3.4559, 40.5362 ], [ -3.4559, 40.5361 ], [ -3.4559, 40.536 ], [ -3.4561, 40.5359 ], [ -3.4561, 40.5354 ], [ -3.4562, 40.5354 ], [ -3.456, 40.5349 ], [ -3.4562, 40.5347 ], [ -3.4562, 40.5344 ], [ -3.456, 40.5341 ], [ -3.4564, 40.5337 ], [ -3.4565, 40.5332 ], [ -3.4563, 40.5332 ], [ -3.4563, 40.5331 ], [ -3.4565, 40.5327 ], [ -3.4565, 40.5323 ], [ -3.4568, 40.532 ], [ -3.4567, 40.5313 ], [ -3.4568, 40.5313 ], [ -3.4574, 40.5303 ], [ -3.4573, 40.5297 ], [ -3.4579, 40.5292 ], [ -3.4579, 40.5289 ], [ -3.458, 40.5289 ], [ -3.4579, 40.528 ], [ -3.4577, 40.5276 ], [ -3.4578, 40.5276 ], [ -3.4577, 40.5268 ], [ -3.4579, 40.5265 ], [ -3.4575, 40.5259 ], [ -3.4569, 40.5258 ], [ -3.457, 40.5257 ], [ -3.4569, 40.5247 ], [ -3.4572, 40.5246 ], [ -3.4571, 40.5244 ], [ -3.4577, 40.5237 ], [ -3.4576, 40.5226 ], [ -3.458, 40.5213 ], [ -3.4579, 40.5213 ], [ -3.4579, 40.5208 ], [ -3.4576, 40.5205 ], [ -3.4576, 40.5202 ], [ -3.4575, 40.5202 ], [ -3.4574, 40.5198 ], [ -3.4571, 40.5194 ], [ -3.4571, 40.519 ], [ -3.4575, 40.5189 ], [ -3.4575, 40.5183 ], [ -3.4572, 40.518 ], [ -3.4572, 40.5176 ], [ -3.4571, 40.5176 ], [ -3.457, 40.5172 ], [ -3.4568, 40.5172 ], [ -3.4565, 40.5167 ], [ -3.4565, 40.5159 ], [ -3.4564, 40.5159 ], [ -3.4564, 40.5156 ], [ -3.4563, 40.5156 ], [ -3.4562, 40.5148 ], [ -3.4559, 40.5144 ], [ -3.4557, 40.5135 ], [ -3.4556, 40.5135 ], [ -3.4555, 40.5131 ], [ -3.4553, 40.513 ], [ -3.455, 40.5121 ], [ -3.4547, 40.5118 ], [ -3.4546, 40.5115 ], [ -3.4545, 40.5118 ], [ -3.4546, 40.5118 ], [ -3.4551, 40.513 ], [ -3.4552, 40.513 ], [ -3.4552, 40.5132 ], [ -3.4555, 40.5136 ], [ -3.4555, 40.5138 ], [ -3.4557, 40.514 ], [ -3.4558, 40.5146 ], [ -3.456, 40.5147 ], [ -3.4561, 40.5155 ], [ -3.4562, 40.5155 ], [ -3.4562, 40.5158 ], [ -3.4563, 40.5158 ], [ -3.4563, 40.5162 ], [ -3.4562, 40.5162 ], [ -3.4561, 40.5166 ], [ -3.4563, 40.5167 ], [ -3.4567, 40.5175 ], [ -3.4568, 40.5175 ], [ -3.4569, 40.5184 ], [ -3.457, 40.5187 ], [ -3.4571, 40.5187 ], [ -3.457, 40.519 ], [ -3.4569, 40.519 ], [ -3.457, 40.5196 ], [ -3.4571, 40.5196 ], [ -3.4574, 40.5205 ], [ -3.4575, 40.5205 ], [ -3.4576, 40.5209 ], [ -3.4577, 40.5209 ], [ -3.4577, 40.5216 ], [ -3.4574, 40.5226 ], [ -3.4574, 40.5238 ], [ -3.4571, 40.524 ], [ -3.457, 40.5245 ], [ -3.4567, 40.5249 ], [ -3.4567, 40.5258 ], [ -3.4569, 40.526 ], [ -3.4575, 40.5261 ], [ -3.4576, 40.5265 ], [ -3.4577, 40.5265 ], [ -3.4575, 40.527 ], [ -3.4575, 40.5277 ], [ -3.4576, 40.5277 ], [ -3.4577, 40.528 ], [ -3.4578, 40.529 ], [ -3.4571, 40.5297 ], [ -3.4571, 40.5299 ], [ -3.4572, 40.5299 ], [ -3.4571, 40.5304 ], [ -3.457, 40.5304 ], [ -3.4567, 40.5311 ], [ -3.4564, 40.5313 ], [ -3.4565, 40.5318 ], [ -3.4562, 40.5322 ], [ -3.4562, 40.5328 ], [ -3.4561, 40.5329 ], [ -3.4562, 40.5335 ], [ -3.4557, 40.5338 ], [ -3.4558, 40.5343 ], [ -3.456, 40.5344 ], [ -3.4559, 40.5351 ], [ -3.456, 40.5354 ], [ -3.4561, 40.5354 ] ] ] } },
{ "type": "Feature", "properties": { "municipio": "Daganzo de Arriba", "clasificacion": "no-urbanizable-protegido", "calificacion": "sin-asignar", "version": "vigente", "fuente": "SIT-CAM WFS — UsoDelSuelo:VPLA_V_CLASIFICACION (https://idem.comunidad.madrid/geosrvg/ows)", "fecha_dato": "2026-05-12", "ambito": "27596", "_raw_CD_SIGLAS": "SNUP_A", "_raw_DS_CLASIF_GEN": "Suelo No Urbanizable Protegido (APLAZADO)", "_raw_DS_CLASIF_DET": "Suelo No Urbanizable de Especial Protección de cauces de arroyos", "_raw_DS_DOCU": "NORMAS SUBSIDIARIAS", "_raw_DS_LEY": "CM Ley 4/1984, E RDL 1/1992", "_raw_FC_AC": "1995-06-07", "_raw_NM_AREA_M2": 75480.893125176197, "_cam_code": "053" }, "geometry": { "type": "Polygon", "coordinates": [ [ [ -3.4377, 40.5812 ], [ -3.4401, 40.5821 ], [ -3.4401, 40.5825 ], [ -3.4403, 40.5828 ], [ -3.4403, 40.5834 ], [ -3.44, 40.5837 ], [ -3.4399, 40.5841 ], [ -3.4398, 40.5852 ], [ -3.4402, 40.5862 ], [ -3.4401, 40.587 ], [ -3.4404, 40.5877 ], [ -3.4404, 40.5887 ], [ -3.4405, 40.589 ], [ -3.4408, 40.5891 ], [ -3.4406, 40.5884 ], [ -3.4406, 40.5875 ], [ -3.4403, 40.587 ], [ -3.4404, 40.5862 ], [ -3.4401, 40.5853 ], [ -3.4401, 40.5841 ], [ -3.4402, 40.5838 ], [ -3.4405, 40.5835 ], [ -3.4406, 40.583 ], [ -3.4403, 40.582 ], [ -3.4393, 40.5815 ], [ -3.4378, 40.5811 ], [ -3.4359, 40.5798 ], [ -3.4359, 40.5797 ], [ -3.4354, 40.5795 ], [ -3.432, 40.5765 ], [ -3.4311, 40.5755 ], [ -3.431, 40.5751 ], [ -3.4306, 40.575 ], [ -3.4273, 40.5727 ], [ -3.4265, 40.5719 ], [ -3.4258, 40.5709 ], [ -3.4251, 40.5704 ], [ -3.4249, 40.5699 ], [ -3.4245, 40.5694 ], [ -3.4241, 40.5683 ], [ -3.4233, 40.5675 ], [ -3.4233, 40.5673 ], [ -3.4232, 40.5673 ], [ -3.4228, 40.5665 ], [ -3.4228, 40.5652 ], [ -3.4226, 40.5647 ], [ -3.4222, 40.5643 ], [ -3.4222, 40.564 ], [ -3.4218, 40.5634 ], [ -3.4213, 40.5632 ], [ -3.421, 40.5629 ], [ -3.4204, 40.5627 ], [ -3.4199, 40.5623 ], [ -3.4196, 40.5622 ], [ -3.4196, 40.5622 ], [ -3.4195, 40.5622 ], [ -3.4193, 40.5622 ], [ -3.4189, 40.5622 ], [ -3.4188, 40.562 ], [ -3.4185, 40.5619 ], [ -3.4171, 40.5618 ], [ -3.4168, 40.5616 ], [ -3.4167, 40.5613 ], [ -3.4167, 40.5618 ], [ -3.4166, 40.5619 ], [ -3.4172, 40.562 ], [ -3.4178, 40.5619 ], [ -3.4181, 40.5621 ], [ -3.4184, 40.562 ], [ -3.4189, 40.5623 ], [ -3.4195, 40.5622 ], [ -3.4199, 40.5625 ], [ -3.4201, 40.5625 ], [ -3.4207, 40.563 ], [ -3.4211, 40.563 ], [ -3.4213, 40.5633 ], [ -3.4217, 40.5635 ], [ -3.4219, 40.5637 ], [ -3.4222, 40.5646 ], [ -3.4225, 40.5649 ], [ -3.4226, 40.5667 ], [ -3.4231, 40.5676 ], [ -3.4239, 40.5684 ], [ -3.4241, 40.5691 ], [ -3.4249, 40.5705 ], [ -3.4256, 40.571 ], [ -3.4263, 40.572 ], [ -3.4271, 40.5728 ], [ -3.4304, 40.5751 ], [ -3.4309, 40.5753 ], [ -3.4308, 40.5756 ], [ -3.4322, 40.577 ], [ -3.4353, 40.5797 ], [ -3.4355, 40.5797 ], [ -3.4377, 40.5812 ] ] ] } },
{ "type": "Feature", "properties": { "municipio": "Daganzo de Arriba", "clasificacion": "no-urbanizable-protegido", "calificacion": "sin-asignar", "version": "vigente", "fuente": "SIT-CAM WFS — UsoDelSuelo:VPLA_V_CLASIFICACION (https://idem.comunidad.madrid/geosrvg/ows)", "fecha_dato": "2026-05-12", "ambito": "27596", "_raw_CD_SIGLAS": "SNUP_A", "_raw_DS_CLASIF_GEN": "Suelo No Urbanizable Protegido (APLAZADO)", "_raw_DS_CLASIF_DET": "Suelo No Urbanizable de Especial Protección de cauces de arroyos", "_raw_DS_DOCU": "NORMAS SUBSIDIARIAS", "_raw_DS_LEY": "CM Ley 4/1984, E RDL 1/1992", "_raw_FC_AC": "1995-06-07", "_raw_NM_AREA_M2": 141530.19465016, "_cam_code": "053" }, "geometry": { "type": "Polygon", "coordinates": [ [ [ -3.4534, 40.5668 ], [ -3.4518, 40.5696 ], [ -3.4517, 40.5713 ], [ -3.4516, 40.5717 ], [ -3.4514, 40.5718 ], [ -3.4514, 40.5728 ], [ -3.4516, 40.5738 ], [ -3.4518, 40.574 ], [ -3.4515, 40.5774 ], [ -3.4511, 40.5778 ], [ -3.4511, 40.5781 ], [ -3.4506, 40.579 ], [ -3.4503, 40.5801 ], [ -3.4504, 40.5814 ], [ -3.4507, 40.5829 ], [ -3.4511, 40.584 ], [ -3.451, 40.5857 ], [ -3.4513, 40.5864 ], [ -3.4514, 40.5865 ], [ -3.4513, 40.5884 ], [ -3.4511, 40.5886 ], [ -3.4512, 40.5898 ], [ -3.4513, 40.5898 ], [ -3.4512, 40.5888 ], [ -3.4514, 40.5885 ], [ -3.4514, 40.5871 ], [ -3.4516, 40.5866 ], [ -3.4513, 40.5863 ], [ -3.4511, 40.5856 ], [ -3.4513, 40.5844 ], [ -3.4511, 40.584 ], [ -3.4511, 40.5835 ], [ -3.451, 40.5835 ], [ -3.4509, 40.5832 ], [ -3.4506, 40.5819 ], [ -3.4505, 40.58 ], [ -3.4507, 40.5792 ], [ -3.4514, 40.5777 ], [ -3.4517, 40.5774 ], [ -3.4518, 40.5769 ], [ -3.4521, 40.5731 ], [ -3.4522, 40.5695 ], [ -3.4538, 40.5666 ], [ -3.4545, 40.567 ], [ -3.4546, 40.5672 ], [ -3.4557, 40.5676 ], [ -3.456, 40.5679 ], [ -3.4566, 40.5682 ], [ -3.4567, 40.5684 ], [ -3.4578, 40.5688 ], [ -3.4587, 40.5697 ], [ -3.459, 40.5704 ], [ -3.459, 40.5709 ], [ -3.4596, 40.5714 ], [ -3.4606, 40.5717 ], [ -3.4609, 40.5722 ], [ -3.4617, 40.5728 ], [ -3.4618, 40.5731 ], [ -3.4623, 40.5733 ], [ -3.4622, 40.5737 ], [ -3.4627, 40.5738 ], [ -3.4629, 40.5742 ], [ -3.4631, 40.5748 ], [ -3.463, 40.5759 ], [ -3.4633, 40.5765 ], [ -3.4634, 40.5765 ], [ -3.4635, 40.577 ], [ -3.4632, 40.5784 ], [ -3.4632, 40.5791 ], [ -3.4634, 40.5793 ], [ -3.4632, 40.5801 ], [ -3.4633, 40.5812 ], [ -3.4631, 40.5814 ], [ -3.463, 40.5819 ], [ -3.4615, 40.5828 ], [ -3.4609, 40.5835 ], [ -3.4609, 40.5838 ], [ -3.4611, 40.5838 ], [ -3.4614, 40.5845 ], [ -3.4617, 40.5847 ], [ -3.4621, 40.5857 ], [ -3.4628, 40.5863 ], [ -3.4628, 40.5864 ], [ -3.4628, 40.5865 ], [ -3.4629, 40.5863 ], [ -3.4622, 40.5854 ], [ -3.462, 40.5853 ], [ -3.4619, 40.5848 ], [ -3.4614, 40.5843 ], [ -3.4612, 40.5839 ], [ -3.4612, 40.5834 ], [ -3.4615, 40.583 ], [ -3.4631, 40.5819 ], [ -3.4634, 40.5812 ], [ -3.4633, 40.5802 ], [ -3.4637, 40.5797 ], [ -3.4635, 40.5788 ], [ -3.4638, 40.5787 ], [ -3.4635, 40.5778 ], [ -3.464, 40.5778 ], [ -3.4641, 40.5777 ], [ -3.4641, 40.577 ], [ -3.4639, 40.5768 ], [ -3.4636, 40.5757 ], [ -3.4633, 40.5752 ], [ -3.4635, 40.5747 ], [ -3.463, 40.5744 ], [ -3.4629, 40.5738 ], [ -3.4626, 40.5736 ], [ -3.4625, 40.5733 ], [ -3.4619, 40.5726 ], [ -3.4612, 40.5722 ], [ -3.4606, 40.5716 ], [ -3.4601, 40.5713 ], [ -3.4594, 40.5712 ], [ -3.4591, 40.5708 ], [ -3.4591, 40.5704 ], [ -3.4588, 40.5697 ], [ -3.4574, 40.5683 ], [ -3.4571, 40.5682 ], [ -3.4569, 40.5679 ], [ -3.4564, 40.5677 ], [ -3.4563, 40.5675 ], [ -3.4559, 40.5673 ], [ -3.4544, 40.5667 ], [ -3.454, 40.5663 ], [ -3.4549, 40.5648 ], [ -3.4551, 40.5642 ], [ -3.4552, 40.5632 ], [ -3.4555, 40.5626 ], [ -3.4555, 40.5623 ], [ -3.4564, 40.5598 ], [ -3.4565, 40.5578 ], [ -3.4564, 40.5578 ], [ -3.4562, 40.5571 ], [ -3.4561, 40.5571 ], [ -3.456, 40.5564 ], [ -3.4561, 40.5544 ], [ -3.4563, 40.554 ], [ -3.4563, 40.5531 ], [ -3.4562, 40.5529 ], [ -3.456, 40.5529 ], [ -3.4561, 40.5539 ], [ -3.456, 40.5539 ], [ -3.4559, 40.5545 ], [ -3.4558, 40.5545 ], [ -3.4558, 40.5568 ], [ -3.4559, 40.5568 ], [ -3.4559, 40.5572 ], [ -3.4562, 40.5577 ], [ -3.4562, 40.5596 ], [ -3.4548, 40.5637 ], [ -3.455, 40.564 ], [ -3.4548, 40.5647 ], [ -3.454, 40.5661 ], [ -3.4534, 40.5668 ] ] ] } },
{ "type": "Feature", "properties": { "municipio": "Daganzo de Arriba", "clasificacion": "no-urbanizable-protegido", "calificacion": "sin-asignar", "version": "vigente", "fuente": "SIT-CAM WFS — UsoDelSuelo:VPLA_V_CLASIFICACION (https://idem.comunidad.madrid/geosrvg/ows)", "fecha_dato": "2026-05-12", "ambito": "27596", "_raw_CD_SIGLAS": "SNUP_A", "_raw_DS_CLASIF_GEN": "Suelo No Urbanizable Protegido (APLAZADO)", "_raw_DS_CLASIF_DET": "Suelo No Urbanizable de Especial Protección de cauces de arroyos", "_raw_DS_DOCU": "NORMAS SUBSIDIARIAS", "_raw_DS_LEY": "CM Ley 4/1984, E RDL 1/1992", "_raw_FC_AC": "1995-06-07", "_raw_NM_AREA_M2": 17079.067825057798, "_cam_code": "053" }, "geometry": { "type": "Polygon", "coordinates": [ [ [ -3.4512, 40.59 ], [ -3.4515, 40.5914 ], [ -3.4512, 40.5924 ], [ -3.4512, 40.5928 ], [ -3.4514, 40.5929 ], [ -3.4516, 40.5933 ], [ -3.4517, 40.5939 ], [ -3.4519, 40.5942 ], [ -3.4519, 40.5951 ], [ -3.4521, 40.5955 ], [ -3.4521, 40.596 ], [ -3.4522, 40.596 ], [ -3.4522, 40.5963 ], [ -3.4524, 40.5966 ], [ -3.4527, 40.5979 ], [ -3.453, 40.5984 ], [ -3.4527, 40.6003 ], [ -3.4525, 40.6005 ], [ -3.4523, 40.6014 ], [ -3.4522, 40.6014 ], [ -3.4521, 40.6021 ], [ -3.4518, 40.6025 ], [ -3.4519, 40.6033 ], [ -3.4521, 40.6033 ], [ -3.452, 40.6029 ], [ -3.4519, 40.6029 ], [ -3.4519, 40.6026 ], [ -3.452, 40.6026 ], [ -3.4523, 40.6014 ], [ -3.4526, 40.601 ], [ -3.4531, 40.5985 ], [ -3.4527, 40.5976 ], [ -3.4527, 40.597 ], [ -3.4528, 40.5969 ], [ -3.4525, 40.5965 ], [ -3.452, 40.595 ], [ -3.452, 40.594 ], [ -3.4518, 40.5939 ], [ -3.4517, 40.5932 ], [ -3.4513, 40.5927 ], [ -3.4513, 40.5924 ], [ -3.4515, 40.5922 ], [ -3.4516, 40.5918 ], [ -3.4516, 40.591 ], [ -3.4514, 40.5902 ], [ -3.4512, 40.59 ] ] ] } },
{ "type": "Feature", "properties": { "municipio": "Daganzo de Arriba", "clasificacion": "no-urbanizable-protegido", "calificacion": "sin-asignar", "version": "vigente", "fuente": "SIT-CAM WFS — UsoDelSuelo:VPLA_V_CLASIFICACION (https://idem.comunidad.madrid/geosrvg/ows)", "fecha_dato": "2026-05-12", "ambito": "27596", "_raw_CD_SIGLAS": "SNUP_A", "_raw_DS_CLASIF_GEN": "Suelo No Urbanizable Protegido (APLAZADO)", "_raw_DS_CLASIF_DET": "Suelo No Urbanizable de Especial Protección de cauces fluviales (Río Torote)", "_raw_DS_DOCU": "NORMAS SUBSIDIARIAS", "_raw_DS_LEY": "CM Ley 4/1984, E RDL 1/1992", "_raw_FC_AC": "1995-06-07", "_raw_NM_AREA_M2": 75275.208101659897, "_cam_code": "053" }, "geometry": { "type": "Polygon", "coordinates": [ [ [ -3.4194, 40.5514 ], [ -3.419, 40.5515 ], [ -3.4187, 40.5518 ], [ -3.4179, 40.552 ], [ -3.4178, 40.5522 ], [ -3.4176, 40.5522 ], [ -3.4172, 40.5525 ], [ -3.417, 40.5528 ], [ -3.4169, 40.5536 ], [ -3.4175, 40.5544 ], [ -3.4178, 40.5536 ], [ -3.4176, 40.5533 ], [ -3.4176, 40.553 ], [ -3.4187, 40.5524 ], [ -3.4197, 40.5521 ], [ -3.4201, 40.5521 ], [ -3.4205, 40.5518 ], [ -3.4205, 40.5516 ], [ -3.4207, 40.5515 ], [ -3.4206, 40.5514 ], [ -3.4208, 40.5515 ], [ -3.4208, 40.5513 ], [ -3.4203, 40.5511 ], [ -3.4202, 40.5507 ], [ -3.4195, 40.5504 ], [ -3.4188, 40.5497 ], [ -3.4184, 40.5491 ], [ -3.4184, 40.549 ], [ -3.4184, 40.5489 ], [ -3.4184, 40.549 ], [ -3.4185, 40.5489 ], [ -3.4183, 40.5487 ], [ -3.4183, 40.5482 ], [ -3.4185, 40.5478 ], [ -3.4189, 40.5477 ], [ -3.419, 40.5472 ], [ -3.4192, 40.547 ], [ -3.4189, 40.5468 ], [ -3.4191, 40.5445 ], [ -3.4192, 40.5444 ], [ -3.4187, 40.5446 ], [ -3.4187, 40.5449 ], [ -3.4183, 40.5457 ], [ -3.4183, 40.5465 ], [ -3.4181, 40.5468 ], [ -3.418, 40.5479 ], [ -3.4178, 40.5485 ], [ -3.4177, 40.5485 ], [ -3.4176, 40.5491 ], [ -3.4186, 40.5502 ], [ -3.4196, 40.5508 ], [ -3.4196, 40.5512 ], [ -3.4194, 40.5514 ] ] ] } },
{ "type": "Feature", "properties": { "municipio": "Daganzo de Arriba", "clasificacion": "no-urbanizable-protegido", "calificacion": "sin-asignar", "version": "vigente", "fuente": "SIT-CAM WFS — UsoDelSuelo:VPLA_V_CLASIFICACION (https://idem.comunidad.madrid/geosrvg/ows)", "fecha_dato": "2026-05-12", "ambito": "27596", "_raw_CD_SIGLAS": "SNUP_A", "_raw_DS_CLASIF_GEN": "Suelo No Urbanizable Protegido (APLAZADO)", "_raw_DS_CLASIF_DET": "Suelo No Urbanizable de Especial Protección de cauces fluviales (Río Torote)", "_raw_DS_DOCU": "NORMAS SUBSIDIARIAS", "_raw_DS_LEY": "CM Ley 4/1984, E RDL 1/1992", "_raw_FC_AC": "1995-06-07", "_raw_NM_AREA_M2": 309188.44419544999, "_cam_code": "053" }, "geometry": { "type": "Polygon", "coordinates": [ [ [ -3.414, 40.5785 ], [ -3.4142, 40.5788 ], [ -3.4153, 40.58 ], [ -3.4154, 40.5801 ], [ -3.4148, 40.5792 ], [ -3.4148, 40.5789 ], [ -3.4149, 40.5787 ], [ -3.4156, 40.5786 ], [ -3.4153, 40.5771 ], [ -3.4153, 40.5766 ], [ -3.4154, 40.5766 ], [ -3.4154, 40.5735 ], [ -3.4152, 40.573 ], [ -3.4153, 40.5726 ], [ -3.4152, 40.5716 ], [ -3.4154, 40.5709 ], [ -3.4153, 40.5704 ], [ -3.4154, 40.5699 ], [ -3.4156, 40.5696 ], [ -3.4156, 40.5693 ], [ -3.4159, 40.569 ], [ -3.4158, 40.5679 ], [ -3.4156, 40.5677 ], [ -3.4155, 40.567 ], [ -3.4156, 40.5668 ], [ -3.416, 40.5667 ], [ -3.4173, 40.566 ], [ -3.4173, 40.5659 ], [ -3.4188, 40.5654 ], [ -3.4192, 40.5649 ], [ -3.4189, 40.5642 ], [ -3.4182, 40.5638 ], [ -3.4178, 40.5634 ], [ -3.4172, 40.5631 ], [ -3.4162, 40.563 ], [ -3.4161, 40.5629 ], [ -3.416, 40.5623 ], [ -3.4163, 40.5622 ], [ -3.4167, 40.5618 ], [ -3.4167, 40.5613 ], [ -3.4164, 40.561 ], [ -3.4163, 40.5606 ], [ -3.4156, 40.5595 ], [ -3.4153, 40.5593 ], [ -3.4148, 40.5585 ], [ -3.4147, 40.5585 ], [ -3.4147, 40.5578 ], [ -3.415, 40.5575 ], [ -3.415, 40.5573 ], [ -3.4154, 40.557 ], [ -3.4156, 40.557 ], [ -3.4156, 40.5569 ], [ -3.4164, 40.5569 ], [ -3.4164, 40.557 ], [ -3.4169, 40.5572 ], [ -3.4178, 40.5572 ], [ -3.4181, 40.5574 ], [ -3.4184, 40.5574 ], [ -3.4185, 40.5576 ], [ -3.4184, 40.5579 ], [ -3.4188, 40.5579 ], [ -3.4188, 40.558 ], [ -3.4192, 40.5579 ], [ -3.4192, 40.5578 ], [ -3.4195, 40.5579 ], [ -3.4194, 40.5574 ], [ -3.4199, 40.5566 ], [ -3.4196, 40.5554 ], [ -3.4192, 40.5547 ], [ -3.4187, 40.5542 ], [ -3.4179, 40.5537 ], [ -3.4177, 40.554 ], [ -3.4176, 40.5545 ], [ -3.4178, 40.5546 ], [ -3.4183, 40.5553 ], [ -3.4192, 40.556 ], [ -3.4192, 40.5567 ], [ -3.419, 40.5569 ], [ -3.4184, 40.557 ], [ -3.4176, 40.5568 ], [ -3.417, 40.5564 ], [ -3.4164, 40.5563 ], [ -3.4164, 40.5562 ], [ -3.4159, 40.5562 ], [ -3.4159, 40.5561 ], [ -3.4145, 40.5561 ], [ -3.414, 40.5565 ], [ -3.4138, 40.5565 ], [ -3.4136, 40.5568 ], [ -3.4134, 40.5568 ], [ -3.4134, 40.557 ], [ -3.4136, 40.5571 ], [ -3.4135, 40.5572 ], [ -3.4135, 40.5579 ], [ -3.4136, 40.5579 ], [ -3.4133, 40.558 ], [ -3.4133, 40.5582 ], [ -3.4138, 40.5584 ], [ -3.4139, 40.5587 ], [ -3.4137, 40.5587 ], [ -3.4138, 40.559 ], [ -3.4144, 40.5593 ], [ -3.4146, 40.5592 ], [ -3.415, 40.5599 ], [ -3.415, 40.5603 ], [ -3.4153, 40.5607 ], [ -3.4153, 40.5609 ], [ -3.4156, 40.561 ], [ -3.4155, 40.5618 ], [ -3.415, 40.562 ], [ -3.4149, 40.5622 ], [ -3.4147, 40.5622 ], [ -3.4145, 40.5624 ], [ -3.4146, 40.5625 ], [ -3.4145, 40.5624 ], [ -3.4143, 40.5625 ], [ -3.4147, 40.5626 ], [ -3.4146, 40.563 ], [ -3.4149, 40.5633 ], [ -3.4154, 40.5635 ], [ -3.4158, 40.5635 ], [ -3.4164, 40.564 ], [ -3.4169, 40.5642 ], [ -3.4172, 40.5647 ], [ -3.4174, 40.5648 ], [ -3.4172, 40.565 ], [ -3.4158, 40.5654 ], [ -3.4155, 40.5658 ], [ -3.4152, 40.5659 ], [ -3.4147, 40.5664 ], [ -3.4149, 40.5673 ], [ -3.4146, 40.5675 ], [ -3.4143, 40.5684 ], [ -3.4143, 40.5691 ], [ -3.4145, 40.5694 ], [ -3.4144, 40.5698 ], [ -3.4146, 40.57 ], [ -3.4147, 40.5714 ], [ -3.4142, 40.572 ], [ -3.4142, 40.5725 ], [ -3.4145, 40.5736 ], [ -3.4148, 40.574 ], [ -3.4151, 40.5755 ], [ -3.4149, 40.577 ], [ -3.4145, 40.5776 ], [ -3.4142, 40.5785 ], [ -3.414, 40.5785 ] ] ] } },
{ "type": "Feature", "properties": { "municipio": "Daganzo de Arriba", "clasificacion": "no-urbanizable-protegido", "calificacion": "sin-asignar", "version": "vigente", "fuente": "SIT-CAM WFS — UsoDelSuelo:VPLA_V_CLASIFICACION (https://idem.comunidad.madrid/geosrvg/ows)", "fecha_dato": "2026-05-12", "ambito": "27596", "_raw_CD_SIGLAS": "SNUP_A", "_raw_DS_CLASIF_GEN": "Suelo No Urbanizable Protegido (APLAZADO)", "_raw_DS_CLASIF_DET": "Suelo No Urbanizable de Especial Protección de vías pecuarias", "_raw_DS_DOCU": "NORMAS SUBSIDIARIAS", "_raw_DS_LEY": "CM Ley 4/1984, E RDL 1/1992", "_raw_FC_AC": "1995-06-07", "_raw_NM_AREA_M2": 40327.948215058103, "_cam_code": "053" }, "geometry": { "type": "Polygon", "coordinates": [ [ [ -3.4513, 40.5898 ], [ -3.4513, 40.59 ], [ -3.4541, 40.5899 ], [ -3.4592, 40.5896 ], [ -3.4604, 40.5894 ], [ -3.4608, 40.5892 ], [ -3.4615, 40.5891 ], [ -3.4619, 40.5888 ], [ -3.4627, 40.5878 ], [ -3.4631, 40.5864 ], [ -3.464, 40.5859 ], [ -3.4644, 40.5859 ], [ -3.4654, 40.5856 ], [ -3.4673, 40.5856 ], [ -3.4699, 40.5858 ], [ -3.4707, 40.5858 ], [ -3.4707, 40.5857 ], [ -3.4674, 40.5854 ], [ -3.4648, 40.5855 ], [ -3.4637, 40.5858 ], [ -3.4629, 40.5862 ], [ -3.4625, 40.5878 ], [ -3.4619, 40.5885 ], [ -3.461, 40.589 ], [ -3.4593, 40.5894 ], [ -3.4513, 40.5898 ] ] ] } },
{ "type": "Feature", "properties": { "municipio": "Daganzo de Arriba", "clasificacion": "no-urbanizable-protegido", "calificacion": "sin-asignar", "version": "vigente", "fuente": "SIT-CAM WFS — UsoDelSuelo:VPLA_V_CLASIFICACION (https://idem.comunidad.madrid/geosrvg/ows)", "fecha_dato": "2026-05-12", "ambito": "27596", "_raw_CD_SIGLAS": "SNUP_A", "_raw_DS_CLASIF_GEN": "Suelo No Urbanizable Protegido (APLAZADO)", "_raw_DS_CLASIF_DET": "Suelo No Urbanizable de Especial Protección de vías pecuarias", "_raw_DS_DOCU": "NORMAS SUBSIDIARIAS", "_raw_DS_LEY": "CM Ley 4/1984, E RDL 1/1992", "_raw_FC_AC": "1995-06-07", "_raw_NM_AREA_M2": 408765.70438399701, "_cam_code": "053" }, "geometry": { "type": "Polygon", "coordinates": [ [ [ -3.4404, 40.5937 ], [ -3.4409, 40.5939 ], [ -3.4412, 40.5934 ], [ -3.4417, 40.593 ], [ -3.4418, 40.5927 ], [ -3.4421, 40.5925 ], [ -3.4423, 40.5921 ], [ -3.4427, 40.5918 ], [ -3.4436, 40.5906 ], [ -3.4449, 40.591 ], [ -3.4493, 40.5902 ], [ -3.4512, 40.59 ], [ -3.4512, 40.5898 ], [ -3.451, 40.5898 ], [ -3.4449, 40.5909 ], [ -3.4435, 40.5904 ], [ -3.4471, 40.5859 ], [ -3.4468, 40.5835 ], [ -3.4469, 40.5831 ], [ -3.4467, 40.5824 ], [ -3.4463, 40.579 ], [ -3.4459, 40.5776 ], [ -3.4441, 40.5728 ], [ -3.4441, 40.5726 ], [ -3.4468, 40.5706 ], [ -3.4455, 40.5682 ], [ -3.447, 40.5636 ], [ -3.447, 40.5632 ], [ -3.445, 40.5554 ], [ -3.4445, 40.5543 ], [ -3.4416, 40.5528 ], [ -3.4413, 40.5525 ], [ -3.4417, 40.5511 ], [ -3.442, 40.5493 ], [ -3.4425, 40.5478 ], [ -3.4437, 40.545 ], [ -3.4448, 40.5418 ], [ -3.4454, 40.5404 ], [ -3.4456, 40.5403 ], [ -3.4465, 40.5356 ], [ -3.4476, 40.5337 ], [ -3.4485, 40.5327 ], [ -3.4494, 40.5322 ], [ -3.4504, 40.5312 ], [ -3.4507, 40.5304 ], [ -3.4505, 40.5294 ], [ -3.4499, 40.5286 ], [ -3.4499, 40.5278 ], [ -3.4524, 40.5226 ], [ -3.452, 40.521 ], [ -3.4512, 40.5192 ], [ -3.4532, 40.5158 ], [ -3.4536, 40.5121 ], [ -3.4532, 40.5123 ], [ -3.4528, 40.5157 ], [ -3.4508, 40.5191 ], [ -3.4519, 40.5224 ], [ -3.4496, 40.5275 ], [ -3.4497, 40.5276 ], [ -3.4497, 40.5288 ], [ -3.4502, 40.5295 ], [ -3.4504, 40.5305 ], [ -3.4502, 40.531 ], [ -3.4492, 40.5321 ], [ -3.448, 40.5326 ], [ -3.4468, 40.5341 ], [ -3.446, 40.5364 ], [ -3.4455, 40.5395 ], [ -3.4452, 40.5397 ], [ -3.4441, 40.5429 ], [ -3.4427, 40.5462 ], [ -3.4424, 40.5461 ], [ -3.4422, 40.5464 ], [ -3.4426, 40.5465 ], [ -3.4421, 40.5479 ], [ -3.4409, 40.5476 ], [ -3.4388, 40.5473 ], [ -3.4374, 40.5469 ], [ -3.4251, 40.5454 ], [ -3.4247, 40.5455 ], [ -3.421, 40.5446 ], [ -3.4192, 40.5443 ], [ -3.4221, 40.5451 ], [ -3.4237, 40.5453 ], [ -3.4247, 40.5456 ], [ -3.4376, 40.5471 ], [ -3.4396, 40.5476 ], [ -3.4421, 40.548 ], [ -3.4417, 40.549 ], [ -3.4413, 40.5506 ], [ -3.4387, 40.551 ], [ -3.4375, 40.5513 ], [ -3.436, 40.5518 ], [ -3.4341, 40.553 ], [ -3.4331, 40.5533 ], [ -3.4314, 40.5533 ], [ -3.4274, 40.553 ], [ -3.4203, 40.5526 ], [ -3.42, 40.5526 ], [ -3.4198, 40.5526 ], [ -3.4193, 40.5528 ], [ -3.4181, 40.5534 ], [ -3.418, 40.5535 ], [ -3.4179, 40.5535 ], [ -3.4175, 40.5545 ], [ -3.4157, 40.5548 ], [ -3.4147, 40.5543 ], [ -3.4137, 40.5531 ], [ -3.4091, 40.5497 ], [ -3.4086, 40.5495 ], [ -3.4136, 40.5532 ], [ -3.4147, 40.5545 ], [ -3.4155, 40.5548 ], [ -3.4143, 40.5554 ], [ -3.4122, 40.5562 ], [ -3.4093, 40.5563 ], [ -3.4081, 40.5565 ], [ -3.4076, 40.5567 ], [ -3.4066, 40.5569 ], [ -3.4052, 40.5571 ], [ -3.4048, 40.5572 ], [ -3.4039, 40.5572 ], [ -3.4021, 40.5571 ], [ -3.4007, 40.5571 ], [ -3.401, 40.5572 ], [ -3.4017, 40.5572 ], [ -3.4031, 40.5572 ], [ -3.4045, 40.5572 ], [ -3.4049, 40.5572 ], [ -3.4051, 40.5572 ], [ -3.4053, 40.5571 ], [ -3.4068, 40.5569 ], [ -3.4089, 40.5564 ], [ -3.4121, 40.5563 ], [ -3.4143, 40.5555 ], [ -3.4154, 40.5549 ], [ -3.4172, 40.5547 ], [ -3.4176, 40.5545 ], [ -3.4177, 40.554 ], [ -3.4181, 40.5534 ], [ -3.4187, 40.5532 ], [ -3.4198, 40.5527 ], [ -3.4199, 40.5526 ], [ -3.42, 40.5526 ], [ -3.4202, 40.5527 ], [ -3.4235, 40.5528 ], [ -3.4314, 40.5534 ], [ -3.4328, 40.5534 ], [ -3.4336, 40.5533 ], [ -3.4361, 40.5519 ], [ -3.4375, 40.5514 ], [ -3.4389, 40.551 ], [ -3.4413, 40.5508 ], [ -3.441, 40.5527 ], [ -3.4442, 40.5545 ], [ -3.4443, 40.5547 ], [ -3.4458, 40.5599 ], [ -3.4466, 40.5633 ], [ -3.4466, 40.5636 ], [ -3.4451, 40.5682 ], [ -3.4463, 40.5705 ], [ -3.4437, 40.5724 ], [ -3.4437, 40.5726 ], [ -3.4459, 40.579 ], [ -3.4462, 40.5808 ], [ -3.4465, 40.5846 ], [ -3.4467, 40.5857 ], [ -3.4447, 40.5884 ], [ -3.4404, 40.5937 ] ] ] } },
{ "type": "Feature", "properties": { "municipio": "Daganzo de Arriba", "clasificacion": "no-urbanizable-protegido", "calificacion": "sin-asignar", "version": "vigente", "fuente": "SIT-CAM WFS — UsoDelSuelo:VPLA_V_CLASIFICACION (https://idem.comunidad.madrid/geosrvg/ows)", "fecha_dato": "2026-05-12", "ambito": "27596", "_raw_CD_SIGLAS": "SNUP_A", "_raw_DS_CLASIF_GEN": "Suelo No Urbanizable Protegido (APLAZADO)", "_raw_DS_CLASIF_DET": "Suelo No Urbanizable de Especial Protección por su interés paisajístico", "_raw_DS_DOCU": "NORMAS SUBSIDIARIAS", "_raw_DS_LEY": "CM Ley 4/1984, E RDL 1/1992", "_raw_FC_AC": "1995-06-07", "_raw_NM_AREA_M2": 13397.469724898499, "_cam_code": "053" }, "geometry": { "type": "Polygon", "coordinates": [ [ [ -3.4511, 40.584 ], [ -3.4509, 40.5838 ], [ -3.451, 40.5898 ], [ -3.4512, 40.5898 ], [ -3.4511, 40.5886 ], [ -3.4513, 40.5884 ], [ -3.4514, 40.5865 ], [ -3.451, 40.5857 ], [ -3.4511, 40.5851 ], [ -3.4511, 40.584 ] ] ] } },
{ "type": "Feature", "properties": { "municipio": "Daganzo de Arriba", "clasificacion": "no-urbanizable-protegido", "calificacion": "sin-asignar", "version": "vigente", "fuente": "SIT-CAM WFS — UsoDelSuelo:VPLA_V_CLASIFICACION (https://idem.comunidad.madrid/geosrvg/ows)", "fecha_dato": "2026-05-12", "ambito": "27596", "_raw_CD_SIGLAS": "SNUP_A", "_raw_DS_CLASIF_GEN": "Suelo No Urbanizable Protegido (APLAZADO)", "_raw_DS_CLASIF_DET": "Suelo No Urbanizable de Especial Protección por su valor agrícola-secano", "_raw_DS_DOCU": "NORMAS SUBSIDIARIAS", "_raw_DS_LEY": "CM Ley 4/1984, E RDL 1/1992", "_raw_FC_AC": "1995-06-07", "_raw_NM_AREA_M2": 421794.26890620001, "_cam_code": "053" }, "geometry": { "type": "Polygon", "coordinates": [ [ [ -3.4121, 40.552 ], [ -3.4137, 40.5531 ], [ -3.4144, 40.554 ], [ -3.4152, 40.5546 ], [ -3.4158, 40.5548 ], [ -3.4175, 40.5545 ], [ -3.4169, 40.5536 ], [ -3.417, 40.5528 ], [ -3.4172, 40.5525 ], [ -3.4176, 40.5522 ], [ -3.4178, 40.5522 ], [ -3.4179, 40.552 ], [ -3.4187, 40.5518 ], [ -3.419, 40.5515 ], [ -3.4195, 40.5514 ], [ -3.4196, 40.5512 ], [ -3.4196, 40.5508 ], [ -3.4186, 40.5502 ], [ -3.4176, 40.5491 ], [ -3.4177, 40.5485 ], [ -3.4178, 40.5485 ], [ -3.418, 40.5479 ], [ -3.4181, 40.5468 ], [ -3.4183, 40.5465 ], [ -3.4183, 40.5457 ], [ -3.4187, 40.5449 ], [ -3.4187, 40.5446 ], [ -3.418, 40.545 ], [ -3.4158, 40.5454 ], [ -3.4152, 40.5466 ], [ -3.4146, 40.5488 ], [ -3.4131, 40.5486 ], [ -3.4127, 40.5495 ], [ -3.4099, 40.5487 ], [ -3.4087, 40.5495 ], [ -3.4105, 40.5507 ], [ -3.4113, 40.5514 ], [ -3.4115, 40.5513 ], [ -3.4121, 40.5503 ], [ -3.4127, 40.5496 ], [ -3.4131, 40.5497 ], [ -3.413, 40.5502 ], [ -3.4123, 40.5512 ], [ -3.4121, 40.552 ] ] ] } },
{ "type": "Feature", "properties": { "municipio": "Daganzo de Arriba", "clasificacion": "no-urbanizable-protegido", "calificacion": "sin-asignar", "version": "vigente", "fuente": "SIT-CAM WFS — UsoDelSuelo:VPLA_V_CLASIFICACION (https://idem.comunidad.madrid/geosrvg/ows)", "fecha_dato": "2026-05-12", "ambito": "27596", "_raw_CD_SIGLAS": "SNUP_A", "_raw_DS_CLASIF_GEN": "Suelo No Urbanizable Protegido (APLAZADO)", "_raw_DS_CLASIF_DET": "Suelo No Urbanizable de Especial Protección por su valor agrícola-secano", "_raw_DS_DOCU": "NORMAS SUBSIDIARIAS", "_raw_DS_LEY": "CM Ley 4/1984, E RDL 1/1992", "_raw_FC_AC": "1995-06-07", "_raw_NM_AREA_M2": 135147.32777496101, "_cam_code": "053" }, "geometry": { "type": "Polygon", "coordinates": [ [ [ -3.4086, 40.5559 ], [ -3.4081, 40.5565 ], [ -3.4093, 40.5563 ], [ -3.4122, 40.5562 ], [ -3.4143, 40.5554 ], [ -3.4155, 40.5548 ], [ -3.4147, 40.5545 ], [ -3.4136, 40.5532 ], [ -3.412, 40.5521 ], [ -3.4118, 40.5527 ], [ -3.4107, 40.5537 ], [ -3.4104, 40.5543 ], [ -3.4093, 40.5554 ], [ -3.4086, 40.5559 ] ] ] } },
{ "type": "Feature", "properties": { "municipio": "Daganzo de Arriba", "clasificacion": "no-urbanizable-protegido", "calificacion": "sin-asignar", "version": "vigente", "fuente": "SIT-CAM WFS — UsoDelSuelo:VPLA_V_CLASIFICACION (https://idem.comunidad.madrid/geosrvg/ows)", "fecha_dato": "2026-05-12", "ambito": "27596", "_raw_CD_SIGLAS": "SNUP_A", "_raw_DS_CLASIF_GEN": "Suelo No Urbanizable Protegido (APLAZADO)", "_raw_DS_CLASIF_DET": "Suelo No Urbanizable de Especial Protección por su valor agrícola-secano", "_raw_DS_DOCU": "NORMAS SUBSIDIARIAS", "_raw_DS_LEY": "CM Ley 4/1984, E RDL 1/1992", "_raw_FC_AC": "1995-06-07", "_raw_NM_AREA_M2": 648808.05506285594, "_cam_code": "053" }, "geometry": { "type": "Polygon", "coordinates": [ [ [ -3.4058, 40.564 ], [ -3.4063, 40.5641 ], [ -3.4121, 40.5642 ], [ -3.4122, 40.5613 ], [ -3.4155, 40.5615 ], [ -3.4156, 40.5614 ], [ -3.4156, 40.561 ], [ -3.4153, 40.5609 ], [ -3.4153, 40.5607 ], [ -3.415, 40.5603 ], [ -3.415, 40.5599 ], [ -3.4146, 40.5592 ], [ -3.4144, 40.5593 ], [ -3.4138, 40.559 ], [ -3.4137, 40.5589 ], [ -3.4137, 40.5587 ], [ -3.4139, 40.5587 ], [ -3.4138, 40.5584 ], [ -3.4133, 40.5582 ], [ -3.4133, 40.558 ], [ -3.4136, 40.5579 ], [ -3.4135, 40.5579 ], [ -3.4135, 40.5572 ], [ -3.4136, 40.5571 ], [ -3.4134, 40.557 ], [ -3.4134, 40.5568 ], [ -3.4136, 40.5568 ], [ -3.4138, 40.5565 ], [ -3.414, 40.5565 ], [ -3.4145, 40.5561 ], [ -3.4159, 40.5561 ], [ -3.4159, 40.5562 ], [ -3.4164, 40.5562 ], [ -3.4164, 40.5563 ], [ -3.417, 40.5564 ], [ -3.4176, 40.5568 ], [ -3.4187, 40.557 ], [ -3.4192, 40.5567 ], [ -3.4192, 40.556 ], [ -3.4181, 40.5551 ], [ -3.4178, 40.5546 ], [ -3.4175, 40.5545 ], [ -3.4172, 40.5547 ], [ -3.4154, 40.5549 ], [ -3.4143, 40.5555 ], [ -3.4121, 40.5563 ], [ -3.4089, 40.5564 ], [ -3.4074, 40.5568 ], [ -3.407, 40.5579 ], [ -3.4065, 40.5581 ], [ -3.4051, 40.5595 ], [ -3.4046, 40.5606 ], [ -3.4048, 40.5607 ], [ -3.4045, 40.5608 ], [ -3.4046, 40.5618 ], [ -3.4056, 40.5633 ], [ -3.4058, 40.564 ] ] ] } },
{ "type": "Feature", "properties": { "municipio": "Daganzo de Arriba", "clasificacion": "no-urbanizable-protegido", "calificacion": "sin-asignar", "version": "vigente", "fuente": "SIT-CAM WFS — UsoDelSuelo:VPLA_V_CLASIFICACION (https://idem.comunidad.madrid/geosrvg/ows)", "fecha_dato": "2026-05-12", "ambito": "27596", "_raw_CD_SIGLAS": "SNUP_A", "_raw_DS_CLASIF_GEN": "Suelo No Urbanizable Protegido (APLAZADO)", "_raw_DS_CLASIF_DET": "Suelo No Urbanizable de Especial Protección por su valor agrícola-secano", "_raw_DS_DOCU": "NORMAS SUBSIDIARIAS", "_raw_DS_LEY": "CM Ley 4/1984, E RDL 1/1992", "_raw_FC_AC": "1995-06-07", "_raw_NM_AREA_M2": 2864453.2132124002, "_cam_code": "053" }, "geometry": { "type": "Polygon", "coordinates": [ [ [ -3.4196, 40.5622 ], [ -3.4204, 40.5627 ], [ -3.4212, 40.563 ], [ -3.4213, 40.5632 ], [ -3.4219, 40.5635 ], [ -3.4222, 40.564 ], [ -3.4222, 40.5643 ], [ -3.4226, 40.5647 ], [ -3.4228, 40.5652 ], [ -3.4228, 40.5665 ], [ -3.4232, 40.5673 ], [ -3.4233, 40.5673 ], [ -3.4233, 40.5675 ], [ -3.4241, 40.5683 ], [ -3.4245, 40.5694 ], [ -3.4249, 40.5699 ], [ -3.4251, 40.5704 ], [ -3.4258, 40.5709 ], [ -3.4265, 40.5719 ], [ -3.4272, 40.5726 ], [ -3.4291, 40.571 ], [ -3.4355, 40.5651 ], [ -3.4357, 40.5648 ], [ -3.44, 40.5559 ], [ -3.4413, 40.5535 ], [ -3.4415, 40.553 ], [ -3.441, 40.5527 ], [ -3.4413, 40.5508 ], [ -3.4389, 40.551 ], [ -3.4375, 40.5514 ], [ -3.4361, 40.5519 ], [ -3.4336, 40.5533 ], [ -3.4328, 40.5534 ], [ -3.4314, 40.5534 ], [ -3.4235, 40.5528 ], [ -3.4202, 40.5527 ], [ -3.42, 40.5526 ], [ -3.4181, 40.5534 ], [ -3.4179, 40.5537 ], [ -3.4187, 40.5542 ], [ -3.4193, 40.5548 ], [ -3.4197, 40.5557 ], [ -3.4199, 40.5566 ], [ -3.4194, 40.5574 ], [ -3.4195, 40.5579 ], [ -3.4192, 40.5578 ], [ -3.4192, 40.5579 ], [ -3.4189, 40.558 ], [ -3.4184, 40.5579 ], [ -3.4185, 40.5577 ], [ -3.4184, 40.5574 ], [ -3.4181, 40.5574 ], [ -3.4178, 40.5572 ], [ -3.4169, 40.5572 ], [ -3.4164, 40.557 ], [ -3.4164, 40.5569 ], [ -3.4156, 40.5569 ], [ -3.4156, 40.557 ], [ -3.4154, 40.557 ], [ -3.415, 40.5573 ], [ -3.415, 40.5575 ], [ -3.4147, 40.5578 ], [ -3.4147, 40.5585 ], [ -3.4148, 40.5585 ], [ -3.4153, 40.5593 ], [ -3.4156, 40.5595 ], [ -3.4169, 40.5617 ], [ -3.4185, 40.5619 ], [ -3.4188, 40.562 ], [ -3.4189, 40.5622 ], [ -3.4196, 40.5622 ] ] ] } },
{ "type": "Feature", "properties": { "municipio": "Daganzo de Arriba", "clasificacion": "no-urbanizable-protegido", "calificacion": "sin-asignar", "version": "vigente", "fuente": "SIT-CAM WFS — UsoDelSuelo:VPLA_V_CLASIFICACION (https://idem.comunidad.madrid/geosrvg/ows)", "fecha_dato": "2026-05-12", "ambito": "27596", "_raw_CD_SIGLAS": "SNUP_A", "_raw_DS_CLASIF_GEN": "Suelo No Urbanizable Protegido (APLAZADO)", "_raw_DS_CLASIF_DET": "Suelo No Urbanizable de Especial Protección por su interés paisajístico", "_raw_DS_DOCU": "NORMAS SUBSIDIARIAS", "_raw_DS_LEY": "CM Ley 4/1984, E RDL 1/1992", "_raw_FC_AC": "1995-06-07", "_raw_NM_AREA_M2": 2056130.4131878901, "_cam_code": "053" }, "geometry": { "type": "Polygon", "coordinates": [ [ [ -3.4523, 40.5692 ], [ -3.4521, 40.5709 ], [ -3.4521, 40.5731 ], [ -3.4518, 40.5769 ], [ -3.4511, 40.5836 ], [ -3.4511, 40.584 ], [ -3.4513, 40.5844 ], [ -3.4511, 40.5856 ], [ -3.4513, 40.5863 ], [ -3.4516, 40.5866 ], [ -3.4514, 40.5871 ], [ -3.4514, 40.5885 ], [ -3.4512, 40.5888 ], [ -3.4513, 40.5898 ], [ -3.4593, 40.5894 ], [ -3.461, 40.589 ], [ -3.4619, 40.5885 ], [ -3.4625, 40.5878 ], [ -3.4628, 40.5869 ], [ -3.4628, 40.5863 ], [ -3.4621, 40.5857 ], [ -3.4617, 40.5847 ], [ -3.4614, 40.5845 ], [ -3.4611, 40.5838 ], [ -3.4609, 40.5838 ], [ -3.4609, 40.5835 ], [ -3.4615, 40.5828 ], [ -3.463, 40.5819 ], [ -3.4631, 40.5814 ], [ -3.4633, 40.5812 ], [ -3.4632, 40.5801 ], [ -3.4634, 40.5793 ], [ -3.4632, 40.5791 ], [ -3.4632, 40.5784 ], [ -3.4635, 40.577 ], [ -3.4634, 40.5765 ], [ -3.4633, 40.5765 ], [ -3.463, 40.5759 ], [ -3.4631, 40.5748 ], [ -3.4629, 40.5742 ], [ -3.4627, 40.5738 ], [ -3.4622, 40.5737 ], [ -3.4623, 40.5733 ], [ -3.4618, 40.5731 ], [ -3.4617, 40.5728 ], [ -3.4609, 40.5722 ], [ -3.4606, 40.5717 ], [ -3.4596, 40.5714 ], [ -3.459, 40.5709 ], [ -3.459, 40.5704 ], [ -3.4587, 40.5697 ], [ -3.4578, 40.5688 ], [ -3.4567, 40.5684 ], [ -3.4566, 40.5682 ], [ -3.456, 40.5679 ], [ -3.4557, 40.5676 ], [ -3.4546, 40.5672 ], [ -3.4545, 40.567 ], [ -3.4538, 40.5666 ], [ -3.4523, 40.5692 ] ] ] } },
{ "type": "Feature", "properties": { "municipio": "Daganzo de Arriba", "clasificacion": "no-urbanizable-protegido", "calificacion": "sin-asignar", "version": "vigente", "fuente": "SIT-CAM WFS — UsoDelSuelo:VPLA_V_CLASIFICACION (https://idem.comunidad.madrid/geosrvg/ows)", "fecha_dato": "2026-05-12", "ambito": "27596", "_raw_CD_SIGLAS": "SNUP_A", "_raw_DS_CLASIF_GEN": "Suelo No Urbanizable Protegido (APLAZADO)", "_raw_DS_CLASIF_DET": "Suelo No Urbanizable de Especial Protección por su interés paisajístico", "_raw_DS_DOCU": "NORMAS SUBSIDIARIAS", "_raw_DS_LEY": "CM Ley 4/1984, E RDL 1/1992", "_raw_FC_AC": "1995-06-07", "_raw_NM_AREA_M2": 4133654.9332111599, "_cam_code": "053" }, "geometry": { "type": "Polygon", "coordinates": [ [ [ -3.4619, 40.5851 ], [ -3.4629, 40.5864 ], [ -3.4629, 40.5862 ], [ -3.4637, 40.5858 ], [ -3.4648, 40.5855 ], [ -3.4659, 40.5854 ], [ -3.4674, 40.5854 ], [ -3.4707, 40.5857 ], [ -3.4708, 40.5854 ], [ -3.4705, 40.5845 ], [ -3.4698, 40.5831 ], [ -3.4697, 40.5831 ], [ -3.4718, 40.5818 ], [ -3.4718, 40.5803 ], [ -3.4732, 40.5804 ], [ -3.4732, 40.5787 ], [ -3.473, 40.5785 ], [ -3.473, 40.5782 ], [ -3.4735, 40.5778 ], [ -3.4736, 40.577 ], [ -3.4734, 40.5767 ], [ -3.473, 40.5765 ], [ -3.4729, 40.5761 ], [ -3.4736, 40.5751 ], [ -3.4737, 40.5747 ], [ -3.4739, 40.5746 ], [ -3.4737, 40.5741 ], [ -3.4741, 40.574 ], [ -3.4743, 40.5737 ], [ -3.4746, 40.5737 ], [ -3.4751, 40.572 ], [ -3.4745, 40.572 ], [ -3.474, 40.5717 ], [ -3.4752, 40.5695 ], [ -3.4759, 40.5686 ], [ -3.4787, 40.5661 ], [ -3.4802, 40.5641 ], [ -3.481, 40.5622 ], [ -3.481, 40.561 ], [ -3.4821, 40.56 ], [ -3.4829, 40.5576 ], [ -3.4832, 40.5555 ], [ -3.4813, 40.5559 ], [ -3.4814, 40.5546 ], [ -3.4821, 40.5537 ], [ -3.4821, 40.5535 ], [ -3.4819, 40.5531 ], [ -3.482, 40.5514 ], [ -3.4811, 40.5507 ], [ -3.4808, 40.55 ], [ -3.4808, 40.5493 ], [ -3.4812, 40.5485 ], [ -3.4788, 40.5451 ], [ -3.4755, 40.545 ], [ -3.4758, 40.5423 ], [ -3.475, 40.5414 ], [ -3.4732, 40.5407 ], [ -3.4723, 40.5406 ], [ -3.4723, 40.5409 ], [ -3.4725, 40.5414 ], [ -3.4725, 40.5418 ], [ -3.4726, 40.5418 ], [ -3.4726, 40.5425 ], [ -3.4729, 40.5432 ], [ -3.4729, 40.5435 ], [ -3.473, 40.5435 ], [ -3.473, 40.5438 ], [ -3.4731, 40.5438 ], [ -3.4731, 40.5441 ], [ -3.4732, 40.5441 ], [ -3.4732, 40.5444 ], [ -3.4733, 40.5444 ], [ -3.4733, 40.5447 ], [ -3.4734, 40.5447 ], [ -3.4734, 40.545 ], [ -3.4751, 40.5468 ], [ -3.4768, 40.549 ], [ -3.4775, 40.5495 ], [ -3.4732, 40.551 ], [ -3.4739, 40.5513 ], [ -3.4744, 40.5517 ], [ -3.4746, 40.5517 ], [ -3.4751, 40.5523 ], [ -3.4711, 40.5542 ], [ -3.4709, 40.5542 ], [ -3.4706, 40.5536 ], [ -3.4709, 40.553 ], [ -3.4707, 40.5527 ], [ -3.4698, 40.5526 ], [ -3.4693, 40.5528 ], [ -3.4691, 40.553 ], [ -3.4691, 40.5544 ], [ -3.4694, 40.5549 ], [ -3.466, 40.5565 ], [ -3.468, 40.5585 ], [ -3.4685, 40.5594 ], [ -3.469, 40.5599 ], [ -3.4692, 40.5603 ], [ -3.4706, 40.5617 ], [ -3.4726, 40.5632 ], [ -3.4733, 40.5643 ], [ -3.4727, 40.5645 ], [ -3.4722, 40.5645 ], [ -3.4719, 40.5637 ], [ -3.4713, 40.5636 ], [ -3.4713, 40.5634 ], [ -3.4703, 40.5635 ], [ -3.4702, 40.5636 ], [ -3.4703, 40.564 ], [ -3.4698, 40.5643 ], [ -3.4703, 40.5648 ], [ -3.4696, 40.5653 ], [ -3.4688, 40.5653 ], [ -3.4685, 40.5655 ], [ -3.4688, 40.5655 ], [ -3.4688, 40.5657 ], [ -3.4687, 40.5657 ], [ -3.4688, 40.5666 ], [ -3.4687, 40.5668 ], [ -3.4687, 40.5668 ], [ -3.4687, 40.5668 ], [ -3.4685, 40.5668 ], [ -3.469, 40.5672 ], [ -3.4717, 40.5671 ], [ -3.4717, 40.5675 ], [ -3.4718, 40.5675 ], [ -3.4719, 40.5679 ], [ -3.472, 40.5679 ], [ -3.4731, 40.5696 ], [ -3.4727, 40.5698 ], [ -3.4718, 40.5698 ], [ -3.4701, 40.5693 ], [ -3.4699, 40.5694 ], [ -3.4663, 40.5695 ], [ -3.462, 40.5698 ], [ -3.4617, 40.5693 ], [ -3.4618, 40.5676 ], [ -3.4617, 40.5661 ], [ -3.4615, 40.5658 ], [ -3.456, 40.5611 ], [ -3.4552, 40.5632 ], [ -3.4551, 40.5642 ], [ -3.4549, 40.5648 ], [ -3.454, 40.5663 ], [ -3.4544, 40.5667 ], [ -3.4563, 40.5675 ], [ -3.4564, 40.5677 ], [ -3.4569, 40.5679 ], [ -3.4571, 40.5682 ], [ -3.4574, 40.5683 ], [ -3.4588, 40.5697 ], [ -3.4591, 40.5704 ], [ -3.4591, 40.5708 ], [ -3.4594, 40.5712 ], [ -3.4601, 40.5713 ], [ -3.4606, 40.5716 ], [ -3.4612, 40.5722 ], [ -3.4619, 40.5726 ], [ -3.4625, 40.5733 ], [ -3.4626, 40.5736 ], [ -3.4629, 40.5738 ], [ -3.463, 40.5744 ], [ -3.4635, 40.5747 ], [ -3.4633, 40.5752 ], [ -3.4636, 40.5757 ], [ -3.4639, 40.5768 ], [ -3.4641, 40.577 ], [ -3.4641, 40.5777 ], [ -3.464, 40.5778 ], [ -3.4635, 40.5778 ], [ -3.4638, 40.5787 ], [ -3.4635, 40.5788 ], [ -3.4637, 40.5797 ], [ -3.4633, 40.5802 ], [ -3.4634, 40.5812 ], [ -3.4629, 40.5821 ], [ -3.4615, 40.583 ], [ -3.4612, 40.5834 ], [ -3.4612, 40.5839 ], [ -3.4614, 40.5843 ], [ -3.4619, 40.5848 ], [ -3.4619, 40.5851 ] ] ] } },
{ "type": "Feature", "properties": { "municipio": "Daganzo de Arriba", "clasificacion": "no-urbanizable-protegido", "calificacion": "sin-asignar", "version": "vigente", "fuente": "SIT-CAM WFS — UsoDelSuelo:VPLA_V_CLASIFICACION (https://idem.comunidad.madrid/geosrvg/ows)", "fecha_dato": "2026-05-12", "ambito": "27596", "_raw_CD_SIGLAS": "SNUP_A", "_raw_DS_CLASIF_GEN": "Suelo No Urbanizable Protegido (APLAZADO)", "_raw_DS_CLASIF_DET": "Suelo No Urbanizable de Especial Protección por su interés paisajístico", "_raw_DS_DOCU": "NORMAS SUBSIDIARIAS", "_raw_DS_LEY": "CM Ley 4/1984, E RDL 1/1992", "_raw_FC_AC": "1995-06-07", "_raw_NM_AREA_M2": 597505.70577491005, "_cam_code": "053" }, "geometry": { "type": "Polygon", "coordinates": [ [ [ -3.3955, 40.5746 ], [ -3.3976, 40.5771 ], [ -3.4005, 40.5769 ], [ -3.4007, 40.5768 ], [ -3.4017, 40.5782 ], [ -3.4036, 40.5782 ], [ -3.4037, 40.5764 ], [ -3.4034, 40.5759 ], [ -3.4036, 40.575 ], [ -3.4027, 40.5747 ], [ -3.4021, 40.5743 ], [ -3.4022, 40.5734 ], [ -3.4017, 40.5729 ], [ -3.4016, 40.5725 ], [ -3.4014, 40.5723 ], [ -3.4014, 40.5716 ], [ -3.403, 40.5671 ], [ -3.4049, 40.567 ], [ -3.4049, 40.5669 ], [ -3.4055, 40.5668 ], [ -3.407, 40.5657 ], [ -3.4074, 40.5652 ], [ -3.4062, 40.5652 ], [ -3.4058, 40.5649 ], [ -3.4057, 40.5636 ], [ -3.4046, 40.5618 ], [ -3.4045, 40.5608 ], [ -3.4033, 40.5613 ], [ -3.4024, 40.5646 ], [ -3.4015, 40.5671 ], [ -3.3994, 40.5694 ], [ -3.3997, 40.5696 ], [ -3.3974, 40.5727 ], [ -3.3955, 40.5746 ] ] ] } },
{ "type": "Feature", "properties": { "municipio": "Daganzo de Arriba", "clasificacion": "no-urbanizable-protegido", "calificacion": "sin-asignar", "version": "vigente", "fuente": "SIT-CAM WFS — UsoDelSuelo:VPLA_V_CLASIFICACION (https://idem.comunidad.madrid/geosrvg/ows)", "fecha_dato": "2026-05-12", "ambito": "27596", "_raw_CD_SIGLAS": "SNUP_A", "_raw_DS_CLASIF_GEN": "Suelo No Urbanizable Protegido (APLAZADO)", "_raw_DS_CLASIF_DET": "Suelo No Urbanizable de Especial Protección por su interés paisajístico", "_raw_DS_DOCU": "NORMAS SUBSIDIARIAS", "_raw_DS_LEY": "CM Ley 4/1984, E RDL 1/1992", "_raw_FC_AC": "1995-06-07", "_raw_NM_AREA_M2": 15975.026712544101, "_cam_code": "053" }, "geometry": { "type": "Polygon", "coordinates": [ [ [ -3.4649, 40.5594 ], [ -3.4646, 40.5596 ], [ -3.4646, 40.5602 ], [ -3.4648, 40.5604 ], [ -3.4651, 40.5606 ], [ -3.4657, 40.5606 ], [ -3.4661, 40.5604 ], [ -3.4662, 40.5599 ], [ -3.466, 40.5597 ], [ -3.466, 40.5594 ], [ -3.4654, 40.5594 ], [ -3.4654, 40.5593 ], [ -3.4649, 40.5594 ] ] ] } },
{ "type": "Feature", "properties": { "municipio": "Daganzo de Arriba", "clasificacion": "no-urbanizable-protegido", "calificacion": "sin-asignar", "version": "vigente", "fuente": "SIT-CAM WFS — UsoDelSuelo:VPLA_V_CLASIFICACION (https://idem.comunidad.madrid/geosrvg/ows)", "fecha_dato": "2026-05-12", "ambito": "27596", "_raw_CD_SIGLAS": "SNUP_A", "_raw_DS_CLASIF_GEN": "Suelo No Urbanizable Protegido (APLAZADO)", "_raw_DS_CLASIF_DET": "Suelo No Urbanizable de Especial Protección por su interés paisajístico", "_raw_DS_DOCU": "NORMAS SUBSIDIARIAS", "_raw_DS_LEY": "CM Ley 4/1984, E RDL 1/1992", "_raw_FC_AC": "1995-06-07", "_raw_NM_AREA_M2": 135992.01870373101, "_cam_code": "053" }, "geometry": { "type": "Polygon", "coordinates": [ [ [ -3.3998, 40.558 ], [ -3.4046, 40.5606 ], [ -3.4051, 40.5595 ], [ -3.4065, 40.5581 ], [ -3.407, 40.5579 ], [ -3.4074, 40.5568 ], [ -3.4076, 40.5567 ], [ -3.4051, 40.5572 ], [ -3.401, 40.5572 ], [ -3.4007, 40.5571 ], [ -3.4004, 40.5576 ], [ -3.3998, 40.558 ] ] ] } },
{ "type": "Feature", "properties": { "municipio": "Daganzo de Arriba", "clasificacion": "no-urbanizable-protegido", "calificacion": "sin-asignar", "version": "vigente", "fuente": "SIT-CAM WFS — UsoDelSuelo:VPLA_V_CLASIFICACION (https://idem.comunidad.madrid/geosrvg/ows)", "fecha_dato": "2026-05-12", "ambito": "27596", "_raw_CD_SIGLAS": "SNUP_A", "_raw_DS_CLASIF_GEN": "Suelo No Urbanizable Protegido (APLAZADO)", "_raw_DS_CLASIF_DET": "Suelo No Urbanizable de Especial Protección por su interés paisajístico", "_raw_DS_DOCU": "NORMAS SUBSIDIARIAS", "_raw_DS_LEY": "CM Ley 4/1984, E RDL 1/1992", "_raw_FC_AC": "1995-06-07", "_raw_NM_AREA_M2": 335459.760435206, "_cam_code": "053" }, "geometry": { "type": "Polygon", "coordinates": [ [ [ -3.4007, 40.5571 ], [ -3.4048, 40.5572 ], [ -3.408, 40.5566 ], [ -3.4082, 40.5565 ], [ -3.4086, 40.5559 ], [ -3.4093, 40.5554 ], [ -3.4104, 40.5543 ], [ -3.4107, 40.5537 ], [ -3.4118, 40.5527 ], [ -3.412, 40.5521 ], [ -3.4119, 40.5519 ], [ -3.4086, 40.5495 ], [ -3.4073, 40.5507 ], [ -3.4077, 40.5511 ], [ -3.4048, 40.5547 ], [ -3.4033, 40.5556 ], [ -3.4013, 40.5555 ], [ -3.4014, 40.5562 ], [ -3.4007, 40.5571 ] ] ] } },
{ "type": "Feature", "properties": { "municipio": "Daganzo de Arriba", "clasificacion": "no-urbanizable-protegido", "calificacion": "sin-asignar", "version": "vigente", "fuente": "SIT-CAM WFS — UsoDelSuelo:VPLA_V_CLASIFICACION (https://idem.comunidad.madrid/geosrvg/ows)", "fecha_dato": "2026-05-12", "ambito": "27596", "_raw_CD_SIGLAS": "SNUP_A", "_raw_DS_CLASIF_GEN": "Suelo No Urbanizable Protegido (APLAZADO)", "_raw_DS_CLASIF_DET": "Suelo No Urbanizable de Especial Protección por su interés paisajístico", "_raw_DS_DOCU": "NORMAS SUBSIDIARIAS", "_raw_DS_LEY": "CM Ley 4/1984, E RDL 1/1992", "_raw_FC_AC": "1995-06-07", "_raw_NM_AREA_M2": 14398.0752749733, "_cam_code": "053" }, "geometry": { "type": "Polygon", "coordinates": [ [ [ -3.4121, 40.5503 ], [ -3.4115, 40.5513 ], [ -3.4113, 40.5514 ], [ -3.4121, 40.552 ], [ -3.4123, 40.5512 ], [ -3.413, 40.5502 ], [ -3.4131, 40.5497 ], [ -3.4127, 40.5496 ], [ -3.4121, 40.5503 ] ] ] } },
{ "type": "Feature", "properties": { "municipio": "Daganzo de Arriba", "clasificacion": "no-urbanizable-protegido", "calificacion": "sin-asignar", "version": "vigente", "fuente": "SIT-CAM WFS — UsoDelSuelo:VPLA_V_CLASIFICACION (https://idem.comunidad.madrid/geosrvg/ows)", "fecha_dato": "2026-05-12", "ambito": "27596", "_raw_CD_SIGLAS": "SNUP_A", "_raw_DS_CLASIF_GEN": "Suelo No Urbanizable Protegido (APLAZADO)", "_raw_DS_CLASIF_DET": "Suelo No Urbanizable de Especial Protección por su interés paisajístico", "_raw_DS_DOCU": "NORMAS SUBSIDIARIAS", "_raw_DS_LEY": "CM Ley 4/1984, E RDL 1/1992", "_raw_FC_AC": "1995-06-07", "_raw_NM_AREA_M2": 196839.16300003801, "_cam_code": "053" }, "geometry": { "type": "Polygon", "coordinates": [ [ [ -3.4444, 40.5474 ], [ -3.444, 40.5484 ], [ -3.4443, 40.5485 ], [ -3.4447, 40.5478 ], [ -3.4457, 40.5479 ], [ -3.4457, 40.5478 ], [ -3.4461, 40.5477 ], [ -3.4474, 40.5465 ], [ -3.4476, 40.5462 ], [ -3.4476, 40.5459 ], [ -3.4473, 40.5457 ], [ -3.4473, 40.5455 ], [ -3.4479, 40.5444 ], [ -3.4486, 40.5446 ], [ -3.4489, 40.5443 ], [ -3.4493, 40.5423 ], [ -3.448, 40.5421 ], [ -3.4473, 40.5424 ], [ -3.4467, 40.5424 ], [ -3.4467, 40.5429 ], [ -3.4463, 40.5431 ], [ -3.4461, 40.5437 ], [ -3.4459, 40.5437 ], [ -3.4455, 40.5433 ], [ -3.4447, 40.5423 ], [ -3.4431, 40.5463 ], [ -3.4444, 40.5474 ] ] ] } },
{ "type": "Feature", "properties": { "municipio": "Daganzo de Arriba", "clasificacion": "urbano-consolidado", "calificacion": "sin-asignar", "version": "vigente", "fuente": "SIT-CAM WFS — UsoDelSuelo:VPLA_V_CLASIFICACION (https://idem.comunidad.madrid/geosrvg/ows)", "fecha_dato": "2026-05-12", "ambito": "27596", "_raw_CD_SIGLAS": "SU", "_raw_DS_CLASIF_GEN": "Suelo Urbano", "_raw_DS_CLASIF_DET": "Suelo Urbano", "_raw_DS_DOCU": "NORMAS SUBSIDIARIAS", "_raw_DS_LEY": "CM Ley 4/1984, E RDL 1/1992", "_raw_FC_AC": "1995-06-07", "_raw_NM_AREA_M2": 66344.796176754899, "_cam_code": "053" }, "geometry": { "type": "Polygon", "coordinates": [ [ [ -3.4362, 40.5387 ], [ -3.4349, 40.5396 ], [ -3.4351, 40.5401 ], [ -3.4362, 40.5408 ], [ -3.437, 40.5415 ], [ -3.4372, 40.5415 ], [ -3.4377, 40.5394 ], [ -3.4378, 40.5392 ], [ -3.438, 40.5393 ], [ -3.4381, 40.5391 ], [ -3.4384, 40.538 ], [ -3.4361, 40.5377 ], [ -3.4362, 40.5387 ] ] ] } },
{ "type": "Feature", "properties": { "municipio": "Daganzo de Arriba", "clasificacion": "urbano-consolidado", "calificacion": "sin-asignar", "version": "vigente", "fuente": "SIT-CAM WFS — UsoDelSuelo:VPLA_V_CLASIFICACION (https://idem.comunidad.madrid/geosrvg/ows)", "fecha_dato": "2026-05-12", "ambito": "27596", "_raw_CD_SIGLAS": "SU", "_raw_DS_CLASIF_GEN": "Suelo Urbano", "_raw_DS_CLASIF_DET": "Suelo Urbano", "_raw_DS_DOCU": "NORMAS SUBSIDIARIAS", "_raw_DS_LEY": "CM Ley 4/1984, E RDL 1/1992", "_raw_FC_AC": "1995-06-07", "_raw_NM_AREA_M2": 1209739.5163275001, "_cam_code": "053" }, "geometry": { "type": "Polygon", "coordinates": [ [ [ -3.4549, 40.5485 ], [ -3.4554, 40.55 ], [ -3.4558, 40.5508 ], [ -3.456, 40.5529 ], [ -3.4565, 40.553 ], [ -3.4568, 40.5529 ], [ -3.4606, 40.5529 ], [ -3.4608, 40.5528 ], [ -3.4609, 40.5527 ], [ -3.4593, 40.5484 ], [ -3.4615, 40.5466 ], [ -3.4627, 40.5459 ], [ -3.4639, 40.5453 ], [ -3.4643, 40.5454 ], [ -3.4643, 40.5453 ], [ -3.4652, 40.5451 ], [ -3.4652, 40.545 ], [ -3.4654, 40.545 ], [ -3.4653, 40.5448 ], [ -3.4671, 40.5442 ], [ -3.4646, 40.5411 ], [ -3.4681, 40.54 ], [ -3.4683, 40.5398 ], [ -3.4689, 40.5397 ], [ -3.4682, 40.5393 ], [ -3.4664, 40.5368 ], [ -3.4646, 40.5384 ], [ -3.4634, 40.5383 ], [ -3.4634, 40.5382 ], [ -3.4628, 40.538 ], [ -3.4616, 40.5379 ], [ -3.4559, 40.5379 ], [ -3.456, 40.5382 ], [ -3.4559, 40.539 ], [ -3.4566, 40.539 ], [ -3.4565, 40.5411 ], [ -3.4552, 40.5411 ], [ -3.4554, 40.5419 ], [ -3.4553, 40.5422 ], [ -3.455, 40.542 ], [ -3.4547, 40.542 ], [ -3.4537, 40.5416 ], [ -3.4535, 40.5417 ], [ -3.4546, 40.543 ], [ -3.4547, 40.5433 ], [ -3.4546, 40.5447 ], [ -3.453, 40.5455 ], [ -3.4531, 40.5456 ], [ -3.4546, 40.5449 ], [ -3.4546, 40.5448 ], [ -3.4549, 40.545 ], [ -3.4553, 40.545 ], [ -3.455, 40.547 ], [ -3.4549, 40.547 ], [ -3.4548, 40.5485 ], [ -3.4529, 40.5505 ], [ -3.4529, 40.5506 ], [ -3.452, 40.5515 ], [ -3.452, 40.5516 ], [ -3.4518, 40.5516 ], [ -3.4518, 40.5516 ], [ -3.4521, 40.5516 ], [ -3.4528, 40.5516 ], [ -3.4548, 40.5514 ], [ -3.4558, 40.5514 ], [ -3.4556, 40.5506 ], [ -3.4553, 40.5503 ], [ -3.4551, 40.5494 ], [ -3.4546, 40.549 ], [ -3.4549, 40.5485 ] ] ] } },
{ "type": "Feature", "properties": { "municipio": "Daganzo de Arriba", "clasificacion": "urbano-consolidado", "calificacion": "sin-asignar", "version": "vigente", "fuente": "SIT-CAM WFS — UsoDelSuelo:VPLA_V_CLASIFICACION (https://idem.comunidad.madrid/geosrvg/ows)", "fecha_dato": "2026-05-12", "ambito": "27596", "_raw_CD_SIGLAS": "SU", "_raw_DS_CLASIF_GEN": "Suelo Urbano", "_raw_DS_CLASIF_DET": "Suelo Urbano", "_raw_DS_DOCU": "NORMAS SUBSIDIARIAS", "_raw_DS_LEY": "CM Ley 4/1984, E RDL 1/1992", "_raw_FC_AC": "1995-06-07", "_raw_NM_AREA_M2": 14944.4419499865, "_cam_code": "053" }, "geometry": { "type": "Polygon", "coordinates": [ [ [ -3.4512, 40.5409 ], [ -3.452, 40.541 ], [ -3.452, 40.5411 ], [ -3.4524, 40.5411 ], [ -3.4524, 40.5412 ], [ -3.4528, 40.5412 ], [ -3.4533, 40.5414 ], [ -3.4535, 40.5406 ], [ -3.4514, 40.5402 ], [ -3.4512, 40.5409 ] ] ] } },
{ "type": "Feature", "properties": { "municipio": "Daganzo de Arriba", "clasificacion": "urbano-consolidado", "calificacion": "sin-asignar", "version": "vigente", "fuente": "SIT-CAM WFS — UsoDelSuelo:VPLA_V_CLASIFICACION (https://idem.comunidad.madrid/geosrvg/ows)", "fecha_dato": "2026-05-12", "ambito": "27596", "_raw_CD_SIGLAS": "SU", "_raw_DS_CLASIF_GEN": "Suelo Urbano", "_raw_DS_CLASIF_DET": "Suelo Urbano", "_raw_DS_DOCU": "NORMAS SUBSIDIARIAS", "_raw_DS_LEY": "CM Ley 4/1984, E RDL 1/1992", "_raw_FC_AC": "1995-06-07", "_raw_NM_AREA_M2": 330539.07854999701, "_cam_code": "053" }, "geometry": { "type": "Polygon", "coordinates": [ [ [ -3.4425, 40.5386 ], [ -3.4453, 40.5396 ], [ -3.4455, 40.5395 ], [ -3.446, 40.5364 ], [ -3.4468, 40.5341 ], [ -3.448, 40.5326 ], [ -3.4492, 40.5321 ], [ -3.4502, 40.531 ], [ -3.4504, 40.5305 ], [ -3.4502, 40.5295 ], [ -3.4497, 40.5288 ], [ -3.4497, 40.5276 ], [ -3.447, 40.5272 ], [ -3.4442, 40.5363 ], [ -3.4433, 40.5362 ], [ -3.4425, 40.5386 ] ] ] } },
{ "type": "Feature", "properties": { "municipio": "Daganzo de Arriba", "clasificacion": "urbanizable-no-sectorizado", "calificacion": "sin-asignar", "version": "vigente", "fuente": "SIT-CAM WFS — UsoDelSuelo:VPLA_V_CLASIFICACION (https://idem.comunidad.madrid/geosrvg/ows)", "fecha_dato": "2026-05-12", "ambito": "27596", "_raw_CD_SIGLAS": "SUBNS_A", "_raw_DS_CLASIF_GEN": "Suelo No Urbanizable Común (APLAZADO)", "_raw_DS_CLASIF_DET": "Suelo No Urbanizable Común", "_raw_DS_DOCU": "NORMAS SUBSIDIARIAS", "_raw_DS_LEY": "CM Ley 4/1984, E RDL 1/1992", "_raw_FC_AC": "1995-06-07", "_raw_NM_AREA_M2": 2673938.0827216199, "_cam_code": "053" }, "geometry": { "type": "Polygon", "coordinates": [ [ [ -3.456, 40.5611 ], [ -3.4617, 40.5661 ], [ -3.4618, 40.5676 ], [ -3.4683, 40.5673 ], [ -3.469, 40.5672 ], [ -3.4685, 40.5668 ], [ -3.4687, 40.5668 ], [ -3.4688, 40.5666 ], [ -3.4688, 40.5659 ], [ -3.4687, 40.5658 ], [ -3.4688, 40.5655 ], [ -3.4685, 40.5655 ], [ -3.4688, 40.5653 ], [ -3.4696, 40.5653 ], [ -3.4703, 40.5648 ], [ -3.4698, 40.5643 ], [ -3.4703, 40.564 ], [ -3.4702, 40.5636 ], [ -3.4703, 40.5635 ], [ -3.4713, 40.5634 ], [ -3.4713, 40.5636 ], [ -3.4719, 40.5637 ], [ -3.4722, 40.5645 ], [ -3.4727, 40.5645 ], [ -3.4733, 40.5643 ], [ -3.4726, 40.5632 ], [ -3.4704, 40.5615 ], [ -3.4692, 40.5603 ], [ -3.469, 40.5599 ], [ -3.4685, 40.5594 ], [ -3.468, 40.5585 ], [ -3.4673, 40.5577 ], [ -3.466, 40.5566 ], [ -3.4662, 40.5564 ], [ -3.4694, 40.5549 ], [ -3.4691, 40.5544 ], [ -3.4691, 40.553 ], [ -3.4693, 40.5528 ], [ -3.4698, 40.5526 ], [ -3.4707, 40.5527 ], [ -3.4709, 40.553 ], [ -3.4706, 40.5536 ], [ -3.4709, 40.5542 ], [ -3.4711, 40.5542 ], [ -3.4751, 40.5523 ], [ -3.4746, 40.5517 ], [ -3.4744, 40.5517 ], [ -3.4739, 40.5513 ], [ -3.4732, 40.551 ], [ -3.4775, 40.5495 ], [ -3.4768, 40.549 ], [ -3.4751, 40.5468 ], [ -3.4734, 40.545 ], [ -3.4734, 40.5447 ], [ -3.4733, 40.5447 ], [ -3.4733, 40.5444 ], [ -3.4732, 40.5444 ], [ -3.4732, 40.5441 ], [ -3.4731, 40.5441 ], [ -3.4731, 40.5438 ], [ -3.473, 40.5438 ], [ -3.473, 40.5435 ], [ -3.4729, 40.5435 ], [ -3.4729, 40.5432 ], [ -3.4726, 40.5425 ], [ -3.4726, 40.5418 ], [ -3.4725, 40.5418 ], [ -3.4723, 40.5406 ], [ -3.4719, 40.5405 ], [ -3.4723, 40.5396 ], [ -3.4724, 40.5388 ], [ -3.4698, 40.5396 ], [ -3.4686, 40.5394 ], [ -3.4691, 40.5397 ], [ -3.4683, 40.5398 ], [ -3.4681, 40.54 ], [ -3.4646, 40.5411 ], [ -3.4671, 40.5442 ], [ -3.4653, 40.5448 ], [ -3.4665, 40.5464 ], [ -3.4671, 40.5473 ], [ -3.4671, 40.5475 ], [ -3.4667, 40.5476 ], [ -3.4611, 40.5526 ], [ -3.4606, 40.5529 ], [ -3.4568, 40.5529 ], [ -3.4565, 40.553 ], [ -3.4562, 40.5529 ], [ -3.4563, 40.5531 ], [ -3.4563, 40.554 ], [ -3.4561, 40.5544 ], [ -3.456, 40.5564 ], [ -3.4561, 40.5571 ], [ -3.4562, 40.5571 ], [ -3.4564, 40.5578 ], [ -3.4565, 40.5578 ], [ -3.4565, 40.5585 ], [ -3.4564, 40.5598 ], [ -3.456, 40.5611 ] ], [ [ -3.466, 40.5594 ], [ -3.466, 40.5597 ], [ -3.4662, 40.5599 ], [ -3.466, 40.5605 ], [ -3.4651, 40.5606 ], [ -3.4646, 40.5602 ], [ -3.4646, 40.5596 ], [ -3.4648, 40.5594 ], [ -3.4652, 40.5594 ], [ -3.4652, 40.5593 ], [ -3.466, 40.5594 ] ], [ [ -3.4612, 40.5538 ], [ -3.4614, 40.5546 ], [ -3.4595, 40.5549 ], [ -3.4594, 40.5549 ], [ -3.4593, 40.5544 ], [ -3.4587, 40.5543 ], [ -3.4586, 40.5538 ], [ -3.4591, 40.5537 ], [ -3.4592, 40.5539 ], [ -3.4599, 40.5537 ], [ -3.461, 40.5536 ], [ -3.461, 40.5535 ], [ -3.4611, 40.5538 ], [ -3.4612, 40.5538 ] ] ] } },
{ "type": "Feature", "properties": { "municipio": "Daganzo de Arriba", "clasificacion": "urbanizable-no-sectorizado", "calificacion": "sin-asignar", "version": "vigente", "fuente": "SIT-CAM WFS — UsoDelSuelo:VPLA_V_CLASIFICACION (https://idem.comunidad.madrid/geosrvg/ows)", "fecha_dato": "2026-05-12", "ambito": "27596", "_raw_CD_SIGLAS": "SUBNS_A", "_raw_DS_CLASIF_GEN": "Suelo No Urbanizable Común (APLAZADO)", "_raw_DS_CLASIF_DET": "Suelo No Urbanizable Áreas de Desarrollo Urbanístico Condicionado", "_raw_DS_DOCU": "NORMAS SUBSIDIARIAS", "_raw_DS_LEY": "CM Ley 4/1984, E RDL 1/1992", "_raw_FC_AC": "1995-06-07", "_raw_NM_AREA_M2": 191956.939137685, "_cam_code": "053" }, "geometry": { "type": "Polygon", "coordinates": [ [ [ -3.463, 40.5474 ], [ -3.4612, 40.5488 ], [ -3.4599, 40.55 ], [ -3.4609, 40.5527 ], [ -3.4667, 40.5476 ], [ -3.467, 40.5476 ], [ -3.4671, 40.5473 ], [ -3.4661, 40.5459 ], [ -3.4652, 40.5462 ], [ -3.4645, 40.5459 ], [ -3.463, 40.5472 ], [ -3.463, 40.5474 ] ] ] } },
{ "type": "Feature", "properties": { "municipio": "Daganzo de Arriba", "clasificacion": "urbanizable-no-sectorizado", "calificacion": "sin-asignar", "version": "vigente", "fuente": "SIT-CAM WFS — UsoDelSuelo:VPLA_V_CLASIFICACION (https://idem.comunidad.madrid/geosrvg/ows)", "fecha_dato": "2026-05-12", "ambito": "27596", "_raw_CD_SIGLAS": "SUBNS_A", "_raw_DS_CLASIF_GEN": "Suelo No Urbanizable Común (APLAZADO)", "_raw_DS_CLASIF_DET": "Instalaciones en suelo no urbanizable", "_raw_DS_DOCU": "NORMAS SUBSIDIARIAS", "_raw_DS_LEY": "CM Ley 4/1984, E RDL 1/1992", "_raw_FC_AC": "1995-06-07", "_raw_NM_AREA_M2": 10262.8064499546, "_cam_code": "053" }, "geometry": { "type": "Polygon", "coordinates": [ [ [ -3.4388, 40.5368 ], [ -3.4388, 40.5378 ], [ -3.4397, 40.538 ], [ -3.44, 40.537 ], [ -3.4388, 40.5368 ] ] ] } },
{ "type": "Feature", "properties": { "municipio": "Daganzo de Arriba", "clasificacion": "urbanizable-no-sectorizado", "calificacion": "sin-asignar", "version": "vigente", "fuente": "SIT-CAM WFS — UsoDelSuelo:VPLA_V_CLASIFICACION (https://idem.comunidad.madrid/geosrvg/ows)", "fecha_dato": "2026-05-12", "ambito": "27596", "_raw_CD_SIGLAS": "SUBNS_A", "_raw_DS_CLASIF_GEN": "Suelo No Urbanizable Común (APLAZADO)", "_raw_DS_CLASIF_DET": "Instalaciones en suelo no urbanizable", "_raw_DS_DOCU": "NORMAS SUBSIDIARIAS", "_raw_DS_LEY": "CM Ley 4/1984, E RDL 1/1992", "_raw_FC_AC": "1995-06-07", "_raw_NM_AREA_M2": 11161.1411249621, "_cam_code": "053" }, "geometry": { "type": "Polygon", "coordinates": [ [ [ -3.4488, 40.5461 ], [ -3.4486, 40.5463 ], [ -3.4485, 40.5467 ], [ -3.4498, 40.5471 ], [ -3.4507, 40.5466 ], [ -3.4488, 40.5461 ] ] ] } },
{ "type": "Feature", "properties": { "municipio": "Daganzo de Arriba", "clasificacion": "urbanizable-no-sectorizado", "calificacion": "sin-asignar", "version": "vigente", "fuente": "SIT-CAM WFS — UsoDelSuelo:VPLA_V_CLASIFICACION (https://idem.comunidad.madrid/geosrvg/ows)", "fecha_dato": "2026-05-12", "ambito": "27596", "_raw_CD_SIGLAS": "SUBNS_A", "_raw_DS_CLASIF_GEN": "Suelo No Urbanizable Común (APLAZADO)", "_raw_DS_CLASIF_DET": "Instalaciones en suelo no urbanizable", "_raw_DS_DOCU": "NORMAS SUBSIDIARIAS", "_raw_DS_LEY": "CM Ley 4/1984, E RDL 1/1992", "_raw_FC_AC": "1995-06-07", "_raw_NM_AREA_M2": 23111.458700056799, "_cam_code": "053" }, "geometry": { "type": "Polygon", "coordinates": [ [ [ -3.4593, 40.5544 ], [ -3.4594, 40.5549 ], [ -3.4614, 40.5546 ], [ -3.4612, 40.5538 ], [ -3.4611, 40.5538 ], [ -3.461, 40.5535 ], [ -3.461, 40.5536 ], [ -3.4599, 40.5537 ], [ -3.4592, 40.5539 ], [ -3.4591, 40.5537 ], [ -3.4586, 40.5538 ], [ -3.4587, 40.5543 ], [ -3.4593, 40.5544 ] ] ] } },
{ "type": "Feature", "properties": { "municipio": "Daganzo de Arriba", "clasificacion": "urbanizable-no-sectorizado", "calificacion": "sin-asignar", "version": "vigente", "fuente": "SIT-CAM WFS — UsoDelSuelo:VPLA_V_CLASIFICACION (https://idem.comunidad.madrid/geosrvg/ows)", "fecha_dato": "2026-05-12", "ambito": "27596", "_raw_CD_SIGLAS": "SUBNS_A", "_raw_DS_CLASIF_GEN": "Suelo No Urbanizable Común (APLAZADO)", "_raw_DS_CLASIF_DET": "Suelo No Urbanizable Común", "_raw_DS_DOCU": "NORMAS SUBSIDIARIAS", "_raw_DS_LEY": "CM Ley 4/1984, E RDL 1/1992", "_raw_FC_AC": "1995-06-07", "_raw_NM_AREA_M2": 961359.65660007298, "_cam_code": "053" }, "geometry": { "type": "Polygon", "coordinates": [ [ [ -3.4357, 40.5796 ], [ -3.4378, 40.5811 ], [ -3.4392, 40.5815 ], [ -3.4394, 40.5809 ], [ -3.4412, 40.5778 ], [ -3.4415, 40.5775 ], [ -3.4421, 40.5764 ], [ -3.4421, 40.5762 ], [ -3.4405, 40.5749 ], [ -3.4389, 40.5732 ], [ -3.4383, 40.5728 ], [ -3.4371, 40.5716 ], [ -3.4371, 40.5714 ], [ -3.4379, 40.5709 ], [ -3.4379, 40.5708 ], [ -3.4336, 40.5668 ], [ -3.4291, 40.571 ], [ -3.4272, 40.5726 ], [ -3.4306, 40.575 ], [ -3.431, 40.5751 ], [ -3.4311, 40.5755 ], [ -3.4324, 40.5769 ], [ -3.4345, 40.5788 ], [ -3.4354, 40.5795 ], [ -3.4357, 40.5796 ] ] ] } },
{ "type": "Feature", "properties": { "municipio": "Daganzo de Arriba", "clasificacion": "urbanizable-no-sectorizado", "calificacion": "sin-asignar", "version": "vigente", "fuente": "SIT-CAM WFS — UsoDelSuelo:VPLA_V_CLASIFICACION (https://idem.comunidad.madrid/geosrvg/ows)", "fecha_dato": "2026-05-12", "ambito": "27596", "_raw_CD_SIGLAS": "SUBNS_A", "_raw_DS_CLASIF_GEN": "Suelo No Urbanizable Común (APLAZADO)", "_raw_DS_CLASIF_DET": "Suelo No Urbanizable Común", "_raw_DS_DOCU": "NORMAS SUBSIDIARIAS", "_raw_DS_LEY": "CM Ley 4/1984, E RDL 1/1992", "_raw_FC_AC": "1995-06-07", "_raw_NM_AREA_M2": 35719.179375017702, "_cam_code": "053" }, "geometry": { "type": "Polygon", "coordinates": [ [ [ -3.4517, 40.5774 ], [ -3.4514, 40.5777 ], [ -3.4507, 40.5792 ], [ -3.4505, 40.58 ], [ -3.4505, 40.5813 ], [ -3.4511, 40.5837 ], [ -3.4517, 40.5774 ] ] ] } },
{ "type": "Feature", "properties": { "municipio": "Daganzo de Arriba", "clasificacion": "urbanizable-no-sectorizado", "calificacion": "sin-asignar", "version": "vigente", "fuente": "SIT-CAM WFS — UsoDelSuelo:VPLA_V_CLASIFICACION (https://idem.comunidad.madrid/geosrvg/ows)", "fecha_dato": "2026-05-12", "ambito": "27596", "_raw_CD_SIGLAS": "SUBNS_A", "_raw_DS_CLASIF_GEN": "Suelo No Urbanizable Común (APLAZADO)", "_raw_DS_CLASIF_DET": "Suelo No Urbanizable Común", "_raw_DS_DOCU": "NORMAS SUBSIDIARIAS", "_raw_DS_LEY": "CM Ley 4/1984, E RDL 1/1992", "_raw_FC_AC": "1995-06-07", "_raw_NM_AREA_M2": 4996979.9219620097, "_cam_code": "053" }, "geometry": { "type": "Polygon", "coordinates": [ [ [ -3.442, 40.5493 ], [ -3.4413, 40.5526 ], [ -3.4445, 40.5543 ], [ -3.4448, 40.5549 ], [ -3.447, 40.5632 ], [ -3.447, 40.5636 ], [ -3.4455, 40.5682 ], [ -3.4468, 40.5706 ], [ -3.4441, 40.5726 ], [ -3.4463, 40.579 ], [ -3.4467, 40.5824 ], [ -3.4469, 40.5831 ], [ -3.4468, 40.5835 ], [ -3.4471, 40.5858 ], [ -3.4471, 40.5861 ], [ -3.4466, 40.587 ], [ -3.4473, 40.5879 ], [ -3.4476, 40.5885 ], [ -3.4476, 40.5892 ], [ -3.4472, 40.5898 ], [ -3.4464, 40.5906 ], [ -3.4508, 40.5899 ], [ -3.451, 40.5898 ], [ -3.4509, 40.5838 ], [ -3.451, 40.5838 ], [ -3.4504, 40.5814 ], [ -3.4503, 40.5801 ], [ -3.4506, 40.579 ], [ -3.4511, 40.5781 ], [ -3.4511, 40.5778 ], [ -3.4515, 40.5774 ], [ -3.4518, 40.574 ], [ -3.4516, 40.5738 ], [ -3.4514, 40.5728 ], [ -3.4514, 40.5718 ], [ -3.4516, 40.5717 ], [ -3.4517, 40.5713 ], [ -3.4517, 40.5701 ], [ -3.4518, 40.5696 ], [ -3.4524, 40.5684 ], [ -3.4534, 40.5668 ], [ -3.454, 40.5661 ], [ -3.4548, 40.5647 ], [ -3.455, 40.5641 ], [ -3.4548, 40.5637 ], [ -3.4562, 40.5596 ], [ -3.4562, 40.5577 ], [ -3.4559, 40.5572 ], [ -3.4559, 40.5568 ], [ -3.4558, 40.5568 ], [ -3.4558, 40.5545 ], [ -3.4559, 40.5545 ], [ -3.456, 40.5539 ], [ -3.4561, 40.5539 ], [ -3.4559, 40.5514 ], [ -3.4548, 40.5514 ], [ -3.4528, 40.5516 ], [ -3.4528, 40.5516 ], [ -3.4521, 40.5516 ], [ -3.4518, 40.5516 ], [ -3.4518, 40.5516 ], [ -3.452, 40.5516 ], [ -3.452, 40.5515 ], [ -3.4529, 40.5506 ], [ -3.4531, 40.5484 ], [ -3.4534, 40.5482 ], [ -3.4536, 40.5472 ], [ -3.4534, 40.5467 ], [ -3.4535, 40.5461 ], [ -3.4534, 40.5457 ], [ -3.453, 40.5456 ], [ -3.4529, 40.5451 ], [ -3.4518, 40.5427 ], [ -3.4524, 40.5413 ], [ -3.4531, 40.5415 ], [ -3.4533, 40.5414 ], [ -3.4528, 40.5412 ], [ -3.4524, 40.5412 ], [ -3.4524, 40.5411 ], [ -3.452, 40.5411 ], [ -3.452, 40.541 ], [ -3.4512, 40.5409 ], [ -3.4514, 40.5402 ], [ -3.4535, 40.5406 ], [ -3.454, 40.5385 ], [ -3.4558, 40.539 ], [ -3.4559, 40.5383 ], [ -3.4558, 40.5383 ], [ -3.4557, 40.5369 ], [ -3.4561, 40.5354 ], [ -3.456, 40.5354 ], [ -3.4559, 40.5351 ], [ -3.456, 40.5344 ], [ -3.4558, 40.5343 ], [ -3.4557, 40.5338 ], [ -3.4562, 40.5335 ], [ -3.4561, 40.5329 ], [ -3.4562, 40.5328 ], [ -3.4562, 40.5322 ], [ -3.4565, 40.5318 ], [ -3.4564, 40.5313 ], [ -3.4567, 40.5311 ], [ -3.457, 40.5304 ], [ -3.4571, 40.5304 ], [ -3.4571, 40.5301 ], [ -3.4572, 40.5301 ], [ -3.4571, 40.5297 ], [ -3.4578, 40.529 ], [ -3.4577, 40.528 ], [ -3.4576, 40.5277 ], [ -3.4575, 40.5277 ], [ -3.4575, 40.527 ], [ -3.4577, 40.5265 ], [ -3.4576, 40.5265 ], [ -3.4575, 40.5261 ], [ -3.4569, 40.526 ], [ -3.4567, 40.5258 ], [ -3.4567, 40.5249 ], [ -3.457, 40.5245 ], [ -3.4571, 40.524 ], [ -3.4574, 40.5238 ], [ -3.4574, 40.5226 ], [ -3.4577, 40.5216 ], [ -3.4577, 40.5209 ], [ -3.4576, 40.5209 ], [ -3.4571, 40.5196 ], [ -3.457, 40.5196 ], [ -3.4569, 40.519 ], [ -3.457, 40.519 ], [ -3.4571, 40.5187 ], [ -3.457, 40.5187 ], [ -3.4569, 40.5184 ], [ -3.4568, 40.5175 ], [ -3.4567, 40.5175 ], [ -3.4563, 40.5167 ], [ -3.4561, 40.5166 ], [ -3.4562, 40.5162 ], [ -3.4563, 40.5162 ], [ -3.4563, 40.5158 ], [ -3.4562, 40.5158 ], [ -3.4562, 40.5155 ], [ -3.4561, 40.5155 ], [ -3.456, 40.5147 ], [ -3.4557, 40.5144 ], [ -3.4557, 40.514 ], [ -3.4555, 40.5138 ], [ -3.4555, 40.5136 ], [ -3.4552, 40.5132 ], [ -3.4552, 40.513 ], [ -3.4551, 40.513 ], [ -3.4545, 40.5116 ], [ -3.4536, 40.5121 ], [ -3.4532, 40.5158 ], [ -3.4512, 40.5192 ], [ -3.452, 40.521 ], [ -3.4524, 40.5226 ], [ -3.4499, 40.5278 ], [ -3.4499, 40.5286 ], [ -3.4505, 40.5294 ], [ -3.4507, 40.5304 ], [ -3.4504, 40.5312 ], [ -3.4494, 40.5322 ], [ -3.4485, 40.5327 ], [ -3.4476, 40.5337 ], [ -3.4465, 40.5356 ], [ -3.4457, 40.5399 ], [ -3.4473, 40.5402 ], [ -3.4473, 40.5405 ], [ -3.447, 40.541 ], [ -3.4469, 40.5415 ], [ -3.4468, 40.5415 ], [ -3.4467, 40.5418 ], [ -3.4451, 40.5414 ], [ -3.4456, 40.5403 ], [ -3.4455, 40.5403 ], [ -3.4448, 40.5418 ], [ -3.4447, 40.5423 ], [ -3.4459, 40.5437 ], [ -3.4461, 40.5437 ], [ -3.4464, 40.543 ], [ -3.4467, 40.5429 ], [ -3.4467, 40.5424 ], [ -3.4473, 40.5424 ], [ -3.448, 40.5421 ], [ -3.4493, 40.5423 ], [ -3.449, 40.5435 ], [ -3.449, 40.544 ], [ -3.4489, 40.5443 ], [ -3.4486, 40.5446 ], [ -3.4479, 40.5444 ], [ -3.4477, 40.5447 ], [ -3.4476, 40.5451 ], [ -3.4473, 40.5455 ], [ -3.4473, 40.5457 ], [ -3.4476, 40.5459 ], [ -3.4476, 40.5462 ], [ -3.4474, 40.5465 ], [ -3.4461, 40.5477 ], [ -3.4457, 40.5478 ], [ -3.4457, 40.5479 ], [ -3.4447, 40.5478 ], [ -3.4443, 40.5485 ], [ -3.444, 40.5484 ], [ -3.4444, 40.5474 ], [ -3.4431, 40.5463 ], [ -3.442, 40.5493 ] ], [ [ -3.4488, 40.5461 ], [ -3.4504, 40.5466 ], [ -3.4507, 40.5466 ], [ -3.4498, 40.5471 ], [ -3.4485, 40.5467 ], [ -3.4486, 40.5463 ], [ -3.4488, 40.5461 ] ] ] } },
{ "type": "Feature", "properties": { "municipio": "Daganzo de Arriba", "clasificacion": "urbanizable-no-sectorizado", "calificacion": "sin-asignar", "version": "vigente", "fuente": "SIT-CAM WFS — UsoDelSuelo:VPLA_V_CLASIFICACION (https://idem.comunidad.madrid/geosrvg/ows)", "fecha_dato": "2026-05-12", "ambito": "27596", "_raw_CD_SIGLAS": "SUBNS_A", "_raw_DS_CLASIF_GEN": "Suelo No Urbanizable Común (APLAZADO)", "_raw_DS_CLASIF_DET": "Suelo No Urbanizable Común", "_raw_DS_DOCU": "NORMAS SUBSIDIARIAS", "_raw_DS_LEY": "CM Ley 4/1984, E RDL 1/1992", "_raw_FC_AC": "1995-06-07", "_raw_NM_AREA_M2": 1852855.4246354999, "_cam_code": "053" }, "geometry": { "type": "Polygon", "coordinates": [ [ [ -3.4352, 40.5886 ], [ -3.4378, 40.5924 ], [ -3.4404, 40.5937 ], [ -3.4431, 40.5904 ], [ -3.4431, 40.5903 ], [ -3.4422, 40.59 ], [ -3.4405, 40.589 ], [ -3.4404, 40.5877 ], [ -3.4401, 40.587 ], [ -3.4402, 40.5862 ], [ -3.4398, 40.5852 ], [ -3.44, 40.5837 ], [ -3.4403, 40.5834 ], [ -3.4403, 40.5828 ], [ -3.4401, 40.5825 ], [ -3.4401, 40.5821 ], [ -3.4377, 40.5812 ], [ -3.4355, 40.5797 ], [ -3.4353, 40.5797 ], [ -3.4322, 40.577 ], [ -3.4308, 40.5756 ], [ -3.4309, 40.5753 ], [ -3.4304, 40.5751 ], [ -3.4272, 40.5728 ], [ -3.4265, 40.5732 ], [ -3.4183, 40.5808 ], [ -3.4223, 40.5823 ], [ -3.4259, 40.5847 ], [ -3.428, 40.5855 ], [ -3.4297, 40.5852 ], [ -3.4328, 40.5868 ], [ -3.4342, 40.5888 ], [ -3.4352, 40.5886 ] ] ] } },
{ "type": "Feature", "properties": { "municipio": "Daganzo de Arriba", "clasificacion": "urbanizable-no-sectorizado", "calificacion": "sin-asignar", "version": "vigente", "fuente": "SIT-CAM WFS — UsoDelSuelo:VPLA_V_CLASIFICACION (https://idem.comunidad.madrid/geosrvg/ows)", "fecha_dato": "2026-05-12", "ambito": "27596", "_raw_CD_SIGLAS": "SUBNS_A", "_raw_DS_CLASIF_GEN": "Suelo No Urbanizable Común (APLAZADO)", "_raw_DS_CLASIF_DET": "Suelo No Urbanizable Común", "_raw_DS_DOCU": "NORMAS SUBSIDIARIAS", "_raw_DS_LEY": "CM Ley 4/1984, E RDL 1/1992", "_raw_FC_AC": "1995-06-07", "_raw_NM_AREA_M2": 1200457.85493883, "_cam_code": "053" }, "geometry": { "type": "Polygon", "coordinates": [ [ [ -3.4501, 40.6095 ], [ -3.4503, 40.6095 ], [ -3.4505, 40.6097 ], [ -3.4509, 40.6104 ], [ -3.4524, 40.6086 ], [ -3.4538, 40.6074 ], [ -3.4535, 40.606 ], [ -3.4524, 40.6026 ], [ -3.4523, 40.6014 ], [ -3.452, 40.6026 ], [ -3.4519, 40.6026 ], [ -3.4519, 40.6029 ], [ -3.452, 40.6029 ], [ -3.4521, 40.6033 ], [ -3.4519, 40.6033 ], [ -3.4518, 40.6029 ], [ -3.4518, 40.6025 ], [ -3.4521, 40.6021 ], [ -3.4521, 40.6017 ], [ -3.4522, 40.6014 ], [ -3.4523, 40.6014 ], [ -3.4526, 40.5987 ], [ -3.4511, 40.5927 ], [ -3.451, 40.59 ], [ -3.4449, 40.591 ], [ -3.4436, 40.5906 ], [ -3.4427, 40.5918 ], [ -3.4423, 40.5921 ], [ -3.4421, 40.5925 ], [ -3.4418, 40.5927 ], [ -3.4417, 40.593 ], [ -3.4408, 40.5939 ], [ -3.4421, 40.5946 ], [ -3.4424, 40.5941 ], [ -3.4429, 40.5937 ], [ -3.4431, 40.5937 ], [ -3.4431, 40.5936 ], [ -3.4442, 40.5936 ], [ -3.4452, 40.5943 ], [ -3.4454, 40.595 ], [ -3.4453, 40.595 ], [ -3.4453, 40.5954 ], [ -3.4451, 40.5956 ], [ -3.4462, 40.5961 ], [ -3.4463, 40.5964 ], [ -3.4464, 40.5964 ], [ -3.4464, 40.5969 ], [ -3.4463, 40.5969 ], [ -3.4463, 40.5972 ], [ -3.4462, 40.5972 ], [ -3.4455, 40.5985 ], [ -3.4454, 40.5995 ], [ -3.4442, 40.6005 ], [ -3.4442, 40.6007 ], [ -3.4443, 40.6009 ], [ -3.4449, 40.6011 ], [ -3.4455, 40.6018 ], [ -3.4464, 40.6019 ], [ -3.447, 40.6027 ], [ -3.4471, 40.6032 ], [ -3.447, 40.6038 ], [ -3.4472, 40.6043 ], [ -3.4469, 40.6049 ], [ -3.447, 40.6058 ], [ -3.4469, 40.6068 ], [ -3.4465, 40.6074 ], [ -3.4465, 40.6076 ], [ -3.4482, 40.6085 ], [ -3.4495, 40.6095 ], [ -3.4501, 40.6095 ] ] ] } },
{ "type": "Feature", "properties": { "municipio": "Daganzo de Arriba", "clasificacion": "urbanizable-no-sectorizado", "calificacion": "sin-asignar", "version": "vigente", "fuente": "SIT-CAM WFS — UsoDelSuelo:VPLA_V_CLASIFICACION (https://idem.comunidad.madrid/geosrvg/ows)", "fecha_dato": "2026-05-12", "ambito": "27596", "_raw_CD_SIGLAS": "SUBNS_A", "_raw_DS_CLASIF_GEN": "Suelo No Urbanizable Común (APLAZADO)", "_raw_DS_CLASIF_DET": "Instalaciones en suelo no urbanizable", "_raw_DS_DOCU": "NORMAS SUBSIDIARIAS", "_raw_DS_LEY": "CM Ley 4/1984, E RDL 1/1992", "_raw_FC_AC": "1995-06-07", "_raw_NM_AREA_M2": 25568.814824918401, "_cam_code": "053" }, "geometry": { "type": "Polygon", "coordinates": [ [ [ -3.4457, 40.5399 ], [ -3.4451, 40.5414 ], [ -3.4467, 40.5418 ], [ -3.4473, 40.5405 ], [ -3.4473, 40.5402 ], [ -3.4457, 40.5399 ] ] ] } },
{ "type": "Feature", "properties": { "municipio": "Daganzo de Arriba", "clasificacion": "urbanizable-no-sectorizado", "calificacion": "sin-asignar", "version": "vigente", "fuente": "SIT-CAM WFS — UsoDelSuelo:VPLA_V_CLASIFICACION (https://idem.comunidad.madrid/geosrvg/ows)", "fecha_dato": "2026-05-12", "ambito": "27596", "_raw_CD_SIGLAS": "SUBNS_A", "_raw_DS_CLASIF_GEN": "Suelo No Urbanizable Común (APLAZADO)", "_raw_DS_CLASIF_DET": "Suelo No Urbanizable Común", "_raw_DS_DOCU": "NORMAS SUBSIDIARIAS", "_raw_DS_LEY": "CM Ley 4/1984, E RDL 1/1992", "_raw_FC_AC": "1995-06-07", "_raw_NM_AREA_M2": 144004.865975047, "_cam_code": "053" }, "geometry": { "type": "Polygon", "coordinates": [ [ [ -3.4374, 40.5471 ], [ -3.4371, 40.5505 ], [ -3.4369, 40.5515 ], [ -3.4387, 40.551 ], [ -3.4413, 40.5506 ], [ -3.4417, 40.549 ], [ -3.4421, 40.548 ], [ -3.4401, 40.5477 ], [ -3.4374, 40.5471 ] ] ] } },
{ "type": "Feature", "properties": { "municipio": "Daganzo de Arriba", "clasificacion": "urbanizable-no-sectorizado", "calificacion": "sin-asignar", "version": "vigente", "fuente": "SIT-CAM WFS — UsoDelSuelo:VPLA_V_CLASIFICACION (https://idem.comunidad.madrid/geosrvg/ows)", "fecha_dato": "2026-05-12", "ambito": "27596", "_raw_CD_SIGLAS": "SUBNS_A", "_raw_DS_CLASIF_GEN": "Suelo No Urbanizable Común (APLAZADO)", "_raw_DS_CLASIF_DET": "Suelo No Urbanizable Común", "_raw_DS_DOCU": "NORMAS SUBSIDIARIAS", "_raw_DS_LEY": "CM Ley 4/1984, E RDL 1/1992", "_raw_FC_AC": "1995-06-07", "_raw_NM_AREA_M2": 5192021.7679890301, "_cam_code": "053" }, "geometry": { "type": "Polygon", "coordinates": [ [ [ -3.4251, 40.5454 ], [ -3.4374, 40.5469 ], [ -3.4388, 40.5473 ], [ -3.4409, 40.5476 ], [ -3.4421, 40.5479 ], [ -3.4422, 40.5478 ], [ -3.4426, 40.5465 ], [ -3.4422, 40.5464 ], [ -3.4424, 40.5461 ], [ -3.4427, 40.5462 ], [ -3.4441, 40.5429 ], [ -3.4452, 40.5397 ], [ -3.4453, 40.5397 ], [ -3.4451, 40.5395 ], [ -3.4441, 40.5391 ], [ -3.4425, 40.5386 ], [ -3.4433, 40.5362 ], [ -3.4442, 40.5363 ], [ -3.447, 40.5272 ], [ -3.4496, 40.5276 ], [ -3.4518, 40.5228 ], [ -3.4519, 40.5224 ], [ -3.4508, 40.5191 ], [ -3.4528, 40.5157 ], [ -3.4532, 40.5123 ], [ -3.4528, 40.5123 ], [ -3.4515, 40.5119 ], [ -3.4509, 40.5119 ], [ -3.4496, 40.5114 ], [ -3.4491, 40.5114 ], [ -3.4461, 40.5122 ], [ -3.4424, 40.5126 ], [ -3.4388, 40.5135 ], [ -3.4365, 40.5092 ], [ -3.4351, 40.5089 ], [ -3.4324, 40.51 ], [ -3.4289, 40.5109 ], [ -3.4287, 40.5177 ], [ -3.4306, 40.5181 ], [ -3.4306, 40.5198 ], [ -3.4303, 40.5204 ], [ -3.4305, 40.5209 ], [ -3.4306, 40.522 ], [ -3.4302, 40.5245 ], [ -3.4299, 40.5254 ], [ -3.4298, 40.5267 ], [ -3.4291, 40.5284 ], [ -3.429, 40.5295 ], [ -3.4287, 40.5302 ], [ -3.4368, 40.5302 ], [ -3.438, 40.5338 ], [ -3.4388, 40.5368 ], [ -3.4387, 40.538 ], [ -3.4384, 40.538 ], [ -3.4381, 40.5391 ], [ -3.438, 40.5393 ], [ -3.4378, 40.5392 ], [ -3.4377, 40.5394 ], [ -3.4373, 40.5414 ], [ -3.437, 40.5415 ], [ -3.4362, 40.5408 ], [ -3.4351, 40.5401 ], [ -3.4351, 40.5399 ], [ -3.4349, 40.5397 ], [ -3.4353, 40.5414 ], [ -3.4332, 40.5435 ], [ -3.425, 40.5432 ], [ -3.4247, 40.5455 ], [ -3.4251, 40.5454 ] ], [ [ -3.44, 40.537 ], [ -3.4397, 40.538 ], [ -3.4388, 40.5378 ], [ -3.4388, 40.5368 ], [ -3.44, 40.537 ] ] ] } },
{ "type": "Feature", "properties": { "municipio": "Daganzo de Arriba", "clasificacion": "urbanizable-no-sectorizado", "calificacion": "sin-asignar", "version": "vigente", "fuente": "SIT-CAM WFS — UsoDelSuelo:VPLA_V_CLASIFICACION (https://idem.comunidad.madrid/geosrvg/ows)", "fecha_dato": "2026-05-12", "ambito": "27596", "_raw_CD_SIGLAS": "SUBNS_A", "_raw_DS_CLASIF_GEN": "Suelo No Urbanizable Común (APLAZADO)", "_raw_DS_CLASIF_DET": "Suelo No Urbanizable Común", "_raw_DS_DOCU": "NORMAS SUBSIDIARIAS", "_raw_DS_LEY": "CM Ley 4/1984, E RDL 1/1992", "_raw_FC_AC": "1995-06-07", "_raw_NM_AREA_M2": 1707353.0709808799, "_cam_code": "053" }, "geometry": { "type": "Polygon", "coordinates": [ [ [ -3.4593, 40.5354 ], [ -3.4666, 40.536 ], [ -3.4687, 40.5388 ], [ -3.4689, 40.5389 ], [ -3.4695, 40.5375 ], [ -3.4709, 40.5331 ], [ -3.4686, 40.5328 ], [ -3.4687, 40.5312 ], [ -3.467, 40.531 ], [ -3.4652, 40.5291 ], [ -3.4628, 40.5285 ], [ -3.4624, 40.5268 ], [ -3.4612, 40.5267 ], [ -3.4621, 40.5238 ], [ -3.4631, 40.5235 ], [ -3.4631, 40.5229 ], [ -3.4627, 40.5222 ], [ -3.4622, 40.5218 ], [ -3.4616, 40.5217 ], [ -3.4624, 40.5208 ], [ -3.4628, 40.5206 ], [ -3.4628, 40.5205 ], [ -3.463, 40.5205 ], [ -3.4631, 40.5203 ], [ -3.4629, 40.5201 ], [ -3.4626, 40.5201 ], [ -3.4626, 40.52 ], [ -3.4621, 40.5198 ], [ -3.4619, 40.5194 ], [ -3.462, 40.5183 ], [ -3.4615, 40.5181 ], [ -3.4611, 40.517 ], [ -3.4611, 40.5166 ], [ -3.4614, 40.5161 ], [ -3.4613, 40.5157 ], [ -3.4617, 40.5155 ], [ -3.4624, 40.5155 ], [ -3.4632, 40.5153 ], [ -3.4632, 40.5152 ], [ -3.4635, 40.5152 ], [ -3.4639, 40.515 ], [ -3.4632, 40.5138 ], [ -3.4623, 40.5135 ], [ -3.4623, 40.5132 ], [ -3.4617, 40.5132 ], [ -3.4616, 40.5123 ], [ -3.462, 40.511 ], [ -3.4606, 40.5109 ], [ -3.4591, 40.5106 ], [ -3.4587, 40.5107 ], [ -3.4562, 40.5099 ], [ -3.4561, 40.5106 ], [ -3.4558, 40.5109 ], [ -3.4546, 40.5115 ], [ -3.4546, 40.5116 ], [ -3.455, 40.5121 ], [ -3.4552, 40.5128 ], [ -3.4555, 40.5131 ], [ -3.4556, 40.5135 ], [ -3.4557, 40.5135 ], [ -3.4559, 40.5144 ], [ -3.4562, 40.5148 ], [ -3.4563, 40.5156 ], [ -3.4564, 40.5156 ], [ -3.4564, 40.5159 ], [ -3.4565, 40.5159 ], [ -3.4565, 40.5167 ], [ -3.4568, 40.5172 ], [ -3.457, 40.5172 ], [ -3.4571, 40.5176 ], [ -3.4572, 40.5176 ], [ -3.4572, 40.518 ], [ -3.4575, 40.5183 ], [ -3.4575, 40.5189 ], [ -3.4571, 40.519 ], [ -3.4571, 40.5194 ], [ -3.4572, 40.5194 ], [ -3.4574, 40.52 ], [ -3.4576, 40.5202 ], [ -3.4576, 40.5205 ], [ -3.4579, 40.5208 ], [ -3.4579, 40.5213 ], [ -3.458, 40.5214 ], [ -3.4579, 40.5214 ], [ -3.4578, 40.5222 ], [ -3.4577, 40.5222 ], [ -3.4576, 40.5226 ], [ -3.4577, 40.5237 ], [ -3.4571, 40.5244 ], [ -3.4572, 40.5246 ], [ -3.4569, 40.5247 ], [ -3.4569, 40.5254 ], [ -3.457, 40.5254 ], [ -3.4569, 40.5258 ], [ -3.4575, 40.5259 ], [ -3.4579, 40.5265 ], [ -3.4577, 40.5268 ], [ -3.4577, 40.527 ], [ -3.4578, 40.527 ], [ -3.4577, 40.5272 ], [ -3.4578, 40.5272 ], [ -3.4578, 40.5276 ], [ -3.4577, 40.5276 ], [ -3.4579, 40.528 ], [ -3.458, 40.5289 ], [ -3.4579, 40.5289 ], [ -3.4579, 40.5292 ], [ -3.4573, 40.5297 ], [ -3.4574, 40.5303 ], [ -3.4568, 40.5313 ], [ -3.4567, 40.5313 ], [ -3.4568, 40.532 ], [ -3.4565, 40.5323 ], [ -3.4565, 40.5327 ], [ -3.4563, 40.5331 ], [ -3.4563, 40.5332 ], [ -3.4565, 40.5332 ], [ -3.4564, 40.5337 ], [ -3.456, 40.5341 ], [ -3.4562, 40.5344 ], [ -3.4562, 40.5347 ], [ -3.456, 40.5349 ], [ -3.4562, 40.5354 ], [ -3.4593, 40.5354 ] ] ] } },
{ "type": "Feature", "properties": { "municipio": "Daganzo de Arriba", "clasificacion": "urbanizable-no-sectorizado", "calificacion": "sin-asignar", "version": "vigente", "fuente": "SIT-CAM WFS — UsoDelSuelo:VPLA_V_CLASIFICACION (https://idem.comunidad.madrid/geosrvg/ows)", "fecha_dato": "2026-05-12", "ambito": "27596", "_raw_CD_SIGLAS": "SUBNS_A", "_raw_DS_CLASIF_GEN": "Suelo No Urbanizable Común (APLAZADO)", "_raw_DS_CLASIF_DET": "Instalaciones en suelo no urbanizable", "_raw_DS_DOCU": "NORMAS SUBSIDIARIAS", "_raw_DS_LEY": "CM Ley 4/1984, E RDL 1/1992", "_raw_FC_AC": "1995-06-07", "_raw_NM_AREA_M2": 222348.63308755701, "_cam_code": "053" }, "geometry": { "type": "Polygon", "coordinates": [ [ [ -3.4701, 40.5693 ], [ -3.4718, 40.5698 ], [ -3.4727, 40.5698 ], [ -3.4731, 40.5696 ], [ -3.472, 40.5679 ], [ -3.4719, 40.5679 ], [ -3.4718, 40.5675 ], [ -3.4717, 40.5675 ], [ -3.4717, 40.5671 ], [ -3.4618, 40.5676 ], [ -3.4617, 40.5693 ], [ -3.462, 40.5698 ], [ -3.4663, 40.5695 ], [ -3.4699, 40.5694 ], [ -3.4701, 40.5693 ] ] ] } },
{ "type": "Feature", "properties": { "municipio": "Daganzo de Arriba", "clasificacion": "urbanizable-sectorizado", "calificacion": "sin-asignar", "version": "vigente", "fuente": "SIT-CAM WFS — UsoDelSuelo:VPLA_V_CLASIFICACION (https://idem.comunidad.madrid/geosrvg/ows)", "fecha_dato": "2026-05-12", "ambito": "27596", "_raw_CD_SIGLAS": "SUBS", "_raw_DS_CLASIF_GEN": "Suelo Apto Para Urbanizar", "_raw_DS_CLASIF_DET": "Suelo Apto Para Urbanizar", "_raw_DS_DOCU": "NORMAS SUBSIDIARIAS", "_raw_DS_LEY": "CM Ley 4/1984, E RDL 1/1992", "_raw_FC_AC": "1995-06-07", "_raw_NM_AREA_M2": 4894.3762439129196, "_cam_code": "053" }, "geometry": { "type": "Polygon", "coordinates": [ [ [ -3.4551, 40.5494 ], [ -3.4553, 40.5503 ], [ -3.4556, 40.5506 ], [ -3.4558, 40.5514 ], [ -3.4559, 40.5514 ], [ -3.4558, 40.5508 ], [ -3.4554, 40.55 ], [ -3.4549, 40.5485 ], [ -3.4546, 40.549 ], [ -3.4551, 40.5494 ] ] ] } },
{ "type": "Feature", "properties": { "municipio": "Daganzo de Arriba", "clasificacion": "urbanizable-sectorizado", "calificacion": "sin-asignar", "version": "vigente", "fuente": "SIT-CAM WFS — UsoDelSuelo:VPLA_V_CLASIFICACION (https://idem.comunidad.madrid/geosrvg/ows)", "fecha_dato": "2026-05-12", "ambito": "27596", "_raw_CD_SIGLAS": "SUBS", "_raw_DS_CLASIF_GEN": "Suelo Apto Para Urbanizar", "_raw_DS_CLASIF_DET": "Suelo Apto para Urbanizar", "_raw_DS_DOCU": "NORMAS SUBSIDIARIAS", "_raw_DS_LEY": "CM Ley 4/1984, E RDL 1/1992", "_raw_FC_AC": "1995-06-07", "_raw_NM_AREA_M2": 73012.888074951203, "_cam_code": "053" }, "geometry": { "type": "Polygon", "coordinates": [ [ [ -3.4524, 40.5413 ], [ -3.4518, 40.5427 ], [ -3.4529, 40.5453 ], [ -3.4531, 40.5455 ], [ -3.4546, 40.5447 ], [ -3.4547, 40.5433 ], [ -3.4544, 40.5427 ], [ -3.4535, 40.5417 ], [ -3.4532, 40.5417 ], [ -3.4532, 40.5415 ], [ -3.4526, 40.5413 ], [ -3.4524, 40.5413 ] ] ] } },
{ "type": "Feature", "properties": { "municipio": "Daganzo de Arriba", "clasificacion": "urbanizable-sectorizado", "calificacion": "sin-asignar", "version": "vigente", "fuente": "SIT-CAM WFS — UsoDelSuelo:VPLA_V_CLASIFICACION (https://idem.comunidad.madrid/geosrvg/ows)", "fecha_dato": "2026-05-12", "ambito": "27596", "_raw_CD_SIGLAS": "SUBS", "_raw_DS_CLASIF_GEN": "Suelo Apto Para Urbanizar", "_raw_DS_CLASIF_DET": "Suelo Apto Para Urbanizar", "_raw_DS_DOCU": "NORMAS SUBSIDIARIAS", "_raw_DS_LEY": "CM Ley 4/1984, E RDL 1/1992", "_raw_FC_AC": "1995-06-07", "_raw_NM_AREA_M2": 88712.5721329058, "_cam_code": "053" }, "geometry": { "type": "Polygon", "coordinates": [ [ [ -3.4639, 40.5453 ], [ -3.4615, 40.5466 ], [ -3.4593, 40.5484 ], [ -3.4599, 40.55 ], [ -3.4612, 40.5488 ], [ -3.4627, 40.5477 ], [ -3.463, 40.5474 ], [ -3.463, 40.5472 ], [ -3.4645, 40.5459 ], [ -3.465, 40.5462 ], [ -3.4661, 40.5459 ], [ -3.4654, 40.545 ], [ -3.4643, 40.5453 ], [ -3.4643, 40.5454 ], [ -3.4639, 40.5453 ] ] ] } },
{ "type": "Feature", "properties": { "municipio": "Daganzo de Arriba", "clasificacion": "urbanizable-sectorizado", "calificacion": "sin-asignar", "version": "vigente", "fuente": "SIT-CAM WFS — UsoDelSuelo:VPLA_V_CLASIFICACION (https://idem.comunidad.madrid/geosrvg/ows)", "fecha_dato": "2026-05-12", "ambito": "27596", "_raw_CD_SIGLAS": "SUBS", "_raw_DS_CLASIF_GEN": "Suelo Apto Para Urbanizar", "_raw_DS_CLASIF_DET": "Suelo Apto para Urbanizar", "_raw_DS_DOCU": "NORMAS SUBSIDIARIAS", "_raw_DS_LEY": "CM Ley 4/1984, E RDL 1/1992", "_raw_FC_AC": "1995-06-07", "_raw_NM_AREA_M2": 67003.031878742695, "_cam_code": "053" }, "geometry": { "type": "Polygon", "coordinates": [ [ [ -3.4546, 40.5449 ], [ -3.4531, 40.5456 ], [ -3.4534, 40.5457 ], [ -3.4535, 40.5461 ], [ -3.4534, 40.5467 ], [ -3.4536, 40.5472 ], [ -3.4534, 40.5482 ], [ -3.4531, 40.5484 ], [ -3.4529, 40.5505 ], [ -3.4548, 40.5485 ], [ -3.4549, 40.547 ], [ -3.455, 40.547 ], [ -3.4553, 40.545 ], [ -3.4549, 40.545 ], [ -3.4546, 40.5448 ], [ -3.4546, 40.5449 ] ] ] } },
{ "type": "Feature", "properties": { "municipio": "Daganzo de Arriba", "clasificacion": "urbanizable-sectorizado", "calificacion": "sin-asignar", "version": "vigente", "fuente": "SIT-CAM WFS — UsoDelSuelo:VPLA_V_CLASIFICACION (https://idem.comunidad.madrid/geosrvg/ows)", "fecha_dato": "2026-05-12", "ambito": "27596", "_raw_CD_SIGLAS": "SUBS_A", "_raw_DS_CLASIF_GEN": "Suelo Apto Para Urbanizar (APLAZADO)", "_raw_DS_CLASIF_DET": "Suelo Apto Para Urbanizar (APLAZADO)", "_raw_DS_DOCU": "NORMAS SUBSIDIARIAS", "_raw_DS_LEY": "CM Ley 4/1984, E RDL 1/1992", "_raw_FC_AC": "1995-06-07", "_raw_NM_AREA_M2": 27470.701599969401, "_cam_code": "053" }, "geometry": { "type": "Polygon", "coordinates": [ [ [ -3.4537, 40.5416 ], [ -3.4547, 40.542 ], [ -3.455, 40.542 ], [ -3.4553, 40.5422 ], [ -3.4554, 40.5419 ], [ -3.4552, 40.5411 ], [ -3.4565, 40.5411 ], [ -3.4566, 40.539 ], [ -3.4565, 40.539 ], [ -3.4564, 40.539 ], [ -3.4562, 40.539 ], [ -3.4562, 40.539 ], [ -3.456, 40.539 ], [ -3.456, 40.539 ], [ -3.4559, 40.539 ], [ -3.4558, 40.539 ], [ -3.4559, 40.539 ], [ -3.4559, 40.5393 ], [ -3.4561, 40.5395 ], [ -3.4562, 40.5399 ], [ -3.4553, 40.5407 ], [ -3.4551, 40.5411 ], [ -3.4539, 40.5412 ], [ -3.4536, 40.5413 ], [ -3.4536, 40.5414 ], [ -3.4532, 40.5414 ], [ -3.4532, 40.5417 ], [ -3.4537, 40.5416 ] ] ] } },
{ "type": "Feature", "properties": { "municipio": "Daganzo de Arriba", "clasificacion": "urbanizable-sectorizado", "calificacion": "sin-asignar", "version": "vigente", "fuente": "SIT-CAM WFS — UsoDelSuelo:VPLA_V_CLASIFICACION (https://idem.comunidad.madrid/geosrvg/ows)", "fecha_dato": "2026-05-12", "ambito": "27596", "_raw_CD_SIGLAS": "SUBS_A", "_raw_DS_CLASIF_GEN": "Suelo Apto Para Urbanizar (APLAZADO)", "_raw_DS_CLASIF_DET": "Suelo Apto para Urbanizar", "_raw_DS_DOCU": "NORMAS SUBSIDIARIAS", "_raw_DS_LEY": "CM Ley 4/1984, E RDL 1/1992", "_raw_FC_AC": "1995-06-07", "_raw_NM_AREA_M2": 253323.705859473, "_cam_code": "053" }, "geometry": { "type": "Polygon", "coordinates": [ [ [ -3.4664, 40.5368 ], [ -3.4682, 40.5393 ], [ -3.4686, 40.5396 ], [ -3.4691, 40.5397 ], [ -3.4686, 40.5394 ], [ -3.4688, 40.5388 ], [ -3.4666, 40.536 ], [ -3.4595, 40.5354 ], [ -3.4561, 40.5354 ], [ -3.4561, 40.5359 ], [ -3.4559, 40.536 ], [ -3.4559, 40.5366 ], [ -3.4558, 40.5366 ], [ -3.4559, 40.5367 ], [ -3.4558, 40.5368 ], [ -3.4558, 40.5375 ], [ -3.4559, 40.5375 ], [ -3.4559, 40.5379 ], [ -3.4616, 40.5379 ], [ -3.4628, 40.538 ], [ -3.4634, 40.5382 ], [ -3.4634, 40.5383 ], [ -3.4646, 40.5384 ], [ -3.4664, 40.5368 ] ] ] } },
{ "type": "Feature", "properties": { "municipio": "Daganzo de Arriba", "clasificacion": "urbanizable-sectorizado", "calificacion": "sin-asignar", "version": "vigente", "fuente": "SIT-CAM WFS — UsoDelSuelo:VPLA_V_CLASIFICACION (https://idem.comunidad.madrid/geosrvg/ows)", "fecha_dato": "2026-05-12", "ambito": "27596", "_raw_CD_SIGLAS": "SUBS_A", "_raw_DS_CLASIF_GEN": "Suelo Apto Para Urbanizar (APLAZADO)", "_raw_DS_CLASIF_DET": "Suelo Apto para Urbanizar (APLAZADO)", "_raw_DS_DOCU": "NORMAS SUBSIDIARIAS", "_raw_DS_LEY": "CM Ley 4/1984, E RDL 1/1992", "_raw_FC_AC": "1995-06-07", "_raw_NM_AREA_M2": 49458.463874965601, "_cam_code": "053" }, "geometry": { "type": "Polygon", "coordinates": [ [ [ -3.4533, 40.5414 ], [ -3.4536, 40.5414 ], [ -3.4536, 40.5413 ], [ -3.4539, 40.5412 ], [ -3.4551, 40.5411 ], [ -3.4553, 40.5407 ], [ -3.4562, 40.5399 ], [ -3.4561, 40.5395 ], [ -3.4559, 40.5393 ], [ -3.4559, 40.539 ], [ -3.454, 40.5385 ], [ -3.4533, 40.5414 ] ] ] } }
]
}
