{
"type": "FeatureCollection",
"name": "vigente.full",
"features": [
{ "type": "Feature", "properties": { "municipio": "Aldea del Fresno", "clasificacion": "no-urbanizable-protegido", "calificacion": "sin-asignar", "version": "vigente", "fuente": "SIT-CAM WFS — UsoDelSuelo:VPLA_V_CLASIFICACION (https://idem.comunidad.madrid/geosrvg/ows)", "fecha_dato": "2026-05-12", "ambito": "32623", "_raw_CD_SIGLAS": "SNUP", "_raw_DS_CLASIF_GEN": "Suelo No Urbanizable Protegido", "_raw_DS_CLASIF_DET": "Suelo No Urbanizable Protegido Clase III Espacios de Interés Forestal y Paisajístico", "_raw_DS_DOCU": "NORMAS SUBSIDIARIAS", "_raw_DS_LEY": "CM Ley 9/1995, E RDL 1/1992", "_raw_FC_AC": "1997-04-24", "_raw_NM_AREA_M2": 17585.560371707499, "_cam_code": "008" }, "geometry": { "type": "Polygon", "coordinates": [ [ [ -4.2187, 40.28 ], [ -4.2192, 40.2793 ], [ -4.2192, 40.2791 ], [ -4.2205, 40.2777 ], [ -4.2205, 40.2774 ], [ -4.2203, 40.2776 ], [ -4.2184, 40.2784 ], [ -4.2187, 40.28 ] ] ] } },
{ "type": "Feature", "properties": { "municipio": "Aldea del Fresno", "clasificacion": "no-urbanizable-protegido", "calificacion": "sin-asignar", "version": "vigente", "fuente": "SIT-CAM WFS — UsoDelSuelo:VPLA_V_CLASIFICACION (https://idem.comunidad.madrid/geosrvg/ows)", "fecha_dato": "2026-05-12", "ambito": "32623", "_raw_CD_SIGLAS": "SNUP", "_raw_DS_CLASIF_GEN": "Suelo No Urbanizable Protegido", "_raw_DS_CLASIF_DET": "Suelo No Urbanizable Protegido Clase III Espacios de Interés Forestal y Paisajístico", "_raw_DS_DOCU": "NORMAS SUBSIDIARIAS", "_raw_DS_LEY": "CM Ley 9/1995, E RDL 1/1992", "_raw_FC_AC": "1997-04-24", "_raw_NM_AREA_M2": 42729.193734666202, "_cam_code": "008" }, "geometry": { "type": "Polygon", "coordinates": [ [ [ -4.2016, 40.33 ], [ -4.2016, 40.3304 ], [ -4.2021, 40.3314 ], [ -4.2024, 40.3317 ], [ -4.2032, 40.3317 ], [ -4.2032, 40.3313 ], [ -4.2041, 40.3309 ], [ -4.2038, 40.3291 ], [ -4.2037, 40.3293 ], [ -4.2032, 40.3294 ], [ -4.2021, 40.3294 ], [ -4.2018, 40.3299 ], [ -4.2016, 40.33 ] ] ] } },
{ "type": "Feature", "properties": { "municipio": "Aldea del Fresno", "clasificacion": "no-urbanizable-protegido", "calificacion": "sin-asignar", "version": "vigente", "fuente": "SIT-CAM WFS — UsoDelSuelo:VPLA_V_CLASIFICACION (https://idem.comunidad.madrid/geosrvg/ows)", "fecha_dato": "2026-05-12", "ambito": "32623", "_raw_CD_SIGLAS": "SNUP", "_raw_DS_CLASIF_GEN": "Suelo No Urbanizable Protegido", "_raw_DS_CLASIF_DET": "Suelo No Urbanizable Protegido Clase III Espacios de Interés Forestal y Paisajístico", "_raw_DS_DOCU": "NORMAS SUBSIDIARIAS", "_raw_DS_LEY": "CM Ley 9/1995, E RDL 1/1992", "_raw_FC_AC": "1997-04-24", "_raw_NM_AREA_M2": 290667.52154403698, "_cam_code": "008" }, "geometry": { "type": "Polygon", "coordinates": [ [ [ -4.1831, 40.325 ], [ -4.184, 40.3258 ], [ -4.1847, 40.3251 ], [ -4.1852, 40.3252 ], [ -4.1855, 40.325 ], [ -4.186, 40.325 ], [ -4.1863, 40.3248 ], [ -4.1846, 40.3245 ], [ -4.1843, 40.3237 ], [ -4.184, 40.3234 ], [ -4.1833, 40.3231 ], [ -4.1834, 40.3228 ], [ -4.1832, 40.3224 ], [ -4.1838, 40.3224 ], [ -4.1851, 40.3229 ], [ -4.1857, 40.3228 ], [ -4.1859, 40.3225 ], [ -4.1834, 40.3215 ], [ -4.1824, 40.3208 ], [ -4.1815, 40.3219 ], [ -4.1802, 40.322 ], [ -4.1796, 40.321 ], [ -4.1792, 40.3197 ], [ -4.179, 40.3184 ], [ -4.1791, 40.3182 ], [ -4.1798, 40.3177 ], [ -4.179, 40.317 ], [ -4.1784, 40.3176 ], [ -4.178, 40.3188 ], [ -4.1783, 40.3208 ], [ -4.1775, 40.3208 ], [ -4.1772, 40.322 ], [ -4.1766, 40.3224 ], [ -4.1764, 40.3227 ], [ -4.176, 40.3237 ], [ -4.1757, 40.324 ], [ -4.1758, 40.3242 ], [ -4.1757, 40.3245 ], [ -4.1781, 40.3256 ], [ -4.1784, 40.3248 ], [ -4.1785, 40.3241 ], [ -4.179, 40.3235 ], [ -4.1794, 40.3235 ], [ -4.1805, 40.3239 ], [ -4.1812, 40.3238 ], [ -4.1814, 40.3241 ], [ -4.1819, 40.3242 ], [ -4.1822, 40.3247 ], [ -4.1827, 40.325 ], [ -4.1831, 40.325 ] ] ] } },
{ "type": "Feature", "properties": { "municipio": "Aldea del Fresno", "clasificacion": "no-urbanizable-protegido", "calificacion": "sin-asignar", "version": "vigente", "fuente": "SIT-CAM WFS — UsoDelSuelo:VPLA_V_CLASIFICACION (https://idem.comunidad.madrid/geosrvg/ows)", "fecha_dato": "2026-05-12", "ambito": "32623", "_raw_CD_SIGLAS": "SNUP", "_raw_DS_CLASIF_GEN": "Suelo No Urbanizable Protegido", "_raw_DS_CLASIF_DET": "Suelo No Urbanizable Protegido Clase III Espacios de Interés Forestal y Paisajístico", "_raw_DS_DOCU": "NORMAS SUBSIDIARIAS", "_raw_DS_LEY": "CM Ley 9/1995, E RDL 1/1992", "_raw_FC_AC": "1997-04-24", "_raw_NM_AREA_M2": 16576.724983603501, "_cam_code": "008" }, "geometry": { "type": "Polygon", "coordinates": [ [ [ -4.2191, 40.3217 ], [ -4.219, 40.3219 ], [ -4.2171, 40.3224 ], [ -4.2171, 40.3227 ], [ -4.2166, 40.3234 ], [ -4.2194, 40.3225 ], [ -4.2191, 40.322 ], [ -4.2191, 40.3217 ] ] ] } },
{ "type": "Feature", "properties": { "municipio": "Aldea del Fresno", "clasificacion": "no-urbanizable-protegido", "calificacion": "sin-asignar", "version": "vigente", "fuente": "SIT-CAM WFS — UsoDelSuelo:VPLA_V_CLASIFICACION (https://idem.comunidad.madrid/geosrvg/ows)", "fecha_dato": "2026-05-12", "ambito": "32623", "_raw_CD_SIGLAS": "SNUP", "_raw_DS_CLASIF_GEN": "Suelo No Urbanizable Protegido", "_raw_DS_CLASIF_DET": "Suelo No Urbanizable Protegido Clase III Espacios de Interés Forestal y Paisajístico", "_raw_DS_DOCU": "NORMAS SUBSIDIARIAS", "_raw_DS_LEY": "CM Ley 9/1995, E RDL 1/1992", "_raw_FC_AC": "1997-04-24", "_raw_NM_AREA_M2": 272369.27237604902, "_cam_code": "008" }, "geometry": { "type": "Polygon", "coordinates": [ [ [ -4.2091, 40.3162 ], [ -4.2109, 40.3163 ], [ -4.2157, 40.3152 ], [ -4.2158, 40.3118 ], [ -4.2138, 40.3109 ], [ -4.2133, 40.3108 ], [ -4.2124, 40.3109 ], [ -4.2121, 40.3108 ], [ -4.211, 40.3112 ], [ -4.2104, 40.3117 ], [ -4.2098, 40.3126 ], [ -4.2095, 40.3133 ], [ -4.2091, 40.3162 ] ] ] } },
{ "type": "Feature", "properties": { "municipio": "Aldea del Fresno", "clasificacion": "no-urbanizable-protegido", "calificacion": "sin-asignar", "version": "vigente", "fuente": "SIT-CAM WFS — UsoDelSuelo:VPLA_V_CLASIFICACION (https://idem.comunidad.madrid/geosrvg/ows)", "fecha_dato": "2026-05-12", "ambito": "32623", "_raw_CD_SIGLAS": "SNUP", "_raw_DS_CLASIF_GEN": "Suelo No Urbanizable Protegido", "_raw_DS_CLASIF_DET": "Suelo No Urbanizable Clase I Cauces. Riberas y Zonas Húmedas", "_raw_DS_DOCU": "NORMAS SUBSIDIARIAS", "_raw_DS_LEY": "CM Ley 9/1995, E RDL 1/1992", "_raw_FC_AC": "1997-04-24", "_raw_NM_AREA_M2": 5102.2532037478504, "_cam_code": "008" }, "geometry": { "type": "Polygon", "coordinates": [ [ [ -4.2591, 40.3017 ], [ -4.259, 40.3023 ], [ -4.2592, 40.3024 ], [ -4.2595, 40.3022 ], [ -4.26, 40.3022 ], [ -4.26, 40.3018 ], [ -4.2597, 40.3016 ], [ -4.2591, 40.3017 ] ] ] } },
{ "type": "Feature", "properties": { "municipio": "Aldea del Fresno", "clasificacion": "no-urbanizable-protegido", "calificacion": "sin-asignar", "version": "vigente", "fuente": "SIT-CAM WFS — UsoDelSuelo:VPLA_V_CLASIFICACION (https://idem.comunidad.madrid/geosrvg/ows)", "fecha_dato": "2026-05-12", "ambito": "32623", "_raw_CD_SIGLAS": "SNUP", "_raw_DS_CLASIF_GEN": "Suelo No Urbanizable Protegido", "_raw_DS_CLASIF_DET": "Suelo No Urbanizable Protegido Clase I Espacios ZEPA", "_raw_DS_DOCU": "NORMAS SUBSIDIARIAS", "_raw_DS_LEY": "CM Ley 9/1995, E RDL 1/1992", "_raw_FC_AC": "1997-04-24", "_raw_NM_AREA_M2": 104783.994756175, "_cam_code": "008" }, "geometry": { "type": "Polygon", "coordinates": [ [ [ -4.1982, 40.3101 ], [ -4.1992, 40.3122 ], [ -4.2013, 40.3118 ], [ -4.2012, 40.3115 ], [ -4.2008, 40.3112 ], [ -4.2005, 40.3099 ], [ -4.2, 40.3097 ], [ -4.1991, 40.308 ], [ -4.1992, 40.3078 ], [ -4.1995, 40.3077 ], [ -4.2009, 40.3076 ], [ -4.1989, 40.3056 ], [ -4.1983, 40.3056 ], [ -4.1984, 40.3074 ], [ -4.1982, 40.3101 ] ] ] } },
{ "type": "Feature", "properties": { "municipio": "Aldea del Fresno", "clasificacion": "no-urbanizable-protegido", "calificacion": "sin-asignar", "version": "vigente", "fuente": "SIT-CAM WFS — UsoDelSuelo:VPLA_V_CLASIFICACION (https://idem.comunidad.madrid/geosrvg/ows)", "fecha_dato": "2026-05-12", "ambito": "32623", "_raw_CD_SIGLAS": "SNUP", "_raw_DS_CLASIF_GEN": "Suelo No Urbanizable Protegido", "_raw_DS_CLASIF_DET": "Suelo No Urbanizable Protegido Clase I Espacios ZEPA", "_raw_DS_DOCU": "NORMAS SUBSIDIARIAS", "_raw_DS_LEY": "CM Ley 9/1995, E RDL 1/1992", "_raw_FC_AC": "1997-04-24", "_raw_NM_AREA_M2": 107043.040341106, "_cam_code": "008" }, "geometry": { "type": "Polygon", "coordinates": [ [ [ -4.1919, 40.3152 ], [ -4.1943, 40.3154 ], [ -4.1944, 40.3151 ], [ -4.1954, 40.3152 ], [ -4.1956, 40.3147 ], [ -4.1959, 40.3148 ], [ -4.1961, 40.3145 ], [ -4.1959, 40.3145 ], [ -4.1958, 40.314 ], [ -4.196, 40.3137 ], [ -4.1961, 40.3132 ], [ -4.1986, 40.3135 ], [ -4.1994, 40.3134 ], [ -4.1992, 40.3122 ], [ -4.1982, 40.3101 ], [ -4.198, 40.3105 ], [ -4.1981, 40.311 ], [ -4.1983, 40.3113 ], [ -4.1981, 40.3127 ], [ -4.1945, 40.3125 ], [ -4.1942, 40.314 ], [ -4.1934, 40.3139 ], [ -4.1931, 40.3141 ], [ -4.1915, 40.3141 ], [ -4.1919, 40.3152 ] ] ] } },
{ "type": "Feature", "properties": { "municipio": "Aldea del Fresno", "clasificacion": "no-urbanizable-protegido", "calificacion": "sin-asignar", "version": "vigente", "fuente": "SIT-CAM WFS — UsoDelSuelo:VPLA_V_CLASIFICACION (https://idem.comunidad.madrid/geosrvg/ows)", "fecha_dato": "2026-05-12", "ambito": "32623", "_raw_CD_SIGLAS": "SNUP", "_raw_DS_CLASIF_GEN": "Suelo No Urbanizable Protegido", "_raw_DS_CLASIF_DET": "Suelo No Urbanizable Protegido Clase I Espacios ZEPA", "_raw_DS_DOCU": "NORMAS SUBSIDIARIAS", "_raw_DS_LEY": "CM Ley 9/1995, E RDL 1/1992", "_raw_FC_AC": "1997-04-24", "_raw_NM_AREA_M2": 30252.2214088006, "_cam_code": "008" }, "geometry": { "type": "Polygon", "coordinates": [ [ [ -4.1897, 40.3196 ], [ -4.19, 40.3199 ], [ -4.1901, 40.3202 ], [ -4.19, 40.3204 ], [ -4.1893, 40.3208 ], [ -4.1889, 40.3208 ], [ -4.1875, 40.3198 ], [ -4.1877, 40.321 ], [ -4.1893, 40.3219 ], [ -4.1909, 40.3218 ], [ -4.19, 40.3213 ], [ -4.1906, 40.3202 ], [ -4.1905, 40.32 ], [ -4.1897, 40.3196 ] ] ] } },
{ "type": "Feature", "properties": { "municipio": "Aldea del Fresno", "clasificacion": "no-urbanizable-protegido", "calificacion": "sin-asignar", "version": "vigente", "fuente": "SIT-CAM WFS — UsoDelSuelo:VPLA_V_CLASIFICACION (https://idem.comunidad.madrid/geosrvg/ows)", "fecha_dato": "2026-05-12", "ambito": "32623", "_raw_CD_SIGLAS": "SNUP", "_raw_DS_CLASIF_GEN": "Suelo No Urbanizable Protegido", "_raw_DS_CLASIF_DET": "Suelo No Urbanizable Clase I Cauces. Riberas y Zonas Húmedas", "_raw_DS_DOCU": "NORMAS SUBSIDIARIAS", "_raw_DS_LEY": "CM Ley 9/1995, E RDL 1/1992", "_raw_FC_AC": "1997-04-24", "_raw_NM_AREA_M2": 3494150.96891035, "_cam_code": "008" }, "geometry": { "type": "Polygon", "coordinates": [ [ [ -4.188, 40.3379 ], [ -4.1897, 40.3384 ], [ -4.1895, 40.3377 ], [ -4.1896, 40.3373 ], [ -4.1942, 40.3372 ], [ -4.195, 40.3371 ], [ -4.1958, 40.3368 ], [ -4.1962, 40.3365 ], [ -4.1965, 40.3356 ], [ -4.1964, 40.3334 ], [ -4.1969, 40.3321 ], [ -4.197, 40.3314 ], [ -4.1973, 40.3308 ], [ -4.1979, 40.3303 ], [ -4.1984, 40.3302 ], [ -4.1989, 40.3301 ], [ -4.201, 40.3303 ], [ -4.2018, 40.3299 ], [ -4.2023, 40.3291 ], [ -4.2025, 40.3281 ], [ -4.2027, 40.3278 ], [ -4.2028, 40.3279 ], [ -4.2036, 40.3279 ], [ -4.2038, 40.3284 ], [ -4.2049, 40.3283 ], [ -4.2051, 40.3285 ], [ -4.2059, 40.3287 ], [ -4.2057, 40.3291 ], [ -4.2059, 40.33 ], [ -4.2065, 40.3296 ], [ -4.2073, 40.3294 ], [ -4.2077, 40.3287 ], [ -4.2075, 40.3282 ], [ -4.2067, 40.3273 ], [ -4.2068, 40.327 ], [ -4.2072, 40.3267 ], [ -4.2077, 40.3267 ], [ -4.2083, 40.3265 ], [ -4.2087, 40.3262 ], [ -4.2108, 40.3259 ], [ -4.2132, 40.3253 ], [ -4.2133, 40.3258 ], [ -4.2132, 40.326 ], [ -4.2126, 40.3263 ], [ -4.2127, 40.3267 ], [ -4.2126, 40.3268 ], [ -4.2127, 40.3269 ], [ -4.2125, 40.3271 ], [ -4.2125, 40.3276 ], [ -4.2124, 40.3277 ], [ -4.2129, 40.3283 ], [ -4.2132, 40.3284 ], [ -4.213, 40.3288 ], [ -4.2131, 40.329 ], [ -4.2134, 40.3291 ], [ -4.2135, 40.3294 ], [ -4.2125, 40.3302 ], [ -4.2123, 40.3302 ], [ -4.2128, 40.3307 ], [ -4.213, 40.3306 ], [ -4.2141, 40.3298 ], [ -4.2143, 40.3292 ], [ -4.2143, 40.3289 ], [ -4.214, 40.3287 ], [ -4.2142, 40.3279 ], [ -4.214, 40.3277 ], [ -4.2132, 40.3277 ], [ -4.2132, 40.3276 ], [ -4.2134, 40.3274 ], [ -4.2133, 40.327 ], [ -4.2134, 40.327 ], [ -4.2136, 40.3264 ], [ -4.214, 40.326 ], [ -4.2139, 40.3253 ], [ -4.2145, 40.3247 ], [ -4.2146, 40.325 ], [ -4.2151, 40.3253 ], [ -4.2172, 40.3254 ], [ -4.2178, 40.3257 ], [ -4.2185, 40.3258 ], [ -4.2189, 40.3262 ], [ -4.2192, 40.3262 ], [ -4.2192, 40.3269 ], [ -4.2187, 40.3274 ], [ -4.2186, 40.328 ], [ -4.2181, 40.3282 ], [ -4.2181, 40.3286 ], [ -4.2179, 40.3289 ], [ -4.218, 40.3295 ], [ -4.2178, 40.3297 ], [ -4.2179, 40.3303 ], [ -4.2176, 40.3306 ], [ -4.2178, 40.331 ], [ -4.2175, 40.3312 ], [ -4.2169, 40.3313 ], [ -4.2166, 40.3317 ], [ -4.217, 40.3325 ], [ -4.2173, 40.3326 ], [ -4.2176, 40.3329 ], [ -4.2177, 40.3333 ], [ -4.2179, 40.3335 ], [ -4.2179, 40.3338 ], [ -4.2185, 40.3337 ], [ -4.2185, 40.3329 ], [ -4.2184, 40.3323 ], [ -4.2176, 40.332 ], [ -4.2176, 40.3318 ], [ -4.2189, 40.3316 ], [ -4.2192, 40.3315 ], [ -4.2193, 40.3313 ], [ -4.2193, 40.331 ], [ -4.2187, 40.3307 ], [ -4.2186, 40.3304 ], [ -4.2187, 40.3302 ], [ -4.2185, 40.3298 ], [ -4.2187, 40.3295 ], [ -4.2187, 40.3289 ], [ -4.2189, 40.3287 ], [ -4.2195, 40.3285 ], [ -4.22, 40.3274 ], [ -4.2206, 40.3273 ], [ -4.2208, 40.3271 ], [ -4.2211, 40.3273 ], [ -4.2215, 40.3279 ], [ -4.2226, 40.3285 ], [ -4.2224, 40.3289 ], [ -4.2228, 40.3295 ], [ -4.2233, 40.3295 ], [ -4.224, 40.3297 ], [ -4.2251, 40.3305 ], [ -4.2263, 40.3324 ], [ -4.2269, 40.3331 ], [ -4.227, 40.3337 ], [ -4.2276, 40.3337 ], [ -4.2274, 40.3334 ], [ -4.2274, 40.3328 ], [ -4.2272, 40.3324 ], [ -4.2268, 40.3321 ], [ -4.2262, 40.3308 ], [ -4.2259, 40.3305 ], [ -4.2252, 40.3302 ], [ -4.2249, 40.3297 ], [ -4.2245, 40.3295 ], [ -4.2234, 40.3294 ], [ -4.2229, 40.329 ], [ -4.2229, 40.3286 ], [ -4.2235, 40.3275 ], [ -4.2233, 40.3271 ], [ -4.2234, 40.3269 ], [ -4.2228, 40.3265 ], [ -4.2224, 40.326 ], [ -4.2217, 40.326 ], [ -4.2209, 40.3256 ], [ -4.2203, 40.3256 ], [ -4.2189, 40.325 ], [ -4.2177, 40.3248 ], [ -4.2168, 40.3244 ], [ -4.2166, 40.3234 ], [ -4.2171, 40.3227 ], [ -4.2171, 40.3224 ], [ -4.219, 40.3219 ], [ -4.2191, 40.3217 ], [ -4.2201, 40.3214 ], [ -4.2206, 40.3211 ], [ -4.225, 40.3168 ], [ -4.2249, 40.3166 ], [ -4.2258, 40.316 ], [ -4.2267, 40.3159 ], [ -4.2271, 40.3152 ], [ -4.228, 40.3149 ], [ -4.2289, 40.315 ], [ -4.2294, 40.3152 ], [ -4.23, 40.3152 ], [ -4.2306, 40.3159 ], [ -4.2313, 40.3162 ], [ -4.2321, 40.3169 ], [ -4.2336, 40.3191 ], [ -4.2337, 40.3195 ], [ -4.2326, 40.3206 ], [ -4.2311, 40.3217 ], [ -4.2306, 40.3222 ], [ -4.2304, 40.3226 ], [ -4.2306, 40.3238 ], [ -4.2305, 40.327 ], [ -4.2306, 40.327 ], [ -4.2308, 40.3275 ], [ -4.2313, 40.3279 ], [ -4.2319, 40.3281 ], [ -4.233, 40.3282 ], [ -4.2332, 40.3283 ], [ -4.2331, 40.3286 ], [ -4.2364, 40.3265 ], [ -4.2368, 40.3256 ], [ -4.2373, 40.325 ], [ -4.2373, 40.3248 ], [ -4.2375, 40.3247 ], [ -4.2377, 40.3238 ], [ -4.2382, 40.323 ], [ -4.2381, 40.3226 ], [ -4.2374, 40.3217 ], [ -4.236, 40.3203 ], [ -4.2373, 40.3202 ], [ -4.2373, 40.3199 ], [ -4.237, 40.3193 ], [ -4.2372, 40.3186 ], [ -4.2375, 40.3187 ], [ -4.2375, 40.3184 ], [ -4.2374, 40.3184 ], [ -4.2373, 40.318 ], [ -4.2372, 40.318 ], [ -4.2373, 40.3178 ], [ -4.2372, 40.3173 ], [ -4.2376, 40.3173 ], [ -4.2376, 40.3172 ], [ -4.238, 40.3171 ], [ -4.2383, 40.3176 ], [ -4.2389, 40.3177 ], [ -4.239, 40.3179 ], [ -4.2391, 40.3178 ], [ -4.2391, 40.3177 ], [ -4.2388, 40.3176 ], [ -4.2389, 40.3174 ], [ -4.2385, 40.3174 ], [ -4.2385, 40.317 ], [ -4.2379, 40.3168 ], [ -4.2381, 40.3164 ], [ -4.2384, 40.3162 ], [ -4.2385, 40.3159 ], [ -4.2383, 40.3161 ], [ -4.2378, 40.3161 ], [ -4.2376, 40.3164 ], [ -4.2373, 40.3165 ], [ -4.2371, 40.3163 ], [ -4.2368, 40.3163 ], [ -4.2365, 40.316 ], [ -4.2366, 40.316 ], [ -4.2363, 40.3156 ], [ -4.2363, 40.3154 ], [ -4.2361, 40.3153 ], [ -4.2363, 40.3149 ], [ -4.2365, 40.3148 ], [ -4.2363, 40.3145 ], [ -4.2361, 40.3145 ], [ -4.2361, 40.3146 ], [ -4.2357, 40.3145 ], [ -4.2355, 40.3137 ], [ -4.2351, 40.3132 ], [ -4.2349, 40.3121 ], [ -4.2348, 40.3121 ], [ -4.2347, 40.3116 ], [ -4.2346, 40.3116 ], [ -4.2346, 40.3113 ], [ -4.2345, 40.3113 ], [ -4.2343, 40.3107 ], [ -4.2336, 40.3101 ], [ -4.234, 40.3099 ], [ -4.2333, 40.3092 ], [ -4.2314, 40.3092 ], [ -4.2301, 40.3085 ], [ -4.2293, 40.3091 ], [ -4.2288, 40.309 ], [ -4.228, 40.3095 ], [ -4.228, 40.3097 ], [ -4.2274, 40.3102 ], [ -4.227, 40.3115 ], [ -4.2267, 40.3117 ], [ -4.2258, 40.312 ], [ -4.2237, 40.3124 ], [ -4.2222, 40.313 ], [ -4.2216, 40.3133 ], [ -4.2215, 40.3135 ], [ -4.2209, 40.3137 ], [ -4.2207, 40.3142 ], [ -4.2201, 40.3149 ], [ -4.2195, 40.3153 ], [ -4.2189, 40.316 ], [ -4.2185, 40.3176 ], [ -4.2186, 40.3178 ], [ -4.2183, 40.3187 ], [ -4.2172, 40.3193 ], [ -4.217, 40.3196 ], [ -4.2157, 40.32 ], [ -4.2155, 40.3212 ], [ -4.2121, 40.3214 ], [ -4.2116, 40.3211 ], [ -4.2102, 40.3208 ], [ -4.209, 40.3195 ], [ -4.209, 40.3165 ], [ -4.2071, 40.3165 ], [ -4.207, 40.3168 ], [ -4.2068, 40.3169 ], [ -4.2063, 40.3167 ], [ -4.2062, 40.3182 ], [ -4.2061, 40.3182 ], [ -4.2058, 40.3189 ], [ -4.2057, 40.3189 ], [ -4.2054, 40.3197 ], [ -4.2053, 40.3197 ], [ -4.2053, 40.3199 ], [ -4.2054, 40.3199 ], [ -4.2053, 40.3202 ], [ -4.2057, 40.321 ], [ -4.2058, 40.321 ], [ -4.2061, 40.3218 ], [ -4.2062, 40.3223 ], [ -4.2061, 40.3224 ], [ -4.2062, 40.3225 ], [ -4.2061, 40.323 ], [ -4.2063, 40.3231 ], [ -4.2062, 40.3235 ], [ -4.2067, 40.3236 ], [ -4.2068, 40.3232 ], [ -4.2074, 40.3233 ], [ -4.2073, 40.3237 ], [ -4.2065, 40.3247 ], [ -4.2063, 40.3247 ], [ -4.206, 40.325 ], [ -4.2051, 40.3254 ], [ -4.2043, 40.3255 ], [ -4.2036, 40.3259 ], [ -4.2034, 40.3259 ], [ -4.2034, 40.326 ], [ -4.2031, 40.3258 ], [ -4.203, 40.3259 ], [ -4.2035, 40.3263 ], [ -4.2029, 40.3267 ], [ -4.2027, 40.3265 ], [ -4.2025, 40.3265 ], [ -4.2024, 40.3264 ], [ -4.2025, 40.3263 ], [ -4.202, 40.3262 ], [ -4.2021, 40.3264 ], [ -4.1997, 40.325 ], [ -4.199, 40.3252 ], [ -4.199, 40.3255 ], [ -4.1993, 40.326 ], [ -4.1991, 40.3262 ], [ -4.1976, 40.3257 ], [ -4.1971, 40.3254 ], [ -4.1967, 40.325 ], [ -4.1965, 40.3245 ], [ -4.1965, 40.3239 ], [ -4.195, 40.3236 ], [ -4.1949, 40.3237 ], [ -4.1944, 40.3235 ], [ -4.1918, 40.3217 ], [ -4.192, 40.3209 ], [ -4.1921, 40.3209 ], [ -4.1906, 40.32 ], [ -4.1905, 40.32 ], [ -4.1906, 40.3202 ], [ -4.19, 40.3213 ], [ -4.1909, 40.3218 ], [ -4.1893, 40.3219 ], [ -4.1877, 40.321 ], [ -4.1875, 40.3198 ], [ -4.1889, 40.3208 ], [ -4.1893, 40.3208 ], [ -4.19, 40.3204 ], [ -4.1901, 40.3202 ], [ -4.19, 40.3199 ], [ -4.1897, 40.3196 ], [ -4.1882, 40.3192 ], [ -4.1873, 40.3187 ], [ -4.1858, 40.3182 ], [ -4.185, 40.3177 ], [ -4.1851, 40.3176 ], [ -4.185, 40.3175 ], [ -4.1834, 40.317 ], [ -4.1832, 40.3168 ], [ -4.1832, 40.3163 ], [ -4.1818, 40.3152 ], [ -4.1816, 40.3144 ], [ -4.182, 40.314 ], [ -4.1814, 40.3136 ], [ -4.1812, 40.3138 ], [ -4.1806, 40.314 ], [ -4.18, 40.314 ], [ -4.1792, 40.3138 ], [ -4.1785, 40.3132 ], [ -4.1772, 40.3126 ], [ -4.177, 40.3124 ], [ -4.1774, 40.3122 ], [ -4.1776, 40.3118 ], [ -4.1774, 40.3114 ], [ -4.1772, 40.3113 ], [ -4.1768, 40.3118 ], [ -4.1763, 40.3119 ], [ -4.1731, 40.3108 ], [ -4.1728, 40.31 ], [ -4.1725, 40.3096 ], [ -4.1725, 40.3094 ], [ -4.1729, 40.309 ], [ -4.1722, 40.3085 ], [ -4.1721, 40.3094 ], [ -4.1716, 40.3094 ], [ -4.171, 40.3091 ], [ -4.1694, 40.3088 ], [ -4.1692, 40.3086 ], [ -4.1693, 40.3082 ], [ -4.1686, 40.3085 ], [ -4.1684, 40.3084 ], [ -4.1681, 40.3073 ], [ -4.1682, 40.3069 ], [ -4.169, 40.3063 ], [ -4.168, 40.306 ], [ -4.1673, 40.3063 ], [ -4.167, 40.3066 ], [ -4.1669, 40.3071 ], [ -4.1665, 40.3069 ], [ -4.1664, 40.3088 ], [ -4.1671, 40.3104 ], [ -4.1674, 40.3102 ], [ -4.169, 40.3102 ], [ -4.1692, 40.3103 ], [ -4.1694, 40.3101 ], [ -4.1704, 40.31 ], [ -4.1718, 40.3105 ], [ -4.1729, 40.3115 ], [ -4.1735, 40.313 ], [ -4.176, 40.3141 ], [ -4.1807, 40.3159 ], [ -4.1812, 40.3158 ], [ -4.1812, 40.3163 ], [ -4.1818, 40.3183 ], [ -4.1831, 40.3186 ], [ -4.1847, 40.3187 ], [ -4.1859, 40.3193 ], [ -4.1867, 40.3198 ], [ -4.1872, 40.3212 ], [ -4.1879, 40.3218 ], [ -4.1893, 40.3223 ], [ -4.1909, 40.3221 ], [ -4.1916, 40.323 ], [ -4.1923, 40.3242 ], [ -4.1929, 40.3246 ], [ -4.1937, 40.3247 ], [ -4.1941, 40.3243 ], [ -4.1947, 40.3242 ], [ -4.1955, 40.3243 ], [ -4.1957, 40.3245 ], [ -4.196, 40.3254 ], [ -4.1963, 40.3257 ], [ -4.1992, 40.3271 ], [ -4.1999, 40.3279 ], [ -4.201, 40.3285 ], [ -4.201, 40.3289 ], [ -4.2008, 40.3294 ], [ -4.1989, 40.3295 ], [ -4.1972, 40.3299 ], [ -4.1966, 40.3306 ], [ -4.1958, 40.331 ], [ -4.1954, 40.331 ], [ -4.1951, 40.3314 ], [ -4.1945, 40.3314 ], [ -4.1942, 40.3316 ], [ -4.1937, 40.3316 ], [ -4.1936, 40.3315 ], [ -4.1923, 40.3314 ], [ -4.1917, 40.3311 ], [ -4.1905, 40.3312 ], [ -4.1898, 40.331 ], [ -4.1894, 40.3314 ], [ -4.1886, 40.3314 ], [ -4.1883, 40.3315 ], [ -4.188, 40.3318 ], [ -4.1876, 40.3318 ], [ -4.1873, 40.3322 ], [ -4.187, 40.3322 ], [ -4.1868, 40.3324 ], [ -4.1866, 40.3324 ], [ -4.1866, 40.3325 ], [ -4.1852, 40.3327 ], [ -4.1854, 40.3331 ], [ -4.1866, 40.3331 ], [ -4.1881, 40.3326 ], [ -4.1883, 40.3323 ], [ -4.1887, 40.3321 ], [ -4.1899, 40.332 ], [ -4.1901, 40.3318 ], [ -4.191, 40.3319 ], [ -4.1918, 40.3317 ], [ -4.1926, 40.332 ], [ -4.1937, 40.3321 ], [ -4.1938, 40.3322 ], [ -4.1958, 40.3318 ], [ -4.1956, 40.3329 ], [ -4.1957, 40.3338 ], [ -4.1952, 40.335 ], [ -4.1952, 40.3354 ], [ -4.1947, 40.336 ], [ -4.1944, 40.3362 ], [ -4.1936, 40.3363 ], [ -4.1924, 40.3356 ], [ -4.192, 40.3357 ], [ -4.1902, 40.3355 ], [ -4.1896, 40.3356 ], [ -4.189, 40.3359 ], [ -4.1882, 40.3368 ], [ -4.1876, 40.3372 ], [ -4.188, 40.3379 ] ], [ [ -4.2058, 40.3265 ], [ -4.2062, 40.3263 ], [ -4.2062, 40.3265 ], [ -4.2059, 40.3269 ], [ -4.2059, 40.3272 ], [ -4.2064, 40.3278 ], [ -4.2065, 40.3281 ], [ -4.206, 40.3283 ], [ -4.2052, 40.3279 ], [ -4.2041, 40.3269 ], [ -4.2058, 40.3265 ] ] ] } },
{ "type": "Feature", "properties": { "municipio": "Aldea del Fresno", "clasificacion": "no-urbanizable-protegido", "calificacion": "sin-asignar", "version": "vigente", "fuente": "SIT-CAM WFS — UsoDelSuelo:VPLA_V_CLASIFICACION (https://idem.comunidad.madrid/geosrvg/ows)", "fecha_dato": "2026-05-12", "ambito": "32623", "_raw_CD_SIGLAS": "SNUP", "_raw_DS_CLASIF_GEN": "Suelo No Urbanizable Protegido", "_raw_DS_CLASIF_DET": "Suelo No Urbanizable Protegido Clase III Espacios de Interés Forestal y Paisajístico", "_raw_DS_DOCU": "NORMAS SUBSIDIARIAS", "_raw_DS_LEY": "CM Ley 9/1995, E RDL 1/1992", "_raw_FC_AC": "1997-04-24", "_raw_NM_AREA_M2": 35706.297409424398, "_cam_code": "008" }, "geometry": { "type": "Polygon", "coordinates": [ [ [ -4.2364, 40.3265 ], [ -4.2395, 40.3267 ], [ -4.2392, 40.3259 ], [ -4.2389, 40.3256 ], [ -4.2388, 40.3251 ], [ -4.2376, 40.325 ], [ -4.2375, 40.3247 ], [ -4.2373, 40.3248 ], [ -4.2373, 40.325 ], [ -4.2368, 40.3256 ], [ -4.2364, 40.3265 ] ] ] } },
{ "type": "Feature", "properties": { "municipio": "Aldea del Fresno", "clasificacion": "no-urbanizable-protegido", "calificacion": "sin-asignar", "version": "vigente", "fuente": "SIT-CAM WFS — UsoDelSuelo:VPLA_V_CLASIFICACION (https://idem.comunidad.madrid/geosrvg/ows)", "fecha_dato": "2026-05-12", "ambito": "32623", "_raw_CD_SIGLAS": "SNUP", "_raw_DS_CLASIF_GEN": "Suelo No Urbanizable Protegido", "_raw_DS_CLASIF_DET": "Suelo No Urbanizable Clase IV Interés Agropecuario Extensivo", "_raw_DS_DOCU": "NORMAS SUBSIDIARIAS", "_raw_DS_LEY": "CM Ley 9/1995, E RDL 1/1992", "_raw_FC_AC": "1997-04-24", "_raw_NM_AREA_M2": 152196.73036412601, "_cam_code": "008" }, "geometry": { "type": "Polygon", "coordinates": [ [ [ -4.2432, 40.2906 ], [ -4.2415, 40.2873 ], [ -4.2406, 40.2868 ], [ -4.24, 40.2868 ], [ -4.2398, 40.2871 ], [ -4.24, 40.2877 ], [ -4.2394, 40.2877 ], [ -4.2394, 40.2882 ], [ -4.2387, 40.2888 ], [ -4.2386, 40.2891 ], [ -4.2387, 40.2903 ], [ -4.2383, 40.2908 ], [ -4.238, 40.2917 ], [ -4.2385, 40.2921 ], [ -4.2387, 40.2919 ], [ -4.2407, 40.2917 ], [ -4.2418, 40.2911 ], [ -4.2424, 40.291 ], [ -4.2432, 40.2906 ] ] ] } },
{ "type": "Feature", "properties": { "municipio": "Aldea del Fresno", "clasificacion": "no-urbanizable-protegido", "calificacion": "sin-asignar", "version": "vigente", "fuente": "SIT-CAM WFS — UsoDelSuelo:VPLA_V_CLASIFICACION (https://idem.comunidad.madrid/geosrvg/ows)", "fecha_dato": "2026-05-12", "ambito": "32623", "_raw_CD_SIGLAS": "SNUP", "_raw_DS_CLASIF_GEN": "Suelo No Urbanizable Protegido", "_raw_DS_CLASIF_DET": "Suelo No Urbanizable Protegido Clase III Espacios de Interés Forestal y Paisajístico", "_raw_DS_DOCU": "NORMAS SUBSIDIARIAS", "_raw_DS_LEY": "CM Ley 9/1995, E RDL 1/1992", "_raw_FC_AC": "1997-04-24", "_raw_NM_AREA_M2": 42924.601190196801, "_cam_code": "008" }, "geometry": { "type": "Polygon", "coordinates": [ [ [ -4.2422, 40.2929 ], [ -4.2426, 40.2943 ], [ -4.2412, 40.2959 ], [ -4.2412, 40.2963 ], [ -4.2414, 40.2966 ], [ -4.2421, 40.297 ], [ -4.2426, 40.2977 ], [ -4.2428, 40.2977 ], [ -4.243, 40.2971 ], [ -4.2423, 40.2963 ], [ -4.2423, 40.296 ], [ -4.2426, 40.2955 ], [ -4.2436, 40.2945 ], [ -4.2432, 40.2932 ], [ -4.2422, 40.2929 ] ] ] } },
{ "type": "Feature", "properties": { "municipio": "Aldea del Fresno", "clasificacion": "no-urbanizable-protegido", "calificacion": "sin-asignar", "version": "vigente", "fuente": "SIT-CAM WFS — UsoDelSuelo:VPLA_V_CLASIFICACION (https://idem.comunidad.madrid/geosrvg/ows)", "fecha_dato": "2026-05-12", "ambito": "32623", "_raw_CD_SIGLAS": "SNUP", "_raw_DS_CLASIF_GEN": "Suelo No Urbanizable Protegido", "_raw_DS_CLASIF_DET": "Suelo No Urbanizable Protegido Clase III Espacios de Interés Forestal y Paisajístico", "_raw_DS_DOCU": "NORMAS SUBSIDIARIAS", "_raw_DS_LEY": "CM Ley 9/1995, E RDL 1/1992", "_raw_FC_AC": "1997-04-24", "_raw_NM_AREA_M2": 50069.545187576397, "_cam_code": "008" }, "geometry": { "type": "Polygon", "coordinates": [ [ [ -4.2472, 40.2973 ], [ -4.2479, 40.2982 ], [ -4.2487, 40.2981 ], [ -4.2485, 40.2979 ], [ -4.2483, 40.2972 ], [ -4.2474, 40.2962 ], [ -4.247, 40.2955 ], [ -4.2469, 40.295 ], [ -4.247, 40.2943 ], [ -4.2468, 40.2946 ], [ -4.2453, 40.2948 ], [ -4.2452, 40.2968 ], [ -4.2454, 40.2975 ], [ -4.2456, 40.2975 ], [ -4.2459, 40.2971 ], [ -4.246, 40.2963 ], [ -4.2468, 40.296 ], [ -4.2472, 40.2973 ] ] ] } },
{ "type": "Feature", "properties": { "municipio": "Aldea del Fresno", "clasificacion": "no-urbanizable-protegido", "calificacion": "sin-asignar", "version": "vigente", "fuente": "SIT-CAM WFS — UsoDelSuelo:VPLA_V_CLASIFICACION (https://idem.comunidad.madrid/geosrvg/ows)", "fecha_dato": "2026-05-12", "ambito": "32623", "_raw_CD_SIGLAS": "SNUP", "_raw_DS_CLASIF_GEN": "Suelo No Urbanizable Protegido", "_raw_DS_CLASIF_DET": "Suelo No Urbanizable Clase IV Interés Agropecuario Extensivo-Área de Tolerancia", "_raw_DS_DOCU": "NORMAS SUBSIDIARIAS", "_raw_DS_LEY": "CM Ley 9/1995, E RDL 1/1992", "_raw_FC_AC": "1997-04-24", "_raw_NM_AREA_M2": 32954.461274530397, "_cam_code": "008" }, "geometry": { "type": "Polygon", "coordinates": [ [ [ -4.2452, 40.2956 ], [ -4.2449, 40.2956 ], [ -4.2446, 40.296 ], [ -4.2434, 40.2994 ], [ -4.2434, 40.2999 ], [ -4.2444, 40.2991 ], [ -4.2449, 40.299 ], [ -4.2447, 40.2988 ], [ -4.2447, 40.298 ], [ -4.2449, 40.2977 ], [ -4.2456, 40.2975 ], [ -4.2454, 40.2975 ], [ -4.2452, 40.2968 ], [ -4.2452, 40.2956 ] ] ] } },
{ "type": "Feature", "properties": { "municipio": "Aldea del Fresno", "clasificacion": "no-urbanizable-protegido", "calificacion": "sin-asignar", "version": "vigente", "fuente": "SIT-CAM WFS — UsoDelSuelo:VPLA_V_CLASIFICACION (https://idem.comunidad.madrid/geosrvg/ows)", "fecha_dato": "2026-05-12", "ambito": "32623", "_raw_CD_SIGLAS": "SNUP", "_raw_DS_CLASIF_GEN": "Suelo No Urbanizable Protegido", "_raw_DS_CLASIF_DET": "Suelo No Urbanizable Clase IV Interés Agropecuario Extensivo", "_raw_DS_DOCU": "NORMAS SUBSIDIARIAS", "_raw_DS_LEY": "CM Ley 9/1995, E RDL 1/1992", "_raw_FC_AC": "1997-04-24", "_raw_NM_AREA_M2": 11528.3067735677, "_cam_code": "008" }, "geometry": { "type": "Polygon", "coordinates": [ [ [ -4.2459, 40.2969 ], [ -4.2463, 40.2974 ], [ -4.2472, 40.2973 ], [ -4.2468, 40.296 ], [ -4.246, 40.2963 ], [ -4.2459, 40.2969 ] ] ] } },
{ "type": "Feature", "properties": { "municipio": "Aldea del Fresno", "clasificacion": "no-urbanizable-protegido", "calificacion": "sin-asignar", "version": "vigente", "fuente": "SIT-CAM WFS — UsoDelSuelo:VPLA_V_CLASIFICACION (https://idem.comunidad.madrid/geosrvg/ows)", "fecha_dato": "2026-05-12", "ambito": "32623", "_raw_CD_SIGLAS": "SNUP", "_raw_DS_CLASIF_GEN": "Suelo No Urbanizable Protegido", "_raw_DS_CLASIF_DET": "Suelo No Urbanizable Protegido Clase II Espacios Forestales en Régimen Especial", "_raw_DS_DOCU": "NORMAS SUBSIDIARIAS", "_raw_DS_LEY": "CM Ley 9/1995, E RDL 1/1992", "_raw_FC_AC": "1997-04-24", "_raw_NM_AREA_M2": 13305.2522774606, "_cam_code": "008" }, "geometry": { "type": "Polygon", "coordinates": [ [ [ -4.2448, 40.3076 ], [ -4.2437, 40.3082 ], [ -4.2439, 40.3093 ], [ -4.2442, 40.3082 ], [ -4.2444, 40.3081 ], [ -4.2448, 40.3082 ], [ -4.2455, 40.3075 ], [ -4.247, 40.307 ], [ -4.2459, 40.3069 ], [ -4.2456, 40.307 ], [ -4.2448, 40.3076 ] ] ] } },
{ "type": "Feature", "properties": { "municipio": "Aldea del Fresno", "clasificacion": "no-urbanizable-protegido", "calificacion": "sin-asignar", "version": "vigente", "fuente": "SIT-CAM WFS — UsoDelSuelo:VPLA_V_CLASIFICACION (https://idem.comunidad.madrid/geosrvg/ows)", "fecha_dato": "2026-05-12", "ambito": "32623", "_raw_CD_SIGLAS": "SNUP", "_raw_DS_CLASIF_GEN": "Suelo No Urbanizable Protegido", "_raw_DS_CLASIF_DET": "Suelo No Urbanizable Protegido Clase III Espacios de Interés Forestal y Paisajístico", "_raw_DS_DOCU": "NORMAS SUBSIDIARIAS", "_raw_DS_LEY": "CM Ley 9/1995, E RDL 1/1992", "_raw_FC_AC": "1997-04-24", "_raw_NM_AREA_M2": 32891.116936861399, "_cam_code": "008" }, "geometry": { "type": "Polygon", "coordinates": [ [ [ -4.247, 40.307 ], [ -4.2477, 40.3068 ], [ -4.2487, 40.3072 ], [ -4.2496, 40.3078 ], [ -4.2496, 40.3089 ], [ -4.2499, 40.3094 ], [ -4.2501, 40.3087 ], [ -4.2499, 40.3078 ], [ -4.25, 40.3074 ], [ -4.2489, 40.3057 ], [ -4.2482, 40.3062 ], [ -4.2459, 40.3069 ], [ -4.247, 40.307 ] ] ] } },
{ "type": "Feature", "properties": { "municipio": "Aldea del Fresno", "clasificacion": "no-urbanizable-protegido", "calificacion": "sin-asignar", "version": "vigente", "fuente": "SIT-CAM WFS — UsoDelSuelo:VPLA_V_CLASIFICACION (https://idem.comunidad.madrid/geosrvg/ows)", "fecha_dato": "2026-05-12", "ambito": "32623", "_raw_CD_SIGLAS": "SNUP", "_raw_DS_CLASIF_GEN": "Suelo No Urbanizable Protegido", "_raw_DS_CLASIF_DET": "Suelo No Urbanizable Protegido Clase II Espacios Forestales en Régimen Especial", "_raw_DS_DOCU": "NORMAS SUBSIDIARIAS", "_raw_DS_LEY": "CM Ley 9/1995, E RDL 1/1992", "_raw_FC_AC": "1997-04-24", "_raw_NM_AREA_M2": 657549.13564886095, "_cam_code": "008" }, "geometry": { "type": "Polygon", "coordinates": [ [ [ -4.2333, 40.3092 ], [ -4.2348, 40.3108 ], [ -4.2358, 40.3114 ], [ -4.2368, 40.3119 ], [ -4.2376, 40.3121 ], [ -4.2378, 40.3121 ], [ -4.2381, 40.3117 ], [ -4.2387, 40.3119 ], [ -4.239, 40.3124 ], [ -4.2395, 40.3126 ], [ -4.2401, 40.3131 ], [ -4.2402, 40.3131 ], [ -4.2402, 40.3125 ], [ -4.2405, 40.3122 ], [ -4.2408, 40.3121 ], [ -4.2402, 40.3117 ], [ -4.2392, 40.3117 ], [ -4.2388, 40.3115 ], [ -4.2356, 40.3094 ], [ -4.235, 40.3083 ], [ -4.234, 40.3073 ], [ -4.2342, 40.307 ], [ -4.2337, 40.3061 ], [ -4.2337, 40.3056 ], [ -4.2334, 40.3054 ], [ -4.2333, 40.3045 ], [ -4.2327, 40.3045 ], [ -4.2323, 40.3042 ], [ -4.2314, 40.3032 ], [ -4.2311, 40.3026 ], [ -4.2303, 40.3016 ], [ -4.2323, 40.2996 ], [ -4.2331, 40.3001 ], [ -4.234, 40.2995 ], [ -4.2342, 40.299 ], [ -4.2358, 40.2977 ], [ -4.2355, 40.2975 ], [ -4.2352, 40.297 ], [ -4.2348, 40.2968 ], [ -4.2353, 40.2966 ], [ -4.236, 40.2959 ], [ -4.2365, 40.2964 ], [ -4.237, 40.2971 ], [ -4.2375, 40.2976 ], [ -4.2375, 40.2978 ], [ -4.2375, 40.2972 ], [ -4.2375, 40.2964 ], [ -4.2374, 40.2957 ], [ -4.2375, 40.2949 ], [ -4.2379, 40.2943 ], [ -4.2381, 40.2935 ], [ -4.2384, 40.2929 ], [ -4.2383, 40.2922 ], [ -4.2385, 40.2921 ], [ -4.238, 40.2917 ], [ -4.238, 40.2915 ], [ -4.2383, 40.2908 ], [ -4.2387, 40.2903 ], [ -4.2386, 40.2894 ], [ -4.2387, 40.2888 ], [ -4.2394, 40.2882 ], [ -4.2394, 40.2877 ], [ -4.24, 40.2877 ], [ -4.2398, 40.2872 ], [ -4.24, 40.2868 ], [ -4.2406, 40.2868 ], [ -4.2415, 40.2873 ], [ -4.2432, 40.2906 ], [ -4.2444, 40.2918 ], [ -4.246, 40.2913 ], [ -4.2459, 40.2911 ], [ -4.2461, 40.2902 ], [ -4.2454, 40.2891 ], [ -4.2452, 40.2884 ], [ -4.2447, 40.2882 ], [ -4.2433, 40.288 ], [ -4.2418, 40.2873 ], [ -4.2397, 40.2858 ], [ -4.239, 40.2875 ], [ -4.239, 40.2882 ], [ -4.2385, 40.2888 ], [ -4.2384, 40.2895 ], [ -4.2371, 40.291 ], [ -4.2373, 40.2918 ], [ -4.237, 40.2921 ], [ -4.237, 40.2923 ], [ -4.2366, 40.2929 ], [ -4.2365, 40.2934 ], [ -4.2359, 40.294 ], [ -4.2356, 40.2941 ], [ -4.2352, 40.2955 ], [ -4.2346, 40.2961 ], [ -4.2339, 40.2965 ], [ -4.2334, 40.2974 ], [ -4.2325, 40.2981 ], [ -4.232, 40.2988 ], [ -4.2315, 40.299 ], [ -4.2309, 40.2998 ], [ -4.2302, 40.3002 ], [ -4.2296, 40.3011 ], [ -4.2292, 40.3027 ], [ -4.2274, 40.3033 ], [ -4.2275, 40.3036 ], [ -4.2266, 40.3055 ], [ -4.2262, 40.306 ], [ -4.226, 40.3068 ], [ -4.2258, 40.3071 ], [ -4.2265, 40.3073 ], [ -4.2266, 40.3075 ], [ -4.2271, 40.3068 ], [ -4.2282, 40.3062 ], [ -4.2284, 40.3059 ], [ -4.2282, 40.3052 ], [ -4.2285, 40.3046 ], [ -4.2296, 40.3052 ], [ -4.2301, 40.3062 ], [ -4.2314, 40.3063 ], [ -4.2316, 40.3065 ], [ -4.2317, 40.3074 ], [ -4.2319, 40.3076 ], [ -4.2326, 40.3077 ], [ -4.2329, 40.3079 ], [ -4.2333, 40.3088 ], [ -4.2333, 40.3092 ] ] ] } },
{ "type": "Feature", "properties": { "municipio": "Aldea del Fresno", "clasificacion": "no-urbanizable-protegido", "calificacion": "sin-asignar", "version": "vigente", "fuente": "SIT-CAM WFS — UsoDelSuelo:VPLA_V_CLASIFICACION (https://idem.comunidad.madrid/geosrvg/ows)", "fecha_dato": "2026-05-12", "ambito": "32623", "_raw_CD_SIGLAS": "SNUP", "_raw_DS_CLASIF_GEN": "Suelo No Urbanizable Protegido", "_raw_DS_CLASIF_DET": "Suelo No Urbanizable Protegido Clase II Espacios Forestales en Régimen Especial", "_raw_DS_DOCU": "NORMAS SUBSIDIARIAS", "_raw_DS_LEY": "CM Ley 9/1995, E RDL 1/1992", "_raw_FC_AC": "1997-04-24", "_raw_NM_AREA_M2": 63948.729075693598, "_cam_code": "008" }, "geometry": { "type": "Polygon", "coordinates": [ [ [ -4.2535, 40.292 ], [ -4.2533, 40.2914 ], [ -4.253, 40.291 ], [ -4.2531, 40.2906 ], [ -4.253, 40.2904 ], [ -4.2528, 40.2903 ], [ -4.2525, 40.2896 ], [ -4.2521, 40.2894 ], [ -4.2514, 40.2894 ], [ -4.2504, 40.289 ], [ -4.248, 40.2885 ], [ -4.2469, 40.2884 ], [ -4.2459, 40.2885 ], [ -4.2458, 40.2887 ], [ -4.2462, 40.2891 ], [ -4.2469, 40.2903 ], [ -4.2468, 40.2912 ], [ -4.2474, 40.292 ], [ -4.2477, 40.2921 ], [ -4.2479, 40.2927 ], [ -4.2484, 40.2926 ], [ -4.2483, 40.2923 ], [ -4.248, 40.2921 ], [ -4.2474, 40.2907 ], [ -4.2474, 40.2891 ], [ -4.2475, 40.2889 ], [ -4.2498, 40.2891 ], [ -4.2513, 40.2897 ], [ -4.2524, 40.2906 ], [ -4.2526, 40.2917 ], [ -4.2531, 40.2921 ], [ -4.2535, 40.292 ] ] ] } },
{ "type": "Feature", "properties": { "municipio": "Aldea del Fresno", "clasificacion": "no-urbanizable-protegido", "calificacion": "sin-asignar", "version": "vigente", "fuente": "SIT-CAM WFS — UsoDelSuelo:VPLA_V_CLASIFICACION (https://idem.comunidad.madrid/geosrvg/ows)", "fecha_dato": "2026-05-12", "ambito": "32623", "_raw_CD_SIGLAS": "SNUP", "_raw_DS_CLASIF_GEN": "Suelo No Urbanizable Protegido", "_raw_DS_CLASIF_DET": "Suelo No Urbanizable Protegido Clase II Espacios Forestales en Régimen Especial", "_raw_DS_DOCU": "NORMAS SUBSIDIARIAS", "_raw_DS_LEY": "CM Ley 9/1995, E RDL 1/1992", "_raw_FC_AC": "1997-04-24", "_raw_NM_AREA_M2": 164838.93672667601, "_cam_code": "008" }, "geometry": { "type": "Polygon", "coordinates": [ [ [ -4.2427, 40.2812 ], [ -4.2413, 40.2814 ], [ -4.24, 40.2823 ], [ -4.2399, 40.2832 ], [ -4.24, 40.2843 ], [ -4.2404, 40.2853 ], [ -4.241, 40.2857 ], [ -4.2413, 40.2857 ], [ -4.2422, 40.2868 ], [ -4.2441, 40.2877 ], [ -4.2452, 40.2878 ], [ -4.2457, 40.288 ], [ -4.2461, 40.288 ], [ -4.2466, 40.2878 ], [ -4.2474, 40.2878 ], [ -4.2504, 40.2885 ], [ -4.2513, 40.2889 ], [ -4.2528, 40.289 ], [ -4.2511, 40.2881 ], [ -4.2486, 40.287 ], [ -4.2479, 40.287 ], [ -4.246, 40.2873 ], [ -4.2448, 40.2871 ], [ -4.2451, 40.2866 ], [ -4.2449, 40.2862 ], [ -4.2443, 40.2859 ], [ -4.2406, 40.2851 ], [ -4.2406, 40.2846 ], [ -4.2417, 40.284 ], [ -4.2418, 40.2834 ], [ -4.2426, 40.2819 ], [ -4.2424, 40.2817 ], [ -4.2424, 40.2815 ], [ -4.2427, 40.2812 ] ] ] } },
{ "type": "Feature", "properties": { "municipio": "Aldea del Fresno", "clasificacion": "no-urbanizable-protegido", "calificacion": "sin-asignar", "version": "vigente", "fuente": "SIT-CAM WFS — UsoDelSuelo:VPLA_V_CLASIFICACION (https://idem.comunidad.madrid/geosrvg/ows)", "fecha_dato": "2026-05-12", "ambito": "32623", "_raw_CD_SIGLAS": "SNUP", "_raw_DS_CLASIF_GEN": "Suelo No Urbanizable Protegido", "_raw_DS_CLASIF_DET": "Suelo No Urbanizable Protegido Clase II Espacios Forestales en Régimen Especial", "_raw_DS_DOCU": "NORMAS SUBSIDIARIAS", "_raw_DS_LEY": "CM Ley 9/1995, E RDL 1/1992", "_raw_FC_AC": "1997-04-24", "_raw_NM_AREA_M2": 80340.496004796907, "_cam_code": "008" }, "geometry": { "type": "Polygon", "coordinates": [ [ [ -4.2497, 40.2978 ], [ -4.2497, 40.2981 ], [ -4.2527, 40.2971 ], [ -4.2543, 40.2969 ], [ -4.2603, 40.2957 ], [ -4.2589, 40.2938 ], [ -4.2583, 40.2933 ], [ -4.2577, 40.2947 ], [ -4.257, 40.2944 ], [ -4.2568, 40.2946 ], [ -4.2566, 40.2958 ], [ -4.2561, 40.2961 ], [ -4.2535, 40.2968 ], [ -4.2505, 40.2973 ], [ -4.2497, 40.2978 ] ] ] } },
{ "type": "Feature", "properties": { "municipio": "Aldea del Fresno", "clasificacion": "no-urbanizable-protegido", "calificacion": "sin-asignar", "version": "vigente", "fuente": "SIT-CAM WFS — UsoDelSuelo:VPLA_V_CLASIFICACION (https://idem.comunidad.madrid/geosrvg/ows)", "fecha_dato": "2026-05-12", "ambito": "32623", "_raw_CD_SIGLAS": "SNUP", "_raw_DS_CLASIF_GEN": "Suelo No Urbanizable Protegido", "_raw_DS_CLASIF_DET": "Suelo No Urbanizable Protegido Clase II Espacios Forestales en Régimen Especial", "_raw_DS_DOCU": "NORMAS SUBSIDIARIAS", "_raw_DS_LEY": "CM Ley 9/1995, E RDL 1/1992", "_raw_FC_AC": "1997-04-24", "_raw_NM_AREA_M2": 800309.38210546004, "_cam_code": "008" }, "geometry": { "type": "Polygon", "coordinates": [ [ [ -4.2176, 40.2729 ], [ -4.2173, 40.2736 ], [ -4.2173, 40.2743 ], [ -4.2171, 40.2748 ], [ -4.2174, 40.276 ], [ -4.2159, 40.2759 ], [ -4.2154, 40.2764 ], [ -4.2149, 40.2766 ], [ -4.2158, 40.2767 ], [ -4.2158, 40.2775 ], [ -4.2164, 40.2776 ], [ -4.2165, 40.2771 ], [ -4.2168, 40.2771 ], [ -4.217, 40.2768 ], [ -4.2173, 40.2768 ], [ -4.2175, 40.2771 ], [ -4.2175, 40.2776 ], [ -4.2171, 40.278 ], [ -4.2174, 40.2786 ], [ -4.2172, 40.2794 ], [ -4.2187, 40.28 ], [ -4.2184, 40.2784 ], [ -4.2203, 40.2776 ], [ -4.2207, 40.2771 ], [ -4.2211, 40.2772 ], [ -4.2215, 40.2768 ], [ -4.2216, 40.277 ], [ -4.222, 40.2772 ], [ -4.2228, 40.2774 ], [ -4.2233, 40.2777 ], [ -4.2249, 40.2782 ], [ -4.2257, 40.2786 ], [ -4.2295, 40.2795 ], [ -4.2295, 40.2788 ], [ -4.23, 40.2779 ], [ -4.2302, 40.2772 ], [ -4.2305, 40.2771 ], [ -4.231, 40.2765 ], [ -4.2292, 40.276 ], [ -4.229, 40.2756 ], [ -4.2283, 40.2751 ], [ -4.2285, 40.2738 ], [ -4.2285, 40.2726 ], [ -4.2284, 40.2724 ], [ -4.2274, 40.2722 ], [ -4.2275, 40.2713 ], [ -4.2262, 40.2699 ], [ -4.2243, 40.2704 ], [ -4.2238, 40.2701 ], [ -4.2215, 40.2709 ], [ -4.221, 40.2726 ], [ -4.2197, 40.272 ], [ -4.2176, 40.2729 ] ] ] } },
{ "type": "Feature", "properties": { "municipio": "Aldea del Fresno", "clasificacion": "no-urbanizable-protegido", "calificacion": "sin-asignar", "version": "vigente", "fuente": "SIT-CAM WFS — UsoDelSuelo:VPLA_V_CLASIFICACION (https://idem.comunidad.madrid/geosrvg/ows)", "fecha_dato": "2026-05-12", "ambito": "32623", "_raw_CD_SIGLAS": "SNUP", "_raw_DS_CLASIF_GEN": "Suelo No Urbanizable Protegido", "_raw_DS_CLASIF_DET": "Suelo No Urbanizable Clase I Cauces. Riberas y Zonas Húmedas", "_raw_DS_DOCU": "NORMAS SUBSIDIARIAS", "_raw_DS_LEY": "CM Ley 9/1995, E RDL 1/1992", "_raw_FC_AC": "1997-04-24", "_raw_NM_AREA_M2": 6824.6148325261302, "_cam_code": "008" }, "geometry": { "type": "Polygon", "coordinates": [ [ [ -4.2129, 40.3103 ], [ -4.2117, 40.3107 ], [ -4.211, 40.3112 ], [ -4.2121, 40.3108 ], [ -4.2124, 40.3109 ], [ -4.2128, 40.3108 ], [ -4.2138, 40.3109 ], [ -4.2129, 40.3103 ] ] ] } },
{ "type": "Feature", "properties": { "municipio": "Aldea del Fresno", "clasificacion": "no-urbanizable-protegido", "calificacion": "sin-asignar", "version": "vigente", "fuente": "SIT-CAM WFS — UsoDelSuelo:VPLA_V_CLASIFICACION (https://idem.comunidad.madrid/geosrvg/ows)", "fecha_dato": "2026-05-12", "ambito": "32623", "_raw_CD_SIGLAS": "SNUP", "_raw_DS_CLASIF_GEN": "Suelo No Urbanizable Protegido", "_raw_DS_CLASIF_DET": "Suelo No Urbanizable Protegido Clase I Espacios ZEPA", "_raw_DS_DOCU": "NORMAS SUBSIDIARIAS", "_raw_DS_LEY": "CM Ley 9/1995, E RDL 1/1992", "_raw_FC_AC": "1997-04-24", "_raw_NM_AREA_M2": 15366.6257720868, "_cam_code": "008" }, "geometry": { "type": "Polygon", "coordinates": [ [ [ -4.2199, 40.313 ], [ -4.22, 40.3132 ], [ -4.2211, 40.3123 ], [ -4.2217, 40.312 ], [ -4.228, 40.3097 ], [ -4.228, 40.3095 ], [ -4.2213, 40.312 ], [ -4.2199, 40.313 ] ] ] } },
{ "type": "Feature", "properties": { "municipio": "Aldea del Fresno", "clasificacion": "no-urbanizable-protegido", "calificacion": "sin-asignar", "version": "vigente", "fuente": "SIT-CAM WFS — UsoDelSuelo:VPLA_V_CLASIFICACION (https://idem.comunidad.madrid/geosrvg/ows)", "fecha_dato": "2026-05-12", "ambito": "32623", "_raw_CD_SIGLAS": "SNUP", "_raw_DS_CLASIF_GEN": "Suelo No Urbanizable Protegido", "_raw_DS_CLASIF_DET": "Suelo No Urbanizable Clase I Cauces. Riberas y Zonas Húmedas", "_raw_DS_DOCU": "NORMAS SUBSIDIARIAS", "_raw_DS_LEY": "CM Ley 9/1995, E RDL 1/1992", "_raw_FC_AC": "1997-04-24", "_raw_NM_AREA_M2": 2600935.1452056002, "_cam_code": "008" }, "geometry": { "type": "Polygon", "coordinates": [ [ [ -4.2066, 40.3163 ], [ -4.2089, 40.3163 ], [ -4.2091, 40.3162 ], [ -4.2095, 40.3133 ], [ -4.2098, 40.3126 ], [ -4.2107, 40.3114 ], [ -4.2117, 40.3107 ], [ -4.2137, 40.31 ], [ -4.2162, 40.3101 ], [ -4.2179, 40.3097 ], [ -4.2184, 40.3093 ], [ -4.2201, 40.3084 ], [ -4.2224, 40.3076 ], [ -4.2237, 40.307 ], [ -4.2244, 40.306 ], [ -4.2255, 40.3068 ], [ -4.2257, 40.3069 ], [ -4.226, 40.3068 ], [ -4.2262, 40.306 ], [ -4.2266, 40.3055 ], [ -4.2275, 40.3036 ], [ -4.2274, 40.3033 ], [ -4.2292, 40.3027 ], [ -4.2296, 40.3011 ], [ -4.2302, 40.3002 ], [ -4.2309, 40.2998 ], [ -4.2315, 40.299 ], [ -4.232, 40.2988 ], [ -4.2325, 40.2981 ], [ -4.2334, 40.2974 ], [ -4.2339, 40.2965 ], [ -4.2346, 40.2961 ], [ -4.2352, 40.2955 ], [ -4.2356, 40.2941 ], [ -4.2359, 40.294 ], [ -4.2365, 40.2934 ], [ -4.2366, 40.2929 ], [ -4.237, 40.2923 ], [ -4.237, 40.2921 ], [ -4.2373, 40.2918 ], [ -4.2371, 40.291 ], [ -4.2384, 40.2895 ], [ -4.2385, 40.2888 ], [ -4.239, 40.2882 ], [ -4.239, 40.2875 ], [ -4.2397, 40.2858 ], [ -4.2418, 40.2873 ], [ -4.2433, 40.288 ], [ -4.2447, 40.2882 ], [ -4.2452, 40.2884 ], [ -4.2454, 40.2891 ], [ -4.2461, 40.2902 ], [ -4.2459, 40.2911 ], [ -4.246, 40.2913 ], [ -4.247, 40.2926 ], [ -4.2475, 40.2928 ], [ -4.2472, 40.2932 ], [ -4.247, 40.294 ], [ -4.2469, 40.295 ], [ -4.247, 40.2955 ], [ -4.2474, 40.2962 ], [ -4.2483, 40.2972 ], [ -4.2485, 40.2979 ], [ -4.2489, 40.2984 ], [ -4.2502, 40.3012 ], [ -4.2502, 40.302 ], [ -4.2506, 40.303 ], [ -4.2513, 40.304 ], [ -4.2518, 40.3041 ], [ -4.2514, 40.3021 ], [ -4.251, 40.3014 ], [ -4.2508, 40.3005 ], [ -4.2497, 40.2981 ], [ -4.2497, 40.2978 ], [ -4.2488, 40.2967 ], [ -4.2482, 40.2957 ], [ -4.248, 40.2946 ], [ -4.2481, 40.2937 ], [ -4.2479, 40.2929 ], [ -4.248, 40.2927 ], [ -4.2479, 40.2927 ], [ -4.2477, 40.2921 ], [ -4.2474, 40.292 ], [ -4.2468, 40.2912 ], [ -4.2469, 40.2903 ], [ -4.2462, 40.2891 ], [ -4.2458, 40.2887 ], [ -4.2459, 40.2885 ], [ -4.2469, 40.2884 ], [ -4.2488, 40.2886 ], [ -4.2504, 40.289 ], [ -4.2514, 40.2894 ], [ -4.2521, 40.2894 ], [ -4.2525, 40.2896 ], [ -4.2528, 40.2903 ], [ -4.253, 40.2904 ], [ -4.2531, 40.2906 ], [ -4.253, 40.291 ], [ -4.2533, 40.2914 ], [ -4.2535, 40.292 ], [ -4.2539, 40.2921 ], [ -4.254, 40.2924 ], [ -4.2545, 40.2929 ], [ -4.2549, 40.293 ], [ -4.2552, 40.2929 ], [ -4.2555, 40.293 ], [ -4.2558, 40.2933 ], [ -4.256, 40.2933 ], [ -4.2568, 40.2946 ], [ -4.257, 40.2944 ], [ -4.2572, 40.2945 ], [ -4.2568, 40.2938 ], [ -4.2568, 40.2932 ], [ -4.2564, 40.2929 ], [ -4.256, 40.2928 ], [ -4.2559, 40.2926 ], [ -4.2549, 40.2925 ], [ -4.2546, 40.2923 ], [ -4.2542, 40.2916 ], [ -4.2537, 40.2914 ], [ -4.2536, 40.2902 ], [ -4.2533, 40.2902 ], [ -4.2533, 40.2899 ], [ -4.2531, 40.2896 ], [ -4.2531, 40.2891 ], [ -4.2513, 40.2889 ], [ -4.2504, 40.2885 ], [ -4.2474, 40.2878 ], [ -4.2466, 40.2878 ], [ -4.2461, 40.288 ], [ -4.2457, 40.288 ], [ -4.2452, 40.2878 ], [ -4.2441, 40.2877 ], [ -4.2425, 40.287 ], [ -4.2419, 40.2865 ], [ -4.2413, 40.2857 ], [ -4.241, 40.2857 ], [ -4.2404, 40.2853 ], [ -4.24, 40.2843 ], [ -4.2399, 40.2832 ], [ -4.24, 40.2823 ], [ -4.2413, 40.2814 ], [ -4.2427, 40.2812 ], [ -4.2429, 40.281 ], [ -4.2428, 40.2809 ], [ -4.2411, 40.2801 ], [ -4.231, 40.2765 ], [ -4.2304, 40.2772 ], [ -4.2305, 40.2787 ], [ -4.2306, 40.2791 ], [ -4.2309, 40.2792 ], [ -4.2308, 40.2795 ], [ -4.2311, 40.2811 ], [ -4.2318, 40.2825 ], [ -4.2317, 40.2827 ], [ -4.2313, 40.2825 ], [ -4.2307, 40.2826 ], [ -4.2317, 40.2831 ], [ -4.2321, 40.2839 ], [ -4.2321, 40.2847 ], [ -4.2325, 40.2866 ], [ -4.2328, 40.2872 ], [ -4.2343, 40.2886 ], [ -4.2345, 40.2896 ], [ -4.2341, 40.2895 ], [ -4.2329, 40.2896 ], [ -4.2322, 40.2894 ], [ -4.2309, 40.2896 ], [ -4.2295, 40.29 ], [ -4.2289, 40.2896 ], [ -4.2282, 40.2898 ], [ -4.2274, 40.2897 ], [ -4.2266, 40.2899 ], [ -4.2243, 40.2892 ], [ -4.2211, 40.2886 ], [ -4.219, 40.288 ], [ -4.218, 40.2875 ], [ -4.2167, 40.2875 ], [ -4.2166, 40.2877 ], [ -4.2167, 40.2882 ], [ -4.217, 40.2884 ], [ -4.218, 40.2884 ], [ -4.2195, 40.2887 ], [ -4.2201, 40.2892 ], [ -4.2199, 40.2895 ], [ -4.2188, 40.2893 ], [ -4.2171, 40.2893 ], [ -4.2166, 40.2891 ], [ -4.2161, 40.2892 ], [ -4.2155, 40.2889 ], [ -4.2154, 40.2882 ], [ -4.2152, 40.288 ], [ -4.2141, 40.2875 ], [ -4.2137, 40.2867 ], [ -4.2132, 40.2865 ], [ -4.2131, 40.2862 ], [ -4.2126, 40.2862 ], [ -4.2119, 40.2855 ], [ -4.2112, 40.2851 ], [ -4.2103, 40.2852 ], [ -4.2102, 40.2851 ], [ -4.2095, 40.2851 ], [ -4.208, 40.2839 ], [ -4.2047, 40.2825 ], [ -4.2046, 40.2841 ], [ -4.2041, 40.2862 ], [ -4.2045, 40.2866 ], [ -4.2056, 40.2865 ], [ -4.2058, 40.2867 ], [ -4.2061, 40.2867 ], [ -4.2063, 40.2865 ], [ -4.2068, 40.2865 ], [ -4.2073, 40.286 ], [ -4.2077, 40.286 ], [ -4.2082, 40.2861 ], [ -4.2084, 40.2865 ], [ -4.2092, 40.287 ], [ -4.2094, 40.2868 ], [ -4.2098, 40.2867 ], [ -4.2114, 40.2871 ], [ -4.2132, 40.2884 ], [ -4.2131, 40.289 ], [ -4.2132, 40.2893 ], [ -4.2155, 40.2899 ], [ -4.2154, 40.2901 ], [ -4.216, 40.2908 ], [ -4.2173, 40.2916 ], [ -4.2177, 40.2916 ], [ -4.2188, 40.2912 ], [ -4.2194, 40.2914 ], [ -4.22, 40.2918 ], [ -4.2209, 40.292 ], [ -4.222, 40.292 ], [ -4.2222, 40.2918 ], [ -4.2227, 40.2917 ], [ -4.2228, 40.2914 ], [ -4.223, 40.2914 ], [ -4.2232, 40.2912 ], [ -4.2233, 40.2909 ], [ -4.2238, 40.291 ], [ -4.2242, 40.2908 ], [ -4.2267, 40.2909 ], [ -4.2272, 40.2911 ], [ -4.2279, 40.2911 ], [ -4.2281, 40.2913 ], [ -4.2284, 40.2913 ], [ -4.2284, 40.2911 ], [ -4.2296, 40.2906 ], [ -4.2308, 40.2903 ], [ -4.2317, 40.2904 ], [ -4.231, 40.2907 ], [ -4.2299, 40.2918 ], [ -4.2293, 40.292 ], [ -4.2272, 40.292 ], [ -4.2254, 40.2917 ], [ -4.2252, 40.2917 ], [ -4.225, 40.292 ], [ -4.2259, 40.2923 ], [ -4.2278, 40.2926 ], [ -4.2301, 40.2923 ], [ -4.2304, 40.2919 ], [ -4.2319, 40.2908 ], [ -4.2333, 40.2902 ], [ -4.2334, 40.2907 ], [ -4.2331, 40.2914 ], [ -4.2332, 40.2918 ], [ -4.2329, 40.2923 ], [ -4.2329, 40.2926 ], [ -4.2332, 40.2931 ], [ -4.2326, 40.2935 ], [ -4.2325, 40.2938 ], [ -4.2321, 40.2941 ], [ -4.2311, 40.2953 ], [ -4.2288, 40.2968 ], [ -4.2283, 40.2973 ], [ -4.2281, 40.2979 ], [ -4.228, 40.2992 ], [ -4.2254, 40.3025 ], [ -4.2254, 40.3029 ], [ -4.225, 40.3035 ], [ -4.2244, 40.304 ], [ -4.223, 40.306 ], [ -4.2229, 40.3064 ], [ -4.2225, 40.3066 ], [ -4.2223, 40.3069 ], [ -4.2218, 40.3071 ], [ -4.2188, 40.3075 ], [ -4.2176, 40.308 ], [ -4.2166, 40.3081 ], [ -4.2148, 40.3087 ], [ -4.2136, 40.309 ], [ -4.2136, 40.3089 ], [ -4.2099, 40.31 ], [ -4.2084, 40.3108 ], [ -4.2074, 40.3124 ], [ -4.2071, 40.3135 ], [ -4.2069, 40.3156 ], [ -4.2066, 40.3163 ] ] ] } },
{ "type": "Feature", "properties": { "municipio": "Aldea del Fresno", "clasificacion": "no-urbanizable-protegido", "calificacion": "sin-asignar", "version": "vigente", "fuente": "SIT-CAM WFS — UsoDelSuelo:VPLA_V_CLASIFICACION (https://idem.comunidad.madrid/geosrvg/ows)", "fecha_dato": "2026-05-12", "ambito": "32623", "_raw_CD_SIGLAS": "SNUP", "_raw_DS_CLASIF_GEN": "Suelo No Urbanizable Protegido", "_raw_DS_CLASIF_DET": "Suelo No Urbanizable Protegido Clase I Espacios ZEPA", "_raw_DS_DOCU": "NORMAS SUBSIDIARIAS", "_raw_DS_LEY": "CM Ley 9/1995, E RDL 1/1992", "_raw_FC_AC": "1997-04-24", "_raw_NM_AREA_M2": 38209.568777201297, "_cam_code": "008" }, "geometry": { "type": "Polygon", "coordinates": [ [ [ -4.2063, 40.3167 ], [ -4.2068, 40.3169 ], [ -4.207, 40.3168 ], [ -4.2071, 40.3165 ], [ -4.2112, 40.3165 ], [ -4.2149, 40.3159 ], [ -4.218, 40.3151 ], [ -4.2195, 40.3138 ], [ -4.2193, 40.3136 ], [ -4.2184, 40.3144 ], [ -4.2177, 40.3148 ], [ -4.2163, 40.3153 ], [ -4.2151, 40.3155 ], [ -4.2141, 40.3155 ], [ -4.2109, 40.3163 ], [ -4.2101, 40.3162 ], [ -4.2096, 40.3163 ], [ -4.2091, 40.3162 ], [ -4.2089, 40.3163 ], [ -4.2066, 40.3163 ], [ -4.2064, 40.3167 ], [ -4.2063, 40.3167 ] ] ] } },
{ "type": "Feature", "properties": { "municipio": "Aldea del Fresno", "clasificacion": "no-urbanizable-protegido", "calificacion": "sin-asignar", "version": "vigente", "fuente": "SIT-CAM WFS — UsoDelSuelo:VPLA_V_CLASIFICACION (https://idem.comunidad.madrid/geosrvg/ows)", "fecha_dato": "2026-05-12", "ambito": "32623", "_raw_CD_SIGLAS": "SNUP", "_raw_DS_CLASIF_GEN": "Suelo No Urbanizable Protegido", "_raw_DS_CLASIF_DET": "Suelo No Urbanizable Clase IV Interés Agropecuario Extensivo", "_raw_DS_DOCU": "NORMAS SUBSIDIARIAS", "_raw_DS_LEY": "CM Ley 9/1995, E RDL 1/1992", "_raw_FC_AC": "1997-04-24", "_raw_NM_AREA_M2": 18986.897892841302, "_cam_code": "008" }, "geometry": { "type": "Polygon", "coordinates": [ [ [ -4.2157, 40.3152 ], [ -4.2141, 40.3155 ], [ -4.2151, 40.3155 ], [ -4.2163, 40.3153 ], [ -4.2172, 40.315 ], [ -4.2184, 40.3144 ], [ -4.2193, 40.3136 ], [ -4.2187, 40.3134 ], [ -4.2165, 40.3149 ], [ -4.2157, 40.3152 ] ] ] } },
{ "type": "Feature", "properties": { "municipio": "Aldea del Fresno", "clasificacion": "no-urbanizable-protegido", "calificacion": "sin-asignar", "version": "vigente", "fuente": "SIT-CAM WFS — UsoDelSuelo:VPLA_V_CLASIFICACION (https://idem.comunidad.madrid/geosrvg/ows)", "fecha_dato": "2026-05-12", "ambito": "32623", "_raw_CD_SIGLAS": "SNUP", "_raw_DS_CLASIF_GEN": "Suelo No Urbanizable Protegido", "_raw_DS_CLASIF_DET": "Suelo No Urbanizable Protegido Clase II Espacios Forestales en Régimen Especial", "_raw_DS_DOCU": "NORMAS SUBSIDIARIAS", "_raw_DS_LEY": "CM Ley 9/1995, E RDL 1/1992", "_raw_FC_AC": "1997-04-24", "_raw_NM_AREA_M2": 9387776.6584822703, "_cam_code": "008" }, "geometry": { "type": "Polygon", "coordinates": [ [ [ -4.2395, 40.3267 ], [ -4.2426, 40.3269 ], [ -4.2453, 40.3269 ], [ -4.2462, 40.3265 ], [ -4.2486, 40.3258 ], [ -4.2508, 40.3248 ], [ -4.2555, 40.3275 ], [ -4.2575, 40.3293 ], [ -4.26, 40.3295 ], [ -4.2624, 40.3311 ], [ -4.2637, 40.3318 ], [ -4.2655, 40.3319 ], [ -4.2676, 40.3324 ], [ -4.2706, 40.332 ], [ -4.2736, 40.3311 ], [ -4.2765, 40.3293 ], [ -4.2771, 40.3281 ], [ -4.2792, 40.3288 ], [ -4.2818, 40.3286 ], [ -4.2842, 40.3287 ], [ -4.286, 40.3294 ], [ -4.2894, 40.3269 ], [ -4.2909, 40.3262 ], [ -4.2924, 40.3251 ], [ -4.295, 40.3229 ], [ -4.295, 40.3226 ], [ -4.294, 40.32 ], [ -4.2821, 40.3132 ], [ -4.2811, 40.3123 ], [ -4.281, 40.3113 ], [ -4.2806, 40.3099 ], [ -4.2805, 40.3086 ], [ -4.2803, 40.3079 ], [ -4.2801, 40.3076 ], [ -4.2793, 40.307 ], [ -4.2786, 40.3068 ], [ -4.2785, 40.3066 ], [ -4.2783, 40.307 ], [ -4.2778, 40.3075 ], [ -4.2761, 40.3065 ], [ -4.2757, 40.3074 ], [ -4.275, 40.3076 ], [ -4.2746, 40.3079 ], [ -4.2743, 40.3069 ], [ -4.275, 40.306 ], [ -4.275, 40.3057 ], [ -4.2754, 40.3055 ], [ -4.2752, 40.3053 ], [ -4.2744, 40.3055 ], [ -4.2739, 40.306 ], [ -4.2733, 40.3056 ], [ -4.2731, 40.3056 ], [ -4.2722, 40.3062 ], [ -4.2715, 40.3063 ], [ -4.2714, 40.3058 ], [ -4.2711, 40.3058 ], [ -4.2704, 40.3054 ], [ -4.27, 40.3056 ], [ -4.2697, 40.3056 ], [ -4.2677, 40.3049 ], [ -4.2675, 40.3047 ], [ -4.2678, 40.3044 ], [ -4.2681, 40.3046 ], [ -4.2694, 40.305 ], [ -4.2698, 40.305 ], [ -4.27, 40.3048 ], [ -4.2707, 40.3046 ], [ -4.2712, 40.3048 ], [ -4.2723, 40.3047 ], [ -4.274, 40.305 ], [ -4.275, 40.3047 ], [ -4.2759, 40.305 ], [ -4.2758, 40.3042 ], [ -4.2765, 40.3038 ], [ -4.2769, 40.3038 ], [ -4.2763, 40.3026 ], [ -4.275, 40.3017 ], [ -4.2746, 40.3026 ], [ -4.2749, 40.3036 ], [ -4.2739, 40.3037 ], [ -4.2738, 40.3034 ], [ -4.2724, 40.302 ], [ -4.2714, 40.3015 ], [ -4.2714, 40.3016 ], [ -4.2706, 40.3007 ], [ -4.2705, 40.3001 ], [ -4.2707, 40.2993 ], [ -4.2706, 40.2987 ], [ -4.2701, 40.2978 ], [ -4.2695, 40.2975 ], [ -4.2687, 40.2978 ], [ -4.2677, 40.2985 ], [ -4.2662, 40.3009 ], [ -4.2652, 40.3018 ], [ -4.2663, 40.3026 ], [ -4.2658, 40.303 ], [ -4.265, 40.3026 ], [ -4.2642, 40.3027 ], [ -4.2637, 40.3029 ], [ -4.2645, 40.3022 ], [ -4.2635, 40.3012 ], [ -4.263, 40.3009 ], [ -4.2614, 40.3024 ], [ -4.2602, 40.3031 ], [ -4.26, 40.3029 ], [ -4.2599, 40.3023 ], [ -4.26, 40.3022 ], [ -4.2595, 40.3022 ], [ -4.2583, 40.3027 ], [ -4.257, 40.3028 ], [ -4.2539, 40.3041 ], [ -4.2534, 40.304 ], [ -4.2521, 40.3043 ], [ -4.2521, 40.3047 ], [ -4.2525, 40.3047 ], [ -4.2539, 40.3051 ], [ -4.2546, 40.3061 ], [ -4.2558, 40.3069 ], [ -4.2563, 40.3077 ], [ -4.257, 40.3083 ], [ -4.256, 40.3093 ], [ -4.2557, 40.3101 ], [ -4.2558, 40.3115 ], [ -4.256, 40.3121 ], [ -4.2554, 40.3124 ], [ -4.2547, 40.3131 ], [ -4.2532, 40.3139 ], [ -4.2526, 40.3153 ], [ -4.2491, 40.3176 ], [ -4.2478, 40.3192 ], [ -4.2462, 40.3188 ], [ -4.2455, 40.3175 ], [ -4.2444, 40.3177 ], [ -4.2434, 40.3186 ], [ -4.2426, 40.3188 ], [ -4.2427, 40.3193 ], [ -4.2432, 40.3197 ], [ -4.2426, 40.3198 ], [ -4.2418, 40.3197 ], [ -4.2412, 40.3202 ], [ -4.2408, 40.3203 ], [ -4.2403, 40.3199 ], [ -4.2396, 40.3199 ], [ -4.2388, 40.3202 ], [ -4.2379, 40.3203 ], [ -4.2375, 40.3202 ], [ -4.236, 40.3203 ], [ -4.2374, 40.3217 ], [ -4.2381, 40.3226 ], [ -4.2382, 40.323 ], [ -4.2376, 40.3241 ], [ -4.2375, 40.3247 ], [ -4.2376, 40.325 ], [ -4.2388, 40.3251 ], [ -4.2389, 40.3256 ], [ -4.2392, 40.3259 ], [ -4.2395, 40.3267 ] ], [ [ -4.2585, 40.3079 ], [ -4.2581, 40.3073 ], [ -4.258, 40.3069 ], [ -4.2594, 40.3071 ], [ -4.2608, 40.3061 ], [ -4.2604, 40.3049 ], [ -4.2604, 40.3042 ], [ -4.2606, 40.3037 ], [ -4.2611, 40.3042 ], [ -4.2612, 40.3045 ], [ -4.2616, 40.3047 ], [ -4.2619, 40.3047 ], [ -4.2621, 40.3057 ], [ -4.2623, 40.3059 ], [ -4.2631, 40.3057 ], [ -4.2635, 40.3058 ], [ -4.2634, 40.306 ], [ -4.2637, 40.3063 ], [ -4.2633, 40.3067 ], [ -4.2635, 40.3073 ], [ -4.2632, 40.3071 ], [ -4.2624, 40.3069 ], [ -4.2621, 40.307 ], [ -4.2613, 40.3065 ], [ -4.2604, 40.3072 ], [ -4.2611, 40.3073 ], [ -4.2607, 40.3075 ], [ -4.2602, 40.3075 ], [ -4.2597, 40.3078 ], [ -4.2585, 40.3079 ] ] ] } },
{ "type": "Feature", "properties": { "municipio": "Aldea del Fresno", "clasificacion": "no-urbanizable-protegido", "calificacion": "sin-asignar", "version": "vigente", "fuente": "SIT-CAM WFS — UsoDelSuelo:VPLA_V_CLASIFICACION (https://idem.comunidad.madrid/geosrvg/ows)", "fecha_dato": "2026-05-12", "ambito": "32623", "_raw_CD_SIGLAS": "SNUP", "_raw_DS_CLASIF_GEN": "Suelo No Urbanizable Protegido", "_raw_DS_CLASIF_DET": "Suelo No Urbanizable Protegido Clase II Espacios Forestales en Régimen Especial", "_raw_DS_DOCU": "NORMAS SUBSIDIARIAS", "_raw_DS_LEY": "CM Ley 9/1995, E RDL 1/1992", "_raw_FC_AC": "1997-04-24", "_raw_NM_AREA_M2": 3043906.25682515, "_cam_code": "008" }, "geometry": { "type": "Polygon", "coordinates": [ [ [ -4.1991, 40.3438 ], [ -4.2083, 40.3494 ], [ -4.2097, 40.3494 ], [ -4.2108, 40.35 ], [ -4.211, 40.35 ], [ -4.211, 40.3499 ], [ -4.2128, 40.3499 ], [ -4.2131, 40.3498 ], [ -4.2128, 40.3487 ], [ -4.2122, 40.3478 ], [ -4.2122, 40.3474 ], [ -4.2116, 40.347 ], [ -4.214, 40.3456 ], [ -4.2151, 40.3432 ], [ -4.2141, 40.3415 ], [ -4.2132, 40.3393 ], [ -4.2174, 40.3375 ], [ -4.2177, 40.337 ], [ -4.2183, 40.3364 ], [ -4.2191, 40.3361 ], [ -4.2196, 40.3361 ], [ -4.2201, 40.3363 ], [ -4.2201, 40.3364 ], [ -4.2205, 40.3364 ], [ -4.2207, 40.3362 ], [ -4.2218, 40.3359 ], [ -4.2235, 40.3356 ], [ -4.2275, 40.3345 ], [ -4.2289, 40.3348 ], [ -4.2308, 40.3342 ], [ -4.2312, 40.3342 ], [ -4.2308, 40.3339 ], [ -4.2283, 40.3337 ], [ -4.2235, 40.3336 ], [ -4.2219, 40.3339 ], [ -4.22, 40.3339 ], [ -4.2188, 40.3336 ], [ -4.2175, 40.3339 ], [ -4.2156, 40.3351 ], [ -4.2153, 40.335 ], [ -4.2151, 40.3346 ], [ -4.2152, 40.3342 ], [ -4.215, 40.3337 ], [ -4.2137, 40.3324 ], [ -4.2132, 40.3311 ], [ -4.2123, 40.3302 ], [ -4.211, 40.3292 ], [ -4.209, 40.3288 ], [ -4.2077, 40.3287 ], [ -4.2073, 40.3294 ], [ -4.2065, 40.3296 ], [ -4.2063, 40.3298 ], [ -4.2049, 40.3304 ], [ -4.2046, 40.3304 ], [ -4.2041, 40.3309 ], [ -4.2032, 40.3313 ], [ -4.2032, 40.3317 ], [ -4.2024, 40.3317 ], [ -4.2021, 40.3314 ], [ -4.2016, 40.3304 ], [ -4.2016, 40.33 ], [ -4.201, 40.3303 ], [ -4.1989, 40.3301 ], [ -4.1979, 40.3303 ], [ -4.1973, 40.3308 ], [ -4.197, 40.3314 ], [ -4.1969, 40.3321 ], [ -4.1964, 40.3334 ], [ -4.1965, 40.3356 ], [ -4.1962, 40.3365 ], [ -4.1958, 40.3368 ], [ -4.195, 40.3371 ], [ -4.1942, 40.3372 ], [ -4.1896, 40.3373 ], [ -4.1895, 40.3377 ], [ -4.1897, 40.3384 ], [ -4.1931, 40.3396 ], [ -4.1959, 40.3417 ], [ -4.1991, 40.3438 ] ], [ [ -4.2004, 40.3379 ], [ -4.2001, 40.3378 ], [ -4.1996, 40.3381 ], [ -4.1992, 40.338 ], [ -4.1986, 40.3376 ], [ -4.1982, 40.3372 ], [ -4.1978, 40.3363 ], [ -4.1972, 40.3356 ], [ -4.197, 40.3341 ], [ -4.1971, 40.3328 ], [ -4.1973, 40.332 ], [ -4.198, 40.3314 ], [ -4.199, 40.331 ], [ -4.1998, 40.3316 ], [ -4.1996, 40.3319 ], [ -4.1989, 40.3322 ], [ -4.1985, 40.3326 ], [ -4.1994, 40.3335 ], [ -4.2002, 40.334 ], [ -4.2009, 40.3341 ], [ -4.2019, 40.3333 ], [ -4.2037, 40.3325 ], [ -4.2041, 40.3327 ], [ -4.2042, 40.3329 ], [ -4.2042, 40.3331 ], [ -4.2036, 40.3338 ], [ -4.203, 40.334 ], [ -4.2028, 40.3339 ], [ -4.2023, 40.3345 ], [ -4.2019, 40.3352 ], [ -4.2019, 40.3354 ], [ -4.2013, 40.3363 ], [ -4.2012, 40.3366 ], [ -4.2012, 40.3382 ], [ -4.2014, 40.3388 ], [ -4.2007, 40.3383 ], [ -4.2004, 40.3379 ] ] ] } },
{ "type": "Feature", "properties": { "municipio": "Aldea del Fresno", "clasificacion": "no-urbanizable-protegido", "calificacion": "sin-asignar", "version": "vigente", "fuente": "SIT-CAM WFS — UsoDelSuelo:VPLA_V_CLASIFICACION (https://idem.comunidad.madrid/geosrvg/ows)", "fecha_dato": "2026-05-12", "ambito": "32623", "_raw_CD_SIGLAS": "SNUP", "_raw_DS_CLASIF_GEN": "Suelo No Urbanizable Protegido", "_raw_DS_CLASIF_DET": "Suelo No Urbanizable Protegido Clase II Espacios Forestales en Régimen Especial", "_raw_DS_DOCU": "NORMAS SUBSIDIARIAS", "_raw_DS_LEY": "CM Ley 9/1995, E RDL 1/1992", "_raw_FC_AC": "1997-04-24", "_raw_NM_AREA_M2": 333244.82804189197, "_cam_code": "008" }, "geometry": { "type": "Polygon", "coordinates": [ [ [ -4.186, 40.334 ], [ -4.1876, 40.3372 ], [ -4.1882, 40.3368 ], [ -4.189, 40.3359 ], [ -4.1896, 40.3356 ], [ -4.1902, 40.3355 ], [ -4.192, 40.3357 ], [ -4.1924, 40.3356 ], [ -4.1936, 40.3363 ], [ -4.1944, 40.3362 ], [ -4.1952, 40.3354 ], [ -4.1952, 40.335 ], [ -4.1957, 40.3338 ], [ -4.1956, 40.3329 ], [ -4.1958, 40.3318 ], [ -4.1938, 40.3322 ], [ -4.1937, 40.3321 ], [ -4.1926, 40.332 ], [ -4.1918, 40.3317 ], [ -4.191, 40.3319 ], [ -4.1901, 40.3318 ], [ -4.1899, 40.332 ], [ -4.1887, 40.3321 ], [ -4.1883, 40.3323 ], [ -4.1881, 40.3326 ], [ -4.1871, 40.333 ], [ -4.1854, 40.3331 ], [ -4.186, 40.334 ] ] ] } },
{ "type": "Feature", "properties": { "municipio": "Aldea del Fresno", "clasificacion": "no-urbanizable-protegido", "calificacion": "sin-asignar", "version": "vigente", "fuente": "SIT-CAM WFS — UsoDelSuelo:VPLA_V_CLASIFICACION (https://idem.comunidad.madrid/geosrvg/ows)", "fecha_dato": "2026-05-12", "ambito": "32623", "_raw_CD_SIGLAS": "SNUP", "_raw_DS_CLASIF_GEN": "Suelo No Urbanizable Protegido", "_raw_DS_CLASIF_DET": "Suelo No Urbanizable Protegido Clase II Espacios Forestales en Régimen Especial", "_raw_DS_DOCU": "NORMAS SUBSIDIARIAS", "_raw_DS_LEY": "CM Ley 9/1995, E RDL 1/1992", "_raw_FC_AC": "1997-04-24", "_raw_NM_AREA_M2": 2755697.1225141501, "_cam_code": "008" }, "geometry": { "type": "Polygon", "coordinates": [ [ [ -4.2048, 40.3166 ], [ -4.2066, 40.3164 ], [ -4.2069, 40.3156 ], [ -4.2071, 40.3135 ], [ -4.2074, 40.3124 ], [ -4.2084, 40.3108 ], [ -4.2092, 40.3104 ], [ -4.2084, 40.3098 ], [ -4.2073, 40.3093 ], [ -4.2076, 40.308 ], [ -4.2085, 40.3059 ], [ -4.2092, 40.3051 ], [ -4.2103, 40.3043 ], [ -4.2105, 40.3038 ], [ -4.2122, 40.3019 ], [ -4.2136, 40.3012 ], [ -4.2144, 40.3004 ], [ -4.2152, 40.2993 ], [ -4.2168, 40.2979 ], [ -4.2175, 40.2978 ], [ -4.2088, 40.2963 ], [ -4.209, 40.296 ], [ -4.2089, 40.2953 ], [ -4.2093, 40.2949 ], [ -4.2102, 40.2947 ], [ -4.2107, 40.2942 ], [ -4.211, 40.2943 ], [ -4.2114, 40.2942 ], [ -4.2109, 40.2933 ], [ -4.2107, 40.2932 ], [ -4.21, 40.2937 ], [ -4.2097, 40.2938 ], [ -4.2094, 40.2937 ], [ -4.2099, 40.2929 ], [ -4.21, 40.2919 ], [ -4.2102, 40.2916 ], [ -4.2092, 40.2911 ], [ -4.2084, 40.291 ], [ -4.2083, 40.2909 ], [ -4.2086, 40.2906 ], [ -4.2074, 40.2902 ], [ -4.207, 40.2904 ], [ -4.2064, 40.2901 ], [ -4.2061, 40.2901 ], [ -4.2059, 40.2905 ], [ -4.2055, 40.2906 ], [ -4.2052, 40.2903 ], [ -4.205, 40.2891 ], [ -4.2048, 40.2887 ], [ -4.2036, 40.2876 ], [ -4.202, 40.2893 ], [ -4.2014, 40.2893 ], [ -4.2005, 40.2898 ], [ -4.1995, 40.29 ], [ -4.1995, 40.2901 ], [ -4.1992, 40.2901 ], [ -4.1989, 40.2903 ], [ -4.1982, 40.2914 ], [ -4.1982, 40.2917 ], [ -4.1981, 40.2917 ], [ -4.1979, 40.2923 ], [ -4.1979, 40.293 ], [ -4.1976, 40.2933 ], [ -4.1972, 40.2941 ], [ -4.1957, 40.2947 ], [ -4.1952, 40.2951 ], [ -4.1945, 40.2953 ], [ -4.1929, 40.2963 ], [ -4.1939, 40.2967 ], [ -4.1942, 40.2966 ], [ -4.1942, 40.2971 ], [ -4.1944, 40.2973 ], [ -4.1948, 40.2972 ], [ -4.195, 40.2969 ], [ -4.1953, 40.2968 ], [ -4.1954, 40.2968 ], [ -4.1956, 40.2973 ], [ -4.1963, 40.297 ], [ -4.196, 40.2983 ], [ -4.1956, 40.2992 ], [ -4.1957, 40.2993 ], [ -4.196, 40.2993 ], [ -4.1964, 40.299 ], [ -4.197, 40.2998 ], [ -4.1977, 40.2987 ], [ -4.198, 40.2985 ], [ -4.1991, 40.2988 ], [ -4.1996, 40.2994 ], [ -4.2001, 40.2994 ], [ -4.2004, 40.2998 ], [ -4.2005, 40.3002 ], [ -4.1991, 40.3004 ], [ -4.1982, 40.3009 ], [ -4.1974, 40.3016 ], [ -4.1971, 40.3022 ], [ -4.1976, 40.3037 ], [ -4.1983, 40.305 ], [ -4.1983, 40.3056 ], [ -4.1989, 40.3056 ], [ -4.2009, 40.3076 ], [ -4.1995, 40.3077 ], [ -4.1992, 40.3078 ], [ -4.1991, 40.308 ], [ -4.2, 40.3097 ], [ -4.2005, 40.3099 ], [ -4.2008, 40.3112 ], [ -4.2012, 40.3115 ], [ -4.2013, 40.3118 ], [ -4.2017, 40.3118 ], [ -4.2021, 40.312 ], [ -4.2023, 40.3127 ], [ -4.2028, 40.3125 ], [ -4.203, 40.3126 ], [ -4.2036, 40.3125 ], [ -4.2036, 40.3126 ], [ -4.204, 40.3128 ], [ -4.2037, 40.3131 ], [ -4.2039, 40.3132 ], [ -4.2043, 40.3148 ], [ -4.2049, 40.3151 ], [ -4.205, 40.3153 ], [ -4.205, 40.316 ], [ -4.2048, 40.3166 ] ] ] } },
{ "type": "Feature", "properties": { "municipio": "Aldea del Fresno", "clasificacion": "no-urbanizable-protegido", "calificacion": "sin-asignar", "version": "vigente", "fuente": "SIT-CAM WFS — UsoDelSuelo:VPLA_V_CLASIFICACION (https://idem.comunidad.madrid/geosrvg/ows)", "fecha_dato": "2026-05-12", "ambito": "32623", "_raw_CD_SIGLAS": "SNUP", "_raw_DS_CLASIF_GEN": "Suelo No Urbanizable Protegido", "_raw_DS_CLASIF_DET": "Suelo No Urbanizable Protegido Clase II Espacios Forestales en Régimen Especial", "_raw_DS_DOCU": "NORMAS SUBSIDIARIAS", "_raw_DS_LEY": "CM Ley 9/1995, E RDL 1/1992", "_raw_FC_AC": "1997-04-24", "_raw_NM_AREA_M2": 5170313.4638581304, "_cam_code": "008" }, "geometry": { "type": "Polygon", "coordinates": [ [ [ -4.182, 40.314 ], [ -4.1816, 40.3144 ], [ -4.1818, 40.3152 ], [ -4.1832, 40.3163 ], [ -4.1832, 40.3168 ], [ -4.1834, 40.317 ], [ -4.185, 40.3175 ], [ -4.1851, 40.3176 ], [ -4.185, 40.3177 ], [ -4.1854, 40.318 ], [ -4.1873, 40.3187 ], [ -4.1877, 40.319 ], [ -4.1897, 40.3196 ], [ -4.1859, 40.3175 ], [ -4.1858, 40.317 ], [ -4.186, 40.3167 ], [ -4.1905, 40.319 ], [ -4.1909, 40.319 ], [ -4.191, 40.3189 ], [ -4.1909, 40.3187 ], [ -4.191, 40.3174 ], [ -4.1919, 40.3156 ], [ -4.1919, 40.315 ], [ -4.1915, 40.3141 ], [ -4.1931, 40.3141 ], [ -4.1934, 40.3139 ], [ -4.1942, 40.314 ], [ -4.1945, 40.3125 ], [ -4.1981, 40.3127 ], [ -4.1983, 40.3113 ], [ -4.1981, 40.311 ], [ -4.198, 40.3105 ], [ -4.1982, 40.3101 ], [ -4.1984, 40.3074 ], [ -4.1983, 40.305 ], [ -4.1976, 40.3037 ], [ -4.1971, 40.3022 ], [ -4.1967, 40.3023 ], [ -4.1955, 40.3009 ], [ -4.195, 40.3005 ], [ -4.1941, 40.2993 ], [ -4.1933, 40.2988 ], [ -4.1927, 40.2981 ], [ -4.1897, 40.2969 ], [ -4.1874, 40.2964 ], [ -4.1851, 40.2949 ], [ -4.1847, 40.2945 ], [ -4.1837, 40.2941 ], [ -4.1837, 40.294 ], [ -4.1822, 40.2937 ], [ -4.1798, 40.2935 ], [ -4.1782, 40.2927 ], [ -4.1777, 40.2922 ], [ -4.1771, 40.2904 ], [ -4.1766, 40.2899 ], [ -4.1752, 40.289 ], [ -4.1747, 40.2888 ], [ -4.1734, 40.2886 ], [ -4.1726, 40.2882 ], [ -4.1726, 40.2881 ], [ -4.1716, 40.2881 ], [ -4.1696, 40.2886 ], [ -4.1686, 40.2886 ], [ -4.1686, 40.2885 ], [ -4.1678, 40.2882 ], [ -4.1676, 40.288 ], [ -4.1671, 40.2906 ], [ -4.1674, 40.2918 ], [ -4.1677, 40.2922 ], [ -4.1676, 40.2929 ], [ -4.1672, 40.2934 ], [ -4.1673, 40.2943 ], [ -4.1675, 40.2948 ], [ -4.1673, 40.2961 ], [ -4.1675, 40.2966 ], [ -4.1675, 40.2973 ], [ -4.1681, 40.2992 ], [ -4.1677, 40.3019 ], [ -4.167, 40.3038 ], [ -4.1665, 40.3069 ], [ -4.1669, 40.3071 ], [ -4.167, 40.3066 ], [ -4.1678, 40.306 ], [ -4.1686, 40.3061 ], [ -4.171, 40.3075 ], [ -4.1739, 40.3097 ], [ -4.1747, 40.31 ], [ -4.1752, 40.3106 ], [ -4.1759, 40.3108 ], [ -4.176, 40.311 ], [ -4.177, 40.3112 ], [ -4.1774, 40.3114 ], [ -4.1776, 40.3117 ], [ -4.1779, 40.3113 ], [ -4.1792, 40.311 ], [ -4.1798, 40.3102 ], [ -4.1807, 40.3099 ], [ -4.1818, 40.3109 ], [ -4.1832, 40.3114 ], [ -4.1832, 40.3116 ], [ -4.182, 40.3121 ], [ -4.1819, 40.3125 ], [ -4.1814, 40.3127 ], [ -4.1815, 40.3131 ], [ -4.1814, 40.3136 ], [ -4.182, 40.314 ] ], [ [ -4.182, 40.314 ], [ -4.1821, 40.3134 ], [ -4.1825, 40.3129 ], [ -4.1837, 40.3126 ], [ -4.1848, 40.3121 ], [ -4.1849, 40.3122 ], [ -4.1848, 40.3124 ], [ -4.185, 40.3128 ], [ -4.1856, 40.3131 ], [ -4.1859, 40.3135 ], [ -4.1859, 40.3138 ], [ -4.1854, 40.3141 ], [ -4.1851, 40.3146 ], [ -4.185, 40.315 ], [ -4.1852, 40.3158 ], [ -4.185, 40.3163 ], [ -4.1845, 40.3152 ], [ -4.1833, 40.3149 ], [ -4.182, 40.314 ] ], [ [ -4.1742, 40.3087 ], [ -4.1737, 40.3085 ], [ -4.1736, 40.3077 ], [ -4.1731, 40.3072 ], [ -4.1733, 40.307 ], [ -4.1734, 40.3066 ], [ -4.1737, 40.3064 ], [ -4.1746, 40.3062 ], [ -4.1758, 40.3054 ], [ -4.1768, 40.3052 ], [ -4.1771, 40.3053 ], [ -4.1773, 40.3056 ], [ -4.1783, 40.3059 ], [ -4.1783, 40.3063 ], [ -4.1785, 40.3065 ], [ -4.1783, 40.3067 ], [ -4.1785, 40.307 ], [ -4.1784, 40.3087 ], [ -4.1783, 40.3086 ], [ -4.178, 40.309 ], [ -4.1778, 40.3098 ], [ -4.1774, 40.3099 ], [ -4.1775, 40.31 ], [ -4.1771, 40.3102 ], [ -4.1759, 40.31 ], [ -4.1742, 40.3087 ] ] ] } },
{ "type": "Feature", "properties": { "municipio": "Aldea del Fresno", "clasificacion": "no-urbanizable-protegido", "calificacion": "sin-asignar", "version": "vigente", "fuente": "SIT-CAM WFS — UsoDelSuelo:VPLA_V_CLASIFICACION (https://idem.comunidad.madrid/geosrvg/ows)", "fecha_dato": "2026-05-12", "ambito": "32623", "_raw_CD_SIGLAS": "SNUP", "_raw_DS_CLASIF_GEN": "Suelo No Urbanizable Protegido", "_raw_DS_CLASIF_DET": "Suelo No Urbanizable Clase V Interés Edafológico", "_raw_DS_DOCU": "NORMAS SUBSIDIARIAS", "_raw_DS_LEY": "CM Ley 9/1995, E RDL 1/1992", "_raw_FC_AC": "1997-04-24", "_raw_NM_AREA_M2": 3424535.8044342701, "_cam_code": "008" }, "geometry": { "type": "Polygon", "coordinates": [ [ [ -4.2047, 40.2825 ], [ -4.208, 40.2839 ], [ -4.2095, 40.2851 ], [ -4.2102, 40.2851 ], [ -4.2103, 40.2852 ], [ -4.2112, 40.2851 ], [ -4.2119, 40.2855 ], [ -4.2126, 40.2862 ], [ -4.2131, 40.2862 ], [ -4.2132, 40.2865 ], [ -4.2137, 40.2867 ], [ -4.2141, 40.2875 ], [ -4.2152, 40.288 ], [ -4.2154, 40.2882 ], [ -4.2155, 40.2889 ], [ -4.2161, 40.2892 ], [ -4.2166, 40.2891 ], [ -4.2171, 40.2893 ], [ -4.2188, 40.2893 ], [ -4.2199, 40.2895 ], [ -4.2201, 40.2892 ], [ -4.2195, 40.2887 ], [ -4.218, 40.2884 ], [ -4.217, 40.2884 ], [ -4.2167, 40.2882 ], [ -4.2166, 40.2879 ], [ -4.2167, 40.2875 ], [ -4.218, 40.2875 ], [ -4.219, 40.288 ], [ -4.2211, 40.2886 ], [ -4.2243, 40.2892 ], [ -4.2266, 40.2899 ], [ -4.2274, 40.2897 ], [ -4.2282, 40.2898 ], [ -4.2289, 40.2896 ], [ -4.2295, 40.29 ], [ -4.2309, 40.2896 ], [ -4.2322, 40.2894 ], [ -4.2329, 40.2896 ], [ -4.2341, 40.2895 ], [ -4.2345, 40.2896 ], [ -4.2343, 40.2886 ], [ -4.2328, 40.2872 ], [ -4.2325, 40.2866 ], [ -4.2321, 40.2847 ], [ -4.2321, 40.2839 ], [ -4.2317, 40.2831 ], [ -4.2305, 40.2824 ], [ -4.2288, 40.2822 ], [ -4.2291, 40.2814 ], [ -4.229, 40.2794 ], [ -4.2257, 40.2786 ], [ -4.2249, 40.2782 ], [ -4.2233, 40.2777 ], [ -4.2228, 40.2774 ], [ -4.222, 40.2772 ], [ -4.2216, 40.277 ], [ -4.2215, 40.2768 ], [ -4.2211, 40.2772 ], [ -4.2207, 40.2771 ], [ -4.2205, 40.2774 ], [ -4.2205, 40.2777 ], [ -4.2192, 40.2791 ], [ -4.2192, 40.2793 ], [ -4.2187, 40.28 ], [ -4.2172, 40.2794 ], [ -4.2174, 40.2786 ], [ -4.2171, 40.278 ], [ -4.2175, 40.2776 ], [ -4.2175, 40.2771 ], [ -4.2173, 40.2768 ], [ -4.217, 40.2768 ], [ -4.2168, 40.2771 ], [ -4.2165, 40.2771 ], [ -4.2164, 40.2776 ], [ -4.2158, 40.2775 ], [ -4.2158, 40.2767 ], [ -4.2149, 40.2766 ], [ -4.2154, 40.2764 ], [ -4.2159, 40.2759 ], [ -4.2174, 40.276 ], [ -4.2171, 40.2748 ], [ -4.2173, 40.2743 ], [ -4.2173, 40.2736 ], [ -4.2176, 40.2729 ], [ -4.2168, 40.2725 ], [ -4.2166, 40.2721 ], [ -4.2159, 40.2714 ], [ -4.2153, 40.2703 ], [ -4.2144, 40.2698 ], [ -4.2143, 40.2696 ], [ -4.2121, 40.2691 ], [ -4.2108, 40.2692 ], [ -4.209, 40.2682 ], [ -4.208, 40.2683 ], [ -4.2068, 40.2688 ], [ -4.2068, 40.2689 ], [ -4.2043, 40.269 ], [ -4.2042, 40.2689 ], [ -4.2032, 40.2688 ], [ -4.2048, 40.2705 ], [ -4.2046, 40.2719 ], [ -4.204, 40.2725 ], [ -4.2038, 40.2732 ], [ -4.2033, 40.2741 ], [ -4.2032, 40.2754 ], [ -4.2034, 40.2766 ], [ -4.2036, 40.2769 ], [ -4.2038, 40.2786 ], [ -4.2044, 40.2801 ], [ -4.2045, 40.2807 ], [ -4.2046, 40.2807 ], [ -4.2045, 40.2815 ], [ -4.2047, 40.2825 ] ] ] } },
{ "type": "Feature", "properties": { "municipio": "Aldea del Fresno", "clasificacion": "no-urbanizable-protegido", "calificacion": "sin-asignar", "version": "vigente", "fuente": "SIT-CAM WFS — UsoDelSuelo:VPLA_V_CLASIFICACION (https://idem.comunidad.madrid/geosrvg/ows)", "fecha_dato": "2026-05-12", "ambito": "32623", "_raw_CD_SIGLAS": "SNUP", "_raw_DS_CLASIF_GEN": "Suelo No Urbanizable Protegido", "_raw_DS_CLASIF_DET": "Suelo No Urbanizable Protegido Clase I Espacios ZEPA", "_raw_DS_DOCU": "NORMAS SUBSIDIARIAS", "_raw_DS_LEY": "CM Ley 9/1995, E RDL 1/1992", "_raw_FC_AC": "1997-04-24", "_raw_NM_AREA_M2": 181276.007594158, "_cam_code": "008" }, "geometry": { "type": "Polygon", "coordinates": [ [ [ -4.26, 40.3018 ], [ -4.2599, 40.3023 ], [ -4.26, 40.3029 ], [ -4.2602, 40.3031 ], [ -4.2605, 40.303 ], [ -4.2608, 40.3027 ], [ -4.2614, 40.3024 ], [ -4.263, 40.3009 ], [ -4.2596, 40.2981 ], [ -4.2585, 40.298 ], [ -4.2582, 40.2975 ], [ -4.2572, 40.2971 ], [ -4.2568, 40.2964 ], [ -4.256, 40.2965 ], [ -4.2561, 40.2972 ], [ -4.2567, 40.2978 ], [ -4.2568, 40.2983 ], [ -4.2567, 40.2991 ], [ -4.2569, 40.2997 ], [ -4.2573, 40.3002 ], [ -4.2591, 40.3018 ], [ -4.2591, 40.3017 ], [ -4.2595, 40.3016 ], [ -4.26, 40.3018 ] ] ] } },
{ "type": "Feature", "properties": { "municipio": "Aldea del Fresno", "clasificacion": "no-urbanizable-protegido", "calificacion": "sin-asignar", "version": "vigente", "fuente": "SIT-CAM WFS — UsoDelSuelo:VPLA_V_CLASIFICACION (https://idem.comunidad.madrid/geosrvg/ows)", "fecha_dato": "2026-05-12", "ambito": "32623", "_raw_CD_SIGLAS": "SNUP", "_raw_DS_CLASIF_GEN": "Suelo No Urbanizable Protegido", "_raw_DS_CLASIF_DET": "Suelo No Urbanizable Protegido Clase I Espacios ZEPA", "_raw_DS_DOCU": "NORMAS SUBSIDIARIAS", "_raw_DS_LEY": "CM Ley 9/1995, E RDL 1/1992", "_raw_FC_AC": "1997-04-24", "_raw_NM_AREA_M2": 957770.25637143804, "_cam_code": "008" }, "geometry": { "type": "Polygon", "coordinates": [ [ [ -4.2175, 40.2978 ], [ -4.2168, 40.2979 ], [ -4.2158, 40.2987 ], [ -4.2136, 40.3012 ], [ -4.2122, 40.3019 ], [ -4.2105, 40.3038 ], [ -4.2103, 40.3043 ], [ -4.209, 40.3053 ], [ -4.2085, 40.3059 ], [ -4.208, 40.307 ], [ -4.2076, 40.308 ], [ -4.2073, 40.3093 ], [ -4.2084, 40.3098 ], [ -4.2092, 40.3104 ], [ -4.2099, 40.31 ], [ -4.2135, 40.309 ], [ -4.2162, 40.3073 ], [ -4.2172, 40.3068 ], [ -4.2177, 40.3063 ], [ -4.2181, 40.3057 ], [ -4.2188, 40.3035 ], [ -4.2196, 40.3023 ], [ -4.2215, 40.301 ], [ -4.2219, 40.3009 ], [ -4.2227, 40.2998 ], [ -4.2216, 40.2962 ], [ -4.2203, 40.2958 ], [ -4.218, 40.2947 ], [ -4.2178, 40.2969 ], [ -4.2175, 40.2978 ] ] ] } },
{ "type": "Feature", "properties": { "municipio": "Aldea del Fresno", "clasificacion": "no-urbanizable-protegido", "calificacion": "sin-asignar", "version": "vigente", "fuente": "SIT-CAM WFS — UsoDelSuelo:VPLA_V_CLASIFICACION (https://idem.comunidad.madrid/geosrvg/ows)", "fecha_dato": "2026-05-12", "ambito": "32623", "_raw_CD_SIGLAS": "SNUP", "_raw_DS_CLASIF_GEN": "Suelo No Urbanizable Protegido", "_raw_DS_CLASIF_DET": "Suelo No Urbanizable Protegido Clase II Espacios Forestales en Régimen Especial", "_raw_DS_DOCU": "NORMAS SUBSIDIARIAS", "_raw_DS_LEY": "CM Ley 9/1995, E RDL 1/1992", "_raw_FC_AC": "1997-04-24", "_raw_NM_AREA_M2": 11672.896342509001, "_cam_code": "008" }, "geometry": { "type": "Polygon", "coordinates": [ [ [ -4.271, 40.2983 ], [ -4.2709, 40.2986 ], [ -4.2714, 40.2989 ], [ -4.2716, 40.2993 ], [ -4.2724, 40.3 ], [ -4.2726, 40.3 ], [ -4.2736, 40.3009 ], [ -4.2738, 40.3009 ], [ -4.274, 40.3007 ], [ -4.2729, 40.3 ], [ -4.2716, 40.2987 ], [ -4.271, 40.2983 ] ] ] } },
{ "type": "Feature", "properties": { "municipio": "Aldea del Fresno", "clasificacion": "no-urbanizable-protegido", "calificacion": "sin-asignar", "version": "vigente", "fuente": "SIT-CAM WFS — UsoDelSuelo:VPLA_V_CLASIFICACION (https://idem.comunidad.madrid/geosrvg/ows)", "fecha_dato": "2026-05-12", "ambito": "32623", "_raw_CD_SIGLAS": "SNUP", "_raw_DS_CLASIF_GEN": "Suelo No Urbanizable Protegido", "_raw_DS_CLASIF_DET": "Suelo No Urbanizable Protegido Clase II Espacios Forestales en Régimen Especial", "_raw_DS_DOCU": "NORMAS SUBSIDIARIAS", "_raw_DS_LEY": "CM Ley 9/1995, E RDL 1/1992", "_raw_FC_AC": "1997-04-24", "_raw_NM_AREA_M2": 8905.6429820641297, "_cam_code": "008" }, "geometry": { "type": "Polygon", "coordinates": [ [ [ -4.2438, 40.3076 ], [ -4.2438, 40.3081 ], [ -4.2448, 40.3076 ], [ -4.2459, 40.3069 ], [ -4.2457, 40.3068 ], [ -4.245, 40.3069 ], [ -4.244, 40.3074 ], [ -4.2438, 40.3076 ] ] ] } },
{ "type": "Feature", "properties": { "municipio": "Aldea del Fresno", "clasificacion": "no-urbanizable-protegido", "calificacion": "sin-asignar", "version": "vigente", "fuente": "SIT-CAM WFS — UsoDelSuelo:VPLA_V_CLASIFICACION (https://idem.comunidad.madrid/geosrvg/ows)", "fecha_dato": "2026-05-12", "ambito": "32623", "_raw_CD_SIGLAS": "SNUP", "_raw_DS_CLASIF_GEN": "Suelo No Urbanizable Protegido", "_raw_DS_CLASIF_DET": "Suelo No Urbanizable Protegido Clase II Espacios Forestales en Régimen Especial", "_raw_DS_DOCU": "NORMAS SUBSIDIARIAS", "_raw_DS_LEY": "CM Ley 9/1995, E RDL 1/1992", "_raw_FC_AC": "1997-04-24", "_raw_NM_AREA_M2": 8370.6400944862708, "_cam_code": "008" }, "geometry": { "type": "Polygon", "coordinates": [ [ [ -4.2531, 40.2891 ], [ -4.2531, 40.2896 ], [ -4.2533, 40.2899 ], [ -4.2533, 40.2902 ], [ -4.2536, 40.2902 ], [ -4.2537, 40.2914 ], [ -4.2542, 40.2916 ], [ -4.254, 40.2913 ], [ -4.2538, 40.2902 ], [ -4.2539, 40.2897 ], [ -4.2531, 40.2891 ] ] ] } },
{ "type": "Feature", "properties": { "municipio": "Aldea del Fresno", "clasificacion": "no-urbanizable-protegido", "calificacion": "sin-asignar", "version": "vigente", "fuente": "SIT-CAM WFS — UsoDelSuelo:VPLA_V_CLASIFICACION (https://idem.comunidad.madrid/geosrvg/ows)", "fecha_dato": "2026-05-12", "ambito": "32623", "_raw_CD_SIGLAS": "SNUP", "_raw_DS_CLASIF_GEN": "Suelo No Urbanizable Protegido", "_raw_DS_CLASIF_DET": "Suelo No Urbanizable Protegido Clase II Espacios Forestales en Régimen Especial", "_raw_DS_DOCU": "NORMAS SUBSIDIARIAS", "_raw_DS_LEY": "CM Ley 9/1995, E RDL 1/1992", "_raw_FC_AC": "1997-04-24", "_raw_NM_AREA_M2": 2053143.7290876801, "_cam_code": "008" }, "geometry": { "type": "Polygon", "coordinates": [ [ [ -4.1697, 40.3184 ], [ -4.1706, 40.3193 ], [ -4.1714, 40.3196 ], [ -4.1718, 40.3206 ], [ -4.1744, 40.3233 ], [ -4.1761, 40.3253 ], [ -4.1769, 40.3268 ], [ -4.1821, 40.329 ], [ -4.1843, 40.3313 ], [ -4.1852, 40.3327 ], [ -4.1866, 40.3325 ], [ -4.1866, 40.3324 ], [ -4.1868, 40.3324 ], [ -4.187, 40.3322 ], [ -4.1873, 40.3322 ], [ -4.1876, 40.3318 ], [ -4.188, 40.3318 ], [ -4.1883, 40.3315 ], [ -4.1894, 40.3314 ], [ -4.1898, 40.331 ], [ -4.1902, 40.3311 ], [ -4.1904, 40.3307 ], [ -4.1907, 40.3305 ], [ -4.1908, 40.3298 ], [ -4.1905, 40.3289 ], [ -4.1898, 40.3284 ], [ -4.1896, 40.3278 ], [ -4.1891, 40.3273 ], [ -4.1893, 40.3272 ], [ -4.1899, 40.3273 ], [ -4.19, 40.3276 ], [ -4.1905, 40.3281 ], [ -4.191, 40.3282 ], [ -4.1911, 40.329 ], [ -4.1916, 40.3294 ], [ -4.1918, 40.3299 ], [ -4.1922, 40.3303 ], [ -4.192, 40.3308 ], [ -4.1924, 40.3312 ], [ -4.1923, 40.3314 ], [ -4.1936, 40.3315 ], [ -4.1937, 40.3316 ], [ -4.1942, 40.3316 ], [ -4.1945, 40.3314 ], [ -4.1944, 40.3308 ], [ -4.1952, 40.3295 ], [ -4.1947, 40.3287 ], [ -4.1943, 40.3284 ], [ -4.1934, 40.3281 ], [ -4.1941, 40.3273 ], [ -4.1956, 40.3272 ], [ -4.1949, 40.3256 ], [ -4.1941, 40.3252 ], [ -4.1943, 40.3248 ], [ -4.195, 40.3242 ], [ -4.1952, 40.3242 ], [ -4.1947, 40.3242 ], [ -4.1941, 40.3243 ], [ -4.1937, 40.3247 ], [ -4.1929, 40.3246 ], [ -4.1923, 40.3242 ], [ -4.1916, 40.323 ], [ -4.1909, 40.3221 ], [ -4.1893, 40.3223 ], [ -4.1879, 40.3218 ], [ -4.1872, 40.3212 ], [ -4.1867, 40.3198 ], [ -4.1859, 40.3193 ], [ -4.1847, 40.3187 ], [ -4.1831, 40.3186 ], [ -4.1818, 40.3183 ], [ -4.1812, 40.3163 ], [ -4.1812, 40.3158 ], [ -4.1807, 40.3159 ], [ -4.1762, 40.3141 ], [ -4.1746, 40.3149 ], [ -4.1729, 40.3145 ], [ -4.1723, 40.3145 ], [ -4.1712, 40.3141 ], [ -4.1707, 40.3129 ], [ -4.1701, 40.3126 ], [ -4.1702, 40.3121 ], [ -4.1699, 40.3118 ], [ -4.1689, 40.3122 ], [ -4.1679, 40.3122 ], [ -4.1687, 40.3138 ], [ -4.1688, 40.3158 ], [ -4.1691, 40.3165 ], [ -4.1699, 40.3172 ], [ -4.1701, 40.3178 ], [ -4.1702, 40.3178 ], [ -4.1697, 40.3184 ] ], [ [ -4.184, 40.3258 ], [ -4.1831, 40.325 ], [ -4.1827, 40.325 ], [ -4.1822, 40.3247 ], [ -4.1819, 40.3242 ], [ -4.1814, 40.3241 ], [ -4.1812, 40.3238 ], [ -4.1805, 40.3239 ], [ -4.1794, 40.3235 ], [ -4.179, 40.3235 ], [ -4.1785, 40.3241 ], [ -4.1784, 40.3248 ], [ -4.1781, 40.3256 ], [ -4.1757, 40.3245 ], [ -4.1758, 40.3242 ], [ -4.1757, 40.324 ], [ -4.176, 40.3237 ], [ -4.1764, 40.3227 ], [ -4.1766, 40.3224 ], [ -4.1772, 40.322 ], [ -4.1775, 40.3208 ], [ -4.1783, 40.3208 ], [ -4.178, 40.3188 ], [ -4.1784, 40.3176 ], [ -4.179, 40.317 ], [ -4.1798, 40.3177 ], [ -4.1791, 40.3182 ], [ -4.179, 40.3184 ], [ -4.1792, 40.3197 ], [ -4.1796, 40.321 ], [ -4.1802, 40.322 ], [ -4.1815, 40.3219 ], [ -4.1824, 40.3208 ], [ -4.1834, 40.3215 ], [ -4.1859, 40.3225 ], [ -4.1857, 40.3228 ], [ -4.1851, 40.3229 ], [ -4.1838, 40.3224 ], [ -4.1832, 40.3224 ], [ -4.1834, 40.3228 ], [ -4.1833, 40.3231 ], [ -4.184, 40.3234 ], [ -4.1843, 40.3237 ], [ -4.1846, 40.3245 ], [ -4.1863, 40.3248 ], [ -4.186, 40.325 ], [ -4.1855, 40.325 ], [ -4.1852, 40.3252 ], [ -4.1847, 40.3251 ], [ -4.184, 40.3258 ] ] ] } },
{ "type": "Feature", "properties": { "municipio": "Aldea del Fresno", "clasificacion": "no-urbanizable-protegido", "calificacion": "sin-asignar", "version": "vigente", "fuente": "SIT-CAM WFS — UsoDelSuelo:VPLA_V_CLASIFICACION (https://idem.comunidad.madrid/geosrvg/ows)", "fecha_dato": "2026-05-12", "ambito": "32623", "_raw_CD_SIGLAS": "SNUP", "_raw_DS_CLASIF_GEN": "Suelo No Urbanizable Protegido", "_raw_DS_CLASIF_DET": "Suelo No Urbanizable Clase I Cauces. Riberas y Zonas Húmedas", "_raw_DS_DOCU": "NORMAS SUBSIDIARIAS", "_raw_DS_LEY": "CM Ley 9/1995, E RDL 1/1992", "_raw_FC_AC": "1997-04-24", "_raw_NM_AREA_M2": 21840.713414308801, "_cam_code": "008" }, "geometry": { "type": "Polygon", "coordinates": [ [ [ -4.2322, 40.3306 ], [ -4.2317, 40.3323 ], [ -4.2318, 40.3334 ], [ -4.2322, 40.3328 ], [ -4.2318, 40.3326 ], [ -4.2326, 40.3311 ], [ -4.2331, 40.3286 ], [ -4.2326, 40.3293 ], [ -4.2317, 40.3297 ], [ -4.2322, 40.3302 ], [ -4.2322, 40.3306 ] ] ] } },
{ "type": "Feature", "properties": { "municipio": "Aldea del Fresno", "clasificacion": "no-urbanizable-protegido", "calificacion": "sin-asignar", "version": "vigente", "fuente": "SIT-CAM WFS — UsoDelSuelo:VPLA_V_CLASIFICACION (https://idem.comunidad.madrid/geosrvg/ows)", "fecha_dato": "2026-05-12", "ambito": "32623", "_raw_CD_SIGLAS": "SNUP", "_raw_DS_CLASIF_GEN": "Suelo No Urbanizable Protegido", "_raw_DS_CLASIF_DET": "Suelo No Urbanizable Clase V Interés Edafológico", "_raw_DS_DOCU": "NORMAS SUBSIDIARIAS", "_raw_DS_LEY": "CM Ley 9/1995, E RDL 1/1992", "_raw_FC_AC": "1997-04-24", "_raw_NM_AREA_M2": 126135.742326981, "_cam_code": "008" }, "geometry": { "type": "Polygon", "coordinates": [ [ [ -4.1779, 40.3113 ], [ -4.1774, 40.3122 ], [ -4.177, 40.3124 ], [ -4.1772, 40.3126 ], [ -4.1785, 40.3132 ], [ -4.1792, 40.3138 ], [ -4.18, 40.314 ], [ -4.1806, 40.314 ], [ -4.1812, 40.3138 ], [ -4.1814, 40.3136 ], [ -4.1815, 40.3134 ], [ -4.1814, 40.3127 ], [ -4.1819, 40.3125 ], [ -4.182, 40.3121 ], [ -4.1832, 40.3116 ], [ -4.1832, 40.3114 ], [ -4.1818, 40.3109 ], [ -4.1807, 40.3099 ], [ -4.1805, 40.3099 ], [ -4.1798, 40.3102 ], [ -4.1792, 40.311 ], [ -4.1779, 40.3113 ] ] ] } },
{ "type": "Feature", "properties": { "municipio": "Aldea del Fresno", "clasificacion": "no-urbanizable-protegido", "calificacion": "sin-asignar", "version": "vigente", "fuente": "SIT-CAM WFS — UsoDelSuelo:VPLA_V_CLASIFICACION (https://idem.comunidad.madrid/geosrvg/ows)", "fecha_dato": "2026-05-12", "ambito": "32623", "_raw_CD_SIGLAS": "SNUP", "_raw_DS_CLASIF_GEN": "Suelo No Urbanizable Protegido", "_raw_DS_CLASIF_DET": "Suelo No Urbanizable Clase V Interés Edafológico", "_raw_DS_DOCU": "NORMAS SUBSIDIARIAS", "_raw_DS_LEY": "CM Ley 9/1995, E RDL 1/1992", "_raw_FC_AC": "1997-04-24", "_raw_NM_AREA_M2": 173144.51701716901, "_cam_code": "008" }, "geometry": { "type": "Polygon", "coordinates": [ [ [ -4.2077, 40.3287 ], [ -4.209, 40.3288 ], [ -4.211, 40.3292 ], [ -4.2123, 40.3302 ], [ -4.2125, 40.3302 ], [ -4.2135, 40.3294 ], [ -4.2134, 40.3291 ], [ -4.2131, 40.329 ], [ -4.213, 40.3288 ], [ -4.2132, 40.3284 ], [ -4.2129, 40.3283 ], [ -4.2124, 40.3277 ], [ -4.2125, 40.3276 ], [ -4.2125, 40.3271 ], [ -4.2127, 40.3269 ], [ -4.2126, 40.3268 ], [ -4.2127, 40.3267 ], [ -4.2126, 40.3263 ], [ -4.2132, 40.326 ], [ -4.2133, 40.3258 ], [ -4.2132, 40.3253 ], [ -4.2108, 40.3259 ], [ -4.2087, 40.3262 ], [ -4.2083, 40.3265 ], [ -4.2077, 40.3267 ], [ -4.2072, 40.3267 ], [ -4.2068, 40.327 ], [ -4.2067, 40.3273 ], [ -4.2075, 40.3282 ], [ -4.2077, 40.3287 ] ] ] } },
{ "type": "Feature", "properties": { "municipio": "Aldea del Fresno", "clasificacion": "no-urbanizable-protegido", "calificacion": "sin-asignar", "version": "vigente", "fuente": "SIT-CAM WFS — UsoDelSuelo:VPLA_V_CLASIFICACION (https://idem.comunidad.madrid/geosrvg/ows)", "fecha_dato": "2026-05-12", "ambito": "32623", "_raw_CD_SIGLAS": "SNUP", "_raw_DS_CLASIF_GEN": "Suelo No Urbanizable Protegido", "_raw_DS_CLASIF_DET": "Suelo No Urbanizable Clase V Interés Edafológico", "_raw_DS_DOCU": "NORMAS SUBSIDIARIAS", "_raw_DS_LEY": "CM Ley 9/1995, E RDL 1/1992", "_raw_FC_AC": "1997-04-24", "_raw_NM_AREA_M2": 350730.69730868598, "_cam_code": "008" }, "geometry": { "type": "Polygon", "coordinates": [ [ [ -4.2128, 40.3307 ], [ -4.2132, 40.3311 ], [ -4.2137, 40.3324 ], [ -4.215, 40.3337 ], [ -4.2152, 40.3342 ], [ -4.2151, 40.3346 ], [ -4.2153, 40.335 ], [ -4.2156, 40.3351 ], [ -4.2175, 40.3339 ], [ -4.2179, 40.3338 ], [ -4.2179, 40.3335 ], [ -4.2177, 40.3333 ], [ -4.2176, 40.3329 ], [ -4.2173, 40.3326 ], [ -4.217, 40.3325 ], [ -4.2166, 40.3317 ], [ -4.2169, 40.3313 ], [ -4.2175, 40.3312 ], [ -4.2178, 40.331 ], [ -4.2176, 40.3306 ], [ -4.2179, 40.3303 ], [ -4.2178, 40.3297 ], [ -4.218, 40.3295 ], [ -4.2179, 40.3289 ], [ -4.2181, 40.3286 ], [ -4.2181, 40.3282 ], [ -4.2186, 40.328 ], [ -4.2187, 40.3274 ], [ -4.2192, 40.3269 ], [ -4.2192, 40.3262 ], [ -4.2189, 40.3262 ], [ -4.2185, 40.3258 ], [ -4.2178, 40.3257 ], [ -4.2172, 40.3254 ], [ -4.2151, 40.3253 ], [ -4.2146, 40.325 ], [ -4.2145, 40.3247 ], [ -4.2139, 40.3253 ], [ -4.214, 40.326 ], [ -4.2136, 40.3264 ], [ -4.2134, 40.327 ], [ -4.2133, 40.327 ], [ -4.2134, 40.3274 ], [ -4.2132, 40.3276 ], [ -4.2132, 40.3277 ], [ -4.214, 40.3277 ], [ -4.2142, 40.3279 ], [ -4.214, 40.3287 ], [ -4.2143, 40.3289 ], [ -4.2143, 40.3292 ], [ -4.214, 40.3299 ], [ -4.2128, 40.3307 ] ] ] } },
{ "type": "Feature", "properties": { "municipio": "Aldea del Fresno", "clasificacion": "no-urbanizable-protegido", "calificacion": "sin-asignar", "version": "vigente", "fuente": "SIT-CAM WFS — UsoDelSuelo:VPLA_V_CLASIFICACION (https://idem.comunidad.madrid/geosrvg/ows)", "fecha_dato": "2026-05-12", "ambito": "32623", "_raw_CD_SIGLAS": "SNUP", "_raw_DS_CLASIF_GEN": "Suelo No Urbanizable Protegido", "_raw_DS_CLASIF_DET": "Suelo No Urbanizable Clase V Interés Edafológico", "_raw_DS_DOCU": "NORMAS SUBSIDIARIAS", "_raw_DS_LEY": "CM Ley 9/1995, E RDL 1/1992", "_raw_FC_AC": "1997-04-24", "_raw_NM_AREA_M2": 52971.333025285603, "_cam_code": "008" }, "geometry": { "type": "Polygon", "coordinates": [ [ [ -4.2021, 40.3294 ], [ -4.2032, 40.3294 ], [ -4.2037, 40.3293 ], [ -4.2038, 40.3291 ], [ -4.2041, 40.3308 ], [ -4.2046, 40.3304 ], [ -4.2049, 40.3304 ], [ -4.2059, 40.33 ], [ -4.2057, 40.3291 ], [ -4.2059, 40.3287 ], [ -4.2051, 40.3285 ], [ -4.2049, 40.3283 ], [ -4.2038, 40.3284 ], [ -4.2036, 40.3279 ], [ -4.2028, 40.3279 ], [ -4.2027, 40.3278 ], [ -4.2025, 40.3281 ], [ -4.2025, 40.3285 ], [ -4.2021, 40.3294 ] ] ] } },
{ "type": "Feature", "properties": { "municipio": "Aldea del Fresno", "clasificacion": "no-urbanizable-protegido", "calificacion": "sin-asignar", "version": "vigente", "fuente": "SIT-CAM WFS — UsoDelSuelo:VPLA_V_CLASIFICACION (https://idem.comunidad.madrid/geosrvg/ows)", "fecha_dato": "2026-05-12", "ambito": "32623", "_raw_CD_SIGLAS": "SNUP", "_raw_DS_CLASIF_GEN": "Suelo No Urbanizable Protegido", "_raw_DS_CLASIF_DET": "Suelo No Urbanizable Clase V Interés Edafológico", "_raw_DS_DOCU": "NORMAS SUBSIDIARIAS", "_raw_DS_LEY": "CM Ley 9/1995, E RDL 1/1992", "_raw_FC_AC": "1997-04-24", "_raw_NM_AREA_M2": 176059.72827713401, "_cam_code": "008" }, "geometry": { "type": "Polygon", "coordinates": [ [ [ -4.1679, 40.3122 ], [ -4.1689, 40.3122 ], [ -4.1699, 40.3118 ], [ -4.1702, 40.3121 ], [ -4.1701, 40.3126 ], [ -4.1707, 40.3129 ], [ -4.1712, 40.3141 ], [ -4.1723, 40.3145 ], [ -4.1729, 40.3145 ], [ -4.1746, 40.3149 ], [ -4.1762, 40.3141 ], [ -4.1735, 40.313 ], [ -4.1729, 40.3115 ], [ -4.1722, 40.3108 ], [ -4.1718, 40.3105 ], [ -4.1704, 40.31 ], [ -4.1694, 40.3101 ], [ -4.1692, 40.3103 ], [ -4.169, 40.3102 ], [ -4.1674, 40.3102 ], [ -4.1671, 40.3104 ], [ -4.1679, 40.3122 ] ] ] } },
{ "type": "Feature", "properties": { "municipio": "Aldea del Fresno", "clasificacion": "no-urbanizable-protegido", "calificacion": "sin-asignar", "version": "vigente", "fuente": "SIT-CAM WFS — UsoDelSuelo:VPLA_V_CLASIFICACION (https://idem.comunidad.madrid/geosrvg/ows)", "fecha_dato": "2026-05-12", "ambito": "32623", "_raw_CD_SIGLAS": "SNUP", "_raw_DS_CLASIF_GEN": "Suelo No Urbanizable Protegido", "_raw_DS_CLASIF_DET": "Suelo No Urbanizable Clase V Interés Edafológico", "_raw_DS_DOCU": "NORMAS SUBSIDIARIAS", "_raw_DS_LEY": "CM Ley 9/1995, E RDL 1/1992", "_raw_FC_AC": "1997-04-24", "_raw_NM_AREA_M2": 46117.557652200798, "_cam_code": "008" }, "geometry": { "type": "Polygon", "coordinates": [ [ [ -4.1729, 40.309 ], [ -4.1725, 40.3094 ], [ -4.1725, 40.3096 ], [ -4.1728, 40.31 ], [ -4.1731, 40.3108 ], [ -4.1763, 40.3119 ], [ -4.1768, 40.3118 ], [ -4.1772, 40.3113 ], [ -4.1764, 40.311 ], [ -4.176, 40.311 ], [ -4.1759, 40.3108 ], [ -4.1752, 40.3106 ], [ -4.1747, 40.31 ], [ -4.1739, 40.3097 ], [ -4.1729, 40.309 ] ] ] } },
{ "type": "Feature", "properties": { "municipio": "Aldea del Fresno", "clasificacion": "no-urbanizable-protegido", "calificacion": "sin-asignar", "version": "vigente", "fuente": "SIT-CAM WFS — UsoDelSuelo:VPLA_V_CLASIFICACION (https://idem.comunidad.madrid/geosrvg/ows)", "fecha_dato": "2026-05-12", "ambito": "32623", "_raw_CD_SIGLAS": "SNUP", "_raw_DS_CLASIF_GEN": "Suelo No Urbanizable Protegido", "_raw_DS_CLASIF_DET": "Suelo No Urbanizable Clase V Interés Edafológico", "_raw_DS_DOCU": "NORMAS SUBSIDIARIAS", "_raw_DS_LEY": "CM Ley 9/1995, E RDL 1/1992", "_raw_FC_AC": "1997-04-24", "_raw_NM_AREA_M2": 66047.827273025701, "_cam_code": "008" }, "geometry": { "type": "Polygon", "coordinates": [ [ [ -4.169, 40.3063 ], [ -4.1682, 40.3069 ], [ -4.1681, 40.3073 ], [ -4.1684, 40.3084 ], [ -4.1686, 40.3085 ], [ -4.1693, 40.3082 ], [ -4.1692, 40.3086 ], [ -4.1694, 40.3088 ], [ -4.171, 40.3091 ], [ -4.1716, 40.3094 ], [ -4.1721, 40.3094 ], [ -4.1722, 40.3089 ], [ -4.1721, 40.3083 ], [ -4.169, 40.3063 ] ] ] } },
{ "type": "Feature", "properties": { "municipio": "Aldea del Fresno", "clasificacion": "no-urbanizable-protegido", "calificacion": "sin-asignar", "version": "vigente", "fuente": "SIT-CAM WFS — UsoDelSuelo:VPLA_V_CLASIFICACION (https://idem.comunidad.madrid/geosrvg/ows)", "fecha_dato": "2026-05-12", "ambito": "32623", "_raw_CD_SIGLAS": "SNUP", "_raw_DS_CLASIF_GEN": "Suelo No Urbanizable Protegido", "_raw_DS_CLASIF_DET": "Suelo No Urbanizable Clase V Interés Edafológico", "_raw_DS_DOCU": "NORMAS SUBSIDIARIAS", "_raw_DS_LEY": "CM Ley 9/1995, E RDL 1/1992", "_raw_FC_AC": "1997-04-24", "_raw_NM_AREA_M2": 47170.337591346899, "_cam_code": "008" }, "geometry": { "type": "Polygon", "coordinates": [ [ [ -4.2236, 40.3296 ], [ -4.2218, 40.3304 ], [ -4.2221, 40.331 ], [ -4.2229, 40.332 ], [ -4.2255, 40.331 ], [ -4.2244, 40.3299 ], [ -4.2236, 40.3296 ] ] ] } },
{ "type": "Feature", "properties": { "municipio": "Aldea del Fresno", "clasificacion": "no-urbanizable-protegido", "calificacion": "sin-asignar", "version": "vigente", "fuente": "SIT-CAM WFS — UsoDelSuelo:VPLA_V_CLASIFICACION (https://idem.comunidad.madrid/geosrvg/ows)", "fecha_dato": "2026-05-12", "ambito": "32623", "_raw_CD_SIGLAS": "SNUP", "_raw_DS_CLASIF_GEN": "Suelo No Urbanizable Protegido", "_raw_DS_CLASIF_DET": "Suelo No Urbanizable Clase V Interés Edafológico", "_raw_DS_DOCU": "NORMAS SUBSIDIARIAS", "_raw_DS_LEY": "CM Ley 9/1995, E RDL 1/1992", "_raw_FC_AC": "1997-04-24", "_raw_NM_AREA_M2": 172016.327542201, "_cam_code": "008" }, "geometry": { "type": "Polygon", "coordinates": [ [ [ -4.1742, 40.3087 ], [ -4.1759, 40.31 ], [ -4.1771, 40.3102 ], [ -4.1775, 40.31 ], [ -4.1774, 40.3099 ], [ -4.1778, 40.3098 ], [ -4.178, 40.309 ], [ -4.1783, 40.3086 ], [ -4.1784, 40.3087 ], [ -4.1785, 40.307 ], [ -4.1783, 40.3067 ], [ -4.1785, 40.3065 ], [ -4.1783, 40.3063 ], [ -4.1783, 40.3059 ], [ -4.1773, 40.3056 ], [ -4.1771, 40.3053 ], [ -4.1768, 40.3052 ], [ -4.1758, 40.3054 ], [ -4.1746, 40.3062 ], [ -4.1737, 40.3064 ], [ -4.1734, 40.3066 ], [ -4.1733, 40.307 ], [ -4.1731, 40.3072 ], [ -4.1736, 40.3077 ], [ -4.1737, 40.3085 ], [ -4.1742, 40.3087 ] ] ] } },
{ "type": "Feature", "properties": { "municipio": "Aldea del Fresno", "clasificacion": "no-urbanizable-protegido", "calificacion": "sin-asignar", "version": "vigente", "fuente": "SIT-CAM WFS — UsoDelSuelo:VPLA_V_CLASIFICACION (https://idem.comunidad.madrid/geosrvg/ows)", "fecha_dato": "2026-05-12", "ambito": "32623", "_raw_CD_SIGLAS": "SNUP", "_raw_DS_CLASIF_GEN": "Suelo No Urbanizable Protegido", "_raw_DS_CLASIF_DET": "Suelo No Urbanizable Clase IV Interés Agropecuario Extensivo", "_raw_DS_DOCU": "NORMAS SUBSIDIARIAS", "_raw_DS_LEY": "CM Ley 9/1995, E RDL 1/1992", "_raw_FC_AC": "1997-04-24", "_raw_NM_AREA_M2": 145450.88861537, "_cam_code": "008" }, "geometry": { "type": "Polygon", "coordinates": [ [ [ -4.2769, 40.3038 ], [ -4.2765, 40.3038 ], [ -4.2758, 40.3042 ], [ -4.2759, 40.305 ], [ -4.275, 40.3047 ], [ -4.274, 40.305 ], [ -4.2723, 40.3047 ], [ -4.2712, 40.3048 ], [ -4.2707, 40.3046 ], [ -4.27, 40.3048 ], [ -4.2698, 40.305 ], [ -4.2694, 40.305 ], [ -4.2681, 40.3046 ], [ -4.2678, 40.3044 ], [ -4.2675, 40.3047 ], [ -4.2677, 40.3049 ], [ -4.2689, 40.3054 ], [ -4.2697, 40.3056 ], [ -4.27, 40.3056 ], [ -4.2704, 40.3054 ], [ -4.2711, 40.3058 ], [ -4.2714, 40.3058 ], [ -4.2715, 40.3063 ], [ -4.2722, 40.3062 ], [ -4.2731, 40.3056 ], [ -4.2733, 40.3056 ], [ -4.2739, 40.306 ], [ -4.2744, 40.3055 ], [ -4.2752, 40.3053 ], [ -4.2754, 40.3055 ], [ -4.275, 40.3057 ], [ -4.275, 40.306 ], [ -4.2743, 40.3069 ], [ -4.2746, 40.3079 ], [ -4.275, 40.3076 ], [ -4.2757, 40.3074 ], [ -4.2761, 40.3065 ], [ -4.2778, 40.3075 ], [ -4.2783, 40.307 ], [ -4.2785, 40.3066 ], [ -4.278, 40.3056 ], [ -4.2773, 40.3047 ], [ -4.2769, 40.3038 ] ] ] } },
{ "type": "Feature", "properties": { "municipio": "Aldea del Fresno", "clasificacion": "no-urbanizable-protegido", "calificacion": "sin-asignar", "version": "vigente", "fuente": "SIT-CAM WFS — UsoDelSuelo:VPLA_V_CLASIFICACION (https://idem.comunidad.madrid/geosrvg/ows)", "fecha_dato": "2026-05-12", "ambito": "32623", "_raw_CD_SIGLAS": "SNUP", "_raw_DS_CLASIF_GEN": "Suelo No Urbanizable Protegido", "_raw_DS_CLASIF_DET": "Suelo No Urbanizable Clase IV Interés Agropecuario Extensivo", "_raw_DS_DOCU": "NORMAS SUBSIDIARIAS", "_raw_DS_LEY": "CM Ley 9/1995, E RDL 1/1992", "_raw_FC_AC": "1997-04-24", "_raw_NM_AREA_M2": 418100.96494676499, "_cam_code": "008" }, "geometry": { "type": "Polygon", "coordinates": [ [ [ -4.2518, 40.3041 ], [ -4.2521, 40.3043 ], [ -4.2534, 40.304 ], [ -4.2539, 40.3041 ], [ -4.257, 40.3028 ], [ -4.2583, 40.3027 ], [ -4.2593, 40.3023 ], [ -4.2592, 40.3024 ], [ -4.259, 40.3023 ], [ -4.2591, 40.3018 ], [ -4.2573, 40.3002 ], [ -4.2569, 40.2997 ], [ -4.2567, 40.2991 ], [ -4.2568, 40.2983 ], [ -4.2567, 40.2978 ], [ -4.2561, 40.2972 ], [ -4.256, 40.2965 ], [ -4.2523, 40.2972 ], [ -4.2497, 40.2981 ], [ -4.2508, 40.3005 ], [ -4.251, 40.3014 ], [ -4.2514, 40.3021 ], [ -4.2518, 40.3041 ] ] ] } },
{ "type": "Feature", "properties": { "municipio": "Aldea del Fresno", "clasificacion": "no-urbanizable-protegido", "calificacion": "sin-asignar", "version": "vigente", "fuente": "SIT-CAM WFS — UsoDelSuelo:VPLA_V_CLASIFICACION (https://idem.comunidad.madrid/geosrvg/ows)", "fecha_dato": "2026-05-12", "ambito": "32623", "_raw_CD_SIGLAS": "SNUP", "_raw_DS_CLASIF_GEN": "Suelo No Urbanizable Protegido", "_raw_DS_CLASIF_DET": "Suelo No Urbanizable Clase IV Interés Agropecuario Extensivo", "_raw_DS_DOCU": "NORMAS SUBSIDIARIAS", "_raw_DS_LEY": "CM Ley 9/1995, E RDL 1/1992", "_raw_FC_AC": "1997-04-24", "_raw_NM_AREA_M2": 375012.06014436297, "_cam_code": "008" }, "geometry": { "type": "Polygon", "coordinates": [ [ [ -4.2375, 40.2981 ], [ -4.2375, 40.2976 ], [ -4.236, 40.2959 ], [ -4.2353, 40.2966 ], [ -4.2348, 40.2968 ], [ -4.2352, 40.297 ], [ -4.2355, 40.2975 ], [ -4.2358, 40.2977 ], [ -4.2342, 40.299 ], [ -4.234, 40.2995 ], [ -4.2331, 40.3001 ], [ -4.2323, 40.2996 ], [ -4.2303, 40.3016 ], [ -4.2311, 40.3026 ], [ -4.2314, 40.3032 ], [ -4.2323, 40.3042 ], [ -4.2327, 40.3045 ], [ -4.2333, 40.3045 ], [ -4.2334, 40.3054 ], [ -4.2337, 40.3056 ], [ -4.2337, 40.3061 ], [ -4.2342, 40.307 ], [ -4.2364, 40.3054 ], [ -4.2364, 40.305 ], [ -4.2371, 40.3022 ], [ -4.237, 40.3008 ], [ -4.2371, 40.2996 ], [ -4.2372, 40.2987 ], [ -4.2375, 40.2981 ] ] ] } },
{ "type": "Feature", "properties": { "municipio": "Aldea del Fresno", "clasificacion": "no-urbanizable-protegido", "calificacion": "sin-asignar", "version": "vigente", "fuente": "SIT-CAM WFS — UsoDelSuelo:VPLA_V_CLASIFICACION (https://idem.comunidad.madrid/geosrvg/ows)", "fecha_dato": "2026-05-12", "ambito": "32623", "_raw_CD_SIGLAS": "SNUP", "_raw_DS_CLASIF_GEN": "Suelo No Urbanizable Protegido", "_raw_DS_CLASIF_DET": "Suelo No Urbanizable Clase IV Interés Agropecuario Extensivo", "_raw_DS_DOCU": "NORMAS SUBSIDIARIAS", "_raw_DS_LEY": "CM Ley 9/1995, E RDL 1/1992", "_raw_FC_AC": "1997-04-24", "_raw_NM_AREA_M2": 186633.37407525399, "_cam_code": "008" }, "geometry": { "type": "Polygon", "coordinates": [ [ [ -4.2266, 40.3075 ], [ -4.2258, 40.3081 ], [ -4.2258, 40.3085 ], [ -4.2263, 40.309 ], [ -4.2261, 40.3094 ], [ -4.2265, 40.3101 ], [ -4.228, 40.3095 ], [ -4.2288, 40.309 ], [ -4.2293, 40.3091 ], [ -4.2301, 40.3085 ], [ -4.2314, 40.3092 ], [ -4.2333, 40.3092 ], [ -4.2331, 40.3082 ], [ -4.2326, 40.3077 ], [ -4.2319, 40.3076 ], [ -4.2317, 40.3074 ], [ -4.2316, 40.3065 ], [ -4.2314, 40.3063 ], [ -4.2301, 40.3062 ], [ -4.2296, 40.3052 ], [ -4.2285, 40.3046 ], [ -4.2282, 40.3052 ], [ -4.2284, 40.3059 ], [ -4.2282, 40.3062 ], [ -4.2271, 40.3068 ], [ -4.2266, 40.3075 ] ] ] } },
{ "type": "Feature", "properties": { "municipio": "Aldea del Fresno", "clasificacion": "no-urbanizable-protegido", "calificacion": "sin-asignar", "version": "vigente", "fuente": "SIT-CAM WFS — UsoDelSuelo:VPLA_V_CLASIFICACION (https://idem.comunidad.madrid/geosrvg/ows)", "fecha_dato": "2026-05-12", "ambito": "32623", "_raw_CD_SIGLAS": "SNUP", "_raw_DS_CLASIF_GEN": "Suelo No Urbanizable Protegido", "_raw_DS_CLASIF_DET": "Suelo No Urbanizable Clase IV Interés Agropecuario Extensivo", "_raw_DS_DOCU": "NORMAS SUBSIDIARIAS", "_raw_DS_LEY": "CM Ley 9/1995, E RDL 1/1992", "_raw_FC_AC": "1997-04-24", "_raw_NM_AREA_M2": 85351.827648356499, "_cam_code": "008" }, "geometry": { "type": "Polygon", "coordinates": [ [ [ -4.22, 40.3132 ], [ -4.2201, 40.3134 ], [ -4.2209, 40.3139 ], [ -4.2209, 40.3137 ], [ -4.2215, 40.3135 ], [ -4.2216, 40.3133 ], [ -4.2237, 40.3124 ], [ -4.2258, 40.312 ], [ -4.2267, 40.3117 ], [ -4.227, 40.3115 ], [ -4.2274, 40.3102 ], [ -4.228, 40.3097 ], [ -4.2217, 40.312 ], [ -4.2211, 40.3123 ], [ -4.22, 40.3132 ] ] ] } },
{ "type": "Feature", "properties": { "municipio": "Aldea del Fresno", "clasificacion": "no-urbanizable-protegido", "calificacion": "sin-asignar", "version": "vigente", "fuente": "SIT-CAM WFS — UsoDelSuelo:VPLA_V_CLASIFICACION (https://idem.comunidad.madrid/geosrvg/ows)", "fecha_dato": "2026-05-12", "ambito": "32623", "_raw_CD_SIGLAS": "SNUP", "_raw_DS_CLASIF_GEN": "Suelo No Urbanizable Protegido", "_raw_DS_CLASIF_DET": "Suelo No Urbanizable Clase IV Interés Agropecuario Extensivo", "_raw_DS_DOCU": "NORMAS SUBSIDIARIAS", "_raw_DS_LEY": "CM Ley 9/1995, E RDL 1/1992", "_raw_FC_AC": "1997-04-24", "_raw_NM_AREA_M2": 435270.312282831, "_cam_code": "008" }, "geometry": { "type": "Polygon", "coordinates": [ [ [ -4.209, 40.3165 ], [ -4.209, 40.3195 ], [ -4.2102, 40.3208 ], [ -4.2116, 40.3211 ], [ -4.2121, 40.3214 ], [ -4.2155, 40.3212 ], [ -4.2157, 40.32 ], [ -4.217, 40.3196 ], [ -4.2172, 40.3193 ], [ -4.2183, 40.3187 ], [ -4.2186, 40.3178 ], [ -4.2185, 40.3176 ], [ -4.2189, 40.316 ], [ -4.2204, 40.3145 ], [ -4.2195, 40.3138 ], [ -4.218, 40.3151 ], [ -4.2157, 40.3157 ], [ -4.2112, 40.3165 ], [ -4.209, 40.3165 ] ] ] } },
{ "type": "Feature", "properties": { "municipio": "Aldea del Fresno", "clasificacion": "no-urbanizable-protegido", "calificacion": "sin-asignar", "version": "vigente", "fuente": "SIT-CAM WFS — UsoDelSuelo:VPLA_V_CLASIFICACION (https://idem.comunidad.madrid/geosrvg/ows)", "fecha_dato": "2026-05-12", "ambito": "32623", "_raw_CD_SIGLAS": "SNUP", "_raw_DS_CLASIF_GEN": "Suelo No Urbanizable Protegido", "_raw_DS_CLASIF_DET": "Suelo No Urbanizable Clase IV Interés Agropecuario Extensivo", "_raw_DS_DOCU": "NORMAS SUBSIDIARIAS", "_raw_DS_LEY": "CM Ley 9/1995, E RDL 1/1992", "_raw_FC_AC": "1997-04-24", "_raw_NM_AREA_M2": 95760.552031515006, "_cam_code": "008" }, "geometry": { "type": "Polygon", "coordinates": [ [ [ -4.2701, 40.2978 ], [ -4.2706, 40.2987 ], [ -4.2707, 40.2993 ], [ -4.2705, 40.3001 ], [ -4.2706, 40.3007 ], [ -4.2714, 40.3016 ], [ -4.2714, 40.3015 ], [ -4.2724, 40.302 ], [ -4.2738, 40.3034 ], [ -4.2739, 40.3037 ], [ -4.2749, 40.3036 ], [ -4.2746, 40.3026 ], [ -4.275, 40.3017 ], [ -4.274, 40.3007 ], [ -4.2738, 40.3009 ], [ -4.2736, 40.3009 ], [ -4.2726, 40.3 ], [ -4.2724, 40.3 ], [ -4.2716, 40.2993 ], [ -4.2714, 40.2989 ], [ -4.2709, 40.2986 ], [ -4.271, 40.2983 ], [ -4.2701, 40.2978 ] ] ] } },
{ "type": "Feature", "properties": { "municipio": "Aldea del Fresno", "clasificacion": "no-urbanizable-protegido", "calificacion": "sin-asignar", "version": "vigente", "fuente": "SIT-CAM WFS — UsoDelSuelo:VPLA_V_CLASIFICACION (https://idem.comunidad.madrid/geosrvg/ows)", "fecha_dato": "2026-05-12", "ambito": "32623", "_raw_CD_SIGLAS": "SNUP", "_raw_DS_CLASIF_GEN": "Suelo No Urbanizable Protegido", "_raw_DS_CLASIF_DET": "Suelo No Urbanizable Clase IV Interés Agropecuario Extensivo", "_raw_DS_DOCU": "NORMAS SUBSIDIARIAS", "_raw_DS_LEY": "CM Ley 9/1995, E RDL 1/1992", "_raw_FC_AC": "1997-04-24", "_raw_NM_AREA_M2": 352742.99198022002, "_cam_code": "008" }, "geometry": { "type": "Polygon", "coordinates": [ [ [ -4.2596, 40.2981 ], [ -4.2635, 40.3012 ], [ -4.2645, 40.3022 ], [ -4.2637, 40.3029 ], [ -4.2642, 40.3027 ], [ -4.265, 40.3026 ], [ -4.2658, 40.303 ], [ -4.2663, 40.3026 ], [ -4.2652, 40.3018 ], [ -4.2662, 40.3009 ], [ -4.2677, 40.2985 ], [ -4.2687, 40.2978 ], [ -4.2695, 40.2975 ], [ -4.2684, 40.2972 ], [ -4.2672, 40.2964 ], [ -4.2664, 40.2961 ], [ -4.2651, 40.2948 ], [ -4.2648, 40.2947 ], [ -4.2624, 40.2954 ], [ -4.2647, 40.2993 ], [ -4.2638, 40.2996 ], [ -4.2631, 40.2984 ], [ -4.2611, 40.2983 ], [ -4.2603, 40.2957 ], [ -4.2568, 40.2964 ], [ -4.2572, 40.2971 ], [ -4.2582, 40.2975 ], [ -4.2585, 40.298 ], [ -4.2596, 40.2981 ] ] ] } },
{ "type": "Feature", "properties": { "municipio": "Aldea del Fresno", "clasificacion": "no-urbanizable-protegido", "calificacion": "sin-asignar", "version": "vigente", "fuente": "SIT-CAM WFS — UsoDelSuelo:VPLA_V_CLASIFICACION (https://idem.comunidad.madrid/geosrvg/ows)", "fecha_dato": "2026-05-12", "ambito": "32623", "_raw_CD_SIGLAS": "SNUP", "_raw_DS_CLASIF_GEN": "Suelo No Urbanizable Protegido", "_raw_DS_CLASIF_DET": "Suelo No Urbanizable Clase IV Interés Agropecuario Extensivo", "_raw_DS_DOCU": "NORMAS SUBSIDIARIAS", "_raw_DS_LEY": "CM Ley 9/1995, E RDL 1/1992", "_raw_FC_AC": "1997-04-24", "_raw_NM_AREA_M2": 71951.417539336093, "_cam_code": "008" }, "geometry": { "type": "Polygon", "coordinates": [ [ [ -4.2585, 40.3079 ], [ -4.2597, 40.3078 ], [ -4.2602, 40.3075 ], [ -4.2607, 40.3075 ], [ -4.2611, 40.3073 ], [ -4.2604, 40.3072 ], [ -4.2613, 40.3065 ], [ -4.2621, 40.307 ], [ -4.2624, 40.3069 ], [ -4.2632, 40.3071 ], [ -4.2635, 40.3073 ], [ -4.2633, 40.3067 ], [ -4.2637, 40.3063 ], [ -4.2634, 40.306 ], [ -4.2635, 40.3058 ], [ -4.2631, 40.3057 ], [ -4.2623, 40.3059 ], [ -4.2621, 40.3057 ], [ -4.2619, 40.3047 ], [ -4.2616, 40.3047 ], [ -4.2612, 40.3045 ], [ -4.2611, 40.3042 ], [ -4.2606, 40.3037 ], [ -4.2604, 40.3042 ], [ -4.2604, 40.3049 ], [ -4.2608, 40.3061 ], [ -4.2594, 40.3071 ], [ -4.258, 40.3069 ], [ -4.2581, 40.3073 ], [ -4.2585, 40.3079 ] ] ] } },
{ "type": "Feature", "properties": { "municipio": "Aldea del Fresno", "clasificacion": "no-urbanizable-protegido", "calificacion": "sin-asignar", "version": "vigente", "fuente": "SIT-CAM WFS — UsoDelSuelo:VPLA_V_CLASIFICACION (https://idem.comunidad.madrid/geosrvg/ows)", "fecha_dato": "2026-05-12", "ambito": "32623", "_raw_CD_SIGLAS": "SNUP", "_raw_DS_CLASIF_GEN": "Suelo No Urbanizable Protegido", "_raw_DS_CLASIF_DET": "Suelo No Urbanizable Protegido Clase I Espacios ZEPA", "_raw_DS_DOCU": "NORMAS SUBSIDIARIAS", "_raw_DS_LEY": "CM Ley 9/1995, E RDL 1/1992", "_raw_FC_AC": "1997-04-24", "_raw_NM_AREA_M2": 484004.38593527197, "_cam_code": "008" }, "geometry": { "type": "Polygon", "coordinates": [ [ [ -4.2603, 40.2957 ], [ -4.2611, 40.2983 ], [ -4.2631, 40.2984 ], [ -4.2638, 40.2996 ], [ -4.2647, 40.2993 ], [ -4.2624, 40.2954 ], [ -4.2648, 40.2947 ], [ -4.2598, 40.2912 ], [ -4.2575, 40.2893 ], [ -4.2565, 40.2881 ], [ -4.2551, 40.2871 ], [ -4.2512, 40.2852 ], [ -4.25, 40.2863 ], [ -4.2494, 40.2873 ], [ -4.2531, 40.2891 ], [ -4.255, 40.2905 ], [ -4.2564, 40.2909 ], [ -4.2561, 40.2914 ], [ -4.2562, 40.2916 ], [ -4.2589, 40.2938 ], [ -4.2603, 40.2957 ] ] ] } },
{ "type": "Feature", "properties": { "municipio": "Aldea del Fresno", "clasificacion": "no-urbanizable-protegido", "calificacion": "sin-asignar", "version": "vigente", "fuente": "SIT-CAM WFS — UsoDelSuelo:VPLA_V_CLASIFICACION (https://idem.comunidad.madrid/geosrvg/ows)", "fecha_dato": "2026-05-12", "ambito": "32623", "_raw_CD_SIGLAS": "SNUP", "_raw_DS_CLASIF_GEN": "Suelo No Urbanizable Protegido", "_raw_DS_CLASIF_DET": "Suelo No Urbanizable Clase IV Interés Agropecuario Extensivo", "_raw_DS_DOCU": "NORMAS SUBSIDIARIAS", "_raw_DS_LEY": "CM Ley 9/1995, E RDL 1/1992", "_raw_FC_AC": "1997-04-24", "_raw_NM_AREA_M2": 87979.620004380806, "_cam_code": "008" }, "geometry": { "type": "Polygon", "coordinates": [ [ [ -4.2403, 40.3199 ], [ -4.2408, 40.3203 ], [ -4.2412, 40.3202 ], [ -4.2418, 40.3197 ], [ -4.2426, 40.3198 ], [ -4.2432, 40.3197 ], [ -4.2427, 40.3193 ], [ -4.2426, 40.3188 ], [ -4.2434, 40.3186 ], [ -4.2444, 40.3177 ], [ -4.2417, 40.3155 ], [ -4.2413, 40.3159 ], [ -4.2411, 40.3182 ], [ -4.2403, 40.3199 ] ] ] } },
{ "type": "Feature", "properties": { "municipio": "Aldea del Fresno", "clasificacion": "no-urbanizable-protegido", "calificacion": "sin-asignar", "version": "vigente", "fuente": "SIT-CAM WFS — UsoDelSuelo:VPLA_V_CLASIFICACION (https://idem.comunidad.madrid/geosrvg/ows)", "fecha_dato": "2026-05-12", "ambito": "32623", "_raw_CD_SIGLAS": "SNUP", "_raw_DS_CLASIF_GEN": "Suelo No Urbanizable Protegido", "_raw_DS_CLASIF_DET": "Suelo No Urbanizable Clase IV Interés Agropecuario Extensivo", "_raw_DS_DOCU": "NORMAS SUBSIDIARIAS", "_raw_DS_LEY": "CM Ley 9/1995, E RDL 1/1992", "_raw_FC_AC": "1997-04-24", "_raw_NM_AREA_M2": 187282.20576309899, "_cam_code": "008" }, "geometry": { "type": "Polygon", "coordinates": [ [ [ -4.1909, 40.2973 ], [ -4.1927, 40.2981 ], [ -4.1933, 40.2988 ], [ -4.1941, 40.2993 ], [ -4.195, 40.3005 ], [ -4.1955, 40.3009 ], [ -4.1967, 40.3023 ], [ -4.1971, 40.3022 ], [ -4.1974, 40.3016 ], [ -4.1982, 40.3009 ], [ -4.1991, 40.3004 ], [ -4.2005, 40.3002 ], [ -4.2004, 40.2998 ], [ -4.2001, 40.2994 ], [ -4.1996, 40.2994 ], [ -4.1991, 40.2988 ], [ -4.198, 40.2985 ], [ -4.1977, 40.2987 ], [ -4.197, 40.2998 ], [ -4.1964, 40.299 ], [ -4.196, 40.2993 ], [ -4.1957, 40.2993 ], [ -4.1956, 40.2992 ], [ -4.196, 40.2983 ], [ -4.1963, 40.297 ], [ -4.1956, 40.2973 ], [ -4.1954, 40.2968 ], [ -4.1953, 40.2968 ], [ -4.195, 40.2969 ], [ -4.1948, 40.2972 ], [ -4.1944, 40.2973 ], [ -4.1942, 40.2971 ], [ -4.1942, 40.2966 ], [ -4.1939, 40.2967 ], [ -4.1929, 40.2963 ], [ -4.1909, 40.2973 ] ] ] } },
{ "type": "Feature", "properties": { "municipio": "Aldea del Fresno", "clasificacion": "no-urbanizable-protegido", "calificacion": "sin-asignar", "version": "vigente", "fuente": "SIT-CAM WFS — UsoDelSuelo:VPLA_V_CLASIFICACION (https://idem.comunidad.madrid/geosrvg/ows)", "fecha_dato": "2026-05-12", "ambito": "32623", "_raw_CD_SIGLAS": "SNUP", "_raw_DS_CLASIF_GEN": "Suelo No Urbanizable Protegido", "_raw_DS_CLASIF_DET": "Suelo No Urbanizable Clase IV Interés Agropecuario Extensivo", "_raw_DS_DOCU": "NORMAS SUBSIDIARIAS", "_raw_DS_LEY": "CM Ley 9/1995, E RDL 1/1992", "_raw_FC_AC": "1997-04-24", "_raw_NM_AREA_M2": 227497.612364086, "_cam_code": "008" }, "geometry": { "type": "Polygon", "coordinates": [ [ [ -4.2004, 40.3379 ], [ -4.2007, 40.3383 ], [ -4.2014, 40.3388 ], [ -4.2012, 40.3382 ], [ -4.2012, 40.3366 ], [ -4.2013, 40.3363 ], [ -4.2019, 40.3354 ], [ -4.2019, 40.3352 ], [ -4.2023, 40.3345 ], [ -4.2028, 40.3339 ], [ -4.203, 40.334 ], [ -4.2036, 40.3338 ], [ -4.2042, 40.3331 ], [ -4.2042, 40.3329 ], [ -4.2041, 40.3327 ], [ -4.2037, 40.3325 ], [ -4.2019, 40.3333 ], [ -4.2009, 40.3341 ], [ -4.2002, 40.334 ], [ -4.1994, 40.3335 ], [ -4.1985, 40.3326 ], [ -4.1989, 40.3322 ], [ -4.1996, 40.3319 ], [ -4.1998, 40.3316 ], [ -4.199, 40.331 ], [ -4.198, 40.3314 ], [ -4.1973, 40.332 ], [ -4.1971, 40.3328 ], [ -4.197, 40.3341 ], [ -4.1972, 40.3356 ], [ -4.1978, 40.3363 ], [ -4.1982, 40.3372 ], [ -4.1986, 40.3376 ], [ -4.1992, 40.338 ], [ -4.1996, 40.3381 ], [ -4.2001, 40.3378 ], [ -4.2004, 40.3379 ] ] ] } },
{ "type": "Feature", "properties": { "municipio": "Aldea del Fresno", "clasificacion": "no-urbanizable-protegido", "calificacion": "sin-asignar", "version": "vigente", "fuente": "SIT-CAM WFS — UsoDelSuelo:VPLA_V_CLASIFICACION (https://idem.comunidad.madrid/geosrvg/ows)", "fecha_dato": "2026-05-12", "ambito": "32623", "_raw_CD_SIGLAS": "SNUP", "_raw_DS_CLASIF_GEN": "Suelo No Urbanizable Protegido", "_raw_DS_CLASIF_DET": "Suelo No Urbanizable Clase IV Interés Agropecuario Extensivo", "_raw_DS_DOCU": "NORMAS SUBSIDIARIAS", "_raw_DS_LEY": "CM Ley 9/1995, E RDL 1/1992", "_raw_FC_AC": "1997-04-24", "_raw_NM_AREA_M2": 220348.78763964199, "_cam_code": "008" }, "geometry": { "type": "Polygon", "coordinates": [ [ [ -4.1957, 40.3245 ], [ -4.195, 40.3242 ], [ -4.1943, 40.3248 ], [ -4.1941, 40.3252 ], [ -4.1949, 40.3256 ], [ -4.1956, 40.3272 ], [ -4.1941, 40.3273 ], [ -4.1934, 40.3281 ], [ -4.1943, 40.3284 ], [ -4.1947, 40.3287 ], [ -4.1952, 40.3295 ], [ -4.1944, 40.3308 ], [ -4.1945, 40.3314 ], [ -4.1951, 40.3314 ], [ -4.1954, 40.331 ], [ -4.1958, 40.331 ], [ -4.1963, 40.3308 ], [ -4.1972, 40.3299 ], [ -4.1978, 40.3297 ], [ -4.1998, 40.3294 ], [ -4.2008, 40.3294 ], [ -4.201, 40.3289 ], [ -4.201, 40.3285 ], [ -4.1999, 40.3279 ], [ -4.1992, 40.3271 ], [ -4.1963, 40.3257 ], [ -4.196, 40.3254 ], [ -4.1957, 40.3245 ] ] ] } },
{ "type": "Feature", "properties": { "municipio": "Aldea del Fresno", "clasificacion": "no-urbanizable-protegido", "calificacion": "sin-asignar", "version": "vigente", "fuente": "SIT-CAM WFS — UsoDelSuelo:VPLA_V_CLASIFICACION (https://idem.comunidad.madrid/geosrvg/ows)", "fecha_dato": "2026-05-12", "ambito": "32623", "_raw_CD_SIGLAS": "SNUP", "_raw_DS_CLASIF_GEN": "Suelo No Urbanizable Protegido", "_raw_DS_CLASIF_DET": "Suelo No Urbanizable Clase V Interés Edafológico", "_raw_DS_DOCU": "NORMAS SUBSIDIARIAS", "_raw_DS_LEY": "CM Ley 9/1995, E RDL 1/1992", "_raw_FC_AC": "1997-04-24", "_raw_NM_AREA_M2": 1197905.31117787, "_cam_code": "008" }, "geometry": { "type": "Polygon", "coordinates": [ [ [ -4.2166, 40.3234 ], [ -4.2168, 40.3244 ], [ -4.2177, 40.3248 ], [ -4.2189, 40.325 ], [ -4.2203, 40.3256 ], [ -4.2209, 40.3256 ], [ -4.2217, 40.326 ], [ -4.2224, 40.326 ], [ -4.2228, 40.3265 ], [ -4.2234, 40.3269 ], [ -4.2233, 40.3271 ], [ -4.2235, 40.3275 ], [ -4.2229, 40.3286 ], [ -4.2229, 40.329 ], [ -4.2234, 40.3294 ], [ -4.2245, 40.3295 ], [ -4.2249, 40.3297 ], [ -4.2252, 40.3302 ], [ -4.2259, 40.3305 ], [ -4.2262, 40.3308 ], [ -4.2267, 40.3305 ], [ -4.2284, 40.33 ], [ -4.2302, 40.3297 ], [ -4.231, 40.3297 ], [ -4.2311, 40.3305 ], [ -4.232, 40.3305 ], [ -4.2322, 40.3306 ], [ -4.2322, 40.3302 ], [ -4.2317, 40.3297 ], [ -4.2326, 40.3293 ], [ -4.2332, 40.3283 ], [ -4.2327, 40.3281 ], [ -4.2319, 40.3281 ], [ -4.2313, 40.3279 ], [ -4.2308, 40.3275 ], [ -4.2306, 40.327 ], [ -4.2305, 40.327 ], [ -4.2306, 40.3238 ], [ -4.2304, 40.3226 ], [ -4.2306, 40.3222 ], [ -4.2311, 40.3217 ], [ -4.2326, 40.3206 ], [ -4.2337, 40.3195 ], [ -4.2336, 40.3191 ], [ -4.2331, 40.3184 ], [ -4.2298, 40.3197 ], [ -4.2258, 40.316 ], [ -4.2249, 40.3166 ], [ -4.225, 40.3168 ], [ -4.2206, 40.3211 ], [ -4.2201, 40.3214 ], [ -4.2191, 40.3217 ], [ -4.2191, 40.322 ], [ -4.2194, 40.3225 ], [ -4.2166, 40.3234 ] ] ] } },
{ "type": "Feature", "properties": { "municipio": "Aldea del Fresno", "clasificacion": "no-urbanizable-protegido", "calificacion": "sin-asignar", "version": "vigente", "fuente": "SIT-CAM WFS — UsoDelSuelo:VPLA_V_CLASIFICACION (https://idem.comunidad.madrid/geosrvg/ows)", "fecha_dato": "2026-05-12", "ambito": "32623", "_raw_CD_SIGLAS": "SNUP", "_raw_DS_CLASIF_GEN": "Suelo No Urbanizable Protegido", "_raw_DS_CLASIF_DET": "Suelo No Urbanizable Clase IV Interés Agropecuario Extensivo", "_raw_DS_DOCU": "NORMAS SUBSIDIARIAS", "_raw_DS_LEY": "CM Ley 9/1995, E RDL 1/1992", "_raw_FC_AC": "1997-04-24", "_raw_NM_AREA_M2": 39971.351319717003, "_cam_code": "008" }, "geometry": { "type": "Polygon", "coordinates": [ [ [ -4.1902, 40.3311 ], [ -4.1905, 40.3312 ], [ -4.1917, 40.3311 ], [ -4.1923, 40.3314 ], [ -4.1924, 40.3312 ], [ -4.192, 40.3308 ], [ -4.1922, 40.3305 ], [ -4.1921, 40.3301 ], [ -4.1918, 40.3299 ], [ -4.1916, 40.3294 ], [ -4.191, 40.3288 ], [ -4.1911, 40.3285 ], [ -4.191, 40.3282 ], [ -4.1905, 40.3281 ], [ -4.19, 40.3276 ], [ -4.1899, 40.3273 ], [ -4.1893, 40.3272 ], [ -4.1891, 40.3273 ], [ -4.1896, 40.3278 ], [ -4.1898, 40.3284 ], [ -4.1905, 40.3289 ], [ -4.1908, 40.3298 ], [ -4.1907, 40.3305 ], [ -4.1904, 40.3307 ], [ -4.1902, 40.3311 ] ] ] } },
{ "type": "Feature", "properties": { "municipio": "Aldea del Fresno", "clasificacion": "no-urbanizable-protegido", "calificacion": "sin-asignar", "version": "vigente", "fuente": "SIT-CAM WFS — UsoDelSuelo:VPLA_V_CLASIFICACION (https://idem.comunidad.madrid/geosrvg/ows)", "fecha_dato": "2026-05-12", "ambito": "32623", "_raw_CD_SIGLAS": "SNUP", "_raw_DS_CLASIF_GEN": "Suelo No Urbanizable Protegido", "_raw_DS_CLASIF_DET": "Suelo No Urbanizable Clase IV Interés Agropecuario Extensivo", "_raw_DS_DOCU": "NORMAS SUBSIDIARIAS", "_raw_DS_LEY": "CM Ley 9/1995, E RDL 1/1992", "_raw_FC_AC": "1997-04-24", "_raw_NM_AREA_M2": 174196.064866392, "_cam_code": "008" }, "geometry": { "type": "Polygon", "coordinates": [ [ [ -4.2276, 40.3337 ], [ -4.23, 40.3338 ], [ -4.2308, 40.3339 ], [ -4.2312, 40.3342 ], [ -4.2316, 40.3341 ], [ -4.2316, 40.3336 ], [ -4.2318, 40.3334 ], [ -4.2317, 40.3323 ], [ -4.2322, 40.3306 ], [ -4.232, 40.3305 ], [ -4.2311, 40.3305 ], [ -4.231, 40.3297 ], [ -4.2302, 40.3297 ], [ -4.2284, 40.33 ], [ -4.2267, 40.3305 ], [ -4.2262, 40.3308 ], [ -4.2268, 40.3321 ], [ -4.2272, 40.3324 ], [ -4.2274, 40.3328 ], [ -4.2274, 40.3334 ], [ -4.2276, 40.3337 ] ] ] } },
{ "type": "Feature", "properties": { "municipio": "Aldea del Fresno", "clasificacion": "no-urbanizable-protegido", "calificacion": "sin-asignar", "version": "vigente", "fuente": "SIT-CAM WFS — UsoDelSuelo:VPLA_V_CLASIFICACION (https://idem.comunidad.madrid/geosrvg/ows)", "fecha_dato": "2026-05-12", "ambito": "32623", "_raw_CD_SIGLAS": "SNUP", "_raw_DS_CLASIF_GEN": "Suelo No Urbanizable Protegido", "_raw_DS_CLASIF_DET": "Suelo No Urbanizable Clase IV Interés Agropecuario Extensivo", "_raw_DS_DOCU": "NORMAS SUBSIDIARIAS", "_raw_DS_LEY": "CM Ley 9/1995, E RDL 1/1992", "_raw_FC_AC": "1997-04-24", "_raw_NM_AREA_M2": 295037.49495045602, "_cam_code": "008" }, "geometry": { "type": "Polygon", "coordinates": [ [ [ -4.2185, 40.3337 ], [ -4.2188, 40.3336 ], [ -4.22, 40.3339 ], [ -4.2219, 40.3339 ], [ -4.2235, 40.3336 ], [ -4.227, 40.3337 ], [ -4.2269, 40.3335 ], [ -4.227, 40.3333 ], [ -4.2257, 40.3315 ], [ -4.2255, 40.331 ], [ -4.2245, 40.3313 ], [ -4.2243, 40.3315 ], [ -4.223, 40.332 ], [ -4.2227, 40.3318 ], [ -4.2218, 40.3304 ], [ -4.2236, 40.3296 ], [ -4.2228, 40.3295 ], [ -4.2224, 40.3289 ], [ -4.2226, 40.3285 ], [ -4.2215, 40.3279 ], [ -4.2211, 40.3273 ], [ -4.2208, 40.3271 ], [ -4.2206, 40.3273 ], [ -4.22, 40.3274 ], [ -4.2195, 40.3285 ], [ -4.2189, 40.3287 ], [ -4.2187, 40.3289 ], [ -4.2187, 40.3295 ], [ -4.2185, 40.3298 ], [ -4.2187, 40.3302 ], [ -4.2186, 40.3304 ], [ -4.2187, 40.3307 ], [ -4.2193, 40.331 ], [ -4.2192, 40.3315 ], [ -4.2176, 40.3318 ], [ -4.2176, 40.332 ], [ -4.2184, 40.3323 ], [ -4.2185, 40.3337 ] ] ] } },
{ "type": "Feature", "properties": { "municipio": "Aldea del Fresno", "clasificacion": "no-urbanizable-protegido", "calificacion": "sin-asignar", "version": "vigente", "fuente": "SIT-CAM WFS — UsoDelSuelo:VPLA_V_CLASIFICACION (https://idem.comunidad.madrid/geosrvg/ows)", "fecha_dato": "2026-05-12", "ambito": "32623", "_raw_CD_SIGLAS": "SNUP", "_raw_DS_CLASIF_GEN": "Suelo No Urbanizable Protegido", "_raw_DS_CLASIF_DET": "Suelo No Urbanizable Clase V Interés Edafológico", "_raw_DS_DOCU": "NORMAS SUBSIDIARIAS", "_raw_DS_LEY": "CM Ley 9/1995, E RDL 1/1992", "_raw_FC_AC": "1997-04-24", "_raw_NM_AREA_M2": 316406.17850743502, "_cam_code": "008" }, "geometry": { "type": "Polygon", "coordinates": [ [ [ -4.2342, 40.307 ], [ -4.234, 40.3073 ], [ -4.235, 40.3083 ], [ -4.2356, 40.3094 ], [ -4.2392, 40.3117 ], [ -4.2402, 40.3117 ], [ -4.2439, 40.3093 ], [ -4.2437, 40.3082 ], [ -4.2438, 40.308 ], [ -4.2428, 40.3082 ], [ -4.2422, 40.307 ], [ -4.2384, 40.3075 ], [ -4.237, 40.305 ], [ -4.2342, 40.307 ] ] ] } },
{ "type": "Feature", "properties": { "municipio": "Aldea del Fresno", "clasificacion": "no-urbanizable-protegido", "calificacion": "sin-asignar", "version": "vigente", "fuente": "SIT-CAM WFS — UsoDelSuelo:VPLA_V_CLASIFICACION (https://idem.comunidad.madrid/geosrvg/ows)", "fecha_dato": "2026-05-12", "ambito": "32623", "_raw_CD_SIGLAS": "SNUP", "_raw_DS_CLASIF_GEN": "Suelo No Urbanizable Protegido", "_raw_DS_CLASIF_DET": "Suelo No Urbanizable Clase V Interés Edafológico", "_raw_DS_DOCU": "NORMAS SUBSIDIARIAS", "_raw_DS_LEY": "CM Ley 9/1995, E RDL 1/1992", "_raw_FC_AC": "1997-04-24", "_raw_NM_AREA_M2": 307519.91677291202, "_cam_code": "008" }, "geometry": { "type": "Polygon", "coordinates": [ [ [ -4.2429, 40.281 ], [ -4.2424, 40.2815 ], [ -4.2424, 40.2817 ], [ -4.2426, 40.2819 ], [ -4.2418, 40.2834 ], [ -4.2417, 40.284 ], [ -4.2406, 40.2846 ], [ -4.2406, 40.2851 ], [ -4.2443, 40.2859 ], [ -4.2449, 40.2862 ], [ -4.2451, 40.2866 ], [ -4.2448, 40.2871 ], [ -4.246, 40.2873 ], [ -4.2479, 40.287 ], [ -4.2486, 40.287 ], [ -4.2494, 40.2873 ], [ -4.25, 40.2863 ], [ -4.2512, 40.2852 ], [ -4.2467, 40.2833 ], [ -4.2431, 40.281 ], [ -4.2429, 40.281 ] ] ] } },
{ "type": "Feature", "properties": { "municipio": "Aldea del Fresno", "clasificacion": "no-urbanizable-protegido", "calificacion": "sin-asignar", "version": "vigente", "fuente": "SIT-CAM WFS — UsoDelSuelo:VPLA_V_CLASIFICACION (https://idem.comunidad.madrid/geosrvg/ows)", "fecha_dato": "2026-05-12", "ambito": "32623", "_raw_CD_SIGLAS": "SNUP", "_raw_DS_CLASIF_GEN": "Suelo No Urbanizable Protegido", "_raw_DS_CLASIF_DET": "Suelo No Urbanizable Clase V Interés Edafológico", "_raw_DS_DOCU": "NORMAS SUBSIDIARIAS", "_raw_DS_LEY": "CM Ley 9/1995, E RDL 1/1992", "_raw_FC_AC": "1997-04-24", "_raw_NM_AREA_M2": 1637548.11812895, "_cam_code": "008" }, "geometry": { "type": "Polygon", "coordinates": [ [ [ -4.2136, 40.3089 ], [ -4.2136, 40.309 ], [ -4.2148, 40.3087 ], [ -4.2166, 40.3081 ], [ -4.2176, 40.308 ], [ -4.2188, 40.3075 ], [ -4.2218, 40.3071 ], [ -4.2223, 40.3069 ], [ -4.2225, 40.3066 ], [ -4.2229, 40.3064 ], [ -4.223, 40.306 ], [ -4.2244, 40.304 ], [ -4.225, 40.3035 ], [ -4.2254, 40.3029 ], [ -4.2254, 40.3025 ], [ -4.228, 40.2992 ], [ -4.2281, 40.2979 ], [ -4.2283, 40.2973 ], [ -4.2288, 40.2968 ], [ -4.2311, 40.2953 ], [ -4.2321, 40.2941 ], [ -4.2325, 40.2938 ], [ -4.2326, 40.2935 ], [ -4.2332, 40.2931 ], [ -4.2329, 40.2926 ], [ -4.2329, 40.2923 ], [ -4.2332, 40.2918 ], [ -4.2331, 40.2914 ], [ -4.2334, 40.2907 ], [ -4.2333, 40.2902 ], [ -4.2319, 40.2908 ], [ -4.2304, 40.2919 ], [ -4.2301, 40.2923 ], [ -4.2278, 40.2926 ], [ -4.2259, 40.2923 ], [ -4.225, 40.292 ], [ -4.2252, 40.2917 ], [ -4.2272, 40.292 ], [ -4.2293, 40.292 ], [ -4.2299, 40.2918 ], [ -4.231, 40.2907 ], [ -4.2317, 40.2904 ], [ -4.2308, 40.2903 ], [ -4.2296, 40.2906 ], [ -4.2284, 40.2911 ], [ -4.2284, 40.2913 ], [ -4.2281, 40.2913 ], [ -4.2279, 40.2911 ], [ -4.2272, 40.2911 ], [ -4.2267, 40.2909 ], [ -4.2252, 40.2908 ], [ -4.2242, 40.2908 ], [ -4.2238, 40.291 ], [ -4.2233, 40.2909 ], [ -4.2232, 40.2912 ], [ -4.223, 40.2914 ], [ -4.2228, 40.2914 ], [ -4.2227, 40.2917 ], [ -4.2222, 40.2918 ], [ -4.222, 40.292 ], [ -4.2209, 40.292 ], [ -4.22, 40.2918 ], [ -4.2194, 40.2914 ], [ -4.2188, 40.2912 ], [ -4.2177, 40.2916 ], [ -4.2173, 40.2916 ], [ -4.216, 40.2908 ], [ -4.2154, 40.2901 ], [ -4.2155, 40.2899 ], [ -4.2132, 40.2893 ], [ -4.2131, 40.2892 ], [ -4.2132, 40.2884 ], [ -4.2114, 40.2871 ], [ -4.2098, 40.2867 ], [ -4.2094, 40.2868 ], [ -4.2092, 40.287 ], [ -4.2084, 40.2865 ], [ -4.2082, 40.2861 ], [ -4.2077, 40.286 ], [ -4.2073, 40.286 ], [ -4.2068, 40.2865 ], [ -4.2063, 40.2865 ], [ -4.2061, 40.2867 ], [ -4.2058, 40.2867 ], [ -4.2056, 40.2865 ], [ -4.2045, 40.2866 ], [ -4.2041, 40.2862 ], [ -4.2038, 40.2873 ], [ -4.2036, 40.2876 ], [ -4.2039, 40.2878 ], [ -4.2086, 40.2899 ], [ -4.2099, 40.2903 ], [ -4.2118, 40.2911 ], [ -4.2153, 40.2927 ], [ -4.218, 40.2947 ], [ -4.2203, 40.2958 ], [ -4.2216, 40.2962 ], [ -4.2227, 40.2998 ], [ -4.2226, 40.3 ], [ -4.2219, 40.3009 ], [ -4.2215, 40.301 ], [ -4.2196, 40.3023 ], [ -4.2188, 40.3035 ], [ -4.2181, 40.3057 ], [ -4.2172, 40.3068 ], [ -4.2136, 40.3089 ] ] ] } },
{ "type": "Feature", "properties": { "municipio": "Aldea del Fresno", "clasificacion": "no-urbanizable-protegido", "calificacion": "sin-asignar", "version": "vigente", "fuente": "SIT-CAM WFS — UsoDelSuelo:VPLA_V_CLASIFICACION (https://idem.comunidad.madrid/geosrvg/ows)", "fecha_dato": "2026-05-12", "ambito": "32623", "_raw_CD_SIGLAS": "SNUP", "_raw_DS_CLASIF_GEN": "Suelo No Urbanizable Protegido", "_raw_DS_CLASIF_DET": "Suelo No Urbanizable Clase V Interés Edafológico", "_raw_DS_DOCU": "NORMAS SUBSIDIARIAS", "_raw_DS_LEY": "CM Ley 9/1995, E RDL 1/1992", "_raw_FC_AC": "1997-04-24", "_raw_NM_AREA_M2": 75111.328590402904, "_cam_code": "008" }, "geometry": { "type": "Polygon", "coordinates": [ [ [ -4.182, 40.314 ], [ -4.1833, 40.3149 ], [ -4.1845, 40.3152 ], [ -4.185, 40.3163 ], [ -4.1852, 40.3158 ], [ -4.185, 40.315 ], [ -4.1851, 40.3146 ], [ -4.1854, 40.3141 ], [ -4.1859, 40.3138 ], [ -4.1859, 40.3135 ], [ -4.1856, 40.3131 ], [ -4.185, 40.3128 ], [ -4.1848, 40.3124 ], [ -4.1849, 40.3122 ], [ -4.1848, 40.3121 ], [ -4.1837, 40.3126 ], [ -4.1825, 40.3129 ], [ -4.1821, 40.3134 ], [ -4.182, 40.314 ] ] ] } },
{ "type": "Feature", "properties": { "municipio": "Aldea del Fresno", "clasificacion": "no-urbanizable-protegido", "calificacion": "sin-asignar", "version": "vigente", "fuente": "SIT-CAM WFS — UsoDelSuelo:VPLA_V_CLASIFICACION (https://idem.comunidad.madrid/geosrvg/ows)", "fecha_dato": "2026-05-12", "ambito": "32623", "_raw_CD_SIGLAS": "SNUP", "_raw_DS_CLASIF_GEN": "Suelo No Urbanizable Protegido", "_raw_DS_CLASIF_DET": "Suelo No Urbanizable Protegido Clase III Espacios de Interés Forestal y Paisajístico", "_raw_DS_DOCU": "NORMAS SUBSIDIARIAS", "_raw_DS_LEY": "CM Ley 9/1995, E RDL 1/1992", "_raw_FC_AC": "1997-04-24", "_raw_NM_AREA_M2": 433428.42793824302, "_cam_code": "008" }, "geometry": { "type": "Polygon", "coordinates": [ [ [ -4.2036, 40.2876 ], [ -4.2048, 40.2887 ], [ -4.205, 40.2891 ], [ -4.2052, 40.2903 ], [ -4.2055, 40.2906 ], [ -4.2059, 40.2905 ], [ -4.2061, 40.2901 ], [ -4.2064, 40.2901 ], [ -4.207, 40.2904 ], [ -4.2074, 40.2902 ], [ -4.2086, 40.2906 ], [ -4.2083, 40.2909 ], [ -4.2084, 40.291 ], [ -4.2092, 40.2911 ], [ -4.2102, 40.2916 ], [ -4.21, 40.2919 ], [ -4.2099, 40.2929 ], [ -4.2094, 40.2937 ], [ -4.2095, 40.2938 ], [ -4.21, 40.2937 ], [ -4.2107, 40.2932 ], [ -4.2109, 40.2933 ], [ -4.2114, 40.2942 ], [ -4.2113, 40.2943 ], [ -4.2107, 40.2942 ], [ -4.2102, 40.2947 ], [ -4.2093, 40.2949 ], [ -4.2089, 40.2953 ], [ -4.209, 40.296 ], [ -4.2088, 40.2963 ], [ -4.2175, 40.2978 ], [ -4.2178, 40.2969 ], [ -4.218, 40.2955 ], [ -4.218, 40.2947 ], [ -4.2175, 40.2943 ], [ -4.2153, 40.2927 ], [ -4.2118, 40.2911 ], [ -4.2099, 40.2903 ], [ -4.2086, 40.2899 ], [ -4.2054, 40.2884 ], [ -4.2047, 40.2882 ], [ -4.2036, 40.2876 ] ] ] } },
{ "type": "Feature", "properties": { "municipio": "Aldea del Fresno", "clasificacion": "no-urbanizable-protegido", "calificacion": "sin-asignar", "version": "vigente", "fuente": "SIT-CAM WFS — UsoDelSuelo:VPLA_V_CLASIFICACION (https://idem.comunidad.madrid/geosrvg/ows)", "fecha_dato": "2026-05-12", "ambito": "32623", "_raw_CD_SIGLAS": "SNUP", "_raw_DS_CLASIF_GEN": "Suelo No Urbanizable Protegido", "_raw_DS_CLASIF_DET": "Suelo No Urbanizable Protegido Clase III Espacios de Interés Forestal y Paisajístico", "_raw_DS_DOCU": "NORMAS SUBSIDIARIAS", "_raw_DS_LEY": "CM Ley 9/1995, E RDL 1/1992", "_raw_FC_AC": "1997-04-24", "_raw_NM_AREA_M2": 174945.676156539, "_cam_code": "008" }, "geometry": { "type": "Polygon", "coordinates": [ [ [ -4.2258, 40.316 ], [ -4.2298, 40.3197 ], [ -4.2331, 40.3184 ], [ -4.2326, 40.3175 ], [ -4.2321, 40.3169 ], [ -4.2313, 40.3162 ], [ -4.2306, 40.3159 ], [ -4.23, 40.3152 ], [ -4.2294, 40.3152 ], [ -4.2289, 40.315 ], [ -4.228, 40.3149 ], [ -4.2271, 40.3152 ], [ -4.2267, 40.3159 ], [ -4.2258, 40.316 ] ] ] } },
{ "type": "Feature", "properties": { "municipio": "Aldea del Fresno", "clasificacion": "no-urbanizable-protegido", "calificacion": "sin-asignar", "version": "vigente", "fuente": "SIT-CAM WFS — UsoDelSuelo:VPLA_V_CLASIFICACION (https://idem.comunidad.madrid/geosrvg/ows)", "fecha_dato": "2026-05-12", "ambito": "32623", "_raw_CD_SIGLAS": "SNUP_A", "_raw_DS_CLASIF_GEN": "Suelo No Urbanizable Protegido", "_raw_DS_CLASIF_DET": "Suelo No Urbanizable Protegido Clase III Espacios de Interés Forestal y Paisajístico-Área de Tolerancia", "_raw_DS_DOCU": "NORMAS SUBSIDIARIAS", "_raw_DS_LEY": "CM Ley 9/1995, E RDL 1/1992", "_raw_FC_AC": "1997-04-24", "_raw_NM_AREA_M2": 75698.056538232006, "_cam_code": "008" }, "geometry": { "type": "Polygon", "coordinates": [ [ [ -4.2307, 40.2826 ], [ -4.2313, 40.2825 ], [ -4.2317, 40.2827 ], [ -4.2318, 40.2825 ], [ -4.2311, 40.2811 ], [ -4.2308, 40.2795 ], [ -4.2309, 40.2792 ], [ -4.2306, 40.2791 ], [ -4.2305, 40.2787 ], [ -4.2304, 40.2776 ], [ -4.2305, 40.2771 ], [ -4.2302, 40.2772 ], [ -4.23, 40.2779 ], [ -4.2297, 40.2783 ], [ -4.2295, 40.2788 ], [ -4.2295, 40.2795 ], [ -4.229, 40.2794 ], [ -4.2291, 40.2814 ], [ -4.2288, 40.2822 ], [ -4.2305, 40.2824 ], [ -4.2307, 40.2826 ] ] ] } },
{ "type": "Feature", "properties": { "municipio": "Aldea del Fresno", "clasificacion": "no-urbanizable-protegido", "calificacion": "sin-asignar", "version": "vigente", "fuente": "SIT-CAM WFS — UsoDelSuelo:VPLA_V_CLASIFICACION (https://idem.comunidad.madrid/geosrvg/ows)", "fecha_dato": "2026-05-12", "ambito": "32623", "_raw_CD_SIGLAS": "SNUP_A", "_raw_DS_CLASIF_GEN": "Suelo No Urbanizable Protegido", "_raw_DS_CLASIF_DET": "Suelo No Urbanizable Clase I Cauces. Riberas y Zonas Húmedas-Área de Tolerancia", "_raw_DS_DOCU": "NORMAS SUBSIDIARIAS", "_raw_DS_LEY": "CM Ley 9/1995, E RDL 1/1992", "_raw_FC_AC": "1997-04-24", "_raw_NM_AREA_M2": 60712.335914990203, "_cam_code": "008" }, "geometry": { "type": "Polygon", "coordinates": [ [ [ -4.2129, 40.3103 ], [ -4.2138, 40.3109 ], [ -4.214, 40.3108 ], [ -4.2159, 40.3107 ], [ -4.2179, 40.3103 ], [ -4.2201, 40.309 ], [ -4.2232, 40.3078 ], [ -4.2239, 40.3073 ], [ -4.2247, 40.3063 ], [ -4.2244, 40.306 ], [ -4.2237, 40.307 ], [ -4.2224, 40.3076 ], [ -4.2201, 40.3084 ], [ -4.2184, 40.3093 ], [ -4.2179, 40.3097 ], [ -4.2162, 40.3101 ], [ -4.2137, 40.31 ], [ -4.2129, 40.3103 ] ] ] } },
{ "type": "Feature", "properties": { "municipio": "Aldea del Fresno", "clasificacion": "no-urbanizable-protegido", "calificacion": "sin-asignar", "version": "vigente", "fuente": "SIT-CAM WFS — UsoDelSuelo:VPLA_V_CLASIFICACION (https://idem.comunidad.madrid/geosrvg/ows)", "fecha_dato": "2026-05-12", "ambito": "32623", "_raw_CD_SIGLAS": "SNUP_A", "_raw_DS_CLASIF_GEN": "Suelo No Urbanizable Protegido", "_raw_DS_CLASIF_DET": "Suelo No Urbanizable Protegido Clase III Espacios de Interés Forestal y Paisajístico-Área de Tolerancia", "_raw_DS_DOCU": "NORMAS SUBSIDIARIAS", "_raw_DS_LEY": "CM Ley 9/1995, E RDL 1/1992", "_raw_FC_AC": "1997-04-24", "_raw_NM_AREA_M2": 32239.137556115202, "_cam_code": "008" }, "geometry": { "type": "Polygon", "coordinates": [ [ [ -4.2446, 40.2947 ], [ -4.2443, 40.2949 ], [ -4.2438, 40.2969 ], [ -4.2426, 40.3005 ], [ -4.2434, 40.2999 ], [ -4.2434, 40.2994 ], [ -4.2446, 40.296 ], [ -4.2449, 40.2956 ], [ -4.2452, 40.2956 ], [ -4.2453, 40.2948 ], [ -4.2446, 40.2947 ] ] ] } },
{ "type": "Feature", "properties": { "municipio": "Aldea del Fresno", "clasificacion": "no-urbanizable-protegido", "calificacion": "sin-asignar", "version": "vigente", "fuente": "SIT-CAM WFS — UsoDelSuelo:VPLA_V_CLASIFICACION (https://idem.comunidad.madrid/geosrvg/ows)", "fecha_dato": "2026-05-12", "ambito": "32623", "_raw_CD_SIGLAS": "SNUP_A", "_raw_DS_CLASIF_GEN": "Suelo No Urbanizable Protegido", "_raw_DS_CLASIF_DET": "Suelo No Urbanizable Clase IV Interés Agropecuario Extensivo-Área de Tolerancia", "_raw_DS_DOCU": "NORMAS SUBSIDIARIAS", "_raw_DS_LEY": "CM Ley 9/1995, E RDL 1/1992", "_raw_FC_AC": "1997-04-24", "_raw_NM_AREA_M2": 85919.965907762205, "_cam_code": "008" }, "geometry": { "type": "Polygon", "coordinates": [ [ [ -4.2432, 40.2932 ], [ -4.2451, 40.2932 ], [ -4.245, 40.2923 ], [ -4.2436, 40.2911 ], [ -4.2432, 40.2906 ], [ -4.2424, 40.291 ], [ -4.2418, 40.2911 ], [ -4.2407, 40.2917 ], [ -4.2387, 40.2919 ], [ -4.2385, 40.2921 ], [ -4.2406, 40.2928 ], [ -4.2424, 40.2929 ], [ -4.2432, 40.2932 ] ] ] } },
{ "type": "Feature", "properties": { "municipio": "Aldea del Fresno", "clasificacion": "no-urbanizable-protegido", "calificacion": "sin-asignar", "version": "vigente", "fuente": "SIT-CAM WFS — UsoDelSuelo:VPLA_V_CLASIFICACION (https://idem.comunidad.madrid/geosrvg/ows)", "fecha_dato": "2026-05-12", "ambito": "32623", "_raw_CD_SIGLAS": "SNUP_A", "_raw_DS_CLASIF_GEN": "Suelo No Urbanizable Protegido", "_raw_DS_CLASIF_DET": "Suelo No Urbanizable Protegido Clase I Espacios ZEPA-Área de Tolerancia", "_raw_DS_DOCU": "NORMAS SUBSIDIARIAS", "_raw_DS_LEY": "CM Ley 9/1995, E RDL 1/1992", "_raw_FC_AC": "1997-04-24", "_raw_NM_AREA_M2": 1347527.1544552699, "_cam_code": "008" }, "geometry": { "type": "Polygon", "coordinates": [ [ [ -4.2364, 40.3054 ], [ -4.237, 40.305 ], [ -4.2384, 40.3075 ], [ -4.2422, 40.307 ], [ -4.2428, 40.3082 ], [ -4.2438, 40.308 ], [ -4.2438, 40.3076 ], [ -4.244, 40.3074 ], [ -4.245, 40.3069 ], [ -4.2457, 40.3068 ], [ -4.2459, 40.3069 ], [ -4.247, 40.3066 ], [ -4.2482, 40.3062 ], [ -4.2489, 40.3057 ], [ -4.2499, 40.3058 ], [ -4.2506, 40.3053 ], [ -4.2511, 40.3047 ], [ -4.2513, 40.304 ], [ -4.2506, 40.303 ], [ -4.2502, 40.302 ], [ -4.2502, 40.3012 ], [ -4.2489, 40.2984 ], [ -4.2487, 40.2981 ], [ -4.2479, 40.2982 ], [ -4.2472, 40.2973 ], [ -4.2463, 40.2974 ], [ -4.2459, 40.2969 ], [ -4.2459, 40.2971 ], [ -4.2456, 40.2975 ], [ -4.2449, 40.2977 ], [ -4.2447, 40.298 ], [ -4.2447, 40.2988 ], [ -4.2449, 40.299 ], [ -4.2444, 40.2991 ], [ -4.2426, 40.3005 ], [ -4.2438, 40.2969 ], [ -4.2443, 40.2949 ], [ -4.2446, 40.2947 ], [ -4.2435, 40.2946 ], [ -4.2426, 40.2955 ], [ -4.2423, 40.296 ], [ -4.2423, 40.2963 ], [ -4.243, 40.2971 ], [ -4.2428, 40.2977 ], [ -4.2426, 40.2977 ], [ -4.2421, 40.297 ], [ -4.2414, 40.2966 ], [ -4.2412, 40.2963 ], [ -4.2412, 40.2959 ], [ -4.2426, 40.2943 ], [ -4.2422, 40.2929 ], [ -4.2406, 40.2928 ], [ -4.2385, 40.2921 ], [ -4.2383, 40.2922 ], [ -4.2384, 40.2929 ], [ -4.2381, 40.2935 ], [ -4.2379, 40.2943 ], [ -4.2375, 40.2949 ], [ -4.2374, 40.2957 ], [ -4.2375, 40.2981 ], [ -4.2372, 40.2987 ], [ -4.237, 40.3008 ], [ -4.2371, 40.3022 ], [ -4.2364, 40.305 ], [ -4.2364, 40.3054 ] ] ] } },
{ "type": "Feature", "properties": { "municipio": "Aldea del Fresno", "clasificacion": "no-urbanizable-protegido", "calificacion": "sin-asignar", "version": "vigente", "fuente": "SIT-CAM WFS — UsoDelSuelo:VPLA_V_CLASIFICACION (https://idem.comunidad.madrid/geosrvg/ows)", "fecha_dato": "2026-05-12", "ambito": "32623", "_raw_CD_SIGLAS": "SNUP_A", "_raw_DS_CLASIF_GEN": "Suelo No Urbanizable Protegido", "_raw_DS_CLASIF_DET": "Suelo No Urbanizable Protegido Clase III Espacios de Interés Forestal y Paisajístico-Área de Tolerancia", "_raw_DS_DOCU": "NORMAS SUBSIDIARIAS", "_raw_DS_LEY": "CM Ley 9/1995, E RDL 1/1992", "_raw_FC_AC": "1997-04-24", "_raw_NM_AREA_M2": 17103.420669038002, "_cam_code": "008" }, "geometry": { "type": "Polygon", "coordinates": [ [ [ -4.2446, 40.2947 ], [ -4.2453, 40.2948 ], [ -4.2458, 40.2947 ], [ -4.2457, 40.2942 ], [ -4.2454, 40.2939 ], [ -4.2453, 40.2933 ], [ -4.2451, 40.2932 ], [ -4.2436, 40.2932 ], [ -4.2437, 40.2934 ], [ -4.2447, 40.2941 ], [ -4.2447, 40.2946 ], [ -4.2446, 40.2947 ] ] ] } },
{ "type": "Feature", "properties": { "municipio": "Aldea del Fresno", "clasificacion": "no-urbanizable-protegido", "calificacion": "sin-asignar", "version": "vigente", "fuente": "SIT-CAM WFS — UsoDelSuelo:VPLA_V_CLASIFICACION (https://idem.comunidad.madrid/geosrvg/ows)", "fecha_dato": "2026-05-12", "ambito": "32623", "_raw_CD_SIGLAS": "SNUP_A", "_raw_DS_CLASIF_GEN": "Suelo No Urbanizable Protegido", "_raw_DS_CLASIF_DET": "Suelo No Urbanizable Clase IV Interés Agropecuario Extensivo-Área de Tolerancia", "_raw_DS_DOCU": "NORMAS SUBSIDIARIAS", "_raw_DS_LEY": "CM Ley 9/1995, E RDL 1/1992", "_raw_FC_AC": "1997-04-24", "_raw_NM_AREA_M2": 12997.114153249, "_cam_code": "008" }, "geometry": { "type": "Polygon", "coordinates": [ [ [ -4.2435, 40.2946 ], [ -4.2446, 40.2947 ], [ -4.2447, 40.2946 ], [ -4.2447, 40.2941 ], [ -4.2437, 40.2934 ], [ -4.2436, 40.2932 ], [ -4.2432, 40.2932 ], [ -4.2436, 40.2945 ], [ -4.2435, 40.2946 ] ] ] } },
{ "type": "Feature", "properties": { "municipio": "Aldea del Fresno", "clasificacion": "no-urbanizable-protegido", "calificacion": "sin-asignar", "version": "vigente", "fuente": "SIT-CAM WFS — UsoDelSuelo:VPLA_V_CLASIFICACION (https://idem.comunidad.madrid/geosrvg/ows)", "fecha_dato": "2026-05-12", "ambito": "32623", "_raw_CD_SIGLAS": "SNUP_A", "_raw_DS_CLASIF_GEN": "Suelo No Urbanizable Protegido", "_raw_DS_CLASIF_DET": "Suelo No Urbanizable Clase IV Interés Agropecuario Extensivo-Área de Tolerancia", "_raw_DS_DOCU": "NORMAS SUBSIDIARIAS", "_raw_DS_LEY": "CM Ley 9/1995, E RDL 1/1992", "_raw_FC_AC": "1997-04-24", "_raw_NM_AREA_M2": 181377.09909806499, "_cam_code": "008" }, "geometry": { "type": "Polygon", "coordinates": [ [ [ -4.2402, 40.3131 ], [ -4.2399, 40.3133 ], [ -4.2404, 40.3137 ], [ -4.2411, 40.3137 ], [ -4.2436, 40.3151 ], [ -4.2436, 40.3152 ], [ -4.2462, 40.3163 ], [ -4.2466, 40.3162 ], [ -4.2468, 40.3159 ], [ -4.2464, 40.3146 ], [ -4.2471, 40.3137 ], [ -4.2476, 40.3134 ], [ -4.2488, 40.3132 ], [ -4.249, 40.3134 ], [ -4.2489, 40.3126 ], [ -4.2474, 40.312 ], [ -4.242, 40.3128 ], [ -4.2408, 40.3121 ], [ -4.2405, 40.3122 ], [ -4.2402, 40.3125 ], [ -4.2402, 40.3131 ] ] ] } },
{ "type": "Feature", "properties": { "municipio": "Aldea del Fresno", "clasificacion": "no-urbanizable-protegido", "calificacion": "sin-asignar", "version": "vigente", "fuente": "SIT-CAM WFS — UsoDelSuelo:VPLA_V_CLASIFICACION (https://idem.comunidad.madrid/geosrvg/ows)", "fecha_dato": "2026-05-12", "ambito": "32623", "_raw_CD_SIGLAS": "SNUP_A", "_raw_DS_CLASIF_GEN": "Suelo No Urbanizable Protegido", "_raw_DS_CLASIF_DET": "Suelo No Urbanizable Protegido Clase III Espacios de Interés Forestal y Paisajístico-Área de Tolerancia", "_raw_DS_DOCU": "NORMAS SUBSIDIARIAS", "_raw_DS_LEY": "CM Ley 9/1995, E RDL 1/1992", "_raw_FC_AC": "1997-04-24", "_raw_NM_AREA_M2": 184142.36549147201, "_cam_code": "008" }, "geometry": { "type": "Polygon", "coordinates": [ [ [ -4.2499, 40.3094 ], [ -4.2507, 40.3101 ], [ -4.2512, 40.3097 ], [ -4.253, 40.3091 ], [ -4.2536, 40.3092 ], [ -4.2542, 40.3091 ], [ -4.2538, 40.3083 ], [ -4.2537, 40.3078 ], [ -4.2538, 40.3071 ], [ -4.2541, 40.3064 ], [ -4.2546, 40.3061 ], [ -4.2539, 40.3051 ], [ -4.2525, 40.3047 ], [ -4.2521, 40.3047 ], [ -4.2521, 40.3043 ], [ -4.2518, 40.3041 ], [ -4.2513, 40.304 ], [ -4.2511, 40.3047 ], [ -4.2506, 40.3053 ], [ -4.2499, 40.3058 ], [ -4.2489, 40.3057 ], [ -4.25, 40.3074 ], [ -4.2499, 40.3078 ], [ -4.2501, 40.3087 ], [ -4.2499, 40.3094 ] ] ] } },
{ "type": "Feature", "properties": { "municipio": "Aldea del Fresno", "clasificacion": "no-urbanizable-protegido", "calificacion": "sin-asignar", "version": "vigente", "fuente": "SIT-CAM WFS — UsoDelSuelo:VPLA_V_CLASIFICACION (https://idem.comunidad.madrid/geosrvg/ows)", "fecha_dato": "2026-05-12", "ambito": "32623", "_raw_CD_SIGLAS": "SNUP_A", "_raw_DS_CLASIF_GEN": "Suelo No Urbanizable Protegido", "_raw_DS_CLASIF_DET": "Suelo No Urbanizable Protegido Clase I Espacios ZEPA-Área de Tolerancia", "_raw_DS_DOCU": "NORMAS SUBSIDIARIAS", "_raw_DS_LEY": "CM Ley 9/1995, E RDL 1/1992", "_raw_FC_AC": "1997-04-24", "_raw_NM_AREA_M2": 870116.06251445797, "_cam_code": "008" }, "geometry": { "type": "Polygon", "coordinates": [ [ [ -4.2455, 40.3175 ], [ -4.2462, 40.3188 ], [ -4.2478, 40.3192 ], [ -4.2491, 40.3176 ], [ -4.2526, 40.3153 ], [ -4.2532, 40.3139 ], [ -4.2547, 40.3131 ], [ -4.2554, 40.3124 ], [ -4.256, 40.3121 ], [ -4.2558, 40.3115 ], [ -4.2557, 40.3101 ], [ -4.256, 40.3093 ], [ -4.257, 40.3083 ], [ -4.2563, 40.3077 ], [ -4.2558, 40.3069 ], [ -4.2546, 40.3061 ], [ -4.2541, 40.3064 ], [ -4.2538, 40.3071 ], [ -4.2537, 40.3078 ], [ -4.2538, 40.3083 ], [ -4.2542, 40.3091 ], [ -4.2536, 40.3092 ], [ -4.253, 40.3091 ], [ -4.2512, 40.3097 ], [ -4.2507, 40.3101 ], [ -4.2499, 40.3094 ], [ -4.2496, 40.3089 ], [ -4.2496, 40.3078 ], [ -4.2487, 40.3072 ], [ -4.2477, 40.3068 ], [ -4.247, 40.307 ], [ -4.2455, 40.3075 ], [ -4.2448, 40.3082 ], [ -4.2444, 40.3081 ], [ -4.2442, 40.3082 ], [ -4.2439, 40.3093 ], [ -4.2402, 40.3117 ], [ -4.2419, 40.3128 ], [ -4.2474, 40.312 ], [ -4.2489, 40.3126 ], [ -4.249, 40.3134 ], [ -4.2488, 40.3132 ], [ -4.2476, 40.3134 ], [ -4.2471, 40.3137 ], [ -4.2464, 40.3146 ], [ -4.2468, 40.3159 ], [ -4.2471, 40.3158 ], [ -4.2474, 40.3159 ], [ -4.2474, 40.316 ], [ -4.2455, 40.3175 ] ] ] } },
{ "type": "Feature", "properties": { "municipio": "Aldea del Fresno", "clasificacion": "no-urbanizable-protegido", "calificacion": "sin-asignar", "version": "vigente", "fuente": "SIT-CAM WFS — UsoDelSuelo:VPLA_V_CLASIFICACION (https://idem.comunidad.madrid/geosrvg/ows)", "fecha_dato": "2026-05-12", "ambito": "32623", "_raw_CD_SIGLAS": "SNUP_A", "_raw_DS_CLASIF_GEN": "Suelo No Urbanizable Protegido", "_raw_DS_CLASIF_DET": "Suelo No Urbanizable Clase IV Interés Agropecuario Extensivo-Área de Tolerancia", "_raw_DS_DOCU": "NORMAS SUBSIDIARIAS", "_raw_DS_LEY": "CM Ley 9/1995, E RDL 1/1992", "_raw_FC_AC": "1997-04-24", "_raw_NM_AREA_M2": 44916.249981261397, "_cam_code": "008" }, "geometry": { "type": "Polygon", "coordinates": [ [ [ -4.2262, 40.3101 ], [ -4.2252, 40.3093 ], [ -4.2246, 40.3092 ], [ -4.2236, 40.3102 ], [ -4.2229, 40.3105 ], [ -4.2225, 40.311 ], [ -4.2201, 40.3123 ], [ -4.2199, 40.3127 ], [ -4.2199, 40.313 ], [ -4.2213, 40.312 ], [ -4.2262, 40.3101 ] ] ] } },
{ "type": "Feature", "properties": { "municipio": "Aldea del Fresno", "clasificacion": "no-urbanizable-protegido", "calificacion": "sin-asignar", "version": "vigente", "fuente": "SIT-CAM WFS — UsoDelSuelo:VPLA_V_CLASIFICACION (https://idem.comunidad.madrid/geosrvg/ows)", "fecha_dato": "2026-05-12", "ambito": "32623", "_raw_CD_SIGLAS": "SNUP_A", "_raw_DS_CLASIF_GEN": "Suelo No Urbanizable Protegido", "_raw_DS_CLASIF_DET": "Suelo No Urbanizable Protegido Clase II Espacios Forestales en Régimen Especial-Área de Tolerancia", "_raw_DS_DOCU": "NORMAS SUBSIDIARIAS", "_raw_DS_LEY": "CM Ley 9/1995, E RDL 1/1992", "_raw_FC_AC": "1997-04-24", "_raw_NM_AREA_M2": 132340.234204954, "_cam_code": "008" }, "geometry": { "type": "Polygon", "coordinates": [ [ [ -4.2157, 40.3144 ], [ -4.2157, 40.3152 ], [ -4.2165, 40.3149 ], [ -4.2187, 40.3134 ], [ -4.2193, 40.3136 ], [ -4.2204, 40.3145 ], [ -4.2209, 40.3139 ], [ -4.2201, 40.3134 ], [ -4.22, 40.3132 ], [ -4.2199, 40.3127 ], [ -4.2201, 40.3123 ], [ -4.2225, 40.311 ], [ -4.2229, 40.3105 ], [ -4.2236, 40.3102 ], [ -4.2246, 40.3092 ], [ -4.2252, 40.3093 ], [ -4.2262, 40.3101 ], [ -4.2265, 40.3101 ], [ -4.2261, 40.3094 ], [ -4.2263, 40.309 ], [ -4.2258, 40.3085 ], [ -4.2258, 40.3081 ], [ -4.2266, 40.3075 ], [ -4.2265, 40.3073 ], [ -4.2258, 40.3071 ], [ -4.226, 40.3068 ], [ -4.2257, 40.3069 ], [ -4.2256, 40.3073 ], [ -4.2248, 40.3081 ], [ -4.2237, 40.3088 ], [ -4.2234, 40.3093 ], [ -4.2228, 40.3098 ], [ -4.2204, 40.3113 ], [ -4.2194, 40.3118 ], [ -4.2182, 40.3121 ], [ -4.2177, 40.313 ], [ -4.2165, 40.314 ], [ -4.2157, 40.3144 ] ] ] } },
{ "type": "Feature", "properties": { "municipio": "Aldea del Fresno", "clasificacion": "no-urbanizable-protegido", "calificacion": "sin-asignar", "version": "vigente", "fuente": "SIT-CAM WFS — UsoDelSuelo:VPLA_V_CLASIFICACION (https://idem.comunidad.madrid/geosrvg/ows)", "fecha_dato": "2026-05-12", "ambito": "32623", "_raw_CD_SIGLAS": "SNUP_A", "_raw_DS_CLASIF_GEN": "Suelo No Urbanizable Protegido", "_raw_DS_CLASIF_DET": "Suelo No Urbanizable Protegido Clase III Espacios de Interés Forestal y Paisajístico-Área de Tolerancia", "_raw_DS_DOCU": "NORMAS SUBSIDIARIAS", "_raw_DS_LEY": "CM Ley 9/1995, E RDL 1/1992", "_raw_FC_AC": "1997-04-24", "_raw_NM_AREA_M2": 10470.623049349, "_cam_code": "008" }, "geometry": { "type": "Polygon", "coordinates": [ [ [ -4.2138, 40.3109 ], [ -4.2158, 40.3118 ], [ -4.2158, 40.3107 ], [ -4.2138, 40.3109 ] ] ] } },
{ "type": "Feature", "properties": { "municipio": "Aldea del Fresno", "clasificacion": "no-urbanizable-protegido", "calificacion": "sin-asignar", "version": "vigente", "fuente": "SIT-CAM WFS — UsoDelSuelo:VPLA_V_CLASIFICACION (https://idem.comunidad.madrid/geosrvg/ows)", "fecha_dato": "2026-05-12", "ambito": "32623", "_raw_CD_SIGLAS": "SNUP_A", "_raw_DS_CLASIF_GEN": "Suelo No Urbanizable Protegido", "_raw_DS_CLASIF_DET": "Suelo No Urbanizable Protegido Clase I Espacios ZEPA-Área de Tolerancia", "_raw_DS_DOCU": "NORMAS SUBSIDIARIAS", "_raw_DS_LEY": "CM Ley 9/1995, E RDL 1/1992", "_raw_FC_AC": "1997-04-24", "_raw_NM_AREA_M2": 207321.239433273, "_cam_code": "008" }, "geometry": { "type": "Polygon", "coordinates": [ [ [ -4.2158, 40.3107 ], [ -4.2157, 40.3144 ], [ -4.2165, 40.314 ], [ -4.2177, 40.313 ], [ -4.2182, 40.3121 ], [ -4.2194, 40.3118 ], [ -4.2204, 40.3113 ], [ -4.2228, 40.3098 ], [ -4.2234, 40.3093 ], [ -4.2237, 40.3088 ], [ -4.2248, 40.3081 ], [ -4.2256, 40.3073 ], [ -4.2257, 40.3069 ], [ -4.2247, 40.3063 ], [ -4.2239, 40.3073 ], [ -4.2232, 40.3078 ], [ -4.2201, 40.309 ], [ -4.2179, 40.3103 ], [ -4.2158, 40.3107 ] ] ] } },
{ "type": "Feature", "properties": { "municipio": "Aldea del Fresno", "clasificacion": "no-urbanizable-protegido", "calificacion": "sin-asignar", "version": "vigente", "fuente": "SIT-CAM WFS — UsoDelSuelo:VPLA_V_CLASIFICACION (https://idem.comunidad.madrid/geosrvg/ows)", "fecha_dato": "2026-05-12", "ambito": "32623", "_raw_CD_SIGLAS": "SNUP_A", "_raw_DS_CLASIF_GEN": "Suelo No Urbanizable Protegido", "_raw_DS_CLASIF_DET": "Suelo No Urbanizable Protegido Clase I Espacios ZEPA-Área de Tolerancia", "_raw_DS_DOCU": "NORMAS SUBSIDIARIAS", "_raw_DS_LEY": "CM Ley 9/1995, E RDL 1/1992", "_raw_FC_AC": "1997-04-24", "_raw_NM_AREA_M2": 70720.310279202095, "_cam_code": "008" }, "geometry": { "type": "Polygon", "coordinates": [ [ [ -4.2572, 40.2945 ], [ -4.2577, 40.2947 ], [ -4.2583, 40.2933 ], [ -4.2562, 40.2916 ], [ -4.2561, 40.2914 ], [ -4.2564, 40.2909 ], [ -4.255, 40.2905 ], [ -4.2539, 40.2897 ], [ -4.2538, 40.2902 ], [ -4.254, 40.2913 ], [ -4.2546, 40.2923 ], [ -4.2549, 40.2925 ], [ -4.2559, 40.2926 ], [ -4.256, 40.2928 ], [ -4.2567, 40.2931 ], [ -4.2568, 40.2932 ], [ -4.2568, 40.2938 ], [ -4.2572, 40.2945 ] ] ] } },
{ "type": "Feature", "properties": { "municipio": "Aldea del Fresno", "clasificacion": "no-urbanizable-protegido", "calificacion": "sin-asignar", "version": "vigente", "fuente": "SIT-CAM WFS — UsoDelSuelo:VPLA_V_CLASIFICACION (https://idem.comunidad.madrid/geosrvg/ows)", "fecha_dato": "2026-05-12", "ambito": "32623", "_raw_CD_SIGLAS": "SNUP_A", "_raw_DS_CLASIF_GEN": "Suelo No Urbanizable Protegido", "_raw_DS_CLASIF_DET": "Suelo No Urbanizable Protegido Clase I Espacios ZEPA-Área de Tolerancia", "_raw_DS_DOCU": "NORMAS SUBSIDIARIAS", "_raw_DS_LEY": "CM Ley 9/1995, E RDL 1/1992", "_raw_FC_AC": "1997-04-24", "_raw_NM_AREA_M2": 343449.05079369299, "_cam_code": "008" }, "geometry": { "type": "Polygon", "coordinates": [ [ [ -4.2484, 40.2961 ], [ -4.2497, 40.2978 ], [ -4.2505, 40.2973 ], [ -4.2535, 40.2968 ], [ -4.2561, 40.2961 ], [ -4.2566, 40.2958 ], [ -4.2568, 40.2946 ], [ -4.256, 40.2933 ], [ -4.2558, 40.2933 ], [ -4.2555, 40.293 ], [ -4.2552, 40.2929 ], [ -4.2549, 40.293 ], [ -4.2545, 40.2929 ], [ -4.254, 40.2924 ], [ -4.2539, 40.2921 ], [ -4.2535, 40.292 ], [ -4.2531, 40.2921 ], [ -4.2526, 40.2917 ], [ -4.2501, 40.2921 ], [ -4.248, 40.2927 ], [ -4.2479, 40.2929 ], [ -4.2489, 40.2935 ], [ -4.2485, 40.2938 ], [ -4.2485, 40.2942 ], [ -4.2483, 40.2946 ], [ -4.2484, 40.2951 ], [ -4.2486, 40.2954 ], [ -4.2486, 40.2959 ], [ -4.2484, 40.2961 ] ] ] } },
{ "type": "Feature", "properties": { "municipio": "Aldea del Fresno", "clasificacion": "no-urbanizable-protegido", "calificacion": "sin-asignar", "version": "vigente", "fuente": "SIT-CAM WFS — UsoDelSuelo:VPLA_V_CLASIFICACION (https://idem.comunidad.madrid/geosrvg/ows)", "fecha_dato": "2026-05-12", "ambito": "32623", "_raw_CD_SIGLAS": "SNUP_A", "_raw_DS_CLASIF_GEN": "Suelo No Urbanizable Protegido", "_raw_DS_CLASIF_DET": "Suelo No Urbanizable Protegido Clase II Espacios Forestales en Régimen Especial-Área de Tolerancia", "_raw_DS_DOCU": "NORMAS SUBSIDIARIAS", "_raw_DS_LEY": "CM Ley 9/1995, E RDL 1/1992", "_raw_FC_AC": "1997-04-24", "_raw_NM_AREA_M2": 31846.041275468, "_cam_code": "008" }, "geometry": { "type": "Polygon", "coordinates": [ [ [ -4.2456, 40.294 ], [ -4.2458, 40.2944 ], [ -4.2458, 40.2947 ], [ -4.2468, 40.2946 ], [ -4.247, 40.2943 ], [ -4.2472, 40.2932 ], [ -4.2475, 40.2928 ], [ -4.247, 40.2926 ], [ -4.246, 40.2913 ], [ -4.2444, 40.2918 ], [ -4.245, 40.2923 ], [ -4.2458, 40.2922 ], [ -4.246, 40.2924 ], [ -4.2466, 40.2939 ], [ -4.2456, 40.294 ] ] ] } },
{ "type": "Feature", "properties": { "municipio": "Aldea del Fresno", "clasificacion": "no-urbanizable-protegido", "calificacion": "sin-asignar", "version": "vigente", "fuente": "SIT-CAM WFS — UsoDelSuelo:VPLA_V_CLASIFICACION (https://idem.comunidad.madrid/geosrvg/ows)", "fecha_dato": "2026-05-12", "ambito": "32623", "_raw_CD_SIGLAS": "SNUP_A", "_raw_DS_CLASIF_GEN": "Suelo No Urbanizable Protegido", "_raw_DS_CLASIF_DET": "Suelo No Urbanizable Protegido Clase I Espacios ZEPA", "_raw_DS_DOCU": "NORMAS SUBSIDIARIAS", "_raw_DS_LEY": "CM Ley 9/1995, E RDL 1/1992", "_raw_FC_AC": "1997-04-24", "_raw_NM_AREA_M2": 18361.430213762898, "_cam_code": "008" }, "geometry": { "type": "Polygon", "coordinates": [ [ [ -4.2451, 40.2932 ], [ -4.2453, 40.2933 ], [ -4.2454, 40.2939 ], [ -4.2456, 40.294 ], [ -4.2466, 40.2939 ], [ -4.2464, 40.2932 ], [ -4.2458, 40.2922 ], [ -4.245, 40.2923 ], [ -4.2451, 40.2932 ] ] ] } },
{ "type": "Feature", "properties": { "municipio": "Aldea del Fresno", "clasificacion": "no-urbanizable-protegido", "calificacion": "sin-asignar", "version": "vigente", "fuente": "SIT-CAM WFS — UsoDelSuelo:VPLA_V_CLASIFICACION (https://idem.comunidad.madrid/geosrvg/ows)", "fecha_dato": "2026-05-12", "ambito": "32623", "_raw_CD_SIGLAS": "SNUP_A", "_raw_DS_CLASIF_GEN": "Suelo No Urbanizable Protegido", "_raw_DS_CLASIF_DET": "Suelo No Urbanizable Protegido Clase I Espacios ZEPA", "_raw_DS_DOCU": "NORMAS SUBSIDIARIAS", "_raw_DS_LEY": "CM Ley 9/1995, E RDL 1/1992", "_raw_FC_AC": "1997-04-24", "_raw_NM_AREA_M2": 11743.997095382199, "_cam_code": "008" }, "geometry": { "type": "Polygon", "coordinates": [ [ [ -4.2479, 40.2929 ], [ -4.2481, 40.2937 ], [ -4.248, 40.2946 ], [ -4.2482, 40.2957 ], [ -4.2484, 40.2961 ], [ -4.2486, 40.2959 ], [ -4.2486, 40.2954 ], [ -4.2484, 40.2951 ], [ -4.2483, 40.2946 ], [ -4.2485, 40.2942 ], [ -4.2485, 40.2938 ], [ -4.2489, 40.2935 ], [ -4.2479, 40.2929 ] ] ] } },
{ "type": "Feature", "properties": { "municipio": "Aldea del Fresno", "clasificacion": "no-urbanizable-protegido", "calificacion": "sin-asignar", "version": "vigente", "fuente": "SIT-CAM WFS — UsoDelSuelo:VPLA_V_CLASIFICACION (https://idem.comunidad.madrid/geosrvg/ows)", "fecha_dato": "2026-05-12", "ambito": "32623", "_raw_CD_SIGLAS": "SNUP_A", "_raw_DS_CLASIF_GEN": "Suelo No Urbanizable Protegido", "_raw_DS_CLASIF_DET": "Suelo No Urbanizable Clase V Interés Edafológico-Área de Tolerancia", "_raw_DS_DOCU": "NORMAS SUBSIDIARIAS", "_raw_DS_LEY": "CM Ley 9/1995, E RDL 1/1992", "_raw_FC_AC": "1997-04-24", "_raw_NM_AREA_M2": 127911.627842838, "_cam_code": "008" }, "geometry": { "type": "Polygon", "coordinates": [ [ [ -4.2526, 40.2917 ], [ -4.2524, 40.2906 ], [ -4.2513, 40.2897 ], [ -4.2498, 40.2891 ], [ -4.2475, 40.2889 ], [ -4.2474, 40.2891 ], [ -4.2474, 40.2907 ], [ -4.248, 40.2921 ], [ -4.2483, 40.2923 ], [ -4.2484, 40.2926 ], [ -4.2501, 40.2921 ], [ -4.2526, 40.2917 ] ] ] } },
{ "type": "Feature", "properties": { "municipio": "Aldea del Fresno", "clasificacion": "urbano-consolidado", "calificacion": "sin-asignar", "version": "vigente", "fuente": "SIT-CAM WFS — UsoDelSuelo:VPLA_V_CLASIFICACION (https://idem.comunidad.madrid/geosrvg/ows)", "fecha_dato": "2026-05-12", "ambito": "32623", "_raw_CD_SIGLAS": "SU", "_raw_DS_CLASIF_GEN": "Suelo Urbano", "_raw_DS_CLASIF_DET": "Suelo Urbano", "_raw_DS_DOCU": "NORMAS SUBSIDIARIAS", "_raw_DS_LEY": "CM Ley 9/1995, E RDL 1/1992", "_raw_FC_AC": "1997-04-24", "_raw_NM_AREA_M2": 860942.62538411794, "_cam_code": "008" }, "geometry": { "type": "Polygon", "coordinates": [ [ [ -4.2025, 40.3263 ], [ -4.2024, 40.3264 ], [ -4.2025, 40.3265 ], [ -4.2027, 40.3265 ], [ -4.2029, 40.3267 ], [ -4.2035, 40.3263 ], [ -4.203, 40.3259 ], [ -4.2031, 40.3258 ], [ -4.2034, 40.326 ], [ -4.2034, 40.3259 ], [ -4.2036, 40.3259 ], [ -4.2043, 40.3255 ], [ -4.2051, 40.3254 ], [ -4.2063, 40.3248 ], [ -4.2059, 40.3244 ], [ -4.2067, 40.3236 ], [ -4.2062, 40.3235 ], [ -4.2063, 40.3231 ], [ -4.2061, 40.323 ], [ -4.2062, 40.3227 ], [ -4.2061, 40.3218 ], [ -4.2058, 40.321 ], [ -4.2057, 40.321 ], [ -4.2053, 40.3202 ], [ -4.2054, 40.3201 ], [ -4.2053, 40.3197 ], [ -4.2054, 40.3197 ], [ -4.2054, 40.3195 ], [ -4.2061, 40.3182 ], [ -4.2062, 40.3182 ], [ -4.2063, 40.3167 ], [ -4.2066, 40.3164 ], [ -4.2036, 40.3167 ], [ -4.2036, 40.3175 ], [ -4.204, 40.3186 ], [ -4.2027, 40.3189 ], [ -4.203, 40.3199 ], [ -4.202, 40.3197 ], [ -4.2015, 40.3199 ], [ -4.2011, 40.3198 ], [ -4.2011, 40.3197 ], [ -4.2009, 40.3198 ], [ -4.2008, 40.3197 ], [ -4.201, 40.3195 ], [ -4.2008, 40.3195 ], [ -4.2007, 40.3193 ], [ -4.2004, 40.3193 ], [ -4.1997, 40.315 ], [ -4.1993, 40.3134 ], [ -4.1986, 40.3135 ], [ -4.1961, 40.3132 ], [ -4.1958, 40.3143 ], [ -4.1959, 40.3145 ], [ -4.1961, 40.3145 ], [ -4.1959, 40.3147 ], [ -4.1993, 40.3151 ], [ -4.2002, 40.3194 ], [ -4.2001, 40.3197 ], [ -4.1981, 40.3187 ], [ -4.1977, 40.3196 ], [ -4.1975, 40.3196 ], [ -4.196, 40.3187 ], [ -4.196, 40.3188 ], [ -4.1956, 40.3184 ], [ -4.1954, 40.3184 ], [ -4.1953, 40.319 ], [ -4.1948, 40.3196 ], [ -4.194, 40.3197 ], [ -4.1943, 40.3191 ], [ -4.1944, 40.3181 ], [ -4.1948, 40.3181 ], [ -4.1946, 40.3173 ], [ -4.1947, 40.3172 ], [ -4.1946, 40.3172 ], [ -4.1943, 40.3165 ], [ -4.194, 40.3154 ], [ -4.1919, 40.3152 ], [ -4.1919, 40.3156 ], [ -4.191, 40.3174 ], [ -4.1909, 40.3187 ], [ -4.191, 40.3189 ], [ -4.1909, 40.319 ], [ -4.1905, 40.319 ], [ -4.186, 40.3167 ], [ -4.1859, 40.3168 ], [ -4.1903, 40.319 ], [ -4.1902, 40.3191 ], [ -4.1909, 40.3194 ], [ -4.1909, 40.3196 ], [ -4.1906, 40.32 ], [ -4.1921, 40.3209 ], [ -4.1921, 40.3208 ], [ -4.1923, 40.3208 ], [ -4.1931, 40.3214 ], [ -4.1932, 40.3213 ], [ -4.1937, 40.3217 ], [ -4.1939, 40.3217 ], [ -4.1939, 40.3218 ], [ -4.1961, 40.3229 ], [ -4.1962, 40.3221 ], [ -4.1963, 40.3221 ], [ -4.1964, 40.3217 ], [ -4.1984, 40.3226 ], [ -4.1982, 40.3229 ], [ -4.1985, 40.323 ], [ -4.1977, 40.3239 ], [ -4.199, 40.3246 ], [ -4.1989, 40.3246 ], [ -4.199, 40.3247 ], [ -4.1989, 40.3248 ], [ -4.1994, 40.3251 ], [ -4.1997, 40.325 ], [ -4.1999, 40.3252 ], [ -4.2004, 40.325 ], [ -4.2008, 40.3254 ], [ -4.2018, 40.3259 ], [ -4.2021, 40.3264 ], [ -4.202, 40.3262 ], [ -4.2025, 40.3263 ] ], [ [ -4.1999, 40.3244 ], [ -4.199, 40.3239 ], [ -4.1991, 40.3234 ], [ -4.2005, 40.3237 ], [ -4.2007, 40.3242 ], [ -4.1999, 40.3244 ] ] ] } },
{ "type": "Feature", "properties": { "municipio": "Aldea del Fresno", "clasificacion": "urbano-consolidado", "calificacion": "sin-asignar", "version": "vigente", "fuente": "SIT-CAM WFS — UsoDelSuelo:VPLA_V_CLASIFICACION (https://idem.comunidad.madrid/geosrvg/ows)", "fecha_dato": "2026-05-12", "ambito": "32623", "_raw_CD_SIGLAS": "SU", "_raw_DS_CLASIF_GEN": "Suelo Urbano", "_raw_DS_CLASIF_DET": "Suelo Urbano", "_raw_DS_DOCU": "NORMAS SUBSIDIARIAS", "_raw_DS_LEY": "CM Ley 9/1995, E RDL 1/1992", "_raw_FC_AC": "1997-04-24", "_raw_NM_AREA_M2": 5026.3672087862296, "_cam_code": "008" }, "geometry": { "type": "Polygon", "coordinates": [ [ [ -4.1905, 40.32 ], [ -4.1909, 40.3196 ], [ -4.1909, 40.3194 ], [ -4.1902, 40.3191 ], [ -4.1899, 40.3197 ], [ -4.1905, 40.32 ] ] ] } },
{ "type": "Feature", "properties": { "municipio": "Aldea del Fresno", "clasificacion": "urbano-consolidado", "calificacion": "sin-asignar", "version": "vigente", "fuente": "SIT-CAM WFS — UsoDelSuelo:VPLA_V_CLASIFICACION (https://idem.comunidad.madrid/geosrvg/ows)", "fecha_dato": "2026-05-12", "ambito": "32623", "_raw_CD_SIGLAS": "SU", "_raw_DS_CLASIF_GEN": "Suelo Urbano", "_raw_DS_CLASIF_DET": "Suelo Urbano", "_raw_DS_DOCU": "NORMAS SUBSIDIARIAS", "_raw_DS_LEY": "CM Ley 9/1995, E RDL 1/1992", "_raw_FC_AC": "1997-04-24", "_raw_NM_AREA_M2": 5597.9423708652103, "_cam_code": "008" }, "geometry": { "type": "Polygon", "coordinates": [ [ [ -4.1999, 40.3252 ], [ -4.202, 40.3263 ], [ -4.2018, 40.3259 ], [ -4.2008, 40.3254 ], [ -4.2004, 40.325 ], [ -4.1999, 40.3252 ] ] ] } },
{ "type": "Feature", "properties": { "municipio": "Aldea del Fresno", "clasificacion": "urbano-consolidado", "calificacion": "sin-asignar", "version": "vigente", "fuente": "SIT-CAM WFS — UsoDelSuelo:VPLA_V_CLASIFICACION (https://idem.comunidad.madrid/geosrvg/ows)", "fecha_dato": "2026-05-12", "ambito": "32623", "_raw_CD_SIGLAS": "SU", "_raw_DS_CLASIF_GEN": "Suelo Urbano", "_raw_DS_CLASIF_DET": "Suelo Urbano", "_raw_DS_DOCU": "NORMAS SUBSIDIARIAS", "_raw_DS_LEY": "CM Ley 9/1995, E RDL 1/1992", "_raw_FC_AC": "1997-04-24", "_raw_NM_AREA_M2": 9220.2390633397408, "_cam_code": "008" }, "geometry": { "type": "Polygon", "coordinates": [ [ [ -4.2067, 40.3236 ], [ -4.2059, 40.3244 ], [ -4.2063, 40.3247 ], [ -4.2065, 40.3247 ], [ -4.2073, 40.3237 ], [ -4.2074, 40.3233 ], [ -4.2068, 40.3232 ], [ -4.2067, 40.3236 ] ] ] } },
{ "type": "Feature", "properties": { "municipio": "Aldea del Fresno", "clasificacion": "urbano-consolidado", "calificacion": "sin-asignar", "version": "vigente", "fuente": "SIT-CAM WFS — UsoDelSuelo:VPLA_V_CLASIFICACION (https://idem.comunidad.madrid/geosrvg/ows)", "fecha_dato": "2026-05-12", "ambito": "32623", "_raw_CD_SIGLAS": "SU", "_raw_DS_CLASIF_GEN": "Suelo Urbano", "_raw_DS_CLASIF_DET": "Suelo Urbano", "_raw_DS_DOCU": "NORMAS SUBSIDIARIAS", "_raw_DS_LEY": "CM Ley 9/1995, E RDL 1/1992", "_raw_FC_AC": "1997-04-24", "_raw_NM_AREA_M2": 9894.44107518905, "_cam_code": "008" }, "geometry": { "type": "Polygon", "coordinates": [ [ [ -4.1999, 40.3244 ], [ -4.2007, 40.3242 ], [ -4.2005, 40.3237 ], [ -4.1991, 40.3234 ], [ -4.199, 40.3239 ], [ -4.1999, 40.3244 ] ] ] } },
{ "type": "Feature", "properties": { "municipio": "Aldea del Fresno", "clasificacion": "urbano-consolidado", "calificacion": "sin-asignar", "version": "vigente", "fuente": "SIT-CAM WFS — UsoDelSuelo:VPLA_V_CLASIFICACION (https://idem.comunidad.madrid/geosrvg/ows)", "fecha_dato": "2026-05-12", "ambito": "32623", "_raw_CD_SIGLAS": "SU", "_raw_DS_CLASIF_GEN": "Suelo Urbano", "_raw_DS_CLASIF_DET": "Suelo Urbano", "_raw_DS_DOCU": "NORMAS SUBSIDIARIAS", "_raw_DS_LEY": "CM Ley 9/1995, E RDL 1/1992", "_raw_FC_AC": "1997-04-24", "_raw_NM_AREA_M2": 20807.062188212902, "_cam_code": "008" }, "geometry": { "type": "Polygon", "coordinates": [ [ [ -4.2058, 40.3265 ], [ -4.2041, 40.3269 ], [ -4.2052, 40.3279 ], [ -4.206, 40.3283 ], [ -4.2065, 40.3281 ], [ -4.2064, 40.3278 ], [ -4.2059, 40.3272 ], [ -4.2059, 40.3269 ], [ -4.2062, 40.3265 ], [ -4.2062, 40.3263 ], [ -4.2058, 40.3265 ] ] ] } },
{ "type": "Feature", "properties": { "municipio": "Aldea del Fresno", "clasificacion": "urbano-consolidado", "calificacion": "sin-asignar", "version": "vigente", "fuente": "SIT-CAM WFS — UsoDelSuelo:VPLA_V_CLASIFICACION (https://idem.comunidad.madrid/geosrvg/ows)", "fecha_dato": "2026-05-12", "ambito": "32623", "_raw_CD_SIGLAS": "SU", "_raw_DS_CLASIF_GEN": "Suelo Urbano", "_raw_DS_CLASIF_DET": "Suelo Urbano", "_raw_DS_DOCU": "NORMAS SUBSIDIARIAS", "_raw_DS_LEY": "CM Ley 9/1995, E RDL 1/1992", "_raw_FC_AC": "1997-04-24", "_raw_NM_AREA_M2": 29361.947746286201, "_cam_code": "008" }, "geometry": { "type": "Polygon", "coordinates": [ [ [ -4.1859, 40.3175 ], [ -4.1899, 40.3197 ], [ -4.19, 40.3196 ], [ -4.1903, 40.319 ], [ -4.1859, 40.3168 ], [ -4.1858, 40.317 ], [ -4.1859, 40.3175 ] ] ] } },
{ "type": "Feature", "properties": { "municipio": "Aldea del Fresno", "clasificacion": "urbano-consolidado", "calificacion": "sin-asignar", "version": "vigente", "fuente": "SIT-CAM WFS — UsoDelSuelo:VPLA_V_CLASIFICACION (https://idem.comunidad.madrid/geosrvg/ows)", "fecha_dato": "2026-05-12", "ambito": "32623", "_raw_CD_SIGLAS": "SU", "_raw_DS_CLASIF_GEN": "Suelo Urbano", "_raw_DS_CLASIF_DET": "Suelo Urbano", "_raw_DS_DOCU": "NORMAS SUBSIDIARIAS", "_raw_DS_LEY": "CM Ley 9/1995, E RDL 1/1992", "_raw_FC_AC": "1997-04-24", "_raw_NM_AREA_M2": 43132.413929815397, "_cam_code": "008" }, "geometry": { "type": "Polygon", "coordinates": [ [ [ -4.1947, 40.3172 ], [ -4.1946, 40.3173 ], [ -4.1948, 40.3181 ], [ -4.1944, 40.3181 ], [ -4.1943, 40.3191 ], [ -4.194, 40.3197 ], [ -4.1948, 40.3196 ], [ -4.1953, 40.319 ], [ -4.1954, 40.3184 ], [ -4.1956, 40.3184 ], [ -4.196, 40.3188 ], [ -4.196, 40.3187 ], [ -4.1969, 40.3193 ], [ -4.1977, 40.3196 ], [ -4.1981, 40.3187 ], [ -4.1947, 40.3172 ] ] ] } },
{ "type": "Feature", "properties": { "municipio": "Aldea del Fresno", "clasificacion": "urbano-consolidado", "calificacion": "sin-asignar", "version": "vigente", "fuente": "SIT-CAM WFS — UsoDelSuelo:VPLA_V_CLASIFICACION (https://idem.comunidad.madrid/geosrvg/ows)", "fecha_dato": "2026-05-12", "ambito": "32623", "_raw_CD_SIGLAS": "SU", "_raw_DS_CLASIF_GEN": "Suelo Urbano", "_raw_DS_CLASIF_DET": "Suelo Urbano", "_raw_DS_DOCU": "NORMAS SUBSIDIARIAS", "_raw_DS_LEY": "CM Ley 9/1995, E RDL 1/1992", "_raw_FC_AC": "1997-04-24", "_raw_NM_AREA_M2": 121771.466122714, "_cam_code": "008" }, "geometry": { "type": "Polygon", "coordinates": [ [ [ -4.1921, 40.3208 ], [ -4.192, 40.3209 ], [ -4.1918, 40.3217 ], [ -4.1932, 40.3227 ], [ -4.1944, 40.3235 ], [ -4.1949, 40.3237 ], [ -4.195, 40.3236 ], [ -4.1965, 40.3239 ], [ -4.1965, 40.3245 ], [ -4.1967, 40.325 ], [ -4.1974, 40.3256 ], [ -4.1991, 40.3262 ], [ -4.1993, 40.326 ], [ -4.199, 40.3255 ], [ -4.199, 40.3252 ], [ -4.1994, 40.3251 ], [ -4.1989, 40.3248 ], [ -4.199, 40.3247 ], [ -4.1989, 40.3246 ], [ -4.199, 40.3246 ], [ -4.1977, 40.3239 ], [ -4.1985, 40.323 ], [ -4.1982, 40.3229 ], [ -4.1984, 40.3226 ], [ -4.1964, 40.3217 ], [ -4.1963, 40.3221 ], [ -4.1962, 40.3221 ], [ -4.1961, 40.3229 ], [ -4.1939, 40.3218 ], [ -4.1939, 40.3217 ], [ -4.1937, 40.3217 ], [ -4.1932, 40.3213 ], [ -4.1931, 40.3214 ], [ -4.1923, 40.3208 ], [ -4.1921, 40.3208 ] ] ] } },
{ "type": "Feature", "properties": { "municipio": "Aldea del Fresno", "clasificacion": "urbano-consolidado", "calificacion": "sin-asignar", "version": "vigente", "fuente": "SIT-CAM WFS — UsoDelSuelo:VPLA_V_CLASIFICACION (https://idem.comunidad.madrid/geosrvg/ows)", "fecha_dato": "2026-05-12", "ambito": "32623", "_raw_CD_SIGLAS": "SU", "_raw_DS_CLASIF_GEN": "Suelo Urbano", "_raw_DS_CLASIF_DET": "Suelo Urbano", "_raw_DS_DOCU": "NORMAS SUBSIDIARIAS", "_raw_DS_LEY": "CM Ley 9/1995, E RDL 1/1992", "_raw_FC_AC": "1997-04-24", "_raw_NM_AREA_M2": 229660.320702767, "_cam_code": "008" }, "geometry": { "type": "Polygon", "coordinates": [ [ [ -4.1993, 40.3134 ], [ -4.1997, 40.315 ], [ -4.2004, 40.3193 ], [ -4.2007, 40.3193 ], [ -4.2008, 40.3195 ], [ -4.201, 40.3195 ], [ -4.2008, 40.3197 ], [ -4.2009, 40.3198 ], [ -4.2011, 40.3197 ], [ -4.2011, 40.3198 ], [ -4.2015, 40.3199 ], [ -4.202, 40.3197 ], [ -4.203, 40.3199 ], [ -4.2027, 40.3189 ], [ -4.204, 40.3186 ], [ -4.2036, 40.3175 ], [ -4.2036, 40.3167 ], [ -4.2048, 40.3166 ], [ -4.205, 40.3156 ], [ -4.2019, 40.316 ], [ -4.2016, 40.3151 ], [ -4.2043, 40.3148 ], [ -4.204, 40.3136 ], [ -4.2013, 40.3139 ], [ -4.201, 40.3124 ], [ -4.2008, 40.3124 ], [ -4.2006, 40.312 ], [ -4.1992, 40.3122 ], [ -4.1994, 40.3134 ], [ -4.1993, 40.3134 ] ] ] } },
{ "type": "Feature", "properties": { "municipio": "Aldea del Fresno", "clasificacion": "urbano-consolidado", "calificacion": "sin-asignar", "version": "vigente", "fuente": "SIT-CAM WFS — UsoDelSuelo:VPLA_V_CLASIFICACION (https://idem.comunidad.madrid/geosrvg/ows)", "fecha_dato": "2026-05-12", "ambito": "32623", "_raw_CD_SIGLAS": "SU", "_raw_DS_CLASIF_GEN": "Suelo Urbano", "_raw_DS_CLASIF_DET": "Suelo Urbano", "_raw_DS_DOCU": "NORMAS SUBSIDIARIAS", "_raw_DS_LEY": "CM Ley 9/1995, E RDL 1/1992", "_raw_FC_AC": "1997-04-24", "_raw_NM_AREA_M2": 40031.344276001801, "_cam_code": "008" }, "geometry": { "type": "Polygon", "coordinates": [ [ [ -4.2006, 40.312 ], [ -4.2008, 40.3124 ], [ -4.201, 40.3124 ], [ -4.2013, 40.3139 ], [ -4.204, 40.3136 ], [ -4.2039, 40.3132 ], [ -4.2037, 40.3131 ], [ -4.204, 40.3128 ], [ -4.2036, 40.3126 ], [ -4.2036, 40.3125 ], [ -4.2034, 40.3126 ], [ -4.2028, 40.3125 ], [ -4.2023, 40.3127 ], [ -4.2021, 40.312 ], [ -4.2017, 40.3118 ], [ -4.2006, 40.312 ] ] ] } },
{ "type": "Feature", "properties": { "municipio": "Aldea del Fresno", "clasificacion": "urbano-consolidado", "calificacion": "sin-asignar", "version": "vigente", "fuente": "SIT-CAM WFS — UsoDelSuelo:VPLA_V_CLASIFICACION (https://idem.comunidad.madrid/geosrvg/ows)", "fecha_dato": "2026-05-12", "ambito": "32623", "_raw_CD_SIGLAS": "SU", "_raw_DS_CLASIF_GEN": "Suelo Urbano", "_raw_DS_CLASIF_DET": "Suelo Urbano", "_raw_DS_DOCU": "NORMAS SUBSIDIARIAS", "_raw_DS_LEY": "CM Ley 9/1995, E RDL 1/1992", "_raw_FC_AC": "1997-04-24", "_raw_NM_AREA_M2": 26523.610919087299, "_cam_code": "008" }, "geometry": { "type": "Polygon", "coordinates": [ [ [ -4.2043, 40.3148 ], [ -4.2016, 40.3151 ], [ -4.2018, 40.3159 ], [ -4.2019, 40.316 ], [ -4.205, 40.3156 ], [ -4.2049, 40.3151 ], [ -4.2043, 40.3148 ] ] ] } },
{ "type": "Feature", "properties": { "municipio": "Aldea del Fresno", "clasificacion": "urbanizable-sectorizado", "calificacion": "sin-asignar", "version": "vigente", "fuente": "SIT-CAM WFS — UsoDelSuelo:VPLA_V_CLASIFICACION (https://idem.comunidad.madrid/geosrvg/ows)", "fecha_dato": "2026-05-12", "ambito": "223", "_raw_CD_SIGLAS": "SUBS", "_raw_DS_CLASIF_GEN": "Suelo Apto Para Urbanizar", "_raw_DS_CLASIF_DET": "Suelo Apto para Urbanizar", "_raw_DS_DOCU": "PLAN DE ORDENACIÓN NUCLEO DE POBLACIÓN", "_raw_DS_LEY": null, "_raw_FC_AC": "1988-12-20", "_raw_NM_AREA_M2": 424814.32322869101, "_cam_code": "008" }, "geometry": { "type": "Polygon", "coordinates": [ [ [ -4.2373, 40.3202 ], [ -4.2379, 40.3203 ], [ -4.2388, 40.3202 ], [ -4.2396, 40.3199 ], [ -4.2403, 40.3199 ], [ -4.2411, 40.3182 ], [ -4.2413, 40.3159 ], [ -4.2417, 40.3155 ], [ -4.2444, 40.3177 ], [ -4.2457, 40.3174 ], [ -4.2474, 40.3159 ], [ -4.2469, 40.3158 ], [ -4.2466, 40.3162 ], [ -4.2462, 40.3163 ], [ -4.2445, 40.3156 ], [ -4.2436, 40.3152 ], [ -4.2436, 40.3151 ], [ -4.2411, 40.3137 ], [ -4.2404, 40.3137 ], [ -4.2399, 40.3133 ], [ -4.2402, 40.3131 ], [ -4.239, 40.3124 ], [ -4.2387, 40.3119 ], [ -4.2381, 40.3117 ], [ -4.2378, 40.3121 ], [ -4.2368, 40.3119 ], [ -4.2348, 40.3108 ], [ -4.2339, 40.3099 ], [ -4.2336, 40.3101 ], [ -4.2343, 40.3107 ], [ -4.2345, 40.3113 ], [ -4.2346, 40.3113 ], [ -4.2346, 40.3116 ], [ -4.2348, 40.3118 ], [ -4.2348, 40.3121 ], [ -4.2349, 40.3121 ], [ -4.2351, 40.3132 ], [ -4.2355, 40.3137 ], [ -4.2357, 40.3145 ], [ -4.2358, 40.3146 ], [ -4.2363, 40.3145 ], [ -4.2365, 40.3148 ], [ -4.2361, 40.3152 ], [ -4.2363, 40.3154 ], [ -4.2365, 40.316 ], [ -4.2368, 40.3163 ], [ -4.2371, 40.3163 ], [ -4.2373, 40.3165 ], [ -4.2376, 40.3164 ], [ -4.2378, 40.3161 ], [ -4.2383, 40.3161 ], [ -4.2385, 40.3159 ], [ -4.2384, 40.3162 ], [ -4.2381, 40.3164 ], [ -4.2379, 40.3168 ], [ -4.2385, 40.317 ], [ -4.2385, 40.3174 ], [ -4.2389, 40.3174 ], [ -4.2388, 40.3176 ], [ -4.2391, 40.3177 ], [ -4.239, 40.3179 ], [ -4.2389, 40.3177 ], [ -4.2383, 40.3176 ], [ -4.238, 40.3171 ], [ -4.2376, 40.3172 ], [ -4.2376, 40.3173 ], [ -4.2372, 40.3173 ], [ -4.2373, 40.3178 ], [ -4.2372, 40.318 ], [ -4.2373, 40.318 ], [ -4.2373, 40.3182 ], [ -4.2375, 40.3184 ], [ -4.2375, 40.3187 ], [ -4.2372, 40.3186 ], [ -4.237, 40.3193 ], [ -4.2373, 40.3199 ], [ -4.2373, 40.3202 ] ] ] } },
{ "type": "Feature", "properties": { "municipio": "Aldea del Fresno", "clasificacion": "urbanizable-sectorizado", "calificacion": "sin-asignar", "version": "vigente", "fuente": "SIT-CAM WFS — UsoDelSuelo:VPLA_V_CLASIFICACION (https://idem.comunidad.madrid/geosrvg/ows)", "fecha_dato": "2026-05-12", "ambito": "32623", "_raw_CD_SIGLAS": "SUBS", "_raw_DS_CLASIF_GEN": "Suelo Apto Para Urbanizar", "_raw_DS_CLASIF_DET": "Suelo Apto para Urbanizar", "_raw_DS_DOCU": "NORMAS SUBSIDIARIAS", "_raw_DS_LEY": "CM Ley 9/1995, E RDL 1/1992", "_raw_FC_AC": "1997-04-24", "_raw_NM_AREA_M2": 169902.74015519099, "_cam_code": "008" }, "geometry": { "type": "Polygon", "coordinates": [ [ [ -4.1981, 40.3187 ], [ -4.2001, 40.3197 ], [ -4.2002, 40.3195 ], [ -4.1993, 40.3151 ], [ -4.1956, 40.3147 ], [ -4.1954, 40.3152 ], [ -4.1944, 40.3151 ], [ -4.1943, 40.3154 ], [ -4.194, 40.3154 ], [ -4.1946, 40.3172 ], [ -4.1981, 40.3187 ] ] ] } }
]
}
