{
"type": "FeatureCollection",
"name": "vigente.full",
"features": [
{ "type": "Feature", "properties": { "municipio": "Fuente el Saz de Jarama", "clasificacion": "no-urbanizable-protegido", "calificacion": "sin-asignar", "version": "vigente", "fuente": "SIT-CAM WFS — UsoDelSuelo:VPLA_V_CLASIFICACION (https://idem.comunidad.madrid/geosrvg/ows)", "fecha_dato": "2026-05-12", "ambito": "77796", "_raw_CD_SIGLAS": "SNUP", "_raw_DS_CLASIF_GEN": "Suelo No Urbanizable Protegido", "_raw_DS_CLASIF_DET": "Suelo No Urbanizable de Protección Vías Pecuarias", "_raw_DS_DOCU": "PLAN GENERAL", "_raw_DS_LEY": "CM Ley 9/2001, E Ley 6/1998", "_raw_FC_AC": "2010-09-23", "_raw_NM_AREA_M2": 3341.2010389668199, "_cam_code": "059" }, "geometry": { "type": "Polygon", "coordinates": [ [ [ -3.5118, 40.6509 ], [ -3.5116, 40.651 ], [ -3.5115, 40.6519 ], [ -3.5112, 40.6525 ], [ -3.511, 40.6534 ], [ -3.5111, 40.6536 ], [ -3.5114, 40.6522 ], [ -3.5116, 40.652 ], [ -3.5118, 40.6509 ] ] ] } },
{ "type": "Feature", "properties": { "municipio": "Fuente el Saz de Jarama", "clasificacion": "no-urbanizable-protegido", "calificacion": "sin-asignar", "version": "vigente", "fuente": "SIT-CAM WFS — UsoDelSuelo:VPLA_V_CLASIFICACION (https://idem.comunidad.madrid/geosrvg/ows)", "fecha_dato": "2026-05-12", "ambito": "77796", "_raw_CD_SIGLAS": "SNUP", "_raw_DS_CLASIF_GEN": "Suelo No Urbanizable Protegido", "_raw_DS_CLASIF_DET": "Suelo No Urbanizable de Protección Edafológica Paisajística", "_raw_DS_DOCU": "PLAN GENERAL", "_raw_DS_LEY": "CM Ley 9/2001, E Ley 6/1998", "_raw_FC_AC": "2010-09-23", "_raw_NM_AREA_M2": 197320.073562003, "_cam_code": "059" }, "geometry": { "type": "Polygon", "coordinates": [ [ [ -3.559, 40.6149 ], [ -3.5597, 40.6151 ], [ -3.5603, 40.6145 ], [ -3.5602, 40.614 ], [ -3.5593, 40.6138 ], [ -3.5596, 40.6123 ], [ -3.5575, 40.612 ], [ -3.5575, 40.6117 ], [ -3.5554, 40.6111 ], [ -3.5552, 40.6116 ], [ -3.5538, 40.6113 ], [ -3.5518, 40.6115 ], [ -3.5511, 40.6126 ], [ -3.5518, 40.613 ], [ -3.5521, 40.613 ], [ -3.5558, 40.6145 ], [ -3.5565, 40.6146 ], [ -3.5569, 40.6145 ], [ -3.5571, 40.6143 ], [ -3.5575, 40.6143 ], [ -3.5579, 40.6145 ], [ -3.5584, 40.6151 ], [ -3.559, 40.6149 ] ] ] } },
{ "type": "Feature", "properties": { "municipio": "Fuente el Saz de Jarama", "clasificacion": "no-urbanizable-protegido", "calificacion": "sin-asignar", "version": "vigente", "fuente": "SIT-CAM WFS — UsoDelSuelo:VPLA_V_CLASIFICACION (https://idem.comunidad.madrid/geosrvg/ows)", "fecha_dato": "2026-05-12", "ambito": "77796", "_raw_CD_SIGLAS": "SNUP", "_raw_DS_CLASIF_GEN": "Suelo No Urbanizable Protegido", "_raw_DS_CLASIF_DET": "Suelo No Urbanizable de Protección Edafológica Paisajística", "_raw_DS_DOCU": "PLAN GENERAL", "_raw_DS_LEY": "CM Ley 9/2001, E Ley 6/1998", "_raw_FC_AC": "2010-09-23", "_raw_NM_AREA_M2": 1888.9472033775, "_cam_code": "059" }, "geometry": { "type": "Polygon", "coordinates": [ [ [ -3.5577, 40.6146 ], [ -3.5576, 40.6147 ], [ -3.5579, 40.6153 ], [ -3.5583, 40.6152 ], [ -3.5577, 40.6146 ] ] ] } },
{ "type": "Feature", "properties": { "municipio": "Fuente el Saz de Jarama", "clasificacion": "no-urbanizable-protegido", "calificacion": "sin-asignar", "version": "vigente", "fuente": "SIT-CAM WFS — UsoDelSuelo:VPLA_V_CLASIFICACION (https://idem.comunidad.madrid/geosrvg/ows)", "fecha_dato": "2026-05-12", "ambito": "77796", "_raw_CD_SIGLAS": "SNUP", "_raw_DS_CLASIF_GEN": "Suelo No Urbanizable Protegido", "_raw_DS_CLASIF_DET": "Suelo No Urbanizable de Protección Edafológica Paisajística", "_raw_DS_DOCU": "PLAN GENERAL", "_raw_DS_LEY": "CM Ley 9/2001, E Ley 6/1998", "_raw_FC_AC": "2010-09-23", "_raw_NM_AREA_M2": 127765.26602053401, "_cam_code": "059" }, "geometry": { "type": "Polygon", "coordinates": [ [ [ -3.5477, 40.6134 ], [ -3.5483, 40.6159 ], [ -3.5486, 40.6159 ], [ -3.5488, 40.6157 ], [ -3.5491, 40.6158 ], [ -3.5501, 40.6151 ], [ -3.5503, 40.6153 ], [ -3.5524, 40.6152 ], [ -3.5541, 40.6146 ], [ -3.5546, 40.6146 ], [ -3.5558, 40.615 ], [ -3.5562, 40.615 ], [ -3.5568, 40.6146 ], [ -3.556, 40.6147 ], [ -3.5536, 40.6137 ], [ -3.5515, 40.613 ], [ -3.551, 40.6127 ], [ -3.5499, 40.6126 ], [ -3.5497, 40.6134 ], [ -3.5477, 40.6134 ] ] ] } },
{ "type": "Feature", "properties": { "municipio": "Fuente el Saz de Jarama", "clasificacion": "no-urbanizable-protegido", "calificacion": "sin-asignar", "version": "vigente", "fuente": "SIT-CAM WFS — UsoDelSuelo:VPLA_V_CLASIFICACION (https://idem.comunidad.madrid/geosrvg/ows)", "fecha_dato": "2026-05-12", "ambito": "77796", "_raw_CD_SIGLAS": "SNUP", "_raw_DS_CLASIF_GEN": "Suelo No Urbanizable Protegido", "_raw_DS_CLASIF_DET": "Suelo No Urbanizable de Protección Edafológica Paisajística", "_raw_DS_DOCU": "PLAN GENERAL", "_raw_DS_LEY": "CM Ley 9/2001, E Ley 6/1998", "_raw_FC_AC": "2010-09-23", "_raw_NM_AREA_M2": 2836.9267256887701, "_cam_code": "059" }, "geometry": { "type": "Polygon", "coordinates": [ [ [ -3.5591, 40.6151 ], [ -3.5586, 40.6152 ], [ -3.5587, 40.6155 ], [ -3.5591, 40.616 ], [ -3.5591, 40.6156 ], [ -3.5594, 40.6153 ], [ -3.5591, 40.6151 ] ] ] } },
{ "type": "Feature", "properties": { "municipio": "Fuente el Saz de Jarama", "clasificacion": "no-urbanizable-protegido", "calificacion": "sin-asignar", "version": "vigente", "fuente": "SIT-CAM WFS — UsoDelSuelo:VPLA_V_CLASIFICACION (https://idem.comunidad.madrid/geosrvg/ows)", "fecha_dato": "2026-05-12", "ambito": "77796", "_raw_CD_SIGLAS": "SNUP", "_raw_DS_CLASIF_GEN": "Suelo No Urbanizable Protegido", "_raw_DS_CLASIF_DET": "Suelo No Urbanizable de Protección Edafológica Paisajística", "_raw_DS_DOCU": "PLAN GENERAL", "_raw_DS_LEY": "CM Ley 9/2001, E Ley 6/1998", "_raw_FC_AC": "2010-09-23", "_raw_NM_AREA_M2": 221079.275593364, "_cam_code": "059" }, "geometry": { "type": "Polygon", "coordinates": [ [ [ -3.5394, 40.6161 ], [ -3.5404, 40.6169 ], [ -3.5414, 40.6169 ], [ -3.5428, 40.6165 ], [ -3.5434, 40.6161 ], [ -3.5437, 40.6157 ], [ -3.5441, 40.6156 ], [ -3.5459, 40.6161 ], [ -3.547, 40.6161 ], [ -3.5475, 40.6159 ], [ -3.5481, 40.6159 ], [ -3.5479, 40.6154 ], [ -3.5475, 40.6133 ], [ -3.5453, 40.6136 ], [ -3.5432, 40.6132 ], [ -3.5432, 40.6125 ], [ -3.5377, 40.6161 ], [ -3.5378, 40.6162 ], [ -3.5374, 40.6166 ], [ -3.5386, 40.616 ], [ -3.5387, 40.6161 ], [ -3.5394, 40.6161 ] ] ] } },
{ "type": "Feature", "properties": { "municipio": "Fuente el Saz de Jarama", "clasificacion": "no-urbanizable-protegido", "calificacion": "sin-asignar", "version": "vigente", "fuente": "SIT-CAM WFS — UsoDelSuelo:VPLA_V_CLASIFICACION (https://idem.comunidad.madrid/geosrvg/ows)", "fecha_dato": "2026-05-12", "ambito": "77796", "_raw_CD_SIGLAS": "SNUP", "_raw_DS_CLASIF_GEN": "Suelo No Urbanizable Protegido", "_raw_DS_CLASIF_DET": "Suelo No Urbanizable de Protección Edafológica Paisajística", "_raw_DS_DOCU": "PLAN GENERAL", "_raw_DS_LEY": "CM Ley 9/2001, E Ley 6/1998", "_raw_FC_AC": "2010-09-23", "_raw_NM_AREA_M2": 1542251.92453482, "_cam_code": "059" }, "geometry": { "type": "Polygon", "coordinates": [ [ [ -3.5329, 40.6332 ], [ -3.5384, 40.6331 ], [ -3.5403, 40.6328 ], [ -3.5418, 40.6324 ], [ -3.545, 40.6309 ], [ -3.5465, 40.6298 ], [ -3.5475, 40.6288 ], [ -3.5479, 40.6281 ], [ -3.5481, 40.628 ], [ -3.5485, 40.6274 ], [ -3.549, 40.6264 ], [ -3.5494, 40.6251 ], [ -3.5494, 40.6249 ], [ -3.5488, 40.6248 ], [ -3.5478, 40.6242 ], [ -3.5479, 40.6241 ], [ -3.5487, 40.6245 ], [ -3.5495, 40.6245 ], [ -3.5496, 40.6241 ], [ -3.5495, 40.6219 ], [ -3.5482, 40.6163 ], [ -3.5477, 40.6163 ], [ -3.5477, 40.6164 ], [ -3.5477, 40.6163 ], [ -3.5471, 40.6163 ], [ -3.5464, 40.6165 ], [ -3.5463, 40.6164 ], [ -3.5457, 40.6164 ], [ -3.5457, 40.6162 ], [ -3.5448, 40.6159 ], [ -3.5444, 40.6159 ], [ -3.5436, 40.6162 ], [ -3.5431, 40.6166 ], [ -3.5418, 40.6172 ], [ -3.5405, 40.6172 ], [ -3.5397, 40.617 ], [ -3.5395, 40.6164 ], [ -3.5389, 40.6162 ], [ -3.5385, 40.6164 ], [ -3.5382, 40.6164 ], [ -3.5376, 40.6168 ], [ -3.5373, 40.6168 ], [ -3.5367, 40.6172 ], [ -3.5364, 40.6176 ], [ -3.5353, 40.6181 ], [ -3.5352, 40.6182 ], [ -3.5353, 40.6184 ], [ -3.5348, 40.6186 ], [ -3.5349, 40.6187 ], [ -3.533, 40.6196 ], [ -3.5321, 40.6202 ], [ -3.5321, 40.6204 ], [ -3.5324, 40.6201 ], [ -3.533, 40.6199 ], [ -3.5335, 40.6199 ], [ -3.5338, 40.6201 ], [ -3.5339, 40.6206 ], [ -3.5336, 40.6217 ], [ -3.5334, 40.622 ], [ -3.5338, 40.6221 ], [ -3.5337, 40.6226 ], [ -3.5336, 40.6226 ], [ -3.5334, 40.6234 ], [ -3.5331, 40.6236 ], [ -3.5329, 40.6244 ], [ -3.5328, 40.6244 ], [ -3.5326, 40.6248 ], [ -3.5343, 40.625 ], [ -3.5358, 40.6254 ], [ -3.5372, 40.6256 ], [ -3.5372, 40.6255 ], [ -3.5375, 40.6254 ], [ -3.5387, 40.6252 ], [ -3.5387, 40.6251 ], [ -3.5402, 40.6248 ], [ -3.541, 40.6245 ], [ -3.5418, 40.6244 ], [ -3.5421, 40.6244 ], [ -3.5421, 40.6244 ], [ -3.5422, 40.6244 ], [ -3.5423, 40.6244 ], [ -3.5423, 40.6244 ], [ -3.5424, 40.6244 ], [ -3.5424, 40.6244 ], [ -3.5425, 40.6244 ], [ -3.5426, 40.6244 ], [ -3.5426, 40.6244 ], [ -3.5427, 40.6244 ], [ -3.5427, 40.6244 ], [ -3.5428, 40.6244 ], [ -3.5429, 40.6244 ], [ -3.5429, 40.6244 ], [ -3.543, 40.6244 ], [ -3.543, 40.6244 ], [ -3.5431, 40.6244 ], [ -3.5432, 40.6244 ], [ -3.5432, 40.6244 ], [ -3.5433, 40.6244 ], [ -3.5434, 40.6244 ], [ -3.5435, 40.6244 ], [ -3.5432, 40.6247 ], [ -3.5424, 40.6268 ], [ -3.543, 40.627 ], [ -3.5435, 40.6268 ], [ -3.5441, 40.6273 ], [ -3.544, 40.628 ], [ -3.5437, 40.6282 ], [ -3.5438, 40.6294 ], [ -3.5437, 40.6295 ], [ -3.5426, 40.6296 ], [ -3.5427, 40.63 ], [ -3.5427, 40.6309 ], [ -3.5426, 40.6311 ], [ -3.5415, 40.6315 ], [ -3.537, 40.6322 ], [ -3.5347, 40.6319 ], [ -3.5347, 40.632 ], [ -3.5343, 40.632 ], [ -3.5343, 40.6321 ], [ -3.5333, 40.6323 ], [ -3.5333, 40.6324 ], [ -3.5331, 40.6324 ], [ -3.5324, 40.6328 ], [ -3.5329, 40.6332 ] ] ] } },
{ "type": "Feature", "properties": { "municipio": "Fuente el Saz de Jarama", "clasificacion": "no-urbanizable-protegido", "calificacion": "sin-asignar", "version": "vigente", "fuente": "SIT-CAM WFS — UsoDelSuelo:VPLA_V_CLASIFICACION (https://idem.comunidad.madrid/geosrvg/ows)", "fecha_dato": "2026-05-12", "ambito": "77796", "_raw_CD_SIGLAS": "SNUP", "_raw_DS_CLASIF_GEN": "Suelo No Urbanizable Protegido", "_raw_DS_CLASIF_DET": "Suelo No Urbanizable de Protección Edafológica Paisajística", "_raw_DS_DOCU": "PLAN GENERAL", "_raw_DS_LEY": "CM Ley 9/2001, E Ley 6/1998", "_raw_FC_AC": "2010-09-23", "_raw_NM_AREA_M2": 2199103.6855927599, "_cam_code": "059" }, "geometry": { "type": "Polygon", "coordinates": [ [ [ -3.5332, 40.6333 ], [ -3.5353, 40.6354 ], [ -3.5369, 40.6362 ], [ -3.5378, 40.6365 ], [ -3.5385, 40.637 ], [ -3.5401, 40.6376 ], [ -3.5416, 40.6379 ], [ -3.5434, 40.6385 ], [ -3.5458, 40.6391 ], [ -3.546, 40.6393 ], [ -3.5474, 40.6394 ], [ -3.548, 40.6396 ], [ -3.5524, 40.64 ], [ -3.5549, 40.6407 ], [ -3.5553, 40.6406 ], [ -3.5552, 40.638 ], [ -3.5557, 40.6362 ], [ -3.5553, 40.6351 ], [ -3.5552, 40.6341 ], [ -3.5548, 40.6334 ], [ -3.5534, 40.6324 ], [ -3.552, 40.631 ], [ -3.5521, 40.6305 ], [ -3.552, 40.6298 ], [ -3.5521, 40.6297 ], [ -3.5522, 40.6286 ], [ -3.5521, 40.6279 ], [ -3.5522, 40.6276 ], [ -3.5527, 40.627 ], [ -3.554, 40.6258 ], [ -3.5539, 40.6246 ], [ -3.5543, 40.6238 ], [ -3.5552, 40.6231 ], [ -3.5558, 40.6224 ], [ -3.556, 40.6219 ], [ -3.5568, 40.6208 ], [ -3.557, 40.6207 ], [ -3.5576, 40.6197 ], [ -3.5583, 40.6191 ], [ -3.5588, 40.6171 ], [ -3.5588, 40.616 ], [ -3.5585, 40.616 ], [ -3.5585, 40.6157 ], [ -3.558, 40.6156 ], [ -3.5577, 40.6153 ], [ -3.5569, 40.6151 ], [ -3.5569, 40.615 ], [ -3.5565, 40.6152 ], [ -3.5559, 40.6152 ], [ -3.5551, 40.6151 ], [ -3.5549, 40.6149 ], [ -3.5543, 40.6149 ], [ -3.5529, 40.6153 ], [ -3.551, 40.6155 ], [ -3.5509, 40.6156 ], [ -3.5507, 40.6155 ], [ -3.5498, 40.6156 ], [ -3.549, 40.6161 ], [ -3.5484, 40.6162 ], [ -3.5497, 40.6217 ], [ -3.5498, 40.6242 ], [ -3.5501, 40.6245 ], [ -3.5506, 40.6247 ], [ -3.5508, 40.625 ], [ -3.5516, 40.6253 ], [ -3.5517, 40.6256 ], [ -3.5515, 40.6258 ], [ -3.551, 40.6258 ], [ -3.5501, 40.6252 ], [ -3.5497, 40.6252 ], [ -3.5485, 40.6278 ], [ -3.5479, 40.6286 ], [ -3.5464, 40.6301 ], [ -3.5447, 40.6313 ], [ -3.5423, 40.6324 ], [ -3.5415, 40.6327 ], [ -3.5382, 40.6333 ], [ -3.5332, 40.6333 ] ] ] } },
{ "type": "Feature", "properties": { "municipio": "Fuente el Saz de Jarama", "clasificacion": "no-urbanizable-protegido", "calificacion": "sin-asignar", "version": "vigente", "fuente": "SIT-CAM WFS — UsoDelSuelo:VPLA_V_CLASIFICACION (https://idem.comunidad.madrid/geosrvg/ows)", "fecha_dato": "2026-05-12", "ambito": "77796", "_raw_CD_SIGLAS": "SNUP", "_raw_DS_CLASIF_GEN": "Suelo No Urbanizable Protegido", "_raw_DS_CLASIF_DET": "Suelo No Urbanizable Protegido por Afección Cauces Riberas", "_raw_DS_DOCU": "PLAN GENERAL", "_raw_DS_LEY": "CM Ley 9/2001, E Ley 6/1998", "_raw_FC_AC": "2010-09-23", "_raw_NM_AREA_M2": 27855.7542660771, "_cam_code": "059" }, "geometry": { "type": "Polygon", "coordinates": [ [ [ -3.5603, 40.6387 ], [ -3.5613, 40.6389 ], [ -3.5615, 40.6389 ], [ -3.5616, 40.6389 ], [ -3.5617, 40.6389 ], [ -3.5618, 40.6389 ], [ -3.5619, 40.6388 ], [ -3.562, 40.6388 ], [ -3.5621, 40.6388 ], [ -3.5625, 40.6381 ], [ -3.5638, 40.6353 ], [ -3.5622, 40.6386 ], [ -3.562, 40.6388 ], [ -3.5619, 40.6389 ], [ -3.5616, 40.6389 ], [ -3.5614, 40.6389 ], [ -3.5612, 40.6388 ], [ -3.5608, 40.6386 ], [ -3.5606, 40.6385 ], [ -3.5605, 40.6383 ], [ -3.5606, 40.6366 ], [ -3.5598, 40.6354 ], [ -3.5589, 40.6351 ], [ -3.5584, 40.6351 ], [ -3.5573, 40.6354 ], [ -3.5562, 40.6361 ], [ -3.556, 40.6367 ], [ -3.5565, 40.636 ], [ -3.5575, 40.6356 ], [ -3.5583, 40.6355 ], [ -3.5588, 40.6356 ], [ -3.5599, 40.6361 ], [ -3.5602, 40.6368 ], [ -3.56, 40.6383 ], [ -3.5603, 40.6387 ] ] ] } },
{ "type": "Feature", "properties": { "municipio": "Fuente el Saz de Jarama", "clasificacion": "no-urbanizable-protegido", "calificacion": "sin-asignar", "version": "vigente", "fuente": "SIT-CAM WFS — UsoDelSuelo:VPLA_V_CLASIFICACION (https://idem.comunidad.madrid/geosrvg/ows)", "fecha_dato": "2026-05-12", "ambito": "77796", "_raw_CD_SIGLAS": "SNUP", "_raw_DS_CLASIF_GEN": "Suelo No Urbanizable Protegido", "_raw_DS_CLASIF_DET": "Suelo No Urbanizable Protegido por Afección Cauces Riberas", "_raw_DS_DOCU": "PLAN GENERAL", "_raw_DS_LEY": "CM Ley 9/2001, E Ley 6/1998", "_raw_FC_AC": "2010-09-23", "_raw_NM_AREA_M2": 86767.302639953006, "_cam_code": "059" }, "geometry": { "type": "Polygon", "coordinates": [ [ [ -3.555, 40.6564 ], [ -3.5548, 40.6579 ], [ -3.555, 40.6587 ], [ -3.5562, 40.66 ], [ -3.5566, 40.6607 ], [ -3.5566, 40.6609 ], [ -3.5568, 40.6609 ], [ -3.5562, 40.6597 ], [ -3.555, 40.6585 ], [ -3.555, 40.6579 ], [ -3.5553, 40.6575 ], [ -3.5553, 40.6572 ], [ -3.5557, 40.6568 ], [ -3.5555, 40.6563 ], [ -3.5546, 40.6557 ], [ -3.5543, 40.6551 ], [ -3.5526, 40.6544 ], [ -3.5517, 40.6542 ], [ -3.5515, 40.6539 ], [ -3.5517, 40.6531 ], [ -3.5525, 40.6517 ], [ -3.5533, 40.6513 ], [ -3.5538, 40.6513 ], [ -3.5544, 40.6511 ], [ -3.5548, 40.6508 ], [ -3.555, 40.6501 ], [ -3.555, 40.6482 ], [ -3.5549, 40.648 ], [ -3.5551, 40.6477 ], [ -3.5556, 40.6471 ], [ -3.5561, 40.647 ], [ -3.5568, 40.6466 ], [ -3.5574, 40.646 ], [ -3.5576, 40.6452 ], [ -3.5575, 40.6448 ], [ -3.5572, 40.6445 ], [ -3.5566, 40.6443 ], [ -3.5561, 40.6439 ], [ -3.5554, 40.6436 ], [ -3.5548, 40.6428 ], [ -3.5553, 40.6423 ], [ -3.5556, 40.6414 ], [ -3.5563, 40.64 ], [ -3.556, 40.6396 ], [ -3.5559, 40.6391 ], [ -3.5558, 40.6402 ], [ -3.5555, 40.6413 ], [ -3.5547, 40.6426 ], [ -3.5548, 40.6434 ], [ -3.5562, 40.6444 ], [ -3.5568, 40.6446 ], [ -3.5573, 40.645 ], [ -3.5574, 40.6453 ], [ -3.5569, 40.6462 ], [ -3.5559, 40.6468 ], [ -3.5551, 40.647 ], [ -3.5548, 40.6474 ], [ -3.5544, 40.6484 ], [ -3.5545, 40.65 ], [ -3.5541, 40.6506 ], [ -3.5537, 40.6509 ], [ -3.5527, 40.6513 ], [ -3.552, 40.6519 ], [ -3.5511, 40.6539 ], [ -3.5512, 40.6545 ], [ -3.5524, 40.6549 ], [ -3.5533, 40.655 ], [ -3.5542, 40.6555 ], [ -3.555, 40.6564 ] ] ] } },
{ "type": "Feature", "properties": { "municipio": "Fuente el Saz de Jarama", "clasificacion": "no-urbanizable-protegido", "calificacion": "sin-asignar", "version": "vigente", "fuente": "SIT-CAM WFS — UsoDelSuelo:VPLA_V_CLASIFICACION (https://idem.comunidad.madrid/geosrvg/ows)", "fecha_dato": "2026-05-12", "ambito": "77796", "_raw_CD_SIGLAS": "SNUP", "_raw_DS_CLASIF_GEN": "Suelo No Urbanizable Protegido", "_raw_DS_CLASIF_DET": "Suelo No Urbanizable Protegido por Protección Edafológica y Paisajística Expropiación Carretera", "_raw_DS_DOCU": "PLAN GENERAL", "_raw_DS_LEY": "CM Ley 9/2001, E Ley 6/1998", "_raw_FC_AC": "2010-09-23", "_raw_NM_AREA_M2": 234277.19730328099, "_cam_code": "059" }, "geometry": { "type": "Polygon", "coordinates": [ [ [ -3.5108, 40.6711 ], [ -3.5109, 40.6711 ], [ -3.511, 40.6663 ], [ -3.511, 40.6537 ], [ -3.5111, 40.6536 ], [ -3.511, 40.6535 ], [ -3.511, 40.6514 ], [ -3.5111, 40.6512 ], [ -3.5114, 40.6509 ], [ -3.512, 40.6509 ], [ -3.5119, 40.6517 ], [ -3.5115, 40.6521 ], [ -3.512, 40.652 ], [ -3.5122, 40.6513 ], [ -3.5126, 40.651 ], [ -3.5133, 40.6509 ], [ -3.5139, 40.651 ], [ -3.5153, 40.6508 ], [ -3.517, 40.65 ], [ -3.5173, 40.6497 ], [ -3.5179, 40.6489 ], [ -3.518, 40.6485 ], [ -3.519, 40.6469 ], [ -3.5191, 40.6465 ], [ -3.5201, 40.6449 ], [ -3.5202, 40.6445 ], [ -3.5211, 40.6431 ], [ -3.5212, 40.6427 ], [ -3.5222, 40.6411 ], [ -3.5222, 40.6409 ], [ -3.5229, 40.6396 ], [ -3.5236, 40.6387 ], [ -3.5241, 40.6388 ], [ -3.5242, 40.6393 ], [ -3.5246, 40.6396 ], [ -3.5249, 40.6393 ], [ -3.5248, 40.6393 ], [ -3.5247, 40.6388 ], [ -3.5244, 40.6386 ], [ -3.5242, 40.638 ], [ -3.5251, 40.637 ], [ -3.5255, 40.6368 ], [ -3.5261, 40.6362 ], [ -3.5262, 40.6363 ], [ -3.5297, 40.6342 ], [ -3.5325, 40.6334 ], [ -3.5332, 40.6333 ], [ -3.5382, 40.6333 ], [ -3.5415, 40.6327 ], [ -3.5423, 40.6324 ], [ -3.5447, 40.6313 ], [ -3.5464, 40.6301 ], [ -3.5479, 40.6286 ], [ -3.5485, 40.6278 ], [ -3.5497, 40.6252 ], [ -3.5501, 40.6252 ], [ -3.551, 40.6258 ], [ -3.5515, 40.6258 ], [ -3.5517, 40.6256 ], [ -3.5516, 40.6253 ], [ -3.5508, 40.625 ], [ -3.5506, 40.6247 ], [ -3.5501, 40.6245 ], [ -3.5498, 40.6242 ], [ -3.5497, 40.6217 ], [ -3.5477, 40.6134 ], [ -3.5475, 40.6133 ], [ -3.5475, 40.6136 ], [ -3.5495, 40.6219 ], [ -3.5496, 40.6241 ], [ -3.5495, 40.6245 ], [ -3.5487, 40.6245 ], [ -3.5479, 40.6241 ], [ -3.5478, 40.6242 ], [ -3.5488, 40.6248 ], [ -3.5494, 40.6249 ], [ -3.5494, 40.6251 ], [ -3.549, 40.6264 ], [ -3.5485, 40.6274 ], [ -3.5481, 40.628 ], [ -3.5479, 40.6281 ], [ -3.5475, 40.6288 ], [ -3.5465, 40.6298 ], [ -3.545, 40.6309 ], [ -3.5426, 40.6321 ], [ -3.5403, 40.6328 ], [ -3.5384, 40.6331 ], [ -3.5334, 40.6331 ], [ -3.5328, 40.6332 ], [ -3.5326, 40.633 ], [ -3.5316, 40.6332 ], [ -3.5281, 40.6346 ], [ -3.5265, 40.6355 ], [ -3.5264, 40.6357 ], [ -3.5245, 40.6371 ], [ -3.5237, 40.6379 ], [ -3.5229, 40.638 ], [ -3.522, 40.6376 ], [ -3.5218, 40.6378 ], [ -3.5223, 40.6382 ], [ -3.5227, 40.6384 ], [ -3.5231, 40.6384 ], [ -3.5234, 40.6386 ], [ -3.5231, 40.6388 ], [ -3.5219, 40.6406 ], [ -3.5218, 40.641 ], [ -3.5185, 40.647 ], [ -3.5184, 40.647 ], [ -3.5185, 40.6472 ], [ -3.5184, 40.6472 ], [ -3.5174, 40.6491 ], [ -3.5169, 40.6496 ], [ -3.5161, 40.6501 ], [ -3.5153, 40.6505 ], [ -3.5141, 40.6507 ], [ -3.5141, 40.6508 ], [ -3.5122, 40.6507 ], [ -3.5122, 40.6497 ], [ -3.5121, 40.6496 ], [ -3.5118, 40.6507 ], [ -3.5111, 40.6503 ], [ -3.5107, 40.6503 ], [ -3.5107, 40.6504 ], [ -3.5104, 40.6505 ], [ -3.5104, 40.6509 ], [ -3.5108, 40.6514 ], [ -3.5108, 40.6711 ] ] ] } },
{ "type": "Feature", "properties": { "municipio": "Fuente el Saz de Jarama", "clasificacion": "no-urbanizable-protegido", "calificacion": "sin-asignar", "version": "vigente", "fuente": "SIT-CAM WFS — UsoDelSuelo:VPLA_V_CLASIFICACION (https://idem.comunidad.madrid/geosrvg/ows)", "fecha_dato": "2026-05-12", "ambito": "77796", "_raw_CD_SIGLAS": "SNUP", "_raw_DS_CLASIF_GEN": "Suelo No Urbanizable Protegido", "_raw_DS_CLASIF_DET": "Suelo No Urbanizable de Protección Vías Pecuarias", "_raw_DS_DOCU": "PLAN GENERAL", "_raw_DS_LEY": "CM Ley 9/2001, E Ley 6/1998", "_raw_FC_AC": "2010-09-23", "_raw_NM_AREA_M2": 174207.94082488, "_cam_code": "059" }, "geometry": { "type": "Polygon", "coordinates": [ [ [ -3.503, 40.6244 ], [ -3.5036, 40.6244 ], [ -3.504, 40.6246 ], [ -3.5064, 40.6244 ], [ -3.5066, 40.6248 ], [ -3.5083, 40.6264 ], [ -3.5092, 40.6278 ], [ -3.5094, 40.6278 ], [ -3.5086, 40.6266 ], [ -3.5072, 40.6252 ], [ -3.5066, 40.6244 ], [ -3.5075, 40.624 ], [ -3.5085, 40.6232 ], [ -3.5092, 40.623 ], [ -3.5104, 40.6223 ], [ -3.5109, 40.6222 ], [ -3.5121, 40.6213 ], [ -3.5149, 40.6208 ], [ -3.5154, 40.6202 ], [ -3.5176, 40.6189 ], [ -3.5188, 40.6184 ], [ -3.519, 40.6179 ], [ -3.5194, 40.6176 ], [ -3.5202, 40.6174 ], [ -3.5213, 40.6174 ], [ -3.5214, 40.6175 ], [ -3.5223, 40.6174 ], [ -3.5234, 40.618 ], [ -3.525, 40.6179 ], [ -3.5265, 40.6176 ], [ -3.5272, 40.6171 ], [ -3.5276, 40.6163 ], [ -3.5281, 40.6163 ], [ -3.5288, 40.6167 ], [ -3.5293, 40.6166 ], [ -3.531, 40.6173 ], [ -3.5315, 40.6172 ], [ -3.5319, 40.6178 ], [ -3.5326, 40.6177 ], [ -3.5332, 40.6179 ], [ -3.5334, 40.618 ], [ -3.5337, 40.6185 ], [ -3.5346, 40.6185 ], [ -3.5348, 40.6186 ], [ -3.5353, 40.6184 ], [ -3.5352, 40.6182 ], [ -3.5353, 40.6181 ], [ -3.5364, 40.6176 ], [ -3.5367, 40.6172 ], [ -3.5373, 40.6168 ], [ -3.5376, 40.6168 ], [ -3.5382, 40.6164 ], [ -3.5385, 40.6164 ], [ -3.5389, 40.6162 ], [ -3.5395, 40.6164 ], [ -3.5397, 40.617 ], [ -3.5405, 40.6172 ], [ -3.5418, 40.6172 ], [ -3.5431, 40.6166 ], [ -3.5436, 40.6162 ], [ -3.5444, 40.6159 ], [ -3.5448, 40.6159 ], [ -3.5457, 40.6162 ], [ -3.5457, 40.6164 ], [ -3.5463, 40.6164 ], [ -3.5464, 40.6165 ], [ -3.5471, 40.6163 ], [ -3.5477, 40.6163 ], [ -3.5477, 40.6164 ], [ -3.5477, 40.6163 ], [ -3.5482, 40.6163 ], [ -3.5481, 40.6159 ], [ -3.5475, 40.6159 ], [ -3.547, 40.6161 ], [ -3.5459, 40.6161 ], [ -3.5441, 40.6156 ], [ -3.5437, 40.6157 ], [ -3.5434, 40.6161 ], [ -3.5428, 40.6165 ], [ -3.542, 40.6167 ], [ -3.542, 40.6168 ], [ -3.5404, 40.6169 ], [ -3.5394, 40.6161 ], [ -3.5387, 40.6161 ], [ -3.5386, 40.616 ], [ -3.5379, 40.6163 ], [ -3.5354, 40.6179 ], [ -3.5348, 40.6181 ], [ -3.5327, 40.6175 ], [ -3.5316, 40.6168 ], [ -3.5316, 40.6167 ], [ -3.531, 40.6169 ], [ -3.5303, 40.6168 ], [ -3.5278, 40.6158 ], [ -3.5275, 40.6159 ], [ -3.5274, 40.6163 ], [ -3.5269, 40.6169 ], [ -3.5256, 40.6176 ], [ -3.5248, 40.6177 ], [ -3.5231, 40.6176 ], [ -3.5222, 40.6171 ], [ -3.5222, 40.6169 ], [ -3.5219, 40.6169 ], [ -3.5215, 40.6166 ], [ -3.5211, 40.6165 ], [ -3.5205, 40.6169 ], [ -3.5202, 40.6173 ], [ -3.5198, 40.6173 ], [ -3.5198, 40.6172 ], [ -3.5187, 40.6175 ], [ -3.5186, 40.6177 ], [ -3.5176, 40.6181 ], [ -3.5176, 40.6184 ], [ -3.5167, 40.6187 ], [ -3.5154, 40.6195 ], [ -3.5147, 40.6204 ], [ -3.5135, 40.6206 ], [ -3.513, 40.6205 ], [ -3.5121, 40.6209 ], [ -3.5115, 40.6213 ], [ -3.5112, 40.6218 ], [ -3.5105, 40.622 ], [ -3.5104, 40.6222 ], [ -3.51, 40.6222 ], [ -3.5097, 40.6226 ], [ -3.5084, 40.6229 ], [ -3.5066, 40.6242 ], [ -3.5061, 40.6236 ], [ -3.506, 40.6226 ], [ -3.5051, 40.6201 ], [ -3.505, 40.6201 ], [ -3.5053, 40.6212 ], [ -3.5058, 40.6221 ], [ -3.5059, 40.6234 ], [ -3.5062, 40.6242 ], [ -3.5061, 40.6243 ], [ -3.5042, 40.6243 ], [ -3.5037, 40.6239 ], [ -3.5032, 40.6242 ], [ -3.503, 40.6241 ], [ -3.503, 40.6244 ] ] ] } },
{ "type": "Feature", "properties": { "municipio": "Fuente el Saz de Jarama", "clasificacion": "no-urbanizable-protegido", "calificacion": "sin-asignar", "version": "vigente", "fuente": "SIT-CAM WFS — UsoDelSuelo:VPLA_V_CLASIFICACION (https://idem.comunidad.madrid/geosrvg/ows)", "fecha_dato": "2026-05-12", "ambito": "77796", "_raw_CD_SIGLAS": "SNUP", "_raw_DS_CLASIF_GEN": "Suelo No Urbanizable Protegido", "_raw_DS_CLASIF_DET": "Suelo No Urbanizable de Protección Vías Pecuarias", "_raw_DS_DOCU": "PLAN GENERAL", "_raw_DS_LEY": "CM Ley 9/2001, E Ley 6/1998", "_raw_FC_AC": "2010-09-23", "_raw_NM_AREA_M2": 44127.560109346901, "_cam_code": "059" }, "geometry": { "type": "Polygon", "coordinates": [ [ [ -3.5179, 40.6283 ], [ -3.518, 40.6284 ], [ -3.5184, 40.628 ], [ -3.5196, 40.6273 ], [ -3.5201, 40.6268 ], [ -3.5208, 40.6256 ], [ -3.5211, 40.6255 ], [ -3.5211, 40.6254 ], [ -3.5247, 40.6251 ], [ -3.5258, 40.6251 ], [ -3.5259, 40.6253 ], [ -3.5273, 40.6237 ], [ -3.5322, 40.6202 ], [ -3.5322, 40.6201 ], [ -3.5349, 40.6187 ], [ -3.5346, 40.6185 ], [ -3.5338, 40.6191 ], [ -3.5336, 40.6191 ], [ -3.5318, 40.6202 ], [ -3.5288, 40.6223 ], [ -3.5285, 40.6221 ], [ -3.5283, 40.6225 ], [ -3.5275, 40.6231 ], [ -3.5258, 40.6248 ], [ -3.5245, 40.6249 ], [ -3.5245, 40.625 ], [ -3.5209, 40.6252 ], [ -3.5198, 40.6269 ], [ -3.5179, 40.6283 ] ] ] } },
{ "type": "Feature", "properties": { "municipio": "Fuente el Saz de Jarama", "clasificacion": "no-urbanizable-protegido", "calificacion": "sin-asignar", "version": "vigente", "fuente": "SIT-CAM WFS — UsoDelSuelo:VPLA_V_CLASIFICACION (https://idem.comunidad.madrid/geosrvg/ows)", "fecha_dato": "2026-05-12", "ambito": "77796", "_raw_CD_SIGLAS": "SNUP", "_raw_DS_CLASIF_GEN": "Suelo No Urbanizable Protegido", "_raw_DS_CLASIF_DET": "Suelo No Urbanizable de Protección Vías Pecuarias", "_raw_DS_DOCU": "PLAN GENERAL", "_raw_DS_LEY": "CM Ley 9/2001, E Ley 6/1998", "_raw_FC_AC": "2010-09-23", "_raw_NM_AREA_M2": 31951.148090882401, "_cam_code": "059" }, "geometry": { "type": "Polygon", "coordinates": [ [ [ -3.5192, 40.6332 ], [ -3.5214, 40.633 ], [ -3.5236, 40.633 ], [ -3.5261, 40.6332 ], [ -3.5268, 40.6329 ], [ -3.532, 40.633 ], [ -3.5324, 40.6329 ], [ -3.5324, 40.6327 ], [ -3.5315, 40.6328 ], [ -3.5306, 40.6326 ], [ -3.5276, 40.6327 ], [ -3.5281, 40.6325 ], [ -3.5288, 40.6319 ], [ -3.5293, 40.631 ], [ -3.5292, 40.6309 ], [ -3.5285, 40.632 ], [ -3.5281, 40.6324 ], [ -3.5261, 40.633 ], [ -3.5247, 40.633 ], [ -3.5232, 40.6327 ], [ -3.522, 40.6327 ], [ -3.5219, 40.6328 ], [ -3.5193, 40.6331 ], [ -3.5192, 40.6332 ] ] ] } },
{ "type": "Feature", "properties": { "municipio": "Fuente el Saz de Jarama", "clasificacion": "no-urbanizable-protegido", "calificacion": "sin-asignar", "version": "vigente", "fuente": "SIT-CAM WFS — UsoDelSuelo:VPLA_V_CLASIFICACION (https://idem.comunidad.madrid/geosrvg/ows)", "fecha_dato": "2026-05-12", "ambito": "77796", "_raw_CD_SIGLAS": "SNUP", "_raw_DS_CLASIF_GEN": "Suelo No Urbanizable Protegido", "_raw_DS_CLASIF_DET": "Suelo No Urbanizable de Protección Edafológica Paisajística", "_raw_DS_DOCU": "PLAN GENERAL", "_raw_DS_LEY": "CM Ley 9/2001, E Ley 6/1998", "_raw_FC_AC": "2010-09-23", "_raw_NM_AREA_M2": 342685.26176949701, "_cam_code": "059" }, "geometry": { "type": "Polygon", "coordinates": [ [ [ -3.5563, 40.64 ], [ -3.5553, 40.6423 ], [ -3.5548, 40.6428 ], [ -3.5554, 40.6436 ], [ -3.5561, 40.6439 ], [ -3.5566, 40.6443 ], [ -3.5572, 40.6445 ], [ -3.5575, 40.6448 ], [ -3.5576, 40.6452 ], [ -3.5574, 40.646 ], [ -3.5573, 40.646 ], [ -3.5572, 40.6463 ], [ -3.5563, 40.6469 ], [ -3.5556, 40.6471 ], [ -3.5549, 40.648 ], [ -3.555, 40.6482 ], [ -3.555, 40.6501 ], [ -3.5548, 40.6508 ], [ -3.5544, 40.6511 ], [ -3.5552, 40.6509 ], [ -3.5592, 40.6505 ], [ -3.5604, 40.6447 ], [ -3.5597, 40.6433 ], [ -3.5586, 40.6423 ], [ -3.5576, 40.6419 ], [ -3.5563, 40.64 ] ] ] } },
{ "type": "Feature", "properties": { "municipio": "Fuente el Saz de Jarama", "clasificacion": "no-urbanizable-protegido", "calificacion": "sin-asignar", "version": "vigente", "fuente": "SIT-CAM WFS — UsoDelSuelo:VPLA_V_CLASIFICACION (https://idem.comunidad.madrid/geosrvg/ows)", "fecha_dato": "2026-05-12", "ambito": "77796", "_raw_CD_SIGLAS": "SNUP", "_raw_DS_CLASIF_GEN": "Suelo No Urbanizable Protegido", "_raw_DS_CLASIF_DET": "Suelo No Urbanizable de Protección Edafológica Paisajística", "_raw_DS_DOCU": "PLAN GENERAL", "_raw_DS_LEY": "CM Ley 9/2001, E Ley 6/1998", "_raw_FC_AC": "2010-09-23", "_raw_NM_AREA_M2": 1412192.4035892801, "_cam_code": "059" }, "geometry": { "type": "Polygon", "coordinates": [ [ [ -3.5555, 40.6353 ], [ -3.5558, 40.6362 ], [ -3.5557, 40.637 ], [ -3.5553, 40.6381 ], [ -3.5553, 40.6385 ], [ -3.5555, 40.6388 ], [ -3.5555, 40.6409 ], [ -3.5544, 40.643 ], [ -3.552, 40.6468 ], [ -3.5519, 40.6473 ], [ -3.5514, 40.6482 ], [ -3.5514, 40.6485 ], [ -3.5512, 40.6489 ], [ -3.5512, 40.6495 ], [ -3.5516, 40.6509 ], [ -3.5524, 40.6511 ], [ -3.5527, 40.6513 ], [ -3.5537, 40.6509 ], [ -3.5541, 40.6506 ], [ -3.5545, 40.65 ], [ -3.5544, 40.6484 ], [ -3.5548, 40.6474 ], [ -3.5551, 40.647 ], [ -3.5559, 40.6468 ], [ -3.5569, 40.6462 ], [ -3.5574, 40.6453 ], [ -3.5573, 40.645 ], [ -3.5568, 40.6446 ], [ -3.5562, 40.6444 ], [ -3.5551, 40.6437 ], [ -3.5548, 40.6434 ], [ -3.5547, 40.6429 ], [ -3.5547, 40.6426 ], [ -3.5555, 40.6413 ], [ -3.5558, 40.6402 ], [ -3.5559, 40.6391 ], [ -3.5557, 40.6383 ], [ -3.5557, 40.6374 ], [ -3.5562, 40.6361 ], [ -3.5573, 40.6354 ], [ -3.5584, 40.6351 ], [ -3.5589, 40.6351 ], [ -3.5598, 40.6354 ], [ -3.5606, 40.6366 ], [ -3.5605, 40.6374 ], [ -3.5605, 40.6383 ], [ -3.5606, 40.6385 ], [ -3.5614, 40.6389 ], [ -3.5619, 40.6389 ], [ -3.5622, 40.6386 ], [ -3.5638, 40.6353 ], [ -3.564, 40.6345 ], [ -3.5642, 40.633 ], [ -3.5641, 40.6322 ], [ -3.5631, 40.6306 ], [ -3.5612, 40.6283 ], [ -3.5606, 40.627 ], [ -3.5605, 40.6265 ], [ -3.5606, 40.6247 ], [ -3.5609, 40.6237 ], [ -3.5601, 40.6238 ], [ -3.5586, 40.6248 ], [ -3.5583, 40.6247 ], [ -3.5593, 40.6238 ], [ -3.5598, 40.6232 ], [ -3.5598, 40.6229 ], [ -3.5599, 40.6229 ], [ -3.5598, 40.6217 ], [ -3.5593, 40.6197 ], [ -3.5591, 40.6194 ], [ -3.559, 40.6184 ], [ -3.5591, 40.6161 ], [ -3.559, 40.6161 ], [ -3.5589, 40.6174 ], [ -3.5583, 40.6193 ], [ -3.5578, 40.6197 ], [ -3.557, 40.6209 ], [ -3.5565, 40.6214 ], [ -3.5565, 40.6216 ], [ -3.556, 40.6222 ], [ -3.5558, 40.6227 ], [ -3.5549, 40.6235 ], [ -3.5546, 40.6236 ], [ -3.5541, 40.6245 ], [ -3.5541, 40.6259 ], [ -3.5538, 40.6262 ], [ -3.5538, 40.6263 ], [ -3.5548, 40.6264 ], [ -3.5561, 40.6267 ], [ -3.5561, 40.6268 ], [ -3.5569, 40.6269 ], [ -3.5577, 40.6274 ], [ -3.5581, 40.6283 ], [ -3.558, 40.6286 ], [ -3.5577, 40.6291 ], [ -3.5571, 40.6295 ], [ -3.557, 40.6294 ], [ -3.5575, 40.6291 ], [ -3.5578, 40.6287 ], [ -3.5578, 40.6281 ], [ -3.5574, 40.6273 ], [ -3.5567, 40.627 ], [ -3.5547, 40.6265 ], [ -3.554, 40.6265 ], [ -3.5539, 40.6264 ], [ -3.5535, 40.6265 ], [ -3.5525, 40.6275 ], [ -3.5524, 40.6278 ], [ -3.5525, 40.6279 ], [ -3.5525, 40.6281 ], [ -3.5524, 40.6281 ], [ -3.5525, 40.6282 ], [ -3.5525, 40.6287 ], [ -3.5523, 40.629 ], [ -3.5522, 40.6295 ], [ -3.5523, 40.63 ], [ -3.5522, 40.6311 ], [ -3.5535, 40.6323 ], [ -3.5548, 40.6332 ], [ -3.5553, 40.634 ], [ -3.5555, 40.6353 ] ] ] } },
{ "type": "Feature", "properties": { "municipio": "Fuente el Saz de Jarama", "clasificacion": "no-urbanizable-protegido", "calificacion": "sin-asignar", "version": "vigente", "fuente": "SIT-CAM WFS — UsoDelSuelo:VPLA_V_CLASIFICACION (https://idem.comunidad.madrid/geosrvg/ows)", "fecha_dato": "2026-05-12", "ambito": "77796", "_raw_CD_SIGLAS": "SNUP", "_raw_DS_CLASIF_GEN": "Suelo No Urbanizable Protegido", "_raw_DS_CLASIF_DET": "Suelo No Urbanizable de Protección Edafológica Paisajística", "_raw_DS_DOCU": "PLAN GENERAL", "_raw_DS_LEY": "CM Ley 9/2001, E Ley 6/1998", "_raw_FC_AC": "2010-09-23", "_raw_NM_AREA_M2": 2304.3719557506902, "_cam_code": "059" }, "geometry": { "type": "Polygon", "coordinates": [ [ [ -3.5118, 40.6509 ], [ -3.5116, 40.6516 ], [ -3.5116, 40.6519 ], [ -3.5119, 40.6517 ], [ -3.512, 40.6509 ], [ -3.5118, 40.6509 ] ] ] } },
{ "type": "Feature", "properties": { "municipio": "Fuente el Saz de Jarama", "clasificacion": "no-urbanizable-protegido", "calificacion": "sin-asignar", "version": "vigente", "fuente": "SIT-CAM WFS — UsoDelSuelo:VPLA_V_CLASIFICACION (https://idem.comunidad.madrid/geosrvg/ows)", "fecha_dato": "2026-05-12", "ambito": "77796", "_raw_CD_SIGLAS": "SNUP", "_raw_DS_CLASIF_GEN": "Suelo No Urbanizable Protegido", "_raw_DS_CLASIF_DET": "Suelo No Urbanizable de Protección Edafológica Paisajística", "_raw_DS_DOCU": "PLAN GENERAL", "_raw_DS_LEY": "CM Ley 9/2001, E Ley 6/1998", "_raw_FC_AC": "2010-09-23", "_raw_NM_AREA_M2": 8069.95218922201, "_cam_code": "059" }, "geometry": { "type": "Polygon", "coordinates": [ [ [ -3.5115, 40.6509 ], [ -3.511, 40.6514 ], [ -3.511, 40.6515 ], [ -3.511, 40.6515 ], [ -3.511, 40.6515 ], [ -3.511, 40.6516 ], [ -3.511, 40.6517 ], [ -3.511, 40.6518 ], [ -3.511, 40.6518 ], [ -3.511, 40.6518 ], [ -3.511, 40.6518 ], [ -3.511, 40.6519 ], [ -3.511, 40.6525 ], [ -3.511, 40.6531 ], [ -3.511, 40.6532 ], [ -3.511, 40.6533 ], [ -3.511, 40.6535 ], [ -3.5112, 40.6525 ], [ -3.5115, 40.6519 ], [ -3.5116, 40.651 ], [ -3.5117, 40.651 ], [ -3.5117, 40.6509 ], [ -3.5115, 40.6509 ] ] ] } },
{ "type": "Feature", "properties": { "municipio": "Fuente el Saz de Jarama", "clasificacion": "no-urbanizable-protegido", "calificacion": "sin-asignar", "version": "vigente", "fuente": "SIT-CAM WFS — UsoDelSuelo:VPLA_V_CLASIFICACION (https://idem.comunidad.madrid/geosrvg/ows)", "fecha_dato": "2026-05-12", "ambito": "77796", "_raw_CD_SIGLAS": "SNUP", "_raw_DS_CLASIF_GEN": "Suelo No Urbanizable Protegido", "_raw_DS_CLASIF_DET": "Suelo No Urbanizable de Protección Edafológica Paisajística", "_raw_DS_DOCU": "PLAN GENERAL", "_raw_DS_LEY": "CM Ley 9/2001, E Ley 6/1998", "_raw_FC_AC": "2010-09-23", "_raw_NM_AREA_M2": 4526140.0428129602, "_cam_code": "059" }, "geometry": { "type": "Polygon", "coordinates": [ [ [ -3.511, 40.6578 ], [ -3.5116, 40.6579 ], [ -3.5133, 40.6578 ], [ -3.517, 40.6561 ], [ -3.5178, 40.6554 ], [ -3.5189, 40.6548 ], [ -3.5197, 40.6546 ], [ -3.5205, 40.6546 ], [ -3.522, 40.6549 ], [ -3.5232, 40.6545 ], [ -3.5233, 40.6544 ], [ -3.5233, 40.6538 ], [ -3.5236, 40.6533 ], [ -3.5241, 40.6529 ], [ -3.5248, 40.6527 ], [ -3.5253, 40.6517 ], [ -3.526, 40.6514 ], [ -3.526, 40.6502 ], [ -3.5262, 40.65 ], [ -3.527, 40.6497 ], [ -3.5277, 40.6496 ], [ -3.528, 40.649 ], [ -3.5296, 40.6487 ], [ -3.5299, 40.6484 ], [ -3.5317, 40.649 ], [ -3.533, 40.6489 ], [ -3.533, 40.649 ], [ -3.5337, 40.6494 ], [ -3.534, 40.6494 ], [ -3.534, 40.6493 ], [ -3.5351, 40.6487 ], [ -3.5352, 40.6488 ], [ -3.5339, 40.6495 ], [ -3.5339, 40.6496 ], [ -3.5343, 40.6496 ], [ -3.5349, 40.6493 ], [ -3.5355, 40.6492 ], [ -3.5364, 40.6492 ], [ -3.5374, 40.6495 ], [ -3.5387, 40.6501 ], [ -3.5409, 40.6501 ], [ -3.5427, 40.6506 ], [ -3.5468, 40.6509 ], [ -3.5476, 40.6508 ], [ -3.5492, 40.651 ], [ -3.5514, 40.6509 ], [ -3.551, 40.6494 ], [ -3.551, 40.6489 ], [ -3.5513, 40.6479 ], [ -3.5517, 40.6473 ], [ -3.552, 40.6464 ], [ -3.5541, 40.6432 ], [ -3.5545, 40.6423 ], [ -3.5552, 40.6412 ], [ -3.5552, 40.641 ], [ -3.5524, 40.6402 ], [ -3.5475, 40.6397 ], [ -3.5465, 40.6394 ], [ -3.5458, 40.6394 ], [ -3.5421, 40.6382 ], [ -3.5399, 40.6377 ], [ -3.5365, 40.6362 ], [ -3.5352, 40.6355 ], [ -3.533, 40.6334 ], [ -3.5325, 40.6334 ], [ -3.5297, 40.6342 ], [ -3.5289, 40.6346 ], [ -3.5293, 40.635 ], [ -3.5293, 40.6353 ], [ -3.5294, 40.6353 ], [ -3.5293, 40.6357 ], [ -3.529, 40.636 ], [ -3.5288, 40.636 ], [ -3.5288, 40.6361 ], [ -3.5271, 40.636 ], [ -3.5266, 40.6361 ], [ -3.5264, 40.6363 ], [ -3.5261, 40.6362 ], [ -3.5244, 40.6377 ], [ -3.5242, 40.6382 ], [ -3.5243, 40.6382 ], [ -3.5244, 40.6386 ], [ -3.5247, 40.6388 ], [ -3.5248, 40.6393 ], [ -3.5249, 40.6393 ], [ -3.5246, 40.6396 ], [ -3.5242, 40.6393 ], [ -3.5241, 40.6388 ], [ -3.5236, 40.6387 ], [ -3.5234, 40.6389 ], [ -3.523, 40.6396 ], [ -3.5229, 40.6396 ], [ -3.5222, 40.6409 ], [ -3.5222, 40.6411 ], [ -3.5212, 40.6427 ], [ -3.5211, 40.6431 ], [ -3.5202, 40.6445 ], [ -3.5201, 40.6449 ], [ -3.5191, 40.6465 ], [ -3.519, 40.6469 ], [ -3.518, 40.6485 ], [ -3.5179, 40.6489 ], [ -3.517, 40.65 ], [ -3.5156, 40.6507 ], [ -3.5149, 40.6509 ], [ -3.5126, 40.651 ], [ -3.5122, 40.6513 ], [ -3.512, 40.652 ], [ -3.5114, 40.6522 ], [ -3.5112, 40.6535 ], [ -3.511, 40.6537 ], [ -3.511, 40.6578 ] ] ] } },
{ "type": "Feature", "properties": { "municipio": "Fuente el Saz de Jarama", "clasificacion": "no-urbanizable-protegido", "calificacion": "sin-asignar", "version": "vigente", "fuente": "SIT-CAM WFS — UsoDelSuelo:VPLA_V_CLASIFICACION (https://idem.comunidad.madrid/geosrvg/ows)", "fecha_dato": "2026-05-12", "ambito": "77796", "_raw_CD_SIGLAS": "SNUP", "_raw_DS_CLASIF_GEN": "Suelo No Urbanizable Protegido", "_raw_DS_CLASIF_DET": "Suelo No Urbanizable de Protección Faúnica", "_raw_DS_DOCU": "PLAN GENERAL", "_raw_DS_LEY": "CM Ley 9/2001, E Ley 6/1998", "_raw_FC_AC": "2010-09-23", "_raw_NM_AREA_M2": 315981.188672914, "_cam_code": "059" }, "geometry": { "type": "Polygon", "coordinates": [ [ [ -3.5099, 40.621 ], [ -3.5106, 40.622 ], [ -3.5112, 40.6218 ], [ -3.5116, 40.6212 ], [ -3.513, 40.6205 ], [ -3.5135, 40.6206 ], [ -3.5147, 40.6204 ], [ -3.5154, 40.6195 ], [ -3.5167, 40.6187 ], [ -3.5176, 40.6184 ], [ -3.5176, 40.6181 ], [ -3.5186, 40.6177 ], [ -3.5187, 40.6175 ], [ -3.5198, 40.6172 ], [ -3.5198, 40.6173 ], [ -3.5202, 40.6173 ], [ -3.5205, 40.6169 ], [ -3.5211, 40.6165 ], [ -3.5215, 40.6166 ], [ -3.5219, 40.6169 ], [ -3.5222, 40.6169 ], [ -3.5222, 40.6171 ], [ -3.5231, 40.6176 ], [ -3.524, 40.6177 ], [ -3.5256, 40.6176 ], [ -3.5269, 40.6169 ], [ -3.5267, 40.6152 ], [ -3.5258, 40.6153 ], [ -3.5256, 40.614 ], [ -3.5244, 40.614 ], [ -3.5238, 40.6157 ], [ -3.5203, 40.6161 ], [ -3.5164, 40.6175 ], [ -3.5156, 40.6172 ], [ -3.5153, 40.6177 ], [ -3.514, 40.6181 ], [ -3.5098, 40.6185 ], [ -3.5099, 40.621 ] ] ] } },
{ "type": "Feature", "properties": { "municipio": "Fuente el Saz de Jarama", "clasificacion": "no-urbanizable-protegido", "calificacion": "sin-asignar", "version": "vigente", "fuente": "SIT-CAM WFS — UsoDelSuelo:VPLA_V_CLASIFICACION (https://idem.comunidad.madrid/geosrvg/ows)", "fecha_dato": "2026-05-12", "ambito": "77796", "_raw_CD_SIGLAS": "SNUP", "_raw_DS_CLASIF_GEN": "Suelo No Urbanizable Protegido", "_raw_DS_CLASIF_DET": "Suelo No Urbanizable de Protección Faúnica", "_raw_DS_DOCU": "PLAN GENERAL", "_raw_DS_LEY": "CM Ley 9/2001, E Ley 6/1998", "_raw_FC_AC": "2010-09-23", "_raw_NM_AREA_M2": 1351.27737420675, "_cam_code": "059" }, "geometry": { "type": "Polygon", "coordinates": [ [ [ -3.5533, 40.6513 ], [ -3.5526, 40.6517 ], [ -3.5538, 40.6513 ], [ -3.5533, 40.6513 ] ] ] } },
{ "type": "Feature", "properties": { "municipio": "Fuente el Saz de Jarama", "clasificacion": "no-urbanizable-protegido", "calificacion": "sin-asignar", "version": "vigente", "fuente": "SIT-CAM WFS — UsoDelSuelo:VPLA_V_CLASIFICACION (https://idem.comunidad.madrid/geosrvg/ows)", "fecha_dato": "2026-05-12", "ambito": "77796", "_raw_CD_SIGLAS": "SNUP", "_raw_DS_CLASIF_GEN": "Suelo No Urbanizable Protegido", "_raw_DS_CLASIF_DET": "Suelo No Urbanizable de Protección Faúnica", "_raw_DS_DOCU": "PLAN GENERAL", "_raw_DS_LEY": "CM Ley 9/2001, E Ley 6/1998", "_raw_FC_AC": "2010-09-23", "_raw_NM_AREA_M2": 36284.471529150702, "_cam_code": "059" }, "geometry": { "type": "Polygon", "coordinates": [ [ [ -3.5525, 40.6518 ], [ -3.5517, 40.6531 ], [ -3.5515, 40.6539 ], [ -3.5517, 40.6542 ], [ -3.5526, 40.6544 ], [ -3.5543, 40.6551 ], [ -3.5525, 40.6518 ] ] ] } },
{ "type": "Feature", "properties": { "municipio": "Fuente el Saz de Jarama", "clasificacion": "no-urbanizable-protegido", "calificacion": "sin-asignar", "version": "vigente", "fuente": "SIT-CAM WFS — UsoDelSuelo:VPLA_V_CLASIFICACION (https://idem.comunidad.madrid/geosrvg/ows)", "fecha_dato": "2026-05-12", "ambito": "77796", "_raw_CD_SIGLAS": "SNUP", "_raw_DS_CLASIF_GEN": "Suelo No Urbanizable Protegido", "_raw_DS_CLASIF_DET": "Suelo No Urbanizable de Protección Faúnica", "_raw_DS_DOCU": "PLAN GENERAL", "_raw_DS_LEY": "CM Ley 9/2001, E Ley 6/1998", "_raw_FC_AC": "2010-09-23", "_raw_NM_AREA_M2": 817.43228096335395, "_cam_code": "059" }, "geometry": { "type": "Polygon", "coordinates": [ [ [ -3.5554, 40.6571 ], [ -3.5553, 40.6574 ], [ -3.5556, 40.6571 ], [ -3.5557, 40.6568 ], [ -3.5554, 40.6571 ] ] ] } },
{ "type": "Feature", "properties": { "municipio": "Fuente el Saz de Jarama", "clasificacion": "no-urbanizable-protegido", "calificacion": "sin-asignar", "version": "vigente", "fuente": "SIT-CAM WFS — UsoDelSuelo:VPLA_V_CLASIFICACION (https://idem.comunidad.madrid/geosrvg/ows)", "fecha_dato": "2026-05-12", "ambito": "77796", "_raw_CD_SIGLAS": "SNUP", "_raw_DS_CLASIF_GEN": "Suelo No Urbanizable Protegido", "_raw_DS_CLASIF_DET": "Suelo No Urbanizable de Protección Faúnica", "_raw_DS_DOCU": "PLAN GENERAL", "_raw_DS_LEY": "CM Ley 9/2001, E Ley 6/1998", "_raw_FC_AC": "2010-09-23", "_raw_NM_AREA_M2": 317821.68713436101, "_cam_code": "059" }, "geometry": { "type": "Polygon", "coordinates": [ [ [ -3.5516, 40.6509 ], [ -3.5517, 40.6513 ], [ -3.5516, 40.6519 ], [ -3.5509, 40.6535 ], [ -3.5508, 40.6546 ], [ -3.5502, 40.6556 ], [ -3.5501, 40.657 ], [ -3.5499, 40.6579 ], [ -3.5493, 40.6589 ], [ -3.5486, 40.6597 ], [ -3.5484, 40.6604 ], [ -3.5566, 40.6609 ], [ -3.5566, 40.6607 ], [ -3.5562, 40.66 ], [ -3.555, 40.6587 ], [ -3.5548, 40.6579 ], [ -3.5548, 40.6571 ], [ -3.555, 40.6566 ], [ -3.5549, 40.6562 ], [ -3.5542, 40.6555 ], [ -3.5537, 40.6552 ], [ -3.5533, 40.655 ], [ -3.5524, 40.6549 ], [ -3.5512, 40.6545 ], [ -3.5511, 40.6543 ], [ -3.5512, 40.6535 ], [ -3.552, 40.6519 ], [ -3.5527, 40.6513 ], [ -3.5524, 40.6511 ], [ -3.5516, 40.6509 ] ] ] } },
{ "type": "Feature", "properties": { "municipio": "Fuente el Saz de Jarama", "clasificacion": "no-urbanizable-protegido", "calificacion": "sin-asignar", "version": "vigente", "fuente": "SIT-CAM WFS — UsoDelSuelo:VPLA_V_CLASIFICACION (https://idem.comunidad.madrid/geosrvg/ows)", "fecha_dato": "2026-05-12", "ambito": "77796", "_raw_CD_SIGLAS": "SNUP", "_raw_DS_CLASIF_GEN": "Suelo No Urbanizable Protegido", "_raw_DS_CLASIF_DET": "Suelo No Urbanizable de Protección Faúnica", "_raw_DS_DOCU": "PLAN GENERAL", "_raw_DS_LEY": "CM Ley 9/2001, E Ley 6/1998", "_raw_FC_AC": "2010-09-23", "_raw_NM_AREA_M2": 1473.5211880289601, "_cam_code": "059" }, "geometry": { "type": "Polygon", "coordinates": [ [ [ -3.529, 40.6673 ], [ -3.5284, 40.6675 ], [ -3.5274, 40.6677 ], [ -3.5273, 40.6679 ], [ -3.529, 40.6673 ] ] ] } },
{ "type": "Feature", "properties": { "municipio": "Fuente el Saz de Jarama", "clasificacion": "no-urbanizable-protegido", "calificacion": "sin-asignar", "version": "vigente", "fuente": "SIT-CAM WFS — UsoDelSuelo:VPLA_V_CLASIFICACION (https://idem.comunidad.madrid/geosrvg/ows)", "fecha_dato": "2026-05-12", "ambito": "77796", "_raw_CD_SIGLAS": "SNUP", "_raw_DS_CLASIF_GEN": "Suelo No Urbanizable Protegido", "_raw_DS_CLASIF_DET": "Suelo No Urbanizable de Protección Faúnica", "_raw_DS_DOCU": "PLAN GENERAL", "_raw_DS_LEY": "CM Ley 9/2001, E Ley 6/1998", "_raw_FC_AC": "2010-09-23", "_raw_NM_AREA_M2": 23707.444484425301, "_cam_code": "059" }, "geometry": { "type": "Polygon", "coordinates": [ [ [ -3.5108, 40.6581 ], [ -3.5106, 40.6588 ], [ -3.5106, 40.6711 ], [ -3.5108, 40.6711 ], [ -3.5108, 40.6581 ] ] ] } },
{ "type": "Feature", "properties": { "municipio": "Fuente el Saz de Jarama", "clasificacion": "no-urbanizable-protegido", "calificacion": "sin-asignar", "version": "vigente", "fuente": "SIT-CAM WFS — UsoDelSuelo:VPLA_V_CLASIFICACION (https://idem.comunidad.madrid/geosrvg/ows)", "fecha_dato": "2026-05-12", "ambito": "77796", "_raw_CD_SIGLAS": "SNUP", "_raw_DS_CLASIF_GEN": "Suelo No Urbanizable Protegido", "_raw_DS_CLASIF_DET": "Suelo No Urbanizable de Protección Faúnica", "_raw_DS_DOCU": "PLAN GENERAL", "_raw_DS_LEY": "CM Ley 9/2001, E Ley 6/1998", "_raw_FC_AC": "2010-09-23", "_raw_NM_AREA_M2": 5207571.2856773501, "_cam_code": "059" }, "geometry": { "type": "Polygon", "coordinates": [ [ [ -3.511, 40.658 ], [ -3.5109, 40.6711 ], [ -3.5168, 40.6718 ], [ -3.5252, 40.6704 ], [ -3.5271, 40.6681 ], [ -3.5271, 40.6674 ], [ -3.5282, 40.667 ], [ -3.5296, 40.667 ], [ -3.5316, 40.6663 ], [ -3.5322, 40.6662 ], [ -3.5324, 40.6661 ], [ -3.5326, 40.6642 ], [ -3.5403, 40.6612 ], [ -3.5427, 40.6608 ], [ -3.5463, 40.663 ], [ -3.5463, 40.6618 ], [ -3.5482, 40.6605 ], [ -3.5483, 40.6599 ], [ -3.5495, 40.6583 ], [ -3.5499, 40.6571 ], [ -3.55, 40.6557 ], [ -3.5506, 40.6546 ], [ -3.5507, 40.6537 ], [ -3.5515, 40.6516 ], [ -3.5515, 40.6511 ], [ -3.5514, 40.6509 ], [ -3.5492, 40.651 ], [ -3.5476, 40.6508 ], [ -3.5468, 40.6509 ], [ -3.5427, 40.6506 ], [ -3.5409, 40.6501 ], [ -3.5387, 40.6501 ], [ -3.5374, 40.6495 ], [ -3.5364, 40.6492 ], [ -3.5355, 40.6492 ], [ -3.5349, 40.6493 ], [ -3.5343, 40.6496 ], [ -3.5335, 40.6496 ], [ -3.5325, 40.6491 ], [ -3.5313, 40.6491 ], [ -3.5302, 40.6486 ], [ -3.5293, 40.6489 ], [ -3.5284, 40.649 ], [ -3.5281, 40.6492 ], [ -3.5279, 40.6497 ], [ -3.5262, 40.6502 ], [ -3.5262, 40.6514 ], [ -3.5255, 40.6518 ], [ -3.5248, 40.6528 ], [ -3.524, 40.6532 ], [ -3.5236, 40.6538 ], [ -3.5234, 40.6546 ], [ -3.5225, 40.655 ], [ -3.5219, 40.6551 ], [ -3.5201, 40.6548 ], [ -3.5194, 40.6548 ], [ -3.5183, 40.6554 ], [ -3.5181, 40.6554 ], [ -3.5173, 40.6562 ], [ -3.5138, 40.6578 ], [ -3.5124, 40.6581 ], [ -3.511, 40.658 ] ] ] } },
{ "type": "Feature", "properties": { "municipio": "Fuente el Saz de Jarama", "clasificacion": "no-urbanizable-protegido", "calificacion": "sin-asignar", "version": "vigente", "fuente": "SIT-CAM WFS — UsoDelSuelo:VPLA_V_CLASIFICACION (https://idem.comunidad.madrid/geosrvg/ows)", "fecha_dato": "2026-05-12", "ambito": "77796", "_raw_CD_SIGLAS": "SNUP", "_raw_DS_CLASIF_GEN": "Suelo No Urbanizable Protegido", "_raw_DS_CLASIF_DET": "Suelo No Urbanizable de Protección Vías Pecuarias", "_raw_DS_DOCU": "PLAN GENERAL", "_raw_DS_LEY": "CM Ley 9/2001, E Ley 6/1998", "_raw_FC_AC": "2010-09-23", "_raw_NM_AREA_M2": 50487.462733404202, "_cam_code": "059" }, "geometry": { "type": "Polygon", "coordinates": [ [ [ -3.511, 40.658 ], [ -3.5124, 40.6581 ], [ -3.5138, 40.6578 ], [ -3.5173, 40.6562 ], [ -3.5181, 40.6554 ], [ -3.5183, 40.6554 ], [ -3.5194, 40.6548 ], [ -3.5201, 40.6548 ], [ -3.5219, 40.6551 ], [ -3.5225, 40.655 ], [ -3.5234, 40.6546 ], [ -3.5236, 40.6538 ], [ -3.524, 40.6532 ], [ -3.5248, 40.6528 ], [ -3.5255, 40.6518 ], [ -3.5262, 40.6514 ], [ -3.5262, 40.6502 ], [ -3.5279, 40.6497 ], [ -3.5281, 40.6492 ], [ -3.5284, 40.649 ], [ -3.5293, 40.6489 ], [ -3.5302, 40.6486 ], [ -3.5313, 40.6491 ], [ -3.5325, 40.6491 ], [ -3.5335, 40.6496 ], [ -3.5339, 40.6496 ], [ -3.5339, 40.6495 ], [ -3.5352, 40.6488 ], [ -3.5351, 40.6487 ], [ -3.534, 40.6493 ], [ -3.534, 40.6494 ], [ -3.5337, 40.6494 ], [ -3.533, 40.649 ], [ -3.533, 40.6489 ], [ -3.5317, 40.649 ], [ -3.5299, 40.6484 ], [ -3.5296, 40.6487 ], [ -3.528, 40.649 ], [ -3.5277, 40.6496 ], [ -3.527, 40.6497 ], [ -3.5262, 40.65 ], [ -3.526, 40.6502 ], [ -3.526, 40.6514 ], [ -3.5253, 40.6517 ], [ -3.5248, 40.6527 ], [ -3.5241, 40.6529 ], [ -3.5236, 40.6533 ], [ -3.5233, 40.6538 ], [ -3.5233, 40.6544 ], [ -3.5232, 40.6545 ], [ -3.522, 40.6549 ], [ -3.5205, 40.6546 ], [ -3.5197, 40.6546 ], [ -3.5189, 40.6548 ], [ -3.5178, 40.6554 ], [ -3.517, 40.6561 ], [ -3.5133, 40.6578 ], [ -3.5124, 40.6579 ], [ -3.511, 40.6578 ], [ -3.511, 40.658 ] ] ] } },
{ "type": "Feature", "properties": { "municipio": "Fuente el Saz de Jarama", "clasificacion": "no-urbanizable-protegido", "calificacion": "sin-asignar", "version": "vigente", "fuente": "SIT-CAM WFS — UsoDelSuelo:VPLA_V_CLASIFICACION (https://idem.comunidad.madrid/geosrvg/ows)", "fecha_dato": "2026-05-12", "ambito": "77796", "_raw_CD_SIGLAS": "SNUP", "_raw_DS_CLASIF_GEN": "Suelo No Urbanizable Protegido", "_raw_DS_CLASIF_DET": "Suelo No Urbanizable de Protección Vías Pecuarias", "_raw_DS_DOCU": "PLAN GENERAL", "_raw_DS_LEY": "CM Ley 9/2001, E Ley 6/1998", "_raw_FC_AC": "2010-09-23", "_raw_NM_AREA_M2": 165373.67089669901, "_cam_code": "059" }, "geometry": { "type": "Polygon", "coordinates": [ [ [ -3.5483, 40.6599 ], [ -3.5482, 40.6605 ], [ -3.5484, 40.6604 ], [ -3.5486, 40.6597 ], [ -3.5493, 40.6589 ], [ -3.5499, 40.6579 ], [ -3.5501, 40.657 ], [ -3.5502, 40.6556 ], [ -3.5508, 40.6546 ], [ -3.5509, 40.6535 ], [ -3.5516, 40.6519 ], [ -3.5517, 40.6513 ], [ -3.5512, 40.6495 ], [ -3.5512, 40.6489 ], [ -3.5514, 40.6485 ], [ -3.5514, 40.6482 ], [ -3.5519, 40.6473 ], [ -3.552, 40.6468 ], [ -3.5544, 40.643 ], [ -3.5555, 40.6409 ], [ -3.5555, 40.6388 ], [ -3.5553, 40.6385 ], [ -3.5553, 40.6381 ], [ -3.5557, 40.637 ], [ -3.5558, 40.6362 ], [ -3.5555, 40.6353 ], [ -3.5554, 40.6343 ], [ -3.5548, 40.6332 ], [ -3.5535, 40.6323 ], [ -3.5522, 40.6311 ], [ -3.5523, 40.6306 ], [ -3.5522, 40.6295 ], [ -3.5523, 40.629 ], [ -3.5525, 40.6287 ], [ -3.5525, 40.6282 ], [ -3.5524, 40.6281 ], [ -3.5525, 40.6281 ], [ -3.5525, 40.6279 ], [ -3.5524, 40.6278 ], [ -3.5525, 40.6275 ], [ -3.5535, 40.6265 ], [ -3.5537, 40.6264 ], [ -3.5547, 40.6265 ], [ -3.5567, 40.627 ], [ -3.5574, 40.6273 ], [ -3.5578, 40.6281 ], [ -3.5578, 40.6287 ], [ -3.5575, 40.6291 ], [ -3.557, 40.6294 ], [ -3.5571, 40.6295 ], [ -3.5577, 40.6291 ], [ -3.558, 40.6286 ], [ -3.5581, 40.6283 ], [ -3.5577, 40.6274 ], [ -3.5569, 40.6269 ], [ -3.5561, 40.6268 ], [ -3.5561, 40.6267 ], [ -3.5548, 40.6264 ], [ -3.5538, 40.6263 ], [ -3.5538, 40.6262 ], [ -3.5541, 40.6259 ], [ -3.5541, 40.6245 ], [ -3.5546, 40.6236 ], [ -3.5549, 40.6235 ], [ -3.5558, 40.6227 ], [ -3.556, 40.6222 ], [ -3.5565, 40.6216 ], [ -3.5565, 40.6214 ], [ -3.557, 40.6209 ], [ -3.5578, 40.6197 ], [ -3.5583, 40.6193 ], [ -3.5585, 40.6189 ], [ -3.5589, 40.6174 ], [ -3.559, 40.6161 ], [ -3.5591, 40.6162 ], [ -3.5591, 40.616 ], [ -3.5586, 40.6152 ], [ -3.5591, 40.6151 ], [ -3.5594, 40.6153 ], [ -3.5596, 40.6151 ], [ -3.559, 40.6149 ], [ -3.5584, 40.6151 ], [ -3.5579, 40.6145 ], [ -3.5575, 40.6143 ], [ -3.5571, 40.6143 ], [ -3.5569, 40.6145 ], [ -3.5565, 40.6146 ], [ -3.5558, 40.6145 ], [ -3.5521, 40.613 ], [ -3.5518, 40.613 ], [ -3.5511, 40.6126 ], [ -3.551, 40.6127 ], [ -3.5515, 40.613 ], [ -3.5536, 40.6137 ], [ -3.5557, 40.6146 ], [ -3.556, 40.6147 ], [ -3.5568, 40.6146 ], [ -3.5562, 40.615 ], [ -3.5558, 40.615 ], [ -3.5546, 40.6146 ], [ -3.5541, 40.6146 ], [ -3.5524, 40.6152 ], [ -3.5503, 40.6153 ], [ -3.5501, 40.6151 ], [ -3.5491, 40.6158 ], [ -3.5488, 40.6157 ], [ -3.5486, 40.6159 ], [ -3.5483, 40.6159 ], [ -3.5484, 40.6162 ], [ -3.549, 40.6161 ], [ -3.5498, 40.6156 ], [ -3.5504, 40.6155 ], [ -3.5509, 40.6156 ], [ -3.551, 40.6155 ], [ -3.5529, 40.6153 ], [ -3.5543, 40.6149 ], [ -3.5549, 40.6149 ], [ -3.5551, 40.6151 ], [ -3.5559, 40.6152 ], [ -3.5565, 40.6152 ], [ -3.5569, 40.615 ], [ -3.5569, 40.6151 ], [ -3.5577, 40.6153 ], [ -3.558, 40.6156 ], [ -3.5585, 40.6157 ], [ -3.5585, 40.616 ], [ -3.5588, 40.616 ], [ -3.5588, 40.6171 ], [ -3.5583, 40.6191 ], [ -3.5576, 40.6197 ], [ -3.557, 40.6207 ], [ -3.5568, 40.6208 ], [ -3.556, 40.6219 ], [ -3.5558, 40.6224 ], [ -3.5552, 40.6231 ], [ -3.5543, 40.6238 ], [ -3.5539, 40.6246 ], [ -3.554, 40.6258 ], [ -3.5527, 40.627 ], [ -3.5522, 40.6276 ], [ -3.5521, 40.6279 ], [ -3.5522, 40.6286 ], [ -3.5521, 40.6297 ], [ -3.552, 40.6298 ], [ -3.5521, 40.63 ], [ -3.552, 40.631 ], [ -3.5534, 40.6324 ], [ -3.5548, 40.6334 ], [ -3.5552, 40.6341 ], [ -3.5553, 40.6351 ], [ -3.5557, 40.6362 ], [ -3.5552, 40.638 ], [ -3.5553, 40.6406 ], [ -3.5549, 40.6407 ], [ -3.5524, 40.64 ], [ -3.548, 40.6396 ], [ -3.5474, 40.6394 ], [ -3.546, 40.6393 ], [ -3.5458, 40.6391 ], [ -3.5434, 40.6385 ], [ -3.5416, 40.6379 ], [ -3.5401, 40.6376 ], [ -3.5385, 40.637 ], [ -3.5378, 40.6365 ], [ -3.5369, 40.6362 ], [ -3.5353, 40.6354 ], [ -3.5332, 40.6333 ], [ -3.533, 40.6334 ], [ -3.5352, 40.6355 ], [ -3.5365, 40.6362 ], [ -3.5399, 40.6377 ], [ -3.5421, 40.6382 ], [ -3.5458, 40.6394 ], [ -3.5465, 40.6394 ], [ -3.5475, 40.6397 ], [ -3.5524, 40.6402 ], [ -3.5552, 40.641 ], [ -3.5552, 40.6412 ], [ -3.5545, 40.6423 ], [ -3.5541, 40.6432 ], [ -3.552, 40.6464 ], [ -3.5517, 40.6473 ], [ -3.5513, 40.6479 ], [ -3.551, 40.6489 ], [ -3.551, 40.6494 ], [ -3.5515, 40.6511 ], [ -3.5515, 40.6516 ], [ -3.5507, 40.6537 ], [ -3.5506, 40.6546 ], [ -3.55, 40.6557 ], [ -3.5499, 40.6571 ], [ -3.5495, 40.6583 ], [ -3.5486, 40.6594 ], [ -3.5483, 40.6599 ] ], [ [ -3.5578, 40.6146 ], [ -3.5583, 40.6152 ], [ -3.5579, 40.6153 ], [ -3.5576, 40.6147 ], [ -3.5578, 40.6146 ] ] ] } },
{ "type": "Feature", "properties": { "municipio": "Fuente el Saz de Jarama", "clasificacion": "no-urbanizable-protegido", "calificacion": "sin-asignar", "version": "vigente", "fuente": "SIT-CAM WFS — UsoDelSuelo:VPLA_V_CLASIFICACION (https://idem.comunidad.madrid/geosrvg/ows)", "fecha_dato": "2026-05-12", "ambito": "77796", "_raw_CD_SIGLAS": "SNUP", "_raw_DS_CLASIF_GEN": "Suelo No Urbanizable Protegido", "_raw_DS_CLASIF_DET": "Suelo No Urbanizable de Protección Vías Pecuarias", "_raw_DS_DOCU": "PLAN GENERAL", "_raw_DS_LEY": "CM Ley 9/2001, E Ley 6/1998", "_raw_FC_AC": "2010-09-23", "_raw_NM_AREA_M2": 9209.4579310038607, "_cam_code": "059" }, "geometry": { "type": "Polygon", "coordinates": [ [ [ -3.5282, 40.667 ], [ -3.5271, 40.6674 ], [ -3.5271, 40.6681 ], [ -3.5274, 40.6677 ], [ -3.5284, 40.6675 ], [ -3.53, 40.6669 ], [ -3.5282, 40.667 ] ] ] } },
{ "type": "Feature", "properties": { "municipio": "Fuente el Saz de Jarama", "clasificacion": "no-urbanizable-protegido", "calificacion": "sin-asignar", "version": "vigente", "fuente": "SIT-CAM WFS — UsoDelSuelo:VPLA_V_CLASIFICACION (https://idem.comunidad.madrid/geosrvg/ows)", "fecha_dato": "2026-05-12", "ambito": "77796", "_raw_CD_SIGLAS": "SNUP", "_raw_DS_CLASIF_GEN": "Suelo No Urbanizable Protegido", "_raw_DS_CLASIF_DET": "Suelo No Urbanizable de Protección Vías Pecuarias", "_raw_DS_DOCU": "PLAN GENERAL", "_raw_DS_LEY": "CM Ley 9/2001, E Ley 6/1998", "_raw_FC_AC": "2010-09-23", "_raw_NM_AREA_M2": 185321.30027051101, "_cam_code": "059" }, "geometry": { "type": "Polygon", "coordinates": [ [ [ -3.5095, 40.6573 ], [ -3.5106, 40.6575 ], [ -3.5103, 40.6611 ], [ -3.5101, 40.6616 ], [ -3.5096, 40.6643 ], [ -3.5095, 40.6659 ], [ -3.5092, 40.6667 ], [ -3.5089, 40.6669 ], [ -3.5088, 40.6673 ], [ -3.5089, 40.6681 ], [ -3.5092, 40.6686 ], [ -3.5098, 40.6704 ], [ -3.5097, 40.6706 ], [ -3.51, 40.671 ], [ -3.5101, 40.671 ], [ -3.5098, 40.6705 ], [ -3.5099, 40.6704 ], [ -3.5089, 40.6673 ], [ -3.509, 40.667 ], [ -3.5095, 40.6665 ], [ -3.5098, 40.665 ], [ -3.5097, 40.6647 ], [ -3.5098, 40.6637 ], [ -3.5105, 40.6605 ], [ -3.5106, 40.6588 ], [ -3.5108, 40.6581 ], [ -3.5108, 40.6554 ], [ -3.5107, 40.6555 ], [ -3.5107, 40.6571 ], [ -3.5106, 40.6572 ], [ -3.5098, 40.6571 ], [ -3.5096, 40.6572 ], [ -3.5081, 40.6569 ], [ -3.5077, 40.6567 ], [ -3.5072, 40.656 ], [ -3.507, 40.6554 ], [ -3.5058, 40.6539 ], [ -3.5052, 40.6529 ], [ -3.5045, 40.6522 ], [ -3.5017, 40.6512 ], [ -3.4998, 40.6508 ], [ -3.4988, 40.6504 ], [ -3.4985, 40.6504 ], [ -3.4956, 40.6495 ], [ -3.4956, 40.6494 ], [ -3.4973, 40.6464 ], [ -3.4988, 40.6445 ], [ -3.5005, 40.6429 ], [ -3.5027, 40.6411 ], [ -3.5027, 40.6409 ], [ -3.5037, 40.6403 ], [ -3.505, 40.639 ], [ -3.5051, 40.6391 ], [ -3.505, 40.6393 ], [ -3.5041, 40.6407 ], [ -3.504, 40.6407 ], [ -3.5038, 40.6412 ], [ -3.5037, 40.6422 ], [ -3.5036, 40.6423 ], [ -3.5039, 40.6428 ], [ -3.5038, 40.6426 ], [ -3.5038, 40.6417 ], [ -3.5041, 40.6408 ], [ -3.5046, 40.64 ], [ -3.5047, 40.64 ], [ -3.5047, 40.6398 ], [ -3.5054, 40.6387 ], [ -3.5061, 40.6382 ], [ -3.5071, 40.6372 ], [ -3.5073, 40.6372 ], [ -3.5081, 40.6367 ], [ -3.5085, 40.6366 ], [ -3.5088, 40.6366 ], [ -3.5089, 40.6365 ], [ -3.509, 40.6365 ], [ -3.5091, 40.6365 ], [ -3.5092, 40.6365 ], [ -3.5092, 40.6365 ], [ -3.5093, 40.6365 ], [ -3.5093, 40.6365 ], [ -3.5094, 40.6365 ], [ -3.5095, 40.6365 ], [ -3.5107, 40.637 ], [ -3.5107, 40.637 ], [ -3.5107, 40.637 ], [ -3.5107, 40.637 ], [ -3.5108, 40.637 ], [ -3.5109, 40.637 ], [ -3.5109, 40.637 ], [ -3.511, 40.637 ], [ -3.511, 40.6371 ], [ -3.5117, 40.6373 ], [ -3.5117, 40.6374 ], [ -3.5123, 40.6375 ], [ -3.5123, 40.6376 ], [ -3.5134, 40.6377 ], [ -3.514, 40.6375 ], [ -3.5151, 40.6362 ], [ -3.5151, 40.6368 ], [ -3.5152, 40.6368 ], [ -3.5151, 40.6369 ], [ -3.5151, 40.6375 ], [ -3.515, 40.6375 ], [ -3.5147, 40.6395 ], [ -3.5147, 40.6405 ], [ -3.5146, 40.6411 ], [ -3.5145, 40.6411 ], [ -3.5145, 40.6419 ], [ -3.5143, 40.6424 ], [ -3.5138, 40.6429 ], [ -3.5134, 40.6438 ], [ -3.5133, 40.6438 ], [ -3.5133, 40.6458 ], [ -3.5128, 40.6474 ], [ -3.5127, 40.6474 ], [ -3.5127, 40.6477 ], [ -3.5126, 40.6477 ], [ -3.5124, 40.6485 ], [ -3.5122, 40.6487 ], [ -3.5118, 40.6499 ], [ -3.5117, 40.6504 ], [ -3.5118, 40.6507 ], [ -3.512, 40.6498 ], [ -3.5133, 40.6465 ], [ -3.5135, 40.6449 ], [ -3.5135, 40.6436 ], [ -3.5136, 40.6436 ], [ -3.5139, 40.6429 ], [ -3.5142, 40.6427 ], [ -3.5146, 40.6419 ], [ -3.5147, 40.6419 ], [ -3.5149, 40.6391 ], [ -3.5153, 40.6369 ], [ -3.5152, 40.6365 ], [ -3.5153, 40.6347 ], [ -3.5147, 40.634 ], [ -3.5147, 40.6338 ], [ -3.516, 40.6337 ], [ -3.5174, 40.6332 ], [ -3.5192, 40.6332 ], [ -3.5193, 40.6331 ], [ -3.5175, 40.6331 ], [ -3.5158, 40.6336 ], [ -3.5147, 40.6337 ], [ -3.5147, 40.6332 ], [ -3.5145, 40.6333 ], [ -3.5141, 40.6323 ], [ -3.5143, 40.632 ], [ -3.5145, 40.631 ], [ -3.5149, 40.6311 ], [ -3.5151, 40.631 ], [ -3.5158, 40.6299 ], [ -3.5173, 40.6288 ], [ -3.5179, 40.6285 ], [ -3.518, 40.6284 ], [ -3.5179, 40.6283 ], [ -3.5176, 40.6284 ], [ -3.5156, 40.6298 ], [ -3.5149, 40.6308 ], [ -3.5145, 40.6307 ], [ -3.5141, 40.632 ], [ -3.5129, 40.632 ], [ -3.513, 40.6323 ], [ -3.513, 40.6323 ], [ -3.5127, 40.6323 ], [ -3.5126, 40.6323 ], [ -3.5125, 40.6323 ], [ -3.5123, 40.6323 ], [ -3.512, 40.6323 ], [ -3.5118, 40.6323 ], [ -3.5117, 40.6323 ], [ -3.5117, 40.6327 ], [ -3.5114, 40.6327 ], [ -3.5114, 40.6326 ], [ -3.5111, 40.6326 ], [ -3.5111, 40.6325 ], [ -3.5101, 40.6324 ], [ -3.5101, 40.6302 ], [ -3.51, 40.6302 ], [ -3.5099, 40.6287 ], [ -3.5098, 40.6283 ], [ -3.5095, 40.6279 ], [ -3.5092, 40.6278 ], [ -3.5098, 40.6286 ], [ -3.5098, 40.63 ], [ -3.51, 40.6307 ], [ -3.51, 40.6324 ], [ -3.5099, 40.6325 ], [ -3.5118, 40.6328 ], [ -3.5118, 40.6323 ], [ -3.5131, 40.6324 ], [ -3.5131, 40.6321 ], [ -3.5141, 40.6321 ], [ -3.514, 40.6324 ], [ -3.5141, 40.6324 ], [ -3.5142, 40.6329 ], [ -3.5136, 40.6329 ], [ -3.5137, 40.6337 ], [ -3.5145, 40.6337 ], [ -3.5146, 40.6338 ], [ -3.5145, 40.6339 ], [ -3.5147, 40.634 ], [ -3.5147, 40.6342 ], [ -3.5149, 40.6343 ], [ -3.5152, 40.6349 ], [ -3.5152, 40.6353 ], [ -3.5151, 40.6353 ], [ -3.5152, 40.6354 ], [ -3.5148, 40.6363 ], [ -3.5143, 40.6368 ], [ -3.5144, 40.6369 ], [ -3.5142, 40.637 ], [ -3.5141, 40.6373 ], [ -3.5137, 40.6375 ], [ -3.5127, 40.6376 ], [ -3.5097, 40.6365 ], [ -3.5097, 40.6365 ], [ -3.5096, 40.6365 ], [ -3.5096, 40.6365 ], [ -3.5096, 40.6365 ], [ -3.5096, 40.6365 ], [ -3.5096, 40.6365 ], [ -3.5096, 40.6365 ], [ -3.5095, 40.6365 ], [ -3.5095, 40.6365 ], [ -3.5095, 40.6365 ], [ -3.5094, 40.6365 ], [ -3.5093, 40.6365 ], [ -3.5093, 40.6365 ], [ -3.5093, 40.6365 ], [ -3.5092, 40.6365 ], [ -3.5092, 40.6365 ], [ -3.5092, 40.6365 ], [ -3.5091, 40.6365 ], [ -3.5091, 40.6365 ], [ -3.509, 40.6365 ], [ -3.509, 40.6365 ], [ -3.509, 40.6365 ], [ -3.5089, 40.6365 ], [ -3.5087, 40.6365 ], [ -3.5074, 40.6369 ], [ -3.5068, 40.6372 ], [ -3.506, 40.638 ], [ -3.5052, 40.6382 ], [ -3.505, 40.6384 ], [ -3.5044, 40.6385 ], [ -3.5044, 40.6385 ], [ -3.5043, 40.6385 ], [ -3.5042, 40.6385 ], [ -3.5042, 40.6385 ], [ -3.5042, 40.6385 ], [ -3.5041, 40.6385 ], [ -3.504, 40.6385 ], [ -3.504, 40.6385 ], [ -3.504, 40.6385 ], [ -3.5039, 40.6385 ], [ -3.5039, 40.6385 ], [ -3.5038, 40.6385 ], [ -3.5037, 40.6385 ], [ -3.5036, 40.6385 ], [ -3.5036, 40.6385 ], [ -3.5035, 40.6385 ], [ -3.5034, 40.6385 ], [ -3.5033, 40.6385 ], [ -3.5033, 40.6385 ], [ -3.5033, 40.6385 ], [ -3.5033, 40.6385 ], [ -3.5033, 40.6385 ], [ -3.5032, 40.6385 ], [ -3.5032, 40.6385 ], [ -3.5032, 40.6385 ], [ -3.5032, 40.6385 ], [ -3.5032, 40.6385 ], [ -3.5032, 40.6385 ], [ -3.5032, 40.6385 ], [ -3.5032, 40.6385 ], [ -3.5032, 40.6385 ], [ -3.5032, 40.6385 ], [ -3.5032, 40.6385 ], [ -3.5032, 40.6385 ], [ -3.5032, 40.6385 ], [ -3.5032, 40.6385 ], [ -3.5032, 40.6385 ], [ -3.5032, 40.6385 ], [ -3.5032, 40.6385 ], [ -3.5031, 40.6385 ], [ -3.503, 40.6384 ], [ -3.5027, 40.6384 ], [ -3.5026, 40.6383 ], [ -3.5026, 40.6383 ], [ -3.5026, 40.6383 ], [ -3.5026, 40.6383 ], [ -3.5025, 40.6383 ], [ -3.5025, 40.6383 ], [ -3.5025, 40.6383 ], [ -3.5024, 40.6383 ], [ -3.5023, 40.6383 ], [ -3.5022, 40.6382 ], [ -3.5011, 40.6381 ], [ -3.5009, 40.6381 ], [ -3.5004, 40.6381 ], [ -3.5003, 40.6381 ], [ -3.4975, 40.6381 ], [ -3.4967, 40.638 ], [ -3.495, 40.6381 ], [ -3.4936, 40.6377 ], [ -3.4935, 40.6377 ], [ -3.4933, 40.6377 ], [ -3.4929, 40.6375 ], [ -3.4904, 40.6371 ], [ -3.4904, 40.6372 ], [ -3.4915, 40.6373 ], [ -3.4919, 40.6375 ], [ -3.4929, 40.6376 ], [ -3.4934, 40.6377 ], [ -3.494, 40.6379 ], [ -3.4946, 40.6381 ], [ -3.4952, 40.6382 ], [ -3.4965, 40.6381 ], [ -3.5002, 40.6382 ], [ -3.5004, 40.6381 ], [ -3.5019, 40.6382 ], [ -3.5019, 40.6383 ], [ -3.5022, 40.6383 ], [ -3.5023, 40.6383 ], [ -3.5024, 40.6383 ], [ -3.5033, 40.6386 ], [ -3.5049, 40.6385 ], [ -3.5057, 40.6382 ], [ -3.5036, 40.64 ], [ -3.5034, 40.6403 ], [ -3.5031, 40.6404 ], [ -3.5018, 40.6416 ], [ -3.5003, 40.6427 ], [ -3.4988, 40.6442 ], [ -3.4973, 40.646 ], [ -3.4963, 40.6475 ], [ -3.4955, 40.6493 ], [ -3.4945, 40.6502 ], [ -3.4941, 40.6508 ], [ -3.4926, 40.6513 ], [ -3.4892, 40.6519 ], [ -3.4882, 40.6522 ], [ -3.4873, 40.6527 ], [ -3.4875, 40.6528 ], [ -3.4882, 40.6524 ], [ -3.4893, 40.6521 ], [ -3.4918, 40.6517 ], [ -3.494, 40.6511 ], [ -3.4955, 40.6496 ], [ -3.4981, 40.6505 ], [ -3.5006, 40.6511 ], [ -3.5043, 40.6523 ], [ -3.505, 40.653 ], [ -3.506, 40.6547 ], [ -3.5067, 40.6554 ], [ -3.5071, 40.6564 ], [ -3.5077, 40.657 ], [ -3.5093, 40.6574 ], [ -3.5095, 40.6573 ] ], [ [ -3.5143, 40.633 ], [ -3.5145, 40.6336 ], [ -3.5138, 40.6335 ], [ -3.5139, 40.633 ], [ -3.5143, 40.633 ] ] ] } },
{ "type": "Feature", "properties": { "municipio": "Fuente el Saz de Jarama", "clasificacion": "no-urbanizable-protegido", "calificacion": "sin-asignar", "version": "vigente", "fuente": "SIT-CAM WFS — UsoDelSuelo:VPLA_V_CLASIFICACION (https://idem.comunidad.madrid/geosrvg/ows)", "fecha_dato": "2026-05-12", "ambito": "77796", "_raw_CD_SIGLAS": "SNUP", "_raw_DS_CLASIF_GEN": "Suelo No Urbanizable Protegido", "_raw_DS_CLASIF_DET": "Suelo No Urbanizable de Protección Faúnica Zepa", "_raw_DS_DOCU": "PLAN GENERAL", "_raw_DS_LEY": "CM Ley 9/2001, E Ley 6/1998", "_raw_FC_AC": "2010-09-23", "_raw_NM_AREA_M2": 161993.27876160201, "_cam_code": "059" }, "geometry": { "type": "Polygon", "coordinates": [ [ [ -3.506, 40.6228 ], [ -3.5061, 40.6236 ], [ -3.5066, 40.6242 ], [ -3.5084, 40.6229 ], [ -3.5097, 40.6226 ], [ -3.51, 40.6222 ], [ -3.5104, 40.6222 ], [ -3.5106, 40.622 ], [ -3.5099, 40.621 ], [ -3.5098, 40.6185 ], [ -3.5071, 40.6197 ], [ -3.5051, 40.6201 ], [ -3.506, 40.6228 ] ] ] } },
{ "type": "Feature", "properties": { "municipio": "Fuente el Saz de Jarama", "clasificacion": "no-urbanizable-protegido", "calificacion": "sin-asignar", "version": "vigente", "fuente": "SIT-CAM WFS — UsoDelSuelo:VPLA_V_CLASIFICACION (https://idem.comunidad.madrid/geosrvg/ows)", "fecha_dato": "2026-05-12", "ambito": "77796", "_raw_CD_SIGLAS": "SNUP", "_raw_DS_CLASIF_GEN": "Suelo No Urbanizable Protegido", "_raw_DS_CLASIF_DET": "Suelo No Urbanizable de Protección Faúnica Zepa", "_raw_DS_DOCU": "PLAN GENERAL", "_raw_DS_LEY": "CM Ley 9/2001, E Ley 6/1998", "_raw_FC_AC": "2010-09-23", "_raw_NM_AREA_M2": 119059.697724864, "_cam_code": "059" }, "geometry": { "type": "Polygon", "coordinates": [ [ [ -3.505, 40.6243 ], [ -3.5061, 40.6243 ], [ -3.5062, 40.6242 ], [ -3.5059, 40.6234 ], [ -3.5058, 40.6221 ], [ -3.5053, 40.6212 ], [ -3.505, 40.6201 ], [ -3.5037, 40.6204 ], [ -3.5035, 40.6196 ], [ -3.5024, 40.6199 ], [ -3.5027, 40.6215 ], [ -3.5023, 40.6216 ], [ -3.503, 40.6241 ], [ -3.5032, 40.6242 ], [ -3.5038, 40.6239 ], [ -3.5042, 40.6243 ], [ -3.505, 40.6243 ] ] ] } },
{ "type": "Feature", "properties": { "municipio": "Fuente el Saz de Jarama", "clasificacion": "no-urbanizable-protegido", "calificacion": "sin-asignar", "version": "vigente", "fuente": "SIT-CAM WFS — UsoDelSuelo:VPLA_V_CLASIFICACION (https://idem.comunidad.madrid/geosrvg/ows)", "fecha_dato": "2026-05-12", "ambito": "77796", "_raw_CD_SIGLAS": "SNUP", "_raw_DS_CLASIF_GEN": "Suelo No Urbanizable Protegido", "_raw_DS_CLASIF_DET": "Suelo No Urbanizable de Protección Faúnica Zepa", "_raw_DS_DOCU": "PLAN GENERAL", "_raw_DS_LEY": "CM Ley 9/2001, E Ley 6/1998", "_raw_FC_AC": "2010-09-23", "_raw_NM_AREA_M2": 124400.416527437, "_cam_code": "059" }, "geometry": { "type": "Polygon", "coordinates": [ [ [ -3.5094, 40.6278 ], [ -3.5102, 40.6278 ], [ -3.5102, 40.6277 ], [ -3.5104, 40.6277 ], [ -3.5106, 40.6275 ], [ -3.5106, 40.6262 ], [ -3.5107, 40.6262 ], [ -3.5106, 40.6223 ], [ -3.5102, 40.6224 ], [ -3.5092, 40.623 ], [ -3.5085, 40.6232 ], [ -3.5075, 40.624 ], [ -3.5066, 40.6244 ], [ -3.5072, 40.6252 ], [ -3.5086, 40.6266 ], [ -3.5094, 40.6278 ] ] ] } },
{ "type": "Feature", "properties": { "municipio": "Fuente el Saz de Jarama", "clasificacion": "no-urbanizable-protegido", "calificacion": "sin-asignar", "version": "vigente", "fuente": "SIT-CAM WFS — UsoDelSuelo:VPLA_V_CLASIFICACION (https://idem.comunidad.madrid/geosrvg/ows)", "fecha_dato": "2026-05-12", "ambito": "77796", "_raw_CD_SIGLAS": "SNUP", "_raw_DS_CLASIF_GEN": "Suelo No Urbanizable Protegido", "_raw_DS_CLASIF_DET": "Suelo No Urbanizable de Protección Faúnica Zepa", "_raw_DS_DOCU": "PLAN GENERAL", "_raw_DS_LEY": "CM Ley 9/2001, E Ley 6/1998", "_raw_FC_AC": "2010-09-23", "_raw_NM_AREA_M2": 1794146.7022633499, "_cam_code": "059" }, "geometry": { "type": "Polygon", "coordinates": [ [ [ -3.495, 40.6381 ], [ -3.4967, 40.638 ], [ -3.5003, 40.6381 ], [ -3.5005, 40.6379 ], [ -3.5004, 40.6375 ], [ -3.5005, 40.6372 ], [ -3.5009, 40.6365 ], [ -3.5016, 40.6361 ], [ -3.504, 40.6352 ], [ -3.5049, 40.6343 ], [ -3.5051, 40.6335 ], [ -3.5051, 40.6326 ], [ -3.5049, 40.6326 ], [ -3.5047, 40.6324 ], [ -3.5047, 40.6321 ], [ -3.5049, 40.6319 ], [ -3.5052, 40.6319 ], [ -3.5052, 40.6312 ], [ -3.5057, 40.6302 ], [ -3.5063, 40.6297 ], [ -3.5065, 40.6297 ], [ -3.5065, 40.6296 ], [ -3.5067, 40.6296 ], [ -3.5076, 40.6291 ], [ -3.5087, 40.6279 ], [ -3.5092, 40.6278 ], [ -3.5083, 40.6264 ], [ -3.5066, 40.6248 ], [ -3.5064, 40.6244 ], [ -3.5045, 40.6245 ], [ -3.5043, 40.6246 ], [ -3.504, 40.6246 ], [ -3.5036, 40.6244 ], [ -3.503, 40.6244 ], [ -3.503, 40.6246 ], [ -3.5039, 40.6256 ], [ -3.5034, 40.6254 ], [ -3.5024, 40.6253 ], [ -3.4983, 40.6253 ], [ -3.4976, 40.6254 ], [ -3.4956, 40.6249 ], [ -3.4931, 40.6249 ], [ -3.4929, 40.625 ], [ -3.4919, 40.6249 ], [ -3.4907, 40.6251 ], [ -3.4911, 40.6263 ], [ -3.4907, 40.6264 ], [ -3.4914, 40.6283 ], [ -3.4912, 40.6291 ], [ -3.49, 40.6298 ], [ -3.4901, 40.6305 ], [ -3.4895, 40.6323 ], [ -3.49, 40.6331 ], [ -3.4899, 40.6334 ], [ -3.4906, 40.6352 ], [ -3.4913, 40.6353 ], [ -3.4908, 40.6371 ], [ -3.4904, 40.6371 ], [ -3.4929, 40.6375 ], [ -3.4933, 40.6377 ], [ -3.495, 40.6381 ] ] ] } },
{ "type": "Feature", "properties": { "municipio": "Fuente el Saz de Jarama", "clasificacion": "no-urbanizable-protegido", "calificacion": "sin-asignar", "version": "vigente", "fuente": "SIT-CAM WFS — UsoDelSuelo:VPLA_V_CLASIFICACION (https://idem.comunidad.madrid/geosrvg/ows)", "fecha_dato": "2026-05-12", "ambito": "77796", "_raw_CD_SIGLAS": "SNUP", "_raw_DS_CLASIF_GEN": "Suelo No Urbanizable Protegido", "_raw_DS_CLASIF_DET": "Suelo No Urbanizable de Protección Faúnica Zepa", "_raw_DS_DOCU": "PLAN GENERAL", "_raw_DS_LEY": "CM Ley 9/2001, E Ley 6/1998", "_raw_FC_AC": "2010-09-23", "_raw_NM_AREA_M2": 1172157.9563315299, "_cam_code": "059" }, "geometry": { "type": "Polygon", "coordinates": [ [ [ -3.4896, 40.6392 ], [ -3.4889, 40.6392 ], [ -3.4892, 40.6399 ], [ -3.4884, 40.6404 ], [ -3.4889, 40.6415 ], [ -3.489, 40.6429 ], [ -3.4894, 40.644 ], [ -3.4892, 40.6449 ], [ -3.4887, 40.645 ], [ -3.4889, 40.6465 ], [ -3.4892, 40.6469 ], [ -3.4879, 40.652 ], [ -3.4873, 40.6527 ], [ -3.4882, 40.6522 ], [ -3.4892, 40.6519 ], [ -3.4926, 40.6513 ], [ -3.4941, 40.6508 ], [ -3.4945, 40.6502 ], [ -3.4955, 40.6493 ], [ -3.4963, 40.6475 ], [ -3.4973, 40.646 ], [ -3.4988, 40.6442 ], [ -3.5005, 40.6426 ], [ -3.5003, 40.6381 ], [ -3.5002, 40.6382 ], [ -3.4971, 40.6381 ], [ -3.4952, 40.6382 ], [ -3.4934, 40.6377 ], [ -3.4919, 40.6375 ], [ -3.4915, 40.6373 ], [ -3.4904, 40.6372 ], [ -3.4896, 40.6392 ] ] ] } },
{ "type": "Feature", "properties": { "municipio": "Fuente el Saz de Jarama", "clasificacion": "no-urbanizable-protegido", "calificacion": "sin-asignar", "version": "vigente", "fuente": "SIT-CAM WFS — UsoDelSuelo:VPLA_V_CLASIFICACION (https://idem.comunidad.madrid/geosrvg/ows)", "fecha_dato": "2026-05-12", "ambito": "77796", "_raw_CD_SIGLAS": "SNUP", "_raw_DS_CLASIF_GEN": "Suelo No Urbanizable Protegido", "_raw_DS_CLASIF_DET": "Suelo No Urbanizable de Protección Faúnica Zepa", "_raw_DS_DOCU": "PLAN GENERAL", "_raw_DS_LEY": "CM Ley 9/2001, E Ley 6/1998", "_raw_FC_AC": "2010-09-23", "_raw_NM_AREA_M2": 786046.23738405399, "_cam_code": "059" }, "geometry": { "type": "Polygon", "coordinates": [ [ [ -3.5102, 40.6572 ], [ -3.5107, 40.6571 ], [ -3.5107, 40.6555 ], [ -3.5108, 40.6554 ], [ -3.5108, 40.6514 ], [ -3.5107, 40.6514 ], [ -3.5107, 40.6512 ], [ -3.5104, 40.6509 ], [ -3.5096, 40.6509 ], [ -3.5087, 40.6506 ], [ -3.5084, 40.65 ], [ -3.5081, 40.6497 ], [ -3.5061, 40.6481 ], [ -3.5058, 40.648 ], [ -3.5057, 40.6478 ], [ -3.5054, 40.6477 ], [ -3.5053, 40.6475 ], [ -3.5051, 40.6475 ], [ -3.505, 40.6473 ], [ -3.5048, 40.6473 ], [ -3.5048, 40.6472 ], [ -3.5041, 40.6469 ], [ -3.5041, 40.6468 ], [ -3.5039, 40.6468 ], [ -3.5039, 40.6467 ], [ -3.5037, 40.6467 ], [ -3.5037, 40.6466 ], [ -3.503, 40.6467 ], [ -3.5027, 40.6464 ], [ -3.5028, 40.6461 ], [ -3.5007, 40.6449 ], [ -3.5005, 40.6429 ], [ -3.4988, 40.6445 ], [ -3.4973, 40.6464 ], [ -3.4956, 40.6495 ], [ -3.4985, 40.6504 ], [ -3.4988, 40.6504 ], [ -3.4998, 40.6508 ], [ -3.5017, 40.6512 ], [ -3.5045, 40.6522 ], [ -3.5052, 40.6529 ], [ -3.5058, 40.6539 ], [ -3.507, 40.6554 ], [ -3.5072, 40.656 ], [ -3.5077, 40.6567 ], [ -3.5085, 40.657 ], [ -3.5102, 40.6572 ] ] ] } },
{ "type": "Feature", "properties": { "municipio": "Fuente el Saz de Jarama", "clasificacion": "no-urbanizable-protegido", "calificacion": "sin-asignar", "version": "vigente", "fuente": "SIT-CAM WFS — UsoDelSuelo:VPLA_V_CLASIFICACION (https://idem.comunidad.madrid/geosrvg/ows)", "fecha_dato": "2026-05-12", "ambito": "77796", "_raw_CD_SIGLAS": "SNUP", "_raw_DS_CLASIF_GEN": "Suelo No Urbanizable Protegido", "_raw_DS_CLASIF_DET": "Suelo No Urbanizable de Protección Faúnica Zepa", "_raw_DS_DOCU": "PLAN GENERAL", "_raw_DS_LEY": "CM Ley 9/2001, E Ley 6/1998", "_raw_FC_AC": "2010-09-23", "_raw_NM_AREA_M2": 4180229.7234566798, "_cam_code": "059" }, "geometry": { "type": "Polygon", "coordinates": [ [ [ -3.5027, 40.6711 ], [ -3.5085, 40.6708 ], [ -3.51, 40.671 ], [ -3.5097, 40.6706 ], [ -3.5098, 40.6704 ], [ -3.5092, 40.6686 ], [ -3.5089, 40.6681 ], [ -3.5088, 40.6673 ], [ -3.5089, 40.6669 ], [ -3.5092, 40.6667 ], [ -3.5095, 40.6659 ], [ -3.5096, 40.6643 ], [ -3.5101, 40.6616 ], [ -3.5103, 40.6611 ], [ -3.5106, 40.6575 ], [ -3.5099, 40.6573 ], [ -3.5093, 40.6574 ], [ -3.5077, 40.657 ], [ -3.5071, 40.6564 ], [ -3.5067, 40.6554 ], [ -3.506, 40.6547 ], [ -3.505, 40.653 ], [ -3.5043, 40.6523 ], [ -3.5006, 40.6511 ], [ -3.4981, 40.6505 ], [ -3.4955, 40.6496 ], [ -3.494, 40.6511 ], [ -3.4918, 40.6517 ], [ -3.4893, 40.6521 ], [ -3.4877, 40.6526 ], [ -3.4875, 40.6528 ], [ -3.488, 40.6528 ], [ -3.4879, 40.6578 ], [ -3.487, 40.6587 ], [ -3.4865, 40.66 ], [ -3.4867, 40.6604 ], [ -3.4851, 40.6604 ], [ -3.4828, 40.6615 ], [ -3.4825, 40.6641 ], [ -3.4812, 40.6643 ], [ -3.4817, 40.6658 ], [ -3.4828, 40.668 ], [ -3.4847, 40.6681 ], [ -3.4865, 40.669 ], [ -3.4912, 40.6691 ], [ -3.491, 40.6705 ], [ -3.4923, 40.6703 ], [ -3.4969, 40.671 ], [ -3.4991, 40.6709 ], [ -3.5027, 40.6711 ] ] ] } },
{ "type": "Feature", "properties": { "municipio": "Fuente el Saz de Jarama", "clasificacion": "no-urbanizable-protegido", "calificacion": "sin-asignar", "version": "vigente", "fuente": "SIT-CAM WFS — UsoDelSuelo:VPLA_V_CLASIFICACION (https://idem.comunidad.madrid/geosrvg/ows)", "fecha_dato": "2026-05-12", "ambito": "77796", "_raw_CD_SIGLAS": "SNUP", "_raw_DS_CLASIF_GEN": "Suelo No Urbanizable Protegido", "_raw_DS_CLASIF_DET": "Suelo No Urbanizable de Protección Faúnica Zepa", "_raw_DS_DOCU": "PLAN GENERAL", "_raw_DS_LEY": "CM Ley 9/2001, E Ley 6/1998", "_raw_FC_AC": "2010-09-23", "_raw_NM_AREA_M2": 88609.341064371401, "_cam_code": "059" }, "geometry": { "type": "Polygon", "coordinates": [ [ [ -3.5106, 40.6594 ], [ -3.5105, 40.6605 ], [ -3.5098, 40.6637 ], [ -3.5097, 40.6647 ], [ -3.5098, 40.665 ], [ -3.5095, 40.6665 ], [ -3.509, 40.667 ], [ -3.5089, 40.6673 ], [ -3.5099, 40.6704 ], [ -3.5098, 40.6705 ], [ -3.5101, 40.671 ], [ -3.5106, 40.6711 ], [ -3.5106, 40.6594 ] ] ] } },
{ "type": "Feature", "properties": { "municipio": "Fuente el Saz de Jarama", "clasificacion": "no-urbanizable-protegido", "calificacion": "sin-asignar", "version": "vigente", "fuente": "SIT-CAM WFS — UsoDelSuelo:VPLA_V_CLASIFICACION (https://idem.comunidad.madrid/geosrvg/ows)", "fecha_dato": "2026-05-12", "ambito": "77796", "_raw_CD_SIGLAS": "SNUP", "_raw_DS_CLASIF_GEN": "Suelo No Urbanizable Protegido", "_raw_DS_CLASIF_DET": "Suelo No Urbanizable de Protección Vías Pecuarias", "_raw_DS_DOCU": "PLAN GENERAL", "_raw_DS_LEY": "CM Ley 9/2001, E Ley 6/1998", "_raw_FC_AC": "2010-09-23", "_raw_NM_AREA_M2": 591.90103229045599, "_cam_code": "059" }, "geometry": { "type": "Polygon", "coordinates": [ [ [ -3.5324, 40.6328 ], [ -3.5326, 40.6331 ], [ -3.5329, 40.6332 ], [ -3.5326, 40.6329 ], [ -3.5324, 40.6328 ] ] ] } },
{ "type": "Feature", "properties": { "municipio": "Fuente el Saz de Jarama", "clasificacion": "no-urbanizable-protegido", "calificacion": "sin-asignar", "version": "vigente", "fuente": "SIT-CAM WFS — UsoDelSuelo:VPLA_V_CLASIFICACION (https://idem.comunidad.madrid/geosrvg/ows)", "fecha_dato": "2026-05-12", "ambito": "77796", "_raw_CD_SIGLAS": "SNUP", "_raw_DS_CLASIF_GEN": "Suelo No Urbanizable Protegido", "_raw_DS_CLASIF_DET": "Suelo No Urbanizable de Protección Vías Pecuarias", "_raw_DS_DOCU": "PLAN GENERAL", "_raw_DS_LEY": "CM Ley 9/2001, E Ley 6/1998", "_raw_FC_AC": "2010-09-23", "_raw_NM_AREA_M2": 2553.29893864836, "_cam_code": "059" }, "geometry": { "type": "Polygon", "coordinates": [ [ [ -3.5029, 40.6466 ], [ -3.503, 40.6467 ], [ -3.5043, 40.6455 ], [ -3.5042, 40.6454 ], [ -3.5029, 40.6466 ] ] ] } },
{ "type": "Feature", "properties": { "municipio": "Fuente el Saz de Jarama", "clasificacion": "urbanizable-no-sectorizado", "calificacion": "sin-asignar", "version": "vigente", "fuente": "SIT-CAM WFS — UsoDelSuelo:VPLA_V_CLASIFICACION (https://idem.comunidad.madrid/geosrvg/ows)", "fecha_dato": "2026-05-12", "ambito": "77796", "_raw_CD_SIGLAS": "SUBNS_A", "_raw_DS_CLASIF_GEN": "Suelo Urbanizable No Sectorizado (APLAZADO)", "_raw_DS_CLASIF_DET": "Suelo Urbanizable No Sectorizado", "_raw_DS_DOCU": "PLAN GENERAL", "_raw_DS_LEY": "CM Ley 9/2001, E Ley 6/1998", "_raw_FC_AC": "2010-09-23", "_raw_NM_AREA_M2": 369940.685245339, "_cam_code": "059" }, "geometry": { "type": "Polygon", "coordinates": [ [ [ -3.5021, 40.6382 ], [ -3.5031, 40.6385 ], [ -3.505, 40.6384 ], [ -3.5052, 40.6382 ], [ -3.506, 40.638 ], [ -3.5064, 40.6375 ], [ -3.5073, 40.637 ], [ -3.5089, 40.6357 ], [ -3.5089, 40.6355 ], [ -3.5081, 40.6342 ], [ -3.5073, 40.6324 ], [ -3.5081, 40.6304 ], [ -3.5087, 40.6306 ], [ -3.509, 40.6305 ], [ -3.51, 40.6307 ], [ -3.5098, 40.63 ], [ -3.5098, 40.6286 ], [ -3.5092, 40.6278 ], [ -3.5087, 40.6279 ], [ -3.5076, 40.6291 ], [ -3.5067, 40.6296 ], [ -3.5065, 40.6296 ], [ -3.5065, 40.6297 ], [ -3.5063, 40.6297 ], [ -3.5057, 40.6302 ], [ -3.5052, 40.6312 ], [ -3.5052, 40.6319 ], [ -3.5049, 40.6319 ], [ -3.5047, 40.6321 ], [ -3.5047, 40.6324 ], [ -3.5049, 40.6326 ], [ -3.5051, 40.6326 ], [ -3.5051, 40.6335 ], [ -3.5049, 40.6343 ], [ -3.5043, 40.635 ], [ -3.5016, 40.6361 ], [ -3.5009, 40.6365 ], [ -3.5005, 40.6372 ], [ -3.5004, 40.6375 ], [ -3.5005, 40.6379 ], [ -3.5003, 40.6381 ], [ -3.5021, 40.6382 ] ] ] } },
{ "type": "Feature", "properties": { "municipio": "Fuente el Saz de Jarama", "clasificacion": "urbanizable-no-sectorizado", "calificacion": "sin-asignar", "version": "vigente", "fuente": "SIT-CAM WFS — UsoDelSuelo:VPLA_V_CLASIFICACION (https://idem.comunidad.madrid/geosrvg/ows)", "fecha_dato": "2026-05-12", "ambito": "77796", "_raw_CD_SIGLAS": "SUBNS_A", "_raw_DS_CLASIF_GEN": "Suelo Urbanizable No Sectorizado (APLAZADO)", "_raw_DS_CLASIF_DET": "Suelo Urbanizable No Sectorizado", "_raw_DS_DOCU": "PLAN GENERAL", "_raw_DS_LEY": "CM Ley 9/2001, E Ley 6/1998", "_raw_FC_AC": "2010-09-23", "_raw_NM_AREA_M2": 328612.07593062299, "_cam_code": "059" }, "geometry": { "type": "Polygon", "coordinates": [ [ [ -3.5084, 40.65 ], [ -3.5087, 40.6506 ], [ -3.5092, 40.6508 ], [ -3.5104, 40.6509 ], [ -3.5104, 40.6505 ], [ -3.5107, 40.6504 ], [ -3.5107, 40.6503 ], [ -3.5107, 40.6503 ], [ -3.5107, 40.6503 ], [ -3.5108, 40.6503 ], [ -3.5108, 40.6503 ], [ -3.5108, 40.6503 ], [ -3.5108, 40.6503 ], [ -3.5108, 40.6503 ], [ -3.5108, 40.6503 ], [ -3.5108, 40.6503 ], [ -3.5108, 40.6503 ], [ -3.5108, 40.6503 ], [ -3.5109, 40.6503 ], [ -3.5109, 40.6503 ], [ -3.5109, 40.6503 ], [ -3.5109, 40.6503 ], [ -3.5109, 40.6503 ], [ -3.5109, 40.6503 ], [ -3.5109, 40.6503 ], [ -3.5109, 40.6503 ], [ -3.511, 40.6503 ], [ -3.5111, 40.6503 ], [ -3.511, 40.6503 ], [ -3.5109, 40.6499 ], [ -3.511, 40.6478 ], [ -3.5108, 40.6477 ], [ -3.5108, 40.6437 ], [ -3.5073, 40.6437 ], [ -3.5065, 40.6435 ], [ -3.5049, 40.6449 ], [ -3.5051, 40.6451 ], [ -3.5051, 40.6457 ], [ -3.5053, 40.6463 ], [ -3.5047, 40.6457 ], [ -3.5043, 40.6455 ], [ -3.503, 40.6467 ], [ -3.5037, 40.6466 ], [ -3.5037, 40.6467 ], [ -3.5043, 40.6469 ], [ -3.5048, 40.6473 ], [ -3.505, 40.6473 ], [ -3.5051, 40.6475 ], [ -3.5053, 40.6475 ], [ -3.5058, 40.648 ], [ -3.5061, 40.6481 ], [ -3.5066, 40.6486 ], [ -3.5073, 40.649 ], [ -3.5084, 40.65 ] ] ] } },
{ "type": "Feature", "properties": { "municipio": "Fuente el Saz de Jarama", "clasificacion": "urbanizable-no-sectorizado", "calificacion": "sin-asignar", "version": "vigente", "fuente": "SIT-CAM WFS — UsoDelSuelo:VPLA_V_CLASIFICACION (https://idem.comunidad.madrid/geosrvg/ows)", "fecha_dato": "2026-05-12", "ambito": "77796", "_raw_CD_SIGLAS": "SUBNS_A", "_raw_DS_CLASIF_GEN": "Suelo Urbanizable No Sectorizado (APLAZADO)", "_raw_DS_CLASIF_DET": "Suelo Urbanizable No Sectorizado", "_raw_DS_DOCU": "PLAN GENERAL", "_raw_DS_LEY": "CM Ley 9/2001, E Ley 6/1998", "_raw_FC_AC": "2010-09-23", "_raw_NM_AREA_M2": 49770.413008203497, "_cam_code": "059" }, "geometry": { "type": "Polygon", "coordinates": [ [ [ -3.5005, 40.6426 ], [ -3.5018, 40.6416 ], [ -3.5026, 40.6408 ], [ -3.5019, 40.6405 ], [ -3.501, 40.6396 ], [ -3.5019, 40.6382 ], [ -3.5003, 40.6381 ], [ -3.5005, 40.6426 ] ] ] } },
{ "type": "Feature", "properties": { "municipio": "Fuente el Saz de Jarama", "clasificacion": "urbanizable-no-sectorizado", "calificacion": "sin-asignar", "version": "vigente", "fuente": "SIT-CAM WFS — UsoDelSuelo:VPLA_V_CLASIFICACION (https://idem.comunidad.madrid/geosrvg/ows)", "fecha_dato": "2026-05-12", "ambito": "77796", "_raw_CD_SIGLAS": "SUBNS_A", "_raw_DS_CLASIF_GEN": "Suelo Urbanizable No Sectorizado (APLAZADO)", "_raw_DS_CLASIF_DET": "Suelo Urbanizable No Sectorizado", "_raw_DS_DOCU": "PLAN GENERAL", "_raw_DS_LEY": "CM Ley 9/2001, E Ley 6/1998", "_raw_FC_AC": "2010-09-23", "_raw_NM_AREA_M2": 102758.83426915899, "_cam_code": "059" }, "geometry": { "type": "Polygon", "coordinates": [ [ [ -3.5027, 40.6409 ], [ -3.5005, 40.6429 ], [ -3.5005, 40.6434 ], [ -3.5007, 40.6449 ], [ -3.5028, 40.6461 ], [ -3.5027, 40.6464 ], [ -3.5029, 40.6466 ], [ -3.5042, 40.6454 ], [ -3.5026, 40.6446 ], [ -3.5027, 40.6441 ], [ -3.5028, 40.6441 ], [ -3.5036, 40.6422 ], [ -3.5037, 40.6422 ], [ -3.5037, 40.6416 ], [ -3.5038, 40.6415 ], [ -3.5027, 40.6409 ] ] ] } },
{ "type": "Feature", "properties": { "municipio": "Fuente el Saz de Jarama", "clasificacion": "urbanizable-no-sectorizado", "calificacion": "sin-asignar", "version": "vigente", "fuente": "SIT-CAM WFS — UsoDelSuelo:VPLA_V_CLASIFICACION (https://idem.comunidad.madrid/geosrvg/ows)", "fecha_dato": "2026-05-12", "ambito": "77796", "_raw_CD_SIGLAS": "SUBNS_A", "_raw_DS_CLASIF_GEN": "Suelo Urbanizable No Sectorizado (APLAZADO)", "_raw_DS_CLASIF_DET": "Suelo Urbanizable No Sectorizado", "_raw_DS_DOCU": "PLAN GENERAL", "_raw_DS_LEY": "CM Ley 9/2001, E Ley 6/1998", "_raw_FC_AC": "2010-09-23", "_raw_NM_AREA_M2": 16679.077798194601, "_cam_code": "059" }, "geometry": { "type": "Polygon", "coordinates": [ [ [ -3.5098, 40.6283 ], [ -3.51, 40.6302 ], [ -3.5106, 40.6306 ], [ -3.5106, 40.6283 ], [ -3.5105, 40.628 ], [ -3.5101, 40.6279 ], [ -3.5101, 40.6278 ], [ -3.5094, 40.6278 ], [ -3.5098, 40.6283 ] ] ] } },
{ "type": "Feature", "properties": { "municipio": "Fuente el Saz de Jarama", "clasificacion": "urbanizable-sectorizado", "calificacion": "sin-asignar", "version": "vigente", "fuente": "SIT-CAM WFS — UsoDelSuelo:VPLA_V_CLASIFICACION (https://idem.comunidad.madrid/geosrvg/ows)", "fecha_dato": "2026-05-12", "ambito": "77796", "_raw_CD_SIGLAS": "SUBS", "_raw_DS_CLASIF_GEN": "Suelo Urbanizable Sectorizado", "_raw_DS_CLASIF_DET": "Suelo Urbanizable Sectorizado", "_raw_DS_DOCU": "PLAN GENERAL", "_raw_DS_LEY": "CM Ley 9/2001, E Ley 6/1998", "_raw_FC_AC": "2010-09-23", "_raw_NM_AREA_M2": 972097.13151064201, "_cam_code": "059" }, "geometry": { "type": "Polygon", "coordinates": [ [ [ -3.5122, 40.6507 ], [ -3.5141, 40.6508 ], [ -3.5141, 40.6507 ], [ -3.515, 40.6506 ], [ -3.5166, 40.6498 ], [ -3.5174, 40.6491 ], [ -3.5184, 40.6472 ], [ -3.5185, 40.6472 ], [ -3.5184, 40.647 ], [ -3.5185, 40.647 ], [ -3.5218, 40.641 ], [ -3.5219, 40.6406 ], [ -3.5231, 40.6388 ], [ -3.5234, 40.6386 ], [ -3.5231, 40.6384 ], [ -3.5227, 40.6384 ], [ -3.5223, 40.6382 ], [ -3.5218, 40.6378 ], [ -3.522, 40.6376 ], [ -3.5229, 40.638 ], [ -3.5237, 40.6379 ], [ -3.5245, 40.6371 ], [ -3.5264, 40.6357 ], [ -3.5265, 40.6355 ], [ -3.5281, 40.6346 ], [ -3.5313, 40.6333 ], [ -3.5326, 40.633 ], [ -3.5324, 40.6329 ], [ -3.532, 40.633 ], [ -3.5268, 40.6329 ], [ -3.5261, 40.6332 ], [ -3.5236, 40.633 ], [ -3.5214, 40.633 ], [ -3.5193, 40.6332 ], [ -3.5185, 40.6337 ], [ -3.5183, 40.6339 ], [ -3.5187, 40.6342 ], [ -3.5188, 40.6346 ], [ -3.5182, 40.6348 ], [ -3.5182, 40.635 ], [ -3.5185, 40.6353 ], [ -3.5191, 40.6355 ], [ -3.5192, 40.6353 ], [ -3.5203, 40.6355 ], [ -3.5212, 40.6361 ], [ -3.5202, 40.6369 ], [ -3.5199, 40.6374 ], [ -3.5193, 40.6372 ], [ -3.519, 40.6377 ], [ -3.5209, 40.6378 ], [ -3.5209, 40.6379 ], [ -3.5202, 40.6387 ], [ -3.5198, 40.6383 ], [ -3.519, 40.6383 ], [ -3.519, 40.6385 ], [ -3.5182, 40.6384 ], [ -3.5177, 40.6393 ], [ -3.5176, 40.6398 ], [ -3.5166, 40.6396 ], [ -3.5166, 40.6395 ], [ -3.5163, 40.6394 ], [ -3.5149, 40.6392 ], [ -3.5147, 40.6419 ], [ -3.5146, 40.6419 ], [ -3.5142, 40.6427 ], [ -3.5139, 40.6429 ], [ -3.5139, 40.6431 ], [ -3.5135, 40.6436 ], [ -3.5134, 40.6457 ], [ -3.514, 40.6458 ], [ -3.514, 40.6459 ], [ -3.5155, 40.646 ], [ -3.5154, 40.6462 ], [ -3.5157, 40.6464 ], [ -3.5152, 40.6479 ], [ -3.5143, 40.6494 ], [ -3.5139, 40.6492 ], [ -3.5141, 40.6488 ], [ -3.5125, 40.6485 ], [ -3.5121, 40.6496 ], [ -3.5122, 40.6497 ], [ -3.5122, 40.6507 ] ] ] } },
{ "type": "Feature", "properties": { "municipio": "Fuente el Saz de Jarama", "clasificacion": "urbanizable-sectorizado", "calificacion": "sin-asignar", "version": "vigente", "fuente": "SIT-CAM WFS — UsoDelSuelo:VPLA_V_CLASIFICACION (https://idem.comunidad.madrid/geosrvg/ows)", "fecha_dato": "2026-05-12", "ambito": "77796", "_raw_CD_SIGLAS": "SUBS", "_raw_DS_CLASIF_GEN": "Suelo Urbanizable Sectorizado", "_raw_DS_CLASIF_DET": "Suelo Urbanizable Sectorizado", "_raw_DS_DOCU": "PLAN GENERAL", "_raw_DS_LEY": "CM Ley 9/2001, E Ley 6/1998", "_raw_FC_AC": "2010-09-23", "_raw_NM_AREA_M2": 621582.48064200196, "_cam_code": "059" }, "geometry": { "type": "Polygon", "coordinates": [ [ [ -3.5106, 40.6303 ], [ -3.5106, 40.6306 ], [ -3.5109, 40.6308 ], [ -3.5109, 40.6296 ], [ -3.5111, 40.6297 ], [ -3.5112, 40.6296 ], [ -3.5126, 40.6297 ], [ -3.5129, 40.6294 ], [ -3.5149, 40.6295 ], [ -3.5153, 40.627 ], [ -3.5166, 40.6271 ], [ -3.5166, 40.6273 ], [ -3.5181, 40.6281 ], [ -3.5198, 40.6269 ], [ -3.5209, 40.6252 ], [ -3.5213, 40.625 ], [ -3.5213, 40.6241 ], [ -3.5191, 40.6243 ], [ -3.519, 40.6217 ], [ -3.5166, 40.6219 ], [ -3.5164, 40.6209 ], [ -3.5161, 40.6204 ], [ -3.5155, 40.6206 ], [ -3.5154, 40.6208 ], [ -3.5151, 40.6208 ], [ -3.5151, 40.6206 ], [ -3.5149, 40.6208 ], [ -3.5141, 40.621 ], [ -3.5128, 40.6211 ], [ -3.5121, 40.6213 ], [ -3.5114, 40.6219 ], [ -3.5106, 40.6223 ], [ -3.5107, 40.6233 ], [ -3.5106, 40.6275 ], [ -3.5101, 40.6278 ], [ -3.5101, 40.6279 ], [ -3.5104, 40.6279 ], [ -3.5106, 40.6283 ], [ -3.5106, 40.6303 ] ] ] } },
{ "type": "Feature", "properties": { "municipio": "Fuente el Saz de Jarama", "clasificacion": "urbanizable-sectorizado", "calificacion": "sin-asignar", "version": "vigente", "fuente": "SIT-CAM WFS — UsoDelSuelo:VPLA_V_CLASIFICACION (https://idem.comunidad.madrid/geosrvg/ows)", "fecha_dato": "2026-05-12", "ambito": "77796", "_raw_CD_SIGLAS": "SUBS", "_raw_DS_CLASIF_GEN": "Suelo Urbanizable Sectorizado", "_raw_DS_CLASIF_DET": "Suelo Urbanizable Sectorizado", "_raw_DS_DOCU": "PLAN GENERAL", "_raw_DS_LEY": "CM Ley 9/2001, E Ley 6/1998", "_raw_FC_AC": "2010-09-23", "_raw_NM_AREA_M2": 1276721.71429279, "_cam_code": "059" }, "geometry": { "type": "Polygon", "coordinates": [ [ [ -3.5315, 40.6328 ], [ -3.5324, 40.6327 ], [ -3.5324, 40.6328 ], [ -3.5331, 40.6324 ], [ -3.5333, 40.6324 ], [ -3.5333, 40.6323 ], [ -3.5343, 40.6321 ], [ -3.5343, 40.632 ], [ -3.5347, 40.632 ], [ -3.5347, 40.6319 ], [ -3.537, 40.6322 ], [ -3.5415, 40.6315 ], [ -3.5426, 40.6311 ], [ -3.5427, 40.6309 ], [ -3.5426, 40.6296 ], [ -3.5437, 40.6295 ], [ -3.5438, 40.6294 ], [ -3.5437, 40.6282 ], [ -3.544, 40.628 ], [ -3.544, 40.6275 ], [ -3.5441, 40.6274 ], [ -3.5435, 40.6268 ], [ -3.5432, 40.627 ], [ -3.5424, 40.6268 ], [ -3.5432, 40.6247 ], [ -3.5435, 40.6244 ], [ -3.541, 40.6245 ], [ -3.5402, 40.6248 ], [ -3.5387, 40.6251 ], [ -3.5387, 40.6252 ], [ -3.5375, 40.6254 ], [ -3.5372, 40.6255 ], [ -3.5372, 40.6256 ], [ -3.5358, 40.6254 ], [ -3.5343, 40.625 ], [ -3.5326, 40.6248 ], [ -3.5328, 40.6244 ], [ -3.5329, 40.6244 ], [ -3.5331, 40.6236 ], [ -3.5335, 40.6232 ], [ -3.5338, 40.6221 ], [ -3.5334, 40.622 ], [ -3.5337, 40.6213 ], [ -3.5326, 40.6211 ], [ -3.5326, 40.6208 ], [ -3.5321, 40.6207 ], [ -3.532, 40.6205 ], [ -3.5321, 40.6202 ], [ -3.5273, 40.6237 ], [ -3.5249, 40.6264 ], [ -3.5246, 40.6269 ], [ -3.5243, 40.6271 ], [ -3.5241, 40.6275 ], [ -3.5238, 40.6277 ], [ -3.5248, 40.628 ], [ -3.5249, 40.6282 ], [ -3.5255, 40.6283 ], [ -3.5256, 40.6285 ], [ -3.5271, 40.6286 ], [ -3.5272, 40.6289 ], [ -3.5291, 40.6293 ], [ -3.5293, 40.6301 ], [ -3.5294, 40.6301 ], [ -3.5294, 40.6304 ], [ -3.5292, 40.6308 ], [ -3.5293, 40.631 ], [ -3.5288, 40.6319 ], [ -3.5281, 40.6325 ], [ -3.5276, 40.6327 ], [ -3.5285, 40.6326 ], [ -3.5306, 40.6326 ], [ -3.5315, 40.6328 ] ] ] } },
{ "type": "Feature", "properties": { "municipio": "Fuente el Saz de Jarama", "clasificacion": "urbanizable-sectorizado", "calificacion": "sin-asignar", "version": "vigente", "fuente": "SIT-CAM WFS — UsoDelSuelo:VPLA_V_CLASIFICACION (https://idem.comunidad.madrid/geosrvg/ows)", "fecha_dato": "2026-05-12", "ambito": "77796", "_raw_CD_SIGLAS": "SUBS", "_raw_DS_CLASIF_GEN": "Suelo Urbanizable Sectorizado", "_raw_DS_CLASIF_DET": "Suelo Urbanizable Sectorizado", "_raw_DS_DOCU": "PLAN GENERAL", "_raw_DS_LEY": "CM Ley 9/2001, E Ley 6/1998", "_raw_FC_AC": "2010-09-23", "_raw_NM_AREA_M2": 19635.565575066699, "_cam_code": "059" }, "geometry": { "type": "Polygon", "coordinates": [ [ [ -3.5262, 40.6363 ], [ -3.5271, 40.636 ], [ -3.5288, 40.6361 ], [ -3.5294, 40.6355 ], [ -3.5293, 40.635 ], [ -3.5289, 40.6347 ], [ -3.5262, 40.6363 ] ] ] } },
{ "type": "Feature", "properties": { "municipio": "Fuente el Saz de Jarama", "clasificacion": "urbanizable-sectorizado", "calificacion": "sin-asignar", "version": "vigente", "fuente": "SIT-CAM WFS — UsoDelSuelo:VPLA_V_CLASIFICACION (https://idem.comunidad.madrid/geosrvg/ows)", "fecha_dato": "2026-05-12", "ambito": "77796", "_raw_CD_SIGLAS": "SUBS", "_raw_DS_CLASIF_GEN": "Suelo Urbanizable Sectorizado", "_raw_DS_CLASIF_DET": "Suelo Urbanizable Sectorizado", "_raw_DS_DOCU": "PLAN GENERAL", "_raw_DS_LEY": "CM Ley 9/2001, E Ley 6/1998", "_raw_FC_AC": "2010-09-23", "_raw_NM_AREA_M2": 27069.107059891401, "_cam_code": "059" }, "geometry": { "type": "Polygon", "coordinates": [ [ [ -3.511, 40.6478 ], [ -3.5109, 40.6499 ], [ -3.511, 40.6503 ], [ -3.5117, 40.6506 ], [ -3.5118, 40.6499 ], [ -3.5125, 40.6481 ], [ -3.511, 40.6478 ] ] ] } },
{ "type": "Feature", "properties": { "municipio": "Fuente el Saz de Jarama", "clasificacion": "urbanizable-sectorizado", "calificacion": "sin-asignar", "version": "vigente", "fuente": "SIT-CAM WFS — UsoDelSuelo:VPLA_V_CLASIFICACION (https://idem.comunidad.madrid/geosrvg/ows)", "fecha_dato": "2026-05-12", "ambito": "77796", "_raw_CD_SIGLAS": "SUBS_A", "_raw_DS_CLASIF_GEN": "Suelo Urbanizable Sectorizado (APLAZADO)", "_raw_DS_CLASIF_DET": "Suelo Urbanizable Sectorizado", "_raw_DS_DOCU": "PLAN GENERAL", "_raw_DS_LEY": "CM Ley 9/2001, E Ley 6/1998", "_raw_FC_AC": "2010-09-23", "_raw_NM_AREA_M2": 103675.051849328, "_cam_code": "059" }, "geometry": { "type": "Polygon", "coordinates": [ [ [ -3.5239, 40.6292 ], [ -3.5239, 40.6297 ], [ -3.5241, 40.6297 ], [ -3.5241, 40.6298 ], [ -3.5259, 40.6302 ], [ -3.5271, 40.6303 ], [ -3.527, 40.6307 ], [ -3.5277, 40.6307 ], [ -3.5277, 40.6312 ], [ -3.5276, 40.6313 ], [ -3.5289, 40.6314 ], [ -3.5292, 40.631 ], [ -3.5294, 40.6304 ], [ -3.5292, 40.6295 ], [ -3.5289, 40.6292 ], [ -3.5272, 40.6289 ], [ -3.5271, 40.6286 ], [ -3.5256, 40.6285 ], [ -3.5255, 40.6283 ], [ -3.5249, 40.6282 ], [ -3.5248, 40.628 ], [ -3.5238, 40.6277 ], [ -3.5228, 40.6289 ], [ -3.5239, 40.6292 ] ] ] } },
{ "type": "Feature", "properties": { "municipio": "Fuente el Saz de Jarama", "clasificacion": "urbanizable-sectorizado", "calificacion": "sin-asignar", "version": "vigente", "fuente": "SIT-CAM WFS — UsoDelSuelo:VPLA_V_CLASIFICACION (https://idem.comunidad.madrid/geosrvg/ows)", "fecha_dato": "2026-05-12", "ambito": "77796", "_raw_CD_SIGLAS": "SUBS_A", "_raw_DS_CLASIF_GEN": "Suelo Urbanizable Sectorizado (APLAZADO)", "_raw_DS_CLASIF_DET": "Suelo Urbanizable Sectorizado", "_raw_DS_DOCU": "PLAN GENERAL", "_raw_DS_LEY": "CM Ley 9/2001, E Ley 6/1998", "_raw_FC_AC": "2010-09-23", "_raw_NM_AREA_M2": 118258.37176744, "_cam_code": "059" }, "geometry": { "type": "Polygon", "coordinates": [ [ [ -3.518, 40.6284 ], [ -3.5188, 40.6285 ], [ -3.5201, 40.6289 ], [ -3.5204, 40.6289 ], [ -3.5206, 40.6286 ], [ -3.5209, 40.6287 ], [ -3.5214, 40.6282 ], [ -3.522, 40.6284 ], [ -3.523, 40.627 ], [ -3.5232, 40.6269 ], [ -3.5239, 40.6271 ], [ -3.5244, 40.6261 ], [ -3.5253, 40.6251 ], [ -3.5211, 40.6254 ], [ -3.5211, 40.6255 ], [ -3.5208, 40.6256 ], [ -3.5201, 40.6268 ], [ -3.5196, 40.6273 ], [ -3.5184, 40.628 ], [ -3.518, 40.6284 ] ] ] } },
{ "type": "Feature", "properties": { "municipio": "Fuente el Saz de Jarama", "clasificacion": "urbanizable-sectorizado", "calificacion": "sin-asignar", "version": "vigente", "fuente": "SIT-CAM WFS — UsoDelSuelo:VPLA_V_CLASIFICACION (https://idem.comunidad.madrid/geosrvg/ows)", "fecha_dato": "2026-05-12", "ambito": "77796", "_raw_CD_SIGLAS": "SUBS_A", "_raw_DS_CLASIF_GEN": "Suelo Urbanizable Sectorizado (APLAZADO)", "_raw_DS_CLASIF_DET": "Suelo Urbanizable Sectorizado", "_raw_DS_DOCU": "PLAN GENERAL", "_raw_DS_LEY": "CM Ley 9/2001, E Ley 6/1998", "_raw_FC_AC": "2010-09-23", "_raw_NM_AREA_M2": 114191.627138941, "_cam_code": "059" }, "geometry": { "type": "Polygon", "coordinates": [ [ [ -3.5206, 40.6317 ], [ -3.5193, 40.6331 ], [ -3.5219, 40.6328 ], [ -3.522, 40.6327 ], [ -3.5232, 40.6327 ], [ -3.5247, 40.633 ], [ -3.5261, 40.633 ], [ -3.5281, 40.6324 ], [ -3.5289, 40.6314 ], [ -3.5276, 40.6313 ], [ -3.5277, 40.6311 ], [ -3.5268, 40.6311 ], [ -3.5252, 40.6314 ], [ -3.5234, 40.6314 ], [ -3.5223, 40.6312 ], [ -3.522, 40.6315 ], [ -3.5214, 40.6314 ], [ -3.521, 40.6319 ], [ -3.5206, 40.6317 ] ] ] } },
{ "type": "Feature", "properties": { "municipio": "Fuente el Saz de Jarama", "clasificacion": "urbanizable-sectorizado", "calificacion": "sin-asignar", "version": "vigente", "fuente": "SIT-CAM WFS — UsoDelSuelo:VPLA_V_CLASIFICACION (https://idem.comunidad.madrid/geosrvg/ows)", "fecha_dato": "2026-05-12", "ambito": "77796", "_raw_CD_SIGLAS": "SUBS_A", "_raw_DS_CLASIF_GEN": "Suelo Urbanizable Sectorizado (APLAZADO)", "_raw_DS_CLASIF_DET": "Suelo Urbanizable Sectorizado", "_raw_DS_DOCU": "PLAN GENERAL", "_raw_DS_LEY": "CM Ley 9/2001, E Ley 6/1998", "_raw_FC_AC": "2010-09-23", "_raw_NM_AREA_M2": 216892.62043793499, "_cam_code": "059" }, "geometry": { "type": "Polygon", "coordinates": [ [ [ -3.5151, 40.6206 ], [ -3.5151, 40.6208 ], [ -3.5154, 40.6208 ], [ -3.5155, 40.6206 ], [ -3.5161, 40.6204 ], [ -3.5164, 40.6209 ], [ -3.5166, 40.6219 ], [ -3.519, 40.6217 ], [ -3.5191, 40.6243 ], [ -3.5213, 40.6241 ], [ -3.5212, 40.6174 ], [ -3.5202, 40.6174 ], [ -3.5194, 40.6176 ], [ -3.519, 40.6179 ], [ -3.5188, 40.6184 ], [ -3.5176, 40.6189 ], [ -3.5154, 40.6202 ], [ -3.5151, 40.6206 ] ] ] } },
{ "type": "Feature", "properties": { "municipio": "Fuente el Saz de Jarama", "clasificacion": "urbanizable-sectorizado", "calificacion": "sin-asignar", "version": "vigente", "fuente": "SIT-CAM WFS — UsoDelSuelo:VPLA_V_CLASIFICACION (https://idem.comunidad.madrid/geosrvg/ows)", "fecha_dato": "2026-05-12", "ambito": "77796", "_raw_CD_SIGLAS": "SUBS_A", "_raw_DS_CLASIF_GEN": "Suelo Urbanizable Sectorizado (APLAZADO)", "_raw_DS_CLASIF_DET": "Suelo Urbanizable Sectorizado", "_raw_DS_DOCU": "PLAN GENERAL", "_raw_DS_LEY": "CM Ley 9/2001, E Ley 6/1998", "_raw_FC_AC": "2010-09-23", "_raw_NM_AREA_M2": 644707.64710342896, "_cam_code": "059" }, "geometry": { "type": "Polygon", "coordinates": [ [ [ -3.5212, 40.6174 ], [ -3.5213, 40.625 ], [ -3.5209, 40.6252 ], [ -3.5245, 40.625 ], [ -3.5245, 40.6249 ], [ -3.5258, 40.6248 ], [ -3.5275, 40.6231 ], [ -3.5283, 40.6225 ], [ -3.5285, 40.6221 ], [ -3.5288, 40.6223 ], [ -3.5318, 40.6202 ], [ -3.5336, 40.6191 ], [ -3.5338, 40.6191 ], [ -3.5346, 40.6185 ], [ -3.5337, 40.6185 ], [ -3.5334, 40.618 ], [ -3.5332, 40.6179 ], [ -3.5326, 40.6177 ], [ -3.5319, 40.6178 ], [ -3.5315, 40.6172 ], [ -3.531, 40.6173 ], [ -3.5293, 40.6166 ], [ -3.5288, 40.6167 ], [ -3.5281, 40.6163 ], [ -3.5276, 40.6163 ], [ -3.5272, 40.6171 ], [ -3.5265, 40.6176 ], [ -3.525, 40.6179 ], [ -3.5234, 40.618 ], [ -3.5223, 40.6174 ], [ -3.5214, 40.6175 ], [ -3.5212, 40.6174 ] ] ] } },
{ "type": "Feature", "properties": { "municipio": "Fuente el Saz de Jarama", "clasificacion": "urbano-consolidado", "calificacion": "sin-asignar", "version": "vigente", "fuente": "SIT-CAM WFS — UsoDelSuelo:VPLA_V_CLASIFICACION (https://idem.comunidad.madrid/geosrvg/ows)", "fecha_dato": "2026-05-12", "ambito": "77796", "_raw_CD_SIGLAS": "SUC", "_raw_DS_CLASIF_GEN": "Suelo Urbano Consolidado", "_raw_DS_CLASIF_DET": "Suelo Urbano Consolidado", "_raw_DS_DOCU": "PLAN GENERAL", "_raw_DS_LEY": "CM Ley 9/2001, E Ley 6/1998", "_raw_FC_AC": "2010-09-23", "_raw_NM_AREA_M2": 360963.11731071101, "_cam_code": "059" }, "geometry": { "type": "Polygon", "coordinates": [ [ [ -3.5108, 40.6432 ], [ -3.5108, 40.6477 ], [ -3.5125, 40.6481 ], [ -3.5132, 40.6462 ], [ -3.5133, 40.6454 ], [ -3.5109, 40.6447 ], [ -3.5109, 40.6431 ], [ -3.5115, 40.643 ], [ -3.5114, 40.6426 ], [ -3.5127, 40.6424 ], [ -3.5132, 40.6422 ], [ -3.5144, 40.6422 ], [ -3.5145, 40.6411 ], [ -3.5146, 40.6411 ], [ -3.5147, 40.6405 ], [ -3.5135, 40.6405 ], [ -3.5136, 40.6402 ], [ -3.5127, 40.6404 ], [ -3.5119, 40.6404 ], [ -3.5114, 40.6391 ], [ -3.5117, 40.6388 ], [ -3.512, 40.6389 ], [ -3.5121, 40.6388 ], [ -3.5126, 40.6388 ], [ -3.5128, 40.638 ], [ -3.5134, 40.6379 ], [ -3.5134, 40.6377 ], [ -3.5123, 40.6376 ], [ -3.5123, 40.6375 ], [ -3.5117, 40.6374 ], [ -3.5117, 40.6373 ], [ -3.511, 40.6371 ], [ -3.511, 40.637 ], [ -3.5104, 40.6369 ], [ -3.5104, 40.6371 ], [ -3.5107, 40.6371 ], [ -3.5107, 40.6389 ], [ -3.5096, 40.6389 ], [ -3.51, 40.6399 ], [ -3.5085, 40.6398 ], [ -3.5085, 40.64 ], [ -3.5084, 40.6399 ], [ -3.5073, 40.6398 ], [ -3.5071, 40.6398 ], [ -3.5071, 40.6399 ], [ -3.506, 40.6398 ], [ -3.5061, 40.6393 ], [ -3.5052, 40.6391 ], [ -3.5041, 40.6408 ], [ -3.504, 40.6412 ], [ -3.5039, 40.6412 ], [ -3.5038, 40.6417 ], [ -3.5038, 40.6426 ], [ -3.5039, 40.6427 ], [ -3.5047, 40.6429 ], [ -3.5049, 40.6425 ], [ -3.5045, 40.6423 ], [ -3.5045, 40.642 ], [ -3.5047, 40.6418 ], [ -3.5047, 40.6416 ], [ -3.5048, 40.6416 ], [ -3.5048, 40.6408 ], [ -3.5055, 40.6408 ], [ -3.5055, 40.6416 ], [ -3.508, 40.6418 ], [ -3.5068, 40.6431 ], [ -3.5049, 40.6448 ], [ -3.5041, 40.6441 ], [ -3.5046, 40.6437 ], [ -3.5037, 40.6426 ], [ -3.5036, 40.6422 ], [ -3.5031, 40.6435 ], [ -3.5029, 40.6437 ], [ -3.5028, 40.6441 ], [ -3.5027, 40.6441 ], [ -3.5026, 40.6446 ], [ -3.5041, 40.6453 ], [ -3.5053, 40.6463 ], [ -3.5051, 40.6457 ], [ -3.5051, 40.6451 ], [ -3.5049, 40.6449 ], [ -3.5071, 40.643 ], [ -3.5078, 40.6431 ], [ -3.5081, 40.6425 ], [ -3.5081, 40.6422 ], [ -3.5082, 40.6422 ], [ -3.5081, 40.642 ], [ -3.5092, 40.6411 ], [ -3.5092, 40.6412 ], [ -3.5097, 40.6409 ], [ -3.5106, 40.6411 ], [ -3.5107, 40.6414 ], [ -3.5102, 40.6414 ], [ -3.5102, 40.6419 ], [ -3.5107, 40.6418 ], [ -3.5107, 40.6417 ], [ -3.5107, 40.6417 ], [ -3.5107, 40.6417 ], [ -3.5107, 40.6417 ], [ -3.5107, 40.6417 ], [ -3.5107, 40.6417 ], [ -3.5107, 40.6417 ], [ -3.5107, 40.6417 ], [ -3.5107, 40.6417 ], [ -3.5107, 40.6417 ], [ -3.5107, 40.6417 ], [ -3.5107, 40.6417 ], [ -3.5107, 40.6418 ], [ -3.5107, 40.6419 ], [ -3.5095, 40.642 ], [ -3.5094, 40.6424 ], [ -3.5104, 40.6426 ], [ -3.5102, 40.6429 ], [ -3.5102, 40.6432 ], [ -3.5108, 40.6432 ] ] ] } },
{ "type": "Feature", "properties": { "municipio": "Fuente el Saz de Jarama", "clasificacion": "urbano-consolidado", "calificacion": "sin-asignar", "version": "vigente", "fuente": "SIT-CAM WFS — UsoDelSuelo:VPLA_V_CLASIFICACION (https://idem.comunidad.madrid/geosrvg/ows)", "fecha_dato": "2026-05-12", "ambito": "77796", "_raw_CD_SIGLAS": "SUC", "_raw_DS_CLASIF_GEN": "Suelo Urbano Consolidado", "_raw_DS_CLASIF_DET": "Suelo Urbano Consolidado", "_raw_DS_DOCU": "PLAN GENERAL", "_raw_DS_LEY": "CM Ley 9/2001, E Ley 6/1998", "_raw_FC_AC": "2010-09-23", "_raw_NM_AREA_M2": 53751.8240366514, "_cam_code": "059" }, "geometry": { "type": "Polygon", "coordinates": [ [ [ -3.5131, 40.6471 ], [ -3.5125, 40.6485 ], [ -3.5141, 40.6488 ], [ -3.5139, 40.6492 ], [ -3.5143, 40.6494 ], [ -3.5152, 40.6479 ], [ -3.5157, 40.6464 ], [ -3.5154, 40.6462 ], [ -3.5155, 40.646 ], [ -3.514, 40.6459 ], [ -3.5138, 40.6472 ], [ -3.5131, 40.6471 ] ] ] } },
{ "type": "Feature", "properties": { "municipio": "Fuente el Saz de Jarama", "clasificacion": "urbano-consolidado", "calificacion": "sin-asignar", "version": "vigente", "fuente": "SIT-CAM WFS — UsoDelSuelo:VPLA_V_CLASIFICACION (https://idem.comunidad.madrid/geosrvg/ows)", "fecha_dato": "2026-05-12", "ambito": "77796", "_raw_CD_SIGLAS": "SUC", "_raw_DS_CLASIF_GEN": "Suelo Urbano Consolidado", "_raw_DS_CLASIF_DET": "Suelo Urbano Consolidado", "_raw_DS_DOCU": "PLAN GENERAL", "_raw_DS_LEY": "CM Ley 9/2001, E Ley 6/1998", "_raw_FC_AC": "2010-09-23", "_raw_NM_AREA_M2": 12866.530255530201, "_cam_code": "059" }, "geometry": { "type": "Polygon", "coordinates": [ [ [ -3.505, 40.639 ], [ -3.5037, 40.6403 ], [ -3.5027, 40.6409 ], [ -3.5038, 40.6415 ], [ -3.5039, 40.6409 ], [ -3.504, 40.6409 ], [ -3.504, 40.6407 ], [ -3.5041, 40.6407 ], [ -3.505, 40.6393 ], [ -3.5051, 40.6391 ], [ -3.505, 40.639 ] ] ] } },
{ "type": "Feature", "properties": { "municipio": "Fuente el Saz de Jarama", "clasificacion": "urbano-consolidado", "calificacion": "sin-asignar", "version": "vigente", "fuente": "SIT-CAM WFS — UsoDelSuelo:VPLA_V_CLASIFICACION (https://idem.comunidad.madrid/geosrvg/ows)", "fecha_dato": "2026-05-12", "ambito": "77796", "_raw_CD_SIGLAS": "SUC", "_raw_DS_CLASIF_GEN": "Suelo Urbano Consolidado", "_raw_DS_CLASIF_DET": "Suelo Urbano Consolidado", "_raw_DS_DOCU": "PLAN GENERAL", "_raw_DS_LEY": "CM Ley 9/2001, E Ley 6/1998", "_raw_FC_AC": "2010-09-23", "_raw_NM_AREA_M2": 56287.198907823702, "_cam_code": "059" }, "geometry": { "type": "Polygon", "coordinates": [ [ [ -3.5019, 40.6383 ], [ -3.5011, 40.6393 ], [ -3.501, 40.6396 ], [ -3.5019, 40.6405 ], [ -3.5026, 40.6408 ], [ -3.5034, 40.6403 ], [ -3.5036, 40.64 ], [ -3.5057, 40.6382 ], [ -3.5043, 40.6386 ], [ -3.5033, 40.6386 ], [ -3.5024, 40.6383 ], [ -3.5019, 40.6383 ] ] ] } },
{ "type": "Feature", "properties": { "municipio": "Fuente el Saz de Jarama", "clasificacion": "urbano-consolidado", "calificacion": "sin-asignar", "version": "vigente", "fuente": "SIT-CAM WFS — UsoDelSuelo:VPLA_V_CLASIFICACION (https://idem.comunidad.madrid/geosrvg/ows)", "fecha_dato": "2026-05-12", "ambito": "77796", "_raw_CD_SIGLAS": "SUC", "_raw_DS_CLASIF_GEN": "Suelo Urbano Consolidado", "_raw_DS_CLASIF_DET": "Suelo Urbano Consolidado", "_raw_DS_DOCU": "PLAN GENERAL", "_raw_DS_LEY": "CM Ley 9/2001, E Ley 6/1998", "_raw_FC_AC": "2010-09-23", "_raw_NM_AREA_M2": 226663.89448303499, "_cam_code": "059" }, "geometry": { "type": "Polygon", "coordinates": [ [ [ -3.5153, 40.6369 ], [ -3.5149, 40.6392 ], [ -3.5163, 40.6394 ], [ -3.5166, 40.6395 ], [ -3.5166, 40.6396 ], [ -3.5176, 40.6398 ], [ -3.5179, 40.6389 ], [ -3.5187, 40.6377 ], [ -3.519, 40.6377 ], [ -3.5193, 40.6372 ], [ -3.5199, 40.6374 ], [ -3.5202, 40.6369 ], [ -3.5212, 40.6361 ], [ -3.5203, 40.6355 ], [ -3.5192, 40.6353 ], [ -3.5191, 40.6355 ], [ -3.5185, 40.6353 ], [ -3.5182, 40.635 ], [ -3.5183, 40.6347 ], [ -3.5188, 40.6346 ], [ -3.5187, 40.6342 ], [ -3.5183, 40.6339 ], [ -3.5193, 40.6332 ], [ -3.5174, 40.6332 ], [ -3.516, 40.6337 ], [ -3.5147, 40.6338 ], [ -3.5147, 40.634 ], [ -3.5153, 40.6347 ], [ -3.5153, 40.6359 ], [ -3.5152, 40.636 ], [ -3.5153, 40.6369 ] ] ] } },
{ "type": "Feature", "properties": { "municipio": "Fuente el Saz de Jarama", "clasificacion": "urbano-consolidado", "calificacion": "sin-asignar", "version": "vigente", "fuente": "SIT-CAM WFS — UsoDelSuelo:VPLA_V_CLASIFICACION (https://idem.comunidad.madrid/geosrvg/ows)", "fecha_dato": "2026-05-12", "ambito": "77796", "_raw_CD_SIGLAS": "SUC", "_raw_DS_CLASIF_GEN": "Suelo Urbano Consolidado", "_raw_DS_CLASIF_DET": "Suelo Urbano Consolidado", "_raw_DS_DOCU": "PLAN GENERAL", "_raw_DS_LEY": "CM Ley 9/2001, E Ley 6/1998", "_raw_FC_AC": "2010-09-23", "_raw_NM_AREA_M2": 17797.971246560599, "_cam_code": "059" }, "geometry": { "type": "Polygon", "coordinates": [ [ [ -3.5139, 40.6387 ], [ -3.5144, 40.6387 ], [ -3.5144, 40.6383 ], [ -3.5149, 40.6383 ], [ -3.5152, 40.6368 ], [ -3.5151, 40.6368 ], [ -3.5151, 40.6362 ], [ -3.514, 40.6375 ], [ -3.5137, 40.6376 ], [ -3.5139, 40.6387 ] ] ] } },
{ "type": "Feature", "properties": { "municipio": "Fuente el Saz de Jarama", "clasificacion": "urbano-consolidado", "calificacion": "sin-asignar", "version": "vigente", "fuente": "SIT-CAM WFS — UsoDelSuelo:VPLA_V_CLASIFICACION (https://idem.comunidad.madrid/geosrvg/ows)", "fecha_dato": "2026-05-12", "ambito": "77796", "_raw_CD_SIGLAS": "SUC", "_raw_DS_CLASIF_GEN": "Suelo Urbano Consolidado", "_raw_DS_CLASIF_DET": "Suelo Urbano Consolidado", "_raw_DS_DOCU": "PLAN GENERAL", "_raw_DS_LEY": "CM Ley 9/2001, E Ley 6/1998", "_raw_FC_AC": "2010-09-23", "_raw_NM_AREA_M2": 282258.86496205098, "_cam_code": "059" }, "geometry": { "type": "Polygon", "coordinates": [ [ [ -3.5102, 40.6349 ], [ -3.5103, 40.6367 ], [ -3.5104, 40.6368 ], [ -3.5112, 40.637 ], [ -3.5123, 40.6375 ], [ -3.513, 40.6376 ], [ -3.5137, 40.6375 ], [ -3.5141, 40.6373 ], [ -3.5142, 40.637 ], [ -3.5144, 40.6369 ], [ -3.5143, 40.6368 ], [ -3.5151, 40.6358 ], [ -3.5152, 40.6349 ], [ -3.5149, 40.6343 ], [ -3.5147, 40.6342 ], [ -3.5147, 40.634 ], [ -3.5145, 40.6339 ], [ -3.5146, 40.6339 ], [ -3.5145, 40.6337 ], [ -3.5137, 40.6337 ], [ -3.5136, 40.6329 ], [ -3.5142, 40.6329 ], [ -3.5141, 40.6324 ], [ -3.514, 40.6324 ], [ -3.5141, 40.6321 ], [ -3.5131, 40.6321 ], [ -3.5131, 40.6324 ], [ -3.5118, 40.6323 ], [ -3.5118, 40.6328 ], [ -3.5099, 40.6325 ], [ -3.51, 40.6324 ], [ -3.51, 40.6307 ], [ -3.509, 40.6305 ], [ -3.5087, 40.6306 ], [ -3.5081, 40.6304 ], [ -3.5074, 40.6322 ], [ -3.5096, 40.633 ], [ -3.5097, 40.6333 ], [ -3.5096, 40.6333 ], [ -3.5095, 40.6337 ], [ -3.509, 40.6335 ], [ -3.5091, 40.6338 ], [ -3.5094, 40.6339 ], [ -3.5091, 40.6339 ], [ -3.5091, 40.634 ], [ -3.508, 40.6339 ], [ -3.5089, 40.6355 ], [ -3.5089, 40.6357 ], [ -3.5072, 40.637 ], [ -3.5087, 40.6365 ], [ -3.5092, 40.6365 ], [ -3.509, 40.6363 ], [ -3.5096, 40.6358 ], [ -3.5091, 40.6355 ], [ -3.5098, 40.6349 ], [ -3.5102, 40.6349 ] ] ] } },
{ "type": "Feature", "properties": { "municipio": "Fuente el Saz de Jarama", "clasificacion": "urbano-consolidado", "calificacion": "sin-asignar", "version": "vigente", "fuente": "SIT-CAM WFS — UsoDelSuelo:VPLA_V_CLASIFICACION (https://idem.comunidad.madrid/geosrvg/ows)", "fecha_dato": "2026-05-12", "ambito": "77796", "_raw_CD_SIGLAS": "SUC", "_raw_DS_CLASIF_GEN": "Suelo Urbano Consolidado", "_raw_DS_CLASIF_DET": "Suelo Urbano Consolidado", "_raw_DS_DOCU": "PLAN GENERAL", "_raw_DS_LEY": "CM Ley 9/2001, E Ley 6/1998", "_raw_FC_AC": "2010-09-23", "_raw_NM_AREA_M2": 361698.239981213, "_cam_code": "059" }, "geometry": { "type": "Polygon", "coordinates": [ [ [ -3.5147, 40.6334 ], [ -3.5147, 40.6337 ], [ -3.515, 40.6337 ], [ -3.5158, 40.6336 ], [ -3.5175, 40.6331 ], [ -3.5193, 40.6331 ], [ -3.5206, 40.6317 ], [ -3.521, 40.6319 ], [ -3.5214, 40.6314 ], [ -3.522, 40.6315 ], [ -3.5223, 40.6312 ], [ -3.5234, 40.6314 ], [ -3.5252, 40.6314 ], [ -3.5268, 40.6311 ], [ -3.5277, 40.6311 ], [ -3.5277, 40.6307 ], [ -3.527, 40.6307 ], [ -3.5271, 40.6303 ], [ -3.5244, 40.6299 ], [ -3.5239, 40.6297 ], [ -3.5239, 40.6292 ], [ -3.5228, 40.6289 ], [ -3.5237, 40.6278 ], [ -3.5241, 40.6275 ], [ -3.5243, 40.6271 ], [ -3.5246, 40.6269 ], [ -3.5259, 40.6252 ], [ -3.5258, 40.6251 ], [ -3.5253, 40.6251 ], [ -3.5244, 40.6261 ], [ -3.5239, 40.6271 ], [ -3.5232, 40.6269 ], [ -3.523, 40.627 ], [ -3.522, 40.6284 ], [ -3.5214, 40.6282 ], [ -3.5209, 40.6287 ], [ -3.5206, 40.6286 ], [ -3.5203, 40.6291 ], [ -3.5206, 40.6292 ], [ -3.5205, 40.6292 ], [ -3.5203, 40.6297 ], [ -3.5182, 40.6292 ], [ -3.5174, 40.6288 ], [ -3.5166, 40.6293 ], [ -3.5158, 40.6299 ], [ -3.5151, 40.631 ], [ -3.5149, 40.6311 ], [ -3.5145, 40.631 ], [ -3.5141, 40.6325 ], [ -3.5143, 40.6329 ], [ -3.5144, 40.6329 ], [ -3.5145, 40.6333 ], [ -3.5147, 40.6332 ], [ -3.5147, 40.6334 ] ] ] } },
{ "type": "Feature", "properties": { "municipio": "Fuente el Saz de Jarama", "clasificacion": "urbano-consolidado", "calificacion": "sin-asignar", "version": "vigente", "fuente": "SIT-CAM WFS — UsoDelSuelo:VPLA_V_CLASIFICACION (https://idem.comunidad.madrid/geosrvg/ows)", "fecha_dato": "2026-05-12", "ambito": "77796", "_raw_CD_SIGLAS": "SUC", "_raw_DS_CLASIF_GEN": "Suelo Urbano Consolidado", "_raw_DS_CLASIF_DET": "Suelo Urbano Consolidado", "_raw_DS_DOCU": "PLAN GENERAL", "_raw_DS_LEY": "CM Ley 9/2001, E Ley 6/1998", "_raw_FC_AC": "2010-09-23", "_raw_NM_AREA_M2": 3149.82045197142, "_cam_code": "059" }, "geometry": { "type": "Polygon", "coordinates": [ [ [ -3.5139, 40.633 ], [ -3.5138, 40.6331 ], [ -3.5138, 40.6335 ], [ -3.5145, 40.6336 ], [ -3.5143, 40.633 ], [ -3.5139, 40.633 ] ] ] } },
{ "type": "Feature", "properties": { "municipio": "Fuente el Saz de Jarama", "clasificacion": "urbano-consolidado", "calificacion": "sin-asignar", "version": "vigente", "fuente": "SIT-CAM WFS — UsoDelSuelo:VPLA_V_CLASIFICACION (https://idem.comunidad.madrid/geosrvg/ows)", "fecha_dato": "2026-05-12", "ambito": "77796", "_raw_CD_SIGLAS": "SUC", "_raw_DS_CLASIF_GEN": "Suelo Urbano Consolidado", "_raw_DS_CLASIF_DET": "Suelo Urbano Consolidado", "_raw_DS_DOCU": "PLAN GENERAL", "_raw_DS_LEY": "CM Ley 9/2001, E Ley 6/1998", "_raw_FC_AC": "2010-09-23", "_raw_NM_AREA_M2": 160416.54135054199, "_cam_code": "059" }, "geometry": { "type": "Polygon", "coordinates": [ [ [ -3.5101, 40.6323 ], [ -3.5101, 40.6324 ], [ -3.5111, 40.6325 ], [ -3.5111, 40.6326 ], [ -3.5114, 40.6326 ], [ -3.5114, 40.6327 ], [ -3.5117, 40.6327 ], [ -3.5117, 40.6323 ], [ -3.513, 40.6323 ], [ -3.5129, 40.632 ], [ -3.5141, 40.632 ], [ -3.5145, 40.6307 ], [ -3.5149, 40.6308 ], [ -3.5156, 40.6298 ], [ -3.5181, 40.6281 ], [ -3.5166, 40.6273 ], [ -3.5166, 40.6271 ], [ -3.5153, 40.627 ], [ -3.5149, 40.6295 ], [ -3.5129, 40.6294 ], [ -3.5126, 40.6297 ], [ -3.5121, 40.6296 ], [ -3.5112, 40.6296 ], [ -3.5111, 40.6297 ], [ -3.5109, 40.6296 ], [ -3.5109, 40.6308 ], [ -3.5101, 40.6302 ], [ -3.5101, 40.6323 ] ] ] } },
{ "type": "Feature", "properties": { "municipio": "Fuente el Saz de Jarama", "clasificacion": "urbano-consolidado", "calificacion": "sin-asignar", "version": "vigente", "fuente": "SIT-CAM WFS — UsoDelSuelo:VPLA_V_CLASIFICACION (https://idem.comunidad.madrid/geosrvg/ows)", "fecha_dato": "2026-05-12", "ambito": "77796", "_raw_CD_SIGLAS": "SUC", "_raw_DS_CLASIF_GEN": "Suelo Urbano Consolidado", "_raw_DS_CLASIF_DET": "Suelo Urbano Consolidado", "_raw_DS_DOCU": "PLAN GENERAL", "_raw_DS_LEY": "CM Ley 9/2001, E Ley 6/1998", "_raw_FC_AC": "2010-09-23", "_raw_NM_AREA_M2": 16802.2934701464, "_cam_code": "059" }, "geometry": { "type": "Polygon", "coordinates": [ [ [ -3.533, 40.6199 ], [ -3.5324, 40.6201 ], [ -3.532, 40.6204 ], [ -3.5321, 40.6207 ], [ -3.5326, 40.6208 ], [ -3.5326, 40.6211 ], [ -3.5337, 40.6213 ], [ -3.5339, 40.6206 ], [ -3.5338, 40.6201 ], [ -3.5335, 40.6199 ], [ -3.533, 40.6199 ] ] ] } },
{ "type": "Feature", "properties": { "municipio": "Fuente el Saz de Jarama", "clasificacion": "urbano-no-consolidado", "calificacion": "sin-asignar", "version": "vigente", "fuente": "SIT-CAM WFS — UsoDelSuelo:VPLA_V_CLASIFICACION (https://idem.comunidad.madrid/geosrvg/ows)", "fecha_dato": "2026-05-12", "ambito": "77796", "_raw_CD_SIGLAS": "SUNC", "_raw_DS_CLASIF_GEN": "Suelo Urbano No Consolidado", "_raw_DS_CLASIF_DET": "Suelo Urbano No Consolidado", "_raw_DS_DOCU": "PLAN GENERAL", "_raw_DS_LEY": "CM Ley 9/2001, E Ley 6/1998", "_raw_FC_AC": "2010-09-23", "_raw_NM_AREA_M2": 8883.2265867004498, "_cam_code": "059" }, "geometry": { "type": "Polygon", "coordinates": [ [ [ -3.5134, 40.6457 ], [ -3.5131, 40.6471 ], [ -3.5138, 40.6472 ], [ -3.514, 40.6458 ], [ -3.5134, 40.6457 ] ] ] } },
{ "type": "Feature", "properties": { "municipio": "Fuente el Saz de Jarama", "clasificacion": "urbano-no-consolidado", "calificacion": "sin-asignar", "version": "vigente", "fuente": "SIT-CAM WFS — UsoDelSuelo:VPLA_V_CLASIFICACION (https://idem.comunidad.madrid/geosrvg/ows)", "fecha_dato": "2026-05-12", "ambito": "77796", "_raw_CD_SIGLAS": "SUNC", "_raw_DS_CLASIF_GEN": "Suelo Urbano No Consolidado", "_raw_DS_CLASIF_DET": "Suelo Urbano No Consolidado", "_raw_DS_DOCU": "PLAN GENERAL", "_raw_DS_LEY": "CM Ley 9/2001, E Ley 6/1998", "_raw_FC_AC": "2010-09-23", "_raw_NM_AREA_M2": 63705.535628551297, "_cam_code": "059" }, "geometry": { "type": "Polygon", "coordinates": [ [ [ -3.5137, 40.6422 ], [ -3.5132, 40.6422 ], [ -3.5127, 40.6424 ], [ -3.5114, 40.6426 ], [ -3.5115, 40.643 ], [ -3.5109, 40.6431 ], [ -3.5109, 40.6447 ], [ -3.5133, 40.6454 ], [ -3.5133, 40.6438 ], [ -3.5134, 40.6438 ], [ -3.5138, 40.6429 ], [ -3.514, 40.6428 ], [ -3.5141, 40.6425 ], [ -3.5144, 40.6422 ], [ -3.5137, 40.6422 ] ] ] } },
{ "type": "Feature", "properties": { "municipio": "Fuente el Saz de Jarama", "clasificacion": "urbano-no-consolidado", "calificacion": "sin-asignar", "version": "vigente", "fuente": "SIT-CAM WFS — UsoDelSuelo:VPLA_V_CLASIFICACION (https://idem.comunidad.madrid/geosrvg/ows)", "fecha_dato": "2026-05-12", "ambito": "77796", "_raw_CD_SIGLAS": "SUNC", "_raw_DS_CLASIF_GEN": "Suelo Urbano No Consolidado", "_raw_DS_CLASIF_DET": "Suelo Urbano No Consolidado", "_raw_DS_DOCU": "PLAN GENERAL", "_raw_DS_LEY": "CM Ley 9/2001, E Ley 6/1998", "_raw_FC_AC": "2010-09-23", "_raw_NM_AREA_M2": 67384.419130090595, "_cam_code": "059" }, "geometry": { "type": "Polygon", "coordinates": [ [ [ -3.5039, 40.6429 ], [ -3.5046, 40.6437 ], [ -3.5041, 40.6441 ], [ -3.5049, 40.6448 ], [ -3.5068, 40.6431 ], [ -3.508, 40.6418 ], [ -3.5055, 40.6416 ], [ -3.5055, 40.6408 ], [ -3.5048, 40.6408 ], [ -3.5048, 40.6416 ], [ -3.5047, 40.6416 ], [ -3.5047, 40.6418 ], [ -3.5045, 40.642 ], [ -3.5045, 40.6423 ], [ -3.5049, 40.6425 ], [ -3.5047, 40.6429 ], [ -3.5039, 40.6427 ], [ -3.5039, 40.6429 ] ] ] } },
{ "type": "Feature", "properties": { "municipio": "Fuente el Saz de Jarama", "clasificacion": "urbano-no-consolidado", "calificacion": "sin-asignar", "version": "vigente", "fuente": "SIT-CAM WFS — UsoDelSuelo:VPLA_V_CLASIFICACION (https://idem.comunidad.madrid/geosrvg/ows)", "fecha_dato": "2026-05-12", "ambito": "77796", "_raw_CD_SIGLAS": "SUNC", "_raw_DS_CLASIF_GEN": "Suelo Urbano No Consolidado", "_raw_DS_CLASIF_DET": "Suelo Urbano No Consolidado", "_raw_DS_DOCU": "PLAN GENERAL", "_raw_DS_LEY": "CM Ley 9/2001, E Ley 6/1998", "_raw_FC_AC": "2010-09-23", "_raw_NM_AREA_M2": 57893.122064353403, "_cam_code": "059" }, "geometry": { "type": "Polygon", "coordinates": [ [ [ -3.5071, 40.643 ], [ -3.5065, 40.6435 ], [ -3.5073, 40.6437 ], [ -3.5108, 40.6437 ], [ -3.5108, 40.6432 ], [ -3.5102, 40.6432 ], [ -3.5102, 40.6429 ], [ -3.5104, 40.6426 ], [ -3.5094, 40.6424 ], [ -3.5095, 40.642 ], [ -3.5107, 40.6419 ], [ -3.5107, 40.6419 ], [ -3.5107, 40.6418 ], [ -3.5107, 40.6417 ], [ -3.5107, 40.6418 ], [ -3.5102, 40.6419 ], [ -3.5102, 40.6414 ], [ -3.5107, 40.6414 ], [ -3.5106, 40.6411 ], [ -3.5097, 40.6409 ], [ -3.5092, 40.6412 ], [ -3.5092, 40.6411 ], [ -3.5081, 40.642 ], [ -3.5082, 40.6422 ], [ -3.5081, 40.6422 ], [ -3.5081, 40.6425 ], [ -3.5078, 40.6431 ], [ -3.5071, 40.643 ] ] ] } },
{ "type": "Feature", "properties": { "municipio": "Fuente el Saz de Jarama", "clasificacion": "urbano-no-consolidado", "calificacion": "sin-asignar", "version": "vigente", "fuente": "SIT-CAM WFS — UsoDelSuelo:VPLA_V_CLASIFICACION (https://idem.comunidad.madrid/geosrvg/ows)", "fecha_dato": "2026-05-12", "ambito": "77796", "_raw_CD_SIGLAS": "SUNC", "_raw_DS_CLASIF_GEN": "Suelo Urbano No Consolidado", "_raw_DS_CLASIF_DET": "Suelo Urbano No Consolidado", "_raw_DS_DOCU": "PLAN GENERAL", "_raw_DS_LEY": "CM Ley 9/2001, E Ley 6/1998", "_raw_FC_AC": "2010-09-23", "_raw_NM_AREA_M2": 59283.773963488697, "_cam_code": "059" }, "geometry": { "type": "Polygon", "coordinates": [ [ [ -3.5143, 40.6405 ], [ -3.5147, 40.6405 ], [ -3.5147, 40.6395 ], [ -3.5149, 40.6383 ], [ -3.5144, 40.6383 ], [ -3.5144, 40.6387 ], [ -3.5139, 40.6387 ], [ -3.5137, 40.6376 ], [ -3.5134, 40.6377 ], [ -3.5134, 40.6379 ], [ -3.5128, 40.638 ], [ -3.5126, 40.6388 ], [ -3.5121, 40.6388 ], [ -3.512, 40.6389 ], [ -3.5117, 40.6388 ], [ -3.5114, 40.6391 ], [ -3.5119, 40.6404 ], [ -3.5127, 40.6404 ], [ -3.5136, 40.6402 ], [ -3.5135, 40.6405 ], [ -3.5143, 40.6405 ] ] ] } },
{ "type": "Feature", "properties": { "municipio": "Fuente el Saz de Jarama", "clasificacion": "urbano-no-consolidado", "calificacion": "sin-asignar", "version": "vigente", "fuente": "SIT-CAM WFS — UsoDelSuelo:VPLA_V_CLASIFICACION (https://idem.comunidad.madrid/geosrvg/ows)", "fecha_dato": "2026-05-12", "ambito": "77796", "_raw_CD_SIGLAS": "SUNC", "_raw_DS_CLASIF_GEN": "Suelo Urbano No Consolidado", "_raw_DS_CLASIF_DET": "Suelo Urbano No Consolidado", "_raw_DS_DOCU": "PLAN GENERAL", "_raw_DS_LEY": "CM Ley 9/2001, E Ley 6/1998", "_raw_FC_AC": "2010-09-23", "_raw_NM_AREA_M2": 122125.77673837999, "_cam_code": "059" }, "geometry": { "type": "Polygon", "coordinates": [ [ [ -3.5071, 40.6398 ], [ -3.5084, 40.6399 ], [ -3.5085, 40.64 ], [ -3.5085, 40.6398 ], [ -3.51, 40.6399 ], [ -3.5096, 40.6389 ], [ -3.5107, 40.6389 ], [ -3.5107, 40.6371 ], [ -3.5104, 40.6371 ], [ -3.5103, 40.6368 ], [ -3.5095, 40.6365 ], [ -3.5089, 40.6365 ], [ -3.5081, 40.6367 ], [ -3.5073, 40.6372 ], [ -3.5071, 40.6372 ], [ -3.5066, 40.6376 ], [ -3.5061, 40.6382 ], [ -3.5054, 40.6387 ], [ -3.5052, 40.6391 ], [ -3.5061, 40.6393 ], [ -3.506, 40.6398 ], [ -3.5071, 40.6399 ], [ -3.5071, 40.6398 ] ] ] } },
{ "type": "Feature", "properties": { "municipio": "Fuente el Saz de Jarama", "clasificacion": "urbano-no-consolidado", "calificacion": "sin-asignar", "version": "vigente", "fuente": "SIT-CAM WFS — UsoDelSuelo:VPLA_V_CLASIFICACION (https://idem.comunidad.madrid/geosrvg/ows)", "fecha_dato": "2026-05-12", "ambito": "77796", "_raw_CD_SIGLAS": "SUNC", "_raw_DS_CLASIF_GEN": "Suelo Urbano No Consolidado", "_raw_DS_CLASIF_DET": "Suelo Urbano No Consolidado", "_raw_DS_DOCU": "PLAN GENERAL", "_raw_DS_LEY": "CM Ley 9/2001, E Ley 6/1998", "_raw_FC_AC": "2010-09-23", "_raw_NM_AREA_M2": 13899.3643279591, "_cam_code": "059" }, "geometry": { "type": "Polygon", "coordinates": [ [ [ -3.5197, 40.6383 ], [ -3.5202, 40.6387 ], [ -3.5209, 40.6378 ], [ -3.5187, 40.6377 ], [ -3.5183, 40.6384 ], [ -3.519, 40.6385 ], [ -3.519, 40.6383 ], [ -3.5197, 40.6383 ] ] ] } },
{ "type": "Feature", "properties": { "municipio": "Fuente el Saz de Jarama", "clasificacion": "urbano-no-consolidado", "calificacion": "sin-asignar", "version": "vigente", "fuente": "SIT-CAM WFS — UsoDelSuelo:VPLA_V_CLASIFICACION (https://idem.comunidad.madrid/geosrvg/ows)", "fecha_dato": "2026-05-12", "ambito": "77796", "_raw_CD_SIGLAS": "SUNC", "_raw_DS_CLASIF_GEN": "Suelo Urbano No Consolidado", "_raw_DS_CLASIF_DET": "Suelo Urbano No Consolidado", "_raw_DS_DOCU": "PLAN GENERAL", "_raw_DS_LEY": "CM Ley 9/2001, E Ley 6/1998", "_raw_FC_AC": "2010-09-23", "_raw_NM_AREA_M2": 14418.7019755003, "_cam_code": "059" }, "geometry": { "type": "Polygon", "coordinates": [ [ [ -3.5092, 40.6365 ], [ -3.5103, 40.6367 ], [ -3.5102, 40.6349 ], [ -3.5098, 40.6349 ], [ -3.5091, 40.6355 ], [ -3.5096, 40.6358 ], [ -3.509, 40.6363 ], [ -3.5092, 40.6365 ] ] ] } },
{ "type": "Feature", "properties": { "municipio": "Fuente el Saz de Jarama", "clasificacion": "urbano-no-consolidado", "calificacion": "sin-asignar", "version": "vigente", "fuente": "SIT-CAM WFS — UsoDelSuelo:VPLA_V_CLASIFICACION (https://idem.comunidad.madrid/geosrvg/ows)", "fecha_dato": "2026-05-12", "ambito": "77796", "_raw_CD_SIGLAS": "SUNC", "_raw_DS_CLASIF_GEN": "Suelo Urbano No Consolidado", "_raw_DS_CLASIF_DET": "Suelo Urbano No Consolidado", "_raw_DS_DOCU": "PLAN GENERAL", "_raw_DS_LEY": "CM Ley 9/2001, E Ley 6/1998", "_raw_FC_AC": "2010-09-23", "_raw_NM_AREA_M2": 22119.253337578699, "_cam_code": "059" }, "geometry": { "type": "Polygon", "coordinates": [ [ [ -3.508, 40.6339 ], [ -3.5087, 40.6339 ], [ -3.5088, 40.634 ], [ -3.5094, 40.6339 ], [ -3.5091, 40.6338 ], [ -3.509, 40.6335 ], [ -3.5095, 40.6337 ], [ -3.5097, 40.6331 ], [ -3.5074, 40.6322 ], [ -3.5073, 40.6324 ], [ -3.508, 40.6339 ] ] ] } },
{ "type": "Feature", "properties": { "municipio": "Fuente el Saz de Jarama", "clasificacion": "urbano-no-consolidado", "calificacion": "sin-asignar", "version": "vigente", "fuente": "SIT-CAM WFS — UsoDelSuelo:VPLA_V_CLASIFICACION (https://idem.comunidad.madrid/geosrvg/ows)", "fecha_dato": "2026-05-12", "ambito": "77796", "_raw_CD_SIGLAS": "SUNC", "_raw_DS_CLASIF_GEN": "Suelo Urbano No Consolidado", "_raw_DS_CLASIF_DET": "Suelo Urbano No Consolidado", "_raw_DS_DOCU": "PLAN GENERAL", "_raw_DS_LEY": "CM Ley 9/2001, E Ley 6/1998", "_raw_FC_AC": "2010-09-23", "_raw_NM_AREA_M2": 19910.458480100799, "_cam_code": "059" }, "geometry": { "type": "Polygon", "coordinates": [ [ [ -3.5193, 40.6294 ], [ -3.5193, 40.6295 ], [ -3.5196, 40.6296 ], [ -3.5203, 40.6297 ], [ -3.5205, 40.6292 ], [ -3.5206, 40.6292 ], [ -3.5203, 40.6291 ], [ -3.5204, 40.6289 ], [ -3.5196, 40.6288 ], [ -3.5183, 40.6284 ], [ -3.5179, 40.6284 ], [ -3.5179, 40.6285 ], [ -3.5173, 40.6288 ], [ -3.5182, 40.6292 ], [ -3.5193, 40.6294 ] ] ] } },
{ "type": "Feature", "properties": { "municipio": "Fuente el Saz de Jarama", "clasificacion": "urbano-no-consolidado", "calificacion": "sin-asignar", "version": "vigente", "fuente": "SIT-CAM WFS — UsoDelSuelo:VPLA_V_CLASIFICACION (https://idem.comunidad.madrid/geosrvg/ows)", "fecha_dato": "2026-05-12", "ambito": "77796", "_raw_CD_SIGLAS": "SUNC", "_raw_DS_CLASIF_GEN": "Suelo Urbano No Consolidado", "_raw_DS_CLASIF_DET": "Suelo Urbano No Consolidado", "_raw_DS_DOCU": "PLAN GENERAL", "_raw_DS_LEY": "CM Ley 9/2001, E Ley 6/1998", "_raw_FC_AC": "2010-09-23", "_raw_NM_AREA_M2": 233296.610763565, "_cam_code": "059" }, "geometry": { "type": "Polygon", "coordinates": [ [ [ -3.5315, 40.6167 ], [ -3.5327, 40.6175 ], [ -3.5348, 40.6181 ], [ -3.5361, 40.6175 ], [ -3.5378, 40.6162 ], [ -3.5365, 40.6161 ], [ -3.5364, 40.6164 ], [ -3.5351, 40.6163 ], [ -3.5354, 40.6156 ], [ -3.5342, 40.6155 ], [ -3.5335, 40.6157 ], [ -3.5331, 40.6151 ], [ -3.5322, 40.6143 ], [ -3.5322, 40.6145 ], [ -3.5294, 40.6135 ], [ -3.529, 40.6143 ], [ -3.5275, 40.6137 ], [ -3.5274, 40.6141 ], [ -3.5256, 40.614 ], [ -3.5258, 40.6153 ], [ -3.5267, 40.6152 ], [ -3.5269, 40.6168 ], [ -3.5272, 40.6166 ], [ -3.5276, 40.6158 ], [ -3.5303, 40.6168 ], [ -3.531, 40.6169 ], [ -3.5315, 40.6167 ] ] ] } }
]
}
