{
"type": "FeatureCollection",
"name": "vigente.full",
"features": [
{ "type": "Feature", "properties": { "municipio": "El Berrueco", "clasificacion": "no-urbanizable-protegido", "calificacion": "sin-asignar", "version": "vigente", "fuente": "SIT-CAM WFS — UsoDelSuelo:VPLA_V_CLASIFICACION (https://idem.comunidad.madrid/geosrvg/ows)", "fecha_dato": "2026-05-12", "ambito": "33594", "_raw_CD_SIGLAS": "SNUP", "_raw_DS_CLASIF_GEN": "Suelo No Urbanizable Protegido", "_raw_DS_CLASIF_DET": "Suelo no urbanizable especialmente protegido por su interes agropecuario", "_raw_DS_DOCU": "NORMAS SUBSIDIARIAS", "_raw_DS_LEY": "CM Ley 9/1995, E RDL 1/1992", "_raw_FC_AC": "1997-07-31", "_raw_NM_AREA_M2": 1053127.51938662, "_cam_code": "021" }, "geometry": { "type": "Polygon", "coordinates": [ [ [ -3.5695, 40.9042 ], [ -3.5707, 40.9042 ], [ -3.5709, 40.904 ], [ -3.5711, 40.9034 ], [ -3.5715, 40.9032 ], [ -3.5729, 40.9031 ], [ -3.5727, 40.902 ], [ -3.5736, 40.9013 ], [ -3.5724, 40.8999 ], [ -3.57, 40.8976 ], [ -3.5699, 40.8973 ], [ -3.5694, 40.8968 ], [ -3.5692, 40.8964 ], [ -3.5674, 40.8945 ], [ -3.5689, 40.8942 ], [ -3.5694, 40.8939 ], [ -3.5701, 40.8939 ], [ -3.5709, 40.8935 ], [ -3.5712, 40.8931 ], [ -3.5695, 40.8919 ], [ -3.5717, 40.8919 ], [ -3.5721, 40.8918 ], [ -3.5726, 40.8907 ], [ -3.5728, 40.8897 ], [ -3.5732, 40.8895 ], [ -3.5741, 40.8894 ], [ -3.5746, 40.8895 ], [ -3.5747, 40.8894 ], [ -3.5761, 40.8898 ], [ -3.577, 40.8898 ], [ -3.577, 40.8897 ], [ -3.5773, 40.8896 ], [ -3.5774, 40.8892 ], [ -3.5775, 40.8892 ], [ -3.5775, 40.8889 ], [ -3.5773, 40.8886 ], [ -3.5769, 40.8884 ], [ -3.5763, 40.8884 ], [ -3.5748, 40.8887 ], [ -3.5734, 40.8887 ], [ -3.5716, 40.8881 ], [ -3.5691, 40.8879 ], [ -3.569, 40.8877 ], [ -3.5691, 40.887 ], [ -3.5695, 40.8868 ], [ -3.5716, 40.8864 ], [ -3.573, 40.8863 ], [ -3.573, 40.8856 ], [ -3.5725, 40.8856 ], [ -3.5708, 40.8862 ], [ -3.5686, 40.8862 ], [ -3.5669, 40.8864 ], [ -3.5671, 40.8872 ], [ -3.5668, 40.8876 ], [ -3.5663, 40.8879 ], [ -3.5667, 40.8891 ], [ -3.5667, 40.8896 ], [ -3.5668, 40.8897 ], [ -3.5667, 40.8901 ], [ -3.5664, 40.8902 ], [ -3.5665, 40.8905 ], [ -3.5655, 40.891 ], [ -3.5657, 40.8911 ], [ -3.5652, 40.8913 ], [ -3.5654, 40.8914 ], [ -3.5646, 40.8919 ], [ -3.564, 40.8914 ], [ -3.5622, 40.8908 ], [ -3.5611, 40.8907 ], [ -3.5599, 40.8904 ], [ -3.5599, 40.8908 ], [ -3.5597, 40.8908 ], [ -3.5603, 40.8912 ], [ -3.5609, 40.8914 ], [ -3.5617, 40.8914 ], [ -3.5617, 40.8913 ], [ -3.5633, 40.8914 ], [ -3.5637, 40.8916 ], [ -3.5639, 40.892 ], [ -3.5651, 40.8932 ], [ -3.5659, 40.8938 ], [ -3.566, 40.8946 ], [ -3.5666, 40.8941 ], [ -3.5667, 40.8937 ], [ -3.5668, 40.894 ], [ -3.567, 40.8941 ], [ -3.5668, 40.8943 ], [ -3.5667, 40.8948 ], [ -3.5669, 40.8958 ], [ -3.5668, 40.8961 ], [ -3.5667, 40.8961 ], [ -3.5666, 40.8972 ], [ -3.5664, 40.8977 ], [ -3.5653, 40.8988 ], [ -3.5654, 40.9001 ], [ -3.565, 40.9013 ], [ -3.5639, 40.9012 ], [ -3.5638, 40.901 ], [ -3.5638, 40.9005 ], [ -3.5639, 40.9005 ], [ -3.5638, 40.9001 ], [ -3.564, 40.8994 ], [ -3.5634, 40.8994 ], [ -3.5632, 40.8987 ], [ -3.562, 40.8987 ], [ -3.5621, 40.8988 ], [ -3.562, 40.8993 ], [ -3.5617, 40.8996 ], [ -3.5614, 40.8997 ], [ -3.5605, 40.8998 ], [ -3.56, 40.8996 ], [ -3.56, 40.9007 ], [ -3.5598, 40.9009 ], [ -3.5606, 40.9013 ], [ -3.5616, 40.9016 ], [ -3.5625, 40.9023 ], [ -3.5652, 40.9036 ], [ -3.5656, 40.9036 ], [ -3.5658, 40.9038 ], [ -3.5664, 40.9038 ], [ -3.5665, 40.904 ], [ -3.5669, 40.904 ], [ -3.567, 40.9042 ], [ -3.5695, 40.9042 ] ] ] } },
{ "type": "Feature", "properties": { "municipio": "El Berrueco", "clasificacion": "no-urbanizable-protegido", "calificacion": "sin-asignar", "version": "vigente", "fuente": "SIT-CAM WFS — UsoDelSuelo:VPLA_V_CLASIFICACION (https://idem.comunidad.madrid/geosrvg/ows)", "fecha_dato": "2026-05-12", "ambito": "33594", "_raw_CD_SIGLAS": "SNUP", "_raw_DS_CLASIF_GEN": "Suelo No Urbanizable Protegido", "_raw_DS_CLASIF_DET": "Suelo no urbanizable especialmente protegido por su interes cultural", "_raw_DS_DOCU": "NORMAS SUBSIDIARIAS", "_raw_DS_LEY": "CM Ley 9/1995, E RDL 1/1992", "_raw_FC_AC": "1997-07-31", "_raw_NM_AREA_M2": 54542.032374723502, "_cam_code": "021" }, "geometry": { "type": "Polygon", "coordinates": [ [ [ -3.5976, 40.8846 ], [ -3.5981, 40.8884 ], [ -3.5993, 40.8903 ], [ -3.6005, 40.8915 ], [ -3.6007, 40.8916 ], [ -3.6012, 40.8915 ], [ -3.6008, 40.8908 ], [ -3.5992, 40.8891 ], [ -3.5991, 40.8887 ], [ -3.5989, 40.8885 ], [ -3.5987, 40.8865 ], [ -3.5983, 40.8852 ], [ -3.5983, 40.8848 ], [ -3.5979, 40.8843 ], [ -3.5978, 40.8846 ], [ -3.5976, 40.8846 ] ] ] } },
{ "type": "Feature", "properties": { "municipio": "El Berrueco", "clasificacion": "no-urbanizable-protegido", "calificacion": "sin-asignar", "version": "vigente", "fuente": "SIT-CAM WFS — UsoDelSuelo:VPLA_V_CLASIFICACION (https://idem.comunidad.madrid/geosrvg/ows)", "fecha_dato": "2026-05-12", "ambito": "33594", "_raw_CD_SIGLAS": "SNUP", "_raw_DS_CLASIF_GEN": "Suelo No Urbanizable Protegido", "_raw_DS_CLASIF_DET": "Suelo no urbanizable especialmente protegido por su interes forestal", "_raw_DS_DOCU": "NORMAS SUBSIDIARIAS", "_raw_DS_LEY": "CM Ley 9/1995, E RDL 1/1992", "_raw_FC_AC": "1997-07-31", "_raw_NM_AREA_M2": 78244.269561900102, "_cam_code": "021" }, "geometry": { "type": "Polygon", "coordinates": [ [ [ -3.5491, 40.8774 ], [ -3.5503, 40.8782 ], [ -3.5511, 40.8783 ], [ -3.552, 40.878 ], [ -3.5537, 40.878 ], [ -3.5542, 40.8778 ], [ -3.5543, 40.8776 ], [ -3.5542, 40.8775 ], [ -3.5542, 40.8776 ], [ -3.5536, 40.8776 ], [ -3.5527, 40.8772 ], [ -3.5526, 40.8769 ], [ -3.5525, 40.8769 ], [ -3.5526, 40.8767 ], [ -3.5522, 40.8763 ], [ -3.5524, 40.8757 ], [ -3.5512, 40.8756 ], [ -3.5512, 40.8758 ], [ -3.551, 40.876 ], [ -3.5507, 40.876 ], [ -3.5502, 40.8757 ], [ -3.5498, 40.8757 ], [ -3.5493, 40.8761 ], [ -3.5491, 40.8765 ], [ -3.5491, 40.8774 ] ] ] } },
{ "type": "Feature", "properties": { "municipio": "El Berrueco", "clasificacion": "no-urbanizable-protegido", "calificacion": "sin-asignar", "version": "vigente", "fuente": "SIT-CAM WFS — UsoDelSuelo:VPLA_V_CLASIFICACION (https://idem.comunidad.madrid/geosrvg/ows)", "fecha_dato": "2026-05-12", "ambito": "33594", "_raw_CD_SIGLAS": "SNUP", "_raw_DS_CLASIF_GEN": "Suelo No Urbanizable Protegido", "_raw_DS_CLASIF_DET": "Suelo no urbanizable especialmente protegido por su interes forestal", "_raw_DS_DOCU": "NORMAS SUBSIDIARIAS", "_raw_DS_LEY": "CM Ley 9/1995, E RDL 1/1992", "_raw_FC_AC": "1997-07-31", "_raw_NM_AREA_M2": 62929.7680275194, "_cam_code": "021" }, "geometry": { "type": "Polygon", "coordinates": [ [ [ -3.571, 40.851 ], [ -3.5683, 40.852 ], [ -3.5676, 40.8524 ], [ -3.5707, 40.8538 ], [ -3.5721, 40.854 ], [ -3.5723, 40.8539 ], [ -3.5717, 40.8533 ], [ -3.571, 40.851 ] ] ] } },
{ "type": "Feature", "properties": { "municipio": "El Berrueco", "clasificacion": "no-urbanizable-protegido", "calificacion": "sin-asignar", "version": "vigente", "fuente": "SIT-CAM WFS — UsoDelSuelo:VPLA_V_CLASIFICACION (https://idem.comunidad.madrid/geosrvg/ows)", "fecha_dato": "2026-05-12", "ambito": "33594", "_raw_CD_SIGLAS": "SNUP", "_raw_DS_CLASIF_GEN": "Suelo No Urbanizable Protegido", "_raw_DS_CLASIF_DET": "Suelo no urbanizable especialmente protegido por su interes forestal", "_raw_DS_DOCU": "NORMAS SUBSIDIARIAS", "_raw_DS_LEY": "CM Ley 9/1995, E RDL 1/1992", "_raw_FC_AC": "1997-07-31", "_raw_NM_AREA_M2": 373.54315876838803, "_cam_code": "021" }, "geometry": { "type": "Polygon", "coordinates": [ [ [ -3.5993, 40.8887 ], [ -3.5991, 40.8887 ], [ -3.5992, 40.889 ], [ -3.5993, 40.8889 ], [ -3.5993, 40.8887 ] ] ] } },
{ "type": "Feature", "properties": { "municipio": "El Berrueco", "clasificacion": "no-urbanizable-protegido", "calificacion": "sin-asignar", "version": "vigente", "fuente": "SIT-CAM WFS — UsoDelSuelo:VPLA_V_CLASIFICACION (https://idem.comunidad.madrid/geosrvg/ows)", "fecha_dato": "2026-05-12", "ambito": "33594", "_raw_CD_SIGLAS": "SNUP", "_raw_DS_CLASIF_GEN": "Suelo No Urbanizable Protegido", "_raw_DS_CLASIF_DET": "Suelo no urbanizable especialmente protegido por su interes forestal", "_raw_DS_DOCU": "NORMAS SUBSIDIARIAS", "_raw_DS_LEY": "CM Ley 9/1995, E RDL 1/1992", "_raw_FC_AC": "1997-07-31", "_raw_NM_AREA_M2": 6124074.2656589802, "_cam_code": "021" }, "geometry": { "type": "Polygon", "coordinates": [ [ [ -3.5739, 40.9001 ], [ -3.574, 40.9003 ], [ -3.5744, 40.9003 ], [ -3.577, 40.9 ], [ -3.5771, 40.8999 ], [ -3.5771, 40.9 ], [ -3.5776, 40.8999 ], [ -3.578, 40.8994 ], [ -3.58, 40.8994 ], [ -3.5806, 40.8996 ], [ -3.5864, 40.8984 ], [ -3.5886, 40.8981 ], [ -3.5906, 40.8975 ], [ -3.5943, 40.8969 ], [ -3.5987, 40.8955 ], [ -3.599, 40.8953 ], [ -3.6026, 40.8944 ], [ -3.6017, 40.8923 ], [ -3.6012, 40.8915 ], [ -3.6007, 40.8916 ], [ -3.6002, 40.8913 ], [ -3.5993, 40.8903 ], [ -3.5983, 40.8888 ], [ -3.598, 40.8881 ], [ -3.5978, 40.8865 ], [ -3.5977, 40.8869 ], [ -3.5972, 40.8873 ], [ -3.5962, 40.8873 ], [ -3.5942, 40.886 ], [ -3.5928, 40.8849 ], [ -3.5911, 40.8847 ], [ -3.5908, 40.8842 ], [ -3.5906, 40.884 ], [ -3.5904, 40.884 ], [ -3.5904, 40.8839 ], [ -3.5896, 40.8839 ], [ -3.5895, 40.884 ], [ -3.5886, 40.8816 ], [ -3.5874, 40.8818 ], [ -3.5881, 40.8831 ], [ -3.5882, 40.8843 ], [ -3.5883, 40.8843 ], [ -3.5882, 40.8847 ], [ -3.586, 40.8849 ], [ -3.5851, 40.8839 ], [ -3.5852, 40.8836 ], [ -3.5863, 40.8834 ], [ -3.5862, 40.8829 ], [ -3.5857, 40.8826 ], [ -3.5855, 40.8826 ], [ -3.5855, 40.8828 ], [ -3.5852, 40.8829 ], [ -3.5842, 40.8825 ], [ -3.5841, 40.8825 ], [ -3.5841, 40.8827 ], [ -3.5837, 40.8827 ], [ -3.5837, 40.8826 ], [ -3.583, 40.8824 ], [ -3.583, 40.8826 ], [ -3.5832, 40.8826 ], [ -3.5832, 40.8827 ], [ -3.5829, 40.883 ], [ -3.5824, 40.883 ], [ -3.5821, 40.8833 ], [ -3.5817, 40.8833 ], [ -3.5813, 40.8827 ], [ -3.5814, 40.8825 ], [ -3.5815, 40.8824 ], [ -3.5824, 40.8824 ], [ -3.5826, 40.8822 ], [ -3.5826, 40.882 ], [ -3.5821, 40.8816 ], [ -3.5821, 40.8814 ], [ -3.5819, 40.8817 ], [ -3.5814, 40.8812 ], [ -3.5814, 40.881 ], [ -3.5807, 40.8806 ], [ -3.5805, 40.8806 ], [ -3.5795, 40.8797 ], [ -3.5787, 40.8797 ], [ -3.5785, 40.8793 ], [ -3.5781, 40.8793 ], [ -3.5779, 40.8788 ], [ -3.5778, 40.8788 ], [ -3.5778, 40.8782 ], [ -3.5777, 40.8781 ], [ -3.5773, 40.8781 ], [ -3.5773, 40.8782 ], [ -3.577, 40.8783 ], [ -3.577, 40.8781 ], [ -3.5772, 40.878 ], [ -3.5775, 40.8775 ], [ -3.5783, 40.8772 ], [ -3.5796, 40.8779 ], [ -3.5796, 40.878 ], [ -3.581, 40.8777 ], [ -3.5818, 40.8777 ], [ -3.582, 40.8779 ], [ -3.5822, 40.8777 ], [ -3.5825, 40.8777 ], [ -3.5833, 40.8773 ], [ -3.5846, 40.8773 ], [ -3.5848, 40.8774 ], [ -3.5855, 40.8772 ], [ -3.5865, 40.8789 ], [ -3.587, 40.8788 ], [ -3.5873, 40.8798 ], [ -3.5935, 40.8791 ], [ -3.5936, 40.88 ], [ -3.5901, 40.8809 ], [ -3.5902, 40.8813 ], [ -3.5892, 40.8815 ], [ -3.5907, 40.8827 ], [ -3.5919, 40.8832 ], [ -3.5926, 40.8832 ], [ -3.5928, 40.883 ], [ -3.5926, 40.8813 ], [ -3.595, 40.8812 ], [ -3.596, 40.881 ], [ -3.5944, 40.8781 ], [ -3.5927, 40.8764 ], [ -3.5919, 40.8758 ], [ -3.591, 40.876 ], [ -3.591, 40.8769 ], [ -3.5903, 40.8773 ], [ -3.5907, 40.8779 ], [ -3.59, 40.8791 ], [ -3.5887, 40.8791 ], [ -3.5887, 40.8784 ], [ -3.5881, 40.8771 ], [ -3.5881, 40.877 ], [ -3.5886, 40.8772 ], [ -3.5885, 40.8763 ], [ -3.5878, 40.8763 ], [ -3.5877, 40.8764 ], [ -3.5867, 40.8764 ], [ -3.5865, 40.8763 ], [ -3.586, 40.8759 ], [ -3.5859, 40.8752 ], [ -3.5859, 40.875 ], [ -3.586, 40.875 ], [ -3.5859, 40.8748 ], [ -3.5857, 40.8746 ], [ -3.5848, 40.8744 ], [ -3.5835, 40.8743 ], [ -3.583, 40.8744 ], [ -3.5824, 40.8759 ], [ -3.5818, 40.8769 ], [ -3.5815, 40.8766 ], [ -3.581, 40.8764 ], [ -3.5809, 40.8762 ], [ -3.5795, 40.8761 ], [ -3.5795, 40.8762 ], [ -3.5784, 40.8762 ], [ -3.5778, 40.8766 ], [ -3.5774, 40.8766 ], [ -3.5769, 40.8771 ], [ -3.5763, 40.8771 ], [ -3.5747, 40.8766 ], [ -3.5742, 40.8766 ], [ -3.5742, 40.8765 ], [ -3.572, 40.8764 ], [ -3.5718, 40.8758 ], [ -3.5715, 40.8755 ], [ -3.5697, 40.8744 ], [ -3.5697, 40.8743 ], [ -3.5691, 40.8741 ], [ -3.5685, 40.8737 ], [ -3.5666, 40.8736 ], [ -3.5666, 40.8737 ], [ -3.5663, 40.8738 ], [ -3.566, 40.8743 ], [ -3.5654, 40.8745 ], [ -3.5654, 40.8746 ], [ -3.565, 40.8748 ], [ -3.5644, 40.8747 ], [ -3.5636, 40.8748 ], [ -3.5626, 40.8744 ], [ -3.5616, 40.8738 ], [ -3.5614, 40.8738 ], [ -3.561, 40.8735 ], [ -3.5599, 40.8731 ], [ -3.5569, 40.8725 ], [ -3.5561, 40.8725 ], [ -3.556, 40.8727 ], [ -3.5564, 40.8731 ], [ -3.5584, 40.8744 ], [ -3.5584, 40.8749 ], [ -3.5586, 40.8755 ], [ -3.559, 40.8761 ], [ -3.56, 40.8768 ], [ -3.5613, 40.8773 ], [ -3.5612, 40.8775 ], [ -3.5594, 40.8784 ], [ -3.5584, 40.8795 ], [ -3.5583, 40.8799 ], [ -3.5581, 40.8801 ], [ -3.5581, 40.8804 ], [ -3.5584, 40.8811 ], [ -3.5586, 40.8812 ], [ -3.5589, 40.8822 ], [ -3.5587, 40.8828 ], [ -3.5579, 40.8834 ], [ -3.5565, 40.8836 ], [ -3.556, 40.8838 ], [ -3.5561, 40.8846 ], [ -3.5566, 40.8851 ], [ -3.557, 40.8853 ], [ -3.5571, 40.8855 ], [ -3.5576, 40.8858 ], [ -3.5581, 40.8855 ], [ -3.5581, 40.8853 ], [ -3.5584, 40.8853 ], [ -3.5586, 40.8857 ], [ -3.559, 40.885 ], [ -3.5601, 40.8856 ], [ -3.5618, 40.8868 ], [ -3.562, 40.8868 ], [ -3.5629, 40.8861 ], [ -3.5635, 40.8864 ], [ -3.5645, 40.8863 ], [ -3.5646, 40.887 ], [ -3.5648, 40.887 ], [ -3.5665, 40.8865 ], [ -3.5669, 40.8865 ], [ -3.5669, 40.8864 ], [ -3.5674, 40.8864 ], [ -3.5674, 40.8863 ], [ -3.5688, 40.8862 ], [ -3.5691, 40.8861 ], [ -3.5692, 40.8859 ], [ -3.5694, 40.8859 ], [ -3.5701, 40.8852 ], [ -3.5708, 40.8848 ], [ -3.5717, 40.8845 ], [ -3.573, 40.8845 ], [ -3.5731, 40.8846 ], [ -3.573, 40.8863 ], [ -3.5716, 40.8864 ], [ -3.5695, 40.8868 ], [ -3.5691, 40.887 ], [ -3.569, 40.8872 ], [ -3.5691, 40.8879 ], [ -3.5716, 40.8881 ], [ -3.5734, 40.8887 ], [ -3.5748, 40.8887 ], [ -3.5763, 40.8884 ], [ -3.5769, 40.8884 ], [ -3.5772, 40.8885 ], [ -3.5775, 40.8889 ], [ -3.5775, 40.8892 ], [ -3.5774, 40.8892 ], [ -3.5773, 40.8896 ], [ -3.577, 40.8897 ], [ -3.577, 40.8898 ], [ -3.5761, 40.8898 ], [ -3.5747, 40.8894 ], [ -3.5746, 40.8895 ], [ -3.5743, 40.8894 ], [ -3.5732, 40.8895 ], [ -3.5728, 40.8897 ], [ -3.5727, 40.8899 ], [ -3.5726, 40.8907 ], [ -3.5721, 40.8918 ], [ -3.5717, 40.8919 ], [ -3.5695, 40.8919 ], [ -3.5698, 40.8922 ], [ -3.5719, 40.8935 ], [ -3.5722, 40.894 ], [ -3.5722, 40.8943 ], [ -3.5715, 40.8952 ], [ -3.5713, 40.8952 ], [ -3.5693, 40.8964 ], [ -3.5699, 40.8969 ], [ -3.5707, 40.898 ], [ -3.5711, 40.898 ], [ -3.5716, 40.8976 ], [ -3.5718, 40.8976 ], [ -3.5722, 40.898 ], [ -3.5722, 40.8982 ], [ -3.5715, 40.8986 ], [ -3.5727, 40.9 ], [ -3.573, 40.9002 ], [ -3.5739, 40.9001 ] ] ] } },
{ "type": "Feature", "properties": { "municipio": "El Berrueco", "clasificacion": "no-urbanizable-protegido", "calificacion": "sin-asignar", "version": "vigente", "fuente": "SIT-CAM WFS — UsoDelSuelo:VPLA_V_CLASIFICACION (https://idem.comunidad.madrid/geosrvg/ows)", "fecha_dato": "2026-05-12", "ambito": "33594", "_raw_CD_SIGLAS": "SNUP", "_raw_DS_CLASIF_GEN": "Suelo No Urbanizable Protegido", "_raw_DS_CLASIF_DET": "Suelo no urbanizable especialmente protegido por su interes forestal", "_raw_DS_DOCU": "NORMAS SUBSIDIARIAS", "_raw_DS_LEY": "CM Ley 9/1995, E RDL 1/1992", "_raw_FC_AC": "1997-07-31", "_raw_NM_AREA_M2": 49936.886694509099, "_cam_code": "021" }, "geometry": { "type": "Polygon", "coordinates": [ [ [ -3.5227, 40.8864 ], [ -3.5226, 40.887 ], [ -3.522, 40.8875 ], [ -3.5212, 40.8879 ], [ -3.5211, 40.8882 ], [ -3.5218, 40.8885 ], [ -3.5252, 40.8889 ], [ -3.5262, 40.8892 ], [ -3.5252, 40.8882 ], [ -3.5227, 40.8864 ] ] ] } },
{ "type": "Feature", "properties": { "municipio": "El Berrueco", "clasificacion": "no-urbanizable-protegido", "calificacion": "sin-asignar", "version": "vigente", "fuente": "SIT-CAM WFS — UsoDelSuelo:VPLA_V_CLASIFICACION (https://idem.comunidad.madrid/geosrvg/ows)", "fecha_dato": "2026-05-12", "ambito": "33594", "_raw_CD_SIGLAS": "SNUP", "_raw_DS_CLASIF_GEN": "Suelo No Urbanizable Protegido", "_raw_DS_CLASIF_DET": "Suelo no urbanizable especialmente protegido por su interes forestal", "_raw_DS_DOCU": "NORMAS SUBSIDIARIAS", "_raw_DS_LEY": "CM Ley 9/1995, E RDL 1/1992", "_raw_FC_AC": "1997-07-31", "_raw_NM_AREA_M2": 230399.28739704599, "_cam_code": "021" }, "geometry": { "type": "Polygon", "coordinates": [ [ [ -3.564, 40.8994 ], [ -3.5638, 40.9001 ], [ -3.5639, 40.9005 ], [ -3.5638, 40.9005 ], [ -3.5638, 40.901 ], [ -3.5639, 40.9012 ], [ -3.565, 40.9013 ], [ -3.5654, 40.9001 ], [ -3.5653, 40.8988 ], [ -3.5664, 40.8977 ], [ -3.5667, 40.8968 ], [ -3.5667, 40.8964 ], [ -3.5655, 40.8964 ], [ -3.5651, 40.8962 ], [ -3.5651, 40.8955 ], [ -3.5653, 40.8945 ], [ -3.566, 40.8946 ], [ -3.566, 40.8942 ], [ -3.5646, 40.8936 ], [ -3.5628, 40.8926 ], [ -3.5625, 40.8926 ], [ -3.5623, 40.8924 ], [ -3.5621, 40.8924 ], [ -3.5621, 40.8926 ], [ -3.5633, 40.8937 ], [ -3.5636, 40.8943 ], [ -3.5637, 40.8943 ], [ -3.5639, 40.8959 ], [ -3.5636, 40.8965 ], [ -3.5625, 40.8975 ], [ -3.562, 40.8977 ], [ -3.5608, 40.8977 ], [ -3.5595, 40.8973 ], [ -3.559, 40.8968 ], [ -3.559, 40.8966 ], [ -3.5587, 40.8962 ], [ -3.5582, 40.8962 ], [ -3.5582, 40.8966 ], [ -3.5595, 40.8989 ], [ -3.5597, 40.899 ], [ -3.5601, 40.8997 ], [ -3.5605, 40.8998 ], [ -3.5608, 40.8997 ], [ -3.5609, 40.8998 ], [ -3.5617, 40.8996 ], [ -3.562, 40.8993 ], [ -3.5621, 40.899 ], [ -3.562, 40.8987 ], [ -3.5632, 40.8987 ], [ -3.5634, 40.8994 ], [ -3.564, 40.8994 ] ] ] } },
{ "type": "Feature", "properties": { "municipio": "El Berrueco", "clasificacion": "no-urbanizable-protegido", "calificacion": "sin-asignar", "version": "vigente", "fuente": "SIT-CAM WFS — UsoDelSuelo:VPLA_V_CLASIFICACION (https://idem.comunidad.madrid/geosrvg/ows)", "fecha_dato": "2026-05-12", "ambito": "33594", "_raw_CD_SIGLAS": "SNUP", "_raw_DS_CLASIF_GEN": "Suelo No Urbanizable Protegido", "_raw_DS_CLASIF_DET": "Suelo no urbanizable especialmente protegido por su interes forestal", "_raw_DS_DOCU": "NORMAS SUBSIDIARIAS", "_raw_DS_LEY": "CM Ley 9/1995, E RDL 1/1992", "_raw_FC_AC": "1997-07-31", "_raw_NM_AREA_M2": 121525.846758613, "_cam_code": "021" }, "geometry": { "type": "Polygon", "coordinates": [ [ [ -3.5598, 40.9009 ], [ -3.5592, 40.9012 ], [ -3.5601, 40.9018 ], [ -3.5604, 40.9023 ], [ -3.5611, 40.9043 ], [ -3.5608, 40.9053 ], [ -3.561, 40.9055 ], [ -3.5621, 40.9059 ], [ -3.5626, 40.9059 ], [ -3.564, 40.9048 ], [ -3.5642, 40.9045 ], [ -3.5644, 40.9045 ], [ -3.5648, 40.9039 ], [ -3.5648, 40.9037 ], [ -3.5652, 40.9036 ], [ -3.5625, 40.9023 ], [ -3.5616, 40.9016 ], [ -3.5606, 40.9013 ], [ -3.5598, 40.9009 ] ] ] } },
{ "type": "Feature", "properties": { "municipio": "El Berrueco", "clasificacion": "no-urbanizable-protegido", "calificacion": "sin-asignar", "version": "vigente", "fuente": "SIT-CAM WFS — UsoDelSuelo:VPLA_V_CLASIFICACION (https://idem.comunidad.madrid/geosrvg/ows)", "fecha_dato": "2026-05-12", "ambito": "33594", "_raw_CD_SIGLAS": "SNUP", "_raw_DS_CLASIF_GEN": "Suelo No Urbanizable Protegido", "_raw_DS_CLASIF_DET": "Suelo no urbanizable especialmente protegido por su interes natural", "_raw_DS_DOCU": "NORMAS SUBSIDIARIAS", "_raw_DS_LEY": "CM Ley 9/1995, E RDL 1/1992", "_raw_FC_AC": "1997-07-31", "_raw_NM_AREA_M2": 1545712.3479196699, "_cam_code": "021" }, "geometry": { "type": "Polygon", "coordinates": [ [ [ -3.5881, 40.877 ], [ -3.5882, 40.8775 ], [ -3.5887, 40.8784 ], [ -3.5887, 40.8791 ], [ -3.59, 40.8791 ], [ -3.5907, 40.8779 ], [ -3.5903, 40.8773 ], [ -3.591, 40.8769 ], [ -3.591, 40.876 ], [ -3.5919, 40.8758 ], [ -3.5913, 40.8755 ], [ -3.591, 40.8749 ], [ -3.5909, 40.8749 ], [ -3.591, 40.8746 ], [ -3.5909, 40.8743 ], [ -3.5903, 40.8736 ], [ -3.5876, 40.8716 ], [ -3.5861, 40.869 ], [ -3.5862, 40.868 ], [ -3.5854, 40.8671 ], [ -3.5846, 40.8673 ], [ -3.5841, 40.8672 ], [ -3.583, 40.8666 ], [ -3.5811, 40.8661 ], [ -3.5802, 40.8656 ], [ -3.5802, 40.8655 ], [ -3.5795, 40.8658 ], [ -3.5789, 40.8658 ], [ -3.5782, 40.866 ], [ -3.5776, 40.8666 ], [ -3.577, 40.8668 ], [ -3.5763, 40.8667 ], [ -3.5759, 40.8665 ], [ -3.5754, 40.866 ], [ -3.5752, 40.8661 ], [ -3.5745, 40.8672 ], [ -3.5744, 40.8687 ], [ -3.5735, 40.8695 ], [ -3.5733, 40.8698 ], [ -3.5732, 40.8704 ], [ -3.5728, 40.8708 ], [ -3.5722, 40.8709 ], [ -3.5715, 40.8703 ], [ -3.5704, 40.8704 ], [ -3.5698, 40.8708 ], [ -3.5699, 40.8711 ], [ -3.5696, 40.8712 ], [ -3.5691, 40.8717 ], [ -3.5689, 40.8721 ], [ -3.5688, 40.8727 ], [ -3.569, 40.8736 ], [ -3.5691, 40.8736 ], [ -3.5694, 40.8742 ], [ -3.5715, 40.8755 ], [ -3.5718, 40.8758 ], [ -3.572, 40.8764 ], [ -3.5742, 40.8765 ], [ -3.5742, 40.8766 ], [ -3.5747, 40.8766 ], [ -3.5763, 40.8771 ], [ -3.5769, 40.8771 ], [ -3.5774, 40.8766 ], [ -3.5778, 40.8766 ], [ -3.5784, 40.8762 ], [ -3.5802, 40.8761 ], [ -3.5803, 40.8762 ], [ -3.5809, 40.8762 ], [ -3.581, 40.8764 ], [ -3.5815, 40.8766 ], [ -3.5818, 40.8769 ], [ -3.5824, 40.8759 ], [ -3.583, 40.8744 ], [ -3.5835, 40.8743 ], [ -3.5857, 40.8746 ], [ -3.586, 40.875 ], [ -3.5859, 40.875 ], [ -3.586, 40.8759 ], [ -3.5867, 40.8764 ], [ -3.5885, 40.8763 ], [ -3.5886, 40.8772 ], [ -3.5881, 40.877 ] ] ] } },
{ "type": "Feature", "properties": { "municipio": "El Berrueco", "clasificacion": "no-urbanizable-protegido", "calificacion": "sin-asignar", "version": "vigente", "fuente": "SIT-CAM WFS — UsoDelSuelo:VPLA_V_CLASIFICACION (https://idem.comunidad.madrid/geosrvg/ows)", "fecha_dato": "2026-05-12", "ambito": "33594", "_raw_CD_SIGLAS": "SNUP", "_raw_DS_CLASIF_GEN": "Suelo No Urbanizable Protegido", "_raw_DS_CLASIF_DET": "Suelo no urbanizable especialmente protegido por su interes natural", "_raw_DS_DOCU": "NORMAS SUBSIDIARIAS", "_raw_DS_LEY": "CM Ley 9/1995, E RDL 1/1992", "_raw_FC_AC": "1997-07-31", "_raw_NM_AREA_M2": 39893.9934558858, "_cam_code": "021" }, "geometry": { "type": "Polygon", "coordinates": [ [ [ -3.5688, 40.8862 ], [ -3.5708, 40.8862 ], [ -3.5725, 40.8856 ], [ -3.573, 40.8856 ], [ -3.5731, 40.8846 ], [ -3.573, 40.8845 ], [ -3.5717, 40.8845 ], [ -3.5708, 40.8848 ], [ -3.5701, 40.8852 ], [ -3.5694, 40.8859 ], [ -3.5692, 40.8859 ], [ -3.5691, 40.8861 ], [ -3.5688, 40.8862 ] ] ] } },
{ "type": "Feature", "properties": { "municipio": "El Berrueco", "clasificacion": "no-urbanizable-protegido", "calificacion": "sin-asignar", "version": "vigente", "fuente": "SIT-CAM WFS — UsoDelSuelo:VPLA_V_CLASIFICACION (https://idem.comunidad.madrid/geosrvg/ows)", "fecha_dato": "2026-05-12", "ambito": "33594", "_raw_CD_SIGLAS": "SNUP", "_raw_DS_CLASIF_GEN": "Suelo No Urbanizable Protegido", "_raw_DS_CLASIF_DET": "Suelo no urbanizable especialmente protegido por su interes paisajistico", "_raw_DS_DOCU": "NORMAS SUBSIDIARIAS", "_raw_DS_LEY": "CM Ley 9/1995, E RDL 1/1992", "_raw_FC_AC": "1997-07-31", "_raw_NM_AREA_M2": 4365078.7848695302, "_cam_code": "021" }, "geometry": { "type": "Polygon", "coordinates": [ [ [ -3.5229, 40.8865 ], [ -3.5252, 40.8882 ], [ -3.5262, 40.8892 ], [ -3.5265, 40.8889 ], [ -3.5272, 40.8886 ], [ -3.5301, 40.8886 ], [ -3.5322, 40.889 ], [ -3.5342, 40.889 ], [ -3.5352, 40.8886 ], [ -3.5364, 40.8884 ], [ -3.539, 40.8889 ], [ -3.54, 40.8889 ], [ -3.54, 40.8888 ], [ -3.5402, 40.8888 ], [ -3.5402, 40.8879 ], [ -3.54, 40.8867 ], [ -3.54, 40.8845 ], [ -3.5399, 40.8844 ], [ -3.54, 40.8843 ], [ -3.5401, 40.8828 ], [ -3.5403, 40.8822 ], [ -3.5409, 40.8812 ], [ -3.5417, 40.8802 ], [ -3.5425, 40.8796 ], [ -3.5433, 40.8793 ], [ -3.5432, 40.8793 ], [ -3.5419, 40.8772 ], [ -3.5414, 40.8767 ], [ -3.5415, 40.8752 ], [ -3.5414, 40.8745 ], [ -3.5412, 40.8742 ], [ -3.541, 40.8734 ], [ -3.5415, 40.8717 ], [ -3.5416, 40.8709 ], [ -3.5414, 40.8703 ], [ -3.5409, 40.8699 ], [ -3.5409, 40.8686 ], [ -3.5417, 40.868 ], [ -3.5425, 40.8666 ], [ -3.5428, 40.8663 ], [ -3.5443, 40.8661 ], [ -3.5443, 40.8662 ], [ -3.5451, 40.8662 ], [ -3.5456, 40.8665 ], [ -3.5457, 40.8669 ], [ -3.5456, 40.8669 ], [ -3.5456, 40.8677 ], [ -3.5454, 40.8682 ], [ -3.5456, 40.8685 ], [ -3.5463, 40.8689 ], [ -3.5468, 40.869 ], [ -3.5476, 40.8695 ], [ -3.5484, 40.8694 ], [ -3.5486, 40.869 ], [ -3.5492, 40.8684 ], [ -3.5495, 40.8667 ], [ -3.5498, 40.8662 ], [ -3.5498, 40.8654 ], [ -3.5502, 40.8647 ], [ -3.5504, 40.8645 ], [ -3.5518, 40.8639 ], [ -3.5523, 40.8632 ], [ -3.5524, 40.8621 ], [ -3.5527, 40.8616 ], [ -3.5536, 40.8612 ], [ -3.5539, 40.8608 ], [ -3.5547, 40.8604 ], [ -3.555, 40.8601 ], [ -3.5551, 40.8598 ], [ -3.5546, 40.8602 ], [ -3.5537, 40.8603 ], [ -3.5514, 40.86 ], [ -3.5499, 40.8596 ], [ -3.5478, 40.8587 ], [ -3.548, 40.8586 ], [ -3.548, 40.8579 ], [ -3.5475, 40.8578 ], [ -3.5476, 40.8573 ], [ -3.5475, 40.8568 ], [ -3.5474, 40.8567 ], [ -3.5467, 40.8567 ], [ -3.5455, 40.8575 ], [ -3.5449, 40.8575 ], [ -3.5442, 40.858 ], [ -3.544, 40.858 ], [ -3.5439, 40.8582 ], [ -3.544, 40.8584 ], [ -3.5432, 40.8596 ], [ -3.5427, 40.8601 ], [ -3.5421, 40.861 ], [ -3.5419, 40.8612 ], [ -3.5416, 40.8612 ], [ -3.5404, 40.8628 ], [ -3.54, 40.8631 ], [ -3.5376, 40.8623 ], [ -3.5365, 40.8624 ], [ -3.5361, 40.8634 ], [ -3.535, 40.8653 ], [ -3.5347, 40.8652 ], [ -3.5342, 40.8659 ], [ -3.5329, 40.867 ], [ -3.5316, 40.8677 ], [ -3.5316, 40.8678 ], [ -3.5307, 40.8681 ], [ -3.5306, 40.8683 ], [ -3.5298, 40.8684 ], [ -3.5295, 40.869 ], [ -3.5288, 40.8691 ], [ -3.5282, 40.8695 ], [ -3.528, 40.8703 ], [ -3.5247, 40.8761 ], [ -3.5237, 40.8775 ], [ -3.5233, 40.879 ], [ -3.5207, 40.882 ], [ -3.522, 40.8822 ], [ -3.5238, 40.8842 ], [ -3.5239, 40.8847 ], [ -3.5236, 40.885 ], [ -3.5228, 40.8853 ], [ -3.5228, 40.8855 ], [ -3.5226, 40.8857 ], [ -3.5229, 40.8865 ] ] ] } },
{ "type": "Feature", "properties": { "municipio": "El Berrueco", "clasificacion": "no-urbanizable-protegido", "calificacion": "sin-asignar", "version": "vigente", "fuente": "SIT-CAM WFS — UsoDelSuelo:VPLA_V_CLASIFICACION (https://idem.comunidad.madrid/geosrvg/ows)", "fecha_dato": "2026-05-12", "ambito": "33594", "_raw_CD_SIGLAS": "SNUP", "_raw_DS_CLASIF_GEN": "Suelo No Urbanizable Protegido", "_raw_DS_CLASIF_DET": "Suelo no urbanizable especialmente protegido por su interes agropecuario", "_raw_DS_DOCU": "NORMAS SUBSIDIARIAS", "_raw_DS_LEY": "CM Ley 9/1995, E RDL 1/1992", "_raw_FC_AC": "1997-07-31", "_raw_NM_AREA_M2": 50286.670681234798, "_cam_code": "021" }, "geometry": { "type": "Polygon", "coordinates": [ [ [ -3.5584, 40.8945 ], [ -3.5588, 40.8947 ], [ -3.5599, 40.8947 ], [ -3.5603, 40.8944 ], [ -3.5604, 40.8942 ], [ -3.5604, 40.8929 ], [ -3.56, 40.892 ], [ -3.5598, 40.892 ], [ -3.5598, 40.8919 ], [ -3.559, 40.892 ], [ -3.5588, 40.8916 ], [ -3.5584, 40.8916 ], [ -3.5585, 40.8918 ], [ -3.5583, 40.8921 ], [ -3.5584, 40.8945 ] ] ] } },
{ "type": "Feature", "properties": { "municipio": "El Berrueco", "clasificacion": "no-urbanizable-protegido", "calificacion": "sin-asignar", "version": "vigente", "fuente": "SIT-CAM WFS — UsoDelSuelo:VPLA_V_CLASIFICACION (https://idem.comunidad.madrid/geosrvg/ows)", "fecha_dato": "2026-05-12", "ambito": "33594", "_raw_CD_SIGLAS": "SNUP", "_raw_DS_CLASIF_GEN": "Suelo No Urbanizable Protegido", "_raw_DS_CLASIF_DET": "Suelo no urbanizable especialmente protegido por afección de embalse y su interés forestal", "_raw_DS_DOCU": "NORMAS SUBSIDIARIAS", "_raw_DS_LEY": "CM Ley 9/1995, E RDL 1/1992", "_raw_FC_AC": "1997-07-31", "_raw_NM_AREA_M2": 1467492.9863810199, "_cam_code": "021" }, "geometry": { "type": "Polygon", "coordinates": [ [ [ -3.5132, 40.895 ], [ -3.5162, 40.9014 ], [ -3.5162, 40.9012 ], [ -3.5171, 40.9005 ], [ -3.5173, 40.9003 ], [ -3.5173, 40.9001 ], [ -3.5178, 40.8997 ], [ -3.518, 40.8997 ], [ -3.518, 40.8998 ], [ -3.5186, 40.8997 ], [ -3.5189, 40.8995 ], [ -3.5204, 40.8992 ], [ -3.5204, 40.8991 ], [ -3.5209, 40.8989 ], [ -3.5229, 40.8988 ], [ -3.5231, 40.8987 ], [ -3.5232, 40.8986 ], [ -3.5232, 40.8971 ], [ -3.5231, 40.8971 ], [ -3.5231, 40.8969 ], [ -3.5236, 40.897 ], [ -3.5239, 40.8974 ], [ -3.5241, 40.8974 ], [ -3.5246, 40.8979 ], [ -3.5249, 40.8978 ], [ -3.525, 40.8977 ], [ -3.525, 40.897 ], [ -3.5251, 40.8969 ], [ -3.5253, 40.897 ], [ -3.5257, 40.8969 ], [ -3.5258, 40.8966 ], [ -3.5262, 40.8963 ], [ -3.5262, 40.896 ], [ -3.5264, 40.8958 ], [ -3.5266, 40.8962 ], [ -3.5265, 40.8962 ], [ -3.5266, 40.8966 ], [ -3.5264, 40.8969 ], [ -3.5264, 40.8975 ], [ -3.5263, 40.8976 ], [ -3.5264, 40.8979 ], [ -3.5265, 40.8979 ], [ -3.5265, 40.8981 ], [ -3.5264, 40.8981 ], [ -3.5265, 40.8983 ], [ -3.5264, 40.8986 ], [ -3.5263, 40.8986 ], [ -3.5263, 40.8989 ], [ -3.5261, 40.899 ], [ -3.5262, 40.8991 ], [ -3.5261, 40.8999 ], [ -3.5263, 40.9002 ], [ -3.5275, 40.9001 ], [ -3.5276, 40.8997 ], [ -3.5279, 40.8997 ], [ -3.5279, 40.8998 ], [ -3.528, 40.8996 ], [ -3.5284, 40.8995 ], [ -3.5284, 40.8994 ], [ -3.5287, 40.8994 ], [ -3.5291, 40.8991 ], [ -3.529, 40.899 ], [ -3.5291, 40.8989 ], [ -3.529, 40.8982 ], [ -3.5292, 40.8982 ], [ -3.5293, 40.8977 ], [ -3.5295, 40.8975 ], [ -3.5297, 40.8975 ], [ -3.5297, 40.8977 ], [ -3.5299, 40.8977 ], [ -3.5304, 40.897 ], [ -3.5302, 40.8964 ], [ -3.5304, 40.8964 ], [ -3.5304, 40.8963 ], [ -3.5306, 40.8964 ], [ -3.531, 40.8962 ], [ -3.5309, 40.8957 ], [ -3.5305, 40.8954 ], [ -3.5301, 40.8954 ], [ -3.53, 40.8953 ], [ -3.5301, 40.8953 ], [ -3.5301, 40.895 ], [ -3.529, 40.8939 ], [ -3.5288, 40.8939 ], [ -3.5288, 40.8935 ], [ -3.5286, 40.8933 ], [ -3.5286, 40.8931 ], [ -3.5285, 40.8931 ], [ -3.5285, 40.8928 ], [ -3.5281, 40.8919 ], [ -3.5278, 40.8914 ], [ -3.5276, 40.8913 ], [ -3.5275, 40.8909 ], [ -3.5269, 40.8899 ], [ -3.5263, 40.8896 ], [ -3.526, 40.8891 ], [ -3.5239, 40.8887 ], [ -3.5218, 40.8885 ], [ -3.5211, 40.8882 ], [ -3.5212, 40.8879 ], [ -3.522, 40.8875 ], [ -3.5226, 40.887 ], [ -3.5227, 40.8864 ], [ -3.522, 40.8859 ], [ -3.5209, 40.8848 ], [ -3.5195, 40.884 ], [ -3.5175, 40.8879 ], [ -3.5167, 40.891 ], [ -3.5162, 40.892 ], [ -3.515, 40.8926 ], [ -3.5132, 40.895 ] ] ] } },
{ "type": "Feature", "properties": { "municipio": "El Berrueco", "clasificacion": "no-urbanizable-protegido", "calificacion": "sin-asignar", "version": "vigente", "fuente": "SIT-CAM WFS — UsoDelSuelo:VPLA_V_CLASIFICACION (https://idem.comunidad.madrid/geosrvg/ows)", "fecha_dato": "2026-05-12", "ambito": "33594", "_raw_CD_SIGLAS": "SNUP", "_raw_DS_CLASIF_GEN": "Suelo No Urbanizable Protegido", "_raw_DS_CLASIF_DET": "Suelo no urbanizable especialmente protegido por afección de embalse", "_raw_DS_DOCU": "NORMAS SUBSIDIARIAS", "_raw_DS_LEY": "CM Ley 9/1995, E RDL 1/1992", "_raw_FC_AC": "1997-07-31", "_raw_NM_AREA_M2": 3410562.2776739202, "_cam_code": "021" }, "geometry": { "type": "Polygon", "coordinates": [ [ [ -3.5602, 40.9053 ], [ -3.5608, 40.9053 ], [ -3.5611, 40.9043 ], [ -3.561, 40.9038 ], [ -3.5602, 40.9019 ], [ -3.5592, 40.9012 ], [ -3.56, 40.9007 ], [ -3.56, 40.8996 ], [ -3.56, 40.8996 ], [ -3.56, 40.8996 ], [ -3.5601, 40.8996 ], [ -3.5601, 40.8997 ], [ -3.5597, 40.8991 ], [ -3.5597, 40.899 ], [ -3.5595, 40.8989 ], [ -3.5582, 40.8966 ], [ -3.5582, 40.8949 ], [ -3.5584, 40.8945 ], [ -3.5583, 40.8921 ], [ -3.5585, 40.8918 ], [ -3.5583, 40.8916 ], [ -3.5582, 40.891 ], [ -3.5583, 40.8904 ], [ -3.558, 40.8903 ], [ -3.5577, 40.8899 ], [ -3.5575, 40.8899 ], [ -3.5573, 40.8897 ], [ -3.5573, 40.8894 ], [ -3.5577, 40.8894 ], [ -3.5576, 40.889 ], [ -3.5581, 40.8889 ], [ -3.5579, 40.8883 ], [ -3.5577, 40.8883 ], [ -3.5576, 40.8878 ], [ -3.5582, 40.8873 ], [ -3.5583, 40.8869 ], [ -3.5586, 40.8866 ], [ -3.5584, 40.8865 ], [ -3.5582, 40.8868 ], [ -3.5574, 40.8863 ], [ -3.5572, 40.8864 ], [ -3.5572, 40.8867 ], [ -3.5575, 40.8869 ], [ -3.5575, 40.8871 ], [ -3.5569, 40.8872 ], [ -3.5565, 40.8868 ], [ -3.5563, 40.8868 ], [ -3.5552, 40.8861 ], [ -3.5543, 40.8859 ], [ -3.5536, 40.8859 ], [ -3.5526, 40.8853 ], [ -3.5522, 40.8848 ], [ -3.5518, 40.8831 ], [ -3.551, 40.8814 ], [ -3.5497, 40.88 ], [ -3.5479, 40.879 ], [ -3.5466, 40.8787 ], [ -3.5439, 40.879 ], [ -3.5425, 40.8796 ], [ -3.5417, 40.8802 ], [ -3.5409, 40.8812 ], [ -3.5403, 40.8822 ], [ -3.54, 40.8833 ], [ -3.54, 40.8843 ], [ -3.5399, 40.8844 ], [ -3.54, 40.8845 ], [ -3.54, 40.8867 ], [ -3.5402, 40.8879 ], [ -3.5402, 40.8888 ], [ -3.54, 40.8888 ], [ -3.54, 40.8889 ], [ -3.539, 40.8889 ], [ -3.5372, 40.8885 ], [ -3.5361, 40.8884 ], [ -3.5352, 40.8886 ], [ -3.5342, 40.889 ], [ -3.5322, 40.889 ], [ -3.5301, 40.8886 ], [ -3.5272, 40.8886 ], [ -3.5261, 40.8892 ], [ -3.5261, 40.8894 ], [ -3.5269, 40.8899 ], [ -3.5271, 40.8902 ], [ -3.5276, 40.8913 ], [ -3.5278, 40.8914 ], [ -3.5283, 40.8923 ], [ -3.5285, 40.8931 ], [ -3.5289, 40.8932 ], [ -3.5292, 40.8937 ], [ -3.5299, 40.8939 ], [ -3.5299, 40.894 ], [ -3.5304, 40.8942 ], [ -3.5305, 40.8938 ], [ -3.5306, 40.8938 ], [ -3.5306, 40.8925 ], [ -3.5307, 40.8928 ], [ -3.5311, 40.8932 ], [ -3.5314, 40.8943 ], [ -3.5318, 40.8947 ], [ -3.5322, 40.8947 ], [ -3.5322, 40.8946 ], [ -3.5325, 40.8947 ], [ -3.5325, 40.8949 ], [ -3.5326, 40.8949 ], [ -3.5325, 40.8952 ], [ -3.5327, 40.8956 ], [ -3.5334, 40.8959 ], [ -3.5333, 40.8959 ], [ -3.5334, 40.8961 ], [ -3.5332, 40.8963 ], [ -3.5332, 40.8967 ], [ -3.5328, 40.897 ], [ -3.5327, 40.8974 ], [ -3.5324, 40.8977 ], [ -3.5323, 40.8983 ], [ -3.5331, 40.8982 ], [ -3.5337, 40.8977 ], [ -3.5339, 40.8973 ], [ -3.5341, 40.8973 ], [ -3.5342, 40.8971 ], [ -3.5346, 40.897 ], [ -3.5349, 40.8967 ], [ -3.5351, 40.897 ], [ -3.5351, 40.8973 ], [ -3.5357, 40.8973 ], [ -3.5358, 40.8974 ], [ -3.5358, 40.8978 ], [ -3.5365, 40.8978 ], [ -3.5365, 40.8977 ], [ -3.5369, 40.8976 ], [ -3.5369, 40.8973 ], [ -3.5367, 40.8971 ], [ -3.5367, 40.8969 ], [ -3.5365, 40.8968 ], [ -3.5365, 40.8966 ], [ -3.5364, 40.8966 ], [ -3.5361, 40.8959 ], [ -3.5358, 40.8959 ], [ -3.5355, 40.8957 ], [ -3.536, 40.8955 ], [ -3.5359, 40.895 ], [ -3.5357, 40.8948 ], [ -3.5362, 40.8946 ], [ -3.5358, 40.8942 ], [ -3.5362, 40.8941 ], [ -3.5363, 40.8938 ], [ -3.5364, 40.8938 ], [ -3.5363, 40.8931 ], [ -3.5359, 40.893 ], [ -3.5365, 40.8928 ], [ -3.5368, 40.8931 ], [ -3.5371, 40.8931 ], [ -3.5373, 40.8929 ], [ -3.5372, 40.8933 ], [ -3.5371, 40.8933 ], [ -3.5372, 40.8942 ], [ -3.5374, 40.8942 ], [ -3.5372, 40.8947 ], [ -3.5371, 40.8947 ], [ -3.5371, 40.8955 ], [ -3.5373, 40.8957 ], [ -3.5377, 40.8957 ], [ -3.5379, 40.8955 ], [ -3.5382, 40.8955 ], [ -3.5385, 40.8952 ], [ -3.5387, 40.8952 ], [ -3.5384, 40.8955 ], [ -3.5384, 40.8957 ], [ -3.5383, 40.8957 ], [ -3.5383, 40.8959 ], [ -3.5381, 40.8961 ], [ -3.5381, 40.8964 ], [ -3.5383, 40.8966 ], [ -3.5388, 40.8967 ], [ -3.5389, 40.897 ], [ -3.5391, 40.897 ], [ -3.5391, 40.8971 ], [ -3.5393, 40.8969 ], [ -3.5398, 40.8968 ], [ -3.5406, 40.8968 ], [ -3.5406, 40.8967 ], [ -3.5409, 40.8966 ], [ -3.5409, 40.8963 ], [ -3.5411, 40.8962 ], [ -3.5414, 40.8962 ], [ -3.5414, 40.8961 ], [ -3.542, 40.8962 ], [ -3.5422, 40.8959 ], [ -3.5423, 40.895 ], [ -3.5426, 40.8949 ], [ -3.5428, 40.8946 ], [ -3.5429, 40.8946 ], [ -3.543, 40.8952 ], [ -3.5435, 40.8958 ], [ -3.5441, 40.8958 ], [ -3.5444, 40.8955 ], [ -3.5449, 40.8953 ], [ -3.545, 40.8949 ], [ -3.5456, 40.8945 ], [ -3.5455, 40.8941 ], [ -3.546, 40.8938 ], [ -3.5462, 40.8935 ], [ -3.5462, 40.8931 ], [ -3.5466, 40.8928 ], [ -3.5465, 40.8925 ], [ -3.5463, 40.8924 ], [ -3.5463, 40.8922 ], [ -3.5458, 40.8917 ], [ -3.5455, 40.8916 ], [ -3.5455, 40.8913 ], [ -3.5462, 40.8912 ], [ -3.5462, 40.8907 ], [ -3.5463, 40.8906 ], [ -3.5461, 40.8902 ], [ -3.5458, 40.89 ], [ -3.5459, 40.8896 ], [ -3.5462, 40.8894 ], [ -3.5462, 40.8888 ], [ -3.5458, 40.8883 ], [ -3.5459, 40.8882 ], [ -3.5459, 40.8877 ], [ -3.5458, 40.8873 ], [ -3.5457, 40.8873 ], [ -3.5457, 40.8866 ], [ -3.5456, 40.8866 ], [ -3.5456, 40.8864 ], [ -3.5459, 40.8864 ], [ -3.5459, 40.8857 ], [ -3.5457, 40.8852 ], [ -3.5454, 40.8849 ], [ -3.5458, 40.8844 ], [ -3.5458, 40.8839 ], [ -3.5457, 40.8838 ], [ -3.5457, 40.8837 ], [ -3.5457, 40.8837 ], [ -3.5458, 40.8836 ], [ -3.5458, 40.8836 ], [ -3.5456, 40.8836 ], [ -3.5459, 40.8836 ], [ -3.5461, 40.8836 ], [ -3.5461, 40.884 ], [ -3.5463, 40.8845 ], [ -3.5461, 40.8847 ], [ -3.5462, 40.8854 ], [ -3.547, 40.8862 ], [ -3.5472, 40.8862 ], [ -3.5472, 40.8861 ], [ -3.5472, 40.8861 ], [ -3.5474, 40.8861 ], [ -3.5475, 40.8861 ], [ -3.5476, 40.8861 ], [ -3.5472, 40.8863 ], [ -3.5471, 40.8867 ], [ -3.5468, 40.8871 ], [ -3.5472, 40.887 ], [ -3.5475, 40.8871 ], [ -3.5478, 40.887 ], [ -3.5479, 40.8871 ], [ -3.5473, 40.8876 ], [ -3.5474, 40.888 ], [ -3.5479, 40.8878 ], [ -3.5482, 40.8882 ], [ -3.5482, 40.8885 ], [ -3.5489, 40.8888 ], [ -3.5491, 40.8892 ], [ -3.5494, 40.8894 ], [ -3.5496, 40.8894 ], [ -3.5498, 40.8892 ], [ -3.5507, 40.8898 ], [ -3.5508, 40.8899 ], [ -3.5505, 40.8899 ], [ -3.5505, 40.89 ], [ -3.5502, 40.8901 ], [ -3.5504, 40.8903 ], [ -3.5506, 40.8903 ], [ -3.5508, 40.8899 ], [ -3.5517, 40.8897 ], [ -3.552, 40.8901 ], [ -3.5525, 40.8901 ], [ -3.5526, 40.8903 ], [ -3.5528, 40.8903 ], [ -3.5527, 40.8907 ], [ -3.5531, 40.8909 ], [ -3.5529, 40.8911 ], [ -3.5522, 40.8911 ], [ -3.5521, 40.8913 ], [ -3.5522, 40.8915 ], [ -3.5524, 40.8915 ], [ -3.5524, 40.8917 ], [ -3.5522, 40.8918 ], [ -3.5519, 40.8917 ], [ -3.5521, 40.892 ], [ -3.5523, 40.892 ], [ -3.5519, 40.8924 ], [ -3.5524, 40.8928 ], [ -3.5524, 40.8931 ], [ -3.5523, 40.8932 ], [ -3.5523, 40.8931 ], [ -3.5519, 40.8931 ], [ -3.5519, 40.8932 ], [ -3.5517, 40.8932 ], [ -3.5516, 40.8935 ], [ -3.5512, 40.8936 ], [ -3.5514, 40.8937 ], [ -3.5515, 40.8941 ], [ -3.5516, 40.8941 ], [ -3.5516, 40.8943 ], [ -3.5514, 40.8943 ], [ -3.5514, 40.8952 ], [ -3.5516, 40.8955 ], [ -3.5512, 40.8956 ], [ -3.5512, 40.8959 ], [ -3.5507, 40.8962 ], [ -3.5507, 40.8966 ], [ -3.5505, 40.8971 ], [ -3.5506, 40.8976 ], [ -3.5499, 40.898 ], [ -3.5501, 40.8983 ], [ -3.55, 40.8983 ], [ -3.55, 40.8986 ], [ -3.5498, 40.8988 ], [ -3.5498, 40.899 ], [ -3.5504, 40.8992 ], [ -3.5503, 40.8995 ], [ -3.5504, 40.8995 ], [ -3.5504, 40.8997 ], [ -3.5499, 40.9001 ], [ -3.5498, 40.9003 ], [ -3.5499, 40.9004 ], [ -3.5497, 40.9006 ], [ -3.5497, 40.9013 ], [ -3.5493, 40.9015 ], [ -3.5494, 40.9015 ], [ -3.5493, 40.9022 ], [ -3.5492, 40.9022 ], [ -3.5491, 40.9026 ], [ -3.5489, 40.9025 ], [ -3.549, 40.9028 ], [ -3.5486, 40.9031 ], [ -3.5488, 40.9031 ], [ -3.5489, 40.9033 ], [ -3.5493, 40.9032 ], [ -3.5493, 40.9031 ], [ -3.5497, 40.9035 ], [ -3.5502, 40.9035 ], [ -3.5506, 40.9038 ], [ -3.5514, 40.9038 ], [ -3.5516, 40.904 ], [ -3.5527, 40.9037 ], [ -3.5547, 40.9038 ], [ -3.5551, 40.9039 ], [ -3.5554, 40.9042 ], [ -3.5563, 40.9043 ], [ -3.5569, 40.9047 ], [ -3.5581, 40.9051 ], [ -3.5592, 40.905 ], [ -3.5597, 40.9053 ], [ -3.5602, 40.9053 ] ], [ [ -3.5565, 40.8939 ], [ -3.5554, 40.8957 ], [ -3.5548, 40.8962 ], [ -3.5537, 40.8965 ], [ -3.5531, 40.8969 ], [ -3.5521, 40.8964 ], [ -3.5524, 40.896 ], [ -3.5542, 40.8952 ], [ -3.5556, 40.8943 ], [ -3.5558, 40.8943 ], [ -3.5558, 40.8942 ], [ -3.5562, 40.894 ], [ -3.5564, 40.8939 ], [ -3.5565, 40.8939 ], [ -3.5566, 40.8939 ], [ -3.5565, 40.8939 ] ] ] } },
{ "type": "Feature", "properties": { "municipio": "El Berrueco", "clasificacion": "no-urbanizable-protegido", "calificacion": "sin-asignar", "version": "vigente", "fuente": "SIT-CAM WFS — UsoDelSuelo:VPLA_V_CLASIFICACION (https://idem.comunidad.madrid/geosrvg/ows)", "fecha_dato": "2026-05-12", "ambito": "33594", "_raw_CD_SIGLAS": "SNUP", "_raw_DS_CLASIF_GEN": "Suelo No Urbanizable Protegido", "_raw_DS_CLASIF_DET": "Suelo no urbanizable especialmente protegido por afección de embalse", "_raw_DS_DOCU": "NORMAS SUBSIDIARIAS", "_raw_DS_LEY": "CM Ley 9/1995, E RDL 1/1992", "_raw_FC_AC": "1997-07-31", "_raw_NM_AREA_M2": 93028.027764728104, "_cam_code": "021" }, "geometry": { "type": "Polygon", "coordinates": [ [ [ -3.5207, 40.882 ], [ -3.5204, 40.8823 ], [ -3.5195, 40.884 ], [ -3.5209, 40.8848 ], [ -3.522, 40.8859 ], [ -3.5225, 40.8862 ], [ -3.5226, 40.8864 ], [ -3.5229, 40.8865 ], [ -3.5226, 40.8857 ], [ -3.5228, 40.8855 ], [ -3.5228, 40.8853 ], [ -3.5236, 40.885 ], [ -3.5239, 40.8847 ], [ -3.5238, 40.8842 ], [ -3.522, 40.8822 ], [ -3.5207, 40.882 ] ] ] } },
{ "type": "Feature", "properties": { "municipio": "El Berrueco", "clasificacion": "no-urbanizable-protegido", "calificacion": "sin-asignar", "version": "vigente", "fuente": "SIT-CAM WFS — UsoDelSuelo:VPLA_V_CLASIFICACION (https://idem.comunidad.madrid/geosrvg/ows)", "fecha_dato": "2026-05-12", "ambito": "33594", "_raw_CD_SIGLAS": "SNUP", "_raw_DS_CLASIF_GEN": "Suelo No Urbanizable Protegido", "_raw_DS_CLASIF_DET": "Suelo no urbanizable especialmente protegido por su interes forestal", "_raw_DS_DOCU": "NORMAS SUBSIDIARIAS", "_raw_DS_LEY": "CM Ley 9/1995, E RDL 1/1992", "_raw_FC_AC": "1997-07-31", "_raw_NM_AREA_M2": 228620.64281903399, "_cam_code": "021" }, "geometry": { "type": "Polygon", "coordinates": [ [ [ -3.5801, 40.8655 ], [ -3.5811, 40.8661 ], [ -3.583, 40.8666 ], [ -3.5841, 40.8672 ], [ -3.5846, 40.8673 ], [ -3.5854, 40.8671 ], [ -3.583, 40.8646 ], [ -3.5815, 40.8627 ], [ -3.5801, 40.8631 ], [ -3.5797, 40.8634 ], [ -3.5795, 40.8634 ], [ -3.5791, 40.8632 ], [ -3.5794, 40.8624 ], [ -3.5782, 40.8622 ], [ -3.5782, 40.8615 ], [ -3.578, 40.8613 ], [ -3.5776, 40.8613 ], [ -3.5775, 40.8618 ], [ -3.5769, 40.8618 ], [ -3.5764, 40.862 ], [ -3.5764, 40.8623 ], [ -3.5767, 40.8626 ], [ -3.5771, 40.8628 ], [ -3.5774, 40.8628 ], [ -3.5776, 40.8633 ], [ -3.5787, 40.864 ], [ -3.5789, 40.8643 ], [ -3.5773, 40.8644 ], [ -3.5762, 40.8646 ], [ -3.5755, 40.8649 ], [ -3.5753, 40.8653 ], [ -3.5753, 40.8656 ], [ -3.5755, 40.8662 ], [ -3.5757, 40.8664 ], [ -3.5763, 40.8667 ], [ -3.577, 40.8668 ], [ -3.5776, 40.8666 ], [ -3.5782, 40.866 ], [ -3.5789, 40.8658 ], [ -3.5795, 40.8658 ], [ -3.5801, 40.8655 ] ] ] } },
{ "type": "Feature", "properties": { "municipio": "El Berrueco", "clasificacion": "no-urbanizable-protegido", "calificacion": "sin-asignar", "version": "vigente", "fuente": "SIT-CAM WFS — UsoDelSuelo:VPLA_V_CLASIFICACION (https://idem.comunidad.madrid/geosrvg/ows)", "fecha_dato": "2026-05-12", "ambito": "33594", "_raw_CD_SIGLAS": "SNUP", "_raw_DS_CLASIF_GEN": "Suelo No Urbanizable Protegido", "_raw_DS_CLASIF_DET": "Suelo no urbanizable especialmente protegido por su interes forestal", "_raw_DS_DOCU": "NORMAS SUBSIDIARIAS", "_raw_DS_LEY": "CM Ley 9/1995, E RDL 1/1992", "_raw_FC_AC": "1997-07-31", "_raw_NM_AREA_M2": 99320.967186810798, "_cam_code": "021" }, "geometry": { "type": "Polygon", "coordinates": [ [ [ -3.5609, 40.8608 ], [ -3.5618, 40.8609 ], [ -3.5622, 40.8606 ], [ -3.5623, 40.8597 ], [ -3.5619, 40.8591 ], [ -3.5612, 40.8587 ], [ -3.5608, 40.8587 ], [ -3.5599, 40.858 ], [ -3.5596, 40.8572 ], [ -3.5597, 40.8571 ], [ -3.5597, 40.8561 ], [ -3.5579, 40.857 ], [ -3.5573, 40.857 ], [ -3.5573, 40.8571 ], [ -3.5568, 40.8573 ], [ -3.5566, 40.8576 ], [ -3.5562, 40.8577 ], [ -3.5576, 40.8584 ], [ -3.5583, 40.8586 ], [ -3.5602, 40.86 ], [ -3.5609, 40.8608 ] ] ] } },
{ "type": "Feature", "properties": { "municipio": "El Berrueco", "clasificacion": "no-urbanizable-protegido", "calificacion": "sin-asignar", "version": "vigente", "fuente": "SIT-CAM WFS — UsoDelSuelo:VPLA_V_CLASIFICACION (https://idem.comunidad.madrid/geosrvg/ows)", "fecha_dato": "2026-05-12", "ambito": "33594", "_raw_CD_SIGLAS": "SNUP", "_raw_DS_CLASIF_GEN": "Suelo No Urbanizable Protegido", "_raw_DS_CLASIF_DET": "Suelo no urbanizable especialmente protegido por su interes forestal", "_raw_DS_DOCU": "NORMAS SUBSIDIARIAS", "_raw_DS_LEY": "CM Ley 9/1995, E RDL 1/1992", "_raw_FC_AC": "1997-07-31", "_raw_NM_AREA_M2": 158577.36010580001, "_cam_code": "021" }, "geometry": { "type": "Polygon", "coordinates": [ [ [ -3.5476, 40.857 ], [ -3.5475, 40.8578 ], [ -3.548, 40.8579 ], [ -3.548, 40.8586 ], [ -3.5478, 40.8587 ], [ -3.5499, 40.8596 ], [ -3.5514, 40.86 ], [ -3.5537, 40.8603 ], [ -3.5546, 40.8602 ], [ -3.5551, 40.8598 ], [ -3.5551, 40.8594 ], [ -3.5549, 40.8592 ], [ -3.5549, 40.8589 ], [ -3.5545, 40.8584 ], [ -3.5541, 40.8584 ], [ -3.5536, 40.858 ], [ -3.5528, 40.8577 ], [ -3.5499, 40.8576 ], [ -3.5489, 40.857 ], [ -3.5487, 40.857 ], [ -3.5484, 40.8565 ], [ -3.5478, 40.8561 ], [ -3.5466, 40.8562 ], [ -3.5462, 40.8567 ], [ -3.545, 40.8575 ], [ -3.5455, 40.8575 ], [ -3.5467, 40.8567 ], [ -3.5474, 40.8567 ], [ -3.5476, 40.857 ] ] ] } },
{ "type": "Feature", "properties": { "municipio": "El Berrueco", "clasificacion": "urbano-consolidado", "calificacion": "sin-asignar", "version": "vigente", "fuente": "SIT-CAM WFS — UsoDelSuelo:VPLA_V_CLASIFICACION (https://idem.comunidad.madrid/geosrvg/ows)", "fecha_dato": "2026-05-12", "ambito": "33594", "_raw_CD_SIGLAS": "SU", "_raw_DS_CLASIF_GEN": "Suelo Urbano", "_raw_DS_CLASIF_DET": "Suelo Urbano", "_raw_DS_DOCU": "NORMAS SUBSIDIARIAS", "_raw_DS_LEY": "CM Ley 9/1995, E RDL 1/1992", "_raw_FC_AC": "1997-07-31", "_raw_NM_AREA_M2": 5743.7174032823996, "_cam_code": "021" }, "geometry": { "type": "Polygon", "coordinates": [ [ [ -3.5602, 40.8888 ], [ -3.5597, 40.8896 ], [ -3.5599, 40.8896 ], [ -3.56, 40.8893 ], [ -3.5611, 40.8893 ], [ -3.561, 40.8888 ], [ -3.5609, 40.8887 ], [ -3.5602, 40.8888 ] ] ] } },
{ "type": "Feature", "properties": { "municipio": "El Berrueco", "clasificacion": "urbano-consolidado", "calificacion": "sin-asignar", "version": "vigente", "fuente": "SIT-CAM WFS — UsoDelSuelo:VPLA_V_CLASIFICACION (https://idem.comunidad.madrid/geosrvg/ows)", "fecha_dato": "2026-05-12", "ambito": "33594", "_raw_CD_SIGLAS": "SU", "_raw_DS_CLASIF_GEN": "Suelo Urbano", "_raw_DS_CLASIF_DET": "Suelo Urbano", "_raw_DS_DOCU": "NORMAS SUBSIDIARIAS", "_raw_DS_LEY": "CM Ley 9/1995, E RDL 1/1992", "_raw_FC_AC": "1997-07-31", "_raw_NM_AREA_M2": 5498.2028117781001, "_cam_code": "021" }, "geometry": { "type": "Polygon", "coordinates": [ [ [ -3.5587, 40.8897 ], [ -3.5588, 40.8898 ], [ -3.559, 40.8898 ], [ -3.559, 40.8897 ], [ -3.5594, 40.8897 ], [ -3.5594, 40.8898 ], [ -3.5598, 40.8894 ], [ -3.56, 40.8889 ], [ -3.5589, 40.8892 ], [ -3.5587, 40.8897 ] ] ] } },
{ "type": "Feature", "properties": { "municipio": "El Berrueco", "clasificacion": "urbano-consolidado", "calificacion": "sin-asignar", "version": "vigente", "fuente": "SIT-CAM WFS — UsoDelSuelo:VPLA_V_CLASIFICACION (https://idem.comunidad.madrid/geosrvg/ows)", "fecha_dato": "2026-05-12", "ambito": "33594", "_raw_CD_SIGLAS": "SU", "_raw_DS_CLASIF_GEN": "Suelo Urbano", "_raw_DS_CLASIF_DET": "Suelo Urbano", "_raw_DS_DOCU": "NORMAS SUBSIDIARIAS", "_raw_DS_LEY": "CM Ley 9/1995, E RDL 1/1992", "_raw_FC_AC": "1997-07-31", "_raw_NM_AREA_M2": 811.15594350280901, "_cam_code": "021" }, "geometry": { "type": "Polygon", "coordinates": [ [ [ -3.5582, 40.8896 ], [ -3.558, 40.8898 ], [ -3.5581, 40.8899 ], [ -3.5586, 40.8898 ], [ -3.5586, 40.8897 ], [ -3.5582, 40.8896 ] ] ] } },
{ "type": "Feature", "properties": { "municipio": "El Berrueco", "clasificacion": "urbano-consolidado", "calificacion": "sin-asignar", "version": "vigente", "fuente": "SIT-CAM WFS — UsoDelSuelo:VPLA_V_CLASIFICACION (https://idem.comunidad.madrid/geosrvg/ows)", "fecha_dato": "2026-05-12", "ambito": "33594", "_raw_CD_SIGLAS": "SU", "_raw_DS_CLASIF_GEN": "Suelo Urbano", "_raw_DS_CLASIF_DET": "Suelo Urbano", "_raw_DS_DOCU": "NORMAS SUBSIDIARIAS", "_raw_DS_LEY": "CM Ley 9/1995, E RDL 1/1992", "_raw_FC_AC": "1997-07-31", "_raw_NM_AREA_M2": 329.46118564772701, "_cam_code": "021" }, "geometry": { "type": "Polygon", "coordinates": [ [ [ -3.5576, 40.8897 ], [ -3.5574, 40.8898 ], [ -3.5577, 40.8899 ], [ -3.5576, 40.8897 ] ] ] } },
{ "type": "Feature", "properties": { "municipio": "El Berrueco", "clasificacion": "urbano-consolidado", "calificacion": "sin-asignar", "version": "vigente", "fuente": "SIT-CAM WFS — UsoDelSuelo:VPLA_V_CLASIFICACION (https://idem.comunidad.madrid/geosrvg/ows)", "fecha_dato": "2026-05-12", "ambito": "33594", "_raw_CD_SIGLAS": "SU", "_raw_DS_CLASIF_GEN": "Suelo Urbano", "_raw_DS_CLASIF_DET": "Suelo Urbano", "_raw_DS_DOCU": "NORMAS SUBSIDIARIAS", "_raw_DS_LEY": "CM Ley 9/1995, E RDL 1/1992", "_raw_FC_AC": "1997-07-31", "_raw_NM_AREA_M2": 1109.0666585404699, "_cam_code": "021" }, "geometry": { "type": "Polygon", "coordinates": [ [ [ -3.5579, 40.8901 ], [ -3.5581, 40.8901 ], [ -3.5579, 40.8898 ], [ -3.558, 40.8898 ], [ -3.558, 40.8896 ], [ -3.5577, 40.8896 ], [ -3.5579, 40.8901 ] ] ] } },
{ "type": "Feature", "properties": { "municipio": "El Berrueco", "clasificacion": "urbano-consolidado", "calificacion": "sin-asignar", "version": "vigente", "fuente": "SIT-CAM WFS — UsoDelSuelo:VPLA_V_CLASIFICACION (https://idem.comunidad.madrid/geosrvg/ows)", "fecha_dato": "2026-05-12", "ambito": "33594", "_raw_CD_SIGLAS": "SU", "_raw_DS_CLASIF_GEN": "Suelo Urbano", "_raw_DS_CLASIF_DET": "Suelo Urbano", "_raw_DS_DOCU": "NORMAS SUBSIDIARIAS", "_raw_DS_LEY": "CM Ley 9/1995, E RDL 1/1992", "_raw_FC_AC": "1997-07-31", "_raw_NM_AREA_M2": 351338.87645836198, "_cam_code": "021" }, "geometry": { "type": "Polygon", "coordinates": [ [ [ -3.559, 40.892 ], [ -3.5598, 40.8919 ], [ -3.5598, 40.892 ], [ -3.5598, 40.8919 ], [ -3.5596, 40.8916 ], [ -3.5599, 40.8915 ], [ -3.5596, 40.8913 ], [ -3.5595, 40.8908 ], [ -3.5599, 40.8908 ], [ -3.5599, 40.8904 ], [ -3.5629, 40.891 ], [ -3.5629, 40.8911 ], [ -3.564, 40.8914 ], [ -3.5646, 40.8919 ], [ -3.5654, 40.8914 ], [ -3.5652, 40.8913 ], [ -3.5657, 40.8911 ], [ -3.5655, 40.891 ], [ -3.5665, 40.8905 ], [ -3.5664, 40.8902 ], [ -3.5667, 40.8901 ], [ -3.5668, 40.8897 ], [ -3.5667, 40.8896 ], [ -3.5667, 40.8891 ], [ -3.5663, 40.8879 ], [ -3.5668, 40.8876 ], [ -3.5671, 40.8872 ], [ -3.5669, 40.8865 ], [ -3.5665, 40.8865 ], [ -3.5653, 40.8869 ], [ -3.5646, 40.887 ], [ -3.5645, 40.8863 ], [ -3.5635, 40.8864 ], [ -3.5629, 40.8861 ], [ -3.562, 40.8868 ], [ -3.5618, 40.8868 ], [ -3.5601, 40.8856 ], [ -3.559, 40.885 ], [ -3.5586, 40.8857 ], [ -3.5584, 40.8853 ], [ -3.5581, 40.8853 ], [ -3.558, 40.8856 ], [ -3.5576, 40.8858 ], [ -3.5573, 40.8858 ], [ -3.5571, 40.8861 ], [ -3.5572, 40.8861 ], [ -3.5571, 40.8863 ], [ -3.5572, 40.8864 ], [ -3.5574, 40.8863 ], [ -3.5582, 40.8868 ], [ -3.5584, 40.8865 ], [ -3.5586, 40.8866 ], [ -3.5583, 40.8869 ], [ -3.5582, 40.8873 ], [ -3.5576, 40.8878 ], [ -3.5577, 40.8883 ], [ -3.5579, 40.8883 ], [ -3.5581, 40.8889 ], [ -3.5576, 40.889 ], [ -3.5577, 40.8894 ], [ -3.5573, 40.8894 ], [ -3.5573, 40.8897 ], [ -3.5574, 40.8898 ], [ -3.5576, 40.8897 ], [ -3.5577, 40.89 ], [ -3.5579, 40.8901 ], [ -3.5577, 40.8896 ], [ -3.558, 40.8896 ], [ -3.558, 40.8898 ], [ -3.5579, 40.8898 ], [ -3.5581, 40.8901 ], [ -3.5579, 40.8901 ], [ -3.558, 40.8903 ], [ -3.5583, 40.8904 ], [ -3.5583, 40.8906 ], [ -3.5582, 40.8906 ], [ -3.5583, 40.8916 ], [ -3.5588, 40.8916 ], [ -3.559, 40.892 ] ], [ [ -3.5592, 40.8903 ], [ -3.5591, 40.8906 ], [ -3.5589, 40.8906 ], [ -3.5589, 40.8902 ], [ -3.5592, 40.8903 ] ], [ [ -3.5587, 40.8902 ], [ -3.5588, 40.8905 ], [ -3.5584, 40.8905 ], [ -3.5584, 40.8903 ], [ -3.5587, 40.8902 ] ], [ [ -3.5585, 40.8902 ], [ -3.5582, 40.8903 ], [ -3.5582, 40.8901 ], [ -3.5585, 40.8902 ] ], [ [ -3.5586, 40.8902 ], [ -3.5585, 40.89 ], [ -3.5582, 40.89 ], [ -3.5582, 40.8901 ], [ -3.5581, 40.89 ], [ -3.5587, 40.8899 ], [ -3.5586, 40.8902 ] ], [ [ -3.5583, 40.8899 ], [ -3.558, 40.8898 ], [ -3.5581, 40.8898 ], [ -3.5581, 40.8896 ], [ -3.5584, 40.8897 ], [ -3.5585, 40.8897 ], [ -3.5586, 40.8897 ], [ -3.5586, 40.8898 ], [ -3.5583, 40.8899 ] ], [ [ -3.5587, 40.8897 ], [ -3.5586, 40.8897 ], [ -3.5585, 40.8897 ], [ -3.5584, 40.8897 ], [ -3.5583, 40.8895 ], [ -3.5588, 40.8894 ], [ -3.5587, 40.8897 ] ], [ [ -3.5583, 40.8895 ], [ -3.558, 40.8896 ], [ -3.5577, 40.8894 ], [ -3.5582, 40.8893 ], [ -3.5583, 40.8895 ] ], [ [ -3.5588, 40.8894 ], [ -3.5582, 40.8892 ], [ -3.5588, 40.8892 ], [ -3.5588, 40.8894 ] ], [ [ -3.5588, 40.8892 ], [ -3.5586, 40.8891 ], [ -3.5585, 40.8886 ], [ -3.5588, 40.8882 ], [ -3.559, 40.8882 ], [ -3.5592, 40.8883 ], [ -3.5592, 40.8886 ], [ -3.559, 40.8891 ], [ -3.5588, 40.8892 ] ], [ [ -3.5593, 40.8883 ], [ -3.5592, 40.888 ], [ -3.5595, 40.8878 ], [ -3.5595, 40.8882 ], [ -3.5593, 40.8883 ] ], [ [ -3.5594, 40.8878 ], [ -3.5588, 40.8882 ], [ -3.5586, 40.888 ], [ -3.559, 40.8877 ], [ -3.5588, 40.8877 ], [ -3.5588, 40.8876 ], [ -3.5591, 40.8876 ], [ -3.559, 40.8875 ], [ -3.5591, 40.8875 ], [ -3.5591, 40.8873 ], [ -3.5594, 40.8873 ], [ -3.5595, 40.8874 ], [ -3.5594, 40.8878 ] ], [ [ -3.5595, 40.8874 ], [ -3.5593, 40.8872 ], [ -3.5592, 40.8872 ], [ -3.5592, 40.8871 ], [ -3.5597, 40.8872 ], [ -3.5595, 40.8874 ] ], [ [ -3.5595, 40.8877 ], [ -3.5599, 40.8874 ], [ -3.5599, 40.8876 ], [ -3.5602, 40.8875 ], [ -3.5602, 40.8876 ], [ -3.5607, 40.8878 ], [ -3.5601, 40.8881 ], [ -3.56, 40.888 ], [ -3.5599, 40.888 ], [ -3.56, 40.8881 ], [ -3.5599, 40.8881 ], [ -3.5598, 40.8881 ], [ -3.5596, 40.8879 ], [ -3.5596, 40.8877 ], [ -3.5595, 40.8877 ] ], [ [ -3.5615, 40.8877 ], [ -3.562, 40.8875 ], [ -3.5622, 40.8878 ], [ -3.5621, 40.8878 ], [ -3.5619, 40.8879 ], [ -3.5618, 40.8879 ], [ -3.5617, 40.8879 ], [ -3.5615, 40.8877 ] ], [ [ -3.5619, 40.8879 ], [ -3.5622, 40.8878 ], [ -3.5624, 40.888 ], [ -3.5616, 40.8884 ], [ -3.5614, 40.8882 ], [ -3.5616, 40.8882 ], [ -3.5615, 40.8881 ], [ -3.5616, 40.888 ], [ -3.5619, 40.8879 ] ], [ [ -3.5618, 40.8883 ], [ -3.5624, 40.8881 ], [ -3.5624, 40.888 ], [ -3.5626, 40.8883 ], [ -3.562, 40.8884 ], [ -3.562, 40.8885 ], [ -3.5618, 40.8883 ] ], [ [ -3.5627, 40.8884 ], [ -3.5634, 40.8885 ], [ -3.5631, 40.8891 ], [ -3.5626, 40.8888 ], [ -3.5625, 40.8885 ], [ -3.5627, 40.8884 ] ], [ [ -3.5611, 40.8893 ], [ -3.56, 40.8893 ], [ -3.5599, 40.8896 ], [ -3.5597, 40.8896 ], [ -3.5601, 40.8889 ], [ -3.5605, 40.8887 ], [ -3.5607, 40.8887 ], [ -3.5608, 40.8887 ], [ -3.5609, 40.8887 ], [ -3.5611, 40.8893 ] ], [ [ -3.56, 40.8889 ], [ -3.5598, 40.8894 ], [ -3.5594, 40.8898 ], [ -3.5594, 40.8897 ], [ -3.559, 40.8897 ], [ -3.559, 40.8898 ], [ -3.5587, 40.8897 ], [ -3.5589, 40.8892 ], [ -3.5592, 40.8892 ], [ -3.5597, 40.8889 ], [ -3.56, 40.8889 ] ], [ [ -3.5592, 40.8898 ], [ -3.5594, 40.8898 ], [ -3.5592, 40.89 ], [ -3.5588, 40.8901 ], [ -3.5588, 40.8901 ], [ -3.5588, 40.8898 ], [ -3.5588, 40.8899 ], [ -3.5589, 40.8898 ], [ -3.5589, 40.8898 ], [ -3.5589, 40.8898 ], [ -3.559, 40.8898 ], [ -3.5592, 40.8898 ] ], [ [ -3.5593, 40.8901 ], [ -3.5596, 40.8898 ], [ -3.5598, 40.8899 ], [ -3.5597, 40.8901 ], [ -3.5596, 40.89 ], [ -3.5593, 40.8903 ], [ -3.559, 40.8902 ], [ -3.5593, 40.8901 ] ], [ [ -3.5595, 40.8889 ], [ -3.5593, 40.8891 ], [ -3.5591, 40.889 ], [ -3.5592, 40.8886 ], [ -3.5594, 40.8885 ], [ -3.5593, 40.8884 ], [ -3.5595, 40.8884 ], [ -3.5597, 40.8886 ], [ -3.5597, 40.8886 ], [ -3.5597, 40.8886 ], [ -3.5597, 40.8886 ], [ -3.5597, 40.8886 ], [ -3.5597, 40.8886 ], [ -3.5598, 40.8886 ], [ -3.5599, 40.8886 ], [ -3.56, 40.8884 ], [ -3.5602, 40.8885 ], [ -3.5601, 40.8888 ], [ -3.5601, 40.8888 ], [ -3.5601, 40.8888 ], [ -3.5601, 40.8888 ], [ -3.56, 40.8888 ], [ -3.5599, 40.8888 ], [ -3.5598, 40.8888 ], [ -3.5596, 40.8888 ], [ -3.5597, 40.8889 ], [ -3.5595, 40.8889 ] ], [ [ -3.5598, 40.8886 ], [ -3.5594, 40.8883 ], [ -3.5595, 40.8882 ], [ -3.56, 40.8881 ], [ -3.56, 40.8884 ], [ -3.5598, 40.8886 ] ], [ [ -3.5601, 40.8884 ], [ -3.5601, 40.8882 ], [ -3.5604, 40.8881 ], [ -3.5604, 40.888 ], [ -3.5605, 40.888 ], [ -3.5607, 40.8882 ], [ -3.5608, 40.8882 ], [ -3.5607, 40.8883 ], [ -3.5611, 40.8881 ], [ -3.5612, 40.8882 ], [ -3.5606, 40.8886 ], [ -3.5603, 40.8886 ], [ -3.5601, 40.8884 ] ], [ [ -3.5607, 40.8882 ], [ -3.5605, 40.888 ], [ -3.5606, 40.8879 ], [ -3.561, 40.888 ], [ -3.5608, 40.8882 ], [ -3.5608, 40.8881 ], [ -3.5607, 40.8882 ] ], [ [ -3.5614, 40.8882 ], [ -3.5612, 40.8879 ], [ -3.5615, 40.8878 ], [ -3.5614, 40.8882 ] ], [ [ -3.5608, 40.8887 ], [ -3.5613, 40.8883 ], [ -3.5616, 40.8885 ], [ -3.561, 40.8887 ], [ -3.561, 40.8887 ], [ -3.5609, 40.8887 ], [ -3.5608, 40.8887 ] ], [ [ -3.5624, 40.8884 ], [ -3.5625, 40.8885 ], [ -3.5625, 40.8887 ], [ -3.5621, 40.8885 ], [ -3.5624, 40.8884 ] ], [ [ -3.5616, 40.889 ], [ -3.5612, 40.8887 ], [ -3.5617, 40.8885 ], [ -3.5619, 40.8886 ], [ -3.5616, 40.889 ] ] ] } },
{ "type": "Feature", "properties": { "municipio": "El Berrueco", "clasificacion": "urbano-consolidado", "calificacion": "sin-asignar", "version": "vigente", "fuente": "SIT-CAM WFS — UsoDelSuelo:VPLA_V_CLASIFICACION (https://idem.comunidad.madrid/geosrvg/ows)", "fecha_dato": "2026-05-12", "ambito": "33594", "_raw_CD_SIGLAS": "SU", "_raw_DS_CLASIF_GEN": "Suelo Urbano", "_raw_DS_CLASIF_DET": "Suelo Urbano", "_raw_DS_DOCU": "NORMAS SUBSIDIARIAS", "_raw_DS_LEY": "CM Ley 9/1995, E RDL 1/1992", "_raw_FC_AC": "1997-07-31", "_raw_NM_AREA_M2": 39637.013897219702, "_cam_code": "021" }, "geometry": { "type": "Polygon", "coordinates": [ [ [ -3.5566, 40.8939 ], [ -3.5558, 40.8942 ], [ -3.5558, 40.8943 ], [ -3.5556, 40.8943 ], [ -3.5542, 40.8952 ], [ -3.5524, 40.896 ], [ -3.5521, 40.8964 ], [ -3.5531, 40.8969 ], [ -3.5537, 40.8965 ], [ -3.5548, 40.8962 ], [ -3.5554, 40.8957 ], [ -3.5564, 40.894 ], [ -3.5566, 40.8939 ] ] ] } },
{ "type": "Feature", "properties": { "municipio": "El Berrueco", "clasificacion": "urbano-consolidado", "calificacion": "sin-asignar", "version": "vigente", "fuente": "SIT-CAM WFS — UsoDelSuelo:VPLA_V_CLASIFICACION (https://idem.comunidad.madrid/geosrvg/ows)", "fecha_dato": "2026-05-12", "ambito": "33594", "_raw_CD_SIGLAS": "SU", "_raw_DS_CLASIF_GEN": "Suelo Urbano", "_raw_DS_CLASIF_DET": "Suelo Urbano", "_raw_DS_DOCU": "NORMAS SUBSIDIARIAS", "_raw_DS_LEY": "CM Ley 9/1995, E RDL 1/1992", "_raw_FC_AC": "1997-07-31", "_raw_NM_AREA_M2": 734.03021145277796, "_cam_code": "021" }, "geometry": { "type": "Polygon", "coordinates": [ [ [ -3.5592, 40.8871 ], [ -3.5595, 40.8874 ], [ -3.5597, 40.8873 ], [ -3.5597, 40.8872 ], [ -3.5592, 40.8871 ] ] ] } },
{ "type": "Feature", "properties": { "municipio": "El Berrueco", "clasificacion": "urbano-consolidado", "calificacion": "sin-asignar", "version": "vigente", "fuente": "SIT-CAM WFS — UsoDelSuelo:VPLA_V_CLASIFICACION (https://idem.comunidad.madrid/geosrvg/ows)", "fecha_dato": "2026-05-12", "ambito": "33594", "_raw_CD_SIGLAS": "SU", "_raw_DS_CLASIF_GEN": "Suelo Urbano", "_raw_DS_CLASIF_DET": "Suelo Urbano", "_raw_DS_DOCU": "NORMAS SUBSIDIARIAS", "_raw_DS_LEY": "CM Ley 9/1995, E RDL 1/1992", "_raw_FC_AC": "1997-07-31", "_raw_NM_AREA_M2": 4632.5564082459596, "_cam_code": "021" }, "geometry": { "type": "Polygon", "coordinates": [ [ [ -3.5597, 40.888 ], [ -3.5601, 40.8881 ], [ -3.5607, 40.8878 ], [ -3.5602, 40.8876 ], [ -3.5602, 40.8875 ], [ -3.5599, 40.8876 ], [ -3.5599, 40.8874 ], [ -3.5598, 40.8874 ], [ -3.5595, 40.8877 ], [ -3.5596, 40.8877 ], [ -3.5597, 40.888 ] ] ] } },
{ "type": "Feature", "properties": { "municipio": "El Berrueco", "clasificacion": "urbano-consolidado", "calificacion": "sin-asignar", "version": "vigente", "fuente": "SIT-CAM WFS — UsoDelSuelo:VPLA_V_CLASIFICACION (https://idem.comunidad.madrid/geosrvg/ows)", "fecha_dato": "2026-05-12", "ambito": "33594", "_raw_CD_SIGLAS": "SU", "_raw_DS_CLASIF_GEN": "Suelo Urbano", "_raw_DS_CLASIF_DET": "Suelo Urbano", "_raw_DS_DOCU": "NORMAS SUBSIDIARIAS", "_raw_DS_LEY": "CM Ley 9/1995, E RDL 1/1992", "_raw_FC_AC": "1997-07-31", "_raw_NM_AREA_M2": 3391.93628800641, "_cam_code": "021" }, "geometry": { "type": "Polygon", "coordinates": [ [ [ -3.5591, 40.8873 ], [ -3.559, 40.8875 ], [ -3.5591, 40.8876 ], [ -3.5588, 40.8876 ], [ -3.5588, 40.8877 ], [ -3.559, 40.8877 ], [ -3.5586, 40.888 ], [ -3.5588, 40.8882 ], [ -3.5594, 40.8878 ], [ -3.5595, 40.8874 ], [ -3.5594, 40.8873 ], [ -3.5591, 40.8873 ] ] ] } },
{ "type": "Feature", "properties": { "municipio": "El Berrueco", "clasificacion": "urbano-consolidado", "calificacion": "sin-asignar", "version": "vigente", "fuente": "SIT-CAM WFS — UsoDelSuelo:VPLA_V_CLASIFICACION (https://idem.comunidad.madrid/geosrvg/ows)", "fecha_dato": "2026-05-12", "ambito": "33594", "_raw_CD_SIGLAS": "SU", "_raw_DS_CLASIF_GEN": "Suelo Urbano", "_raw_DS_CLASIF_DET": "Suelo Urbano", "_raw_DS_DOCU": "NORMAS SUBSIDIARIAS", "_raw_DS_LEY": "CM Ley 9/1995, E RDL 1/1992", "_raw_FC_AC": "1997-07-31", "_raw_NM_AREA_M2": 465799.91276711703, "_cam_code": "021" }, "geometry": { "type": "Polygon", "coordinates": [ [ [ -3.5851, 40.8839 ], [ -3.586, 40.8849 ], [ -3.5882, 40.8847 ], [ -3.5883, 40.8843 ], [ -3.5882, 40.8843 ], [ -3.5881, 40.8831 ], [ -3.5874, 40.8818 ], [ -3.5902, 40.8813 ], [ -3.5901, 40.8809 ], [ -3.5936, 40.88 ], [ -3.5935, 40.8791 ], [ -3.5873, 40.8798 ], [ -3.587, 40.8788 ], [ -3.5865, 40.8789 ], [ -3.5855, 40.8772 ], [ -3.5848, 40.8774 ], [ -3.5846, 40.8773 ], [ -3.5833, 40.8773 ], [ -3.5825, 40.8777 ], [ -3.5822, 40.8777 ], [ -3.582, 40.8779 ], [ -3.5818, 40.8777 ], [ -3.581, 40.8777 ], [ -3.5796, 40.878 ], [ -3.5796, 40.8779 ], [ -3.5784, 40.8772 ], [ -3.5777, 40.8774 ], [ -3.5773, 40.8777 ], [ -3.5772, 40.878 ], [ -3.577, 40.8781 ], [ -3.577, 40.8783 ], [ -3.5773, 40.8782 ], [ -3.5773, 40.8781 ], [ -3.5777, 40.8781 ], [ -3.5778, 40.8782 ], [ -3.5778, 40.8788 ], [ -3.5779, 40.8788 ], [ -3.5781, 40.8793 ], [ -3.5785, 40.8793 ], [ -3.5787, 40.8797 ], [ -3.5795, 40.8797 ], [ -3.5805, 40.8806 ], [ -3.5807, 40.8806 ], [ -3.5814, 40.881 ], [ -3.5814, 40.8812 ], [ -3.5819, 40.8817 ], [ -3.5822, 40.8813 ], [ -3.5824, 40.8814 ], [ -3.5834, 40.8811 ], [ -3.5837, 40.8817 ], [ -3.583, 40.8821 ], [ -3.5829, 40.8824 ], [ -3.5832, 40.8824 ], [ -3.5837, 40.8826 ], [ -3.5837, 40.8827 ], [ -3.5841, 40.8827 ], [ -3.5841, 40.8825 ], [ -3.5843, 40.8826 ], [ -3.585, 40.8825 ], [ -3.5853, 40.8827 ], [ -3.5856, 40.8825 ], [ -3.5861, 40.8828 ], [ -3.5863, 40.8834 ], [ -3.5851, 40.8837 ], [ -3.5851, 40.8839 ] ] ] } },
{ "type": "Feature", "properties": { "municipio": "El Berrueco", "clasificacion": "urbano-consolidado", "calificacion": "sin-asignar", "version": "vigente", "fuente": "SIT-CAM WFS — UsoDelSuelo:VPLA_V_CLASIFICACION (https://idem.comunidad.madrid/geosrvg/ows)", "fecha_dato": "2026-05-12", "ambito": "33594", "_raw_CD_SIGLAS": "SU", "_raw_DS_CLASIF_GEN": "Suelo Urbano", "_raw_DS_CLASIF_DET": "Suelo Urbano", "_raw_DS_DOCU": "NORMAS SUBSIDIARIAS", "_raw_DS_LEY": "CM Ley 9/1995, E RDL 1/1992", "_raw_FC_AC": "1997-07-31", "_raw_NM_AREA_M2": 1363.8170356954199, "_cam_code": "021" }, "geometry": { "type": "Polygon", "coordinates": [ [ [ -3.5624, 40.8881 ], [ -3.5618, 40.8883 ], [ -3.562, 40.8885 ], [ -3.562, 40.8884 ], [ -3.5626, 40.8883 ], [ -3.5624, 40.888 ], [ -3.5624, 40.8881 ] ] ] } },
{ "type": "Feature", "properties": { "municipio": "El Berrueco", "clasificacion": "urbano-consolidado", "calificacion": "sin-asignar", "version": "vigente", "fuente": "SIT-CAM WFS — UsoDelSuelo:VPLA_V_CLASIFICACION (https://idem.comunidad.madrid/geosrvg/ows)", "fecha_dato": "2026-05-12", "ambito": "33594", "_raw_CD_SIGLAS": "SU", "_raw_DS_CLASIF_GEN": "Suelo Urbano", "_raw_DS_CLASIF_DET": "Suelo Urbano", "_raw_DS_DOCU": "NORMAS SUBSIDIARIAS", "_raw_DS_LEY": "CM Ley 9/1995, E RDL 1/1992", "_raw_FC_AC": "1997-07-31", "_raw_NM_AREA_M2": 758.15168666956697, "_cam_code": "021" }, "geometry": { "type": "Polygon", "coordinates": [ [ [ -3.5585, 40.8902 ], [ -3.5587, 40.8901 ], [ -3.5587, 40.8899 ], [ -3.5581, 40.89 ], [ -3.5581, 40.8901 ], [ -3.5585, 40.89 ], [ -3.5585, 40.8902 ] ] ] } },
{ "type": "Feature", "properties": { "municipio": "El Berrueco", "clasificacion": "urbano-consolidado", "calificacion": "sin-asignar", "version": "vigente", "fuente": "SIT-CAM WFS — UsoDelSuelo:VPLA_V_CLASIFICACION (https://idem.comunidad.madrid/geosrvg/ows)", "fecha_dato": "2026-05-12", "ambito": "33594", "_raw_CD_SIGLAS": "SU", "_raw_DS_CLASIF_GEN": "Suelo Urbano", "_raw_DS_CLASIF_DET": "Suelo Urbano", "_raw_DS_DOCU": "NORMAS SUBSIDIARIAS", "_raw_DS_LEY": "CM Ley 9/1995, E RDL 1/1992", "_raw_FC_AC": "1997-07-31", "_raw_NM_AREA_M2": 249.24579057472499, "_cam_code": "021" }, "geometry": { "type": "Polygon", "coordinates": [ [ [ -3.5582, 40.8903 ], [ -3.5583, 40.8902 ], [ -3.5585, 40.8902 ], [ -3.5582, 40.8901 ], [ -3.5582, 40.8903 ] ] ] } },
{ "type": "Feature", "properties": { "municipio": "El Berrueco", "clasificacion": "urbano-consolidado", "calificacion": "sin-asignar", "version": "vigente", "fuente": "SIT-CAM WFS — UsoDelSuelo:VPLA_V_CLASIFICACION (https://idem.comunidad.madrid/geosrvg/ows)", "fecha_dato": "2026-05-12", "ambito": "33594", "_raw_CD_SIGLAS": "SU", "_raw_DS_CLASIF_GEN": "Suelo Urbano", "_raw_DS_CLASIF_DET": "Suelo Urbano", "_raw_DS_DOCU": "NORMAS SUBSIDIARIAS", "_raw_DS_LEY": "CM Ley 9/1995, E RDL 1/1992", "_raw_FC_AC": "1997-07-31", "_raw_NM_AREA_M2": 1319.42667068473, "_cam_code": "021" }, "geometry": { "type": "Polygon", "coordinates": [ [ [ -3.5596, 40.8898 ], [ -3.5593, 40.8901 ], [ -3.559, 40.8902 ], [ -3.5593, 40.8903 ], [ -3.5596, 40.89 ], [ -3.5597, 40.8901 ], [ -3.5598, 40.8899 ], [ -3.5596, 40.8898 ] ] ] } },
{ "type": "Feature", "properties": { "municipio": "El Berrueco", "clasificacion": "urbano-consolidado", "calificacion": "sin-asignar", "version": "vigente", "fuente": "SIT-CAM WFS — UsoDelSuelo:VPLA_V_CLASIFICACION (https://idem.comunidad.madrid/geosrvg/ows)", "fecha_dato": "2026-05-12", "ambito": "33594", "_raw_CD_SIGLAS": "SU", "_raw_DS_CLASIF_GEN": "Suelo Urbano", "_raw_DS_CLASIF_DET": "Suelo Urbano", "_raw_DS_DOCU": "NORMAS SUBSIDIARIAS", "_raw_DS_LEY": "CM Ley 9/1995, E RDL 1/1992", "_raw_FC_AC": "1997-07-31", "_raw_NM_AREA_M2": 902.50761330165301, "_cam_code": "021" }, "geometry": { "type": "Polygon", "coordinates": [ [ [ -3.5588, 40.8902 ], [ -3.5584, 40.8903 ], [ -3.5584, 40.8905 ], [ -3.5588, 40.8905 ], [ -3.5588, 40.8902 ] ] ] } },
{ "type": "Feature", "properties": { "municipio": "El Berrueco", "clasificacion": "urbano-consolidado", "calificacion": "sin-asignar", "version": "vigente", "fuente": "SIT-CAM WFS — UsoDelSuelo:VPLA_V_CLASIFICACION (https://idem.comunidad.madrid/geosrvg/ows)", "fecha_dato": "2026-05-12", "ambito": "33594", "_raw_CD_SIGLAS": "SU", "_raw_DS_CLASIF_GEN": "Suelo Urbano", "_raw_DS_CLASIF_DET": "Suelo Urbano", "_raw_DS_DOCU": "NORMAS SUBSIDIARIAS", "_raw_DS_LEY": "CM Ley 9/1995, E RDL 1/1992", "_raw_FC_AC": "1997-07-31", "_raw_NM_AREA_M2": 601.98011213705104, "_cam_code": "021" }, "geometry": { "type": "Polygon", "coordinates": [ [ [ -3.5589, 40.8904 ], [ -3.5589, 40.8906 ], [ -3.5591, 40.8906 ], [ -3.5592, 40.8903 ], [ -3.5589, 40.8902 ], [ -3.5589, 40.8904 ] ] ] } },
{ "type": "Feature", "properties": { "municipio": "El Berrueco", "clasificacion": "urbano-consolidado", "calificacion": "sin-asignar", "version": "vigente", "fuente": "SIT-CAM WFS — UsoDelSuelo:VPLA_V_CLASIFICACION (https://idem.comunidad.madrid/geosrvg/ows)", "fecha_dato": "2026-05-12", "ambito": "33594", "_raw_CD_SIGLAS": "SU", "_raw_DS_CLASIF_GEN": "Suelo Urbano", "_raw_DS_CLASIF_DET": "Suelo Urbano", "_raw_DS_DOCU": "NORMAS SUBSIDIARIAS", "_raw_DS_LEY": "CM Ley 9/1995, E RDL 1/1992", "_raw_FC_AC": "1997-07-31", "_raw_NM_AREA_M2": 1067.0555019236799, "_cam_code": "021" }, "geometry": { "type": "Polygon", "coordinates": [ [ [ -3.5588, 40.8901 ], [ -3.5592, 40.89 ], [ -3.5594, 40.8898 ], [ -3.5589, 40.8898 ], [ -3.5589, 40.8898 ], [ -3.5589, 40.8898 ], [ -3.5588, 40.8899 ], [ -3.5588, 40.8898 ], [ -3.5588, 40.8901 ] ] ] } },
{ "type": "Feature", "properties": { "municipio": "El Berrueco", "clasificacion": "urbano-consolidado", "calificacion": "sin-asignar", "version": "vigente", "fuente": "SIT-CAM WFS — UsoDelSuelo:VPLA_V_CLASIFICACION (https://idem.comunidad.madrid/geosrvg/ows)", "fecha_dato": "2026-05-12", "ambito": "33594", "_raw_CD_SIGLAS": "SU", "_raw_DS_CLASIF_GEN": "Suelo Urbano", "_raw_DS_CLASIF_DET": "Suelo Urbano", "_raw_DS_DOCU": "NORMAS SUBSIDIARIAS", "_raw_DS_LEY": "CM Ley 9/1995, E RDL 1/1992", "_raw_FC_AC": "1997-07-31", "_raw_NM_AREA_M2": 1578.8156060414699, "_cam_code": "021" }, "geometry": { "type": "Polygon", "coordinates": [ [ [ -3.5613, 40.8883 ], [ -3.5608, 40.8886 ], [ -3.5608, 40.8887 ], [ -3.5616, 40.8885 ], [ -3.5613, 40.8883 ] ] ] } },
{ "type": "Feature", "properties": { "municipio": "El Berrueco", "clasificacion": "urbano-consolidado", "calificacion": "sin-asignar", "version": "vigente", "fuente": "SIT-CAM WFS — UsoDelSuelo:VPLA_V_CLASIFICACION (https://idem.comunidad.madrid/geosrvg/ows)", "fecha_dato": "2026-05-12", "ambito": "33594", "_raw_CD_SIGLAS": "SU", "_raw_DS_CLASIF_GEN": "Suelo Urbano", "_raw_DS_CLASIF_DET": "Suelo Urbano", "_raw_DS_DOCU": "NORMAS SUBSIDIARIAS", "_raw_DS_LEY": "CM Ley 9/1995, E RDL 1/1992", "_raw_FC_AC": "1997-07-31", "_raw_NM_AREA_M2": 1291.0463524454599, "_cam_code": "021" }, "geometry": { "type": "Polygon", "coordinates": [ [ [ -3.56, 40.8881 ], [ -3.5599, 40.8882 ], [ -3.5594, 40.8883 ], [ -3.5598, 40.8886 ], [ -3.56, 40.8884 ], [ -3.56, 40.8881 ] ] ] } },
{ "type": "Feature", "properties": { "municipio": "El Berrueco", "clasificacion": "urbano-consolidado", "calificacion": "sin-asignar", "version": "vigente", "fuente": "SIT-CAM WFS — UsoDelSuelo:VPLA_V_CLASIFICACION (https://idem.comunidad.madrid/geosrvg/ows)", "fecha_dato": "2026-05-12", "ambito": "33594", "_raw_CD_SIGLAS": "SU", "_raw_DS_CLASIF_GEN": "Suelo Urbano", "_raw_DS_CLASIF_DET": "Suelo Urbano", "_raw_DS_DOCU": "NORMAS SUBSIDIARIAS", "_raw_DS_LEY": "CM Ley 9/1995, E RDL 1/1992", "_raw_FC_AC": "1997-07-31", "_raw_NM_AREA_M2": 689.75206097138005, "_cam_code": "021" }, "geometry": { "type": "Polygon", "coordinates": [ [ [ -3.5615, 40.8878 ], [ -3.5612, 40.8879 ], [ -3.5614, 40.8882 ], [ -3.5615, 40.8881 ], [ -3.5615, 40.8878 ] ] ] } },
{ "type": "Feature", "properties": { "municipio": "El Berrueco", "clasificacion": "urbano-consolidado", "calificacion": "sin-asignar", "version": "vigente", "fuente": "SIT-CAM WFS — UsoDelSuelo:VPLA_V_CLASIFICACION (https://idem.comunidad.madrid/geosrvg/ows)", "fecha_dato": "2026-05-12", "ambito": "33594", "_raw_CD_SIGLAS": "SU", "_raw_DS_CLASIF_GEN": "Suelo Urbano", "_raw_DS_CLASIF_DET": "Suelo Urbano", "_raw_DS_DOCU": "NORMAS SUBSIDIARIAS", "_raw_DS_LEY": "CM Ley 9/1995, E RDL 1/1992", "_raw_FC_AC": "1997-07-31", "_raw_NM_AREA_M2": 707.90876808197402, "_cam_code": "021" }, "geometry": { "type": "Polygon", "coordinates": [ [ [ -3.5625, 40.8887 ], [ -3.5624, 40.8884 ], [ -3.5621, 40.8885 ], [ -3.5624, 40.8887 ], [ -3.5625, 40.8887 ] ] ] } },
{ "type": "Feature", "properties": { "municipio": "El Berrueco", "clasificacion": "urbano-consolidado", "calificacion": "sin-asignar", "version": "vigente", "fuente": "SIT-CAM WFS — UsoDelSuelo:VPLA_V_CLASIFICACION (https://idem.comunidad.madrid/geosrvg/ows)", "fecha_dato": "2026-05-12", "ambito": "33594", "_raw_CD_SIGLAS": "SU", "_raw_DS_CLASIF_GEN": "Suelo Urbano", "_raw_DS_CLASIF_DET": "Suelo Urbano", "_raw_DS_DOCU": "NORMAS SUBSIDIARIAS", "_raw_DS_LEY": "CM Ley 9/1995, E RDL 1/1992", "_raw_FC_AC": "1997-07-31", "_raw_NM_AREA_M2": 1352.3483913658399, "_cam_code": "021" }, "geometry": { "type": "Polygon", "coordinates": [ [ [ -3.5617, 40.8885 ], [ -3.5612, 40.8887 ], [ -3.5616, 40.889 ], [ -3.5619, 40.8886 ], [ -3.5617, 40.8885 ] ] ] } },
{ "type": "Feature", "properties": { "municipio": "El Berrueco", "clasificacion": "urbano-consolidado", "calificacion": "sin-asignar", "version": "vigente", "fuente": "SIT-CAM WFS — UsoDelSuelo:VPLA_V_CLASIFICACION (https://idem.comunidad.madrid/geosrvg/ows)", "fecha_dato": "2026-05-12", "ambito": "33594", "_raw_CD_SIGLAS": "SU", "_raw_DS_CLASIF_GEN": "Suelo Urbano", "_raw_DS_CLASIF_DET": "Suelo Urbano", "_raw_DS_DOCU": "NORMAS SUBSIDIARIAS", "_raw_DS_LEY": "CM Ley 9/1995, E RDL 1/1992", "_raw_FC_AC": "1997-07-31", "_raw_NM_AREA_M2": 3490.39046393013, "_cam_code": "021" }, "geometry": { "type": "Polygon", "coordinates": [ [ [ -3.5627, 40.8884 ], [ -3.5625, 40.8885 ], [ -3.5626, 40.8888 ], [ -3.5631, 40.8891 ], [ -3.5634, 40.8885 ], [ -3.5627, 40.8884 ] ] ] } },
{ "type": "Feature", "properties": { "municipio": "El Berrueco", "clasificacion": "urbano-consolidado", "calificacion": "sin-asignar", "version": "vigente", "fuente": "SIT-CAM WFS — UsoDelSuelo:VPLA_V_CLASIFICACION (https://idem.comunidad.madrid/geosrvg/ows)", "fecha_dato": "2026-05-12", "ambito": "33594", "_raw_CD_SIGLAS": "SU", "_raw_DS_CLASIF_GEN": "Suelo Urbano", "_raw_DS_CLASIF_DET": "Suelo Urbano", "_raw_DS_DOCU": "NORMAS SUBSIDIARIAS", "_raw_DS_LEY": "CM Ley 9/1995, E RDL 1/1992", "_raw_FC_AC": "1997-07-31", "_raw_NM_AREA_M2": 4575.59607108215, "_cam_code": "021" }, "geometry": { "type": "Polygon", "coordinates": [ [ [ -3.5589, 40.8882 ], [ -3.5585, 40.8886 ], [ -3.5586, 40.8891 ], [ -3.5588, 40.8892 ], [ -3.559, 40.8891 ], [ -3.5592, 40.8886 ], [ -3.5592, 40.8883 ], [ -3.5589, 40.8882 ] ] ] } },
{ "type": "Feature", "properties": { "municipio": "El Berrueco", "clasificacion": "urbano-consolidado", "calificacion": "sin-asignar", "version": "vigente", "fuente": "SIT-CAM WFS — UsoDelSuelo:VPLA_V_CLASIFICACION (https://idem.comunidad.madrid/geosrvg/ows)", "fecha_dato": "2026-05-12", "ambito": "33594", "_raw_CD_SIGLAS": "SU", "_raw_DS_CLASIF_GEN": "Suelo Urbano", "_raw_DS_CLASIF_DET": "Suelo Urbano", "_raw_DS_DOCU": "NORMAS SUBSIDIARIAS", "_raw_DS_LEY": "CM Ley 9/1995, E RDL 1/1992", "_raw_FC_AC": "1997-07-31", "_raw_NM_AREA_M2": 1025.7697039401601, "_cam_code": "021" }, "geometry": { "type": "Polygon", "coordinates": [ [ [ -3.5584, 40.8894 ], [ -3.5588, 40.8894 ], [ -3.5588, 40.8892 ], [ -3.5582, 40.8892 ], [ -3.5584, 40.8894 ] ] ] } },
{ "type": "Feature", "properties": { "municipio": "El Berrueco", "clasificacion": "urbano-consolidado", "calificacion": "sin-asignar", "version": "vigente", "fuente": "SIT-CAM WFS — UsoDelSuelo:VPLA_V_CLASIFICACION (https://idem.comunidad.madrid/geosrvg/ows)", "fecha_dato": "2026-05-12", "ambito": "33594", "_raw_CD_SIGLAS": "SU", "_raw_DS_CLASIF_GEN": "Suelo Urbano", "_raw_DS_CLASIF_DET": "Suelo Urbano", "_raw_DS_DOCU": "NORMAS SUBSIDIARIAS", "_raw_DS_LEY": "CM Ley 9/1995, E RDL 1/1992", "_raw_FC_AC": "1997-07-31", "_raw_NM_AREA_M2": 1203.7277528432701, "_cam_code": "021" }, "geometry": { "type": "Polygon", "coordinates": [ [ [ -3.5581, 40.8895 ], [ -3.5581, 40.8896 ], [ -3.5583, 40.8895 ], [ -3.5582, 40.8893 ], [ -3.5577, 40.8894 ], [ -3.558, 40.8896 ], [ -3.5581, 40.8895 ] ] ] } },
{ "type": "Feature", "properties": { "municipio": "El Berrueco", "clasificacion": "urbano-consolidado", "calificacion": "sin-asignar", "version": "vigente", "fuente": "SIT-CAM WFS — UsoDelSuelo:VPLA_V_CLASIFICACION (https://idem.comunidad.madrid/geosrvg/ows)", "fecha_dato": "2026-05-12", "ambito": "33594", "_raw_CD_SIGLAS": "SU", "_raw_DS_CLASIF_GEN": "Suelo Urbano", "_raw_DS_CLASIF_DET": "Suelo Urbano", "_raw_DS_DOCU": "NORMAS SUBSIDIARIAS", "_raw_DS_LEY": "CM Ley 9/1995, E RDL 1/1992", "_raw_FC_AC": "1997-07-31", "_raw_NM_AREA_M2": 901.01813290555003, "_cam_code": "021" }, "geometry": { "type": "Polygon", "coordinates": [ [ [ -3.5587, 40.8894 ], [ -3.5583, 40.8895 ], [ -3.5583, 40.8896 ], [ -3.5587, 40.8897 ], [ -3.5587, 40.8895 ], [ -3.5588, 40.8895 ], [ -3.5587, 40.8894 ] ] ] } },
{ "type": "Feature", "properties": { "municipio": "El Berrueco", "clasificacion": "urbano-consolidado", "calificacion": "sin-asignar", "version": "vigente", "fuente": "SIT-CAM WFS — UsoDelSuelo:VPLA_V_CLASIFICACION (https://idem.comunidad.madrid/geosrvg/ows)", "fecha_dato": "2026-05-12", "ambito": "33594", "_raw_CD_SIGLAS": "SU_A", "_raw_DS_CLASIF_GEN": "Suelo Urbano (APLAZADO)", "_raw_DS_CLASIF_DET": "Suelo Urbano (APLAZADO)", "_raw_DS_DOCU": "NORMAS SUBSIDIARIAS", "_raw_DS_LEY": "CM Ley 9/1995, E RDL 1/1992", "_raw_FC_AC": "1997-07-31", "_raw_NM_AREA_M2": 798.56142395551694, "_cam_code": "021" }, "geometry": { "type": "Polygon", "coordinates": [ [ [ -3.5608, 40.8881 ], [ -3.5608, 40.8882 ], [ -3.561, 40.888 ], [ -3.5609, 40.8879 ], [ -3.5605, 40.888 ], [ -3.5607, 40.8882 ], [ -3.5608, 40.8881 ] ] ] } },
{ "type": "Feature", "properties": { "municipio": "El Berrueco", "clasificacion": "urbano-consolidado", "calificacion": "sin-asignar", "version": "vigente", "fuente": "SIT-CAM WFS — UsoDelSuelo:VPLA_V_CLASIFICACION (https://idem.comunidad.madrid/geosrvg/ows)", "fecha_dato": "2026-05-12", "ambito": "33594", "_raw_CD_SIGLAS": "SU_A", "_raw_DS_CLASIF_GEN": "Suelo Urbano (APLAZADO)", "_raw_DS_CLASIF_DET": "Suelo Urbano (APLAZADO)", "_raw_DS_DOCU": "NORMAS SUBSIDIARIAS", "_raw_DS_LEY": "CM Ley 9/1995, E RDL 1/1992", "_raw_FC_AC": "1997-07-31", "_raw_NM_AREA_M2": 1330.02791553572, "_cam_code": "021" }, "geometry": { "type": "Polygon", "coordinates": [ [ [ -3.562, 40.8875 ], [ -3.5615, 40.8877 ], [ -3.5617, 40.8879 ], [ -3.5622, 40.8878 ], [ -3.562, 40.8875 ] ] ] } },
{ "type": "Feature", "properties": { "municipio": "El Berrueco", "clasificacion": "urbano-consolidado", "calificacion": "sin-asignar", "version": "vigente", "fuente": "SIT-CAM WFS — UsoDelSuelo:VPLA_V_CLASIFICACION (https://idem.comunidad.madrid/geosrvg/ows)", "fecha_dato": "2026-05-12", "ambito": "33594", "_raw_CD_SIGLAS": "SU_A", "_raw_DS_CLASIF_GEN": "Suelo Urbano (APLAZADO)", "_raw_DS_CLASIF_DET": "Suelo Urbano (APLAZADO)", "_raw_DS_DOCU": "NORMAS SUBSIDIARIAS", "_raw_DS_LEY": "CM Ley 9/1995, E RDL 1/1992", "_raw_FC_AC": "1997-07-31", "_raw_NM_AREA_M2": 978.08629549984005, "_cam_code": "021" }, "geometry": { "type": "Polygon", "coordinates": [ [ [ -3.5592, 40.8881 ], [ -3.5593, 40.8883 ], [ -3.5595, 40.8882 ], [ -3.5595, 40.8878 ], [ -3.5592, 40.8881 ] ] ] } },
{ "type": "Feature", "properties": { "municipio": "El Berrueco", "clasificacion": "urbano-consolidado", "calificacion": "sin-asignar", "version": "vigente", "fuente": "SIT-CAM WFS — UsoDelSuelo:VPLA_V_CLASIFICACION (https://idem.comunidad.madrid/geosrvg/ows)", "fecha_dato": "2026-05-12", "ambito": "33594", "_raw_CD_SIGLAS": "SU_A", "_raw_DS_CLASIF_GEN": "Suelo Urbano (APLAZADO)", "_raw_DS_CLASIF_DET": "Suelo Urbano (APLAZADO)", "_raw_DS_DOCU": "NORMAS SUBSIDIARIAS", "_raw_DS_LEY": "CM Ley 9/1995, E RDL 1/1992", "_raw_FC_AC": "1997-07-31", "_raw_NM_AREA_M2": 2178.8074174468402, "_cam_code": "021" }, "geometry": { "type": "Polygon", "coordinates": [ [ [ -3.5622, 40.8878 ], [ -3.5616, 40.888 ], [ -3.5615, 40.8881 ], [ -3.5616, 40.8882 ], [ -3.5614, 40.8882 ], [ -3.5616, 40.8884 ], [ -3.5624, 40.888 ], [ -3.5622, 40.8878 ] ] ] } },
{ "type": "Feature", "properties": { "municipio": "El Berrueco", "clasificacion": "urbano-consolidado", "calificacion": "sin-asignar", "version": "vigente", "fuente": "SIT-CAM WFS — UsoDelSuelo:VPLA_V_CLASIFICACION (https://idem.comunidad.madrid/geosrvg/ows)", "fecha_dato": "2026-05-12", "ambito": "33594", "_raw_CD_SIGLAS": "SU_A", "_raw_DS_CLASIF_GEN": "Suelo Urbano (APLAZADO)", "_raw_DS_CLASIF_DET": "Suelo Urbano (APLAZADO)", "_raw_DS_DOCU": "NORMAS SUBSIDIARIAS", "_raw_DS_LEY": "CM Ley 9/1995, E RDL 1/1992", "_raw_FC_AC": "1997-07-31", "_raw_NM_AREA_M2": 3328.7140073678001, "_cam_code": "021" }, "geometry": { "type": "Polygon", "coordinates": [ [ [ -3.5601, 40.8883 ], [ -3.5603, 40.8886 ], [ -3.5606, 40.8886 ], [ -3.5612, 40.8882 ], [ -3.5611, 40.8881 ], [ -3.5607, 40.8883 ], [ -3.5608, 40.8882 ], [ -3.5604, 40.888 ], [ -3.5601, 40.8883 ] ] ] } },
{ "type": "Feature", "properties": { "municipio": "El Berrueco", "clasificacion": "urbano-consolidado", "calificacion": "sin-asignar", "version": "vigente", "fuente": "SIT-CAM WFS — UsoDelSuelo:VPLA_V_CLASIFICACION (https://idem.comunidad.madrid/geosrvg/ows)", "fecha_dato": "2026-05-12", "ambito": "33594", "_raw_CD_SIGLAS": "SU_A", "_raw_DS_CLASIF_GEN": "Suelo Urbano (APLAZADO)", "_raw_DS_CLASIF_DET": "Suelo Urbano (APLAZADO)", "_raw_DS_DOCU": "NORMAS SUBSIDIARIAS", "_raw_DS_LEY": "CM Ley 9/1995, E RDL 1/1992", "_raw_FC_AC": "1997-07-31", "_raw_NM_AREA_M2": 3623.2623325490999, "_cam_code": "021" }, "geometry": { "type": "Polygon", "coordinates": [ [ [ -3.5591, 40.8889 ], [ -3.5593, 40.8891 ], [ -3.5595, 40.8889 ], [ -3.5597, 40.8889 ], [ -3.5596, 40.8888 ], [ -3.5601, 40.8888 ], [ -3.5602, 40.8885 ], [ -3.56, 40.8884 ], [ -3.5599, 40.8886 ], [ -3.5597, 40.8886 ], [ -3.5595, 40.8884 ], [ -3.5593, 40.8884 ], [ -3.5594, 40.8885 ], [ -3.5592, 40.8886 ], [ -3.5591, 40.8889 ] ] ] } },
{ "type": "Feature", "properties": { "municipio": "El Berrueco", "clasificacion": "urbanizable-no-sectorizado", "calificacion": "sin-asignar", "version": "vigente", "fuente": "SIT-CAM WFS — UsoDelSuelo:VPLA_V_CLASIFICACION (https://idem.comunidad.madrid/geosrvg/ows)", "fecha_dato": "2026-05-12", "ambito": "33594", "_raw_CD_SIGLAS": "SUBNS", "_raw_DS_CLASIF_GEN": "Suelo No Urbanizable Común", "_raw_DS_CLASIF_DET": "Suelo no urbanizable común", "_raw_DS_DOCU": "NORMAS SUBSIDIARIAS", "_raw_DS_LEY": "CM Ley 9/1995, E RDL 1/1992", "_raw_FC_AC": "1997-07-31", "_raw_NM_AREA_M2": 1809222.2252219601, "_cam_code": "021" }, "geometry": { "type": "Polygon", "coordinates": [ [ [ -3.5173, 40.9001 ], [ -3.5173, 40.9003 ], [ -3.5165, 40.9009 ], [ -3.5162, 40.9012 ], [ -3.5162, 40.9014 ], [ -3.5178, 40.9049 ], [ -3.5174, 40.9037 ], [ -3.5179, 40.9021 ], [ -3.5184, 40.9014 ], [ -3.5207, 40.9001 ], [ -3.5223, 40.9001 ], [ -3.5242, 40.9006 ], [ -3.5258, 40.9014 ], [ -3.5285, 40.9005 ], [ -3.5293, 40.8999 ], [ -3.5304, 40.8994 ], [ -3.5309, 40.8999 ], [ -3.534, 40.9019 ], [ -3.5353, 40.9026 ], [ -3.5358, 40.9027 ], [ -3.5368, 40.9023 ], [ -3.538, 40.9015 ], [ -3.5369, 40.9 ], [ -3.5367, 40.8993 ], [ -3.5385, 40.8984 ], [ -3.5401, 40.8987 ], [ -3.5421, 40.9009 ], [ -3.5425, 40.9016 ], [ -3.5426, 40.9021 ], [ -3.5432, 40.903 ], [ -3.5449, 40.9046 ], [ -3.5452, 40.9047 ], [ -3.5467, 40.9044 ], [ -3.5471, 40.904 ], [ -3.5488, 40.9038 ], [ -3.5495, 40.9042 ], [ -3.5498, 40.9041 ], [ -3.5514, 40.9041 ], [ -3.5516, 40.904 ], [ -3.5514, 40.9038 ], [ -3.5506, 40.9038 ], [ -3.5502, 40.9035 ], [ -3.5497, 40.9035 ], [ -3.5493, 40.9031 ], [ -3.5493, 40.9032 ], [ -3.5489, 40.9033 ], [ -3.5488, 40.9031 ], [ -3.5488, 40.9031 ], [ -3.5488, 40.9031 ], [ -3.5487, 40.9031 ], [ -3.5486, 40.9031 ], [ -3.549, 40.9028 ], [ -3.5489, 40.9025 ], [ -3.5491, 40.9026 ], [ -3.5492, 40.9022 ], [ -3.5493, 40.9022 ], [ -3.5493, 40.9017 ], [ -3.5494, 40.9017 ], [ -3.5494, 40.9015 ], [ -3.5493, 40.9015 ], [ -3.5497, 40.9013 ], [ -3.5497, 40.9006 ], [ -3.5499, 40.9004 ], [ -3.5498, 40.9003 ], [ -3.5499, 40.9001 ], [ -3.5504, 40.8997 ], [ -3.5504, 40.8995 ], [ -3.5503, 40.8995 ], [ -3.5504, 40.8992 ], [ -3.5498, 40.899 ], [ -3.5498, 40.8988 ], [ -3.55, 40.8986 ], [ -3.55, 40.8983 ], [ -3.5501, 40.8983 ], [ -3.5499, 40.898 ], [ -3.5506, 40.8976 ], [ -3.5505, 40.8971 ], [ -3.5507, 40.8966 ], [ -3.5507, 40.8962 ], [ -3.5512, 40.8959 ], [ -3.5512, 40.8956 ], [ -3.5516, 40.8955 ], [ -3.5514, 40.8952 ], [ -3.5514, 40.8943 ], [ -3.5516, 40.8943 ], [ -3.5516, 40.8941 ], [ -3.5515, 40.8941 ], [ -3.5514, 40.8937 ], [ -3.5512, 40.8936 ], [ -3.5516, 40.8935 ], [ -3.5517, 40.8932 ], [ -3.5519, 40.8932 ], [ -3.5519, 40.8931 ], [ -3.5523, 40.8931 ], [ -3.5523, 40.8932 ], [ -3.5524, 40.8931 ], [ -3.5524, 40.8928 ], [ -3.5519, 40.8924 ], [ -3.5523, 40.892 ], [ -3.5521, 40.892 ], [ -3.5519, 40.8917 ], [ -3.5522, 40.8918 ], [ -3.5524, 40.8917 ], [ -3.5524, 40.8915 ], [ -3.5522, 40.8915 ], [ -3.5521, 40.8913 ], [ -3.5522, 40.8911 ], [ -3.5529, 40.8911 ], [ -3.5531, 40.8909 ], [ -3.5527, 40.8907 ], [ -3.5528, 40.8903 ], [ -3.5526, 40.8903 ], [ -3.5525, 40.8901 ], [ -3.552, 40.8901 ], [ -3.5517, 40.8897 ], [ -3.5508, 40.8899 ], [ -3.5506, 40.8903 ], [ -3.5504, 40.8903 ], [ -3.5502, 40.8901 ], [ -3.5505, 40.89 ], [ -3.5505, 40.8899 ], [ -3.5508, 40.8899 ], [ -3.5507, 40.8898 ], [ -3.5498, 40.8892 ], [ -3.5496, 40.8894 ], [ -3.5491, 40.8892 ], [ -3.5489, 40.8888 ], [ -3.5482, 40.8885 ], [ -3.5482, 40.8882 ], [ -3.5479, 40.8878 ], [ -3.5474, 40.888 ], [ -3.5473, 40.8876 ], [ -3.5479, 40.8871 ], [ -3.5478, 40.887 ], [ -3.5468, 40.8871 ], [ -3.5471, 40.8867 ], [ -3.5472, 40.8863 ], [ -3.5476, 40.8861 ], [ -3.547, 40.8862 ], [ -3.5466, 40.8859 ], [ -3.5465, 40.8856 ], [ -3.5462, 40.8854 ], [ -3.5461, 40.8847 ], [ -3.5463, 40.8845 ], [ -3.5461, 40.884 ], [ -3.5461, 40.8836 ], [ -3.5459, 40.8836 ], [ -3.5456, 40.8836 ], [ -3.5458, 40.8836 ], [ -3.5458, 40.8836 ], [ -3.5457, 40.8837 ], [ -3.5458, 40.8844 ], [ -3.5454, 40.8849 ], [ -3.5457, 40.8852 ], [ -3.5459, 40.8857 ], [ -3.5459, 40.8864 ], [ -3.5456, 40.8864 ], [ -3.5456, 40.8866 ], [ -3.5457, 40.8866 ], [ -3.5457, 40.8873 ], [ -3.5458, 40.8873 ], [ -3.5459, 40.8877 ], [ -3.5459, 40.8882 ], [ -3.5458, 40.8883 ], [ -3.5462, 40.8888 ], [ -3.5462, 40.8894 ], [ -3.5459, 40.8896 ], [ -3.5458, 40.89 ], [ -3.5461, 40.8902 ], [ -3.5463, 40.8906 ], [ -3.5462, 40.8907 ], [ -3.5462, 40.8912 ], [ -3.5455, 40.8913 ], [ -3.5455, 40.8916 ], [ -3.5458, 40.8917 ], [ -3.5463, 40.8922 ], [ -3.5463, 40.8924 ], [ -3.5465, 40.8925 ], [ -3.5466, 40.8928 ], [ -3.5462, 40.8931 ], [ -3.5462, 40.8935 ], [ -3.546, 40.8938 ], [ -3.5455, 40.8941 ], [ -3.5456, 40.8945 ], [ -3.545, 40.8949 ], [ -3.5449, 40.8953 ], [ -3.5444, 40.8955 ], [ -3.5441, 40.8958 ], [ -3.5435, 40.8958 ], [ -3.543, 40.8952 ], [ -3.5429, 40.8946 ], [ -3.5428, 40.8946 ], [ -3.5426, 40.8949 ], [ -3.5423, 40.895 ], [ -3.5422, 40.8959 ], [ -3.542, 40.8962 ], [ -3.5414, 40.8961 ], [ -3.5414, 40.8962 ], [ -3.5409, 40.8963 ], [ -3.5409, 40.8966 ], [ -3.5406, 40.8967 ], [ -3.5406, 40.8968 ], [ -3.5398, 40.8968 ], [ -3.5393, 40.8969 ], [ -3.5391, 40.8971 ], [ -3.5391, 40.897 ], [ -3.5389, 40.897 ], [ -3.5388, 40.8967 ], [ -3.5383, 40.8966 ], [ -3.5381, 40.8964 ], [ -3.5382, 40.8959 ], [ -3.5383, 40.8959 ], [ -3.5384, 40.8955 ], [ -3.5387, 40.8952 ], [ -3.5385, 40.8952 ], [ -3.5382, 40.8955 ], [ -3.5379, 40.8955 ], [ -3.5377, 40.8957 ], [ -3.5373, 40.8957 ], [ -3.5371, 40.8955 ], [ -3.5371, 40.8947 ], [ -3.5374, 40.8943 ], [ -3.5374, 40.8942 ], [ -3.5372, 40.8942 ], [ -3.5372, 40.8938 ], [ -3.5371, 40.8938 ], [ -3.5371, 40.8933 ], [ -3.5372, 40.8933 ], [ -3.5373, 40.8929 ], [ -3.5371, 40.8931 ], [ -3.5368, 40.8931 ], [ -3.5365, 40.8928 ], [ -3.5359, 40.893 ], [ -3.5363, 40.8931 ], [ -3.5364, 40.8938 ], [ -3.5363, 40.8938 ], [ -3.5362, 40.8941 ], [ -3.5358, 40.8942 ], [ -3.5362, 40.8946 ], [ -3.5357, 40.8948 ], [ -3.5359, 40.895 ], [ -3.536, 40.8955 ], [ -3.5355, 40.8957 ], [ -3.5358, 40.8959 ], [ -3.5361, 40.8959 ], [ -3.5364, 40.8966 ], [ -3.5365, 40.8966 ], [ -3.5365, 40.8968 ], [ -3.5367, 40.8969 ], [ -3.5367, 40.8971 ], [ -3.5369, 40.8973 ], [ -3.5369, 40.8976 ], [ -3.5365, 40.8977 ], [ -3.5365, 40.8978 ], [ -3.5358, 40.8978 ], [ -3.5358, 40.8974 ], [ -3.5357, 40.8973 ], [ -3.5351, 40.8973 ], [ -3.5351, 40.897 ], [ -3.5349, 40.8967 ], [ -3.5346, 40.897 ], [ -3.5342, 40.8971 ], [ -3.5341, 40.8973 ], [ -3.5339, 40.8973 ], [ -3.5337, 40.8977 ], [ -3.5331, 40.8982 ], [ -3.5323, 40.8983 ], [ -3.5324, 40.8977 ], [ -3.5327, 40.8974 ], [ -3.5328, 40.897 ], [ -3.5332, 40.8967 ], [ -3.5332, 40.8963 ], [ -3.5334, 40.8961 ], [ -3.5333, 40.896 ], [ -3.5334, 40.8959 ], [ -3.5327, 40.8956 ], [ -3.5325, 40.8952 ], [ -3.5326, 40.8949 ], [ -3.5325, 40.8949 ], [ -3.5325, 40.8947 ], [ -3.5323, 40.8946 ], [ -3.5318, 40.8947 ], [ -3.5314, 40.8943 ], [ -3.5311, 40.8932 ], [ -3.5307, 40.8928 ], [ -3.5306, 40.8925 ], [ -3.5306, 40.8938 ], [ -3.5305, 40.8938 ], [ -3.5304, 40.8942 ], [ -3.5299, 40.894 ], [ -3.5299, 40.8939 ], [ -3.5292, 40.8937 ], [ -3.5289, 40.8932 ], [ -3.5288, 40.8932 ], [ -3.5286, 40.8931 ], [ -3.5285, 40.8931 ], [ -3.5286, 40.8931 ], [ -3.5287, 40.8935 ], [ -3.5288, 40.8935 ], [ -3.5288, 40.8939 ], [ -3.529, 40.8939 ], [ -3.5301, 40.895 ], [ -3.5301, 40.8953 ], [ -3.53, 40.8953 ], [ -3.5301, 40.8954 ], [ -3.5305, 40.8954 ], [ -3.5309, 40.8957 ], [ -3.531, 40.8962 ], [ -3.5306, 40.8964 ], [ -3.5305, 40.8963 ], [ -3.5302, 40.8964 ], [ -3.5304, 40.897 ], [ -3.5299, 40.8977 ], [ -3.5297, 40.8977 ], [ -3.5297, 40.8975 ], [ -3.5295, 40.8975 ], [ -3.5293, 40.8977 ], [ -3.5292, 40.8982 ], [ -3.529, 40.8982 ], [ -3.5291, 40.8986 ], [ -3.529, 40.899 ], [ -3.5291, 40.8991 ], [ -3.5287, 40.8994 ], [ -3.5284, 40.8994 ], [ -3.5284, 40.8995 ], [ -3.528, 40.8996 ], [ -3.5279, 40.8998 ], [ -3.5279, 40.8997 ], [ -3.5276, 40.8997 ], [ -3.5275, 40.9001 ], [ -3.5263, 40.9002 ], [ -3.5261, 40.8999 ], [ -3.5262, 40.8994 ], [ -3.5261, 40.899 ], [ -3.5263, 40.8989 ], [ -3.5263, 40.8986 ], [ -3.5264, 40.8986 ], [ -3.5265, 40.8983 ], [ -3.5264, 40.8982 ], [ -3.5265, 40.8979 ], [ -3.5264, 40.8979 ], [ -3.5263, 40.8976 ], [ -3.5264, 40.8975 ], [ -3.5264, 40.8969 ], [ -3.5266, 40.8966 ], [ -3.5265, 40.8962 ], [ -3.5266, 40.8962 ], [ -3.5264, 40.8958 ], [ -3.5262, 40.896 ], [ -3.5262, 40.8963 ], [ -3.5258, 40.8966 ], [ -3.5257, 40.8969 ], [ -3.5255, 40.897 ], [ -3.5251, 40.8969 ], [ -3.525, 40.897 ], [ -3.525, 40.8977 ], [ -3.5247, 40.8978 ], [ -3.5247, 40.8979 ], [ -3.5241, 40.8974 ], [ -3.5239, 40.8974 ], [ -3.5236, 40.897 ], [ -3.5231, 40.8969 ], [ -3.5231, 40.8971 ], [ -3.5232, 40.8971 ], [ -3.5232, 40.8986 ], [ -3.5229, 40.8988 ], [ -3.5209, 40.8989 ], [ -3.5204, 40.8991 ], [ -3.5204, 40.8992 ], [ -3.5189, 40.8995 ], [ -3.5186, 40.8997 ], [ -3.5182, 40.8998 ], [ -3.5178, 40.8997 ], [ -3.5173, 40.9001 ] ] ] } },
{ "type": "Feature", "properties": { "municipio": "El Berrueco", "clasificacion": "urbanizable-no-sectorizado", "calificacion": "sin-asignar", "version": "vigente", "fuente": "SIT-CAM WFS — UsoDelSuelo:VPLA_V_CLASIFICACION (https://idem.comunidad.madrid/geosrvg/ows)", "fecha_dato": "2026-05-12", "ambito": "33594", "_raw_CD_SIGLAS": "SUBNS", "_raw_DS_CLASIF_GEN": "Suelo No Urbanizable Común", "_raw_DS_CLASIF_DET": "Suelo no urbanizable común", "_raw_DS_DOCU": "NORMAS SUBSIDIARIAS", "_raw_DS_LEY": "CM Ley 9/1995, E RDL 1/1992", "_raw_FC_AC": "1997-07-31", "_raw_NM_AREA_M2": 1989.7644902740401, "_cam_code": "021" }, "geometry": { "type": "Polygon", "coordinates": [ [ [ -3.5844, 40.8826 ], [ -3.5852, 40.8829 ], [ -3.5855, 40.8828 ], [ -3.5855, 40.8826 ], [ -3.5857, 40.8826 ], [ -3.5855, 40.8825 ], [ -3.5853, 40.8827 ], [ -3.585, 40.8825 ], [ -3.5844, 40.8826 ] ] ] } },
{ "type": "Feature", "properties": { "municipio": "El Berrueco", "clasificacion": "urbanizable-no-sectorizado", "calificacion": "sin-asignar", "version": "vigente", "fuente": "SIT-CAM WFS — UsoDelSuelo:VPLA_V_CLASIFICACION (https://idem.comunidad.madrid/geosrvg/ows)", "fecha_dato": "2026-05-12", "ambito": "33594", "_raw_CD_SIGLAS": "SUBNS", "_raw_DS_CLASIF_GEN": "Suelo No Urbanizable Común", "_raw_DS_CLASIF_DET": "Suelo no urbanizable común", "_raw_DS_DOCU": "NORMAS SUBSIDIARIAS", "_raw_DS_LEY": "CM Ley 9/1995, E RDL 1/1992", "_raw_FC_AC": "1997-07-31", "_raw_NM_AREA_M2": 21873.055898598701, "_cam_code": "021" }, "geometry": { "type": "Polygon", "coordinates": [ [ [ -3.5813, 40.8827 ], [ -3.5817, 40.8833 ], [ -3.5821, 40.8833 ], [ -3.5824, 40.883 ], [ -3.5829, 40.883 ], [ -3.5832, 40.8827 ], [ -3.5832, 40.8826 ], [ -3.583, 40.8826 ], [ -3.5829, 40.8822 ], [ -3.5837, 40.8817 ], [ -3.5835, 40.8812 ], [ -3.5833, 40.8811 ], [ -3.5824, 40.8814 ], [ -3.5822, 40.8813 ], [ -3.5821, 40.8816 ], [ -3.5826, 40.882 ], [ -3.5826, 40.8822 ], [ -3.5824, 40.8824 ], [ -3.5815, 40.8824 ], [ -3.5813, 40.8827 ] ] ] } },
{ "type": "Feature", "properties": { "municipio": "El Berrueco", "clasificacion": "urbanizable-no-sectorizado", "calificacion": "sin-asignar", "version": "vigente", "fuente": "SIT-CAM WFS — UsoDelSuelo:VPLA_V_CLASIFICACION (https://idem.comunidad.madrid/geosrvg/ows)", "fecha_dato": "2026-05-12", "ambito": "33594", "_raw_CD_SIGLAS": "SUBNS", "_raw_DS_CLASIF_GEN": "Suelo No Urbanizable Común", "_raw_DS_CLASIF_DET": "Suelo no urbanizable común", "_raw_DS_DOCU": "NORMAS SUBSIDIARIAS", "_raw_DS_LEY": "CM Ley 9/1995, E RDL 1/1992", "_raw_FC_AC": "1997-07-31", "_raw_NM_AREA_M2": 5708125.0477337502, "_cam_code": "021" }, "geometry": { "type": "Polygon", "coordinates": [ [ [ -3.5534, 40.8858 ], [ -3.5552, 40.8861 ], [ -3.5563, 40.8868 ], [ -3.5565, 40.8868 ], [ -3.5569, 40.8872 ], [ -3.5575, 40.8871 ], [ -3.5575, 40.8869 ], [ -3.5572, 40.8867 ], [ -3.5571, 40.8863 ], [ -3.5572, 40.8861 ], [ -3.5571, 40.8861 ], [ -3.5573, 40.8858 ], [ -3.5576, 40.8858 ], [ -3.5561, 40.8846 ], [ -3.556, 40.8838 ], [ -3.5565, 40.8836 ], [ -3.5579, 40.8834 ], [ -3.5587, 40.8828 ], [ -3.5589, 40.8822 ], [ -3.5586, 40.8812 ], [ -3.5584, 40.8811 ], [ -3.5581, 40.8804 ], [ -3.5581, 40.8801 ], [ -3.5583, 40.8799 ], [ -3.5584, 40.8795 ], [ -3.5594, 40.8784 ], [ -3.5613, 40.8774 ], [ -3.5612, 40.8772 ], [ -3.56, 40.8768 ], [ -3.559, 40.8761 ], [ -3.5586, 40.8755 ], [ -3.5584, 40.8749 ], [ -3.5584, 40.8744 ], [ -3.5564, 40.8731 ], [ -3.556, 40.8727 ], [ -3.5561, 40.8725 ], [ -3.5569, 40.8725 ], [ -3.5599, 40.8731 ], [ -3.561, 40.8735 ], [ -3.5614, 40.8738 ], [ -3.5616, 40.8738 ], [ -3.5626, 40.8744 ], [ -3.5636, 40.8748 ], [ -3.564, 40.8748 ], [ -3.564, 40.8747 ], [ -3.565, 40.8748 ], [ -3.5654, 40.8746 ], [ -3.5654, 40.8745 ], [ -3.566, 40.8743 ], [ -3.5663, 40.8738 ], [ -3.5666, 40.8737 ], [ -3.5666, 40.8736 ], [ -3.5685, 40.8737 ], [ -3.5691, 40.8741 ], [ -3.5696, 40.8743 ], [ -3.5694, 40.8742 ], [ -3.5691, 40.8736 ], [ -3.569, 40.8736 ], [ -3.5688, 40.8727 ], [ -3.569, 40.8718 ], [ -3.5696, 40.8712 ], [ -3.5699, 40.8711 ], [ -3.5698, 40.8708 ], [ -3.5704, 40.8704 ], [ -3.5708, 40.8703 ], [ -3.5715, 40.8703 ], [ -3.5722, 40.8709 ], [ -3.5728, 40.8708 ], [ -3.5732, 40.8704 ], [ -3.5733, 40.8698 ], [ -3.5735, 40.8695 ], [ -3.5744, 40.8687 ], [ -3.5745, 40.8672 ], [ -3.575, 40.8663 ], [ -3.5754, 40.866 ], [ -3.5753, 40.8656 ], [ -3.5754, 40.865 ], [ -3.5762, 40.8646 ], [ -3.5789, 40.8643 ], [ -3.5787, 40.864 ], [ -3.5776, 40.8633 ], [ -3.5774, 40.8628 ], [ -3.5771, 40.8628 ], [ -3.5765, 40.8624 ], [ -3.5764, 40.8623 ], [ -3.5765, 40.8619 ], [ -3.5775, 40.8618 ], [ -3.5776, 40.8613 ], [ -3.578, 40.8613 ], [ -3.5782, 40.8615 ], [ -3.5782, 40.8622 ], [ -3.5794, 40.8624 ], [ -3.5791, 40.8632 ], [ -3.5795, 40.8634 ], [ -3.5797, 40.8634 ], [ -3.5801, 40.8631 ], [ -3.5815, 40.8627 ], [ -3.5783, 40.8591 ], [ -3.5753, 40.8569 ], [ -3.5723, 40.8539 ], [ -3.5716, 40.854 ], [ -3.5707, 40.8538 ], [ -3.5676, 40.8524 ], [ -3.5666, 40.8531 ], [ -3.5644, 40.8543 ], [ -3.5597, 40.8561 ], [ -3.5597, 40.8571 ], [ -3.5596, 40.8572 ], [ -3.5599, 40.858 ], [ -3.5608, 40.8587 ], [ -3.5612, 40.8587 ], [ -3.5619, 40.8591 ], [ -3.5623, 40.8597 ], [ -3.5623, 40.8604 ], [ -3.5618, 40.8609 ], [ -3.5609, 40.8608 ], [ -3.5602, 40.86 ], [ -3.5591, 40.8591 ], [ -3.5583, 40.8586 ], [ -3.5576, 40.8584 ], [ -3.5562, 40.8577 ], [ -3.5553, 40.8581 ], [ -3.5549, 40.8585 ], [ -3.5546, 40.8585 ], [ -3.5549, 40.8589 ], [ -3.555, 40.8594 ], [ -3.5551, 40.8594 ], [ -3.555, 40.8601 ], [ -3.5547, 40.8604 ], [ -3.5539, 40.8608 ], [ -3.5536, 40.8612 ], [ -3.5527, 40.8616 ], [ -3.5524, 40.8621 ], [ -3.5523, 40.8632 ], [ -3.5518, 40.8639 ], [ -3.5504, 40.8645 ], [ -3.5502, 40.8647 ], [ -3.5498, 40.8654 ], [ -3.5498, 40.8662 ], [ -3.5495, 40.8667 ], [ -3.5492, 40.8684 ], [ -3.5486, 40.869 ], [ -3.5485, 40.8693 ], [ -3.5482, 40.8695 ], [ -3.5476, 40.8695 ], [ -3.5468, 40.869 ], [ -3.5463, 40.8689 ], [ -3.5456, 40.8685 ], [ -3.5454, 40.8683 ], [ -3.5456, 40.8677 ], [ -3.5456, 40.8669 ], [ -3.5457, 40.8669 ], [ -3.5456, 40.8665 ], [ -3.5451, 40.8662 ], [ -3.5443, 40.8662 ], [ -3.5443, 40.8661 ], [ -3.5428, 40.8663 ], [ -3.5425, 40.8666 ], [ -3.5417, 40.868 ], [ -3.5409, 40.8686 ], [ -3.5409, 40.8699 ], [ -3.5414, 40.8703 ], [ -3.5416, 40.8709 ], [ -3.5415, 40.8717 ], [ -3.541, 40.8734 ], [ -3.5412, 40.8742 ], [ -3.5414, 40.8745 ], [ -3.5415, 40.8752 ], [ -3.5414, 40.8767 ], [ -3.5419, 40.8772 ], [ -3.5432, 40.8793 ], [ -3.5439, 40.879 ], [ -3.5466, 40.8787 ], [ -3.5479, 40.879 ], [ -3.5491, 40.8796 ], [ -3.5494, 40.8799 ], [ -3.5497, 40.88 ], [ -3.551, 40.8814 ], [ -3.5518, 40.8831 ], [ -3.5522, 40.8848 ], [ -3.5526, 40.8853 ], [ -3.5534, 40.8857 ], [ -3.5534, 40.8858 ] ], [ [ -3.5521, 40.878 ], [ -3.5516, 40.8782 ], [ -3.5508, 40.8783 ], [ -3.5497, 40.8779 ], [ -3.5491, 40.8774 ], [ -3.5491, 40.8765 ], [ -3.5493, 40.8761 ], [ -3.5498, 40.8757 ], [ -3.5502, 40.8757 ], [ -3.5507, 40.876 ], [ -3.551, 40.876 ], [ -3.5512, 40.8758 ], [ -3.5512, 40.8756 ], [ -3.5524, 40.8757 ], [ -3.5522, 40.8763 ], [ -3.5526, 40.8767 ], [ -3.5525, 40.8769 ], [ -3.5526, 40.8769 ], [ -3.5527, 40.8772 ], [ -3.5536, 40.8776 ], [ -3.5542, 40.8776 ], [ -3.5542, 40.8775 ], [ -3.5543, 40.8776 ], [ -3.5542, 40.8778 ], [ -3.5537, 40.878 ], [ -3.5521, 40.878 ] ] ] } },
{ "type": "Feature", "properties": { "municipio": "El Berrueco", "clasificacion": "urbanizable-no-sectorizado", "calificacion": "sin-asignar", "version": "vigente", "fuente": "SIT-CAM WFS — UsoDelSuelo:VPLA_V_CLASIFICACION (https://idem.comunidad.madrid/geosrvg/ows)", "fecha_dato": "2026-05-12", "ambito": "33594", "_raw_CD_SIGLAS": "SUBNS", "_raw_DS_CLASIF_GEN": "Suelo No Urbanizable Común", "_raw_DS_CLASIF_DET": "Suelo no urbanizable común", "_raw_DS_DOCU": "NORMAS SUBSIDIARIAS", "_raw_DS_LEY": "CM Ley 9/1995, E RDL 1/1992", "_raw_FC_AC": "1997-07-31", "_raw_NM_AREA_M2": 289632.601853384, "_cam_code": "021" }, "geometry": { "type": "Polygon", "coordinates": [ [ [ -3.5928, 40.885 ], [ -3.5962, 40.8873 ], [ -3.5972, 40.8873 ], [ -3.5977, 40.8869 ], [ -3.5978, 40.8866 ], [ -3.5976, 40.8846 ], [ -3.5978, 40.8846 ], [ -3.5979, 40.8843 ], [ -3.596, 40.881 ], [ -3.595, 40.8812 ], [ -3.5926, 40.8813 ], [ -3.5928, 40.8829 ], [ -3.5926, 40.8832 ], [ -3.5919, 40.8832 ], [ -3.5907, 40.8827 ], [ -3.5893, 40.8815 ], [ -3.5886, 40.8816 ], [ -3.5895, 40.884 ], [ -3.5896, 40.8839 ], [ -3.5904, 40.8839 ], [ -3.5904, 40.884 ], [ -3.5906, 40.884 ], [ -3.5908, 40.8842 ], [ -3.5911, 40.8847 ], [ -3.5928, 40.8849 ], [ -3.5928, 40.885 ] ] ] } },
{ "type": "Feature", "properties": { "municipio": "El Berrueco", "clasificacion": "urbanizable-no-sectorizado", "calificacion": "sin-asignar", "version": "vigente", "fuente": "SIT-CAM WFS — UsoDelSuelo:VPLA_V_CLASIFICACION (https://idem.comunidad.madrid/geosrvg/ows)", "fecha_dato": "2026-05-12", "ambito": "33594", "_raw_CD_SIGLAS": "SUBNS", "_raw_DS_CLASIF_GEN": "Suelo No Urbanizable Común", "_raw_DS_CLASIF_DET": "Suelo no urbanizable común", "_raw_DS_DOCU": "NORMAS SUBSIDIARIAS", "_raw_DS_LEY": "CM Ley 9/1995, E RDL 1/1992", "_raw_FC_AC": "1997-07-31", "_raw_NM_AREA_M2": 251929.69805678999, "_cam_code": "021" }, "geometry": { "type": "Polygon", "coordinates": [ [ [ -3.5585, 40.8962 ], [ -3.5587, 40.8962 ], [ -3.559, 40.8966 ], [ -3.559, 40.8968 ], [ -3.5595, 40.8973 ], [ -3.5608, 40.8977 ], [ -3.562, 40.8977 ], [ -3.5625, 40.8975 ], [ -3.5636, 40.8965 ], [ -3.5639, 40.8959 ], [ -3.5637, 40.8943 ], [ -3.5636, 40.8943 ], [ -3.5633, 40.8937 ], [ -3.5621, 40.8926 ], [ -3.5621, 40.8924 ], [ -3.5623, 40.8924 ], [ -3.5625, 40.8926 ], [ -3.5628, 40.8926 ], [ -3.5659, 40.8942 ], [ -3.566, 40.8942 ], [ -3.566, 40.894 ], [ -3.5655, 40.8934 ], [ -3.5651, 40.8932 ], [ -3.5639, 40.892 ], [ -3.5637, 40.8916 ], [ -3.5633, 40.8914 ], [ -3.5628, 40.8913 ], [ -3.5609, 40.8914 ], [ -3.5595, 40.8908 ], [ -3.5596, 40.8913 ], [ -3.5599, 40.8915 ], [ -3.5597, 40.8915 ], [ -3.5596, 40.8917 ], [ -3.5602, 40.8923 ], [ -3.5604, 40.8929 ], [ -3.5604, 40.8942 ], [ -3.5599, 40.8947 ], [ -3.5588, 40.8947 ], [ -3.5584, 40.8945 ], [ -3.5583, 40.8946 ], [ -3.5582, 40.8949 ], [ -3.5582, 40.8962 ], [ -3.5585, 40.8962 ] ] ] } },
{ "type": "Feature", "properties": { "municipio": "El Berrueco", "clasificacion": "urbanizable-no-sectorizado", "calificacion": "sin-asignar", "version": "vigente", "fuente": "SIT-CAM WFS — UsoDelSuelo:VPLA_V_CLASIFICACION (https://idem.comunidad.madrid/geosrvg/ows)", "fecha_dato": "2026-05-12", "ambito": "33594", "_raw_CD_SIGLAS": "SUBNS", "_raw_DS_CLASIF_GEN": "Suelo No Urbanizable Común", "_raw_DS_CLASIF_DET": "Suelo no urbanizable común", "_raw_DS_DOCU": "NORMAS SUBSIDIARIAS", "_raw_DS_LEY": "CM Ley 9/1995, E RDL 1/1992", "_raw_FC_AC": "1997-07-31", "_raw_NM_AREA_M2": 142559.135128617, "_cam_code": "021" }, "geometry": { "type": "Polygon", "coordinates": [ [ [ -3.57, 40.8976 ], [ -3.5736, 40.9013 ], [ -3.5737, 40.9012 ], [ -3.5769, 40.9007 ], [ -3.5786, 40.9001 ], [ -3.5806, 40.8996 ], [ -3.58, 40.8994 ], [ -3.578, 40.8994 ], [ -3.5776, 40.8999 ], [ -3.5771, 40.9 ], [ -3.5771, 40.8999 ], [ -3.577, 40.9 ], [ -3.5744, 40.9003 ], [ -3.574, 40.9003 ], [ -3.5739, 40.9001 ], [ -3.573, 40.9002 ], [ -3.5727, 40.9 ], [ -3.5715, 40.8986 ], [ -3.5722, 40.8982 ], [ -3.5722, 40.898 ], [ -3.5718, 40.8976 ], [ -3.5714, 40.8977 ], [ -3.5711, 40.898 ], [ -3.5707, 40.898 ], [ -3.5699, 40.8969 ], [ -3.5693, 40.8964 ], [ -3.5713, 40.8952 ], [ -3.5715, 40.8952 ], [ -3.5718, 40.8949 ], [ -3.5722, 40.8943 ], [ -3.5722, 40.894 ], [ -3.572, 40.8936 ], [ -3.5712, 40.8931 ], [ -3.5709, 40.8935 ], [ -3.5701, 40.8939 ], [ -3.5694, 40.8939 ], [ -3.5689, 40.8942 ], [ -3.5674, 40.8945 ], [ -3.5692, 40.8964 ], [ -3.5694, 40.8968 ], [ -3.5699, 40.8973 ], [ -3.57, 40.8976 ] ] ] } },
{ "type": "Feature", "properties": { "municipio": "El Berrueco", "clasificacion": "urbanizable-sectorizado", "calificacion": "sin-asignar", "version": "vigente", "fuente": "SIT-CAM WFS — UsoDelSuelo:VPLA_V_CLASIFICACION (https://idem.comunidad.madrid/geosrvg/ows)", "fecha_dato": "2026-05-12", "ambito": "33594", "_raw_CD_SIGLAS": "SUBS_A", "_raw_DS_CLASIF_GEN": "Suelo Apto Para Urbanizar (APLAZADO)", "_raw_DS_CLASIF_DET": "Suelo Apto Para Urbanizar (APLAZADO)", "_raw_DS_DOCU": "NORMAS SUBSIDIARIAS", "_raw_DS_LEY": "CM Ley 9/1995, E RDL 1/1992", "_raw_FC_AC": "1997-07-31", "_raw_NM_AREA_M2": 30551.191407341099, "_cam_code": "021" }, "geometry": { "type": "Polygon", "coordinates": [ [ [ -3.566, 40.8946 ], [ -3.5653, 40.8945 ], [ -3.5651, 40.8955 ], [ -3.5651, 40.8962 ], [ -3.5655, 40.8964 ], [ -3.5667, 40.8964 ], [ -3.5667, 40.8961 ], [ -3.5668, 40.8961 ], [ -3.5669, 40.8958 ], [ -3.5667, 40.8948 ], [ -3.5668, 40.8943 ], [ -3.567, 40.8941 ], [ -3.5668, 40.894 ], [ -3.5667, 40.8937 ], [ -3.5666, 40.8941 ], [ -3.566, 40.8946 ] ] ] } }
]
}
