{
"type": "FeatureCollection",
"name": "vigente.full",
"features": [
{ "type": "Feature", "properties": { "municipio": "Móstoles", "clasificacion": "no-urbanizable-protegido", "calificacion": "sin-asignar", "version": "vigente", "fuente": "SIT-CAM WFS — UsoDelSuelo:VPLA_V_CLASIFICACION (https://idem.comunidad.madrid/geosrvg/ows)", "fecha_dato": "2026-05-12", "ambito": "73775", "_raw_CD_SIGLAS": "SNUP", "_raw_DS_CLASIF_GEN": "Suelo No Urbanizable Protegido", "_raw_DS_CLASIF_DET": "Suelo No Urbanizable Protegido. Parque Regional Río Guadarama", "_raw_DS_DOCU": "PLAN GENERAL", "_raw_DS_LEY": null, "_raw_FC_AC": "2009-01-15", "_raw_NM_AREA_M2": 33316.766062508999, "_cam_code": "092" }, "geometry": { "type": "Polygon", "coordinates": [ [ [ -3.9384, 40.2983 ], [ -3.9407, 40.2984 ], [ -3.9408, 40.2982 ], [ -3.9408, 40.2972 ], [ -3.9391, 40.2972 ], [ -3.9382, 40.297 ], [ -3.9379, 40.2974 ], [ -3.9374, 40.2974 ], [ -3.9375, 40.2978 ], [ -3.9379, 40.2981 ], [ -3.9384, 40.2983 ] ] ] } },
{ "type": "Feature", "properties": { "municipio": "Móstoles", "clasificacion": "no-urbanizable-protegido", "calificacion": "sin-asignar", "version": "vigente", "fuente": "SIT-CAM WFS — UsoDelSuelo:VPLA_V_CLASIFICACION (https://idem.comunidad.madrid/geosrvg/ows)", "fecha_dato": "2026-05-12", "ambito": "73775", "_raw_CD_SIGLAS": "SNUP", "_raw_DS_CLASIF_GEN": "Suelo No Urbanizable Protegido", "_raw_DS_CLASIF_DET": "Suelo No Urbanizable Protegido. Parque Regional Río Guadarama", "_raw_DS_DOCU": "PLAN GENERAL", "_raw_DS_LEY": null, "_raw_FC_AC": "2009-01-15", "_raw_NM_AREA_M2": 154743.18987508799, "_cam_code": "092" }, "geometry": { "type": "GeometryCollection", "geometries": [ { "type": "Polygon", "coordinates": [ [ [ -3.9111, 40.2969 ], [ -3.9103, 40.2978 ], [ -3.9099, 40.2986 ], [ -3.9094, 40.2991 ], [ -3.9158, 40.2968 ], [ -3.9157, 40.2965 ], [ -3.9157, 40.293 ], [ -3.9156, 40.2932 ], [ -3.9139, 40.2941 ], [ -3.9132, 40.2948 ], [ -3.912, 40.2949 ], [ -3.9115, 40.2953 ], [ -3.9114, 40.2962 ], [ -3.9111, 40.2969 ] ] ] }, { "type": "LineString", "coordinates": [ [ -3.9094, 40.2991 ], [ -3.9091, 40.2994 ] ] } ] } },
{ "type": "Feature", "properties": { "municipio": "Móstoles", "clasificacion": "no-urbanizable-protegido", "calificacion": "sin-asignar", "version": "vigente", "fuente": "SIT-CAM WFS — UsoDelSuelo:VPLA_V_CLASIFICACION (https://idem.comunidad.madrid/geosrvg/ows)", "fecha_dato": "2026-05-12", "ambito": "73775", "_raw_CD_SIGLAS": "SNUP", "_raw_DS_CLASIF_GEN": "Suelo No Urbanizable Protegido", "_raw_DS_CLASIF_DET": "Suelo No Urbanizable Protegido. Valor ecológico paisajístico", "_raw_DS_DOCU": "PLAN GENERAL", "_raw_DS_LEY": null, "_raw_FC_AC": "2009-01-15", "_raw_NM_AREA_M2": 99494.429512571805, "_cam_code": "092" }, "geometry": { "type": "Polygon", "coordinates": [ [ [ -3.8495, 40.3036 ], [ -3.8485, 40.3038 ], [ -3.8472, 40.3045 ], [ -3.8465, 40.3052 ], [ -3.846, 40.3053 ], [ -3.8463, 40.3055 ], [ -3.8464, 40.3058 ], [ -3.8469, 40.3063 ], [ -3.8471, 40.3063 ], [ -3.8491, 40.3055 ], [ -3.8511, 40.3044 ], [ -3.852, 40.3035 ], [ -3.8525, 40.3035 ], [ -3.8526, 40.3036 ], [ -3.8534, 40.3032 ], [ -3.8526, 40.3019 ], [ -3.8519, 40.3021 ], [ -3.8516, 40.3026 ], [ -3.8507, 40.3032 ], [ -3.8501, 40.3032 ], [ -3.8495, 40.3036 ] ] ] } },
{ "type": "Feature", "properties": { "municipio": "Móstoles", "clasificacion": "no-urbanizable-protegido", "calificacion": "sin-asignar", "version": "vigente", "fuente": "SIT-CAM WFS — UsoDelSuelo:VPLA_V_CLASIFICACION (https://idem.comunidad.madrid/geosrvg/ows)", "fecha_dato": "2026-05-12", "ambito": "73775", "_raw_CD_SIGLAS": "SNUP", "_raw_DS_CLASIF_GEN": "Suelo No Urbanizable Protegido", "_raw_DS_CLASIF_DET": "Suelo No Urbanizable Protegido. Parque Regional Río Guadarama", "_raw_DS_DOCU": "PLAN GENERAL", "_raw_DS_LEY": null, "_raw_FC_AC": "2009-01-15", "_raw_NM_AREA_M2": 82510.515587681395, "_cam_code": "092" }, "geometry": { "type": "Polygon", "coordinates": [ [ [ -3.9413, 40.2983 ], [ -3.9412, 40.2983 ], [ -3.9411, 40.2995 ], [ -3.9411, 40.3027 ], [ -3.9409, 40.3033 ], [ -3.9409, 40.3048 ], [ -3.9413, 40.3058 ], [ -3.9422, 40.3067 ], [ -3.9432, 40.3073 ], [ -3.944, 40.308 ], [ -3.9446, 40.3087 ], [ -3.9449, 40.3093 ], [ -3.9449, 40.3101 ], [ -3.9442, 40.3122 ], [ -3.9442, 40.3129 ], [ -3.9437, 40.3141 ], [ -3.9434, 40.3144 ], [ -3.9433, 40.3148 ], [ -3.9433, 40.3149 ], [ -3.9433, 40.3151 ], [ -3.9433, 40.3152 ], [ -3.9433, 40.3154 ], [ -3.9433, 40.3157 ], [ -3.943, 40.316 ], [ -3.9429, 40.3161 ], [ -3.9428, 40.3162 ], [ -3.9427, 40.3164 ], [ -3.9424, 40.3179 ], [ -3.9436, 40.3208 ], [ -3.9438, 40.322 ], [ -3.9451, 40.3233 ], [ -3.9454, 40.3232 ], [ -3.9447, 40.3225 ], [ -3.9444, 40.3224 ], [ -3.9444, 40.3222 ], [ -3.944, 40.3216 ], [ -3.9436, 40.32 ], [ -3.9427, 40.3181 ], [ -3.9427, 40.3174 ], [ -3.9431, 40.3161 ], [ -3.9432, 40.316 ], [ -3.944, 40.3137 ], [ -3.9445, 40.3127 ], [ -3.9451, 40.3108 ], [ -3.9452, 40.3094 ], [ -3.9448, 40.3086 ], [ -3.9426, 40.3066 ], [ -3.9416, 40.3054 ], [ -3.9414, 40.3048 ], [ -3.9414, 40.301 ], [ -3.9415, 40.2997 ], [ -3.9416, 40.2997 ], [ -3.9417, 40.2992 ], [ -3.9418, 40.2972 ], [ -3.9413, 40.2972 ], [ -3.9413, 40.2983 ] ] ] } },
{ "type": "Feature", "properties": { "municipio": "Móstoles", "clasificacion": "no-urbanizable-protegido", "calificacion": "sin-asignar", "version": "vigente", "fuente": "SIT-CAM WFS — UsoDelSuelo:VPLA_V_CLASIFICACION (https://idem.comunidad.madrid/geosrvg/ows)", "fecha_dato": "2026-05-12", "ambito": "73775", "_raw_CD_SIGLAS": "SNUP", "_raw_DS_CLASIF_GEN": "Suelo No Urbanizable Protegido", "_raw_DS_CLASIF_DET": "Suelo No Urbanizable Protegido. Parque Regional Río Guadarama", "_raw_DS_DOCU": "PLAN GENERAL", "_raw_DS_LEY": null, "_raw_FC_AC": "2009-01-15", "_raw_NM_AREA_M2": 401156.52959991101, "_cam_code": "092" }, "geometry": { "type": "Polygon", "coordinates": [ [ [ -3.9131, 40.3233 ], [ -3.9126, 40.3237 ], [ -3.9125, 40.3242 ], [ -3.9119, 40.3252 ], [ -3.9114, 40.3256 ], [ -3.9121, 40.3257 ], [ -3.9127, 40.3254 ], [ -3.9138, 40.3251 ], [ -3.9153, 40.3244 ], [ -3.9171, 40.3241 ], [ -3.9175, 40.3238 ], [ -3.9189, 40.3232 ], [ -3.9193, 40.3229 ], [ -3.9193, 40.3227 ], [ -3.9191, 40.3225 ], [ -3.9191, 40.3221 ], [ -3.9199, 40.3215 ], [ -3.9199, 40.3213 ], [ -3.9202, 40.3209 ], [ -3.9212, 40.3199 ], [ -3.9217, 40.3198 ], [ -3.9221, 40.3194 ], [ -3.923, 40.319 ], [ -3.923, 40.3182 ], [ -3.9229, 40.3181 ], [ -3.924, 40.3183 ], [ -3.9249, 40.3188 ], [ -3.9251, 40.3188 ], [ -3.9256, 40.3182 ], [ -3.9259, 40.318 ], [ -3.9266, 40.3179 ], [ -3.927, 40.3175 ], [ -3.9273, 40.3169 ], [ -3.9273, 40.3164 ], [ -3.9278, 40.3158 ], [ -3.9287, 40.3158 ], [ -3.9288, 40.3155 ], [ -3.9292, 40.3154 ], [ -3.9293, 40.3153 ], [ -3.9293, 40.3148 ], [ -3.9296, 40.3144 ], [ -3.9299, 40.3143 ], [ -3.9308, 40.3144 ], [ -3.9318, 40.314 ], [ -3.9324, 40.3137 ], [ -3.9337, 40.3127 ], [ -3.9344, 40.3128 ], [ -3.9347, 40.3127 ], [ -3.9353, 40.3121 ], [ -3.9355, 40.3116 ], [ -3.9366, 40.3114 ], [ -3.9378, 40.3108 ], [ -3.9386, 40.3107 ], [ -3.9396, 40.3103 ], [ -3.94, 40.3099 ], [ -3.9411, 40.3102 ], [ -3.9418, 40.3101 ], [ -3.9419, 40.3099 ], [ -3.9422, 40.3098 ], [ -3.9438, 40.3099 ], [ -3.9445, 40.3097 ], [ -3.9444, 40.3091 ], [ -3.9429, 40.3075 ], [ -3.9419, 40.307 ], [ -3.941, 40.3061 ], [ -3.941, 40.3067 ], [ -3.9415, 40.3079 ], [ -3.9413, 40.3081 ], [ -3.9408, 40.3081 ], [ -3.9407, 40.3083 ], [ -3.9412, 40.3089 ], [ -3.9423, 40.3088 ], [ -3.9424, 40.3092 ], [ -3.9421, 40.3095 ], [ -3.9412, 40.3098 ], [ -3.9405, 40.3096 ], [ -3.9397, 40.3096 ], [ -3.9379, 40.3099 ], [ -3.9365, 40.3105 ], [ -3.9365, 40.3106 ], [ -3.9352, 40.3112 ], [ -3.9343, 40.3121 ], [ -3.9335, 40.3123 ], [ -3.933, 40.3126 ], [ -3.9318, 40.3136 ], [ -3.9305, 40.3141 ], [ -3.9297, 40.3142 ], [ -3.9293, 40.3144 ], [ -3.9293, 40.3145 ], [ -3.9291, 40.3145 ], [ -3.9282, 40.3153 ], [ -3.9271, 40.3159 ], [ -3.9264, 40.3168 ], [ -3.926, 40.3171 ], [ -3.9257, 40.3176 ], [ -3.9254, 40.3177 ], [ -3.9241, 40.3177 ], [ -3.9227, 40.318 ], [ -3.9218, 40.3174 ], [ -3.9213, 40.3173 ], [ -3.9211, 40.3175 ], [ -3.9213, 40.3182 ], [ -3.9212, 40.3184 ], [ -3.9197, 40.3182 ], [ -3.9181, 40.3178 ], [ -3.9176, 40.3178 ], [ -3.9174, 40.3179 ], [ -3.9174, 40.3184 ], [ -3.9179, 40.3192 ], [ -3.9194, 40.3193 ], [ -3.92, 40.3195 ], [ -3.9198, 40.3205 ], [ -3.9195, 40.3208 ], [ -3.9194, 40.3211 ], [ -3.9192, 40.3213 ], [ -3.9174, 40.3214 ], [ -3.9164, 40.3218 ], [ -3.9151, 40.3228 ], [ -3.9151, 40.3232 ], [ -3.9149, 40.3234 ], [ -3.9131, 40.3233 ] ] ] } },
{ "type": "Feature", "properties": { "municipio": "Móstoles", "clasificacion": "no-urbanizable-protegido", "calificacion": "sin-asignar", "version": "vigente", "fuente": "SIT-CAM WFS — UsoDelSuelo:VPLA_V_CLASIFICACION (https://idem.comunidad.madrid/geosrvg/ows)", "fecha_dato": "2026-05-12", "ambito": "73775", "_raw_CD_SIGLAS": "SNUP", "_raw_DS_CLASIF_GEN": "Suelo No Urbanizable Protegido", "_raw_DS_CLASIF_DET": "Suelo No Urbanizable Protegido Vías Pecuarias", "_raw_DS_DOCU": "PLAN GENERAL", "_raw_DS_LEY": null, "_raw_FC_AC": "2009-01-15", "_raw_NM_AREA_M2": 238310.76739947699, "_cam_code": "092" }, "geometry": { "type": "Polygon", "coordinates": [ [ [ -3.8446, 40.3051 ], [ -3.844, 40.3052 ], [ -3.8432, 40.3058 ], [ -3.8454, 40.3051 ], [ -3.8457, 40.3051 ], [ -3.846, 40.3053 ], [ -3.8465, 40.3052 ], [ -3.8472, 40.3045 ], [ -3.8485, 40.3038 ], [ -3.8495, 40.3036 ], [ -3.8501, 40.3032 ], [ -3.8507, 40.3032 ], [ -3.8516, 40.3026 ], [ -3.8519, 40.3021 ], [ -3.8526, 40.3019 ], [ -3.8535, 40.3035 ], [ -3.8546, 40.3047 ], [ -3.8548, 40.3046 ], [ -3.8535, 40.3032 ], [ -3.8528, 40.3017 ], [ -3.8539, 40.3011 ], [ -3.8544, 40.3014 ], [ -3.855, 40.3013 ], [ -3.8552, 40.3012 ], [ -3.8557, 40.3004 ], [ -3.8565, 40.3003 ], [ -3.8569, 40.3001 ], [ -3.8569, 40.3 ], [ -3.8576, 40.3 ], [ -3.8585, 40.2998 ], [ -3.8589, 40.2986 ], [ -3.8592, 40.2986 ], [ -3.8592, 40.2985 ], [ -3.8596, 40.2984 ], [ -3.8602, 40.2985 ], [ -3.8615, 40.298 ], [ -3.862, 40.2976 ], [ -3.8635, 40.2978 ], [ -3.8655, 40.2975 ], [ -3.8661, 40.2971 ], [ -3.8678, 40.2965 ], [ -3.8679, 40.2963 ], [ -3.8684, 40.2961 ], [ -3.8691, 40.2955 ], [ -3.8696, 40.2955 ], [ -3.8696, 40.2959 ], [ -3.8698, 40.2961 ], [ -3.8703, 40.2961 ], [ -3.8713, 40.2958 ], [ -3.8715, 40.2958 ], [ -3.8718, 40.2961 ], [ -3.8722, 40.2961 ], [ -3.8726, 40.2959 ], [ -3.8741, 40.296 ], [ -3.8754, 40.2953 ], [ -3.877, 40.2955 ], [ -3.878, 40.2952 ], [ -3.8786, 40.2954 ], [ -3.8789, 40.2952 ], [ -3.8792, 40.2945 ], [ -3.8795, 40.2946 ], [ -3.8801, 40.2952 ], [ -3.8815, 40.2955 ], [ -3.8819, 40.2954 ], [ -3.8835, 40.2949 ], [ -3.8851, 40.2942 ], [ -3.8857, 40.2936 ], [ -3.8852, 40.2932 ], [ -3.8844, 40.2932 ], [ -3.8835, 40.2934 ], [ -3.8842, 40.2924 ], [ -3.8851, 40.2922 ], [ -3.8855, 40.2919 ], [ -3.8861, 40.2919 ], [ -3.8868, 40.2917 ], [ -3.8868, 40.2914 ], [ -3.8844, 40.2914 ], [ -3.8842, 40.2918 ], [ -3.8835, 40.2921 ], [ -3.8831, 40.2928 ], [ -3.8832, 40.2934 ], [ -3.8836, 40.2937 ], [ -3.8845, 40.2937 ], [ -3.8816, 40.2952 ], [ -3.8801, 40.2949 ], [ -3.8796, 40.2942 ], [ -3.8793, 40.2941 ], [ -3.8786, 40.2948 ], [ -3.8787, 40.295 ], [ -3.8781, 40.2949 ], [ -3.8774, 40.2949 ], [ -3.8771, 40.2951 ], [ -3.8753, 40.295 ], [ -3.8749, 40.2951 ], [ -3.8743, 40.2956 ], [ -3.8719, 40.2957 ], [ -3.8718, 40.2955 ], [ -3.8715, 40.2954 ], [ -3.8701, 40.2957 ], [ -3.8698, 40.2952 ], [ -3.869, 40.2951 ], [ -3.8673, 40.2962 ], [ -3.8658, 40.2967 ], [ -3.8652, 40.2971 ], [ -3.8643, 40.2971 ], [ -3.8636, 40.2973 ], [ -3.8617, 40.2972 ], [ -3.8612, 40.2976 ], [ -3.8604, 40.2978 ], [ -3.8601, 40.298 ], [ -3.8595, 40.2979 ], [ -3.8584, 40.2982 ], [ -3.858, 40.2989 ], [ -3.8579, 40.2994 ], [ -3.8577, 40.2995 ], [ -3.8568, 40.2995 ], [ -3.8563, 40.2998 ], [ -3.856, 40.2998 ], [ -3.8551, 40.3003 ], [ -3.8547, 40.3009 ], [ -3.8542, 40.3007 ], [ -3.8536, 40.3007 ], [ -3.8527, 40.3014 ], [ -3.8521, 40.3004 ], [ -3.8513, 40.2996 ], [ -3.8494, 40.298 ], [ -3.848, 40.2973 ], [ -3.8466, 40.2955 ], [ -3.8448, 40.2937 ], [ -3.8442, 40.2928 ], [ -3.8438, 40.2918 ], [ -3.8437, 40.292 ], [ -3.844, 40.2928 ], [ -3.8446, 40.2938 ], [ -3.8465, 40.2956 ], [ -3.8481, 40.2975 ], [ -3.849, 40.2979 ], [ -3.85, 40.2986 ], [ -3.8504, 40.2991 ], [ -3.8519, 40.3004 ], [ -3.8524, 40.3011 ], [ -3.8524, 40.3013 ], [ -3.8526, 40.3014 ], [ -3.8523, 40.3015 ], [ -3.8523, 40.3017 ], [ -3.8516, 40.3018 ], [ -3.8515, 40.3024 ], [ -3.851, 40.3027 ], [ -3.85, 40.3029 ], [ -3.8493, 40.3033 ], [ -3.8484, 40.3035 ], [ -3.8468, 40.3044 ], [ -3.8467, 40.3046 ], [ -3.8449, 40.3049 ], [ -3.8446, 40.3051 ] ] ] } },
{ "type": "Feature", "properties": { "municipio": "Móstoles", "clasificacion": "no-urbanizable-protegido", "calificacion": "sin-asignar", "version": "vigente", "fuente": "SIT-CAM WFS — UsoDelSuelo:VPLA_V_CLASIFICACION (https://idem.comunidad.madrid/geosrvg/ows)", "fecha_dato": "2026-05-12", "ambito": "73775", "_raw_CD_SIGLAS": "SNUP", "_raw_DS_CLASIF_GEN": "Suelo No Urbanizable Protegido", "_raw_DS_CLASIF_DET": "Suelo No Urbanizable Protegido. Valor ecológico paisajístico", "_raw_DS_DOCU": "PLAN GENERAL", "_raw_DS_LEY": null, "_raw_FC_AC": "2009-01-15", "_raw_NM_AREA_M2": 393957.79941208498, "_cam_code": "092" }, "geometry": { "type": "Polygon", "coordinates": [ [ [ -3.8528, 40.3017 ], [ -3.8535, 40.3032 ], [ -3.863, 40.299 ], [ -3.8677, 40.2977 ], [ -3.8714, 40.2969 ], [ -3.8743, 40.2968 ], [ -3.8772, 40.297 ], [ -3.8802, 40.2976 ], [ -3.8826, 40.2983 ], [ -3.8845, 40.2991 ], [ -3.879, 40.2952 ], [ -3.8786, 40.2954 ], [ -3.8778, 40.2952 ], [ -3.877, 40.2955 ], [ -3.8754, 40.2953 ], [ -3.8741, 40.296 ], [ -3.8726, 40.2959 ], [ -3.8722, 40.2961 ], [ -3.8718, 40.2961 ], [ -3.8715, 40.2958 ], [ -3.8703, 40.2961 ], [ -3.8698, 40.2961 ], [ -3.8696, 40.2959 ], [ -3.8696, 40.2955 ], [ -3.8691, 40.2955 ], [ -3.8684, 40.2961 ], [ -3.8679, 40.2963 ], [ -3.8678, 40.2965 ], [ -3.8661, 40.2971 ], [ -3.8655, 40.2975 ], [ -3.8635, 40.2978 ], [ -3.862, 40.2976 ], [ -3.8615, 40.298 ], [ -3.8602, 40.2985 ], [ -3.8596, 40.2984 ], [ -3.8592, 40.2985 ], [ -3.8592, 40.2986 ], [ -3.8589, 40.2986 ], [ -3.8585, 40.2998 ], [ -3.8576, 40.3 ], [ -3.8569, 40.3 ], [ -3.8569, 40.3001 ], [ -3.8565, 40.3003 ], [ -3.8557, 40.3004 ], [ -3.8552, 40.3012 ], [ -3.855, 40.3013 ], [ -3.8544, 40.3014 ], [ -3.8539, 40.3011 ], [ -3.8528, 40.3017 ] ] ] } },
{ "type": "Feature", "properties": { "municipio": "Móstoles", "clasificacion": "no-urbanizable-protegido", "calificacion": "sin-asignar", "version": "vigente", "fuente": "SIT-CAM WFS — UsoDelSuelo:VPLA_V_CLASIFICACION (https://idem.comunidad.madrid/geosrvg/ows)", "fecha_dato": "2026-05-12", "ambito": "73775", "_raw_CD_SIGLAS": "SNUP", "_raw_DS_CLASIF_GEN": "Suelo No Urbanizable Protegido", "_raw_DS_CLASIF_DET": "Suelo No Urbanizable Protegido. Parque Regional Río Guadarama", "_raw_DS_DOCU": "PLAN GENERAL", "_raw_DS_LEY": null, "_raw_FC_AC": "2009-01-15", "_raw_NM_AREA_M2": 3493.9971250343901, "_cam_code": "092" }, "geometry": { "type": "Polygon", "coordinates": [ [ [ -3.9114, 40.326 ], [ -3.9115, 40.3265 ], [ -3.9122, 40.3264 ], [ -3.9125, 40.3259 ], [ -3.912, 40.3261 ], [ -3.9115, 40.3261 ], [ -3.9114, 40.326 ] ] ] } },
{ "type": "Feature", "properties": { "municipio": "Móstoles", "clasificacion": "no-urbanizable-protegido", "calificacion": "sin-asignar", "version": "vigente", "fuente": "SIT-CAM WFS — UsoDelSuelo:VPLA_V_CLASIFICACION (https://idem.comunidad.madrid/geosrvg/ows)", "fecha_dato": "2026-05-12", "ambito": "73775", "_raw_CD_SIGLAS": "SNUP", "_raw_DS_CLASIF_GEN": "Suelo No Urbanizable Protegido", "_raw_DS_CLASIF_DET": "Suelo No Urbanizable Protegido. Parque Regional Río Guadarama", "_raw_DS_DOCU": "PLAN GENERAL", "_raw_DS_LEY": null, "_raw_FC_AC": "2009-01-15", "_raw_NM_AREA_M2": 4327461.7454744298, "_cam_code": "092" }, "geometry": { "type": "Polygon", "coordinates": [ [ [ -3.9214, 40.3203 ], [ -3.9204, 40.3213 ], [ -3.9204, 40.3215 ], [ -3.92, 40.322 ], [ -3.9195, 40.3223 ], [ -3.9197, 40.3226 ], [ -3.9199, 40.3226 ], [ -3.9199, 40.3229 ], [ -3.9197, 40.3232 ], [ -3.9171, 40.3245 ], [ -3.9158, 40.3247 ], [ -3.914, 40.3254 ], [ -3.9138, 40.326 ], [ -3.9137, 40.326 ], [ -3.9132, 40.327 ], [ -3.9131, 40.327 ], [ -3.9131, 40.3275 ], [ -3.9133, 40.3277 ], [ -3.914, 40.3292 ], [ -3.9144, 40.3296 ], [ -3.9145, 40.33 ], [ -3.914, 40.3301 ], [ -3.914, 40.3302 ], [ -3.9137, 40.3303 ], [ -3.9137, 40.3305 ], [ -3.9136, 40.3305 ], [ -3.9137, 40.3314 ], [ -3.913, 40.3317 ], [ -3.913, 40.3318 ], [ -3.914, 40.3327 ], [ -3.9186, 40.3359 ], [ -3.9207, 40.3368 ], [ -3.9218, 40.3383 ], [ -3.9227, 40.3398 ], [ -3.9294, 40.3388 ], [ -3.9345, 40.3378 ], [ -3.9324, 40.334 ], [ -3.9324, 40.3333 ], [ -3.9331, 40.3328 ], [ -3.9339, 40.3319 ], [ -3.9343, 40.3309 ], [ -3.935, 40.33 ], [ -3.9361, 40.3297 ], [ -3.9361, 40.3296 ], [ -3.9364, 40.3296 ], [ -3.9367, 40.3293 ], [ -3.938, 40.3287 ], [ -3.9384, 40.3282 ], [ -3.9397, 40.3277 ], [ -3.9406, 40.3266 ], [ -3.9421, 40.3255 ], [ -3.9438, 40.3246 ], [ -3.9447, 40.3236 ], [ -3.9434, 40.3221 ], [ -3.9432, 40.3211 ], [ -3.943, 40.3208 ], [ -3.9421, 40.3182 ], [ -3.942, 40.3177 ], [ -3.9423, 40.3163 ], [ -3.9424, 40.316 ], [ -3.9429, 40.3156 ], [ -3.9428, 40.3149 ], [ -3.9421, 40.3148 ], [ -3.9421, 40.3151 ], [ -3.9415, 40.3151 ], [ -3.9414, 40.3152 ], [ -3.9399, 40.315 ], [ -3.9395, 40.3154 ], [ -3.9388, 40.3158 ], [ -3.9381, 40.3167 ], [ -3.9377, 40.3187 ], [ -3.9365, 40.3196 ], [ -3.9356, 40.3207 ], [ -3.9311, 40.3168 ], [ -3.931, 40.3164 ], [ -3.9382, 40.3122 ], [ -3.9385, 40.312 ], [ -3.9384, 40.3117 ], [ -3.9385, 40.3115 ], [ -3.9389, 40.3112 ], [ -3.9397, 40.3113 ], [ -3.9415, 40.3112 ], [ -3.9415, 40.3113 ], [ -3.9415, 40.3112 ], [ -3.9419, 40.311 ], [ -3.943, 40.3107 ], [ -3.943, 40.3108 ], [ -3.9432, 40.3108 ], [ -3.9441, 40.3113 ], [ -3.9444, 40.3102 ], [ -3.9434, 40.3104 ], [ -3.9424, 40.3103 ], [ -3.9423, 40.3105 ], [ -3.9419, 40.3105 ], [ -3.9411, 40.3108 ], [ -3.9402, 40.3105 ], [ -3.9399, 40.3108 ], [ -3.9389, 40.3112 ], [ -3.9379, 40.3113 ], [ -3.9358, 40.3122 ], [ -3.9348, 40.3132 ], [ -3.9336, 40.3132 ], [ -3.9328, 40.314 ], [ -3.9322, 40.3143 ], [ -3.931, 40.3147 ], [ -3.93, 40.3147 ], [ -3.9298, 40.3149 ], [ -3.9298, 40.3154 ], [ -3.9293, 40.3157 ], [ -3.929, 40.3161 ], [ -3.9288, 40.3162 ], [ -3.928, 40.3161 ], [ -3.9279, 40.3162 ], [ -3.9277, 40.3171 ], [ -3.9275, 40.3175 ], [ -3.9274, 40.3175 ], [ -3.9274, 40.3177 ], [ -3.927, 40.3181 ], [ -3.9266, 40.3183 ], [ -3.9262, 40.3183 ], [ -3.9253, 40.3191 ], [ -3.9247, 40.3191 ], [ -3.9239, 40.3187 ], [ -3.9237, 40.3193 ], [ -3.9229, 40.3194 ], [ -3.9227, 40.3197 ], [ -3.9224, 40.3197 ], [ -3.9223, 40.32 ], [ -3.9214, 40.3203 ] ] ] } },
{ "type": "Feature", "properties": { "municipio": "Móstoles", "clasificacion": "no-urbanizable-protegido", "calificacion": "sin-asignar", "version": "vigente", "fuente": "SIT-CAM WFS — UsoDelSuelo:VPLA_V_CLASIFICACION (https://idem.comunidad.madrid/geosrvg/ows)", "fecha_dato": "2026-05-12", "ambito": "73775", "_raw_CD_SIGLAS": "SNUP", "_raw_DS_CLASIF_GEN": "Suelo No Urbanizable Protegido", "_raw_DS_CLASIF_DET": "Suelo No Urbanizable Protegido. Riquezas naturales", "_raw_DS_DOCU": "PLAN GENERAL", "_raw_DS_LEY": null, "_raw_FC_AC": "2009-01-15", "_raw_NM_AREA_M2": 256657.809312483, "_cam_code": "092" }, "geometry": { "type": "Polygon", "coordinates": [ [ [ -3.9365, 40.3086 ], [ -3.9373, 40.3092 ], [ -3.9397, 40.3087 ], [ -3.9396, 40.3087 ], [ -3.9396, 40.3078 ], [ -3.9401, 40.3074 ], [ -3.94, 40.3074 ], [ -3.9398, 40.3069 ], [ -3.9398, 40.3061 ], [ -3.9399, 40.306 ], [ -3.9397, 40.3056 ], [ -3.9399, 40.3052 ], [ -3.94, 40.3008 ], [ -3.9402, 40.2992 ], [ -3.9391, 40.2992 ], [ -3.9377, 40.2989 ], [ -3.9376, 40.2991 ], [ -3.9382, 40.2994 ], [ -3.9382, 40.2997 ], [ -3.938, 40.2999 ], [ -3.9378, 40.2999 ], [ -3.9377, 40.3003 ], [ -3.936, 40.302 ], [ -3.9357, 40.3026 ], [ -3.9357, 40.3028 ], [ -3.9359, 40.3028 ], [ -3.9362, 40.3032 ], [ -3.9366, 40.3032 ], [ -3.9379, 40.3027 ], [ -3.9384, 40.3027 ], [ -3.9385, 40.3032 ], [ -3.9379, 40.304 ], [ -3.9379, 40.3043 ], [ -3.9383, 40.3046 ], [ -3.9386, 40.3046 ], [ -3.9393, 40.3049 ], [ -3.9389, 40.3053 ], [ -3.9389, 40.3057 ], [ -3.9388, 40.3057 ], [ -3.9393, 40.3059 ], [ -3.9387, 40.3063 ], [ -3.9381, 40.3063 ], [ -3.937, 40.3057 ], [ -3.9367, 40.3061 ], [ -3.9361, 40.3063 ], [ -3.9354, 40.3062 ], [ -3.9353, 40.3069 ], [ -3.9355, 40.3083 ], [ -3.9365, 40.3083 ], [ -3.9365, 40.3086 ] ] ] } },
{ "type": "Feature", "properties": { "municipio": "Móstoles", "clasificacion": "no-urbanizable-protegido", "calificacion": "sin-asignar", "version": "vigente", "fuente": "SIT-CAM WFS — UsoDelSuelo:VPLA_V_CLASIFICACION (https://idem.comunidad.madrid/geosrvg/ows)", "fecha_dato": "2026-05-12", "ambito": "73775", "_raw_CD_SIGLAS": "SNUP", "_raw_DS_CLASIF_GEN": "Suelo No Urbanizable Protegido", "_raw_DS_CLASIF_DET": "Suelo No Urbanizable Protegido. Red de carreteras", "_raw_DS_DOCU": "PLAN GENERAL", "_raw_DS_LEY": null, "_raw_FC_AC": "2009-01-15", "_raw_NM_AREA_M2": 1713.02750000061, "_cam_code": "092" }, "geometry": { "type": "Polygon", "coordinates": [ [ [ -3.8435, 40.3192 ], [ -3.8437, 40.3199 ], [ -3.844, 40.321 ], [ -3.8439, 40.3202 ], [ -3.8435, 40.3192 ] ] ] } },
{ "type": "Feature", "properties": { "municipio": "Móstoles", "clasificacion": "no-urbanizable-protegido", "calificacion": "sin-asignar", "version": "vigente", "fuente": "SIT-CAM WFS — UsoDelSuelo:VPLA_V_CLASIFICACION (https://idem.comunidad.madrid/geosrvg/ows)", "fecha_dato": "2026-05-12", "ambito": "73775", "_raw_CD_SIGLAS": "SNUP", "_raw_DS_CLASIF_GEN": "Suelo No Urbanizable Protegido", "_raw_DS_CLASIF_DET": "Suelo no Urbanizable Protegido Vías Pecuarias", "_raw_DS_DOCU": "PLAN GENERAL", "_raw_DS_LEY": null, "_raw_FC_AC": "2009-01-15", "_raw_NM_AREA_M2": 31848.072162543998, "_cam_code": "092" }, "geometry": { "type": "Polygon", "coordinates": [ [ [ -3.8752, 40.3394 ], [ -3.8739, 40.3432 ], [ -3.873, 40.3453 ], [ -3.8729, 40.3453 ], [ -3.8729, 40.3456 ], [ -3.8728, 40.3456 ], [ -3.8728, 40.3458 ], [ -3.8724, 40.3464 ], [ -3.8724, 40.3468 ], [ -3.8717, 40.3494 ], [ -3.8716, 40.3508 ], [ -3.8713, 40.3523 ], [ -3.871, 40.3531 ], [ -3.8711, 40.3532 ], [ -3.8713, 40.3531 ], [ -3.8717, 40.3516 ], [ -3.8719, 40.3494 ], [ -3.8721, 40.349 ], [ -3.8728, 40.3461 ], [ -3.873, 40.3459 ], [ -3.8731, 40.3454 ], [ -3.8732, 40.3454 ], [ -3.8738, 40.3438 ], [ -3.8742, 40.3431 ], [ -3.8748, 40.3412 ], [ -3.8749, 40.3412 ], [ -3.8755, 40.3393 ], [ -3.8752, 40.3394 ] ] ] } },
{ "type": "Feature", "properties": { "municipio": "Móstoles", "clasificacion": "no-urbanizable-protegido", "calificacion": "sin-asignar", "version": "vigente", "fuente": "SIT-CAM WFS — UsoDelSuelo:VPLA_V_CLASIFICACION (https://idem.comunidad.madrid/geosrvg/ows)", "fecha_dato": "2026-05-12", "ambito": "73775", "_raw_CD_SIGLAS": "SNUP", "_raw_DS_CLASIF_GEN": "Suelo No Urbanizable Protegido", "_raw_DS_CLASIF_DET": "Suelo No Urbanizable Protegido. Pasillo ecológico", "_raw_DS_DOCU": "PLAN GENERAL", "_raw_DS_LEY": null, "_raw_FC_AC": "2009-01-15", "_raw_NM_AREA_M2": 9701.5161750844109, "_cam_code": "092" }, "geometry": { "type": "Polygon", "coordinates": [ [ [ -3.8869, 40.2964 ], [ -3.8857, 40.2978 ], [ -3.8848, 40.2993 ], [ -3.885, 40.2994 ], [ -3.8855, 40.2989 ], [ -3.8869, 40.2965 ], [ -3.887, 40.2965 ], [ -3.8869, 40.2964 ] ] ] } },
{ "type": "Feature", "properties": { "municipio": "Móstoles", "clasificacion": "no-urbanizable-protegido", "calificacion": "sin-asignar", "version": "vigente", "fuente": "SIT-CAM WFS — UsoDelSuelo:VPLA_V_CLASIFICACION (https://idem.comunidad.madrid/geosrvg/ows)", "fecha_dato": "2026-05-12", "ambito": "73775", "_raw_CD_SIGLAS": "SNUP", "_raw_DS_CLASIF_GEN": "Suelo No Urbanizable Protegido", "_raw_DS_CLASIF_DET": "Suelo No Urbanizable Protegido. Pasillo ecológico", "_raw_DS_DOCU": "PLAN GENERAL", "_raw_DS_LEY": null, "_raw_FC_AC": "2009-01-15", "_raw_NM_AREA_M2": 10881.9359624916, "_cam_code": "092" }, "geometry": { "type": "Polygon", "coordinates": [ [ [ -3.8869, 40.2965 ], [ -3.8855, 40.2989 ], [ -3.885, 40.2994 ], [ -3.8853, 40.2996 ], [ -3.8862, 40.2984 ], [ -3.8872, 40.2967 ], [ -3.8869, 40.2965 ] ] ] } },
{ "type": "Feature", "properties": { "municipio": "Móstoles", "clasificacion": "no-urbanizable-protegido", "calificacion": "sin-asignar", "version": "vigente", "fuente": "SIT-CAM WFS — UsoDelSuelo:VPLA_V_CLASIFICACION (https://idem.comunidad.madrid/geosrvg/ows)", "fecha_dato": "2026-05-12", "ambito": "73775", "_raw_CD_SIGLAS": "SNUP", "_raw_DS_CLASIF_GEN": "Suelo No Urbanizable Protegido", "_raw_DS_CLASIF_DET": "Suelo No Urbanizable Protegido. Pasillo ecológico", "_raw_DS_DOCU": "PLAN GENERAL", "_raw_DS_LEY": null, "_raw_FC_AC": "2009-01-15", "_raw_NM_AREA_M2": 417939.053637303, "_cam_code": "092" }, "geometry": { "type": "Polygon", "coordinates": [ [ [ -3.9045, 40.3076 ], [ -3.904, 40.3079 ], [ -3.9022, 40.3102 ], [ -3.9052, 40.3117 ], [ -3.9068, 40.3128 ], [ -3.9079, 40.3138 ], [ -3.909, 40.3152 ], [ -3.9098, 40.3168 ], [ -3.9099, 40.3176 ], [ -3.9113, 40.3173 ], [ -3.9129, 40.3166 ], [ -3.9138, 40.316 ], [ -3.913, 40.3143 ], [ -3.9116, 40.3123 ], [ -3.9098, 40.3106 ], [ -3.9084, 40.3096 ], [ -3.9077, 40.3092 ], [ -3.9075, 40.3092 ], [ -3.9068, 40.3087 ], [ -3.9045, 40.3076 ] ] ] } },
{ "type": "Feature", "properties": { "municipio": "Móstoles", "clasificacion": "no-urbanizable-protegido", "calificacion": "sin-asignar", "version": "vigente", "fuente": "SIT-CAM WFS — UsoDelSuelo:VPLA_V_CLASIFICACION (https://idem.comunidad.madrid/geosrvg/ows)", "fecha_dato": "2026-05-12", "ambito": "73775", "_raw_CD_SIGLAS": "SNUP", "_raw_DS_CLASIF_GEN": "Suelo No Urbanizable Protegido", "_raw_DS_CLASIF_DET": "Suelo No Urbanizable Protegido. Valor ecológico paisajístico. Bien Interés Cultural Arqueológico", "_raw_DS_DOCU": "PLAN GENERAL", "_raw_DS_LEY": null, "_raw_FC_AC": "2009-01-15", "_raw_NM_AREA_M2": 27515.7115500621, "_cam_code": "092" }, "geometry": { "type": "Polygon", "coordinates": [ [ [ -3.9045, 40.3258 ], [ -3.9072, 40.3262 ], [ -3.9075, 40.3242 ], [ -3.9045, 40.3258 ] ] ] } },
{ "type": "Feature", "properties": { "municipio": "Móstoles", "clasificacion": "no-urbanizable-protegido", "calificacion": "sin-asignar", "version": "vigente", "fuente": "SIT-CAM WFS — UsoDelSuelo:VPLA_V_CLASIFICACION (https://idem.comunidad.madrid/geosrvg/ows)", "fecha_dato": "2026-05-12", "ambito": "73775", "_raw_CD_SIGLAS": "SNUP", "_raw_DS_CLASIF_GEN": "Suelo No Urbanizable Protegido", "_raw_DS_CLASIF_DET": "Suelo No Urbanizable Protegido. Bien de Interés Cultural Paleontológico", "_raw_DS_DOCU": "PLAN GENERAL", "_raw_DS_LEY": null, "_raw_FC_AC": "2009-01-15", "_raw_NM_AREA_M2": 421844.65217440203, "_cam_code": "092" }, "geometry": { "type": "Polygon", "coordinates": [ [ [ -3.8955, 40.3253 ], [ -3.8975, 40.326 ], [ -3.8982, 40.3258 ], [ -3.8993, 40.3252 ], [ -3.9038, 40.3255 ], [ -3.9045, 40.3258 ], [ -3.9075, 40.3242 ], [ -3.9084, 40.3218 ], [ -3.9095, 40.32 ], [ -3.9099, 40.3191 ], [ -3.9051, 40.3183 ], [ -3.9022, 40.3187 ], [ -3.9022, 40.325 ], [ -3.8953, 40.3251 ], [ -3.8955, 40.3253 ] ] ] } },
{ "type": "Feature", "properties": { "municipio": "Móstoles", "clasificacion": "no-urbanizable-protegido", "calificacion": "sin-asignar", "version": "vigente", "fuente": "SIT-CAM WFS — UsoDelSuelo:VPLA_V_CLASIFICACION (https://idem.comunidad.madrid/geosrvg/ows)", "fecha_dato": "2026-05-12", "ambito": "73775", "_raw_CD_SIGLAS": "SNUP", "_raw_DS_CLASIF_GEN": "Suelo No Urbanizable Protegido", "_raw_DS_CLASIF_DET": "Suelo No Urbanizable Protegido. Pasillo ecológico", "_raw_DS_DOCU": "PLAN GENERAL", "_raw_DS_LEY": null, "_raw_FC_AC": "2009-01-15", "_raw_NM_AREA_M2": 603933.81868739205, "_cam_code": "092" }, "geometry": { "type": "Polygon", "coordinates": [ [ [ -3.9179, 40.3388 ], [ -3.9225, 40.3399 ], [ -3.9214, 40.3386 ], [ -3.9201, 40.3374 ], [ -3.9163, 40.3352 ], [ -3.9145, 40.3337 ], [ -3.913, 40.3318 ], [ -3.912, 40.33 ], [ -3.9114, 40.3273 ], [ -3.9114, 40.326 ], [ -3.9105, 40.326 ], [ -3.9084, 40.3264 ], [ -3.9085, 40.3265 ], [ -3.9085, 40.327 ], [ -3.9073, 40.3281 ], [ -3.9081, 40.3309 ], [ -3.9094, 40.3333 ], [ -3.9112, 40.3356 ], [ -3.9135, 40.3375 ], [ -3.9162, 40.3392 ], [ -3.9166, 40.3393 ], [ -3.9172, 40.3397 ], [ -3.9179, 40.3388 ] ] ] } },
{ "type": "Feature", "properties": { "municipio": "Móstoles", "clasificacion": "no-urbanizable-protegido", "calificacion": "sin-asignar", "version": "vigente", "fuente": "SIT-CAM WFS — UsoDelSuelo:VPLA_V_CLASIFICACION (https://idem.comunidad.madrid/geosrvg/ows)", "fecha_dato": "2026-05-12", "ambito": "73775", "_raw_CD_SIGLAS": "SNUP", "_raw_DS_CLASIF_GEN": "Suelo No Urbanizable Protegido", "_raw_DS_CLASIF_DET": "Suelo No Urbanizable Protegido. Pasillo ecológico", "_raw_DS_DOCU": "PLAN GENERAL", "_raw_DS_LEY": null, "_raw_FC_AC": "2009-01-15", "_raw_NM_AREA_M2": 340788.02065000398, "_cam_code": "092" }, "geometry": { "type": "Polygon", "coordinates": [ [ [ -3.9072, 40.3262 ], [ -3.9076, 40.3263 ], [ -3.9081, 40.3262 ], [ -3.908, 40.3261 ], [ -3.9081, 40.3258 ], [ -3.9087, 40.3254 ], [ -3.9095, 40.3256 ], [ -3.91, 40.3255 ], [ -3.9114, 40.3256 ], [ -3.9118, 40.3239 ], [ -3.9126, 40.3223 ], [ -3.913, 40.3218 ], [ -3.9137, 40.3204 ], [ -3.9139, 40.3197 ], [ -3.9141, 40.3189 ], [ -3.9141, 40.3172 ], [ -3.9139, 40.3163 ], [ -3.9127, 40.317 ], [ -3.9112, 40.3176 ], [ -3.91, 40.3179 ], [ -3.9099, 40.3191 ], [ -3.9095, 40.32 ], [ -3.9084, 40.3218 ], [ -3.9075, 40.3242 ], [ -3.9072, 40.3262 ] ] ] } },
{ "type": "Feature", "properties": { "municipio": "Móstoles", "clasificacion": "no-urbanizable-protegido", "calificacion": "sin-asignar", "version": "vigente", "fuente": "SIT-CAM WFS — UsoDelSuelo:VPLA_V_CLASIFICACION (https://idem.comunidad.madrid/geosrvg/ows)", "fecha_dato": "2026-05-12", "ambito": "73775", "_raw_CD_SIGLAS": "SNUP", "_raw_DS_CLASIF_GEN": "Suelo No Urbanizable Protegido", "_raw_DS_CLASIF_DET": "Suelo No Urbanizable Protegido. Pasillo ecológico", "_raw_DS_DOCU": "PLAN GENERAL", "_raw_DS_LEY": null, "_raw_FC_AC": "2009-01-15", "_raw_NM_AREA_M2": 152210.19395007699, "_cam_code": "092" }, "geometry": { "type": "Polygon", "coordinates": [ [ [ -3.8789, 40.2952 ], [ -3.8846, 40.2992 ], [ -3.8855, 40.2977 ], [ -3.8867, 40.2963 ], [ -3.8841, 40.2946 ], [ -3.8835, 40.2949 ], [ -3.8815, 40.2955 ], [ -3.8801, 40.2952 ], [ -3.8795, 40.2946 ], [ -3.8792, 40.2945 ], [ -3.8789, 40.2952 ] ] ] } },
{ "type": "Feature", "properties": { "municipio": "Móstoles", "clasificacion": "no-urbanizable-protegido", "calificacion": "sin-asignar", "version": "vigente", "fuente": "SIT-CAM WFS — UsoDelSuelo:VPLA_V_CLASIFICACION (https://idem.comunidad.madrid/geosrvg/ows)", "fecha_dato": "2026-05-12", "ambito": "73775", "_raw_CD_SIGLAS": "SNUP", "_raw_DS_CLASIF_GEN": "Suelo No Urbanizable Protegido", "_raw_DS_CLASIF_DET": "Suelo No Urbanizable Protegido. Pasillo ecológico", "_raw_DS_DOCU": "PLAN GENERAL", "_raw_DS_LEY": null, "_raw_FC_AC": "2009-01-15", "_raw_NM_AREA_M2": 415895.91593749699, "_cam_code": "092" }, "geometry": { "type": "Polygon", "coordinates": [ [ [ -3.8951, 40.3044 ], [ -3.8992, 40.307 ], [ -3.9026, 40.3088 ], [ -3.9029, 40.3081 ], [ -3.9037, 40.3072 ], [ -3.9009, 40.3057 ], [ -3.8993, 40.3046 ], [ -3.8972, 40.3045 ], [ -3.8959, 40.3042 ], [ -3.8959, 40.3037 ], [ -3.8958, 40.3037 ], [ -3.8958, 40.3035 ], [ -3.8957, 40.3035 ], [ -3.8955, 40.303 ], [ -3.8951, 40.3025 ], [ -3.895, 40.3021 ], [ -3.8946, 40.3016 ], [ -3.8923, 40.3022 ], [ -3.8917, 40.2999 ], [ -3.8872, 40.2967 ], [ -3.8862, 40.2984 ], [ -3.8853, 40.2996 ], [ -3.888, 40.3015 ], [ -3.8913, 40.3041 ], [ -3.892, 40.3036 ], [ -3.8925, 40.3025 ], [ -3.8951, 40.3044 ] ] ] } },
{ "type": "Feature", "properties": { "municipio": "Móstoles", "clasificacion": "no-urbanizable-protegido", "calificacion": "sin-asignar", "version": "vigente", "fuente": "SIT-CAM WFS — UsoDelSuelo:VPLA_V_CLASIFICACION (https://idem.comunidad.madrid/geosrvg/ows)", "fecha_dato": "2026-05-12", "ambito": "73775", "_raw_CD_SIGLAS": "SNUP", "_raw_DS_CLASIF_GEN": "Suelo No Urbanizable Protegido", "_raw_DS_CLASIF_DET": "Suelo No Urbanizable Protegido. Pasillo ecológico", "_raw_DS_DOCU": "PLAN GENERAL", "_raw_DS_LEY": null, "_raw_FC_AC": "2009-01-15", "_raw_NM_AREA_M2": 466400.07629939797, "_cam_code": "092" }, "geometry": { "type": "Polygon", "coordinates": [ [ [ -3.8816, 40.2952 ], [ -3.8836, 40.2942 ], [ -3.8807, 40.292 ], [ -3.8783, 40.2905 ], [ -3.8749, 40.2891 ], [ -3.8739, 40.2894 ], [ -3.8739, 40.2893 ], [ -3.8735, 40.2892 ], [ -3.8733, 40.2888 ], [ -3.8728, 40.2886 ], [ -3.872, 40.2885 ], [ -3.8717, 40.2882 ], [ -3.8703, 40.2883 ], [ -3.8693, 40.2882 ], [ -3.8693, 40.2881 ], [ -3.8689, 40.2881 ], [ -3.8684, 40.2883 ], [ -3.8663, 40.2882 ], [ -3.8661, 40.2884 ], [ -3.865, 40.2884 ], [ -3.8648, 40.2886 ], [ -3.8639, 40.2885 ], [ -3.8628, 40.2886 ], [ -3.8626, 40.2884 ], [ -3.8625, 40.2885 ], [ -3.8614, 40.2885 ], [ -3.8613, 40.2883 ], [ -3.8603, 40.2881 ], [ -3.8603, 40.2882 ], [ -3.8598, 40.2883 ], [ -3.859, 40.2895 ], [ -3.8597, 40.2897 ], [ -3.8626, 40.2899 ], [ -3.8687, 40.2898 ], [ -3.8717, 40.2901 ], [ -3.8729, 40.2904 ], [ -3.8747, 40.291 ], [ -3.8755, 40.2929 ], [ -3.8773, 40.2938 ], [ -3.8786, 40.2948 ], [ -3.8793, 40.2941 ], [ -3.8796, 40.2942 ], [ -3.8801, 40.2949 ], [ -3.8816, 40.2952 ] ] ] } },
{ "type": "Feature", "properties": { "municipio": "Móstoles", "clasificacion": "no-urbanizable-protegido", "calificacion": "sin-asignar", "version": "vigente", "fuente": "SIT-CAM WFS — UsoDelSuelo:VPLA_V_CLASIFICACION (https://idem.comunidad.madrid/geosrvg/ows)", "fecha_dato": "2026-05-12", "ambito": "73775", "_raw_CD_SIGLAS": "SNUP", "_raw_DS_CLASIF_GEN": "Suelo No Urbanizable Protegido", "_raw_DS_CLASIF_DET": "Suelo No Urbanizable Protegido. Pasillo ecológico", "_raw_DS_DOCU": "PLAN GENERAL", "_raw_DS_LEY": null, "_raw_FC_AC": "2009-01-15", "_raw_NM_AREA_M2": 44434.2256371068, "_cam_code": "092" }, "geometry": { "type": "Polygon", "coordinates": [ [ [ -3.8534, 40.288 ], [ -3.8567, 40.2891 ], [ -3.8574, 40.2878 ], [ -3.8568, 40.2879 ], [ -3.8558, 40.2876 ], [ -3.8519, 40.2871 ], [ -3.8518, 40.2873 ], [ -3.8534, 40.288 ] ] ] } },
{ "type": "Feature", "properties": { "municipio": "Móstoles", "clasificacion": "no-urbanizable-protegido", "calificacion": "sin-asignar", "version": "vigente", "fuente": "SIT-CAM WFS — UsoDelSuelo:VPLA_V_CLASIFICACION (https://idem.comunidad.madrid/geosrvg/ows)", "fecha_dato": "2026-05-12", "ambito": "73775", "_raw_CD_SIGLAS": "SNUP", "_raw_DS_CLASIF_GEN": "Suelo No Urbanizable Protegido", "_raw_DS_CLASIF_DET": "Suelo No Urbanizable Protegido. Valor ecológico paisajístico", "_raw_DS_DOCU": "PLAN GENERAL", "_raw_DS_LEY": null, "_raw_FC_AC": "2009-01-15", "_raw_NM_AREA_M2": 276828.67288731999, "_cam_code": "092" }, "geometry": { "type": "Polygon", "coordinates": [ [ [ -3.8521, 40.3004 ], [ -3.8527, 40.3014 ], [ -3.8536, 40.3007 ], [ -3.8542, 40.3007 ], [ -3.8547, 40.3009 ], [ -3.8551, 40.3003 ], [ -3.856, 40.2998 ], [ -3.8563, 40.2998 ], [ -3.8568, 40.2995 ], [ -3.8577, 40.2995 ], [ -3.8579, 40.2994 ], [ -3.858, 40.2989 ], [ -3.8584, 40.2982 ], [ -3.8595, 40.2979 ], [ -3.8601, 40.298 ], [ -3.8604, 40.2978 ], [ -3.8612, 40.2976 ], [ -3.8617, 40.2972 ], [ -3.8636, 40.2973 ], [ -3.8643, 40.2971 ], [ -3.8652, 40.2971 ], [ -3.8658, 40.2967 ], [ -3.8673, 40.2962 ], [ -3.869, 40.2951 ], [ -3.8698, 40.2952 ], [ -3.8701, 40.2957 ], [ -3.8715, 40.2954 ], [ -3.8718, 40.2955 ], [ -3.8719, 40.2957 ], [ -3.8722, 40.2957 ], [ -3.8725, 40.2956 ], [ -3.8743, 40.2956 ], [ -3.8749, 40.2951 ], [ -3.8753, 40.295 ], [ -3.8771, 40.2951 ], [ -3.8774, 40.2949 ], [ -3.8787, 40.295 ], [ -3.8786, 40.2948 ], [ -3.8773, 40.2938 ], [ -3.8764, 40.2941 ], [ -3.8759, 40.2939 ], [ -3.8751, 40.2939 ], [ -3.8742, 40.2941 ], [ -3.8734, 40.2945 ], [ -3.8722, 40.2946 ], [ -3.8718, 40.2944 ], [ -3.871, 40.2946 ], [ -3.8709, 40.2944 ], [ -3.8706, 40.2945 ], [ -3.8703, 40.2943 ], [ -3.8704, 40.2948 ], [ -3.8686, 40.2948 ], [ -3.8676, 40.2946 ], [ -3.866, 40.2956 ], [ -3.8654, 40.2957 ], [ -3.8645, 40.2962 ], [ -3.8638, 40.2962 ], [ -3.8631, 40.2964 ], [ -3.8617, 40.2962 ], [ -3.8609, 40.2963 ], [ -3.8604, 40.2968 ], [ -3.8598, 40.297 ], [ -3.8585, 40.2971 ], [ -3.8575, 40.2975 ], [ -3.8566, 40.2985 ], [ -3.8543, 40.2992 ], [ -3.8539, 40.2995 ], [ -3.8526, 40.2998 ], [ -3.852, 40.3004 ], [ -3.8521, 40.3004 ] ] ] } },
{ "type": "Feature", "properties": { "municipio": "Móstoles", "clasificacion": "no-urbanizable-protegido", "calificacion": "sin-asignar", "version": "vigente", "fuente": "SIT-CAM WFS — UsoDelSuelo:VPLA_V_CLASIFICACION (https://idem.comunidad.madrid/geosrvg/ows)", "fecha_dato": "2026-05-12", "ambito": "73775", "_raw_CD_SIGLAS": "SNUP", "_raw_DS_CLASIF_GEN": "Suelo No Urbanizable Protegido", "_raw_DS_CLASIF_DET": "Suelo No Urbanizable Protegido. Valor ecológico paisajístico", "_raw_DS_DOCU": "PLAN GENERAL", "_raw_DS_LEY": null, "_raw_FC_AC": "2009-01-15", "_raw_NM_AREA_M2": 100244.838374905, "_cam_code": "092" }, "geometry": { "type": "Polygon", "coordinates": [ [ [ -3.8891, 40.2938 ], [ -3.8888, 40.2939 ], [ -3.8887, 40.2942 ], [ -3.8884, 40.2943 ], [ -3.8878, 40.2948 ], [ -3.8872, 40.2955 ], [ -3.8869, 40.2964 ], [ -3.8873, 40.2968 ], [ -3.8917, 40.2999 ], [ -3.8911, 40.2985 ], [ -3.891, 40.2985 ], [ -3.8906, 40.2975 ], [ -3.8904, 40.2973 ], [ -3.8903, 40.2968 ], [ -3.8899, 40.2965 ], [ -3.8897, 40.2958 ], [ -3.8897, 40.2946 ], [ -3.8896, 40.2946 ], [ -3.8891, 40.2938 ] ] ] } },
{ "type": "Feature", "properties": { "municipio": "Móstoles", "clasificacion": "no-urbanizable-protegido", "calificacion": "sin-asignar", "version": "vigente", "fuente": "SIT-CAM WFS — UsoDelSuelo:VPLA_V_CLASIFICACION (https://idem.comunidad.madrid/geosrvg/ows)", "fecha_dato": "2026-05-12", "ambito": "73775", "_raw_CD_SIGLAS": "SNUP", "_raw_DS_CLASIF_GEN": "Suelo No Urbanizable Protegido", "_raw_DS_CLASIF_DET": "Suelo No Urbanizable Protegido. Valor ecológico paisajístico", "_raw_DS_DOCU": "PLAN GENERAL", "_raw_DS_LEY": null, "_raw_FC_AC": "2009-01-15", "_raw_NM_AREA_M2": 111110.512812288, "_cam_code": "092" }, "geometry": { "type": "Polygon", "coordinates": [ [ [ -3.8857, 40.2936 ], [ -3.8851, 40.2942 ], [ -3.8841, 40.2946 ], [ -3.8867, 40.2963 ], [ -3.887, 40.2955 ], [ -3.8874, 40.2949 ], [ -3.8887, 40.2939 ], [ -3.8868, 40.2914 ], [ -3.8868, 40.2917 ], [ -3.8861, 40.2919 ], [ -3.8855, 40.2919 ], [ -3.8851, 40.2922 ], [ -3.8842, 40.2924 ], [ -3.8835, 40.2934 ], [ -3.8844, 40.2932 ], [ -3.8852, 40.2932 ], [ -3.8857, 40.2936 ] ] ] } },
{ "type": "Feature", "properties": { "municipio": "Móstoles", "clasificacion": "no-urbanizable-protegido", "calificacion": "sin-asignar", "version": "vigente", "fuente": "SIT-CAM WFS — UsoDelSuelo:VPLA_V_CLASIFICACION (https://idem.comunidad.madrid/geosrvg/ows)", "fecha_dato": "2026-05-12", "ambito": "73775", "_raw_CD_SIGLAS": "SNUP", "_raw_DS_CLASIF_GEN": "Suelo No Urbanizable Protegido", "_raw_DS_CLASIF_DET": "Suelo No Urbanizable Protegido. Borde Parque Regional Río Guadarama", "_raw_DS_DOCU": "PLAN GENERAL", "_raw_DS_LEY": null, "_raw_FC_AC": "2009-01-15", "_raw_NM_AREA_M2": 32952.433724484399, "_cam_code": "092" }, "geometry": { "type": "Polygon", "coordinates": [ [ [ -3.9158, 40.2968 ], [ -3.9094, 40.2991 ], [ -3.9089, 40.2996 ], [ -3.9082, 40.2999 ], [ -3.908, 40.3002 ], [ -3.9158, 40.2973 ], [ -3.9158, 40.2968 ] ] ] } },
{ "type": "Feature", "properties": { "municipio": "Móstoles", "clasificacion": "no-urbanizable-protegido", "calificacion": "sin-asignar", "version": "vigente", "fuente": "SIT-CAM WFS — UsoDelSuelo:VPLA_V_CLASIFICACION (https://idem.comunidad.madrid/geosrvg/ows)", "fecha_dato": "2026-05-12", "ambito": "73775", "_raw_CD_SIGLAS": "SNUP", "_raw_DS_CLASIF_GEN": "Suelo No Urbanizable Protegido", "_raw_DS_CLASIF_DET": "Suelo No Urbanizable Protegido. Borde Parque Regional Río Guadarama", "_raw_DS_DOCU": "PLAN GENERAL", "_raw_DS_LEY": null, "_raw_FC_AC": "2009-01-15", "_raw_NM_AREA_M2": 124094.090937563, "_cam_code": "092" }, "geometry": { "type": "Polygon", "coordinates": [ [ [ -3.938, 40.3093 ], [ -3.9381, 40.3099 ], [ -3.9397, 40.3096 ], [ -3.9405, 40.3096 ], [ -3.9412, 40.3098 ], [ -3.9419, 40.3096 ], [ -3.9424, 40.3092 ], [ -3.9423, 40.3088 ], [ -3.9412, 40.3089 ], [ -3.9407, 40.3083 ], [ -3.9408, 40.3081 ], [ -3.9413, 40.3081 ], [ -3.9415, 40.3079 ], [ -3.941, 40.3067 ], [ -3.941, 40.306 ], [ -3.9406, 40.3054 ], [ -3.9405, 40.305 ], [ -3.9405, 40.3032 ], [ -3.9407, 40.3027 ], [ -3.9406, 40.3 ], [ -3.9408, 40.2987 ], [ -3.9377, 40.2989 ], [ -3.9391, 40.2992 ], [ -3.9402, 40.2992 ], [ -3.94, 40.3008 ], [ -3.9399, 40.3052 ], [ -3.9397, 40.3056 ], [ -3.9399, 40.306 ], [ -3.9398, 40.3061 ], [ -3.9398, 40.3069 ], [ -3.94, 40.3074 ], [ -3.9401, 40.3074 ], [ -3.9396, 40.3078 ], [ -3.9396, 40.3087 ], [ -3.9397, 40.3087 ], [ -3.9373, 40.3092 ], [ -3.938, 40.3093 ] ] ] } },
{ "type": "Feature", "properties": { "municipio": "Móstoles", "clasificacion": "no-urbanizable-protegido", "calificacion": "sin-asignar", "version": "vigente", "fuente": "SIT-CAM WFS — UsoDelSuelo:VPLA_V_CLASIFICACION (https://idem.comunidad.madrid/geosrvg/ows)", "fecha_dato": "2026-05-12", "ambito": "73775", "_raw_CD_SIGLAS": "SNUP", "_raw_DS_CLASIF_GEN": "Suelo No Urbanizable Protegido", "_raw_DS_CLASIF_DET": "Suelo No Urbanizable Protegido. Borde Parque Regional Río Guadarama", "_raw_DS_DOCU": "PLAN GENERAL", "_raw_DS_LEY": null, "_raw_FC_AC": "2009-01-15", "_raw_NM_AREA_M2": 7961.7234874720798, "_cam_code": "092" }, "geometry": { "type": "Polygon", "coordinates": [ [ [ -3.9433, 40.3138 ], [ -3.9432, 40.3141 ], [ -3.9438, 40.3128 ], [ -3.9436, 40.3128 ], [ -3.9435, 40.3133 ], [ -3.942, 40.3136 ], [ -3.9414, 40.3136 ], [ -3.9414, 40.3139 ], [ -3.9433, 40.3138 ] ] ] } },
{ "type": "Feature", "properties": { "municipio": "Móstoles", "clasificacion": "no-urbanizable-protegido", "calificacion": "sin-asignar", "version": "vigente", "fuente": "SIT-CAM WFS — UsoDelSuelo:VPLA_V_CLASIFICACION (https://idem.comunidad.madrid/geosrvg/ows)", "fecha_dato": "2026-05-12", "ambito": "73775", "_raw_CD_SIGLAS": "SNUP", "_raw_DS_CLASIF_GEN": "Suelo No Urbanizable Protegido", "_raw_DS_CLASIF_DET": "Suelo No Urbanizable Protegido. Borde Parque Regional Río Guadarama", "_raw_DS_DOCU": "PLAN GENERAL", "_raw_DS_LEY": null, "_raw_FC_AC": "2009-01-15", "_raw_NM_AREA_M2": 306669.79072516598, "_cam_code": "092" }, "geometry": { "type": "Polygon", "coordinates": [ [ [ -3.9356, 40.3207 ], [ -3.9364, 40.3197 ], [ -3.9347, 40.3182 ], [ -3.9351, 40.3179 ], [ -3.9368, 40.3194 ], [ -3.9377, 40.3187 ], [ -3.9379, 40.3174 ], [ -3.937, 40.3167 ], [ -3.9369, 40.3168 ], [ -3.9348, 40.3144 ], [ -3.9366, 40.3135 ], [ -3.9375, 40.3128 ], [ -3.9381, 40.3133 ], [ -3.9382, 40.3136 ], [ -3.9388, 40.3142 ], [ -3.9396, 40.3153 ], [ -3.9403, 40.3146 ], [ -3.9404, 40.3143 ], [ -3.9426, 40.3144 ], [ -3.9425, 40.3147 ], [ -3.9429, 40.3147 ], [ -3.9428, 40.3149 ], [ -3.9429, 40.3148 ], [ -3.9429, 40.3148 ], [ -3.9429, 40.3147 ], [ -3.9429, 40.3145 ], [ -3.9431, 40.3141 ], [ -3.9427, 40.3142 ], [ -3.9405, 40.3141 ], [ -3.9407, 40.3136 ], [ -3.9407, 40.3129 ], [ -3.9406, 40.3129 ], [ -3.9406, 40.3127 ], [ -3.94, 40.3116 ], [ -3.9411, 40.3114 ], [ -3.9411, 40.3119 ], [ -3.9412, 40.312 ], [ -3.9425, 40.3117 ], [ -3.9425, 40.3119 ], [ -3.9427, 40.3119 ], [ -3.9427, 40.3118 ], [ -3.9428, 40.3121 ], [ -3.9435, 40.312 ], [ -3.9437, 40.3123 ], [ -3.9438, 40.3128 ], [ -3.9439, 40.3115 ], [ -3.9441, 40.3113 ], [ -3.944, 40.3112 ], [ -3.9434, 40.3109 ], [ -3.9433, 40.3112 ], [ -3.9437, 40.3114 ], [ -3.9432, 40.3115 ], [ -3.9432, 40.3117 ], [ -3.9427, 40.3115 ], [ -3.9415, 40.3113 ], [ -3.9415, 40.3112 ], [ -3.9414, 40.3112 ], [ -3.9412, 40.3112 ], [ -3.9409, 40.3112 ], [ -3.9404, 40.3112 ], [ -3.9398, 40.3113 ], [ -3.9395, 40.3112 ], [ -3.9392, 40.3112 ], [ -3.9389, 40.3112 ], [ -3.9385, 40.3115 ], [ -3.9384, 40.3117 ], [ -3.9385, 40.312 ], [ -3.9382, 40.3122 ], [ -3.931, 40.3164 ], [ -3.9311, 40.3168 ], [ -3.9356, 40.3207 ] ], [ [ -3.9399, 40.3115 ], [ -3.9392, 40.3118 ], [ -3.9387, 40.3122 ], [ -3.9386, 40.3121 ], [ -3.9393, 40.3117 ], [ -3.9393, 40.3116 ], [ -3.9399, 40.3114 ], [ -3.9399, 40.3115 ] ], [ [ -3.9392, 40.3115 ], [ -3.9387, 40.3119 ], [ -3.9385, 40.3117 ], [ -3.9392, 40.3112 ], [ -3.9393, 40.3114 ], [ -3.9396, 40.3113 ], [ -3.9394, 40.3115 ], [ -3.9392, 40.3115 ] ], [ [ -3.941, 40.3112 ], [ -3.941, 40.3113 ], [ -3.9408, 40.3113 ], [ -3.9408, 40.3114 ], [ -3.9399, 40.3115 ], [ -3.9399, 40.3114 ], [ -3.9402, 40.3113 ], [ -3.9406, 40.3113 ], [ -3.941, 40.3112 ] ] ] } },
{ "type": "Feature", "properties": { "municipio": "Móstoles", "clasificacion": "no-urbanizable-protegido", "calificacion": "sin-asignar", "version": "vigente", "fuente": "SIT-CAM WFS — UsoDelSuelo:VPLA_V_CLASIFICACION (https://idem.comunidad.madrid/geosrvg/ows)", "fecha_dato": "2026-05-12", "ambito": "73775", "_raw_CD_SIGLAS": "SNUP", "_raw_DS_CLASIF_GEN": "Suelo No Urbanizable Protegido", "_raw_DS_CLASIF_DET": "Suelo No Urbanizable Protegido. Borde Parque Regional Río Guadarama", "_raw_DS_DOCU": "PLAN GENERAL", "_raw_DS_LEY": null, "_raw_FC_AC": "2009-01-15", "_raw_NM_AREA_M2": 137753.04909996301, "_cam_code": "092" }, "geometry": { "type": "Polygon", "coordinates": [ [ [ -3.914, 40.3255 ], [ -3.9132, 40.3256 ], [ -3.9125, 40.3259 ], [ -3.9122, 40.3263 ], [ -3.9119, 40.3272 ], [ -3.9121, 40.328 ], [ -3.913, 40.3295 ], [ -3.9125, 40.3303 ], [ -3.9125, 40.3308 ], [ -3.9128, 40.3315 ], [ -3.913, 40.3317 ], [ -3.913, 40.3318 ], [ -3.9145, 40.3337 ], [ -3.9163, 40.3352 ], [ -3.9201, 40.3374 ], [ -3.9214, 40.3386 ], [ -3.9225, 40.3399 ], [ -3.9228, 40.3398 ], [ -3.9227, 40.3398 ], [ -3.9218, 40.3383 ], [ -3.9207, 40.3368 ], [ -3.9186, 40.3359 ], [ -3.914, 40.3327 ], [ -3.913, 40.3318 ], [ -3.913, 40.3317 ], [ -3.9137, 40.3314 ], [ -3.9136, 40.3309 ], [ -3.9137, 40.3303 ], [ -3.914, 40.3302 ], [ -3.914, 40.3301 ], [ -3.9145, 40.33 ], [ -3.9144, 40.3296 ], [ -3.914, 40.3292 ], [ -3.9133, 40.3277 ], [ -3.9131, 40.3275 ], [ -3.9131, 40.327 ], [ -3.9132, 40.327 ], [ -3.9137, 40.326 ], [ -3.9138, 40.326 ], [ -3.914, 40.3255 ] ] ] } },
{ "type": "Feature", "properties": { "municipio": "Móstoles", "clasificacion": "no-urbanizable-protegido", "calificacion": "sin-asignar", "version": "vigente", "fuente": "SIT-CAM WFS — UsoDelSuelo:VPLA_V_CLASIFICACION (https://idem.comunidad.madrid/geosrvg/ows)", "fecha_dato": "2026-05-12", "ambito": "73775", "_raw_CD_SIGLAS": "SNUP", "_raw_DS_CLASIF_GEN": "Suelo No Urbanizable Protegido", "_raw_DS_CLASIF_DET": "Suelo No Urbanizable Protegido. Valor ecológico paisajístico", "_raw_DS_DOCU": "PLAN GENERAL", "_raw_DS_LEY": null, "_raw_FC_AC": "2009-01-15", "_raw_NM_AREA_M2": 422322.13175051397, "_cam_code": "092" }, "geometry": { "type": "Polygon", "coordinates": [ [ [ -3.8979, 40.3318 ], [ -3.9042, 40.3316 ], [ -3.9049, 40.3319 ], [ -3.9052, 40.3322 ], [ -3.9062, 40.3341 ], [ -3.9096, 40.3336 ], [ -3.9081, 40.3309 ], [ -3.9073, 40.3281 ], [ -3.907, 40.3284 ], [ -3.9063, 40.3287 ], [ -3.9059, 40.3287 ], [ -3.9059, 40.3288 ], [ -3.9051, 40.3288 ], [ -3.8963, 40.3298 ], [ -3.8946, 40.3297 ], [ -3.8926, 40.3292 ], [ -3.8923, 40.3299 ], [ -3.8922, 40.3299 ], [ -3.8923, 40.3301 ], [ -3.8922, 40.3309 ], [ -3.8926, 40.3312 ], [ -3.8979, 40.3318 ] ] ] } },
{ "type": "Feature", "properties": { "municipio": "Móstoles", "clasificacion": "no-urbanizable-protegido", "calificacion": "sin-asignar", "version": "vigente", "fuente": "SIT-CAM WFS — UsoDelSuelo:VPLA_V_CLASIFICACION (https://idem.comunidad.madrid/geosrvg/ows)", "fecha_dato": "2026-05-12", "ambito": "73775", "_raw_CD_SIGLAS": "SNUP", "_raw_DS_CLASIF_GEN": "Suelo No Urbanizable Protegido", "_raw_DS_CLASIF_DET": "Suelo No Urbanizable Protegido. Valor ecológico paisajístico", "_raw_DS_DOCU": "PLAN GENERAL", "_raw_DS_LEY": null, "_raw_FC_AC": "2009-01-15", "_raw_NM_AREA_M2": 33317.418425241602, "_cam_code": "092" }, "geometry": { "type": "Polygon", "coordinates": [ [ [ -3.8833, 40.2914 ], [ -3.8812, 40.2923 ], [ -3.8812, 40.2924 ], [ -3.8836, 40.2942 ], [ -3.8845, 40.2937 ], [ -3.8836, 40.2937 ], [ -3.8832, 40.2934 ], [ -3.8831, 40.2928 ], [ -3.8835, 40.2921 ], [ -3.8842, 40.2918 ], [ -3.8844, 40.2914 ], [ -3.8833, 40.2914 ] ] ] } },
{ "type": "Feature", "properties": { "municipio": "Móstoles", "clasificacion": "no-urbanizable-protegido", "calificacion": "sin-asignar", "version": "vigente", "fuente": "SIT-CAM WFS — UsoDelSuelo:VPLA_V_CLASIFICACION (https://idem.comunidad.madrid/geosrvg/ows)", "fecha_dato": "2026-05-12", "ambito": "73775", "_raw_CD_SIGLAS": "SNUP", "_raw_DS_CLASIF_GEN": "Suelo No Urbanizable Protegido", "_raw_DS_CLASIF_DET": "Suelo No Urbanizable Protegido. Valor ecológico paisajístico", "_raw_DS_DOCU": "PLAN GENERAL", "_raw_DS_LEY": null, "_raw_FC_AC": "2009-01-15", "_raw_NM_AREA_M2": 26126.8929624917, "_cam_code": "092" }, "geometry": { "type": "Polygon", "coordinates": [ [ [ -3.9114, 40.3273 ], [ -3.912, 40.33 ], [ -3.9125, 40.3308 ], [ -3.9126, 40.33 ], [ -3.913, 40.3295 ], [ -3.9121, 40.328 ], [ -3.9119, 40.3272 ], [ -3.9122, 40.3264 ], [ -3.9117, 40.3265 ], [ -3.9114, 40.3264 ], [ -3.9114, 40.3273 ] ] ] } },
{ "type": "Feature", "properties": { "municipio": "Móstoles", "clasificacion": "no-urbanizable-protegido", "calificacion": "sin-asignar", "version": "vigente", "fuente": "SIT-CAM WFS — UsoDelSuelo:VPLA_V_CLASIFICACION (https://idem.comunidad.madrid/geosrvg/ows)", "fecha_dato": "2026-05-12", "ambito": "73775", "_raw_CD_SIGLAS": "SNUP", "_raw_DS_CLASIF_GEN": "Suelo No Urbanizable Protegido", "_raw_DS_CLASIF_DET": "Suelo No Urbanizable Protegido. Valor ecológico paisajístico", "_raw_DS_DOCU": "PLAN GENERAL", "_raw_DS_LEY": null, "_raw_FC_AC": "2009-01-15", "_raw_NM_AREA_M2": 48985.942437286198, "_cam_code": "092" }, "geometry": { "type": "Polygon", "coordinates": [ [ [ -3.9125, 40.3225 ], [ -3.9131, 40.3223 ], [ -3.9141, 40.3224 ], [ -3.9143, 40.3221 ], [ -3.9161, 40.3208 ], [ -3.9158, 40.32 ], [ -3.9139, 40.3197 ], [ -3.9137, 40.3204 ], [ -3.913, 40.3218 ], [ -3.9125, 40.3225 ] ] ] } },
{ "type": "Feature", "properties": { "municipio": "Móstoles", "clasificacion": "no-urbanizable-protegido", "calificacion": "sin-asignar", "version": "vigente", "fuente": "SIT-CAM WFS — UsoDelSuelo:VPLA_V_CLASIFICACION (https://idem.comunidad.madrid/geosrvg/ows)", "fecha_dato": "2026-05-12", "ambito": "73775", "_raw_CD_SIGLAS": "SNUP", "_raw_DS_CLASIF_GEN": "Suelo No Urbanizable Protegido", "_raw_DS_CLASIF_DET": "Suelo No Urbanizable Protegido. Valor ecológico paisajístico", "_raw_DS_DOCU": "PLAN GENERAL", "_raw_DS_LEY": null, "_raw_FC_AC": "2009-01-15", "_raw_NM_AREA_M2": 30674.175162518601, "_cam_code": "092" }, "geometry": { "type": "Polygon", "coordinates": [ [ [ -3.8519, 40.3004 ], [ -3.8512, 40.3008 ], [ -3.8505, 40.3018 ], [ -3.849, 40.3033 ], [ -3.8493, 40.3033 ], [ -3.85, 40.3029 ], [ -3.851, 40.3027 ], [ -3.8515, 40.3024 ], [ -3.8516, 40.3018 ], [ -3.8523, 40.3017 ], [ -3.8523, 40.3015 ], [ -3.8526, 40.3014 ], [ -3.8524, 40.3013 ], [ -3.8524, 40.3011 ], [ -3.8519, 40.3004 ] ] ] } },
{ "type": "Feature", "properties": { "municipio": "Móstoles", "clasificacion": "no-urbanizable-protegido", "calificacion": "sin-asignar", "version": "vigente", "fuente": "SIT-CAM WFS — UsoDelSuelo:VPLA_V_CLASIFICACION (https://idem.comunidad.madrid/geosrvg/ows)", "fecha_dato": "2026-05-12", "ambito": "73775", "_raw_CD_SIGLAS": "SNUP", "_raw_DS_CLASIF_GEN": "Suelo No Urbanizable Protegido", "_raw_DS_CLASIF_DET": "Suelo No Urbanizable Protegido. Borde Parque Regional Río Guadarama", "_raw_DS_DOCU": "PLAN GENERAL", "_raw_DS_LEY": null, "_raw_FC_AC": "2009-01-15", "_raw_NM_AREA_M2": 123628.18801265801, "_cam_code": "092" }, "geometry": { "type": "Polygon", "coordinates": [ [ [ -3.9118, 40.3239 ], [ -3.9114, 40.3256 ], [ -3.9119, 40.3252 ], [ -3.9125, 40.3242 ], [ -3.9126, 40.3237 ], [ -3.9129, 40.3234 ], [ -3.9131, 40.3233 ], [ -3.9149, 40.3234 ], [ -3.9151, 40.3232 ], [ -3.9151, 40.3228 ], [ -3.9164, 40.3218 ], [ -3.9174, 40.3214 ], [ -3.9192, 40.3213 ], [ -3.9194, 40.3211 ], [ -3.9195, 40.3208 ], [ -3.9198, 40.3205 ], [ -3.92, 40.3195 ], [ -3.9194, 40.3193 ], [ -3.9179, 40.3192 ], [ -3.9174, 40.3184 ], [ -3.9174, 40.3179 ], [ -3.9181, 40.3178 ], [ -3.9197, 40.3182 ], [ -3.9212, 40.3184 ], [ -3.9213, 40.3182 ], [ -3.9211, 40.3175 ], [ -3.9213, 40.3173 ], [ -3.9218, 40.3174 ], [ -3.9227, 40.318 ], [ -3.9232, 40.3179 ], [ -3.9222, 40.3171 ], [ -3.9215, 40.3169 ], [ -3.9212, 40.3169 ], [ -3.9208, 40.3171 ], [ -3.9206, 40.3174 ], [ -3.9206, 40.3179 ], [ -3.9178, 40.3173 ], [ -3.9173, 40.3174 ], [ -3.9173, 40.3175 ], [ -3.9169, 40.3177 ], [ -3.9168, 40.3181 ], [ -3.9169, 40.3187 ], [ -3.9172, 40.3193 ], [ -3.9175, 40.3196 ], [ -3.9193, 40.3198 ], [ -3.9189, 40.3209 ], [ -3.9179, 40.3209 ], [ -3.9163, 40.3213 ], [ -3.9161, 40.3208 ], [ -3.9143, 40.3221 ], [ -3.9141, 40.3224 ], [ -3.9131, 40.3223 ], [ -3.9125, 40.3225 ], [ -3.9118, 40.3239 ] ] ] } },
{ "type": "Feature", "properties": { "municipio": "Móstoles", "clasificacion": "no-urbanizable-protegido", "calificacion": "sin-asignar", "version": "vigente", "fuente": "SIT-CAM WFS — UsoDelSuelo:VPLA_V_CLASIFICACION (https://idem.comunidad.madrid/geosrvg/ows)", "fecha_dato": "2026-05-12", "ambito": "73775", "_raw_CD_SIGLAS": "SNUP", "_raw_DS_CLASIF_GEN": "Suelo No Urbanizable Protegido", "_raw_DS_CLASIF_DET": "Suelo No Urbanizable Protegido Vías Pecuarias", "_raw_DS_DOCU": "PLAN GENERAL", "_raw_DS_LEY": null, "_raw_FC_AC": "2009-01-15", "_raw_NM_AREA_M2": 35284.044925344198, "_cam_code": "092" }, "geometry": { "type": "Polygon", "coordinates": [ [ [ -3.8888, 40.2939 ], [ -3.8882, 40.2942 ], [ -3.8874, 40.2949 ], [ -3.887, 40.2955 ], [ -3.8867, 40.2963 ], [ -3.8855, 40.2977 ], [ -3.8843, 40.2996 ], [ -3.8822, 40.3012 ], [ -3.8793, 40.304 ], [ -3.8789, 40.3048 ], [ -3.8788, 40.3048 ], [ -3.8783, 40.3064 ], [ -3.8781, 40.3069 ], [ -3.878, 40.3069 ], [ -3.8781, 40.307 ], [ -3.8783, 40.3071 ], [ -3.8792, 40.3046 ], [ -3.8795, 40.3041 ], [ -3.8824, 40.3013 ], [ -3.8835, 40.3005 ], [ -3.8848, 40.2993 ], [ -3.8857, 40.2978 ], [ -3.8868, 40.2966 ], [ -3.8872, 40.2955 ], [ -3.8878, 40.2948 ], [ -3.8888, 40.2941 ], [ -3.8888, 40.2939 ] ] ] } },
{ "type": "Feature", "properties": { "municipio": "Móstoles", "clasificacion": "no-urbanizable-protegido", "calificacion": "sin-asignar", "version": "vigente", "fuente": "SIT-CAM WFS — UsoDelSuelo:VPLA_V_CLASIFICACION (https://idem.comunidad.madrid/geosrvg/ows)", "fecha_dato": "2026-05-12", "ambito": "73775", "_raw_CD_SIGLAS": "SNUP", "_raw_DS_CLASIF_GEN": "Suelo No Urbanizable Protegido", "_raw_DS_CLASIF_DET": "Suelo No Urbanizable Protegido Vías Pecuarias", "_raw_DS_DOCU": "PLAN GENERAL", "_raw_DS_LEY": null, "_raw_FC_AC": "2009-01-15", "_raw_NM_AREA_M2": 311543.08167513198, "_cam_code": "092" }, "geometry": { "type": "Polygon", "coordinates": [ [ [ -3.908, 40.3261 ], [ -3.9083, 40.3264 ], [ -3.9105, 40.326 ], [ -3.912, 40.3261 ], [ -3.9132, 40.3256 ], [ -3.914, 40.3255 ], [ -3.9142, 40.3253 ], [ -3.9158, 40.3247 ], [ -3.9167, 40.3246 ], [ -3.9176, 40.3243 ], [ -3.9178, 40.3241 ], [ -3.9197, 40.3232 ], [ -3.9199, 40.3229 ], [ -3.9199, 40.3226 ], [ -3.9197, 40.3226 ], [ -3.9195, 40.3223 ], [ -3.92, 40.322 ], [ -3.9204, 40.3215 ], [ -3.9204, 40.3213 ], [ -3.9214, 40.3203 ], [ -3.9223, 40.32 ], [ -3.9224, 40.3197 ], [ -3.9227, 40.3197 ], [ -3.9231, 40.3193 ], [ -3.9237, 40.3193 ], [ -3.9239, 40.3187 ], [ -3.9247, 40.3191 ], [ -3.9253, 40.3191 ], [ -3.9262, 40.3183 ], [ -3.9266, 40.3183 ], [ -3.927, 40.3181 ], [ -3.9274, 40.3177 ], [ -3.9274, 40.3175 ], [ -3.9275, 40.3175 ], [ -3.9277, 40.3171 ], [ -3.9279, 40.3162 ], [ -3.928, 40.3161 ], [ -3.9285, 40.3162 ], [ -3.929, 40.3161 ], [ -3.9293, 40.3157 ], [ -3.9298, 40.3154 ], [ -3.9298, 40.3149 ], [ -3.93, 40.3147 ], [ -3.931, 40.3147 ], [ -3.9322, 40.3143 ], [ -3.9328, 40.314 ], [ -3.9336, 40.3132 ], [ -3.9348, 40.3132 ], [ -3.9358, 40.3122 ], [ -3.9379, 40.3113 ], [ -3.9389, 40.3112 ], [ -3.9399, 40.3108 ], [ -3.9402, 40.3105 ], [ -3.9411, 40.3108 ], [ -3.9419, 40.3105 ], [ -3.9423, 40.3105 ], [ -3.9424, 40.3103 ], [ -3.9434, 40.3104 ], [ -3.9444, 40.3102 ], [ -3.9441, 40.3113 ], [ -3.9439, 40.3115 ], [ -3.9437, 40.3132 ], [ -3.9436, 40.3132 ], [ -3.9433, 40.314 ], [ -3.9431, 40.3141 ], [ -3.9429, 40.3145 ], [ -3.9428, 40.3149 ], [ -3.9429, 40.3156 ], [ -3.9424, 40.316 ], [ -3.942, 40.3177 ], [ -3.9424, 40.3191 ], [ -3.9432, 40.3211 ], [ -3.9434, 40.3221 ], [ -3.9447, 40.3237 ], [ -3.945, 40.3233 ], [ -3.9438, 40.322 ], [ -3.9437, 40.3211 ], [ -3.9425, 40.3183 ], [ -3.9424, 40.3177 ], [ -3.9427, 40.3164 ], [ -3.9433, 40.3157 ], [ -3.9434, 40.3144 ], [ -3.9437, 40.3141 ], [ -3.9442, 40.3129 ], [ -3.9442, 40.3122 ], [ -3.9449, 40.3101 ], [ -3.9449, 40.3093 ], [ -3.9446, 40.3087 ], [ -3.944, 40.308 ], [ -3.9432, 40.3073 ], [ -3.9422, 40.3067 ], [ -3.9413, 40.3058 ], [ -3.9409, 40.3048 ], [ -3.9409, 40.3033 ], [ -3.9411, 40.3027 ], [ -3.9411, 40.2995 ], [ -3.9412, 40.2983 ], [ -3.9413, 40.2983 ], [ -3.9413, 40.2972 ], [ -3.9408, 40.2972 ], [ -3.9408, 40.2982 ], [ -3.9407, 40.2983 ], [ -3.9408, 40.2988 ], [ -3.9406, 40.3 ], [ -3.9407, 40.3027 ], [ -3.9405, 40.3032 ], [ -3.9405, 40.305 ], [ -3.9406, 40.3054 ], [ -3.941, 40.3061 ], [ -3.9419, 40.307 ], [ -3.9429, 40.3075 ], [ -3.9442, 40.3088 ], [ -3.9445, 40.3094 ], [ -3.9445, 40.3097 ], [ -3.9438, 40.3099 ], [ -3.9422, 40.3098 ], [ -3.9419, 40.3099 ], [ -3.9418, 40.3101 ], [ -3.9414, 40.3102 ], [ -3.94, 40.3099 ], [ -3.9396, 40.3103 ], [ -3.9386, 40.3107 ], [ -3.9378, 40.3108 ], [ -3.9366, 40.3114 ], [ -3.9357, 40.3115 ], [ -3.9355, 40.3116 ], [ -3.9353, 40.3121 ], [ -3.9345, 40.3128 ], [ -3.9337, 40.3127 ], [ -3.9324, 40.3137 ], [ -3.9308, 40.3144 ], [ -3.9306, 40.3143 ], [ -3.9296, 40.3144 ], [ -3.9293, 40.3148 ], [ -3.9293, 40.3153 ], [ -3.9292, 40.3154 ], [ -3.9288, 40.3155 ], [ -3.9287, 40.3158 ], [ -3.9278, 40.3158 ], [ -3.9273, 40.3164 ], [ -3.9273, 40.3169 ], [ -3.927, 40.3175 ], [ -3.9266, 40.3179 ], [ -3.9259, 40.318 ], [ -3.9256, 40.3182 ], [ -3.9251, 40.3188 ], [ -3.9249, 40.3188 ], [ -3.924, 40.3183 ], [ -3.9229, 40.3181 ], [ -3.923, 40.3182 ], [ -3.923, 40.319 ], [ -3.9221, 40.3194 ], [ -3.9217, 40.3198 ], [ -3.9212, 40.3199 ], [ -3.9202, 40.3209 ], [ -3.9199, 40.3213 ], [ -3.9199, 40.3215 ], [ -3.9191, 40.3221 ], [ -3.9191, 40.3225 ], [ -3.9193, 40.3227 ], [ -3.9193, 40.3229 ], [ -3.9189, 40.3232 ], [ -3.9175, 40.3238 ], [ -3.9171, 40.3241 ], [ -3.9153, 40.3244 ], [ -3.9138, 40.3251 ], [ -3.9127, 40.3254 ], [ -3.9121, 40.3257 ], [ -3.9108, 40.3255 ], [ -3.9095, 40.3256 ], [ -3.9087, 40.3254 ], [ -3.9083, 40.3256 ], [ -3.908, 40.3261 ] ] ] } },
{ "type": "Feature", "properties": { "municipio": "Móstoles", "clasificacion": "no-urbanizable-protegido", "calificacion": "sin-asignar", "version": "vigente", "fuente": "SIT-CAM WFS — UsoDelSuelo:VPLA_V_CLASIFICACION (https://idem.comunidad.madrid/geosrvg/ows)", "fecha_dato": "2026-05-12", "ambito": "73775", "_raw_CD_SIGLAS": "SNUP", "_raw_DS_CLASIF_GEN": "Suelo No Urbanizable Protegido", "_raw_DS_CLASIF_DET": "Suelo No Urbanizable Protegido Vías Pecuarias", "_raw_DS_DOCU": "PLAN GENERAL", "_raw_DS_LEY": null, "_raw_FC_AC": "2009-01-15", "_raw_NM_AREA_M2": 38771.060487499497, "_cam_code": "092" }, "geometry": { "type": "Polygon", "coordinates": [ [ [ -3.9045, 40.3393 ], [ -3.9065, 40.3404 ], [ -3.9067, 40.3406 ], [ -3.9066, 40.3407 ], [ -3.9067, 40.341 ], [ -3.9086, 40.3424 ], [ -3.9091, 40.343 ], [ -3.9101, 40.3434 ], [ -3.9105, 40.3435 ], [ -3.9105, 40.3434 ], [ -3.9107, 40.3434 ], [ -3.9093, 40.3429 ], [ -3.9091, 40.3426 ], [ -3.9069, 40.341 ], [ -3.9068, 40.3405 ], [ -3.9066, 40.3403 ], [ -3.9064, 40.3403 ], [ -3.9064, 40.3402 ], [ -3.9055, 40.3398 ], [ -3.905, 40.3394 ], [ -3.9048, 40.3394 ], [ -3.9048, 40.3393 ], [ -3.903, 40.3385 ], [ -3.9007, 40.3379 ], [ -3.899, 40.3371 ], [ -3.898, 40.3369 ], [ -3.898, 40.3368 ], [ -3.8956, 40.336 ], [ -3.8929, 40.3344 ], [ -3.8929, 40.3343 ], [ -3.8896, 40.3321 ], [ -3.8891, 40.3316 ], [ -3.8889, 40.3317 ], [ -3.8903, 40.3327 ], [ -3.8904, 40.3329 ], [ -3.8907, 40.333 ], [ -3.8929, 40.3346 ], [ -3.8939, 40.3351 ], [ -3.8948, 40.3358 ], [ -3.8966, 40.3364 ], [ -3.8968, 40.3366 ], [ -3.8971, 40.3366 ], [ -3.8976, 40.3369 ], [ -3.8988, 40.3372 ], [ -3.8994, 40.3376 ], [ -3.9006, 40.3381 ], [ -3.9027, 40.3386 ], [ -3.9037, 40.3391 ], [ -3.9045, 40.3393 ] ] ] } },
{ "type": "Feature", "properties": { "municipio": "Móstoles", "clasificacion": "no-urbanizable-protegido", "calificacion": "sin-asignar", "version": "vigente", "fuente": "SIT-CAM WFS — UsoDelSuelo:VPLA_V_CLASIFICACION (https://idem.comunidad.madrid/geosrvg/ows)", "fecha_dato": "2026-05-12", "ambito": "73775", "_raw_CD_SIGLAS": "SNUP", "_raw_DS_CLASIF_GEN": "Suelo No Urbanizable Protegido", "_raw_DS_CLASIF_DET": "Suelo No Urbanizable Protegido. Red de carreteras", "_raw_DS_DOCU": "PLAN GENERAL", "_raw_DS_LEY": null, "_raw_FC_AC": "2009-01-15", "_raw_NM_AREA_M2": 26398.496662589801, "_cam_code": "092" }, "geometry": { "type": "Polygon", "coordinates": [ [ [ -3.8481, 40.326 ], [ -3.8478, 40.3262 ], [ -3.85, 40.3289 ], [ -3.8522, 40.331 ], [ -3.853, 40.332 ], [ -3.853, 40.3317 ], [ -3.8527, 40.331 ], [ -3.8505, 40.3288 ], [ -3.8483, 40.3261 ], [ -3.8481, 40.326 ] ] ] } },
{ "type": "Feature", "properties": { "municipio": "Móstoles", "clasificacion": "no-urbanizable-protegido", "calificacion": "sin-asignar", "version": "vigente", "fuente": "SIT-CAM WFS — UsoDelSuelo:VPLA_V_CLASIFICACION (https://idem.comunidad.madrid/geosrvg/ows)", "fecha_dato": "2026-05-12", "ambito": "73775", "_raw_CD_SIGLAS": "SNUP", "_raw_DS_CLASIF_GEN": "Suelo No Urbanizable Protegido", "_raw_DS_CLASIF_DET": "Suelo No Urbanizable Protegido. Red de carreteras", "_raw_DS_DOCU": "PLAN GENERAL", "_raw_DS_LEY": null, "_raw_FC_AC": "2009-01-15", "_raw_NM_AREA_M2": 8377.15058749727, "_cam_code": "092" }, "geometry": { "type": "Polygon", "coordinates": [ [ [ -3.8438, 40.3056 ], [ -3.844, 40.306 ], [ -3.8444, 40.3059 ], [ -3.8446, 40.306 ], [ -3.8448, 40.3057 ], [ -3.846, 40.3053 ], [ -3.8457, 40.3051 ], [ -3.8454, 40.3051 ], [ -3.8443, 40.3055 ], [ -3.8439, 40.3055 ], [ -3.8438, 40.3056 ] ] ] } },
{ "type": "Feature", "properties": { "municipio": "Móstoles", "clasificacion": "no-urbanizable-protegido", "calificacion": "sin-asignar", "version": "vigente", "fuente": "SIT-CAM WFS — UsoDelSuelo:VPLA_V_CLASIFICACION (https://idem.comunidad.madrid/geosrvg/ows)", "fecha_dato": "2026-05-12", "ambito": "73775", "_raw_CD_SIGLAS": "SNUP", "_raw_DS_CLASIF_GEN": "Suelo No Urbanizable Protegido", "_raw_DS_CLASIF_DET": "Suelo No Urbanizable Protegido. Red de carreteras", "_raw_DS_DOCU": "PLAN GENERAL", "_raw_DS_LEY": null, "_raw_FC_AC": "2009-01-15", "_raw_NM_AREA_M2": 141946.28928757401, "_cam_code": "092" }, "geometry": { "type": "Polygon", "coordinates": [ [ [ -3.8501, 40.2988 ], [ -3.8486, 40.3007 ], [ -3.8467, 40.3027 ], [ -3.8451, 40.3037 ], [ -3.8452, 40.304 ], [ -3.8453, 40.304 ], [ -3.844, 40.3046 ], [ -3.8438, 40.3053 ], [ -3.8446, 40.3051 ], [ -3.8449, 40.3049 ], [ -3.8467, 40.3046 ], [ -3.8468, 40.3044 ], [ -3.8482, 40.3036 ], [ -3.8489, 40.3034 ], [ -3.8505, 40.3018 ], [ -3.8517, 40.3002 ], [ -3.8501, 40.2988 ] ] ] } },
{ "type": "Feature", "properties": { "municipio": "Móstoles", "clasificacion": "no-urbanizable-protegido", "calificacion": "sin-asignar", "version": "vigente", "fuente": "SIT-CAM WFS — UsoDelSuelo:VPLA_V_CLASIFICACION (https://idem.comunidad.madrid/geosrvg/ows)", "fecha_dato": "2026-05-12", "ambito": "73775", "_raw_CD_SIGLAS": "SNUP", "_raw_DS_CLASIF_GEN": "Suelo No Urbanizable Protegido", "_raw_DS_CLASIF_DET": "Suelo No Urbanizable Protegido. Red de carreteras", "_raw_DS_DOCU": "PLAN GENERAL", "_raw_DS_LEY": null, "_raw_FC_AC": "2009-01-15", "_raw_NM_AREA_M2": 283880.463237788, "_cam_code": "092" }, "geometry": { "type": "Polygon", "coordinates": [ [ [ -3.8502, 40.2987 ], [ -3.8518, 40.3001 ], [ -3.8535, 40.298 ], [ -3.8599, 40.2882 ], [ -3.8596, 40.2882 ], [ -3.8596, 40.2881 ], [ -3.8592, 40.288 ], [ -3.8589, 40.2881 ], [ -3.8588, 40.288 ], [ -3.8574, 40.2879 ], [ -3.8527, 40.2952 ], [ -3.8507, 40.298 ], [ -3.8507, 40.2982 ], [ -3.8502, 40.2987 ] ] ] } },
{ "type": "Feature", "properties": { "municipio": "Móstoles", "clasificacion": "no-urbanizable-protegido", "calificacion": "sin-asignar", "version": "vigente", "fuente": "SIT-CAM WFS — UsoDelSuelo:VPLA_V_CLASIFICACION (https://idem.comunidad.madrid/geosrvg/ows)", "fecha_dato": "2026-05-12", "ambito": "73775", "_raw_CD_SIGLAS": "SNUP", "_raw_DS_CLASIF_GEN": "Suelo No Urbanizable Protegido", "_raw_DS_CLASIF_DET": "Suelo No Urbanizable Protegido. Red de carreteras", "_raw_DS_DOCU": "PLAN GENERAL", "_raw_DS_LEY": null, "_raw_FC_AC": "2009-01-15", "_raw_NM_AREA_M2": 779661.81933678896, "_cam_code": "092" }, "geometry": { "type": "Polygon", "coordinates": [ [ [ -3.864, 40.3427 ], [ -3.8612, 40.3441 ], [ -3.8608, 40.3441 ], [ -3.862, 40.3445 ], [ -3.863, 40.3441 ], [ -3.8638, 40.3436 ], [ -3.8666, 40.3425 ], [ -3.8673, 40.3431 ], [ -3.8675, 40.3435 ], [ -3.868, 40.3435 ], [ -3.8682, 40.3434 ], [ -3.8684, 40.3423 ], [ -3.8689, 40.3418 ], [ -3.8739, 40.34 ], [ -3.8752, 40.3394 ], [ -3.876, 40.3392 ], [ -3.8761, 40.339 ], [ -3.8783, 40.3381 ], [ -3.8792, 40.3376 ], [ -3.88, 40.3375 ], [ -3.8804, 40.3373 ], [ -3.881, 40.3367 ], [ -3.8835, 40.3353 ], [ -3.8858, 40.3351 ], [ -3.8857, 40.3351 ], [ -3.8857, 40.3346 ], [ -3.8859, 40.3344 ], [ -3.8863, 40.3343 ], [ -3.8861, 40.3343 ], [ -3.8858, 40.3339 ], [ -3.8859, 40.3338 ], [ -3.8862, 40.3337 ], [ -3.8868, 40.3332 ], [ -3.8869, 40.3333 ], [ -3.8891, 40.3316 ], [ -3.8903, 40.3304 ], [ -3.8912, 40.3297 ], [ -3.8917, 40.329 ], [ -3.8919, 40.329 ], [ -3.8918, 40.3287 ], [ -3.8921, 40.3281 ], [ -3.8931, 40.3268 ], [ -3.8933, 40.3264 ], [ -3.8931, 40.3263 ], [ -3.8945, 40.3239 ], [ -3.8958, 40.3204 ], [ -3.8968, 40.3181 ], [ -3.8976, 40.3166 ], [ -3.8983, 40.316 ], [ -3.8987, 40.3151 ], [ -3.8999, 40.3136 ], [ -3.9003, 40.3127 ], [ -3.9012, 40.3114 ], [ -3.9015, 40.3112 ], [ -3.902, 40.3104 ], [ -3.904, 40.3079 ], [ -3.9051, 40.3071 ], [ -3.9059, 40.3068 ], [ -3.9079, 40.3066 ], [ -3.9081, 40.3063 ], [ -3.9087, 40.3061 ], [ -3.9091, 40.3058 ], [ -3.9093, 40.3053 ], [ -3.9092, 40.3049 ], [ -3.9093, 40.3047 ], [ -3.9102, 40.3044 ], [ -3.9126, 40.304 ], [ -3.9151, 40.3039 ], [ -3.9193, 40.3035 ], [ -3.9203, 40.3035 ], [ -3.9206, 40.3039 ], [ -3.9212, 40.3038 ], [ -3.9216, 40.3041 ], [ -3.9216, 40.304 ], [ -3.9221, 40.3041 ], [ -3.9227, 40.3035 ], [ -3.9231, 40.3033 ], [ -3.927, 40.3026 ], [ -3.9298, 40.3018 ], [ -3.9346, 40.2998 ], [ -3.935, 40.2997 ], [ -3.9368, 40.2997 ], [ -3.9374, 40.2999 ], [ -3.938, 40.2999 ], [ -3.9382, 40.2997 ], [ -3.9382, 40.2994 ], [ -3.9376, 40.2991 ], [ -3.9377, 40.2989 ], [ -3.9408, 40.2987 ], [ -3.9407, 40.2984 ], [ -3.9384, 40.2983 ], [ -3.9376, 40.2979 ], [ -3.9374, 40.2974 ], [ -3.9367, 40.2974 ], [ -3.9352, 40.2981 ], [ -3.935, 40.2983 ], [ -3.9341, 40.2983 ], [ -3.9339, 40.2985 ], [ -3.9338, 40.299 ], [ -3.9334, 40.2988 ], [ -3.933, 40.2989 ], [ -3.933, 40.2992 ], [ -3.9333, 40.2994 ], [ -3.9328, 40.2995 ], [ -3.9327, 40.2993 ], [ -3.9324, 40.2993 ], [ -3.932, 40.3 ], [ -3.9311, 40.3004 ], [ -3.9305, 40.3011 ], [ -3.9293, 40.3012 ], [ -3.9292, 40.301 ], [ -3.9289, 40.301 ], [ -3.9283, 40.3015 ], [ -3.9265, 40.3016 ], [ -3.9256, 40.3019 ], [ -3.9256, 40.302 ], [ -3.9249, 40.3021 ], [ -3.9247, 40.3025 ], [ -3.9244, 40.3025 ], [ -3.9244, 40.3026 ], [ -3.9229, 40.3026 ], [ -3.9229, 40.3025 ], [ -3.9221, 40.3025 ], [ -3.922, 40.3024 ], [ -3.921, 40.3028 ], [ -3.921, 40.3029 ], [ -3.9207, 40.3029 ], [ -3.9207, 40.303 ], [ -3.9181, 40.3031 ], [ -3.9168, 40.3033 ], [ -3.911, 40.3037 ], [ -3.9078, 40.3043 ], [ -3.9063, 40.3043 ], [ -3.906, 40.3041 ], [ -3.9054, 40.3041 ], [ -3.9051, 40.3045 ], [ -3.9053, 40.3048 ], [ -3.9053, 40.3054 ], [ -3.9051, 40.3059 ], [ -3.9029, 40.3081 ], [ -3.9022, 40.3094 ], [ -3.8999, 40.3123 ], [ -3.8983, 40.3148 ], [ -3.8974, 40.3165 ], [ -3.8965, 40.3174 ], [ -3.895, 40.3203 ], [ -3.8948, 40.3212 ], [ -3.8937, 40.3233 ], [ -3.8935, 40.324 ], [ -3.8924, 40.3259 ], [ -3.8924, 40.3261 ], [ -3.8912, 40.3279 ], [ -3.8898, 40.3295 ], [ -3.8898, 40.3298 ], [ -3.8895, 40.3301 ], [ -3.8885, 40.331 ], [ -3.8874, 40.3317 ], [ -3.8873, 40.3319 ], [ -3.8871, 40.3319 ], [ -3.8853, 40.3333 ], [ -3.8845, 40.3335 ], [ -3.8842, 40.334 ], [ -3.8831, 40.3349 ], [ -3.8805, 40.3363 ], [ -3.8795, 40.3366 ], [ -3.8791, 40.337 ], [ -3.8775, 40.3378 ], [ -3.8749, 40.3389 ], [ -3.8749, 40.339 ], [ -3.872, 40.3401 ], [ -3.8697, 40.3409 ], [ -3.8657, 40.3418 ], [ -3.8652, 40.3421 ], [ -3.8649, 40.3421 ], [ -3.864, 40.3427 ] ] ] } },
{ "type": "Feature", "properties": { "municipio": "Móstoles", "clasificacion": "no-urbanizable-protegido", "calificacion": "sin-asignar", "version": "vigente", "fuente": "SIT-CAM WFS — UsoDelSuelo:VPLA_V_CLASIFICACION (https://idem.comunidad.madrid/geosrvg/ows)", "fecha_dato": "2026-05-12", "ambito": "73775", "_raw_CD_SIGLAS": "SNUP", "_raw_DS_CLASIF_GEN": "Suelo No Urbanizable Protegido", "_raw_DS_CLASIF_DET": "Suelo No Urbanizable Protegido. Parque Regional Río Guadarama", "_raw_DS_DOCU": "PLAN GENERAL", "_raw_DS_LEY": null, "_raw_FC_AC": "2009-01-15", "_raw_NM_AREA_M2": 742573.09648784902, "_cam_code": "092" }, "geometry": { "type": "Polygon", "coordinates": [ [ [ -3.9282, 40.2957 ], [ -3.9289, 40.296 ], [ -3.9307, 40.2954 ], [ -3.9334, 40.2943 ], [ -3.9351, 40.2932 ], [ -3.938, 40.2919 ], [ -3.9386, 40.2919 ], [ -3.9401, 40.2925 ], [ -3.9415, 40.2927 ], [ -3.9418, 40.2918 ], [ -3.9421, 40.2917 ], [ -3.9416, 40.2916 ], [ -3.9392, 40.2916 ], [ -3.9378, 40.2912 ], [ -3.9362, 40.2901 ], [ -3.936, 40.2901 ], [ -3.9356, 40.2904 ], [ -3.9349, 40.2911 ], [ -3.934, 40.2911 ], [ -3.9338, 40.2909 ], [ -3.9324, 40.2909 ], [ -3.9319, 40.2911 ], [ -3.9319, 40.2912 ], [ -3.9312, 40.2913 ], [ -3.9304, 40.2916 ], [ -3.9294, 40.2916 ], [ -3.9279, 40.2912 ], [ -3.9269, 40.2912 ], [ -3.9262, 40.2915 ], [ -3.9252, 40.2915 ], [ -3.9233, 40.2903 ], [ -3.9227, 40.2901 ], [ -3.9209, 40.2902 ], [ -3.919, 40.2894 ], [ -3.9179, 40.2894 ], [ -3.9169, 40.2896 ], [ -3.9169, 40.2897 ], [ -3.9165, 40.2898 ], [ -3.9165, 40.2905 ], [ -3.9164, 40.2906 ], [ -3.9164, 40.2921 ], [ -3.9165, 40.2922 ], [ -3.9172, 40.2923 ], [ -3.9189, 40.2921 ], [ -3.9203, 40.293 ], [ -3.9224, 40.2952 ], [ -3.9231, 40.2955 ], [ -3.925, 40.2956 ], [ -3.9258, 40.2954 ], [ -3.926, 40.2956 ], [ -3.9274, 40.2955 ], [ -3.9275, 40.2957 ], [ -3.9282, 40.2957 ] ] ] } },
{ "type": "Feature", "properties": { "municipio": "Móstoles", "clasificacion": "no-urbanizable-protegido", "calificacion": "sin-asignar", "version": "vigente", "fuente": "SIT-CAM WFS — UsoDelSuelo:VPLA_V_CLASIFICACION (https://idem.comunidad.madrid/geosrvg/ows)", "fecha_dato": "2026-05-12", "ambito": "73775", "_raw_CD_SIGLAS": "SNUP", "_raw_DS_CLASIF_GEN": "Suelo No Urbanizable Protegido", "_raw_DS_CLASIF_DET": "Suelo No Urbanizable Protegido. Valor ecológico paisajístico", "_raw_DS_DOCU": "PLAN GENERAL", "_raw_DS_LEY": null, "_raw_FC_AC": "2009-01-15", "_raw_NM_AREA_M2": 39706.963275230897, "_cam_code": "092" }, "geometry": { "type": "Polygon", "coordinates": [ [ [ -3.877, 40.2883 ], [ -3.8749, 40.2891 ], [ -3.8781, 40.2904 ], [ -3.8807, 40.292 ], [ -3.877, 40.2883 ] ] ] } },
{ "type": "Feature", "properties": { "municipio": "Móstoles", "clasificacion": "urbanizable-no-sectorizado", "calificacion": "sin-asignar", "version": "vigente", "fuente": "SIT-CAM WFS — UsoDelSuelo:VPLA_V_CLASIFICACION (https://idem.comunidad.madrid/geosrvg/ows)", "fecha_dato": "2026-05-12", "ambito": "73775", "_raw_CD_SIGLAS": "SUBNS", "_raw_DS_CLASIF_GEN": "Suelo Urbanizable No Sectorizado", "_raw_DS_CLASIF_DET": "Suelo Urbanizable No Sectorizado", "_raw_DS_DOCU": "PLAN GENERAL", "_raw_DS_LEY": null, "_raw_FC_AC": "2009-01-15", "_raw_NM_AREA_M2": 618353.22960009205, "_cam_code": "092" }, "geometry": { "type": "Polygon", "coordinates": [ [ [ -3.897, 40.3194 ], [ -3.8978, 40.3195 ], [ -3.8983, 40.3194 ], [ -3.9015, 40.3183 ], [ -3.9036, 40.3179 ], [ -3.9047, 40.3178 ], [ -3.9081, 40.3179 ], [ -3.9095, 40.3177 ], [ -3.9099, 40.3176 ], [ -3.9099, 40.3172 ], [ -3.909, 40.3152 ], [ -3.9079, 40.3138 ], [ -3.9068, 40.3128 ], [ -3.9052, 40.3117 ], [ -3.9022, 40.3102 ], [ -3.9003, 40.3127 ], [ -3.8999, 40.3136 ], [ -3.8987, 40.3151 ], [ -3.8983, 40.316 ], [ -3.8976, 40.3166 ], [ -3.897, 40.3194 ] ] ] } },
{ "type": "Feature", "properties": { "municipio": "Móstoles", "clasificacion": "urbanizable-no-sectorizado", "calificacion": "sin-asignar", "version": "vigente", "fuente": "SIT-CAM WFS — UsoDelSuelo:VPLA_V_CLASIFICACION (https://idem.comunidad.madrid/geosrvg/ows)", "fecha_dato": "2026-05-12", "ambito": "73775", "_raw_CD_SIGLAS": "SUBNS", "_raw_DS_CLASIF_GEN": "Suelo Urbanizable No Sectorizado", "_raw_DS_CLASIF_DET": "Suelo Urbanizable No Sectorizado", "_raw_DS_DOCU": "PLAN GENERAL", "_raw_DS_LEY": null, "_raw_FC_AC": "2009-01-15", "_raw_NM_AREA_M2": 410070.85087526002, "_cam_code": "092" }, "geometry": { "type": "Polygon", "coordinates": [ [ [ -3.894, 40.3249 ], [ -3.8953, 40.3252 ], [ -3.8953, 40.3251 ], [ -3.9022, 40.325 ], [ -3.9022, 40.3187 ], [ -3.9051, 40.3183 ], [ -3.9099, 40.3191 ], [ -3.91, 40.3179 ], [ -3.9074, 40.3182 ], [ -3.904, 40.3181 ], [ -3.9017, 40.3185 ], [ -3.899, 40.3195 ], [ -3.8981, 40.3197 ], [ -3.8971, 40.3197 ], [ -3.8963, 40.3206 ], [ -3.8953, 40.3221 ], [ -3.8951, 40.3222 ], [ -3.8945, 40.3239 ], [ -3.8941, 40.3245 ], [ -3.894, 40.3249 ] ] ] } },
{ "type": "Feature", "properties": { "municipio": "Móstoles", "clasificacion": "urbanizable-no-sectorizado", "calificacion": "sin-asignar", "version": "vigente", "fuente": "SIT-CAM WFS — UsoDelSuelo:VPLA_V_CLASIFICACION (https://idem.comunidad.madrid/geosrvg/ows)", "fecha_dato": "2026-05-12", "ambito": "73775", "_raw_CD_SIGLAS": "SUBNS_A", "_raw_DS_CLASIF_GEN": "Suelo Urbanizable No Sectorizado (APLAZADO)", "_raw_DS_CLASIF_DET": "Suelo Urbanizable No Sectorizado", "_raw_DS_DOCU": "PLAN GENERAL", "_raw_DS_LEY": null, "_raw_FC_AC": "2009-01-15", "_raw_NM_AREA_M2": 941146.26706269698, "_cam_code": "092" }, "geometry": { "type": "Polygon", "coordinates": [ [ [ -3.8502, 40.2987 ], [ -3.8507, 40.2982 ], [ -3.8507, 40.298 ], [ -3.8527, 40.2952 ], [ -3.8567, 40.2891 ], [ -3.8534, 40.288 ], [ -3.8518, 40.2873 ], [ -3.8516, 40.2878 ], [ -3.8507, 40.2881 ], [ -3.8494, 40.2881 ], [ -3.8464, 40.2876 ], [ -3.8467, 40.2869 ], [ -3.8461, 40.2868 ], [ -3.8459, 40.2866 ], [ -3.8446, 40.2864 ], [ -3.8429, 40.2859 ], [ -3.8411, 40.2857 ], [ -3.8413, 40.2865 ], [ -3.8425, 40.2882 ], [ -3.8427, 40.2892 ], [ -3.8434, 40.2905 ], [ -3.8442, 40.2928 ], [ -3.8448, 40.2937 ], [ -3.8466, 40.2955 ], [ -3.848, 40.2973 ], [ -3.8494, 40.298 ], [ -3.8502, 40.2987 ] ] ] } },
{ "type": "Feature", "properties": { "municipio": "Móstoles", "clasificacion": "urbanizable-no-sectorizado", "calificacion": "sin-asignar", "version": "vigente", "fuente": "SIT-CAM WFS — UsoDelSuelo:VPLA_V_CLASIFICACION (https://idem.comunidad.madrid/geosrvg/ows)", "fecha_dato": "2026-05-12", "ambito": "73775", "_raw_CD_SIGLAS": "SUBNS_A", "_raw_DS_CLASIF_GEN": "Suelo Urbanizable No Sectorizado (APLAZADO)", "_raw_DS_CLASIF_DET": "Suelo Urbanizable No Sectorizado", "_raw_DS_DOCU": "PLAN GENERAL", "_raw_DS_LEY": null, "_raw_FC_AC": "2009-01-15", "_raw_NM_AREA_M2": 874400.61219999695, "_cam_code": "092" }, "geometry": { "type": "Polygon", "coordinates": [ [ [ -3.9096, 40.3336 ], [ -3.9058, 40.3341 ], [ -3.9056, 40.3344 ], [ -3.8999, 40.3353 ], [ -3.8982, 40.3361 ], [ -3.8975, 40.3367 ], [ -3.899, 40.3371 ], [ -3.9007, 40.3379 ], [ -3.903, 40.3385 ], [ -3.9048, 40.3393 ], [ -3.9048, 40.3394 ], [ -3.905, 40.3394 ], [ -3.9055, 40.3398 ], [ -3.9064, 40.3402 ], [ -3.9064, 40.3403 ], [ -3.9066, 40.3403 ], [ -3.9068, 40.3405 ], [ -3.9069, 40.341 ], [ -3.9091, 40.3426 ], [ -3.9093, 40.3429 ], [ -3.9107, 40.3434 ], [ -3.9135, 40.3428 ], [ -3.9172, 40.3397 ], [ -3.9166, 40.3393 ], [ -3.9162, 40.3392 ], [ -3.9135, 40.3375 ], [ -3.9112, 40.3356 ], [ -3.9096, 40.3336 ] ] ] } },
{ "type": "Feature", "properties": { "municipio": "Móstoles", "clasificacion": "urbanizable-no-sectorizado", "calificacion": "sin-asignar", "version": "vigente", "fuente": "SIT-CAM WFS — UsoDelSuelo:VPLA_V_CLASIFICACION (https://idem.comunidad.madrid/geosrvg/ows)", "fecha_dato": "2026-05-12", "ambito": "73775", "_raw_CD_SIGLAS": "SUBNS_A", "_raw_DS_CLASIF_GEN": "Suelo Urbanizable No Sectorizado (APLAZADO)", "_raw_DS_CLASIF_DET": "Suelo Urbanizable No Sectorizado", "_raw_DS_DOCU": "PLAN GENERAL", "_raw_DS_LEY": null, "_raw_FC_AC": "2009-01-15", "_raw_NM_AREA_M2": 299919.04807506502, "_cam_code": "092" }, "geometry": { "type": "Polygon", "coordinates": [ [ [ -3.9016, 40.3447 ], [ -3.9023, 40.3457 ], [ -3.9057, 40.3444 ], [ -3.9057, 40.3445 ], [ -3.91, 40.3435 ], [ -3.9105, 40.3435 ], [ -3.9091, 40.343 ], [ -3.9086, 40.3424 ], [ -3.9068, 40.3411 ], [ -3.9066, 40.3407 ], [ -3.9041, 40.3409 ], [ -3.9022, 40.3414 ], [ -3.9016, 40.3414 ], [ -3.9002, 40.3418 ], [ -3.9002, 40.3417 ], [ -3.8996, 40.3422 ], [ -3.8989, 40.3424 ], [ -3.8989, 40.3426 ], [ -3.8999, 40.3438 ], [ -3.9006, 40.345 ], [ -3.9016, 40.3447 ] ] ] } },
{ "type": "Feature", "properties": { "municipio": "Móstoles", "clasificacion": "urbanizable-no-sectorizado", "calificacion": "sin-asignar", "version": "vigente", "fuente": "SIT-CAM WFS — UsoDelSuelo:VPLA_V_CLASIFICACION (https://idem.comunidad.madrid/geosrvg/ows)", "fecha_dato": "2026-05-12", "ambito": "73775", "_raw_CD_SIGLAS": "SUBNS_A", "_raw_DS_CLASIF_GEN": "Suelo Urbanizable No Sectorizado (APLAZADO)", "_raw_DS_CLASIF_DET": "Suelo Urbanizable No Sectorizado", "_raw_DS_DOCU": "PLAN GENERAL", "_raw_DS_LEY": null, "_raw_FC_AC": "2009-01-15", "_raw_NM_AREA_M2": 283993.26588735299, "_cam_code": "092" }, "geometry": { "type": "Polygon", "coordinates": [ [ [ -3.8979, 40.3417 ], [ -3.8987, 40.342 ], [ -3.8989, 40.3423 ], [ -3.8993, 40.3422 ], [ -3.8996, 40.3421 ], [ -3.8997, 40.3419 ], [ -3.8999, 40.3419 ], [ -3.9002, 40.3415 ], [ -3.9012, 40.3413 ], [ -3.9007, 40.3406 ], [ -3.9, 40.3406 ], [ -3.8999, 40.3402 ], [ -3.9027, 40.3398 ], [ -3.9027, 40.3397 ], [ -3.904, 40.3394 ], [ -3.9042, 40.3396 ], [ -3.9046, 40.3395 ], [ -3.9044, 40.3393 ], [ -3.9037, 40.3391 ], [ -3.9027, 40.3386 ], [ -3.9006, 40.3381 ], [ -3.8994, 40.3376 ], [ -3.8988, 40.3372 ], [ -3.8976, 40.3369 ], [ -3.8973, 40.3369 ], [ -3.8956, 40.3377 ], [ -3.893, 40.3383 ], [ -3.8926, 40.3385 ], [ -3.8927, 40.3387 ], [ -3.8937, 40.3393 ], [ -3.8955, 40.3407 ], [ -3.897, 40.3414 ], [ -3.8975, 40.3418 ], [ -3.8979, 40.3417 ] ] ] } },
{ "type": "Feature", "properties": { "municipio": "Móstoles", "clasificacion": "urbanizable-no-sectorizado", "calificacion": "sin-asignar", "version": "vigente", "fuente": "SIT-CAM WFS — UsoDelSuelo:VPLA_V_CLASIFICACION (https://idem.comunidad.madrid/geosrvg/ows)", "fecha_dato": "2026-05-12", "ambito": "73775", "_raw_CD_SIGLAS": "SUBNS_A", "_raw_DS_CLASIF_GEN": "Suelo Urbanizable No Sectorizado (APLAZADO)", "_raw_DS_CLASIF_DET": "Suelo Urbanizable No Sectorizado", "_raw_DS_DOCU": "PLAN GENERAL", "_raw_DS_LEY": null, "_raw_FC_AC": "2009-01-15", "_raw_NM_AREA_M2": 385501.04818739102, "_cam_code": "092" }, "geometry": { "type": "Polygon", "coordinates": [ [ [ -3.8443, 40.3028 ], [ -3.8448, 40.3032 ], [ -3.8451, 40.3037 ], [ -3.8463, 40.303 ], [ -3.8486, 40.3007 ], [ -3.8501, 40.2988 ], [ -3.85, 40.2986 ], [ -3.849, 40.2979 ], [ -3.8481, 40.2975 ], [ -3.8475, 40.2969 ], [ -3.8465, 40.2956 ], [ -3.8446, 40.2938 ], [ -3.844, 40.2928 ], [ -3.8437, 40.292 ], [ -3.8428, 40.2942 ], [ -3.843, 40.2953 ], [ -3.8437, 40.297 ], [ -3.8436, 40.3009 ], [ -3.8438, 40.3027 ], [ -3.8443, 40.3028 ] ] ] } },
{ "type": "Feature", "properties": { "municipio": "Móstoles", "clasificacion": "urbanizable-no-sectorizado", "calificacion": "sin-asignar", "version": "vigente", "fuente": "SIT-CAM WFS — UsoDelSuelo:VPLA_V_CLASIFICACION (https://idem.comunidad.madrid/geosrvg/ows)", "fecha_dato": "2026-05-12", "ambito": "73775", "_raw_CD_SIGLAS": "SUBNS_A", "_raw_DS_CLASIF_GEN": "Suelo Urbanizable No Sectorizado (APLAZADO)", "_raw_DS_CLASIF_DET": "Suelo Urbanizable No Sectorizado", "_raw_DS_DOCU": "PLAN GENERAL", "_raw_DS_LEY": null, "_raw_FC_AC": "2009-01-15", "_raw_NM_AREA_M2": 1053.2689999566601, "_cam_code": "092" }, "geometry": { "type": "Polygon", "coordinates": [ [ [ -3.8517, 40.3002 ], [ -3.8514, 40.3006 ], [ -3.8513, 40.3008 ], [ -3.8512, 40.3008 ], [ -3.8514, 40.3007 ], [ -3.8516, 40.3006 ], [ -3.8519, 40.3004 ], [ -3.8517, 40.3002 ] ] ] } },
{ "type": "Feature", "properties": { "municipio": "Móstoles", "clasificacion": "urbanizable-no-sectorizado", "calificacion": "sin-asignar", "version": "vigente", "fuente": "SIT-CAM WFS — UsoDelSuelo:VPLA_V_CLASIFICACION (https://idem.comunidad.madrid/geosrvg/ows)", "fecha_dato": "2026-05-12", "ambito": "73775", "_raw_CD_SIGLAS": "SUBNS_A", "_raw_DS_CLASIF_GEN": "Suelo Urbanizable No Sectorizado (APLAZADO)", "_raw_DS_CLASIF_DET": "Suelo Urbanizable No Sectorizado", "_raw_DS_DOCU": "PLAN GENERAL", "_raw_DS_LEY": null, "_raw_FC_AC": "2009-01-15", "_raw_NM_AREA_M2": 1079739.7472502301, "_cam_code": "092" }, "geometry": { "type": "Polygon", "coordinates": [ [ [ -3.859, 40.2895 ], [ -3.8535, 40.298 ], [ -3.8518, 40.3001 ], [ -3.852, 40.3004 ], [ -3.8526, 40.2998 ], [ -3.8539, 40.2995 ], [ -3.8543, 40.2992 ], [ -3.8566, 40.2985 ], [ -3.8575, 40.2975 ], [ -3.8585, 40.2971 ], [ -3.8598, 40.297 ], [ -3.8604, 40.2968 ], [ -3.8609, 40.2963 ], [ -3.8617, 40.2962 ], [ -3.8631, 40.2964 ], [ -3.8638, 40.2962 ], [ -3.8645, 40.2962 ], [ -3.8654, 40.2957 ], [ -3.866, 40.2956 ], [ -3.8676, 40.2946 ], [ -3.8686, 40.2948 ], [ -3.8704, 40.2948 ], [ -3.8703, 40.2943 ], [ -3.8706, 40.2945 ], [ -3.8709, 40.2944 ], [ -3.871, 40.2946 ], [ -3.8718, 40.2944 ], [ -3.8722, 40.2946 ], [ -3.8734, 40.2945 ], [ -3.8742, 40.2941 ], [ -3.8751, 40.2939 ], [ -3.8759, 40.2939 ], [ -3.8764, 40.2941 ], [ -3.8773, 40.2938 ], [ -3.8754, 40.2928 ], [ -3.8747, 40.291 ], [ -3.8717, 40.2901 ], [ -3.8687, 40.2898 ], [ -3.8626, 40.2899 ], [ -3.8597, 40.2897 ], [ -3.859, 40.2895 ] ] ] } },
{ "type": "Feature", "properties": { "municipio": "Móstoles", "clasificacion": "urbanizable-sectorizado", "calificacion": "sin-asignar", "version": "vigente", "fuente": "SIT-CAM WFS — UsoDelSuelo:VPLA_V_CLASIFICACION (https://idem.comunidad.madrid/geosrvg/ows)", "fecha_dato": "2026-05-12", "ambito": "73775", "_raw_CD_SIGLAS": "SUBS", "_raw_DS_CLASIF_GEN": "Suelo Urbanizable Sectorizado", "_raw_DS_CLASIF_DET": "Suelo Urbanizable Sectorizado", "_raw_DS_DOCU": "PLAN GENERAL", "_raw_DS_LEY": null, "_raw_FC_AC": "2009-01-15", "_raw_NM_AREA_M2": 76224.114624944094, "_cam_code": "092" }, "geometry": { "type": "Polygon", "coordinates": [ [ [ -3.9164, 40.3174 ], [ -3.9162, 40.3178 ], [ -3.9162, 40.3183 ], [ -3.9165, 40.3191 ], [ -3.9171, 40.32 ], [ -3.9186, 40.3202 ], [ -3.9181, 40.3205 ], [ -3.9172, 40.3205 ], [ -3.9161, 40.3208 ], [ -3.9163, 40.3213 ], [ -3.9179, 40.3209 ], [ -3.9189, 40.3209 ], [ -3.9193, 40.3198 ], [ -3.9175, 40.3196 ], [ -3.9172, 40.3193 ], [ -3.9169, 40.3187 ], [ -3.9168, 40.3181 ], [ -3.9169, 40.3177 ], [ -3.9173, 40.3175 ], [ -3.9173, 40.3174 ], [ -3.9178, 40.3173 ], [ -3.9206, 40.3179 ], [ -3.9206, 40.3174 ], [ -3.9208, 40.3171 ], [ -3.9212, 40.3169 ], [ -3.9215, 40.3169 ], [ -3.9222, 40.3171 ], [ -3.9232, 40.3179 ], [ -3.9241, 40.3177 ], [ -3.9242, 40.3177 ], [ -3.925, 40.3177 ], [ -3.9252, 40.3177 ], [ -3.9246, 40.3175 ], [ -3.9241, 40.3175 ], [ -3.9238, 40.3173 ], [ -3.9234, 40.3173 ], [ -3.9224, 40.3166 ], [ -3.9215, 40.3164 ], [ -3.9203, 40.3167 ], [ -3.92, 40.3173 ], [ -3.918, 40.3169 ], [ -3.9174, 40.3169 ], [ -3.9164, 40.3174 ] ] ] } },
{ "type": "Feature", "properties": { "municipio": "Móstoles", "clasificacion": "urbanizable-sectorizado", "calificacion": "sin-asignar", "version": "vigente", "fuente": "SIT-CAM WFS — UsoDelSuelo:VPLA_V_CLASIFICACION (https://idem.comunidad.madrid/geosrvg/ows)", "fecha_dato": "2026-05-12", "ambito": "73775", "_raw_CD_SIGLAS": "SUBS", "_raw_DS_CLASIF_GEN": "Suelo Urbanizable Sectorizado", "_raw_DS_CLASIF_DET": "Suelo Urbanizable Sectorizado", "_raw_DS_DOCU": "PLAN GENERAL", "_raw_DS_LEY": null, "_raw_FC_AC": "2009-01-15", "_raw_NM_AREA_M2": 1350908.8383879999, "_cam_code": "092" }, "geometry": { "type": "Polygon", "coordinates": [ [ [ -3.8737, 40.3056 ], [ -3.8743, 40.3056 ], [ -3.8758, 40.3059 ], [ -3.8758, 40.306 ], [ -3.8761, 40.306 ], [ -3.8761, 40.3061 ], [ -3.8781, 40.3069 ], [ -3.8788, 40.3048 ], [ -3.8789, 40.3048 ], [ -3.8793, 40.304 ], [ -3.8822, 40.3012 ], [ -3.8843, 40.2996 ], [ -3.8846, 40.2992 ], [ -3.8826, 40.2983 ], [ -3.8802, 40.2976 ], [ -3.8772, 40.297 ], [ -3.8743, 40.2968 ], [ -3.8714, 40.2969 ], [ -3.8677, 40.2977 ], [ -3.863, 40.299 ], [ -3.8535, 40.3032 ], [ -3.8547, 40.3046 ], [ -3.855, 40.3046 ], [ -3.8638, 40.2996 ], [ -3.865, 40.3012 ], [ -3.8654, 40.3016 ], [ -3.8659, 40.3018 ], [ -3.8659, 40.3023 ], [ -3.8677, 40.3045 ], [ -3.8724, 40.305 ], [ -3.8727, 40.3049 ], [ -3.8738, 40.305 ], [ -3.8739, 40.3051 ], [ -3.8734, 40.3056 ], [ -3.8737, 40.3056 ] ] ] } },
{ "type": "Feature", "properties": { "municipio": "Móstoles", "clasificacion": "urbanizable-sectorizado", "calificacion": "sin-asignar", "version": "vigente", "fuente": "SIT-CAM WFS — UsoDelSuelo:VPLA_V_CLASIFICACION (https://idem.comunidad.madrid/geosrvg/ows)", "fecha_dato": "2026-05-12", "ambito": "73775", "_raw_CD_SIGLAS": "SUBS", "_raw_DS_CLASIF_GEN": "Suelo Urbanizable Sectorizado", "_raw_DS_CLASIF_DET": "Suelo Urbanizable Sectorizado", "_raw_DS_DOCU": "PLAN GENERAL", "_raw_DS_LEY": null, "_raw_FC_AC": "2009-01-15", "_raw_NM_AREA_M2": 127661.37256254, "_cam_code": "092" }, "geometry": { "type": "Polygon", "coordinates": [ [ [ -3.8518, 40.3036 ], [ -3.8516, 40.3038 ], [ -3.8516, 40.304 ], [ -3.8511, 40.3044 ], [ -3.8491, 40.3055 ], [ -3.847, 40.3063 ], [ -3.847, 40.3064 ], [ -3.8475, 40.3068 ], [ -3.8478, 40.3073 ], [ -3.8481, 40.3073 ], [ -3.8481, 40.3074 ], [ -3.8501, 40.3071 ], [ -3.8517, 40.3064 ], [ -3.8546, 40.3047 ], [ -3.8538, 40.3039 ], [ -3.8534, 40.3032 ], [ -3.8526, 40.3036 ], [ -3.8525, 40.3035 ], [ -3.8518, 40.3036 ] ] ] } },
{ "type": "Feature", "properties": { "municipio": "Móstoles", "clasificacion": "urbanizable-sectorizado", "calificacion": "sin-asignar", "version": "vigente", "fuente": "SIT-CAM WFS — UsoDelSuelo:VPLA_V_CLASIFICACION (https://idem.comunidad.madrid/geosrvg/ows)", "fecha_dato": "2026-05-12", "ambito": "73775", "_raw_CD_SIGLAS": "SUBS", "_raw_DS_CLASIF_GEN": "Suelo Urbanizable Sectorizado", "_raw_DS_CLASIF_DET": "Suelo Urbanizable Sectorizado", "_raw_DS_DOCU": "PLAN GENERAL", "_raw_DS_LEY": null, "_raw_FC_AC": "2009-01-15", "_raw_NM_AREA_M2": 534520.718125441, "_cam_code": "092" }, "geometry": { "type": "Polygon", "coordinates": [ [ [ -3.9008, 40.3056 ], [ -3.9037, 40.3072 ], [ -3.9051, 40.3059 ], [ -3.9053, 40.3054 ], [ -3.9053, 40.3048 ], [ -3.9051, 40.3045 ], [ -3.9054, 40.3041 ], [ -3.906, 40.3041 ], [ -3.9063, 40.3043 ], [ -3.9078, 40.3043 ], [ -3.911, 40.3037 ], [ -3.9168, 40.3033 ], [ -3.9181, 40.3031 ], [ -3.9207, 40.303 ], [ -3.9207, 40.3029 ], [ -3.9198, 40.3028 ], [ -3.9198, 40.3027 ], [ -3.919, 40.3028 ], [ -3.919, 40.3027 ], [ -3.9184, 40.3026 ], [ -3.9183, 40.3022 ], [ -3.918, 40.3019 ], [ -3.918, 40.3012 ], [ -3.9176, 40.3008 ], [ -3.9175, 40.3004 ], [ -3.9172, 40.3001 ], [ -3.9169, 40.3 ], [ -3.9166, 40.2996 ], [ -3.9162, 40.2995 ], [ -3.9157, 40.2988 ], [ -3.9153, 40.2987 ], [ -3.9154, 40.2982 ], [ -3.9156, 40.2979 ], [ -3.9154, 40.2979 ], [ -3.9134, 40.2988 ], [ -3.9079, 40.3008 ], [ -3.9076, 40.3016 ], [ -3.9072, 40.3021 ], [ -3.9059, 40.3031 ], [ -3.9053, 40.3038 ], [ -3.9049, 40.304 ], [ -3.9024, 40.3048 ], [ -3.9019, 40.3048 ], [ -3.9011, 40.3045 ], [ -3.8993, 40.3046 ], [ -3.9008, 40.3056 ] ] ] } },
{ "type": "Feature", "properties": { "municipio": "Móstoles", "clasificacion": "urbanizable-sectorizado", "calificacion": "sin-asignar", "version": "vigente", "fuente": "SIT-CAM WFS — UsoDelSuelo:VPLA_V_CLASIFICACION (https://idem.comunidad.madrid/geosrvg/ows)", "fecha_dato": "2026-05-12", "ambito": "73775", "_raw_CD_SIGLAS": "SUBS", "_raw_DS_CLASIF_GEN": "Suelo Urbanizable Sectorizado", "_raw_DS_CLASIF_DET": "Suelo Urbanizable Sectorizado", "_raw_DS_DOCU": "PLAN GENERAL", "_raw_DS_LEY": null, "_raw_FC_AC": "2009-01-15", "_raw_NM_AREA_M2": 1446712.64438818, "_cam_code": "092" }, "geometry": { "type": "Polygon", "coordinates": [ [ [ -3.8961, 40.3197 ], [ -3.8951, 40.3222 ], [ -3.8953, 40.3221 ], [ -3.8963, 40.3206 ], [ -3.8971, 40.3197 ], [ -3.8981, 40.3197 ], [ -3.899, 40.3195 ], [ -3.9017, 40.3185 ], [ -3.904, 40.3181 ], [ -3.9074, 40.3182 ], [ -3.91, 40.3179 ], [ -3.9112, 40.3176 ], [ -3.9127, 40.317 ], [ -3.9139, 40.3163 ], [ -3.9141, 40.3172 ], [ -3.9141, 40.3189 ], [ -3.9139, 40.3197 ], [ -3.9158, 40.32 ], [ -3.9161, 40.3208 ], [ -3.9162, 40.3208 ], [ -3.9172, 40.3205 ], [ -3.9181, 40.3205 ], [ -3.9186, 40.3202 ], [ -3.9171, 40.32 ], [ -3.9165, 40.3191 ], [ -3.9162, 40.3183 ], [ -3.9162, 40.3178 ], [ -3.9164, 40.3174 ], [ -3.9169, 40.3171 ], [ -3.9174, 40.3169 ], [ -3.918, 40.3169 ], [ -3.92, 40.3173 ], [ -3.9203, 40.3167 ], [ -3.9215, 40.3164 ], [ -3.9224, 40.3166 ], [ -3.9234, 40.3173 ], [ -3.9238, 40.3173 ], [ -3.9238, 40.3172 ], [ -3.9234, 40.3171 ], [ -3.923, 40.3167 ], [ -3.9227, 40.3166 ], [ -3.922, 40.3157 ], [ -3.9215, 40.3154 ], [ -3.921, 40.3148 ], [ -3.9207, 40.3134 ], [ -3.9207, 40.3126 ], [ -3.9209, 40.3123 ], [ -3.9209, 40.312 ], [ -3.9208, 40.312 ], [ -3.9207, 40.3116 ], [ -3.9206, 40.3116 ], [ -3.9205, 40.3105 ], [ -3.9201, 40.3096 ], [ -3.9194, 40.3089 ], [ -3.9192, 40.3083 ], [ -3.9192, 40.308 ], [ -3.9195, 40.3078 ], [ -3.9195, 40.3076 ], [ -3.9193, 40.3074 ], [ -3.9196, 40.3072 ], [ -3.9197, 40.3066 ], [ -3.9207, 40.3045 ], [ -3.9206, 40.3039 ], [ -3.9203, 40.3035 ], [ -3.9193, 40.3035 ], [ -3.9151, 40.3039 ], [ -3.9126, 40.304 ], [ -3.9102, 40.3044 ], [ -3.9093, 40.3047 ], [ -3.9092, 40.3048 ], [ -3.9093, 40.3053 ], [ -3.9091, 40.3058 ], [ -3.9087, 40.3061 ], [ -3.9081, 40.3063 ], [ -3.9079, 40.3066 ], [ -3.9059, 40.3068 ], [ -3.9051, 40.3071 ], [ -3.9045, 40.3076 ], [ -3.9084, 40.3096 ], [ -3.9098, 40.3106 ], [ -3.9116, 40.3123 ], [ -3.913, 40.3143 ], [ -3.9138, 40.316 ], [ -3.9129, 40.3166 ], [ -3.9113, 40.3173 ], [ -3.9089, 40.3178 ], [ -3.9081, 40.3179 ], [ -3.9047, 40.3178 ], [ -3.9015, 40.3183 ], [ -3.8978, 40.3195 ], [ -3.897, 40.3194 ], [ -3.8976, 40.3166 ], [ -3.8961, 40.3197 ] ] ] } },
{ "type": "Feature", "properties": { "municipio": "Móstoles", "clasificacion": "urbanizable-sectorizado", "calificacion": "sin-asignar", "version": "vigente", "fuente": "SIT-CAM WFS — UsoDelSuelo:VPLA_V_CLASIFICACION (https://idem.comunidad.madrid/geosrvg/ows)", "fecha_dato": "2026-05-12", "ambito": "73775", "_raw_CD_SIGLAS": "SUBS", "_raw_DS_CLASIF_GEN": "Suelo Urbanizable Sectorizado", "_raw_DS_CLASIF_DET": "Suelo Urbanizable Sectorizado", "_raw_DS_DOCU": "PLAN GENERAL", "_raw_DS_LEY": null, "_raw_FC_AC": "2009-01-15", "_raw_NM_AREA_M2": 3444174.5471699899, "_cam_code": "092" }, "geometry": { "type": "Polygon", "coordinates": [ [ [ -3.8856, 40.3257 ], [ -3.8857, 40.326 ], [ -3.8859, 40.326 ], [ -3.8859, 40.3261 ], [ -3.8865, 40.326 ], [ -3.8866, 40.3257 ], [ -3.8924, 40.326 ], [ -3.8935, 40.324 ], [ -3.8937, 40.3233 ], [ -3.8948, 40.3212 ], [ -3.895, 40.3203 ], [ -3.8965, 40.3174 ], [ -3.8974, 40.3165 ], [ -3.8983, 40.3148 ], [ -3.8999, 40.3123 ], [ -3.9026, 40.3088 ], [ -3.8992, 40.307 ], [ -3.8951, 40.3044 ], [ -3.8925, 40.3025 ], [ -3.892, 40.3036 ], [ -3.8913, 40.3041 ], [ -3.8876, 40.3012 ], [ -3.8848, 40.2993 ], [ -3.8835, 40.3005 ], [ -3.8824, 40.3013 ], [ -3.8795, 40.3041 ], [ -3.8792, 40.3046 ], [ -3.8783, 40.3071 ], [ -3.88, 40.3086 ], [ -3.8815, 40.3111 ], [ -3.8816, 40.3115 ], [ -3.8811, 40.3117 ], [ -3.881, 40.3119 ], [ -3.8818, 40.3138 ], [ -3.8817, 40.3144 ], [ -3.8826, 40.3149 ], [ -3.8828, 40.3148 ], [ -3.8831, 40.3151 ], [ -3.8828, 40.3152 ], [ -3.8792, 40.3177 ], [ -3.8804, 40.3189 ], [ -3.8815, 40.3194 ], [ -3.8822, 40.3201 ], [ -3.8823, 40.32 ], [ -3.8843, 40.3221 ], [ -3.885, 40.3233 ], [ -3.8855, 40.3238 ], [ -3.8852, 40.3238 ], [ -3.8858, 40.3254 ], [ -3.8856, 40.3257 ] ], [ [ -3.8908, 40.3133 ], [ -3.8894, 40.312 ], [ -3.8893, 40.3118 ], [ -3.8906, 40.3114 ], [ -3.891, 40.3119 ], [ -3.8919, 40.3126 ], [ -3.8908, 40.3133 ] ], [ [ -3.8954, 40.3129 ], [ -3.895, 40.3111 ], [ -3.895, 40.311 ], [ -3.8951, 40.3111 ], [ -3.8954, 40.3111 ], [ -3.8954, 40.311 ], [ -3.895, 40.3095 ], [ -3.8949, 40.3095 ], [ -3.8966, 40.3085 ], [ -3.8969, 40.3092 ], [ -3.8973, 40.3112 ], [ -3.8968, 40.3111 ], [ -3.8956, 40.3111 ], [ -3.8956, 40.3112 ], [ -3.8958, 40.3117 ], [ -3.8975, 40.3118 ], [ -3.8973, 40.313 ], [ -3.8972, 40.3131 ], [ -3.8954, 40.3129 ] ] ] } },
{ "type": "Feature", "properties": { "municipio": "Móstoles", "clasificacion": "urbanizable-sectorizado", "calificacion": "sin-asignar", "version": "vigente", "fuente": "SIT-CAM WFS — UsoDelSuelo:VPLA_V_CLASIFICACION (https://idem.comunidad.madrid/geosrvg/ows)", "fecha_dato": "2026-05-12", "ambito": "73775", "_raw_CD_SIGLAS": "SUBS", "_raw_DS_CLASIF_GEN": "Suelo Urbanizable Sectorizado", "_raw_DS_CLASIF_DET": "Suelo Urbanizable Sectorizado", "_raw_DS_DOCU": "PLAN GENERAL", "_raw_DS_LEY": null, "_raw_FC_AC": "2009-01-15", "_raw_NM_AREA_M2": 119094.235874926, "_cam_code": "092" }, "geometry": { "type": "Polygon", "coordinates": [ [ [ -3.889, 40.3346 ], [ -3.8906, 40.3358 ], [ -3.8906, 40.3362 ], [ -3.8904, 40.3363 ], [ -3.8905, 40.3364 ], [ -3.8924, 40.336 ], [ -3.892, 40.3349 ], [ -3.893, 40.3346 ], [ -3.8907, 40.333 ], [ -3.8904, 40.3329 ], [ -3.8903, 40.3327 ], [ -3.8889, 40.3317 ], [ -3.8869, 40.3333 ], [ -3.8876, 40.3338 ], [ -3.8877, 40.334 ], [ -3.8881, 40.3342 ], [ -3.8886, 40.3348 ], [ -3.889, 40.3346 ] ] ] } },
{ "type": "Feature", "properties": { "municipio": "Móstoles", "clasificacion": "urbanizable-sectorizado", "calificacion": "sin-asignar", "version": "vigente", "fuente": "SIT-CAM WFS — UsoDelSuelo:VPLA_V_CLASIFICACION (https://idem.comunidad.madrid/geosrvg/ows)", "fecha_dato": "2026-05-12", "ambito": "73775", "_raw_CD_SIGLAS": "SUBS", "_raw_DS_CLASIF_GEN": "Suelo Urbanizable Sectorizado", "_raw_DS_CLASIF_DET": "Suelo Urbanizable Sectorizado", "_raw_DS_DOCU": "PLAN GENERAL", "_raw_DS_LEY": null, "_raw_FC_AC": "2009-01-15", "_raw_NM_AREA_M2": 457422.48266273102, "_cam_code": "092" }, "geometry": { "type": "Polygon", "coordinates": [ [ [ -3.8934, 40.3347 ], [ -3.8956, 40.336 ], [ -3.8975, 40.3367 ], [ -3.8982, 40.3361 ], [ -3.8999, 40.3353 ], [ -3.9056, 40.3344 ], [ -3.9058, 40.3341 ], [ -3.9062, 40.3341 ], [ -3.9062, 40.334 ], [ -3.9052, 40.3322 ], [ -3.9049, 40.3319 ], [ -3.9042, 40.3316 ], [ -3.8979, 40.3318 ], [ -3.8926, 40.3312 ], [ -3.8922, 40.3309 ], [ -3.8922, 40.3304 ], [ -3.8923, 40.3304 ], [ -3.8922, 40.3299 ], [ -3.8923, 40.3299 ], [ -3.8926, 40.3292 ], [ -3.8917, 40.329 ], [ -3.8912, 40.3297 ], [ -3.8903, 40.3304 ], [ -3.8891, 40.3317 ], [ -3.8929, 40.3343 ], [ -3.8929, 40.3344 ], [ -3.893, 40.3344 ], [ -3.8931, 40.3339 ], [ -3.8931, 40.3334 ], [ -3.8936, 40.3335 ], [ -3.8934, 40.3347 ] ], [ [ -3.8963, 40.3344 ], [ -3.8962, 40.3353 ], [ -3.8954, 40.3356 ], [ -3.8959, 40.3334 ], [ -3.8959, 40.332 ], [ -3.8978, 40.3322 ], [ -3.8978, 40.333 ], [ -3.8971, 40.3333 ], [ -3.8969, 40.3339 ], [ -3.8969, 40.3344 ], [ -3.8963, 40.3344 ] ], [ [ -3.9021, 40.3332 ], [ -3.9012, 40.3334 ], [ -3.9012, 40.3333 ], [ -3.9014, 40.3329 ], [ -3.9014, 40.3326 ], [ -3.9015, 40.3326 ], [ -3.9015, 40.3323 ], [ -3.9016, 40.3323 ], [ -3.9018, 40.3318 ], [ -3.9031, 40.3322 ], [ -3.9032, 40.3326 ], [ -3.9043, 40.333 ], [ -3.9042, 40.3333 ], [ -3.9049, 40.3335 ], [ -3.9049, 40.3336 ], [ -3.9044, 40.3342 ], [ -3.9042, 40.3342 ], [ -3.9021, 40.3332 ] ] ] } },
{ "type": "Feature", "properties": { "municipio": "Móstoles", "clasificacion": "urbanizable-sectorizado", "calificacion": "sin-asignar", "version": "vigente", "fuente": "SIT-CAM WFS — UsoDelSuelo:VPLA_V_CLASIFICACION (https://idem.comunidad.madrid/geosrvg/ows)", "fecha_dato": "2026-05-12", "ambito": "73775", "_raw_CD_SIGLAS": "SUBS", "_raw_DS_CLASIF_GEN": "Suelo Urbanizable Sectorizado", "_raw_DS_CLASIF_DET": "Suelo Urbanizable Sectorizado", "_raw_DS_DOCU": "PLAN GENERAL", "_raw_DS_LEY": null, "_raw_FC_AC": "2009-01-15", "_raw_NM_AREA_M2": 90459.9481876153, "_cam_code": "092" }, "geometry": { "type": "Polygon", "coordinates": [ [ [ -3.8723, 40.3479 ], [ -3.872, 40.3493 ], [ -3.8734, 40.349 ], [ -3.8773, 40.3476 ], [ -3.873, 40.3457 ], [ -3.8723, 40.3479 ] ] ] } },
{ "type": "Feature", "properties": { "municipio": "Móstoles", "clasificacion": "urbanizable-sectorizado", "calificacion": "sin-asignar", "version": "vigente", "fuente": "SIT-CAM WFS — UsoDelSuelo:VPLA_V_CLASIFICACION (https://idem.comunidad.madrid/geosrvg/ows)", "fecha_dato": "2026-05-12", "ambito": "73775", "_raw_CD_SIGLAS": "SUBS", "_raw_DS_CLASIF_GEN": "Suelo Urbanizable Sectorizado", "_raw_DS_CLASIF_DET": "Suelo Urbanizable Sectorizado", "_raw_DS_DOCU": "PLAN GENERAL", "_raw_DS_LEY": null, "_raw_FC_AC": "2009-01-15", "_raw_NM_AREA_M2": 1961178.1687624501, "_cam_code": "092" }, "geometry": { "type": "Polygon", "coordinates": [ [ [ -3.8885, 40.3504 ], [ -3.8891, 40.3515 ], [ -3.8896, 40.3513 ], [ -3.8893, 40.3503 ], [ -3.8904, 40.3498 ], [ -3.8911, 40.3508 ], [ -3.8914, 40.3506 ], [ -3.8965, 40.3489 ], [ -3.8987, 40.3495 ], [ -3.9003, 40.3487 ], [ -3.9003, 40.3486 ], [ -3.9019, 40.3476 ], [ -3.9014, 40.3465 ], [ -3.9003, 40.3451 ], [ -3.9006, 40.345 ], [ -3.9006, 40.3449 ], [ -3.8999, 40.3438 ], [ -3.8989, 40.3426 ], [ -3.8989, 40.3424 ], [ -3.899, 40.3424 ], [ -3.8987, 40.342 ], [ -3.898, 40.3417 ], [ -3.8975, 40.3418 ], [ -3.897, 40.3414 ], [ -3.8955, 40.3407 ], [ -3.8926, 40.3386 ], [ -3.893, 40.3383 ], [ -3.8956, 40.3377 ], [ -3.8973, 40.3369 ], [ -3.8976, 40.3369 ], [ -3.8971, 40.3366 ], [ -3.8957, 40.3371 ], [ -3.8953, 40.3366 ], [ -3.8953, 40.3364 ], [ -3.8947, 40.3366 ], [ -3.8946, 40.3363 ], [ -3.894, 40.3365 ], [ -3.894, 40.3363 ], [ -3.8939, 40.3363 ], [ -3.8914, 40.3369 ], [ -3.8905, 40.3375 ], [ -3.8914, 40.3382 ], [ -3.8912, 40.3385 ], [ -3.8885, 40.339 ], [ -3.8868, 40.3391 ], [ -3.8836, 40.3402 ], [ -3.8835, 40.3403 ], [ -3.8837, 40.3404 ], [ -3.8819, 40.3413 ], [ -3.882, 40.3414 ], [ -3.8819, 40.3418 ], [ -3.8814, 40.342 ], [ -3.8807, 40.3419 ], [ -3.8737, 40.3455 ], [ -3.8738, 40.3458 ], [ -3.8745, 40.346 ], [ -3.8776, 40.3474 ], [ -3.8779, 40.3473 ], [ -3.8786, 40.3475 ], [ -3.8792, 40.3475 ], [ -3.8815, 40.3479 ], [ -3.8858, 40.349 ], [ -3.8885, 40.3504 ] ], [ [ -3.898, 40.3423 ], [ -3.8989, 40.3429 ], [ -3.8999, 40.3443 ], [ -3.8989, 40.3448 ], [ -3.8977, 40.3452 ], [ -3.8959, 40.3428 ], [ -3.898, 40.3423 ] ] ] } },
{ "type": "Feature", "properties": { "municipio": "Móstoles", "clasificacion": "urbanizable-sectorizado", "calificacion": "sin-asignar", "version": "vigente", "fuente": "SIT-CAM WFS — UsoDelSuelo:VPLA_V_CLASIFICACION (https://idem.comunidad.madrid/geosrvg/ows)", "fecha_dato": "2026-05-12", "ambito": "73775", "_raw_CD_SIGLAS": "SUBS", "_raw_DS_CLASIF_GEN": "Suelo Urbanizable Sectorizado", "_raw_DS_CLASIF_DET": "Suelo Urbanizable Sectorizado", "_raw_DS_DOCU": "PLAN GENERAL", "_raw_DS_LEY": null, "_raw_FC_AC": "2009-01-15", "_raw_NM_AREA_M2": 41591.980200277001, "_cam_code": "092" }, "geometry": { "type": "Polygon", "coordinates": [ [ [ -3.9157, 40.2973 ], [ -3.908, 40.3002 ], [ -3.9079, 40.3008 ], [ -3.9156, 40.2979 ], [ -3.9157, 40.2973 ] ] ] } },
{ "type": "Feature", "properties": { "municipio": "Móstoles", "clasificacion": "urbano-consolidado", "calificacion": "sin-asignar", "version": "vigente", "fuente": "SIT-CAM WFS — UsoDelSuelo:VPLA_V_CLASIFICACION (https://idem.comunidad.madrid/geosrvg/ows)", "fecha_dato": "2026-05-12", "ambito": "73775", "_raw_CD_SIGLAS": "SUC", "_raw_DS_CLASIF_GEN": "Suelo Urbano Consolidado", "_raw_DS_CLASIF_DET": "Suelo Urbano Consolidado", "_raw_DS_DOCU": "PLAN GENERAL", "_raw_DS_LEY": null, "_raw_FC_AC": "2009-01-15", "_raw_NM_AREA_M2": 22159.622874943601, "_cam_code": "092" }, "geometry": { "type": "Polygon", "coordinates": [ [ [ -3.8906, 40.3114 ], [ -3.8893, 40.3118 ], [ -3.8908, 40.3133 ], [ -3.8919, 40.3126 ], [ -3.891, 40.3119 ], [ -3.8906, 40.3114 ] ] ] } },
{ "type": "Feature", "properties": { "municipio": "Móstoles", "clasificacion": "urbano-consolidado", "calificacion": "sin-asignar", "version": "vigente", "fuente": "SIT-CAM WFS — UsoDelSuelo:VPLA_V_CLASIFICACION (https://idem.comunidad.madrid/geosrvg/ows)", "fecha_dato": "2026-05-12", "ambito": "73775", "_raw_CD_SIGLAS": "SUC", "_raw_DS_CLASIF_GEN": "Suelo Urbano Consolidado", "_raw_DS_CLASIF_DET": "Suelo Urbano Consolidado", "_raw_DS_DOCU": "PLAN GENERAL", "_raw_DS_LEY": null, "_raw_FC_AC": "2009-01-15", "_raw_NM_AREA_M2": 75790.472200027594, "_cam_code": "092" }, "geometry": { "type": "Polygon", "coordinates": [ [ [ -3.9, 40.3418 ], [ -3.8997, 40.3419 ], [ -3.8996, 40.3421 ], [ -3.8989, 40.3423 ], [ -3.899, 40.3424 ], [ -3.8994, 40.3423 ], [ -3.9002, 40.3417 ], [ -3.9002, 40.3418 ], [ -3.9016, 40.3414 ], [ -3.9022, 40.3414 ], [ -3.9041, 40.3409 ], [ -3.906, 40.3408 ], [ -3.9067, 40.3407 ], [ -3.9067, 40.3406 ], [ -3.9044, 40.3393 ], [ -3.9046, 40.3395 ], [ -3.9042, 40.3396 ], [ -3.904, 40.3394 ], [ -3.9027, 40.3397 ], [ -3.9027, 40.3398 ], [ -3.8999, 40.3402 ], [ -3.9, 40.3406 ], [ -3.9007, 40.3406 ], [ -3.9012, 40.3413 ], [ -3.9002, 40.3415 ], [ -3.9, 40.3418 ] ] ] } },
{ "type": "Feature", "properties": { "municipio": "Móstoles", "clasificacion": "urbano-consolidado", "calificacion": "sin-asignar", "version": "vigente", "fuente": "SIT-CAM WFS — UsoDelSuelo:VPLA_V_CLASIFICACION (https://idem.comunidad.madrid/geosrvg/ows)", "fecha_dato": "2026-05-12", "ambito": "73775", "_raw_CD_SIGLAS": "SUC", "_raw_DS_CLASIF_GEN": "Suelo Urbano Consolidado", "_raw_DS_CLASIF_DET": "Suelo Urbano Consolidado", "_raw_DS_DOCU": "PLAN GENERAL", "_raw_DS_LEY": null, "_raw_FC_AC": "2009-01-15", "_raw_NM_AREA_M2": 58264.839574946403, "_cam_code": "092" }, "geometry": { "type": "Polygon", "coordinates": [ [ [ -3.898, 40.3423 ], [ -3.8959, 40.3428 ], [ -3.8977, 40.3452 ], [ -3.8989, 40.3448 ], [ -3.8999, 40.3443 ], [ -3.8989, 40.3429 ], [ -3.898, 40.3423 ] ] ] } },
{ "type": "Feature", "properties": { "municipio": "Móstoles", "clasificacion": "urbano-consolidado", "calificacion": "sin-asignar", "version": "vigente", "fuente": "SIT-CAM WFS — UsoDelSuelo:VPLA_V_CLASIFICACION (https://idem.comunidad.madrid/geosrvg/ows)", "fecha_dato": "2026-05-12", "ambito": "73775", "_raw_CD_SIGLAS": "SUC", "_raw_DS_CLASIF_GEN": "Suelo Urbano Consolidado", "_raw_DS_CLASIF_DET": "Suelo Urbano Consolidado", "_raw_DS_DOCU": "PLAN GENERAL", "_raw_DS_LEY": null, "_raw_FC_AC": "2009-01-15", "_raw_NM_AREA_M2": 57745.827687479003, "_cam_code": "092" }, "geometry": { "type": "Polygon", "coordinates": [ [ [ -3.9003, 40.3451 ], [ -3.9014, 40.3465 ], [ -3.9019, 40.3476 ], [ -3.902, 40.3476 ], [ -3.902, 40.3475 ], [ -3.9034, 40.3467 ], [ -3.9057, 40.3444 ], [ -3.9023, 40.3457 ], [ -3.9016, 40.3447 ], [ -3.9004, 40.345 ], [ -3.9003, 40.3451 ] ] ] } },
{ "type": "Feature", "properties": { "municipio": "Móstoles", "clasificacion": "urbano-consolidado", "calificacion": "sin-asignar", "version": "vigente", "fuente": "SIT-CAM WFS — UsoDelSuelo:VPLA_V_CLASIFICACION (https://idem.comunidad.madrid/geosrvg/ows)", "fecha_dato": "2026-05-12", "ambito": "73775", "_raw_CD_SIGLAS": "SUC", "_raw_DS_CLASIF_GEN": "Suelo Urbano Consolidado", "_raw_DS_CLASIF_DET": "Suelo Urbano Consolidado", "_raw_DS_DOCU": "PLAN GENERAL", "_raw_DS_LEY": null, "_raw_FC_AC": "2009-01-15", "_raw_NM_AREA_M2": 13572.871850158501, "_cam_code": "092" }, "geometry": { "type": "Polygon", "coordinates": [ [ [ -3.8904, 40.3498 ], [ -3.8893, 40.3503 ], [ -3.8896, 40.3513 ], [ -3.8911, 40.3508 ], [ -3.8904, 40.3498 ] ] ] } },
{ "type": "Feature", "properties": { "municipio": "Móstoles", "clasificacion": "urbano-consolidado", "calificacion": "sin-asignar", "version": "vigente", "fuente": "SIT-CAM WFS — UsoDelSuelo:VPLA_V_CLASIFICACION (https://idem.comunidad.madrid/geosrvg/ows)", "fecha_dato": "2026-05-12", "ambito": "73775", "_raw_CD_SIGLAS": "SUC", "_raw_DS_CLASIF_GEN": "Suelo Urbano Consolidado", "_raw_DS_CLASIF_DET": "Suelo Urbano Consolidado", "_raw_DS_DOCU": "PLAN GENERAL", "_raw_DS_LEY": null, "_raw_FC_AC": "2009-01-15", "_raw_NM_AREA_M2": 714039.36336202, "_cam_code": "092" }, "geometry": { "type": "Polygon", "coordinates": [ [ [ -3.8725, 40.3529 ], [ -3.873, 40.3529 ], [ -3.8745, 40.3533 ], [ -3.8798, 40.3536 ], [ -3.8809, 40.3539 ], [ -3.8811, 40.3541 ], [ -3.8867, 40.3524 ], [ -3.887, 40.3522 ], [ -3.8891, 40.3515 ], [ -3.8885, 40.3504 ], [ -3.8858, 40.349 ], [ -3.8815, 40.3479 ], [ -3.8792, 40.3475 ], [ -3.8786, 40.3475 ], [ -3.8779, 40.3473 ], [ -3.8767, 40.3479 ], [ -3.8753, 40.3484 ], [ -3.8719, 40.3494 ], [ -3.8717, 40.3516 ], [ -3.8712, 40.3532 ], [ -3.8716, 40.3532 ], [ -3.8722, 40.353 ], [ -3.8722, 40.3529 ], [ -3.8725, 40.3529 ] ], [ [ -3.8857, 40.3498 ], [ -3.8865, 40.3504 ], [ -3.8836, 40.3519 ], [ -3.8834, 40.3519 ], [ -3.8834, 40.352 ], [ -3.8824, 40.352 ], [ -3.8829, 40.3512 ], [ -3.8857, 40.3498 ] ] ] } },
{ "type": "Feature", "properties": { "municipio": "Móstoles", "clasificacion": "urbano-consolidado", "calificacion": "sin-asignar", "version": "vigente", "fuente": "SIT-CAM WFS — UsoDelSuelo:VPLA_V_CLASIFICACION (https://idem.comunidad.madrid/geosrvg/ows)", "fecha_dato": "2026-05-12", "ambito": "73775", "_raw_CD_SIGLAS": "SUC", "_raw_DS_CLASIF_GEN": "Suelo Urbano Consolidado", "_raw_DS_CLASIF_DET": "Suelo Urbano Consolidado", "_raw_DS_DOCU": "PLAN GENERAL", "_raw_DS_LEY": null, "_raw_FC_AC": "2009-01-15", "_raw_NM_AREA_M2": 2141.8613250591602, "_cam_code": "092" }, "geometry": { "type": "Polygon", "coordinates": [ [ [ -3.8674, 40.3532 ], [ -3.8676, 40.3536 ], [ -3.8687, 40.3535 ], [ -3.8674, 40.3532 ] ] ] } },
{ "type": "Feature", "properties": { "municipio": "Móstoles", "clasificacion": "urbano-consolidado", "calificacion": "sin-asignar", "version": "vigente", "fuente": "SIT-CAM WFS — UsoDelSuelo:VPLA_V_CLASIFICACION (https://idem.comunidad.madrid/geosrvg/ows)", "fecha_dato": "2026-05-12", "ambito": "73775", "_raw_CD_SIGLAS": "SUC", "_raw_DS_CLASIF_GEN": "Suelo Urbano Consolidado", "_raw_DS_CLASIF_DET": "Suelo Urbano Consolidado", "_raw_DS_DOCU": "PLAN GENERAL", "_raw_DS_LEY": null, "_raw_FC_AC": "2009-01-15", "_raw_NM_AREA_M2": 14992.211550038999, "_cam_code": "092" }, "geometry": { "type": "Polygon", "coordinates": [ [ [ -3.8438, 40.3027 ], [ -3.844, 40.3038 ], [ -3.844, 40.3046 ], [ -3.8453, 40.304 ], [ -3.8452, 40.304 ], [ -3.8446, 40.303 ], [ -3.8443, 40.3028 ], [ -3.8438, 40.3027 ] ] ] } },
{ "type": "Feature", "properties": { "municipio": "Móstoles", "clasificacion": "urbano-consolidado", "calificacion": "sin-asignar", "version": "vigente", "fuente": "SIT-CAM WFS — UsoDelSuelo:VPLA_V_CLASIFICACION (https://idem.comunidad.madrid/geosrvg/ows)", "fecha_dato": "2026-05-12", "ambito": "73775", "_raw_CD_SIGLAS": "SUC", "_raw_DS_CLASIF_GEN": "Suelo Urbano Consolidado", "_raw_DS_CLASIF_DET": "Suelo Urbano Consolidado", "_raw_DS_DOCU": "PLAN GENERAL", "_raw_DS_LEY": null, "_raw_FC_AC": "2009-01-15", "_raw_NM_AREA_M2": 81521.032787547403, "_cam_code": "092" }, "geometry": { "type": "Polygon", "coordinates": [ [ [ -3.8818, 40.3226 ], [ -3.8783, 40.3237 ], [ -3.8791, 40.3244 ], [ -3.8791, 40.3253 ], [ -3.88, 40.3255 ], [ -3.8826, 40.3256 ], [ -3.8824, 40.3241 ], [ -3.882, 40.323 ], [ -3.8818, 40.3226 ] ] ] } },
{ "type": "Feature", "properties": { "municipio": "Móstoles", "clasificacion": "urbano-consolidado", "calificacion": "sin-asignar", "version": "vigente", "fuente": "SIT-CAM WFS — UsoDelSuelo:VPLA_V_CLASIFICACION (https://idem.comunidad.madrid/geosrvg/ows)", "fecha_dato": "2026-05-12", "ambito": "73775", "_raw_CD_SIGLAS": "SUC", "_raw_DS_CLASIF_GEN": "Suelo Urbano Consolidado", "_raw_DS_CLASIF_DET": "Suelo Urbano Consolidado", "_raw_DS_DOCU": "PLAN GENERAL", "_raw_DS_LEY": null, "_raw_FC_AC": "2009-01-15", "_raw_NM_AREA_M2": 210608.83073743599, "_cam_code": "092" }, "geometry": { "type": "Polygon", "coordinates": [ [ [ -3.8689, 40.3438 ], [ -3.8729, 40.3456 ], [ -3.8729, 40.3453 ], [ -3.873, 40.3453 ], [ -3.8739, 40.3432 ], [ -3.8752, 40.3394 ], [ -3.8739, 40.34 ], [ -3.8687, 40.3419 ], [ -3.8684, 40.3423 ], [ -3.8682, 40.3434 ], [ -3.868, 40.3435 ], [ -3.8673, 40.3434 ], [ -3.8675, 40.3439 ], [ -3.8679, 40.3441 ], [ -3.8685, 40.3441 ], [ -3.8689, 40.3438 ] ] ] } },
{ "type": "Feature", "properties": { "municipio": "Móstoles", "clasificacion": "urbano-consolidado", "calificacion": "sin-asignar", "version": "vigente", "fuente": "SIT-CAM WFS — UsoDelSuelo:VPLA_V_CLASIFICACION (https://idem.comunidad.madrid/geosrvg/ows)", "fecha_dato": "2026-05-12", "ambito": "73775", "_raw_CD_SIGLAS": "SUC", "_raw_DS_CLASIF_GEN": "Suelo Urbano Consolidado", "_raw_DS_CLASIF_DET": "Suelo Urbano Consolidado", "_raw_DS_DOCU": "PLAN GENERAL", "_raw_DS_LEY": null, "_raw_FC_AC": "2009-01-15", "_raw_NM_AREA_M2": 833992.36595001398, "_cam_code": "092" }, "geometry": { "type": "Polygon", "coordinates": [ [ [ -3.8746, 40.342 ], [ -3.873, 40.3457 ], [ -3.8773, 40.3476 ], [ -3.8776, 40.3474 ], [ -3.8745, 40.346 ], [ -3.8738, 40.3458 ], [ -3.8737, 40.3455 ], [ -3.8807, 40.3419 ], [ -3.8814, 40.342 ], [ -3.8819, 40.3418 ], [ -3.8819, 40.3416 ], [ -3.882, 40.3416 ], [ -3.8819, 40.3413 ], [ -3.8837, 40.3404 ], [ -3.8835, 40.3403 ], [ -3.8836, 40.3402 ], [ -3.8868, 40.3391 ], [ -3.8885, 40.339 ], [ -3.8912, 40.3385 ], [ -3.8914, 40.3382 ], [ -3.8905, 40.3375 ], [ -3.8914, 40.3369 ], [ -3.8939, 40.3363 ], [ -3.894, 40.3363 ], [ -3.894, 40.3365 ], [ -3.8946, 40.3363 ], [ -3.8947, 40.3366 ], [ -3.8953, 40.3364 ], [ -3.8953, 40.3366 ], [ -3.8957, 40.3371 ], [ -3.8971, 40.3366 ], [ -3.8968, 40.3366 ], [ -3.8966, 40.3364 ], [ -3.8948, 40.3358 ], [ -3.8942, 40.3353 ], [ -3.893, 40.3346 ], [ -3.892, 40.3349 ], [ -3.8924, 40.336 ], [ -3.8905, 40.3364 ], [ -3.8904, 40.3363 ], [ -3.8906, 40.3362 ], [ -3.8906, 40.3358 ], [ -3.889, 40.3346 ], [ -3.8886, 40.3348 ], [ -3.8881, 40.3342 ], [ -3.8877, 40.334 ], [ -3.8876, 40.3338 ], [ -3.8868, 40.3332 ], [ -3.8858, 40.3339 ], [ -3.8861, 40.3343 ], [ -3.8862, 40.3343 ], [ -3.8863, 40.3343 ], [ -3.8859, 40.3344 ], [ -3.8857, 40.3346 ], [ -3.8857, 40.3351 ], [ -3.8858, 40.3351 ], [ -3.8835, 40.3353 ], [ -3.881, 40.3367 ], [ -3.8802, 40.3374 ], [ -3.8792, 40.3376 ], [ -3.8783, 40.3381 ], [ -3.8761, 40.339 ], [ -3.876, 40.3392 ], [ -3.8755, 40.3393 ], [ -3.8746, 40.342 ] ] ] } },
{ "type": "Feature", "properties": { "municipio": "Móstoles", "clasificacion": "urbano-consolidado", "calificacion": "sin-asignar", "version": "vigente", "fuente": "SIT-CAM WFS — UsoDelSuelo:VPLA_V_CLASIFICACION (https://idem.comunidad.madrid/geosrvg/ows)", "fecha_dato": "2026-05-12", "ambito": "73775", "_raw_CD_SIGLAS": "SUC", "_raw_DS_CLASIF_GEN": "Suelo Urbano Consolidado", "_raw_DS_CLASIF_DET": "Suelo Urbano Consolidado", "_raw_DS_DOCU": "PLAN GENERAL", "_raw_DS_LEY": null, "_raw_FC_AC": "2009-01-15", "_raw_NM_AREA_M2": 298934.68992508698, "_cam_code": "092" }, "geometry": { "type": "Polygon", "coordinates": [ [ [ -3.8692, 40.3527 ], [ -3.8697, 40.3527 ], [ -3.8697, 40.3525 ], [ -3.8712, 40.3524 ], [ -3.8713, 40.3523 ], [ -3.8718, 40.3492 ], [ -3.8705, 40.349 ], [ -3.8699, 40.3488 ], [ -3.8699, 40.3487 ], [ -3.8706, 40.3473 ], [ -3.8721, 40.348 ], [ -3.8724, 40.3468 ], [ -3.871, 40.3461 ], [ -3.8705, 40.3466 ], [ -3.8694, 40.3462 ], [ -3.8698, 40.3455 ], [ -3.8688, 40.3448 ], [ -3.8667, 40.3437 ], [ -3.8669, 40.3432 ], [ -3.8667, 40.343 ], [ -3.8652, 40.3433 ], [ -3.8651, 40.3437 ], [ -3.8648, 40.344 ], [ -3.8643, 40.3441 ], [ -3.8677, 40.3461 ], [ -3.8674, 40.3463 ], [ -3.8683, 40.3468 ], [ -3.8681, 40.3473 ], [ -3.8681, 40.3477 ], [ -3.868, 40.3478 ], [ -3.8676, 40.3476 ], [ -3.8672, 40.352 ], [ -3.8674, 40.3522 ], [ -3.8686, 40.3522 ], [ -3.8687, 40.3527 ], [ -3.8692, 40.3526 ], [ -3.8692, 40.3527 ] ] ] } },
{ "type": "Feature", "properties": { "municipio": "Móstoles", "clasificacion": "urbano-consolidado", "calificacion": "sin-asignar", "version": "vigente", "fuente": "SIT-CAM WFS — UsoDelSuelo:VPLA_V_CLASIFICACION (https://idem.comunidad.madrid/geosrvg/ows)", "fecha_dato": "2026-05-12", "ambito": "73775", "_raw_CD_SIGLAS": "SUC", "_raw_DS_CLASIF_GEN": "Suelo Urbano Consolidado", "_raw_DS_CLASIF_DET": "Suelo Urbano Consolidado", "_raw_DS_DOCU": "PLAN GENERAL", "_raw_DS_LEY": null, "_raw_FC_AC": "2009-01-15", "_raw_NM_AREA_M2": 8899.4842749647196, "_cam_code": "092" }, "geometry": { "type": "Polygon", "coordinates": [ [ [ -3.8666, 40.3425 ], [ -3.8632, 40.3439 ], [ -3.863, 40.3441 ], [ -3.862, 40.3445 ], [ -3.8623, 40.3446 ], [ -3.8623, 40.3445 ], [ -3.8632, 40.344 ], [ -3.8638, 40.3439 ], [ -3.8645, 40.3434 ], [ -3.8656, 40.343 ], [ -3.8668, 40.3429 ], [ -3.8671, 40.3433 ], [ -3.8673, 40.3433 ], [ -3.8675, 40.3435 ], [ -3.8673, 40.3431 ], [ -3.8666, 40.3425 ] ] ] } },
{ "type": "Feature", "properties": { "municipio": "Móstoles", "clasificacion": "urbano-consolidado", "calificacion": "sin-asignar", "version": "vigente", "fuente": "SIT-CAM WFS — UsoDelSuelo:VPLA_V_CLASIFICACION (https://idem.comunidad.madrid/geosrvg/ows)", "fecha_dato": "2026-05-12", "ambito": "73775", "_raw_CD_SIGLAS": "SUC", "_raw_DS_CLASIF_GEN": "Suelo Urbano Consolidado", "_raw_DS_CLASIF_DET": "Suelo Urbano Consolidado", "_raw_DS_DOCU": "PLAN GENERAL", "_raw_DS_LEY": null, "_raw_FC_AC": "2009-01-15", "_raw_NM_AREA_M2": 11406044.2994557, "_cam_code": "092" }, "geometry": { "type": "Polygon", "coordinates": [ [ [ -3.8599, 40.3405 ], [ -3.8597, 40.3409 ], [ -3.8592, 40.3411 ], [ -3.8587, 40.3415 ], [ -3.8592, 40.3435 ], [ -3.8598, 40.3438 ], [ -3.8608, 40.3441 ], [ -3.8612, 40.3441 ], [ -3.864, 40.3427 ], [ -3.8649, 40.3421 ], [ -3.8652, 40.3421 ], [ -3.8657, 40.3418 ], [ -3.8697, 40.3409 ], [ -3.8749, 40.339 ], [ -3.8749, 40.3389 ], [ -3.8758, 40.3386 ], [ -3.8791, 40.337 ], [ -3.8795, 40.3366 ], [ -3.8805, 40.3363 ], [ -3.8831, 40.3349 ], [ -3.8842, 40.334 ], [ -3.8845, 40.3335 ], [ -3.8853, 40.3333 ], [ -3.8871, 40.3319 ], [ -3.8873, 40.3319 ], [ -3.8874, 40.3317 ], [ -3.8885, 40.331 ], [ -3.8898, 40.3298 ], [ -3.8898, 40.3295 ], [ -3.8912, 40.3279 ], [ -3.8924, 40.3261 ], [ -3.8924, 40.326 ], [ -3.8894, 40.3259 ], [ -3.8878, 40.3257 ], [ -3.8866, 40.3257 ], [ -3.8865, 40.326 ], [ -3.8863, 40.326 ], [ -3.8863, 40.3261 ], [ -3.8857, 40.326 ], [ -3.8856, 40.3256 ], [ -3.8858, 40.3254 ], [ -3.8852, 40.3238 ], [ -3.8855, 40.3238 ], [ -3.885, 40.3233 ], [ -3.8843, 40.3221 ], [ -3.8823, 40.32 ], [ -3.8822, 40.3201 ], [ -3.8815, 40.3194 ], [ -3.8804, 40.3189 ], [ -3.8792, 40.3177 ], [ -3.8828, 40.3152 ], [ -3.8831, 40.3151 ], [ -3.8828, 40.3148 ], [ -3.8826, 40.3149 ], [ -3.8817, 40.3144 ], [ -3.8818, 40.3138 ], [ -3.881, 40.3119 ], [ -3.8811, 40.3117 ], [ -3.8815, 40.3116 ], [ -3.8816, 40.3114 ], [ -3.88, 40.3086 ], [ -3.8791, 40.3077 ], [ -3.8782, 40.307 ], [ -3.8773, 40.3065 ], [ -3.8761, 40.3061 ], [ -3.8761, 40.306 ], [ -3.8758, 40.306 ], [ -3.8758, 40.3059 ], [ -3.8743, 40.3056 ], [ -3.8741, 40.3056 ], [ -3.874, 40.3056 ], [ -3.8739, 40.3056 ], [ -3.8737, 40.3056 ], [ -3.8737, 40.3056 ], [ -3.8736, 40.3056 ], [ -3.8734, 40.3056 ], [ -3.8739, 40.3051 ], [ -3.8738, 40.305 ], [ -3.8731, 40.305 ], [ -3.873, 40.3049 ], [ -3.8724, 40.305 ], [ -3.8677, 40.3045 ], [ -3.8659, 40.3023 ], [ -3.8659, 40.3018 ], [ -3.8654, 40.3016 ], [ -3.865, 40.3012 ], [ -3.8638, 40.2996 ], [ -3.8566, 40.3036 ], [ -3.8552, 40.3044 ], [ -3.8552, 40.3045 ], [ -3.8545, 40.3047 ], [ -3.8517, 40.3064 ], [ -3.8501, 40.3071 ], [ -3.8485, 40.3074 ], [ -3.8478, 40.3073 ], [ -3.8475, 40.3068 ], [ -3.846, 40.3053 ], [ -3.8448, 40.3057 ], [ -3.8446, 40.306 ], [ -3.8445, 40.3059 ], [ -3.844, 40.306 ], [ -3.844, 40.3058 ], [ -3.8438, 40.3056 ], [ -3.8432, 40.3058 ], [ -3.8429, 40.306 ], [ -3.8429, 40.3063 ], [ -3.8433, 40.3082 ], [ -3.842, 40.3084 ], [ -3.8422, 40.3113 ], [ -3.843, 40.3145 ], [ -3.843, 40.3149 ], [ -3.8431, 40.3149 ], [ -3.8435, 40.3192 ], [ -3.8439, 40.3202 ], [ -3.844, 40.321 ], [ -3.8458, 40.3207 ], [ -3.8472, 40.3223 ], [ -3.8476, 40.3226 ], [ -3.8479, 40.323 ], [ -3.8479, 40.3232 ], [ -3.8484, 40.3237 ], [ -3.8485, 40.324 ], [ -3.8494, 40.3251 ], [ -3.8493, 40.3253 ], [ -3.8481, 40.326 ], [ -3.8483, 40.3261 ], [ -3.8514, 40.3298 ], [ -3.8527, 40.331 ], [ -3.853, 40.3317 ], [ -3.853, 40.332 ], [ -3.8535, 40.3326 ], [ -3.8542, 40.332 ], [ -3.8543, 40.3321 ], [ -3.8553, 40.3347 ], [ -3.8559, 40.3346 ], [ -3.8582, 40.3334 ], [ -3.8611, 40.3359 ], [ -3.8603, 40.3363 ], [ -3.8596, 40.336 ], [ -3.8596, 40.3364 ], [ -3.8592, 40.3381 ], [ -3.8589, 40.3387 ], [ -3.8588, 40.3395 ], [ -3.8603, 40.3399 ], [ -3.8602, 40.3401 ], [ -3.8603, 40.3402 ], [ -3.8599, 40.3402 ], [ -3.8599, 40.3405 ] ], [ [ -3.8804, 40.3333 ], [ -3.8741, 40.3344 ], [ -3.8738, 40.3341 ], [ -3.8765, 40.3325 ], [ -3.8758, 40.332 ], [ -3.8757, 40.3318 ], [ -3.875, 40.3325 ], [ -3.8741, 40.3323 ], [ -3.8741, 40.3322 ], [ -3.8732, 40.3319 ], [ -3.8726, 40.3314 ], [ -3.8733, 40.3311 ], [ -3.8735, 40.3313 ], [ -3.8739, 40.3311 ], [ -3.8744, 40.3311 ], [ -3.875, 40.3309 ], [ -3.875, 40.3308 ], [ -3.8764, 40.3322 ], [ -3.877, 40.3319 ], [ -3.8779, 40.3306 ], [ -3.8778, 40.3302 ], [ -3.8772, 40.3303 ], [ -3.8772, 40.3301 ], [ -3.8789, 40.33 ], [ -3.8789, 40.3296 ], [ -3.8793, 40.3287 ], [ -3.8794, 40.3287 ], [ -3.8796, 40.3292 ], [ -3.8797, 40.3299 ], [ -3.8809, 40.3298 ], [ -3.8812, 40.3295 ], [ -3.8809, 40.3292 ], [ -3.8804, 40.3293 ], [ -3.8802, 40.3284 ], [ -3.88, 40.3285 ], [ -3.88, 40.3283 ], [ -3.88, 40.3283 ], [ -3.88, 40.3284 ], [ -3.8799, 40.3284 ], [ -3.8797, 40.3284 ], [ -3.8791, 40.3286 ], [ -3.8787, 40.3293 ], [ -3.8787, 40.3295 ], [ -3.8783, 40.3298 ], [ -3.8782, 40.3296 ], [ -3.8774, 40.3294 ], [ -3.8768, 40.3289 ], [ -3.8764, 40.3288 ], [ -3.8757, 40.3282 ], [ -3.8749, 40.328 ], [ -3.8753, 40.3274 ], [ -3.8758, 40.3271 ], [ -3.8765, 40.326 ], [ -3.877, 40.3261 ], [ -3.8772, 40.3263 ], [ -3.8774, 40.3263 ], [ -3.8793, 40.3273 ], [ -3.8801, 40.3279 ], [ -3.8802, 40.3278 ], [ -3.8802, 40.3279 ], [ -3.8805, 40.328 ], [ -3.8816, 40.3288 ], [ -3.8815, 40.3289 ], [ -3.8821, 40.3292 ], [ -3.8824, 40.3298 ], [ -3.8831, 40.3305 ], [ -3.8815, 40.3311 ], [ -3.8806, 40.3303 ], [ -3.88, 40.3308 ], [ -3.8807, 40.3315 ], [ -3.8785, 40.3324 ], [ -3.8765, 40.3327 ], [ -3.8757, 40.3333 ], [ -3.8742, 40.3341 ], [ -3.8742, 40.3342 ], [ -3.8757, 40.334 ], [ -3.8758, 40.3338 ], [ -3.8765, 40.3337 ], [ -3.8786, 40.3327 ], [ -3.8799, 40.3323 ], [ -3.88, 40.3326 ], [ -3.8801, 40.3326 ], [ -3.8802, 40.3331 ], [ -3.8804, 40.3333 ] ], [ [ -3.8723, 40.327 ], [ -3.8732, 40.3277 ], [ -3.8734, 40.3283 ], [ -3.8718, 40.3289 ], [ -3.8707, 40.3274 ], [ -3.8723, 40.327 ] ], [ [ -3.8818, 40.3226 ], [ -3.8824, 40.3241 ], [ -3.8826, 40.3256 ], [ -3.88, 40.3255 ], [ -3.8791, 40.3253 ], [ -3.8791, 40.3244 ], [ -3.8783, 40.3237 ], [ -3.8784, 40.3236 ], [ -3.8813, 40.3227 ], [ -3.8818, 40.3226 ] ] ] } },
{ "type": "Feature", "properties": { "municipio": "Móstoles", "clasificacion": "urbano-consolidado", "calificacion": "sin-asignar", "version": "vigente", "fuente": "SIT-CAM WFS — UsoDelSuelo:VPLA_V_CLASIFICACION (https://idem.comunidad.madrid/geosrvg/ows)", "fecha_dato": "2026-05-12", "ambito": "73775", "_raw_CD_SIGLAS": "SUC", "_raw_DS_CLASIF_GEN": "Suelo Urbano Consolidado", "_raw_DS_CLASIF_DET": "Suelo Urbano Consolidado", "_raw_DS_DOCU": "PLAN GENERAL", "_raw_DS_LEY": null, "_raw_FC_AC": "2009-01-15", "_raw_NM_AREA_M2": 182101.97978428801, "_cam_code": "092" }, "geometry": { "type": "Polygon", "coordinates": [ [ [ -3.8738, 40.3341 ], [ -3.8742, 40.3344 ], [ -3.8787, 40.3336 ], [ -3.8793, 40.3334 ], [ -3.8804, 40.3333 ], [ -3.8802, 40.3331 ], [ -3.8801, 40.3326 ], [ -3.88, 40.3326 ], [ -3.8799, 40.3323 ], [ -3.8786, 40.3327 ], [ -3.8765, 40.3337 ], [ -3.8758, 40.3338 ], [ -3.8757, 40.334 ], [ -3.8742, 40.3342 ], [ -3.8742, 40.3341 ], [ -3.8757, 40.3333 ], [ -3.8765, 40.3327 ], [ -3.8785, 40.3324 ], [ -3.8807, 40.3315 ], [ -3.88, 40.3308 ], [ -3.8806, 40.3303 ], [ -3.8815, 40.3311 ], [ -3.8831, 40.3305 ], [ -3.8824, 40.3298 ], [ -3.8821, 40.3292 ], [ -3.8815, 40.3289 ], [ -3.8816, 40.3288 ], [ -3.8802, 40.3279 ], [ -3.8802, 40.3278 ], [ -3.88, 40.3285 ], [ -3.8802, 40.3284 ], [ -3.8804, 40.3293 ], [ -3.8809, 40.3292 ], [ -3.8812, 40.3295 ], [ -3.8809, 40.3298 ], [ -3.8797, 40.3299 ], [ -3.8796, 40.3292 ], [ -3.8794, 40.3287 ], [ -3.8793, 40.3287 ], [ -3.8789, 40.3296 ], [ -3.8789, 40.33 ], [ -3.8772, 40.3301 ], [ -3.8772, 40.3303 ], [ -3.8778, 40.3302 ], [ -3.8779, 40.3306 ], [ -3.877, 40.3319 ], [ -3.8764, 40.3322 ], [ -3.875, 40.3308 ], [ -3.875, 40.3309 ], [ -3.8744, 40.3311 ], [ -3.8739, 40.3311 ], [ -3.8735, 40.3313 ], [ -3.8733, 40.3311 ], [ -3.8726, 40.3314 ], [ -3.8732, 40.3319 ], [ -3.8741, 40.3322 ], [ -3.8741, 40.3323 ], [ -3.875, 40.3325 ], [ -3.8757, 40.3318 ], [ -3.8758, 40.332 ], [ -3.8765, 40.3325 ], [ -3.8738, 40.3341 ] ] ] } },
{ "type": "Feature", "properties": { "municipio": "Móstoles", "clasificacion": "urbano-consolidado", "calificacion": "sin-asignar", "version": "vigente", "fuente": "SIT-CAM WFS — UsoDelSuelo:VPLA_V_CLASIFICACION (https://idem.comunidad.madrid/geosrvg/ows)", "fecha_dato": "2026-05-12", "ambito": "73775", "_raw_CD_SIGLAS": "SUC", "_raw_DS_CLASIF_GEN": "Suelo Urbano Consolidado", "_raw_DS_CLASIF_DET": "Suelo Urbano Consolidado", "_raw_DS_DOCU": "PLAN GENERAL", "_raw_DS_LEY": null, "_raw_FC_AC": "2009-01-15", "_raw_NM_AREA_M2": 59818.425575091504, "_cam_code": "092" }, "geometry": { "type": "Polygon", "coordinates": [ [ [ -3.9415, 40.3142 ], [ -3.9432, 40.3141 ], [ -3.9433, 40.3138 ], [ -3.9414, 40.3139 ], [ -3.9414, 40.3136 ], [ -3.942, 40.3136 ], [ -3.9435, 40.3133 ], [ -3.9436, 40.3128 ], [ -3.9438, 40.3128 ], [ -3.9436, 40.3121 ], [ -3.9435, 40.312 ], [ -3.9428, 40.3121 ], [ -3.9427, 40.3118 ], [ -3.9427, 40.3119 ], [ -3.9425, 40.3119 ], [ -3.9425, 40.3117 ], [ -3.9412, 40.312 ], [ -3.9411, 40.3119 ], [ -3.9411, 40.3114 ], [ -3.94, 40.3116 ], [ -3.9406, 40.3127 ], [ -3.9406, 40.3129 ], [ -3.9407, 40.3129 ], [ -3.9407, 40.3136 ], [ -3.9405, 40.3141 ], [ -3.9415, 40.3142 ] ] ] } },
{ "type": "Feature", "properties": { "municipio": "Móstoles", "clasificacion": "urbano-consolidado", "calificacion": "sin-asignar", "version": "vigente", "fuente": "SIT-CAM WFS — UsoDelSuelo:VPLA_V_CLASIFICACION (https://idem.comunidad.madrid/geosrvg/ows)", "fecha_dato": "2026-05-12", "ambito": "73775", "_raw_CD_SIGLAS": "SUC", "_raw_DS_CLASIF_GEN": "Suelo Urbano Consolidado", "_raw_DS_CLASIF_DET": "Suelo Urbano Consolidado", "_raw_DS_DOCU": "PLAN GENERAL", "_raw_DS_LEY": null, "_raw_FC_AC": "2009-01-15", "_raw_NM_AREA_M2": 67115.3963675579, "_cam_code": "092" }, "geometry": { "type": "Polygon", "coordinates": [ [ [ -3.895, 40.3111 ], [ -3.8954, 40.3129 ], [ -3.8972, 40.3131 ], [ -3.8973, 40.313 ], [ -3.8975, 40.3118 ], [ -3.8958, 40.3117 ], [ -3.8956, 40.3112 ], [ -3.8956, 40.3111 ], [ -3.8973, 40.3112 ], [ -3.8969, 40.3092 ], [ -3.8966, 40.3085 ], [ -3.8949, 40.3095 ], [ -3.895, 40.3095 ], [ -3.8954, 40.311 ], [ -3.8954, 40.3111 ], [ -3.8951, 40.3111 ], [ -3.8951, 40.311 ], [ -3.895, 40.3111 ] ] ] } },
{ "type": "Feature", "properties": { "municipio": "Móstoles", "clasificacion": "urbano-consolidado", "calificacion": "sin-asignar", "version": "vigente", "fuente": "SIT-CAM WFS — UsoDelSuelo:VPLA_V_CLASIFICACION (https://idem.comunidad.madrid/geosrvg/ows)", "fecha_dato": "2026-05-12", "ambito": "73775", "_raw_CD_SIGLAS": "SUC", "_raw_DS_CLASIF_GEN": "Suelo Urbano Consolidado", "_raw_DS_CLASIF_DET": "Suelo Urbano Consolidado", "_raw_DS_DOCU": "PLAN GENERAL", "_raw_DS_LEY": null, "_raw_FC_AC": "2009-01-15", "_raw_NM_AREA_M2": 16383.758512464099, "_cam_code": "092" }, "geometry": { "type": "Polygon", "coordinates": [ [ [ -3.9408, 40.3151 ], [ -3.941, 40.3152 ], [ -3.9421, 40.3151 ], [ -3.9421, 40.3148 ], [ -3.9428, 40.3149 ], [ -3.9429, 40.3147 ], [ -3.9425, 40.3147 ], [ -3.9426, 40.3144 ], [ -3.9404, 40.3143 ], [ -3.9403, 40.3146 ], [ -3.9399, 40.315 ], [ -3.9408, 40.3152 ], [ -3.9408, 40.3151 ] ] ] } },
{ "type": "Feature", "properties": { "municipio": "Móstoles", "clasificacion": "urbano-consolidado", "calificacion": "sin-asignar", "version": "vigente", "fuente": "SIT-CAM WFS — UsoDelSuelo:VPLA_V_CLASIFICACION (https://idem.comunidad.madrid/geosrvg/ows)", "fecha_dato": "2026-05-12", "ambito": "73775", "_raw_CD_SIGLAS": "SUC", "_raw_DS_CLASIF_GEN": "Suelo Urbano Consolidado", "_raw_DS_CLASIF_DET": "Suelo Urbano Consolidado", "_raw_DS_DOCU": "PLAN GENERAL", "_raw_DS_LEY": null, "_raw_FC_AC": "2009-01-15", "_raw_NM_AREA_M2": 39895.351249856401, "_cam_code": "092" }, "geometry": { "type": "Polygon", "coordinates": [ [ [ -3.8959, 40.3334 ], [ -3.8954, 40.3356 ], [ -3.8962, 40.3353 ], [ -3.8963, 40.3344 ], [ -3.8969, 40.3344 ], [ -3.8969, 40.3339 ], [ -3.8971, 40.3333 ], [ -3.8978, 40.333 ], [ -3.8978, 40.3322 ], [ -3.8959, 40.332 ], [ -3.8959, 40.3334 ] ] ] } },
{ "type": "Feature", "properties": { "municipio": "Móstoles", "clasificacion": "urbano-consolidado", "calificacion": "sin-asignar", "version": "vigente", "fuente": "SIT-CAM WFS — UsoDelSuelo:VPLA_V_CLASIFICACION (https://idem.comunidad.madrid/geosrvg/ows)", "fecha_dato": "2026-05-12", "ambito": "73775", "_raw_CD_SIGLAS": "SUC", "_raw_DS_CLASIF_GEN": "Suelo Urbano Consolidado", "_raw_DS_CLASIF_DET": "Suelo Urbano Consolidado", "_raw_DS_DOCU": "PLAN GENERAL", "_raw_DS_LEY": null, "_raw_FC_AC": "2009-01-15", "_raw_NM_AREA_M2": 4696.5792875143597, "_cam_code": "092" }, "geometry": { "type": "Polygon", "coordinates": [ [ [ -3.8931, 40.3334 ], [ -3.893, 40.3344 ], [ -3.8934, 40.3347 ], [ -3.8936, 40.3335 ], [ -3.8931, 40.3334 ] ] ] } },
{ "type": "Feature", "properties": { "municipio": "Móstoles", "clasificacion": "urbano-consolidado", "calificacion": "sin-asignar", "version": "vigente", "fuente": "SIT-CAM WFS — UsoDelSuelo:VPLA_V_CLASIFICACION (https://idem.comunidad.madrid/geosrvg/ows)", "fecha_dato": "2026-05-12", "ambito": "73775", "_raw_CD_SIGLAS": "SUC", "_raw_DS_CLASIF_GEN": "Suelo Urbano Consolidado", "_raw_DS_CLASIF_DET": "Suelo Urbano Consolidado", "_raw_DS_DOCU": "PLAN GENERAL", "_raw_DS_LEY": null, "_raw_FC_AC": "2009-01-15", "_raw_NM_AREA_M2": 38193.5963249735, "_cam_code": "092" }, "geometry": { "type": "Polygon", "coordinates": [ [ [ -3.9021, 40.3332 ], [ -3.9042, 40.3342 ], [ -3.9044, 40.3342 ], [ -3.9049, 40.3336 ], [ -3.9049, 40.3335 ], [ -3.9042, 40.3333 ], [ -3.9043, 40.333 ], [ -3.9032, 40.3326 ], [ -3.9031, 40.3322 ], [ -3.9018, 40.3318 ], [ -3.9016, 40.3323 ], [ -3.9015, 40.3323 ], [ -3.9012, 40.3334 ], [ -3.9016, 40.3334 ], [ -3.9021, 40.3332 ] ] ] } },
{ "type": "Feature", "properties": { "municipio": "Móstoles", "clasificacion": "urbano-consolidado", "calificacion": "sin-asignar", "version": "vigente", "fuente": "SIT-CAM WFS — UsoDelSuelo:VPLA_V_CLASIFICACION (https://idem.comunidad.madrid/geosrvg/ows)", "fecha_dato": "2026-05-12", "ambito": "73775", "_raw_CD_SIGLAS": "SUC", "_raw_DS_CLASIF_GEN": "Suelo Urbano Consolidado", "_raw_DS_CLASIF_DET": "Suelo Urbano Consolidado", "_raw_DS_DOCU": "PLAN GENERAL", "_raw_DS_LEY": null, "_raw_FC_AC": "2009-01-15", "_raw_NM_AREA_M2": 528904.55919986998, "_cam_code": "092" }, "geometry": { "type": "Polygon", "coordinates": [ [ [ -3.8931, 40.3268 ], [ -3.8918, 40.3287 ], [ -3.8919, 40.329 ], [ -3.8946, 40.3297 ], [ -3.8957, 40.3298 ], [ -3.8974, 40.3297 ], [ -3.9063, 40.3287 ], [ -3.9073, 40.3282 ], [ -3.9085, 40.327 ], [ -3.9085, 40.3265 ], [ -3.9081, 40.3262 ], [ -3.9076, 40.3263 ], [ -3.9068, 40.3261 ], [ -3.9049, 40.3259 ], [ -3.9038, 40.3255 ], [ -3.8999, 40.3252 ], [ -3.8993, 40.3252 ], [ -3.8982, 40.3258 ], [ -3.8975, 40.326 ], [ -3.896, 40.3254 ], [ -3.894, 40.3249 ], [ -3.8931, 40.3263 ], [ -3.8933, 40.3264 ], [ -3.8931, 40.3268 ] ] ] } },
{ "type": "Feature", "properties": { "municipio": "Móstoles", "clasificacion": "urbano-consolidado", "calificacion": "sin-asignar", "version": "vigente", "fuente": "SIT-CAM WFS — UsoDelSuelo:VPLA_V_CLASIFICACION (https://idem.comunidad.madrid/geosrvg/ows)", "fecha_dato": "2026-05-12", "ambito": "73775", "_raw_CD_SIGLAS": "SUC", "_raw_DS_CLASIF_GEN": "Suelo Urbano Consolidado", "_raw_DS_CLASIF_DET": "Suelo Urbano Consolidado", "_raw_DS_DOCU": "PLAN GENERAL", "_raw_DS_LEY": null, "_raw_FC_AC": "2009-01-15", "_raw_NM_AREA_M2": 10163.3307999637, "_cam_code": "092" }, "geometry": { "type": "Polygon", "coordinates": [ [ [ -3.9351, 40.3179 ], [ -3.9347, 40.3183 ], [ -3.9351, 40.3185 ], [ -3.9354, 40.3189 ], [ -3.9357, 40.319 ], [ -3.9364, 40.3197 ], [ -3.9368, 40.3194 ], [ -3.9355, 40.3182 ], [ -3.9351, 40.3179 ] ] ] } },
{ "type": "Feature", "properties": { "municipio": "Móstoles", "clasificacion": "urbano-consolidado", "calificacion": "sin-asignar", "version": "vigente", "fuente": "SIT-CAM WFS — UsoDelSuelo:VPLA_V_CLASIFICACION (https://idem.comunidad.madrid/geosrvg/ows)", "fecha_dato": "2026-05-12", "ambito": "73775", "_raw_CD_SIGLAS": "SUC", "_raw_DS_CLASIF_GEN": "Suelo Urbano Consolidado", "_raw_DS_CLASIF_DET": "Suelo Urbano Consolidado", "_raw_DS_DOCU": "PLAN GENERAL", "_raw_DS_LEY": null, "_raw_FC_AC": "2009-01-15", "_raw_NM_AREA_M2": 2006735.0867751101, "_cam_code": "092" }, "geometry": { "type": "Polygon", "coordinates": [ [ [ -3.9192, 40.308 ], [ -3.9194, 40.3089 ], [ -3.9198, 40.3092 ], [ -3.9198, 40.3094 ], [ -3.9203, 40.3099 ], [ -3.9203, 40.3102 ], [ -3.9205, 40.3105 ], [ -3.9206, 40.3116 ], [ -3.9207, 40.3116 ], [ -3.9208, 40.312 ], [ -3.9209, 40.312 ], [ -3.9209, 40.3123 ], [ -3.9207, 40.3126 ], [ -3.9208, 40.3141 ], [ -3.9212, 40.3151 ], [ -3.922, 40.3157 ], [ -3.9227, 40.3166 ], [ -3.923, 40.3167 ], [ -3.9234, 40.3171 ], [ -3.9238, 40.3172 ], [ -3.9239, 40.3174 ], [ -3.9251, 40.3177 ], [ -3.9257, 40.3176 ], [ -3.926, 40.3171 ], [ -3.9264, 40.3168 ], [ -3.9271, 40.3159 ], [ -3.9282, 40.3153 ], [ -3.9291, 40.3145 ], [ -3.9293, 40.3145 ], [ -3.9293, 40.3144 ], [ -3.9297, 40.3142 ], [ -3.9305, 40.3141 ], [ -3.9318, 40.3136 ], [ -3.933, 40.3126 ], [ -3.9346, 40.3119 ], [ -3.9355, 40.311 ], [ -3.9376, 40.31 ], [ -3.9381, 40.3099 ], [ -3.938, 40.3098 ], [ -3.938, 40.3093 ], [ -3.9375, 40.3093 ], [ -3.9375, 40.3092 ], [ -3.9368, 40.3089 ], [ -3.9365, 40.3086 ], [ -3.9365, 40.3083 ], [ -3.9355, 40.3083 ], [ -3.9353, 40.3069 ], [ -3.9354, 40.3062 ], [ -3.9361, 40.3063 ], [ -3.9367, 40.3061 ], [ -3.937, 40.3057 ], [ -3.9381, 40.3063 ], [ -3.9387, 40.3063 ], [ -3.9393, 40.3059 ], [ -3.9388, 40.3057 ], [ -3.9389, 40.3057 ], [ -3.9389, 40.3053 ], [ -3.9393, 40.3049 ], [ -3.9386, 40.3046 ], [ -3.9383, 40.3046 ], [ -3.9379, 40.3043 ], [ -3.9379, 40.304 ], [ -3.9385, 40.3032 ], [ -3.9384, 40.3027 ], [ -3.9379, 40.3027 ], [ -3.9366, 40.3032 ], [ -3.9362, 40.3032 ], [ -3.9359, 40.3028 ], [ -3.9357, 40.3028 ], [ -3.936, 40.302 ], [ -3.9371, 40.301 ], [ -3.9373, 40.3006 ], [ -3.9377, 40.3003 ], [ -3.9378, 40.2999 ], [ -3.9368, 40.2997 ], [ -3.935, 40.2997 ], [ -3.9298, 40.3018 ], [ -3.927, 40.3026 ], [ -3.9231, 40.3033 ], [ -3.9227, 40.3035 ], [ -3.9221, 40.3041 ], [ -3.9216, 40.304 ], [ -3.9216, 40.3041 ], [ -3.9212, 40.3038 ], [ -3.9208, 40.3038 ], [ -3.9206, 40.3039 ], [ -3.9207, 40.3045 ], [ -3.9204, 40.3053 ], [ -3.9197, 40.3066 ], [ -3.9196, 40.3072 ], [ -3.9193, 40.3074 ], [ -3.9195, 40.3076 ], [ -3.9195, 40.3078 ], [ -3.9192, 40.308 ] ] ] } },
{ "type": "Feature", "properties": { "municipio": "Móstoles", "clasificacion": "urbano-consolidado", "calificacion": "sin-asignar", "version": "vigente", "fuente": "SIT-CAM WFS — UsoDelSuelo:VPLA_V_CLASIFICACION (https://idem.comunidad.madrid/geosrvg/ows)", "fecha_dato": "2026-05-12", "ambito": "73775", "_raw_CD_SIGLAS": "SUC", "_raw_DS_CLASIF_GEN": "Suelo Urbano Consolidado", "_raw_DS_CLASIF_DET": "Suelo Urbano Consolidado", "_raw_DS_DOCU": "PLAN GENERAL", "_raw_DS_LEY": null, "_raw_FC_AC": "2009-01-15", "_raw_NM_AREA_M2": 101188.020487524, "_cam_code": "092" }, "geometry": { "type": "Polygon", "coordinates": [ [ [ -3.937, 40.3167 ], [ -3.9379, 40.3174 ], [ -3.9381, 40.3167 ], [ -3.9385, 40.3161 ], [ -3.9396, 40.3153 ], [ -3.9388, 40.3142 ], [ -3.9382, 40.3136 ], [ -3.9381, 40.3133 ], [ -3.9375, 40.3128 ], [ -3.9366, 40.3135 ], [ -3.9348, 40.3144 ], [ -3.9369, 40.3168 ], [ -3.937, 40.3167 ] ] ] } },
{ "type": "Feature", "properties": { "municipio": "Móstoles", "clasificacion": "urbano-consolidado", "calificacion": "sin-asignar", "version": "vigente", "fuente": "SIT-CAM WFS — UsoDelSuelo:VPLA_V_CLASIFICACION (https://idem.comunidad.madrid/geosrvg/ows)", "fecha_dato": "2026-05-12", "ambito": "73775", "_raw_CD_SIGLAS": "SUC", "_raw_DS_CLASIF_GEN": "Suelo Urbano Consolidado", "_raw_DS_CLASIF_DET": "Suelo Urbano Consolidado", "_raw_DS_DOCU": "PLAN GENERAL", "_raw_DS_LEY": null, "_raw_FC_AC": "2009-01-15", "_raw_NM_AREA_M2": 1491.0537749795601, "_cam_code": "092" }, "geometry": { "type": "Polygon", "coordinates": [ [ [ -3.9393, 40.3116 ], [ -3.9393, 40.3117 ], [ -3.9386, 40.3121 ], [ -3.9387, 40.3122 ], [ -3.9392, 40.3118 ], [ -3.9398, 40.3116 ], [ -3.9399, 40.3114 ], [ -3.9393, 40.3116 ] ] ] } },
{ "type": "Feature", "properties": { "municipio": "Móstoles", "clasificacion": "urbano-consolidado", "calificacion": "sin-asignar", "version": "vigente", "fuente": "SIT-CAM WFS — UsoDelSuelo:VPLA_V_CLASIFICACION (https://idem.comunidad.madrid/geosrvg/ows)", "fecha_dato": "2026-05-12", "ambito": "73775", "_raw_CD_SIGLAS": "SUC", "_raw_DS_CLASIF_GEN": "Suelo Urbano Consolidado", "_raw_DS_CLASIF_DET": "Suelo Urbano Consolidado", "_raw_DS_DOCU": "PLAN GENERAL", "_raw_DS_LEY": null, "_raw_FC_AC": "2009-01-15", "_raw_NM_AREA_M2": 2374.1296500137, "_cam_code": "092" }, "geometry": { "type": "Polygon", "coordinates": [ [ [ -3.9392, 40.3112 ], [ -3.9385, 40.3117 ], [ -3.9387, 40.3119 ], [ -3.9387, 40.3118 ], [ -3.9394, 40.3115 ], [ -3.9394, 40.3114 ], [ -3.9396, 40.3114 ], [ -3.9396, 40.3113 ], [ -3.9393, 40.3114 ], [ -3.9392, 40.3112 ] ] ] } },
{ "type": "Feature", "properties": { "municipio": "Móstoles", "clasificacion": "urbano-consolidado", "calificacion": "sin-asignar", "version": "vigente", "fuente": "SIT-CAM WFS — UsoDelSuelo:VPLA_V_CLASIFICACION (https://idem.comunidad.madrid/geosrvg/ows)", "fecha_dato": "2026-05-12", "ambito": "73775", "_raw_CD_SIGLAS": "SUC", "_raw_DS_CLASIF_GEN": "Suelo Urbano Consolidado", "_raw_DS_CLASIF_DET": "Suelo Urbano Consolidado", "_raw_DS_DOCU": "PLAN GENERAL", "_raw_DS_LEY": null, "_raw_FC_AC": "2009-01-15", "_raw_NM_AREA_M2": 10138.272525001699, "_cam_code": "092" }, "geometry": { "type": "Polygon", "coordinates": [ [ [ -3.9428, 40.3107 ], [ -3.9419, 40.311 ], [ -3.9415, 40.3112 ], [ -3.9415, 40.3113 ], [ -3.9427, 40.3115 ], [ -3.9431, 40.3117 ], [ -3.9432, 40.3117 ], [ -3.9432, 40.3115 ], [ -3.9437, 40.3114 ], [ -3.9433, 40.3112 ], [ -3.9434, 40.3109 ], [ -3.9428, 40.3107 ] ] ] } },
{ "type": "Feature", "properties": { "municipio": "Móstoles", "clasificacion": "urbano-consolidado", "calificacion": "sin-asignar", "version": "vigente", "fuente": "SIT-CAM WFS — UsoDelSuelo:VPLA_V_CLASIFICACION (https://idem.comunidad.madrid/geosrvg/ows)", "fecha_dato": "2026-05-12", "ambito": "73775", "_raw_CD_SIGLAS": "SUC", "_raw_DS_CLASIF_GEN": "Suelo Urbano Consolidado", "_raw_DS_CLASIF_DET": "Suelo Urbano Consolidado", "_raw_DS_DOCU": "PLAN GENERAL", "_raw_DS_LEY": null, "_raw_FC_AC": "2009-01-15", "_raw_NM_AREA_M2": 987.23960626285498, "_cam_code": "092" }, "geometry": { "type": "Polygon", "coordinates": [ [ [ -3.941, 40.3112 ], [ -3.9402, 40.3113 ], [ -3.9399, 40.3114 ], [ -3.9399, 40.3115 ], [ -3.9408, 40.3114 ], [ -3.941, 40.3112 ] ] ] } },
{ "type": "Feature", "properties": { "municipio": "Móstoles", "clasificacion": "urbano-no-consolidado", "calificacion": "sin-asignar", "version": "vigente", "fuente": "SIT-CAM WFS — UsoDelSuelo:VPLA_V_CLASIFICACION (https://idem.comunidad.madrid/geosrvg/ows)", "fecha_dato": "2026-05-12", "ambito": "73775", "_raw_CD_SIGLAS": "SUNC", "_raw_DS_CLASIF_GEN": "Suelo Urbano No Consolidado", "_raw_DS_CLASIF_DET": "Suelo Urbano No Consolidado", "_raw_DS_DOCU": "PLAN GENERAL", "_raw_DS_LEY": null, "_raw_FC_AC": "2009-01-15", "_raw_NM_AREA_M2": 199776.174937559, "_cam_code": "092" }, "geometry": { "type": "Polygon", "coordinates": [ [ [ -3.8674, 40.3532 ], [ -3.8687, 40.3535 ], [ -3.8707, 40.3532 ], [ -3.871, 40.3531 ], [ -3.8712, 40.3524 ], [ -3.8697, 40.3525 ], [ -3.8697, 40.3527 ], [ -3.8692, 40.3527 ], [ -3.8692, 40.3526 ], [ -3.8687, 40.3527 ], [ -3.8686, 40.3522 ], [ -3.8674, 40.3522 ], [ -3.8672, 40.352 ], [ -3.8676, 40.3476 ], [ -3.868, 40.3478 ], [ -3.8681, 40.3477 ], [ -3.8681, 40.3473 ], [ -3.8683, 40.3468 ], [ -3.8674, 40.3463 ], [ -3.8677, 40.3461 ], [ -3.8643, 40.3441 ], [ -3.8648, 40.344 ], [ -3.8651, 40.3437 ], [ -3.8652, 40.3433 ], [ -3.8667, 40.343 ], [ -3.8669, 40.3432 ], [ -3.8667, 40.3437 ], [ -3.8688, 40.3448 ], [ -3.8698, 40.3455 ], [ -3.8694, 40.3462 ], [ -3.8705, 40.3466 ], [ -3.871, 40.3461 ], [ -3.8724, 40.3468 ], [ -3.8724, 40.3464 ], [ -3.8728, 40.3458 ], [ -3.8728, 40.3456 ], [ -3.8689, 40.3438 ], [ -3.8685, 40.3441 ], [ -3.8679, 40.3441 ], [ -3.8675, 40.3439 ], [ -3.8673, 40.3433 ], [ -3.8671, 40.3433 ], [ -3.8668, 40.3429 ], [ -3.8656, 40.343 ], [ -3.8645, 40.3434 ], [ -3.8638, 40.3439 ], [ -3.8632, 40.344 ], [ -3.8623, 40.3445 ], [ -3.8623, 40.3446 ], [ -3.8637, 40.345 ], [ -3.8637, 40.3451 ], [ -3.867, 40.3471 ], [ -3.8665, 40.3514 ], [ -3.8674, 40.3532 ] ] ] } },
{ "type": "Feature", "properties": { "municipio": "Móstoles", "clasificacion": "urbano-no-consolidado", "calificacion": "sin-asignar", "version": "vigente", "fuente": "SIT-CAM WFS — UsoDelSuelo:VPLA_V_CLASIFICACION (https://idem.comunidad.madrid/geosrvg/ows)", "fecha_dato": "2026-05-12", "ambito": "73775", "_raw_CD_SIGLAS": "SUNC", "_raw_DS_CLASIF_GEN": "Suelo Urbano No Consolidado", "_raw_DS_CLASIF_DET": "Suelo Urbano No Consolidado", "_raw_DS_DOCU": "PLAN GENERAL", "_raw_DS_LEY": null, "_raw_FC_AC": "2009-01-15", "_raw_NM_AREA_M2": 17640.889637435001, "_cam_code": "092" }, "geometry": { "type": "Polygon", "coordinates": [ [ [ -3.8586, 40.3403 ], [ -3.8587, 40.3415 ], [ -3.8592, 40.3411 ], [ -3.8597, 40.3409 ], [ -3.8599, 40.3405 ], [ -3.8599, 40.3402 ], [ -3.8603, 40.3402 ], [ -3.8602, 40.3401 ], [ -3.8603, 40.3399 ], [ -3.8588, 40.3395 ], [ -3.8586, 40.3403 ] ] ] } },
{ "type": "Feature", "properties": { "municipio": "Móstoles", "clasificacion": "urbano-no-consolidado", "calificacion": "sin-asignar", "version": "vigente", "fuente": "SIT-CAM WFS — UsoDelSuelo:VPLA_V_CLASIFICACION (https://idem.comunidad.madrid/geosrvg/ows)", "fecha_dato": "2026-05-12", "ambito": "73775", "_raw_CD_SIGLAS": "SUNC", "_raw_DS_CLASIF_GEN": "Suelo Urbano No Consolidado", "_raw_DS_CLASIF_DET": "Suelo Urbano No Consolidado", "_raw_DS_DOCU": "PLAN GENERAL", "_raw_DS_LEY": null, "_raw_FC_AC": "2009-01-15", "_raw_NM_AREA_M2": 32216.608625065099, "_cam_code": "092" }, "geometry": { "type": "Polygon", "coordinates": [ [ [ -3.8857, 40.3498 ], [ -3.8829, 40.3512 ], [ -3.8824, 40.352 ], [ -3.8834, 40.352 ], [ -3.8834, 40.3519 ], [ -3.8836, 40.3519 ], [ -3.8865, 40.3504 ], [ -3.8857, 40.3498 ] ] ] } },
{ "type": "Feature", "properties": { "municipio": "Móstoles", "clasificacion": "urbano-no-consolidado", "calificacion": "sin-asignar", "version": "vigente", "fuente": "SIT-CAM WFS — UsoDelSuelo:VPLA_V_CLASIFICACION (https://idem.comunidad.madrid/geosrvg/ows)", "fecha_dato": "2026-05-12", "ambito": "73775", "_raw_CD_SIGLAS": "SUNC", "_raw_DS_CLASIF_GEN": "Suelo Urbano No Consolidado", "_raw_DS_CLASIF_DET": "Suelo Urbano No Consolidado", "_raw_DS_DOCU": "PLAN GENERAL", "_raw_DS_LEY": null, "_raw_FC_AC": "2009-01-15", "_raw_NM_AREA_M2": 24797.7817249541, "_cam_code": "092" }, "geometry": { "type": "Polygon", "coordinates": [ [ [ -3.8706, 40.3473 ], [ -3.8699, 40.3488 ], [ -3.8709, 40.3491 ], [ -3.8718, 40.3492 ], [ -3.8721, 40.348 ], [ -3.8706, 40.3473 ] ] ] } },
{ "type": "Feature", "properties": { "municipio": "Móstoles", "clasificacion": "urbano-no-consolidado", "calificacion": "sin-asignar", "version": "vigente", "fuente": "SIT-CAM WFS — UsoDelSuelo:VPLA_V_CLASIFICACION (https://idem.comunidad.madrid/geosrvg/ows)", "fecha_dato": "2026-05-12", "ambito": "73775", "_raw_CD_SIGLAS": "SUNC", "_raw_DS_CLASIF_GEN": "Suelo Urbano No Consolidado", "_raw_DS_CLASIF_DET": "Suelo Urbano No Consolidado", "_raw_DS_DOCU": "PLAN GENERAL", "_raw_DS_LEY": null, "_raw_FC_AC": "2009-01-15", "_raw_NM_AREA_M2": 95370.181469958799, "_cam_code": "092" }, "geometry": { "type": "Polygon", "coordinates": [ [ [ -3.8774, 40.3294 ], [ -3.8782, 40.3296 ], [ -3.8784, 40.3298 ], [ -3.8787, 40.3295 ], [ -3.8787, 40.3293 ], [ -3.8791, 40.3286 ], [ -3.88, 40.3284 ], [ -3.8802, 40.3279 ], [ -3.8776, 40.3264 ], [ -3.8765, 40.326 ], [ -3.8758, 40.3271 ], [ -3.8753, 40.3274 ], [ -3.8749, 40.328 ], [ -3.8757, 40.3282 ], [ -3.8764, 40.3288 ], [ -3.8768, 40.3289 ], [ -3.8774, 40.3294 ] ] ] } },
{ "type": "Feature", "properties": { "municipio": "Móstoles", "clasificacion": "urbano-no-consolidado", "calificacion": "sin-asignar", "version": "vigente", "fuente": "SIT-CAM WFS — UsoDelSuelo:VPLA_V_CLASIFICACION (https://idem.comunidad.madrid/geosrvg/ows)", "fecha_dato": "2026-05-12", "ambito": "73775", "_raw_CD_SIGLAS": "SUNC", "_raw_DS_CLASIF_GEN": "Suelo Urbano No Consolidado", "_raw_DS_CLASIF_DET": "Suelo Urbano No Consolidado", "_raw_DS_DOCU": "PLAN GENERAL", "_raw_DS_LEY": null, "_raw_FC_AC": "2009-01-15", "_raw_NM_AREA_M2": 28456.499150034299, "_cam_code": "092" }, "geometry": { "type": "Polygon", "coordinates": [ [ [ -3.8723, 40.327 ], [ -3.8707, 40.3274 ], [ -3.8718, 40.3289 ], [ -3.8734, 40.3283 ], [ -3.8732, 40.3277 ], [ -3.8728, 40.3273 ], [ -3.8726, 40.3273 ], [ -3.8723, 40.327 ] ] ] } }
]
}
