{
"type": "FeatureCollection",
"name": "vigente.full",
"features": [
{ "type": "Feature", "properties": { "municipio": "Fuenlabrada", "clasificacion": "urbano-consolidado", "calificacion": "equipamiento", "version": "vigente", "fuente": "SIT-CAM WFS — UsoDelSuelo:VPLA_V_CLASIFICACION (https://idem.comunidad.madrid/geosrvg/ows)", "fecha_dato": "2026-05-12", "ambito": "38885", "_raw_CD_SIGLAS": "SG", "_raw_DS_CLASIF_GEN": "Sistemas Generales", "_raw_DS_CLASIF_DET": "Sistemas Generales. Parque Metropolitano", "_raw_DS_DOCU": "PLAN GENERAL", "_raw_DS_LEY": null, "_raw_FC_AC": "1999-04-15", "_raw_NM_AREA_M2": 209286.20651015101, "_cam_code": "058" }, "geometry": { "type": "Polygon", "coordinates": [ [ [ -3.7431, 40.2711 ], [ -3.7456, 40.2728 ], [ -3.7456, 40.2729 ], [ -3.7469, 40.2733 ], [ -3.7472, 40.2736 ], [ -3.7477, 40.2738 ], [ -3.7478, 40.2739 ], [ -3.7476, 40.2743 ], [ -3.7487, 40.2748 ], [ -3.7483, 40.2754 ], [ -3.7501, 40.2761 ], [ -3.7516, 40.2743 ], [ -3.7521, 40.273 ], [ -3.7522, 40.273 ], [ -3.7522, 40.2727 ], [ -3.7519, 40.2724 ], [ -3.7491, 40.2708 ], [ -3.7487, 40.2711 ], [ -3.7476, 40.2706 ], [ -3.7472, 40.2717 ], [ -3.7467, 40.2715 ], [ -3.7448, 40.2712 ], [ -3.7448, 40.2715 ], [ -3.7443, 40.2715 ], [ -3.744, 40.2712 ], [ -3.7434, 40.2709 ], [ -3.7433, 40.271 ], [ -3.7428, 40.2709 ], [ -3.7428, 40.2709 ], [ -3.7426, 40.2709 ], [ -3.7425, 40.2709 ], [ -3.7423, 40.2709 ], [ -3.7425, 40.2709 ], [ -3.7426, 40.2709 ], [ -3.7427, 40.2709 ], [ -3.7427, 40.271 ], [ -3.7431, 40.2711 ] ] ] } },
{ "type": "Feature", "properties": { "municipio": "Fuenlabrada", "clasificacion": "urbano-consolidado", "calificacion": "equipamiento", "version": "vigente", "fuente": "SIT-CAM WFS — UsoDelSuelo:VPLA_V_CLASIFICACION (https://idem.comunidad.madrid/geosrvg/ows)", "fecha_dato": "2026-05-12", "ambito": "38885", "_raw_CD_SIGLAS": "SG", "_raw_DS_CLASIF_GEN": "Sistemas Generales", "_raw_DS_CLASIF_DET": "Sistemas Generales. Parque Urbano", "_raw_DS_DOCU": "PLAN GENERAL", "_raw_DS_LEY": null, "_raw_FC_AC": "1999-04-15", "_raw_NM_AREA_M2": 42488.697000092099, "_cam_code": "058" }, "geometry": { "type": "Polygon", "coordinates": [ [ [ -3.8061, 40.2962 ], [ -3.8058, 40.2971 ], [ -3.8074, 40.2972 ], [ -3.8074, 40.297 ], [ -3.808, 40.2969 ], [ -3.8083, 40.2951 ], [ -3.8074, 40.2949 ], [ -3.8067, 40.2949 ], [ -3.806, 40.2953 ], [ -3.8061, 40.2962 ] ] ] } },
{ "type": "Feature", "properties": { "municipio": "Fuenlabrada", "clasificacion": "urbano-consolidado", "calificacion": "equipamiento", "version": "vigente", "fuente": "SIT-CAM WFS — UsoDelSuelo:VPLA_V_CLASIFICACION (https://idem.comunidad.madrid/geosrvg/ows)", "fecha_dato": "2026-05-12", "ambito": "38885", "_raw_CD_SIGLAS": "SG", "_raw_DS_CLASIF_GEN": "Sistemas Generales", "_raw_DS_CLASIF_DET": "Sistemas Generales. Parque Metropolitano", "_raw_DS_DOCU": "PLAN GENERAL", "_raw_DS_LEY": null, "_raw_FC_AC": "1999-04-15", "_raw_NM_AREA_M2": 6050.8251251094398, "_cam_code": "058" }, "geometry": { "type": "Polygon", "coordinates": [ [ [ -3.7969, 40.2974 ], [ -3.7968, 40.2981 ], [ -3.7972, 40.2982 ], [ -3.799, 40.2982 ], [ -3.7981, 40.298 ], [ -3.7981, 40.2979 ], [ -3.7975, 40.2977 ], [ -3.7972, 40.2977 ], [ -3.7969, 40.2974 ] ] ] } },
{ "type": "Feature", "properties": { "municipio": "Fuenlabrada", "clasificacion": "urbano-consolidado", "calificacion": "equipamiento", "version": "vigente", "fuente": "SIT-CAM WFS — UsoDelSuelo:VPLA_V_CLASIFICACION (https://idem.comunidad.madrid/geosrvg/ows)", "fecha_dato": "2026-05-12", "ambito": "38885", "_raw_CD_SIGLAS": "SG", "_raw_DS_CLASIF_GEN": "Sistemas Generales", "_raw_DS_CLASIF_DET": "Sistemas Generales. Parque Urbano", "_raw_DS_DOCU": "PLAN GENERAL", "_raw_DS_LEY": null, "_raw_FC_AC": "1999-04-15", "_raw_NM_AREA_M2": 42880.890587010501, "_cam_code": "058" }, "geometry": { "type": "Polygon", "coordinates": [ [ [ -3.8282, 40.2978 ], [ -3.8278, 40.2992 ], [ -3.8274, 40.2999 ], [ -3.8275, 40.2999 ], [ -3.8274, 40.3003 ], [ -3.8277, 40.3006 ], [ -3.8285, 40.3006 ], [ -3.8293, 40.2999 ], [ -3.8299, 40.2982 ], [ -3.8299, 40.298 ], [ -3.8284, 40.2978 ], [ -3.8282, 40.2978 ] ] ] } },
{ "type": "Feature", "properties": { "municipio": "Fuenlabrada", "clasificacion": "urbano-consolidado", "calificacion": "equipamiento", "version": "vigente", "fuente": "SIT-CAM WFS — UsoDelSuelo:VPLA_V_CLASIFICACION (https://idem.comunidad.madrid/geosrvg/ows)", "fecha_dato": "2026-05-12", "ambito": "38885", "_raw_CD_SIGLAS": "SG", "_raw_DS_CLASIF_GEN": "Sistemas Generales", "_raw_DS_CLASIF_DET": "Sistemas Generales. Distribuidor Regional", "_raw_DS_DOCU": "PLAN GENERAL", "_raw_DS_LEY": null, "_raw_FC_AC": "1999-04-15", "_raw_NM_AREA_M2": 217367.44571116299, "_cam_code": "058" }, "geometry": { "type": "Polygon", "coordinates": [ [ [ -3.8136, 40.307 ], [ -3.8164, 40.3079 ], [ -3.8177, 40.3079 ], [ -3.8191, 40.3073 ], [ -3.8215, 40.3058 ], [ -3.821, 40.3048 ], [ -3.8198, 40.3045 ], [ -3.8175, 40.3041 ], [ -3.8136, 40.3039 ], [ -3.812, 40.3037 ], [ -3.8122, 40.3038 ], [ -3.8124, 40.3055 ], [ -3.8173, 40.3059 ], [ -3.8189, 40.3062 ], [ -3.8181, 40.3067 ], [ -3.8166, 40.307 ], [ -3.8159, 40.3069 ], [ -3.8146, 40.3063 ], [ -3.8132, 40.306 ], [ -3.8129, 40.3057 ], [ -3.8125, 40.3061 ], [ -3.8126, 40.3062 ], [ -3.8126, 40.3068 ], [ -3.8136, 40.307 ] ] ] } },
{ "type": "Feature", "properties": { "municipio": "Fuenlabrada", "clasificacion": "urbano-consolidado", "calificacion": "equipamiento", "version": "vigente", "fuente": "SIT-CAM WFS — UsoDelSuelo:VPLA_V_CLASIFICACION (https://idem.comunidad.madrid/geosrvg/ows)", "fecha_dato": "2026-05-12", "ambito": "38885", "_raw_CD_SIGLAS": "SG", "_raw_DS_CLASIF_GEN": "Sistemas Generales", "_raw_DS_CLASIF_DET": "Sistemas Generales. Red Viaria", "_raw_DS_DOCU": "PLAN GENERAL", "_raw_DS_LEY": null, "_raw_FC_AC": "1999-04-15", "_raw_NM_AREA_M2": 147404.37021346501, "_cam_code": "058" }, "geometry": { "type": "Polygon", "coordinates": [ [ [ -3.8411, 40.3156 ], [ -3.8416, 40.3171 ], [ -3.8426, 40.3184 ], [ -3.8426, 40.3186 ], [ -3.8431, 40.3192 ], [ -3.8434, 40.3199 ], [ -3.8435, 40.3199 ], [ -3.8436, 40.321 ], [ -3.8432, 40.3226 ], [ -3.8432, 40.3239 ], [ -3.8433, 40.3239 ], [ -3.8434, 40.3243 ], [ -3.8448, 40.3241 ], [ -3.845, 40.324 ], [ -3.8446, 40.324 ], [ -3.8444, 40.3238 ], [ -3.8442, 40.3238 ], [ -3.8438, 40.3234 ], [ -3.8437, 40.323 ], [ -3.8436, 40.323 ], [ -3.8436, 40.3219 ], [ -3.8437, 40.3219 ], [ -3.8438, 40.3211 ], [ -3.8437, 40.3199 ], [ -3.8434, 40.3193 ], [ -3.8429, 40.3187 ], [ -3.8429, 40.3185 ], [ -3.8422, 40.3176 ], [ -3.842, 40.3171 ], [ -3.8419, 40.3171 ], [ -3.8419, 40.3169 ], [ -3.8417, 40.3167 ], [ -3.8417, 40.3164 ], [ -3.8416, 40.3164 ], [ -3.8416, 40.3153 ], [ -3.8417, 40.3151 ], [ -3.8419, 40.315 ], [ -3.8431, 40.315 ], [ -3.8431, 40.3149 ], [ -3.8418, 40.3149 ], [ -3.8416, 40.3151 ], [ -3.8414, 40.3158 ], [ -3.8412, 40.3153 ], [ -3.8413, 40.3147 ], [ -3.8408, 40.3147 ], [ -3.8399, 40.314 ], [ -3.8386, 40.3133 ], [ -3.8378, 40.3125 ], [ -3.8373, 40.3118 ], [ -3.8369, 40.3115 ], [ -3.8364, 40.3106 ], [ -3.8348, 40.3088 ], [ -3.8348, 40.3086 ], [ -3.8346, 40.3085 ], [ -3.8346, 40.3082 ], [ -3.8339, 40.3086 ], [ -3.8333, 40.3081 ], [ -3.8322, 40.3067 ], [ -3.8323, 40.3075 ], [ -3.8319, 40.3079 ], [ -3.829, 40.3099 ], [ -3.8287, 40.31 ], [ -3.8287, 40.3101 ], [ -3.8285, 40.3101 ], [ -3.8285, 40.3102 ], [ -3.8261, 40.3117 ], [ -3.8263, 40.3125 ], [ -3.8264, 40.3125 ], [ -3.8283, 40.3112 ], [ -3.8285, 40.3112 ], [ -3.8286, 40.311 ], [ -3.829, 40.3109 ], [ -3.8291, 40.3107 ], [ -3.8293, 40.3107 ], [ -3.8296, 40.3104 ], [ -3.8298, 40.3104 ], [ -3.8303, 40.31 ], [ -3.8313, 40.3096 ], [ -3.8315, 40.3094 ], [ -3.8329, 40.3088 ], [ -3.8338, 40.3088 ], [ -3.8344, 40.3091 ], [ -3.8349, 40.3096 ], [ -3.838, 40.3131 ], [ -3.8405, 40.3148 ], [ -3.8405, 40.3151 ], [ -3.8404, 40.3151 ], [ -3.8409, 40.3154 ], [ -3.8411, 40.3156 ] ] ] } },
{ "type": "Feature", "properties": { "municipio": "Fuenlabrada", "clasificacion": "urbano-consolidado", "calificacion": "equipamiento", "version": "vigente", "fuente": "SIT-CAM WFS — UsoDelSuelo:VPLA_V_CLASIFICACION (https://idem.comunidad.madrid/geosrvg/ows)", "fecha_dato": "2026-05-12", "ambito": "38885", "_raw_CD_SIGLAS": "SG", "_raw_DS_CLASIF_GEN": "Sistemas Generales", "_raw_DS_CLASIF_DET": "Sistemas Generales. Red Viaria", "_raw_DS_DOCU": "PLAN GENERAL", "_raw_DS_LEY": null, "_raw_FC_AC": "1999-04-15", "_raw_NM_AREA_M2": 93273.643500571299, "_cam_code": "058" }, "geometry": { "type": "Polygon", "coordinates": [ [ [ -3.8259, 40.3198 ], [ -3.8258, 40.3206 ], [ -3.8272, 40.3211 ], [ -3.8362, 40.3237 ], [ -3.8388, 40.3246 ], [ -3.8404, 40.3244 ], [ -3.8365, 40.3231 ], [ -3.8299, 40.3212 ], [ -3.8259, 40.3198 ] ] ] } },
{ "type": "Feature", "properties": { "municipio": "Fuenlabrada", "clasificacion": "urbano-consolidado", "calificacion": "equipamiento", "version": "vigente", "fuente": "SIT-CAM WFS — UsoDelSuelo:VPLA_V_CLASIFICACION (https://idem.comunidad.madrid/geosrvg/ows)", "fecha_dato": "2026-05-12", "ambito": "38885", "_raw_CD_SIGLAS": "SG", "_raw_DS_CLASIF_GEN": "Sistemas Generales", "_raw_DS_CLASIF_DET": "Sistemas Generales. Red Viaria", "_raw_DS_DOCU": "PLAN GENERAL", "_raw_DS_LEY": null, "_raw_FC_AC": "1999-04-15", "_raw_NM_AREA_M2": 433832.36451263301, "_cam_code": "058" }, "geometry": { "type": "Polygon", "coordinates": [ [ [ -3.818, 40.319 ], [ -3.8185, 40.3212 ], [ -3.8182, 40.3224 ], [ -3.8181, 40.3224 ], [ -3.8174, 40.324 ], [ -3.8169, 40.3248 ], [ -3.8173, 40.3257 ], [ -3.8192, 40.3224 ], [ -3.8203, 40.3214 ], [ -3.8222, 40.3205 ], [ -3.8232, 40.3203 ], [ -3.8247, 40.3203 ], [ -3.8254, 40.3205 ], [ -3.8256, 40.3196 ], [ -3.8247, 40.3191 ], [ -3.8241, 40.3184 ], [ -3.8241, 40.3181 ], [ -3.824, 40.3181 ], [ -3.8238, 40.3175 ], [ -3.8237, 40.3175 ], [ -3.8236, 40.317 ], [ -3.8235, 40.317 ], [ -3.8233, 40.3165 ], [ -3.8233, 40.3162 ], [ -3.8232, 40.3162 ], [ -3.8232, 40.3155 ], [ -3.8233, 40.3155 ], [ -3.8234, 40.3151 ], [ -3.8238, 40.3146 ], [ -3.8246, 40.3138 ], [ -3.825, 40.3136 ], [ -3.8252, 40.3133 ], [ -3.8258, 40.3129 ], [ -3.8259, 40.3122 ], [ -3.8257, 40.3119 ], [ -3.8239, 40.3133 ], [ -3.8225, 40.3148 ], [ -3.821, 40.3155 ], [ -3.821, 40.3156 ], [ -3.8198, 40.316 ], [ -3.818, 40.316 ], [ -3.818, 40.3159 ], [ -3.817, 40.3158 ], [ -3.817, 40.3157 ], [ -3.8161, 40.3155 ], [ -3.8161, 40.3154 ], [ -3.8156, 40.3153 ], [ -3.8149, 40.3149 ], [ -3.8142, 40.3147 ], [ -3.8142, 40.3146 ], [ -3.8134, 40.3144 ], [ -3.8134, 40.3143 ], [ -3.8134, 40.3144 ], [ -3.8134, 40.3146 ], [ -3.8135, 40.3147 ], [ -3.8135, 40.3152 ], [ -3.8136, 40.3153 ], [ -3.8155, 40.3161 ], [ -3.8155, 40.3162 ], [ -3.8162, 40.3166 ], [ -3.8174, 40.3178 ], [ -3.8174, 40.318 ], [ -3.8178, 40.3185 ], [ -3.8179, 40.319 ], [ -3.818, 40.319 ] ] ] } },
{ "type": "Feature", "properties": { "municipio": "Fuenlabrada", "clasificacion": "urbano-consolidado", "calificacion": "equipamiento", "version": "vigente", "fuente": "SIT-CAM WFS — UsoDelSuelo:VPLA_V_CLASIFICACION (https://idem.comunidad.madrid/geosrvg/ows)", "fecha_dato": "2026-05-12", "ambito": "38885", "_raw_CD_SIGLAS": "SG", "_raw_DS_CLASIF_GEN": "Sistemas Generales", "_raw_DS_CLASIF_DET": "Sistemas Generales. Vías Pecuarias", "_raw_DS_DOCU": "PLAN GENERAL", "_raw_DS_LEY": null, "_raw_FC_AC": "1999-04-15", "_raw_NM_AREA_M2": 7418.5101250310399, "_cam_code": "058" }, "geometry": { "type": "Polygon", "coordinates": [ [ [ -3.8362, 40.2805 ], [ -3.8349, 40.282 ], [ -3.8353, 40.2822 ], [ -3.8366, 40.2807 ], [ -3.8362, 40.2805 ] ] ] } },
{ "type": "Feature", "properties": { "municipio": "Fuenlabrada", "clasificacion": "urbano-consolidado", "calificacion": "equipamiento", "version": "vigente", "fuente": "SIT-CAM WFS — UsoDelSuelo:VPLA_V_CLASIFICACION (https://idem.comunidad.madrid/geosrvg/ows)", "fecha_dato": "2026-05-12", "ambito": "38885", "_raw_CD_SIGLAS": "SG", "_raw_DS_CLASIF_GEN": "Sistemas Generales", "_raw_DS_CLASIF_DET": "Sistemas Generales. Vías Pecuarias", "_raw_DS_DOCU": "PLAN GENERAL", "_raw_DS_LEY": null, "_raw_FC_AC": "1999-04-15", "_raw_NM_AREA_M2": 733.59732495027799, "_cam_code": "058" }, "geometry": { "type": "Polygon", "coordinates": [ [ [ -3.8319, 40.2892 ], [ -3.8314, 40.2893 ], [ -3.8314, 40.2895 ], [ -3.8319, 40.2894 ], [ -3.8319, 40.2892 ] ] ] } },
{ "type": "Feature", "properties": { "municipio": "Fuenlabrada", "clasificacion": "urbano-consolidado", "calificacion": "equipamiento", "version": "vigente", "fuente": "SIT-CAM WFS — UsoDelSuelo:VPLA_V_CLASIFICACION (https://idem.comunidad.madrid/geosrvg/ows)", "fecha_dato": "2026-05-12", "ambito": "38885", "_raw_CD_SIGLAS": "SG", "_raw_DS_CLASIF_GEN": "Sistemas Generales", "_raw_DS_CLASIF_DET": "Sistemas Generales. Vías Pecuarias", "_raw_DS_DOCU": "PLAN GENERAL", "_raw_DS_LEY": null, "_raw_FC_AC": "1999-04-15", "_raw_NM_AREA_M2": 3391.60478750317, "_cam_code": "058" }, "geometry": { "type": "Polygon", "coordinates": [ [ [ -3.8256, 40.3196 ], [ -3.8254, 40.3205 ], [ -3.8258, 40.3206 ], [ -3.8259, 40.3198 ], [ -3.826, 40.3198 ], [ -3.8256, 40.3196 ] ] ] } },
{ "type": "Feature", "properties": { "municipio": "Fuenlabrada", "clasificacion": "urbano-consolidado", "calificacion": "equipamiento", "version": "vigente", "fuente": "SIT-CAM WFS — UsoDelSuelo:VPLA_V_CLASIFICACION (https://idem.comunidad.madrid/geosrvg/ows)", "fecha_dato": "2026-05-12", "ambito": "38885", "_raw_CD_SIGLAS": "SG", "_raw_DS_CLASIF_GEN": "Sistemas Generales", "_raw_DS_CLASIF_DET": "Sistemas Generales. Parque Urbano", "_raw_DS_DOCU": "PLAN GENERAL", "_raw_DS_LEY": null, "_raw_FC_AC": "1999-04-15", "_raw_NM_AREA_M2": 17066.490228954299, "_cam_code": "058" }, "geometry": { "type": "Polygon", "coordinates": [ [ [ -3.785, 40.2858 ], [ -3.7854, 40.286 ], [ -3.785, 40.2866 ], [ -3.7846, 40.2864 ], [ -3.7844, 40.2866 ], [ -3.7846, 40.2867 ], [ -3.7844, 40.2873 ], [ -3.7855, 40.2869 ], [ -3.7856, 40.2867 ], [ -3.7874, 40.2866 ], [ -3.7874, 40.2865 ], [ -3.7859, 40.2859 ], [ -3.7852, 40.2857 ], [ -3.785, 40.2858 ] ] ] } },
{ "type": "Feature", "properties": { "municipio": "Fuenlabrada", "clasificacion": "urbano-consolidado", "calificacion": "equipamiento", "version": "vigente", "fuente": "SIT-CAM WFS — UsoDelSuelo:VPLA_V_CLASIFICACION (https://idem.comunidad.madrid/geosrvg/ows)", "fecha_dato": "2026-05-12", "ambito": "38885", "_raw_CD_SIGLAS": "SG", "_raw_DS_CLASIF_GEN": "Sistemas Generales", "_raw_DS_CLASIF_DET": "Sistemas Generales. Cultural", "_raw_DS_DOCU": "PLAN GENERAL", "_raw_DS_LEY": null, "_raw_FC_AC": "1999-04-15", "_raw_NM_AREA_M2": 16821.418517168298, "_cam_code": "058" }, "geometry": { "type": "Polygon", "coordinates": [ [ [ -3.7922, 40.292 ], [ -3.7909, 40.2919 ], [ -3.7906, 40.2932 ], [ -3.7908, 40.2934 ], [ -3.7918, 40.2934 ], [ -3.7922, 40.292 ] ] ] } },
{ "type": "Feature", "properties": { "municipio": "Fuenlabrada", "clasificacion": "urbano-consolidado", "calificacion": "equipamiento", "version": "vigente", "fuente": "SIT-CAM WFS — UsoDelSuelo:VPLA_V_CLASIFICACION (https://idem.comunidad.madrid/geosrvg/ows)", "fecha_dato": "2026-05-12", "ambito": "38885", "_raw_CD_SIGLAS": "SG", "_raw_DS_CLASIF_GEN": "Sistemas Generales", "_raw_DS_CLASIF_DET": "Sistemas Generales. Red Viaria", "_raw_DS_DOCU": "PLAN GENERAL", "_raw_DS_LEY": null, "_raw_FC_AC": "1999-04-15", "_raw_NM_AREA_M2": 892.17590023817195, "_cam_code": "058" }, "geometry": { "type": "Polygon", "coordinates": [ [ [ -3.7596, 40.2776 ], [ -3.76, 40.2779 ], [ -3.7601, 40.2778 ], [ -3.76, 40.2775 ], [ -3.7596, 40.2776 ] ] ] } },
{ "type": "Feature", "properties": { "municipio": "Fuenlabrada", "clasificacion": "urbano-consolidado", "calificacion": "equipamiento", "version": "vigente", "fuente": "SIT-CAM WFS — UsoDelSuelo:VPLA_V_CLASIFICACION (https://idem.comunidad.madrid/geosrvg/ows)", "fecha_dato": "2026-05-12", "ambito": "38885", "_raw_CD_SIGLAS": "SG", "_raw_DS_CLASIF_GEN": "Sistemas Generales", "_raw_DS_CLASIF_DET": "Sistemas Generales. Vías Pecuarias", "_raw_DS_DOCU": "PLAN GENERAL", "_raw_DS_LEY": null, "_raw_FC_AC": "1999-04-15", "_raw_NM_AREA_M2": 3672.24947118604, "_cam_code": "058" }, "geometry": { "type": "Polygon", "coordinates": [ [ [ -3.7584, 40.2769 ], [ -3.7598, 40.278 ], [ -3.76, 40.2779 ], [ -3.7588, 40.2769 ], [ -3.7584, 40.2769 ] ] ] } },
{ "type": "Feature", "properties": { "municipio": "Fuenlabrada", "clasificacion": "urbano-consolidado", "calificacion": "equipamiento", "version": "vigente", "fuente": "SIT-CAM WFS — UsoDelSuelo:VPLA_V_CLASIFICACION (https://idem.comunidad.madrid/geosrvg/ows)", "fecha_dato": "2026-05-12", "ambito": "38885", "_raw_CD_SIGLAS": "SG", "_raw_DS_CLASIF_GEN": "Sistemas Generales", "_raw_DS_CLASIF_DET": "Sistemas Generales. Red Viaria", "_raw_DS_DOCU": "PLAN GENERAL", "_raw_DS_LEY": null, "_raw_FC_AC": "1999-04-15", "_raw_NM_AREA_M2": 1504.4836249996899, "_cam_code": "058" }, "geometry": { "type": "Polygon", "coordinates": [ [ [ -3.8096, 40.275 ], [ -3.8097, 40.2752 ], [ -3.8103, 40.2747 ], [ -3.8103, 40.2744 ], [ -3.8096, 40.275 ] ] ] } },
{ "type": "Feature", "properties": { "municipio": "Fuenlabrada", "clasificacion": "urbano-consolidado", "calificacion": "equipamiento", "version": "vigente", "fuente": "SIT-CAM WFS — UsoDelSuelo:VPLA_V_CLASIFICACION (https://idem.comunidad.madrid/geosrvg/ows)", "fecha_dato": "2026-05-12", "ambito": "38885", "_raw_CD_SIGLAS": "SG", "_raw_DS_CLASIF_GEN": "Sistemas Generales", "_raw_DS_CLASIF_DET": "Sistemas Generales. Red Ferroviaria", "_raw_DS_DOCU": "PLAN GENERAL", "_raw_DS_LEY": null, "_raw_FC_AC": "1999-04-15", "_raw_NM_AREA_M2": 30425.074134984599, "_cam_code": "058" }, "geometry": { "type": "Polygon", "coordinates": [ [ [ -3.7939, 40.2939 ], [ -3.7937, 40.2941 ], [ -3.7936, 40.2945 ], [ -3.7927, 40.2962 ], [ -3.7922, 40.2966 ], [ -3.7922, 40.2968 ], [ -3.7919, 40.2972 ], [ -3.7923, 40.2973 ], [ -3.7923, 40.2971 ], [ -3.7925, 40.2972 ], [ -3.7936, 40.2948 ], [ -3.794, 40.2942 ], [ -3.7941, 40.2937 ], [ -3.7943, 40.2936 ], [ -3.7947, 40.2928 ], [ -3.7958, 40.2902 ], [ -3.7969, 40.2882 ], [ -3.7973, 40.2872 ], [ -3.7975, 40.287 ], [ -3.7975, 40.2868 ], [ -3.798, 40.2859 ], [ -3.7979, 40.2857 ], [ -3.7967, 40.2879 ], [ -3.7968, 40.288 ], [ -3.7965, 40.288 ], [ -3.7964, 40.2886 ], [ -3.7959, 40.2898 ], [ -3.7958, 40.2898 ], [ -3.7946, 40.2924 ], [ -3.7941, 40.2932 ], [ -3.7941, 40.2934 ], [ -3.794, 40.2934 ], [ -3.7939, 40.2939 ] ] ] } },
{ "type": "Feature", "properties": { "municipio": "Fuenlabrada", "clasificacion": "urbano-consolidado", "calificacion": "equipamiento", "version": "vigente", "fuente": "SIT-CAM WFS — UsoDelSuelo:VPLA_V_CLASIFICACION (https://idem.comunidad.madrid/geosrvg/ows)", "fecha_dato": "2026-05-12", "ambito": "38885", "_raw_CD_SIGLAS": "SG", "_raw_DS_CLASIF_GEN": "Sistemas Generales", "_raw_DS_CLASIF_DET": "Sistemas Generales. Red Viaria", "_raw_DS_DOCU": "PLAN GENERAL", "_raw_DS_LEY": null, "_raw_FC_AC": "1999-04-15", "_raw_NM_AREA_M2": 459898.34994276502, "_cam_code": "058" }, "geometry": { "type": "Polygon", "coordinates": [ [ [ -3.8261, 40.3001 ], [ -3.8265, 40.3002 ], [ -3.8267, 40.3004 ], [ -3.8266, 40.3001 ], [ -3.8268, 40.3 ], [ -3.8271, 40.3002 ], [ -3.8272, 40.2999 ], [ -3.8264, 40.2996 ], [ -3.8263, 40.2994 ], [ -3.825, 40.2988 ], [ -3.8247, 40.2985 ], [ -3.8246, 40.2986 ], [ -3.8246, 40.2985 ], [ -3.8238, 40.2982 ], [ -3.8219, 40.2964 ], [ -3.8194, 40.2943 ], [ -3.8193, 40.2941 ], [ -3.8195, 40.294 ], [ -3.8194, 40.2939 ], [ -3.8189, 40.294 ], [ -3.8161, 40.2915 ], [ -3.8153, 40.2906 ], [ -3.8141, 40.2889 ], [ -3.8134, 40.2868 ], [ -3.8134, 40.2863 ], [ -3.8133, 40.2863 ], [ -3.8133, 40.2856 ], [ -3.8202, 40.286 ], [ -3.8215, 40.2867 ], [ -3.8221, 40.2872 ], [ -3.8221, 40.2875 ], [ -3.8223, 40.2877 ], [ -3.8228, 40.2878 ], [ -3.8245, 40.2894 ], [ -3.8254, 40.2899 ], [ -3.8256, 40.2898 ], [ -3.8265, 40.2902 ], [ -3.8277, 40.291 ], [ -3.8277, 40.2908 ], [ -3.8273, 40.2904 ], [ -3.8251, 40.2895 ], [ -3.825, 40.2893 ], [ -3.8246, 40.2891 ], [ -3.8243, 40.2887 ], [ -3.823, 40.2876 ], [ -3.8238, 40.2821 ], [ -3.8236, 40.2802 ], [ -3.8234, 40.2796 ], [ -3.8229, 40.2792 ], [ -3.8222, 40.2792 ], [ -3.8225, 40.2793 ], [ -3.8231, 40.2799 ], [ -3.8234, 40.2808 ], [ -3.8234, 40.2818 ], [ -3.8228, 40.287 ], [ -3.8225, 40.287 ], [ -3.8213, 40.2861 ], [ -3.8201, 40.2856 ], [ -3.8136, 40.2853 ], [ -3.8136, 40.2852 ], [ -3.8133, 40.2852 ], [ -3.8127, 40.2845 ], [ -3.8121, 40.283 ], [ -3.8114, 40.2801 ], [ -3.8113, 40.2791 ], [ -3.811, 40.2782 ], [ -3.8095, 40.2767 ], [ -3.8095, 40.2764 ], [ -3.8088, 40.2758 ], [ -3.8068, 40.2774 ], [ -3.8066, 40.2784 ], [ -3.8059, 40.2787 ], [ -3.8057, 40.279 ], [ -3.8054, 40.279 ], [ -3.8055, 40.2791 ], [ -3.805, 40.2796 ], [ -3.8046, 40.2797 ], [ -3.8044, 40.2801 ], [ -3.8039, 40.2806 ], [ -3.8037, 40.2806 ], [ -3.8037, 40.2807 ], [ -3.8021, 40.2807 ], [ -3.802, 40.2806 ], [ -3.8018, 40.2807 ], [ -3.8023, 40.281 ], [ -3.8037, 40.2809 ], [ -3.8042, 40.281 ], [ -3.8041, 40.2807 ], [ -3.8049, 40.2798 ], [ -3.8053, 40.2797 ], [ -3.8058, 40.2792 ], [ -3.8061, 40.2794 ], [ -3.8063, 40.2792 ], [ -3.8061, 40.279 ], [ -3.8069, 40.2784 ], [ -3.8071, 40.2773 ], [ -3.808, 40.2771 ], [ -3.8087, 40.2801 ], [ -3.8084, 40.2804 ], [ -3.8089, 40.2809 ], [ -3.8089, 40.2812 ], [ -3.8087, 40.2812 ], [ -3.8088, 40.2823 ], [ -3.8086, 40.2824 ], [ -3.809, 40.283 ], [ -3.8093, 40.2851 ], [ -3.8086, 40.285 ], [ -3.8086, 40.2849 ], [ -3.8084, 40.2849 ], [ -3.8084, 40.285 ], [ -3.8071, 40.285 ], [ -3.8071, 40.2849 ], [ -3.8069, 40.2849 ], [ -3.807, 40.285 ], [ -3.8057, 40.2849 ], [ -3.8057, 40.2848 ], [ -3.8039, 40.285 ], [ -3.8033, 40.2839 ], [ -3.8031, 40.284 ], [ -3.8037, 40.285 ], [ -3.8029, 40.2851 ], [ -3.8029, 40.2852 ], [ -3.8029, 40.2852 ], [ -3.8029, 40.2852 ], [ -3.803, 40.2852 ], [ -3.8031, 40.2852 ], [ -3.803, 40.2852 ], [ -3.803, 40.2854 ], [ -3.8033, 40.2852 ], [ -3.8033, 40.2854 ], [ -3.8028, 40.2857 ], [ -3.8028, 40.2856 ], [ -3.8016, 40.2864 ], [ -3.8014, 40.2864 ], [ -3.8013, 40.2866 ], [ -3.8006, 40.287 ], [ -3.7995, 40.2864 ], [ -3.7996, 40.2863 ], [ -3.7994, 40.2863 ], [ -3.7984, 40.2857 ], [ -3.7995, 40.2864 ], [ -3.8, 40.2869 ], [ -3.8002, 40.2869 ], [ -3.8004, 40.2871 ], [ -3.8004, 40.2873 ], [ -3.8002, 40.2875 ], [ -3.7998, 40.2876 ], [ -3.7988, 40.2876 ], [ -3.7988, 40.2875 ], [ -3.7979, 40.2877 ], [ -3.7977, 40.2879 ], [ -3.7972, 40.288 ], [ -3.797, 40.2879 ], [ -3.7969, 40.2882 ], [ -3.797, 40.2881 ], [ -3.7976, 40.2881 ], [ -3.7977, 40.2882 ], [ -3.7978, 40.288 ], [ -3.7985, 40.2878 ], [ -3.7987, 40.2878 ], [ -3.7989, 40.2882 ], [ -3.7991, 40.2882 ], [ -3.7989, 40.2878 ], [ -3.8, 40.2877 ], [ -3.8005, 40.2874 ], [ -3.8008, 40.2874 ], [ -3.8013, 40.2878 ], [ -3.8025, 40.2892 ], [ -3.8024, 40.2892 ], [ -3.8028, 40.2894 ], [ -3.8029, 40.2896 ], [ -3.803, 40.2895 ], [ -3.8033, 40.2898 ], [ -3.8033, 40.29 ], [ -3.8018, 40.2914 ], [ -3.8013, 40.2915 ], [ -3.8013, 40.2917 ], [ -3.7999, 40.2921 ], [ -3.7985, 40.2921 ], [ -3.7975, 40.2925 ], [ -3.7974, 40.2923 ], [ -3.7972, 40.2923 ], [ -3.7971, 40.2927 ], [ -3.7964, 40.2931 ], [ -3.7963, 40.2933 ], [ -3.7959, 40.2934 ], [ -3.7959, 40.2935 ], [ -3.7947, 40.2937 ], [ -3.7942, 40.2936 ], [ -3.7941, 40.2937 ], [ -3.7941, 40.2939 ], [ -3.7943, 40.294 ], [ -3.795, 40.2941 ], [ -3.795, 40.2939 ], [ -3.7964, 40.2936 ], [ -3.797, 40.2933 ], [ -3.7975, 40.2934 ], [ -3.7976, 40.293 ], [ -3.7985, 40.2926 ], [ -3.7988, 40.2929 ], [ -3.7987, 40.2925 ], [ -3.7999, 40.2926 ], [ -3.7999, 40.2925 ], [ -3.8006, 40.2924 ], [ -3.8016, 40.292 ], [ -3.8018, 40.2921 ], [ -3.8028, 40.2911 ], [ -3.8029, 40.2912 ], [ -3.8031, 40.2911 ], [ -3.8029, 40.291 ], [ -3.8039, 40.2902 ], [ -3.8044, 40.2907 ], [ -3.8042, 40.2907 ], [ -3.8047, 40.2911 ], [ -3.8045, 40.2911 ], [ -3.8047, 40.2913 ], [ -3.8048, 40.2912 ], [ -3.8054, 40.2917 ], [ -3.8069, 40.2924 ], [ -3.8069, 40.2926 ], [ -3.8074, 40.2926 ], [ -3.8092, 40.2932 ], [ -3.8096, 40.2932 ], [ -3.8102, 40.2935 ], [ -3.8103, 40.2941 ], [ -3.8106, 40.2942 ], [ -3.8107, 40.294 ], [ -3.811, 40.294 ], [ -3.8115, 40.2944 ], [ -3.8114, 40.2947 ], [ -3.8117, 40.2946 ], [ -3.8121, 40.2948 ], [ -3.8121, 40.2949 ], [ -3.8138, 40.296 ], [ -3.814, 40.296 ], [ -3.8149, 40.2965 ], [ -3.8155, 40.2966 ], [ -3.8161, 40.2969 ], [ -3.8161, 40.2971 ], [ -3.8165, 40.2971 ], [ -3.8166, 40.2973 ], [ -3.8179, 40.2973 ], [ -3.818, 40.2974 ], [ -3.8219, 40.2978 ], [ -3.8228, 40.298 ], [ -3.8242, 40.2987 ], [ -3.8243, 40.2989 ], [ -3.8261, 40.3001 ] ], [ [ -3.8192, 40.2945 ], [ -3.8221, 40.2975 ], [ -3.822, 40.2977 ], [ -3.8176, 40.2971 ], [ -3.8173, 40.2967 ], [ -3.817, 40.2967 ], [ -3.817, 40.2966 ], [ -3.8167, 40.2966 ], [ -3.8168, 40.2967 ], [ -3.8166, 40.2968 ], [ -3.814, 40.2959 ], [ -3.8129, 40.2952 ], [ -3.8128, 40.295 ], [ -3.8125, 40.2949 ], [ -3.8118, 40.2943 ], [ -3.8118, 40.294 ], [ -3.8115, 40.2942 ], [ -3.811, 40.2936 ], [ -3.8111, 40.2935 ], [ -3.8109, 40.2935 ], [ -3.8108, 40.2932 ], [ -3.8105, 40.2932 ], [ -3.8102, 40.2928 ], [ -3.8093, 40.2929 ], [ -3.8086, 40.2926 ], [ -3.8076, 40.2924 ], [ -3.8073, 40.2921 ], [ -3.8058, 40.2915 ], [ -3.8058, 40.2913 ], [ -3.8056, 40.2913 ], [ -3.8056, 40.2914 ], [ -3.8047, 40.2907 ], [ -3.8041, 40.29 ], [ -3.8058, 40.2892 ], [ -3.8058, 40.2893 ], [ -3.806, 40.2893 ], [ -3.8061, 40.2889 ], [ -3.807, 40.2884 ], [ -3.8075, 40.2885 ], [ -3.8074, 40.2883 ], [ -3.8089, 40.2879 ], [ -3.8095, 40.2872 ], [ -3.8095, 40.2874 ], [ -3.8099, 40.2874 ], [ -3.81, 40.2869 ], [ -3.8098, 40.2869 ], [ -3.8098, 40.2865 ], [ -3.8096, 40.2861 ], [ -3.8096, 40.2852 ], [ -3.8122, 40.2853 ], [ -3.8122, 40.2854 ], [ -3.8124, 40.2854 ], [ -3.8124, 40.2857 ], [ -3.814, 40.2893 ], [ -3.8149, 40.2905 ], [ -3.8177, 40.2933 ], [ -3.8189, 40.2944 ], [ -3.8192, 40.2945 ] ], [ [ -3.805, 40.289 ], [ -3.8039, 40.2896 ], [ -3.8039, 40.2897 ], [ -3.8036, 40.2896 ], [ -3.8026, 40.2888 ], [ -3.8026, 40.2885 ], [ -3.8022, 40.2885 ], [ -3.8014, 40.2876 ], [ -3.8015, 40.2875 ], [ -3.8014, 40.2873 ], [ -3.8011, 40.2874 ], [ -3.8008, 40.2872 ], [ -3.8036, 40.2856 ], [ -3.804, 40.2856 ], [ -3.804, 40.2857 ], [ -3.8042, 40.2856 ], [ -3.8042, 40.2854 ], [ -3.8044, 40.2852 ], [ -3.8057, 40.2851 ], [ -3.8058, 40.2853 ], [ -3.806, 40.2853 ], [ -3.8059, 40.2852 ], [ -3.8093, 40.2854 ], [ -3.8093, 40.286 ], [ -3.809, 40.2861 ], [ -3.8091, 40.2863 ], [ -3.8093, 40.2862 ], [ -3.8093, 40.2867 ], [ -3.8085, 40.2876 ], [ -3.8072, 40.288 ], [ -3.8071, 40.2878 ], [ -3.8069, 40.2878 ], [ -3.807, 40.2879 ], [ -3.8064, 40.2883 ], [ -3.8055, 40.2887 ], [ -3.8056, 40.2888 ], [ -3.8055, 40.2889 ], [ -3.805, 40.289 ] ], [ [ -3.8112, 40.2851 ], [ -3.8096, 40.2851 ], [ -3.8094, 40.2841 ], [ -3.8092, 40.2812 ], [ -3.8091, 40.2812 ], [ -3.8091, 40.2807 ], [ -3.8094, 40.2806 ], [ -3.8091, 40.2805 ], [ -3.8084, 40.2771 ], [ -3.8092, 40.277 ], [ -3.8096, 40.2771 ], [ -3.8103, 40.2778 ], [ -3.8104, 40.2781 ], [ -3.8107, 40.2784 ], [ -3.811, 40.2795 ], [ -3.8112, 40.2811 ], [ -3.8121, 40.2843 ], [ -3.812, 40.2851 ], [ -3.8112, 40.2851 ] ] ] } },
{ "type": "Feature", "properties": { "municipio": "Fuenlabrada", "clasificacion": "urbano-consolidado", "calificacion": "equipamiento", "version": "vigente", "fuente": "SIT-CAM WFS — UsoDelSuelo:VPLA_V_CLASIFICACION (https://idem.comunidad.madrid/geosrvg/ows)", "fecha_dato": "2026-05-12", "ambito": "38885", "_raw_CD_SIGLAS": "SG", "_raw_DS_CLASIF_GEN": "Sistemas Generales", "_raw_DS_CLASIF_DET": "Sistemas Generales. Red Ferroviaria", "_raw_DS_DOCU": "PLAN GENERAL", "_raw_DS_LEY": null, "_raw_FC_AC": "1999-04-15", "_raw_NM_AREA_M2": 50657.540661996798, "_cam_code": "058" }, "geometry": { "type": "Polygon", "coordinates": [ [ [ -3.7662, 40.2542 ], [ -3.7675, 40.2553 ], [ -3.7684, 40.2557 ], [ -3.7697, 40.2566 ], [ -3.7723, 40.258 ], [ -3.7738, 40.259 ], [ -3.7746, 40.2603 ], [ -3.7748, 40.2609 ], [ -3.7748, 40.266 ], [ -3.7752, 40.2671 ], [ -3.7759, 40.2683 ], [ -3.7766, 40.2692 ], [ -3.7776, 40.2703 ], [ -3.7789, 40.2712 ], [ -3.7791, 40.271 ], [ -3.7782, 40.2704 ], [ -3.7766, 40.2688 ], [ -3.7754, 40.267 ], [ -3.7751, 40.2659 ], [ -3.7751, 40.2616 ], [ -3.775, 40.2609 ], [ -3.7747, 40.2599 ], [ -3.7742, 40.2592 ], [ -3.7732, 40.2583 ], [ -3.7662, 40.2542 ] ] ] } },
{ "type": "Feature", "properties": { "municipio": "Fuenlabrada", "clasificacion": "urbano-consolidado", "calificacion": "equipamiento", "version": "vigente", "fuente": "SIT-CAM WFS — UsoDelSuelo:VPLA_V_CLASIFICACION (https://idem.comunidad.madrid/geosrvg/ows)", "fecha_dato": "2026-05-12", "ambito": "38885", "_raw_CD_SIGLAS": "SG", "_raw_DS_CLASIF_GEN": "Sistemas Generales", "_raw_DS_CLASIF_DET": "Sistemas Generales. Distribuidor Regional", "_raw_DS_DOCU": "PLAN GENERAL", "_raw_DS_LEY": null, "_raw_FC_AC": "1999-04-15", "_raw_NM_AREA_M2": 1369705.48957324, "_cam_code": "058" }, "geometry": { "type": "Polygon", "coordinates": [ [ [ -3.7791, 40.271 ], [ -3.7787, 40.2713 ], [ -3.7788, 40.2714 ], [ -3.7796, 40.2718 ], [ -3.7799, 40.2717 ], [ -3.7812, 40.2704 ], [ -3.7818, 40.2694 ], [ -3.7823, 40.2681 ], [ -3.7827, 40.2618 ], [ -3.7826, 40.261 ], [ -3.7827, 40.2601 ], [ -3.783, 40.2591 ], [ -3.7848, 40.2572 ], [ -3.7863, 40.2561 ], [ -3.7894, 40.2568 ], [ -3.7928, 40.2582 ], [ -3.7943, 40.259 ], [ -3.7972, 40.261 ], [ -3.7991, 40.2628 ], [ -3.8012, 40.2656 ], [ -3.802, 40.2672 ], [ -3.8028, 40.2694 ], [ -3.8035, 40.2694 ], [ -3.8038, 40.2704 ], [ -3.8048, 40.2721 ], [ -3.806, 40.2734 ], [ -3.8066, 40.2725 ], [ -3.8051, 40.2705 ], [ -3.8046, 40.2694 ], [ -3.8053, 40.2694 ], [ -3.8038, 40.2656 ], [ -3.802, 40.2627 ], [ -3.8009, 40.2615 ], [ -3.7988, 40.2595 ], [ -3.7976, 40.2586 ], [ -3.7955, 40.2573 ], [ -3.7917, 40.2555 ], [ -3.7888, 40.2546 ], [ -3.7918, 40.2529 ], [ -3.7961, 40.251 ], [ -3.7935, 40.25 ], [ -3.7914, 40.2509 ], [ -3.7881, 40.2527 ], [ -3.7861, 40.254 ], [ -3.7834, 40.2537 ], [ -3.7798, 40.2535 ], [ -3.7765, 40.2535 ], [ -3.7732, 40.2533 ], [ -3.7676, 40.2532 ], [ -3.7667, 40.2532 ], [ -3.7665, 40.2533 ], [ -3.7663, 40.2536 ], [ -3.7662, 40.2542 ], [ -3.7675, 40.255 ], [ -3.7824, 40.2554 ], [ -3.7839, 40.2556 ], [ -3.783, 40.2563 ], [ -3.7823, 40.2571 ], [ -3.7816, 40.2581 ], [ -3.7808, 40.2596 ], [ -3.7804, 40.2613 ], [ -3.78, 40.2676 ], [ -3.7798, 40.2684 ], [ -3.7794, 40.2691 ], [ -3.7788, 40.2699 ], [ -3.7782, 40.2704 ], [ -3.7791, 40.271 ] ] ] } },
{ "type": "Feature", "properties": { "municipio": "Fuenlabrada", "clasificacion": "urbano-consolidado", "calificacion": "equipamiento", "version": "vigente", "fuente": "SIT-CAM WFS — UsoDelSuelo:VPLA_V_CLASIFICACION (https://idem.comunidad.madrid/geosrvg/ows)", "fecha_dato": "2026-05-12", "ambito": "38885", "_raw_CD_SIGLAS": "SG", "_raw_DS_CLASIF_GEN": "Sistemas Generales", "_raw_DS_CLASIF_DET": "Sistemas Generales. Distribuidor Regional", "_raw_DS_DOCU": "PLAN GENERAL", "_raw_DS_LEY": null, "_raw_FC_AC": "1999-04-15", "_raw_NM_AREA_M2": 662173.58198627597, "_cam_code": "058" }, "geometry": { "type": "Polygon", "coordinates": [ [ [ -3.8284, 40.2916 ], [ -3.829, 40.2917 ], [ -3.829, 40.2916 ], [ -3.83, 40.2915 ], [ -3.8312, 40.2877 ], [ -3.8321, 40.2853 ], [ -3.8325, 40.2846 ], [ -3.8341, 40.2825 ], [ -3.8347, 40.2819 ], [ -3.8349, 40.282 ], [ -3.8353, 40.2816 ], [ -3.8362, 40.2805 ], [ -3.8361, 40.2804 ], [ -3.8375, 40.279 ], [ -3.8389, 40.2773 ], [ -3.8391, 40.2769 ], [ -3.8376, 40.2767 ], [ -3.8365, 40.2769 ], [ -3.8341, 40.2795 ], [ -3.8321, 40.2789 ], [ -3.8289, 40.2782 ], [ -3.8249, 40.2776 ], [ -3.8205, 40.2773 ], [ -3.818, 40.2773 ], [ -3.8165, 40.2771 ], [ -3.8141, 40.2772 ], [ -3.8114, 40.277 ], [ -3.8119, 40.2772 ], [ -3.8118, 40.2774 ], [ -3.8121, 40.2775 ], [ -3.8128, 40.2775 ], [ -3.8128, 40.2776 ], [ -3.8144, 40.2779 ], [ -3.8173, 40.2783 ], [ -3.8205, 40.2784 ], [ -3.8222, 40.2792 ], [ -3.8276, 40.2798 ], [ -3.8313, 40.2806 ], [ -3.8326, 40.281 ], [ -3.8309, 40.283 ], [ -3.8297, 40.285 ], [ -3.8277, 40.2908 ], [ -3.8277, 40.291 ], [ -3.8281, 40.2914 ], [ -3.8284, 40.2916 ] ] ] } },
{ "type": "Feature", "properties": { "municipio": "Fuenlabrada", "clasificacion": "urbano-consolidado", "calificacion": "equipamiento", "version": "vigente", "fuente": "SIT-CAM WFS — UsoDelSuelo:VPLA_V_CLASIFICACION (https://idem.comunidad.madrid/geosrvg/ows)", "fecha_dato": "2026-05-12", "ambito": "38885", "_raw_CD_SIGLAS": "SG", "_raw_DS_CLASIF_GEN": "Sistemas Generales", "_raw_DS_CLASIF_DET": "Sistemas Generales. Red Viaria", "_raw_DS_DOCU": "PLAN GENERAL", "_raw_DS_LEY": null, "_raw_FC_AC": "1999-04-15", "_raw_NM_AREA_M2": 926500.00121810799, "_cam_code": "058" }, "geometry": { "type": "Polygon", "coordinates": [ [ [ -3.789, 40.2964 ], [ -3.7891, 40.2963 ], [ -3.7895, 40.2964 ], [ -3.7898, 40.2959 ], [ -3.7901, 40.2958 ], [ -3.79, 40.2958 ], [ -3.79, 40.2955 ], [ -3.7906, 40.2937 ], [ -3.7911, 40.2937 ], [ -3.7912, 40.2941 ], [ -3.7922, 40.2939 ], [ -3.7931, 40.2939 ], [ -3.7931, 40.294 ], [ -3.7936, 40.2939 ], [ -3.7936, 40.2938 ], [ -3.7939, 40.2939 ], [ -3.794, 40.2938 ], [ -3.794, 40.2934 ], [ -3.7941, 40.2934 ], [ -3.794, 40.2932 ], [ -3.7939, 40.2933 ], [ -3.7918, 40.2932 ], [ -3.7918, 40.2934 ], [ -3.7908, 40.2934 ], [ -3.7906, 40.2932 ], [ -3.7909, 40.2919 ], [ -3.7911, 40.2919 ], [ -3.7911, 40.2917 ], [ -3.791, 40.2917 ], [ -3.7914, 40.2902 ], [ -3.7916, 40.2902 ], [ -3.7915, 40.2899 ], [ -3.7918, 40.289 ], [ -3.792, 40.289 ], [ -3.7922, 40.2882 ], [ -3.7931, 40.2882 ], [ -3.7943, 40.288 ], [ -3.7968, 40.288 ], [ -3.7961, 40.2878 ], [ -3.7962, 40.2877 ], [ -3.796, 40.2877 ], [ -3.796, 40.2878 ], [ -3.7956, 40.2878 ], [ -3.7956, 40.2877 ], [ -3.7947, 40.2878 ], [ -3.7947, 40.2876 ], [ -3.7946, 40.2876 ], [ -3.7945, 40.2879 ], [ -3.7933, 40.2881 ], [ -3.7934, 40.2878 ], [ -3.7932, 40.288 ], [ -3.7928, 40.288 ], [ -3.7928, 40.2879 ], [ -3.7927, 40.2881 ], [ -3.792, 40.2882 ], [ -3.7921, 40.2879 ], [ -3.7919, 40.2879 ], [ -3.7918, 40.2882 ], [ -3.7913, 40.2884 ], [ -3.79, 40.2882 ], [ -3.7899, 40.2881 ], [ -3.79, 40.2881 ], [ -3.79, 40.2879 ], [ -3.7897, 40.2879 ], [ -3.7881, 40.2868 ], [ -3.7881, 40.2866 ], [ -3.7882, 40.2866 ], [ -3.7881, 40.2865 ], [ -3.7849, 40.2854 ], [ -3.7844, 40.285 ], [ -3.7842, 40.285 ], [ -3.7843, 40.2846 ], [ -3.7842, 40.2845 ], [ -3.7841, 40.2846 ], [ -3.7842, 40.2835 ], [ -3.7843, 40.2832 ], [ -3.7844, 40.2832 ], [ -3.7845, 40.2825 ], [ -3.7852, 40.2818 ], [ -3.7852, 40.2811 ], [ -3.7853, 40.281 ], [ -3.7853, 40.2811 ], [ -3.787, 40.2814 ], [ -3.787, 40.2814 ], [ -3.7872, 40.2814 ], [ -3.7872, 40.2813 ], [ -3.7871, 40.2813 ], [ -3.7871, 40.2813 ], [ -3.7871, 40.2813 ], [ -3.7871, 40.2813 ], [ -3.7871, 40.2814 ], [ -3.7871, 40.2814 ], [ -3.7871, 40.2814 ], [ -3.7871, 40.2814 ], [ -3.7871, 40.2814 ], [ -3.7871, 40.2814 ], [ -3.7871, 40.2814 ], [ -3.7871, 40.2814 ], [ -3.7871, 40.2814 ], [ -3.7871, 40.2814 ], [ -3.7871, 40.2814 ], [ -3.7871, 40.2814 ], [ -3.7871, 40.2814 ], [ -3.7871, 40.2814 ], [ -3.7871, 40.2814 ], [ -3.7871, 40.2814 ], [ -3.7871, 40.2814 ], [ -3.7866, 40.2812 ], [ -3.7856, 40.281 ], [ -3.7853, 40.2808 ], [ -3.7829, 40.2803 ], [ -3.7819, 40.28 ], [ -3.7819, 40.2799 ], [ -3.7813, 40.2798 ], [ -3.7813, 40.2797 ], [ -3.7818, 40.2793 ], [ -3.7825, 40.279 ], [ -3.7825, 40.2789 ], [ -3.7834, 40.2788 ], [ -3.7851, 40.2793 ], [ -3.7869, 40.2793 ], [ -3.7869, 40.2794 ], [ -3.7883, 40.2797 ], [ -3.7884, 40.28 ], [ -3.7885, 40.2798 ], [ -3.7926, 40.2798 ], [ -3.7938, 40.2805 ], [ -3.7945, 40.2805 ], [ -3.7964, 40.2801 ], [ -3.7996, 40.2798 ], [ -3.7984, 40.2812 ], [ -3.7994, 40.2801 ], [ -3.7995, 40.2802 ], [ -3.7998, 40.2799 ], [ -3.8016, 40.2806 ], [ -3.8017, 40.2805 ], [ -3.8016, 40.2804 ], [ -3.8, 40.2798 ], [ -3.8, 40.2797 ], [ -3.8008, 40.2789 ], [ -3.8012, 40.2786 ], [ -3.8013, 40.2787 ], [ -3.8023, 40.2777 ], [ -3.8022, 40.2776 ], [ -3.8025, 40.2773 ], [ -3.8031, 40.2769 ], [ -3.8057, 40.2743 ], [ -3.806, 40.2741 ], [ -3.8082, 40.2759 ], [ -3.8084, 40.2758 ], [ -3.8067, 40.2744 ], [ -3.8065, 40.2741 ], [ -3.8066, 40.2741 ], [ -3.8065, 40.2736 ], [ -3.8071, 40.2731 ], [ -3.8069, 40.2729 ], [ -3.8064, 40.2735 ], [ -3.8061, 40.2734 ], [ -3.8062, 40.2735 ], [ -3.8061, 40.2738 ], [ -3.8054, 40.2734 ], [ -3.8039, 40.273 ], [ -3.8029, 40.2731 ], [ -3.7996, 40.274 ], [ -3.7992, 40.274 ], [ -3.7992, 40.2741 ], [ -3.7988, 40.2742 ], [ -3.7975, 40.2744 ], [ -3.7955, 40.2744 ], [ -3.7954, 40.2743 ], [ -3.7949, 40.2711 ], [ -3.7949, 40.2704 ], [ -3.7849, 40.2715 ], [ -3.7821, 40.2717 ], [ -3.7799, 40.2716 ], [ -3.7799, 40.2717 ], [ -3.7787, 40.2723 ], [ -3.7787, 40.2724 ], [ -3.7774, 40.273 ], [ -3.78, 40.2723 ], [ -3.78, 40.2724 ], [ -3.7806, 40.2724 ], [ -3.7817, 40.2733 ], [ -3.782, 40.2738 ], [ -3.782, 40.2761 ], [ -3.7823, 40.2775 ], [ -3.7821, 40.2778 ], [ -3.78, 40.2774 ], [ -3.7789, 40.277 ], [ -3.7788, 40.2772 ], [ -3.7789, 40.2775 ], [ -3.7788, 40.2776 ], [ -3.7761, 40.2785 ], [ -3.7742, 40.2785 ], [ -3.7741, 40.2784 ], [ -3.7742, 40.2785 ], [ -3.7719, 40.2786 ], [ -3.7706, 40.2786 ], [ -3.7695, 40.2782 ], [ -3.7682, 40.2781 ], [ -3.7618, 40.2751 ], [ -3.7592, 40.2745 ], [ -3.7583, 40.2741 ], [ -3.7563, 40.2735 ], [ -3.7542, 40.2732 ], [ -3.7533, 40.2729 ], [ -3.7543, 40.2715 ], [ -3.7545, 40.271 ], [ -3.7543, 40.271 ], [ -3.7552, 40.2698 ], [ -3.7555, 40.2692 ], [ -3.7554, 40.2692 ], [ -3.7579, 40.2657 ], [ -3.7588, 40.2642 ], [ -3.7589, 40.2641 ], [ -3.7594, 40.2643 ], [ -3.7594, 40.2644 ], [ -3.76, 40.2645 ], [ -3.76, 40.2644 ], [ -3.7604, 40.2644 ], [ -3.7604, 40.2643 ], [ -3.761, 40.2641 ], [ -3.7607, 40.2637 ], [ -3.7614, 40.2634 ], [ -3.7599, 40.2629 ], [ -3.7622, 40.2593 ], [ -3.7623, 40.2593 ], [ -3.7639, 40.2554 ], [ -3.7649, 40.2544 ], [ -3.7715, 40.2582 ], [ -3.7721, 40.2587 ], [ -3.7699, 40.2621 ], [ -3.7695, 40.2622 ], [ -3.7695, 40.2626 ], [ -3.7686, 40.2639 ], [ -3.7689, 40.264 ], [ -3.7688, 40.264 ], [ -3.7689, 40.264 ], [ -3.7697, 40.2627 ], [ -3.7702, 40.2625 ], [ -3.7702, 40.2623 ], [ -3.7703, 40.2623 ], [ -3.7702, 40.2622 ], [ -3.772, 40.2597 ], [ -3.7724, 40.2589 ], [ -3.7727, 40.2589 ], [ -3.7727, 40.2588 ], [ -3.7739, 40.26 ], [ -3.7743, 40.2608 ], [ -3.7744, 40.2613 ], [ -3.7744, 40.2653 ], [ -3.7749, 40.2671 ], [ -3.7756, 40.2684 ], [ -3.7768, 40.2699 ], [ -3.7786, 40.2713 ], [ -3.7789, 40.2712 ], [ -3.7776, 40.2703 ], [ -3.7771, 40.2698 ], [ -3.7761, 40.2686 ], [ -3.7751, 40.2669 ], [ -3.7748, 40.266 ], [ -3.7748, 40.2609 ], [ -3.7746, 40.2603 ], [ -3.7738, 40.259 ], [ -3.7723, 40.258 ], [ -3.7697, 40.2566 ], [ -3.7684, 40.2557 ], [ -3.7675, 40.2553 ], [ -3.7662, 40.2544 ], [ -3.7662, 40.2539 ], [ -3.7665, 40.2533 ], [ -3.7678, 40.2525 ], [ -3.7744, 40.2507 ], [ -3.7752, 40.2504 ], [ -3.775, 40.2501 ], [ -3.7732, 40.2509 ], [ -3.7683, 40.2522 ], [ -3.7665, 40.2528 ], [ -3.7665, 40.2529 ], [ -3.7657, 40.2533 ], [ -3.7649, 40.2539 ], [ -3.7638, 40.2551 ], [ -3.7636, 40.2556 ], [ -3.7633, 40.2557 ], [ -3.7621, 40.2587 ], [ -3.7616, 40.2596 ], [ -3.7615, 40.2596 ], [ -3.7599, 40.2619 ], [ -3.7597, 40.2621 ], [ -3.7578, 40.2627 ], [ -3.7568, 40.2629 ], [ -3.7567, 40.2628 ], [ -3.7572, 40.2634 ], [ -3.7581, 40.2637 ], [ -3.7581, 40.2644 ], [ -3.7579, 40.2649 ], [ -3.7551, 40.2689 ], [ -3.7551, 40.2691 ], [ -3.7547, 40.2696 ], [ -3.7544, 40.2695 ], [ -3.7536, 40.2705 ], [ -3.7525, 40.2723 ], [ -3.7523, 40.2723 ], [ -3.7507, 40.2713 ], [ -3.7505, 40.2712 ], [ -3.7504, 40.2713 ], [ -3.7495, 40.2708 ], [ -3.7495, 40.2707 ], [ -3.7481, 40.2699 ], [ -3.7467, 40.2689 ], [ -3.7449, 40.2679 ], [ -3.7448, 40.2677 ], [ -3.7444, 40.2676 ], [ -3.7425, 40.2661 ], [ -3.741, 40.2646 ], [ -3.7401, 40.2641 ], [ -3.74, 40.2643 ], [ -3.7401, 40.2645 ], [ -3.7414, 40.2652 ], [ -3.744, 40.2677 ], [ -3.7463, 40.269 ], [ -3.749, 40.2707 ], [ -3.749, 40.2708 ], [ -3.7519, 40.2724 ], [ -3.7522, 40.2727 ], [ -3.7522, 40.273 ], [ -3.7521, 40.273 ], [ -3.7516, 40.2743 ], [ -3.7502, 40.2761 ], [ -3.751, 40.2763 ], [ -3.7515, 40.2753 ], [ -3.7514, 40.2753 ], [ -3.7518, 40.2748 ], [ -3.7527, 40.2749 ], [ -3.7522, 40.2747 ], [ -3.7521, 40.2745 ], [ -3.7529, 40.2734 ], [ -3.7535, 40.2733 ], [ -3.7573, 40.2741 ], [ -3.7577, 40.2745 ], [ -3.7587, 40.2749 ], [ -3.7602, 40.2749 ], [ -3.7609, 40.2751 ], [ -3.761, 40.2754 ], [ -3.7601, 40.2766 ], [ -3.7606, 40.2765 ], [ -3.7614, 40.2754 ], [ -3.7619, 40.2754 ], [ -3.7644, 40.2766 ], [ -3.7646, 40.2766 ], [ -3.7648, 40.2769 ], [ -3.7654, 40.2772 ], [ -3.7657, 40.2771 ], [ -3.7657, 40.2772 ], [ -3.7665, 40.2775 ], [ -3.7689, 40.279 ], [ -3.769, 40.2792 ], [ -3.7692, 40.2792 ], [ -3.7696, 40.2798 ], [ -3.7701, 40.2799 ], [ -3.7701, 40.2819 ], [ -3.7702, 40.2821 ], [ -3.7701, 40.2821 ], [ -3.77, 40.2824 ], [ -3.7678, 40.2834 ], [ -3.7674, 40.2834 ], [ -3.7676, 40.2836 ], [ -3.7679, 40.2837 ], [ -3.7679, 40.2836 ], [ -3.7685, 40.2833 ], [ -3.7701, 40.2826 ], [ -3.7705, 40.2827 ], [ -3.7708, 40.2826 ], [ -3.7708, 40.2827 ], [ -3.7712, 40.2828 ], [ -3.7729, 40.2828 ], [ -3.7745, 40.2832 ], [ -3.7748, 40.2834 ], [ -3.7774, 40.2838 ], [ -3.7775, 40.2841 ], [ -3.7786, 40.2841 ], [ -3.7789, 40.2843 ], [ -3.7792, 40.2843 ], [ -3.7792, 40.2844 ], [ -3.7805, 40.2851 ], [ -3.7817, 40.2863 ], [ -3.7816, 40.2869 ], [ -3.782, 40.287 ], [ -3.7822, 40.2872 ], [ -3.7824, 40.2881 ], [ -3.7824, 40.2914 ], [ -3.7827, 40.292 ], [ -3.7829, 40.2921 ], [ -3.7828, 40.2923 ], [ -3.783, 40.2925 ], [ -3.7827, 40.2928 ], [ -3.783, 40.2928 ], [ -3.7832, 40.2926 ], [ -3.7845, 40.2928 ], [ -3.7844, 40.2929 ], [ -3.7846, 40.293 ], [ -3.7847, 40.2928 ], [ -3.7861, 40.2931 ], [ -3.7863, 40.2929 ], [ -3.7876, 40.2931 ], [ -3.7875, 40.2932 ], [ -3.788, 40.2931 ], [ -3.788, 40.2932 ], [ -3.7894, 40.2934 ], [ -3.7894, 40.2935 ], [ -3.7896, 40.2933 ], [ -3.7894, 40.2931 ], [ -3.7881, 40.2929 ], [ -3.7879, 40.2927 ], [ -3.7878, 40.2928 ], [ -3.7865, 40.2927 ], [ -3.7865, 40.2925 ], [ -3.786, 40.2927 ], [ -3.7852, 40.2926 ], [ -3.785, 40.2924 ], [ -3.7838, 40.2923 ], [ -3.783, 40.2918 ], [ -3.7828, 40.2914 ], [ -3.7828, 40.2879 ], [ -3.7827, 40.2879 ], [ -3.7825, 40.2868 ], [ -3.7824, 40.2868 ], [ -3.7834, 40.286 ], [ -3.7839, 40.2852 ], [ -3.7844, 40.2853 ], [ -3.785, 40.2858 ], [ -3.7852, 40.2857 ], [ -3.7859, 40.2859 ], [ -3.7874, 40.2865 ], [ -3.7873, 40.2866 ], [ -3.7875, 40.2867 ], [ -3.788, 40.2868 ], [ -3.7888, 40.2874 ], [ -3.789, 40.2878 ], [ -3.7891, 40.2877 ], [ -3.7896, 40.2881 ], [ -3.7898, 40.2884 ], [ -3.7902, 40.2883 ], [ -3.7915, 40.2886 ], [ -3.7916, 40.289 ], [ -3.7912, 40.2899 ], [ -3.7911, 40.2899 ], [ -3.7907, 40.2917 ], [ -3.7905, 40.2916 ], [ -3.7905, 40.2918 ], [ -3.7906, 40.2918 ], [ -3.7903, 40.2929 ], [ -3.7905, 40.2929 ], [ -3.79, 40.295 ], [ -3.7898, 40.295 ], [ -3.7897, 40.2954 ], [ -3.7894, 40.2954 ], [ -3.7892, 40.2956 ], [ -3.7894, 40.2956 ], [ -3.7895, 40.2958 ], [ -3.7892, 40.296 ], [ -3.789, 40.2964 ] ], [ [ -3.7836, 40.2853 ], [ -3.7829, 40.2862 ], [ -3.7826, 40.2864 ], [ -3.7821, 40.2865 ], [ -3.7818, 40.2862 ], [ -3.7817, 40.2859 ], [ -3.7803, 40.2846 ], [ -3.7788, 40.2839 ], [ -3.7782, 40.2838 ], [ -3.778, 40.2836 ], [ -3.7771, 40.2836 ], [ -3.777, 40.2835 ], [ -3.7763, 40.2835 ], [ -3.7753, 40.2833 ], [ -3.7753, 40.2832 ], [ -3.7736, 40.2828 ], [ -3.7736, 40.2827 ], [ -3.771, 40.2825 ], [ -3.7704, 40.2819 ], [ -3.7704, 40.2796 ], [ -3.777, 40.2803 ], [ -3.7785, 40.2803 ], [ -3.7807, 40.28 ], [ -3.7819, 40.2802 ], [ -3.7819, 40.2804 ], [ -3.785, 40.281 ], [ -3.785, 40.2816 ], [ -3.7843, 40.2823 ], [ -3.7842, 40.283 ], [ -3.784, 40.2831 ], [ -3.7839, 40.2847 ], [ -3.7836, 40.2848 ], [ -3.7837, 40.2849 ], [ -3.7836, 40.2853 ] ], [ [ -3.7736, 40.2796 ], [ -3.77, 40.2794 ], [ -3.7699, 40.279 ], [ -3.7711, 40.2787 ], [ -3.7718, 40.2787 ], [ -3.7718, 40.2788 ], [ -3.776, 40.2787 ], [ -3.7787, 40.2779 ], [ -3.7789, 40.2777 ], [ -3.7806, 40.2777 ], [ -3.7819, 40.2781 ], [ -3.783, 40.2781 ], [ -3.7831, 40.2783 ], [ -3.7831, 40.2786 ], [ -3.7817, 40.2791 ], [ -3.7814, 40.2795 ], [ -3.7807, 40.2799 ], [ -3.7805, 40.2799 ], [ -3.7805, 40.2797 ], [ -3.7797, 40.2799 ], [ -3.7786, 40.2798 ], [ -3.7786, 40.2799 ], [ -3.7767, 40.2799 ], [ -3.7761, 40.2797 ], [ -3.7739, 40.2797 ], [ -3.7736, 40.2796 ] ], [ [ -3.7833, 40.2781 ], [ -3.7847, 40.2773 ], [ -3.785, 40.2769 ], [ -3.7862, 40.276 ], [ -3.7863, 40.2757 ], [ -3.7878, 40.2749 ], [ -3.789, 40.2746 ], [ -3.7905, 40.2745 ], [ -3.7906, 40.2746 ], [ -3.7916, 40.2746 ], [ -3.7916, 40.2747 ], [ -3.7946, 40.275 ], [ -3.7958, 40.275 ], [ -3.8036, 40.2732 ], [ -3.8048, 40.2734 ], [ -3.8048, 40.2735 ], [ -3.8057, 40.2739 ], [ -3.7997, 40.2796 ], [ -3.7975, 40.2799 ], [ -3.7963, 40.2799 ], [ -3.7951, 40.2802 ], [ -3.7949, 40.2801 ], [ -3.794, 40.2803 ], [ -3.794, 40.2802 ], [ -3.7937, 40.2802 ], [ -3.7934, 40.2799 ], [ -3.7935, 40.2799 ], [ -3.7933, 40.2796 ], [ -3.7923, 40.2797 ], [ -3.7905, 40.2795 ], [ -3.7887, 40.2795 ], [ -3.7882, 40.2793 ], [ -3.788, 40.2789 ], [ -3.7877, 40.279 ], [ -3.7879, 40.2792 ], [ -3.7877, 40.2793 ], [ -3.7872, 40.2791 ], [ -3.7854, 40.2791 ], [ -3.7838, 40.2787 ], [ -3.7833, 40.2784 ], [ -3.7833, 40.2781 ] ], [ [ -3.788, 40.2746 ], [ -3.7858, 40.2758 ], [ -3.7856, 40.2758 ], [ -3.7839, 40.2772 ], [ -3.7833, 40.2775 ], [ -3.7825, 40.2777 ], [ -3.7822, 40.2763 ], [ -3.7822, 40.2739 ], [ -3.7819, 40.2733 ], [ -3.7807, 40.2723 ], [ -3.7818, 40.272 ], [ -3.7947, 40.2708 ], [ -3.7952, 40.2744 ], [ -3.7892, 40.2743 ], [ -3.788, 40.2746 ] ] ] } },
{ "type": "Feature", "properties": { "municipio": "Fuenlabrada", "clasificacion": "urbano-consolidado", "calificacion": "equipamiento", "version": "vigente", "fuente": "SIT-CAM WFS — UsoDelSuelo:VPLA_V_CLASIFICACION (https://idem.comunidad.madrid/geosrvg/ows)", "fecha_dato": "2026-05-12", "ambito": "38885", "_raw_CD_SIGLAS": "SG", "_raw_DS_CLASIF_GEN": "Sistemas Generales", "_raw_DS_CLASIF_DET": "Sistemas Generales. Parque Urbano", "_raw_DS_DOCU": "PLAN GENERAL", "_raw_DS_LEY": null, "_raw_FC_AC": "1999-04-15", "_raw_NM_AREA_M2": 3150.0779977940101, "_cam_code": "058" }, "geometry": { "type": "Polygon", "coordinates": [ [ [ -3.8095, 40.2767 ], [ -3.8097, 40.2769 ], [ -3.8111, 40.2772 ], [ -3.8095, 40.2764 ], [ -3.8095, 40.2767 ] ] ] } },
{ "type": "Feature", "properties": { "municipio": "Fuenlabrada", "clasificacion": "urbano-consolidado", "calificacion": "equipamiento", "version": "vigente", "fuente": "SIT-CAM WFS — UsoDelSuelo:VPLA_V_CLASIFICACION (https://idem.comunidad.madrid/geosrvg/ows)", "fecha_dato": "2026-05-12", "ambito": "38885", "_raw_CD_SIGLAS": "SG", "_raw_DS_CLASIF_GEN": "Sistemas Generales", "_raw_DS_CLASIF_DET": "Sistemas Generales. Parque Urbano", "_raw_DS_DOCU": "PLAN GENERAL", "_raw_DS_LEY": null, "_raw_FC_AC": "1999-04-15", "_raw_NM_AREA_M2": 7245.7317881112303, "_cam_code": "058" }, "geometry": { "type": "Polygon", "coordinates": [ [ [ -3.8066, 40.2739 ], [ -3.8066, 40.2741 ], [ -3.8065, 40.2741 ], [ -3.8067, 40.2744 ], [ -3.8084, 40.2758 ], [ -3.8087, 40.2757 ], [ -3.8066, 40.2739 ] ] ] } },
{ "type": "Feature", "properties": { "municipio": "Fuenlabrada", "clasificacion": "urbano-consolidado", "calificacion": "equipamiento", "version": "vigente", "fuente": "SIT-CAM WFS — UsoDelSuelo:VPLA_V_CLASIFICACION (https://idem.comunidad.madrid/geosrvg/ows)", "fecha_dato": "2026-05-12", "ambito": "38885", "_raw_CD_SIGLAS": "SG", "_raw_DS_CLASIF_GEN": "Sistemas Generales", "_raw_DS_CLASIF_DET": "Sistemas Generales. Red Ferroviaria", "_raw_DS_DOCU": "PLAN GENERAL", "_raw_DS_LEY": null, "_raw_FC_AC": "1999-04-15", "_raw_NM_AREA_M2": 6926.2978336924498, "_cam_code": "058" }, "geometry": { "type": "Polygon", "coordinates": [ [ [ -3.8169, 40.2858 ], [ -3.8167, 40.2858 ], [ -3.8174, 40.2868 ], [ -3.8185, 40.2888 ], [ -3.8188, 40.2888 ], [ -3.8169, 40.2858 ] ] ] } },
{ "type": "Feature", "properties": { "municipio": "Fuenlabrada", "clasificacion": "urbano-consolidado", "calificacion": "equipamiento", "version": "vigente", "fuente": "SIT-CAM WFS — UsoDelSuelo:VPLA_V_CLASIFICACION (https://idem.comunidad.madrid/geosrvg/ows)", "fecha_dato": "2026-05-12", "ambito": "38885", "_raw_CD_SIGLAS": "SG", "_raw_DS_CLASIF_GEN": "Sistemas Generales", "_raw_DS_CLASIF_DET": "Sistemas Generales. Red Viaria", "_raw_DS_DOCU": "PLAN GENERAL", "_raw_DS_LEY": null, "_raw_FC_AC": "1999-04-15", "_raw_NM_AREA_M2": 4694.7002308895499, "_cam_code": "058" }, "geometry": { "type": "Polygon", "coordinates": [ [ [ -3.7883, 40.2748 ], [ -3.7878, 40.2749 ], [ -3.7863, 40.2757 ], [ -3.7862, 40.276 ], [ -3.7872, 40.2754 ], [ -3.7878, 40.2752 ], [ -3.7884, 40.2752 ], [ -3.7883, 40.2748 ] ] ] } },
{ "type": "Feature", "properties": { "municipio": "Fuenlabrada", "clasificacion": "urbano-consolidado", "calificacion": "equipamiento", "version": "vigente", "fuente": "SIT-CAM WFS — UsoDelSuelo:VPLA_V_CLASIFICACION (https://idem.comunidad.madrid/geosrvg/ows)", "fecha_dato": "2026-05-12", "ambito": "38885", "_raw_CD_SIGLAS": "SG", "_raw_DS_CLASIF_GEN": "Sistemas Generales", "_raw_DS_CLASIF_DET": "Sistemas Generales. Vías Pecuarias", "_raw_DS_DOCU": "PLAN GENERAL", "_raw_DS_LEY": null, "_raw_FC_AC": "1999-04-15", "_raw_NM_AREA_M2": 5515.36344154364, "_cam_code": "058" }, "geometry": { "type": "Polygon", "coordinates": [ [ [ -3.7658, 40.2823 ], [ -3.7656, 40.2824 ], [ -3.7677, 40.2839 ], [ -3.7679, 40.2837 ], [ -3.7676, 40.2836 ], [ -3.7658, 40.2823 ] ] ] } },
{ "type": "Feature", "properties": { "municipio": "Fuenlabrada", "clasificacion": "urbano-consolidado", "calificacion": "equipamiento", "version": "vigente", "fuente": "SIT-CAM WFS — UsoDelSuelo:VPLA_V_CLASIFICACION (https://idem.comunidad.madrid/geosrvg/ows)", "fecha_dato": "2026-05-12", "ambito": "38885", "_raw_CD_SIGLAS": "SG", "_raw_DS_CLASIF_GEN": "Sistemas Generales", "_raw_DS_CLASIF_DET": "Sistemas Generales. Distribuidor Regional", "_raw_DS_DOCU": "PLAN GENERAL", "_raw_DS_LEY": null, "_raw_FC_AC": "1999-04-15", "_raw_NM_AREA_M2": 3145.2386499958202, "_cam_code": "058" }, "geometry": { "type": "Polygon", "coordinates": [ [ [ -3.8099, 40.2757 ], [ -3.8102, 40.2762 ], [ -3.8105, 40.2765 ], [ -3.8105, 40.2755 ], [ -3.8099, 40.2757 ] ] ] } },
{ "type": "Feature", "properties": { "municipio": "Fuenlabrada", "clasificacion": "urbano-consolidado", "calificacion": "equipamiento", "version": "vigente", "fuente": "SIT-CAM WFS — UsoDelSuelo:VPLA_V_CLASIFICACION (https://idem.comunidad.madrid/geosrvg/ows)", "fecha_dato": "2026-05-12", "ambito": "38885", "_raw_CD_SIGLAS": "SG", "_raw_DS_CLASIF_GEN": "Sistemas Generales", "_raw_DS_CLASIF_DET": "Sistemas Generales. Distribuidor Regional", "_raw_DS_DOCU": "PLAN GENERAL", "_raw_DS_LEY": null, "_raw_FC_AC": "1999-04-15", "_raw_NM_AREA_M2": 5906.8866177391301, "_cam_code": "058" }, "geometry": { "type": "Polygon", "coordinates": [ [ [ -3.8091, 40.2755 ], [ -3.8088, 40.2758 ], [ -3.8092, 40.2762 ], [ -3.8104, 40.2768 ], [ -3.8096, 40.276 ], [ -3.8094, 40.2754 ], [ -3.8091, 40.2755 ] ] ] } },
{ "type": "Feature", "properties": { "municipio": "Fuenlabrada", "clasificacion": "urbano-consolidado", "calificacion": "equipamiento", "version": "vigente", "fuente": "SIT-CAM WFS — UsoDelSuelo:VPLA_V_CLASIFICACION (https://idem.comunidad.madrid/geosrvg/ows)", "fecha_dato": "2026-05-12", "ambito": "38885", "_raw_CD_SIGLAS": "SG", "_raw_DS_CLASIF_GEN": "Sistemas Generales", "_raw_DS_CLASIF_DET": "Sistemas Generales. Vías Pecuarias", "_raw_DS_DOCU": "PLAN GENERAL", "_raw_DS_LEY": null, "_raw_FC_AC": "1999-04-15", "_raw_NM_AREA_M2": 8923.20647852607, "_cam_code": "058" }, "geometry": { "type": "Polygon", "coordinates": [ [ [ -3.8072, 40.2713 ], [ -3.8066, 40.2725 ], [ -3.806, 40.2734 ], [ -3.8062, 40.2734 ], [ -3.8067, 40.2725 ], [ -3.8069, 40.2724 ], [ -3.8072, 40.2717 ], [ -3.8082, 40.2711 ], [ -3.8081, 40.271 ], [ -3.8074, 40.2713 ], [ -3.8075, 40.2712 ], [ -3.8075, 40.2707 ], [ -3.8072, 40.2702 ], [ -3.8072, 40.2713 ] ] ] } },
{ "type": "Feature", "properties": { "municipio": "Fuenlabrada", "clasificacion": "urbano-consolidado", "calificacion": "equipamiento", "version": "vigente", "fuente": "SIT-CAM WFS — UsoDelSuelo:VPLA_V_CLASIFICACION (https://idem.comunidad.madrid/geosrvg/ows)", "fecha_dato": "2026-05-12", "ambito": "38885", "_raw_CD_SIGLAS": "SG", "_raw_DS_CLASIF_GEN": "Sistemas Generales", "_raw_DS_CLASIF_DET": "Sistemas Generales. Parque Urbano", "_raw_DS_DOCU": "PLAN GENERAL", "_raw_DS_LEY": null, "_raw_FC_AC": "1999-04-15", "_raw_NM_AREA_M2": 659978.80663504801, "_cam_code": "058" }, "geometry": { "type": "Polygon", "coordinates": [ [ [ -3.7802, 40.2915 ], [ -3.7825, 40.2919 ], [ -3.7825, 40.2922 ], [ -3.7828, 40.2922 ], [ -3.7828, 40.2923 ], [ -3.7829, 40.2922 ], [ -3.7824, 40.2914 ], [ -3.7824, 40.2881 ], [ -3.7822, 40.2872 ], [ -3.782, 40.287 ], [ -3.7816, 40.2869 ], [ -3.7817, 40.2863 ], [ -3.7809, 40.2854 ], [ -3.7799, 40.2847 ], [ -3.7792, 40.2844 ], [ -3.7792, 40.2843 ], [ -3.7789, 40.2843 ], [ -3.7786, 40.2841 ], [ -3.7775, 40.2841 ], [ -3.7774, 40.2838 ], [ -3.7748, 40.2834 ], [ -3.7745, 40.2832 ], [ -3.7735, 40.283 ], [ -3.7735, 40.2829 ], [ -3.7712, 40.2828 ], [ -3.7708, 40.2827 ], [ -3.7708, 40.2826 ], [ -3.7705, 40.2827 ], [ -3.7701, 40.2826 ], [ -3.7712, 40.2839 ], [ -3.7712, 40.2846 ], [ -3.7719, 40.2856 ], [ -3.772, 40.2864 ], [ -3.7721, 40.2864 ], [ -3.7724, 40.2877 ], [ -3.7757, 40.2903 ], [ -3.7758, 40.29 ], [ -3.7761, 40.2907 ], [ -3.7761, 40.2911 ], [ -3.7757, 40.2915 ], [ -3.7756, 40.2918 ], [ -3.7771, 40.2919 ], [ -3.7784, 40.2916 ], [ -3.7802, 40.2915 ] ] ] } },
{ "type": "Feature", "properties": { "municipio": "Fuenlabrada", "clasificacion": "urbano-consolidado", "calificacion": "equipamiento", "version": "vigente", "fuente": "SIT-CAM WFS — UsoDelSuelo:VPLA_V_CLASIFICACION (https://idem.comunidad.madrid/geosrvg/ows)", "fecha_dato": "2026-05-12", "ambito": "38885", "_raw_CD_SIGLAS": "SG", "_raw_DS_CLASIF_GEN": "Sistemas Generales", "_raw_DS_CLASIF_DET": "Sistemas Generales. Deportivo", "_raw_DS_DOCU": "PLAN GENERAL", "_raw_DS_LEY": null, "_raw_FC_AC": "1999-04-15", "_raw_NM_AREA_M2": 181906.53608867599, "_cam_code": "058" }, "geometry": { "type": "Polygon", "coordinates": [ [ [ -3.7645, 40.2796 ], [ -3.7674, 40.2809 ], [ -3.7677, 40.2809 ], [ -3.77, 40.2824 ], [ -3.7701, 40.2821 ], [ -3.7702, 40.2821 ], [ -3.7701, 40.2819 ], [ -3.7701, 40.2799 ], [ -3.7696, 40.2798 ], [ -3.7692, 40.2792 ], [ -3.769, 40.2792 ], [ -3.7689, 40.279 ], [ -3.7665, 40.2775 ], [ -3.7657, 40.2772 ], [ -3.7657, 40.2771 ], [ -3.7653, 40.2772 ], [ -3.7651, 40.2774 ], [ -3.7648, 40.2774 ], [ -3.7647, 40.2773 ], [ -3.7648, 40.2768 ], [ -3.7646, 40.2766 ], [ -3.7616, 40.2772 ], [ -3.7623, 40.2779 ], [ -3.7645, 40.2791 ], [ -3.7645, 40.2796 ] ] ] } },
{ "type": "Feature", "properties": { "municipio": "Fuenlabrada", "clasificacion": "urbano-consolidado", "calificacion": "equipamiento", "version": "vigente", "fuente": "SIT-CAM WFS — UsoDelSuelo:VPLA_V_CLASIFICACION (https://idem.comunidad.madrid/geosrvg/ows)", "fecha_dato": "2026-05-12", "ambito": "38885", "_raw_CD_SIGLAS": "SG", "_raw_DS_CLASIF_GEN": "Sistemas Generales", "_raw_DS_CLASIF_DET": "Sistemas Generales. Parque Metropolitano", "_raw_DS_DOCU": "PLAN GENERAL", "_raw_DS_LEY": null, "_raw_FC_AC": "1999-04-15", "_raw_NM_AREA_M2": 89357.914564655701, "_cam_code": "058" }, "geometry": { "type": "Polygon", "coordinates": [ [ [ -3.7677, 40.2834 ], [ -3.77, 40.2824 ], [ -3.7677, 40.2809 ], [ -3.7674, 40.2809 ], [ -3.7667, 40.2806 ], [ -3.7667, 40.2805 ], [ -3.7645, 40.2796 ], [ -3.7645, 40.2791 ], [ -3.7623, 40.2779 ], [ -3.7618, 40.2775 ], [ -3.7617, 40.2772 ], [ -3.76, 40.2775 ], [ -3.7601, 40.2778 ], [ -3.7597, 40.278 ], [ -3.7612, 40.2792 ], [ -3.7612, 40.2787 ], [ -3.7614, 40.2785 ], [ -3.7613, 40.2781 ], [ -3.7614, 40.278 ], [ -3.7624, 40.2788 ], [ -3.7626, 40.2788 ], [ -3.7626, 40.2789 ], [ -3.7628, 40.2789 ], [ -3.7632, 40.2792 ], [ -3.7664, 40.2804 ], [ -3.7665, 40.2806 ], [ -3.7676, 40.2811 ], [ -3.7675, 40.2813 ], [ -3.7672, 40.2813 ], [ -3.7674, 40.2817 ], [ -3.7675, 40.2817 ], [ -3.7659, 40.2823 ], [ -3.7674, 40.2834 ], [ -3.7677, 40.2834 ] ] ] } },
{ "type": "Feature", "properties": { "municipio": "Fuenlabrada", "clasificacion": "urbano-consolidado", "calificacion": "equipamiento", "version": "vigente", "fuente": "SIT-CAM WFS — UsoDelSuelo:VPLA_V_CLASIFICACION (https://idem.comunidad.madrid/geosrvg/ows)", "fecha_dato": "2026-05-12", "ambito": "38885", "_raw_CD_SIGLAS": "SG", "_raw_DS_CLASIF_GEN": "Sistemas Generales", "_raw_DS_CLASIF_DET": "Sistemas Generales. Parque Urbano", "_raw_DS_DOCU": "PLAN GENERAL", "_raw_DS_LEY": null, "_raw_FC_AC": "1999-04-15", "_raw_NM_AREA_M2": 13920.6388080094, "_cam_code": "058" }, "geometry": { "type": "Polygon", "coordinates": [ [ [ -3.8071, 40.2731 ], [ -3.8074, 40.2733 ], [ -3.809, 40.2747 ], [ -3.8079, 40.2723 ], [ -3.8071, 40.2731 ] ] ] } },
{ "type": "Feature", "properties": { "municipio": "Fuenlabrada", "clasificacion": "urbano-consolidado", "calificacion": "equipamiento", "version": "vigente", "fuente": "SIT-CAM WFS — UsoDelSuelo:VPLA_V_CLASIFICACION (https://idem.comunidad.madrid/geosrvg/ows)", "fecha_dato": "2026-05-12", "ambito": "38885", "_raw_CD_SIGLAS": "SG", "_raw_DS_CLASIF_GEN": "Sistemas Generales", "_raw_DS_CLASIF_DET": "Sistemas Generales. Parque Urbano", "_raw_DS_DOCU": "PLAN GENERAL", "_raw_DS_LEY": null, "_raw_FC_AC": "1999-04-15", "_raw_NM_AREA_M2": 25825.936067590301, "_cam_code": "058" }, "geometry": { "type": "Polygon", "coordinates": [ [ [ -3.8072, 40.2711 ], [ -3.8061, 40.2702 ], [ -3.8048, 40.2698 ], [ -3.805, 40.2703 ], [ -3.8066, 40.2725 ], [ -3.8072, 40.2711 ] ] ] } },
{ "type": "Feature", "properties": { "municipio": "Fuenlabrada", "clasificacion": "urbano-consolidado", "calificacion": "equipamiento", "version": "vigente", "fuente": "SIT-CAM WFS — UsoDelSuelo:VPLA_V_CLASIFICACION (https://idem.comunidad.madrid/geosrvg/ows)", "fecha_dato": "2026-05-12", "ambito": "38885", "_raw_CD_SIGLAS": "SG", "_raw_DS_CLASIF_GEN": "Sistemas Generales", "_raw_DS_CLASIF_DET": "Sistemas Generales. Red Viaria", "_raw_DS_DOCU": "PLAN GENERAL", "_raw_DS_LEY": null, "_raw_FC_AC": "1999-04-15", "_raw_NM_AREA_M2": 8136.7522748654701, "_cam_code": "058" }, "geometry": { "type": "Polygon", "coordinates": [ [ [ -3.8047, 40.2695 ], [ -3.8048, 40.2698 ], [ -3.8061, 40.2702 ], [ -3.8072, 40.2711 ], [ -3.8072, 40.2706 ], [ -3.8068, 40.2702 ], [ -3.8056, 40.2697 ], [ -3.8047, 40.2695 ] ] ] } },
{ "type": "Feature", "properties": { "municipio": "Fuenlabrada", "clasificacion": "urbano-consolidado", "calificacion": "equipamiento", "version": "vigente", "fuente": "SIT-CAM WFS — UsoDelSuelo:VPLA_V_CLASIFICACION (https://idem.comunidad.madrid/geosrvg/ows)", "fecha_dato": "2026-05-12", "ambito": "38885", "_raw_CD_SIGLAS": "SG", "_raw_DS_CLASIF_GEN": "Sistemas Generales", "_raw_DS_CLASIF_DET": "Sistemas Generales. Red Ferroviaria", "_raw_DS_DOCU": "PLAN GENERAL", "_raw_DS_LEY": null, "_raw_FC_AC": "1999-04-15", "_raw_NM_AREA_M2": 6297.5613345644397, "_cam_code": "058" }, "geometry": { "type": "Polygon", "coordinates": [ [ [ -3.8046, 40.2694 ], [ -3.8056, 40.2697 ], [ -3.8068, 40.2702 ], [ -3.8072, 40.2706 ], [ -3.8072, 40.2702 ], [ -3.8063, 40.2697 ], [ -3.8054, 40.2694 ], [ -3.8046, 40.2694 ] ] ] } },
{ "type": "Feature", "properties": { "municipio": "Fuenlabrada", "clasificacion": "urbano-consolidado", "calificacion": "equipamiento", "version": "vigente", "fuente": "SIT-CAM WFS — UsoDelSuelo:VPLA_V_CLASIFICACION (https://idem.comunidad.madrid/geosrvg/ows)", "fecha_dato": "2026-05-12", "ambito": "38885", "_raw_CD_SIGLAS": "SG", "_raw_DS_CLASIF_GEN": "Sistemas Generales", "_raw_DS_CLASIF_DET": "Sistemas Generales. Red Viaria", "_raw_DS_DOCU": "PLAN GENERAL", "_raw_DS_LEY": null, "_raw_FC_AC": "1999-04-15", "_raw_NM_AREA_M2": 861.39235101041697, "_cam_code": "058" }, "geometry": { "type": "Polygon", "coordinates": [ [ [ -3.8075, 40.2708 ], [ -3.8075, 40.2712 ], [ -3.8074, 40.2713 ], [ -3.8078, 40.2711 ], [ -3.8075, 40.2708 ] ] ] } },
{ "type": "Feature", "properties": { "municipio": "Fuenlabrada", "clasificacion": "urbano-consolidado", "calificacion": "equipamiento", "version": "vigente", "fuente": "SIT-CAM WFS — UsoDelSuelo:VPLA_V_CLASIFICACION (https://idem.comunidad.madrid/geosrvg/ows)", "fecha_dato": "2026-05-12", "ambito": "38885", "_raw_CD_SIGLAS": "SG", "_raw_DS_CLASIF_GEN": "Sistemas Generales", "_raw_DS_CLASIF_DET": "Sistemas Generales. Red Ferroviaria", "_raw_DS_DOCU": "PLAN GENERAL", "_raw_DS_LEY": null, "_raw_FC_AC": "1999-04-15", "_raw_NM_AREA_M2": 1606.6696547650699, "_cam_code": "058" }, "geometry": { "type": "Polygon", "coordinates": [ [ [ -3.808, 40.2712 ], [ -3.8081, 40.2713 ], [ -3.8084, 40.2719 ], [ -3.8085, 40.2718 ], [ -3.8084, 40.2713 ], [ -3.8082, 40.2711 ], [ -3.808, 40.2712 ] ] ] } },
{ "type": "Feature", "properties": { "municipio": "Fuenlabrada", "clasificacion": "urbano-consolidado", "calificacion": "equipamiento", "version": "vigente", "fuente": "SIT-CAM WFS — UsoDelSuelo:VPLA_V_CLASIFICACION (https://idem.comunidad.madrid/geosrvg/ows)", "fecha_dato": "2026-05-12", "ambito": "38885", "_raw_CD_SIGLAS": "SG", "_raw_DS_CLASIF_GEN": "Sistemas Generales", "_raw_DS_CLASIF_DET": "Sistemas Generales. Red Viaria", "_raw_DS_DOCU": "PLAN GENERAL", "_raw_DS_LEY": null, "_raw_FC_AC": "1999-04-15", "_raw_NM_AREA_M2": 20491.9066916175, "_cam_code": "058" }, "geometry": { "type": "Polygon", "coordinates": [ [ [ -3.8079, 40.2723 ], [ -3.809, 40.2747 ], [ -3.8093, 40.2752 ], [ -3.8094, 40.2749 ], [ -3.8089, 40.2731 ], [ -3.8085, 40.2722 ], [ -3.8082, 40.2722 ], [ -3.8083, 40.2721 ], [ -3.8082, 40.272 ], [ -3.8084, 40.2719 ], [ -3.8081, 40.2713 ], [ -3.8079, 40.2712 ], [ -3.8075, 40.2715 ], [ -3.8076, 40.2715 ], [ -3.8078, 40.2721 ], [ -3.8069, 40.2729 ], [ -3.8071, 40.2731 ], [ -3.8079, 40.2723 ] ] ] } },
{ "type": "Feature", "properties": { "municipio": "Fuenlabrada", "clasificacion": "urbano-consolidado", "calificacion": "equipamiento", "version": "vigente", "fuente": "SIT-CAM WFS — UsoDelSuelo:VPLA_V_CLASIFICACION (https://idem.comunidad.madrid/geosrvg/ows)", "fecha_dato": "2026-05-12", "ambito": "38885", "_raw_CD_SIGLAS": "SG", "_raw_DS_CLASIF_GEN": "Sistemas Generales", "_raw_DS_CLASIF_DET": "Sistemas Generales. Parque Urbano", "_raw_DS_DOCU": "PLAN GENERAL", "_raw_DS_LEY": null, "_raw_FC_AC": "1999-04-15", "_raw_NM_AREA_M2": 6667.04191588914, "_cam_code": "058" }, "geometry": { "type": "Polygon", "coordinates": [ [ [ -3.8076, 40.2715 ], [ -3.8072, 40.2717 ], [ -3.8069, 40.2724 ], [ -3.8067, 40.2725 ], [ -3.8069, 40.2729 ], [ -3.8078, 40.2721 ], [ -3.8076, 40.2715 ] ] ] } },
{ "type": "Feature", "properties": { "municipio": "Fuenlabrada", "clasificacion": "urbano-consolidado", "calificacion": "equipamiento", "version": "vigente", "fuente": "SIT-CAM WFS — UsoDelSuelo:VPLA_V_CLASIFICACION (https://idem.comunidad.madrid/geosrvg/ows)", "fecha_dato": "2026-05-12", "ambito": "38885", "_raw_CD_SIGLAS": "SG", "_raw_DS_CLASIF_GEN": "Sistemas Generales", "_raw_DS_CLASIF_DET": "Sistemas Generales. Red Ferroviaria", "_raw_DS_DOCU": "PLAN GENERAL", "_raw_DS_LEY": null, "_raw_FC_AC": "1999-04-15", "_raw_NM_AREA_M2": 29203.178907443998, "_cam_code": "058" }, "geometry": { "type": "Polygon", "coordinates": [ [ [ -3.8056, 40.2778 ], [ -3.8023, 40.28 ], [ -3.8, 40.2818 ], [ -3.8004, 40.2818 ], [ -3.8013, 40.281 ], [ -3.8084, 40.2761 ], [ -3.8088, 40.2757 ], [ -3.8097, 40.2752 ], [ -3.8088, 40.2723 ], [ -3.8085, 40.2722 ], [ -3.8089, 40.2731 ], [ -3.8094, 40.2751 ], [ -3.8087, 40.2757 ], [ -3.8073, 40.2765 ], [ -3.8056, 40.2778 ] ] ] } },
{ "type": "Feature", "properties": { "municipio": "Fuenlabrada", "clasificacion": "urbano-consolidado", "calificacion": "equipamiento", "version": "vigente", "fuente": "SIT-CAM WFS — UsoDelSuelo:VPLA_V_CLASIFICACION (https://idem.comunidad.madrid/geosrvg/ows)", "fecha_dato": "2026-05-12", "ambito": "38885", "_raw_CD_SIGLAS": "SG", "_raw_DS_CLASIF_GEN": "Sistemas Generales", "_raw_DS_CLASIF_DET": "Sistemas Generales. Distribuidor Regional", "_raw_DS_DOCU": "PLAN GENERAL", "_raw_DS_LEY": null, "_raw_FC_AC": "1999-04-15", "_raw_NM_AREA_M2": 25601.8576124545, "_cam_code": "058" }, "geometry": { "type": "Polygon", "coordinates": [ [ [ -3.8066, 40.2739 ], [ -3.8087, 40.2757 ], [ -3.8093, 40.2752 ], [ -3.809, 40.2747 ], [ -3.8071, 40.2731 ], [ -3.8065, 40.2736 ], [ -3.8066, 40.2739 ] ] ] } },
{ "type": "Feature", "properties": { "municipio": "Fuenlabrada", "clasificacion": "urbano-consolidado", "calificacion": "equipamiento", "version": "vigente", "fuente": "SIT-CAM WFS — UsoDelSuelo:VPLA_V_CLASIFICACION (https://idem.comunidad.madrid/geosrvg/ows)", "fecha_dato": "2026-05-12", "ambito": "38885", "_raw_CD_SIGLAS": "SG", "_raw_DS_CLASIF_GEN": "Sistemas Generales", "_raw_DS_CLASIF_DET": "Sistemas Generales. Distribuidor Regional", "_raw_DS_DOCU": "PLAN GENERAL", "_raw_DS_LEY": null, "_raw_FC_AC": "1999-04-15", "_raw_NM_AREA_M2": 2195.29431256522, "_cam_code": "058" }, "geometry": { "type": "Polygon", "coordinates": [ [ [ -3.8067, 40.2726 ], [ -3.8062, 40.2735 ], [ -3.8064, 40.2735 ], [ -3.8069, 40.2729 ], [ -3.8067, 40.2726 ] ] ] } },
{ "type": "Feature", "properties": { "municipio": "Fuenlabrada", "clasificacion": "urbano-consolidado", "calificacion": "equipamiento", "version": "vigente", "fuente": "SIT-CAM WFS — UsoDelSuelo:VPLA_V_CLASIFICACION (https://idem.comunidad.madrid/geosrvg/ows)", "fecha_dato": "2026-05-12", "ambito": "38885", "_raw_CD_SIGLAS": "SG", "_raw_DS_CLASIF_GEN": "Sistemas Generales", "_raw_DS_CLASIF_DET": "Sistemas Generales. Deportivo", "_raw_DS_DOCU": "PLAN GENERAL", "_raw_DS_LEY": null, "_raw_FC_AC": "1999-04-15", "_raw_NM_AREA_M2": 104606.497446797, "_cam_code": "058" }, "geometry": { "type": "Polygon", "coordinates": [ [ [ -3.7822, 40.2739 ], [ -3.7822, 40.2763 ], [ -3.7825, 40.2777 ], [ -3.7833, 40.2775 ], [ -3.7839, 40.2772 ], [ -3.7851, 40.2763 ], [ -3.7853, 40.276 ], [ -3.7871, 40.275 ], [ -3.7848, 40.2741 ], [ -3.7822, 40.2739 ] ] ] } },
{ "type": "Feature", "properties": { "municipio": "Fuenlabrada", "clasificacion": "urbano-consolidado", "calificacion": "equipamiento", "version": "vigente", "fuente": "SIT-CAM WFS — UsoDelSuelo:VPLA_V_CLASIFICACION (https://idem.comunidad.madrid/geosrvg/ows)", "fecha_dato": "2026-05-12", "ambito": "38885", "_raw_CD_SIGLAS": "SG", "_raw_DS_CLASIF_GEN": "Sistemas Generales", "_raw_DS_CLASIF_DET": "Sistemas Generales. Red Ferroviaria", "_raw_DS_DOCU": "PLAN GENERAL", "_raw_DS_LEY": null, "_raw_FC_AC": "1999-04-15", "_raw_NM_AREA_M2": 23160.2484217815, "_cam_code": "058" }, "geometry": { "type": "Polygon", "coordinates": [ [ [ -3.81, 40.2771 ], [ -3.812, 40.2777 ], [ -3.813, 40.2784 ], [ -3.8137, 40.2792 ], [ -3.8164, 40.2852 ], [ -3.8166, 40.2854 ], [ -3.8168, 40.2854 ], [ -3.8151, 40.2818 ], [ -3.8144, 40.28 ], [ -3.8137, 40.2788 ], [ -3.8131, 40.2782 ], [ -3.8118, 40.2774 ], [ -3.8104, 40.277 ], [ -3.8103, 40.277 ], [ -3.8098, 40.2769 ], [ -3.8097, 40.2769 ], [ -3.81, 40.2771 ] ] ] } },
{ "type": "Feature", "properties": { "municipio": "Fuenlabrada", "clasificacion": "urbano-consolidado", "calificacion": "equipamiento", "version": "vigente", "fuente": "SIT-CAM WFS — UsoDelSuelo:VPLA_V_CLASIFICACION (https://idem.comunidad.madrid/geosrvg/ows)", "fecha_dato": "2026-05-12", "ambito": "38885", "_raw_CD_SIGLAS": "SG", "_raw_DS_CLASIF_GEN": "Sistemas Generales", "_raw_DS_CLASIF_DET": "Sistemas Generales. Parque Metropolitano", "_raw_DS_DOCU": "PLAN GENERAL", "_raw_DS_LEY": null, "_raw_FC_AC": "1999-04-15", "_raw_NM_AREA_M2": 73893.405915052994, "_cam_code": "058" }, "geometry": { "type": "Polygon", "coordinates": [ [ [ -3.7539, 40.2753 ], [ -3.7588, 40.2772 ], [ -3.7584, 40.2769 ], [ -3.7601, 40.2766 ], [ -3.7602, 40.2762 ], [ -3.7577, 40.2757 ], [ -3.7565, 40.2757 ], [ -3.7556, 40.275 ], [ -3.7547, 40.2746 ], [ -3.7546, 40.2745 ], [ -3.7547, 40.274 ], [ -3.7543, 40.274 ], [ -3.7541, 40.2737 ], [ -3.7535, 40.2733 ], [ -3.7529, 40.2734 ], [ -3.7521, 40.2745 ], [ -3.7522, 40.2747 ], [ -3.7527, 40.2749 ], [ -3.7537, 40.2744 ], [ -3.7539, 40.2747 ], [ -3.7539, 40.2753 ] ] ] } },
{ "type": "Feature", "properties": { "municipio": "Fuenlabrada", "clasificacion": "urbano-consolidado", "calificacion": "equipamiento", "version": "vigente", "fuente": "SIT-CAM WFS — UsoDelSuelo:VPLA_V_CLASIFICACION (https://idem.comunidad.madrid/geosrvg/ows)", "fecha_dato": "2026-05-12", "ambito": "38885", "_raw_CD_SIGLAS": "SG", "_raw_DS_CLASIF_GEN": "Sistemas Generales", "_raw_DS_CLASIF_DET": "Sistemas Generales. Parque Metropolitano", "_raw_DS_DOCU": "PLAN GENERAL", "_raw_DS_LEY": null, "_raw_FC_AC": "1999-04-15", "_raw_NM_AREA_M2": 12641.8695751864, "_cam_code": "058" }, "geometry": { "type": "Polygon", "coordinates": [ [ [ -3.7614, 40.2754 ], [ -3.7606, 40.2765 ], [ -3.7631, 40.276 ], [ -3.7619, 40.2754 ], [ -3.7614, 40.2754 ] ] ] } },
{ "type": "Feature", "properties": { "municipio": "Fuenlabrada", "clasificacion": "urbano-consolidado", "calificacion": "equipamiento", "version": "vigente", "fuente": "SIT-CAM WFS — UsoDelSuelo:VPLA_V_CLASIFICACION (https://idem.comunidad.madrid/geosrvg/ows)", "fecha_dato": "2026-05-12", "ambito": "38885", "_raw_CD_SIGLAS": "SG", "_raw_DS_CLASIF_GEN": "Sistemas Generales", "_raw_DS_CLASIF_DET": "Sistemas Generales. Distribuidor Regional", "_raw_DS_DOCU": "PLAN GENERAL", "_raw_DS_LEY": null, "_raw_FC_AC": "1999-04-15", "_raw_NM_AREA_M2": 37065.328364027999, "_cam_code": "058" }, "geometry": { "type": "Polygon", "coordinates": [ [ [ -3.7631, 40.276 ], [ -3.7588, 40.2769 ], [ -3.7596, 40.2776 ], [ -3.7644, 40.2766 ], [ -3.7631, 40.276 ] ] ] } },
{ "type": "Feature", "properties": { "municipio": "Fuenlabrada", "clasificacion": "urbano-consolidado", "calificacion": "equipamiento", "version": "vigente", "fuente": "SIT-CAM WFS — UsoDelSuelo:VPLA_V_CLASIFICACION (https://idem.comunidad.madrid/geosrvg/ows)", "fecha_dato": "2026-05-12", "ambito": "38885", "_raw_CD_SIGLAS": "SG", "_raw_DS_CLASIF_GEN": "Sistemas Generales", "_raw_DS_CLASIF_DET": "Sistemas Generales. Parque Metropolitano", "_raw_DS_DOCU": "PLAN GENERAL", "_raw_DS_LEY": null, "_raw_FC_AC": "1999-04-15", "_raw_NM_AREA_M2": 887391.52299559803, "_cam_code": "058" }, "geometry": { "type": "Polygon", "coordinates": [ [ [ -3.7633, 40.2557 ], [ -3.7616, 40.2557 ], [ -3.7617, 40.2552 ], [ -3.7589, 40.2551 ], [ -3.7588, 40.255 ], [ -3.7584, 40.2551 ], [ -3.7581, 40.2543 ], [ -3.7568, 40.2524 ], [ -3.7568, 40.2522 ], [ -3.7567, 40.2522 ], [ -3.7567, 40.2519 ], [ -3.7563, 40.2508 ], [ -3.7561, 40.2505 ], [ -3.7554, 40.2505 ], [ -3.7543, 40.2508 ], [ -3.7543, 40.2509 ], [ -3.7513, 40.2523 ], [ -3.7539, 40.2533 ], [ -3.7541, 40.2534 ], [ -3.7541, 40.2536 ], [ -3.7521, 40.2568 ], [ -3.7517, 40.2571 ], [ -3.7502, 40.2572 ], [ -3.7497, 40.2574 ], [ -3.7495, 40.2577 ], [ -3.7494, 40.2584 ], [ -3.7495, 40.2589 ], [ -3.7501, 40.2599 ], [ -3.7506, 40.2603 ], [ -3.7521, 40.2609 ], [ -3.753, 40.2608 ], [ -3.7533, 40.2609 ], [ -3.7536, 40.2619 ], [ -3.7538, 40.2619 ], [ -3.754, 40.2622 ], [ -3.7538, 40.2624 ], [ -3.7539, 40.2628 ], [ -3.7541, 40.263 ], [ -3.7566, 40.2628 ], [ -3.7568, 40.2629 ], [ -3.7578, 40.2627 ], [ -3.7597, 40.2621 ], [ -3.7599, 40.2619 ], [ -3.7615, 40.2596 ], [ -3.7616, 40.2596 ], [ -3.7608, 40.2593 ], [ -3.7612, 40.2586 ], [ -3.762, 40.2588 ], [ -3.7621, 40.2587 ], [ -3.7633, 40.2557 ] ] ] } },
{ "type": "Feature", "properties": { "municipio": "Fuenlabrada", "clasificacion": "urbano-consolidado", "calificacion": "equipamiento", "version": "vigente", "fuente": "SIT-CAM WFS — UsoDelSuelo:VPLA_V_CLASIFICACION (https://idem.comunidad.madrid/geosrvg/ows)", "fecha_dato": "2026-05-12", "ambito": "38885", "_raw_CD_SIGLAS": "SG", "_raw_DS_CLASIF_GEN": "Sistemas Generales", "_raw_DS_CLASIF_DET": "Sistemas Generales. Cementerio", "_raw_DS_DOCU": "PLAN GENERAL", "_raw_DS_LEY": null, "_raw_FC_AC": "1999-04-15", "_raw_NM_AREA_M2": 269787.29521626001, "_cam_code": "058" }, "geometry": { "type": "Polygon", "coordinates": [ [ [ -3.7779, 40.2728 ], [ -3.7748, 40.2739 ], [ -3.7727, 40.2745 ], [ -3.78, 40.2774 ], [ -3.7821, 40.2778 ], [ -3.7823, 40.2775 ], [ -3.782, 40.2761 ], [ -3.782, 40.2738 ], [ -3.7817, 40.2733 ], [ -3.7806, 40.2724 ], [ -3.78, 40.2724 ], [ -3.78, 40.2723 ], [ -3.7779, 40.2728 ] ] ] } },
{ "type": "Feature", "properties": { "municipio": "Fuenlabrada", "clasificacion": "urbano-consolidado", "calificacion": "equipamiento", "version": "vigente", "fuente": "SIT-CAM WFS — UsoDelSuelo:VPLA_V_CLASIFICACION (https://idem.comunidad.madrid/geosrvg/ows)", "fecha_dato": "2026-05-12", "ambito": "38885", "_raw_CD_SIGLAS": "SG", "_raw_DS_CLASIF_GEN": "Sistemas Generales", "_raw_DS_CLASIF_DET": "Sistemas Generales. Parque Urbano", "_raw_DS_DOCU": "PLAN GENERAL", "_raw_DS_LEY": null, "_raw_FC_AC": "1999-04-15", "_raw_NM_AREA_M2": 69867.595750026594, "_cam_code": "058" }, "geometry": { "type": "Polygon", "coordinates": [ [ [ -3.7857, 40.2764 ], [ -3.785, 40.2769 ], [ -3.7842, 40.2777 ], [ -3.7833, 40.2781 ], [ -3.7833, 40.2784 ], [ -3.7838, 40.2787 ], [ -3.7854, 40.2791 ], [ -3.7872, 40.2791 ], [ -3.7877, 40.2793 ], [ -3.7879, 40.2792 ], [ -3.7877, 40.279 ], [ -3.7872, 40.2777 ], [ -3.7866, 40.2768 ], [ -3.7863, 40.2765 ], [ -3.7858, 40.2765 ], [ -3.7857, 40.2764 ] ] ] } },
{ "type": "Feature", "properties": { "municipio": "Fuenlabrada", "clasificacion": "urbano-consolidado", "calificacion": "equipamiento", "version": "vigente", "fuente": "SIT-CAM WFS — UsoDelSuelo:VPLA_V_CLASIFICACION (https://idem.comunidad.madrid/geosrvg/ows)", "fecha_dato": "2026-05-12", "ambito": "38885", "_raw_CD_SIGLAS": "SG", "_raw_DS_CLASIF_GEN": "Sistemas Generales", "_raw_DS_CLASIF_DET": "Sistemas Generales. Parque Urbano", "_raw_DS_DOCU": "PLAN GENERAL", "_raw_DS_LEY": null, "_raw_FC_AC": "1999-04-15", "_raw_NM_AREA_M2": 23821.462312527001, "_cam_code": "058" }, "geometry": { "type": "Polygon", "coordinates": [ [ [ -3.7824, 40.279 ], [ -3.7824, 40.2791 ], [ -3.7832, 40.2793 ], [ -3.7832, 40.2795 ], [ -3.7837, 40.2795 ], [ -3.7849, 40.2798 ], [ -3.7853, 40.2797 ], [ -3.7865, 40.2801 ], [ -3.7864, 40.2802 ], [ -3.7865, 40.2803 ], [ -3.7867, 40.2803 ], [ -3.7869, 40.2794 ], [ -3.7869, 40.2793 ], [ -3.7851, 40.2793 ], [ -3.7834, 40.2788 ], [ -3.7824, 40.279 ] ] ] } },
{ "type": "Feature", "properties": { "municipio": "Fuenlabrada", "clasificacion": "urbano-consolidado", "calificacion": "equipamiento", "version": "vigente", "fuente": "SIT-CAM WFS — UsoDelSuelo:VPLA_V_CLASIFICACION (https://idem.comunidad.madrid/geosrvg/ows)", "fecha_dato": "2026-05-12", "ambito": "38885", "_raw_CD_SIGLAS": "SG", "_raw_DS_CLASIF_GEN": "Sistemas Generales", "_raw_DS_CLASIF_DET": "Sistemas Generales. Red Ferroviaria", "_raw_DS_DOCU": "PLAN GENERAL", "_raw_DS_LEY": null, "_raw_FC_AC": "1999-04-15", "_raw_NM_AREA_M2": 44077.040085532601, "_cam_code": "058" }, "geometry": { "type": "Polygon", "coordinates": [ [ [ -3.7799, 40.2716 ], [ -3.7821, 40.2717 ], [ -3.7849, 40.2715 ], [ -3.8009, 40.2698 ], [ -3.8035, 40.2695 ], [ -3.8035, 40.2694 ], [ -3.7866, 40.2711 ], [ -3.7815, 40.2715 ], [ -3.7801, 40.2714 ], [ -3.7799, 40.2716 ] ] ] } },
{ "type": "Feature", "properties": { "municipio": "Fuenlabrada", "clasificacion": "urbano-consolidado", "calificacion": "equipamiento", "version": "vigente", "fuente": "SIT-CAM WFS — UsoDelSuelo:VPLA_V_CLASIFICACION (https://idem.comunidad.madrid/geosrvg/ows)", "fecha_dato": "2026-05-12", "ambito": "38885", "_raw_CD_SIGLAS": "SG", "_raw_DS_CLASIF_GEN": "Sistemas Generales", "_raw_DS_CLASIF_DET": "Sistemas Generales. Parque Metropolitano", "_raw_DS_DOCU": "PLAN GENERAL", "_raw_DS_LEY": null, "_raw_FC_AC": "1999-04-15", "_raw_NM_AREA_M2": 23708.457369028001, "_cam_code": "058" }, "geometry": { "type": "Polygon", "coordinates": [ [ [ -3.7923, 40.2973 ], [ -3.7952, 40.298 ], [ -3.7966, 40.2981 ], [ -3.7967, 40.2979 ], [ -3.7967, 40.2977 ], [ -3.7952, 40.2973 ], [ -3.7954, 40.2969 ], [ -3.7944, 40.2968 ], [ -3.7941, 40.2973 ], [ -3.7923, 40.2971 ], [ -3.7923, 40.2973 ] ] ] } },
{ "type": "Feature", "properties": { "municipio": "Fuenlabrada", "clasificacion": "urbano-consolidado", "calificacion": "equipamiento", "version": "vigente", "fuente": "SIT-CAM WFS — UsoDelSuelo:VPLA_V_CLASIFICACION (https://idem.comunidad.madrid/geosrvg/ows)", "fecha_dato": "2026-05-12", "ambito": "38885", "_raw_CD_SIGLAS": "SG", "_raw_DS_CLASIF_GEN": "Sistemas Generales", "_raw_DS_CLASIF_DET": "Sistemas Generales. Parque Urbano", "_raw_DS_DOCU": "PLAN GENERAL", "_raw_DS_LEY": null, "_raw_FC_AC": "1999-04-15", "_raw_NM_AREA_M2": 35311.455237418602, "_cam_code": "058" }, "geometry": { "type": "Polygon", "coordinates": [ [ [ -3.8296, 40.2934 ], [ -3.8288, 40.2956 ], [ -3.8284, 40.297 ], [ -3.8295, 40.2971 ], [ -3.8299, 40.2961 ], [ -3.8304, 40.2935 ], [ -3.8296, 40.2934 ] ] ] } },
{ "type": "Feature", "properties": { "municipio": "Fuenlabrada", "clasificacion": "urbano-consolidado", "calificacion": "equipamiento", "version": "vigente", "fuente": "SIT-CAM WFS — UsoDelSuelo:VPLA_V_CLASIFICACION (https://idem.comunidad.madrid/geosrvg/ows)", "fecha_dato": "2026-05-12", "ambito": "38885", "_raw_CD_SIGLAS": "SG", "_raw_DS_CLASIF_GEN": "Sistemas Generales", "_raw_DS_CLASIF_DET": "Sistemas Generales. Universidad", "_raw_DS_DOCU": "PLAN GENERAL", "_raw_DS_LEY": null, "_raw_FC_AC": "1999-04-15", "_raw_NM_AREA_M2": 561930.97613175295, "_cam_code": "058" }, "geometry": { "type": "Polygon", "coordinates": [ [ [ -3.8201, 40.2856 ], [ -3.8213, 40.2861 ], [ -3.8225, 40.287 ], [ -3.8228, 40.287 ], [ -3.8234, 40.2818 ], [ -3.8234, 40.2808 ], [ -3.8231, 40.2799 ], [ -3.8225, 40.2793 ], [ -3.8205, 40.2784 ], [ -3.8173, 40.2783 ], [ -3.8118, 40.2774 ], [ -3.8131, 40.2782 ], [ -3.8137, 40.2788 ], [ -3.8144, 40.28 ], [ -3.8151, 40.2818 ], [ -3.8168, 40.2854 ], [ -3.8201, 40.2856 ] ] ] } },
{ "type": "Feature", "properties": { "municipio": "Fuenlabrada", "clasificacion": "urbano-consolidado", "calificacion": "equipamiento", "version": "vigente", "fuente": "SIT-CAM WFS — UsoDelSuelo:VPLA_V_CLASIFICACION (https://idem.comunidad.madrid/geosrvg/ows)", "fecha_dato": "2026-05-12", "ambito": "38885", "_raw_CD_SIGLAS": "SG", "_raw_DS_CLASIF_GEN": "Sistemas Generales", "_raw_DS_CLASIF_DET": "Sistemas Generales. Red Viaria", "_raw_DS_DOCU": "PLAN GENERAL", "_raw_DS_LEY": null, "_raw_FC_AC": "1999-04-15", "_raw_NM_AREA_M2": 9841.6341592275094, "_cam_code": "058" }, "geometry": { "type": "Polygon", "coordinates": [ [ [ -3.8095, 40.2758 ], [ -3.8099, 40.2764 ], [ -3.8105, 40.2769 ], [ -3.8118, 40.2774 ], [ -3.8119, 40.2772 ], [ -3.8112, 40.2769 ], [ -3.8105, 40.2768 ], [ -3.8105, 40.2765 ], [ -3.8099, 40.2757 ], [ -3.8105, 40.2755 ], [ -3.8104, 40.2752 ], [ -3.8098, 40.2755 ], [ -3.8097, 40.2752 ], [ -3.8093, 40.2754 ], [ -3.8094, 40.2754 ], [ -3.8095, 40.2758 ] ] ] } },
{ "type": "Feature", "properties": { "municipio": "Fuenlabrada", "clasificacion": "urbano-consolidado", "calificacion": "equipamiento", "version": "vigente", "fuente": "SIT-CAM WFS — UsoDelSuelo:VPLA_V_CLASIFICACION (https://idem.comunidad.madrid/geosrvg/ows)", "fecha_dato": "2026-05-12", "ambito": "38885", "_raw_CD_SIGLAS": "SG", "_raw_DS_CLASIF_GEN": "Sistemas Generales", "_raw_DS_CLASIF_DET": "Sistemas Generales. Hospital", "_raw_DS_DOCU": "PLAN GENERAL", "_raw_DS_LEY": null, "_raw_FC_AC": "1999-04-15", "_raw_NM_AREA_M2": 112340.557121274, "_cam_code": "058" }, "geometry": { "type": "Polygon", "coordinates": [ [ [ -3.8133, 40.2856 ], [ -3.8134, 40.2868 ], [ -3.814, 40.2885 ], [ -3.8185, 40.2888 ], [ -3.8174, 40.2868 ], [ -3.8167, 40.2858 ], [ -3.8139, 40.2856 ], [ -3.8133, 40.2856 ] ] ] } },
{ "type": "Feature", "properties": { "municipio": "Fuenlabrada", "clasificacion": "urbano-consolidado", "calificacion": "equipamiento", "version": "vigente", "fuente": "SIT-CAM WFS — UsoDelSuelo:VPLA_V_CLASIFICACION (https://idem.comunidad.madrid/geosrvg/ows)", "fecha_dato": "2026-05-12", "ambito": "38885", "_raw_CD_SIGLAS": "SG", "_raw_DS_CLASIF_GEN": "Sistemas Generales", "_raw_DS_CLASIF_DET": "Sistemas Generales. Parque Urbano", "_raw_DS_DOCU": "PLAN GENERAL", "_raw_DS_LEY": null, "_raw_FC_AC": "1999-04-15", "_raw_NM_AREA_M2": 41120.2283007761, "_cam_code": "058" }, "geometry": { "type": "Polygon", "coordinates": [ [ [ -3.8133, 40.2893 ], [ -3.814, 40.2893 ], [ -3.8124, 40.2857 ], [ -3.8124, 40.2854 ], [ -3.8122, 40.2854 ], [ -3.8122, 40.2853 ], [ -3.8096, 40.2852 ], [ -3.8096, 40.2854 ], [ -3.8105, 40.2855 ], [ -3.8105, 40.2862 ], [ -3.8118, 40.2862 ], [ -3.812, 40.2866 ], [ -3.812, 40.2869 ], [ -3.8121, 40.2869 ], [ -3.8121, 40.2873 ], [ -3.8129, 40.2881 ], [ -3.8129, 40.2882 ], [ -3.8126, 40.2883 ], [ -3.8128, 40.2885 ], [ -3.8131, 40.2884 ], [ -3.8132, 40.2885 ], [ -3.8133, 40.2893 ] ] ] } },
{ "type": "Feature", "properties": { "municipio": "Fuenlabrada", "clasificacion": "urbano-consolidado", "calificacion": "equipamiento", "version": "vigente", "fuente": "SIT-CAM WFS — UsoDelSuelo:VPLA_V_CLASIFICACION (https://idem.comunidad.madrid/geosrvg/ows)", "fecha_dato": "2026-05-12", "ambito": "38885", "_raw_CD_SIGLAS": "SG", "_raw_DS_CLASIF_GEN": "Sistemas Generales", "_raw_DS_CLASIF_DET": "Sistemas Generales. Parque Urbano", "_raw_DS_DOCU": "PLAN GENERAL", "_raw_DS_LEY": null, "_raw_FC_AC": "1999-04-15", "_raw_NM_AREA_M2": 60549.226412607, "_cam_code": "058" }, "geometry": { "type": "Polygon", "coordinates": [ [ [ -3.811, 40.2851 ], [ -3.812, 40.2851 ], [ -3.8121, 40.2843 ], [ -3.8112, 40.2811 ], [ -3.811, 40.2795 ], [ -3.8109, 40.2794 ], [ -3.8105, 40.2795 ], [ -3.8104, 40.2788 ], [ -3.8108, 40.2787 ], [ -3.8107, 40.2784 ], [ -3.8104, 40.2781 ], [ -3.8103, 40.2778 ], [ -3.8096, 40.2771 ], [ -3.8094, 40.2771 ], [ -3.81, 40.2776 ], [ -3.81, 40.2778 ], [ -3.8102, 40.278 ], [ -3.8103, 40.2788 ], [ -3.8102, 40.2789 ], [ -3.8091, 40.279 ], [ -3.8093, 40.2796 ], [ -3.8105, 40.2795 ], [ -3.8106, 40.2802 ], [ -3.8106, 40.2812 ], [ -3.8105, 40.2814 ], [ -3.8106, 40.2833 ], [ -3.811, 40.2851 ] ] ] } },
{ "type": "Feature", "properties": { "municipio": "Fuenlabrada", "clasificacion": "urbano-consolidado", "calificacion": "equipamiento", "version": "vigente", "fuente": "SIT-CAM WFS — UsoDelSuelo:VPLA_V_CLASIFICACION (https://idem.comunidad.madrid/geosrvg/ows)", "fecha_dato": "2026-05-12", "ambito": "38885", "_raw_CD_SIGLAS": "SG", "_raw_DS_CLASIF_GEN": "Sistemas Generales", "_raw_DS_CLASIF_DET": "Sistemas Generales. Red Viaria", "_raw_DS_DOCU": "PLAN GENERAL", "_raw_DS_LEY": null, "_raw_FC_AC": "1999-04-15", "_raw_NM_AREA_M2": 1463.8773850026, "_cam_code": "058" }, "geometry": { "type": "Polygon", "coordinates": [ [ [ -3.7974, 40.2848 ], [ -3.798, 40.2854 ], [ -3.7981, 40.2853 ], [ -3.7977, 40.2847 ], [ -3.7974, 40.2848 ] ] ] } },
{ "type": "Feature", "properties": { "municipio": "Fuenlabrada", "clasificacion": "urbano-consolidado", "calificacion": "equipamiento", "version": "vigente", "fuente": "SIT-CAM WFS — UsoDelSuelo:VPLA_V_CLASIFICACION (https://idem.comunidad.madrid/geosrvg/ows)", "fecha_dato": "2026-05-12", "ambito": "38885", "_raw_CD_SIGLAS": "SG", "_raw_DS_CLASIF_GEN": "Sistemas Generales", "_raw_DS_CLASIF_DET": "Sistemas Generales. Parque Urbano", "_raw_DS_DOCU": "PLAN GENERAL", "_raw_DS_LEY": null, "_raw_FC_AC": "1999-04-15", "_raw_NM_AREA_M2": 11611.872887498799, "_cam_code": "058" }, "geometry": { "type": "Polygon", "coordinates": [ [ [ -3.7976, 40.2862 ], [ -3.798, 40.2854 ], [ -3.7976, 40.2849 ], [ -3.7967, 40.2851 ], [ -3.7969, 40.2854 ], [ -3.7967, 40.2854 ], [ -3.7966, 40.2859 ], [ -3.7968, 40.2859 ], [ -3.7968, 40.286 ], [ -3.7976, 40.2862 ] ] ] } },
{ "type": "Feature", "properties": { "municipio": "Fuenlabrada", "clasificacion": "urbano-consolidado", "calificacion": "equipamiento", "version": "vigente", "fuente": "SIT-CAM WFS — UsoDelSuelo:VPLA_V_CLASIFICACION (https://idem.comunidad.madrid/geosrvg/ows)", "fecha_dato": "2026-05-12", "ambito": "38885", "_raw_CD_SIGLAS": "SG", "_raw_DS_CLASIF_GEN": "Sistemas Generales", "_raw_DS_CLASIF_DET": "Sistemas Generales. Red Ferroviaria", "_raw_DS_DOCU": "PLAN GENERAL", "_raw_DS_LEY": null, "_raw_FC_AC": "1999-04-15", "_raw_NM_AREA_M2": 1317.2643499410899, "_cam_code": "058" }, "geometry": { "type": "Polygon", "coordinates": [ [ [ -3.8307, 40.2893 ], [ -3.8306, 40.2895 ], [ -3.8314, 40.2895 ], [ -3.8314, 40.2893 ], [ -3.8307, 40.2893 ] ] ] } },
{ "type": "Feature", "properties": { "municipio": "Fuenlabrada", "clasificacion": "urbano-consolidado", "calificacion": "equipamiento", "version": "vigente", "fuente": "SIT-CAM WFS — UsoDelSuelo:VPLA_V_CLASIFICACION (https://idem.comunidad.madrid/geosrvg/ows)", "fecha_dato": "2026-05-12", "ambito": "38885", "_raw_CD_SIGLAS": "SG", "_raw_DS_CLASIF_GEN": "Sistemas Generales", "_raw_DS_CLASIF_DET": "Sistemas Generales. Red Ferroviaria", "_raw_DS_DOCU": "PLAN GENERAL", "_raw_DS_LEY": null, "_raw_FC_AC": "1999-04-15", "_raw_NM_AREA_M2": 3509.12151247566, "_cam_code": "058" }, "geometry": { "type": "Polygon", "coordinates": [ [ [ -3.8259, 40.2898 ], [ -3.8262, 40.2899 ], [ -3.8281, 40.2898 ], [ -3.8281, 40.2896 ], [ -3.8259, 40.2898 ] ] ] } },
{ "type": "Feature", "properties": { "municipio": "Fuenlabrada", "clasificacion": "urbano-consolidado", "calificacion": "equipamiento", "version": "vigente", "fuente": "SIT-CAM WFS — UsoDelSuelo:VPLA_V_CLASIFICACION (https://idem.comunidad.madrid/geosrvg/ows)", "fecha_dato": "2026-05-12", "ambito": "38885", "_raw_CD_SIGLAS": "SG", "_raw_DS_CLASIF_GEN": "Sistemas Generales", "_raw_DS_CLASIF_DET": "Sistemas Generales. Parque Metropolitano", "_raw_DS_DOCU": "PLAN GENERAL", "_raw_DS_LEY": null, "_raw_FC_AC": "1999-04-15", "_raw_NM_AREA_M2": 76897.844196797494, "_cam_code": "058" }, "geometry": { "type": "Polygon", "coordinates": [ [ [ -3.7621, 40.286 ], [ -3.7623, 40.286 ], [ -3.7633, 40.2854 ], [ -3.7643, 40.2846 ], [ -3.7672, 40.2837 ], [ -3.7671, 40.2836 ], [ -3.7672, 40.2835 ], [ -3.7656, 40.2824 ], [ -3.7647, 40.2827 ], [ -3.7636, 40.2841 ], [ -3.7629, 40.2845 ], [ -3.762, 40.2845 ], [ -3.7609, 40.284 ], [ -3.7606, 40.2841 ], [ -3.7619, 40.286 ], [ -3.7621, 40.286 ] ] ] } },
{ "type": "Feature", "properties": { "municipio": "Fuenlabrada", "clasificacion": "urbano-consolidado", "calificacion": "equipamiento", "version": "vigente", "fuente": "SIT-CAM WFS — UsoDelSuelo:VPLA_V_CLASIFICACION (https://idem.comunidad.madrid/geosrvg/ows)", "fecha_dato": "2026-05-12", "ambito": "38885", "_raw_CD_SIGLAS": "SG", "_raw_DS_CLASIF_GEN": "Sistemas Generales", "_raw_DS_CLASIF_DET": "Sistemas Generales. Parque Metropolitano", "_raw_DS_DOCU": "PLAN GENERAL", "_raw_DS_LEY": null, "_raw_FC_AC": "1999-04-15", "_raw_NM_AREA_M2": 17838.357927565499, "_cam_code": "058" }, "geometry": { "type": "Polygon", "coordinates": [ [ [ -3.7578, 40.277 ], [ -3.7553, 40.2761 ], [ -3.7552, 40.2768 ], [ -3.7551, 40.2768 ], [ -3.7549, 40.2774 ], [ -3.7578, 40.277 ] ] ] } },
{ "type": "Feature", "properties": { "municipio": "Fuenlabrada", "clasificacion": "urbano-consolidado", "calificacion": "equipamiento", "version": "vigente", "fuente": "SIT-CAM WFS — UsoDelSuelo:VPLA_V_CLASIFICACION (https://idem.comunidad.madrid/geosrvg/ows)", "fecha_dato": "2026-05-12", "ambito": "38885", "_raw_CD_SIGLAS": "SG", "_raw_DS_CLASIF_GEN": "Sistemas Generales", "_raw_DS_CLASIF_DET": "Sistemas Generales. Red Viaria", "_raw_DS_DOCU": "PLAN GENERAL", "_raw_DS_LEY": null, "_raw_FC_AC": "1999-04-15", "_raw_NM_AREA_M2": 175874.049484738, "_cam_code": "058" }, "geometry": { "type": "Polygon", "coordinates": [ [ [ -3.7576, 40.2841 ], [ -3.7598, 40.2896 ], [ -3.7612, 40.2913 ], [ -3.7616, 40.2923 ], [ -3.7631, 40.2942 ], [ -3.7645, 40.2945 ], [ -3.7644, 40.2942 ], [ -3.764, 40.2939 ], [ -3.7624, 40.2918 ], [ -3.7604, 40.2881 ], [ -3.7604, 40.2876 ], [ -3.7606, 40.2875 ], [ -3.7606, 40.2873 ], [ -3.7619, 40.2865 ], [ -3.762, 40.2866 ], [ -3.7622, 40.2865 ], [ -3.7633, 40.2875 ], [ -3.7647, 40.2884 ], [ -3.7647, 40.2885 ], [ -3.7685, 40.2908 ], [ -3.7686, 40.2909 ], [ -3.7685, 40.291 ], [ -3.7687, 40.2912 ], [ -3.7691, 40.2912 ], [ -3.7702, 40.2922 ], [ -3.7718, 40.2933 ], [ -3.7721, 40.2932 ], [ -3.7714, 40.2929 ], [ -3.7703, 40.2921 ], [ -3.7692, 40.2911 ], [ -3.7693, 40.291 ], [ -3.7692, 40.2907 ], [ -3.7686, 40.2907 ], [ -3.7651, 40.2886 ], [ -3.7626, 40.2867 ], [ -3.7624, 40.2864 ], [ -3.7625, 40.2861 ], [ -3.7628, 40.286 ], [ -3.7629, 40.2858 ], [ -3.7643, 40.2849 ], [ -3.7643, 40.2848 ], [ -3.7672, 40.2839 ], [ -3.7672, 40.2838 ], [ -3.7677, 40.2839 ], [ -3.7675, 40.2837 ], [ -3.7672, 40.2835 ], [ -3.7671, 40.2836 ], [ -3.7672, 40.2837 ], [ -3.7643, 40.2846 ], [ -3.7636, 40.2852 ], [ -3.7623, 40.286 ], [ -3.7619, 40.286 ], [ -3.7585, 40.2812 ], [ -3.7584, 40.2812 ], [ -3.7583, 40.2809 ], [ -3.7583, 40.2801 ], [ -3.7585, 40.2796 ], [ -3.7588, 40.2795 ], [ -3.7588, 40.2796 ], [ -3.7588, 40.2796 ], [ -3.7588, 40.2795 ], [ -3.7588, 40.2794 ], [ -3.7587, 40.2793 ], [ -3.7588, 40.2793 ], [ -3.7595, 40.2781 ], [ -3.7598, 40.278 ], [ -3.759, 40.2773 ], [ -3.7588, 40.2772 ], [ -3.7539, 40.2753 ], [ -3.7537, 40.2755 ], [ -3.755, 40.2759 ], [ -3.7593, 40.2776 ], [ -3.7592, 40.2776 ], [ -3.7593, 40.2779 ], [ -3.7585, 40.2792 ], [ -3.7582, 40.2794 ], [ -3.7583, 40.2795 ], [ -3.7582, 40.2795 ], [ -3.7581, 40.28 ], [ -3.758, 40.28 ], [ -3.758, 40.281 ], [ -3.7581, 40.281 ], [ -3.7582, 40.2814 ], [ -3.7614, 40.2857 ], [ -3.7617, 40.2864 ], [ -3.7605, 40.2871 ], [ -3.7602, 40.2871 ], [ -3.7594, 40.286 ], [ -3.7576, 40.2841 ] ] ] } },
{ "type": "Feature", "properties": { "municipio": "Fuenlabrada", "clasificacion": "urbano-consolidado", "calificacion": "equipamiento", "version": "vigente", "fuente": "SIT-CAM WFS — UsoDelSuelo:VPLA_V_CLASIFICACION (https://idem.comunidad.madrid/geosrvg/ows)", "fecha_dato": "2026-05-12", "ambito": "38885", "_raw_CD_SIGLAS": "SG", "_raw_DS_CLASIF_GEN": "Sistemas Generales", "_raw_DS_CLASIF_DET": "Sistemas Generales. Vías Pecuarias", "_raw_DS_DOCU": "PLAN GENERAL", "_raw_DS_LEY": null, "_raw_FC_AC": "1999-04-15", "_raw_NM_AREA_M2": 23565.692497010899, "_cam_code": "058" }, "geometry": { "type": "Polygon", "coordinates": [ [ [ -3.8297, 40.2918 ], [ -3.8296, 40.2925 ], [ -3.8271, 40.3002 ], [ -3.8273, 40.3003 ], [ -3.8274, 40.3003 ], [ -3.8275, 40.2999 ], [ -3.8274, 40.2999 ], [ -3.8278, 40.2992 ], [ -3.8288, 40.2956 ], [ -3.8297, 40.2932 ], [ -3.8298, 40.2926 ], [ -3.8298, 40.2918 ], [ -3.8297, 40.2918 ] ] ] } },
{ "type": "Feature", "properties": { "municipio": "Fuenlabrada", "clasificacion": "urbano-consolidado", "calificacion": "equipamiento", "version": "vigente", "fuente": "SIT-CAM WFS — UsoDelSuelo:VPLA_V_CLASIFICACION (https://idem.comunidad.madrid/geosrvg/ows)", "fecha_dato": "2026-05-12", "ambito": "38885", "_raw_CD_SIGLAS": "SG", "_raw_DS_CLASIF_GEN": "Sistemas Generales", "_raw_DS_CLASIF_DET": "Sistemas Generales. Parque Urbano", "_raw_DS_DOCU": "PLAN GENERAL", "_raw_DS_LEY": null, "_raw_FC_AC": "1999-04-15", "_raw_NM_AREA_M2": 9018.2662347997702, "_cam_code": "058" }, "geometry": { "type": "Polygon", "coordinates": [ [ [ -3.79, 40.2881 ], [ -3.7899, 40.2881 ], [ -3.7913, 40.2884 ], [ -3.7918, 40.2882 ], [ -3.7921, 40.2876 ], [ -3.7916, 40.2875 ], [ -3.7912, 40.288 ], [ -3.7901, 40.2877 ], [ -3.79, 40.2881 ] ] ] } },
{ "type": "Feature", "properties": { "municipio": "Fuenlabrada", "clasificacion": "urbano-consolidado", "calificacion": "equipamiento", "version": "vigente", "fuente": "SIT-CAM WFS — UsoDelSuelo:VPLA_V_CLASIFICACION (https://idem.comunidad.madrid/geosrvg/ows)", "fecha_dato": "2026-05-12", "ambito": "38885", "_raw_CD_SIGLAS": "SG", "_raw_DS_CLASIF_GEN": "Sistemas Generales", "_raw_DS_CLASIF_DET": "Sistemas Generales. Parque Urbano", "_raw_DS_DOCU": "PLAN GENERAL", "_raw_DS_LEY": null, "_raw_FC_AC": "1999-04-15", "_raw_NM_AREA_M2": 16524.126779898099, "_cam_code": "058" }, "geometry": { "type": "Polygon", "coordinates": [ [ [ -3.8032, 40.2858 ], [ -3.8034, 40.2859 ], [ -3.8015, 40.287 ], [ -3.8019, 40.287 ], [ -3.8019, 40.2869 ], [ -3.8029, 40.2867 ], [ -3.8032, 40.2867 ], [ -3.8031, 40.2868 ], [ -3.8038, 40.2867 ], [ -3.8037, 40.2869 ], [ -3.8045, 40.2867 ], [ -3.804, 40.2856 ], [ -3.8036, 40.2856 ], [ -3.8032, 40.2858 ] ] ] } },
{ "type": "Feature", "properties": { "municipio": "Fuenlabrada", "clasificacion": "urbano-consolidado", "calificacion": "equipamiento", "version": "vigente", "fuente": "SIT-CAM WFS — UsoDelSuelo:VPLA_V_CLASIFICACION (https://idem.comunidad.madrid/geosrvg/ows)", "fecha_dato": "2026-05-12", "ambito": "38885", "_raw_CD_SIGLAS": "SG", "_raw_DS_CLASIF_GEN": "Sistemas Generales", "_raw_DS_CLASIF_DET": "Sistemas Generales. Parque Metropolitano", "_raw_DS_DOCU": "PLAN GENERAL", "_raw_DS_LEY": null, "_raw_FC_AC": "1999-04-15", "_raw_NM_AREA_M2": 5239.5179749520503, "_cam_code": "058" }, "geometry": { "type": "Polygon", "coordinates": [ [ [ -3.7409, 40.2709 ], [ -3.741, 40.2709 ], [ -3.741, 40.2709 ], [ -3.7411, 40.2709 ], [ -3.7414, 40.2709 ], [ -3.7416, 40.2709 ], [ -3.7407, 40.2708 ], [ -3.7404, 40.2707 ], [ -3.7404, 40.2706 ], [ -3.7394, 40.2704 ], [ -3.7393, 40.2709 ], [ -3.7409, 40.2709 ] ] ] } },
{ "type": "Feature", "properties": { "municipio": "Fuenlabrada", "clasificacion": "urbano-consolidado", "calificacion": "equipamiento", "version": "vigente", "fuente": "SIT-CAM WFS — UsoDelSuelo:VPLA_V_CLASIFICACION (https://idem.comunidad.madrid/geosrvg/ows)", "fecha_dato": "2026-05-12", "ambito": "38885", "_raw_CD_SIGLAS": "SG", "_raw_DS_CLASIF_GEN": "Sistemas Generales", "_raw_DS_CLASIF_DET": "Sistemas Generales. Red Ferroviaria", "_raw_DS_DOCU": "PLAN GENERAL", "_raw_DS_LEY": null, "_raw_FC_AC": "1999-04-15", "_raw_NM_AREA_M2": 1769.1581920108999, "_cam_code": "058" }, "geometry": { "type": "Polygon", "coordinates": [ [ [ -3.8075, 40.2708 ], [ -3.8078, 40.2711 ], [ -3.8081, 40.271 ], [ -3.8078, 40.2706 ], [ -3.8074, 40.2704 ], [ -3.8075, 40.2708 ] ] ] } },
{ "type": "Feature", "properties": { "municipio": "Fuenlabrada", "clasificacion": "urbano-consolidado", "calificacion": "equipamiento", "version": "vigente", "fuente": "SIT-CAM WFS — UsoDelSuelo:VPLA_V_CLASIFICACION (https://idem.comunidad.madrid/geosrvg/ows)", "fecha_dato": "2026-05-12", "ambito": "38885", "_raw_CD_SIGLAS": "SG", "_raw_DS_CLASIF_GEN": "Sistemas Generales", "_raw_DS_CLASIF_DET": "Sistemas Generales. Distribuidor Regional", "_raw_DS_DOCU": "PLAN GENERAL", "_raw_DS_LEY": null, "_raw_FC_AC": "1999-04-15", "_raw_NM_AREA_M2": 99469.830474668197, "_cam_code": "058" }, "geometry": { "type": "Polygon", "coordinates": [ [ [ -3.8366, 40.2807 ], [ -3.8353, 40.2822 ], [ -3.841, 40.2854 ], [ -3.8408, 40.2851 ], [ -3.8407, 40.2836 ], [ -3.8402, 40.2828 ], [ -3.8366, 40.2807 ] ] ] } },
{ "type": "Feature", "properties": { "municipio": "Fuenlabrada", "clasificacion": "urbano-consolidado", "calificacion": "equipamiento", "version": "vigente", "fuente": "SIT-CAM WFS — UsoDelSuelo:VPLA_V_CLASIFICACION (https://idem.comunidad.madrid/geosrvg/ows)", "fecha_dato": "2026-05-12", "ambito": "38885", "_raw_CD_SIGLAS": "SG", "_raw_DS_CLASIF_GEN": "Sistemas Generales", "_raw_DS_CLASIF_DET": "Sistemas Generales. Red Ferroviaria", "_raw_DS_DOCU": "PLAN GENERAL", "_raw_DS_LEY": null, "_raw_FC_AC": "1999-04-15", "_raw_NM_AREA_M2": 10377.7670749475, "_cam_code": "058" }, "geometry": { "type": "Polygon", "coordinates": [ [ [ -3.8342, 40.2893 ], [ -3.8355, 40.2896 ], [ -3.8368, 40.2904 ], [ -3.8371, 40.2908 ], [ -3.8374, 40.2908 ], [ -3.8366, 40.29 ], [ -3.8359, 40.2896 ], [ -3.8347, 40.2892 ], [ -3.8342, 40.2891 ], [ -3.8319, 40.2892 ], [ -3.8319, 40.2894 ], [ -3.8342, 40.2893 ] ] ] } },
{ "type": "Feature", "properties": { "municipio": "Fuenlabrada", "clasificacion": "urbano-consolidado", "calificacion": "equipamiento", "version": "vigente", "fuente": "SIT-CAM WFS — UsoDelSuelo:VPLA_V_CLASIFICACION (https://idem.comunidad.madrid/geosrvg/ows)", "fecha_dato": "2026-05-12", "ambito": "38885", "_raw_CD_SIGLAS": "SG", "_raw_DS_CLASIF_GEN": "Sistemas Generales", "_raw_DS_CLASIF_DET": "Sistemas Generales. Parque Metropolitano", "_raw_DS_DOCU": "PLAN GENERAL", "_raw_DS_LEY": null, "_raw_FC_AC": "1999-04-15", "_raw_NM_AREA_M2": 281669.104200061, "_cam_code": "058" }, "geometry": { "type": "Polygon", "coordinates": [ [ [ -3.7707, 40.2894 ], [ -3.7734, 40.2911 ], [ -3.775, 40.2918 ], [ -3.7756, 40.2918 ], [ -3.7757, 40.2915 ], [ -3.7761, 40.2911 ], [ -3.7761, 40.2907 ], [ -3.7758, 40.29 ], [ -3.7757, 40.2903 ], [ -3.7724, 40.2877 ], [ -3.7721, 40.2864 ], [ -3.772, 40.2864 ], [ -3.7719, 40.2856 ], [ -3.7712, 40.2846 ], [ -3.7712, 40.2839 ], [ -3.7701, 40.2826 ], [ -3.7679, 40.2836 ], [ -3.7679, 40.2839 ], [ -3.7681, 40.2843 ], [ -3.768, 40.285 ], [ -3.7681, 40.2863 ], [ -3.7686, 40.2873 ], [ -3.7697, 40.2886 ], [ -3.7707, 40.2894 ] ] ] } },
{ "type": "Feature", "properties": { "municipio": "Fuenlabrada", "clasificacion": "urbano-consolidado", "calificacion": "equipamiento", "version": "vigente", "fuente": "SIT-CAM WFS — UsoDelSuelo:VPLA_V_CLASIFICACION (https://idem.comunidad.madrid/geosrvg/ows)", "fecha_dato": "2026-05-12", "ambito": "38885", "_raw_CD_SIGLAS": "SG_A", "_raw_DS_CLASIF_GEN": "Sistemas Generales (APLAZADO)", "_raw_DS_CLASIF_DET": "Sistemas Generales. Planta de Tratamiento de Residuos Sólidos", "_raw_DS_DOCU": "PLAN GENERAL", "_raw_DS_LEY": null, "_raw_FC_AC": "1999-04-15", "_raw_NM_AREA_M2": 49866.236865026898, "_cam_code": "058" }, "geometry": { "type": "Polygon", "coordinates": [ [ [ -3.7859, 40.2583 ], [ -3.7845, 40.2587 ], [ -3.783, 40.2595 ], [ -3.7831, 40.26 ], [ -3.7838, 40.2611 ], [ -3.7847, 40.2606 ], [ -3.786, 40.2604 ], [ -3.7859, 40.2583 ] ] ] } },
{ "type": "Feature", "properties": { "municipio": "Fuenlabrada", "clasificacion": "no-urbanizable-protegido", "calificacion": "sin-asignar", "version": "vigente", "fuente": "SIT-CAM WFS — UsoDelSuelo:VPLA_V_CLASIFICACION (https://idem.comunidad.madrid/geosrvg/ows)", "fecha_dato": "2026-05-12", "ambito": "38885", "_raw_CD_SIGLAS": "SNUP", "_raw_DS_CLASIF_GEN": "Suelo No Urbanizable Protegido", "_raw_DS_CLASIF_DET": "Suelo No Urbanizable Protección Vías Pecuarias", "_raw_DS_DOCU": "PLAN GENERAL", "_raw_DS_LEY": null, "_raw_FC_AC": "1999-04-15", "_raw_NM_AREA_M2": 24398.468624829198, "_cam_code": "058" }, "geometry": { "type": "Polygon", "coordinates": [ [ [ -3.8319, 40.2919 ], [ -3.8337, 40.292 ], [ -3.8337, 40.2911 ], [ -3.8336, 40.2912 ], [ -3.8326, 40.2913 ], [ -3.8315, 40.2913 ], [ -3.8309, 40.2911 ], [ -3.83, 40.2915 ], [ -3.8291, 40.2916 ], [ -3.8299, 40.2919 ], [ -3.8318, 40.2918 ], [ -3.8319, 40.2919 ] ] ] } },
{ "type": "Feature", "properties": { "municipio": "Fuenlabrada", "clasificacion": "no-urbanizable-protegido", "calificacion": "sin-asignar", "version": "vigente", "fuente": "SIT-CAM WFS — UsoDelSuelo:VPLA_V_CLASIFICACION (https://idem.comunidad.madrid/geosrvg/ows)", "fecha_dato": "2026-05-12", "ambito": "38885", "_raw_CD_SIGLAS": "SNUP", "_raw_DS_CLASIF_GEN": "Suelo No Urbanizable Protegido", "_raw_DS_CLASIF_DET": "Suelo No Urbanizable Protección Vías Pecuarias", "_raw_DS_DOCU": "PLAN GENERAL", "_raw_DS_LEY": null, "_raw_FC_AC": "1999-04-15", "_raw_NM_AREA_M2": 29976.334124909499, "_cam_code": "058" }, "geometry": { "type": "Polygon", "coordinates": [ [ [ -3.7983, 40.2509 ], [ -3.7987, 40.2523 ], [ -3.7996, 40.2544 ], [ -3.8006, 40.2559 ], [ -3.8009, 40.2567 ], [ -3.8014, 40.2574 ], [ -3.8019, 40.2585 ], [ -3.8026, 40.2592 ], [ -3.8029, 40.2597 ], [ -3.8033, 40.261 ], [ -3.8035, 40.2622 ], [ -3.8038, 40.2629 ], [ -3.8043, 40.2631 ], [ -3.8046, 40.2634 ], [ -3.8051, 40.2642 ], [ -3.8056, 40.2655 ], [ -3.8059, 40.2659 ], [ -3.806, 40.2668 ], [ -3.8069, 40.2692 ], [ -3.8069, 40.2695 ], [ -3.8074, 40.2704 ], [ -3.807, 40.2688 ], [ -3.8063, 40.267 ], [ -3.8062, 40.2661 ], [ -3.8054, 40.2646 ], [ -3.8053, 40.264 ], [ -3.8046, 40.263 ], [ -3.8042, 40.263 ], [ -3.8038, 40.2627 ], [ -3.8035, 40.2618 ], [ -3.8035, 40.2613 ], [ -3.8032, 40.2602 ], [ -3.8024, 40.2588 ], [ -3.8019, 40.2583 ], [ -3.8015, 40.2574 ], [ -3.8009, 40.2565 ], [ -3.8007, 40.2559 ], [ -3.7998, 40.2546 ], [ -3.7989, 40.2525 ], [ -3.7986, 40.2514 ], [ -3.7983, 40.2509 ] ] ] } },
{ "type": "Feature", "properties": { "municipio": "Fuenlabrada", "clasificacion": "no-urbanizable-protegido", "calificacion": "sin-asignar", "version": "vigente", "fuente": "SIT-CAM WFS — UsoDelSuelo:VPLA_V_CLASIFICACION (https://idem.comunidad.madrid/geosrvg/ows)", "fecha_dato": "2026-05-12", "ambito": "38885", "_raw_CD_SIGLAS": "SNUP", "_raw_DS_CLASIF_GEN": "Suelo No Urbanizable Protegido", "_raw_DS_CLASIF_DET": "Suelo No Urbanizable Protección Vías Pecuarias", "_raw_DS_DOCU": "PLAN GENERAL", "_raw_DS_LEY": null, "_raw_FC_AC": "1999-04-15", "_raw_NM_AREA_M2": 2719.2270000292601, "_cam_code": "058" }, "geometry": { "type": "Polygon", "coordinates": [ [ [ -3.8096, 40.27 ], [ -3.809, 40.2704 ], [ -3.8081, 40.271 ], [ -3.8082, 40.2711 ], [ -3.8084, 40.271 ], [ -3.8096, 40.2702 ], [ -3.8096, 40.27 ] ] ] } },
{ "type": "Feature", "properties": { "municipio": "Fuenlabrada", "clasificacion": "no-urbanizable-protegido", "calificacion": "sin-asignar", "version": "vigente", "fuente": "SIT-CAM WFS — UsoDelSuelo:VPLA_V_CLASIFICACION (https://idem.comunidad.madrid/geosrvg/ows)", "fecha_dato": "2026-05-12", "ambito": "38885", "_raw_CD_SIGLAS": "SNUP", "_raw_DS_CLASIF_GEN": "Suelo No Urbanizable Protegido", "_raw_DS_CLASIF_DET": "Suelo No Urbanizable Protección Ambiental", "_raw_DS_DOCU": "PLAN GENERAL", "_raw_DS_LEY": null, "_raw_FC_AC": "1999-04-15", "_raw_NM_AREA_M2": 48299.781287581602, "_cam_code": "058" }, "geometry": { "type": "Polygon", "coordinates": [ [ [ -3.7718, 40.2624 ], [ -3.7727, 40.2629 ], [ -3.7732, 40.2629 ], [ -3.7744, 40.2633 ], [ -3.7743, 40.2608 ], [ -3.7738, 40.2611 ], [ -3.7731, 40.2613 ], [ -3.7704, 40.2619 ], [ -3.7702, 40.2622 ], [ -3.7702, 40.2623 ], [ -3.7718, 40.2624 ] ] ] } },
{ "type": "Feature", "properties": { "municipio": "Fuenlabrada", "clasificacion": "no-urbanizable-protegido", "calificacion": "sin-asignar", "version": "vigente", "fuente": "SIT-CAM WFS — UsoDelSuelo:VPLA_V_CLASIFICACION (https://idem.comunidad.madrid/geosrvg/ows)", "fecha_dato": "2026-05-12", "ambito": "38885", "_raw_CD_SIGLAS": "SNUP", "_raw_DS_CLASIF_GEN": "Suelo No Urbanizable Protegido", "_raw_DS_CLASIF_DET": "Suelo No Urbanizable Protección Ambiental", "_raw_DS_DOCU": "PLAN GENERAL", "_raw_DS_LEY": null, "_raw_FC_AC": "1999-04-15", "_raw_NM_AREA_M2": 109391.22098773799, "_cam_code": "058" }, "geometry": { "type": "Polygon", "coordinates": [ [ [ -3.7751, 40.2634 ], [ -3.7751, 40.2636 ], [ -3.776, 40.2638 ], [ -3.7802, 40.2638 ], [ -3.7803, 40.2629 ], [ -3.7793, 40.2631 ], [ -3.7788, 40.263 ], [ -3.778, 40.2626 ], [ -3.7774, 40.2626 ], [ -3.7771, 40.2628 ], [ -3.7758, 40.2627 ], [ -3.7756, 40.2622 ], [ -3.7755, 40.2612 ], [ -3.7758, 40.2607 ], [ -3.7762, 40.2605 ], [ -3.7763, 40.26 ], [ -3.7765, 40.2597 ], [ -3.7781, 40.2593 ], [ -3.7794, 40.2593 ], [ -3.7809, 40.2588 ], [ -3.7812, 40.2588 ], [ -3.7816, 40.2581 ], [ -3.7802, 40.2584 ], [ -3.778, 40.2586 ], [ -3.7757, 40.2592 ], [ -3.7748, 40.2603 ], [ -3.7751, 40.2616 ], [ -3.7751, 40.2634 ] ] ] } },
{ "type": "Feature", "properties": { "municipio": "Fuenlabrada", "clasificacion": "no-urbanizable-protegido", "calificacion": "sin-asignar", "version": "vigente", "fuente": "SIT-CAM WFS — UsoDelSuelo:VPLA_V_CLASIFICACION (https://idem.comunidad.madrid/geosrvg/ows)", "fecha_dato": "2026-05-12", "ambito": "38885", "_raw_CD_SIGLAS": "SNUP", "_raw_DS_CLASIF_GEN": "Suelo No Urbanizable Protegido", "_raw_DS_CLASIF_DET": "Suelo No Urbanizable Protección Ambiental", "_raw_DS_DOCU": "PLAN GENERAL", "_raw_DS_LEY": null, "_raw_FC_AC": "1999-04-15", "_raw_NM_AREA_M2": 205998.48262507701, "_cam_code": "058" }, "geometry": { "type": "Polygon", "coordinates": [ [ [ -3.7908, 40.2642 ], [ -3.7918, 40.2656 ], [ -3.7921, 40.2669 ], [ -3.7924, 40.2675 ], [ -3.7942, 40.2692 ], [ -3.7948, 40.2696 ], [ -3.795, 40.2702 ], [ -3.7955, 40.2702 ], [ -3.7953, 40.2696 ], [ -3.7945, 40.2688 ], [ -3.7942, 40.2687 ], [ -3.794, 40.2683 ], [ -3.7935, 40.2681 ], [ -3.7932, 40.2677 ], [ -3.793, 40.267 ], [ -3.7926, 40.2666 ], [ -3.7925, 40.2659 ], [ -3.7919, 40.2653 ], [ -3.7919, 40.2648 ], [ -3.7917, 40.2644 ], [ -3.7921, 40.2643 ], [ -3.7923, 40.2644 ], [ -3.7933, 40.2644 ], [ -3.7966, 40.2632 ], [ -3.7978, 40.2629 ], [ -3.7984, 40.2629 ], [ -3.7989, 40.2627 ], [ -3.7989, 40.2626 ], [ -3.7964, 40.2628 ], [ -3.7927, 40.264 ], [ -3.7925, 40.264 ], [ -3.7923, 40.2638 ], [ -3.7913, 40.2638 ], [ -3.791, 40.2636 ], [ -3.7914, 40.2633 ], [ -3.7926, 40.2632 ], [ -3.7943, 40.262 ], [ -3.797, 40.2612 ], [ -3.7972, 40.261 ], [ -3.7957, 40.2611 ], [ -3.7935, 40.2619 ], [ -3.7926, 40.2626 ], [ -3.792, 40.2628 ], [ -3.7914, 40.2627 ], [ -3.7907, 40.2631 ], [ -3.7885, 40.2633 ], [ -3.7875, 40.263 ], [ -3.787, 40.2626 ], [ -3.7881, 40.2624 ], [ -3.7891, 40.2618 ], [ -3.7905, 40.2619 ], [ -3.7922, 40.2614 ], [ -3.7933, 40.2609 ], [ -3.7945, 40.2606 ], [ -3.7951, 40.2601 ], [ -3.7948, 40.26 ], [ -3.794, 40.2603 ], [ -3.793, 40.2604 ], [ -3.7925, 40.2607 ], [ -3.7911, 40.2611 ], [ -3.7906, 40.2614 ], [ -3.7902, 40.2613 ], [ -3.7892, 40.2614 ], [ -3.7895, 40.2607 ], [ -3.7895, 40.2604 ], [ -3.7894, 40.2602 ], [ -3.7889, 40.26 ], [ -3.7889, 40.2601 ], [ -3.7887, 40.2601 ], [ -3.7888, 40.2608 ], [ -3.7884, 40.2615 ], [ -3.7864, 40.2623 ], [ -3.786, 40.2623 ], [ -3.7848, 40.2617 ], [ -3.7838, 40.2618 ], [ -3.7827, 40.2617 ], [ -3.7826, 40.263 ], [ -3.7839, 40.2623 ], [ -3.7848, 40.2623 ], [ -3.7852, 40.2627 ], [ -3.7874, 40.2636 ], [ -3.7885, 40.2636 ], [ -3.7898, 40.2639 ], [ -3.7908, 40.2642 ] ] ] } },
{ "type": "Feature", "properties": { "municipio": "Fuenlabrada", "clasificacion": "no-urbanizable-protegido", "calificacion": "sin-asignar", "version": "vigente", "fuente": "SIT-CAM WFS — UsoDelSuelo:VPLA_V_CLASIFICACION (https://idem.comunidad.madrid/geosrvg/ows)", "fecha_dato": "2026-05-12", "ambito": "38885", "_raw_CD_SIGLAS": "SNUP", "_raw_DS_CLASIF_GEN": "Suelo No Urbanizable Protegido", "_raw_DS_CLASIF_DET": "Suelo No Urbanizable Protección Ambiental", "_raw_DS_DOCU": "PLAN GENERAL", "_raw_DS_LEY": null, "_raw_FC_AC": "1999-04-15", "_raw_NM_AREA_M2": 151155.94815767099, "_cam_code": "058" }, "geometry": { "type": "Polygon", "coordinates": [ [ [ -3.8249, 40.2776 ], [ -3.8289, 40.2782 ], [ -3.8321, 40.2789 ], [ -3.8341, 40.2795 ], [ -3.8365, 40.2769 ], [ -3.8348, 40.2771 ], [ -3.8336, 40.2771 ], [ -3.8334, 40.277 ], [ -3.831, 40.2771 ], [ -3.8301, 40.277 ], [ -3.8288, 40.2774 ], [ -3.8275, 40.2774 ], [ -3.8274, 40.2775 ], [ -3.8273, 40.2774 ], [ -3.8261, 40.2774 ], [ -3.8261, 40.2773 ], [ -3.8233, 40.2772 ], [ -3.8233, 40.2771 ], [ -3.8207, 40.2771 ], [ -3.8204, 40.277 ], [ -3.8163, 40.2771 ], [ -3.818, 40.2773 ], [ -3.8205, 40.2773 ], [ -3.8249, 40.2776 ] ] ] } },
{ "type": "Feature", "properties": { "municipio": "Fuenlabrada", "clasificacion": "no-urbanizable-protegido", "calificacion": "sin-asignar", "version": "vigente", "fuente": "SIT-CAM WFS — UsoDelSuelo:VPLA_V_CLASIFICACION (https://idem.comunidad.madrid/geosrvg/ows)", "fecha_dato": "2026-05-12", "ambito": "38885", "_raw_CD_SIGLAS": "SNUP", "_raw_DS_CLASIF_GEN": "Suelo No Urbanizable Protegido", "_raw_DS_CLASIF_DET": "Suelo No Urbanizable Protección Ambiental", "_raw_DS_DOCU": "PLAN GENERAL", "_raw_DS_LEY": null, "_raw_FC_AC": "1999-04-15", "_raw_NM_AREA_M2": 3944.8463125037001, "_cam_code": "058" }, "geometry": { "type": "Polygon", "coordinates": [ [ [ -3.8375, 40.279 ], [ -3.8361, 40.2804 ], [ -3.8362, 40.2805 ], [ -3.8382, 40.2784 ], [ -3.8385, 40.278 ], [ -3.8389, 40.2773 ], [ -3.8391, 40.2769 ], [ -3.8389, 40.2773 ], [ -3.8375, 40.279 ] ] ] } },
{ "type": "Feature", "properties": { "municipio": "Fuenlabrada", "clasificacion": "no-urbanizable-protegido", "calificacion": "sin-asignar", "version": "vigente", "fuente": "SIT-CAM WFS — UsoDelSuelo:VPLA_V_CLASIFICACION (https://idem.comunidad.madrid/geosrvg/ows)", "fecha_dato": "2026-05-12", "ambito": "38885", "_raw_CD_SIGLAS": "SNUP", "_raw_DS_CLASIF_GEN": "Suelo No Urbanizable Protegido", "_raw_DS_CLASIF_DET": "Suelo No Urbanizable Protección Ambiental", "_raw_DS_DOCU": "PLAN GENERAL", "_raw_DS_LEY": null, "_raw_FC_AC": "1999-04-15", "_raw_NM_AREA_M2": 152880.56272611101, "_cam_code": "058" }, "geometry": { "type": "Polygon", "coordinates": [ [ [ -3.8238, 40.2821 ], [ -3.8254, 40.2821 ], [ -3.8294, 40.2817 ], [ -3.8321, 40.2816 ], [ -3.8326, 40.281 ], [ -3.8313, 40.2806 ], [ -3.8276, 40.2798 ], [ -3.8229, 40.2792 ], [ -3.8234, 40.2796 ], [ -3.8236, 40.2802 ], [ -3.8238, 40.2821 ] ] ] } },
{ "type": "Feature", "properties": { "municipio": "Fuenlabrada", "clasificacion": "no-urbanizable-protegido", "calificacion": "sin-asignar", "version": "vigente", "fuente": "SIT-CAM WFS — UsoDelSuelo:VPLA_V_CLASIFICACION (https://idem.comunidad.madrid/geosrvg/ows)", "fecha_dato": "2026-05-12", "ambito": "38885", "_raw_CD_SIGLAS": "SNUP", "_raw_DS_CLASIF_GEN": "Suelo No Urbanizable Protegido", "_raw_DS_CLASIF_DET": "Suelo No Urbanizable Protección Ambiental", "_raw_DS_DOCU": "PLAN GENERAL", "_raw_DS_LEY": null, "_raw_FC_AC": "1999-04-15", "_raw_NM_AREA_M2": 62915.823625241399, "_cam_code": "058" }, "geometry": { "type": "Polygon", "coordinates": [ [ [ -3.8387, 40.2783 ], [ -3.8366, 40.2807 ], [ -3.8402, 40.2828 ], [ -3.8399, 40.2823 ], [ -3.8394, 40.2808 ], [ -3.8394, 40.2796 ], [ -3.839, 40.2786 ], [ -3.8387, 40.2783 ] ] ] } },
{ "type": "Feature", "properties": { "municipio": "Fuenlabrada", "clasificacion": "no-urbanizable-protegido", "calificacion": "sin-asignar", "version": "vigente", "fuente": "SIT-CAM WFS — UsoDelSuelo:VPLA_V_CLASIFICACION (https://idem.comunidad.madrid/geosrvg/ows)", "fecha_dato": "2026-05-12", "ambito": "38885", "_raw_CD_SIGLAS": "SNUP", "_raw_DS_CLASIF_GEN": "Suelo No Urbanizable Protegido", "_raw_DS_CLASIF_DET": "Suelo No Urbanizable Protección Ambiental", "_raw_DS_DOCU": "PLAN GENERAL", "_raw_DS_LEY": null, "_raw_FC_AC": "1999-04-15", "_raw_NM_AREA_M2": 14577.2645875211, "_cam_code": "058" }, "geometry": { "type": "Polygon", "coordinates": [ [ [ -3.8347, 40.2819 ], [ -3.8323, 40.2849 ], [ -3.8321, 40.2853 ], [ -3.8312, 40.2877 ], [ -3.8307, 40.2893 ], [ -3.8314, 40.2893 ], [ -3.8313, 40.2884 ], [ -3.8315, 40.288 ], [ -3.8316, 40.2868 ], [ -3.8321, 40.2854 ], [ -3.8328, 40.2843 ], [ -3.8342, 40.2826 ], [ -3.8349, 40.282 ], [ -3.8347, 40.2819 ] ] ] } },
{ "type": "Feature", "properties": { "municipio": "Fuenlabrada", "clasificacion": "no-urbanizable-protegido", "calificacion": "sin-asignar", "version": "vigente", "fuente": "SIT-CAM WFS — UsoDelSuelo:VPLA_V_CLASIFICACION (https://idem.comunidad.madrid/geosrvg/ows)", "fecha_dato": "2026-05-12", "ambito": "38885", "_raw_CD_SIGLAS": "SNUP", "_raw_DS_CLASIF_GEN": "Suelo No Urbanizable Protegido", "_raw_DS_CLASIF_DET": "Suelo No Urbanizable Protección Ambiental", "_raw_DS_DOCU": "PLAN GENERAL", "_raw_DS_LEY": null, "_raw_FC_AC": "1999-04-15", "_raw_NM_AREA_M2": 75202.400987513101, "_cam_code": "058" }, "geometry": { "type": "Polygon", "coordinates": [ [ [ -3.8312, 40.2912 ], [ -3.8326, 40.2913 ], [ -3.8362, 40.2908 ], [ -3.8371, 40.2908 ], [ -3.8368, 40.2904 ], [ -3.8355, 40.2896 ], [ -3.8342, 40.2893 ], [ -3.8326, 40.2893 ], [ -3.8319, 40.2894 ], [ -3.8317, 40.2906 ], [ -3.8314, 40.2911 ], [ -3.8312, 40.2912 ] ] ] } },
{ "type": "Feature", "properties": { "municipio": "Fuenlabrada", "clasificacion": "no-urbanizable-protegido", "calificacion": "sin-asignar", "version": "vigente", "fuente": "SIT-CAM WFS — UsoDelSuelo:VPLA_V_CLASIFICACION (https://idem.comunidad.madrid/geosrvg/ows)", "fecha_dato": "2026-05-12", "ambito": "38885", "_raw_CD_SIGLAS": "SNUP", "_raw_DS_CLASIF_GEN": "Suelo No Urbanizable Protegido", "_raw_DS_CLASIF_DET": "Suelo No Urbanizable Protección Ambiental", "_raw_DS_DOCU": "PLAN GENERAL", "_raw_DS_LEY": null, "_raw_FC_AC": "1999-04-15", "_raw_NM_AREA_M2": 15238.131450061301, "_cam_code": "058" }, "geometry": { "type": "Polygon", "coordinates": [ [ [ -3.8306, 40.2895 ], [ -3.8306, 40.2897 ], [ -3.83, 40.2915 ], [ -3.8308, 40.2912 ], [ -3.8313, 40.2905 ], [ -3.8314, 40.2895 ], [ -3.8306, 40.2895 ] ] ] } },
{ "type": "Feature", "properties": { "municipio": "Fuenlabrada", "clasificacion": "no-urbanizable-protegido", "calificacion": "sin-asignar", "version": "vigente", "fuente": "SIT-CAM WFS — UsoDelSuelo:VPLA_V_CLASIFICACION (https://idem.comunidad.madrid/geosrvg/ows)", "fecha_dato": "2026-05-12", "ambito": "38885", "_raw_CD_SIGLAS": "SNUP", "_raw_DS_CLASIF_GEN": "Suelo No Urbanizable Protegido", "_raw_DS_CLASIF_DET": "Suelo No Urbanizable Protección Ambiental", "_raw_DS_DOCU": "PLAN GENERAL", "_raw_DS_LEY": null, "_raw_FC_AC": "1999-04-15", "_raw_NM_AREA_M2": 597598.78149993799, "_cam_code": "058" }, "geometry": { "type": "Polygon", "coordinates": [ [ [ -3.8386, 40.2907 ], [ -3.8411, 40.2909 ], [ -3.8415, 40.2913 ], [ -3.8418, 40.2914 ], [ -3.8431, 40.2915 ], [ -3.8438, 40.2917 ], [ -3.8431, 40.2898 ], [ -3.8427, 40.2892 ], [ -3.8425, 40.2882 ], [ -3.8413, 40.2865 ], [ -3.841, 40.2854 ], [ -3.8353, 40.2822 ], [ -3.8344, 40.2829 ], [ -3.8326, 40.2852 ], [ -3.832, 40.2872 ], [ -3.8318, 40.2885 ], [ -3.8319, 40.2892 ], [ -3.8334, 40.2891 ], [ -3.8347, 40.2892 ], [ -3.8359, 40.2896 ], [ -3.8366, 40.29 ], [ -3.8376, 40.2909 ], [ -3.8386, 40.2907 ] ] ] } },
{ "type": "Feature", "properties": { "municipio": "Fuenlabrada", "clasificacion": "no-urbanizable-protegido", "calificacion": "sin-asignar", "version": "vigente", "fuente": "SIT-CAM WFS — UsoDelSuelo:VPLA_V_CLASIFICACION (https://idem.comunidad.madrid/geosrvg/ows)", "fecha_dato": "2026-05-12", "ambito": "38885", "_raw_CD_SIGLAS": "SNUP", "_raw_DS_CLASIF_GEN": "Suelo No Urbanizable Protegido", "_raw_DS_CLASIF_DET": "Suelo No Urbanizable Protección Vías Pecuarias", "_raw_DS_DOCU": "PLAN GENERAL", "_raw_DS_LEY": null, "_raw_FC_AC": "1999-04-15", "_raw_NM_AREA_M2": 14285.573287572201, "_cam_code": "058" }, "geometry": { "type": "Polygon", "coordinates": [ [ [ -3.8391, 40.2769 ], [ -3.8382, 40.2784 ], [ -3.8362, 40.2805 ], [ -3.8366, 40.2807 ], [ -3.8372, 40.2799 ], [ -3.8377, 40.2795 ], [ -3.838, 40.279 ], [ -3.8388, 40.2783 ], [ -3.8387, 40.2781 ], [ -3.8388, 40.2779 ], [ -3.8395, 40.277 ], [ -3.8391, 40.2769 ] ] ] } },
{ "type": "Feature", "properties": { "municipio": "Fuenlabrada", "clasificacion": "no-urbanizable-protegido", "calificacion": "sin-asignar", "version": "vigente", "fuente": "SIT-CAM WFS — UsoDelSuelo:VPLA_V_CLASIFICACION (https://idem.comunidad.madrid/geosrvg/ows)", "fecha_dato": "2026-05-12", "ambito": "38885", "_raw_CD_SIGLAS": "SNUP", "_raw_DS_CLASIF_GEN": "Suelo No Urbanizable Protegido", "_raw_DS_CLASIF_DET": "Suelo No Urbanizable Protección Vías Pecuarias", "_raw_DS_DOCU": "PLAN GENERAL", "_raw_DS_LEY": null, "_raw_FC_AC": "1999-04-15", "_raw_NM_AREA_M2": 32548.671787585699, "_cam_code": "058" }, "geometry": { "type": "Polygon", "coordinates": [ [ [ -3.8349, 40.282 ], [ -3.8342, 40.2826 ], [ -3.8328, 40.2843 ], [ -3.8321, 40.2854 ], [ -3.8316, 40.2868 ], [ -3.8315, 40.288 ], [ -3.8313, 40.2884 ], [ -3.8314, 40.2893 ], [ -3.8319, 40.2892 ], [ -3.8318, 40.2885 ], [ -3.832, 40.2872 ], [ -3.8326, 40.2852 ], [ -3.8344, 40.2829 ], [ -3.8353, 40.2822 ], [ -3.8349, 40.282 ] ] ] } },
{ "type": "Feature", "properties": { "municipio": "Fuenlabrada", "clasificacion": "no-urbanizable-protegido", "calificacion": "sin-asignar", "version": "vigente", "fuente": "SIT-CAM WFS — UsoDelSuelo:VPLA_V_CLASIFICACION (https://idem.comunidad.madrid/geosrvg/ows)", "fecha_dato": "2026-05-12", "ambito": "38885", "_raw_CD_SIGLAS": "SNUP", "_raw_DS_CLASIF_GEN": "Suelo No Urbanizable Protegido", "_raw_DS_CLASIF_DET": "Suelo No Urbanizable Protección Vías Pecuarias", "_raw_DS_DOCU": "PLAN GENERAL", "_raw_DS_LEY": null, "_raw_FC_AC": "1999-04-15", "_raw_NM_AREA_M2": 7382.2882125605101, "_cam_code": "058" }, "geometry": { "type": "Polygon", "coordinates": [ [ [ -3.8314, 40.2895 ], [ -3.8313, 40.2905 ], [ -3.8309, 40.2911 ], [ -3.831, 40.2912 ], [ -3.8314, 40.2911 ], [ -3.8318, 40.2902 ], [ -3.8319, 40.2894 ], [ -3.8314, 40.2895 ] ] ] } },
{ "type": "Feature", "properties": { "municipio": "Fuenlabrada", "clasificacion": "no-urbanizable-protegido", "calificacion": "sin-asignar", "version": "vigente", "fuente": "SIT-CAM WFS — UsoDelSuelo:VPLA_V_CLASIFICACION (https://idem.comunidad.madrid/geosrvg/ows)", "fecha_dato": "2026-05-12", "ambito": "38885", "_raw_CD_SIGLAS": "SNUP", "_raw_DS_CLASIF_GEN": "Suelo No Urbanizable Protegido", "_raw_DS_CLASIF_DET": "Suelo No Urbanizable Protección Urbanística", "_raw_DS_DOCU": "PLAN GENERAL", "_raw_DS_LEY": null, "_raw_FC_AC": "1999-04-15", "_raw_NM_AREA_M2": 370202.19704215002, "_cam_code": "058" }, "geometry": { "type": "Polygon", "coordinates": [ [ [ -3.7947, 40.2708 ], [ -3.7818, 40.272 ], [ -3.7807, 40.2723 ], [ -3.7819, 40.2733 ], [ -3.7822, 40.2739 ], [ -3.7848, 40.2741 ], [ -3.7871, 40.275 ], [ -3.788, 40.2746 ], [ -3.7892, 40.2743 ], [ -3.7952, 40.2744 ], [ -3.7947, 40.2708 ] ] ] } },
{ "type": "Feature", "properties": { "municipio": "Fuenlabrada", "clasificacion": "no-urbanizable-protegido", "calificacion": "sin-asignar", "version": "vigente", "fuente": "SIT-CAM WFS — UsoDelSuelo:VPLA_V_CLASIFICACION (https://idem.comunidad.madrid/geosrvg/ows)", "fecha_dato": "2026-05-12", "ambito": "38885", "_raw_CD_SIGLAS": "SNUP", "_raw_DS_CLASIF_GEN": "Suelo No Urbanizable Protegido", "_raw_DS_CLASIF_DET": "Suelo No Urbanizable Protección Urbanística", "_raw_DS_DOCU": "PLAN GENERAL", "_raw_DS_LEY": null, "_raw_FC_AC": "1999-04-15", "_raw_NM_AREA_M2": 447307.75693386799, "_cam_code": "058" }, "geometry": { "type": "Polygon", "coordinates": [ [ [ -3.823, 40.2872 ], [ -3.8231, 40.2877 ], [ -3.8243, 40.2887 ], [ -3.8246, 40.2891 ], [ -3.825, 40.2893 ], [ -3.8251, 40.2895 ], [ -3.8255, 40.2896 ], [ -3.8255, 40.2897 ], [ -3.826, 40.2898 ], [ -3.8281, 40.2896 ], [ -3.8297, 40.285 ], [ -3.8309, 40.283 ], [ -3.8321, 40.2816 ], [ -3.8294, 40.2817 ], [ -3.8254, 40.2821 ], [ -3.8238, 40.2821 ], [ -3.823, 40.2872 ] ] ] } },
{ "type": "Feature", "properties": { "municipio": "Fuenlabrada", "clasificacion": "no-urbanizable-protegido", "calificacion": "sin-asignar", "version": "vigente", "fuente": "SIT-CAM WFS — UsoDelSuelo:VPLA_V_CLASIFICACION (https://idem.comunidad.madrid/geosrvg/ows)", "fecha_dato": "2026-05-12", "ambito": "38885", "_raw_CD_SIGLAS": "SNUP", "_raw_DS_CLASIF_GEN": "Suelo No Urbanizable Protegido", "_raw_DS_CLASIF_DET": "Suelo No Urbanizable Protección Urbanística", "_raw_DS_DOCU": "PLAN GENERAL", "_raw_DS_LEY": null, "_raw_FC_AC": "1999-04-15", "_raw_NM_AREA_M2": 400258.29129977699, "_cam_code": "058" }, "geometry": { "type": "Polygon", "coordinates": [ [ [ -3.8238, 40.3268 ], [ -3.8252, 40.3265 ], [ -3.826, 40.3266 ], [ -3.8285, 40.3262 ], [ -3.8301, 40.3255 ], [ -3.8311, 40.3253 ], [ -3.8336, 40.3253 ], [ -3.8362, 40.3251 ], [ -3.8373, 40.3247 ], [ -3.8376, 40.3247 ], [ -3.8379, 40.3245 ], [ -3.8385, 40.3245 ], [ -3.8362, 40.3237 ], [ -3.8258, 40.3206 ], [ -3.8255, 40.3216 ], [ -3.8256, 40.3217 ], [ -3.8255, 40.3233 ], [ -3.824, 40.3257 ], [ -3.8238, 40.3268 ] ] ] } },
{ "type": "Feature", "properties": { "municipio": "Fuenlabrada", "clasificacion": "no-urbanizable-protegido", "calificacion": "sin-asignar", "version": "vigente", "fuente": "SIT-CAM WFS — UsoDelSuelo:VPLA_V_CLASIFICACION (https://idem.comunidad.madrid/geosrvg/ows)", "fecha_dato": "2026-05-12", "ambito": "38885", "_raw_CD_SIGLAS": "SNUP", "_raw_DS_CLASIF_GEN": "Suelo No Urbanizable Protegido", "_raw_DS_CLASIF_DET": "Suelo No Urbanizable Protección Urbanística", "_raw_DS_DOCU": "PLAN GENERAL", "_raw_DS_LEY": null, "_raw_FC_AC": "1999-04-15", "_raw_NM_AREA_M2": 369353.53707483201, "_cam_code": "058" }, "geometry": { "type": "Polygon", "coordinates": [ [ [ -3.8239, 40.3203 ], [ -3.8232, 40.3203 ], [ -3.8222, 40.3205 ], [ -3.8212, 40.3209 ], [ -3.82, 40.3216 ], [ -3.8192, 40.3224 ], [ -3.8173, 40.3257 ], [ -3.8175, 40.326 ], [ -3.8181, 40.3278 ], [ -3.8232, 40.3269 ], [ -3.8234, 40.3265 ], [ -3.8236, 40.3254 ], [ -3.8245, 40.3243 ], [ -3.825, 40.3233 ], [ -3.8251, 40.3216 ], [ -3.8254, 40.3205 ], [ -3.8247, 40.3203 ], [ -3.8239, 40.3203 ] ] ] } },
{ "type": "Feature", "properties": { "municipio": "Fuenlabrada", "clasificacion": "no-urbanizable-protegido", "calificacion": "sin-asignar", "version": "vigente", "fuente": "SIT-CAM WFS — UsoDelSuelo:VPLA_V_CLASIFICACION (https://idem.comunidad.madrid/geosrvg/ows)", "fecha_dato": "2026-05-12", "ambito": "38885", "_raw_CD_SIGLAS": "SNUP", "_raw_DS_CLASIF_GEN": "Suelo No Urbanizable Protegido", "_raw_DS_CLASIF_DET": "Suelo No Urbanizable Protección Vías Pecuarias", "_raw_DS_DOCU": "PLAN GENERAL", "_raw_DS_LEY": null, "_raw_FC_AC": "1999-04-15", "_raw_NM_AREA_M2": 115690.053237816, "_cam_code": "058" }, "geometry": { "type": "Polygon", "coordinates": [ [ [ -3.8248, 40.308 ], [ -3.8265, 40.3083 ], [ -3.8256, 40.3115 ], [ -3.8259, 40.3122 ], [ -3.8258, 40.3127 ], [ -3.8259, 40.313 ], [ -3.8258, 40.3151 ], [ -3.8259, 40.3153 ], [ -3.8258, 40.3154 ], [ -3.8258, 40.316 ], [ -3.8256, 40.3162 ], [ -3.8256, 40.3196 ], [ -3.826, 40.3198 ], [ -3.8261, 40.3163 ], [ -3.8263, 40.3155 ], [ -3.8262, 40.3148 ], [ -3.8263, 40.3143 ], [ -3.8263, 40.3122 ], [ -3.8261, 40.3119 ], [ -3.8261, 40.3116 ], [ -3.8269, 40.3083 ], [ -3.8268, 40.3061 ], [ -3.8275, 40.3042 ], [ -3.8283, 40.3029 ], [ -3.828, 40.3024 ], [ -3.8275, 40.302 ], [ -3.827, 40.3006 ], [ -3.8268, 40.301 ], [ -3.828, 40.3028 ], [ -3.8274, 40.304 ], [ -3.827, 40.3045 ], [ -3.8264, 40.3059 ], [ -3.8264, 40.3079 ], [ -3.8255, 40.3077 ], [ -3.8237, 40.3076 ], [ -3.8196, 40.3083 ], [ -3.8186, 40.3083 ], [ -3.8156, 40.3079 ], [ -3.8136, 40.307 ], [ -3.8142, 40.3076 ], [ -3.8152, 40.3081 ], [ -3.8169, 40.3085 ], [ -3.818, 40.3086 ], [ -3.8198, 40.3086 ], [ -3.8209, 40.3085 ], [ -3.8231, 40.308 ], [ -3.8248, 40.308 ] ] ] } },
{ "type": "Feature", "properties": { "municipio": "Fuenlabrada", "clasificacion": "no-urbanizable-protegido", "calificacion": "sin-asignar", "version": "vigente", "fuente": "SIT-CAM WFS — UsoDelSuelo:VPLA_V_CLASIFICACION (https://idem.comunidad.madrid/geosrvg/ows)", "fecha_dato": "2026-05-12", "ambito": "38885", "_raw_CD_SIGLAS": "SNUP", "_raw_DS_CLASIF_GEN": "Suelo No Urbanizable Protegido", "_raw_DS_CLASIF_DET": "Suelo No Urbanizable Protección Vías Pecuarias", "_raw_DS_DOCU": "PLAN GENERAL", "_raw_DS_LEY": null, "_raw_FC_AC": "1999-04-15", "_raw_NM_AREA_M2": 27769.583837503102, "_cam_code": "058" }, "geometry": { "type": "Polygon", "coordinates": [ [ [ -3.8253, 40.3206 ], [ -3.8251, 40.3216 ], [ -3.825, 40.3233 ], [ -3.8245, 40.3243 ], [ -3.8236, 40.3254 ], [ -3.8234, 40.3265 ], [ -3.8232, 40.3269 ], [ -3.8237, 40.3269 ], [ -3.8238, 40.3268 ], [ -3.824, 40.3257 ], [ -3.8255, 40.3233 ], [ -3.8255, 40.3221 ], [ -3.8256, 40.3219 ], [ -3.8255, 40.3216 ], [ -3.8258, 40.3206 ], [ -3.8257, 40.3205 ], [ -3.8253, 40.3206 ] ] ] } },
{ "type": "Feature", "properties": { "municipio": "Fuenlabrada", "clasificacion": "no-urbanizable-protegido", "calificacion": "sin-asignar", "version": "vigente", "fuente": "SIT-CAM WFS — UsoDelSuelo:VPLA_V_CLASIFICACION (https://idem.comunidad.madrid/geosrvg/ows)", "fecha_dato": "2026-05-12", "ambito": "38885", "_raw_CD_SIGLAS": "SNUP", "_raw_DS_CLASIF_GEN": "Suelo No Urbanizable Protegido", "_raw_DS_CLASIF_DET": "Suelo No Urbanizable Protección Urbanística", "_raw_DS_DOCU": "PLAN GENERAL", "_raw_DS_LEY": null, "_raw_FC_AC": "1999-04-15", "_raw_NM_AREA_M2": 57702.551940641199, "_cam_code": "058" }, "geometry": { "type": "Polygon", "coordinates": [ [ [ -3.8125, 40.3033 ], [ -3.812, 40.3037 ], [ -3.8136, 40.3039 ], [ -3.8175, 40.3041 ], [ -3.8209, 40.3048 ], [ -3.8208, 40.3046 ], [ -3.8201, 40.3043 ], [ -3.8201, 40.3042 ], [ -3.8193, 40.3041 ], [ -3.8186, 40.3038 ], [ -3.8181, 40.3035 ], [ -3.8179, 40.3032 ], [ -3.8177, 40.3033 ], [ -3.8172, 40.3032 ], [ -3.8172, 40.303 ], [ -3.8171, 40.303 ], [ -3.8172, 40.3028 ], [ -3.8171, 40.3029 ], [ -3.8163, 40.3029 ], [ -3.8143, 40.3032 ], [ -3.8125, 40.3033 ] ] ] } },
{ "type": "Feature", "properties": { "municipio": "Fuenlabrada", "clasificacion": "no-urbanizable-protegido", "calificacion": "sin-asignar", "version": "vigente", "fuente": "SIT-CAM WFS — UsoDelSuelo:VPLA_V_CLASIFICACION (https://idem.comunidad.madrid/geosrvg/ows)", "fecha_dato": "2026-05-12", "ambito": "38885", "_raw_CD_SIGLAS": "SNUP", "_raw_DS_CLASIF_GEN": "Suelo No Urbanizable Protegido", "_raw_DS_CLASIF_DET": "Suelo No Urbanizable Protección Urbanística", "_raw_DS_DOCU": "PLAN GENERAL", "_raw_DS_LEY": null, "_raw_FC_AC": "1999-04-15", "_raw_NM_AREA_M2": 234417.802612548, "_cam_code": "058" }, "geometry": { "type": "Polygon", "coordinates": [ [ [ -3.8269, 40.3068 ], [ -3.8268, 40.307 ], [ -3.8269, 40.3083 ], [ -3.8261, 40.3117 ], [ -3.8296, 40.3095 ], [ -3.8319, 40.3079 ], [ -3.8323, 40.3075 ], [ -3.8323, 40.3069 ], [ -3.8322, 40.3069 ], [ -3.8321, 40.3066 ], [ -3.8319, 40.3065 ], [ -3.8306, 40.3065 ], [ -3.8306, 40.3064 ], [ -3.8302, 40.3063 ], [ -3.8299, 40.306 ], [ -3.8297, 40.3043 ], [ -3.8295, 40.3041 ], [ -3.8295, 40.3039 ], [ -3.8283, 40.3028 ], [ -3.8275, 40.3042 ], [ -3.8268, 40.3061 ], [ -3.8269, 40.3068 ] ] ] } },
{ "type": "Feature", "properties": { "municipio": "Fuenlabrada", "clasificacion": "no-urbanizable-protegido", "calificacion": "sin-asignar", "version": "vigente", "fuente": "SIT-CAM WFS — UsoDelSuelo:VPLA_V_CLASIFICACION (https://idem.comunidad.madrid/geosrvg/ows)", "fecha_dato": "2026-05-12", "ambito": "38885", "_raw_CD_SIGLAS": "SNUP", "_raw_DS_CLASIF_GEN": "Suelo No Urbanizable Protegido", "_raw_DS_CLASIF_DET": "Suelo No Urbanizable Protección Urbanística", "_raw_DS_DOCU": "PLAN GENERAL", "_raw_DS_LEY": null, "_raw_FC_AC": "1999-04-15", "_raw_NM_AREA_M2": 42719.041835873199, "_cam_code": "058" }, "geometry": { "type": "Polygon", "coordinates": [ [ [ -3.8132, 40.306 ], [ -3.8146, 40.3063 ], [ -3.8159, 40.3069 ], [ -3.8166, 40.307 ], [ -3.8181, 40.3067 ], [ -3.8189, 40.3062 ], [ -3.8173, 40.3059 ], [ -3.8124, 40.3055 ], [ -3.8124, 40.3061 ], [ -3.8129, 40.3057 ], [ -3.8132, 40.306 ] ] ] } },
{ "type": "Feature", "properties": { "municipio": "Fuenlabrada", "clasificacion": "no-urbanizable-protegido", "calificacion": "sin-asignar", "version": "vigente", "fuente": "SIT-CAM WFS — UsoDelSuelo:VPLA_V_CLASIFICACION (https://idem.comunidad.madrid/geosrvg/ows)", "fecha_dato": "2026-05-12", "ambito": "38885", "_raw_CD_SIGLAS": "SNUP", "_raw_DS_CLASIF_GEN": "Suelo No Urbanizable Protegido", "_raw_DS_CLASIF_DET": "Suelo No Urbanizable Protección Urbanística", "_raw_DS_DOCU": "PLAN GENERAL", "_raw_DS_LEY": null, "_raw_FC_AC": "1999-04-15", "_raw_NM_AREA_M2": 7801.9196124519103, "_cam_code": "058" }, "geometry": { "type": "Polygon", "coordinates": [ [ [ -3.8281, 40.2898 ], [ -3.8262, 40.2899 ], [ -3.8273, 40.2904 ], [ -3.8277, 40.2908 ], [ -3.8281, 40.2898 ] ] ] } },
{ "type": "Feature", "properties": { "municipio": "Fuenlabrada", "clasificacion": "no-urbanizable-protegido", "calificacion": "sin-asignar", "version": "vigente", "fuente": "SIT-CAM WFS — UsoDelSuelo:VPLA_V_CLASIFICACION (https://idem.comunidad.madrid/geosrvg/ows)", "fecha_dato": "2026-05-12", "ambito": "38885", "_raw_CD_SIGLAS": "SNUP", "_raw_DS_CLASIF_GEN": "Suelo No Urbanizable Protegido", "_raw_DS_CLASIF_DET": "Suelo No Urbanizable Protección Urbanística", "_raw_DS_DOCU": "PLAN GENERAL", "_raw_DS_LEY": null, "_raw_FC_AC": "1999-04-15", "_raw_NM_AREA_M2": 825934.51307484496, "_cam_code": "058" }, "geometry": { "type": "Polygon", "coordinates": [ [ [ -3.8125, 40.3088 ], [ -3.8127, 40.309 ], [ -3.8128, 40.3096 ], [ -3.8128, 40.3128 ], [ -3.8134, 40.3144 ], [ -3.8142, 40.3146 ], [ -3.8144, 40.3148 ], [ -3.8149, 40.3149 ], [ -3.8156, 40.3153 ], [ -3.8161, 40.3154 ], [ -3.8161, 40.3155 ], [ -3.817, 40.3157 ], [ -3.817, 40.3158 ], [ -3.818, 40.3159 ], [ -3.818, 40.316 ], [ -3.8198, 40.316 ], [ -3.821, 40.3156 ], [ -3.821, 40.3155 ], [ -3.8225, 40.3148 ], [ -3.8239, 40.3133 ], [ -3.8257, 40.3119 ], [ -3.8256, 40.3115 ], [ -3.8265, 40.3083 ], [ -3.8248, 40.308 ], [ -3.8231, 40.308 ], [ -3.8209, 40.3085 ], [ -3.8198, 40.3086 ], [ -3.8169, 40.3085 ], [ -3.8152, 40.3081 ], [ -3.8142, 40.3076 ], [ -3.8136, 40.307 ], [ -3.8126, 40.3068 ], [ -3.8125, 40.3088 ] ] ] } },
{ "type": "Feature", "properties": { "municipio": "Fuenlabrada", "clasificacion": "no-urbanizable-protegido", "calificacion": "sin-asignar", "version": "vigente", "fuente": "SIT-CAM WFS — UsoDelSuelo:VPLA_V_CLASIFICACION (https://idem.comunidad.madrid/geosrvg/ows)", "fecha_dato": "2026-05-12", "ambito": "38885", "_raw_CD_SIGLAS": "SNUP", "_raw_DS_CLASIF_GEN": "Suelo No Urbanizable Protegido", "_raw_DS_CLASIF_DET": "Suelo No Urbanizable Protección Urbanística", "_raw_DS_DOCU": "PLAN GENERAL", "_raw_DS_LEY": null, "_raw_FC_AC": "1999-04-15", "_raw_NM_AREA_M2": 103311.039499844, "_cam_code": "058" }, "geometry": { "type": "Polygon", "coordinates": [ [ [ -3.8258, 40.3129 ], [ -3.8252, 40.3133 ], [ -3.825, 40.3136 ], [ -3.8246, 40.3138 ], [ -3.8238, 40.3146 ], [ -3.8234, 40.3151 ], [ -3.8233, 40.3155 ], [ -3.8232, 40.3155 ], [ -3.8232, 40.3162 ], [ -3.8233, 40.3162 ], [ -3.8233, 40.3165 ], [ -3.8235, 40.317 ], [ -3.8236, 40.317 ], [ -3.8237, 40.3175 ], [ -3.8238, 40.3175 ], [ -3.824, 40.3181 ], [ -3.8241, 40.3181 ], [ -3.8241, 40.3184 ], [ -3.8247, 40.3191 ], [ -3.8256, 40.3196 ], [ -3.8256, 40.3162 ], [ -3.8258, 40.316 ], [ -3.8258, 40.3154 ], [ -3.8259, 40.3153 ], [ -3.8258, 40.3151 ], [ -3.8259, 40.313 ], [ -3.8258, 40.3129 ] ] ] } },
{ "type": "Feature", "properties": { "municipio": "Fuenlabrada", "clasificacion": "no-urbanizable-protegido", "calificacion": "sin-asignar", "version": "vigente", "fuente": "SIT-CAM WFS — UsoDelSuelo:VPLA_V_CLASIFICACION (https://idem.comunidad.madrid/geosrvg/ows)", "fecha_dato": "2026-05-12", "ambito": "38885", "_raw_CD_SIGLAS": "SNUP", "_raw_DS_CLASIF_GEN": "Suelo No Urbanizable Protegido", "_raw_DS_CLASIF_DET": "Suelo No Urbanizable Protección Urbanística", "_raw_DS_DOCU": "PLAN GENERAL", "_raw_DS_LEY": null, "_raw_FC_AC": "1999-04-15", "_raw_NM_AREA_M2": 1608641.77756256, "_cam_code": "058" }, "geometry": { "type": "Polygon", "coordinates": [ [ [ -3.8404, 40.3244 ], [ -3.8413, 40.3242 ], [ -3.8434, 40.3243 ], [ -3.8433, 40.3239 ], [ -3.8432, 40.3239 ], [ -3.8432, 40.3226 ], [ -3.8436, 40.321 ], [ -3.8435, 40.3199 ], [ -3.8434, 40.3199 ], [ -3.8431, 40.3192 ], [ -3.8426, 40.3186 ], [ -3.8426, 40.3184 ], [ -3.8416, 40.3171 ], [ -3.8413, 40.3165 ], [ -3.8411, 40.3156 ], [ -3.8407, 40.3152 ], [ -3.8404, 40.3151 ], [ -3.8405, 40.3151 ], [ -3.8405, 40.3149 ], [ -3.8393, 40.3145 ], [ -3.8368, 40.3152 ], [ -3.8357, 40.315 ], [ -3.8353, 40.3139 ], [ -3.8345, 40.3129 ], [ -3.8351, 40.3126 ], [ -3.8357, 40.3131 ], [ -3.8372, 40.3131 ], [ -3.8378, 40.3129 ], [ -3.8344, 40.3091 ], [ -3.8338, 40.3088 ], [ -3.8326, 40.3089 ], [ -3.8326, 40.309 ], [ -3.8303, 40.31 ], [ -3.8298, 40.3104 ], [ -3.8296, 40.3104 ], [ -3.8293, 40.3107 ], [ -3.8291, 40.3107 ], [ -3.829, 40.3109 ], [ -3.8286, 40.311 ], [ -3.8285, 40.3112 ], [ -3.8283, 40.3112 ], [ -3.8263, 40.3125 ], [ -3.8263, 40.3143 ], [ -3.8262, 40.3145 ], [ -3.8263, 40.3155 ], [ -3.8261, 40.3163 ], [ -3.826, 40.3198 ], [ -3.8299, 40.3212 ], [ -3.8365, 40.3231 ], [ -3.8404, 40.3244 ] ] ] } },
{ "type": "Feature", "properties": { "municipio": "Fuenlabrada", "clasificacion": "no-urbanizable-protegido", "calificacion": "sin-asignar", "version": "vigente", "fuente": "SIT-CAM WFS — UsoDelSuelo:VPLA_V_CLASIFICACION (https://idem.comunidad.madrid/geosrvg/ows)", "fecha_dato": "2026-05-12", "ambito": "38885", "_raw_CD_SIGLAS": "SNUP", "_raw_DS_CLASIF_GEN": "Suelo No Urbanizable Protegido", "_raw_DS_CLASIF_DET": "Suelo No Urbanizable Protección Urbanística", "_raw_DS_DOCU": "PLAN GENERAL", "_raw_DS_LEY": null, "_raw_FC_AC": "1999-04-15", "_raw_NM_AREA_M2": 183186.42642503101, "_cam_code": "058" }, "geometry": { "type": "Polygon", "coordinates": [ [ [ -3.8135, 40.3152 ], [ -3.8138, 40.3164 ], [ -3.8145, 40.3175 ], [ -3.8154, 40.3203 ], [ -3.8162, 40.3218 ], [ -3.8165, 40.3235 ], [ -3.8169, 40.3248 ], [ -3.8174, 40.324 ], [ -3.8181, 40.3224 ], [ -3.8182, 40.3224 ], [ -3.8184, 40.3218 ], [ -3.8185, 40.3208 ], [ -3.818, 40.319 ], [ -3.8179, 40.319 ], [ -3.8178, 40.3185 ], [ -3.8174, 40.318 ], [ -3.8174, 40.3178 ], [ -3.8162, 40.3166 ], [ -3.8155, 40.3162 ], [ -3.8155, 40.3161 ], [ -3.8153, 40.3161 ], [ -3.8151, 40.3159 ], [ -3.8149, 40.3159 ], [ -3.8149, 40.3158 ], [ -3.8135, 40.3152 ] ] ] } },
{ "type": "Feature", "properties": { "municipio": "Fuenlabrada", "clasificacion": "no-urbanizable-protegido", "calificacion": "sin-asignar", "version": "vigente", "fuente": "SIT-CAM WFS — UsoDelSuelo:VPLA_V_CLASIFICACION (https://idem.comunidad.madrid/geosrvg/ows)", "fecha_dato": "2026-05-12", "ambito": "38885", "_raw_CD_SIGLAS": "SNUP", "_raw_DS_CLASIF_GEN": "Suelo No Urbanizable Protegido", "_raw_DS_CLASIF_DET": "Suelo No Urbanizable Protección Urbanística", "_raw_DS_DOCU": "PLAN GENERAL", "_raw_DS_LEY": null, "_raw_FC_AC": "1999-04-15", "_raw_NM_AREA_M2": 206919.736616915, "_cam_code": "058" }, "geometry": { "type": "Polygon", "coordinates": [ [ [ -3.8268, 40.301 ], [ -3.8255, 40.3029 ], [ -3.8242, 40.3041 ], [ -3.8191, 40.3073 ], [ -3.8177, 40.3079 ], [ -3.8164, 40.3079 ], [ -3.8146, 40.3074 ], [ -3.8148, 40.3076 ], [ -3.8156, 40.3079 ], [ -3.8186, 40.3083 ], [ -3.8196, 40.3083 ], [ -3.8237, 40.3076 ], [ -3.8255, 40.3077 ], [ -3.8264, 40.3079 ], [ -3.8264, 40.3059 ], [ -3.827, 40.3045 ], [ -3.8274, 40.304 ], [ -3.8269, 40.3039 ], [ -3.8262, 40.3044 ], [ -3.8255, 40.3057 ], [ -3.8246, 40.3054 ], [ -3.824, 40.3061 ], [ -3.8232, 40.3066 ], [ -3.8231, 40.3065 ], [ -3.8233, 40.3065 ], [ -3.8233, 40.3064 ], [ -3.8237, 40.3062 ], [ -3.8245, 40.3054 ], [ -3.8241, 40.3048 ], [ -3.825, 40.3034 ], [ -3.8255, 40.3035 ], [ -3.8265, 40.3027 ], [ -3.8267, 40.3029 ], [ -3.828, 40.3027 ], [ -3.8268, 40.301 ] ] ] } },
{ "type": "Feature", "properties": { "municipio": "Fuenlabrada", "clasificacion": "urbano-consolidado", "calificacion": "sin-asignar", "version": "vigente", "fuente": "SIT-CAM WFS — UsoDelSuelo:VPLA_V_CLASIFICACION (https://idem.comunidad.madrid/geosrvg/ows)", "fecha_dato": "2026-05-12", "ambito": "38885", "_raw_CD_SIGLAS": "SU", "_raw_DS_CLASIF_GEN": "Suelo Urbano", "_raw_DS_CLASIF_DET": "Suelo Urbano", "_raw_DS_DOCU": "PLAN GENERAL", "_raw_DS_LEY": null, "_raw_FC_AC": "1999-04-15", "_raw_NM_AREA_M2": 323501.95177796099, "_cam_code": "058" }, "geometry": { "type": "Polygon", "coordinates": [ [ [ -3.8086, 40.285 ], [ -3.8093, 40.2851 ], [ -3.8093, 40.2848 ], [ -3.809, 40.283 ], [ -3.8086, 40.2824 ], [ -3.8088, 40.2823 ], [ -3.8087, 40.2812 ], [ -3.8089, 40.2812 ], [ -3.8089, 40.2809 ], [ -3.8084, 40.2804 ], [ -3.8087, 40.2801 ], [ -3.808, 40.2771 ], [ -3.8071, 40.2773 ], [ -3.8069, 40.2784 ], [ -3.8061, 40.279 ], [ -3.8063, 40.2792 ], [ -3.8061, 40.2794 ], [ -3.8058, 40.2792 ], [ -3.8053, 40.2797 ], [ -3.8049, 40.2798 ], [ -3.8041, 40.2807 ], [ -3.8042, 40.281 ], [ -3.8037, 40.2809 ], [ -3.8024, 40.281 ], [ -3.8018, 40.2807 ], [ -3.8004, 40.2818 ], [ -3.8023, 40.2817 ], [ -3.8026, 40.2814 ], [ -3.8026, 40.2812 ], [ -3.8037, 40.2812 ], [ -3.8034, 40.2816 ], [ -3.8026, 40.2816 ], [ -3.8026, 40.2817 ], [ -3.8027, 40.2818 ], [ -3.8027, 40.2823 ], [ -3.8032, 40.2835 ], [ -3.8031, 40.2836 ], [ -3.8034, 40.2839 ], [ -3.8033, 40.2839 ], [ -3.8039, 40.285 ], [ -3.8055, 40.2849 ], [ -3.8055, 40.2848 ], [ -3.807, 40.285 ], [ -3.8069, 40.2849 ], [ -3.8071, 40.2849 ], [ -3.8071, 40.285 ], [ -3.8084, 40.285 ], [ -3.8084, 40.2849 ], [ -3.8086, 40.2849 ], [ -3.8086, 40.285 ] ] ] } },
{ "type": "Feature", "properties": { "municipio": "Fuenlabrada", "clasificacion": "urbano-consolidado", "calificacion": "sin-asignar", "version": "vigente", "fuente": "SIT-CAM WFS — UsoDelSuelo:VPLA_V_CLASIFICACION (https://idem.comunidad.madrid/geosrvg/ows)", "fecha_dato": "2026-05-12", "ambito": "38885", "_raw_CD_SIGLAS": "SU", "_raw_DS_CLASIF_GEN": "Suelo Urbano", "_raw_DS_CLASIF_DET": "Suelo Urbano", "_raw_DS_DOCU": "PLAN GENERAL", "_raw_DS_LEY": null, "_raw_FC_AC": "1999-04-15", "_raw_NM_AREA_M2": 521355.21393216401, "_cam_code": "058" }, "geometry": { "type": "Polygon", "coordinates": [ [ [ -3.8061, 40.2889 ], [ -3.806, 40.2893 ], [ -3.8058, 40.2893 ], [ -3.8058, 40.2892 ], [ -3.8046, 40.2897 ], [ -3.8041, 40.2901 ], [ -3.8056, 40.2914 ], [ -3.8056, 40.2913 ], [ -3.8058, 40.2913 ], [ -3.8058, 40.2915 ], [ -3.8073, 40.2921 ], [ -3.8076, 40.2924 ], [ -3.8086, 40.2926 ], [ -3.8093, 40.2929 ], [ -3.8102, 40.2928 ], [ -3.8105, 40.2932 ], [ -3.8108, 40.2932 ], [ -3.8109, 40.2935 ], [ -3.8111, 40.2935 ], [ -3.811, 40.2936 ], [ -3.8115, 40.2942 ], [ -3.8118, 40.294 ], [ -3.8118, 40.2943 ], [ -3.8136, 40.2957 ], [ -3.8166, 40.2968 ], [ -3.8168, 40.2967 ], [ -3.8167, 40.2966 ], [ -3.8169, 40.2966 ], [ -3.8167, 40.2952 ], [ -3.8173, 40.2943 ], [ -3.8175, 40.2936 ], [ -3.8174, 40.2936 ], [ -3.8173, 40.2936 ], [ -3.8174, 40.2936 ], [ -3.8174, 40.2933 ], [ -3.8177, 40.2932 ], [ -3.8138, 40.293 ], [ -3.8139, 40.2922 ], [ -3.8133, 40.2921 ], [ -3.8134, 40.2919 ], [ -3.8123, 40.2918 ], [ -3.8124, 40.2904 ], [ -3.8133, 40.2905 ], [ -3.8134, 40.2893 ], [ -3.8133, 40.2893 ], [ -3.8132, 40.289 ], [ -3.8132, 40.2885 ], [ -3.8131, 40.2884 ], [ -3.8128, 40.2885 ], [ -3.8126, 40.2883 ], [ -3.8129, 40.2882 ], [ -3.8129, 40.2881 ], [ -3.8121, 40.2873 ], [ -3.8121, 40.2869 ], [ -3.812, 40.2869 ], [ -3.812, 40.2866 ], [ -3.8118, 40.2862 ], [ -3.8105, 40.2862 ], [ -3.8105, 40.2855 ], [ -3.8096, 40.2854 ], [ -3.8096, 40.2861 ], [ -3.8098, 40.2865 ], [ -3.8098, 40.2869 ], [ -3.81, 40.2869 ], [ -3.8099, 40.2874 ], [ -3.8095, 40.2874 ], [ -3.8095, 40.2872 ], [ -3.8089, 40.2879 ], [ -3.8074, 40.2883 ], [ -3.8075, 40.2885 ], [ -3.807, 40.2884 ], [ -3.8061, 40.2889 ] ] ] } },
{ "type": "Feature", "properties": { "municipio": "Fuenlabrada", "clasificacion": "urbano-consolidado", "calificacion": "sin-asignar", "version": "vigente", "fuente": "SIT-CAM WFS — UsoDelSuelo:VPLA_V_CLASIFICACION (https://idem.comunidad.madrid/geosrvg/ows)", "fecha_dato": "2026-05-12", "ambito": "38885", "_raw_CD_SIGLAS": "SU", "_raw_DS_CLASIF_GEN": "Suelo Urbano", "_raw_DS_CLASIF_DET": "Suelo Urbano", "_raw_DS_DOCU": "PLAN GENERAL", "_raw_DS_LEY": null, "_raw_FC_AC": "1999-04-15", "_raw_NM_AREA_M2": 3042.7768426431398, "_cam_code": "058" }, "geometry": { "type": "Polygon", "coordinates": [ [ [ -3.8097, 40.2752 ], [ -3.8098, 40.2755 ], [ -3.8104, 40.2752 ], [ -3.8104, 40.2748 ], [ -3.8103, 40.2747 ], [ -3.8097, 40.2752 ] ] ] } },
{ "type": "Feature", "properties": { "municipio": "Fuenlabrada", "clasificacion": "urbano-consolidado", "calificacion": "sin-asignar", "version": "vigente", "fuente": "SIT-CAM WFS — UsoDelSuelo:VPLA_V_CLASIFICACION (https://idem.comunidad.madrid/geosrvg/ows)", "fecha_dato": "2026-05-12", "ambito": "38885", "_raw_CD_SIGLAS": "SU", "_raw_DS_CLASIF_GEN": "Suelo Urbano", "_raw_DS_CLASIF_DET": "Suelo Urbano", "_raw_DS_DOCU": "PLAN GENERAL", "_raw_DS_LEY": null, "_raw_FC_AC": "1999-04-15", "_raw_NM_AREA_M2": 83737.358087425004, "_cam_code": "058" }, "geometry": { "type": "Polygon", "coordinates": [ [ [ -3.7895, 40.2964 ], [ -3.7919, 40.2971 ], [ -3.7919, 40.2972 ], [ -3.7922, 40.2968 ], [ -3.7922, 40.2966 ], [ -3.7927, 40.2962 ], [ -3.7936, 40.2945 ], [ -3.7937, 40.2941 ], [ -3.7939, 40.2939 ], [ -3.7937, 40.2938 ], [ -3.7931, 40.294 ], [ -3.7931, 40.2939 ], [ -3.7922, 40.2939 ], [ -3.7912, 40.2941 ], [ -3.7911, 40.2937 ], [ -3.7906, 40.2937 ], [ -3.79, 40.2955 ], [ -3.79, 40.2958 ], [ -3.7901, 40.2958 ], [ -3.7898, 40.2959 ], [ -3.7895, 40.2964 ] ] ] } },
{ "type": "Feature", "properties": { "municipio": "Fuenlabrada", "clasificacion": "urbano-consolidado", "calificacion": "sin-asignar", "version": "vigente", "fuente": "SIT-CAM WFS — UsoDelSuelo:VPLA_V_CLASIFICACION (https://idem.comunidad.madrid/geosrvg/ows)", "fecha_dato": "2026-05-12", "ambito": "38885", "_raw_CD_SIGLAS": "SU", "_raw_DS_CLASIF_GEN": "Suelo Urbano", "_raw_DS_CLASIF_DET": "Suelo Urbano", "_raw_DS_DOCU": "PLAN GENERAL", "_raw_DS_LEY": null, "_raw_FC_AC": "1999-04-15", "_raw_NM_AREA_M2": 1376852.8876253101, "_cam_code": "058" }, "geometry": { "type": "Polygon", "coordinates": [ [ [ -3.8034, 40.2906 ], [ -3.8029, 40.291 ], [ -3.8031, 40.2911 ], [ -3.8029, 40.2912 ], [ -3.8028, 40.2911 ], [ -3.8018, 40.2921 ], [ -3.8016, 40.292 ], [ -3.8006, 40.2924 ], [ -3.7999, 40.2925 ], [ -3.7999, 40.2926 ], [ -3.7987, 40.2925 ], [ -3.7988, 40.2929 ], [ -3.7985, 40.2926 ], [ -3.7976, 40.293 ], [ -3.7975, 40.2934 ], [ -3.797, 40.2933 ], [ -3.7964, 40.2936 ], [ -3.795, 40.2939 ], [ -3.795, 40.2941 ], [ -3.7941, 40.2939 ], [ -3.7925, 40.2972 ], [ -3.7941, 40.2973 ], [ -3.7944, 40.2968 ], [ -3.7954, 40.2969 ], [ -3.7952, 40.2973 ], [ -3.7967, 40.2977 ], [ -3.7966, 40.2981 ], [ -3.7968, 40.2981 ], [ -3.7969, 40.2974 ], [ -3.7972, 40.2977 ], [ -3.7981, 40.2979 ], [ -3.7981, 40.298 ], [ -3.7984, 40.2981 ], [ -3.8035, 40.2988 ], [ -3.8057, 40.3003 ], [ -3.8082, 40.3014 ], [ -3.8094, 40.3018 ], [ -3.812, 40.3037 ], [ -3.8125, 40.3033 ], [ -3.8123, 40.3013 ], [ -3.8152, 40.3014 ], [ -3.8151, 40.302 ], [ -3.8161, 40.302 ], [ -3.8161, 40.3017 ], [ -3.8165, 40.3018 ], [ -3.8166, 40.3015 ], [ -3.8169, 40.3015 ], [ -3.8168, 40.2997 ], [ -3.821, 40.3 ], [ -3.821, 40.3002 ], [ -3.8209, 40.3002 ], [ -3.8209, 40.3004 ], [ -3.821, 40.3004 ], [ -3.8209, 40.3011 ], [ -3.8235, 40.3014 ], [ -3.8237, 40.3008 ], [ -3.825, 40.3011 ], [ -3.8258, 40.3005 ], [ -3.826, 40.3002 ], [ -3.8258, 40.2999 ], [ -3.8242, 40.2988 ], [ -3.8241, 40.299 ], [ -3.8199, 40.2986 ], [ -3.8194, 40.2998 ], [ -3.8173, 40.2997 ], [ -3.8171, 40.2996 ], [ -3.8172, 40.2973 ], [ -3.8173, 40.2973 ], [ -3.8173, 40.2973 ], [ -3.8172, 40.2973 ], [ -3.8168, 40.2973 ], [ -3.817, 40.2974 ], [ -3.8166, 40.2974 ], [ -3.8166, 40.2976 ], [ -3.817, 40.2976 ], [ -3.8169, 40.2989 ], [ -3.8166, 40.299 ], [ -3.8117, 40.2989 ], [ -3.8112, 40.2976 ], [ -3.8138, 40.2977 ], [ -3.8139, 40.2972 ], [ -3.8156, 40.2974 ], [ -3.8156, 40.2972 ], [ -3.8165, 40.2972 ], [ -3.8165, 40.2971 ], [ -3.8161, 40.2971 ], [ -3.8161, 40.2969 ], [ -3.8155, 40.2966 ], [ -3.8149, 40.2965 ], [ -3.814, 40.296 ], [ -3.8138, 40.296 ], [ -3.8117, 40.2946 ], [ -3.8114, 40.2947 ], [ -3.8115, 40.2944 ], [ -3.811, 40.294 ], [ -3.8107, 40.294 ], [ -3.8106, 40.2942 ], [ -3.81, 40.294 ], [ -3.8098, 40.2941 ], [ -3.8096, 40.2947 ], [ -3.8087, 40.2946 ], [ -3.8088, 40.294 ], [ -3.8089, 40.294 ], [ -3.809, 40.2936 ], [ -3.8092, 40.2934 ], [ -3.8092, 40.2932 ], [ -3.809, 40.2931 ], [ -3.8087, 40.2937 ], [ -3.8073, 40.2933 ], [ -3.8073, 40.2926 ], [ -3.8069, 40.2926 ], [ -3.8069, 40.2924 ], [ -3.8054, 40.2917 ], [ -3.8048, 40.2912 ], [ -3.8047, 40.2913 ], [ -3.8045, 40.2911 ], [ -3.8047, 40.2911 ], [ -3.8043, 40.2907 ], [ -3.8036, 40.2909 ], [ -3.8034, 40.2906 ] ], [ [ -3.8007, 40.2952 ], [ -3.8001, 40.2951 ], [ -3.8002, 40.2949 ], [ -3.8001, 40.2948 ], [ -3.7994, 40.2946 ], [ -3.7995, 40.2944 ], [ -3.801, 40.2945 ], [ -3.8007, 40.2952 ] ], [ [ -3.8067, 40.2949 ], [ -3.8083, 40.2951 ], [ -3.8081, 40.2967 ], [ -3.8078, 40.297 ], [ -3.8074, 40.297 ], [ -3.8074, 40.2972 ], [ -3.8058, 40.2971 ], [ -3.8061, 40.2962 ], [ -3.806, 40.2953 ], [ -3.8067, 40.2949 ] ], [ [ -3.8083, 40.2973 ], [ -3.8089, 40.2975 ], [ -3.8096, 40.2975 ], [ -3.8095, 40.2988 ], [ -3.8082, 40.2987 ], [ -3.8083, 40.2973 ] ], [ [ -3.8026, 40.298 ], [ -3.8025, 40.2986 ], [ -3.8023, 40.2986 ], [ -3.8019, 40.2981 ], [ -3.8026, 40.298 ] ] ] } },
{ "type": "Feature", "properties": { "municipio": "Fuenlabrada", "clasificacion": "urbano-consolidado", "calificacion": "sin-asignar", "version": "vigente", "fuente": "SIT-CAM WFS — UsoDelSuelo:VPLA_V_CLASIFICACION (https://idem.comunidad.madrid/geosrvg/ows)", "fecha_dato": "2026-05-12", "ambito": "38885", "_raw_CD_SIGLAS": "SU", "_raw_DS_CLASIF_GEN": "Suelo Urbano", "_raw_DS_CLASIF_DET": "Suelo Urbano", "_raw_DS_DOCU": "PLAN GENERAL", "_raw_DS_LEY": null, "_raw_FC_AC": "1999-04-15", "_raw_NM_AREA_M2": 21302.239279539801, "_cam_code": "058" }, "geometry": { "type": "Polygon", "coordinates": [ [ [ -3.8277, 40.3033 ], [ -3.828, 40.3027 ], [ -3.8267, 40.3029 ], [ -3.8265, 40.3027 ], [ -3.8255, 40.3035 ], [ -3.825, 40.3034 ], [ -3.8241, 40.3048 ], [ -3.8245, 40.3054 ], [ -3.825, 40.3045 ], [ -3.8249, 40.3045 ], [ -3.825, 40.3045 ], [ -3.8251, 40.3045 ], [ -3.8252, 40.3042 ], [ -3.8266, 40.3031 ], [ -3.8277, 40.3033 ] ] ] } },
{ "type": "Feature", "properties": { "municipio": "Fuenlabrada", "clasificacion": "urbano-consolidado", "calificacion": "sin-asignar", "version": "vigente", "fuente": "SIT-CAM WFS — UsoDelSuelo:VPLA_V_CLASIFICACION (https://idem.comunidad.madrid/geosrvg/ows)", "fecha_dato": "2026-05-12", "ambito": "38885", "_raw_CD_SIGLAS": "SU", "_raw_DS_CLASIF_GEN": "Suelo Urbano", "_raw_DS_CLASIF_DET": "Suelo Urbano", "_raw_DS_DOCU": "PLAN GENERAL", "_raw_DS_LEY": null, "_raw_FC_AC": "1999-04-15", "_raw_NM_AREA_M2": 72904.356162381795, "_cam_code": "058" }, "geometry": { "type": "Polygon", "coordinates": [ [ [ -3.8357, 40.315 ], [ -3.8368, 40.3152 ], [ -3.8393, 40.3145 ], [ -3.8405, 40.3149 ], [ -3.8405, 40.3148 ], [ -3.8385, 40.3135 ], [ -3.8378, 40.3129 ], [ -3.8372, 40.3131 ], [ -3.8357, 40.3131 ], [ -3.8351, 40.3126 ], [ -3.8345, 40.3129 ], [ -3.8353, 40.3139 ], [ -3.8357, 40.315 ] ] ] } },
{ "type": "Feature", "properties": { "municipio": "Fuenlabrada", "clasificacion": "urbano-consolidado", "calificacion": "sin-asignar", "version": "vigente", "fuente": "SIT-CAM WFS — UsoDelSuelo:VPLA_V_CLASIFICACION (https://idem.comunidad.madrid/geosrvg/ows)", "fecha_dato": "2026-05-12", "ambito": "38885", "_raw_CD_SIGLAS": "SU", "_raw_DS_CLASIF_GEN": "Suelo Urbano", "_raw_DS_CLASIF_DET": "Suelo Urbano", "_raw_DS_DOCU": "PLAN GENERAL", "_raw_DS_LEY": null, "_raw_FC_AC": "1999-04-15", "_raw_NM_AREA_M2": 7875.4881327605299, "_cam_code": "058" }, "geometry": { "type": "Polygon", "coordinates": [ [ [ -3.8096, 40.2702 ], [ -3.8082, 40.2711 ], [ -3.8084, 40.2713 ], [ -3.8085, 40.2717 ], [ -3.8097, 40.2706 ], [ -3.8096, 40.2702 ] ] ] } },
{ "type": "Feature", "properties": { "municipio": "Fuenlabrada", "clasificacion": "urbano-consolidado", "calificacion": "sin-asignar", "version": "vigente", "fuente": "SIT-CAM WFS — UsoDelSuelo:VPLA_V_CLASIFICACION (https://idem.comunidad.madrid/geosrvg/ows)", "fecha_dato": "2026-05-12", "ambito": "38885", "_raw_CD_SIGLAS": "SU", "_raw_DS_CLASIF_GEN": "Suelo Urbano", "_raw_DS_CLASIF_DET": "Suelo Urbano", "_raw_DS_DOCU": "PLAN GENERAL", "_raw_DS_LEY": null, "_raw_FC_AC": "1999-04-15", "_raw_NM_AREA_M2": 44591.475682703604, "_cam_code": "058" }, "geometry": { "type": "Polygon", "coordinates": [ [ [ -3.8365, 40.3109 ], [ -3.8372, 40.3118 ], [ -3.8376, 40.3118 ], [ -3.8381, 40.3116 ], [ -3.8381, 40.3117 ], [ -3.8389, 40.3113 ], [ -3.839, 40.3114 ], [ -3.8395, 40.3114 ], [ -3.8397, 40.3112 ], [ -3.8396, 40.311 ], [ -3.8398, 40.311 ], [ -3.8399, 40.3107 ], [ -3.84, 40.3107 ], [ -3.8389, 40.3094 ], [ -3.8383, 40.3098 ], [ -3.8378, 40.3098 ], [ -3.8378, 40.31 ], [ -3.8376, 40.3102 ], [ -3.8367, 40.3106 ], [ -3.8368, 40.3107 ], [ -3.8365, 40.3109 ] ] ] } },
{ "type": "Feature", "properties": { "municipio": "Fuenlabrada", "clasificacion": "urbano-consolidado", "calificacion": "sin-asignar", "version": "vigente", "fuente": "SIT-CAM WFS — UsoDelSuelo:VPLA_V_CLASIFICACION (https://idem.comunidad.madrid/geosrvg/ows)", "fecha_dato": "2026-05-12", "ambito": "38885", "_raw_CD_SIGLAS": "SU", "_raw_DS_CLASIF_GEN": "Suelo Urbano", "_raw_DS_CLASIF_DET": "Suelo Urbano", "_raw_DS_DOCU": "PLAN GENERAL", "_raw_DS_LEY": null, "_raw_FC_AC": "1999-04-15", "_raw_NM_AREA_M2": 13439.5882240057, "_cam_code": "058" }, "geometry": { "type": "Polygon", "coordinates": [ [ [ -3.8246, 40.3054 ], [ -3.8255, 40.3057 ], [ -3.8262, 40.3044 ], [ -3.8263, 40.3036 ], [ -3.8255, 40.3041 ], [ -3.8254, 40.3044 ], [ -3.8251, 40.3047 ], [ -3.8252, 40.3048 ], [ -3.8251, 40.3051 ], [ -3.8249, 40.305 ], [ -3.8246, 40.3054 ] ] ] } },
{ "type": "Feature", "properties": { "municipio": "Fuenlabrada", "clasificacion": "urbano-consolidado", "calificacion": "sin-asignar", "version": "vigente", "fuente": "SIT-CAM WFS — UsoDelSuelo:VPLA_V_CLASIFICACION (https://idem.comunidad.madrid/geosrvg/ows)", "fecha_dato": "2026-05-12", "ambito": "38885", "_raw_CD_SIGLAS": "SU", "_raw_DS_CLASIF_GEN": "Suelo Urbano", "_raw_DS_CLASIF_DET": "Suelo Urbano", "_raw_DS_DOCU": "PLAN GENERAL", "_raw_DS_LEY": null, "_raw_FC_AC": "1999-04-15", "_raw_NM_AREA_M2": 4745.3804878267802, "_cam_code": "058" }, "geometry": { "type": "Polygon", "coordinates": [ [ [ -3.817, 40.3024 ], [ -3.816, 40.3025 ], [ -3.816, 40.303 ], [ -3.8171, 40.3029 ], [ -3.8172, 40.3028 ], [ -3.817, 40.3024 ] ] ] } },
{ "type": "Feature", "properties": { "municipio": "Fuenlabrada", "clasificacion": "urbano-consolidado", "calificacion": "sin-asignar", "version": "vigente", "fuente": "SIT-CAM WFS — UsoDelSuelo:VPLA_V_CLASIFICACION (https://idem.comunidad.madrid/geosrvg/ows)", "fecha_dato": "2026-05-12", "ambito": "38885", "_raw_CD_SIGLAS": "SU", "_raw_DS_CLASIF_GEN": "Suelo Urbano", "_raw_DS_CLASIF_DET": "Suelo Urbano", "_raw_DS_DOCU": "PLAN GENERAL", "_raw_DS_LEY": null, "_raw_FC_AC": "1999-04-15", "_raw_NM_AREA_M2": 14001.1767800948, "_cam_code": "058" }, "geometry": { "type": "Polygon", "coordinates": [ [ [ -3.8036, 40.2753 ], [ -3.8029, 40.2759 ], [ -3.8033, 40.2761 ], [ -3.8056, 40.274 ], [ -3.8053, 40.2739 ], [ -3.8052, 40.274 ], [ -3.8047, 40.2738 ], [ -3.8042, 40.2747 ], [ -3.8041, 40.2747 ], [ -3.8039, 40.2753 ], [ -3.8036, 40.2753 ] ] ] } },
{ "type": "Feature", "properties": { "municipio": "Fuenlabrada", "clasificacion": "urbano-consolidado", "calificacion": "sin-asignar", "version": "vigente", "fuente": "SIT-CAM WFS — UsoDelSuelo:VPLA_V_CLASIFICACION (https://idem.comunidad.madrid/geosrvg/ows)", "fecha_dato": "2026-05-12", "ambito": "38885", "_raw_CD_SIGLAS": "SU", "_raw_DS_CLASIF_GEN": "Suelo Urbano", "_raw_DS_CLASIF_DET": "Suelo Urbano", "_raw_DS_DOCU": "PLAN GENERAL", "_raw_DS_LEY": null, "_raw_FC_AC": "1999-04-15", "_raw_NM_AREA_M2": 11882.038725034599, "_cam_code": "058" }, "geometry": { "type": "Polygon", "coordinates": [ [ [ -3.7591, 40.2749 ], [ -3.7589, 40.2753 ], [ -3.7595, 40.2756 ], [ -3.7594, 40.2758 ], [ -3.76, 40.2761 ], [ -3.7605, 40.2753 ], [ -3.7607, 40.2752 ], [ -3.7607, 40.2751 ], [ -3.7602, 40.2749 ], [ -3.7591, 40.2749 ] ] ] } },
{ "type": "Feature", "properties": { "municipio": "Fuenlabrada", "clasificacion": "urbano-consolidado", "calificacion": "sin-asignar", "version": "vigente", "fuente": "SIT-CAM WFS — UsoDelSuelo:VPLA_V_CLASIFICACION (https://idem.comunidad.madrid/geosrvg/ows)", "fecha_dato": "2026-05-12", "ambito": "38885", "_raw_CD_SIGLAS": "SU", "_raw_DS_CLASIF_GEN": "Suelo Urbano", "_raw_DS_CLASIF_DET": "Suelo Urbano", "_raw_DS_DOCU": "PLAN GENERAL", "_raw_DS_LEY": null, "_raw_FC_AC": "1999-04-15", "_raw_NM_AREA_M2": 9787.9498188425096, "_cam_code": "058" }, "geometry": { "type": "Polygon", "coordinates": [ [ [ -3.772, 40.2795 ], [ -3.7732, 40.2796 ], [ -3.7732, 40.2788 ], [ -3.7718, 40.2788 ], [ -3.772, 40.2795 ] ] ] } },
{ "type": "Feature", "properties": { "municipio": "Fuenlabrada", "clasificacion": "urbano-consolidado", "calificacion": "sin-asignar", "version": "vigente", "fuente": "SIT-CAM WFS — UsoDelSuelo:VPLA_V_CLASIFICACION (https://idem.comunidad.madrid/geosrvg/ows)", "fecha_dato": "2026-05-12", "ambito": "38885", "_raw_CD_SIGLAS": "SU", "_raw_DS_CLASIF_GEN": "Suelo Urbano", "_raw_DS_CLASIF_DET": "Suelo Urbano", "_raw_DS_DOCU": "PLAN GENERAL", "_raw_DS_LEY": null, "_raw_FC_AC": "1999-04-15", "_raw_NM_AREA_M2": 462290.73286185297, "_cam_code": "058" }, "geometry": { "type": "Polygon", "coordinates": [ [ [ -3.762, 40.2653 ], [ -3.7624, 40.2654 ], [ -3.763, 40.265 ], [ -3.7635, 40.2652 ], [ -3.7637, 40.2651 ], [ -3.7639, 40.2646 ], [ -3.7641, 40.2645 ], [ -3.7643, 40.2637 ], [ -3.7658, 40.263 ], [ -3.7668, 40.2629 ], [ -3.7668, 40.2627 ], [ -3.7676, 40.2624 ], [ -3.7678, 40.2625 ], [ -3.7682, 40.2624 ], [ -3.7681, 40.2618 ], [ -3.7682, 40.2618 ], [ -3.7685, 40.261 ], [ -3.7678, 40.2608 ], [ -3.7681, 40.2599 ], [ -3.7694, 40.2602 ], [ -3.7702, 40.2585 ], [ -3.7688, 40.2582 ], [ -3.7673, 40.2577 ], [ -3.7673, 40.2579 ], [ -3.7672, 40.2579 ], [ -3.7665, 40.2576 ], [ -3.7661, 40.2572 ], [ -3.7645, 40.2564 ], [ -3.765, 40.2554 ], [ -3.7641, 40.2552 ], [ -3.7636, 40.256 ], [ -3.7623, 40.2593 ], [ -3.7622, 40.2593 ], [ -3.7599, 40.2629 ], [ -3.7614, 40.2634 ], [ -3.7607, 40.2637 ], [ -3.762, 40.2653 ] ] ] } },
{ "type": "Feature", "properties": { "municipio": "Fuenlabrada", "clasificacion": "urbano-consolidado", "calificacion": "sin-asignar", "version": "vigente", "fuente": "SIT-CAM WFS — UsoDelSuelo:VPLA_V_CLASIFICACION (https://idem.comunidad.madrid/geosrvg/ows)", "fecha_dato": "2026-05-12", "ambito": "38885", "_raw_CD_SIGLAS": "SU", "_raw_DS_CLASIF_GEN": "Suelo Urbano", "_raw_DS_CLASIF_DET": "Suelo Urbano", "_raw_DS_DOCU": "PLAN GENERAL", "_raw_DS_LEY": null, "_raw_FC_AC": "1999-04-15", "_raw_NM_AREA_M2": 277759.46182503999, "_cam_code": "058" }, "geometry": { "type": "Polygon", "coordinates": [ [ [ -3.7448, 40.2712 ], [ -3.7472, 40.2717 ], [ -3.7476, 40.2706 ], [ -3.7487, 40.2711 ], [ -3.7491, 40.2708 ], [ -3.7463, 40.269 ], [ -3.744, 40.2677 ], [ -3.7428, 40.2665 ], [ -3.7418, 40.2658 ], [ -3.7417, 40.2656 ], [ -3.7414, 40.2655 ], [ -3.7412, 40.2652 ], [ -3.7407, 40.2651 ], [ -3.7404, 40.2662 ], [ -3.7401, 40.2663 ], [ -3.7399, 40.2671 ], [ -3.74, 40.2678 ], [ -3.7402, 40.2679 ], [ -3.7397, 40.2699 ], [ -3.7397, 40.2705 ], [ -3.7414, 40.2709 ], [ -3.7428, 40.2709 ], [ -3.7431, 40.271 ], [ -3.7434, 40.2709 ], [ -3.744, 40.2712 ], [ -3.7443, 40.2715 ], [ -3.7448, 40.2715 ], [ -3.7448, 40.2712 ] ] ] } },
{ "type": "Feature", "properties": { "municipio": "Fuenlabrada", "clasificacion": "urbano-consolidado", "calificacion": "sin-asignar", "version": "vigente", "fuente": "SIT-CAM WFS — UsoDelSuelo:VPLA_V_CLASIFICACION (https://idem.comunidad.madrid/geosrvg/ows)", "fecha_dato": "2026-05-12", "ambito": "38885", "_raw_CD_SIGLAS": "SU", "_raw_DS_CLASIF_GEN": "Suelo Urbano", "_raw_DS_CLASIF_DET": "Suelo Urbano", "_raw_DS_DOCU": "PLAN GENERAL", "_raw_DS_LEY": null, "_raw_FC_AC": "1999-04-15", "_raw_NM_AREA_M2": 1628183.7048573301, "_cam_code": "058" }, "geometry": { "type": "Polygon", "coordinates": [ [ [ -3.7507, 40.2713 ], [ -3.7523, 40.2723 ], [ -3.7525, 40.2723 ], [ -3.7536, 40.2705 ], [ -3.7544, 40.2695 ], [ -3.7547, 40.2696 ], [ -3.7551, 40.2691 ], [ -3.7551, 40.2689 ], [ -3.7579, 40.2649 ], [ -3.7581, 40.2644 ], [ -3.7581, 40.2637 ], [ -3.7572, 40.2634 ], [ -3.7567, 40.2628 ], [ -3.7541, 40.263 ], [ -3.7539, 40.2628 ], [ -3.7538, 40.2624 ], [ -3.754, 40.2622 ], [ -3.7538, 40.2619 ], [ -3.7536, 40.2619 ], [ -3.7533, 40.2609 ], [ -3.7531, 40.2608 ], [ -3.7521, 40.2609 ], [ -3.7506, 40.2603 ], [ -3.7501, 40.2599 ], [ -3.7495, 40.2589 ], [ -3.7494, 40.2584 ], [ -3.7495, 40.2577 ], [ -3.7498, 40.2573 ], [ -3.7517, 40.2571 ], [ -3.7521, 40.2568 ], [ -3.7541, 40.2536 ], [ -3.7541, 40.2534 ], [ -3.7513, 40.2523 ], [ -3.7512, 40.2524 ], [ -3.7511, 40.2523 ], [ -3.7507, 40.253 ], [ -3.7484, 40.2522 ], [ -3.7469, 40.2544 ], [ -3.7471, 40.2549 ], [ -3.7467, 40.2547 ], [ -3.746, 40.2558 ], [ -3.7456, 40.2556 ], [ -3.7453, 40.2557 ], [ -3.741, 40.2623 ], [ -3.7409, 40.2624 ], [ -3.7403, 40.2621 ], [ -3.7403, 40.2623 ], [ -3.7407, 40.2625 ], [ -3.7416, 40.2653 ], [ -3.7431, 40.2665 ], [ -3.7432, 40.2667 ], [ -3.7436, 40.2669 ], [ -3.7444, 40.2676 ], [ -3.7448, 40.2677 ], [ -3.7449, 40.2679 ], [ -3.7467, 40.2689 ], [ -3.7481, 40.2699 ], [ -3.7495, 40.2707 ], [ -3.7495, 40.2708 ], [ -3.7504, 40.2713 ], [ -3.7505, 40.2712 ], [ -3.7507, 40.2713 ] ], [ [ -3.7503, 40.2651 ], [ -3.7521, 40.2658 ], [ -3.7514, 40.267 ], [ -3.7495, 40.2663 ], [ -3.7498, 40.266 ], [ -3.7503, 40.2651 ] ], [ [ -3.7457, 40.2642 ], [ -3.7459, 40.2643 ], [ -3.7455, 40.2648 ], [ -3.7443, 40.2643 ], [ -3.7442, 40.2644 ], [ -3.7435, 40.264 ], [ -3.7444, 40.2627 ], [ -3.7463, 40.2636 ], [ -3.7457, 40.2642 ] ], [ [ -3.7527, 40.253 ], [ -3.754, 40.2536 ], [ -3.7532, 40.2548 ], [ -3.7518, 40.2543 ], [ -3.7527, 40.253 ] ] ] } },
{ "type": "Feature", "properties": { "municipio": "Fuenlabrada", "clasificacion": "urbano-consolidado", "calificacion": "sin-asignar", "version": "vigente", "fuente": "SIT-CAM WFS — UsoDelSuelo:VPLA_V_CLASIFICACION (https://idem.comunidad.madrid/geosrvg/ows)", "fecha_dato": "2026-05-12", "ambito": "38885", "_raw_CD_SIGLAS": "SU", "_raw_DS_CLASIF_GEN": "Suelo Urbano", "_raw_DS_CLASIF_DET": "Suelo Urbano", "_raw_DS_DOCU": "PLAN GENERAL", "_raw_DS_LEY": null, "_raw_FC_AC": "1999-04-15", "_raw_NM_AREA_M2": 62200.510573387801, "_cam_code": "058" }, "geometry": { "type": "Polygon", "coordinates": [ [ [ -3.7543, 40.271 ], [ -3.7545, 40.271 ], [ -3.7543, 40.2715 ], [ -3.7533, 40.2729 ], [ -3.7537, 40.2731 ], [ -3.7551, 40.2733 ], [ -3.756, 40.2723 ], [ -3.7552, 40.2719 ], [ -3.7556, 40.2711 ], [ -3.7557, 40.2711 ], [ -3.7557, 40.2709 ], [ -3.7558, 40.2709 ], [ -3.7558, 40.2707 ], [ -3.7561, 40.2708 ], [ -3.7563, 40.2706 ], [ -3.7565, 40.2706 ], [ -3.7565, 40.2705 ], [ -3.7574, 40.2702 ], [ -3.7573, 40.2698 ], [ -3.7555, 40.2692 ], [ -3.7552, 40.2698 ], [ -3.7543, 40.271 ] ] ] } },
{ "type": "Feature", "properties": { "municipio": "Fuenlabrada", "clasificacion": "urbano-consolidado", "calificacion": "sin-asignar", "version": "vigente", "fuente": "SIT-CAM WFS — UsoDelSuelo:VPLA_V_CLASIFICACION (https://idem.comunidad.madrid/geosrvg/ows)", "fecha_dato": "2026-05-12", "ambito": "38885", "_raw_CD_SIGLAS": "SU", "_raw_DS_CLASIF_GEN": "Suelo Urbano", "_raw_DS_CLASIF_DET": "Suelo Urbano", "_raw_DS_DOCU": "PLAN GENERAL", "_raw_DS_LEY": null, "_raw_FC_AC": "1999-04-15", "_raw_NM_AREA_M2": 6417.8992375429298, "_cam_code": "058" }, "geometry": { "type": "Polygon", "coordinates": [ [ [ -3.7608, 40.2593 ], [ -3.7616, 40.2596 ], [ -3.762, 40.2588 ], [ -3.7612, 40.2586 ], [ -3.7608, 40.2593 ] ] ] } },
{ "type": "Feature", "properties": { "municipio": "Fuenlabrada", "clasificacion": "urbano-consolidado", "calificacion": "sin-asignar", "version": "vigente", "fuente": "SIT-CAM WFS — UsoDelSuelo:VPLA_V_CLASIFICACION (https://idem.comunidad.madrid/geosrvg/ows)", "fecha_dato": "2026-05-12", "ambito": "38885", "_raw_CD_SIGLAS": "SU", "_raw_DS_CLASIF_GEN": "Suelo Urbano", "_raw_DS_CLASIF_DET": "Suelo Urbano", "_raw_DS_DOCU": "PLAN GENERAL", "_raw_DS_LEY": null, "_raw_FC_AC": "1999-04-15", "_raw_NM_AREA_M2": 51691.397816589299, "_cam_code": "058" }, "geometry": { "type": "Polygon", "coordinates": [ [ [ -3.7515, 40.2753 ], [ -3.751, 40.2763 ], [ -3.7509, 40.2763 ], [ -3.7522, 40.2767 ], [ -3.7526, 40.277 ], [ -3.7549, 40.2774 ], [ -3.7551, 40.2768 ], [ -3.7552, 40.2768 ], [ -3.7553, 40.2761 ], [ -3.7555, 40.2761 ], [ -3.7538, 40.2755 ], [ -3.7529, 40.2759 ], [ -3.7515, 40.2753 ] ] ] } },
{ "type": "Feature", "properties": { "municipio": "Fuenlabrada", "clasificacion": "urbano-consolidado", "calificacion": "sin-asignar", "version": "vigente", "fuente": "SIT-CAM WFS — UsoDelSuelo:VPLA_V_CLASIFICACION (https://idem.comunidad.madrid/geosrvg/ows)", "fecha_dato": "2026-05-12", "ambito": "38885", "_raw_CD_SIGLAS": "SU", "_raw_DS_CLASIF_GEN": "Suelo Urbano", "_raw_DS_CLASIF_DET": "Suelo Urbano", "_raw_DS_DOCU": "PLAN GENERAL", "_raw_DS_LEY": null, "_raw_FC_AC": "1999-04-15", "_raw_NM_AREA_M2": 20719.712963510301, "_cam_code": "058" }, "geometry": { "type": "Polygon", "coordinates": [ [ [ -3.8088, 40.2723 ], [ -3.8091, 40.273 ], [ -3.8096, 40.275 ], [ -3.8103, 40.2744 ], [ -3.81, 40.2726 ], [ -3.8088, 40.2723 ] ] ] } },
{ "type": "Feature", "properties": { "municipio": "Fuenlabrada", "clasificacion": "urbano-consolidado", "calificacion": "sin-asignar", "version": "vigente", "fuente": "SIT-CAM WFS — UsoDelSuelo:VPLA_V_CLASIFICACION (https://idem.comunidad.madrid/geosrvg/ows)", "fecha_dato": "2026-05-12", "ambito": "38885", "_raw_CD_SIGLAS": "SU", "_raw_DS_CLASIF_GEN": "Suelo Urbano", "_raw_DS_CLASIF_DET": "Suelo Urbano", "_raw_DS_DOCU": "PLAN GENERAL", "_raw_DS_LEY": null, "_raw_FC_AC": "1999-04-15", "_raw_NM_AREA_M2": 34676.9121308174, "_cam_code": "058" }, "geometry": { "type": "Polygon", "coordinates": [ [ [ -3.7573, 40.2741 ], [ -3.7562, 40.2738 ], [ -3.7537, 40.2734 ], [ -3.7543, 40.274 ], [ -3.7547, 40.274 ], [ -3.7546, 40.2742 ], [ -3.7547, 40.2746 ], [ -3.7556, 40.275 ], [ -3.7565, 40.2757 ], [ -3.7567, 40.2757 ], [ -3.7573, 40.2741 ] ] ] } },
{ "type": "Feature", "properties": { "municipio": "Fuenlabrada", "clasificacion": "urbano-consolidado", "calificacion": "sin-asignar", "version": "vigente", "fuente": "SIT-CAM WFS — UsoDelSuelo:VPLA_V_CLASIFICACION (https://idem.comunidad.madrid/geosrvg/ows)", "fecha_dato": "2026-05-12", "ambito": "38885", "_raw_CD_SIGLAS": "SU", "_raw_DS_CLASIF_GEN": "Suelo Urbano", "_raw_DS_CLASIF_DET": "Suelo Urbano", "_raw_DS_DOCU": "PLAN GENERAL", "_raw_DS_LEY": null, "_raw_FC_AC": "1999-04-15", "_raw_NM_AREA_M2": 2780.8813375293398, "_cam_code": "058" }, "geometry": { "type": "Polygon", "coordinates": [ [ [ -3.8104, 40.2788 ], [ -3.8105, 40.2795 ], [ -3.8109, 40.2794 ], [ -3.8108, 40.2787 ], [ -3.8104, 40.2788 ] ] ] } },
{ "type": "Feature", "properties": { "municipio": "Fuenlabrada", "clasificacion": "urbano-consolidado", "calificacion": "sin-asignar", "version": "vigente", "fuente": "SIT-CAM WFS — UsoDelSuelo:VPLA_V_CLASIFICACION (https://idem.comunidad.madrid/geosrvg/ows)", "fecha_dato": "2026-05-12", "ambito": "38885", "_raw_CD_SIGLAS": "SU", "_raw_DS_CLASIF_GEN": "Suelo Urbano", "_raw_DS_CLASIF_DET": "Suelo Urbano", "_raw_DS_DOCU": "PLAN GENERAL", "_raw_DS_LEY": null, "_raw_FC_AC": "1999-04-15", "_raw_NM_AREA_M2": 18799.9110125968, "_cam_code": "058" }, "geometry": { "type": "Polygon", "coordinates": [ [ [ -3.7778, 40.2788 ], [ -3.7786, 40.2798 ], [ -3.7797, 40.2799 ], [ -3.7805, 40.2797 ], [ -3.7801, 40.2791 ], [ -3.7797, 40.2791 ], [ -3.7796, 40.2787 ], [ -3.7789, 40.279 ], [ -3.7779, 40.2787 ], [ -3.7778, 40.2788 ] ] ] } },
{ "type": "Feature", "properties": { "municipio": "Fuenlabrada", "clasificacion": "urbano-consolidado", "calificacion": "sin-asignar", "version": "vigente", "fuente": "SIT-CAM WFS — UsoDelSuelo:VPLA_V_CLASIFICACION (https://idem.comunidad.madrid/geosrvg/ows)", "fecha_dato": "2026-05-12", "ambito": "38885", "_raw_CD_SIGLAS": "SU", "_raw_DS_CLASIF_GEN": "Suelo Urbano", "_raw_DS_CLASIF_DET": "Suelo Urbano", "_raw_DS_DOCU": "PLAN GENERAL", "_raw_DS_LEY": null, "_raw_FC_AC": "1999-04-15", "_raw_NM_AREA_M2": 378097.66747921298, "_cam_code": "058" }, "geometry": { "type": "Polygon", "coordinates": [ [ [ -3.7934, 40.2799 ], [ -3.7937, 40.2802 ], [ -3.7943, 40.2803 ], [ -3.7963, 40.2799 ], [ -3.7975, 40.2799 ], [ -3.7997, 40.2796 ], [ -3.801, 40.2783 ], [ -3.8016, 40.2779 ], [ -3.8026, 40.2768 ], [ -3.8023, 40.2769 ], [ -3.8023, 40.277 ], [ -3.8015, 40.2769 ], [ -3.8021, 40.2765 ], [ -3.8024, 40.2753 ], [ -3.8003, 40.2751 ], [ -3.7993, 40.2755 ], [ -3.7992, 40.2754 ], [ -3.797, 40.2755 ], [ -3.797, 40.2755 ], [ -3.797, 40.2755 ], [ -3.797, 40.2754 ], [ -3.797, 40.2753 ], [ -3.797, 40.2753 ], [ -3.797, 40.2752 ], [ -3.797, 40.2751 ], [ -3.797, 40.2749 ], [ -3.797, 40.275 ], [ -3.7968, 40.275 ], [ -3.7965, 40.275 ], [ -3.7965, 40.276 ], [ -3.7961, 40.276 ], [ -3.7957, 40.2751 ], [ -3.7958, 40.275 ], [ -3.7955, 40.275 ], [ -3.7959, 40.2762 ], [ -3.7964, 40.277 ], [ -3.7965, 40.278 ], [ -3.796, 40.2782 ], [ -3.7947, 40.2791 ], [ -3.7944, 40.2788 ], [ -3.7936, 40.2784 ], [ -3.7912, 40.2784 ], [ -3.7911, 40.2779 ], [ -3.79, 40.2779 ], [ -3.79, 40.2778 ], [ -3.7896, 40.2777 ], [ -3.789, 40.2773 ], [ -3.7884, 40.2773 ], [ -3.7883, 40.2774 ], [ -3.7882, 40.2764 ], [ -3.7884, 40.2752 ], [ -3.7878, 40.2752 ], [ -3.7872, 40.2754 ], [ -3.7866, 40.2757 ], [ -3.7857, 40.2764 ], [ -3.7858, 40.2765 ], [ -3.7863, 40.2765 ], [ -3.7866, 40.2768 ], [ -3.7873, 40.2779 ], [ -3.7877, 40.279 ], [ -3.788, 40.2789 ], [ -3.7882, 40.2793 ], [ -3.7884, 40.2794 ], [ -3.7911, 40.2796 ], [ -3.7914, 40.2785 ], [ -3.792, 40.2785 ], [ -3.792, 40.2796 ], [ -3.7923, 40.2797 ], [ -3.7933, 40.2796 ], [ -3.7935, 40.2799 ], [ -3.7934, 40.2799 ] ], [ [ -3.7908, 40.2787 ], [ -3.7909, 40.2785 ], [ -3.7912, 40.2785 ], [ -3.7911, 40.2787 ], [ -3.7908, 40.2787 ] ] ] } },
{ "type": "Feature", "properties": { "municipio": "Fuenlabrada", "clasificacion": "urbano-consolidado", "calificacion": "sin-asignar", "version": "vigente", "fuente": "SIT-CAM WFS — UsoDelSuelo:VPLA_V_CLASIFICACION (https://idem.comunidad.madrid/geosrvg/ows)", "fecha_dato": "2026-05-12", "ambito": "38885", "_raw_CD_SIGLAS": "SU", "_raw_DS_CLASIF_GEN": "Suelo Urbano", "_raw_DS_CLASIF_DET": "Suelo Urbano", "_raw_DS_DOCU": "PLAN GENERAL", "_raw_DS_LEY": null, "_raw_FC_AC": "1999-04-15", "_raw_NM_AREA_M2": 44766.345449979803, "_cam_code": "058" }, "geometry": { "type": "Polygon", "coordinates": [ [ [ -3.8026, 40.2807 ], [ -3.8037, 40.2807 ], [ -3.8037, 40.2806 ], [ -3.8039, 40.2806 ], [ -3.8044, 40.2801 ], [ -3.8046, 40.2797 ], [ -3.805, 40.2796 ], [ -3.8055, 40.2791 ], [ -3.8054, 40.279 ], [ -3.8057, 40.279 ], [ -3.8059, 40.2787 ], [ -3.8066, 40.2784 ], [ -3.8068, 40.2774 ], [ -3.8084, 40.2761 ], [ -3.8074, 40.2767 ], [ -3.802, 40.2806 ], [ -3.8021, 40.2807 ], [ -3.8026, 40.2807 ] ] ] } },
{ "type": "Feature", "properties": { "municipio": "Fuenlabrada", "clasificacion": "urbano-consolidado", "calificacion": "sin-asignar", "version": "vigente", "fuente": "SIT-CAM WFS — UsoDelSuelo:VPLA_V_CLASIFICACION (https://idem.comunidad.madrid/geosrvg/ows)", "fecha_dato": "2026-05-12", "ambito": "38885", "_raw_CD_SIGLAS": "SU", "_raw_DS_CLASIF_GEN": "Suelo Urbano", "_raw_DS_CLASIF_DET": "Suelo Urbano", "_raw_DS_DOCU": "PLAN GENERAL", "_raw_DS_LEY": null, "_raw_FC_AC": "1999-04-15", "_raw_NM_AREA_M2": 98977.4743623385, "_cam_code": "058" }, "geometry": { "type": "Polygon", "coordinates": [ [ [ -3.8091, 40.2807 ], [ -3.8094, 40.2841 ], [ -3.8096, 40.2851 ], [ -3.811, 40.2851 ], [ -3.8106, 40.2833 ], [ -3.8105, 40.2814 ], [ -3.8106, 40.2812 ], [ -3.8106, 40.2802 ], [ -3.8105, 40.2795 ], [ -3.8093, 40.2796 ], [ -3.8091, 40.279 ], [ -3.8102, 40.2789 ], [ -3.8103, 40.2788 ], [ -3.8102, 40.278 ], [ -3.81, 40.2778 ], [ -3.81, 40.2776 ], [ -3.8093, 40.277 ], [ -3.8084, 40.2771 ], [ -3.8091, 40.2805 ], [ -3.8094, 40.2806 ], [ -3.8091, 40.2807 ] ] ] } },
{ "type": "Feature", "properties": { "municipio": "Fuenlabrada", "clasificacion": "urbano-consolidado", "calificacion": "sin-asignar", "version": "vigente", "fuente": "SIT-CAM WFS — UsoDelSuelo:VPLA_V_CLASIFICACION (https://idem.comunidad.madrid/geosrvg/ows)", "fecha_dato": "2026-05-12", "ambito": "38885", "_raw_CD_SIGLAS": "SU", "_raw_DS_CLASIF_GEN": "Suelo Urbano", "_raw_DS_CLASIF_DET": "Suelo Urbano", "_raw_DS_DOCU": "PLAN GENERAL", "_raw_DS_LEY": null, "_raw_FC_AC": "1999-04-15", "_raw_NM_AREA_M2": 462977.00517815998, "_cam_code": "058" }, "geometry": { "type": "Polygon", "coordinates": [ [ [ -3.7729, 40.2826 ], [ -3.7736, 40.2827 ], [ -3.7736, 40.2828 ], [ -3.7753, 40.2832 ], [ -3.7753, 40.2833 ], [ -3.7763, 40.2835 ], [ -3.777, 40.2835 ], [ -3.7771, 40.2836 ], [ -3.778, 40.2836 ], [ -3.7782, 40.2838 ], [ -3.7788, 40.2839 ], [ -3.7803, 40.2846 ], [ -3.7822, 40.2865 ], [ -3.7829, 40.2862 ], [ -3.7835, 40.2855 ], [ -3.7837, 40.2849 ], [ -3.7836, 40.2848 ], [ -3.7839, 40.2847 ], [ -3.784, 40.2831 ], [ -3.7842, 40.283 ], [ -3.7843, 40.2823 ], [ -3.785, 40.2816 ], [ -3.785, 40.281 ], [ -3.7819, 40.2804 ], [ -3.7819, 40.2802 ], [ -3.7807, 40.28 ], [ -3.7785, 40.2803 ], [ -3.777, 40.2803 ], [ -3.7713, 40.2797 ], [ -3.7712, 40.2801 ], [ -3.771, 40.2801 ], [ -3.7709, 40.2806 ], [ -3.7711, 40.2806 ], [ -3.7711, 40.2807 ], [ -3.7708, 40.281 ], [ -3.7707, 40.2813 ], [ -3.7715, 40.2815 ], [ -3.7722, 40.2815 ], [ -3.7722, 40.2817 ], [ -3.7729, 40.2816 ], [ -3.7729, 40.2818 ], [ -3.773, 40.2818 ], [ -3.7729, 40.2819 ], [ -3.773, 40.2819 ], [ -3.7729, 40.2826 ] ] ] } },
{ "type": "Feature", "properties": { "municipio": "Fuenlabrada", "clasificacion": "urbano-consolidado", "calificacion": "sin-asignar", "version": "vigente", "fuente": "SIT-CAM WFS — UsoDelSuelo:VPLA_V_CLASIFICACION (https://idem.comunidad.madrid/geosrvg/ows)", "fecha_dato": "2026-05-12", "ambito": "38885", "_raw_CD_SIGLAS": "SU", "_raw_DS_CLASIF_GEN": "Suelo Urbano", "_raw_DS_CLASIF_DET": "Suelo Urbano", "_raw_DS_DOCU": "PLAN GENERAL", "_raw_DS_LEY": null, "_raw_FC_AC": "1999-04-15", "_raw_NM_AREA_M2": 198297.07296064001, "_cam_code": "058" }, "geometry": { "type": "Polygon", "coordinates": [ [ [ -3.8026, 40.2885 ], [ -3.8027, 40.2889 ], [ -3.8033, 40.2894 ], [ -3.8039, 40.2897 ], [ -3.8039, 40.2896 ], [ -3.8048, 40.2891 ], [ -3.8055, 40.2889 ], [ -3.8056, 40.2888 ], [ -3.8055, 40.2887 ], [ -3.8064, 40.2883 ], [ -3.807, 40.2879 ], [ -3.8069, 40.2878 ], [ -3.8071, 40.2878 ], [ -3.8072, 40.288 ], [ -3.8085, 40.2876 ], [ -3.8093, 40.2867 ], [ -3.8093, 40.2862 ], [ -3.8091, 40.2863 ], [ -3.809, 40.2861 ], [ -3.8093, 40.286 ], [ -3.8093, 40.2854 ], [ -3.8059, 40.2852 ], [ -3.806, 40.2853 ], [ -3.8058, 40.2853 ], [ -3.8057, 40.2851 ], [ -3.8044, 40.2852 ], [ -3.8042, 40.2854 ], [ -3.8042, 40.2856 ], [ -3.804, 40.2857 ], [ -3.8045, 40.2867 ], [ -3.8038, 40.2869 ], [ -3.8037, 40.2869 ], [ -3.8038, 40.2867 ], [ -3.8031, 40.2868 ], [ -3.8032, 40.2867 ], [ -3.8029, 40.2867 ], [ -3.8019, 40.2869 ], [ -3.8019, 40.287 ], [ -3.8015, 40.287 ], [ -3.8034, 40.2859 ], [ -3.8032, 40.2858 ], [ -3.8008, 40.2872 ], [ -3.8011, 40.2874 ], [ -3.8014, 40.2873 ], [ -3.8015, 40.2875 ], [ -3.8014, 40.2876 ], [ -3.8022, 40.2885 ], [ -3.8026, 40.2885 ] ] ] } },
{ "type": "Feature", "properties": { "municipio": "Fuenlabrada", "clasificacion": "urbano-consolidado", "calificacion": "sin-asignar", "version": "vigente", "fuente": "SIT-CAM WFS — UsoDelSuelo:VPLA_V_CLASIFICACION (https://idem.comunidad.madrid/geosrvg/ows)", "fecha_dato": "2026-05-12", "ambito": "38885", "_raw_CD_SIGLAS": "SU", "_raw_DS_CLASIF_GEN": "Suelo Urbano", "_raw_DS_CLASIF_DET": "Suelo Urbano", "_raw_DS_DOCU": "PLAN GENERAL", "_raw_DS_LEY": null, "_raw_FC_AC": "1999-04-15", "_raw_NM_AREA_M2": 154.29324998812899, "_cam_code": "058" }, "geometry": { "type": "Polygon", "coordinates": [ [ [ -3.7863, 40.2801 ], [ -3.7864, 40.2802 ], [ -3.7865, 40.2801 ], [ -3.7865, 40.2801 ], [ -3.7863, 40.2801 ] ] ] } },
{ "type": "Feature", "properties": { "municipio": "Fuenlabrada", "clasificacion": "urbano-consolidado", "calificacion": "sin-asignar", "version": "vigente", "fuente": "SIT-CAM WFS — UsoDelSuelo:VPLA_V_CLASIFICACION (https://idem.comunidad.madrid/geosrvg/ows)", "fecha_dato": "2026-05-12", "ambito": "38885", "_raw_CD_SIGLAS": "SU", "_raw_DS_CLASIF_GEN": "Suelo Urbano", "_raw_DS_CLASIF_DET": "Suelo Urbano", "_raw_DS_DOCU": "PLAN GENERAL", "_raw_DS_LEY": null, "_raw_FC_AC": "1999-04-15", "_raw_NM_AREA_M2": 29211.347750147001, "_cam_code": "058" }, "geometry": { "type": "Polygon", "coordinates": [ [ [ -3.7851, 40.2798 ], [ -3.7837, 40.2795 ], [ -3.7832, 40.2795 ], [ -3.7832, 40.2793 ], [ -3.7824, 40.2791 ], [ -3.7824, 40.279 ], [ -3.7813, 40.2797 ], [ -3.7813, 40.2798 ], [ -3.7819, 40.2799 ], [ -3.7819, 40.28 ], [ -3.7846, 40.2807 ], [ -3.7847, 40.2807 ], [ -3.7851, 40.2798 ] ] ] } },
{ "type": "Feature", "properties": { "municipio": "Fuenlabrada", "clasificacion": "urbano-consolidado", "calificacion": "sin-asignar", "version": "vigente", "fuente": "SIT-CAM WFS — UsoDelSuelo:VPLA_V_CLASIFICACION (https://idem.comunidad.madrid/geosrvg/ows)", "fecha_dato": "2026-05-12", "ambito": "38885", "_raw_CD_SIGLAS": "SU", "_raw_DS_CLASIF_GEN": "Suelo Urbano", "_raw_DS_CLASIF_DET": "Suelo Urbano", "_raw_DS_DOCU": "PLAN GENERAL", "_raw_DS_LEY": null, "_raw_FC_AC": "1999-04-15", "_raw_NM_AREA_M2": 2247.3824970105602, "_cam_code": "058" }, "geometry": { "type": "Polygon", "coordinates": [ [ [ -3.7995, 40.2863 ], [ -3.7997, 40.2865 ], [ -3.8005, 40.286 ], [ -3.8003, 40.2858 ], [ -3.7995, 40.2863 ] ] ] } },
{ "type": "Feature", "properties": { "municipio": "Fuenlabrada", "clasificacion": "urbano-consolidado", "calificacion": "sin-asignar", "version": "vigente", "fuente": "SIT-CAM WFS — UsoDelSuelo:VPLA_V_CLASIFICACION (https://idem.comunidad.madrid/geosrvg/ows)", "fecha_dato": "2026-05-12", "ambito": "38885", "_raw_CD_SIGLAS": "SU", "_raw_DS_CLASIF_GEN": "Suelo Urbano", "_raw_DS_CLASIF_DET": "Suelo Urbano", "_raw_DS_DOCU": "PLAN GENERAL", "_raw_DS_LEY": null, "_raw_FC_AC": "1999-04-15", "_raw_NM_AREA_M2": 2992.23721252122, "_cam_code": "058" }, "geometry": { "type": "Polygon", "coordinates": [ [ [ -3.8003, 40.2869 ], [ -3.8006, 40.287 ], [ -3.8013, 40.2866 ], [ -3.8012, 40.2866 ], [ -3.8014, 40.2864 ], [ -3.8019, 40.2862 ], [ -3.8018, 40.286 ], [ -3.8003, 40.2869 ] ] ] } },
{ "type": "Feature", "properties": { "municipio": "Fuenlabrada", "clasificacion": "urbano-consolidado", "calificacion": "sin-asignar", "version": "vigente", "fuente": "SIT-CAM WFS — UsoDelSuelo:VPLA_V_CLASIFICACION (https://idem.comunidad.madrid/geosrvg/ows)", "fecha_dato": "2026-05-12", "ambito": "38885", "_raw_CD_SIGLAS": "SU", "_raw_DS_CLASIF_GEN": "Suelo Urbano", "_raw_DS_CLASIF_DET": "Suelo Urbano", "_raw_DS_DOCU": "PLAN GENERAL", "_raw_DS_LEY": null, "_raw_FC_AC": "1999-04-15", "_raw_NM_AREA_M2": 4633.6753999881303, "_cam_code": "058" }, "geometry": { "type": "Polygon", "coordinates": [ [ [ -3.8009, 40.2851 ], [ -3.8005, 40.2847 ], [ -3.8001, 40.2846 ], [ -3.7999, 40.2853 ], [ -3.8001, 40.2853 ], [ -3.8, 40.2854 ], [ -3.8002, 40.2855 ], [ -3.8009, 40.2851 ] ] ] } },
{ "type": "Feature", "properties": { "municipio": "Fuenlabrada", "clasificacion": "urbano-consolidado", "calificacion": "sin-asignar", "version": "vigente", "fuente": "SIT-CAM WFS — UsoDelSuelo:VPLA_V_CLASIFICACION (https://idem.comunidad.madrid/geosrvg/ows)", "fecha_dato": "2026-05-12", "ambito": "38885", "_raw_CD_SIGLAS": "SU", "_raw_DS_CLASIF_GEN": "Suelo Urbano", "_raw_DS_CLASIF_DET": "Suelo Urbano", "_raw_DS_DOCU": "PLAN GENERAL", "_raw_DS_LEY": null, "_raw_FC_AC": "1999-04-15", "_raw_NM_AREA_M2": 14566.2704250886, "_cam_code": "058" }, "geometry": { "type": "Polygon", "coordinates": [ [ [ -3.802, 40.2844 ], [ -3.8026, 40.2855 ], [ -3.8022, 40.2858 ], [ -3.8024, 40.2859 ], [ -3.8033, 40.2854 ], [ -3.8033, 40.2852 ], [ -3.803, 40.2854 ], [ -3.803, 40.2852 ], [ -3.8031, 40.2852 ], [ -3.8031, 40.2852 ], [ -3.803, 40.2852 ], [ -3.8029, 40.2852 ], [ -3.8029, 40.2851 ], [ -3.8037, 40.285 ], [ -3.8031, 40.284 ], [ -3.8025, 40.2841 ], [ -3.8026, 40.2842 ], [ -3.802, 40.2844 ] ] ] } },
{ "type": "Feature", "properties": { "municipio": "Fuenlabrada", "clasificacion": "urbano-consolidado", "calificacion": "sin-asignar", "version": "vigente", "fuente": "SIT-CAM WFS — UsoDelSuelo:VPLA_V_CLASIFICACION (https://idem.comunidad.madrid/geosrvg/ows)", "fecha_dato": "2026-05-12", "ambito": "38885", "_raw_CD_SIGLAS": "SU", "_raw_DS_CLASIF_GEN": "Suelo Urbano", "_raw_DS_CLASIF_DET": "Suelo Urbano", "_raw_DS_DOCU": "PLAN GENERAL", "_raw_DS_LEY": null, "_raw_FC_AC": "1999-04-15", "_raw_NM_AREA_M2": 18763.032132524, "_cam_code": "058" }, "geometry": { "type": "Polygon", "coordinates": [ [ [ -3.7884, 40.2801 ], [ -3.7883, 40.2797 ], [ -3.7869, 40.2794 ], [ -3.7867, 40.2803 ], [ -3.7868, 40.2803 ], [ -3.7864, 40.2811 ], [ -3.786, 40.2811 ], [ -3.7871, 40.2814 ], [ -3.7877, 40.2808 ], [ -3.7879, 40.2808 ], [ -3.7879, 40.2804 ], [ -3.7882, 40.28 ], [ -3.7884, 40.2801 ] ], [ [ -3.7875, 40.2807 ], [ -3.7876, 40.2799 ], [ -3.7881, 40.2801 ], [ -3.7878, 40.2804 ], [ -3.7878, 40.2805 ], [ -3.7878, 40.2808 ], [ -3.7878, 40.2808 ], [ -3.7875, 40.2807 ] ] ] } },
{ "type": "Feature", "properties": { "municipio": "Fuenlabrada", "clasificacion": "urbano-consolidado", "calificacion": "sin-asignar", "version": "vigente", "fuente": "SIT-CAM WFS — UsoDelSuelo:VPLA_V_CLASIFICACION (https://idem.comunidad.madrid/geosrvg/ows)", "fecha_dato": "2026-05-12", "ambito": "38885", "_raw_CD_SIGLAS": "SU", "_raw_DS_CLASIF_GEN": "Suelo Urbano", "_raw_DS_CLASIF_DET": "Suelo Urbano", "_raw_DS_DOCU": "PLAN GENERAL", "_raw_DS_LEY": null, "_raw_FC_AC": "1999-04-15", "_raw_NM_AREA_M2": 267239.71705029497, "_cam_code": "058" }, "geometry": { "type": "Polygon", "coordinates": [ [ [ -3.7928, 40.2852 ], [ -3.7913, 40.2843 ], [ -3.7904, 40.284 ], [ -3.7867, 40.2832 ], [ -3.7865, 40.283 ], [ -3.7865, 40.2828 ], [ -3.787, 40.2814 ], [ -3.7853, 40.2811 ], [ -3.7853, 40.281 ], [ -3.7852, 40.2811 ], [ -3.7852, 40.2818 ], [ -3.7845, 40.2825 ], [ -3.7844, 40.2832 ], [ -3.7843, 40.2832 ], [ -3.7842, 40.2835 ], [ -3.7841, 40.2846 ], [ -3.7842, 40.2845 ], [ -3.7843, 40.2846 ], [ -3.7842, 40.285 ], [ -3.7844, 40.285 ], [ -3.7849, 40.2854 ], [ -3.7881, 40.2865 ], [ -3.7882, 40.2866 ], [ -3.7881, 40.2866 ], [ -3.7881, 40.2868 ], [ -3.7897, 40.2879 ], [ -3.79, 40.2879 ], [ -3.7901, 40.2877 ], [ -3.7912, 40.288 ], [ -3.7916, 40.2875 ], [ -3.7914, 40.2875 ], [ -3.7926, 40.2857 ], [ -3.7928, 40.2852 ] ] ] } },
{ "type": "Feature", "properties": { "municipio": "Fuenlabrada", "clasificacion": "urbano-consolidado", "calificacion": "sin-asignar", "version": "vigente", "fuente": "SIT-CAM WFS — UsoDelSuelo:VPLA_V_CLASIFICACION (https://idem.comunidad.madrid/geosrvg/ows)", "fecha_dato": "2026-05-12", "ambito": "38885", "_raw_CD_SIGLAS": "SU", "_raw_DS_CLASIF_GEN": "Suelo Urbano", "_raw_DS_CLASIF_DET": "Suelo Urbano", "_raw_DS_DOCU": "PLAN GENERAL", "_raw_DS_LEY": null, "_raw_FC_AC": "1999-04-15", "_raw_NM_AREA_M2": 401.93781607929202, "_cam_code": "058" }, "geometry": { "type": "Polygon", "coordinates": [ [ [ -3.7922, 40.2876 ], [ -3.7921, 40.2876 ], [ -3.7919, 40.2879 ], [ -3.7921, 40.2879 ], [ -3.7922, 40.2876 ] ] ] } },
{ "type": "Feature", "properties": { "municipio": "Fuenlabrada", "clasificacion": "urbano-consolidado", "calificacion": "sin-asignar", "version": "vigente", "fuente": "SIT-CAM WFS — UsoDelSuelo:VPLA_V_CLASIFICACION (https://idem.comunidad.madrid/geosrvg/ows)", "fecha_dato": "2026-05-12", "ambito": "38885", "_raw_CD_SIGLAS": "SU", "_raw_DS_CLASIF_GEN": "Suelo Urbano", "_raw_DS_CLASIF_DET": "Suelo Urbano", "_raw_DS_DOCU": "PLAN GENERAL", "_raw_DS_LEY": null, "_raw_FC_AC": "1999-04-15", "_raw_NM_AREA_M2": 6402.9560500114503, "_cam_code": "058" }, "geometry": { "type": "Polygon", "coordinates": [ [ [ -3.7934, 40.2865 ], [ -3.7928, 40.288 ], [ -3.7932, 40.288 ], [ -3.7934, 40.2878 ], [ -3.7937, 40.2869 ], [ -3.7934, 40.2865 ] ] ] } },
{ "type": "Feature", "properties": { "municipio": "Fuenlabrada", "clasificacion": "urbano-consolidado", "calificacion": "sin-asignar", "version": "vigente", "fuente": "SIT-CAM WFS — UsoDelSuelo:VPLA_V_CLASIFICACION (https://idem.comunidad.madrid/geosrvg/ows)", "fecha_dato": "2026-05-12", "ambito": "38885", "_raw_CD_SIGLAS": "SU", "_raw_DS_CLASIF_GEN": "Suelo Urbano", "_raw_DS_CLASIF_DET": "Suelo Urbano", "_raw_DS_DOCU": "PLAN GENERAL", "_raw_DS_LEY": null, "_raw_FC_AC": "1999-04-15", "_raw_NM_AREA_M2": 80376.052958525397, "_cam_code": "058" }, "geometry": { "type": "Polygon", "coordinates": [ [ [ -3.7946, 40.2876 ], [ -3.7947, 40.2876 ], [ -3.7947, 40.2878 ], [ -3.7954, 40.2878 ], [ -3.7954, 40.2877 ], [ -3.796, 40.2878 ], [ -3.796, 40.2877 ], [ -3.7962, 40.2877 ], [ -3.7961, 40.2878 ], [ -3.7967, 40.2879 ], [ -3.7976, 40.2862 ], [ -3.7966, 40.2859 ], [ -3.7967, 40.2854 ], [ -3.7969, 40.2854 ], [ -3.7967, 40.2851 ], [ -3.7975, 40.2849 ], [ -3.7973, 40.2848 ], [ -3.7967, 40.285 ], [ -3.7941, 40.2845 ], [ -3.7936, 40.2848 ], [ -3.7929, 40.2857 ], [ -3.7946, 40.286 ], [ -3.7945, 40.2862 ], [ -3.7951, 40.2864 ], [ -3.7946, 40.2876 ] ] ] } },
{ "type": "Feature", "properties": { "municipio": "Fuenlabrada", "clasificacion": "urbano-consolidado", "calificacion": "sin-asignar", "version": "vigente", "fuente": "SIT-CAM WFS — UsoDelSuelo:VPLA_V_CLASIFICACION (https://idem.comunidad.madrid/geosrvg/ows)", "fecha_dato": "2026-05-12", "ambito": "38885", "_raw_CD_SIGLAS": "SU", "_raw_DS_CLASIF_GEN": "Suelo Urbano", "_raw_DS_CLASIF_DET": "Suelo Urbano", "_raw_DS_DOCU": "PLAN GENERAL", "_raw_DS_LEY": null, "_raw_FC_AC": "1999-04-15", "_raw_NM_AREA_M2": 178919.919737636, "_cam_code": "058" }, "geometry": { "type": "Polygon", "coordinates": [ [ [ -3.7941, 40.2933 ], [ -3.7958, 40.2898 ], [ -3.7959, 40.2898 ], [ -3.7964, 40.2886 ], [ -3.7965, 40.288 ], [ -3.7943, 40.288 ], [ -3.7931, 40.2882 ], [ -3.7922, 40.2882 ], [ -3.792, 40.289 ], [ -3.7918, 40.289 ], [ -3.7915, 40.2899 ], [ -3.7916, 40.2902 ], [ -3.7914, 40.2902 ], [ -3.791, 40.2917 ], [ -3.7911, 40.2917 ], [ -3.7911, 40.2919 ], [ -3.7922, 40.292 ], [ -3.7918, 40.2932 ], [ -3.7928, 40.2933 ], [ -3.794, 40.2933 ], [ -3.794, 40.2932 ], [ -3.7941, 40.2933 ] ], [ [ -3.7933, 40.2913 ], [ -3.7935, 40.2905 ], [ -3.7941, 40.2907 ], [ -3.7938, 40.2914 ], [ -3.7933, 40.2913 ] ] ] } },
{ "type": "Feature", "properties": { "municipio": "Fuenlabrada", "clasificacion": "urbano-consolidado", "calificacion": "sin-asignar", "version": "vigente", "fuente": "SIT-CAM WFS — UsoDelSuelo:VPLA_V_CLASIFICACION (https://idem.comunidad.madrid/geosrvg/ows)", "fecha_dato": "2026-05-12", "ambito": "38885", "_raw_CD_SIGLAS": "SU", "_raw_DS_CLASIF_GEN": "Suelo Urbano", "_raw_DS_CLASIF_DET": "Suelo Urbano", "_raw_DS_DOCU": "PLAN GENERAL", "_raw_DS_LEY": null, "_raw_FC_AC": "1999-04-15", "_raw_NM_AREA_M2": 437105.51687565801, "_cam_code": "058" }, "geometry": { "type": "Polygon", "coordinates": [ [ [ -3.7879, 40.2927 ], [ -3.7881, 40.2929 ], [ -3.7886, 40.2929 ], [ -3.7896, 40.2932 ], [ -3.7897, 40.2928 ], [ -3.7903, 40.2929 ], [ -3.7906, 40.2918 ], [ -3.7905, 40.2918 ], [ -3.7905, 40.2916 ], [ -3.7907, 40.2917 ], [ -3.7911, 40.2899 ], [ -3.7912, 40.2899 ], [ -3.7916, 40.289 ], [ -3.7915, 40.2886 ], [ -3.7902, 40.2883 ], [ -3.7898, 40.2884 ], [ -3.7896, 40.2881 ], [ -3.7891, 40.2877 ], [ -3.789, 40.2878 ], [ -3.7888, 40.2874 ], [ -3.788, 40.2868 ], [ -3.7873, 40.2866 ], [ -3.7856, 40.2867 ], [ -3.7855, 40.2869 ], [ -3.7844, 40.2873 ], [ -3.7846, 40.2867 ], [ -3.7844, 40.2866 ], [ -3.7846, 40.2864 ], [ -3.785, 40.2866 ], [ -3.7854, 40.286 ], [ -3.7844, 40.2853 ], [ -3.7839, 40.2852 ], [ -3.7834, 40.286 ], [ -3.7824, 40.2868 ], [ -3.7825, 40.2868 ], [ -3.7827, 40.2879 ], [ -3.7828, 40.2879 ], [ -3.7828, 40.2914 ], [ -3.783, 40.2918 ], [ -3.7835, 40.2922 ], [ -3.785, 40.2924 ], [ -3.7852, 40.2926 ], [ -3.7861, 40.2927 ], [ -3.7861, 40.2926 ], [ -3.7865, 40.2925 ], [ -3.7865, 40.2927 ], [ -3.7878, 40.2928 ], [ -3.7879, 40.2927 ] ], [ [ -3.7888, 40.292 ], [ -3.7893, 40.2921 ], [ -3.7896, 40.2922 ], [ -3.7893, 40.2925 ], [ -3.7886, 40.2922 ], [ -3.7888, 40.292 ] ], [ [ -3.7893, 40.2903 ], [ -3.7886, 40.2903 ], [ -3.7887, 40.2897 ], [ -3.7893, 40.2898 ], [ -3.7894, 40.2894 ], [ -3.7896, 40.2894 ], [ -3.7893, 40.2903 ] ] ] } },
{ "type": "Feature", "properties": { "municipio": "Fuenlabrada", "clasificacion": "urbano-consolidado", "calificacion": "sin-asignar", "version": "vigente", "fuente": "SIT-CAM WFS — UsoDelSuelo:VPLA_V_CLASIFICACION (https://idem.comunidad.madrid/geosrvg/ows)", "fecha_dato": "2026-05-12", "ambito": "38885", "_raw_CD_SIGLAS": "SU", "_raw_DS_CLASIF_GEN": "Suelo Urbano", "_raw_DS_CLASIF_DET": "Suelo Urbano", "_raw_DS_DOCU": "PLAN GENERAL", "_raw_DS_LEY": null, "_raw_FC_AC": "1999-04-15", "_raw_NM_AREA_M2": 275946.769619859, "_cam_code": "058" }, "geometry": { "type": "Polygon", "coordinates": [ [ [ -3.7958, 40.2902 ], [ -3.7943, 40.2936 ], [ -3.7944, 40.2937 ], [ -3.7956, 40.2936 ], [ -3.7956, 40.2935 ], [ -3.7959, 40.2935 ], [ -3.7959, 40.2934 ], [ -3.7963, 40.2933 ], [ -3.7964, 40.2931 ], [ -3.7971, 40.2927 ], [ -3.7972, 40.2923 ], [ -3.7974, 40.2923 ], [ -3.7975, 40.2925 ], [ -3.7985, 40.2921 ], [ -3.7999, 40.2921 ], [ -3.8013, 40.2917 ], [ -3.8013, 40.2915 ], [ -3.8018, 40.2914 ], [ -3.8023, 40.291 ], [ -3.8033, 40.29 ], [ -3.8033, 40.2898 ], [ -3.803, 40.2895 ], [ -3.8029, 40.2896 ], [ -3.8028, 40.2894 ], [ -3.8024, 40.2892 ], [ -3.8025, 40.2892 ], [ -3.8013, 40.2878 ], [ -3.8007, 40.2874 ], [ -3.8, 40.2877 ], [ -3.7989, 40.2878 ], [ -3.7991, 40.2882 ], [ -3.7989, 40.2882 ], [ -3.7987, 40.2878 ], [ -3.7978, 40.288 ], [ -3.7977, 40.2882 ], [ -3.7976, 40.2881 ], [ -3.797, 40.2881 ], [ -3.7964, 40.289 ], [ -3.7964, 40.2892 ], [ -3.7958, 40.2902 ] ], [ [ -3.7966, 40.2902 ], [ -3.7968, 40.2901 ], [ -3.7972, 40.292 ], [ -3.7968, 40.292 ], [ -3.7969, 40.2915 ], [ -3.7966, 40.2902 ] ] ] } },
{ "type": "Feature", "properties": { "municipio": "Fuenlabrada", "clasificacion": "urbano-consolidado", "calificacion": "sin-asignar", "version": "vigente", "fuente": "SIT-CAM WFS — UsoDelSuelo:VPLA_V_CLASIFICACION (https://idem.comunidad.madrid/geosrvg/ows)", "fecha_dato": "2026-05-12", "ambito": "38885", "_raw_CD_SIGLAS": "SU", "_raw_DS_CLASIF_GEN": "Suelo Urbano", "_raw_DS_CLASIF_DET": "Suelo Urbano", "_raw_DS_DOCU": "PLAN GENERAL", "_raw_DS_LEY": null, "_raw_FC_AC": "1999-04-15", "_raw_NM_AREA_M2": 261895.87013741201, "_cam_code": "058" }, "geometry": { "type": "Polygon", "coordinates": [ [ [ -3.7895, 40.2935 ], [ -3.789, 40.2933 ], [ -3.788, 40.2932 ], [ -3.788, 40.2931 ], [ -3.7878, 40.2932 ], [ -3.7877, 40.2932 ], [ -3.7877, 40.2932 ], [ -3.7875, 40.2932 ], [ -3.7876, 40.2931 ], [ -3.7863, 40.2929 ], [ -3.7861, 40.2931 ], [ -3.7847, 40.2928 ], [ -3.7846, 40.293 ], [ -3.7844, 40.2929 ], [ -3.7845, 40.2928 ], [ -3.7832, 40.2926 ], [ -3.783, 40.2928 ], [ -3.7827, 40.2928 ], [ -3.7829, 40.2926 ], [ -3.7826, 40.2925 ], [ -3.7822, 40.293 ], [ -3.7818, 40.2928 ], [ -3.7805, 40.2928 ], [ -3.7805, 40.2941 ], [ -3.7808, 40.2941 ], [ -3.7805, 40.2945 ], [ -3.7813, 40.2948 ], [ -3.7811, 40.2951 ], [ -3.7799, 40.2949 ], [ -3.7788, 40.2955 ], [ -3.7798, 40.2957 ], [ -3.78, 40.2953 ], [ -3.7803, 40.2953 ], [ -3.7811, 40.2956 ], [ -3.7831, 40.2957 ], [ -3.7831, 40.2958 ], [ -3.7834, 40.2958 ], [ -3.7839, 40.2962 ], [ -3.7842, 40.2962 ], [ -3.7842, 40.2961 ], [ -3.7863, 40.2962 ], [ -3.7863, 40.2963 ], [ -3.7869, 40.2964 ], [ -3.7869, 40.2965 ], [ -3.789, 40.2964 ], [ -3.7892, 40.296 ], [ -3.7895, 40.2958 ], [ -3.7894, 40.2956 ], [ -3.7892, 40.2956 ], [ -3.7894, 40.2954 ], [ -3.7897, 40.2954 ], [ -3.7898, 40.295 ], [ -3.7884, 40.2947 ], [ -3.7895, 40.2935 ] ] ] } },
{ "type": "Feature", "properties": { "municipio": "Fuenlabrada", "clasificacion": "urbano-consolidado", "calificacion": "sin-asignar", "version": "vigente", "fuente": "SIT-CAM WFS — UsoDelSuelo:VPLA_V_CLASIFICACION (https://idem.comunidad.madrid/geosrvg/ows)", "fecha_dato": "2026-05-12", "ambito": "38885", "_raw_CD_SIGLAS": "SU", "_raw_DS_CLASIF_GEN": "Suelo Urbano", "_raw_DS_CLASIF_DET": "Suelo Urbano", "_raw_DS_DOCU": "PLAN GENERAL", "_raw_DS_LEY": null, "_raw_FC_AC": "1999-04-15", "_raw_NM_AREA_M2": 118614.603425123, "_cam_code": "058" }, "geometry": { "type": "Polygon", "coordinates": [ [ [ -3.847, 40.3239 ], [ -3.8479, 40.3241 ], [ -3.8485, 40.3257 ], [ -3.8493, 40.3253 ], [ -3.8494, 40.3251 ], [ -3.8485, 40.324 ], [ -3.8484, 40.3237 ], [ -3.8479, 40.3232 ], [ -3.8479, 40.323 ], [ -3.8476, 40.3226 ], [ -3.8472, 40.3223 ], [ -3.8458, 40.3207 ], [ -3.844, 40.321 ], [ -3.8438, 40.3203 ], [ -3.8437, 40.3219 ], [ -3.8436, 40.3219 ], [ -3.8436, 40.323 ], [ -3.8437, 40.323 ], [ -3.8438, 40.3234 ], [ -3.8446, 40.324 ], [ -3.8455, 40.3241 ], [ -3.847, 40.3239 ] ] ] } },
{ "type": "Feature", "properties": { "municipio": "Fuenlabrada", "clasificacion": "urbano-consolidado", "calificacion": "sin-asignar", "version": "vigente", "fuente": "SIT-CAM WFS — UsoDelSuelo:VPLA_V_CLASIFICACION (https://idem.comunidad.madrid/geosrvg/ows)", "fecha_dato": "2026-05-12", "ambito": "38885", "_raw_CD_SIGLAS": "SU", "_raw_DS_CLASIF_GEN": "Suelo Urbano", "_raw_DS_CLASIF_DET": "Suelo Urbano", "_raw_DS_DOCU": "PLAN GENERAL", "_raw_DS_LEY": null, "_raw_FC_AC": "1999-04-15", "_raw_NM_AREA_M2": 122849.053900047, "_cam_code": "058" }, "geometry": { "type": "Polygon", "coordinates": [ [ [ -3.8046, 40.2755 ], [ -3.8031, 40.2769 ], [ -3.8025, 40.2773 ], [ -3.8022, 40.2776 ], [ -3.8023, 40.2777 ], [ -3.8013, 40.2787 ], [ -3.8012, 40.2786 ], [ -3.8008, 40.2789 ], [ -3.8, 40.2798 ], [ -3.8017, 40.2805 ], [ -3.8067, 40.277 ], [ -3.8059, 40.2763 ], [ -3.805, 40.2762 ], [ -3.8052, 40.2761 ], [ -3.8053, 40.2756 ], [ -3.8046, 40.2755 ] ] ] } },
{ "type": "Feature", "properties": { "municipio": "Fuenlabrada", "clasificacion": "urbano-consolidado", "calificacion": "sin-asignar", "version": "vigente", "fuente": "SIT-CAM WFS — UsoDelSuelo:VPLA_V_CLASIFICACION (https://idem.comunidad.madrid/geosrvg/ows)", "fecha_dato": "2026-05-12", "ambito": "38885", "_raw_CD_SIGLAS": "SU", "_raw_DS_CLASIF_GEN": "Suelo Urbano", "_raw_DS_CLASIF_DET": "Suelo Urbano", "_raw_DS_DOCU": "PLAN GENERAL", "_raw_DS_LEY": null, "_raw_FC_AC": "1999-04-15", "_raw_NM_AREA_M2": 121078.27630216, "_cam_code": "058" }, "geometry": { "type": "Polygon", "coordinates": [ [ [ -3.8319, 40.2953 ], [ -3.8306, 40.2979 ], [ -3.8313, 40.2982 ], [ -3.8313, 40.2983 ], [ -3.8315, 40.2983 ], [ -3.8321, 40.2988 ], [ -3.8323, 40.2988 ], [ -3.8326, 40.2964 ], [ -3.833, 40.2964 ], [ -3.8331, 40.2966 ], [ -3.8336, 40.2966 ], [ -3.835, 40.2963 ], [ -3.8353, 40.296 ], [ -3.8353, 40.2957 ], [ -3.8332, 40.2958 ], [ -3.8338, 40.294 ], [ -3.834, 40.2921 ], [ -3.8336, 40.2922 ], [ -3.8317, 40.2921 ], [ -3.8316, 40.2922 ], [ -3.8312, 40.2945 ], [ -3.8314, 40.2947 ], [ -3.832, 40.2948 ], [ -3.8323, 40.2951 ], [ -3.8319, 40.2953 ] ], [ [ -3.8329, 40.2959 ], [ -3.8328, 40.2959 ], [ -3.8323, 40.2951 ], [ -3.8333, 40.2947 ], [ -3.8329, 40.2959 ] ] ] } },
{ "type": "Feature", "properties": { "municipio": "Fuenlabrada", "clasificacion": "urbano-consolidado", "calificacion": "sin-asignar", "version": "vigente", "fuente": "SIT-CAM WFS — UsoDelSuelo:VPLA_V_CLASIFICACION (https://idem.comunidad.madrid/geosrvg/ows)", "fecha_dato": "2026-05-12", "ambito": "38885", "_raw_CD_SIGLAS": "SU", "_raw_DS_CLASIF_GEN": "Suelo Urbano", "_raw_DS_CLASIF_DET": "Suelo Urbano", "_raw_DS_DOCU": "PLAN GENERAL", "_raw_DS_LEY": null, "_raw_FC_AC": "1999-04-15", "_raw_NM_AREA_M2": 1808.4418061322399, "_cam_code": "058" }, "geometry": { "type": "Polygon", "coordinates": [ [ [ -3.7648, 40.2769 ], [ -3.7647, 40.2773 ], [ -3.7648, 40.2774 ], [ -3.7651, 40.2774 ], [ -3.7654, 40.2772 ], [ -3.7648, 40.2769 ] ] ] } },
{ "type": "Feature", "properties": { "municipio": "Fuenlabrada", "clasificacion": "urbano-consolidado", "calificacion": "sin-asignar", "version": "vigente", "fuente": "SIT-CAM WFS — UsoDelSuelo:VPLA_V_CLASIFICACION (https://idem.comunidad.madrid/geosrvg/ows)", "fecha_dato": "2026-05-12", "ambito": "38885", "_raw_CD_SIGLAS": "SU", "_raw_DS_CLASIF_GEN": "Suelo Urbano", "_raw_DS_CLASIF_DET": "Suelo Urbano", "_raw_DS_DOCU": "PLAN GENERAL", "_raw_DS_LEY": null, "_raw_FC_AC": "1999-04-15", "_raw_NM_AREA_M2": 2809.0774658963601, "_cam_code": "058" }, "geometry": { "type": "Polygon", "coordinates": [ [ [ -3.7656, 40.2763 ], [ -3.765, 40.2766 ], [ -3.7656, 40.2768 ], [ -3.766, 40.2766 ], [ -3.766, 40.2765 ], [ -3.7656, 40.2763 ] ] ] } },
{ "type": "Feature", "properties": { "municipio": "Fuenlabrada", "clasificacion": "urbano-consolidado", "calificacion": "sin-asignar", "version": "vigente", "fuente": "SIT-CAM WFS — UsoDelSuelo:VPLA_V_CLASIFICACION (https://idem.comunidad.madrid/geosrvg/ows)", "fecha_dato": "2026-05-12", "ambito": "38885", "_raw_CD_SIGLAS": "SU", "_raw_DS_CLASIF_GEN": "Suelo Urbano", "_raw_DS_CLASIF_DET": "Suelo Urbano", "_raw_DS_DOCU": "PLAN GENERAL", "_raw_DS_LEY": null, "_raw_FC_AC": "1999-04-15", "_raw_NM_AREA_M2": 35725.741774928603, "_cam_code": "058" }, "geometry": { "type": "Polygon", "coordinates": [ [ [ -3.7999, 40.2868 ], [ -3.7995, 40.2864 ], [ -3.7984, 40.2857 ], [ -3.798, 40.2858 ], [ -3.797, 40.2879 ], [ -3.7971, 40.288 ], [ -3.7977, 40.2879 ], [ -3.7979, 40.2877 ], [ -3.7988, 40.2875 ], [ -3.7988, 40.2876 ], [ -3.8001, 40.2875 ], [ -3.7996, 40.287 ], [ -3.7999, 40.2868 ] ] ] } },
{ "type": "Feature", "properties": { "municipio": "Fuenlabrada", "clasificacion": "urbano-consolidado", "calificacion": "sin-asignar", "version": "vigente", "fuente": "SIT-CAM WFS — UsoDelSuelo:VPLA_V_CLASIFICACION (https://idem.comunidad.madrid/geosrvg/ows)", "fecha_dato": "2026-05-12", "ambito": "38885", "_raw_CD_SIGLAS": "SU", "_raw_DS_CLASIF_GEN": "Suelo Urbano", "_raw_DS_CLASIF_DET": "Suelo Urbano", "_raw_DS_DOCU": "PLAN GENERAL", "_raw_DS_LEY": null, "_raw_FC_AC": "1999-04-15", "_raw_NM_AREA_M2": 31725.920225057402, "_cam_code": "058" }, "geometry": { "type": "Polygon", "coordinates": [ [ [ -3.7994, 40.2801 ], [ -3.7983, 40.2814 ], [ -3.7996, 40.2818 ], [ -3.8, 40.2818 ], [ -3.8016, 40.2806 ], [ -3.7998, 40.2799 ], [ -3.7995, 40.2802 ], [ -3.7994, 40.2801 ] ] ] } },
{ "type": "Feature", "properties": { "municipio": "Fuenlabrada", "clasificacion": "urbanizable-no-sectorizado", "calificacion": "sin-asignar", "version": "vigente", "fuente": "SIT-CAM WFS — UsoDelSuelo:VPLA_V_CLASIFICACION (https://idem.comunidad.madrid/geosrvg/ows)", "fecha_dato": "2026-05-12", "ambito": "38885", "_raw_CD_SIGLAS": "SUBNS", "_raw_DS_CLASIF_GEN": "Suelo Urbanizable No Programado", "_raw_DS_CLASIF_DET": "Suelo Urbanizable No Programado", "_raw_DS_DOCU": "PLAN GENERAL", "_raw_DS_LEY": null, "_raw_FC_AC": "1999-04-15", "_raw_NM_AREA_M2": 84854.937612208101, "_cam_code": "058" }, "geometry": { "type": "Polygon", "coordinates": [ [ [ -3.8426, 40.3056 ], [ -3.8424, 40.3059 ], [ -3.8418, 40.306 ], [ -3.8417, 40.3062 ], [ -3.8413, 40.3063 ], [ -3.8412, 40.3065 ], [ -3.8402, 40.3066 ], [ -3.8406, 40.3072 ], [ -3.8394, 40.3079 ], [ -3.8398, 40.3083 ], [ -3.8396, 40.3085 ], [ -3.8408, 40.31 ], [ -3.842, 40.3089 ], [ -3.842, 40.3084 ], [ -3.8433, 40.3082 ], [ -3.8429, 40.3063 ], [ -3.8429, 40.306 ], [ -3.8432, 40.3058 ], [ -3.8428, 40.3057 ], [ -3.8428, 40.3056 ], [ -3.8426, 40.3056 ] ] ] } },
{ "type": "Feature", "properties": { "municipio": "Fuenlabrada", "clasificacion": "urbanizable-no-sectorizado", "calificacion": "sin-asignar", "version": "vigente", "fuente": "SIT-CAM WFS — UsoDelSuelo:VPLA_V_CLASIFICACION (https://idem.comunidad.madrid/geosrvg/ows)", "fecha_dato": "2026-05-12", "ambito": "38885", "_raw_CD_SIGLAS": "SUBNS", "_raw_DS_CLASIF_GEN": "Suelo No Urbanizable Común", "_raw_DS_CLASIF_DET": "Suelo No Urbanizable Común", "_raw_DS_DOCU": "PLAN GENERAL", "_raw_DS_LEY": null, "_raw_FC_AC": "1999-04-15", "_raw_NM_AREA_M2": 19710.130500042, "_cam_code": "058" }, "geometry": { "type": "Polygon", "coordinates": [ [ [ -3.7485, 40.2522 ], [ -3.7507, 40.253 ], [ -3.7511, 40.2523 ], [ -3.7502, 40.2514 ], [ -3.7485, 40.2522 ] ] ] } },
{ "type": "Feature", "properties": { "municipio": "Fuenlabrada", "clasificacion": "urbanizable-no-sectorizado", "calificacion": "sin-asignar", "version": "vigente", "fuente": "SIT-CAM WFS — UsoDelSuelo:VPLA_V_CLASIFICACION (https://idem.comunidad.madrid/geosrvg/ows)", "fecha_dato": "2026-05-12", "ambito": "38885", "_raw_CD_SIGLAS": "SUBNS", "_raw_DS_CLASIF_GEN": "Suelo No Urbanizable Común", "_raw_DS_CLASIF_DET": "Suelo No Urbanizable Común", "_raw_DS_DOCU": "PLAN GENERAL", "_raw_DS_LEY": null, "_raw_FC_AC": "1999-04-15", "_raw_NM_AREA_M2": 40996.787774944001, "_cam_code": "058" }, "geometry": { "type": "Polygon", "coordinates": [ [ [ -3.8417, 40.3151 ], [ -3.8416, 40.3164 ], [ -3.8417, 40.3164 ], [ -3.8417, 40.3167 ], [ -3.8419, 40.3169 ], [ -3.8419, 40.3171 ], [ -3.842, 40.3171 ], [ -3.8422, 40.3176 ], [ -3.8429, 40.3185 ], [ -3.8429, 40.3187 ], [ -3.8436, 40.3197 ], [ -3.8431, 40.315 ], [ -3.8429, 40.315 ], [ -3.8429, 40.3156 ], [ -3.8419, 40.3156 ], [ -3.842, 40.315 ], [ -3.8417, 40.3151 ] ] ] } },
{ "type": "Feature", "properties": { "municipio": "Fuenlabrada", "clasificacion": "urbanizable-no-sectorizado", "calificacion": "sin-asignar", "version": "vigente", "fuente": "SIT-CAM WFS — UsoDelSuelo:VPLA_V_CLASIFICACION (https://idem.comunidad.madrid/geosrvg/ows)", "fecha_dato": "2026-05-12", "ambito": "38885", "_raw_CD_SIGLAS": "SUBNS", "_raw_DS_CLASIF_GEN": "Suelo No Urbanizable Común", "_raw_DS_CLASIF_DET": "Suelo No Urbanizable Común", "_raw_DS_DOCU": "PLAN GENERAL", "_raw_DS_LEY": null, "_raw_FC_AC": "1999-04-15", "_raw_NM_AREA_M2": 486528.29226265702, "_cam_code": "058" }, "geometry": { "type": "Polygon", "coordinates": [ [ [ -3.7875, 40.263 ], [ -3.7885, 40.2633 ], [ -3.7907, 40.2631 ], [ -3.7914, 40.2627 ], [ -3.792, 40.2628 ], [ -3.7926, 40.2626 ], [ -3.7935, 40.2619 ], [ -3.7951, 40.2613 ], [ -3.7957, 40.2611 ], [ -3.7971, 40.261 ], [ -3.7964, 40.2604 ], [ -3.7943, 40.259 ], [ -3.7928, 40.2582 ], [ -3.7894, 40.2568 ], [ -3.7863, 40.2561 ], [ -3.7848, 40.2572 ], [ -3.7831, 40.2589 ], [ -3.7827, 40.2601 ], [ -3.7826, 40.261 ], [ -3.7827, 40.2617 ], [ -3.7838, 40.2618 ], [ -3.7848, 40.2617 ], [ -3.786, 40.2623 ], [ -3.7864, 40.2623 ], [ -3.7884, 40.2615 ], [ -3.7888, 40.2608 ], [ -3.7887, 40.2601 ], [ -3.7889, 40.2601 ], [ -3.7889, 40.26 ], [ -3.7894, 40.2602 ], [ -3.7895, 40.2604 ], [ -3.7895, 40.2607 ], [ -3.7892, 40.2614 ], [ -3.7896, 40.2613 ], [ -3.7906, 40.2614 ], [ -3.7911, 40.2611 ], [ -3.7925, 40.2607 ], [ -3.793, 40.2604 ], [ -3.794, 40.2603 ], [ -3.7948, 40.26 ], [ -3.7951, 40.2601 ], [ -3.7945, 40.2606 ], [ -3.7933, 40.2609 ], [ -3.7913, 40.2617 ], [ -3.7905, 40.2619 ], [ -3.7891, 40.2618 ], [ -3.7881, 40.2624 ], [ -3.787, 40.2626 ], [ -3.7875, 40.263 ] ], [ [ -3.7859, 40.2583 ], [ -3.786, 40.2604 ], [ -3.7847, 40.2606 ], [ -3.7838, 40.2611 ], [ -3.7831, 40.26 ], [ -3.783, 40.2595 ], [ -3.7845, 40.2587 ], [ -3.7859, 40.2583 ] ] ] } },
{ "type": "Feature", "properties": { "municipio": "Fuenlabrada", "clasificacion": "urbanizable-no-sectorizado", "calificacion": "sin-asignar", "version": "vigente", "fuente": "SIT-CAM WFS — UsoDelSuelo:VPLA_V_CLASIFICACION (https://idem.comunidad.madrid/geosrvg/ows)", "fecha_dato": "2026-05-12", "ambito": "38885", "_raw_CD_SIGLAS": "SUBNS", "_raw_DS_CLASIF_GEN": "Suelo No Urbanizable Común", "_raw_DS_CLASIF_DET": "Suelo No Urbanizable Común", "_raw_DS_DOCU": "PLAN GENERAL", "_raw_DS_LEY": null, "_raw_FC_AC": "1999-04-15", "_raw_NM_AREA_M2": 392340.78285009501, "_cam_code": "058" }, "geometry": { "type": "Polygon", "coordinates": [ [ [ -3.7675, 40.255 ], [ -3.7732, 40.2583 ], [ -3.7742, 40.2592 ], [ -3.7747, 40.2599 ], [ -3.7748, 40.2603 ], [ -3.7757, 40.2592 ], [ -3.778, 40.2586 ], [ -3.7802, 40.2584 ], [ -3.7816, 40.2581 ], [ -3.783, 40.2563 ], [ -3.7839, 40.2556 ], [ -3.7824, 40.2554 ], [ -3.7675, 40.255 ] ] ] } },
{ "type": "Feature", "properties": { "municipio": "Fuenlabrada", "clasificacion": "urbanizable-no-sectorizado", "calificacion": "sin-asignar", "version": "vigente", "fuente": "SIT-CAM WFS — UsoDelSuelo:VPLA_V_CLASIFICACION (https://idem.comunidad.madrid/geosrvg/ows)", "fecha_dato": "2026-05-12", "ambito": "38885", "_raw_CD_SIGLAS": "SUBNS", "_raw_DS_CLASIF_GEN": "Suelo No Urbanizable Común", "_raw_DS_CLASIF_DET": "Suelo No Urbanizable Común", "_raw_DS_DOCU": "PLAN GENERAL", "_raw_DS_LEY": null, "_raw_FC_AC": "1999-04-15", "_raw_NM_AREA_M2": 586605.73431252502, "_cam_code": "058" }, "geometry": { "type": "Polygon", "coordinates": [ [ [ -3.7752, 40.2504 ], [ -3.7703, 40.2519 ], [ -3.7678, 40.2525 ], [ -3.7667, 40.2532 ], [ -3.7798, 40.2535 ], [ -3.7834, 40.2537 ], [ -3.7861, 40.254 ], [ -3.7881, 40.2527 ], [ -3.7914, 40.2509 ], [ -3.7935, 40.25 ], [ -3.7931, 40.2499 ], [ -3.7912, 40.25 ], [ -3.7911, 40.2499 ], [ -3.7878, 40.2497 ], [ -3.787, 40.2499 ], [ -3.786, 40.2499 ], [ -3.7851, 40.2502 ], [ -3.7845, 40.2502 ], [ -3.7832, 40.2505 ], [ -3.7765, 40.2507 ], [ -3.7764, 40.2506 ], [ -3.7754, 40.2506 ], [ -3.7752, 40.2504 ] ] ] } },
{ "type": "Feature", "properties": { "municipio": "Fuenlabrada", "clasificacion": "urbanizable-no-sectorizado", "calificacion": "sin-asignar", "version": "vigente", "fuente": "SIT-CAM WFS — UsoDelSuelo:VPLA_V_CLASIFICACION (https://idem.comunidad.madrid/geosrvg/ows)", "fecha_dato": "2026-05-12", "ambito": "38885", "_raw_CD_SIGLAS": "SUBNS", "_raw_DS_CLASIF_GEN": "Suelo No Urbanizable Común", "_raw_DS_CLASIF_DET": "Suelo No Urbanizable Común", "_raw_DS_DOCU": "PLAN GENERAL", "_raw_DS_LEY": null, "_raw_FC_AC": "1999-04-15", "_raw_NM_AREA_M2": 53022.413749936197, "_cam_code": "058" }, "geometry": { "type": "Polygon", "coordinates": [ [ [ -3.7743, 40.2608 ], [ -3.7739, 40.26 ], [ -3.7727, 40.2588 ], [ -3.7727, 40.2589 ], [ -3.7724, 40.2589 ], [ -3.772, 40.2597 ], [ -3.7704, 40.2619 ], [ -3.7731, 40.2613 ], [ -3.7738, 40.2611 ], [ -3.7743, 40.2608 ] ] ] } },
{ "type": "Feature", "properties": { "municipio": "Fuenlabrada", "clasificacion": "urbanizable-no-sectorizado", "calificacion": "sin-asignar", "version": "vigente", "fuente": "SIT-CAM WFS — UsoDelSuelo:VPLA_V_CLASIFICACION (https://idem.comunidad.madrid/geosrvg/ows)", "fecha_dato": "2026-05-12", "ambito": "38885", "_raw_CD_SIGLAS": "SUBNS", "_raw_DS_CLASIF_GEN": "Suelo No Urbanizable Común", "_raw_DS_CLASIF_DET": "Suelo No Urbanizable Común", "_raw_DS_DOCU": "PLAN GENERAL", "_raw_DS_LEY": null, "_raw_FC_AC": "1999-04-15", "_raw_NM_AREA_M2": 154465.44697510399, "_cam_code": "058" }, "geometry": { "type": "Polygon", "coordinates": [ [ [ -3.7788, 40.263 ], [ -3.7793, 40.2631 ], [ -3.7803, 40.2629 ], [ -3.7805, 40.2608 ], [ -3.7808, 40.2596 ], [ -3.7812, 40.2588 ], [ -3.7809, 40.2588 ], [ -3.7794, 40.2593 ], [ -3.7781, 40.2593 ], [ -3.7765, 40.2597 ], [ -3.7763, 40.26 ], [ -3.7762, 40.2605 ], [ -3.7758, 40.2607 ], [ -3.7755, 40.2612 ], [ -3.7756, 40.2622 ], [ -3.7758, 40.2627 ], [ -3.7771, 40.2628 ], [ -3.7774, 40.2626 ], [ -3.778, 40.2626 ], [ -3.7788, 40.263 ] ] ] } },
{ "type": "Feature", "properties": { "municipio": "Fuenlabrada", "clasificacion": "urbanizable-no-sectorizado", "calificacion": "sin-asignar", "version": "vigente", "fuente": "SIT-CAM WFS — UsoDelSuelo:VPLA_V_CLASIFICACION (https://idem.comunidad.madrid/geosrvg/ows)", "fecha_dato": "2026-05-12", "ambito": "38885", "_raw_CD_SIGLAS": "SUBNS", "_raw_DS_CLASIF_GEN": "Suelo No Urbanizable Común", "_raw_DS_CLASIF_DET": "Suelo No Urbanizable Común", "_raw_DS_DOCU": "PLAN GENERAL", "_raw_DS_LEY": null, "_raw_FC_AC": "1999-04-15", "_raw_NM_AREA_M2": 18096.535345078599, "_cam_code": "058" }, "geometry": { "type": "Polygon", "coordinates": [ [ [ -3.7401, 40.2641 ], [ -3.741, 40.2646 ], [ -3.7416, 40.2653 ], [ -3.7407, 40.2625 ], [ -3.7403, 40.2623 ], [ -3.7401, 40.2641 ] ] ] } },
{ "type": "Feature", "properties": { "municipio": "Fuenlabrada", "clasificacion": "urbanizable-no-sectorizado", "calificacion": "sin-asignar", "version": "vigente", "fuente": "SIT-CAM WFS — UsoDelSuelo:VPLA_V_CLASIFICACION (https://idem.comunidad.madrid/geosrvg/ows)", "fecha_dato": "2026-05-12", "ambito": "38885", "_raw_CD_SIGLAS": "SUBNS", "_raw_DS_CLASIF_GEN": "Suelo No Urbanizable Común", "_raw_DS_CLASIF_DET": "Suelo No Urbanizable Común", "_raw_DS_DOCU": "PLAN GENERAL", "_raw_DS_LEY": null, "_raw_FC_AC": "1999-04-15", "_raw_NM_AREA_M2": 25193.2624247778, "_cam_code": "058" }, "geometry": { "type": "Polygon", "coordinates": [ [ [ -3.7394, 40.2704 ], [ -3.7397, 40.2705 ], [ -3.7397, 40.2699 ], [ -3.7402, 40.2679 ], [ -3.74, 40.2678 ], [ -3.7399, 40.2671 ], [ -3.7401, 40.2663 ], [ -3.7404, 40.2662 ], [ -3.7407, 40.2651 ], [ -3.7412, 40.2652 ], [ -3.7414, 40.2655 ], [ -3.7422, 40.266 ], [ -3.741, 40.2649 ], [ -3.74, 40.2644 ], [ -3.7394, 40.2704 ] ] ] } },
{ "type": "Feature", "properties": { "municipio": "Fuenlabrada", "clasificacion": "urbanizable-no-sectorizado", "calificacion": "sin-asignar", "version": "vigente", "fuente": "SIT-CAM WFS — UsoDelSuelo:VPLA_V_CLASIFICACION (https://idem.comunidad.madrid/geosrvg/ows)", "fecha_dato": "2026-05-12", "ambito": "38885", "_raw_CD_SIGLAS": "SUBNS", "_raw_DS_CLASIF_GEN": "Suelo No Urbanizable Común", "_raw_DS_CLASIF_DET": "Suelo No Urbanizable Común", "_raw_DS_DOCU": "PLAN GENERAL", "_raw_DS_LEY": null, "_raw_FC_AC": "1999-04-15", "_raw_NM_AREA_M2": 77818.354787474702, "_cam_code": "058" }, "geometry": { "type": "Polygon", "coordinates": [ [ [ -3.7923, 40.2638 ], [ -3.7925, 40.264 ], [ -3.7927, 40.264 ], [ -3.7964, 40.2628 ], [ -3.7988, 40.2626 ], [ -3.7972, 40.261 ], [ -3.797, 40.2612 ], [ -3.7943, 40.262 ], [ -3.7926, 40.2632 ], [ -3.7914, 40.2633 ], [ -3.791, 40.2636 ], [ -3.7913, 40.2638 ], [ -3.7923, 40.2638 ] ] ] } },
{ "type": "Feature", "properties": { "municipio": "Fuenlabrada", "clasificacion": "urbanizable-no-sectorizado", "calificacion": "sin-asignar", "version": "vigente", "fuente": "SIT-CAM WFS — UsoDelSuelo:VPLA_V_CLASIFICACION (https://idem.comunidad.madrid/geosrvg/ows)", "fecha_dato": "2026-05-12", "ambito": "38885", "_raw_CD_SIGLAS": "SUBNS", "_raw_DS_CLASIF_GEN": "Suelo No Urbanizable Común", "_raw_DS_CLASIF_DET": "Suelo No Urbanizable Común", "_raw_DS_DOCU": "PLAN GENERAL", "_raw_DS_LEY": null, "_raw_FC_AC": "1999-04-15", "_raw_NM_AREA_M2": 502685.72398735001, "_cam_code": "058" }, "geometry": { "type": "Polygon", "coordinates": [ [ [ -3.7917, 40.2644 ], [ -3.7919, 40.2653 ], [ -3.7925, 40.2659 ], [ -3.7926, 40.2666 ], [ -3.793, 40.267 ], [ -3.7932, 40.2677 ], [ -3.7935, 40.2681 ], [ -3.794, 40.2683 ], [ -3.7942, 40.2687 ], [ -3.7945, 40.2688 ], [ -3.7953, 40.2696 ], [ -3.7955, 40.2702 ], [ -3.8028, 40.2694 ], [ -3.802, 40.2672 ], [ -3.8012, 40.2656 ], [ -3.7997, 40.2635 ], [ -3.7989, 40.2626 ], [ -3.7989, 40.2627 ], [ -3.7984, 40.2629 ], [ -3.7978, 40.2629 ], [ -3.7966, 40.2632 ], [ -3.7933, 40.2644 ], [ -3.7923, 40.2644 ], [ -3.7921, 40.2643 ], [ -3.7917, 40.2644 ] ] ] } },
{ "type": "Feature", "properties": { "municipio": "Fuenlabrada", "clasificacion": "urbanizable-no-sectorizado", "calificacion": "sin-asignar", "version": "vigente", "fuente": "SIT-CAM WFS — UsoDelSuelo:VPLA_V_CLASIFICACION (https://idem.comunidad.madrid/geosrvg/ows)", "fecha_dato": "2026-05-12", "ambito": "38885", "_raw_CD_SIGLAS": "SUBNS", "_raw_DS_CLASIF_GEN": "Suelo No Urbanizable Común", "_raw_DS_CLASIF_DET": "Suelo No Urbanizable Común", "_raw_DS_DOCU": "PLAN GENERAL", "_raw_DS_LEY": null, "_raw_FC_AC": "1999-04-15", "_raw_NM_AREA_M2": 742641.73465000303, "_cam_code": "058" }, "geometry": { "type": "Polygon", "coordinates": [ [ [ -3.7961, 40.251 ], [ -3.7948, 40.2515 ], [ -3.7918, 40.2529 ], [ -3.7888, 40.2546 ], [ -3.7906, 40.2551 ], [ -3.7929, 40.256 ], [ -3.7967, 40.258 ], [ -3.7988, 40.2595 ], [ -3.8009, 40.2615 ], [ -3.802, 40.2627 ], [ -3.8027, 40.2637 ], [ -3.8038, 40.2656 ], [ -3.8053, 40.2694 ], [ -3.8063, 40.2697 ], [ -3.8072, 40.2702 ], [ -3.806, 40.2668 ], [ -3.8059, 40.2659 ], [ -3.8056, 40.2655 ], [ -3.8051, 40.2642 ], [ -3.8046, 40.2634 ], [ -3.8043, 40.2631 ], [ -3.8038, 40.2629 ], [ -3.8035, 40.2622 ], [ -3.8033, 40.261 ], [ -3.8029, 40.2597 ], [ -3.8026, 40.2592 ], [ -3.8019, 40.2585 ], [ -3.8014, 40.2574 ], [ -3.8009, 40.2567 ], [ -3.8006, 40.2559 ], [ -3.7996, 40.2544 ], [ -3.7987, 40.2523 ], [ -3.7983, 40.2509 ], [ -3.7963, 40.2511 ], [ -3.7961, 40.251 ] ] ] } },
{ "type": "Feature", "properties": { "municipio": "Fuenlabrada", "clasificacion": "urbanizable-no-sectorizado", "calificacion": "sin-asignar", "version": "vigente", "fuente": "SIT-CAM WFS — UsoDelSuelo:VPLA_V_CLASIFICACION (https://idem.comunidad.madrid/geosrvg/ows)", "fecha_dato": "2026-05-12", "ambito": "38885", "_raw_CD_SIGLAS": "SUBNS", "_raw_DS_CLASIF_GEN": "Suelo No Urbanizable Común", "_raw_DS_CLASIF_DET": "Suelo No Urbanizable Común", "_raw_DS_DOCU": "PLAN GENERAL", "_raw_DS_LEY": null, "_raw_FC_AC": "1999-04-15", "_raw_NM_AREA_M2": 242881.92723368501, "_cam_code": "058" }, "geometry": { "type": "Polygon", "coordinates": [ [ [ -3.7751, 40.2648 ], [ -3.7751, 40.2659 ], [ -3.7754, 40.267 ], [ -3.7766, 40.2688 ], [ -3.7782, 40.2704 ], [ -3.7788, 40.2699 ], [ -3.7798, 40.2684 ], [ -3.7801, 40.267 ], [ -3.7802, 40.2638 ], [ -3.776, 40.2638 ], [ -3.7751, 40.2636 ], [ -3.7751, 40.2648 ] ] ] } },
{ "type": "Feature", "properties": { "municipio": "Fuenlabrada", "clasificacion": "urbanizable-no-sectorizado", "calificacion": "sin-asignar", "version": "vigente", "fuente": "SIT-CAM WFS — UsoDelSuelo:VPLA_V_CLASIFICACION (https://idem.comunidad.madrid/geosrvg/ows)", "fecha_dato": "2026-05-12", "ambito": "38885", "_raw_CD_SIGLAS": "SUBNS", "_raw_DS_CLASIF_GEN": "Suelo No Urbanizable Común", "_raw_DS_CLASIF_DET": "Suelo No Urbanizable Común", "_raw_DS_DOCU": "PLAN GENERAL", "_raw_DS_LEY": null, "_raw_FC_AC": "1999-04-15", "_raw_NM_AREA_M2": 769165.57532540895, "_cam_code": "058" }, "geometry": { "type": "Polygon", "coordinates": [ [ [ -3.7842, 40.2623 ], [ -3.7839, 40.2623 ], [ -3.7826, 40.263 ], [ -3.7823, 40.2681 ], [ -3.7818, 40.2694 ], [ -3.7812, 40.2704 ], [ -3.7801, 40.2714 ], [ -3.7815, 40.2715 ], [ -3.7866, 40.2711 ], [ -3.795, 40.2702 ], [ -3.7948, 40.2696 ], [ -3.7942, 40.2692 ], [ -3.7924, 40.2675 ], [ -3.7921, 40.2669 ], [ -3.7918, 40.2656 ], [ -3.7913, 40.2647 ], [ -3.7908, 40.2642 ], [ -3.7885, 40.2636 ], [ -3.7874, 40.2636 ], [ -3.7852, 40.2627 ], [ -3.7848, 40.2623 ], [ -3.7842, 40.2623 ] ] ] } },
{ "type": "Feature", "properties": { "municipio": "Fuenlabrada", "clasificacion": "urbanizable-no-sectorizado", "calificacion": "sin-asignar", "version": "vigente", "fuente": "SIT-CAM WFS — UsoDelSuelo:VPLA_V_CLASIFICACION (https://idem.comunidad.madrid/geosrvg/ows)", "fecha_dato": "2026-05-12", "ambito": "38885", "_raw_CD_SIGLAS": "SUBNS", "_raw_DS_CLASIF_GEN": "Suelo No Urbanizable Común", "_raw_DS_CLASIF_DET": "Suelo No Urbanizable Común", "_raw_DS_DOCU": "PLAN GENERAL", "_raw_DS_LEY": null, "_raw_FC_AC": "1999-04-15", "_raw_NM_AREA_M2": 29169.1702250173, "_cam_code": "058" }, "geometry": { "type": "Polygon", "coordinates": [ [ [ -3.7627, 40.2941 ], [ -3.7631, 40.2942 ], [ -3.7616, 40.2923 ], [ -3.7612, 40.2913 ], [ -3.7598, 40.2896 ], [ -3.7617, 40.2942 ], [ -3.7627, 40.2941 ] ] ] } },
{ "type": "Feature", "properties": { "municipio": "Fuenlabrada", "clasificacion": "urbanizable-no-sectorizado", "calificacion": "sin-asignar", "version": "vigente", "fuente": "SIT-CAM WFS — UsoDelSuelo:VPLA_V_CLASIFICACION (https://idem.comunidad.madrid/geosrvg/ows)", "fecha_dato": "2026-05-12", "ambito": "38885", "_raw_CD_SIGLAS": "SUBNS", "_raw_DS_CLASIF_GEN": "Suelo No Urbanizable Común", "_raw_DS_CLASIF_DET": "Suelo No Urbanizable Común", "_raw_DS_DOCU": "PLAN GENERAL", "_raw_DS_LEY": null, "_raw_FC_AC": "1999-04-15", "_raw_NM_AREA_M2": 542134.42275013099, "_cam_code": "058" }, "geometry": { "type": "Polygon", "coordinates": [ [ [ -3.7985, 40.2509 ], [ -3.7983, 40.2509 ], [ -3.7986, 40.2514 ], [ -3.7989, 40.2525 ], [ -3.7998, 40.2546 ], [ -3.8007, 40.2559 ], [ -3.8009, 40.2565 ], [ -3.8015, 40.2574 ], [ -3.8019, 40.2583 ], [ -3.8024, 40.2588 ], [ -3.8032, 40.2602 ], [ -3.8035, 40.2613 ], [ -3.8035, 40.2618 ], [ -3.8038, 40.2627 ], [ -3.8042, 40.263 ], [ -3.8046, 40.263 ], [ -3.8053, 40.264 ], [ -3.8054, 40.2646 ], [ -3.8062, 40.2661 ], [ -3.8063, 40.267 ], [ -3.807, 40.2688 ], [ -3.8074, 40.2704 ], [ -3.8078, 40.2706 ], [ -3.8081, 40.271 ], [ -3.8096, 40.27 ], [ -3.8069, 40.2608 ], [ -3.8052, 40.2581 ], [ -3.803, 40.2554 ], [ -3.8016, 40.2521 ], [ -3.8009, 40.2499 ], [ -3.8009, 40.2503 ], [ -3.7984, 40.2505 ], [ -3.7985, 40.2509 ] ] ] } },
{ "type": "Feature", "properties": { "municipio": "Fuenlabrada", "clasificacion": "urbanizable-no-sectorizado", "calificacion": "sin-asignar", "version": "vigente", "fuente": "SIT-CAM WFS — UsoDelSuelo:VPLA_V_CLASIFICACION (https://idem.comunidad.madrid/geosrvg/ows)", "fecha_dato": "2026-05-12", "ambito": "38885", "_raw_CD_SIGLAS": "SUBNS", "_raw_DS_CLASIF_GEN": "Suelo No Urbanizable Común", "_raw_DS_CLASIF_DET": "Suelo No Urbanizable Común", "_raw_DS_DOCU": "PLAN GENERAL", "_raw_DS_LEY": null, "_raw_FC_AC": "1999-04-15", "_raw_NM_AREA_M2": 133292.585076541, "_cam_code": "058" }, "geometry": { "type": "Polygon", "coordinates": [ [ [ -3.8413, 40.3147 ], [ -3.8412, 40.3153 ], [ -3.8414, 40.3158 ], [ -3.8416, 40.3151 ], [ -3.8418, 40.3149 ], [ -3.842, 40.3149 ], [ -3.8425, 40.3149 ], [ -3.8431, 40.3149 ], [ -3.843, 40.3149 ], [ -3.843, 40.3149 ], [ -3.843, 40.3148 ], [ -3.843, 40.3145 ], [ -3.8422, 40.3113 ], [ -3.842, 40.3089 ], [ -3.8409, 40.31 ], [ -3.8409, 40.3106 ], [ -3.8408, 40.3107 ], [ -3.8409, 40.3112 ], [ -3.8384, 40.3124 ], [ -3.838, 40.3127 ], [ -3.8386, 40.3133 ], [ -3.8399, 40.314 ], [ -3.8408, 40.3147 ], [ -3.8413, 40.3147 ] ] ] } },
{ "type": "Feature", "properties": { "municipio": "Fuenlabrada", "clasificacion": "urbanizable-no-sectorizado", "calificacion": "sin-asignar", "version": "vigente", "fuente": "SIT-CAM WFS — UsoDelSuelo:VPLA_V_CLASIFICACION (https://idem.comunidad.madrid/geosrvg/ows)", "fecha_dato": "2026-05-12", "ambito": "38885", "_raw_CD_SIGLAS": "SUBNS", "_raw_DS_CLASIF_GEN": "Suelo Urbanizable No Programado", "_raw_DS_CLASIF_DET": "Suelo Urbanizable No Programado", "_raw_DS_DOCU": "PLAN GENERAL", "_raw_DS_LEY": null, "_raw_FC_AC": "1999-04-15", "_raw_NM_AREA_M2": 236345.13363722901, "_cam_code": "058" }, "geometry": { "type": "Polygon", "coordinates": [ [ [ -3.7403, 40.2621 ], [ -3.7409, 40.2624 ], [ -3.741, 40.2623 ], [ -3.7453, 40.2557 ], [ -3.7456, 40.2556 ], [ -3.746, 40.2558 ], [ -3.7467, 40.2547 ], [ -3.7428, 40.2537 ], [ -3.7413, 40.2536 ], [ -3.7403, 40.2621 ] ] ] } },
{ "type": "Feature", "properties": { "municipio": "Fuenlabrada", "clasificacion": "urbanizable-no-sectorizado", "calificacion": "sin-asignar", "version": "vigente", "fuente": "SIT-CAM WFS — UsoDelSuelo:VPLA_V_CLASIFICACION (https://idem.comunidad.madrid/geosrvg/ows)", "fecha_dato": "2026-05-12", "ambito": "38885", "_raw_CD_SIGLAS": "SUBNS", "_raw_DS_CLASIF_GEN": "Suelo Urbanizable No Programado", "_raw_DS_CLASIF_DET": "Suelo Urbanizable No Programado", "_raw_DS_DOCU": "PLAN GENERAL", "_raw_DS_LEY": null, "_raw_FC_AC": "1999-04-15", "_raw_NM_AREA_M2": 204580.24462870799, "_cam_code": "058" }, "geometry": { "type": "Polygon", "coordinates": [ [ [ -3.7676, 40.2633 ], [ -3.7678, 40.2633 ], [ -3.7686, 40.2639 ], [ -3.7695, 40.2626 ], [ -3.7695, 40.2622 ], [ -3.7699, 40.2621 ], [ -3.7721, 40.2587 ], [ -3.7715, 40.2582 ], [ -3.7649, 40.2544 ], [ -3.7641, 40.2552 ], [ -3.765, 40.2554 ], [ -3.7645, 40.2564 ], [ -3.7661, 40.2572 ], [ -3.7662, 40.2574 ], [ -3.7669, 40.2578 ], [ -3.7673, 40.2579 ], [ -3.7673, 40.2577 ], [ -3.7688, 40.2582 ], [ -3.7702, 40.2585 ], [ -3.7694, 40.2602 ], [ -3.7681, 40.2599 ], [ -3.7678, 40.2608 ], [ -3.7685, 40.261 ], [ -3.7682, 40.2618 ], [ -3.7681, 40.2618 ], [ -3.7682, 40.2624 ], [ -3.768, 40.2625 ], [ -3.7676, 40.2624 ], [ -3.7668, 40.2627 ], [ -3.7667, 40.2632 ], [ -3.7667, 40.2633 ], [ -3.7676, 40.2633 ] ] ] } },
{ "type": "Feature", "properties": { "municipio": "Fuenlabrada", "clasificacion": "urbanizable-no-sectorizado", "calificacion": "sin-asignar", "version": "vigente", "fuente": "SIT-CAM WFS — UsoDelSuelo:VPLA_V_CLASIFICACION (https://idem.comunidad.madrid/geosrvg/ows)", "fecha_dato": "2026-05-12", "ambito": "38885", "_raw_CD_SIGLAS": "SUBNS", "_raw_DS_CLASIF_GEN": "Suelo Urbanizable No Programado", "_raw_DS_CLASIF_DET": "Suelo Urbanizable No Programado", "_raw_DS_DOCU": "PLAN GENERAL", "_raw_DS_LEY": null, "_raw_FC_AC": "1999-04-15", "_raw_NM_AREA_M2": 347030.44423430401, "_cam_code": "058" }, "geometry": { "type": "Polygon", "coordinates": [ [ [ -3.7949, 40.2711 ], [ -3.7955, 40.2744 ], [ -3.7975, 40.2744 ], [ -3.7988, 40.2742 ], [ -3.7992, 40.2741 ], [ -3.7992, 40.274 ], [ -3.7996, 40.274 ], [ -3.8029, 40.2731 ], [ -3.8039, 40.273 ], [ -3.8054, 40.2734 ], [ -3.8061, 40.2738 ], [ -3.8062, 40.2735 ], [ -3.8048, 40.2721 ], [ -3.8038, 40.2704 ], [ -3.8035, 40.2695 ], [ -3.8032, 40.2695 ], [ -3.7949, 40.2704 ], [ -3.7949, 40.2711 ] ] ] } },
{ "type": "Feature", "properties": { "municipio": "Fuenlabrada", "clasificacion": "urbanizable-no-sectorizado", "calificacion": "sin-asignar", "version": "vigente", "fuente": "SIT-CAM WFS — UsoDelSuelo:VPLA_V_CLASIFICACION (https://idem.comunidad.madrid/geosrvg/ows)", "fecha_dato": "2026-05-12", "ambito": "38885", "_raw_CD_SIGLAS": "SUBNS", "_raw_DS_CLASIF_GEN": "Suelo Urbanizable No Programado", "_raw_DS_CLASIF_DET": "Suelo Urbanizable No Programado", "_raw_DS_DOCU": "PLAN GENERAL", "_raw_DS_LEY": null, "_raw_FC_AC": "1999-04-15", "_raw_NM_AREA_M2": 94315.170633228699, "_cam_code": "058" }, "geometry": { "type": "Polygon", "coordinates": [ [ [ -3.7588, 40.2795 ], [ -3.7585, 40.2796 ], [ -3.7583, 40.2801 ], [ -3.7584, 40.2812 ], [ -3.7585, 40.2812 ], [ -3.7604, 40.2839 ], [ -3.7606, 40.2841 ], [ -3.7609, 40.284 ], [ -3.7606, 40.2837 ], [ -3.7603, 40.2836 ], [ -3.7606, 40.2825 ], [ -3.7605, 40.2821 ], [ -3.7607, 40.2821 ], [ -3.7613, 40.2792 ], [ -3.7596, 40.278 ], [ -3.7588, 40.2793 ], [ -3.7587, 40.2793 ], [ -3.7588, 40.2794 ], [ -3.7588, 40.2794 ], [ -3.7588, 40.2794 ], [ -3.7588, 40.2794 ], [ -3.7588, 40.2794 ], [ -3.7588, 40.2794 ], [ -3.7588, 40.2794 ], [ -3.7588, 40.2794 ], [ -3.7588, 40.2794 ], [ -3.7588, 40.2794 ], [ -3.7588, 40.2794 ], [ -3.7588, 40.2794 ], [ -3.7588, 40.2794 ], [ -3.7588, 40.2794 ], [ -3.7588, 40.2795 ], [ -3.7588, 40.2796 ], [ -3.7588, 40.2795 ] ] ] } },
{ "type": "Feature", "properties": { "municipio": "Fuenlabrada", "clasificacion": "urbanizable-no-sectorizado", "calificacion": "sin-asignar", "version": "vigente", "fuente": "SIT-CAM WFS — UsoDelSuelo:VPLA_V_CLASIFICACION (https://idem.comunidad.madrid/geosrvg/ows)", "fecha_dato": "2026-05-12", "ambito": "38885", "_raw_CD_SIGLAS": "SUBNS", "_raw_DS_CLASIF_GEN": "Suelo Urbanizable No Programado", "_raw_DS_CLASIF_DET": "Suelo Urbanizable No Programado", "_raw_DS_DOCU": "PLAN GENERAL", "_raw_DS_LEY": null, "_raw_FC_AC": "1999-04-15", "_raw_NM_AREA_M2": 227893.25360912, "_cam_code": "058" }, "geometry": { "type": "Polygon", "coordinates": [ [ [ -3.7602, 40.2871 ], [ -3.7605, 40.2871 ], [ -3.7609, 40.2869 ], [ -3.7617, 40.2864 ], [ -3.7617, 40.2862 ], [ -3.7582, 40.2814 ], [ -3.7581, 40.281 ], [ -3.758, 40.281 ], [ -3.758, 40.28 ], [ -3.7581, 40.28 ], [ -3.7582, 40.2795 ], [ -3.7583, 40.2795 ], [ -3.7582, 40.2794 ], [ -3.7585, 40.2792 ], [ -3.7593, 40.2779 ], [ -3.7593, 40.2777 ], [ -3.7592, 40.2777 ], [ -3.7593, 40.2776 ], [ -3.7578, 40.277 ], [ -3.7548, 40.2774 ], [ -3.7576, 40.2841 ], [ -3.7594, 40.286 ], [ -3.7602, 40.2871 ] ] ] } },
{ "type": "Feature", "properties": { "municipio": "Fuenlabrada", "clasificacion": "urbanizable-no-sectorizado", "calificacion": "sin-asignar", "version": "vigente", "fuente": "SIT-CAM WFS — UsoDelSuelo:VPLA_V_CLASIFICACION (https://idem.comunidad.madrid/geosrvg/ows)", "fecha_dato": "2026-05-12", "ambito": "38885", "_raw_CD_SIGLAS": "SUBNS", "_raw_DS_CLASIF_GEN": "Suelo Urbanizable No Programado", "_raw_DS_CLASIF_DET": "Suelo Urbanizable No Programado", "_raw_DS_DOCU": "PLAN GENERAL", "_raw_DS_LEY": null, "_raw_FC_AC": "1999-04-15", "_raw_NM_AREA_M2": 419160.17654371797, "_cam_code": "058" }, "geometry": { "type": "Polygon", "coordinates": [ [ [ -3.764, 40.2939 ], [ -3.7647, 40.2946 ], [ -3.7664, 40.2949 ], [ -3.7671, 40.2948 ], [ -3.7688, 40.2942 ], [ -3.7693, 40.2942 ], [ -3.7709, 40.2937 ], [ -3.7714, 40.2937 ], [ -3.7717, 40.2933 ], [ -3.7718, 40.2933 ], [ -3.7719, 40.2933 ], [ -3.7702, 40.2922 ], [ -3.7691, 40.2912 ], [ -3.7687, 40.2912 ], [ -3.7685, 40.291 ], [ -3.7686, 40.2909 ], [ -3.7685, 40.2908 ], [ -3.7647, 40.2885 ], [ -3.7647, 40.2884 ], [ -3.7633, 40.2875 ], [ -3.7625, 40.2867 ], [ -3.7622, 40.2865 ], [ -3.7621, 40.2866 ], [ -3.7619, 40.2865 ], [ -3.7606, 40.2873 ], [ -3.7606, 40.2875 ], [ -3.7604, 40.2876 ], [ -3.7604, 40.2881 ], [ -3.7624, 40.2918 ], [ -3.764, 40.2939 ] ] ] } },
{ "type": "Feature", "properties": { "municipio": "Fuenlabrada", "clasificacion": "urbanizable-no-sectorizado", "calificacion": "sin-asignar", "version": "vigente", "fuente": "SIT-CAM WFS — UsoDelSuelo:VPLA_V_CLASIFICACION (https://idem.comunidad.madrid/geosrvg/ows)", "fecha_dato": "2026-05-12", "ambito": "38885", "_raw_CD_SIGLAS": "SUBNS", "_raw_DS_CLASIF_GEN": "Suelo Urbanizable No Programado", "_raw_DS_CLASIF_DET": "Suelo Urbanizable No Programado", "_raw_DS_DOCU": "PLAN GENERAL", "_raw_DS_LEY": null, "_raw_FC_AC": "1999-04-15", "_raw_NM_AREA_M2": 319949.59170453303, "_cam_code": "058" }, "geometry": { "type": "Polygon", "coordinates": [ [ [ -3.8179, 40.3032 ], [ -3.8181, 40.3035 ], [ -3.819, 40.304 ], [ -3.8201, 40.3042 ], [ -3.8201, 40.3043 ], [ -3.8208, 40.3046 ], [ -3.8212, 40.3051 ], [ -3.8215, 40.3058 ], [ -3.8242, 40.3041 ], [ -3.8255, 40.3029 ], [ -3.8269, 40.3008 ], [ -3.827, 40.3008 ], [ -3.827, 40.3006 ], [ -3.8265, 40.3002 ], [ -3.826, 40.3001 ], [ -3.8258, 40.3005 ], [ -3.825, 40.3011 ], [ -3.8237, 40.3008 ], [ -3.8235, 40.3014 ], [ -3.8209, 40.3011 ], [ -3.821, 40.3008 ], [ -3.8209, 40.3002 ], [ -3.821, 40.3002 ], [ -3.821, 40.3 ], [ -3.8168, 40.2997 ], [ -3.8168, 40.3009 ], [ -3.817, 40.3017 ], [ -3.817, 40.3024 ], [ -3.8172, 40.3028 ], [ -3.8171, 40.303 ], [ -3.8174, 40.3033 ], [ -3.8179, 40.3032 ] ] ] } },
{ "type": "Feature", "properties": { "municipio": "Fuenlabrada", "clasificacion": "urbanizable-sectorizado", "calificacion": "sin-asignar", "version": "vigente", "fuente": "SIT-CAM WFS — UsoDelSuelo:VPLA_V_CLASIFICACION (https://idem.comunidad.madrid/geosrvg/ows)", "fecha_dato": "2026-05-12", "ambito": "38885", "_raw_CD_SIGLAS": "SUBS", "_raw_DS_CLASIF_GEN": "Suelo Urbanizable Programado", "_raw_DS_CLASIF_DET": "Suelo Urbanizable Programado", "_raw_DS_DOCU": "PLAN GENERAL", "_raw_DS_LEY": null, "_raw_FC_AC": "1999-04-15", "_raw_NM_AREA_M2": 537804.81163597002, "_cam_code": "058" }, "geometry": { "type": "Polygon", "coordinates": [ [ [ -3.7775, 40.2944 ], [ -3.7785, 40.2955 ], [ -3.7788, 40.2955 ], [ -3.7799, 40.2949 ], [ -3.7811, 40.2951 ], [ -3.7813, 40.2948 ], [ -3.7812, 40.2947 ], [ -3.7811, 40.2948 ], [ -3.7805, 40.2945 ], [ -3.7808, 40.2941 ], [ -3.7805, 40.2941 ], [ -3.7805, 40.2928 ], [ -3.7818, 40.2928 ], [ -3.7822, 40.293 ], [ -3.7826, 40.2925 ], [ -3.7829, 40.2926 ], [ -3.783, 40.2925 ], [ -3.7829, 40.2925 ], [ -3.7829, 40.2923 ], [ -3.7825, 40.2922 ], [ -3.7825, 40.2919 ], [ -3.7822, 40.2918 ], [ -3.7802, 40.2915 ], [ -3.7784, 40.2916 ], [ -3.7771, 40.2919 ], [ -3.775, 40.2918 ], [ -3.7734, 40.2911 ], [ -3.7707, 40.2894 ], [ -3.7697, 40.2886 ], [ -3.7686, 40.2873 ], [ -3.7681, 40.2863 ], [ -3.768, 40.2856 ], [ -3.7681, 40.2843 ], [ -3.7679, 40.2837 ], [ -3.7677, 40.2839 ], [ -3.7672, 40.2838 ], [ -3.7672, 40.2839 ], [ -3.7645, 40.2847 ], [ -3.7645, 40.2848 ], [ -3.7643, 40.2848 ], [ -3.7643, 40.2849 ], [ -3.7624, 40.2862 ], [ -3.7626, 40.2867 ], [ -3.7651, 40.2886 ], [ -3.7686, 40.2907 ], [ -3.7692, 40.2907 ], [ -3.7693, 40.2912 ], [ -3.7714, 40.2929 ], [ -3.772, 40.2932 ], [ -3.7723, 40.2932 ], [ -3.7732, 40.2927 ], [ -3.7733, 40.2925 ], [ -3.7746, 40.2927 ], [ -3.7775, 40.2944 ] ] ] } },
{ "type": "Feature", "properties": { "municipio": "Fuenlabrada", "clasificacion": "urbanizable-sectorizado", "calificacion": "sin-asignar", "version": "vigente", "fuente": "SIT-CAM WFS — UsoDelSuelo:VPLA_V_CLASIFICACION (https://idem.comunidad.madrid/geosrvg/ows)", "fecha_dato": "2026-05-12", "ambito": "38885", "_raw_CD_SIGLAS": "SUBS", "_raw_DS_CLASIF_GEN": "Suelo Urbanizable (INCORPORADO)", "_raw_DS_CLASIF_DET": "Suelo Urbanizable Incorporado", "_raw_DS_DOCU": "PLAN GENERAL", "_raw_DS_LEY": null, "_raw_FC_AC": "1999-04-15", "_raw_NM_AREA_M2": 78751.375272159305, "_cam_code": "058" }, "geometry": { "type": "Polygon", "coordinates": [ [ [ -3.8117, 40.2989 ], [ -3.8166, 40.299 ], [ -3.8169, 40.2989 ], [ -3.817, 40.2976 ], [ -3.8166, 40.2976 ], [ -3.8166, 40.2974 ], [ -3.817, 40.2974 ], [ -3.8165, 40.2972 ], [ -3.8156, 40.2972 ], [ -3.8156, 40.2974 ], [ -3.8139, 40.2972 ], [ -3.8138, 40.2977 ], [ -3.8112, 40.2976 ], [ -3.8117, 40.2989 ] ] ] } },
{ "type": "Feature", "properties": { "municipio": "Fuenlabrada", "clasificacion": "urbanizable-sectorizado", "calificacion": "sin-asignar", "version": "vigente", "fuente": "SIT-CAM WFS — UsoDelSuelo:VPLA_V_CLASIFICACION (https://idem.comunidad.madrid/geosrvg/ows)", "fecha_dato": "2026-05-12", "ambito": "38885", "_raw_CD_SIGLAS": "SUBS", "_raw_DS_CLASIF_GEN": "Suelo Urbanizable Programado", "_raw_DS_CLASIF_DET": "Suelo Urbanizable Programado", "_raw_DS_DOCU": "PLAN GENERAL", "_raw_DS_LEY": null, "_raw_FC_AC": "1999-04-15", "_raw_NM_AREA_M2": 92853.551202993403, "_cam_code": "058" }, "geometry": { "type": "Polygon", "coordinates": [ [ [ -3.8177, 40.2932 ], [ -3.8149, 40.2905 ], [ -3.814, 40.2893 ], [ -3.8134, 40.2893 ], [ -3.8133, 40.2905 ], [ -3.8124, 40.2904 ], [ -3.8123, 40.2918 ], [ -3.8134, 40.2919 ], [ -3.8133, 40.2921 ], [ -3.8139, 40.2922 ], [ -3.8138, 40.293 ], [ -3.8177, 40.2932 ] ] ] } },
{ "type": "Feature", "properties": { "municipio": "Fuenlabrada", "clasificacion": "urbanizable-sectorizado", "calificacion": "sin-asignar", "version": "vigente", "fuente": "SIT-CAM WFS — UsoDelSuelo:VPLA_V_CLASIFICACION (https://idem.comunidad.madrid/geosrvg/ows)", "fecha_dato": "2026-05-12", "ambito": "38885", "_raw_CD_SIGLAS": "SUBS", "_raw_DS_CLASIF_GEN": "Suelo Urbanizable Programado", "_raw_DS_CLASIF_DET": "Suelo Urbanizable Programado", "_raw_DS_DOCU": "PLAN GENERAL", "_raw_DS_LEY": null, "_raw_FC_AC": "1999-04-15", "_raw_NM_AREA_M2": 111154.79518230401, "_cam_code": "058" }, "geometry": { "type": "Polygon", "coordinates": [ [ [ -3.8173, 40.2943 ], [ -3.8167, 40.2952 ], [ -3.8169, 40.2966 ], [ -3.8173, 40.2967 ], [ -3.8176, 40.2971 ], [ -3.822, 40.2977 ], [ -3.8221, 40.2976 ], [ -3.8204, 40.2957 ], [ -3.8177, 40.2932 ], [ -3.8174, 40.2933 ], [ -3.8174, 40.2936 ], [ -3.8173, 40.2936 ], [ -3.8174, 40.2936 ], [ -3.8175, 40.2936 ], [ -3.8173, 40.2943 ] ] ] } },
{ "type": "Feature", "properties": { "municipio": "Fuenlabrada", "clasificacion": "urbanizable-sectorizado", "calificacion": "sin-asignar", "version": "vigente", "fuente": "SIT-CAM WFS — UsoDelSuelo:VPLA_V_CLASIFICACION (https://idem.comunidad.madrid/geosrvg/ows)", "fecha_dato": "2026-05-12", "ambito": "38885", "_raw_CD_SIGLAS": "SUBS", "_raw_DS_CLASIF_GEN": "Suelo Urbanizable Programado (INCORPORADO)", "_raw_DS_CLASIF_DET": "Suelo Urbanizable Programado Incorporado", "_raw_DS_DOCU": "PLAN GENERAL", "_raw_DS_LEY": null, "_raw_FC_AC": "1999-04-15", "_raw_NM_AREA_M2": 1980883.67037759, "_cam_code": "058" }, "geometry": { "type": "Polygon", "coordinates": [ [ [ -3.8327, 40.3074 ], [ -3.8339, 40.3086 ], [ -3.8356, 40.3076 ], [ -3.8364, 40.3073 ], [ -3.8364, 40.3072 ], [ -3.8376, 40.3072 ], [ -3.8381, 40.3068 ], [ -3.8387, 40.3068 ], [ -3.8387, 40.3067 ], [ -3.84, 40.3068 ], [ -3.84, 40.3067 ], [ -3.8405, 40.3065 ], [ -3.8412, 40.3065 ], [ -3.8413, 40.3063 ], [ -3.8417, 40.3062 ], [ -3.8418, 40.306 ], [ -3.8424, 40.3059 ], [ -3.8426, 40.3056 ], [ -3.8432, 40.3058 ], [ -3.8437, 40.3055 ], [ -3.8439, 40.3048 ], [ -3.844, 40.3048 ], [ -3.844, 40.3038 ], [ -3.8436, 40.3009 ], [ -3.8437, 40.297 ], [ -3.843, 40.2953 ], [ -3.8428, 40.294 ], [ -3.8438, 40.2917 ], [ -3.8431, 40.2915 ], [ -3.8418, 40.2914 ], [ -3.8415, 40.2913 ], [ -3.8411, 40.2909 ], [ -3.8407, 40.2908 ], [ -3.8386, 40.2907 ], [ -3.838, 40.2909 ], [ -3.8362, 40.2908 ], [ -3.8353, 40.291 ], [ -3.8337, 40.2911 ], [ -3.8337, 40.292 ], [ -3.8327, 40.292 ], [ -3.8318, 40.2918 ], [ -3.8314, 40.2919 ], [ -3.8299, 40.2919 ], [ -3.8298, 40.2918 ], [ -3.8298, 40.2926 ], [ -3.8296, 40.2934 ], [ -3.8304, 40.2935 ], [ -3.8299, 40.2961 ], [ -3.8295, 40.2971 ], [ -3.8284, 40.297 ], [ -3.8284, 40.2969 ], [ -3.8282, 40.2977 ], [ -3.8282, 40.2978 ], [ -3.8299, 40.298 ], [ -3.8293, 40.2999 ], [ -3.8285, 40.3006 ], [ -3.8277, 40.3006 ], [ -3.8274, 40.3003 ], [ -3.827, 40.3002 ], [ -3.8268, 40.3 ], [ -3.8266, 40.3001 ], [ -3.8267, 40.3004 ], [ -3.827, 40.3006 ], [ -3.8275, 40.302 ], [ -3.8295, 40.3039 ], [ -3.8295, 40.3041 ], [ -3.8297, 40.3043 ], [ -3.8297, 40.3048 ], [ -3.8298, 40.3048 ], [ -3.8298, 40.3058 ], [ -3.8299, 40.3058 ], [ -3.8299, 40.306 ], [ -3.8302, 40.3063 ], [ -3.8306, 40.3064 ], [ -3.8306, 40.3065 ], [ -3.8319, 40.3065 ], [ -3.8322, 40.3067 ], [ -3.8327, 40.3074 ] ], [ [ -3.8326, 40.2964 ], [ -3.8323, 40.2988 ], [ -3.8321, 40.2988 ], [ -3.8315, 40.2983 ], [ -3.8313, 40.2983 ], [ -3.8313, 40.2982 ], [ -3.8306, 40.2979 ], [ -3.8317, 40.2956 ], [ -3.832, 40.2952 ], [ -3.8323, 40.2951 ], [ -3.832, 40.2948 ], [ -3.8314, 40.2947 ], [ -3.8312, 40.2945 ], [ -3.8315, 40.2924 ], [ -3.8316, 40.2924 ], [ -3.8317, 40.2921 ], [ -3.8333, 40.2922 ], [ -3.834, 40.2921 ], [ -3.8338, 40.294 ], [ -3.8332, 40.2958 ], [ -3.8353, 40.2957 ], [ -3.8353, 40.296 ], [ -3.835, 40.2963 ], [ -3.8336, 40.2966 ], [ -3.8331, 40.2966 ], [ -3.833, 40.2964 ], [ -3.8326, 40.2964 ] ] ] } },
{ "type": "Feature", "properties": { "municipio": "Fuenlabrada", "clasificacion": "urbanizable-sectorizado", "calificacion": "sin-asignar", "version": "vigente", "fuente": "SIT-CAM WFS — UsoDelSuelo:VPLA_V_CLASIFICACION (https://idem.comunidad.madrid/geosrvg/ows)", "fecha_dato": "2026-05-12", "ambito": "38885", "_raw_CD_SIGLAS": "SUBS", "_raw_DS_CLASIF_GEN": "Suelo Urbanizable Programado (INCORPORADO)", "_raw_DS_CLASIF_DET": "Suelo Urbanizable Programado Incorporado", "_raw_DS_DOCU": "PLAN GENERAL", "_raw_DS_LEY": null, "_raw_FC_AC": "1999-04-15", "_raw_NM_AREA_M2": 1107458.3821312401, "_cam_code": "058" }, "geometry": { "type": "Polygon", "coordinates": [ [ [ -3.7605, 40.2748 ], [ -3.7618, 40.2751 ], [ -3.7626, 40.2754 ], [ -3.7626, 40.2755 ], [ -3.7633, 40.2747 ], [ -3.7664, 40.2747 ], [ -3.767, 40.274 ], [ -3.7704, 40.269 ], [ -3.7719, 40.2663 ], [ -3.7693, 40.2642 ], [ -3.7684, 40.2638 ], [ -3.7678, 40.2633 ], [ -3.7667, 40.2633 ], [ -3.7668, 40.2629 ], [ -3.7658, 40.263 ], [ -3.7643, 40.2637 ], [ -3.7641, 40.2645 ], [ -3.7639, 40.2646 ], [ -3.7637, 40.2651 ], [ -3.7634, 40.2652 ], [ -3.763, 40.265 ], [ -3.7624, 40.2654 ], [ -3.7621, 40.2654 ], [ -3.7629, 40.2668 ], [ -3.7627, 40.267 ], [ -3.7629, 40.2672 ], [ -3.7637, 40.2671 ], [ -3.764, 40.2675 ], [ -3.7642, 40.2675 ], [ -3.7646, 40.2679 ], [ -3.765, 40.2685 ], [ -3.7649, 40.2685 ], [ -3.765, 40.2686 ], [ -3.7644, 40.2689 ], [ -3.7645, 40.2689 ], [ -3.7644, 40.2691 ], [ -3.7625, 40.2699 ], [ -3.7622, 40.2698 ], [ -3.7612, 40.2687 ], [ -3.759, 40.2677 ], [ -3.758, 40.2675 ], [ -3.7573, 40.2672 ], [ -3.7573, 40.267 ], [ -3.7579, 40.2668 ], [ -3.7585, 40.2664 ], [ -3.7591, 40.2663 ], [ -3.7597, 40.266 ], [ -3.7605, 40.2659 ], [ -3.762, 40.2653 ], [ -3.761, 40.2641 ], [ -3.7604, 40.2643 ], [ -3.7604, 40.2644 ], [ -3.76, 40.2644 ], [ -3.76, 40.2645 ], [ -3.7594, 40.2644 ], [ -3.7594, 40.2643 ], [ -3.7589, 40.2641 ], [ -3.7579, 40.2657 ], [ -3.7554, 40.2692 ], [ -3.7573, 40.2698 ], [ -3.7574, 40.2702 ], [ -3.7565, 40.2705 ], [ -3.7565, 40.2706 ], [ -3.7563, 40.2706 ], [ -3.7561, 40.2708 ], [ -3.7558, 40.2707 ], [ -3.7558, 40.2709 ], [ -3.7557, 40.2709 ], [ -3.7557, 40.2711 ], [ -3.7556, 40.2711 ], [ -3.7552, 40.2719 ], [ -3.756, 40.2723 ], [ -3.7551, 40.2733 ], [ -3.7563, 40.2735 ], [ -3.7583, 40.2741 ], [ -3.7589, 40.2724 ], [ -3.759, 40.2723 ], [ -3.7596, 40.2724 ], [ -3.7602, 40.2726 ], [ -3.7596, 40.2736 ], [ -3.7596, 40.2738 ], [ -3.7601, 40.2738 ], [ -3.7603, 40.2735 ], [ -3.7607, 40.2736 ], [ -3.7604, 40.2746 ], [ -3.7605, 40.2748 ] ] ] } },
{ "type": "Feature", "properties": { "municipio": "Fuenlabrada", "clasificacion": "urbanizable-sectorizado", "calificacion": "sin-asignar", "version": "vigente", "fuente": "SIT-CAM WFS — UsoDelSuelo:VPLA_V_CLASIFICACION (https://idem.comunidad.madrid/geosrvg/ows)", "fecha_dato": "2026-05-12", "ambito": "38885", "_raw_CD_SIGLAS": "SUBS", "_raw_DS_CLASIF_GEN": "Suelo Urbanizable (INCORPORADO)", "_raw_DS_CLASIF_DET": "Suelo Urbanizable Incorporado", "_raw_DS_DOCU": "PLAN GENERAL", "_raw_DS_LEY": null, "_raw_FC_AC": "1999-04-15", "_raw_NM_AREA_M2": 100227.587422065, "_cam_code": "058" }, "geometry": { "type": "Polygon", "coordinates": [ [ [ -3.797, 40.2755 ], [ -3.7979, 40.2754 ], [ -3.7992, 40.2754 ], [ -3.7993, 40.2755 ], [ -3.8003, 40.2751 ], [ -3.8022, 40.2753 ], [ -3.8039, 40.2753 ], [ -3.8041, 40.2747 ], [ -3.8042, 40.2747 ], [ -3.8047, 40.2738 ], [ -3.8052, 40.274 ], [ -3.8057, 40.2739 ], [ -3.8044, 40.2733 ], [ -3.8036, 40.2732 ], [ -3.8035, 40.2733 ], [ -3.8029, 40.2733 ], [ -3.8016, 40.2737 ], [ -3.7971, 40.2747 ], [ -3.797, 40.2748 ], [ -3.797, 40.2755 ] ] ] } },
{ "type": "Feature", "properties": { "municipio": "Fuenlabrada", "clasificacion": "urbanizable-sectorizado", "calificacion": "sin-asignar", "version": "vigente", "fuente": "SIT-CAM WFS — UsoDelSuelo:VPLA_V_CLASIFICACION (https://idem.comunidad.madrid/geosrvg/ows)", "fecha_dato": "2026-05-12", "ambito": "38885", "_raw_CD_SIGLAS": "SUBS", "_raw_DS_CLASIF_GEN": "Suelo Urbanizable (INCORPORADO)", "_raw_DS_CLASIF_DET": "Suelo Urbanizable Incorporado", "_raw_DS_DOCU": "PLAN GENERAL", "_raw_DS_LEY": null, "_raw_FC_AC": "1999-04-15", "_raw_NM_AREA_M2": 253047.124934241, "_cam_code": "058" }, "geometry": { "type": "Polygon", "coordinates": [ [ [ -3.793, 40.2784 ], [ -3.7936, 40.2784 ], [ -3.7944, 40.2788 ], [ -3.7947, 40.2791 ], [ -3.796, 40.2782 ], [ -3.7965, 40.278 ], [ -3.7964, 40.277 ], [ -3.7959, 40.2762 ], [ -3.7955, 40.275 ], [ -3.7925, 40.2748 ], [ -3.7924, 40.2747 ], [ -3.7916, 40.2747 ], [ -3.7916, 40.2746 ], [ -3.7906, 40.2746 ], [ -3.7905, 40.2745 ], [ -3.789, 40.2746 ], [ -3.7883, 40.2748 ], [ -3.7884, 40.2752 ], [ -3.7882, 40.2764 ], [ -3.7883, 40.2774 ], [ -3.7884, 40.2773 ], [ -3.789, 40.2773 ], [ -3.7896, 40.2777 ], [ -3.79, 40.2778 ], [ -3.79, 40.2779 ], [ -3.7911, 40.2779 ], [ -3.7912, 40.2784 ], [ -3.793, 40.2784 ] ] ] } },
{ "type": "Feature", "properties": { "municipio": "Fuenlabrada", "clasificacion": "urbanizable-sectorizado", "calificacion": "sin-asignar", "version": "vigente", "fuente": "SIT-CAM WFS — UsoDelSuelo:VPLA_V_CLASIFICACION (https://idem.comunidad.madrid/geosrvg/ows)", "fecha_dato": "2026-05-12", "ambito": "38885", "_raw_CD_SIGLAS": "SUBS", "_raw_DS_CLASIF_GEN": "Suelo Urbanizable (INCORPORADO)", "_raw_DS_CLASIF_DET": "Suelo Urbanizable Incorporado", "_raw_DS_DOCU": "PLAN GENERAL", "_raw_DS_LEY": null, "_raw_FC_AC": "1999-04-15", "_raw_NM_AREA_M2": 113758.66747064699, "_cam_code": "058" }, "geometry": { "type": "Polygon", "coordinates": [ [ [ -3.7761, 40.2797 ], [ -3.7767, 40.2799 ], [ -3.7786, 40.2798 ], [ -3.7778, 40.2788 ], [ -3.778, 40.2787 ], [ -3.7789, 40.279 ], [ -3.7796, 40.2787 ], [ -3.7797, 40.2791 ], [ -3.7801, 40.2791 ], [ -3.7805, 40.2797 ], [ -3.7805, 40.2799 ], [ -3.7807, 40.2799 ], [ -3.7814, 40.2795 ], [ -3.7817, 40.2791 ], [ -3.7831, 40.2786 ], [ -3.7831, 40.2783 ], [ -3.783, 40.2781 ], [ -3.7819, 40.2781 ], [ -3.7806, 40.2777 ], [ -3.7789, 40.2777 ], [ -3.7787, 40.2779 ], [ -3.776, 40.2787 ], [ -3.7732, 40.2787 ], [ -3.7732, 40.2796 ], [ -3.7761, 40.2797 ] ] ] } },
{ "type": "Feature", "properties": { "municipio": "Fuenlabrada", "clasificacion": "urbanizable-sectorizado", "calificacion": "sin-asignar", "version": "vigente", "fuente": "SIT-CAM WFS — UsoDelSuelo:VPLA_V_CLASIFICACION (https://idem.comunidad.madrid/geosrvg/ows)", "fecha_dato": "2026-05-12", "ambito": "38885", "_raw_CD_SIGLAS": "SUBS", "_raw_DS_CLASIF_GEN": "Suelo Urbanizable (INCORPORADO)", "_raw_DS_CLASIF_DET": "Suelo Urbanizable Incorporado", "_raw_DS_DOCU": "PLAN GENERAL", "_raw_DS_LEY": null, "_raw_FC_AC": "1999-04-15", "_raw_NM_AREA_M2": 93138.182137490396, "_cam_code": "058" }, "geometry": { "type": "Polygon", "coordinates": [ [ [ -3.8171, 40.2996 ], [ -3.8173, 40.2997 ], [ -3.8194, 40.2998 ], [ -3.8199, 40.2986 ], [ -3.8241, 40.299 ], [ -3.8242, 40.2987 ], [ -3.8231, 40.2981 ], [ -3.8224, 40.2979 ], [ -3.818, 40.2974 ], [ -3.8179, 40.2973 ], [ -3.8172, 40.2973 ], [ -3.8171, 40.2996 ] ] ] } },
{ "type": "Feature", "properties": { "municipio": "Fuenlabrada", "clasificacion": "urbanizable-sectorizado", "calificacion": "sin-asignar", "version": "vigente", "fuente": "SIT-CAM WFS — UsoDelSuelo:VPLA_V_CLASIFICACION (https://idem.comunidad.madrid/geosrvg/ows)", "fecha_dato": "2026-05-12", "ambito": "38885", "_raw_CD_SIGLAS": "SUBS", "_raw_DS_CLASIF_GEN": "Suelo Urbanizable Programado", "_raw_DS_CLASIF_DET": "Suelo Urbanizable Programado", "_raw_DS_DOCU": "PLAN GENERAL", "_raw_DS_LEY": null, "_raw_FC_AC": "1999-04-15", "_raw_NM_AREA_M2": 979265.18796636898, "_cam_code": "058" }, "geometry": { "type": "Polygon", "coordinates": [ [ [ -3.7725, 40.2767 ], [ -3.7738, 40.2778 ], [ -3.7742, 40.2785 ], [ -3.7761, 40.2785 ], [ -3.7788, 40.2776 ], [ -3.7789, 40.2775 ], [ -3.7788, 40.2772 ], [ -3.779, 40.277 ], [ -3.7727, 40.2745 ], [ -3.7774, 40.273 ], [ -3.7787, 40.2724 ], [ -3.7787, 40.2723 ], [ -3.7796, 40.2718 ], [ -3.7786, 40.2713 ], [ -3.7771, 40.2702 ], [ -3.7756, 40.2684 ], [ -3.7746, 40.2663 ], [ -3.7744, 40.2653 ], [ -3.7744, 40.2633 ], [ -3.7732, 40.2629 ], [ -3.7727, 40.2629 ], [ -3.7718, 40.2624 ], [ -3.7702, 40.2623 ], [ -3.7701, 40.2626 ], [ -3.7697, 40.2627 ], [ -3.7689, 40.264 ], [ -3.7693, 40.2642 ], [ -3.7719, 40.2663 ], [ -3.7716, 40.267 ], [ -3.769, 40.2711 ], [ -3.7664, 40.2747 ], [ -3.7633, 40.2747 ], [ -3.7626, 40.2755 ], [ -3.765, 40.2766 ], [ -3.7656, 40.2763 ], [ -3.766, 40.2765 ], [ -3.7658, 40.2767 ], [ -3.7696, 40.2755 ], [ -3.7705, 40.2759 ], [ -3.771, 40.2759 ], [ -3.7715, 40.2764 ], [ -3.7723, 40.2768 ], [ -3.7725, 40.2767 ] ] ] } },
{ "type": "Feature", "properties": { "municipio": "Fuenlabrada", "clasificacion": "urbanizable-sectorizado", "calificacion": "sin-asignar", "version": "vigente", "fuente": "SIT-CAM WFS — UsoDelSuelo:VPLA_V_CLASIFICACION (https://idem.comunidad.madrid/geosrvg/ows)", "fecha_dato": "2026-05-12", "ambito": "38885", "_raw_CD_SIGLAS": "SUBS", "_raw_DS_CLASIF_GEN": "Suelo Urbanizable Programado", "_raw_DS_CLASIF_DET": "Suelo Urbanizable Programado", "_raw_DS_DOCU": "PLAN GENERAL", "_raw_DS_LEY": null, "_raw_FC_AC": "1999-04-15", "_raw_NM_AREA_M2": 209853.86920997599, "_cam_code": "058" }, "geometry": { "type": "Polygon", "coordinates": [ [ [ -3.81, 40.2771 ], [ -3.811, 40.2782 ], [ -3.8113, 40.2791 ], [ -3.8114, 40.2801 ], [ -3.8119, 40.2824 ], [ -3.8127, 40.2845 ], [ -3.8133, 40.2852 ], [ -3.8136, 40.2852 ], [ -3.8136, 40.2853 ], [ -3.8166, 40.2854 ], [ -3.8164, 40.2852 ], [ -3.8137, 40.2792 ], [ -3.813, 40.2784 ], [ -3.812, 40.2777 ], [ -3.811, 40.2773 ], [ -3.81, 40.2771 ] ] ] } },
{ "type": "Feature", "properties": { "municipio": "Fuenlabrada", "clasificacion": "urbanizable-sectorizado", "calificacion": "sin-asignar", "version": "vigente", "fuente": "SIT-CAM WFS — UsoDelSuelo:VPLA_V_CLASIFICACION (https://idem.comunidad.madrid/geosrvg/ows)", "fecha_dato": "2026-05-12", "ambito": "38885", "_raw_CD_SIGLAS": "SUBS", "_raw_DS_CLASIF_GEN": "Suelo Urbanizable Programado", "_raw_DS_CLASIF_DET": "Suelo Urbanizable Programado", "_raw_DS_DOCU": "PLAN GENERAL", "_raw_DS_LEY": null, "_raw_FC_AC": "1999-04-15", "_raw_NM_AREA_M2": 876525.07223352103, "_cam_code": "058" }, "geometry": { "type": "Polygon", "coordinates": [ [ [ -3.8272, 40.2999 ], [ -3.8296, 40.2925 ], [ -3.8297, 40.2918 ], [ -3.8291, 40.2916 ], [ -3.829, 40.2917 ], [ -3.8284, 40.2916 ], [ -3.8265, 40.2902 ], [ -3.8256, 40.2898 ], [ -3.8254, 40.2899 ], [ -3.8248, 40.2896 ], [ -3.8228, 40.2878 ], [ -3.8223, 40.2877 ], [ -3.8221, 40.2875 ], [ -3.8221, 40.2872 ], [ -3.8215, 40.2867 ], [ -3.8202, 40.286 ], [ -3.8169, 40.2858 ], [ -3.8188, 40.2888 ], [ -3.814, 40.2885 ], [ -3.8141, 40.2889 ], [ -3.8147, 40.2898 ], [ -3.8169, 40.2923 ], [ -3.8189, 40.294 ], [ -3.8194, 40.2939 ], [ -3.8195, 40.294 ], [ -3.8193, 40.2941 ], [ -3.8194, 40.2943 ], [ -3.8227, 40.2972 ], [ -3.8232, 40.2972 ], [ -3.8233, 40.2963 ], [ -3.8236, 40.2959 ], [ -3.8241, 40.2947 ], [ -3.824, 40.2944 ], [ -3.8244, 40.2931 ], [ -3.8248, 40.2931 ], [ -3.8249, 40.2929 ], [ -3.827, 40.2931 ], [ -3.8271, 40.2933 ], [ -3.827, 40.2933 ], [ -3.827, 40.2935 ], [ -3.8267, 40.2939 ], [ -3.8267, 40.2942 ], [ -3.8266, 40.2942 ], [ -3.8263, 40.2952 ], [ -3.8261, 40.2954 ], [ -3.826, 40.2959 ], [ -3.8256, 40.2965 ], [ -3.8254, 40.2974 ], [ -3.8247, 40.2983 ], [ -3.8247, 40.2986 ], [ -3.8259, 40.2993 ], [ -3.8263, 40.2994 ], [ -3.8264, 40.2996 ], [ -3.8272, 40.2999 ] ] ] } },
{ "type": "Feature", "properties": { "municipio": "Fuenlabrada", "clasificacion": "urbano-no-consolidado", "calificacion": "sin-asignar", "version": "vigente", "fuente": "SIT-CAM WFS — UsoDelSuelo:VPLA_V_CLASIFICACION (https://idem.comunidad.madrid/geosrvg/ows)", "fecha_dato": "2026-05-12", "ambito": "38885", "_raw_CD_SIGLAS": "SUNC", "_raw_DS_CLASIF_GEN": "Suelo Urbano", "_raw_DS_CLASIF_DET": "Suelo Urbano en proceso de Consolidación", "_raw_DS_DOCU": "PLAN GENERAL", "_raw_DS_LEY": null, "_raw_FC_AC": "1999-04-15", "_raw_NM_AREA_M2": 30309.6933527857, "_cam_code": "058" }, "geometry": { "type": "Polygon", "coordinates": [ [ [ -3.7997, 40.2865 ], [ -3.8003, 40.2869 ], [ -3.8018, 40.286 ], [ -3.8019, 40.2862 ], [ -3.8024, 40.2859 ], [ -3.8022, 40.2858 ], [ -3.8026, 40.2855 ], [ -3.8025, 40.2854 ], [ -3.8026, 40.2853 ], [ -3.8012, 40.2849 ], [ -3.7994, 40.2859 ], [ -3.7995, 40.2863 ], [ -3.8003, 40.2858 ], [ -3.8005, 40.286 ], [ -3.7997, 40.2865 ] ] ] } },
{ "type": "Feature", "properties": { "municipio": "Fuenlabrada", "clasificacion": "urbano-no-consolidado", "calificacion": "sin-asignar", "version": "vigente", "fuente": "SIT-CAM WFS — UsoDelSuelo:VPLA_V_CLASIFICACION (https://idem.comunidad.madrid/geosrvg/ows)", "fecha_dato": "2026-05-12", "ambito": "38885", "_raw_CD_SIGLAS": "SUNC", "_raw_DS_CLASIF_GEN": "Suelo Urbano (INCORPORADO)", "_raw_DS_CLASIF_DET": "Suelo Urbano en proceso de Consolidación", "_raw_DS_DOCU": "PLAN GENERAL", "_raw_DS_LEY": null, "_raw_FC_AC": "1999-04-15", "_raw_NM_AREA_M2": 7937.5214055218903, "_cam_code": "058" }, "geometry": { "type": "Polygon", "coordinates": [ [ [ -3.7934, 40.2842 ], [ -3.7932, 40.2844 ], [ -3.7927, 40.2845 ], [ -3.793, 40.2849 ], [ -3.793, 40.2853 ], [ -3.7932, 40.2853 ], [ -3.7936, 40.2848 ], [ -3.7944, 40.2843 ], [ -3.7944, 40.2842 ], [ -3.7934, 40.2842 ] ] ] } },
{ "type": "Feature", "properties": { "municipio": "Fuenlabrada", "clasificacion": "urbano-no-consolidado", "calificacion": "sin-asignar", "version": "vigente", "fuente": "SIT-CAM WFS — UsoDelSuelo:VPLA_V_CLASIFICACION (https://idem.comunidad.madrid/geosrvg/ows)", "fecha_dato": "2026-05-12", "ambito": "38885", "_raw_CD_SIGLAS": "SUNC", "_raw_DS_CLASIF_GEN": "Suelo Urbano (INCORPORADO)", "_raw_DS_CLASIF_DET": "Suelo Urbano en proceso de Consolidación", "_raw_DS_DOCU": "PLAN GENERAL", "_raw_DS_LEY": null, "_raw_FC_AC": "1999-04-15", "_raw_NM_AREA_M2": 5444.7661542993301, "_cam_code": "058" }, "geometry": { "type": "Polygon", "coordinates": [ [ [ -3.8333, 40.2947 ], [ -3.8323, 40.2951 ], [ -3.8328, 40.2959 ], [ -3.833, 40.2958 ], [ -3.8333, 40.2947 ] ] ] } },
{ "type": "Feature", "properties": { "municipio": "Fuenlabrada", "clasificacion": "urbano-no-consolidado", "calificacion": "sin-asignar", "version": "vigente", "fuente": "SIT-CAM WFS — UsoDelSuelo:VPLA_V_CLASIFICACION (https://idem.comunidad.madrid/geosrvg/ows)", "fecha_dato": "2026-05-12", "ambito": "38885", "_raw_CD_SIGLAS": "SUNC", "_raw_DS_CLASIF_GEN": "Suelo Urbano (INCORPORADO)", "_raw_DS_CLASIF_DET": "Suelo Urbano en proceso de Consolidación", "_raw_DS_DOCU": "PLAN GENERAL", "_raw_DS_LEY": null, "_raw_FC_AC": "1999-04-15", "_raw_NM_AREA_M2": 8479.7683333195691, "_cam_code": "058" }, "geometry": { "type": "Polygon", "coordinates": [ [ [ -3.7911, 40.2796 ], [ -3.792, 40.2796 ], [ -3.792, 40.2785 ], [ -3.7914, 40.2785 ], [ -3.7911, 40.2796 ] ] ] } },
{ "type": "Feature", "properties": { "municipio": "Fuenlabrada", "clasificacion": "urbano-no-consolidado", "calificacion": "sin-asignar", "version": "vigente", "fuente": "SIT-CAM WFS — UsoDelSuelo:VPLA_V_CLASIFICACION (https://idem.comunidad.madrid/geosrvg/ows)", "fecha_dato": "2026-05-12", "ambito": "38885", "_raw_CD_SIGLAS": "SUNC", "_raw_DS_CLASIF_GEN": "Suelo Urbano (INCORPORADO)", "_raw_DS_CLASIF_DET": "Suelo Urbano en proceso de Consolidación", "_raw_DS_DOCU": "PLAN GENERAL", "_raw_DS_LEY": null, "_raw_FC_AC": "1999-04-15", "_raw_NM_AREA_M2": 5185.8411052315296, "_cam_code": "058" }, "geometry": { "type": "Polygon", "coordinates": [ [ [ -3.7966, 40.2902 ], [ -3.7969, 40.2915 ], [ -3.7968, 40.292 ], [ -3.7972, 40.292 ], [ -3.7968, 40.2901 ], [ -3.7966, 40.2902 ] ] ] } },
{ "type": "Feature", "properties": { "municipio": "Fuenlabrada", "clasificacion": "urbano-no-consolidado", "calificacion": "sin-asignar", "version": "vigente", "fuente": "SIT-CAM WFS — UsoDelSuelo:VPLA_V_CLASIFICACION (https://idem.comunidad.madrid/geosrvg/ows)", "fecha_dato": "2026-05-12", "ambito": "38885", "_raw_CD_SIGLAS": "SUNC", "_raw_DS_CLASIF_GEN": "Suelo Urbano", "_raw_DS_CLASIF_DET": "Suelo Urbano en proceso de Consolidación", "_raw_DS_DOCU": "PLAN GENERAL", "_raw_DS_LEY": null, "_raw_FC_AC": "1999-04-15", "_raw_NM_AREA_M2": 52235.066726835299, "_cam_code": "058" }, "geometry": { "type": "Polygon", "coordinates": [ [ [ -3.7922, 40.2876 ], [ -3.792, 40.2882 ], [ -3.7927, 40.2881 ], [ -3.7934, 40.2865 ], [ -3.7937, 40.2869 ], [ -3.7933, 40.2881 ], [ -3.7945, 40.2879 ], [ -3.7951, 40.2864 ], [ -3.7945, 40.2862 ], [ -3.7946, 40.286 ], [ -3.7929, 40.2857 ], [ -3.7931, 40.2854 ], [ -3.7928, 40.2852 ], [ -3.7926, 40.2857 ], [ -3.7914, 40.2875 ], [ -3.7922, 40.2876 ] ] ] } },
{ "type": "Feature", "properties": { "municipio": "Fuenlabrada", "clasificacion": "urbano-no-consolidado", "calificacion": "sin-asignar", "version": "vigente", "fuente": "SIT-CAM WFS — UsoDelSuelo:VPLA_V_CLASIFICACION (https://idem.comunidad.madrid/geosrvg/ows)", "fecha_dato": "2026-05-12", "ambito": "38885", "_raw_CD_SIGLAS": "SUNC", "_raw_DS_CLASIF_GEN": "Suelo Urbano", "_raw_DS_CLASIF_DET": "Suelo Urbano en proceso de Consolidación", "_raw_DS_DOCU": "PLAN GENERAL", "_raw_DS_LEY": null, "_raw_FC_AC": "1999-04-15", "_raw_NM_AREA_M2": 2941.2931349802998, "_cam_code": "058" }, "geometry": { "type": "Polygon", "coordinates": [ [ [ -3.7999, 40.2868 ], [ -3.7996, 40.287 ], [ -3.7998, 40.2873 ], [ -3.8, 40.2873 ], [ -3.8002, 40.2875 ], [ -3.8004, 40.2873 ], [ -3.8004, 40.2871 ], [ -3.7999, 40.2868 ] ] ] } },
{ "type": "Feature", "properties": { "municipio": "Fuenlabrada", "clasificacion": "urbano-no-consolidado", "calificacion": "sin-asignar", "version": "vigente", "fuente": "SIT-CAM WFS — UsoDelSuelo:VPLA_V_CLASIFICACION (https://idem.comunidad.madrid/geosrvg/ows)", "fecha_dato": "2026-05-12", "ambito": "38885", "_raw_CD_SIGLAS": "SUNC", "_raw_DS_CLASIF_GEN": "Suelo Urbano (INCORPORADO)", "_raw_DS_CLASIF_DET": "Suelo Urbano en proceso de Consolidación", "_raw_DS_DOCU": "PLAN GENERAL", "_raw_DS_LEY": null, "_raw_FC_AC": "1999-04-15", "_raw_NM_AREA_M2": 7219.6310881412301, "_cam_code": "058" }, "geometry": { "type": "Polygon", "coordinates": [ [ [ -3.7961, 40.276 ], [ -3.7965, 40.276 ], [ -3.7965, 40.275 ], [ -3.797, 40.275 ], [ -3.797, 40.2748 ], [ -3.7957, 40.275 ], [ -3.7961, 40.276 ] ] ] } },
{ "type": "Feature", "properties": { "municipio": "Fuenlabrada", "clasificacion": "urbano-no-consolidado", "calificacion": "sin-asignar", "version": "vigente", "fuente": "SIT-CAM WFS — UsoDelSuelo:VPLA_V_CLASIFICACION (https://idem.comunidad.madrid/geosrvg/ows)", "fecha_dato": "2026-05-12", "ambito": "38885", "_raw_CD_SIGLAS": "SUNC", "_raw_DS_CLASIF_GEN": "Suelo Urbano", "_raw_DS_CLASIF_DET": "Suelo Urbano en proceso de Consolidación", "_raw_DS_DOCU": "PLAN GENERAL", "_raw_DS_LEY": null, "_raw_FC_AC": "1999-04-15", "_raw_NM_AREA_M2": 17206.131477465198, "_cam_code": "058" }, "geometry": { "type": "Polygon", "coordinates": [ [ [ -3.786, 40.2811 ], [ -3.7864, 40.2811 ], [ -3.7868, 40.2803 ], [ -3.7865, 40.2803 ], [ -3.7859, 40.2799 ], [ -3.785, 40.2797 ], [ -3.7851, 40.2798 ], [ -3.7847, 40.2807 ], [ -3.7853, 40.2808 ], [ -3.786, 40.2811 ] ] ] } },
{ "type": "Feature", "properties": { "municipio": "Fuenlabrada", "clasificacion": "urbano-no-consolidado", "calificacion": "sin-asignar", "version": "vigente", "fuente": "SIT-CAM WFS — UsoDelSuelo:VPLA_V_CLASIFICACION (https://idem.comunidad.madrid/geosrvg/ows)", "fecha_dato": "2026-05-12", "ambito": "38885", "_raw_CD_SIGLAS": "SUNC", "_raw_DS_CLASIF_GEN": "Suelo Urbano", "_raw_DS_CLASIF_DET": "Suelo Urbano en proceso de Consolidación", "_raw_DS_DOCU": "PLAN GENERAL", "_raw_DS_LEY": null, "_raw_FC_AC": "1999-04-15", "_raw_NM_AREA_M2": 2792.8816174631902, "_cam_code": "058" }, "geometry": { "type": "Polygon", "coordinates": [ [ [ -3.7876, 40.2799 ], [ -3.7875, 40.2807 ], [ -3.7878, 40.2808 ], [ -3.7878, 40.2804 ], [ -3.7881, 40.2801 ], [ -3.7876, 40.2799 ] ] ] } },
{ "type": "Feature", "properties": { "municipio": "Fuenlabrada", "clasificacion": "urbano-no-consolidado", "calificacion": "sin-asignar", "version": "vigente", "fuente": "SIT-CAM WFS — UsoDelSuelo:VPLA_V_CLASIFICACION (https://idem.comunidad.madrid/geosrvg/ows)", "fecha_dato": "2026-05-12", "ambito": "38885", "_raw_CD_SIGLAS": "SUNC", "_raw_DS_CLASIF_GEN": "Suelo Urbano", "_raw_DS_CLASIF_DET": "Suelo Urbano en proceso de Consolidación", "_raw_DS_DOCU": "PLAN GENERAL", "_raw_DS_LEY": null, "_raw_FC_AC": "1999-04-15", "_raw_NM_AREA_M2": 2464.0387137709399, "_cam_code": "058" }, "geometry": { "type": "Polygon", "coordinates": [ [ [ -3.7903, 40.28 ], [ -3.7903, 40.2804 ], [ -3.7907, 40.2804 ], [ -3.7908, 40.2799 ], [ -3.7903, 40.2799 ], [ -3.7903, 40.28 ] ] ] } },
{ "type": "Feature", "properties": { "municipio": "Fuenlabrada", "clasificacion": "urbano-no-consolidado", "calificacion": "sin-asignar", "version": "vigente", "fuente": "SIT-CAM WFS — UsoDelSuelo:VPLA_V_CLASIFICACION (https://idem.comunidad.madrid/geosrvg/ows)", "fecha_dato": "2026-05-12", "ambito": "38885", "_raw_CD_SIGLAS": "SUNC", "_raw_DS_CLASIF_GEN": "Suelo Urbano", "_raw_DS_CLASIF_DET": "Suelo Urbano en proceso de Consolidación", "_raw_DS_DOCU": "PLAN GENERAL", "_raw_DS_LEY": null, "_raw_FC_AC": "1999-04-15", "_raw_NM_AREA_M2": 551.88446623766401, "_cam_code": "058" }, "geometry": { "type": "Polygon", "coordinates": [ [ [ -3.7909, 40.2785 ], [ -3.7908, 40.2787 ], [ -3.7911, 40.2787 ], [ -3.7912, 40.2785 ], [ -3.7909, 40.2785 ] ] ] } },
{ "type": "Feature", "properties": { "municipio": "Fuenlabrada", "clasificacion": "urbano-no-consolidado", "calificacion": "sin-asignar", "version": "vigente", "fuente": "SIT-CAM WFS — UsoDelSuelo:VPLA_V_CLASIFICACION (https://idem.comunidad.madrid/geosrvg/ows)", "fecha_dato": "2026-05-12", "ambito": "38885", "_raw_CD_SIGLAS": "SUNC", "_raw_DS_CLASIF_GEN": "Suelo Urbano", "_raw_DS_CLASIF_DET": "Suelo Urbano en proceso de Consolidación", "_raw_DS_DOCU": "PLAN GENERAL", "_raw_DS_LEY": null, "_raw_FC_AC": "1999-04-15", "_raw_NM_AREA_M2": 1893.20708450969, "_cam_code": "058" }, "geometry": { "type": "Polygon", "coordinates": [ [ [ -3.7937, 40.2842 ], [ -3.7936, 40.2838 ], [ -3.7932, 40.2839 ], [ -3.7932, 40.2837 ], [ -3.7931, 40.2837 ], [ -3.7932, 40.2843 ], [ -3.7937, 40.2842 ] ] ] } },
{ "type": "Feature", "properties": { "municipio": "Fuenlabrada", "clasificacion": "urbano-no-consolidado", "calificacion": "sin-asignar", "version": "vigente", "fuente": "SIT-CAM WFS — UsoDelSuelo:VPLA_V_CLASIFICACION (https://idem.comunidad.madrid/geosrvg/ows)", "fecha_dato": "2026-05-12", "ambito": "38885", "_raw_CD_SIGLAS": "SUNC", "_raw_DS_CLASIF_GEN": "Suelo Urbano", "_raw_DS_CLASIF_DET": "Suelo Urbano en proceso de Consolidación", "_raw_DS_DOCU": "PLAN GENERAL", "_raw_DS_LEY": null, "_raw_FC_AC": "1999-04-15", "_raw_NM_AREA_M2": 1171.7139139922699, "_cam_code": "058" }, "geometry": { "type": "Polygon", "coordinates": [ [ [ -3.7924, 40.2839 ], [ -3.7926, 40.2843 ], [ -3.7929, 40.2843 ], [ -3.7929, 40.2841 ], [ -3.7928, 40.2842 ], [ -3.7927, 40.2841 ], [ -3.7928, 40.284 ], [ -3.7927, 40.2838 ], [ -3.7926, 40.2838 ], [ -3.7927, 40.2839 ], [ -3.7924, 40.2839 ] ] ] } },
{ "type": "Feature", "properties": { "municipio": "Fuenlabrada", "clasificacion": "urbano-no-consolidado", "calificacion": "sin-asignar", "version": "vigente", "fuente": "SIT-CAM WFS — UsoDelSuelo:VPLA_V_CLASIFICACION (https://idem.comunidad.madrid/geosrvg/ows)", "fecha_dato": "2026-05-12", "ambito": "38885", "_raw_CD_SIGLAS": "SUNC", "_raw_DS_CLASIF_GEN": "Suelo Urbano", "_raw_DS_CLASIF_DET": "Suelo Urbano en proceso de Consolidación", "_raw_DS_DOCU": "PLAN GENERAL", "_raw_DS_LEY": null, "_raw_FC_AC": "1999-04-15", "_raw_NM_AREA_M2": 1512.0199882479301, "_cam_code": "058" }, "geometry": { "type": "Polygon", "coordinates": [ [ [ -3.7924, 40.2841 ], [ -3.792, 40.2838 ], [ -3.7921, 40.2844 ], [ -3.7924, 40.2844 ], [ -3.7923, 40.2843 ], [ -3.7924, 40.2841 ] ] ] } },
{ "type": "Feature", "properties": { "municipio": "Fuenlabrada", "clasificacion": "urbano-no-consolidado", "calificacion": "sin-asignar", "version": "vigente", "fuente": "SIT-CAM WFS — UsoDelSuelo:VPLA_V_CLASIFICACION (https://idem.comunidad.madrid/geosrvg/ows)", "fecha_dato": "2026-05-12", "ambito": "38885", "_raw_CD_SIGLAS": "SUNC", "_raw_DS_CLASIF_GEN": "Suelo Urbano", "_raw_DS_CLASIF_DET": "Suelo Urbano en proceso de Consolidación", "_raw_DS_DOCU": "PLAN GENERAL", "_raw_DS_LEY": null, "_raw_FC_AC": "1999-04-15", "_raw_NM_AREA_M2": 1123.5194982487501, "_cam_code": "058" }, "geometry": { "type": "Polygon", "coordinates": [ [ [ -3.7891, 40.2802 ], [ -3.789, 40.2803 ], [ -3.7893, 40.2806 ], [ -3.7896, 40.2806 ], [ -3.7895, 40.2803 ], [ -3.7891, 40.2802 ] ] ] } },
{ "type": "Feature", "properties": { "municipio": "Fuenlabrada", "clasificacion": "urbano-no-consolidado", "calificacion": "sin-asignar", "version": "vigente", "fuente": "SIT-CAM WFS — UsoDelSuelo:VPLA_V_CLASIFICACION (https://idem.comunidad.madrid/geosrvg/ows)", "fecha_dato": "2026-05-12", "ambito": "38885", "_raw_CD_SIGLAS": "SUNC", "_raw_DS_CLASIF_GEN": "Suelo Urbano", "_raw_DS_CLASIF_DET": "Suelo Urbano en proceso de Consolidación", "_raw_DS_DOCU": "PLAN GENERAL", "_raw_DS_LEY": null, "_raw_FC_AC": "1999-04-15", "_raw_NM_AREA_M2": 987.02109693172497, "_cam_code": "058" }, "geometry": { "type": "Polygon", "coordinates": [ [ [ -3.7894, 40.2808 ], [ -3.7898, 40.2812 ], [ -3.7898, 40.2806 ], [ -3.7896, 40.2806 ], [ -3.7896, 40.2808 ], [ -3.7894, 40.2808 ] ] ] } },
{ "type": "Feature", "properties": { "municipio": "Fuenlabrada", "clasificacion": "urbano-no-consolidado", "calificacion": "sin-asignar", "version": "vigente", "fuente": "SIT-CAM WFS — UsoDelSuelo:VPLA_V_CLASIFICACION (https://idem.comunidad.madrid/geosrvg/ows)", "fecha_dato": "2026-05-12", "ambito": "38885", "_raw_CD_SIGLAS": "SUNC", "_raw_DS_CLASIF_GEN": "Suelo Urbano", "_raw_DS_CLASIF_DET": "Suelo Urbano en proceso de Consolidación", "_raw_DS_DOCU": "PLAN GENERAL", "_raw_DS_LEY": null, "_raw_FC_AC": "1999-04-15", "_raw_NM_AREA_M2": 1562.34076300631, "_cam_code": "058" }, "geometry": { "type": "Polygon", "coordinates": [ [ [ -3.7903, 40.2817 ], [ -3.7908, 40.2815 ], [ -3.7907, 40.2812 ], [ -3.7901, 40.2815 ], [ -3.7903, 40.2817 ] ] ] } },
{ "type": "Feature", "properties": { "municipio": "Fuenlabrada", "clasificacion": "urbano-no-consolidado", "calificacion": "sin-asignar", "version": "vigente", "fuente": "SIT-CAM WFS — UsoDelSuelo:VPLA_V_CLASIFICACION (https://idem.comunidad.madrid/geosrvg/ows)", "fecha_dato": "2026-05-12", "ambito": "38885", "_raw_CD_SIGLAS": "SUNC", "_raw_DS_CLASIF_GEN": "Suelo Urbano", "_raw_DS_CLASIF_DET": "Suelo Urbano en proceso de Consolidación", "_raw_DS_DOCU": "PLAN GENERAL", "_raw_DS_LEY": null, "_raw_FC_AC": "1999-04-15", "_raw_NM_AREA_M2": 1383.1180529819501, "_cam_code": "058" }, "geometry": { "type": "Polygon", "coordinates": [ [ [ -3.789, 40.2826 ], [ -3.7895, 40.2824 ], [ -3.7894, 40.2822 ], [ -3.7895, 40.2821 ], [ -3.7893, 40.2821 ], [ -3.7892, 40.2823 ], [ -3.7889, 40.2823 ], [ -3.789, 40.2826 ] ] ] } },
{ "type": "Feature", "properties": { "municipio": "Fuenlabrada", "clasificacion": "urbano-no-consolidado", "calificacion": "sin-asignar", "version": "vigente", "fuente": "SIT-CAM WFS — UsoDelSuelo:VPLA_V_CLASIFICACION (https://idem.comunidad.madrid/geosrvg/ows)", "fecha_dato": "2026-05-12", "ambito": "38885", "_raw_CD_SIGLAS": "SUNC", "_raw_DS_CLASIF_GEN": "Suelo Urbano", "_raw_DS_CLASIF_DET": "Suelo Urbano en proceso de Consolidación", "_raw_DS_DOCU": "PLAN GENERAL", "_raw_DS_LEY": null, "_raw_FC_AC": "1999-04-15", "_raw_NM_AREA_M2": 5397.8479102150204, "_cam_code": "058" }, "geometry": { "type": "Polygon", "coordinates": [ [ [ -3.7912, 40.2829 ], [ -3.7913, 40.2831 ], [ -3.7908, 40.2832 ], [ -3.7906, 40.2837 ], [ -3.7909, 40.2838 ], [ -3.7913, 40.2837 ], [ -3.7913, 40.2835 ], [ -3.7916, 40.2834 ], [ -3.7915, 40.2834 ], [ -3.7916, 40.2834 ], [ -3.7915, 40.2832 ], [ -3.7918, 40.2832 ], [ -3.7915, 40.2828 ], [ -3.7912, 40.2829 ] ] ] } },
{ "type": "Feature", "properties": { "municipio": "Fuenlabrada", "clasificacion": "urbano-no-consolidado", "calificacion": "sin-asignar", "version": "vigente", "fuente": "SIT-CAM WFS — UsoDelSuelo:VPLA_V_CLASIFICACION (https://idem.comunidad.madrid/geosrvg/ows)", "fecha_dato": "2026-05-12", "ambito": "38885", "_raw_CD_SIGLAS": "SUNC", "_raw_DS_CLASIF_GEN": "Suelo Urbano", "_raw_DS_CLASIF_DET": "Suelo Urbano en proceso de Consolidación", "_raw_DS_DOCU": "PLAN GENERAL", "_raw_DS_LEY": null, "_raw_FC_AC": "1999-04-15", "_raw_NM_AREA_M2": 6610.9575978688799, "_cam_code": "058" }, "geometry": { "type": "Polygon", "coordinates": [ [ [ -3.7932, 40.2836 ], [ -3.7937, 40.2836 ], [ -3.7937, 40.2832 ], [ -3.7931, 40.2829 ], [ -3.7925, 40.2829 ], [ -3.7925, 40.2835 ], [ -3.793, 40.2835 ], [ -3.7931, 40.2836 ], [ -3.7932, 40.2835 ], [ -3.7932, 40.2836 ] ] ] } },
{ "type": "Feature", "properties": { "municipio": "Fuenlabrada", "clasificacion": "urbano-no-consolidado", "calificacion": "sin-asignar", "version": "vigente", "fuente": "SIT-CAM WFS — UsoDelSuelo:VPLA_V_CLASIFICACION (https://idem.comunidad.madrid/geosrvg/ows)", "fecha_dato": "2026-05-12", "ambito": "38885", "_raw_CD_SIGLAS": "SUNC", "_raw_DS_CLASIF_GEN": "Suelo Urbano", "_raw_DS_CLASIF_DET": "Suelo Urbano en proceso de Consolidación", "_raw_DS_DOCU": "PLAN GENERAL", "_raw_DS_LEY": null, "_raw_FC_AC": "1999-04-15", "_raw_NM_AREA_M2": 2802.19478551366, "_cam_code": "058" }, "geometry": { "type": "Polygon", "coordinates": [ [ [ -3.7958, 40.2825 ], [ -3.7955, 40.283 ], [ -3.7958, 40.2832 ], [ -3.7964, 40.2828 ], [ -3.7964, 40.2827 ], [ -3.7958, 40.2825 ] ] ] } },
{ "type": "Feature", "properties": { "municipio": "Fuenlabrada", "clasificacion": "urbano-no-consolidado", "calificacion": "sin-asignar", "version": "vigente", "fuente": "SIT-CAM WFS — UsoDelSuelo:VPLA_V_CLASIFICACION (https://idem.comunidad.madrid/geosrvg/ows)", "fecha_dato": "2026-05-12", "ambito": "38885", "_raw_CD_SIGLAS": "SUNC", "_raw_DS_CLASIF_GEN": "Suelo Urbano", "_raw_DS_CLASIF_DET": "Suelo Urbano en proceso de Consolidación", "_raw_DS_DOCU": "PLAN GENERAL", "_raw_DS_LEY": null, "_raw_FC_AC": "1999-04-15", "_raw_NM_AREA_M2": 3519.2886872824402, "_cam_code": "058" }, "geometry": { "type": "Polygon", "coordinates": [ [ [ -3.7974, 40.282 ], [ -3.7972, 40.2819 ], [ -3.7974, 40.2817 ], [ -3.7972, 40.2815 ], [ -3.797, 40.2815 ], [ -3.797, 40.2814 ], [ -3.7967, 40.2815 ], [ -3.7969, 40.2818 ], [ -3.7967, 40.2819 ], [ -3.7967, 40.2822 ], [ -3.797, 40.2822 ], [ -3.7974, 40.282 ] ] ] } },
{ "type": "Feature", "properties": { "municipio": "Fuenlabrada", "clasificacion": "urbano-no-consolidado", "calificacion": "sin-asignar", "version": "vigente", "fuente": "SIT-CAM WFS — UsoDelSuelo:VPLA_V_CLASIFICACION (https://idem.comunidad.madrid/geosrvg/ows)", "fecha_dato": "2026-05-12", "ambito": "38885", "_raw_CD_SIGLAS": "SUNC", "_raw_DS_CLASIF_GEN": "Suelo Urbano", "_raw_DS_CLASIF_DET": "Suelo Urbano en proceso de Consolidación", "_raw_DS_DOCU": "PLAN GENERAL", "_raw_DS_LEY": null, "_raw_FC_AC": "1999-04-15", "_raw_NM_AREA_M2": 4901.8875210449896, "_cam_code": "058" }, "geometry": { "type": "Polygon", "coordinates": [ [ [ -3.7962, 40.2835 ], [ -3.7965, 40.2836 ], [ -3.7973, 40.2835 ], [ -3.7972, 40.2831 ], [ -3.7971, 40.2831 ], [ -3.7971, 40.2828 ], [ -3.7966, 40.2829 ], [ -3.7963, 40.2832 ], [ -3.7964, 40.2833 ], [ -3.7962, 40.2835 ] ] ] } },
{ "type": "Feature", "properties": { "municipio": "Fuenlabrada", "clasificacion": "urbano-no-consolidado", "calificacion": "sin-asignar", "version": "vigente", "fuente": "SIT-CAM WFS — UsoDelSuelo:VPLA_V_CLASIFICACION (https://idem.comunidad.madrid/geosrvg/ows)", "fecha_dato": "2026-05-12", "ambito": "38885", "_raw_CD_SIGLAS": "SUNC", "_raw_DS_CLASIF_GEN": "Suelo Urbano", "_raw_DS_CLASIF_DET": "Suelo Urbano en proceso de Consolidación", "_raw_DS_DOCU": "PLAN GENERAL", "_raw_DS_LEY": null, "_raw_FC_AC": "1999-04-15", "_raw_NM_AREA_M2": 21111.165000083802, "_cam_code": "058" }, "geometry": { "type": "Polygon", "coordinates": [ [ [ -3.7527, 40.253 ], [ -3.7518, 40.2543 ], [ -3.7532, 40.2548 ], [ -3.754, 40.2536 ], [ -3.7527, 40.253 ] ] ] } },
{ "type": "Feature", "properties": { "municipio": "Fuenlabrada", "clasificacion": "urbano-no-consolidado", "calificacion": "sin-asignar", "version": "vigente", "fuente": "SIT-CAM WFS — UsoDelSuelo:VPLA_V_CLASIFICACION (https://idem.comunidad.madrid/geosrvg/ows)", "fecha_dato": "2026-05-12", "ambito": "38885", "_raw_CD_SIGLAS": "SUNC", "_raw_DS_CLASIF_GEN": "Suelo Urbano", "_raw_DS_CLASIF_DET": "Suelo Urbano en proceso de Consolidación", "_raw_DS_DOCU": "PLAN GENERAL", "_raw_DS_LEY": null, "_raw_FC_AC": "1999-04-15", "_raw_NM_AREA_M2": 29866.424112454901, "_cam_code": "058" }, "geometry": { "type": "Polygon", "coordinates": [ [ [ -3.7443, 40.2643 ], [ -3.7455, 40.2648 ], [ -3.7459, 40.2643 ], [ -3.7457, 40.2642 ], [ -3.7459, 40.2639 ], [ -3.7461, 40.2639 ], [ -3.7463, 40.2636 ], [ -3.7444, 40.2627 ], [ -3.7435, 40.264 ], [ -3.7442, 40.2644 ], [ -3.7443, 40.2643 ] ] ] } },
{ "type": "Feature", "properties": { "municipio": "Fuenlabrada", "clasificacion": "urbano-no-consolidado", "calificacion": "sin-asignar", "version": "vigente", "fuente": "SIT-CAM WFS — UsoDelSuelo:VPLA_V_CLASIFICACION (https://idem.comunidad.madrid/geosrvg/ows)", "fecha_dato": "2026-05-12", "ambito": "38885", "_raw_CD_SIGLAS": "SUNC", "_raw_DS_CLASIF_GEN": "Suelo Urbano", "_raw_DS_CLASIF_DET": "Suelo Urbano en proceso de Consolidación", "_raw_DS_DOCU": "PLAN GENERAL", "_raw_DS_LEY": null, "_raw_FC_AC": "1999-04-15", "_raw_NM_AREA_M2": 25038.874087594399, "_cam_code": "058" }, "geometry": { "type": "Polygon", "coordinates": [ [ [ -3.7503, 40.2651 ], [ -3.7495, 40.2663 ], [ -3.7514, 40.267 ], [ -3.7521, 40.2658 ], [ -3.7503, 40.2651 ] ] ] } },
{ "type": "Feature", "properties": { "municipio": "Fuenlabrada", "clasificacion": "urbano-no-consolidado", "calificacion": "sin-asignar", "version": "vigente", "fuente": "SIT-CAM WFS — UsoDelSuelo:VPLA_V_CLASIFICACION (https://idem.comunidad.madrid/geosrvg/ows)", "fecha_dato": "2026-05-12", "ambito": "38885", "_raw_CD_SIGLAS": "SUNC", "_raw_DS_CLASIF_GEN": "Suelo Urbano", "_raw_DS_CLASIF_DET": "Suelo Urbano en proceso de Consolidación", "_raw_DS_DOCU": "PLAN GENERAL", "_raw_DS_LEY": null, "_raw_FC_AC": "1999-04-15", "_raw_NM_AREA_M2": 31493.339077776101, "_cam_code": "058" }, "geometry": { "type": "Polygon", "coordinates": [ [ [ -3.7567, 40.2757 ], [ -3.7583, 40.2758 ], [ -3.7602, 40.2762 ], [ -3.7602, 40.2764 ], [ -3.761, 40.2753 ], [ -3.7609, 40.2753 ], [ -3.7609, 40.2751 ], [ -3.7607, 40.2751 ], [ -3.76, 40.2761 ], [ -3.7594, 40.2758 ], [ -3.7595, 40.2756 ], [ -3.7589, 40.2753 ], [ -3.7591, 40.2749 ], [ -3.7583, 40.2748 ], [ -3.7579, 40.2745 ], [ -3.7577, 40.2745 ], [ -3.7573, 40.2741 ], [ -3.7567, 40.2757 ] ] ] } },
{ "type": "Feature", "properties": { "municipio": "Fuenlabrada", "clasificacion": "urbano-no-consolidado", "calificacion": "sin-asignar", "version": "vigente", "fuente": "SIT-CAM WFS — UsoDelSuelo:VPLA_V_CLASIFICACION (https://idem.comunidad.madrid/geosrvg/ows)", "fecha_dato": "2026-05-12", "ambito": "38885", "_raw_CD_SIGLAS": "SUNC", "_raw_DS_CLASIF_GEN": "Suelo Urbano (INCORPORADO)", "_raw_DS_CLASIF_DET": "Suelo Urbano en proceso de Consolidación", "_raw_DS_DOCU": "PLAN GENERAL", "_raw_DS_LEY": null, "_raw_FC_AC": "1999-04-15", "_raw_NM_AREA_M2": 164694.38990284599, "_cam_code": "058" }, "geometry": { "type": "Polygon", "coordinates": [ [ [ -3.7985, 40.2857 ], [ -3.7995, 40.2863 ], [ -3.7994, 40.2859 ], [ -3.8002, 40.2855 ], [ -3.8, 40.2854 ], [ -3.8001, 40.2853 ], [ -3.7999, 40.2853 ], [ -3.8001, 40.2846 ], [ -3.8005, 40.2847 ], [ -3.8009, 40.2851 ], [ -3.8012, 40.2849 ], [ -3.8025, 40.2852 ], [ -3.802, 40.2844 ], [ -3.8026, 40.2842 ], [ -3.8025, 40.2841 ], [ -3.8034, 40.2839 ], [ -3.8031, 40.2836 ], [ -3.8032, 40.2835 ], [ -3.8027, 40.2823 ], [ -3.8026, 40.2816 ], [ -3.8034, 40.2816 ], [ -3.8037, 40.2812 ], [ -3.8026, 40.2812 ], [ -3.8026, 40.2814 ], [ -3.8023, 40.2817 ], [ -3.7996, 40.2818 ], [ -3.7983, 40.2814 ], [ -3.7985, 40.2812 ], [ -3.7982, 40.2811 ], [ -3.7974, 40.282 ], [ -3.7971, 40.2821 ], [ -3.7971, 40.2823 ], [ -3.7973, 40.2823 ], [ -3.7972, 40.2825 ], [ -3.7981, 40.2825 ], [ -3.7983, 40.2829 ], [ -3.7986, 40.2828 ], [ -3.7987, 40.2832 ], [ -3.7986, 40.2832 ], [ -3.7986, 40.2836 ], [ -3.7984, 40.284 ], [ -3.7986, 40.284 ], [ -3.7984, 40.2844 ], [ -3.7983, 40.2844 ], [ -3.7981, 40.2853 ], [ -3.7979, 40.2855 ], [ -3.7979, 40.2858 ], [ -3.7985, 40.2857 ] ] ] } },
{ "type": "Feature", "properties": { "municipio": "Fuenlabrada", "clasificacion": "urbano-no-consolidado", "calificacion": "sin-asignar", "version": "vigente", "fuente": "SIT-CAM WFS — UsoDelSuelo:VPLA_V_CLASIFICACION (https://idem.comunidad.madrid/geosrvg/ows)", "fecha_dato": "2026-05-12", "ambito": "38885", "_raw_CD_SIGLAS": "SUNC", "_raw_DS_CLASIF_GEN": "Suelo Urbano (INCORPORADO)", "_raw_DS_CLASIF_DET": "Suelo Urbano en proceso de Consolidación", "_raw_DS_DOCU": "PLAN GENERAL", "_raw_DS_LEY": null, "_raw_FC_AC": "1999-04-15", "_raw_NM_AREA_M2": 233399.089601254, "_cam_code": "058" }, "geometry": { "type": "Polygon", "coordinates": [ [ [ -3.7613, 40.2793 ], [ -3.7607, 40.2821 ], [ -3.7605, 40.2821 ], [ -3.7606, 40.2825 ], [ -3.7603, 40.2836 ], [ -3.7616, 40.2844 ], [ -3.7629, 40.2845 ], [ -3.7636, 40.2841 ], [ -3.7647, 40.2827 ], [ -3.7675, 40.2817 ], [ -3.7674, 40.2817 ], [ -3.7672, 40.2813 ], [ -3.7675, 40.2813 ], [ -3.7676, 40.2811 ], [ -3.7665, 40.2806 ], [ -3.7664, 40.2804 ], [ -3.7632, 40.2792 ], [ -3.7628, 40.2789 ], [ -3.7626, 40.2789 ], [ -3.7626, 40.2788 ], [ -3.7624, 40.2788 ], [ -3.7614, 40.278 ], [ -3.7613, 40.2781 ], [ -3.7614, 40.2785 ], [ -3.7612, 40.2787 ], [ -3.7612, 40.2792 ], [ -3.7613, 40.2793 ] ] ] } },
{ "type": "Feature", "properties": { "municipio": "Fuenlabrada", "clasificacion": "urbano-no-consolidado", "calificacion": "sin-asignar", "version": "vigente", "fuente": "SIT-CAM WFS — UsoDelSuelo:VPLA_V_CLASIFICACION (https://idem.comunidad.madrid/geosrvg/ows)", "fecha_dato": "2026-05-12", "ambito": "38885", "_raw_CD_SIGLAS": "SUNC", "_raw_DS_CLASIF_GEN": "Suelo Urbano", "_raw_DS_CLASIF_DET": "Suelo Urbano en proceso de Consolidación", "_raw_DS_DOCU": "PLAN GENERAL", "_raw_DS_LEY": null, "_raw_FC_AC": "1999-04-15", "_raw_NM_AREA_M2": 13092.2645488088, "_cam_code": "058" }, "geometry": { "type": "Polygon", "coordinates": [ [ [ -3.7721, 40.2796 ], [ -3.7718, 40.2787 ], [ -3.7711, 40.2787 ], [ -3.7701, 40.2789 ], [ -3.7699, 40.279 ], [ -3.7699, 40.2793 ], [ -3.77, 40.2794 ], [ -3.7721, 40.2796 ] ] ] } },
{ "type": "Feature", "properties": { "municipio": "Fuenlabrada", "clasificacion": "urbano-no-consolidado", "calificacion": "sin-asignar", "version": "vigente", "fuente": "SIT-CAM WFS — UsoDelSuelo:VPLA_V_CLASIFICACION (https://idem.comunidad.madrid/geosrvg/ows)", "fecha_dato": "2026-05-12", "ambito": "38885", "_raw_CD_SIGLAS": "SUNC", "_raw_DS_CLASIF_GEN": "Suelo Urbano (INCORPORADO)", "_raw_DS_CLASIF_DET": "Suelo Urbano en proceso de Consolidación", "_raw_DS_DOCU": "PLAN GENERAL", "_raw_DS_LEY": null, "_raw_FC_AC": "1999-04-15", "_raw_NM_AREA_M2": 141600.957834081, "_cam_code": "058" }, "geometry": { "type": "Polygon", "coordinates": [ [ [ -3.7706, 40.2786 ], [ -3.7742, 40.2785 ], [ -3.7741, 40.2785 ], [ -3.7738, 40.2778 ], [ -3.773, 40.2772 ], [ -3.7727, 40.2768 ], [ -3.7725, 40.2767 ], [ -3.7723, 40.2768 ], [ -3.7715, 40.2764 ], [ -3.771, 40.2759 ], [ -3.7705, 40.2759 ], [ -3.7696, 40.2755 ], [ -3.7656, 40.2768 ], [ -3.7658, 40.277 ], [ -3.7679, 40.278 ], [ -3.7695, 40.2782 ], [ -3.7706, 40.2786 ] ] ] } },
{ "type": "Feature", "properties": { "municipio": "Fuenlabrada", "clasificacion": "urbano-no-consolidado", "calificacion": "sin-asignar", "version": "vigente", "fuente": "SIT-CAM WFS — UsoDelSuelo:VPLA_V_CLASIFICACION (https://idem.comunidad.madrid/geosrvg/ows)", "fecha_dato": "2026-05-12", "ambito": "38885", "_raw_CD_SIGLAS": "SUNC", "_raw_DS_CLASIF_GEN": "Suelo Urbano (INCORPORADO)", "_raw_DS_CLASIF_DET": "Suelo Urbano en proceso de Consolidación", "_raw_DS_DOCU": "PLAN GENERAL", "_raw_DS_LEY": null, "_raw_FC_AC": "1999-04-15", "_raw_NM_AREA_M2": 31690.5496846774, "_cam_code": "058" }, "geometry": { "type": "Polygon", "coordinates": [ [ [ -3.759, 40.2723 ], [ -3.7583, 40.2741 ], [ -3.7586, 40.2743 ], [ -3.7604, 40.2747 ], [ -3.7607, 40.2736 ], [ -3.7603, 40.2735 ], [ -3.7601, 40.2738 ], [ -3.7596, 40.2738 ], [ -3.7596, 40.2736 ], [ -3.7602, 40.2726 ], [ -3.759, 40.2723 ] ] ] } },
{ "type": "Feature", "properties": { "municipio": "Fuenlabrada", "clasificacion": "urbano-no-consolidado", "calificacion": "sin-asignar", "version": "vigente", "fuente": "SIT-CAM WFS — UsoDelSuelo:VPLA_V_CLASIFICACION (https://idem.comunidad.madrid/geosrvg/ows)", "fecha_dato": "2026-05-12", "ambito": "38885", "_raw_CD_SIGLAS": "SUNC", "_raw_DS_CLASIF_GEN": "Suelo Urbano (INCORPORADO)", "_raw_DS_CLASIF_DET": "Suelo Urbano en proceso de Consolidación", "_raw_DS_DOCU": "PLAN GENERAL", "_raw_DS_LEY": null, "_raw_FC_AC": "1999-04-15", "_raw_NM_AREA_M2": 21681.737349963099, "_cam_code": "058" }, "geometry": { "type": "Polygon", "coordinates": [ [ [ -3.7896, 40.2932 ], [ -3.7895, 40.2932 ], [ -3.7896, 40.2933 ], [ -3.7895, 40.2935 ], [ -3.7884, 40.2947 ], [ -3.79, 40.295 ], [ -3.7905, 40.2929 ], [ -3.7897, 40.2928 ], [ -3.7896, 40.2932 ] ] ] } },
{ "type": "Feature", "properties": { "municipio": "Fuenlabrada", "clasificacion": "urbano-no-consolidado", "calificacion": "sin-asignar", "version": "vigente", "fuente": "SIT-CAM WFS — UsoDelSuelo:VPLA_V_CLASIFICACION (https://idem.comunidad.madrid/geosrvg/ows)", "fecha_dato": "2026-05-12", "ambito": "38885", "_raw_CD_SIGLAS": "SUNC", "_raw_DS_CLASIF_GEN": "Suelo Urbano", "_raw_DS_CLASIF_DET": "Suelo Urbano en proceso de Consolidación", "_raw_DS_DOCU": "PLAN GENERAL", "_raw_DS_LEY": null, "_raw_FC_AC": "1999-04-15", "_raw_NM_AREA_M2": 418179.03830704099, "_cam_code": "058" }, "geometry": { "type": "Polygon", "coordinates": [ [ [ -3.7913, 40.2843 ], [ -3.7931, 40.2854 ], [ -3.7932, 40.2853 ], [ -3.793, 40.2853 ], [ -3.793, 40.2849 ], [ -3.7927, 40.2845 ], [ -3.7932, 40.2844 ], [ -3.7931, 40.2837 ], [ -3.7932, 40.2837 ], [ -3.7932, 40.2839 ], [ -3.7936, 40.2838 ], [ -3.7937, 40.2842 ], [ -3.7944, 40.2842 ], [ -3.7941, 40.2845 ], [ -3.7942, 40.2846 ], [ -3.7967, 40.285 ], [ -3.7977, 40.2847 ], [ -3.7981, 40.2852 ], [ -3.7983, 40.2844 ], [ -3.7984, 40.2844 ], [ -3.7986, 40.284 ], [ -3.7984, 40.284 ], [ -3.7986, 40.2836 ], [ -3.7986, 40.2832 ], [ -3.7987, 40.2832 ], [ -3.7986, 40.2828 ], [ -3.7983, 40.2829 ], [ -3.7981, 40.2825 ], [ -3.7972, 40.2825 ], [ -3.7973, 40.2823 ], [ -3.7971, 40.2823 ], [ -3.7971, 40.2821 ], [ -3.7967, 40.2822 ], [ -3.7967, 40.2819 ], [ -3.7969, 40.2818 ], [ -3.7967, 40.2815 ], [ -3.797, 40.2814 ], [ -3.797, 40.2815 ], [ -3.7972, 40.2815 ], [ -3.7974, 40.2817 ], [ -3.7972, 40.2819 ], [ -3.7974, 40.282 ], [ -3.7982, 40.2811 ], [ -3.7984, 40.2812 ], [ -3.7996, 40.2798 ], [ -3.7964, 40.2801 ], [ -3.7945, 40.2805 ], [ -3.7938, 40.2805 ], [ -3.7926, 40.2798 ], [ -3.7885, 40.2798 ], [ -3.7884, 40.2801 ], [ -3.7882, 40.28 ], [ -3.7879, 40.2804 ], [ -3.7879, 40.2808 ], [ -3.7877, 40.2808 ], [ -3.7872, 40.2814 ], [ -3.787, 40.2814 ], [ -3.7865, 40.283 ], [ -3.7867, 40.2832 ], [ -3.7904, 40.284 ], [ -3.7913, 40.2843 ] ], [ [ -3.7924, 40.2844 ], [ -3.7921, 40.2844 ], [ -3.792, 40.2838 ], [ -3.7922, 40.2838 ], [ -3.7924, 40.2841 ], [ -3.7923, 40.2842 ], [ -3.7924, 40.2844 ] ], [ [ -3.7927, 40.2839 ], [ -3.7926, 40.2838 ], [ -3.7928, 40.2839 ], [ -3.7927, 40.2841 ], [ -3.7928, 40.2842 ], [ -3.7929, 40.2841 ], [ -3.7929, 40.2843 ], [ -3.7926, 40.2843 ], [ -3.7924, 40.284 ], [ -3.7924, 40.2839 ], [ -3.7924, 40.2839 ], [ -3.7926, 40.2839 ], [ -3.7927, 40.2839 ] ], [ [ -3.7913, 40.2837 ], [ -3.791, 40.2837 ], [ -3.791, 40.2838 ], [ -3.7906, 40.2837 ], [ -3.7908, 40.2832 ], [ -3.7913, 40.2831 ], [ -3.7912, 40.2829 ], [ -3.7915, 40.2828 ], [ -3.7918, 40.2832 ], [ -3.7915, 40.2832 ], [ -3.7916, 40.2834 ], [ -3.7913, 40.2835 ], [ -3.7913, 40.2837 ] ], [ [ -3.7955, 40.283 ], [ -3.7958, 40.2825 ], [ -3.7964, 40.2827 ], [ -3.7959, 40.2832 ], [ -3.7955, 40.283 ] ], [ [ -3.797, 40.2829 ], [ -3.7971, 40.2828 ], [ -3.7971, 40.2831 ], [ -3.7972, 40.2831 ], [ -3.7973, 40.2835 ], [ -3.7969, 40.2836 ], [ -3.7968, 40.2835 ], [ -3.7965, 40.2836 ], [ -3.7962, 40.2835 ], [ -3.7964, 40.2833 ], [ -3.7963, 40.2832 ], [ -3.7966, 40.2829 ], [ -3.797, 40.2829 ] ], [ [ -3.7937, 40.2835 ], [ -3.7936, 40.2836 ], [ -3.7925, 40.2835 ], [ -3.7925, 40.2829 ], [ -3.7931, 40.2829 ], [ -3.7936, 40.2831 ], [ -3.7937, 40.2835 ] ], [ [ -3.7894, 40.2825 ], [ -3.789, 40.2826 ], [ -3.7889, 40.2823 ], [ -3.7892, 40.2823 ], [ -3.7893, 40.2821 ], [ -3.7895, 40.2821 ], [ -3.7894, 40.2825 ] ], [ [ -3.7886, 40.2818 ], [ -3.7885, 40.2824 ], [ -3.7876, 40.2823 ], [ -3.7878, 40.282 ], [ -3.7879, 40.2821 ], [ -3.788, 40.282 ], [ -3.788, 40.2817 ], [ -3.7886, 40.2818 ] ], [ [ -3.7904, 40.2817 ], [ -3.7901, 40.2815 ], [ -3.7907, 40.2812 ], [ -3.7908, 40.2813 ], [ -3.7908, 40.2815 ], [ -3.7904, 40.2817 ] ], [ [ -3.7898, 40.2812 ], [ -3.7894, 40.2808 ], [ -3.7896, 40.2808 ], [ -3.7896, 40.2806 ], [ -3.7898, 40.2806 ], [ -3.7898, 40.2812 ] ], [ [ -3.7896, 40.2806 ], [ -3.7893, 40.2806 ], [ -3.789, 40.2803 ], [ -3.7891, 40.2802 ], [ -3.7895, 40.2803 ], [ -3.7896, 40.2806 ] ], [ [ -3.7907, 40.2804 ], [ -3.7903, 40.2804 ], [ -3.7903, 40.2799 ], [ -3.7908, 40.2799 ], [ -3.7907, 40.2804 ] ] ] } },
{ "type": "Feature", "properties": { "municipio": "Fuenlabrada", "clasificacion": "urbano-no-consolidado", "calificacion": "sin-asignar", "version": "vigente", "fuente": "SIT-CAM WFS — UsoDelSuelo:VPLA_V_CLASIFICACION (https://idem.comunidad.madrid/geosrvg/ows)", "fecha_dato": "2026-05-12", "ambito": "38885", "_raw_CD_SIGLAS": "SUNC", "_raw_DS_CLASIF_GEN": "Suelo Urbano (INCORPORADO)", "_raw_DS_CLASIF_DET": "Suelo Urbano en proceso de Consolidación", "_raw_DS_DOCU": "PLAN GENERAL", "_raw_DS_LEY": null, "_raw_FC_AC": "1999-04-15", "_raw_NM_AREA_M2": 153981.15731732, "_cam_code": "058" }, "geometry": { "type": "Polygon", "coordinates": [ [ [ -3.759, 40.2677 ], [ -3.7612, 40.2687 ], [ -3.7622, 40.2698 ], [ -3.7625, 40.2699 ], [ -3.7644, 40.2691 ], [ -3.7645, 40.269 ], [ -3.7644, 40.2689 ], [ -3.765, 40.2686 ], [ -3.7649, 40.2686 ], [ -3.765, 40.2685 ], [ -3.7646, 40.2679 ], [ -3.7642, 40.2675 ], [ -3.764, 40.2675 ], [ -3.7637, 40.2671 ], [ -3.7629, 40.2672 ], [ -3.7627, 40.267 ], [ -3.7629, 40.2668 ], [ -3.762, 40.2653 ], [ -3.7605, 40.2659 ], [ -3.7597, 40.266 ], [ -3.7591, 40.2663 ], [ -3.7585, 40.2664 ], [ -3.7579, 40.2668 ], [ -3.7573, 40.267 ], [ -3.7574, 40.2673 ], [ -3.759, 40.2677 ] ] ] } },
{ "type": "Feature", "properties": { "municipio": "Fuenlabrada", "clasificacion": "urbano-no-consolidado", "calificacion": "sin-asignar", "version": "vigente", "fuente": "SIT-CAM WFS — UsoDelSuelo:VPLA_V_CLASIFICACION (https://idem.comunidad.madrid/geosrvg/ows)", "fecha_dato": "2026-05-12", "ambito": "38885", "_raw_CD_SIGLAS": "SUNC", "_raw_DS_CLASIF_GEN": "Suelo Urbano", "_raw_DS_CLASIF_DET": "Suelo Urbano en proceso de Consolidación", "_raw_DS_DOCU": "PLAN GENERAL", "_raw_DS_LEY": null, "_raw_FC_AC": "1999-04-15", "_raw_NM_AREA_M2": 19862.3907222302, "_cam_code": "058" }, "geometry": { "type": "Polygon", "coordinates": [ [ [ -3.7514, 40.2753 ], [ -3.753, 40.2759 ], [ -3.7535, 40.2757 ], [ -3.7539, 40.2753 ], [ -3.7539, 40.2747 ], [ -3.7536, 40.2744 ], [ -3.7527, 40.2749 ], [ -3.7518, 40.2748 ], [ -3.7514, 40.2753 ] ] ] } },
{ "type": "Feature", "properties": { "municipio": "Fuenlabrada", "clasificacion": "urbano-no-consolidado", "calificacion": "sin-asignar", "version": "vigente", "fuente": "SIT-CAM WFS — UsoDelSuelo:VPLA_V_CLASIFICACION (https://idem.comunidad.madrid/geosrvg/ows)", "fecha_dato": "2026-05-12", "ambito": "38885", "_raw_CD_SIGLAS": "SUNC", "_raw_DS_CLASIF_GEN": "Suelo Urbano", "_raw_DS_CLASIF_DET": "Suelo Urbano en proceso de Consolidación", "_raw_DS_DOCU": "PLAN GENERAL", "_raw_DS_LEY": null, "_raw_FC_AC": "1999-04-15", "_raw_NM_AREA_M2": 33578.765548785101, "_cam_code": "058" }, "geometry": { "type": "Polygon", "coordinates": [ [ [ -3.7713, 40.2797 ], [ -3.7704, 40.2796 ], [ -3.7704, 40.2819 ], [ -3.7705, 40.2821 ], [ -3.7708, 40.2824 ], [ -3.7713, 40.2826 ], [ -3.7729, 40.2826 ], [ -3.773, 40.282 ], [ -3.7729, 40.2816 ], [ -3.7722, 40.2817 ], [ -3.7722, 40.2815 ], [ -3.7715, 40.2815 ], [ -3.7707, 40.2813 ], [ -3.7708, 40.281 ], [ -3.7711, 40.2807 ], [ -3.7711, 40.2806 ], [ -3.7709, 40.2806 ], [ -3.771, 40.2801 ], [ -3.7712, 40.2801 ], [ -3.7713, 40.2797 ] ] ] } },
{ "type": "Feature", "properties": { "municipio": "Fuenlabrada", "clasificacion": "urbano-no-consolidado", "calificacion": "sin-asignar", "version": "vigente", "fuente": "SIT-CAM WFS — UsoDelSuelo:VPLA_V_CLASIFICACION (https://idem.comunidad.madrid/geosrvg/ows)", "fecha_dato": "2026-05-12", "ambito": "38885", "_raw_CD_SIGLAS": "SUNC", "_raw_DS_CLASIF_GEN": "Suelo Urbano", "_raw_DS_CLASIF_DET": "Suelo Urbano en proceso de Consolidación", "_raw_DS_DOCU": "PLAN GENERAL", "_raw_DS_LEY": null, "_raw_FC_AC": "1999-04-15", "_raw_NM_AREA_M2": 48095.392087556902, "_cam_code": "058" }, "geometry": { "type": "Polygon", "coordinates": [ [ [ -3.8044, 40.2756 ], [ -3.8045, 40.2755 ], [ -3.8053, 40.2756 ], [ -3.8052, 40.2761 ], [ -3.805, 40.2762 ], [ -3.8059, 40.2763 ], [ -3.8067, 40.277 ], [ -3.8082, 40.2759 ], [ -3.806, 40.2741 ], [ -3.8051, 40.275 ], [ -3.8046, 40.2753 ], [ -3.8044, 40.2756 ] ] ] } },
{ "type": "Feature", "properties": { "municipio": "Fuenlabrada", "clasificacion": "urbano-no-consolidado", "calificacion": "sin-asignar", "version": "vigente", "fuente": "SIT-CAM WFS — UsoDelSuelo:VPLA_V_CLASIFICACION (https://idem.comunidad.madrid/geosrvg/ows)", "fecha_dato": "2026-05-12", "ambito": "38885", "_raw_CD_SIGLAS": "SUNC", "_raw_DS_CLASIF_GEN": "Suelo Urbano", "_raw_DS_CLASIF_DET": "Suelo Urbano en proceso de Consolidación", "_raw_DS_DOCU": "PLAN GENERAL", "_raw_DS_LEY": null, "_raw_FC_AC": "1999-04-15", "_raw_NM_AREA_M2": 14170.3868102427, "_cam_code": "058" }, "geometry": { "type": "Polygon", "coordinates": [ [ [ -3.8024, 40.2753 ], [ -3.8021, 40.2765 ], [ -3.8015, 40.2769 ], [ -3.802, 40.277 ], [ -3.8025, 40.2769 ], [ -3.8032, 40.2763 ], [ -3.8033, 40.2761 ], [ -3.8029, 40.2759 ], [ -3.8036, 40.2753 ], [ -3.8024, 40.2753 ] ] ] } },
{ "type": "Feature", "properties": { "municipio": "Fuenlabrada", "clasificacion": "urbano-no-consolidado", "calificacion": "sin-asignar", "version": "vigente", "fuente": "SIT-CAM WFS — UsoDelSuelo:VPLA_V_CLASIFICACION (https://idem.comunidad.madrid/geosrvg/ows)", "fecha_dato": "2026-05-12", "ambito": "38885", "_raw_CD_SIGLAS": "SUNC", "_raw_DS_CLASIF_GEN": "Suelo Urbano", "_raw_DS_CLASIF_DET": "Suelo Urbano en proceso de Consolidación", "_raw_DS_DOCU": "PLAN GENERAL", "_raw_DS_LEY": null, "_raw_FC_AC": "1999-04-15", "_raw_NM_AREA_M2": 4874.43913206866, "_cam_code": "058" }, "geometry": { "type": "Polygon", "coordinates": [ [ [ -3.7893, 40.2903 ], [ -3.7895, 40.2896 ], [ -3.7896, 40.2894 ], [ -3.7894, 40.2894 ], [ -3.7893, 40.2898 ], [ -3.7887, 40.2897 ], [ -3.7886, 40.2903 ], [ -3.7893, 40.2903 ] ] ] } },
{ "type": "Feature", "properties": { "municipio": "Fuenlabrada", "clasificacion": "urbano-no-consolidado", "calificacion": "sin-asignar", "version": "vigente", "fuente": "SIT-CAM WFS — UsoDelSuelo:VPLA_V_CLASIFICACION (https://idem.comunidad.madrid/geosrvg/ows)", "fecha_dato": "2026-05-12", "ambito": "38885", "_raw_CD_SIGLAS": "SUNC", "_raw_DS_CLASIF_GEN": "Suelo Urbano", "_raw_DS_CLASIF_DET": "Suelo Urbano en proceso de Consolidación", "_raw_DS_DOCU": "PLAN GENERAL", "_raw_DS_LEY": null, "_raw_FC_AC": "1999-04-15", "_raw_NM_AREA_M2": 2581.2720298051599, "_cam_code": "058" }, "geometry": { "type": "Polygon", "coordinates": [ [ [ -3.7886, 40.2922 ], [ -3.7892, 40.2925 ], [ -3.7896, 40.2922 ], [ -3.789, 40.292 ], [ -3.7888, 40.292 ], [ -3.7886, 40.2922 ] ] ] } },
{ "type": "Feature", "properties": { "municipio": "Fuenlabrada", "clasificacion": "urbano-no-consolidado", "calificacion": "sin-asignar", "version": "vigente", "fuente": "SIT-CAM WFS — UsoDelSuelo:VPLA_V_CLASIFICACION (https://idem.comunidad.madrid/geosrvg/ows)", "fecha_dato": "2026-05-12", "ambito": "38885", "_raw_CD_SIGLAS": "SUNC", "_raw_DS_CLASIF_GEN": "Suelo Urbano", "_raw_DS_CLASIF_DET": "Suelo Urbano en proceso de Consolidación", "_raw_DS_DOCU": "PLAN GENERAL", "_raw_DS_LEY": null, "_raw_FC_AC": "1999-04-15", "_raw_NM_AREA_M2": 4432.9959999979701, "_cam_code": "058" }, "geometry": { "type": "Polygon", "coordinates": [ [ [ -3.7935, 40.2905 ], [ -3.7933, 40.2913 ], [ -3.7938, 40.2914 ], [ -3.7941, 40.2907 ], [ -3.7935, 40.2905 ] ] ] } },
{ "type": "Feature", "properties": { "municipio": "Fuenlabrada", "clasificacion": "urbano-no-consolidado", "calificacion": "sin-asignar", "version": "vigente", "fuente": "SIT-CAM WFS — UsoDelSuelo:VPLA_V_CLASIFICACION (https://idem.comunidad.madrid/geosrvg/ows)", "fecha_dato": "2026-05-12", "ambito": "38885", "_raw_CD_SIGLAS": "SUNC", "_raw_DS_CLASIF_GEN": "Suelo Urbano", "_raw_DS_CLASIF_DET": "Suelo Urbano en proceso de Consolidación", "_raw_DS_DOCU": "PLAN GENERAL", "_raw_DS_LEY": null, "_raw_FC_AC": "1999-04-15", "_raw_NM_AREA_M2": 2945.3533551268602, "_cam_code": "058" }, "geometry": { "type": "Polygon", "coordinates": [ [ [ -3.8034, 40.2906 ], [ -3.8036, 40.2909 ], [ -3.8044, 40.2907 ], [ -3.8039, 40.2902 ], [ -3.8034, 40.2906 ] ] ] } },
{ "type": "Feature", "properties": { "municipio": "Fuenlabrada", "clasificacion": "urbano-no-consolidado", "calificacion": "sin-asignar", "version": "vigente", "fuente": "SIT-CAM WFS — UsoDelSuelo:VPLA_V_CLASIFICACION (https://idem.comunidad.madrid/geosrvg/ows)", "fecha_dato": "2026-05-12", "ambito": "38885", "_raw_CD_SIGLAS": "SUNC", "_raw_DS_CLASIF_GEN": "Suelo Urbano", "_raw_DS_CLASIF_DET": "Suelo Urbano en proceso de Consolidación", "_raw_DS_DOCU": "PLAN GENERAL", "_raw_DS_LEY": null, "_raw_FC_AC": "1999-04-15", "_raw_NM_AREA_M2": 5977.0393124759203, "_cam_code": "058" }, "geometry": { "type": "Polygon", "coordinates": [ [ [ -3.7994, 40.2946 ], [ -3.8001, 40.2948 ], [ -3.8002, 40.2949 ], [ -3.8001, 40.2951 ], [ -3.8007, 40.2952 ], [ -3.801, 40.2945 ], [ -3.7995, 40.2944 ], [ -3.7994, 40.2946 ] ] ] } },
{ "type": "Feature", "properties": { "municipio": "Fuenlabrada", "clasificacion": "urbano-no-consolidado", "calificacion": "sin-asignar", "version": "vigente", "fuente": "SIT-CAM WFS — UsoDelSuelo:VPLA_V_CLASIFICACION (https://idem.comunidad.madrid/geosrvg/ows)", "fecha_dato": "2026-05-12", "ambito": "38885", "_raw_CD_SIGLAS": "SUNC", "_raw_DS_CLASIF_GEN": "Suelo Urbano", "_raw_DS_CLASIF_DET": "Suelo Urbano en proceso de Consolidación", "_raw_DS_DOCU": "PLAN GENERAL", "_raw_DS_LEY": null, "_raw_FC_AC": "1999-04-15", "_raw_NM_AREA_M2": 10539.5020279901, "_cam_code": "058" }, "geometry": { "type": "Polygon", "coordinates": [ [ [ -3.8073, 40.2926 ], [ -3.8073, 40.2933 ], [ -3.8087, 40.2937 ], [ -3.8088, 40.2936 ], [ -3.809, 40.2931 ], [ -3.8073, 40.2926 ] ] ] } },
{ "type": "Feature", "properties": { "municipio": "Fuenlabrada", "clasificacion": "urbano-no-consolidado", "calificacion": "sin-asignar", "version": "vigente", "fuente": "SIT-CAM WFS — UsoDelSuelo:VPLA_V_CLASIFICACION (https://idem.comunidad.madrid/geosrvg/ows)", "fecha_dato": "2026-05-12", "ambito": "38885", "_raw_CD_SIGLAS": "SUNC", "_raw_DS_CLASIF_GEN": "Suelo Urbano", "_raw_DS_CLASIF_DET": "Suelo Urbano en proceso de Consolidación", "_raw_DS_DOCU": "PLAN GENERAL", "_raw_DS_LEY": null, "_raw_FC_AC": "1999-04-15", "_raw_NM_AREA_M2": 14378.8074607987, "_cam_code": "058" }, "geometry": { "type": "Polygon", "coordinates": [ [ [ -3.8092, 40.2932 ], [ -3.8092, 40.2934 ], [ -3.809, 40.2936 ], [ -3.8089, 40.294 ], [ -3.8088, 40.294 ], [ -3.8087, 40.2946 ], [ -3.8096, 40.2947 ], [ -3.8098, 40.2941 ], [ -3.81, 40.294 ], [ -3.8103, 40.2941 ], [ -3.8103, 40.2937 ], [ -3.8102, 40.2935 ], [ -3.8096, 40.2932 ], [ -3.8092, 40.2932 ] ] ] } },
{ "type": "Feature", "properties": { "municipio": "Fuenlabrada", "clasificacion": "urbano-no-consolidado", "calificacion": "sin-asignar", "version": "vigente", "fuente": "SIT-CAM WFS — UsoDelSuelo:VPLA_V_CLASIFICACION (https://idem.comunidad.madrid/geosrvg/ows)", "fecha_dato": "2026-05-12", "ambito": "38885", "_raw_CD_SIGLAS": "SUNC", "_raw_DS_CLASIF_GEN": "Suelo Urbano", "_raw_DS_CLASIF_DET": "Suelo Urbano en proceso de Consolidación", "_raw_DS_DOCU": "PLAN GENERAL", "_raw_DS_LEY": null, "_raw_FC_AC": "1999-04-15", "_raw_NM_AREA_M2": 2367.9094399825899, "_cam_code": "058" }, "geometry": { "type": "Polygon", "coordinates": [ [ [ -3.8019, 40.2981 ], [ -3.8023, 40.2986 ], [ -3.8025, 40.2986 ], [ -3.8026, 40.298 ], [ -3.8019, 40.2981 ] ] ] } },
{ "type": "Feature", "properties": { "municipio": "Fuenlabrada", "clasificacion": "urbano-no-consolidado", "calificacion": "sin-asignar", "version": "vigente", "fuente": "SIT-CAM WFS — UsoDelSuelo:VPLA_V_CLASIFICACION (https://idem.comunidad.madrid/geosrvg/ows)", "fecha_dato": "2026-05-12", "ambito": "38885", "_raw_CD_SIGLAS": "SUNC", "_raw_DS_CLASIF_GEN": "Suelo Urbano", "_raw_DS_CLASIF_DET": "Suelo Urbano en proceso de Consolidación", "_raw_DS_DOCU": "PLAN GENERAL", "_raw_DS_LEY": null, "_raw_FC_AC": "1999-04-15", "_raw_NM_AREA_M2": 16652.999174994398, "_cam_code": "058" }, "geometry": { "type": "Polygon", "coordinates": [ [ [ -3.8095, 40.2988 ], [ -3.8096, 40.2975 ], [ -3.8089, 40.2975 ], [ -3.8083, 40.2973 ], [ -3.8082, 40.2987 ], [ -3.8095, 40.2988 ] ] ] } },
{ "type": "Feature", "properties": { "municipio": "Fuenlabrada", "clasificacion": "urbano-no-consolidado", "calificacion": "sin-asignar", "version": "vigente", "fuente": "SIT-CAM WFS — UsoDelSuelo:VPLA_V_CLASIFICACION (https://idem.comunidad.madrid/geosrvg/ows)", "fecha_dato": "2026-05-12", "ambito": "38885", "_raw_CD_SIGLAS": "SUNC", "_raw_DS_CLASIF_GEN": "Suelo Urbano", "_raw_DS_CLASIF_DET": "Suelo Urbano en proceso de Consolidación", "_raw_DS_DOCU": "PLAN GENERAL", "_raw_DS_LEY": null, "_raw_FC_AC": "1999-04-15", "_raw_NM_AREA_M2": 64765.258713634197, "_cam_code": "058" }, "geometry": { "type": "Polygon", "coordinates": [ [ [ -3.8169, 40.3015 ], [ -3.8166, 40.3015 ], [ -3.8165, 40.3018 ], [ -3.8161, 40.3017 ], [ -3.8161, 40.302 ], [ -3.8151, 40.302 ], [ -3.8152, 40.3014 ], [ -3.8123, 40.3013 ], [ -3.8125, 40.3033 ], [ -3.816, 40.303 ], [ -3.816, 40.3025 ], [ -3.817, 40.3024 ], [ -3.8169, 40.3015 ] ] ] } },
{ "type": "Feature", "properties": { "municipio": "Fuenlabrada", "clasificacion": "urbano-no-consolidado", "calificacion": "sin-asignar", "version": "vigente", "fuente": "SIT-CAM WFS — UsoDelSuelo:VPLA_V_CLASIFICACION (https://idem.comunidad.madrid/geosrvg/ows)", "fecha_dato": "2026-05-12", "ambito": "38885", "_raw_CD_SIGLAS": "SUNC", "_raw_DS_CLASIF_GEN": "Suelo Urbano", "_raw_DS_CLASIF_DET": "Suelo Urbano en proceso de Consolidación", "_raw_DS_DOCU": "PLAN GENERAL", "_raw_DS_LEY": null, "_raw_FC_AC": "1999-04-15", "_raw_NM_AREA_M2": 16702.635474462601, "_cam_code": "058" }, "geometry": { "type": "Polygon", "coordinates": [ [ [ -3.8245, 40.3054 ], [ -3.8237, 40.3062 ], [ -3.8233, 40.3064 ], [ -3.8233, 40.3065 ], [ -3.8231, 40.3065 ], [ -3.8232, 40.3066 ], [ -3.824, 40.3061 ], [ -3.8249, 40.305 ], [ -3.8251, 40.3051 ], [ -3.8252, 40.3048 ], [ -3.8251, 40.3047 ], [ -3.8254, 40.3044 ], [ -3.8255, 40.3041 ], [ -3.8259, 40.3038 ], [ -3.8263, 40.3036 ], [ -3.8262, 40.3044 ], [ -3.8269, 40.3039 ], [ -3.8274, 40.304 ], [ -3.8277, 40.3033 ], [ -3.8266, 40.3031 ], [ -3.8252, 40.3042 ], [ -3.8251, 40.3045 ], [ -3.825, 40.3045 ], [ -3.8249, 40.3045 ], [ -3.825, 40.3045 ], [ -3.8245, 40.3054 ] ] ] } },
{ "type": "Feature", "properties": { "municipio": "Fuenlabrada", "clasificacion": "urbano-no-consolidado", "calificacion": "sin-asignar", "version": "vigente", "fuente": "SIT-CAM WFS — UsoDelSuelo:VPLA_V_CLASIFICACION (https://idem.comunidad.madrid/geosrvg/ows)", "fecha_dato": "2026-05-12", "ambito": "38885", "_raw_CD_SIGLAS": "SUNC", "_raw_DS_CLASIF_GEN": "Suelo Urbano", "_raw_DS_CLASIF_DET": "Suelo Urbano en proceso de Consolidación", "_raw_DS_DOCU": "PLAN GENERAL", "_raw_DS_LEY": null, "_raw_FC_AC": "1999-04-15", "_raw_NM_AREA_M2": 21910.038414138398, "_cam_code": "058" }, "geometry": { "type": "Polygon", "coordinates": [ [ [ -3.8373, 40.3118 ], [ -3.838, 40.3127 ], [ -3.8384, 40.3124 ], [ -3.8409, 40.3112 ], [ -3.8409, 40.3109 ], [ -3.8408, 40.3107 ], [ -3.8404, 40.3112 ], [ -3.8399, 40.3107 ], [ -3.8398, 40.311 ], [ -3.8396, 40.311 ], [ -3.8397, 40.3112 ], [ -3.8395, 40.3114 ], [ -3.839, 40.3114 ], [ -3.8389, 40.3113 ], [ -3.8381, 40.3117 ], [ -3.8381, 40.3116 ], [ -3.8373, 40.3118 ] ] ] } },
{ "type": "Feature", "properties": { "municipio": "Fuenlabrada", "clasificacion": "urbano-no-consolidado", "calificacion": "sin-asignar", "version": "vigente", "fuente": "SIT-CAM WFS — UsoDelSuelo:VPLA_V_CLASIFICACION (https://idem.comunidad.madrid/geosrvg/ows)", "fecha_dato": "2026-05-12", "ambito": "38885", "_raw_CD_SIGLAS": "SUNC", "_raw_DS_CLASIF_GEN": "Suelo Urbano", "_raw_DS_CLASIF_DET": "Suelo Urbano en proceso de Consolidación", "_raw_DS_DOCU": "PLAN GENERAL", "_raw_DS_LEY": null, "_raw_FC_AC": "1999-04-15", "_raw_NM_AREA_M2": 3907.3431699923099, "_cam_code": "058" }, "geometry": { "type": "Polygon", "coordinates": [ [ [ -3.7876, 40.2823 ], [ -3.7885, 40.2824 ], [ -3.7886, 40.2818 ], [ -3.788, 40.2817 ], [ -3.788, 40.282 ], [ -3.7879, 40.2821 ], [ -3.7878, 40.282 ], [ -3.7876, 40.2823 ] ] ] } },
{ "type": "Feature", "properties": { "municipio": "Fuenlabrada", "clasificacion": "urbano-no-consolidado", "calificacion": "sin-asignar", "version": "vigente", "fuente": "SIT-CAM WFS — UsoDelSuelo:VPLA_V_CLASIFICACION (https://idem.comunidad.madrid/geosrvg/ows)", "fecha_dato": "2026-05-12", "ambito": "38885", "_raw_CD_SIGLAS": "SUNC", "_raw_DS_CLASIF_GEN": "Suelo Urbano", "_raw_DS_CLASIF_DET": "Suelo Urbano en proceso de Consolidación", "_raw_DS_DOCU": "PLAN GENERAL", "_raw_DS_LEY": null, "_raw_FC_AC": "1999-04-15", "_raw_NM_AREA_M2": 16405.081572906602, "_cam_code": "058" }, "geometry": { "type": "Polygon", "coordinates": [ [ [ -3.8097, 40.2706 ], [ -3.8082, 40.272 ], [ -3.8083, 40.272 ], [ -3.8082, 40.2722 ], [ -3.8091, 40.2723 ], [ -3.81, 40.2726 ], [ -3.8097, 40.2706 ] ] ] } },
{ "type": "Feature", "properties": { "municipio": "Fuenlabrada", "clasificacion": "urbano-no-consolidado", "calificacion": "sin-asignar", "version": "vigente", "fuente": "SIT-CAM WFS — UsoDelSuelo:VPLA_V_CLASIFICACION (https://idem.comunidad.madrid/geosrvg/ows)", "fecha_dato": "2026-05-12", "ambito": "38885", "_raw_CD_SIGLAS": "SUNC", "_raw_DS_CLASIF_GEN": "Suelo Urbano", "_raw_DS_CLASIF_DET": "Suelo Urbano en proceso de Consolidación", "_raw_DS_DOCU": "PLAN GENERAL", "_raw_DS_LEY": null, "_raw_FC_AC": "1999-04-15", "_raw_NM_AREA_M2": 5448.9080249969502, "_cam_code": "058" }, "geometry": { "type": "Polygon", "coordinates": [ [ [ -3.8429, 40.3156 ], [ -3.8429, 40.315 ], [ -3.842, 40.315 ], [ -3.8419, 40.3156 ], [ -3.8429, 40.3156 ] ] ] } },
{ "type": "Feature", "properties": { "municipio": "Fuenlabrada", "clasificacion": "urbano-no-consolidado", "calificacion": "sin-asignar", "version": "vigente", "fuente": "SIT-CAM WFS — UsoDelSuelo:VPLA_V_CLASIFICACION (https://idem.comunidad.madrid/geosrvg/ows)", "fecha_dato": "2026-05-12", "ambito": "38885", "_raw_CD_SIGLAS": "SUNC", "_raw_DS_CLASIF_GEN": "Suelo Urbano", "_raw_DS_CLASIF_DET": "Suelo Urbano en proceso de Consolidación", "_raw_DS_DOCU": "PLAN GENERAL", "_raw_DS_LEY": null, "_raw_FC_AC": "1999-04-15", "_raw_NM_AREA_M2": 149812.542691454, "_cam_code": "058" }, "geometry": { "type": "Polygon", "coordinates": [ [ [ -3.8389, 40.3094 ], [ -3.8404, 40.3112 ], [ -3.8409, 40.3106 ], [ -3.8409, 40.31 ], [ -3.8396, 40.3085 ], [ -3.8398, 40.3083 ], [ -3.8394, 40.3079 ], [ -3.8406, 40.3072 ], [ -3.8402, 40.3066 ], [ -3.84, 40.3068 ], [ -3.8391, 40.3068 ], [ -3.8391, 40.3067 ], [ -3.8381, 40.3068 ], [ -3.8376, 40.3072 ], [ -3.8364, 40.3072 ], [ -3.8364, 40.3073 ], [ -3.8362, 40.3073 ], [ -3.8346, 40.3082 ], [ -3.8346, 40.3085 ], [ -3.8348, 40.3086 ], [ -3.8348, 40.3088 ], [ -3.836, 40.3101 ], [ -3.8365, 40.3109 ], [ -3.8368, 40.3107 ], [ -3.8367, 40.3106 ], [ -3.8376, 40.3102 ], [ -3.8378, 40.31 ], [ -3.8378, 40.3098 ], [ -3.8383, 40.3098 ], [ -3.8389, 40.3094 ] ] ] } },
{ "type": "Feature", "properties": { "municipio": "Fuenlabrada", "clasificacion": "urbano-no-consolidado", "calificacion": "sin-asignar", "version": "vigente", "fuente": "SIT-CAM WFS — UsoDelSuelo:VPLA_V_CLASIFICACION (https://idem.comunidad.madrid/geosrvg/ows)", "fecha_dato": "2026-05-12", "ambito": "38885", "_raw_CD_SIGLAS": "SUNC", "_raw_DS_CLASIF_GEN": "Suelo Urbano", "_raw_DS_CLASIF_DET": "Suelo Urbano en proceso de Consolidación", "_raw_DS_DOCU": "PLAN GENERAL", "_raw_DS_LEY": null, "_raw_FC_AC": "1999-04-15", "_raw_NM_AREA_M2": 115154.335441056, "_cam_code": "058" }, "geometry": { "type": "Polygon", "coordinates": [ [ [ -3.8246, 40.2985 ], [ -3.8246, 40.2986 ], [ -3.8247, 40.2983 ], [ -3.8254, 40.2974 ], [ -3.8256, 40.2965 ], [ -3.826, 40.2959 ], [ -3.8262, 40.2952 ], [ -3.8263, 40.2952 ], [ -3.8266, 40.2942 ], [ -3.8267, 40.2942 ], [ -3.8267, 40.2939 ], [ -3.827, 40.2935 ], [ -3.827, 40.2933 ], [ -3.8271, 40.2933 ], [ -3.827, 40.2931 ], [ -3.8249, 40.2929 ], [ -3.8248, 40.2931 ], [ -3.8244, 40.2931 ], [ -3.8243, 40.2933 ], [ -3.824, 40.2944 ], [ -3.8241, 40.2947 ], [ -3.8236, 40.2959 ], [ -3.8233, 40.2963 ], [ -3.8232, 40.2972 ], [ -3.8227, 40.2972 ], [ -3.8238, 40.2982 ], [ -3.8246, 40.2985 ] ] ] } }
]
}
