{
"type": "FeatureCollection",
"name": "vigente.full",
"features": [
{ "type": "Feature", "properties": { "municipio": "Torrejón de Ardoz", "clasificacion": "no-urbanizable-protegido", "calificacion": "sin-asignar", "version": "vigente", "fuente": "SIT-CAM WFS — UsoDelSuelo:VPLA_V_CLASIFICACION (https://idem.comunidad.madrid/geosrvg/ows)", "fecha_dato": "2026-05-12", "ambito": "39275", "_raw_CD_SIGLAS": "SNUP", "_raw_DS_CLASIF_GEN": "Suelo No Urbanizable Protegido", "_raw_DS_CLASIF_DET": "Suelo No Urbanizable Protegido", "_raw_DS_DOCU": "PLAN GENERAL", "_raw_DS_LEY": "CM Ley 9/1995, E Ley 6/1998, E RDL 1/1992, E RD 1346/1976", "_raw_FC_AC": "1999-05-06", "_raw_NM_AREA_M2": 74394.412100769099, "_cam_code": "148" }, "geometry": { "type": "Polygon", "coordinates": [ [ [ -3.4776, 40.4828 ], [ -3.4779, 40.4863 ], [ -3.4779, 40.4868 ], [ -3.4777, 40.4872 ], [ -3.4778, 40.4872 ], [ -3.4781, 40.487 ], [ -3.4781, 40.4867 ], [ -3.4784, 40.4865 ], [ -3.4782, 40.4855 ], [ -3.4782, 40.4848 ], [ -3.478, 40.4843 ], [ -3.4778, 40.4807 ], [ -3.4782, 40.4797 ], [ -3.4786, 40.4796 ], [ -3.4787, 40.4793 ], [ -3.4788, 40.4793 ], [ -3.4787, 40.4791 ], [ -3.4785, 40.4795 ], [ -3.478, 40.4795 ], [ -3.4779, 40.4793 ], [ -3.4775, 40.4783 ], [ -3.4775, 40.4779 ], [ -3.4774, 40.4779 ], [ -3.4772, 40.4758 ], [ -3.4776, 40.4746 ], [ -3.4779, 40.4743 ], [ -3.4792, 40.4739 ], [ -3.4795, 40.4739 ], [ -3.4795, 40.474 ], [ -3.4797, 40.4738 ], [ -3.4797, 40.4736 ], [ -3.4808, 40.4725 ], [ -3.4818, 40.472 ], [ -3.4821, 40.4717 ], [ -3.4824, 40.4717 ], [ -3.4822, 40.4712 ], [ -3.4797, 40.4729 ], [ -3.4784, 40.4736 ], [ -3.4776, 40.4743 ], [ -3.477, 40.4754 ], [ -3.477, 40.477 ], [ -3.4776, 40.4828 ] ] ] } },
{ "type": "Feature", "properties": { "municipio": "Torrejón de Ardoz", "clasificacion": "no-urbanizable-protegido", "calificacion": "sin-asignar", "version": "vigente", "fuente": "SIT-CAM WFS — UsoDelSuelo:VPLA_V_CLASIFICACION (https://idem.comunidad.madrid/geosrvg/ows)", "fecha_dato": "2026-05-12", "ambito": "39275", "_raw_CD_SIGLAS": "SNUP", "_raw_DS_CLASIF_GEN": "Suelo No Urbanizable Protegido", "_raw_DS_CLASIF_DET": "Suelo No Urbanizable Protegido", "_raw_DS_DOCU": "PLAN GENERAL", "_raw_DS_LEY": "CM Ley 9/1995, E Ley 6/1998, E RDL 1/1992, E RD 1346/1976", "_raw_FC_AC": "1999-05-06", "_raw_NM_AREA_M2": 3173.2686324936699, "_cam_code": "148" }, "geometry": { "type": "Polygon", "coordinates": [ [ [ -3.4569, 40.4411 ], [ -3.4571, 40.4411 ], [ -3.4571, 40.4412 ], [ -3.4575, 40.4414 ], [ -3.458, 40.442 ], [ -3.4582, 40.4421 ], [ -3.4583, 40.442 ], [ -3.4573, 40.441 ], [ -3.4571, 40.441 ], [ -3.4571, 40.4409 ], [ -3.4569, 40.4411 ] ] ] } },
{ "type": "Feature", "properties": { "municipio": "Torrejón de Ardoz", "clasificacion": "no-urbanizable-protegido", "calificacion": "sin-asignar", "version": "vigente", "fuente": "SIT-CAM WFS — UsoDelSuelo:VPLA_V_CLASIFICACION (https://idem.comunidad.madrid/geosrvg/ows)", "fecha_dato": "2026-05-12", "ambito": "39275", "_raw_CD_SIGLAS": "SNUP", "_raw_DS_CLASIF_GEN": "Suelo No Urbanizable Protegido", "_raw_DS_CLASIF_DET": "Suelo No Urbanizable Protegido Cauces y Vaguadas", "_raw_DS_DOCU": "PLAN GENERAL", "_raw_DS_LEY": "CM Ley 9/1995, E Ley 6/1998, E RDL 1/1992, E RD 1346/1976", "_raw_FC_AC": "1999-05-06", "_raw_NM_AREA_M2": 1492.69927895866, "_cam_code": "148" }, "geometry": { "type": "Polygon", "coordinates": [ [ [ -3.4619, 40.4378 ], [ -3.4601, 40.4386 ], [ -3.4619, 40.4379 ], [ -3.4619, 40.4378 ] ] ] } },
{ "type": "Feature", "properties": { "municipio": "Torrejón de Ardoz", "clasificacion": "no-urbanizable-protegido", "calificacion": "sin-asignar", "version": "vigente", "fuente": "SIT-CAM WFS — UsoDelSuelo:VPLA_V_CLASIFICACION (https://idem.comunidad.madrid/geosrvg/ows)", "fecha_dato": "2026-05-12", "ambito": "39275", "_raw_CD_SIGLAS": "SNUP", "_raw_DS_CLASIF_GEN": "Suelo No Urbanizable Protegido", "_raw_DS_CLASIF_DET": "Suelo No Urbanizable Protegido Cauces y Vaguadas", "_raw_DS_DOCU": "PLAN GENERAL", "_raw_DS_LEY": "CM Ley 9/1995, E Ley 6/1998, E RDL 1/1992, E RD 1346/1976", "_raw_FC_AC": "1999-05-06", "_raw_NM_AREA_M2": 14367.5581745944, "_cam_code": "148" }, "geometry": { "type": "Polygon", "coordinates": [ [ [ -3.46, 40.4389 ], [ -3.4592, 40.4392 ], [ -3.459, 40.4394 ], [ -3.4582, 40.4396 ], [ -3.4582, 40.4397 ], [ -3.4559, 40.4404 ], [ -3.4568, 40.4408 ], [ -3.4587, 40.4397 ], [ -3.46, 40.4391 ], [ -3.46, 40.4389 ] ] ] } },
{ "type": "Feature", "properties": { "municipio": "Torrejón de Ardoz", "clasificacion": "no-urbanizable-protegido", "calificacion": "sin-asignar", "version": "vigente", "fuente": "SIT-CAM WFS — UsoDelSuelo:VPLA_V_CLASIFICACION (https://idem.comunidad.madrid/geosrvg/ows)", "fecha_dato": "2026-05-12", "ambito": "39275", "_raw_CD_SIGLAS": "SNUP", "_raw_DS_CLASIF_GEN": "Suelo No Urbanizable Protegido", "_raw_DS_CLASIF_DET": "Suelo No Urbanizable Protegido Cauces y Vaguadas", "_raw_DS_DOCU": "PLAN GENERAL", "_raw_DS_LEY": "CM Ley 9/1995, E Ley 6/1998, E RDL 1/1992, E RD 1346/1976", "_raw_FC_AC": "1999-05-06", "_raw_NM_AREA_M2": 9855.4283916878194, "_cam_code": "148" }, "geometry": { "type": "Polygon", "coordinates": [ [ [ -3.4553, 40.4405 ], [ -3.4547, 40.4411 ], [ -3.4546, 40.4415 ], [ -3.4547, 40.442 ], [ -3.4556, 40.4412 ], [ -3.4562, 40.4409 ], [ -3.4556, 40.4405 ], [ -3.4553, 40.4405 ] ] ] } },
{ "type": "Feature", "properties": { "municipio": "Torrejón de Ardoz", "clasificacion": "no-urbanizable-protegido", "calificacion": "sin-asignar", "version": "vigente", "fuente": "SIT-CAM WFS — UsoDelSuelo:VPLA_V_CLASIFICACION (https://idem.comunidad.madrid/geosrvg/ows)", "fecha_dato": "2026-05-12", "ambito": "39275", "_raw_CD_SIGLAS": "SNUP", "_raw_DS_CLASIF_GEN": "Suelo No Urbanizable Protegido", "_raw_DS_CLASIF_DET": "Suelo no Urbanizable Protegido Vías Pecuarias", "_raw_DS_DOCU": "PLAN GENERAL", "_raw_DS_LEY": "CM Ley 9/1995, E Ley 6/1998, E RDL 1/1992, E RD 1346/1976", "_raw_FC_AC": "1999-05-06", "_raw_NM_AREA_M2": 48791.782483709001, "_cam_code": "148" }, "geometry": { "type": "GeometryCollection", "geometries": [ { "type": "Polygon", "coordinates": [ [ [ -3.4663, 40.4375 ], [ -3.4665, 40.4371 ], [ -3.4661, 40.4373 ], [ -3.4652, 40.4375 ], [ -3.4638, 40.4374 ], [ -3.4619, 40.437 ], [ -3.4616, 40.4371 ], [ -3.4619, 40.4379 ], [ -3.456, 40.4402 ], [ -3.4552, 40.4403 ], [ -3.4545, 40.441 ], [ -3.4544, 40.4413 ], [ -3.4545, 40.4422 ], [ -3.4547, 40.442 ], [ -3.4547, 40.4418 ], [ -3.4546, 40.4418 ], [ -3.4547, 40.4411 ], [ -3.4552, 40.4405 ], [ -3.4556, 40.4405 ], [ -3.4562, 40.4409 ], [ -3.4566, 40.4409 ], [ -3.4568, 40.4408 ], [ -3.4559, 40.4404 ], [ -3.459, 40.4394 ], [ -3.4592, 40.4392 ], [ -3.4601, 40.4389 ], [ -3.4602, 40.4387 ], [ -3.4607, 40.4387 ], [ -3.4619, 40.4382 ], [ -3.4634, 40.4378 ], [ -3.4643, 40.4378 ], [ -3.4643, 40.4379 ], [ -3.4657, 40.4378 ], [ -3.466, 40.4375 ], [ -3.4663, 40.4375 ] ] ] }, { "type": "LineString", "coordinates": [ [ -3.4665, 40.4371 ], [ -3.4666, 40.4369 ] ] } ] } },
{ "type": "Feature", "properties": { "municipio": "Torrejón de Ardoz", "clasificacion": "no-urbanizable-protegido", "calificacion": "sin-asignar", "version": "vigente", "fuente": "SIT-CAM WFS — UsoDelSuelo:VPLA_V_CLASIFICACION (https://idem.comunidad.madrid/geosrvg/ows)", "fecha_dato": "2026-05-12", "ambito": "39275", "_raw_CD_SIGLAS": "SNUP", "_raw_DS_CLASIF_GEN": "Suelo No Urbanizable Protegido", "_raw_DS_CLASIF_DET": "Suelo no Urbanizable Protegido Vías Pecuarias", "_raw_DS_DOCU": "PLAN GENERAL", "_raw_DS_LEY": "CM Ley 9/1995, E Ley 6/1998, E RDL 1/1992, E RD 1346/1976", "_raw_FC_AC": "1999-05-06", "_raw_NM_AREA_M2": 42009.7861866159, "_cam_code": "148" }, "geometry": { "type": "Polygon", "coordinates": [ [ [ -3.4602, 40.475 ], [ -3.4605, 40.4747 ], [ -3.4607, 40.4747 ], [ -3.4608, 40.4725 ], [ -3.4615, 40.4724 ], [ -3.4626, 40.4719 ], [ -3.4667, 40.4694 ], [ -3.4685, 40.4673 ], [ -3.4683, 40.4673 ], [ -3.4666, 40.4693 ], [ -3.4624, 40.4719 ], [ -3.4615, 40.4723 ], [ -3.4608, 40.4724 ], [ -3.4609, 40.4686 ], [ -3.4614, 40.4683 ], [ -3.4621, 40.4672 ], [ -3.4616, 40.4672 ], [ -3.4616, 40.4674 ], [ -3.4612, 40.4679 ], [ -3.4605, 40.4685 ], [ -3.4602, 40.475 ] ] ] } },
{ "type": "Feature", "properties": { "municipio": "Torrejón de Ardoz", "clasificacion": "no-urbanizable-protegido", "calificacion": "sin-asignar", "version": "vigente", "fuente": "SIT-CAM WFS — UsoDelSuelo:VPLA_V_CLASIFICACION (https://idem.comunidad.madrid/geosrvg/ows)", "fecha_dato": "2026-05-12", "ambito": "39275", "_raw_CD_SIGLAS": "SNUP", "_raw_DS_CLASIF_GEN": "Suelo No Urbanizable Protegido", "_raw_DS_CLASIF_DET": "Suelo no Urbanizable Protegido Vías Pecuarias", "_raw_DS_DOCU": "PLAN GENERAL", "_raw_DS_LEY": "CM Ley 9/1995, E Ley 6/1998, E RDL 1/1992, E RD 1346/1976", "_raw_FC_AC": "1999-05-06", "_raw_NM_AREA_M2": 80583.595956107994, "_cam_code": "148" }, "geometry": { "type": "Polygon", "coordinates": [ [ [ -3.4523, 40.5028 ], [ -3.4446, 40.5056 ], [ -3.4418, 40.5059 ], [ -3.438, 40.5072 ], [ -3.4374, 40.5073 ], [ -3.4347, 40.5087 ], [ -3.4319, 40.5098 ], [ -3.429, 40.5105 ], [ -3.4289, 40.5109 ], [ -3.4324, 40.51 ], [ -3.434, 40.5094 ], [ -3.4355, 40.5087 ], [ -3.4366, 40.508 ], [ -3.4379, 40.5075 ], [ -3.4419, 40.5063 ], [ -3.443, 40.5061 ], [ -3.4447, 40.506 ], [ -3.4482, 40.5047 ], [ -3.4524, 40.5029 ], [ -3.4523, 40.5028 ] ] ] } },
{ "type": "Feature", "properties": { "municipio": "Torrejón de Ardoz", "clasificacion": "no-urbanizable-protegido", "calificacion": "sin-asignar", "version": "vigente", "fuente": "SIT-CAM WFS — UsoDelSuelo:VPLA_V_CLASIFICACION (https://idem.comunidad.madrid/geosrvg/ows)", "fecha_dato": "2026-05-12", "ambito": "39275", "_raw_CD_SIGLAS": "SNUP", "_raw_DS_CLASIF_GEN": "Suelo No Urbanizable Protegido", "_raw_DS_CLASIF_DET": "Suelo No Urbanizable Protegido Zepa", "_raw_DS_DOCU": "PLAN GENERAL", "_raw_DS_LEY": "CM Ley 9/1995, E Ley 6/1998, E RDL 1/1992, E RD 1346/1976", "_raw_FC_AC": "1999-05-06", "_raw_NM_AREA_M2": 1393501.2673986501, "_cam_code": "148" }, "geometry": { "type": "Polygon", "coordinates": [ [ [ -3.4293, 40.5046 ], [ -3.4295, 40.5065 ], [ -3.429, 40.5105 ], [ -3.4319, 40.5098 ], [ -3.4347, 40.5087 ], [ -3.4374, 40.5073 ], [ -3.438, 40.5072 ], [ -3.4414, 40.506 ], [ -3.4446, 40.5056 ], [ -3.4523, 40.5028 ], [ -3.4524, 40.5029 ], [ -3.456, 40.5002 ], [ -3.432, 40.5002 ], [ -3.432, 40.5016 ], [ -3.4294, 40.5016 ], [ -3.4293, 40.5046 ] ] ] } },
{ "type": "Feature", "properties": { "municipio": "Torrejón de Ardoz", "clasificacion": "no-urbanizable-protegido", "calificacion": "sin-asignar", "version": "vigente", "fuente": "SIT-CAM WFS — UsoDelSuelo:VPLA_V_CLASIFICACION (https://idem.comunidad.madrid/geosrvg/ows)", "fecha_dato": "2026-05-12", "ambito": "39275", "_raw_CD_SIGLAS": "SNUP", "_raw_DS_CLASIF_GEN": "Suelo No Urbanizable Protegido", "_raw_DS_CLASIF_DET": "Suelo No Urbanizable Protegido Interés Edafológico", "_raw_DS_DOCU": "PLAN GENERAL", "_raw_DS_LEY": "CM Ley 9/1995, E Ley 6/1998, E RDL 1/1992, E RD 1346/1976", "_raw_FC_AC": "1999-05-06", "_raw_NM_AREA_M2": 72890.889272537199, "_cam_code": "148" }, "geometry": { "type": "Polygon", "coordinates": [ [ [ -3.4507, 40.4425 ], [ -3.4495, 40.4442 ], [ -3.4484, 40.4447 ], [ -3.448, 40.4455 ], [ -3.4473, 40.4462 ], [ -3.4476, 40.4463 ], [ -3.4481, 40.446 ], [ -3.4488, 40.4458 ], [ -3.4497, 40.4445 ], [ -3.45, 40.4444 ], [ -3.4501, 40.4442 ], [ -3.4506, 40.4441 ], [ -3.4511, 40.4434 ], [ -3.452, 40.4431 ], [ -3.4528, 40.4421 ], [ -3.4532, 40.442 ], [ -3.4536, 40.4417 ], [ -3.454, 40.442 ], [ -3.4543, 40.442 ], [ -3.4545, 40.441 ], [ -3.4551, 40.4404 ], [ -3.453, 40.4411 ], [ -3.4508, 40.4421 ], [ -3.4507, 40.4425 ] ] ] } },
{ "type": "Feature", "properties": { "municipio": "Torrejón de Ardoz", "clasificacion": "no-urbanizable-protegido", "calificacion": "sin-asignar", "version": "vigente", "fuente": "SIT-CAM WFS — UsoDelSuelo:VPLA_V_CLASIFICACION (https://idem.comunidad.madrid/geosrvg/ows)", "fecha_dato": "2026-05-12", "ambito": "39275", "_raw_CD_SIGLAS": "SNUP", "_raw_DS_CLASIF_GEN": "Suelo No Urbanizable Protegido", "_raw_DS_CLASIF_DET": "Suelo No Urbanizable Protegido Interés Edafológico", "_raw_DS_DOCU": "PLAN GENERAL", "_raw_DS_LEY": "CM Ley 9/1995, E Ley 6/1998, E RDL 1/1992, E RD 1346/1976", "_raw_FC_AC": "1999-05-06", "_raw_NM_AREA_M2": 69946.994287558293, "_cam_code": "148" }, "geometry": { "type": "Polygon", "coordinates": [ [ [ -3.4528, 40.4421 ], [ -3.452, 40.4431 ], [ -3.4511, 40.4434 ], [ -3.4507, 40.444 ], [ -3.4521, 40.4456 ], [ -3.4517, 40.4458 ], [ -3.4516, 40.4463 ], [ -3.4522, 40.4466 ], [ -3.4526, 40.4462 ], [ -3.453, 40.4445 ], [ -3.4536, 40.4432 ], [ -3.4538, 40.4431 ], [ -3.4543, 40.4423 ], [ -3.4545, 40.4422 ], [ -3.4544, 40.4419 ], [ -3.454, 40.442 ], [ -3.4537, 40.4417 ], [ -3.4528, 40.4421 ] ] ] } },
{ "type": "Feature", "properties": { "municipio": "Torrejón de Ardoz", "clasificacion": "no-urbanizable-protegido", "calificacion": "sin-asignar", "version": "vigente", "fuente": "SIT-CAM WFS — UsoDelSuelo:VPLA_V_CLASIFICACION (https://idem.comunidad.madrid/geosrvg/ows)", "fecha_dato": "2026-05-12", "ambito": "39275", "_raw_CD_SIGLAS": "SNUP", "_raw_DS_CLASIF_GEN": "Suelo No Urbanizable Protegido", "_raw_DS_CLASIF_DET": "Suelo No Urbanizable Protegido Interés Edafológico", "_raw_DS_DOCU": "PLAN GENERAL", "_raw_DS_LEY": "CM Ley 9/1995, E Ley 6/1998, E RDL 1/1992, E RD 1346/1976", "_raw_FC_AC": "1999-05-06", "_raw_NM_AREA_M2": 115038.23181221999, "_cam_code": "148" }, "geometry": { "type": "Polygon", "coordinates": [ [ [ -3.4473, 40.4462 ], [ -3.4456, 40.4483 ], [ -3.4475, 40.4495 ], [ -3.4509, 40.4479 ], [ -3.452, 40.447 ], [ -3.4519, 40.4467 ], [ -3.4515, 40.4468 ], [ -3.4514, 40.4467 ], [ -3.4497, 40.4468 ], [ -3.4489, 40.4457 ], [ -3.4476, 40.4463 ], [ -3.4473, 40.4462 ] ] ] } },
{ "type": "Feature", "properties": { "municipio": "Torrejón de Ardoz", "clasificacion": "no-urbanizable-protegido", "calificacion": "sin-asignar", "version": "vigente", "fuente": "SIT-CAM WFS — UsoDelSuelo:VPLA_V_CLASIFICACION (https://idem.comunidad.madrid/geosrvg/ows)", "fecha_dato": "2026-05-12", "ambito": "39275", "_raw_CD_SIGLAS": "SNUP", "_raw_DS_CLASIF_GEN": "Suelo No Urbanizable Protegido", "_raw_DS_CLASIF_DET": "Suelo no Urbanizable Protegido Vías Pecuarias", "_raw_DS_DOCU": "PLAN GENERAL", "_raw_DS_LEY": "CM Ley 9/1995, E Ley 6/1998, E RDL 1/1992, E RD 1346/1976", "_raw_FC_AC": "1999-05-06", "_raw_NM_AREA_M2": 81516.959399342304, "_cam_code": "148" }, "geometry": { "type": "Polygon", "coordinates": [ [ [ -3.4783, 40.4862 ], [ -3.4784, 40.4865 ], [ -3.4781, 40.4867 ], [ -3.4781, 40.487 ], [ -3.4888, 40.48 ], [ -3.4972, 40.4732 ], [ -3.4995, 40.4718 ], [ -3.4978, 40.4726 ], [ -3.4969, 40.4729 ], [ -3.4968, 40.4728 ], [ -3.4943, 40.4747 ], [ -3.4923, 40.477 ], [ -3.4899, 40.4788 ], [ -3.4885, 40.4796 ], [ -3.4866, 40.4812 ], [ -3.4852, 40.4819 ], [ -3.4829, 40.4835 ], [ -3.4829, 40.4836 ], [ -3.4796, 40.4857 ], [ -3.4783, 40.4862 ] ] ] } },
{ "type": "Feature", "properties": { "municipio": "Torrejón de Ardoz", "clasificacion": "no-urbanizable-protegido", "calificacion": "sin-asignar", "version": "vigente", "fuente": "SIT-CAM WFS — UsoDelSuelo:VPLA_V_CLASIFICACION (https://idem.comunidad.madrid/geosrvg/ows)", "fecha_dato": "2026-05-12", "ambito": "39275", "_raw_CD_SIGLAS": "SNUP_A", "_raw_DS_CLASIF_GEN": "Suelo No Urbanizable Protegido (APLAZADO)", "_raw_DS_CLASIF_DET": "Suelo No Urbanizable Protegido Cauces y Riberas", "_raw_DS_DOCU": "PLAN GENERAL", "_raw_DS_LEY": "CM Ley 9/1995, E Ley 6/1998, E RDL 1/1992, E RD 1346/1976", "_raw_FC_AC": "1999-05-06", "_raw_NM_AREA_M2": 24938.307060322299, "_cam_code": "148" }, "geometry": { "type": "Polygon", "coordinates": [ [ [ -3.467, 40.4344 ], [ -3.467, 40.4346 ], [ -3.4669, 40.4346 ], [ -3.467, 40.4347 ], [ -3.4669, 40.4355 ], [ -3.4666, 40.4357 ], [ -3.467, 40.4364 ], [ -3.4663, 40.4375 ], [ -3.4668, 40.4374 ], [ -3.4678, 40.4366 ], [ -3.4683, 40.436 ], [ -3.468, 40.4354 ], [ -3.467, 40.4344 ] ] ] } },
{ "type": "Feature", "properties": { "municipio": "Torrejón de Ardoz", "clasificacion": "urbanizable-no-sectorizado", "calificacion": "sin-asignar", "version": "vigente", "fuente": "SIT-CAM WFS — UsoDelSuelo:VPLA_V_CLASIFICACION (https://idem.comunidad.madrid/geosrvg/ows)", "fecha_dato": "2026-05-12", "ambito": "39275", "_raw_CD_SIGLAS": "SUBNS", "_raw_DS_CLASIF_GEN": "Suelo Urbanizable No Programado", "_raw_DS_CLASIF_DET": "Suelo Urbanizable No Programado", "_raw_DS_DOCU": "PLAN GENERAL", "_raw_DS_LEY": "CM Ley 9/1995, E Ley 6/1998, E RDL 1/1992, E RD 1346/1976", "_raw_FC_AC": "1999-05-06", "_raw_NM_AREA_M2": 281228.93385448097, "_cam_code": "148" }, "geometry": { "type": "Polygon", "coordinates": [ [ [ -3.4398, 40.4722 ], [ -3.4397, 40.4725 ], [ -3.4392, 40.4727 ], [ -3.4437, 40.476 ], [ -3.4479, 40.4727 ], [ -3.447, 40.4719 ], [ -3.4467, 40.472 ], [ -3.4465, 40.4707 ], [ -3.4453, 40.4697 ], [ -3.4449, 40.4697 ], [ -3.4432, 40.4702 ], [ -3.4423, 40.4706 ], [ -3.4411, 40.4708 ], [ -3.441, 40.4714 ], [ -3.4398, 40.4722 ] ] ] } },
{ "type": "Feature", "properties": { "municipio": "Torrejón de Ardoz", "clasificacion": "urbanizable-no-sectorizado", "calificacion": "sin-asignar", "version": "vigente", "fuente": "SIT-CAM WFS — UsoDelSuelo:VPLA_V_CLASIFICACION (https://idem.comunidad.madrid/geosrvg/ows)", "fecha_dato": "2026-05-12", "ambito": "39275", "_raw_CD_SIGLAS": "SUBNS", "_raw_DS_CLASIF_GEN": "Suelo No Urbanizable Común", "_raw_DS_CLASIF_DET": "Suelo No Urbanizable Común", "_raw_DS_DOCU": "PLAN GENERAL", "_raw_DS_LEY": "CM Ley 9/1995, E Ley 6/1998, E RDL 1/1992, E RD 1346/1976", "_raw_FC_AC": "1999-05-06", "_raw_NM_AREA_M2": 208843.18210510199, "_cam_code": "148" }, "geometry": { "type": "Polygon", "coordinates": [ [ [ -3.4621, 40.4672 ], [ -3.462, 40.4675 ], [ -3.4614, 40.4683 ], [ -3.4609, 40.4686 ], [ -3.4608, 40.4724 ], [ -3.4615, 40.4723 ], [ -3.4624, 40.4719 ], [ -3.4666, 40.4693 ], [ -3.4683, 40.4673 ], [ -3.464, 40.4673 ], [ -3.4638, 40.4672 ], [ -3.4621, 40.4672 ] ] ] } },
{ "type": "Feature", "properties": { "municipio": "Torrejón de Ardoz", "clasificacion": "urbanizable-no-sectorizado", "calificacion": "sin-asignar", "version": "vigente", "fuente": "SIT-CAM WFS — UsoDelSuelo:VPLA_V_CLASIFICACION (https://idem.comunidad.madrid/geosrvg/ows)", "fecha_dato": "2026-05-12", "ambito": "39275", "_raw_CD_SIGLAS": "SUBNS", "_raw_DS_CLASIF_GEN": "Suelo No Urbanizable Común", "_raw_DS_CLASIF_DET": "Suelo No Urbanizable Común", "_raw_DS_DOCU": "PLAN GENERAL", "_raw_DS_LEY": "CM Ley 9/1995, E Ley 6/1998, E RDL 1/1992, E RD 1346/1976", "_raw_FC_AC": "1999-05-06", "_raw_NM_AREA_M2": 1279777.9201984301, "_cam_code": "148" }, "geometry": { "type": "Polygon", "coordinates": [ [ [ -3.4513, 40.4706 ], [ -3.461, 40.4788 ], [ -3.4768, 40.4671 ], [ -3.4791, 40.4663 ], [ -3.4822, 40.4664 ], [ -3.4843, 40.4679 ], [ -3.4843, 40.4697 ], [ -3.4847, 40.4689 ], [ -3.4846, 40.4674 ], [ -3.4844, 40.4671 ], [ -3.4839, 40.4669 ], [ -3.4839, 40.4668 ], [ -3.4826, 40.4665 ], [ -3.4823, 40.4663 ], [ -3.4807, 40.4658 ], [ -3.4796, 40.4658 ], [ -3.4795, 40.4659 ], [ -3.479, 40.4659 ], [ -3.479, 40.466 ], [ -3.4784, 40.466 ], [ -3.4739, 40.4669 ], [ -3.471, 40.4672 ], [ -3.4685, 40.4673 ], [ -3.4667, 40.4694 ], [ -3.4626, 40.4719 ], [ -3.4615, 40.4724 ], [ -3.4608, 40.4725 ], [ -3.4607, 40.4747 ], [ -3.4605, 40.4747 ], [ -3.4602, 40.475 ], [ -3.4605, 40.4685 ], [ -3.4612, 40.4679 ], [ -3.4616, 40.4674 ], [ -3.4616, 40.4672 ], [ -3.4573, 40.4672 ], [ -3.4553, 40.4675 ], [ -3.4553, 40.4676 ], [ -3.4548, 40.4677 ], [ -3.4548, 40.4678 ], [ -3.4513, 40.4703 ], [ -3.4513, 40.4706 ] ] ] } },
{ "type": "Feature", "properties": { "municipio": "Torrejón de Ardoz", "clasificacion": "urbanizable-no-sectorizado", "calificacion": "sin-asignar", "version": "vigente", "fuente": "SIT-CAM WFS — UsoDelSuelo:VPLA_V_CLASIFICACION (https://idem.comunidad.madrid/geosrvg/ows)", "fecha_dato": "2026-05-12", "ambito": "39275", "_raw_CD_SIGLAS": "SUBNS", "_raw_DS_CLASIF_GEN": "Suelo Urbanizable No Programado", "_raw_DS_CLASIF_DET": "Suelo Urbanizable No Programado", "_raw_DS_DOCU": "PLAN GENERAL", "_raw_DS_LEY": "CM Ley 9/1995, E Ley 6/1998, E RDL 1/1992, E RD 1346/1976", "_raw_FC_AC": "1999-05-06", "_raw_NM_AREA_M2": 330937.67157424201, "_cam_code": "148" }, "geometry": { "type": "Polygon", "coordinates": [ [ [ -3.4778, 40.441 ], [ -3.4786, 40.4411 ], [ -3.4785, 40.4385 ], [ -3.4785, 40.4358 ], [ -3.4786, 40.4355 ], [ -3.4818, 40.4311 ], [ -3.4824, 40.4307 ], [ -3.4823, 40.4305 ], [ -3.482, 40.4307 ], [ -3.4815, 40.4314 ], [ -3.4789, 40.432 ], [ -3.4777, 40.4325 ], [ -3.4764, 40.4327 ], [ -3.4737, 40.4335 ], [ -3.4739, 40.4348 ], [ -3.4741, 40.4347 ], [ -3.4753, 40.4369 ], [ -3.4754, 40.4369 ], [ -3.4757, 40.4377 ], [ -3.4757, 40.4387 ], [ -3.4755, 40.4393 ], [ -3.4749, 40.4402 ], [ -3.477, 40.4411 ], [ -3.4778, 40.4411 ], [ -3.4778, 40.441 ] ] ] } },
{ "type": "Feature", "properties": { "municipio": "Torrejón de Ardoz", "clasificacion": "urbanizable-no-sectorizado", "calificacion": "sin-asignar", "version": "vigente", "fuente": "SIT-CAM WFS — UsoDelSuelo:VPLA_V_CLASIFICACION (https://idem.comunidad.madrid/geosrvg/ows)", "fecha_dato": "2026-05-12", "ambito": "39275", "_raw_CD_SIGLAS": "SUBNS", "_raw_DS_CLASIF_GEN": "Suelo Urbanizable No Programado", "_raw_DS_CLASIF_DET": "Suelo Urbanizable No Programado", "_raw_DS_DOCU": "PLAN GENERAL", "_raw_DS_LEY": "CM Ley 9/1995, E Ley 6/1998, E RDL 1/1992, E RD 1346/1976", "_raw_FC_AC": "1999-05-06", "_raw_NM_AREA_M2": 2054296.3308647799, "_cam_code": "148" }, "geometry": { "type": "Polygon", "coordinates": [ [ [ -3.4794, 40.4842 ], [ -3.4806, 40.4845 ], [ -3.48, 40.4854 ], [ -3.4798, 40.4855 ], [ -3.48, 40.4854 ], [ -3.4803, 40.4852 ], [ -3.4809, 40.4849 ], [ -3.4829, 40.4836 ], [ -3.4829, 40.4835 ], [ -3.4852, 40.4819 ], [ -3.4866, 40.4812 ], [ -3.4885, 40.4796 ], [ -3.4906, 40.4783 ], [ -3.4911, 40.4778 ], [ -3.4923, 40.477 ], [ -3.4943, 40.4747 ], [ -3.4969, 40.4728 ], [ -3.4957, 40.4711 ], [ -3.4963, 40.4709 ], [ -3.4979, 40.47 ], [ -3.4979, 40.4699 ], [ -3.4966, 40.4682 ], [ -3.4953, 40.4658 ], [ -3.4949, 40.4648 ], [ -3.4932, 40.4622 ], [ -3.4889, 40.4636 ], [ -3.4884, 40.4641 ], [ -3.488, 40.4648 ], [ -3.4875, 40.4652 ], [ -3.4855, 40.4664 ], [ -3.4854, 40.4666 ], [ -3.4849, 40.4666 ], [ -3.4849, 40.4668 ], [ -3.4851, 40.4668 ], [ -3.4851, 40.4669 ], [ -3.4846, 40.4674 ], [ -3.4847, 40.4689 ], [ -3.4843, 40.4696 ], [ -3.4843, 40.4698 ], [ -3.4822, 40.4712 ], [ -3.4825, 40.4721 ], [ -3.4811, 40.4724 ], [ -3.4814, 40.4735 ], [ -3.4828, 40.4732 ], [ -3.4835, 40.4755 ], [ -3.4837, 40.4758 ], [ -3.4832, 40.4761 ], [ -3.4831, 40.4764 ], [ -3.4828, 40.4765 ], [ -3.4828, 40.4766 ], [ -3.4787, 40.4789 ], [ -3.4788, 40.4793 ], [ -3.4787, 40.4793 ], [ -3.4786, 40.4796 ], [ -3.4782, 40.4797 ], [ -3.4778, 40.4807 ], [ -3.4779, 40.4832 ], [ -3.4781, 40.4845 ], [ -3.4788, 40.4845 ], [ -3.4788, 40.4846 ], [ -3.4793, 40.4845 ], [ -3.4794, 40.4842 ] ] ] } },
{ "type": "Feature", "properties": { "municipio": "Torrejón de Ardoz", "clasificacion": "urbanizable-no-sectorizado", "calificacion": "sin-asignar", "version": "vigente", "fuente": "SIT-CAM WFS — UsoDelSuelo:VPLA_V_CLASIFICACION (https://idem.comunidad.madrid/geosrvg/ows)", "fecha_dato": "2026-05-12", "ambito": "39275", "_raw_CD_SIGLAS": "SUBNS", "_raw_DS_CLASIF_GEN": "Suelo Urbanizable No Programado", "_raw_DS_CLASIF_DET": "Suelo Urbanizable No Programado", "_raw_DS_DOCU": "PLAN GENERAL", "_raw_DS_LEY": "CM Ley 9/1995, E Ley 6/1998, E RDL 1/1992, E RD 1346/1976", "_raw_FC_AC": "1999-05-06", "_raw_NM_AREA_M2": 1264939.6171764999, "_cam_code": "148" }, "geometry": { "type": "Polygon", "coordinates": [ [ [ -3.4279, 40.4717 ], [ -3.4259, 40.4721 ], [ -3.4259, 40.4725 ], [ -3.4261, 40.4726 ], [ -3.4266, 40.4735 ], [ -3.4267, 40.4738 ], [ -3.4266, 40.4744 ], [ -3.4268, 40.475 ], [ -3.4272, 40.4758 ], [ -3.4279, 40.4767 ], [ -3.428, 40.4781 ], [ -3.4282, 40.479 ], [ -3.4283, 40.479 ], [ -3.4292, 40.4804 ], [ -3.4355, 40.476 ], [ -3.4395, 40.4729 ], [ -3.4392, 40.4727 ], [ -3.4397, 40.4725 ], [ -3.4398, 40.4722 ], [ -3.441, 40.4714 ], [ -3.4411, 40.4708 ], [ -3.4423, 40.4706 ], [ -3.4432, 40.4702 ], [ -3.4449, 40.4697 ], [ -3.4453, 40.4697 ], [ -3.4465, 40.4707 ], [ -3.4467, 40.472 ], [ -3.447, 40.4719 ], [ -3.4479, 40.4727 ], [ -3.4505, 40.4706 ], [ -3.4504, 40.4706 ], [ -3.4504, 40.4703 ], [ -3.4507, 40.47 ], [ -3.4509, 40.47 ], [ -3.4514, 40.4695 ], [ -3.4517, 40.4694 ], [ -3.452, 40.469 ], [ -3.453, 40.4682 ], [ -3.453, 40.4676 ], [ -3.4525, 40.4672 ], [ -3.449, 40.4672 ], [ -3.4474, 40.4675 ], [ -3.4447, 40.4676 ], [ -3.4446, 40.4677 ], [ -3.4423, 40.4677 ], [ -3.4402, 40.4681 ], [ -3.4376, 40.469 ], [ -3.4363, 40.4688 ], [ -3.4349, 40.4689 ], [ -3.4309, 40.4697 ], [ -3.4305, 40.4699 ], [ -3.4303, 40.4703 ], [ -3.4303, 40.471 ], [ -3.4299, 40.4715 ], [ -3.4293, 40.4717 ], [ -3.4293, 40.4716 ], [ -3.4291, 40.4716 ], [ -3.4279, 40.4717 ] ] ] } },
{ "type": "Feature", "properties": { "municipio": "Torrejón de Ardoz", "clasificacion": "urbanizable-no-sectorizado", "calificacion": "sin-asignar", "version": "vigente", "fuente": "SIT-CAM WFS — UsoDelSuelo:VPLA_V_CLASIFICACION (https://idem.comunidad.madrid/geosrvg/ows)", "fecha_dato": "2026-05-12", "ambito": "39275", "_raw_CD_SIGLAS": "SUBNS_A", "_raw_DS_CLASIF_GEN": "Suelo Urbanizable No Programado (APLAZADO)", "_raw_DS_CLASIF_DET": "Suelo Urbanizable No Programado", "_raw_DS_DOCU": "PLAN GENERAL", "_raw_DS_LEY": "CM Ley 9/1995, E Ley 6/1998, E RDL 1/1992, E RD 1346/1976", "_raw_FC_AC": "1999-05-06", "_raw_NM_AREA_M2": 113579.280763963, "_cam_code": "148" }, "geometry": { "type": "Polygon", "coordinates": [ [ [ -3.4819, 40.4312 ], [ -3.4809, 40.4326 ], [ -3.4809, 40.433 ], [ -3.4807, 40.4334 ], [ -3.4803, 40.4337 ], [ -3.4801, 40.4337 ], [ -3.4801, 40.4338 ], [ -3.4821, 40.4355 ], [ -3.4851, 40.4348 ], [ -3.4834, 40.4323 ], [ -3.4831, 40.4321 ], [ -3.4833, 40.4315 ], [ -3.4825, 40.4308 ], [ -3.4819, 40.4312 ] ] ] } },
{ "type": "Feature", "properties": { "municipio": "Torrejón de Ardoz", "clasificacion": "urbanizable-no-sectorizado", "calificacion": "sin-asignar", "version": "vigente", "fuente": "SIT-CAM WFS — UsoDelSuelo:VPLA_V_CLASIFICACION (https://idem.comunidad.madrid/geosrvg/ows)", "fecha_dato": "2026-05-12", "ambito": "39275", "_raw_CD_SIGLAS": "SUBNS_A", "_raw_DS_CLASIF_GEN": "Suelo Urbanizable No Programado (APLAZADO)", "_raw_DS_CLASIF_DET": "Suelo Urbanizable No Programado", "_raw_DS_DOCU": "PLAN GENERAL", "_raw_DS_LEY": "CM Ley 9/1995, E Ley 6/1998, E RDL 1/1992, E RD 1346/1976", "_raw_FC_AC": "1999-05-06", "_raw_NM_AREA_M2": 768127.98091235897, "_cam_code": "148" }, "geometry": { "type": "Polygon", "coordinates": [ [ [ -3.4792, 40.4452 ], [ -3.4789, 40.4463 ], [ -3.4801, 40.4461 ], [ -3.4807, 40.4459 ], [ -3.4811, 40.4456 ], [ -3.4813, 40.4456 ], [ -3.4813, 40.4455 ], [ -3.4817, 40.4455 ], [ -3.4819, 40.445 ], [ -3.482, 40.445 ], [ -3.4829, 40.4436 ], [ -3.4838, 40.4435 ], [ -3.4889, 40.4422 ], [ -3.4898, 40.4421 ], [ -3.4899, 40.4423 ], [ -3.49, 40.4422 ], [ -3.4903, 40.4416 ], [ -3.4883, 40.4377 ], [ -3.4871, 40.4361 ], [ -3.4869, 40.436 ], [ -3.4868, 40.4357 ], [ -3.4859, 40.4359 ], [ -3.4852, 40.4348 ], [ -3.4821, 40.4355 ], [ -3.4803, 40.4339 ], [ -3.4801, 40.4338 ], [ -3.4797, 40.4342 ], [ -3.4798, 40.4343 ], [ -3.4791, 40.435 ], [ -3.4787, 40.4359 ], [ -3.4788, 40.4377 ], [ -3.4799, 40.4386 ], [ -3.4797, 40.4391 ], [ -3.4798, 40.4447 ], [ -3.4792, 40.4452 ] ] ] } },
{ "type": "Feature", "properties": { "municipio": "Torrejón de Ardoz", "clasificacion": "urbanizable-no-sectorizado", "calificacion": "sin-asignar", "version": "vigente", "fuente": "SIT-CAM WFS — UsoDelSuelo:VPLA_V_CLASIFICACION (https://idem.comunidad.madrid/geosrvg/ows)", "fecha_dato": "2026-05-12", "ambito": "39275", "_raw_CD_SIGLAS": "SUBNS_A", "_raw_DS_CLASIF_GEN": "Suelo Urbanizable No Programado (APLAZADO)", "_raw_DS_CLASIF_DET": "Suelo Urbanizable No Programado", "_raw_DS_DOCU": "PLAN GENERAL", "_raw_DS_LEY": "CM Ley 9/1995, E Ley 6/1998, E RDL 1/1992, E RD 1346/1976", "_raw_FC_AC": "1999-05-06", "_raw_NM_AREA_M2": 6257.4261014534904, "_cam_code": "148" }, "geometry": { "type": "Polygon", "coordinates": [ [ [ -3.4782, 40.441 ], [ -3.4783, 40.442 ], [ -3.4785, 40.4424 ], [ -3.4784, 40.4443 ], [ -3.4785, 40.4449 ], [ -3.4786, 40.4449 ], [ -3.4786, 40.4411 ], [ -3.4782, 40.441 ] ] ] } },
{ "type": "Feature", "properties": { "municipio": "Torrejón de Ardoz", "clasificacion": "urbanizable-no-sectorizado", "calificacion": "sin-asignar", "version": "vigente", "fuente": "SIT-CAM WFS — UsoDelSuelo:VPLA_V_CLASIFICACION (https://idem.comunidad.madrid/geosrvg/ows)", "fecha_dato": "2026-05-12", "ambito": "39275", "_raw_CD_SIGLAS": "SUBNS_A", "_raw_DS_CLASIF_GEN": "Suelo Urbanizable No Programado (APLAZADO)", "_raw_DS_CLASIF_DET": "Suelo Urbanizable No Programado", "_raw_DS_DOCU": "PLAN GENERAL", "_raw_DS_LEY": "CM Ley 9/1995, E Ley 6/1998, E RDL 1/1992, E RD 1346/1976", "_raw_FC_AC": "1999-05-06", "_raw_NM_AREA_M2": 62104.406248415296, "_cam_code": "148" }, "geometry": { "type": "Polygon", "coordinates": [ [ [ -3.4522, 40.4473 ], [ -3.4516, 40.4478 ], [ -3.4502, 40.4485 ], [ -3.4502, 40.4486 ], [ -3.4477, 40.4497 ], [ -3.4481, 40.4501 ], [ -3.4514, 40.4507 ], [ -3.4519, 40.4501 ], [ -3.4521, 40.4494 ], [ -3.4516, 40.4491 ], [ -3.4513, 40.4487 ], [ -3.4513, 40.4485 ], [ -3.4525, 40.4472 ], [ -3.4522, 40.4473 ] ] ] } },
{ "type": "Feature", "properties": { "municipio": "Torrejón de Ardoz", "clasificacion": "urbanizable-sectorizado", "calificacion": "sin-asignar", "version": "vigente", "fuente": "SIT-CAM WFS — UsoDelSuelo:VPLA_V_CLASIFICACION (https://idem.comunidad.madrid/geosrvg/ows)", "fecha_dato": "2026-05-12", "ambito": "39275", "_raw_CD_SIGLAS": "SUBS", "_raw_DS_CLASIF_GEN": "Suelo Urbanizable Programado", "_raw_DS_CLASIF_DET": "Suelo Urbanizable Programado en Curso de Ejecución", "_raw_DS_DOCU": "PLAN GENERAL", "_raw_DS_LEY": "CM Ley 9/1995, E Ley 6/1998, E RDL 1/1992, E RD 1346/1976", "_raw_FC_AC": "1999-05-06", "_raw_NM_AREA_M2": 487126.74124232301, "_cam_code": "148" }, "geometry": { "type": "Polygon", "coordinates": [ [ [ -3.4792, 40.4502 ], [ -3.4792, 40.4516 ], [ -3.4791, 40.4519 ], [ -3.4792, 40.453 ], [ -3.4798, 40.4537 ], [ -3.4806, 40.454 ], [ -3.482, 40.454 ], [ -3.4825, 40.4538 ], [ -3.4893, 40.4524 ], [ -3.4887, 40.4487 ], [ -3.4877, 40.4488 ], [ -3.4829, 40.4501 ], [ -3.4819, 40.447 ], [ -3.4821, 40.447 ], [ -3.4825, 40.4466 ], [ -3.4826, 40.4461 ], [ -3.4825, 40.4461 ], [ -3.4823, 40.4457 ], [ -3.4818, 40.4456 ], [ -3.4818, 40.4455 ], [ -3.4813, 40.4455 ], [ -3.4813, 40.4456 ], [ -3.4811, 40.4456 ], [ -3.4807, 40.4459 ], [ -3.4789, 40.4463 ], [ -3.4788, 40.4467 ], [ -3.4789, 40.4469 ], [ -3.4789, 40.4481 ], [ -3.4792, 40.4502 ] ] ] } },
{ "type": "Feature", "properties": { "municipio": "Torrejón de Ardoz", "clasificacion": "urbanizable-sectorizado", "calificacion": "sin-asignar", "version": "vigente", "fuente": "SIT-CAM WFS — UsoDelSuelo:VPLA_V_CLASIFICACION (https://idem.comunidad.madrid/geosrvg/ows)", "fecha_dato": "2026-05-12", "ambito": "39275", "_raw_CD_SIGLAS": "SUBS", "_raw_DS_CLASIF_GEN": "Suelo Urbanizable Programado", "_raw_DS_CLASIF_DET": "Suelo Urbanizable Programado en Curso de Ejecución", "_raw_DS_DOCU": "PLAN GENERAL", "_raw_DS_LEY": "CM Ley 9/1995, E Ley 6/1998, E RDL 1/1992, E RD 1346/1976", "_raw_FC_AC": "1999-05-06", "_raw_NM_AREA_M2": 328499.56210533303, "_cam_code": "148" }, "geometry": { "type": "Polygon", "coordinates": [ [ [ -3.4716, 40.4455 ], [ -3.4744, 40.4466 ], [ -3.4749, 40.4471 ], [ -3.4749, 40.4472 ], [ -3.473, 40.4476 ], [ -3.4731, 40.4479 ], [ -3.4771, 40.4471 ], [ -3.477, 40.4458 ], [ -3.4775, 40.4453 ], [ -3.4785, 40.4449 ], [ -3.4784, 40.4443 ], [ -3.4785, 40.4424 ], [ -3.4783, 40.442 ], [ -3.4782, 40.441 ], [ -3.4778, 40.441 ], [ -3.4778, 40.4411 ], [ -3.4768, 40.441 ], [ -3.4769, 40.4432 ], [ -3.4715, 40.4412 ], [ -3.4719, 40.4419 ], [ -3.4719, 40.4422 ], [ -3.4713, 40.4428 ], [ -3.4704, 40.4432 ], [ -3.4701, 40.4436 ], [ -3.4703, 40.445 ], [ -3.47, 40.4456 ], [ -3.4701, 40.446 ], [ -3.4701, 40.4464 ], [ -3.47, 40.4464 ], [ -3.4703, 40.4465 ], [ -3.4703, 40.4464 ], [ -3.4705, 40.4464 ], [ -3.4705, 40.4465 ], [ -3.471, 40.4457 ], [ -3.4715, 40.4457 ], [ -3.4716, 40.4455 ] ] ] } },
{ "type": "Feature", "properties": { "municipio": "Torrejón de Ardoz", "clasificacion": "urbanizable-sectorizado", "calificacion": "sin-asignar", "version": "vigente", "fuente": "SIT-CAM WFS — UsoDelSuelo:VPLA_V_CLASIFICACION (https://idem.comunidad.madrid/geosrvg/ows)", "fecha_dato": "2026-05-12", "ambito": "39275", "_raw_CD_SIGLAS": "SUBS", "_raw_DS_CLASIF_GEN": "Suelo Urbanizable Programado", "_raw_DS_CLASIF_DET": "Suelo Urbanizable Programado en Curso de Ejecución", "_raw_DS_DOCU": "PLAN GENERAL", "_raw_DS_LEY": "CM Ley 9/1995, E Ley 6/1998, E RDL 1/1992, E RD 1346/1976", "_raw_FC_AC": "1999-05-06", "_raw_NM_AREA_M2": 44950.234715188497, "_cam_code": "148" }, "geometry": { "type": "Polygon", "coordinates": [ [ [ -3.4758, 40.4476 ], [ -3.476, 40.448 ], [ -3.4762, 40.4496 ], [ -3.4775, 40.45 ], [ -3.4775, 40.4498 ], [ -3.4783, 40.4495 ], [ -3.4781, 40.4483 ], [ -3.4775, 40.4472 ], [ -3.4758, 40.4476 ] ] ] } },
{ "type": "Feature", "properties": { "municipio": "Torrejón de Ardoz", "clasificacion": "urbanizable-sectorizado", "calificacion": "sin-asignar", "version": "vigente", "fuente": "SIT-CAM WFS — UsoDelSuelo:VPLA_V_CLASIFICACION (https://idem.comunidad.madrid/geosrvg/ows)", "fecha_dato": "2026-05-12", "ambito": "39275", "_raw_CD_SIGLAS": "SUBS", "_raw_DS_CLASIF_GEN": "Suelo Urbanizable Programado", "_raw_DS_CLASIF_DET": "Suelo Urbanizable Programado en Curso de Ejecución", "_raw_DS_DOCU": "PLAN GENERAL", "_raw_DS_LEY": "CM Ley 9/1995, E Ley 6/1998, E RDL 1/1992, E RD 1346/1976", "_raw_FC_AC": "1999-05-06", "_raw_NM_AREA_M2": 192061.57577024199, "_cam_code": "148" }, "geometry": { "type": "Polygon", "coordinates": [ [ [ -3.4719, 40.45 ], [ -3.4742, 40.4525 ], [ -3.4743, 40.4525 ], [ -3.474, 40.4519 ], [ -3.4742, 40.4518 ], [ -3.4781, 40.451 ], [ -3.478, 40.4501 ], [ -3.4773, 40.45 ], [ -3.4762, 40.4496 ], [ -3.476, 40.448 ], [ -3.4758, 40.4476 ], [ -3.4708, 40.4486 ], [ -3.4695, 40.449 ], [ -3.4697, 40.4494 ], [ -3.4708, 40.4506 ], [ -3.4719, 40.45 ] ] ] } },
{ "type": "Feature", "properties": { "municipio": "Torrejón de Ardoz", "clasificacion": "urbanizable-sectorizado", "calificacion": "sin-asignar", "version": "vigente", "fuente": "SIT-CAM WFS — UsoDelSuelo:VPLA_V_CLASIFICACION (https://idem.comunidad.madrid/geosrvg/ows)", "fecha_dato": "2026-05-12", "ambito": "39275", "_raw_CD_SIGLAS": "SUBS", "_raw_DS_CLASIF_GEN": "Suelo Urbanizable Programado", "_raw_DS_CLASIF_DET": "Suelo Urbanizable Programado en Curso de Ejecución", "_raw_DS_DOCU": "PLAN GENERAL", "_raw_DS_LEY": "CM Ley 9/1995, E Ley 6/1998, E RDL 1/1992, E RD 1346/1976", "_raw_FC_AC": "1999-05-06", "_raw_NM_AREA_M2": 98755.133095424593, "_cam_code": "148" }, "geometry": { "type": "Polygon", "coordinates": [ [ [ -3.47, 40.4464 ], [ -3.4696, 40.447 ], [ -3.4682, 40.4476 ], [ -3.4688, 40.4482 ], [ -3.4694, 40.4482 ], [ -3.47, 40.4485 ], [ -3.4703, 40.4485 ], [ -3.4733, 40.4479 ], [ -3.473, 40.4478 ], [ -3.473, 40.4476 ], [ -3.4749, 40.4472 ], [ -3.4746, 40.4467 ], [ -3.4716, 40.4455 ], [ -3.4715, 40.4457 ], [ -3.471, 40.4457 ], [ -3.4705, 40.4465 ], [ -3.4705, 40.4464 ], [ -3.4703, 40.4464 ], [ -3.4703, 40.4465 ], [ -3.47, 40.4464 ] ] ] } },
{ "type": "Feature", "properties": { "municipio": "Torrejón de Ardoz", "clasificacion": "urbanizable-sectorizado", "calificacion": "sin-asignar", "version": "vigente", "fuente": "SIT-CAM WFS — UsoDelSuelo:VPLA_V_CLASIFICACION (https://idem.comunidad.madrid/geosrvg/ows)", "fecha_dato": "2026-05-12", "ambito": "39275", "_raw_CD_SIGLAS": "SUBS", "_raw_DS_CLASIF_GEN": "Suelo Urbanizable Programado", "_raw_DS_CLASIF_DET": "Suelo Urbanizable Programado en Curso de Ejecución", "_raw_DS_DOCU": "PLAN GENERAL", "_raw_DS_LEY": "CM Ley 9/1995, E Ley 6/1998, E RDL 1/1992, E RD 1346/1976", "_raw_FC_AC": "1999-05-06", "_raw_NM_AREA_M2": 233606.807475704, "_cam_code": "148" }, "geometry": { "type": "Polygon", "coordinates": [ [ [ -3.4553, 40.445 ], [ -3.454, 40.4484 ], [ -3.4568, 40.446 ], [ -3.4575, 40.4452 ], [ -3.4604, 40.4434 ], [ -3.4613, 40.4442 ], [ -3.4617, 40.4444 ], [ -3.4639, 40.4431 ], [ -3.4607, 40.4395 ], [ -3.4602, 40.4397 ], [ -3.4585, 40.4415 ], [ -3.4578, 40.443 ], [ -3.4577, 40.4437 ], [ -3.456, 40.4434 ], [ -3.4556, 40.4449 ], [ -3.4553, 40.445 ] ] ] } },
{ "type": "Feature", "properties": { "municipio": "Torrejón de Ardoz", "clasificacion": "urbanizable-sectorizado", "calificacion": "sin-asignar", "version": "vigente", "fuente": "SIT-CAM WFS — UsoDelSuelo:VPLA_V_CLASIFICACION (https://idem.comunidad.madrid/geosrvg/ows)", "fecha_dato": "2026-05-12", "ambito": "39275", "_raw_CD_SIGLAS": "SUBS", "_raw_DS_CLASIF_GEN": "Suelo Urbanizable Programado (INCORPORADO)", "_raw_DS_CLASIF_DET": "Suelo Urbanizable Programado en Curso de Ejecución", "_raw_DS_DOCU": "PLAN GENERAL", "_raw_DS_LEY": "CM Ley 9/1995, E Ley 6/1998, E RDL 1/1992, E RD 1346/1976", "_raw_FC_AC": "1999-05-06", "_raw_NM_AREA_M2": 4046.9594697264001, "_cam_code": "148" }, "geometry": { "type": "Polygon", "coordinates": [ [ [ -3.4784, 40.447 ], [ -3.4783, 40.4475 ], [ -3.4784, 40.4475 ], [ -3.4789, 40.4488 ], [ -3.4787, 40.447 ], [ -3.4784, 40.447 ] ] ] } },
{ "type": "Feature", "properties": { "municipio": "Torrejón de Ardoz", "clasificacion": "urbanizable-sectorizado", "calificacion": "sin-asignar", "version": "vigente", "fuente": "SIT-CAM WFS — UsoDelSuelo:VPLA_V_CLASIFICACION (https://idem.comunidad.madrid/geosrvg/ows)", "fecha_dato": "2026-05-12", "ambito": "39275", "_raw_CD_SIGLAS": "SUBS", "_raw_DS_CLASIF_GEN": "Suelo Urbanizable Programado", "_raw_DS_CLASIF_DET": "Suelo Urbanizable Programado en Curso de Ejecución", "_raw_DS_DOCU": "PLAN GENERAL", "_raw_DS_LEY": "CM Ley 9/1995, E Ley 6/1998, E RDL 1/1992, E RD 1346/1976", "_raw_FC_AC": "1999-05-06", "_raw_NM_AREA_M2": 370018.67043041298, "_cam_code": "148" }, "geometry": { "type": "Polygon", "coordinates": [ [ [ -3.4467, 40.4644 ], [ -3.4448, 40.4649 ], [ -3.4448, 40.465 ], [ -3.4444, 40.4651 ], [ -3.4444, 40.4652 ], [ -3.4433, 40.4656 ], [ -3.444, 40.4669 ], [ -3.4441, 40.467 ], [ -3.4447, 40.467 ], [ -3.4475, 40.4668 ], [ -3.4485, 40.4667 ], [ -3.4496, 40.4664 ], [ -3.4519, 40.4663 ], [ -3.452, 40.4662 ], [ -3.453, 40.4661 ], [ -3.4538, 40.4658 ], [ -3.455, 40.4651 ], [ -3.4559, 40.4641 ], [ -3.456, 40.4638 ], [ -3.4553, 40.4642 ], [ -3.4551, 40.4642 ], [ -3.4549, 40.4635 ], [ -3.4541, 40.4626 ], [ -3.4542, 40.4613 ], [ -3.4505, 40.4621 ], [ -3.4462, 40.4636 ], [ -3.4467, 40.4644 ] ] ] } },
{ "type": "Feature", "properties": { "municipio": "Torrejón de Ardoz", "clasificacion": "urbanizable-sectorizado", "calificacion": "sin-asignar", "version": "vigente", "fuente": "SIT-CAM WFS — UsoDelSuelo:VPLA_V_CLASIFICACION (https://idem.comunidad.madrid/geosrvg/ows)", "fecha_dato": "2026-05-12", "ambito": "39275", "_raw_CD_SIGLAS": "SUBS", "_raw_DS_CLASIF_GEN": "Suelo Urbanizable Programado", "_raw_DS_CLASIF_DET": "Suelo Urbanizable Programado", "_raw_DS_DOCU": "PLAN GENERAL", "_raw_DS_LEY": "CM Ley 9/1995, E Ley 6/1998, E RDL 1/1992, E RD 1346/1976", "_raw_FC_AC": "1999-05-06", "_raw_NM_AREA_M2": 19616.304137961601, "_cam_code": "148" }, "geometry": { "type": "Polygon", "coordinates": [ [ [ -3.4419, 40.4652 ], [ -3.4438, 40.4646 ], [ -3.4434, 40.4638 ], [ -3.4433, 40.4637 ], [ -3.4428, 40.4638 ], [ -3.4414, 40.4643 ], [ -3.4419, 40.4652 ] ] ] } },
{ "type": "Feature", "properties": { "municipio": "Torrejón de Ardoz", "clasificacion": "urbanizable-sectorizado", "calificacion": "sin-asignar", "version": "vigente", "fuente": "SIT-CAM WFS — UsoDelSuelo:VPLA_V_CLASIFICACION (https://idem.comunidad.madrid/geosrvg/ows)", "fecha_dato": "2026-05-12", "ambito": "39275", "_raw_CD_SIGLAS": "SUBS", "_raw_DS_CLASIF_GEN": "Suelo Urbanizable Programado", "_raw_DS_CLASIF_DET": "Suelo Urbanizable Programado", "_raw_DS_DOCU": "PLAN GENERAL", "_raw_DS_LEY": "CM Ley 9/1995, E Ley 6/1998, E RDL 1/1992, E RD 1346/1976", "_raw_FC_AC": "1999-05-06", "_raw_NM_AREA_M2": 13482.366287937301, "_cam_code": "148" }, "geometry": { "type": "Polygon", "coordinates": [ [ [ -3.4396, 40.4659 ], [ -3.4391, 40.4651 ], [ -3.4377, 40.4655 ], [ -3.4381, 40.4664 ], [ -3.4395, 40.466 ], [ -3.4396, 40.4659 ] ] ] } },
{ "type": "Feature", "properties": { "municipio": "Torrejón de Ardoz", "clasificacion": "urbanizable-sectorizado", "calificacion": "sin-asignar", "version": "vigente", "fuente": "SIT-CAM WFS — UsoDelSuelo:VPLA_V_CLASIFICACION (https://idem.comunidad.madrid/geosrvg/ows)", "fecha_dato": "2026-05-12", "ambito": "39275", "_raw_CD_SIGLAS": "SUBS", "_raw_DS_CLASIF_GEN": "Suelo Urbanizable Programado", "_raw_DS_CLASIF_DET": "Suelo Urbanizable Programado", "_raw_DS_DOCU": "PLAN GENERAL", "_raw_DS_LEY": "CM Ley 9/1995, E Ley 6/1998, E RDL 1/1992, E RD 1346/1976", "_raw_FC_AC": "1999-05-06", "_raw_NM_AREA_M2": 1677984.3795364699, "_cam_code": "148" }, "geometry": { "type": "Polygon", "coordinates": [ [ [ -3.4496, 40.4558 ], [ -3.4499, 40.4556 ], [ -3.4499, 40.4554 ], [ -3.45, 40.4554 ], [ -3.4503, 40.4543 ], [ -3.4507, 40.4534 ], [ -3.4509, 40.4522 ], [ -3.4518, 40.4512 ], [ -3.4525, 40.4509 ], [ -3.4481, 40.4501 ], [ -3.4475, 40.4495 ], [ -3.4456, 40.4483 ], [ -3.4443, 40.4499 ], [ -3.4399, 40.4535 ], [ -3.4354, 40.4583 ], [ -3.4335, 40.46 ], [ -3.4311, 40.4615 ], [ -3.4327, 40.4632 ], [ -3.434, 40.4664 ], [ -3.4347, 40.4662 ], [ -3.4356, 40.4658 ], [ -3.4379, 40.4651 ], [ -3.4379, 40.465 ], [ -3.4491, 40.4613 ], [ -3.4477, 40.4605 ], [ -3.4476, 40.46 ], [ -3.4478, 40.4586 ], [ -3.4496, 40.4558 ] ] ] } },
{ "type": "Feature", "properties": { "municipio": "Torrejón de Ardoz", "clasificacion": "urbanizable-sectorizado", "calificacion": "sin-asignar", "version": "vigente", "fuente": "SIT-CAM WFS — UsoDelSuelo:VPLA_V_CLASIFICACION (https://idem.comunidad.madrid/geosrvg/ows)", "fecha_dato": "2026-05-12", "ambito": "39275", "_raw_CD_SIGLAS": "SUBS", "_raw_DS_CLASIF_GEN": "Suelo Urbanizable Programado", "_raw_DS_CLASIF_DET": "Suelo Urbanizable Programado", "_raw_DS_DOCU": "PLAN GENERAL", "_raw_DS_LEY": "CM Ley 9/1995, E Ley 6/1998, E RDL 1/1992, E RD 1346/1976", "_raw_FC_AC": "1999-05-06", "_raw_NM_AREA_M2": 59762.587106837898, "_cam_code": "148" }, "geometry": { "type": "Polygon", "coordinates": [ [ [ -3.4806, 40.4629 ], [ -3.4808, 40.4635 ], [ -3.4799, 40.4636 ], [ -3.4803, 40.465 ], [ -3.482, 40.4646 ], [ -3.482, 40.4645 ], [ -3.4839, 40.4639 ], [ -3.4842, 40.4636 ], [ -3.4841, 40.4627 ], [ -3.4836, 40.4626 ], [ -3.4833, 40.4626 ], [ -3.483, 40.4628 ], [ -3.4827, 40.4628 ], [ -3.4827, 40.4629 ], [ -3.4824, 40.4628 ], [ -3.4808, 40.4628 ], [ -3.4806, 40.4629 ] ] ] } },
{ "type": "Feature", "properties": { "municipio": "Torrejón de Ardoz", "clasificacion": "urbanizable-sectorizado", "calificacion": "sin-asignar", "version": "vigente", "fuente": "SIT-CAM WFS — UsoDelSuelo:VPLA_V_CLASIFICACION (https://idem.comunidad.madrid/geosrvg/ows)", "fecha_dato": "2026-05-12", "ambito": "39275", "_raw_CD_SIGLAS": "SUBS", "_raw_DS_CLASIF_GEN": "Suelo Urbanizable Programado", "_raw_DS_CLASIF_DET": "Suelo Urbanizable Programado", "_raw_DS_DOCU": "PLAN GENERAL", "_raw_DS_LEY": "CM Ley 9/1995, E Ley 6/1998, E RDL 1/1992, E RD 1346/1976", "_raw_FC_AC": "1999-05-06", "_raw_NM_AREA_M2": 240791.72762279501, "_cam_code": "148" }, "geometry": { "type": "Polygon", "coordinates": [ [ [ -3.4377, 40.4655 ], [ -3.4317, 40.4676 ], [ -3.4321, 40.4681 ], [ -3.4293, 40.4688 ], [ -3.4293, 40.4696 ], [ -3.4324, 40.4689 ], [ -3.4379, 40.4681 ], [ -3.4379, 40.468 ], [ -3.44, 40.4676 ], [ -3.4441, 40.467 ], [ -3.4429, 40.4649 ], [ -3.4381, 40.4664 ], [ -3.4377, 40.4655 ] ] ] } },
{ "type": "Feature", "properties": { "municipio": "Torrejón de Ardoz", "clasificacion": "urbanizable-sectorizado", "calificacion": "sin-asignar", "version": "vigente", "fuente": "SIT-CAM WFS — UsoDelSuelo:VPLA_V_CLASIFICACION (https://idem.comunidad.madrid/geosrvg/ows)", "fecha_dato": "2026-05-12", "ambito": "39275", "_raw_CD_SIGLAS": "SUBS", "_raw_DS_CLASIF_GEN": "Suelo Urbanizable Programado (INCORPORADO)", "_raw_DS_CLASIF_DET": "Suelo Urbanizable Programado en Curso de Ejecución", "_raw_DS_DOCU": "PLAN GENERAL", "_raw_DS_LEY": "CM Ley 9/1995, E Ley 6/1998, E RDL 1/1992, E RD 1346/1976", "_raw_FC_AC": "1999-05-06", "_raw_NM_AREA_M2": 5057.3598821017804, "_cam_code": "148" }, "geometry": { "type": "Polygon", "coordinates": [ [ [ -3.4786, 40.4455 ], [ -3.4782, 40.4455 ], [ -3.4783, 40.4469 ], [ -3.4787, 40.4468 ], [ -3.4786, 40.4455 ] ] ] } },
{ "type": "Feature", "properties": { "municipio": "Torrejón de Ardoz", "clasificacion": "urbanizable-sectorizado", "calificacion": "sin-asignar", "version": "vigente", "fuente": "SIT-CAM WFS — UsoDelSuelo:VPLA_V_CLASIFICACION (https://idem.comunidad.madrid/geosrvg/ows)", "fecha_dato": "2026-05-12", "ambito": "39275", "_raw_CD_SIGLAS": "SUBS", "_raw_DS_CLASIF_GEN": "Suelo Urbanizable Programado", "_raw_DS_CLASIF_DET": "Suelo Urbanizable Programado", "_raw_DS_DOCU": "PLAN GENERAL", "_raw_DS_LEY": "CM Ley 9/1995, E Ley 6/1998, E RDL 1/1992, E RD 1346/1976", "_raw_FC_AC": "1999-05-06", "_raw_NM_AREA_M2": 17759.754630747801, "_cam_code": "148" }, "geometry": { "type": "Polygon", "coordinates": [ [ [ -3.4525, 40.4466 ], [ -3.4519, 40.4467 ], [ -3.452, 40.447 ], [ -3.4509, 40.4479 ], [ -3.4475, 40.4495 ], [ -3.4477, 40.4497 ], [ -3.4502, 40.4486 ], [ -3.4502, 40.4485 ], [ -3.4516, 40.4478 ], [ -3.4521, 40.4473 ], [ -3.4526, 40.4472 ], [ -3.4527, 40.4468 ], [ -3.4525, 40.4466 ] ] ] } },
{ "type": "Feature", "properties": { "municipio": "Torrejón de Ardoz", "clasificacion": "urbanizable-sectorizado", "calificacion": "sin-asignar", "version": "vigente", "fuente": "SIT-CAM WFS — UsoDelSuelo:VPLA_V_CLASIFICACION (https://idem.comunidad.madrid/geosrvg/ows)", "fecha_dato": "2026-05-12", "ambito": "39275", "_raw_CD_SIGLAS": "SUBS_A", "_raw_DS_CLASIF_GEN": "Suelo Urbanizable Programado (APLAZADO)", "_raw_DS_CLASIF_DET": "Suelo Urbanizable Programado", "_raw_DS_DOCU": "PLAN GENERAL", "_raw_DS_LEY": "CM Ley 9/1995, E Ley 6/1998, E RDL 1/1992, E RD 1346/1976", "_raw_FC_AC": "1999-05-06", "_raw_NM_AREA_M2": 150229.31224149099, "_cam_code": "148" }, "geometry": { "type": "Polygon", "coordinates": [ [ [ -3.4682, 40.4476 ], [ -3.4696, 40.447 ], [ -3.4698, 40.4466 ], [ -3.4701, 40.4464 ], [ -3.47, 40.4456 ], [ -3.4703, 40.4448 ], [ -3.4691, 40.4448 ], [ -3.4679, 40.4433 ], [ -3.468, 40.4433 ], [ -3.468, 40.4431 ], [ -3.4677, 40.4426 ], [ -3.4672, 40.441 ], [ -3.4665, 40.4412 ], [ -3.4663, 40.4412 ], [ -3.4661, 40.441 ], [ -3.4661, 40.4411 ], [ -3.4653, 40.4414 ], [ -3.4645, 40.4422 ], [ -3.4638, 40.4425 ], [ -3.4638, 40.4426 ], [ -3.464, 40.4428 ], [ -3.4643, 40.4428 ], [ -3.4645, 40.4433 ], [ -3.4653, 40.4428 ], [ -3.4656, 40.4431 ], [ -3.4664, 40.4441 ], [ -3.4663, 40.4444 ], [ -3.4667, 40.4449 ], [ -3.4662, 40.4452 ], [ -3.4667, 40.4457 ], [ -3.4675, 40.4453 ], [ -3.4682, 40.4462 ], [ -3.4674, 40.4466 ], [ -3.4679, 40.4471 ], [ -3.4682, 40.4469 ], [ -3.4685, 40.4472 ], [ -3.4681, 40.4475 ], [ -3.4682, 40.4476 ] ] ] } },
{ "type": "Feature", "properties": { "municipio": "Torrejón de Ardoz", "clasificacion": "urbanizable-sectorizado", "calificacion": "sin-asignar", "version": "vigente", "fuente": "SIT-CAM WFS — UsoDelSuelo:VPLA_V_CLASIFICACION (https://idem.comunidad.madrid/geosrvg/ows)", "fecha_dato": "2026-05-12", "ambito": "39275", "_raw_CD_SIGLAS": "SUBS_A", "_raw_DS_CLASIF_GEN": "Suelo Urbanizable Programado (APLAZADO)", "_raw_DS_CLASIF_DET": "Suelo Urbanizable Programado", "_raw_DS_DOCU": "PLAN GENERAL", "_raw_DS_LEY": "CM Ley 9/1995, E Ley 6/1998, E RDL 1/1992, E RD 1346/1976", "_raw_FC_AC": "1999-05-06", "_raw_NM_AREA_M2": 552352.260382434, "_cam_code": "148" }, "geometry": { "type": "Polygon", "coordinates": [ [ [ -3.4718, 40.4394 ], [ -3.4729, 40.4402 ], [ -3.4717, 40.4409 ], [ -3.4715, 40.4412 ], [ -3.4769, 40.4432 ], [ -3.4768, 40.441 ], [ -3.4749, 40.4402 ], [ -3.4755, 40.4393 ], [ -3.4757, 40.4387 ], [ -3.4757, 40.4377 ], [ -3.4754, 40.4369 ], [ -3.4753, 40.4369 ], [ -3.4741, 40.4347 ], [ -3.4725, 40.4349 ], [ -3.4726, 40.4349 ], [ -3.473, 40.4356 ], [ -3.473, 40.4358 ], [ -3.4737, 40.4368 ], [ -3.474, 40.4375 ], [ -3.4741, 40.4381 ], [ -3.4738, 40.4382 ], [ -3.4739, 40.4382 ], [ -3.474, 40.4385 ], [ -3.4738, 40.4386 ], [ -3.4737, 40.4385 ], [ -3.4727, 40.4393 ], [ -3.4725, 40.439 ], [ -3.473, 40.4385 ], [ -3.4721, 40.437 ], [ -3.472, 40.437 ], [ -3.4709, 40.435 ], [ -3.4683, 40.436 ], [ -3.4678, 40.4366 ], [ -3.4668, 40.4374 ], [ -3.466, 40.4375 ], [ -3.4657, 40.4378 ], [ -3.4648, 40.4379 ], [ -3.4649, 40.4403 ], [ -3.464, 40.4405 ], [ -3.4641, 40.4408 ], [ -3.4636, 40.4409 ], [ -3.4629, 40.4409 ], [ -3.4628, 40.4408 ], [ -3.4624, 40.4411 ], [ -3.4632, 40.4421 ], [ -3.4639, 40.4417 ], [ -3.4645, 40.4422 ], [ -3.4653, 40.4414 ], [ -3.4661, 40.4411 ], [ -3.4661, 40.441 ], [ -3.4663, 40.4412 ], [ -3.4672, 40.441 ], [ -3.468, 40.4432 ], [ -3.4694, 40.442 ], [ -3.4705, 40.4402 ], [ -3.4718, 40.4394 ] ] ] } },
{ "type": "Feature", "properties": { "municipio": "Torrejón de Ardoz", "clasificacion": "urbanizable-sectorizado", "calificacion": "sin-asignar", "version": "vigente", "fuente": "SIT-CAM WFS — UsoDelSuelo:VPLA_V_CLASIFICACION (https://idem.comunidad.madrid/geosrvg/ows)", "fecha_dato": "2026-05-12", "ambito": "39275", "_raw_CD_SIGLAS": "SUBS_A", "_raw_DS_CLASIF_GEN": "Suelo Urbanizable Programado (APLAZADO)", "_raw_DS_CLASIF_DET": "Suelo Urbanizable Programado", "_raw_DS_DOCU": "PLAN GENERAL", "_raw_DS_LEY": "CM Ley 9/1995, E Ley 6/1998, E RDL 1/1992, E RD 1346/1976", "_raw_FC_AC": "1999-05-06", "_raw_NM_AREA_M2": 211770.177967342, "_cam_code": "148" }, "geometry": { "type": "Polygon", "coordinates": [ [ [ -3.4537, 40.4484 ], [ -3.454, 40.4484 ], [ -3.4542, 40.448 ], [ -3.4551, 40.4458 ], [ -3.4552, 40.4452 ], [ -3.4553, 40.445 ], [ -3.4556, 40.4449 ], [ -3.456, 40.4434 ], [ -3.4577, 40.4437 ], [ -3.4578, 40.443 ], [ -3.4582, 40.4421 ], [ -3.4575, 40.4414 ], [ -3.4571, 40.4412 ], [ -3.4571, 40.4411 ], [ -3.4569, 40.4411 ], [ -3.4571, 40.4409 ], [ -3.4571, 40.441 ], [ -3.4573, 40.441 ], [ -3.4583, 40.442 ], [ -3.4588, 40.4411 ], [ -3.4602, 40.4397 ], [ -3.4605, 40.4396 ], [ -3.4603, 40.4394 ], [ -3.4607, 40.4393 ], [ -3.4607, 40.4388 ], [ -3.4602, 40.4387 ], [ -3.46, 40.4389 ], [ -3.46, 40.4391 ], [ -3.4566, 40.4409 ], [ -3.4562, 40.4409 ], [ -3.4556, 40.4412 ], [ -3.4543, 40.4423 ], [ -3.4538, 40.4431 ], [ -3.4536, 40.4432 ], [ -3.453, 40.4445 ], [ -3.4526, 40.4462 ], [ -3.4522, 40.4466 ], [ -3.4525, 40.4466 ], [ -3.4527, 40.4468 ], [ -3.4527, 40.4472 ], [ -3.4535, 40.4478 ], [ -3.4537, 40.4484 ] ] ] } },
{ "type": "Feature", "properties": { "municipio": "Torrejón de Ardoz", "clasificacion": "urbanizable-sectorizado", "calificacion": "sin-asignar", "version": "vigente", "fuente": "SIT-CAM WFS — UsoDelSuelo:VPLA_V_CLASIFICACION (https://idem.comunidad.madrid/geosrvg/ows)", "fecha_dato": "2026-05-12", "ambito": "39275", "_raw_CD_SIGLAS": "SUBS_A", "_raw_DS_CLASIF_GEN": "Suelo Urbanizable Programado (APLAZADO)", "_raw_DS_CLASIF_DET": "Suelo Urbanizable Programado", "_raw_DS_DOCU": "PLAN GENERAL", "_raw_DS_LEY": "CM Ley 9/1995, E Ley 6/1998, E RDL 1/1992, E RD 1346/1976", "_raw_FC_AC": "1999-05-06", "_raw_NM_AREA_M2": 44635.141251635003, "_cam_code": "148" }, "geometry": { "type": "Polygon", "coordinates": [ [ [ -3.4514, 40.4507 ], [ -3.4526, 40.4509 ], [ -3.4528, 40.45 ], [ -3.4531, 40.4494 ], [ -3.4537, 40.4487 ], [ -3.4534, 40.4479 ], [ -3.4526, 40.4473 ], [ -3.4523, 40.4474 ], [ -3.4513, 40.4485 ], [ -3.4513, 40.4487 ], [ -3.4516, 40.4491 ], [ -3.4521, 40.4494 ], [ -3.4519, 40.4501 ], [ -3.4514, 40.4507 ] ] ] } },
{ "type": "Feature", "properties": { "municipio": "Torrejón de Ardoz", "clasificacion": "urbano-consolidado", "calificacion": "sin-asignar", "version": "vigente", "fuente": "SIT-CAM WFS — UsoDelSuelo:VPLA_V_CLASIFICACION (https://idem.comunidad.madrid/geosrvg/ows)", "fecha_dato": "2026-05-12", "ambito": "39275", "_raw_CD_SIGLAS": "SUC", "_raw_DS_CLASIF_GEN": "Suelo Urbano Consolidado", "_raw_DS_CLASIF_DET": "Suelo Urbano Consolidado", "_raw_DS_DOCU": "PLAN GENERAL", "_raw_DS_LEY": "CM Ley 9/1995, E Ley 6/1998, E RDL 1/1992, E RD 1346/1976", "_raw_FC_AC": "1999-05-06", "_raw_NM_AREA_M2": 6104001.0113786403, "_cam_code": "148" }, "geometry": { "type": "Polygon", "coordinates": [ [ [ -3.4379, 40.4681 ], [ -3.4313, 40.4691 ], [ -3.4293, 40.4696 ], [ -3.4292, 40.4715 ], [ -3.4287, 40.4716 ], [ -3.4293, 40.4716 ], [ -3.4293, 40.4717 ], [ -3.4299, 40.4715 ], [ -3.4303, 40.471 ], [ -3.4303, 40.4703 ], [ -3.4305, 40.4699 ], [ -3.4309, 40.4697 ], [ -3.4331, 40.4692 ], [ -3.4358, 40.4688 ], [ -3.4376, 40.469 ], [ -3.4402, 40.4681 ], [ -3.4423, 40.4677 ], [ -3.4446, 40.4677 ], [ -3.4447, 40.4676 ], [ -3.4474, 40.4675 ], [ -3.449, 40.4672 ], [ -3.4525, 40.4672 ], [ -3.453, 40.4676 ], [ -3.453, 40.4682 ], [ -3.452, 40.469 ], [ -3.4517, 40.4694 ], [ -3.4514, 40.4695 ], [ -3.4512, 40.4698 ], [ -3.4507, 40.47 ], [ -3.4504, 40.4703 ], [ -3.4504, 40.4706 ], [ -3.4506, 40.4708 ], [ -3.4511, 40.4708 ], [ -3.4511, 40.4707 ], [ -3.4513, 40.4707 ], [ -3.4513, 40.4703 ], [ -3.4548, 40.4678 ], [ -3.4548, 40.4677 ], [ -3.4562, 40.4673 ], [ -3.4573, 40.4672 ], [ -3.4696, 40.4673 ], [ -3.4698, 40.4672 ], [ -3.471, 40.4672 ], [ -3.4747, 40.4668 ], [ -3.4784, 40.466 ], [ -3.479, 40.466 ], [ -3.479, 40.4659 ], [ -3.4807, 40.4658 ], [ -3.4823, 40.4663 ], [ -3.4826, 40.4665 ], [ -3.4839, 40.4668 ], [ -3.4839, 40.4669 ], [ -3.4844, 40.4671 ], [ -3.4846, 40.4674 ], [ -3.4851, 40.4669 ], [ -3.4851, 40.4668 ], [ -3.4849, 40.4668 ], [ -3.4849, 40.4666 ], [ -3.4854, 40.4666 ], [ -3.4855, 40.4664 ], [ -3.4875, 40.4652 ], [ -3.488, 40.4648 ], [ -3.4884, 40.4641 ], [ -3.4889, 40.4636 ], [ -3.4932, 40.4622 ], [ -3.4929, 40.4618 ], [ -3.4915, 40.4623 ], [ -3.491, 40.4614 ], [ -3.4909, 40.4611 ], [ -3.4923, 40.4608 ], [ -3.4916, 40.4599 ], [ -3.4897, 40.4547 ], [ -3.4893, 40.4524 ], [ -3.4825, 40.4538 ], [ -3.482, 40.454 ], [ -3.4802, 40.4539 ], [ -3.4802, 40.4538 ], [ -3.4798, 40.4537 ], [ -3.4792, 40.453 ], [ -3.4791, 40.4526 ], [ -3.4792, 40.45 ], [ -3.4791, 40.4499 ], [ -3.4791, 40.449 ], [ -3.479, 40.4489 ], [ -3.4789, 40.4469 ], [ -3.4788, 40.4467 ], [ -3.4792, 40.4452 ], [ -3.4798, 40.4447 ], [ -3.4797, 40.4391 ], [ -3.4799, 40.4386 ], [ -3.4788, 40.4377 ], [ -3.4787, 40.4359 ], [ -3.4791, 40.435 ], [ -3.4798, 40.4343 ], [ -3.4797, 40.4342 ], [ -3.4801, 40.4337 ], [ -3.4803, 40.4337 ], [ -3.4807, 40.4334 ], [ -3.4809, 40.433 ], [ -3.4809, 40.4326 ], [ -3.4819, 40.4312 ], [ -3.4825, 40.4307 ], [ -3.4818, 40.4311 ], [ -3.48, 40.4337 ], [ -3.4788, 40.4352 ], [ -3.4785, 40.4358 ], [ -3.4786, 40.4449 ], [ -3.4775, 40.4453 ], [ -3.477, 40.4458 ], [ -3.4771, 40.4471 ], [ -3.4703, 40.4485 ], [ -3.47, 40.4485 ], [ -3.4694, 40.4482 ], [ -3.4688, 40.4482 ], [ -3.4681, 40.4475 ], [ -3.4685, 40.4472 ], [ -3.4682, 40.4469 ], [ -3.4679, 40.4471 ], [ -3.4674, 40.4466 ], [ -3.4682, 40.4462 ], [ -3.4675, 40.4453 ], [ -3.4667, 40.4457 ], [ -3.4662, 40.4452 ], [ -3.4667, 40.4449 ], [ -3.4663, 40.4444 ], [ -3.4664, 40.4441 ], [ -3.4656, 40.4431 ], [ -3.4653, 40.4428 ], [ -3.4645, 40.4433 ], [ -3.4643, 40.4428 ], [ -3.464, 40.4428 ], [ -3.4638, 40.4426 ], [ -3.4638, 40.4425 ], [ -3.4644, 40.4422 ], [ -3.4639, 40.4417 ], [ -3.4632, 40.4421 ], [ -3.4608, 40.4393 ], [ -3.4603, 40.4394 ], [ -3.4605, 40.4396 ], [ -3.4607, 40.4395 ], [ -3.4639, 40.4431 ], [ -3.4638, 40.4432 ], [ -3.4617, 40.4444 ], [ -3.4615, 40.4444 ], [ -3.4612, 40.444 ], [ -3.4604, 40.4434 ], [ -3.4575, 40.4452 ], [ -3.4568, 40.446 ], [ -3.454, 40.4484 ], [ -3.4537, 40.4484 ], [ -3.4535, 40.4478 ], [ -3.4527, 40.4472 ], [ -3.4527, 40.4472 ], [ -3.4527, 40.4472 ], [ -3.4527, 40.4472 ], [ -3.4527, 40.4472 ], [ -3.4527, 40.4472 ], [ -3.4527, 40.4472 ], [ -3.4527, 40.4472 ], [ -3.4527, 40.4472 ], [ -3.4527, 40.4472 ], [ -3.4527, 40.4472 ], [ -3.4527, 40.4471 ], [ -3.4527, 40.447 ], [ -3.4526, 40.4472 ], [ -3.4526, 40.4472 ], [ -3.4526, 40.4472 ], [ -3.4525, 40.4472 ], [ -3.4525, 40.4472 ], [ -3.4525, 40.4472 ], [ -3.4525, 40.4472 ], [ -3.4525, 40.4472 ], [ -3.4525, 40.4472 ], [ -3.4525, 40.4472 ], [ -3.4525, 40.4472 ], [ -3.4525, 40.4472 ], [ -3.4525, 40.4472 ], [ -3.4524, 40.4472 ], [ -3.4523, 40.4472 ], [ -3.4522, 40.4473 ], [ -3.4525, 40.4472 ], [ -3.4525, 40.4473 ], [ -3.4531, 40.4476 ], [ -3.4534, 40.4479 ], [ -3.4537, 40.4487 ], [ -3.4531, 40.4494 ], [ -3.4527, 40.4503 ], [ -3.4526, 40.4509 ], [ -3.4518, 40.4512 ], [ -3.4509, 40.4522 ], [ -3.4508, 40.4531 ], [ -3.45, 40.4554 ], [ -3.4499, 40.4554 ], [ -3.4506, 40.4571 ], [ -3.4535, 40.4565 ], [ -3.4535, 40.4571 ], [ -3.4531, 40.4573 ], [ -3.4519, 40.4575 ], [ -3.4521, 40.458 ], [ -3.4537, 40.4576 ], [ -3.4535, 40.4589 ], [ -3.4531, 40.4603 ], [ -3.4511, 40.4607 ], [ -3.4486, 40.4614 ], [ -3.448, 40.4617 ], [ -3.4471, 40.4619 ], [ -3.4468, 40.4621 ], [ -3.4441, 40.4629 ], [ -3.4379, 40.465 ], [ -3.4379, 40.4651 ], [ -3.4356, 40.4658 ], [ -3.435, 40.4661 ], [ -3.4342, 40.4663 ], [ -3.434, 40.4664 ], [ -3.434, 40.4666 ], [ -3.4315, 40.4674 ], [ -3.4317, 40.4676 ], [ -3.4353, 40.4663 ], [ -3.4383, 40.4654 ], [ -3.4389, 40.4651 ], [ -3.4392, 40.4652 ], [ -3.4396, 40.4659 ], [ -3.441, 40.4655 ], [ -3.4419, 40.4652 ], [ -3.4414, 40.4643 ], [ -3.4432, 40.4637 ], [ -3.4434, 40.4638 ], [ -3.4438, 40.4645 ], [ -3.4438, 40.4646 ], [ -3.4429, 40.4649 ], [ -3.4433, 40.4656 ], [ -3.4444, 40.4652 ], [ -3.4444, 40.4651 ], [ -3.4448, 40.465 ], [ -3.4448, 40.4649 ], [ -3.4467, 40.4644 ], [ -3.4462, 40.4636 ], [ -3.4505, 40.4621 ], [ -3.4542, 40.4613 ], [ -3.4541, 40.4626 ], [ -3.4549, 40.4635 ], [ -3.4551, 40.4642 ], [ -3.4553, 40.4642 ], [ -3.456, 40.4638 ], [ -3.4559, 40.4641 ], [ -3.455, 40.4651 ], [ -3.4538, 40.4658 ], [ -3.4525, 40.4662 ], [ -3.4496, 40.4664 ], [ -3.4485, 40.4667 ], [ -3.4475, 40.4668 ], [ -3.4464, 40.4668 ], [ -3.4462, 40.4669 ], [ -3.4451, 40.4669 ], [ -3.4423, 40.4672 ], [ -3.4412, 40.4675 ], [ -3.4406, 40.4675 ], [ -3.4379, 40.468 ], [ -3.4379, 40.4681 ] ], [ [ -3.4749, 40.4652 ], [ -3.4749, 40.4654 ], [ -3.474, 40.4655 ], [ -3.4739, 40.4649 ], [ -3.474, 40.4648 ], [ -3.4739, 40.4648 ], [ -3.4738, 40.4643 ], [ -3.4759, 40.464 ], [ -3.476, 40.4648 ], [ -3.4749, 40.4652 ] ], [ [ -3.4803, 40.465 ], [ -3.4799, 40.4636 ], [ -3.4808, 40.4635 ], [ -3.4806, 40.4629 ], [ -3.4808, 40.4628 ], [ -3.4824, 40.4628 ], [ -3.4827, 40.4629 ], [ -3.4827, 40.4628 ], [ -3.483, 40.4628 ], [ -3.4833, 40.4626 ], [ -3.4841, 40.4627 ], [ -3.4842, 40.4636 ], [ -3.4839, 40.4639 ], [ -3.481, 40.4649 ], [ -3.4803, 40.465 ] ], [ [ -3.4567, 40.4623 ], [ -3.4561, 40.4636 ], [ -3.4553, 40.4628 ], [ -3.4558, 40.4626 ], [ -3.4562, 40.4627 ], [ -3.4562, 40.4627 ], [ -3.4562, 40.4627 ], [ -3.4562, 40.4627 ], [ -3.4565, 40.4627 ], [ -3.4565, 40.4626 ], [ -3.4563, 40.4622 ], [ -3.4559, 40.4617 ], [ -3.457, 40.4615 ], [ -3.457, 40.4617 ], [ -3.4567, 40.4621 ], [ -3.4567, 40.4623 ] ], [ [ -3.464, 40.4617 ], [ -3.4627, 40.4618 ], [ -3.4626, 40.4613 ], [ -3.4639, 40.4613 ], [ -3.464, 40.4617 ] ], [ [ -3.4643, 40.4615 ], [ -3.4638, 40.4603 ], [ -3.4665, 40.4596 ], [ -3.4679, 40.4594 ], [ -3.4682, 40.4602 ], [ -3.4686, 40.4601 ], [ -3.4688, 40.4606 ], [ -3.4683, 40.4607 ], [ -3.4684, 40.4609 ], [ -3.4678, 40.4611 ], [ -3.467, 40.4612 ], [ -3.467, 40.4613 ], [ -3.4666, 40.4613 ], [ -3.4658, 40.4616 ], [ -3.4654, 40.4616 ], [ -3.4653, 40.4613 ], [ -3.4643, 40.4615 ] ], [ [ -3.46, 40.4603 ], [ -3.46, 40.4612 ], [ -3.459, 40.4612 ], [ -3.459, 40.4605 ], [ -3.4591, 40.4604 ], [ -3.4599, 40.4602 ], [ -3.46, 40.4603 ] ], [ [ -3.456, 40.4606 ], [ -3.4562, 40.4607 ], [ -3.4549, 40.461 ], [ -3.4546, 40.4602 ], [ -3.4561, 40.4599 ], [ -3.4562, 40.4604 ], [ -3.456, 40.4606 ] ], [ [ -3.4576, 40.4604 ], [ -3.4573, 40.4603 ], [ -3.4574, 40.4602 ], [ -3.4573, 40.4599 ], [ -3.4571, 40.4597 ], [ -3.4563, 40.4574 ], [ -3.4564, 40.4572 ], [ -3.4583, 40.4568 ], [ -3.4591, 40.459 ], [ -3.4571, 40.4594 ], [ -3.4572, 40.4596 ], [ -3.4583, 40.4594 ], [ -3.4584, 40.4597 ], [ -3.4583, 40.4598 ], [ -3.4585, 40.4603 ], [ -3.4576, 40.4604 ] ], [ [ -3.4737, 40.457 ], [ -3.4733, 40.4561 ], [ -3.4747, 40.4558 ], [ -3.4747, 40.4559 ], [ -3.475, 40.4559 ], [ -3.4749, 40.4558 ], [ -3.4751, 40.4557 ], [ -3.4763, 40.4555 ], [ -3.4764, 40.4556 ], [ -3.4765, 40.4559 ], [ -3.4754, 40.4561 ], [ -3.4756, 40.4567 ], [ -3.475, 40.4568 ], [ -3.475, 40.4567 ], [ -3.4737, 40.457 ] ], [ [ -3.4558, 40.4563 ], [ -3.4547, 40.4566 ], [ -3.4543, 40.4556 ], [ -3.4555, 40.4554 ], [ -3.4556, 40.4556 ], [ -3.4553, 40.4558 ], [ -3.4554, 40.4563 ], [ -3.4556, 40.4562 ], [ -3.4558, 40.4562 ], [ -3.4558, 40.4562 ], [ -3.4558, 40.4561 ], [ -3.4558, 40.4563 ] ], [ [ -3.4745, 40.4556 ], [ -3.4746, 40.4553 ], [ -3.4742, 40.4546 ], [ -3.4744, 40.4546 ], [ -3.4739, 40.454 ], [ -3.4747, 40.4538 ], [ -3.4747, 40.4535 ], [ -3.4743, 40.4525 ], [ -3.4731, 40.4514 ], [ -3.4719, 40.45 ], [ -3.4708, 40.4506 ], [ -3.4697, 40.4494 ], [ -3.4695, 40.449 ], [ -3.4708, 40.4486 ], [ -3.4775, 40.4472 ], [ -3.4781, 40.4483 ], [ -3.4783, 40.4495 ], [ -3.4775, 40.4498 ], [ -3.4775, 40.45 ], [ -3.478, 40.4501 ], [ -3.4781, 40.451 ], [ -3.478, 40.451 ], [ -3.4792, 40.4541 ], [ -3.4799, 40.4539 ], [ -3.48, 40.4542 ], [ -3.4797, 40.4542 ], [ -3.4798, 40.4544 ], [ -3.4795, 40.4545 ], [ -3.4791, 40.4545 ], [ -3.4745, 40.4556 ] ], [ [ -3.4715, 40.4518 ], [ -3.4727, 40.4529 ], [ -3.4729, 40.4534 ], [ -3.4707, 40.4539 ], [ -3.4703, 40.4538 ], [ -3.47, 40.4531 ], [ -3.4701, 40.4531 ], [ -3.47, 40.4531 ], [ -3.47, 40.4529 ], [ -3.4702, 40.4523 ], [ -3.4708, 40.4522 ], [ -3.4708, 40.4521 ], [ -3.4715, 40.4518 ] ], [ [ -3.4586, 40.4519 ], [ -3.4579, 40.4524 ], [ -3.4565, 40.453 ], [ -3.456, 40.4531 ], [ -3.4558, 40.4527 ], [ -3.4568, 40.4524 ], [ -3.4568, 40.4525 ], [ -3.457, 40.4525 ], [ -3.4574, 40.4524 ], [ -3.4579, 40.4522 ], [ -3.4583, 40.4518 ], [ -3.4585, 40.4519 ], [ -3.4587, 40.4517 ], [ -3.4586, 40.4519 ] ], [ [ -3.4636, 40.4519 ], [ -3.463, 40.4503 ], [ -3.4641, 40.4499 ], [ -3.4653, 40.4497 ], [ -3.4657, 40.4498 ], [ -3.4671, 40.4503 ], [ -3.4674, 40.4509 ], [ -3.4674, 40.451 ], [ -3.4668, 40.4512 ], [ -3.4648, 40.4517 ], [ -3.4636, 40.4519 ] ], [ [ -3.46, 40.4511 ], [ -3.4599, 40.4512 ], [ -3.46, 40.4512 ], [ -3.4592, 40.4516 ], [ -3.4589, 40.4516 ], [ -3.4586, 40.4513 ], [ -3.4576, 40.4508 ], [ -3.4576, 40.4506 ], [ -3.4583, 40.4502 ], [ -3.4591, 40.4508 ], [ -3.4593, 40.4506 ], [ -3.46, 40.4511 ] ], [ [ -3.4583, 40.4499 ], [ -3.4574, 40.4505 ], [ -3.4562, 40.4498 ], [ -3.4562, 40.4497 ], [ -3.4568, 40.4491 ], [ -3.4583, 40.4499 ] ], [ [ -3.4789, 40.4488 ], [ -3.4784, 40.4475 ], [ -3.4783, 40.4475 ], [ -3.4784, 40.447 ], [ -3.4787, 40.447 ], [ -3.4789, 40.4488 ] ], [ [ -3.4817, 40.4543 ], [ -3.4835, 40.4539 ], [ -3.4837, 40.4539 ], [ -3.4838, 40.4541 ], [ -3.4838, 40.4542 ], [ -3.4834, 40.4543 ], [ -3.4825, 40.4543 ], [ -3.4824, 40.4544 ], [ -3.4821, 40.4544 ], [ -3.4821, 40.4543 ], [ -3.4818, 40.4544 ], [ -3.4817, 40.4543 ] ], [ [ -3.4856, 40.4542 ], [ -3.4854, 40.4536 ], [ -3.4851, 40.4537 ], [ -3.485, 40.4536 ], [ -3.487, 40.4531 ], [ -3.4874, 40.4531 ], [ -3.4875, 40.4531 ], [ -3.4875, 40.453 ], [ -3.4876, 40.4531 ], [ -3.4869, 40.4533 ], [ -3.4875, 40.4546 ], [ -3.4872, 40.4547 ], [ -3.4859, 40.4547 ], [ -3.4858, 40.4548 ], [ -3.4856, 40.4542 ] ], [ [ -3.4812, 40.4544 ], [ -3.4811, 40.4549 ], [ -3.4803, 40.4549 ], [ -3.4804, 40.4555 ], [ -3.4806, 40.4555 ], [ -3.4807, 40.4561 ], [ -3.4804, 40.4562 ], [ -3.4805, 40.4564 ], [ -3.4801, 40.4564 ], [ -3.48, 40.4562 ], [ -3.4797, 40.4563 ], [ -3.4795, 40.4559 ], [ -3.479, 40.4559 ], [ -3.4789, 40.4549 ], [ -3.4812, 40.4544 ] ], [ [ -3.4836, 40.4557 ], [ -3.4841, 40.4554 ], [ -3.4864, 40.4552 ], [ -3.4865, 40.4553 ], [ -3.4867, 40.457 ], [ -3.4868, 40.457 ], [ -3.4869, 40.4574 ], [ -3.486, 40.4575 ], [ -3.486, 40.4576 ], [ -3.4845, 40.4579 ], [ -3.4844, 40.4579 ], [ -3.4843, 40.4575 ], [ -3.4835, 40.4577 ], [ -3.4833, 40.4561 ], [ -3.4835, 40.4561 ], [ -3.4836, 40.4557 ] ], [ [ -3.4839, 40.4546 ], [ -3.4838, 40.4544 ], [ -3.4838, 40.4543 ], [ -3.484, 40.4543 ], [ -3.4839, 40.4546 ] ], [ [ -3.4758, 40.462 ], [ -3.4756, 40.4596 ], [ -3.4764, 40.4595 ], [ -3.4769, 40.4598 ], [ -3.4766, 40.4601 ], [ -3.4769, 40.4603 ], [ -3.4768, 40.4605 ], [ -3.4771, 40.4607 ], [ -3.4765, 40.4612 ], [ -3.4765, 40.4618 ], [ -3.4759, 40.462 ], [ -3.4758, 40.462 ] ], [ [ -3.4813, 40.4596 ], [ -3.4816, 40.4595 ], [ -3.4819, 40.4598 ], [ -3.4815, 40.4599 ], [ -3.4813, 40.4596 ] ], [ [ -3.483, 40.4598 ], [ -3.4832, 40.4597 ], [ -3.4834, 40.4604 ], [ -3.4834, 40.4609 ], [ -3.4837, 40.4608 ], [ -3.4838, 40.4611 ], [ -3.483, 40.4616 ], [ -3.4824, 40.4618 ], [ -3.4822, 40.4612 ], [ -3.4821, 40.4611 ], [ -3.482, 40.4612 ], [ -3.4819, 40.461 ], [ -3.4826, 40.4607 ], [ -3.4824, 40.4603 ], [ -3.4827, 40.4603 ], [ -3.4831, 40.4601 ], [ -3.483, 40.4598 ] ], [ [ -3.4805, 40.4612 ], [ -3.4794, 40.4612 ], [ -3.4793, 40.4611 ], [ -3.4793, 40.4603 ], [ -3.4794, 40.4603 ], [ -3.4793, 40.46 ], [ -3.4794, 40.4599 ], [ -3.4801, 40.4597 ], [ -3.4805, 40.4605 ], [ -3.4806, 40.4609 ], [ -3.4805, 40.4612 ] ], [ [ -3.4796, 40.462 ], [ -3.48, 40.462 ], [ -3.4802, 40.4621 ], [ -3.4801, 40.4623 ], [ -3.4797, 40.4623 ], [ -3.4796, 40.462 ] ], [ [ -3.4752, 40.4611 ], [ -3.4752, 40.4612 ], [ -3.4739, 40.4615 ], [ -3.4738, 40.4613 ], [ -3.4752, 40.4611 ] ], [ [ -3.4786, 40.4455 ], [ -3.4787, 40.4468 ], [ -3.4783, 40.4469 ], [ -3.4782, 40.4455 ], [ -3.4786, 40.4455 ] ] ] } },
{ "type": "Feature", "properties": { "municipio": "Torrejón de Ardoz", "clasificacion": "urbano-consolidado", "calificacion": "sin-asignar", "version": "vigente", "fuente": "SIT-CAM WFS — UsoDelSuelo:VPLA_V_CLASIFICACION (https://idem.comunidad.madrid/geosrvg/ows)", "fecha_dato": "2026-05-12", "ambito": "39275", "_raw_CD_SIGLAS": "SUC", "_raw_DS_CLASIF_GEN": "Suelo Urbano Consolidado", "_raw_DS_CLASIF_DET": "Suelo Urbano Consolidado", "_raw_DS_DOCU": "PLAN GENERAL", "_raw_DS_LEY": "CM Ley 9/1995, E Ley 6/1998, E RDL 1/1992, E RD 1346/1976", "_raw_FC_AC": "1999-05-06", "_raw_NM_AREA_M2": 383063.70257803099, "_cam_code": "148" }, "geometry": { "type": "Polygon", "coordinates": [ [ [ -3.4819, 40.447 ], [ -3.4829, 40.4501 ], [ -3.4857, 40.4493 ], [ -3.4882, 40.4487 ], [ -3.4887, 40.4487 ], [ -3.4885, 40.4455 ], [ -3.4899, 40.4424 ], [ -3.4898, 40.4421 ], [ -3.4889, 40.4422 ], [ -3.4838, 40.4435 ], [ -3.4829, 40.4436 ], [ -3.4827, 40.4438 ], [ -3.482, 40.445 ], [ -3.4819, 40.445 ], [ -3.4817, 40.4455 ], [ -3.4818, 40.4456 ], [ -3.4819, 40.4455 ], [ -3.482, 40.4451 ], [ -3.4823, 40.4448 ], [ -3.4832, 40.4469 ], [ -3.4821, 40.4472 ], [ -3.4819, 40.447 ] ] ] } },
{ "type": "Feature", "properties": { "municipio": "Torrejón de Ardoz", "clasificacion": "urbano-consolidado", "calificacion": "sin-asignar", "version": "vigente", "fuente": "SIT-CAM WFS — UsoDelSuelo:VPLA_V_CLASIFICACION (https://idem.comunidad.madrid/geosrvg/ows)", "fecha_dato": "2026-05-12", "ambito": "39275", "_raw_CD_SIGLAS": "SUC", "_raw_DS_CLASIF_GEN": "Suelo Urbano Consolidado", "_raw_DS_CLASIF_DET": "Suelo Urbano Consolidado", "_raw_DS_DOCU": "PLAN GENERAL", "_raw_DS_LEY": "CM Ley 9/1995, E Ley 6/1998, E RDL 1/1992, E RD 1346/1976", "_raw_FC_AC": "1999-05-06", "_raw_NM_AREA_M2": 55188.075138466098, "_cam_code": "148" }, "geometry": { "type": "Polygon", "coordinates": [ [ [ -3.4495, 40.4466 ], [ -3.4497, 40.4468 ], [ -3.4514, 40.4467 ], [ -3.4515, 40.4468 ], [ -3.4522, 40.4466 ], [ -3.4516, 40.4463 ], [ -3.4517, 40.4458 ], [ -3.4521, 40.4456 ], [ -3.4507, 40.444 ], [ -3.4501, 40.4442 ], [ -3.45, 40.4444 ], [ -3.4497, 40.4445 ], [ -3.4488, 40.4457 ], [ -3.4495, 40.4466 ] ] ] } },
{ "type": "Feature", "properties": { "municipio": "Torrejón de Ardoz", "clasificacion": "urbano-consolidado", "calificacion": "sin-asignar", "version": "vigente", "fuente": "SIT-CAM WFS — UsoDelSuelo:VPLA_V_CLASIFICACION (https://idem.comunidad.madrid/geosrvg/ows)", "fecha_dato": "2026-05-12", "ambito": "39275", "_raw_CD_SIGLAS": "SUC", "_raw_DS_CLASIF_GEN": "Suelo Urbano Consolidado", "_raw_DS_CLASIF_DET": "Suelo Urbano Consolidado", "_raw_DS_DOCU": "PLAN GENERAL", "_raw_DS_LEY": "CM Ley 9/1995, E Ley 6/1998, E RDL 1/1992, E RD 1346/1976", "_raw_FC_AC": "1999-05-06", "_raw_NM_AREA_M2": 32938.470264863499, "_cam_code": "148" }, "geometry": { "type": "Polygon", "coordinates": [ [ [ -3.4833, 40.4315 ], [ -3.4831, 40.4321 ], [ -3.4834, 40.4323 ], [ -3.4842, 40.4336 ], [ -3.485, 40.4347 ], [ -3.4852, 40.4348 ], [ -3.4859, 40.4359 ], [ -3.4867, 40.4357 ], [ -3.4842, 40.4323 ], [ -3.4833, 40.4315 ] ] ] } },
{ "type": "Feature", "properties": { "municipio": "Torrejón de Ardoz", "clasificacion": "urbano-consolidado", "calificacion": "sin-asignar", "version": "vigente", "fuente": "SIT-CAM WFS — UsoDelSuelo:VPLA_V_CLASIFICACION (https://idem.comunidad.madrid/geosrvg/ows)", "fecha_dato": "2026-05-12", "ambito": "39275", "_raw_CD_SIGLAS": "SUC", "_raw_DS_CLASIF_GEN": "Suelo Urbano Consolidado", "_raw_DS_CLASIF_DET": "Suelo Urbano Consolidado", "_raw_DS_DOCU": "PLAN GENERAL", "_raw_DS_LEY": "CM Ley 9/1995, E Ley 6/1998, E RDL 1/1992, E RD 1346/1976", "_raw_FC_AC": "1999-05-06", "_raw_NM_AREA_M2": 58141.092190846903, "_cam_code": "148" }, "geometry": { "type": "Polygon", "coordinates": [ [ [ -3.473, 40.4385 ], [ -3.4725, 40.439 ], [ -3.4727, 40.4393 ], [ -3.4737, 40.4385 ], [ -3.4738, 40.4386 ], [ -3.474, 40.4385 ], [ -3.4739, 40.4382 ], [ -3.4738, 40.4382 ], [ -3.4741, 40.4381 ], [ -3.474, 40.4375 ], [ -3.4737, 40.4368 ], [ -3.473, 40.4358 ], [ -3.473, 40.4356 ], [ -3.4726, 40.4349 ], [ -3.4709, 40.435 ], [ -3.472, 40.437 ], [ -3.4721, 40.437 ], [ -3.473, 40.4385 ] ] ] } },
{ "type": "Feature", "properties": { "municipio": "Torrejón de Ardoz", "clasificacion": "urbano-consolidado", "calificacion": "sin-asignar", "version": "vigente", "fuente": "SIT-CAM WFS — UsoDelSuelo:VPLA_V_CLASIFICACION (https://idem.comunidad.madrid/geosrvg/ows)", "fecha_dato": "2026-05-12", "ambito": "39275", "_raw_CD_SIGLAS": "SUC", "_raw_DS_CLASIF_GEN": "Suelo Urbano Consolidado", "_raw_DS_CLASIF_DET": "Suelo Urbano Consolidado", "_raw_DS_DOCU": "PLAN GENERAL", "_raw_DS_LEY": "CM Ley 9/1995, E Ley 6/1998, E RDL 1/1992, E RD 1346/1976", "_raw_FC_AC": "1999-05-06", "_raw_NM_AREA_M2": 99176.507834081698, "_cam_code": "148" }, "geometry": { "type": "Polygon", "coordinates": [ [ [ -3.4718, 40.4394 ], [ -3.4705, 40.4402 ], [ -3.4694, 40.442 ], [ -3.4679, 40.4433 ], [ -3.4691, 40.4448 ], [ -3.4702, 40.4448 ], [ -3.4701, 40.4437 ], [ -3.4702, 40.4434 ], [ -3.4713, 40.4428 ], [ -3.4719, 40.4422 ], [ -3.4719, 40.4419 ], [ -3.4715, 40.4411 ], [ -3.4729, 40.4402 ], [ -3.4718, 40.4394 ] ] ] } },
{ "type": "Feature", "properties": { "municipio": "Torrejón de Ardoz", "clasificacion": "urbano-consolidado", "calificacion": "sin-asignar", "version": "vigente", "fuente": "SIT-CAM WFS — UsoDelSuelo:VPLA_V_CLASIFICACION (https://idem.comunidad.madrid/geosrvg/ows)", "fecha_dato": "2026-05-12", "ambito": "39275", "_raw_CD_SIGLAS": "SUC_A", "_raw_DS_CLASIF_GEN": "Suelo Urbano Consolidado (APLAZADO)", "_raw_DS_CLASIF_DET": "Suelo Urbano Zona Militar", "_raw_DS_DOCU": "PLAN GENERAL", "_raw_DS_LEY": "CM Ley 9/1995, E Ley 6/1998, E RDL 1/1992, E RD 1346/1976", "_raw_FC_AC": "1999-05-06", "_raw_NM_AREA_M2": 11204059.055690501, "_cam_code": "148" }, "geometry": { "type": "Polygon", "coordinates": [ [ [ -3.4294, 40.5016 ], [ -3.432, 40.5016 ], [ -3.432, 40.5002 ], [ -3.456, 40.5002 ], [ -3.4571, 40.4993 ], [ -3.4646, 40.4954 ], [ -3.4676, 40.4932 ], [ -3.4699, 40.4935 ], [ -3.4707, 40.4938 ], [ -3.4744, 40.4947 ], [ -3.4788, 40.4948 ], [ -3.4796, 40.4946 ], [ -3.4786, 40.4921 ], [ -3.4766, 40.4883 ], [ -3.4765, 40.4879 ], [ -3.4777, 40.4872 ], [ -3.4779, 40.4868 ], [ -3.4771, 40.4783 ], [ -3.477, 40.4754 ], [ -3.4776, 40.4743 ], [ -3.4784, 40.4736 ], [ -3.4797, 40.4729 ], [ -3.4843, 40.4698 ], [ -3.4843, 40.4679 ], [ -3.4822, 40.4664 ], [ -3.4791, 40.4663 ], [ -3.4768, 40.4671 ], [ -3.461, 40.4788 ], [ -3.4513, 40.4706 ], [ -3.4511, 40.4708 ], [ -3.4506, 40.4708 ], [ -3.4505, 40.4706 ], [ -3.4502, 40.4708 ], [ -3.447, 40.4735 ], [ -3.4437, 40.476 ], [ -3.4395, 40.4729 ], [ -3.4355, 40.476 ], [ -3.4292, 40.4804 ], [ -3.4289, 40.483 ], [ -3.4301, 40.4867 ], [ -3.4308, 40.4867 ], [ -3.4313, 40.4898 ], [ -3.4306, 40.4916 ], [ -3.4288, 40.4917 ], [ -3.4294, 40.4977 ], [ -3.4294, 40.5016 ] ] ] } },
{ "type": "Feature", "properties": { "municipio": "Torrejón de Ardoz", "clasificacion": "urbano-no-consolidado", "calificacion": "sin-asignar", "version": "vigente", "fuente": "SIT-CAM WFS — UsoDelSuelo:VPLA_V_CLASIFICACION (https://idem.comunidad.madrid/geosrvg/ows)", "fecha_dato": "2026-05-12", "ambito": "39275", "_raw_CD_SIGLAS": "SUNC", "_raw_DS_CLASIF_GEN": "Suelo Urbano No Consolidado", "_raw_DS_CLASIF_DET": "Suelo Urbano No Consolidado", "_raw_DS_DOCU": "PLAN GENERAL", "_raw_DS_LEY": "CM Ley 9/1995, E Ley 6/1998, E RDL 1/1992, E RD 1346/1976", "_raw_FC_AC": "1999-05-06", "_raw_NM_AREA_M2": 10930.026580560499, "_cam_code": "148" }, "geometry": { "type": "Polygon", "coordinates": [ [ [ -3.482, 40.447 ], [ -3.4821, 40.4472 ], [ -3.4832, 40.4469 ], [ -3.4823, 40.4448 ], [ -3.482, 40.4451 ], [ -3.4818, 40.4456 ], [ -3.4821, 40.4456 ], [ -3.4824, 40.4458 ], [ -3.4825, 40.4461 ], [ -3.4826, 40.4461 ], [ -3.4826, 40.4464 ], [ -3.482, 40.447 ] ] ] } },
{ "type": "Feature", "properties": { "municipio": "Torrejón de Ardoz", "clasificacion": "urbano-no-consolidado", "calificacion": "sin-asignar", "version": "vigente", "fuente": "SIT-CAM WFS — UsoDelSuelo:VPLA_V_CLASIFICACION (https://idem.comunidad.madrid/geosrvg/ows)", "fecha_dato": "2026-05-12", "ambito": "39275", "_raw_CD_SIGLAS": "SUNC", "_raw_DS_CLASIF_GEN": "Suelo Urbano No Consolidado", "_raw_DS_CLASIF_DET": "Suelo Urbano No Consolidado", "_raw_DS_DOCU": "PLAN GENERAL", "_raw_DS_LEY": "CM Ley 9/1995, E Ley 6/1998, E RDL 1/1992, E RD 1346/1976", "_raw_FC_AC": "1999-05-06", "_raw_NM_AREA_M2": 13840.292780469899, "_cam_code": "148" }, "geometry": { "type": "Polygon", "coordinates": [ [ [ -3.4568, 40.4491 ], [ -3.4562, 40.4498 ], [ -3.4574, 40.4505 ], [ -3.4583, 40.4499 ], [ -3.4568, 40.4491 ] ] ] } },
{ "type": "Feature", "properties": { "municipio": "Torrejón de Ardoz", "clasificacion": "urbano-no-consolidado", "calificacion": "sin-asignar", "version": "vigente", "fuente": "SIT-CAM WFS — UsoDelSuelo:VPLA_V_CLASIFICACION (https://idem.comunidad.madrid/geosrvg/ows)", "fecha_dato": "2026-05-12", "ambito": "39275", "_raw_CD_SIGLAS": "SUNC", "_raw_DS_CLASIF_GEN": "Suelo Urbano No Consolidado", "_raw_DS_CLASIF_DET": "Suelo Urbano No Consolidado", "_raw_DS_DOCU": "PLAN GENERAL", "_raw_DS_LEY": "CM Ley 9/1995, E Ley 6/1998, E RDL 1/1992, E RD 1346/1976", "_raw_FC_AC": "1999-05-06", "_raw_NM_AREA_M2": 15473.212755537201, "_cam_code": "148" }, "geometry": { "type": "Polygon", "coordinates": [ [ [ -3.4576, 40.4508 ], [ -3.4586, 40.4513 ], [ -3.4589, 40.4516 ], [ -3.4592, 40.4516 ], [ -3.46, 40.4512 ], [ -3.4593, 40.4506 ], [ -3.4591, 40.4508 ], [ -3.4583, 40.4502 ], [ -3.4576, 40.4506 ], [ -3.4576, 40.4508 ] ] ] } },
{ "type": "Feature", "properties": { "municipio": "Torrejón de Ardoz", "clasificacion": "urbano-no-consolidado", "calificacion": "sin-asignar", "version": "vigente", "fuente": "SIT-CAM WFS — UsoDelSuelo:VPLA_V_CLASIFICACION (https://idem.comunidad.madrid/geosrvg/ows)", "fecha_dato": "2026-05-12", "ambito": "39275", "_raw_CD_SIGLAS": "SUNC", "_raw_DS_CLASIF_GEN": "Suelo Urbano No Consolidado", "_raw_DS_CLASIF_DET": "Suelo Urbano No Consolidado", "_raw_DS_DOCU": "PLAN GENERAL", "_raw_DS_LEY": "CM Ley 9/1995, E Ley 6/1998, E RDL 1/1992, E RD 1346/1976", "_raw_FC_AC": "1999-05-06", "_raw_NM_AREA_M2": 58443.744070243098, "_cam_code": "148" }, "geometry": { "type": "Polygon", "coordinates": [ [ [ -3.4641, 40.4499 ], [ -3.463, 40.4503 ], [ -3.4636, 40.4519 ], [ -3.4648, 40.4517 ], [ -3.4674, 40.451 ], [ -3.4671, 40.4503 ], [ -3.4657, 40.4498 ], [ -3.4653, 40.4497 ], [ -3.4641, 40.4499 ] ] ] } },
{ "type": "Feature", "properties": { "municipio": "Torrejón de Ardoz", "clasificacion": "urbano-no-consolidado", "calificacion": "sin-asignar", "version": "vigente", "fuente": "SIT-CAM WFS — UsoDelSuelo:VPLA_V_CLASIFICACION (https://idem.comunidad.madrid/geosrvg/ows)", "fecha_dato": "2026-05-12", "ambito": "39275", "_raw_CD_SIGLAS": "SUNC", "_raw_DS_CLASIF_GEN": "Suelo Urbano No Consolidado", "_raw_DS_CLASIF_DET": "Suelo Urbano No Consolidado", "_raw_DS_DOCU": "PLAN GENERAL", "_raw_DS_LEY": "CM Ley 9/1995, E Ley 6/1998, E RDL 1/1992, E RD 1346/1976", "_raw_FC_AC": "1999-05-06", "_raw_NM_AREA_M2": 64058.372469887101, "_cam_code": "148" }, "geometry": { "type": "Polygon", "coordinates": [ [ [ -3.4654, 40.4616 ], [ -3.4658, 40.4616 ], [ -3.4666, 40.4613 ], [ -3.467, 40.4613 ], [ -3.467, 40.4612 ], [ -3.4684, 40.4609 ], [ -3.4683, 40.4607 ], [ -3.4688, 40.4606 ], [ -3.4687, 40.4603 ], [ -3.4686, 40.4601 ], [ -3.4682, 40.4602 ], [ -3.4679, 40.4594 ], [ -3.4665, 40.4596 ], [ -3.4638, 40.4603 ], [ -3.4643, 40.4615 ], [ -3.4653, 40.4613 ], [ -3.4654, 40.4616 ] ] ] } },
{ "type": "Feature", "properties": { "municipio": "Torrejón de Ardoz", "clasificacion": "urbano-no-consolidado", "calificacion": "sin-asignar", "version": "vigente", "fuente": "SIT-CAM WFS — UsoDelSuelo:VPLA_V_CLASIFICACION (https://idem.comunidad.madrid/geosrvg/ows)", "fecha_dato": "2026-05-12", "ambito": "39275", "_raw_CD_SIGLAS": "SUNC", "_raw_DS_CLASIF_GEN": "Suelo Urbano No Consolidado", "_raw_DS_CLASIF_DET": "Suelo Urbano No Consolidado", "_raw_DS_DOCU": "PLAN GENERAL", "_raw_DS_LEY": "CM Ley 9/1995, E Ley 6/1998, E RDL 1/1992, E RD 1346/1976", "_raw_FC_AC": "1999-05-06", "_raw_NM_AREA_M2": 10617.3193372243, "_cam_code": "148" }, "geometry": { "type": "Polygon", "coordinates": [ [ [ -3.4553, 40.4628 ], [ -3.4561, 40.4636 ], [ -3.4567, 40.4623 ], [ -3.4567, 40.4621 ], [ -3.457, 40.4617 ], [ -3.457, 40.4615 ], [ -3.4559, 40.4617 ], [ -3.4563, 40.4622 ], [ -3.4565, 40.4627 ], [ -3.4558, 40.4626 ], [ -3.4554, 40.4627 ], [ -3.4553, 40.4628 ] ] ] } },
{ "type": "Feature", "properties": { "municipio": "Torrejón de Ardoz", "clasificacion": "urbano-no-consolidado", "calificacion": "sin-asignar", "version": "vigente", "fuente": "SIT-CAM WFS — UsoDelSuelo:VPLA_V_CLASIFICACION (https://idem.comunidad.madrid/geosrvg/ows)", "fecha_dato": "2026-05-12", "ambito": "39275", "_raw_CD_SIGLAS": "SUNC", "_raw_DS_CLASIF_GEN": "Suelo Urbano No Consolidado", "_raw_DS_CLASIF_DET": "Suelo Urbano No Consolidado", "_raw_DS_DOCU": "PLAN GENERAL", "_raw_DS_LEY": "CM Ley 9/1995, E Ley 6/1998, E RDL 1/1992, E RD 1346/1976", "_raw_FC_AC": "1999-05-06", "_raw_NM_AREA_M2": 21117.727668457501, "_cam_code": "148" }, "geometry": { "type": "Polygon", "coordinates": [ [ [ -3.4759, 40.464 ], [ -3.4738, 40.4643 ], [ -3.4739, 40.4648 ], [ -3.474, 40.4648 ], [ -3.4739, 40.4649 ], [ -3.474, 40.4655 ], [ -3.4749, 40.4654 ], [ -3.4749, 40.4652 ], [ -3.476, 40.4648 ], [ -3.4759, 40.464 ] ] ] } },
{ "type": "Feature", "properties": { "municipio": "Torrejón de Ardoz", "clasificacion": "urbano-no-consolidado", "calificacion": "sin-asignar", "version": "vigente", "fuente": "SIT-CAM WFS — UsoDelSuelo:VPLA_V_CLASIFICACION (https://idem.comunidad.madrid/geosrvg/ows)", "fecha_dato": "2026-05-12", "ambito": "39275", "_raw_CD_SIGLAS": "SUNC", "_raw_DS_CLASIF_GEN": "Suelo Urbano No Consolidado", "_raw_DS_CLASIF_DET": "Suelo Urbano No Consolidado en Curso de Ejecución", "_raw_DS_DOCU": "PLAN GENERAL", "_raw_DS_LEY": "CM Ley 9/1995, E Ley 6/1998, E RDL 1/1992, E RD 1346/1976", "_raw_FC_AC": "1999-05-06", "_raw_NM_AREA_M2": 25482.458341616501, "_cam_code": "148" }, "geometry": { "type": "Polygon", "coordinates": [ [ [ -3.47, 40.4529 ], [ -3.4704, 40.4539 ], [ -3.4729, 40.4534 ], [ -3.4727, 40.4529 ], [ -3.4724, 40.4527 ], [ -3.4718, 40.4529 ], [ -3.4702, 40.4524 ], [ -3.47, 40.4529 ] ] ] } },
{ "type": "Feature", "properties": { "municipio": "Torrejón de Ardoz", "clasificacion": "urbano-no-consolidado", "calificacion": "sin-asignar", "version": "vigente", "fuente": "SIT-CAM WFS — UsoDelSuelo:VPLA_V_CLASIFICACION (https://idem.comunidad.madrid/geosrvg/ows)", "fecha_dato": "2026-05-12", "ambito": "39275", "_raw_CD_SIGLAS": "SUNC", "_raw_DS_CLASIF_GEN": "Suelo Urbano No Consolidado", "_raw_DS_CLASIF_DET": "Suelo Urbano No Consolidado", "_raw_DS_DOCU": "PLAN GENERAL", "_raw_DS_LEY": "CM Ley 9/1995, E Ley 6/1998, E RDL 1/1992, E RD 1346/1976", "_raw_FC_AC": "1999-05-06", "_raw_NM_AREA_M2": 11383.127650196, "_cam_code": "148" }, "geometry": { "type": "Polygon", "coordinates": [ [ [ -3.4715, 40.4518 ], [ -3.4708, 40.4521 ], [ -3.4708, 40.4522 ], [ -3.4702, 40.4523 ], [ -3.4702, 40.4524 ], [ -3.4718, 40.4529 ], [ -3.4724, 40.4527 ], [ -3.4715, 40.4518 ] ] ] } },
{ "type": "Feature", "properties": { "municipio": "Torrejón de Ardoz", "clasificacion": "urbano-no-consolidado", "calificacion": "sin-asignar", "version": "vigente", "fuente": "SIT-CAM WFS — UsoDelSuelo:VPLA_V_CLASIFICACION (https://idem.comunidad.madrid/geosrvg/ows)", "fecha_dato": "2026-05-12", "ambito": "39275", "_raw_CD_SIGLAS": "SUNC", "_raw_DS_CLASIF_GEN": "Suelo Urbano No Consolidado", "_raw_DS_CLASIF_DET": "Suelo Urbano No Consolidado", "_raw_DS_DOCU": "PLAN GENERAL", "_raw_DS_LEY": "CM Ley 9/1995, E Ley 6/1998, E RDL 1/1992, E RD 1346/1976", "_raw_FC_AC": "1999-05-06", "_raw_NM_AREA_M2": 8354.7950959073805, "_cam_code": "148" }, "geometry": { "type": "Polygon", "coordinates": [ [ [ -3.4558, 40.4527 ], [ -3.456, 40.4531 ], [ -3.4565, 40.453 ], [ -3.4579, 40.4524 ], [ -3.4585, 40.452 ], [ -3.4587, 40.4517 ], [ -3.4585, 40.4519 ], [ -3.4583, 40.4518 ], [ -3.4579, 40.4522 ], [ -3.4574, 40.4524 ], [ -3.4571, 40.4525 ], [ -3.4568, 40.4525 ], [ -3.4568, 40.4524 ], [ -3.4558, 40.4527 ] ] ] } },
{ "type": "Feature", "properties": { "municipio": "Torrejón de Ardoz", "clasificacion": "urbano-no-consolidado", "calificacion": "sin-asignar", "version": "vigente", "fuente": "SIT-CAM WFS — UsoDelSuelo:VPLA_V_CLASIFICACION (https://idem.comunidad.madrid/geosrvg/ows)", "fecha_dato": "2026-05-12", "ambito": "39275", "_raw_CD_SIGLAS": "SUNC", "_raw_DS_CLASIF_GEN": "Suelo Urbano No Consolidado", "_raw_DS_CLASIF_DET": "Suelo Urbano No Consolidado", "_raw_DS_DOCU": "PLAN GENERAL", "_raw_DS_LEY": "CM Ley 9/1995, E Ley 6/1998, E RDL 1/1992, E RD 1346/1976", "_raw_FC_AC": "1999-05-06", "_raw_NM_AREA_M2": 4770.3921869052601, "_cam_code": "148" }, "geometry": { "type": "Polygon", "coordinates": [ [ [ -3.4821, 40.4544 ], [ -3.4834, 40.4543 ], [ -3.4838, 40.4542 ], [ -3.4838, 40.4541 ], [ -3.4837, 40.4539 ], [ -3.4835, 40.4539 ], [ -3.4817, 40.4543 ], [ -3.4818, 40.4544 ], [ -3.4821, 40.4543 ], [ -3.4821, 40.4544 ] ] ] } },
{ "type": "Feature", "properties": { "municipio": "Torrejón de Ardoz", "clasificacion": "urbano-no-consolidado", "calificacion": "sin-asignar", "version": "vigente", "fuente": "SIT-CAM WFS — UsoDelSuelo:VPLA_V_CLASIFICACION (https://idem.comunidad.madrid/geosrvg/ows)", "fecha_dato": "2026-05-12", "ambito": "39275", "_raw_CD_SIGLAS": "SUNC", "_raw_DS_CLASIF_GEN": "Suelo Urbano No Consolidado", "_raw_DS_CLASIF_DET": "Suelo Urbano No Consolidado", "_raw_DS_DOCU": "PLAN GENERAL", "_raw_DS_LEY": "CM Ley 9/1995, E Ley 6/1998, E RDL 1/1992, E RD 1346/1976", "_raw_FC_AC": "1999-05-06", "_raw_NM_AREA_M2": 401.53776617657002, "_cam_code": "148" }, "geometry": { "type": "Polygon", "coordinates": [ [ [ -3.484, 40.4543 ], [ -3.4838, 40.4543 ], [ -3.4839, 40.4546 ], [ -3.4839, 40.4546 ], [ -3.484, 40.4543 ] ] ] } },
{ "type": "Feature", "properties": { "municipio": "Torrejón de Ardoz", "clasificacion": "urbano-no-consolidado", "calificacion": "sin-asignar", "version": "vigente", "fuente": "SIT-CAM WFS — UsoDelSuelo:VPLA_V_CLASIFICACION (https://idem.comunidad.madrid/geosrvg/ows)", "fecha_dato": "2026-05-12", "ambito": "39275", "_raw_CD_SIGLAS": "SUNC", "_raw_DS_CLASIF_GEN": "Suelo Urbano No Consolidado", "_raw_DS_CLASIF_DET": "Suelo Urbano No Consolidado", "_raw_DS_DOCU": "PLAN GENERAL", "_raw_DS_LEY": "CM Ley 9/1995, E Ley 6/1998, E RDL 1/1992, E RD 1346/1976", "_raw_FC_AC": "1999-05-06", "_raw_NM_AREA_M2": 156452.38298049101, "_cam_code": "148" }, "geometry": { "type": "Polygon", "coordinates": [ [ [ -3.4744, 40.4546 ], [ -3.4742, 40.4546 ], [ -3.4746, 40.4553 ], [ -3.4745, 40.4556 ], [ -3.4791, 40.4545 ], [ -3.4795, 40.4545 ], [ -3.4798, 40.4544 ], [ -3.4797, 40.4542 ], [ -3.48, 40.4542 ], [ -3.4799, 40.4539 ], [ -3.4792, 40.4541 ], [ -3.4781, 40.4512 ], [ -3.4779, 40.451 ], [ -3.474, 40.4519 ], [ -3.4747, 40.4535 ], [ -3.4747, 40.4538 ], [ -3.4739, 40.454 ], [ -3.4744, 40.4546 ] ] ] } },
{ "type": "Feature", "properties": { "municipio": "Torrejón de Ardoz", "clasificacion": "urbano-no-consolidado", "calificacion": "sin-asignar", "version": "vigente", "fuente": "SIT-CAM WFS — UsoDelSuelo:VPLA_V_CLASIFICACION (https://idem.comunidad.madrid/geosrvg/ows)", "fecha_dato": "2026-05-12", "ambito": "39275", "_raw_CD_SIGLAS": "SUNC", "_raw_DS_CLASIF_GEN": "Suelo Urbano No Consolidado", "_raw_DS_CLASIF_DET": "Suelo Urbano No Consolidado", "_raw_DS_DOCU": "PLAN GENERAL", "_raw_DS_LEY": "CM Ley 9/1995, E Ley 6/1998, E RDL 1/1992, E RD 1346/1976", "_raw_FC_AC": "1999-05-06", "_raw_NM_AREA_M2": 55179.360937539197, "_cam_code": "148" }, "geometry": { "type": "Polygon", "coordinates": [ [ [ -3.4574, 40.4602 ], [ -3.4573, 40.4603 ], [ -3.4575, 40.4604 ], [ -3.4585, 40.4603 ], [ -3.4583, 40.4598 ], [ -3.4584, 40.4597 ], [ -3.4583, 40.4594 ], [ -3.4575, 40.4596 ], [ -3.4572, 40.4596 ], [ -3.4571, 40.4594 ], [ -3.4591, 40.459 ], [ -3.4583, 40.4568 ], [ -3.4564, 40.4572 ], [ -3.4563, 40.4574 ], [ -3.4571, 40.4597 ], [ -3.4574, 40.4602 ] ] ] } },
{ "type": "Feature", "properties": { "municipio": "Torrejón de Ardoz", "clasificacion": "urbano-no-consolidado", "calificacion": "sin-asignar", "version": "vigente", "fuente": "SIT-CAM WFS — UsoDelSuelo:VPLA_V_CLASIFICACION (https://idem.comunidad.madrid/geosrvg/ows)", "fecha_dato": "2026-05-12", "ambito": "39275", "_raw_CD_SIGLAS": "SUNC", "_raw_DS_CLASIF_GEN": "Suelo Urbano No Consolidado", "_raw_DS_CLASIF_DET": "Suelo Urbano No Consolidado", "_raw_DS_DOCU": "PLAN GENERAL", "_raw_DS_LEY": "CM Ley 9/1995, E Ley 6/1998, E RDL 1/1992, E RD 1346/1976", "_raw_FC_AC": "1999-05-06", "_raw_NM_AREA_M2": 10734.239953742201, "_cam_code": "148" }, "geometry": { "type": "Polygon", "coordinates": [ [ [ -3.4561, 40.4599 ], [ -3.4546, 40.4602 ], [ -3.4548, 40.4609 ], [ -3.4549, 40.461 ], [ -3.4562, 40.4607 ], [ -3.456, 40.4606 ], [ -3.4562, 40.4604 ], [ -3.4561, 40.4599 ] ] ] } },
{ "type": "Feature", "properties": { "municipio": "Torrejón de Ardoz", "clasificacion": "urbano-no-consolidado", "calificacion": "sin-asignar", "version": "vigente", "fuente": "SIT-CAM WFS — UsoDelSuelo:VPLA_V_CLASIFICACION (https://idem.comunidad.madrid/geosrvg/ows)", "fecha_dato": "2026-05-12", "ambito": "39275", "_raw_CD_SIGLAS": "SUNC", "_raw_DS_CLASIF_GEN": "Suelo Urbano No Consolidado", "_raw_DS_CLASIF_DET": "Suelo Urbano No Consolidado", "_raw_DS_DOCU": "PLAN GENERAL", "_raw_DS_LEY": "CM Ley 9/1995, E Ley 6/1998, E RDL 1/1992, E RD 1346/1976", "_raw_FC_AC": "1999-05-06", "_raw_NM_AREA_M2": 205375.935939063, "_cam_code": "148" }, "geometry": { "type": "Polygon", "coordinates": [ [ [ -3.4495, 40.4561 ], [ -3.4478, 40.4586 ], [ -3.4476, 40.4604 ], [ -3.4491, 40.4613 ], [ -3.4511, 40.4607 ], [ -3.4531, 40.4603 ], [ -3.4535, 40.4589 ], [ -3.4537, 40.4576 ], [ -3.4521, 40.458 ], [ -3.4519, 40.4575 ], [ -3.4531, 40.4573 ], [ -3.4535, 40.4571 ], [ -3.4535, 40.4565 ], [ -3.4506, 40.4571 ], [ -3.4499, 40.4554 ], [ -3.4499, 40.4556 ], [ -3.4496, 40.4558 ], [ -3.4495, 40.4561 ] ] ] } },
{ "type": "Feature", "properties": { "municipio": "Torrejón de Ardoz", "clasificacion": "urbano-no-consolidado", "calificacion": "sin-asignar", "version": "vigente", "fuente": "SIT-CAM WFS — UsoDelSuelo:VPLA_V_CLASIFICACION (https://idem.comunidad.madrid/geosrvg/ows)", "fecha_dato": "2026-05-12", "ambito": "39275", "_raw_CD_SIGLAS": "SUNC", "_raw_DS_CLASIF_GEN": "Suelo Urbano No Consolidado", "_raw_DS_CLASIF_DET": "Suelo Urbano No Consolidado", "_raw_DS_DOCU": "PLAN GENERAL", "_raw_DS_LEY": "CM Ley 9/1995, E Ley 6/1998, E RDL 1/1992, E RD 1346/1976", "_raw_FC_AC": "1999-05-06", "_raw_NM_AREA_M2": 14653.0306911427, "_cam_code": "148" }, "geometry": { "type": "Polygon", "coordinates": [ [ [ -3.4804, 40.4612 ], [ -3.4805, 40.4612 ], [ -3.4806, 40.4609 ], [ -3.4804, 40.4602 ], [ -3.4801, 40.4597 ], [ -3.4794, 40.4599 ], [ -3.4793, 40.46 ], [ -3.4794, 40.4601 ], [ -3.4793, 40.4611 ], [ -3.4794, 40.4612 ], [ -3.4804, 40.4612 ] ] ] } },
{ "type": "Feature", "properties": { "municipio": "Torrejón de Ardoz", "clasificacion": "urbano-no-consolidado", "calificacion": "sin-asignar", "version": "vigente", "fuente": "SIT-CAM WFS — UsoDelSuelo:VPLA_V_CLASIFICACION (https://idem.comunidad.madrid/geosrvg/ows)", "fecha_dato": "2026-05-12", "ambito": "39275", "_raw_CD_SIGLAS": "SUNC", "_raw_DS_CLASIF_GEN": "Suelo Urbano No Consolidado", "_raw_DS_CLASIF_DET": "Suelo Urbano No Consolidado", "_raw_DS_DOCU": "PLAN GENERAL", "_raw_DS_LEY": "CM Ley 9/1995, E Ley 6/1998, E RDL 1/1992, E RD 1346/1976", "_raw_FC_AC": "1999-05-06", "_raw_NM_AREA_M2": 2102.2838581884098, "_cam_code": "148" }, "geometry": { "type": "Polygon", "coordinates": [ [ [ -3.4751, 40.4611 ], [ -3.4742, 40.4612 ], [ -3.4738, 40.4613 ], [ -3.4739, 40.4615 ], [ -3.4752, 40.4612 ], [ -3.4751, 40.4611 ] ] ] } },
{ "type": "Feature", "properties": { "municipio": "Torrejón de Ardoz", "clasificacion": "urbano-no-consolidado", "calificacion": "sin-asignar", "version": "vigente", "fuente": "SIT-CAM WFS — UsoDelSuelo:VPLA_V_CLASIFICACION (https://idem.comunidad.madrid/geosrvg/ows)", "fecha_dato": "2026-05-12", "ambito": "39275", "_raw_CD_SIGLAS": "SUNC", "_raw_DS_CLASIF_GEN": "Suelo Urbano No Consolidado", "_raw_DS_CLASIF_DET": "Suelo Urbano No Consolidado", "_raw_DS_DOCU": "PLAN GENERAL", "_raw_DS_LEY": "CM Ley 9/1995, E Ley 6/1998, E RDL 1/1992, E RD 1346/1976", "_raw_FC_AC": "1999-05-06", "_raw_NM_AREA_M2": 15777.157561390501, "_cam_code": "148" }, "geometry": { "type": "Polygon", "coordinates": [ [ [ -3.4821, 40.4611 ], [ -3.4824, 40.4618 ], [ -3.483, 40.4616 ], [ -3.4838, 40.4611 ], [ -3.4837, 40.4608 ], [ -3.4834, 40.4609 ], [ -3.4834, 40.4604 ], [ -3.4832, 40.4597 ], [ -3.483, 40.4598 ], [ -3.4831, 40.4601 ], [ -3.4827, 40.4603 ], [ -3.4824, 40.4603 ], [ -3.4826, 40.4607 ], [ -3.4819, 40.461 ], [ -3.482, 40.4612 ], [ -3.4821, 40.4611 ] ] ] } },
{ "type": "Feature", "properties": { "municipio": "Torrejón de Ardoz", "clasificacion": "urbano-no-consolidado", "calificacion": "sin-asignar", "version": "vigente", "fuente": "SIT-CAM WFS — UsoDelSuelo:VPLA_V_CLASIFICACION (https://idem.comunidad.madrid/geosrvg/ows)", "fecha_dato": "2026-05-12", "ambito": "39275", "_raw_CD_SIGLAS": "SUNC", "_raw_DS_CLASIF_GEN": "Suelo Urbano No Consolidado", "_raw_DS_CLASIF_DET": "Suelo Urbano No Consolidado", "_raw_DS_DOCU": "PLAN GENERAL", "_raw_DS_LEY": "CM Ley 9/1995, E Ley 6/1998, E RDL 1/1992, E RD 1346/1976", "_raw_FC_AC": "1999-05-06", "_raw_NM_AREA_M2": 6765.4188908429196, "_cam_code": "148" }, "geometry": { "type": "Polygon", "coordinates": [ [ [ -3.4863, 40.4552 ], [ -3.4858, 40.4553 ], [ -3.486, 40.4564 ], [ -3.4866, 40.4563 ], [ -3.4865, 40.4553 ], [ -3.4863, 40.4552 ] ] ] } },
{ "type": "Feature", "properties": { "municipio": "Torrejón de Ardoz", "clasificacion": "urbano-no-consolidado", "calificacion": "sin-asignar", "version": "vigente", "fuente": "SIT-CAM WFS — UsoDelSuelo:VPLA_V_CLASIFICACION (https://idem.comunidad.madrid/geosrvg/ows)", "fecha_dato": "2026-05-12", "ambito": "39275", "_raw_CD_SIGLAS": "SUNC", "_raw_DS_CLASIF_GEN": "Suelo Urbano No Consolidado", "_raw_DS_CLASIF_DET": "Suelo Urbano No Consolidado", "_raw_DS_DOCU": "PLAN GENERAL", "_raw_DS_LEY": "CM Ley 9/1995, E Ley 6/1998, E RDL 1/1992, E RD 1346/1976", "_raw_FC_AC": "1999-05-06", "_raw_NM_AREA_M2": 9172.0973460678706, "_cam_code": "148" }, "geometry": { "type": "Polygon", "coordinates": [ [ [ -3.4543, 40.4556 ], [ -3.4547, 40.4566 ], [ -3.4558, 40.4563 ], [ -3.4558, 40.4563 ], [ -3.4558, 40.4561 ], [ -3.4558, 40.4562 ], [ -3.4558, 40.4562 ], [ -3.4556, 40.4562 ], [ -3.4554, 40.4563 ], [ -3.4553, 40.4558 ], [ -3.4556, 40.4556 ], [ -3.4555, 40.4554 ], [ -3.4543, 40.4556 ] ] ] } },
{ "type": "Feature", "properties": { "municipio": "Torrejón de Ardoz", "clasificacion": "urbano-no-consolidado", "calificacion": "sin-asignar", "version": "vigente", "fuente": "SIT-CAM WFS — UsoDelSuelo:VPLA_V_CLASIFICACION (https://idem.comunidad.madrid/geosrvg/ows)", "fecha_dato": "2026-05-12", "ambito": "39275", "_raw_CD_SIGLAS": "SUNC", "_raw_DS_CLASIF_GEN": "Suelo Urbano No Consolidado", "_raw_DS_CLASIF_DET": "Suelo Urbano No Consolidado", "_raw_DS_DOCU": "PLAN GENERAL", "_raw_DS_LEY": "CM Ley 9/1995, E Ley 6/1998, E RDL 1/1992, E RD 1346/1976", "_raw_FC_AC": "1999-05-06", "_raw_NM_AREA_M2": 22328.460733436801, "_cam_code": "148" }, "geometry": { "type": "Polygon", "coordinates": [ [ [ -3.4733, 40.4561 ], [ -3.4737, 40.457 ], [ -3.475, 40.4567 ], [ -3.475, 40.4568 ], [ -3.4756, 40.4567 ], [ -3.4754, 40.4561 ], [ -3.4765, 40.4559 ], [ -3.4764, 40.4556 ], [ -3.4763, 40.4555 ], [ -3.4751, 40.4557 ], [ -3.4749, 40.4558 ], [ -3.475, 40.4559 ], [ -3.4747, 40.4559 ], [ -3.4747, 40.4558 ], [ -3.4733, 40.4561 ] ] ] } },
{ "type": "Feature", "properties": { "municipio": "Torrejón de Ardoz", "clasificacion": "urbano-no-consolidado", "calificacion": "sin-asignar", "version": "vigente", "fuente": "SIT-CAM WFS — UsoDelSuelo:VPLA_V_CLASIFICACION (https://idem.comunidad.madrid/geosrvg/ows)", "fecha_dato": "2026-05-12", "ambito": "39275", "_raw_CD_SIGLAS": "SUNC", "_raw_DS_CLASIF_GEN": "Suelo Urbano No Consolidado", "_raw_DS_CLASIF_DET": "Suelo Urbano No Consolidado", "_raw_DS_DOCU": "PLAN GENERAL", "_raw_DS_LEY": "CM Ley 9/1995, E Ley 6/1998, E RDL 1/1992, E RD 1346/1976", "_raw_FC_AC": "1999-05-06", "_raw_NM_AREA_M2": 12459.784414808801, "_cam_code": "148" }, "geometry": { "type": "Polygon", "coordinates": [ [ [ -3.4867, 40.4568 ], [ -3.4843, 40.4574 ], [ -3.4844, 40.4579 ], [ -3.4869, 40.4574 ], [ -3.4867, 40.4568 ] ] ] } },
{ "type": "Feature", "properties": { "municipio": "Torrejón de Ardoz", "clasificacion": "urbano-no-consolidado", "calificacion": "sin-asignar", "version": "vigente", "fuente": "SIT-CAM WFS — UsoDelSuelo:VPLA_V_CLASIFICACION (https://idem.comunidad.madrid/geosrvg/ows)", "fecha_dato": "2026-05-12", "ambito": "39275", "_raw_CD_SIGLAS": "SUNC", "_raw_DS_CLASIF_GEN": "Suelo Urbano No Consolidado", "_raw_DS_CLASIF_DET": "Suelo Urbano No Consolidado", "_raw_DS_DOCU": "PLAN GENERAL", "_raw_DS_LEY": "CM Ley 9/1995, E Ley 6/1998, E RDL 1/1992, E RD 1346/1976", "_raw_FC_AC": "1999-05-06", "_raw_NM_AREA_M2": 1214.4348461776599, "_cam_code": "148" }, "geometry": { "type": "Polygon", "coordinates": [ [ [ -3.4813, 40.4596 ], [ -3.4815, 40.4599 ], [ -3.4819, 40.4598 ], [ -3.4816, 40.4595 ], [ -3.4813, 40.4596 ] ] ] } },
{ "type": "Feature", "properties": { "municipio": "Torrejón de Ardoz", "clasificacion": "urbano-no-consolidado", "calificacion": "sin-asignar", "version": "vigente", "fuente": "SIT-CAM WFS — UsoDelSuelo:VPLA_V_CLASIFICACION (https://idem.comunidad.madrid/geosrvg/ows)", "fecha_dato": "2026-05-12", "ambito": "39275", "_raw_CD_SIGLAS": "SUNC", "_raw_DS_CLASIF_GEN": "Suelo Urbano No Consolidado", "_raw_DS_CLASIF_DET": "Suelo Urbano No Consolidado", "_raw_DS_DOCU": "PLAN GENERAL", "_raw_DS_LEY": "CM Ley 9/1995, E Ley 6/1998, E RDL 1/1992, E RD 1346/1976", "_raw_FC_AC": "1999-05-06", "_raw_NM_AREA_M2": 93042.348700840404, "_cam_code": "148" }, "geometry": { "type": "Polygon", "coordinates": [ [ [ -3.4624, 40.4411 ], [ -3.4628, 40.4408 ], [ -3.4629, 40.4409 ], [ -3.4641, 40.4408 ], [ -3.464, 40.4405 ], [ -3.4649, 40.4403 ], [ -3.4648, 40.4379 ], [ -3.4634, 40.4378 ], [ -3.4605, 40.4387 ], [ -3.4607, 40.4388 ], [ -3.4607, 40.4393 ], [ -3.4624, 40.4411 ] ] ] } },
{ "type": "Feature", "properties": { "municipio": "Torrejón de Ardoz", "clasificacion": "urbano-no-consolidado", "calificacion": "sin-asignar", "version": "vigente", "fuente": "SIT-CAM WFS — UsoDelSuelo:VPLA_V_CLASIFICACION (https://idem.comunidad.madrid/geosrvg/ows)", "fecha_dato": "2026-05-12", "ambito": "39275", "_raw_CD_SIGLAS": "SUNC", "_raw_DS_CLASIF_GEN": "Suelo Urbano No Consolidado", "_raw_DS_CLASIF_DET": "Suelo Urbano No Consolidado", "_raw_DS_DOCU": "PLAN GENERAL", "_raw_DS_LEY": "CM Ley 9/1995, E Ley 6/1998, E RDL 1/1992, E RD 1346/1976", "_raw_FC_AC": "1999-05-06", "_raw_NM_AREA_M2": 21880.226794901999, "_cam_code": "148" }, "geometry": { "type": "Polygon", "coordinates": [ [ [ -3.4854, 40.4536 ], [ -3.4858, 40.4548 ], [ -3.4859, 40.4547 ], [ -3.4872, 40.4547 ], [ -3.4875, 40.4546 ], [ -3.4872, 40.4541 ], [ -3.487, 40.4534 ], [ -3.4869, 40.4534 ], [ -3.487, 40.4532 ], [ -3.4876, 40.4531 ], [ -3.4875, 40.453 ], [ -3.4875, 40.4531 ], [ -3.487, 40.4531 ], [ -3.485, 40.4536 ], [ -3.4851, 40.4537 ], [ -3.4854, 40.4536 ] ] ] } },
{ "type": "Feature", "properties": { "municipio": "Torrejón de Ardoz", "clasificacion": "urbano-no-consolidado", "calificacion": "sin-asignar", "version": "vigente", "fuente": "SIT-CAM WFS — UsoDelSuelo:VPLA_V_CLASIFICACION (https://idem.comunidad.madrid/geosrvg/ows)", "fecha_dato": "2026-05-12", "ambito": "39275", "_raw_CD_SIGLAS": "SUNC", "_raw_DS_CLASIF_GEN": "Suelo Urbano No Consolidado", "_raw_DS_CLASIF_DET": "Suelo Urbano Consolidado", "_raw_DS_DOCU": "PLAN GENERAL", "_raw_DS_LEY": "CM Ley 9/1995, E Ley 6/1998, E RDL 1/1992, E RD 1346/1976", "_raw_FC_AC": "1999-05-06", "_raw_NM_AREA_M2": 17003.4838986264, "_cam_code": "148" }, "geometry": { "type": "Polygon", "coordinates": [ [ [ -3.4923, 40.4608 ], [ -3.4909, 40.4611 ], [ -3.4915, 40.4623 ], [ -3.4929, 40.4618 ], [ -3.4923, 40.4608 ] ] ] } },
{ "type": "Feature", "properties": { "municipio": "Torrejón de Ardoz", "clasificacion": "urbano-no-consolidado", "calificacion": "sin-asignar", "version": "vigente", "fuente": "SIT-CAM WFS — UsoDelSuelo:VPLA_V_CLASIFICACION (https://idem.comunidad.madrid/geosrvg/ows)", "fecha_dato": "2026-05-12", "ambito": "39275", "_raw_CD_SIGLAS": "SUNC", "_raw_DS_CLASIF_GEN": "Suelo Urbano No Consolidado", "_raw_DS_CLASIF_DET": "Suelo Urbano No Consolidado en Curso de Ejecución", "_raw_DS_DOCU": "PLAN GENERAL", "_raw_DS_LEY": "CM Ley 9/1995, E Ley 6/1998, E RDL 1/1992, E RD 1346/1976", "_raw_FC_AC": "1999-05-06", "_raw_NM_AREA_M2": 23652.277460065401, "_cam_code": "148" }, "geometry": { "type": "Polygon", "coordinates": [ [ [ -3.48, 40.4563 ], [ -3.4805, 40.4564 ], [ -3.4804, 40.4562 ], [ -3.4807, 40.4561 ], [ -3.4806, 40.4555 ], [ -3.4804, 40.4555 ], [ -3.4803, 40.4549 ], [ -3.4811, 40.4549 ], [ -3.4812, 40.4544 ], [ -3.4789, 40.4549 ], [ -3.479, 40.4559 ], [ -3.4795, 40.4559 ], [ -3.4797, 40.4563 ], [ -3.48, 40.4562 ], [ -3.48, 40.4563 ] ] ] } },
{ "type": "Feature", "properties": { "municipio": "Torrejón de Ardoz", "clasificacion": "urbano-no-consolidado", "calificacion": "sin-asignar", "version": "vigente", "fuente": "SIT-CAM WFS — UsoDelSuelo:VPLA_V_CLASIFICACION (https://idem.comunidad.madrid/geosrvg/ows)", "fecha_dato": "2026-05-12", "ambito": "39275", "_raw_CD_SIGLAS": "SUNC", "_raw_DS_CLASIF_GEN": "Suelo Urbano No Consolidado", "_raw_DS_CLASIF_DET": "Suelo Urbano No Consolidado en Curso de Ejecución", "_raw_DS_DOCU": "PLAN GENERAL", "_raw_DS_LEY": "CM Ley 9/1995, E Ley 6/1998, E RDL 1/1992, E RD 1346/1976", "_raw_FC_AC": "1999-05-06", "_raw_NM_AREA_M2": 49926.942977199396, "_cam_code": "148" }, "geometry": { "type": "Polygon", "coordinates": [ [ [ -3.4833, 40.4561 ], [ -3.4835, 40.4577 ], [ -3.4842, 40.4576 ], [ -3.4843, 40.4574 ], [ -3.485, 40.4572 ], [ -3.4858, 40.4571 ], [ -3.4867, 40.4568 ], [ -3.4867, 40.4569 ], [ -3.4867, 40.4569 ], [ -3.4867, 40.4568 ], [ -3.4867, 40.4566 ], [ -3.4866, 40.4563 ], [ -3.486, 40.4564 ], [ -3.4858, 40.4553 ], [ -3.485, 40.4553 ], [ -3.4841, 40.4554 ], [ -3.4837, 40.4556 ], [ -3.4835, 40.4561 ], [ -3.4833, 40.4561 ] ] ] } },
{ "type": "Feature", "properties": { "municipio": "Torrejón de Ardoz", "clasificacion": "urbano-no-consolidado", "calificacion": "sin-asignar", "version": "vigente", "fuente": "SIT-CAM WFS — UsoDelSuelo:VPLA_V_CLASIFICACION (https://idem.comunidad.madrid/geosrvg/ows)", "fecha_dato": "2026-05-12", "ambito": "39275", "_raw_CD_SIGLAS": "SUNC", "_raw_DS_CLASIF_GEN": "Suelo Urbano No Consolidado", "_raw_DS_CLASIF_DET": "Suelo Urbano No Consolidado en Curso de Ejecución", "_raw_DS_DOCU": "PLAN GENERAL", "_raw_DS_LEY": "CM Ley 9/1995, E Ley 6/1998, E RDL 1/1992, E RD 1346/1976", "_raw_FC_AC": "1999-05-06", "_raw_NM_AREA_M2": 8133.2889460629303, "_cam_code": "148" }, "geometry": { "type": "Polygon", "coordinates": [ [ [ -3.4599, 40.4602 ], [ -3.459, 40.4605 ], [ -3.459, 40.4612 ], [ -3.46, 40.4612 ], [ -3.46, 40.4603 ], [ -3.4599, 40.4602 ] ] ] } },
{ "type": "Feature", "properties": { "municipio": "Torrejón de Ardoz", "clasificacion": "urbano-no-consolidado", "calificacion": "sin-asignar", "version": "vigente", "fuente": "SIT-CAM WFS — UsoDelSuelo:VPLA_V_CLASIFICACION (https://idem.comunidad.madrid/geosrvg/ows)", "fecha_dato": "2026-05-12", "ambito": "39275", "_raw_CD_SIGLAS": "SUNC", "_raw_DS_CLASIF_GEN": "Suelo Urbano No Consolidado", "_raw_DS_CLASIF_DET": "Suelo Urbano No Consolidado en Curso de Ejecución", "_raw_DS_DOCU": "PLAN GENERAL", "_raw_DS_LEY": "CM Ley 9/1995, E Ley 6/1998, E RDL 1/1992, E RD 1346/1976", "_raw_FC_AC": "1999-05-06", "_raw_NM_AREA_M2": 6513.2272299569704, "_cam_code": "148" }, "geometry": { "type": "Polygon", "coordinates": [ [ [ -3.4626, 40.4613 ], [ -3.4627, 40.4618 ], [ -3.4639, 40.4618 ], [ -3.464, 40.4617 ], [ -3.4639, 40.4613 ], [ -3.4626, 40.4613 ] ] ] } },
{ "type": "Feature", "properties": { "municipio": "Torrejón de Ardoz", "clasificacion": "urbano-no-consolidado", "calificacion": "sin-asignar", "version": "vigente", "fuente": "SIT-CAM WFS — UsoDelSuelo:VPLA_V_CLASIFICACION (https://idem.comunidad.madrid/geosrvg/ows)", "fecha_dato": "2026-05-12", "ambito": "39275", "_raw_CD_SIGLAS": "SUNC", "_raw_DS_CLASIF_GEN": "Suelo Urbano No Consolidado", "_raw_DS_CLASIF_DET": "Suelo Urbano No Consolidado en Curso de Ejecución", "_raw_DS_DOCU": "PLAN GENERAL", "_raw_DS_LEY": "CM Ley 9/1995, E Ley 6/1998, E RDL 1/1992, E RD 1346/1976", "_raw_FC_AC": "1999-05-06", "_raw_NM_AREA_M2": 22099.4575022846, "_cam_code": "148" }, "geometry": { "type": "Polygon", "coordinates": [ [ [ -3.4764, 40.4595 ], [ -3.4756, 40.4596 ], [ -3.4758, 40.462 ], [ -3.4765, 40.4618 ], [ -3.4765, 40.4612 ], [ -3.4771, 40.4607 ], [ -3.4768, 40.4605 ], [ -3.4769, 40.4603 ], [ -3.4766, 40.4601 ], [ -3.4769, 40.4598 ], [ -3.4764, 40.4595 ] ] ] } },
{ "type": "Feature", "properties": { "municipio": "Torrejón de Ardoz", "clasificacion": "urbano-no-consolidado", "calificacion": "sin-asignar", "version": "vigente", "fuente": "SIT-CAM WFS — UsoDelSuelo:VPLA_V_CLASIFICACION (https://idem.comunidad.madrid/geosrvg/ows)", "fecha_dato": "2026-05-12", "ambito": "39275", "_raw_CD_SIGLAS": "SUNC", "_raw_DS_CLASIF_GEN": "Suelo Urbano No Consolidado", "_raw_DS_CLASIF_DET": "Suelo Urbano No Consolidado", "_raw_DS_DOCU": "PLAN GENERAL", "_raw_DS_LEY": "CM Ley 9/1995, E Ley 6/1998, E RDL 1/1992, E RD 1346/1976", "_raw_FC_AC": "1999-05-06", "_raw_NM_AREA_M2": 1380.37400698033, "_cam_code": "148" }, "geometry": { "type": "Polygon", "coordinates": [ [ [ -3.4796, 40.462 ], [ -3.4797, 40.4623 ], [ -3.4801, 40.4623 ], [ -3.4802, 40.4621 ], [ -3.4796, 40.462 ] ] ] } },
{ "type": "Feature", "properties": { "municipio": "Torrejón de Ardoz", "clasificacion": "urbano-no-consolidado", "calificacion": "sin-asignar", "version": "vigente", "fuente": "SIT-CAM WFS — UsoDelSuelo:VPLA_V_CLASIFICACION (https://idem.comunidad.madrid/geosrvg/ows)", "fecha_dato": "2026-05-12", "ambito": "39275", "_raw_CD_SIGLAS": "SUNC", "_raw_DS_CLASIF_GEN": "Suelo Urbano No Consolidado", "_raw_DS_CLASIF_DET": "Suelo Urbano No Consolidado en Curso de Ejecución", "_raw_DS_DOCU": "PLAN GENERAL", "_raw_DS_LEY": "CM Ley 9/1995, E Ley 6/1998, E RDL 1/1992, E RD 1346/1976", "_raw_FC_AC": "1999-05-06", "_raw_NM_AREA_M2": 245957.960830795, "_cam_code": "148" }, "geometry": { "type": "Polygon", "coordinates": [ [ [ -3.4783, 40.4741 ], [ -3.4783, 40.4742 ], [ -3.4779, 40.4743 ], [ -3.4776, 40.4746 ], [ -3.4772, 40.4758 ], [ -3.4774, 40.4779 ], [ -3.4775, 40.4779 ], [ -3.4775, 40.4783 ], [ -3.478, 40.4795 ], [ -3.4785, 40.4795 ], [ -3.4787, 40.4789 ], [ -3.4828, 40.4766 ], [ -3.4828, 40.4765 ], [ -3.4831, 40.4764 ], [ -3.4832, 40.4761 ], [ -3.4837, 40.4758 ], [ -3.4835, 40.4755 ], [ -3.4828, 40.4732 ], [ -3.4814, 40.4735 ], [ -3.4811, 40.4724 ], [ -3.4825, 40.4721 ], [ -3.4824, 40.4717 ], [ -3.4821, 40.4717 ], [ -3.4818, 40.472 ], [ -3.4808, 40.4725 ], [ -3.4797, 40.4736 ], [ -3.4797, 40.4738 ], [ -3.4795, 40.474 ], [ -3.4795, 40.4739 ], [ -3.4792, 40.4739 ], [ -3.4783, 40.4741 ] ] ] } },
{ "type": "Feature", "properties": { "municipio": "Torrejón de Ardoz", "clasificacion": "urbano-no-consolidado", "calificacion": "sin-asignar", "version": "vigente", "fuente": "SIT-CAM WFS — UsoDelSuelo:VPLA_V_CLASIFICACION (https://idem.comunidad.madrid/geosrvg/ows)", "fecha_dato": "2026-05-12", "ambito": "39275", "_raw_CD_SIGLAS": "SUNC_A", "_raw_DS_CLASIF_GEN": "Suelo Urbano No Consolidado (APLAZADO)", "_raw_DS_CLASIF_DET": "Suelo Urbano No Consolidado", "_raw_DS_DOCU": "PLAN GENERAL", "_raw_DS_LEY": "CM Ley 9/1995, E Ley 6/1998, E RDL 1/1992, E RD 1346/1976", "_raw_FC_AC": "1999-05-06", "_raw_NM_AREA_M2": 26419.146363202399, "_cam_code": "148" }, "geometry": { "type": "Polygon", "coordinates": [ [ [ -3.4781, 40.4845 ], [ -3.4783, 40.4862 ], [ -3.4799, 40.4855 ], [ -3.4806, 40.4845 ], [ -3.4794, 40.4842 ], [ -3.4793, 40.4845 ], [ -3.4788, 40.4846 ], [ -3.4788, 40.4845 ], [ -3.4781, 40.4845 ] ] ] } }
]
}
