{
"type": "FeatureCollection",
"name": "vigente.full",
"features": [
{ "type": "Feature", "properties": { "municipio": "El Molar", "clasificacion": "no-urbanizable-protegido", "calificacion": "sin-asignar", "version": "vigente", "fuente": "SIT-CAM WFS — UsoDelSuelo:VPLA_V_CLASIFICACION (https://idem.comunidad.madrid/geosrvg/ows)", "fecha_dato": "2026-05-12", "ambito": "50785", "_raw_CD_SIGLAS": "SNUP", "_raw_DS_CLASIF_GEN": "Suelo No Urbanizable Protegido", "_raw_DS_CLASIF_DET": "Suelo No Urbanizable de Especial Protección de cauces y Riberas", "_raw_DS_DOCU": "NORMAS SUBSIDIARIAS", "_raw_DS_LEY": "CM Ley 9/1995, E RDL 1/1992", "_raw_FC_AC": "2002-08-01", "_raw_NM_AREA_M2": 673699.37149977696, "_cam_code": "086" }, "geometry": { "type": "Polygon", "coordinates": [ [ [ -3.5277, 40.7335 ], [ -3.528, 40.7338 ], [ -3.5283, 40.7338 ], [ -3.5284, 40.7335 ], [ -3.5288, 40.7336 ], [ -3.5288, 40.7331 ], [ -3.5287, 40.7326 ], [ -3.5272, 40.7314 ], [ -3.5267, 40.7294 ], [ -3.5268, 40.7282 ], [ -3.5276, 40.7264 ], [ -3.528, 40.7261 ], [ -3.5283, 40.7246 ], [ -3.5282, 40.7238 ], [ -3.5276, 40.723 ], [ -3.5276, 40.7226 ], [ -3.5272, 40.7218 ], [ -3.5272, 40.721 ], [ -3.5277, 40.7203 ], [ -3.5278, 40.7197 ], [ -3.5298, 40.7156 ], [ -3.5296, 40.7148 ], [ -3.5297, 40.7143 ], [ -3.5309, 40.713 ], [ -3.533, 40.7117 ], [ -3.5332, 40.7113 ], [ -3.5344, 40.7101 ], [ -3.5352, 40.7089 ], [ -3.5356, 40.708 ], [ -3.5355, 40.7069 ], [ -3.5351, 40.7066 ], [ -3.5353, 40.706 ], [ -3.5363, 40.7052 ], [ -3.538, 40.7047 ], [ -3.5387, 40.7029 ], [ -3.5403, 40.7007 ], [ -3.5407, 40.7006 ], [ -3.5413, 40.7002 ], [ -3.5421, 40.7001 ], [ -3.5429, 40.6998 ], [ -3.5434, 40.6994 ], [ -3.5453, 40.6992 ], [ -3.5459, 40.699 ], [ -3.5462, 40.6982 ], [ -3.5459, 40.6972 ], [ -3.5463, 40.6949 ], [ -3.5463, 40.6938 ], [ -3.546, 40.6928 ], [ -3.5462, 40.693 ], [ -3.5467, 40.693 ], [ -3.5474, 40.6928 ], [ -3.5475, 40.6924 ], [ -3.5479, 40.6922 ], [ -3.5478, 40.6917 ], [ -3.5482, 40.6912 ], [ -3.5471, 40.6914 ], [ -3.5463, 40.6914 ], [ -3.5458, 40.6913 ], [ -3.5447, 40.6908 ], [ -3.5443, 40.6911 ], [ -3.544, 40.6915 ], [ -3.5437, 40.6948 ], [ -3.5438, 40.6963 ], [ -3.5443, 40.6975 ], [ -3.5428, 40.6993 ], [ -3.5405, 40.7002 ], [ -3.5396, 40.7008 ], [ -3.5377, 40.7026 ], [ -3.5366, 40.7039 ], [ -3.5359, 40.7043 ], [ -3.535, 40.7044 ], [ -3.5347, 40.7046 ], [ -3.534, 40.7057 ], [ -3.5339, 40.7071 ], [ -3.5341, 40.7082 ], [ -3.5339, 40.7088 ], [ -3.5333, 40.7096 ], [ -3.5331, 40.7097 ], [ -3.5329, 40.7101 ], [ -3.5311, 40.7116 ], [ -3.5297, 40.7125 ], [ -3.5289, 40.7133 ], [ -3.5284, 40.714 ], [ -3.5283, 40.7149 ], [ -3.5284, 40.7159 ], [ -3.5277, 40.7171 ], [ -3.5277, 40.7173 ], [ -3.527, 40.7186 ], [ -3.5259, 40.7212 ], [ -3.5259, 40.722 ], [ -3.5261, 40.7229 ], [ -3.5271, 40.7243 ], [ -3.5268, 40.7257 ], [ -3.5263, 40.7262 ], [ -3.5258, 40.7275 ], [ -3.5256, 40.7277 ], [ -3.5253, 40.7292 ], [ -3.5256, 40.7303 ], [ -3.5257, 40.7318 ], [ -3.5259, 40.7325 ], [ -3.5262, 40.7327 ], [ -3.5267, 40.7325 ], [ -3.5268, 40.7328 ], [ -3.5271, 40.7328 ], [ -3.5271, 40.7333 ], [ -3.5277, 40.7335 ] ] ] } },
{ "type": "Feature", "properties": { "municipio": "El Molar", "clasificacion": "no-urbanizable-protegido", "calificacion": "sin-asignar", "version": "vigente", "fuente": "SIT-CAM WFS — UsoDelSuelo:VPLA_V_CLASIFICACION (https://idem.comunidad.madrid/geosrvg/ows)", "fecha_dato": "2026-05-12", "ambito": "50785", "_raw_CD_SIGLAS": "SNUP", "_raw_DS_CLASIF_GEN": "Suelo No Urbanizable Protegido", "_raw_DS_CLASIF_DET": "Suelo No Urbanizable de Especial Protección de Espacios de Interés Agropecuario Extensivo", "_raw_DS_DOCU": "NORMAS SUBSIDIARIAS", "_raw_DS_LEY": "CM Ley 9/1995, E RDL 1/1992", "_raw_FC_AC": "2002-08-01", "_raw_NM_AREA_M2": 2196176.1054126401, "_cam_code": "086" }, "geometry": { "type": "Polygon", "coordinates": [ [ [ -3.5955, 40.6792 ], [ -3.5957, 40.6798 ], [ -3.5985, 40.6804 ], [ -3.5992, 40.6809 ], [ -3.6001, 40.681 ], [ -3.6007, 40.6807 ], [ -3.601, 40.6802 ], [ -3.6017, 40.6798 ], [ -3.6021, 40.6791 ], [ -3.6019, 40.6789 ], [ -3.6001, 40.6791 ], [ -3.5999, 40.6775 ], [ -3.6, 40.6769 ], [ -3.6009, 40.6757 ], [ -3.6016, 40.6758 ], [ -3.602, 40.6763 ], [ -3.6022, 40.6769 ], [ -3.6026, 40.6771 ], [ -3.6041, 40.6773 ], [ -3.6028, 40.674 ], [ -3.6024, 40.6736 ], [ -3.6015, 40.6731 ], [ -3.6011, 40.6726 ], [ -3.6011, 40.6719 ], [ -3.6016, 40.671 ], [ -3.6017, 40.67 ], [ -3.6012, 40.6688 ], [ -3.6011, 40.6688 ], [ -3.6011, 40.6685 ], [ -3.6007, 40.6675 ], [ -3.5997, 40.6673 ], [ -3.5988, 40.6666 ], [ -3.5984, 40.666 ], [ -3.5985, 40.6647 ], [ -3.599, 40.6641 ], [ -3.5986, 40.6631 ], [ -3.5976, 40.6626 ], [ -3.5972, 40.662 ], [ -3.5967, 40.6598 ], [ -3.5967, 40.6589 ], [ -3.5968, 40.6589 ], [ -3.5968, 40.6586 ], [ -3.597, 40.6582 ], [ -3.5963, 40.6575 ], [ -3.5956, 40.6571 ], [ -3.5951, 40.657 ], [ -3.5946, 40.6566 ], [ -3.5943, 40.6558 ], [ -3.5937, 40.6548 ], [ -3.5919, 40.6552 ], [ -3.5927, 40.6572 ], [ -3.5927, 40.6581 ], [ -3.5921, 40.6593 ], [ -3.5915, 40.6601 ], [ -3.5891, 40.6627 ], [ -3.5887, 40.6636 ], [ -3.5881, 40.6644 ], [ -3.5872, 40.666 ], [ -3.586, 40.6674 ], [ -3.5856, 40.6682 ], [ -3.5855, 40.669 ], [ -3.5856, 40.6699 ], [ -3.5858, 40.6703 ], [ -3.5864, 40.6708 ], [ -3.5864, 40.6713 ], [ -3.5858, 40.6715 ], [ -3.5849, 40.6715 ], [ -3.5844, 40.6719 ], [ -3.5842, 40.6732 ], [ -3.5846, 40.675 ], [ -3.5882, 40.6754 ], [ -3.589, 40.6758 ], [ -3.5889, 40.6769 ], [ -3.5878, 40.6784 ], [ -3.5878, 40.6794 ], [ -3.588, 40.6799 ], [ -3.5883, 40.68 ], [ -3.5889, 40.6799 ], [ -3.5894, 40.6786 ], [ -3.5913, 40.6772 ], [ -3.5914, 40.6767 ], [ -3.591, 40.6761 ], [ -3.5907, 40.6759 ], [ -3.5908, 40.6743 ], [ -3.5906, 40.6735 ], [ -3.5908, 40.6722 ], [ -3.5921, 40.6722 ], [ -3.5925, 40.6724 ], [ -3.5926, 40.6729 ], [ -3.5929, 40.6733 ], [ -3.5944, 40.6735 ], [ -3.5955, 40.6739 ], [ -3.596, 40.6744 ], [ -3.5973, 40.6746 ], [ -3.5979, 40.675 ], [ -3.5981, 40.6761 ], [ -3.598, 40.6781 ], [ -3.5977, 40.6787 ], [ -3.597, 40.6787 ], [ -3.5964, 40.6782 ], [ -3.5955, 40.6784 ], [ -3.5955, 40.6792 ] ] ] } },
{ "type": "Feature", "properties": { "municipio": "El Molar", "clasificacion": "no-urbanizable-protegido", "calificacion": "sin-asignar", "version": "vigente", "fuente": "SIT-CAM WFS — UsoDelSuelo:VPLA_V_CLASIFICACION (https://idem.comunidad.madrid/geosrvg/ows)", "fecha_dato": "2026-05-12", "ambito": "50785", "_raw_CD_SIGLAS": "SNUP", "_raw_DS_CLASIF_GEN": "Suelo No Urbanizable Protegido", "_raw_DS_CLASIF_DET": "Suelo No Urbanizable de Especial Protección de Espacios de Interés Agropecuario Extensivo", "_raw_DS_DOCU": "NORMAS SUBSIDIARIAS", "_raw_DS_LEY": "CM Ley 9/1995, E RDL 1/1992", "_raw_FC_AC": "2002-08-01", "_raw_NM_AREA_M2": 671512.93825001398, "_cam_code": "086" }, "geometry": { "type": "Polygon", "coordinates": [ [ [ -3.588, 40.6939 ], [ -3.5879, 40.6947 ], [ -3.5883, 40.6944 ], [ -3.5897, 40.6945 ], [ -3.5898, 40.6943 ], [ -3.59, 40.6943 ], [ -3.59, 40.6942 ], [ -3.5902, 40.6943 ], [ -3.591, 40.6937 ], [ -3.5961, 40.6917 ], [ -3.6008, 40.6897 ], [ -3.6012, 40.6893 ], [ -3.6013, 40.6886 ], [ -3.6024, 40.6879 ], [ -3.6024, 40.6871 ], [ -3.6034, 40.6864 ], [ -3.6038, 40.6857 ], [ -3.6032, 40.6851 ], [ -3.6018, 40.6857 ], [ -3.6019, 40.6859 ], [ -3.6017, 40.6867 ], [ -3.6019, 40.687 ], [ -3.6013, 40.6879 ], [ -3.601, 40.6879 ], [ -3.6008, 40.6877 ], [ -3.6008, 40.6875 ], [ -3.6006, 40.6875 ], [ -3.6001, 40.688 ], [ -3.5997, 40.688 ], [ -3.5993, 40.6875 ], [ -3.5991, 40.6875 ], [ -3.5989, 40.6876 ], [ -3.5988, 40.6882 ], [ -3.5981, 40.6881 ], [ -3.5977, 40.6877 ], [ -3.5974, 40.6877 ], [ -3.5973, 40.6879 ], [ -3.5971, 40.6878 ], [ -3.597, 40.6877 ], [ -3.5971, 40.6868 ], [ -3.597, 40.6866 ], [ -3.5968, 40.6866 ], [ -3.5966, 40.6868 ], [ -3.5964, 40.6876 ], [ -3.5962, 40.6876 ], [ -3.5953, 40.6868 ], [ -3.5952, 40.687 ], [ -3.5954, 40.6877 ], [ -3.5944, 40.6868 ], [ -3.594, 40.6868 ], [ -3.5938, 40.6871 ], [ -3.5939, 40.6874 ], [ -3.595, 40.6886 ], [ -3.5949, 40.6887 ], [ -3.5934, 40.6886 ], [ -3.5926, 40.6884 ], [ -3.592, 40.6881 ], [ -3.5916, 40.6881 ], [ -3.5911, 40.6883 ], [ -3.5911, 40.6884 ], [ -3.5916, 40.6886 ], [ -3.5932, 40.6891 ], [ -3.5933, 40.6892 ], [ -3.5932, 40.6896 ], [ -3.5928, 40.6898 ], [ -3.5925, 40.6898 ], [ -3.5917, 40.6893 ], [ -3.5914, 40.6893 ], [ -3.5908, 40.6897 ], [ -3.5906, 40.6897 ], [ -3.5901, 40.6885 ], [ -3.5895, 40.6882 ], [ -3.5894, 40.6878 ], [ -3.5892, 40.6876 ], [ -3.5892, 40.6873 ], [ -3.5896, 40.6867 ], [ -3.5906, 40.6865 ], [ -3.5917, 40.6859 ], [ -3.5923, 40.6854 ], [ -3.5933, 40.6852 ], [ -3.5941, 40.6852 ], [ -3.5938, 40.6849 ], [ -3.5934, 40.6847 ], [ -3.5926, 40.6846 ], [ -3.5923, 40.6853 ], [ -3.5915, 40.6858 ], [ -3.5909, 40.686 ], [ -3.5898, 40.686 ], [ -3.5887, 40.6865 ], [ -3.5861, 40.6883 ], [ -3.5857, 40.6912 ], [ -3.5857, 40.6916 ], [ -3.586, 40.6924 ], [ -3.5864, 40.6929 ], [ -3.588, 40.6939 ] ], [ [ -3.5969, 40.6908 ], [ -3.5973, 40.691 ], [ -3.5972, 40.6912 ], [ -3.5953, 40.6919 ], [ -3.5951, 40.6916 ], [ -3.5949, 40.6917 ], [ -3.5948, 40.6915 ], [ -3.5952, 40.6911 ], [ -3.5965, 40.6911 ], [ -3.5969, 40.6908 ] ], [ [ -3.598, 40.6908 ], [ -3.5983, 40.6901 ], [ -3.599, 40.6896 ], [ -3.5998, 40.6897 ], [ -3.5997, 40.6901 ], [ -3.598, 40.6908 ] ] ] } },
{ "type": "Feature", "properties": { "municipio": "El Molar", "clasificacion": "no-urbanizable-protegido", "calificacion": "sin-asignar", "version": "vigente", "fuente": "SIT-CAM WFS — UsoDelSuelo:VPLA_V_CLASIFICACION (https://idem.comunidad.madrid/geosrvg/ows)", "fecha_dato": "2026-05-12", "ambito": "50785", "_raw_CD_SIGLAS": "SNUP", "_raw_DS_CLASIF_GEN": "Suelo No Urbanizable Protegido", "_raw_DS_CLASIF_DET": "Suelo No Urbanizable de Especial Protección de cauces y Riberas", "_raw_DS_DOCU": "NORMAS SUBSIDIARIAS", "_raw_DS_LEY": "CM Ley 9/1995, E RDL 1/1992", "_raw_FC_AC": "2002-08-01", "_raw_NM_AREA_M2": 34165.1643124416, "_cam_code": "086" }, "geometry": { "type": "Polygon", "coordinates": [ [ [ -3.597, 40.6582 ], [ -3.5968, 40.6586 ], [ -3.5968, 40.6589 ], [ -3.5967, 40.6589 ], [ -3.5967, 40.6598 ], [ -3.597, 40.6608 ], [ -3.5971, 40.6617 ], [ -3.5976, 40.6626 ], [ -3.5985, 40.6631 ], [ -3.5982, 40.6625 ], [ -3.5982, 40.6615 ], [ -3.5978, 40.6607 ], [ -3.5977, 40.66 ], [ -3.597, 40.6582 ] ] ] } },
{ "type": "Feature", "properties": { "municipio": "El Molar", "clasificacion": "no-urbanizable-protegido", "calificacion": "sin-asignar", "version": "vigente", "fuente": "SIT-CAM WFS — UsoDelSuelo:VPLA_V_CLASIFICACION (https://idem.comunidad.madrid/geosrvg/ows)", "fecha_dato": "2026-05-12", "ambito": "50785", "_raw_CD_SIGLAS": "SNUP", "_raw_DS_CLASIF_GEN": "Suelo No Urbanizable Protegido", "_raw_DS_CLASIF_DET": "Suelo No Urbanizable de Especial Protección de Espacios de Interés Agropecuario Extensivo", "_raw_DS_DOCU": "NORMAS SUBSIDIARIAS", "_raw_DS_LEY": "CM Ley 9/1995, E RDL 1/1992", "_raw_FC_AC": "2002-08-01", "_raw_NM_AREA_M2": 165334.78525003901, "_cam_code": "086" }, "geometry": { "type": "Polygon", "coordinates": [ [ [ -3.5656, 40.7246 ], [ -3.5661, 40.725 ], [ -3.5664, 40.725 ], [ -3.5665, 40.7246 ], [ -3.5669, 40.7242 ], [ -3.5668, 40.724 ], [ -3.5664, 40.7238 ], [ -3.5664, 40.7235 ], [ -3.5668, 40.7228 ], [ -3.5668, 40.7221 ], [ -3.5659, 40.7219 ], [ -3.566, 40.7214 ], [ -3.5659, 40.7209 ], [ -3.5657, 40.7209 ], [ -3.5636, 40.7198 ], [ -3.5629, 40.7199 ], [ -3.5615, 40.7195 ], [ -3.5606, 40.7198 ], [ -3.5602, 40.7201 ], [ -3.5613, 40.7212 ], [ -3.5615, 40.722 ], [ -3.5617, 40.7222 ], [ -3.5625, 40.7223 ], [ -3.564, 40.723 ], [ -3.5644, 40.7235 ], [ -3.5646, 40.7242 ], [ -3.5651, 40.7246 ], [ -3.5656, 40.7246 ] ] ] } },
{ "type": "Feature", "properties": { "municipio": "El Molar", "clasificacion": "no-urbanizable-protegido", "calificacion": "sin-asignar", "version": "vigente", "fuente": "SIT-CAM WFS — UsoDelSuelo:VPLA_V_CLASIFICACION (https://idem.comunidad.madrid/geosrvg/ows)", "fecha_dato": "2026-05-12", "ambito": "50785", "_raw_CD_SIGLAS": "SNUP", "_raw_DS_CLASIF_GEN": "Suelo No Urbanizable Protegido", "_raw_DS_CLASIF_DET": "Suelo No Urbanizable de Especial Protección de Espacios de Interés Agropecuario Extensivo", "_raw_DS_DOCU": "NORMAS SUBSIDIARIAS", "_raw_DS_LEY": "CM Ley 9/1995, E RDL 1/1992", "_raw_FC_AC": "2002-08-01", "_raw_NM_AREA_M2": 91760.501274953407, "_cam_code": "086" }, "geometry": { "type": "Polygon", "coordinates": [ [ [ -3.5593, 40.7317 ], [ -3.5596, 40.7316 ], [ -3.5604, 40.7306 ], [ -3.5615, 40.73 ], [ -3.5615, 40.7298 ], [ -3.5607, 40.7296 ], [ -3.5607, 40.7295 ], [ -3.5622, 40.7278 ], [ -3.562, 40.7275 ], [ -3.5614, 40.7276 ], [ -3.5613, 40.727 ], [ -3.561, 40.727 ], [ -3.5602, 40.7281 ], [ -3.5589, 40.7286 ], [ -3.5591, 40.7294 ], [ -3.5587, 40.73 ], [ -3.5571, 40.731 ], [ -3.5572, 40.7312 ], [ -3.5578, 40.7316 ], [ -3.5593, 40.7317 ] ] ] } },
{ "type": "Feature", "properties": { "municipio": "El Molar", "clasificacion": "no-urbanizable-protegido", "calificacion": "sin-asignar", "version": "vigente", "fuente": "SIT-CAM WFS — UsoDelSuelo:VPLA_V_CLASIFICACION (https://idem.comunidad.madrid/geosrvg/ows)", "fecha_dato": "2026-05-12", "ambito": "50785", "_raw_CD_SIGLAS": "SNUP", "_raw_DS_CLASIF_GEN": "Suelo No Urbanizable Protegido", "_raw_DS_CLASIF_DET": "Suelo No Urbanizable de Especial Protección de Espacios de Interés Agropecuario Extensivo", "_raw_DS_DOCU": "NORMAS SUBSIDIARIAS", "_raw_DS_LEY": "CM Ley 9/1995, E RDL 1/1992", "_raw_FC_AC": "2002-08-01", "_raw_NM_AREA_M2": 75998.964525015297, "_cam_code": "086" }, "geometry": { "type": "Polygon", "coordinates": [ [ [ -3.562, 40.7307 ], [ -3.5615, 40.7322 ], [ -3.5617, 40.7323 ], [ -3.5627, 40.7321 ], [ -3.5629, 40.7319 ], [ -3.564, 40.7321 ], [ -3.5657, 40.732 ], [ -3.5642, 40.7312 ], [ -3.5638, 40.7306 ], [ -3.5654, 40.7293 ], [ -3.5653, 40.7292 ], [ -3.5647, 40.7293 ], [ -3.5645, 40.7292 ], [ -3.5642, 40.7283 ], [ -3.5639, 40.7283 ], [ -3.5636, 40.7288 ], [ -3.5627, 40.7291 ], [ -3.5625, 40.7298 ], [ -3.562, 40.7307 ] ] ] } },
{ "type": "Feature", "properties": { "municipio": "El Molar", "clasificacion": "no-urbanizable-protegido", "calificacion": "sin-asignar", "version": "vigente", "fuente": "SIT-CAM WFS — UsoDelSuelo:VPLA_V_CLASIFICACION (https://idem.comunidad.madrid/geosrvg/ows)", "fecha_dato": "2026-05-12", "ambito": "50785", "_raw_CD_SIGLAS": "SNUP", "_raw_DS_CLASIF_GEN": "Suelo No Urbanizable Protegido", "_raw_DS_CLASIF_DET": "Suelo No Urbanizable de Especial Protección de Espacios de Interés Edafológico y Agrícola", "_raw_DS_DOCU": "NORMAS SUBSIDIARIAS", "_raw_DS_LEY": "CM Ley 9/1995, E RDL 1/1992", "_raw_FC_AC": "2002-08-01", "_raw_NM_AREA_M2": 6265187.7294377796, "_cam_code": "086" }, "geometry": { "type": "Polygon", "coordinates": [ [ [ -3.5472, 40.7346 ], [ -3.5507, 40.7373 ], [ -3.5546, 40.738 ], [ -3.5562, 40.7388 ], [ -3.5567, 40.7382 ], [ -3.5567, 40.7378 ], [ -3.5565, 40.7375 ], [ -3.5566, 40.7368 ], [ -3.5565, 40.7363 ], [ -3.555, 40.7344 ], [ -3.5547, 40.7337 ], [ -3.5541, 40.7332 ], [ -3.5531, 40.7319 ], [ -3.5531, 40.7317 ], [ -3.5521, 40.7307 ], [ -3.552, 40.7305 ], [ -3.5521, 40.7298 ], [ -3.5517, 40.7296 ], [ -3.5515, 40.7286 ], [ -3.5512, 40.7283 ], [ -3.5502, 40.7284 ], [ -3.5497, 40.7281 ], [ -3.5491, 40.7272 ], [ -3.549, 40.7269 ], [ -3.5496, 40.7261 ], [ -3.5493, 40.7249 ], [ -3.5472, 40.7244 ], [ -3.5468, 40.724 ], [ -3.5466, 40.723 ], [ -3.5459, 40.7222 ], [ -3.5437, 40.721 ], [ -3.5428, 40.7207 ], [ -3.5419, 40.7199 ], [ -3.5413, 40.7196 ], [ -3.5417, 40.7207 ], [ -3.5421, 40.7212 ], [ -3.544, 40.7223 ], [ -3.5442, 40.7227 ], [ -3.5441, 40.7236 ], [ -3.543, 40.7239 ], [ -3.5425, 40.7239 ], [ -3.5419, 40.7236 ], [ -3.5398, 40.7193 ], [ -3.5399, 40.7187 ], [ -3.5396, 40.7183 ], [ -3.5396, 40.7181 ], [ -3.5398, 40.7177 ], [ -3.5406, 40.7177 ], [ -3.5417, 40.7179 ], [ -3.5448, 40.7188 ], [ -3.5462, 40.7194 ], [ -3.5479, 40.7198 ], [ -3.549, 40.7198 ], [ -3.5519, 40.718 ], [ -3.5531, 40.7174 ], [ -3.5545, 40.7172 ], [ -3.555, 40.717 ], [ -3.5552, 40.7166 ], [ -3.5551, 40.7161 ], [ -3.5542, 40.7156 ], [ -3.5532, 40.7159 ], [ -3.5519, 40.7159 ], [ -3.5515, 40.7157 ], [ -3.5512, 40.7157 ], [ -3.5478, 40.7162 ], [ -3.5461, 40.7162 ], [ -3.5441, 40.7155 ], [ -3.5421, 40.715 ], [ -3.5368, 40.7156 ], [ -3.5353, 40.7156 ], [ -3.5344, 40.7153 ], [ -3.5341, 40.715 ], [ -3.5341, 40.7148 ], [ -3.5343, 40.7144 ], [ -3.5361, 40.7127 ], [ -3.5372, 40.7112 ], [ -3.5379, 40.7105 ], [ -3.5387, 40.7104 ], [ -3.539, 40.7099 ], [ -3.5403, 40.7087 ], [ -3.5405, 40.7081 ], [ -3.5414, 40.7073 ], [ -3.5415, 40.7069 ], [ -3.5431, 40.705 ], [ -3.5445, 40.7041 ], [ -3.5476, 40.7028 ], [ -3.549, 40.7018 ], [ -3.5495, 40.6997 ], [ -3.5501, 40.6986 ], [ -3.5507, 40.698 ], [ -3.5518, 40.697 ], [ -3.5525, 40.6967 ], [ -3.5543, 40.6963 ], [ -3.5558, 40.6948 ], [ -3.557, 40.6938 ], [ -3.5571, 40.6932 ], [ -3.5575, 40.6922 ], [ -3.5585, 40.6901 ], [ -3.5586, 40.6896 ], [ -3.5583, 40.6889 ], [ -3.5584, 40.6882 ], [ -3.5588, 40.687 ], [ -3.5603, 40.6843 ], [ -3.5606, 40.6833 ], [ -3.5606, 40.6807 ], [ -3.5604, 40.6781 ], [ -3.5605, 40.6776 ], [ -3.561, 40.6765 ], [ -3.561, 40.6758 ], [ -3.5609, 40.6751 ], [ -3.5604, 40.6737 ], [ -3.5605, 40.673 ], [ -3.5608, 40.6722 ], [ -3.5608, 40.6717 ], [ -3.5602, 40.6704 ], [ -3.5602, 40.67 ], [ -3.5604, 40.6697 ], [ -3.5602, 40.6664 ], [ -3.5605, 40.6658 ], [ -3.5605, 40.6653 ], [ -3.5603, 40.6648 ], [ -3.5608, 40.664 ], [ -3.5609, 40.6627 ], [ -3.5613, 40.6624 ], [ -3.5621, 40.6604 ], [ -3.5629, 40.6604 ], [ -3.5629, 40.66 ], [ -3.5627, 40.6599 ], [ -3.5624, 40.6594 ], [ -3.561, 40.6591 ], [ -3.5601, 40.6592 ], [ -3.5574, 40.6588 ], [ -3.558, 40.6596 ], [ -3.5583, 40.6604 ], [ -3.5584, 40.6612 ], [ -3.5583, 40.6619 ], [ -3.5574, 40.6633 ], [ -3.5563, 40.6644 ], [ -3.556, 40.6651 ], [ -3.5561, 40.6657 ], [ -3.5566, 40.6664 ], [ -3.5569, 40.6674 ], [ -3.557, 40.6686 ], [ -3.5561, 40.672 ], [ -3.5554, 40.6733 ], [ -3.5553, 40.6743 ], [ -3.5557, 40.6763 ], [ -3.5554, 40.6768 ], [ -3.5554, 40.6772 ], [ -3.5549, 40.6782 ], [ -3.5551, 40.6792 ], [ -3.5549, 40.68 ], [ -3.5549, 40.6807 ], [ -3.5557, 40.6813 ], [ -3.5567, 40.6823 ], [ -3.557, 40.6829 ], [ -3.5569, 40.6833 ], [ -3.5566, 40.6839 ], [ -3.5559, 40.6845 ], [ -3.5555, 40.6852 ], [ -3.5551, 40.6856 ], [ -3.5551, 40.6866 ], [ -3.5549, 40.6871 ], [ -3.554, 40.6883 ], [ -3.5531, 40.6885 ], [ -3.5535, 40.6895 ], [ -3.5524, 40.6907 ], [ -3.5508, 40.6917 ], [ -3.5492, 40.6911 ], [ -3.5482, 40.6912 ], [ -3.5478, 40.6917 ], [ -3.5479, 40.6921 ], [ -3.5478, 40.6929 ], [ -3.548, 40.6937 ], [ -3.5486, 40.6936 ], [ -3.5509, 40.6922 ], [ -3.5525, 40.6938 ], [ -3.5534, 40.6942 ], [ -3.553, 40.695 ], [ -3.552, 40.6961 ], [ -3.551, 40.6965 ], [ -3.5498, 40.6973 ], [ -3.5488, 40.6961 ], [ -3.5463, 40.6938 ], [ -3.5463, 40.6949 ], [ -3.5459, 40.6972 ], [ -3.5462, 40.6982 ], [ -3.5459, 40.699 ], [ -3.5453, 40.6992 ], [ -3.5434, 40.6994 ], [ -3.5429, 40.6998 ], [ -3.5421, 40.7001 ], [ -3.5413, 40.7002 ], [ -3.5413, 40.7007 ], [ -3.541, 40.7012 ], [ -3.5407, 40.7027 ], [ -3.5403, 40.7039 ], [ -3.5398, 40.7045 ], [ -3.5372, 40.7061 ], [ -3.5354, 40.7065 ], [ -3.5352, 40.7064 ], [ -3.5351, 40.7066 ], [ -3.5355, 40.7069 ], [ -3.5356, 40.7076 ], [ -3.5356, 40.708 ], [ -3.5352, 40.7089 ], [ -3.5344, 40.7101 ], [ -3.5332, 40.7113 ], [ -3.533, 40.7117 ], [ -3.5309, 40.713 ], [ -3.5332, 40.7148 ], [ -3.5329, 40.715 ], [ -3.5351, 40.7165 ], [ -3.5352, 40.7166 ], [ -3.5352, 40.7168 ], [ -3.5351, 40.7168 ], [ -3.5352, 40.7171 ], [ -3.5359, 40.7169 ], [ -3.536, 40.7171 ], [ -3.5364, 40.7171 ], [ -3.5364, 40.7173 ], [ -3.5368, 40.7168 ], [ -3.5371, 40.7169 ], [ -3.5372, 40.717 ], [ -3.5367, 40.7175 ], [ -3.5357, 40.718 ], [ -3.5364, 40.7183 ], [ -3.5359, 40.7188 ], [ -3.5349, 40.719 ], [ -3.534, 40.7179 ], [ -3.5334, 40.7175 ], [ -3.533, 40.7175 ], [ -3.5324, 40.718 ], [ -3.532, 40.7173 ], [ -3.5319, 40.7167 ], [ -3.5316, 40.7163 ], [ -3.5313, 40.716 ], [ -3.5303, 40.7156 ], [ -3.5299, 40.7153 ], [ -3.5297, 40.7153 ], [ -3.5298, 40.7156 ], [ -3.5285, 40.7184 ], [ -3.5288, 40.7181 ], [ -3.5289, 40.7178 ], [ -3.5299, 40.7179 ], [ -3.5294, 40.7186 ], [ -3.5294, 40.7188 ], [ -3.5298, 40.7199 ], [ -3.5301, 40.7201 ], [ -3.5297, 40.7208 ], [ -3.5291, 40.7205 ], [ -3.528, 40.7203 ], [ -3.528, 40.7198 ], [ -3.5278, 40.7197 ], [ -3.5277, 40.7203 ], [ -3.5272, 40.721 ], [ -3.5272, 40.7218 ], [ -3.5276, 40.7226 ], [ -3.5276, 40.723 ], [ -3.5282, 40.7238 ], [ -3.5283, 40.7246 ], [ -3.528, 40.7261 ], [ -3.5276, 40.7264 ], [ -3.5268, 40.7282 ], [ -3.5267, 40.7294 ], [ -3.5272, 40.7314 ], [ -3.5287, 40.7326 ], [ -3.5288, 40.7336 ], [ -3.5289, 40.7335 ], [ -3.5291, 40.7337 ], [ -3.5294, 40.7337 ], [ -3.5296, 40.734 ], [ -3.5302, 40.7339 ], [ -3.5302, 40.734 ], [ -3.5304, 40.734 ], [ -3.5304, 40.7342 ], [ -3.5306, 40.7344 ], [ -3.5326, 40.7343 ], [ -3.5326, 40.7344 ], [ -3.5332, 40.7344 ], [ -3.5333, 40.7345 ], [ -3.5333, 40.7344 ], [ -3.5339, 40.7344 ], [ -3.5341, 40.7342 ], [ -3.5344, 40.7343 ], [ -3.5349, 40.7342 ], [ -3.5351, 40.7339 ], [ -3.5353, 40.7339 ], [ -3.5359, 40.7334 ], [ -3.5364, 40.7334 ], [ -3.5364, 40.7332 ], [ -3.5369, 40.7332 ], [ -3.5374, 40.7334 ], [ -3.5376, 40.7331 ], [ -3.5381, 40.733 ], [ -3.5381, 40.7331 ], [ -3.5385, 40.7331 ], [ -3.5387, 40.7333 ], [ -3.5394, 40.7334 ], [ -3.5394, 40.7335 ], [ -3.54, 40.7334 ], [ -3.5405, 40.7336 ], [ -3.5405, 40.7335 ], [ -3.5409, 40.7334 ], [ -3.542, 40.7339 ], [ -3.5423, 40.7339 ], [ -3.5425, 40.7341 ], [ -3.5432, 40.734 ], [ -3.5436, 40.7343 ], [ -3.5436, 40.7348 ], [ -3.5438, 40.735 ], [ -3.5472, 40.7346 ] ], [ [ -3.553, 40.7337 ], [ -3.5502, 40.734 ], [ -3.5496, 40.7339 ], [ -3.5494, 40.7335 ], [ -3.5494, 40.733 ], [ -3.5498, 40.7326 ], [ -3.5507, 40.7323 ], [ -3.5518, 40.7322 ], [ -3.5528, 40.7319 ], [ -3.5531, 40.7321 ], [ -3.553, 40.7337 ] ] ] } },
{ "type": "Feature", "properties": { "municipio": "El Molar", "clasificacion": "no-urbanizable-protegido", "calificacion": "sin-asignar", "version": "vigente", "fuente": "SIT-CAM WFS — UsoDelSuelo:VPLA_V_CLASIFICACION (https://idem.comunidad.madrid/geosrvg/ows)", "fecha_dato": "2026-05-12", "ambito": "50785", "_raw_CD_SIGLAS": "SNUP", "_raw_DS_CLASIF_GEN": "Suelo No Urbanizable Protegido", "_raw_DS_CLASIF_DET": "Suelo No Urbanizable de Especial Protección de Espacios de Interés Forestal y Paisajístico", "_raw_DS_DOCU": "NORMAS SUBSIDIARIAS", "_raw_DS_LEY": "CM Ley 9/1995, E RDL 1/1992", "_raw_FC_AC": "2002-08-01", "_raw_NM_AREA_M2": 1131028.0302748999, "_cam_code": "086" }, "geometry": { "type": "Polygon", "coordinates": [ [ [ -3.5925, 40.7251 ], [ -3.5929, 40.7251 ], [ -3.5938, 40.726 ], [ -3.5949, 40.7251 ], [ -3.5967, 40.7244 ], [ -3.5974, 40.7238 ], [ -3.5982, 40.7237 ], [ -3.5996, 40.7232 ], [ -3.6006, 40.723 ], [ -3.6022, 40.7221 ], [ -3.6027, 40.7216 ], [ -3.6034, 40.7213 ], [ -3.6039, 40.7213 ], [ -3.6052, 40.7206 ], [ -3.6057, 40.7199 ], [ -3.6059, 40.7198 ], [ -3.6061, 40.7193 ], [ -3.6075, 40.7177 ], [ -3.6077, 40.7165 ], [ -3.608, 40.7158 ], [ -3.6078, 40.7149 ], [ -3.6075, 40.7146 ], [ -3.6073, 40.7146 ], [ -3.6075, 40.7143 ], [ -3.6072, 40.7142 ], [ -3.6062, 40.7144 ], [ -3.6046, 40.7126 ], [ -3.6045, 40.7123 ], [ -3.604, 40.7117 ], [ -3.6039, 40.7117 ], [ -3.6038, 40.7122 ], [ -3.6036, 40.7125 ], [ -3.603, 40.7128 ], [ -3.6026, 40.7134 ], [ -3.6024, 40.7134 ], [ -3.6013, 40.7127 ], [ -3.6014, 40.7125 ], [ -3.6018, 40.7125 ], [ -3.6016, 40.7121 ], [ -3.6012, 40.7118 ], [ -3.6011, 40.7114 ], [ -3.6008, 40.7115 ], [ -3.6005, 40.7117 ], [ -3.6004, 40.712 ], [ -3.6006, 40.7124 ], [ -3.6007, 40.7131 ], [ -3.6006, 40.7134 ], [ -3.6007, 40.7136 ], [ -3.6006, 40.7137 ], [ -3.601, 40.7144 ], [ -3.601, 40.7146 ], [ -3.6004, 40.7153 ], [ -3.6001, 40.716 ], [ -3.5991, 40.716 ], [ -3.5988, 40.7162 ], [ -3.5985, 40.7168 ], [ -3.5975, 40.717 ], [ -3.5974, 40.7174 ], [ -3.5972, 40.7176 ], [ -3.5963, 40.7176 ], [ -3.5957, 40.718 ], [ -3.5956, 40.7181 ], [ -3.5956, 40.7193 ], [ -3.5954, 40.7195 ], [ -3.5945, 40.7196 ], [ -3.5944, 40.7199 ], [ -3.594, 40.7203 ], [ -3.5933, 40.7204 ], [ -3.5931, 40.7206 ], [ -3.5931, 40.7213 ], [ -3.593, 40.7214 ], [ -3.5915, 40.7213 ], [ -3.5909, 40.7218 ], [ -3.5896, 40.7219 ], [ -3.5883, 40.723 ], [ -3.5865, 40.7236 ], [ -3.5862, 40.7239 ], [ -3.5891, 40.7252 ], [ -3.5904, 40.7253 ], [ -3.5914, 40.7251 ], [ -3.5925, 40.7251 ] ] ] } },
{ "type": "Feature", "properties": { "municipio": "El Molar", "clasificacion": "no-urbanizable-protegido", "calificacion": "sin-asignar", "version": "vigente", "fuente": "SIT-CAM WFS — UsoDelSuelo:VPLA_V_CLASIFICACION (https://idem.comunidad.madrid/geosrvg/ows)", "fecha_dato": "2026-05-12", "ambito": "50785", "_raw_CD_SIGLAS": "SNUP", "_raw_DS_CLASIF_GEN": "Suelo No Urbanizable Protegido", "_raw_DS_CLASIF_DET": "Suelo No Urbanizable de Especial Protección de Espacios de Interés Forestal y Paisajístico", "_raw_DS_DOCU": "NORMAS SUBSIDIARIAS", "_raw_DS_LEY": "CM Ley 9/1995, E RDL 1/1992", "_raw_FC_AC": "2002-08-01", "_raw_NM_AREA_M2": 54786.555250022597, "_cam_code": "086" }, "geometry": { "type": "Polygon", "coordinates": [ [ [ -3.5496, 40.7339 ], [ -3.5502, 40.734 ], [ -3.553, 40.7337 ], [ -3.5531, 40.7321 ], [ -3.5528, 40.7319 ], [ -3.5518, 40.7322 ], [ -3.5507, 40.7323 ], [ -3.5498, 40.7326 ], [ -3.5494, 40.733 ], [ -3.5494, 40.7335 ], [ -3.5496, 40.7339 ] ] ] } },
{ "type": "Feature", "properties": { "municipio": "El Molar", "clasificacion": "no-urbanizable-protegido", "calificacion": "sin-asignar", "version": "vigente", "fuente": "SIT-CAM WFS — UsoDelSuelo:VPLA_V_CLASIFICACION (https://idem.comunidad.madrid/geosrvg/ows)", "fecha_dato": "2026-05-12", "ambito": "50785", "_raw_CD_SIGLAS": "SNUP", "_raw_DS_CLASIF_GEN": "Suelo No Urbanizable Protegido", "_raw_DS_CLASIF_DET": "Suelo No Urbanizable de Especial Protección de Espacios Rurales con Restricciones de Uso", "_raw_DS_DOCU": "NORMAS SUBSIDIARIAS", "_raw_DS_LEY": "CM Ley 9/1995, E RDL 1/1992", "_raw_FC_AC": "2002-08-01", "_raw_NM_AREA_M2": 31137.633699935501, "_cam_code": "086" }, "geometry": { "type": "Polygon", "coordinates": [ [ [ -3.5525, 40.6886 ], [ -3.5525, 40.6889 ], [ -3.5529, 40.6896 ], [ -3.5529, 40.6898 ], [ -3.5526, 40.6901 ], [ -3.5504, 40.6905 ], [ -3.5497, 40.691 ], [ -3.5492, 40.6911 ], [ -3.5508, 40.6917 ], [ -3.5524, 40.6907 ], [ -3.5535, 40.6895 ], [ -3.5531, 40.6885 ], [ -3.5525, 40.6886 ] ] ] } },
{ "type": "Feature", "properties": { "municipio": "El Molar", "clasificacion": "no-urbanizable-protegido", "calificacion": "sin-asignar", "version": "vigente", "fuente": "SIT-CAM WFS — UsoDelSuelo:VPLA_V_CLASIFICACION (https://idem.comunidad.madrid/geosrvg/ows)", "fecha_dato": "2026-05-12", "ambito": "50785", "_raw_CD_SIGLAS": "SNUP", "_raw_DS_CLASIF_GEN": "Suelo No Urbanizable Protegido", "_raw_DS_CLASIF_DET": "Suelo No Urbanizable de Especial Protección de Espacios Rurales con Restricciones de Uso", "_raw_DS_DOCU": "NORMAS SUBSIDIARIAS", "_raw_DS_LEY": "CM Ley 9/1995, E RDL 1/1992", "_raw_FC_AC": "2002-08-01", "_raw_NM_AREA_M2": 178933.631937347, "_cam_code": "086" }, "geometry": { "type": "Polygon", "coordinates": [ [ [ -3.5463, 40.6938 ], [ -3.5488, 40.6961 ], [ -3.5498, 40.6973 ], [ -3.551, 40.6965 ], [ -3.552, 40.6961 ], [ -3.5528, 40.6953 ], [ -3.5534, 40.6942 ], [ -3.5525, 40.6938 ], [ -3.5509, 40.6922 ], [ -3.5484, 40.6937 ], [ -3.548, 40.6937 ], [ -3.5478, 40.6929 ], [ -3.5478, 40.6923 ], [ -3.5475, 40.6924 ], [ -3.5474, 40.6928 ], [ -3.5472, 40.6929 ], [ -3.5462, 40.693 ], [ -3.546, 40.6928 ], [ -3.5463, 40.6938 ] ] ] } },
{ "type": "Feature", "properties": { "municipio": "El Molar", "clasificacion": "no-urbanizable-protegido", "calificacion": "sin-asignar", "version": "vigente", "fuente": "SIT-CAM WFS — UsoDelSuelo:VPLA_V_CLASIFICACION (https://idem.comunidad.madrid/geosrvg/ows)", "fecha_dato": "2026-05-12", "ambito": "50785", "_raw_CD_SIGLAS": "SNUP", "_raw_DS_CLASIF_GEN": "Suelo No Urbanizable Protegido", "_raw_DS_CLASIF_DET": "Suelo No Urbanizable de Especial Protección de Espacios Rurales con Restricciones de Uso", "_raw_DS_DOCU": "NORMAS SUBSIDIARIAS", "_raw_DS_LEY": "CM Ley 9/1995, E RDL 1/1992", "_raw_FC_AC": "2002-08-01", "_raw_NM_AREA_M2": 95236.272524799206, "_cam_code": "086" }, "geometry": { "type": "Polygon", "coordinates": [ [ [ -3.5411, 40.7004 ], [ -3.5403, 40.7007 ], [ -3.5393, 40.702 ], [ -3.5385, 40.7033 ], [ -3.5383, 40.7041 ], [ -3.538, 40.7047 ], [ -3.5361, 40.7053 ], [ -3.5353, 40.706 ], [ -3.5352, 40.7064 ], [ -3.5354, 40.7065 ], [ -3.5372, 40.7061 ], [ -3.5398, 40.7045 ], [ -3.5403, 40.7039 ], [ -3.5407, 40.7027 ], [ -3.541, 40.7012 ], [ -3.5413, 40.7007 ], [ -3.5413, 40.7002 ], [ -3.5411, 40.7004 ] ] ] } },
{ "type": "Feature", "properties": { "municipio": "El Molar", "clasificacion": "no-urbanizable-protegido", "calificacion": "sin-asignar", "version": "vigente", "fuente": "SIT-CAM WFS — UsoDelSuelo:VPLA_V_CLASIFICACION (https://idem.comunidad.madrid/geosrvg/ows)", "fecha_dato": "2026-05-12", "ambito": "50785", "_raw_CD_SIGLAS": "SNUP", "_raw_DS_CLASIF_GEN": "Suelo No Urbanizable Protegido", "_raw_DS_CLASIF_DET": "Suelo No Urbanizable de Especial Protección de Espacios Rurales con Restricciones de Uso", "_raw_DS_DOCU": "NORMAS SUBSIDIARIAS", "_raw_DS_LEY": "CM Ley 9/1995, E RDL 1/1992", "_raw_FC_AC": "2002-08-01", "_raw_NM_AREA_M2": 4413923.76152464, "_cam_code": "086" }, "geometry": { "type": "Polygon", "coordinates": [ [ [ -3.5441, 40.7119 ], [ -3.5449, 40.7121 ], [ -3.5459, 40.7126 ], [ -3.5463, 40.7126 ], [ -3.5473, 40.7122 ], [ -3.5477, 40.7119 ], [ -3.5485, 40.7119 ], [ -3.5492, 40.7116 ], [ -3.5506, 40.7117 ], [ -3.5516, 40.7115 ], [ -3.5522, 40.7112 ], [ -3.5536, 40.7111 ], [ -3.5541, 40.7107 ], [ -3.5553, 40.7103 ], [ -3.5568, 40.7109 ], [ -3.5574, 40.7108 ], [ -3.5587, 40.7105 ], [ -3.5589, 40.7098 ], [ -3.5589, 40.7093 ], [ -3.5593, 40.709 ], [ -3.5611, 40.7089 ], [ -3.5615, 40.7086 ], [ -3.5631, 40.7093 ], [ -3.5645, 40.7094 ], [ -3.5649, 40.7097 ], [ -3.5668, 40.7097 ], [ -3.5674, 40.7093 ], [ -3.5686, 40.7088 ], [ -3.5688, 40.7085 ], [ -3.5688, 40.7084 ], [ -3.5684, 40.7087 ], [ -3.5678, 40.708 ], [ -3.5667, 40.7074 ], [ -3.5656, 40.7066 ], [ -3.5648, 40.7065 ], [ -3.565, 40.7062 ], [ -3.5648, 40.7059 ], [ -3.5668, 40.704 ], [ -3.5667, 40.7023 ], [ -3.5686, 40.7015 ], [ -3.5691, 40.7015 ], [ -3.5696, 40.7011 ], [ -3.5696, 40.7009 ], [ -3.5694, 40.7006 ], [ -3.5683, 40.6999 ], [ -3.5682, 40.6987 ], [ -3.5685, 40.6984 ], [ -3.5685, 40.698 ], [ -3.567, 40.6971 ], [ -3.5671, 40.6953 ], [ -3.5666, 40.6939 ], [ -3.5659, 40.6931 ], [ -3.5652, 40.6909 ], [ -3.5657, 40.6896 ], [ -3.5666, 40.6891 ], [ -3.5673, 40.6891 ], [ -3.5676, 40.6888 ], [ -3.5676, 40.6883 ], [ -3.567, 40.6866 ], [ -3.5667, 40.686 ], [ -3.5662, 40.6854 ], [ -3.566, 40.6847 ], [ -3.566, 40.684 ], [ -3.5653, 40.682 ], [ -3.566, 40.6808 ], [ -3.566, 40.6797 ], [ -3.5656, 40.6787 ], [ -3.5645, 40.678 ], [ -3.5644, 40.6776 ], [ -3.5646, 40.6772 ], [ -3.564, 40.6766 ], [ -3.5639, 40.6753 ], [ -3.5641, 40.675 ], [ -3.564, 40.6744 ], [ -3.5643, 40.6737 ], [ -3.5641, 40.6727 ], [ -3.5642, 40.6724 ], [ -3.5641, 40.6722 ], [ -3.5638, 40.6721 ], [ -3.5635, 40.6718 ], [ -3.5636, 40.6715 ], [ -3.5641, 40.6709 ], [ -3.5642, 40.6704 ], [ -3.5638, 40.6699 ], [ -3.5628, 40.6697 ], [ -3.5621, 40.6699 ], [ -3.5619, 40.6702 ], [ -3.562, 40.6705 ], [ -3.5619, 40.6707 ], [ -3.5612, 40.671 ], [ -3.561, 40.6716 ], [ -3.5608, 40.6717 ], [ -3.5608, 40.6722 ], [ -3.5604, 40.6734 ], [ -3.561, 40.6758 ], [ -3.561, 40.6765 ], [ -3.5605, 40.6776 ], [ -3.5604, 40.6781 ], [ -3.5606, 40.6807 ], [ -3.5606, 40.6833 ], [ -3.5603, 40.6843 ], [ -3.5588, 40.687 ], [ -3.5584, 40.6882 ], [ -3.5583, 40.6889 ], [ -3.5586, 40.6896 ], [ -3.5585, 40.6901 ], [ -3.5575, 40.6922 ], [ -3.5571, 40.6932 ], [ -3.557, 40.6938 ], [ -3.5558, 40.6948 ], [ -3.5543, 40.6963 ], [ -3.5525, 40.6967 ], [ -3.5518, 40.697 ], [ -3.5501, 40.6986 ], [ -3.5495, 40.6997 ], [ -3.549, 40.7018 ], [ -3.5476, 40.7028 ], [ -3.5445, 40.7041 ], [ -3.5431, 40.705 ], [ -3.5415, 40.7069 ], [ -3.5414, 40.7073 ], [ -3.5405, 40.7081 ], [ -3.5403, 40.7087 ], [ -3.539, 40.7099 ], [ -3.5417, 40.7105 ], [ -3.5435, 40.7114 ], [ -3.5441, 40.7119 ] ] ] } },
{ "type": "Feature", "properties": { "municipio": "El Molar", "clasificacion": "no-urbanizable-protegido", "calificacion": "sin-asignar", "version": "vigente", "fuente": "SIT-CAM WFS — UsoDelSuelo:VPLA_V_CLASIFICACION (https://idem.comunidad.madrid/geosrvg/ows)", "fecha_dato": "2026-05-12", "ambito": "50785", "_raw_CD_SIGLAS": "SNUP", "_raw_DS_CLASIF_GEN": "Suelo No Urbanizable Protegido", "_raw_DS_CLASIF_DET": "Suelo No Urbanizable de Especial Protección de Espacios Rurales con Restricciones de Uso", "_raw_DS_DOCU": "NORMAS SUBSIDIARIAS", "_raw_DS_LEY": "CM Ley 9/1995, E RDL 1/1992", "_raw_FC_AC": "2002-08-01", "_raw_NM_AREA_M2": 152566.99227494799, "_cam_code": "086" }, "geometry": { "type": "Polygon", "coordinates": [ [ [ -3.534, 40.7179 ], [ -3.5349, 40.719 ], [ -3.5359, 40.7188 ], [ -3.5364, 40.7183 ], [ -3.5357, 40.718 ], [ -3.5367, 40.7175 ], [ -3.5372, 40.717 ], [ -3.5368, 40.7168 ], [ -3.5364, 40.7173 ], [ -3.5364, 40.7171 ], [ -3.536, 40.7171 ], [ -3.5359, 40.7169 ], [ -3.5352, 40.7171 ], [ -3.5351, 40.717 ], [ -3.5352, 40.7166 ], [ -3.5351, 40.7165 ], [ -3.5329, 40.715 ], [ -3.5332, 40.7148 ], [ -3.5309, 40.713 ], [ -3.5297, 40.7143 ], [ -3.5296, 40.7148 ], [ -3.5297, 40.7153 ], [ -3.5299, 40.7153 ], [ -3.5303, 40.7156 ], [ -3.5313, 40.716 ], [ -3.5316, 40.7163 ], [ -3.5319, 40.7167 ], [ -3.532, 40.7173 ], [ -3.5324, 40.718 ], [ -3.533, 40.7175 ], [ -3.5334, 40.7175 ], [ -3.534, 40.7179 ] ] ] } },
{ "type": "Feature", "properties": { "municipio": "El Molar", "clasificacion": "no-urbanizable-protegido", "calificacion": "sin-asignar", "version": "vigente", "fuente": "SIT-CAM WFS — UsoDelSuelo:VPLA_V_CLASIFICACION (https://idem.comunidad.madrid/geosrvg/ows)", "fecha_dato": "2026-05-12", "ambito": "50785", "_raw_CD_SIGLAS": "SNUP", "_raw_DS_CLASIF_GEN": "Suelo No Urbanizable Protegido", "_raw_DS_CLASIF_DET": "Suelo No Urbanizable de Especial Protección de Espacios Rurales con Restricciones de Uso", "_raw_DS_DOCU": "NORMAS SUBSIDIARIAS", "_raw_DS_LEY": "CM Ley 9/1995, E RDL 1/1992", "_raw_FC_AC": "2002-08-01", "_raw_NM_AREA_M2": 36956.816762461, "_cam_code": "086" }, "geometry": { "type": "Polygon", "coordinates": [ [ [ -3.5288, 40.7179 ], [ -3.5288, 40.7181 ], [ -3.5285, 40.7184 ], [ -3.5278, 40.7197 ], [ -3.528, 40.7198 ], [ -3.528, 40.7203 ], [ -3.5291, 40.7205 ], [ -3.5297, 40.7208 ], [ -3.5301, 40.7201 ], [ -3.5297, 40.7197 ], [ -3.5294, 40.7186 ], [ -3.5299, 40.7179 ], [ -3.529, 40.7178 ], [ -3.5288, 40.7179 ] ] ] } },
{ "type": "Feature", "properties": { "municipio": "El Molar", "clasificacion": "no-urbanizable-protegido", "calificacion": "sin-asignar", "version": "vigente", "fuente": "SIT-CAM WFS — UsoDelSuelo:VPLA_V_CLASIFICACION (https://idem.comunidad.madrid/geosrvg/ows)", "fecha_dato": "2026-05-12", "ambito": "50785", "_raw_CD_SIGLAS": "SNUP", "_raw_DS_CLASIF_GEN": "Suelo No Urbanizable Protegido", "_raw_DS_CLASIF_DET": "Suelo No Urbanizable de Especial Protección de Espacios Rurales con Restricciones de Uso", "_raw_DS_DOCU": "NORMAS SUBSIDIARIAS", "_raw_DS_LEY": "CM Ley 9/1995, E RDL 1/1992", "_raw_FC_AC": "2002-08-01", "_raw_NM_AREA_M2": 80585.317250055494, "_cam_code": "086" }, "geometry": { "type": "Polygon", "coordinates": [ [ [ -3.5398, 40.7193 ], [ -3.5419, 40.7236 ], [ -3.5425, 40.7239 ], [ -3.543, 40.7239 ], [ -3.5441, 40.7236 ], [ -3.5442, 40.7227 ], [ -3.544, 40.7223 ], [ -3.5421, 40.7212 ], [ -3.5417, 40.7207 ], [ -3.5413, 40.7196 ], [ -3.5404, 40.7192 ], [ -3.5399, 40.7187 ], [ -3.5398, 40.7193 ] ] ] } },
{ "type": "Feature", "properties": { "municipio": "El Molar", "clasificacion": "no-urbanizable-protegido", "calificacion": "sin-asignar", "version": "vigente", "fuente": "SIT-CAM WFS — UsoDelSuelo:VPLA_V_CLASIFICACION (https://idem.comunidad.madrid/geosrvg/ows)", "fecha_dato": "2026-05-12", "ambito": "50785", "_raw_CD_SIGLAS": "SNUP", "_raw_DS_CLASIF_GEN": "Suelo No Urbanizable Protegido", "_raw_DS_CLASIF_DET": "Suelo No Urbanizable de Especial Protección. Edafológico y Agrícola", "_raw_DS_DOCU": "NORMAS SUBSIDIARIAS", "_raw_DS_LEY": "CM Ley 9/1995, E RDL 1/1992", "_raw_FC_AC": "2002-08-01", "_raw_NM_AREA_M2": 123425.299449912, "_cam_code": "086" }, "geometry": { "type": "Polygon", "coordinates": [ [ [ -3.6032, 40.6851 ], [ -3.6038, 40.6857 ], [ -3.605, 40.6837 ], [ -3.605, 40.6819 ], [ -3.6051, 40.6816 ], [ -3.6047, 40.6811 ], [ -3.6045, 40.6803 ], [ -3.6045, 40.6796 ], [ -3.6049, 40.6793 ], [ -3.6041, 40.6773 ], [ -3.6026, 40.6771 ], [ -3.6031, 40.6784 ], [ -3.603, 40.6801 ], [ -3.6028, 40.6811 ], [ -3.6033, 40.6825 ], [ -3.6034, 40.6841 ], [ -3.6031, 40.6848 ], [ -3.6025, 40.6854 ], [ -3.6032, 40.6851 ] ] ] } },
{ "type": "Feature", "properties": { "municipio": "El Molar", "clasificacion": "no-urbanizable-protegido", "calificacion": "sin-asignar", "version": "vigente", "fuente": "SIT-CAM WFS — UsoDelSuelo:VPLA_V_CLASIFICACION (https://idem.comunidad.madrid/geosrvg/ows)", "fecha_dato": "2026-05-12", "ambito": "50785", "_raw_CD_SIGLAS": "SNUP", "_raw_DS_CLASIF_GEN": "Suelo No Urbanizable Protegido", "_raw_DS_CLASIF_DET": "Suelo No Urbanizable de Especial Protección de cauces y Riberas", "_raw_DS_DOCU": "NORMAS SUBSIDIARIAS", "_raw_DS_LEY": "CM Ley 9/1995, E RDL 1/1992", "_raw_FC_AC": "2002-08-01", "_raw_NM_AREA_M2": 165744.32494993499, "_cam_code": "086" }, "geometry": { "type": "Polygon", "coordinates": [ [ [ -3.6013, 40.7126 ], [ -3.6015, 40.7129 ], [ -3.6024, 40.7134 ], [ -3.6026, 40.7134 ], [ -3.603, 40.7128 ], [ -3.6036, 40.7125 ], [ -3.6038, 40.7122 ], [ -3.6039, 40.7117 ], [ -3.604, 40.7117 ], [ -3.6031, 40.7106 ], [ -3.6031, 40.7103 ], [ -3.6034, 40.7096 ], [ -3.6034, 40.709 ], [ -3.6024, 40.7072 ], [ -3.6019, 40.707 ], [ -3.6007, 40.707 ], [ -3.6002, 40.7066 ], [ -3.6, 40.7066 ], [ -3.6, 40.7068 ], [ -3.5993, 40.7066 ], [ -3.5991, 40.707 ], [ -3.5999, 40.7085 ], [ -3.5998, 40.7092 ], [ -3.6, 40.7098 ], [ -3.6002, 40.7099 ], [ -3.6011, 40.7114 ], [ -3.6012, 40.7118 ], [ -3.6016, 40.7121 ], [ -3.6018, 40.7125 ], [ -3.6013, 40.7126 ] ] ] } },
{ "type": "Feature", "properties": { "municipio": "El Molar", "clasificacion": "no-urbanizable-protegido", "calificacion": "sin-asignar", "version": "vigente", "fuente": "SIT-CAM WFS — UsoDelSuelo:VPLA_V_CLASIFICACION (https://idem.comunidad.madrid/geosrvg/ows)", "fecha_dato": "2026-05-12", "ambito": "50785", "_raw_CD_SIGLAS": "SNUP", "_raw_DS_CLASIF_GEN": "Suelo No Urbanizable Protegido", "_raw_DS_CLASIF_DET": "Suelo No Urbanizable de Especial Protección de cauces y Riberas", "_raw_DS_DOCU": "NORMAS SUBSIDIARIAS", "_raw_DS_LEY": "CM Ley 9/1995, E RDL 1/1992", "_raw_FC_AC": "2002-08-01", "_raw_NM_AREA_M2": 96749.030450179896, "_cam_code": "086" }, "geometry": { "type": "Polygon", "coordinates": [ [ [ -3.5883, 40.6944 ], [ -3.588, 40.6946 ], [ -3.5878, 40.6953 ], [ -3.5873, 40.696 ], [ -3.5869, 40.697 ], [ -3.5858, 40.6988 ], [ -3.5847, 40.6995 ], [ -3.5844, 40.7002 ], [ -3.5844, 40.7017 ], [ -3.5836, 40.7038 ], [ -3.5838, 40.7041 ], [ -3.5848, 40.703 ], [ -3.5852, 40.7022 ], [ -3.5854, 40.7013 ], [ -3.5855, 40.7013 ], [ -3.5861, 40.6996 ], [ -3.5872, 40.6983 ], [ -3.5884, 40.6959 ], [ -3.5891, 40.6951 ], [ -3.5902, 40.6943 ], [ -3.59, 40.6942 ], [ -3.5897, 40.6945 ], [ -3.5883, 40.6944 ] ] ] } },
{ "type": "Feature", "properties": { "municipio": "El Molar", "clasificacion": "no-urbanizable-protegido", "calificacion": "sin-asignar", "version": "vigente", "fuente": "SIT-CAM WFS — UsoDelSuelo:VPLA_V_CLASIFICACION (https://idem.comunidad.madrid/geosrvg/ows)", "fecha_dato": "2026-05-12", "ambito": "50785", "_raw_CD_SIGLAS": "SNUP", "_raw_DS_CLASIF_GEN": "Suelo No Urbanizable Protegido", "_raw_DS_CLASIF_DET": "Suelo No Urbanizable de Especial Protección de cauces y Riberas", "_raw_DS_DOCU": "NORMAS SUBSIDIARIAS", "_raw_DS_LEY": "CM Ley 9/1995, E RDL 1/1992", "_raw_FC_AC": "2002-08-01", "_raw_NM_AREA_M2": 278990.28127505298, "_cam_code": "086" }, "geometry": { "type": "Polygon", "coordinates": [ [ [ -3.5919, 40.6894 ], [ -3.5925, 40.6898 ], [ -3.5928, 40.6898 ], [ -3.5932, 40.6896 ], [ -3.5933, 40.6892 ], [ -3.593, 40.689 ], [ -3.5911, 40.6884 ], [ -3.5911, 40.6883 ], [ -3.5916, 40.6881 ], [ -3.592, 40.6881 ], [ -3.5926, 40.6884 ], [ -3.5934, 40.6886 ], [ -3.5942, 40.6887 ], [ -3.5949, 40.6887 ], [ -3.595, 40.6886 ], [ -3.5939, 40.6874 ], [ -3.5938, 40.6871 ], [ -3.594, 40.6868 ], [ -3.5944, 40.6868 ], [ -3.5954, 40.6877 ], [ -3.5952, 40.687 ], [ -3.5953, 40.6868 ], [ -3.5962, 40.6876 ], [ -3.5964, 40.6876 ], [ -3.5966, 40.6868 ], [ -3.5968, 40.6866 ], [ -3.597, 40.6866 ], [ -3.5971, 40.6867 ], [ -3.597, 40.687 ], [ -3.597, 40.6877 ], [ -3.5971, 40.6878 ], [ -3.5973, 40.6879 ], [ -3.5974, 40.6877 ], [ -3.5977, 40.6877 ], [ -3.5981, 40.6881 ], [ -3.5988, 40.6882 ], [ -3.5989, 40.6876 ], [ -3.5991, 40.6875 ], [ -3.5993, 40.6875 ], [ -3.5997, 40.688 ], [ -3.6001, 40.688 ], [ -3.6006, 40.6875 ], [ -3.6008, 40.6875 ], [ -3.6008, 40.6877 ], [ -3.601, 40.6879 ], [ -3.6013, 40.6879 ], [ -3.6019, 40.687 ], [ -3.6017, 40.6867 ], [ -3.6019, 40.6859 ], [ -3.6018, 40.6857 ], [ -3.6014, 40.6855 ], [ -3.5996, 40.6858 ], [ -3.5976, 40.6859 ], [ -3.5966, 40.6855 ], [ -3.5955, 40.6855 ], [ -3.5942, 40.6852 ], [ -3.5933, 40.6852 ], [ -3.5923, 40.6854 ], [ -3.5917, 40.6859 ], [ -3.5906, 40.6865 ], [ -3.5896, 40.6867 ], [ -3.5892, 40.6873 ], [ -3.5892, 40.6876 ], [ -3.5894, 40.6878 ], [ -3.5895, 40.6882 ], [ -3.5901, 40.6885 ], [ -3.5906, 40.6897 ], [ -3.5908, 40.6897 ], [ -3.5914, 40.6893 ], [ -3.5919, 40.6894 ] ] ] } },
{ "type": "Feature", "properties": { "municipio": "El Molar", "clasificacion": "no-urbanizable-protegido", "calificacion": "sin-asignar", "version": "vigente", "fuente": "SIT-CAM WFS — UsoDelSuelo:VPLA_V_CLASIFICACION (https://idem.comunidad.madrid/geosrvg/ows)", "fecha_dato": "2026-05-12", "ambito": "50785", "_raw_CD_SIGLAS": "SNUP", "_raw_DS_CLASIF_GEN": "Suelo No Urbanizable Protegido", "_raw_DS_CLASIF_DET": "Suelo No Urbanizable de Especial Protección de cauces y Riberas", "_raw_DS_DOCU": "NORMAS SUBSIDIARIAS", "_raw_DS_LEY": "CM Ley 9/1995, E RDL 1/1992", "_raw_FC_AC": "2002-08-01", "_raw_NM_AREA_M2": 1635172.58698739, "_cam_code": "086" }, "geometry": { "type": "Polygon", "coordinates": [ [ [ -3.555, 40.6585 ], [ -3.5562, 40.6597 ], [ -3.5568, 40.6609 ], [ -3.5568, 40.6616 ], [ -3.5565, 40.6625 ], [ -3.5557, 40.6634 ], [ -3.5546, 40.6642 ], [ -3.5542, 40.6649 ], [ -3.5542, 40.666 ], [ -3.5556, 40.6674 ], [ -3.5556, 40.6679 ], [ -3.5551, 40.6697 ], [ -3.555, 40.6713 ], [ -3.5542, 40.6728 ], [ -3.5539, 40.6742 ], [ -3.5542, 40.6771 ], [ -3.554, 40.6772 ], [ -3.5537, 40.678 ], [ -3.5535, 40.6782 ], [ -3.5533, 40.6794 ], [ -3.5537, 40.6816 ], [ -3.5539, 40.6819 ], [ -3.5544, 40.6822 ], [ -3.5554, 40.6826 ], [ -3.5556, 40.6828 ], [ -3.5556, 40.6833 ], [ -3.5547, 40.6842 ], [ -3.5537, 40.6864 ], [ -3.553, 40.6874 ], [ -3.5525, 40.6886 ], [ -3.554, 40.6883 ], [ -3.5549, 40.6871 ], [ -3.5551, 40.6866 ], [ -3.5551, 40.6856 ], [ -3.5555, 40.6852 ], [ -3.5559, 40.6845 ], [ -3.5566, 40.6839 ], [ -3.557, 40.6829 ], [ -3.5567, 40.6823 ], [ -3.5557, 40.6813 ], [ -3.5549, 40.6807 ], [ -3.5549, 40.68 ], [ -3.5551, 40.6792 ], [ -3.5549, 40.6782 ], [ -3.5554, 40.6772 ], [ -3.5554, 40.6768 ], [ -3.5557, 40.6763 ], [ -3.5553, 40.6743 ], [ -3.5554, 40.6733 ], [ -3.5561, 40.672 ], [ -3.557, 40.6686 ], [ -3.5569, 40.6674 ], [ -3.5566, 40.6664 ], [ -3.5561, 40.6657 ], [ -3.556, 40.6651 ], [ -3.5563, 40.6644 ], [ -3.5569, 40.6639 ], [ -3.5579, 40.6626 ], [ -3.5583, 40.6619 ], [ -3.5584, 40.6612 ], [ -3.5583, 40.6604 ], [ -3.558, 40.6596 ], [ -3.5574, 40.6588 ], [ -3.5601, 40.6592 ], [ -3.561, 40.6591 ], [ -3.5624, 40.6594 ], [ -3.5627, 40.6599 ], [ -3.5629, 40.66 ], [ -3.5629, 40.6615 ], [ -3.5628, 40.6618 ], [ -3.5636, 40.6631 ], [ -3.564, 40.6634 ], [ -3.5644, 40.6635 ], [ -3.5649, 40.6635 ], [ -3.566, 40.6632 ], [ -3.5666, 40.6624 ], [ -3.567, 40.6607 ], [ -3.5672, 40.6605 ], [ -3.5672, 40.6597 ], [ -3.5669, 40.6593 ], [ -3.5668, 40.6589 ], [ -3.5668, 40.6586 ], [ -3.5672, 40.6585 ], [ -3.5672, 40.6582 ], [ -3.5664, 40.656 ], [ -3.5665, 40.6556 ], [ -3.5655, 40.6552 ], [ -3.5652, 40.6552 ], [ -3.565, 40.6548 ], [ -3.5651, 40.6546 ], [ -3.5649, 40.6543 ], [ -3.5656, 40.6538 ], [ -3.5674, 40.6556 ], [ -3.5677, 40.6557 ], [ -3.5679, 40.6556 ], [ -3.5678, 40.655 ], [ -3.568, 40.6545 ], [ -3.5683, 40.6545 ], [ -3.5684, 40.6543 ], [ -3.5677, 40.6529 ], [ -3.5677, 40.6522 ], [ -3.5669, 40.6516 ], [ -3.5669, 40.6514 ], [ -3.5676, 40.6511 ], [ -3.5666, 40.6511 ], [ -3.5673, 40.6507 ], [ -3.5673, 40.6505 ], [ -3.5675, 40.6503 ], [ -3.5679, 40.6502 ], [ -3.5679, 40.65 ], [ -3.5689, 40.6496 ], [ -3.5683, 40.6493 ], [ -3.5679, 40.6493 ], [ -3.5678, 40.6491 ], [ -3.5673, 40.649 ], [ -3.5666, 40.6502 ], [ -3.5651, 40.6502 ], [ -3.5632, 40.6504 ], [ -3.5631, 40.6505 ], [ -3.5627, 40.6504 ], [ -3.5604, 40.6505 ], [ -3.5602, 40.6506 ], [ -3.5593, 40.6506 ], [ -3.5592, 40.6505 ], [ -3.5552, 40.6509 ], [ -3.5525, 40.6517 ], [ -3.5545, 40.6556 ], [ -3.5554, 40.6562 ], [ -3.5557, 40.6567 ], [ -3.5556, 40.6571 ], [ -3.555, 40.6579 ], [ -3.555, 40.6585 ] ] ] } },
{ "type": "Feature", "properties": { "municipio": "El Molar", "clasificacion": "no-urbanizable-protegido", "calificacion": "sin-asignar", "version": "vigente", "fuente": "SIT-CAM WFS — UsoDelSuelo:VPLA_V_CLASIFICACION (https://idem.comunidad.madrid/geosrvg/ows)", "fecha_dato": "2026-05-12", "ambito": "50785", "_raw_CD_SIGLAS": "SNUP", "_raw_DS_CLASIF_GEN": "Suelo No Urbanizable Protegido", "_raw_DS_CLASIF_DET": "Suelo No Urbanizable de Especial Protección de cauces y Riberas", "_raw_DS_DOCU": "NORMAS SUBSIDIARIAS", "_raw_DS_LEY": "CM Ley 9/1995, E RDL 1/1992", "_raw_FC_AC": "2002-08-01", "_raw_NM_AREA_M2": 10072.393124993099, "_cam_code": "086" }, "geometry": { "type": "Polygon", "coordinates": [ [ [ -3.6045, 40.6796 ], [ -3.6045, 40.6803 ], [ -3.6047, 40.6811 ], [ -3.6051, 40.6816 ], [ -3.6052, 40.6801 ], [ -3.6049, 40.6793 ], [ -3.6045, 40.6796 ] ] ] } },
{ "type": "Feature", "properties": { "municipio": "El Molar", "clasificacion": "no-urbanizable-protegido", "calificacion": "sin-asignar", "version": "vigente", "fuente": "SIT-CAM WFS — UsoDelSuelo:VPLA_V_CLASIFICACION (https://idem.comunidad.madrid/geosrvg/ows)", "fecha_dato": "2026-05-12", "ambito": "50785", "_raw_CD_SIGLAS": "SNUP", "_raw_DS_CLASIF_GEN": "Suelo No Urbanizable Protegido", "_raw_DS_CLASIF_DET": "Suelo No Urbanizable de Especial Protección de cauces y Riberas", "_raw_DS_DOCU": "NORMAS SUBSIDIARIAS", "_raw_DS_LEY": "CM Ley 9/1995, E RDL 1/1992", "_raw_FC_AC": "2002-08-01", "_raw_NM_AREA_M2": 15191.718262501299, "_cam_code": "086" }, "geometry": { "type": "Polygon", "coordinates": [ [ [ -3.6017, 40.67 ], [ -3.6016, 40.671 ], [ -3.6011, 40.6719 ], [ -3.6011, 40.6726 ], [ -3.6015, 40.6731 ], [ -3.6024, 40.6736 ], [ -3.6013, 40.6725 ], [ -3.6016, 40.6721 ], [ -3.602, 40.6719 ], [ -3.6021, 40.6712 ], [ -3.602, 40.6705 ], [ -3.6017, 40.67 ] ] ] } },
{ "type": "Feature", "properties": { "municipio": "El Molar", "clasificacion": "no-urbanizable-protegido", "calificacion": "sin-asignar", "version": "vigente", "fuente": "SIT-CAM WFS — UsoDelSuelo:VPLA_V_CLASIFICACION (https://idem.comunidad.madrid/geosrvg/ows)", "fecha_dato": "2026-05-12", "ambito": "50785", "_raw_CD_SIGLAS": "SNUP", "_raw_DS_CLASIF_GEN": "Suelo No Urbanizable Protegido", "_raw_DS_CLASIF_DET": "Suelo No Urbanizable de Especial Protección de cauces y Riberas", "_raw_DS_DOCU": "NORMAS SUBSIDIARIAS", "_raw_DS_LEY": "CM Ley 9/1995, E RDL 1/1992", "_raw_FC_AC": "2002-08-01", "_raw_NM_AREA_M2": 33255.942037540997, "_cam_code": "086" }, "geometry": { "type": "Polygon", "coordinates": [ [ [ -3.599, 40.6641 ], [ -3.5985, 40.6647 ], [ -3.5984, 40.6651 ], [ -3.5984, 40.666 ], [ -3.5988, 40.6666 ], [ -3.5997, 40.6673 ], [ -3.6007, 40.6675 ], [ -3.6004, 40.6671 ], [ -3.6002, 40.6664 ], [ -3.5998, 40.666 ], [ -3.5995, 40.665 ], [ -3.599, 40.6641 ] ] ] } },
{ "type": "Feature", "properties": { "municipio": "El Molar", "clasificacion": "urbano-consolidado", "calificacion": "sin-asignar", "version": "vigente", "fuente": "SIT-CAM WFS — UsoDelSuelo:VPLA_V_CLASIFICACION (https://idem.comunidad.madrid/geosrvg/ows)", "fecha_dato": "2026-05-12", "ambito": "50785", "_raw_CD_SIGLAS": "SU", "_raw_DS_CLASIF_GEN": "Suelo Urbano", "_raw_DS_CLASIF_DET": "Suelo Urbano", "_raw_DS_DOCU": "NORMAS SUBSIDIARIAS", "_raw_DS_LEY": "CM Ley 9/1995, E RDL 1/1992", "_raw_FC_AC": "2002-08-01", "_raw_NM_AREA_M2": 4555.3951125231097, "_cam_code": "086" }, "geometry": { "type": "Polygon", "coordinates": [ [ [ -3.5852, 40.7326 ], [ -3.5858, 40.7335 ], [ -3.5862, 40.7334 ], [ -3.5862, 40.7332 ], [ -3.586, 40.733 ], [ -3.586, 40.7327 ], [ -3.5852, 40.7326 ] ] ] } },
{ "type": "Feature", "properties": { "municipio": "El Molar", "clasificacion": "urbano-consolidado", "calificacion": "sin-asignar", "version": "vigente", "fuente": "SIT-CAM WFS — UsoDelSuelo:VPLA_V_CLASIFICACION (https://idem.comunidad.madrid/geosrvg/ows)", "fecha_dato": "2026-05-12", "ambito": "50785", "_raw_CD_SIGLAS": "SU", "_raw_DS_CLASIF_GEN": "Suelo Urbano", "_raw_DS_CLASIF_DET": "Suelo Urbano", "_raw_DS_DOCU": "NORMAS SUBSIDIARIAS", "_raw_DS_LEY": "CM Ley 9/1995, E RDL 1/1992", "_raw_FC_AC": "2002-08-01", "_raw_NM_AREA_M2": 704.28469999903598, "_cam_code": "086" }, "geometry": { "type": "Polygon", "coordinates": [ [ [ -3.5819, 40.7302 ], [ -3.5818, 40.7302 ], [ -3.5818, 40.7304 ], [ -3.5821, 40.7304 ], [ -3.5821, 40.7302 ], [ -3.5819, 40.7302 ] ] ] } },
{ "type": "Feature", "properties": { "municipio": "El Molar", "clasificacion": "urbano-consolidado", "calificacion": "sin-asignar", "version": "vigente", "fuente": "SIT-CAM WFS — UsoDelSuelo:VPLA_V_CLASIFICACION (https://idem.comunidad.madrid/geosrvg/ows)", "fecha_dato": "2026-05-12", "ambito": "50785", "_raw_CD_SIGLAS": "SU", "_raw_DS_CLASIF_GEN": "Suelo Urbano", "_raw_DS_CLASIF_DET": "Suelo Urbano", "_raw_DS_DOCU": "NORMAS SUBSIDIARIAS", "_raw_DS_LEY": "CM Ley 9/1995, E RDL 1/1992", "_raw_FC_AC": "2002-08-01", "_raw_NM_AREA_M2": 467.63004999264001, "_cam_code": "086" }, "geometry": { "type": "Polygon", "coordinates": [ [ [ -3.5875, 40.7365 ], [ -3.5876, 40.737 ], [ -3.5877, 40.7371 ], [ -3.5876, 40.7364 ], [ -3.5875, 40.7365 ] ] ] } },
{ "type": "Feature", "properties": { "municipio": "El Molar", "clasificacion": "urbano-consolidado", "calificacion": "sin-asignar", "version": "vigente", "fuente": "SIT-CAM WFS — UsoDelSuelo:VPLA_V_CLASIFICACION (https://idem.comunidad.madrid/geosrvg/ows)", "fecha_dato": "2026-05-12", "ambito": "50785", "_raw_CD_SIGLAS": "SU", "_raw_DS_CLASIF_GEN": "Suelo Urbano", "_raw_DS_CLASIF_DET": "Suelo Urbano", "_raw_DS_DOCU": "NORMAS SUBSIDIARIAS", "_raw_DS_LEY": "CM Ley 9/1995, E RDL 1/1992", "_raw_FC_AC": "2002-08-01", "_raw_NM_AREA_M2": 37480.826091798299, "_cam_code": "086" }, "geometry": { "type": "Polygon", "coordinates": [ [ [ -3.5827, 40.741 ], [ -3.5834, 40.741 ], [ -3.5865, 40.7403 ], [ -3.5874, 40.74 ], [ -3.5874, 40.7397 ], [ -3.587, 40.7391 ], [ -3.583, 40.7401 ], [ -3.5831, 40.7407 ], [ -3.5825, 40.741 ], [ -3.5827, 40.741 ] ] ] } },
{ "type": "Feature", "properties": { "municipio": "El Molar", "clasificacion": "urbano-consolidado", "calificacion": "sin-asignar", "version": "vigente", "fuente": "SIT-CAM WFS — UsoDelSuelo:VPLA_V_CLASIFICACION (https://idem.comunidad.madrid/geosrvg/ows)", "fecha_dato": "2026-05-12", "ambito": "50785", "_raw_CD_SIGLAS": "SU", "_raw_DS_CLASIF_GEN": "Suelo Urbano", "_raw_DS_CLASIF_DET": "Suelo Urbano", "_raw_DS_DOCU": "NORMAS SUBSIDIARIAS", "_raw_DS_LEY": "CM Ley 9/1995, E RDL 1/1992", "_raw_FC_AC": "2002-08-01", "_raw_NM_AREA_M2": 449.85449997762902, "_cam_code": "086" }, "geometry": { "type": "Polygon", "coordinates": [ [ [ -3.5801, 40.7293 ], [ -3.5803, 40.7295 ], [ -3.5804, 40.7294 ], [ -3.5803, 40.7292 ], [ -3.5801, 40.7293 ] ] ] } },
{ "type": "Feature", "properties": { "municipio": "El Molar", "clasificacion": "urbano-consolidado", "calificacion": "sin-asignar", "version": "vigente", "fuente": "SIT-CAM WFS — UsoDelSuelo:VPLA_V_CLASIFICACION (https://idem.comunidad.madrid/geosrvg/ows)", "fecha_dato": "2026-05-12", "ambito": "50785", "_raw_CD_SIGLAS": "SU", "_raw_DS_CLASIF_GEN": "Suelo Urbano", "_raw_DS_CLASIF_DET": "Suelo Urbano", "_raw_DS_DOCU": "NORMAS SUBSIDIARIAS", "_raw_DS_LEY": "CM Ley 9/1995, E RDL 1/1992", "_raw_FC_AC": "2002-08-01", "_raw_NM_AREA_M2": 191.954250011233, "_cam_code": "086" }, "geometry": { "type": "Polygon", "coordinates": [ [ [ -3.5817, 40.7304 ], [ -3.5818, 40.7306 ], [ -3.5819, 40.7305 ], [ -3.5817, 40.7304 ] ] ] } },
{ "type": "Feature", "properties": { "municipio": "El Molar", "clasificacion": "urbano-consolidado", "calificacion": "sin-asignar", "version": "vigente", "fuente": "SIT-CAM WFS — UsoDelSuelo:VPLA_V_CLASIFICACION (https://idem.comunidad.madrid/geosrvg/ows)", "fecha_dato": "2026-05-12", "ambito": "50785", "_raw_CD_SIGLAS": "SU", "_raw_DS_CLASIF_GEN": "Suelo Urbano", "_raw_DS_CLASIF_DET": "Suelo Urbano", "_raw_DS_DOCU": "NORMAS SUBSIDIARIAS", "_raw_DS_LEY": "CM Ley 9/1995, E RDL 1/1992", "_raw_FC_AC": "2002-08-01", "_raw_NM_AREA_M2": 1472.2398999900099, "_cam_code": "086" }, "geometry": { "type": "Polygon", "coordinates": [ [ [ -3.5819, 40.7306 ], [ -3.5818, 40.7309 ], [ -3.5823, 40.731 ], [ -3.5824, 40.7308 ], [ -3.5819, 40.7306 ] ] ] } },
{ "type": "Feature", "properties": { "municipio": "El Molar", "clasificacion": "urbano-consolidado", "calificacion": "sin-asignar", "version": "vigente", "fuente": "SIT-CAM WFS — UsoDelSuelo:VPLA_V_CLASIFICACION (https://idem.comunidad.madrid/geosrvg/ows)", "fecha_dato": "2026-05-12", "ambito": "50785", "_raw_CD_SIGLAS": "SU", "_raw_DS_CLASIF_GEN": "Suelo Urbano", "_raw_DS_CLASIF_DET": "Suelo Urbano", "_raw_DS_DOCU": "NORMAS SUBSIDIARIAS", "_raw_DS_LEY": "CM Ley 9/1995, E RDL 1/1992", "_raw_FC_AC": "2002-08-01", "_raw_NM_AREA_M2": 297.119175003355, "_cam_code": "086" }, "geometry": { "type": "Polygon", "coordinates": [ [ [ -3.5848, 40.7311 ], [ -3.5849, 40.7313 ], [ -3.5851, 40.7312 ], [ -3.585, 40.7311 ], [ -3.5848, 40.7311 ] ] ] } },
{ "type": "Feature", "properties": { "municipio": "El Molar", "clasificacion": "urbano-consolidado", "calificacion": "sin-asignar", "version": "vigente", "fuente": "SIT-CAM WFS — UsoDelSuelo:VPLA_V_CLASIFICACION (https://idem.comunidad.madrid/geosrvg/ows)", "fecha_dato": "2026-05-12", "ambito": "50785", "_raw_CD_SIGLAS": "SU", "_raw_DS_CLASIF_GEN": "Suelo Urbano", "_raw_DS_CLASIF_DET": "Suelo Urbano", "_raw_DS_DOCU": "NORMAS SUBSIDIARIAS", "_raw_DS_LEY": "CM Ley 9/1995, E RDL 1/1992", "_raw_FC_AC": "2002-08-01", "_raw_NM_AREA_M2": 289.26662499531699, "_cam_code": "086" }, "geometry": { "type": "Polygon", "coordinates": [ [ [ -3.5821, 40.7326 ], [ -3.5821, 40.7329 ], [ -3.5822, 40.7329 ], [ -3.5823, 40.7327 ], [ -3.5821, 40.7326 ] ] ] } },
{ "type": "Feature", "properties": { "municipio": "El Molar", "clasificacion": "urbano-consolidado", "calificacion": "sin-asignar", "version": "vigente", "fuente": "SIT-CAM WFS — UsoDelSuelo:VPLA_V_CLASIFICACION (https://idem.comunidad.madrid/geosrvg/ows)", "fecha_dato": "2026-05-12", "ambito": "50785", "_raw_CD_SIGLAS": "SU", "_raw_DS_CLASIF_GEN": "Suelo Urbano", "_raw_DS_CLASIF_DET": "Suelo Urbano", "_raw_DS_DOCU": "NORMAS SUBSIDIARIAS", "_raw_DS_LEY": "CM Ley 9/1995, E RDL 1/1992", "_raw_FC_AC": "2002-08-01", "_raw_NM_AREA_M2": 635.00334375724401, "_cam_code": "086" }, "geometry": { "type": "Polygon", "coordinates": [ [ [ -3.5826, 40.7328 ], [ -3.583, 40.7329 ], [ -3.583, 40.7327 ], [ -3.5827, 40.7327 ], [ -3.5826, 40.7328 ] ] ] } },
{ "type": "Feature", "properties": { "municipio": "El Molar", "clasificacion": "urbano-consolidado", "calificacion": "sin-asignar", "version": "vigente", "fuente": "SIT-CAM WFS — UsoDelSuelo:VPLA_V_CLASIFICACION (https://idem.comunidad.madrid/geosrvg/ows)", "fecha_dato": "2026-05-12", "ambito": "50785", "_raw_CD_SIGLAS": "SU", "_raw_DS_CLASIF_GEN": "Suelo Urbano", "_raw_DS_CLASIF_DET": "Suelo Urbano", "_raw_DS_DOCU": "NORMAS SUBSIDIARIAS", "_raw_DS_LEY": "CM Ley 9/1995, E RDL 1/1992", "_raw_FC_AC": "2002-08-01", "_raw_NM_AREA_M2": 290.54505701231, "_cam_code": "086" }, "geometry": { "type": "Polygon", "coordinates": [ [ [ -3.5815, 40.7358 ], [ -3.5816, 40.7361 ], [ -3.5817, 40.7358 ], [ -3.5815, 40.7358 ] ] ] } },
{ "type": "Feature", "properties": { "municipio": "El Molar", "clasificacion": "urbano-consolidado", "calificacion": "sin-asignar", "version": "vigente", "fuente": "SIT-CAM WFS — UsoDelSuelo:VPLA_V_CLASIFICACION (https://idem.comunidad.madrid/geosrvg/ows)", "fecha_dato": "2026-05-12", "ambito": "50785", "_raw_CD_SIGLAS": "SU", "_raw_DS_CLASIF_GEN": "Suelo Urbano", "_raw_DS_CLASIF_DET": "Suelo Urbano", "_raw_DS_DOCU": "NORMAS SUBSIDIARIAS", "_raw_DS_LEY": "CM Ley 9/1995, E RDL 1/1992", "_raw_FC_AC": "2002-08-01", "_raw_NM_AREA_M2": 1976.95740000258, "_cam_code": "086" }, "geometry": { "type": "Polygon", "coordinates": [ [ [ -3.5811, 40.7356 ], [ -3.5807, 40.7361 ], [ -3.5813, 40.7361 ], [ -3.5813, 40.7356 ], [ -3.5811, 40.7356 ] ] ] } },
{ "type": "Feature", "properties": { "municipio": "El Molar", "clasificacion": "urbano-consolidado", "calificacion": "sin-asignar", "version": "vigente", "fuente": "SIT-CAM WFS — UsoDelSuelo:VPLA_V_CLASIFICACION (https://idem.comunidad.madrid/geosrvg/ows)", "fecha_dato": "2026-05-12", "ambito": "50785", "_raw_CD_SIGLAS": "SU", "_raw_DS_CLASIF_GEN": "Suelo Urbano", "_raw_DS_CLASIF_DET": "Suelo Urbano", "_raw_DS_DOCU": "NORMAS SUBSIDIARIAS", "_raw_DS_LEY": "CM Ley 9/1995, E RDL 1/1992", "_raw_FC_AC": "2002-08-01", "_raw_NM_AREA_M2": 2573.6727499938602, "_cam_code": "086" }, "geometry": { "type": "Polygon", "coordinates": [ [ [ -3.5815, 40.7371 ], [ -3.5815, 40.7374 ], [ -3.5821, 40.7373 ], [ -3.582, 40.7369 ], [ -3.5815, 40.7369 ], [ -3.5815, 40.7371 ] ] ] } },
{ "type": "Feature", "properties": { "municipio": "El Molar", "clasificacion": "urbano-consolidado", "calificacion": "sin-asignar", "version": "vigente", "fuente": "SIT-CAM WFS — UsoDelSuelo:VPLA_V_CLASIFICACION (https://idem.comunidad.madrid/geosrvg/ows)", "fecha_dato": "2026-05-12", "ambito": "50785", "_raw_CD_SIGLAS": "SU", "_raw_DS_CLASIF_GEN": "Suelo Urbano", "_raw_DS_CLASIF_DET": "Suelo Urbano", "_raw_DS_DOCU": "NORMAS SUBSIDIARIAS", "_raw_DS_LEY": "CM Ley 9/1995, E RDL 1/1992", "_raw_FC_AC": "2002-08-01", "_raw_NM_AREA_M2": 16061.386462607999, "_cam_code": "086" }, "geometry": { "type": "Polygon", "coordinates": [ [ [ -3.5795, 40.737 ], [ -3.5787, 40.7377 ], [ -3.5811, 40.7377 ], [ -3.5812, 40.7368 ], [ -3.5801, 40.7368 ], [ -3.5801, 40.7369 ], [ -3.5795, 40.737 ] ] ] } },
{ "type": "Feature", "properties": { "municipio": "El Molar", "clasificacion": "urbano-consolidado", "calificacion": "sin-asignar", "version": "vigente", "fuente": "SIT-CAM WFS — UsoDelSuelo:VPLA_V_CLASIFICACION (https://idem.comunidad.madrid/geosrvg/ows)", "fecha_dato": "2026-05-12", "ambito": "50785", "_raw_CD_SIGLAS": "SU", "_raw_DS_CLASIF_GEN": "Suelo Urbano", "_raw_DS_CLASIF_DET": "Suelo Urbano", "_raw_DS_DOCU": "NORMAS SUBSIDIARIAS", "_raw_DS_LEY": "CM Ley 9/1995, E RDL 1/1992", "_raw_FC_AC": "2002-08-01", "_raw_NM_AREA_M2": 2472.9242291026799, "_cam_code": "086" }, "geometry": { "type": "Polygon", "coordinates": [ [ [ -3.5839, 40.7379 ], [ -3.5841, 40.7384 ], [ -3.5846, 40.7383 ], [ -3.5845, 40.7379 ], [ -3.5843, 40.7379 ], [ -3.5843, 40.7378 ], [ -3.5839, 40.7379 ] ] ] } },
{ "type": "Feature", "properties": { "municipio": "El Molar", "clasificacion": "urbano-consolidado", "calificacion": "sin-asignar", "version": "vigente", "fuente": "SIT-CAM WFS — UsoDelSuelo:VPLA_V_CLASIFICACION (https://idem.comunidad.madrid/geosrvg/ows)", "fecha_dato": "2026-05-12", "ambito": "50785", "_raw_CD_SIGLAS": "SU", "_raw_DS_CLASIF_GEN": "Suelo Urbano", "_raw_DS_CLASIF_DET": "Suelo Urbano", "_raw_DS_DOCU": "NORMAS SUBSIDIARIAS", "_raw_DS_LEY": "CM Ley 9/1995, E RDL 1/1992", "_raw_FC_AC": "2002-08-01", "_raw_NM_AREA_M2": 1202.4299999908401, "_cam_code": "086" }, "geometry": { "type": "Polygon", "coordinates": [ [ [ -3.5815, 40.7392 ], [ -3.5818, 40.7392 ], [ -3.5818, 40.7388 ], [ -3.5815, 40.7388 ], [ -3.5815, 40.7392 ] ] ] } },
{ "type": "Feature", "properties": { "municipio": "El Molar", "clasificacion": "urbano-consolidado", "calificacion": "sin-asignar", "version": "vigente", "fuente": "SIT-CAM WFS — UsoDelSuelo:VPLA_V_CLASIFICACION (https://idem.comunidad.madrid/geosrvg/ows)", "fecha_dato": "2026-05-12", "ambito": "50785", "_raw_CD_SIGLAS": "SU", "_raw_DS_CLASIF_GEN": "Suelo Urbano", "_raw_DS_CLASIF_DET": "Suelo Urbano", "_raw_DS_DOCU": "NORMAS SUBSIDIARIAS", "_raw_DS_LEY": "CM Ley 9/1995, E RDL 1/1992", "_raw_FC_AC": "2002-08-01", "_raw_NM_AREA_M2": 30601.975610421599, "_cam_code": "086" }, "geometry": { "type": "Polygon", "coordinates": [ [ [ -3.5795, 40.7397 ], [ -3.581, 40.7398 ], [ -3.5811, 40.7379 ], [ -3.5796, 40.7379 ], [ -3.5796, 40.7386 ], [ -3.5785, 40.7386 ], [ -3.5795, 40.7397 ] ] ] } },
{ "type": "Feature", "properties": { "municipio": "El Molar", "clasificacion": "urbano-consolidado", "calificacion": "sin-asignar", "version": "vigente", "fuente": "SIT-CAM WFS — UsoDelSuelo:VPLA_V_CLASIFICACION (https://idem.comunidad.madrid/geosrvg/ows)", "fecha_dato": "2026-05-12", "ambito": "50785", "_raw_CD_SIGLAS": "SU", "_raw_DS_CLASIF_GEN": "Suelo Urbano", "_raw_DS_CLASIF_DET": "Suelo Urbano", "_raw_DS_DOCU": "NORMAS SUBSIDIARIAS", "_raw_DS_LEY": "CM Ley 9/1995, E RDL 1/1992", "_raw_FC_AC": "2002-08-01", "_raw_NM_AREA_M2": 704.49906249934099, "_cam_code": "086" }, "geometry": { "type": "Polygon", "coordinates": [ [ [ -3.5856, 40.7334 ], [ -3.5854, 40.7335 ], [ -3.5854, 40.7337 ], [ -3.5858, 40.7336 ], [ -3.5856, 40.7334 ] ] ] } },
{ "type": "Feature", "properties": { "municipio": "El Molar", "clasificacion": "urbano-consolidado", "calificacion": "sin-asignar", "version": "vigente", "fuente": "SIT-CAM WFS — UsoDelSuelo:VPLA_V_CLASIFICACION (https://idem.comunidad.madrid/geosrvg/ows)", "fecha_dato": "2026-05-12", "ambito": "50785", "_raw_CD_SIGLAS": "SU", "_raw_DS_CLASIF_GEN": "Suelo Urbano", "_raw_DS_CLASIF_DET": "Suelo Urbano", "_raw_DS_DOCU": "NORMAS SUBSIDIARIAS", "_raw_DS_LEY": "CM Ley 9/1995, E RDL 1/1992", "_raw_FC_AC": "2002-08-01", "_raw_NM_AREA_M2": 51159.257958909599, "_cam_code": "086" }, "geometry": { "type": "Polygon", "coordinates": [ [ [ -3.5826, 40.7328 ], [ -3.5824, 40.7327 ], [ -3.5822, 40.7329 ], [ -3.5823, 40.733 ], [ -3.5823, 40.7336 ], [ -3.583, 40.7347 ], [ -3.5842, 40.7344 ], [ -3.5847, 40.7339 ], [ -3.5853, 40.7336 ], [ -3.5847, 40.7325 ], [ -3.584, 40.7319 ], [ -3.5828, 40.7324 ], [ -3.5826, 40.7328 ] ], [ [ -3.5826, 40.7328 ], [ -3.583, 40.7327 ], [ -3.583, 40.7329 ], [ -3.5827, 40.7329 ], [ -3.5826, 40.7328 ] ] ] } },
{ "type": "Feature", "properties": { "municipio": "El Molar", "clasificacion": "urbano-consolidado", "calificacion": "sin-asignar", "version": "vigente", "fuente": "SIT-CAM WFS — UsoDelSuelo:VPLA_V_CLASIFICACION (https://idem.comunidad.madrid/geosrvg/ows)", "fecha_dato": "2026-05-12", "ambito": "50785", "_raw_CD_SIGLAS": "SU", "_raw_DS_CLASIF_GEN": "Suelo Urbano", "_raw_DS_CLASIF_DET": "Suelo Urbano", "_raw_DS_DOCU": "NORMAS SUBSIDIARIAS", "_raw_DS_LEY": "CM Ley 9/1995, E RDL 1/1992", "_raw_FC_AC": "2002-08-01", "_raw_NM_AREA_M2": 220.44891250146401, "_cam_code": "086" }, "geometry": { "type": "Polygon", "coordinates": [ [ [ -3.5813, 40.7354 ], [ -3.5812, 40.7354 ], [ -3.5811, 40.7356 ], [ -3.5813, 40.7356 ], [ -3.5813, 40.7354 ] ] ] } },
{ "type": "Feature", "properties": { "municipio": "El Molar", "clasificacion": "urbano-consolidado", "calificacion": "sin-asignar", "version": "vigente", "fuente": "SIT-CAM WFS — UsoDelSuelo:VPLA_V_CLASIFICACION (https://idem.comunidad.madrid/geosrvg/ows)", "fecha_dato": "2026-05-12", "ambito": "50785", "_raw_CD_SIGLAS": "SU", "_raw_DS_CLASIF_GEN": "Suelo Urbano", "_raw_DS_CLASIF_DET": "Suelo Urbano", "_raw_DS_DOCU": "NORMAS SUBSIDIARIAS", "_raw_DS_LEY": "CM Ley 9/1995, E RDL 1/1992", "_raw_FC_AC": "2002-08-01", "_raw_NM_AREA_M2": 1567.27683747175, "_cam_code": "086" }, "geometry": { "type": "Polygon", "coordinates": [ [ [ -3.5854, 40.7337 ], [ -3.586, 40.7353 ], [ -3.586, 40.7356 ], [ -3.5863, 40.7364 ], [ -3.5858, 40.7345 ], [ -3.5855, 40.7337 ], [ -3.5854, 40.7337 ] ] ] } },
{ "type": "Feature", "properties": { "municipio": "El Molar", "clasificacion": "urbano-consolidado", "calificacion": "sin-asignar", "version": "vigente", "fuente": "SIT-CAM WFS — UsoDelSuelo:VPLA_V_CLASIFICACION (https://idem.comunidad.madrid/geosrvg/ows)", "fecha_dato": "2026-05-12", "ambito": "50785", "_raw_CD_SIGLAS": "SU", "_raw_DS_CLASIF_GEN": "Suelo Urbano", "_raw_DS_CLASIF_DET": "Suelo Urbano", "_raw_DS_DOCU": "NORMAS SUBSIDIARIAS", "_raw_DS_LEY": "CM Ley 9/1995, E RDL 1/1992", "_raw_FC_AC": "2002-08-01", "_raw_NM_AREA_M2": 6322.9787499286604, "_cam_code": "086" }, "geometry": { "type": "Polygon", "coordinates": [ [ [ -3.5797, 40.7369 ], [ -3.5812, 40.7368 ], [ -3.5812, 40.7361 ], [ -3.5805, 40.7361 ], [ -3.5805, 40.7365 ], [ -3.5802, 40.7364 ], [ -3.5797, 40.7369 ] ] ] } },
{ "type": "Feature", "properties": { "municipio": "El Molar", "clasificacion": "urbano-consolidado", "calificacion": "sin-asignar", "version": "vigente", "fuente": "SIT-CAM WFS — UsoDelSuelo:VPLA_V_CLASIFICACION (https://idem.comunidad.madrid/geosrvg/ows)", "fecha_dato": "2026-05-12", "ambito": "50785", "_raw_CD_SIGLAS": "SU", "_raw_DS_CLASIF_GEN": "Suelo Urbano", "_raw_DS_CLASIF_DET": "Suelo Urbano", "_raw_DS_DOCU": "NORMAS SUBSIDIARIAS", "_raw_DS_LEY": "CM Ley 9/1995, E RDL 1/1992", "_raw_FC_AC": "2002-08-01", "_raw_NM_AREA_M2": 27216.140146685499, "_cam_code": "086" }, "geometry": { "type": "Polygon", "coordinates": [ [ [ -3.5863, 40.7334 ], [ -3.5859, 40.7335 ], [ -3.5858, 40.7337 ], [ -3.5868, 40.7369 ], [ -3.5877, 40.7371 ], [ -3.5874, 40.7364 ], [ -3.5872, 40.7353 ], [ -3.5866, 40.7335 ], [ -3.5863, 40.7334 ] ] ] } },
{ "type": "Feature", "properties": { "municipio": "El Molar", "clasificacion": "urbano-consolidado", "calificacion": "sin-asignar", "version": "vigente", "fuente": "SIT-CAM WFS — UsoDelSuelo:VPLA_V_CLASIFICACION (https://idem.comunidad.madrid/geosrvg/ows)", "fecha_dato": "2026-05-12", "ambito": "50785", "_raw_CD_SIGLAS": "SU", "_raw_DS_CLASIF_GEN": "Suelo Urbano", "_raw_DS_CLASIF_DET": "Suelo Urbano", "_raw_DS_DOCU": "NORMAS SUBSIDIARIAS", "_raw_DS_LEY": "CM Ley 9/1995, E RDL 1/1992", "_raw_FC_AC": "2002-08-01", "_raw_NM_AREA_M2": 52801.025174978, "_cam_code": "086" }, "geometry": { "type": "Polygon", "coordinates": [ [ [ -3.5838, 40.7346 ], [ -3.583, 40.7348 ], [ -3.5831, 40.735 ], [ -3.5852, 40.7371 ], [ -3.5862, 40.7372 ], [ -3.586, 40.7365 ], [ -3.5861, 40.7365 ], [ -3.5861, 40.7361 ], [ -3.5855, 40.7342 ], [ -3.5852, 40.7338 ], [ -3.5847, 40.734 ], [ -3.5839, 40.7347 ], [ -3.5838, 40.7346 ] ] ] } },
{ "type": "Feature", "properties": { "municipio": "El Molar", "clasificacion": "urbano-consolidado", "calificacion": "sin-asignar", "version": "vigente", "fuente": "SIT-CAM WFS — UsoDelSuelo:VPLA_V_CLASIFICACION (https://idem.comunidad.madrid/geosrvg/ows)", "fecha_dato": "2026-05-12", "ambito": "50785", "_raw_CD_SIGLAS": "SU", "_raw_DS_CLASIF_GEN": "Suelo Urbano", "_raw_DS_CLASIF_DET": "Suelo Urbano", "_raw_DS_DOCU": "NORMAS SUBSIDIARIAS", "_raw_DS_LEY": "CM Ley 9/1995, E RDL 1/1992", "_raw_FC_AC": "2002-08-01", "_raw_NM_AREA_M2": 64796.939211679703, "_cam_code": "086" }, "geometry": { "type": "Polygon", "coordinates": [ [ [ -3.5826, 40.738 ], [ -3.5828, 40.7381 ], [ -3.5831, 40.7379 ], [ -3.5833, 40.738 ], [ -3.5836, 40.7378 ], [ -3.5849, 40.7376 ], [ -3.5853, 40.7375 ], [ -3.5853, 40.7374 ], [ -3.5829, 40.7349 ], [ -3.5826, 40.7352 ], [ -3.5824, 40.735 ], [ -3.582, 40.7351 ], [ -3.5815, 40.735 ], [ -3.5816, 40.7355 ], [ -3.5815, 40.7354 ], [ -3.5814, 40.7358 ], [ -3.5817, 40.7358 ], [ -3.5816, 40.7361 ], [ -3.5815, 40.736 ], [ -3.5815, 40.7369 ], [ -3.582, 40.7369 ], [ -3.582, 40.7369 ], [ -3.5821, 40.7373 ], [ -3.582, 40.7373 ], [ -3.5823, 40.7373 ], [ -3.5824, 40.7373 ], [ -3.5826, 40.738 ] ] ] } },
{ "type": "Feature", "properties": { "municipio": "El Molar", "clasificacion": "urbano-consolidado", "calificacion": "sin-asignar", "version": "vigente", "fuente": "SIT-CAM WFS — UsoDelSuelo:VPLA_V_CLASIFICACION (https://idem.comunidad.madrid/geosrvg/ows)", "fecha_dato": "2026-05-12", "ambito": "50785", "_raw_CD_SIGLAS": "SU", "_raw_DS_CLASIF_GEN": "Suelo Urbano", "_raw_DS_CLASIF_DET": "Suelo Urbano", "_raw_DS_DOCU": "NORMAS SUBSIDIARIAS", "_raw_DS_LEY": "CM Ley 9/1995, E RDL 1/1992", "_raw_FC_AC": "2002-08-01", "_raw_NM_AREA_M2": 210915.505413715, "_cam_code": "086" }, "geometry": { "type": "Polygon", "coordinates": [ [ [ -3.5767, 40.736 ], [ -3.5774, 40.7374 ], [ -3.5774, 40.7378 ], [ -3.5778, 40.7381 ], [ -3.5794, 40.737 ], [ -3.5795, 40.7368 ], [ -3.5802, 40.7363 ], [ -3.5813, 40.7351 ], [ -3.5812, 40.735 ], [ -3.5813, 40.735 ], [ -3.5813, 40.7348 ], [ -3.5821, 40.735 ], [ -3.5829, 40.7348 ], [ -3.5822, 40.7337 ], [ -3.5822, 40.7334 ], [ -3.5821, 40.7334 ], [ -3.5822, 40.7333 ], [ -3.5821, 40.7326 ], [ -3.5823, 40.7324 ], [ -3.5822, 40.7321 ], [ -3.5816, 40.7315 ], [ -3.5813, 40.7314 ], [ -3.5813, 40.7315 ], [ -3.5809, 40.7312 ], [ -3.58, 40.7311 ], [ -3.58, 40.7312 ], [ -3.579, 40.7309 ], [ -3.5783, 40.7309 ], [ -3.5783, 40.7311 ], [ -3.5775, 40.7309 ], [ -3.5759, 40.73 ], [ -3.5756, 40.7304 ], [ -3.5781, 40.7315 ], [ -3.5772, 40.7327 ], [ -3.5773, 40.7328 ], [ -3.5781, 40.733 ], [ -3.5792, 40.7336 ], [ -3.58, 40.7338 ], [ -3.5795, 40.7341 ], [ -3.5796, 40.7342 ], [ -3.5794, 40.7344 ], [ -3.5789, 40.7347 ], [ -3.5785, 40.7348 ], [ -3.5785, 40.7347 ], [ -3.5781, 40.7347 ], [ -3.5781, 40.7348 ], [ -3.578, 40.7346 ], [ -3.5776, 40.7344 ], [ -3.5774, 40.7347 ], [ -3.578, 40.7349 ], [ -3.578, 40.735 ], [ -3.5793, 40.7349 ], [ -3.5792, 40.7358 ], [ -3.5778, 40.7358 ], [ -3.5768, 40.7354 ], [ -3.5767, 40.736 ] ] ] } },
{ "type": "Feature", "properties": { "municipio": "El Molar", "clasificacion": "urbano-consolidado", "calificacion": "sin-asignar", "version": "vigente", "fuente": "SIT-CAM WFS — UsoDelSuelo:VPLA_V_CLASIFICACION (https://idem.comunidad.madrid/geosrvg/ows)", "fecha_dato": "2026-05-12", "ambito": "50785", "_raw_CD_SIGLAS": "SU", "_raw_DS_CLASIF_GEN": "Suelo Urbano", "_raw_DS_CLASIF_DET": "Suelo Urbano", "_raw_DS_DOCU": "NORMAS SUBSIDIARIAS", "_raw_DS_LEY": "CM Ley 9/1995, E RDL 1/1992", "_raw_FC_AC": "2002-08-01", "_raw_NM_AREA_M2": 1267.1676500103099, "_cam_code": "086" }, "geometry": { "type": "Polygon", "coordinates": [ [ [ -3.5866, 40.7372 ], [ -3.5866, 40.7373 ], [ -3.5866, 40.738 ], [ -3.5869, 40.7383 ], [ -3.5866, 40.7372 ] ] ] } },
{ "type": "Feature", "properties": { "municipio": "El Molar", "clasificacion": "urbano-consolidado", "calificacion": "sin-asignar", "version": "vigente", "fuente": "SIT-CAM WFS — UsoDelSuelo:VPLA_V_CLASIFICACION (https://idem.comunidad.madrid/geosrvg/ows)", "fecha_dato": "2026-05-12", "ambito": "50785", "_raw_CD_SIGLAS": "SU", "_raw_DS_CLASIF_GEN": "Suelo Urbano", "_raw_DS_CLASIF_DET": "Suelo Urbano", "_raw_DS_DOCU": "NORMAS SUBSIDIARIAS", "_raw_DS_LEY": "CM Ley 9/1995, E RDL 1/1992", "_raw_FC_AC": "2002-08-01", "_raw_NM_AREA_M2": 1405.4402749798201, "_cam_code": "086" }, "geometry": { "type": "Polygon", "coordinates": [ [ [ -3.5869, 40.7384 ], [ -3.5865, 40.7384 ], [ -3.5867, 40.7387 ], [ -3.5871, 40.7389 ], [ -3.5869, 40.7384 ] ] ] } },
{ "type": "Feature", "properties": { "municipio": "El Molar", "clasificacion": "urbano-consolidado", "calificacion": "sin-asignar", "version": "vigente", "fuente": "SIT-CAM WFS — UsoDelSuelo:VPLA_V_CLASIFICACION (https://idem.comunidad.madrid/geosrvg/ows)", "fecha_dato": "2026-05-12", "ambito": "50785", "_raw_CD_SIGLAS": "SU", "_raw_DS_CLASIF_GEN": "Suelo Urbano", "_raw_DS_CLASIF_DET": "Suelo Urbano", "_raw_DS_DOCU": "NORMAS SUBSIDIARIAS", "_raw_DS_LEY": "CM Ley 9/1995, E RDL 1/1992", "_raw_FC_AC": "2002-08-01", "_raw_NM_AREA_M2": 652.911499998159, "_cam_code": "086" }, "geometry": { "type": "Polygon", "coordinates": [ [ [ -3.5871, 40.7378 ], [ -3.5871, 40.7377 ], [ -3.5875, 40.7377 ], [ -3.5875, 40.7376 ], [ -3.5874, 40.7376 ], [ -3.5871, 40.7375 ], [ -3.587, 40.7375 ], [ -3.587, 40.7374 ], [ -3.587, 40.7374 ], [ -3.587, 40.7376 ], [ -3.5871, 40.7378 ] ] ] } },
{ "type": "Feature", "properties": { "municipio": "El Molar", "clasificacion": "urbano-consolidado", "calificacion": "sin-asignar", "version": "vigente", "fuente": "SIT-CAM WFS — UsoDelSuelo:VPLA_V_CLASIFICACION (https://idem.comunidad.madrid/geosrvg/ows)", "fecha_dato": "2026-05-12", "ambito": "50785", "_raw_CD_SIGLAS": "SU", "_raw_DS_CLASIF_GEN": "Suelo Urbano", "_raw_DS_CLASIF_DET": "Suelo Urbano", "_raw_DS_DOCU": "NORMAS SUBSIDIARIAS", "_raw_DS_LEY": "CM Ley 9/1995, E RDL 1/1992", "_raw_FC_AC": "2002-08-01", "_raw_NM_AREA_M2": 1401.7482499959999, "_cam_code": "086" }, "geometry": { "type": "Polygon", "coordinates": [ [ [ -3.5874, 40.7377 ], [ -3.5872, 40.7378 ], [ -3.5872, 40.7382 ], [ -3.5876, 40.7381 ], [ -3.5876, 40.7379 ], [ -3.5874, 40.7377 ] ] ] } },
{ "type": "Feature", "properties": { "municipio": "El Molar", "clasificacion": "urbano-consolidado", "calificacion": "sin-asignar", "version": "vigente", "fuente": "SIT-CAM WFS — UsoDelSuelo:VPLA_V_CLASIFICACION (https://idem.comunidad.madrid/geosrvg/ows)", "fecha_dato": "2026-05-12", "ambito": "50785", "_raw_CD_SIGLAS": "SU", "_raw_DS_CLASIF_GEN": "Suelo Urbano", "_raw_DS_CLASIF_DET": "Suelo Urbano", "_raw_DS_DOCU": "NORMAS SUBSIDIARIAS", "_raw_DS_LEY": "CM Ley 9/1995, E RDL 1/1992", "_raw_FC_AC": "2002-08-01", "_raw_NM_AREA_M2": 59071.935497176899, "_cam_code": "086" }, "geometry": { "type": "Polygon", "coordinates": [ [ [ -3.5851, 40.731 ], [ -3.5853, 40.7312 ], [ -3.5857, 40.7311 ], [ -3.5857, 40.731 ], [ -3.5874, 40.7309 ], [ -3.589, 40.7304 ], [ -3.5887, 40.7303 ], [ -3.5886, 40.7298 ], [ -3.5879, 40.7297 ], [ -3.5877, 40.7299 ], [ -3.586, 40.7299 ], [ -3.5858, 40.7303 ], [ -3.585, 40.7302 ], [ -3.585, 40.7301 ], [ -3.5848, 40.7303 ], [ -3.5845, 40.7299 ], [ -3.5845, 40.7297 ], [ -3.5839, 40.7298 ], [ -3.5837, 40.73 ], [ -3.5832, 40.7298 ], [ -3.5832, 40.7297 ], [ -3.5829, 40.7297 ], [ -3.5828, 40.7299 ], [ -3.5826, 40.7299 ], [ -3.5827, 40.7291 ], [ -3.5827, 40.7289 ], [ -3.5827, 40.7288 ], [ -3.5827, 40.7286 ], [ -3.5822, 40.7303 ], [ -3.5832, 40.7308 ], [ -3.5835, 40.7311 ], [ -3.5844, 40.7309 ], [ -3.5851, 40.731 ] ] ] } },
{ "type": "Feature", "properties": { "municipio": "El Molar", "clasificacion": "urbano-consolidado", "calificacion": "sin-asignar", "version": "vigente", "fuente": "SIT-CAM WFS — UsoDelSuelo:VPLA_V_CLASIFICACION (https://idem.comunidad.madrid/geosrvg/ows)", "fecha_dato": "2026-05-12", "ambito": "50785", "_raw_CD_SIGLAS": "SU", "_raw_DS_CLASIF_GEN": "Suelo Urbano", "_raw_DS_CLASIF_DET": "Suelo Urbano", "_raw_DS_DOCU": "NORMAS SUBSIDIARIAS", "_raw_DS_LEY": "CM Ley 9/1995, E RDL 1/1992", "_raw_FC_AC": "2002-08-01", "_raw_NM_AREA_M2": 3743.2834499905898, "_cam_code": "086" }, "geometry": { "type": "Polygon", "coordinates": [ [ [ -3.5849, 40.731 ], [ -3.5837, 40.7311 ], [ -3.5837, 40.7312 ], [ -3.5844, 40.7315 ], [ -3.5844, 40.7314 ], [ -3.5849, 40.7313 ], [ -3.5848, 40.7311 ], [ -3.585, 40.7311 ], [ -3.5849, 40.731 ] ] ] } },
{ "type": "Feature", "properties": { "municipio": "El Molar", "clasificacion": "urbano-consolidado", "calificacion": "sin-asignar", "version": "vigente", "fuente": "SIT-CAM WFS — UsoDelSuelo:VPLA_V_CLASIFICACION (https://idem.comunidad.madrid/geosrvg/ows)", "fecha_dato": "2026-05-12", "ambito": "50785", "_raw_CD_SIGLAS": "SU", "_raw_DS_CLASIF_GEN": "Suelo Urbano", "_raw_DS_CLASIF_DET": "Suelo Urbano", "_raw_DS_DOCU": "NORMAS SUBSIDIARIAS", "_raw_DS_LEY": "CM Ley 9/1995, E RDL 1/1992", "_raw_FC_AC": "2002-08-01", "_raw_NM_AREA_M2": 5824.5583999615901, "_cam_code": "086" }, "geometry": { "type": "Polygon", "coordinates": [ [ [ -3.5874, 40.7372 ], [ -3.587, 40.7373 ], [ -3.5878, 40.7378 ], [ -3.5878, 40.7384 ], [ -3.5879, 40.7384 ], [ -3.588, 40.739 ], [ -3.5881, 40.739 ], [ -3.5881, 40.7393 ], [ -3.5883, 40.7394 ], [ -3.5877, 40.7371 ], [ -3.5874, 40.737 ], [ -3.5874, 40.7372 ] ] ] } },
{ "type": "Feature", "properties": { "municipio": "El Molar", "clasificacion": "urbano-consolidado", "calificacion": "sin-asignar", "version": "vigente", "fuente": "SIT-CAM WFS — UsoDelSuelo:VPLA_V_CLASIFICACION (https://idem.comunidad.madrid/geosrvg/ows)", "fecha_dato": "2026-05-12", "ambito": "50785", "_raw_CD_SIGLAS": "SU", "_raw_DS_CLASIF_GEN": "Suelo Urbano", "_raw_DS_CLASIF_DET": "Suelo Urbano", "_raw_DS_DOCU": "NORMAS SUBSIDIARIAS", "_raw_DS_LEY": "CM Ley 9/1995, E RDL 1/1992", "_raw_FC_AC": "2002-08-01", "_raw_NM_AREA_M2": 46531.397512522599, "_cam_code": "086" }, "geometry": { "type": "Polygon", "coordinates": [ [ [ -3.5873, 40.7383 ], [ -3.5881, 40.7411 ], [ -3.5888, 40.7424 ], [ -3.5904, 40.7436 ], [ -3.5913, 40.7439 ], [ -3.5922, 40.744 ], [ -3.5924, 40.7437 ], [ -3.5905, 40.7428 ], [ -3.5895, 40.7421 ], [ -3.5888, 40.741 ], [ -3.5884, 40.7396 ], [ -3.588, 40.7395 ], [ -3.5876, 40.7383 ], [ -3.5873, 40.7383 ] ] ] } },
{ "type": "Feature", "properties": { "municipio": "El Molar", "clasificacion": "urbano-consolidado", "calificacion": "sin-asignar", "version": "vigente", "fuente": "SIT-CAM WFS — UsoDelSuelo:VPLA_V_CLASIFICACION (https://idem.comunidad.madrid/geosrvg/ows)", "fecha_dato": "2026-05-12", "ambito": "50785", "_raw_CD_SIGLAS": "SU", "_raw_DS_CLASIF_GEN": "Suelo Urbano", "_raw_DS_CLASIF_DET": "Suelo Urbano", "_raw_DS_DOCU": "NORMAS SUBSIDIARIAS", "_raw_DS_LEY": "CM Ley 9/1995, E RDL 1/1992", "_raw_FC_AC": "2002-08-01", "_raw_NM_AREA_M2": 188531.50860660701, "_cam_code": "086" }, "geometry": { "type": "Polygon", "coordinates": [ [ [ -3.5903, 40.7441 ], [ -3.5909, 40.7452 ], [ -3.5916, 40.7452 ], [ -3.5925, 40.7442 ], [ -3.5932, 40.744 ], [ -3.5931, 40.7437 ], [ -3.5926, 40.7438 ], [ -3.5926, 40.7437 ], [ -3.5919, 40.7434 ], [ -3.5919, 40.7433 ], [ -3.5905, 40.7427 ], [ -3.5893, 40.7417 ], [ -3.5893, 40.7415 ], [ -3.5889, 40.741 ], [ -3.5888, 40.7403 ], [ -3.5886, 40.7401 ], [ -3.5883, 40.7386 ], [ -3.5882, 40.7386 ], [ -3.5878, 40.737 ], [ -3.5877, 40.737 ], [ -3.5878, 40.7376 ], [ -3.5882, 40.7387 ], [ -3.5883, 40.7394 ], [ -3.5881, 40.7393 ], [ -3.5881, 40.739 ], [ -3.588, 40.739 ], [ -3.5879, 40.7387 ], [ -3.5879, 40.7384 ], [ -3.5878, 40.7384 ], [ -3.5878, 40.7378 ], [ -3.5876, 40.7376 ], [ -3.587, 40.7373 ], [ -3.5874, 40.7372 ], [ -3.5874, 40.737 ], [ -3.5868, 40.7369 ], [ -3.5863, 40.7354 ], [ -3.5858, 40.7336 ], [ -3.5865, 40.7334 ], [ -3.5872, 40.7353 ], [ -3.5875, 40.7366 ], [ -3.5876, 40.7364 ], [ -3.5867, 40.7336 ], [ -3.5861, 40.733 ], [ -3.5862, 40.7326 ], [ -3.5852, 40.7325 ], [ -3.5844, 40.7316 ], [ -3.5854, 40.7312 ], [ -3.5875, 40.731 ], [ -3.5889, 40.7306 ], [ -3.5892, 40.7304 ], [ -3.5885, 40.7305 ], [ -3.5882, 40.7307 ], [ -3.5874, 40.7309 ], [ -3.5857, 40.731 ], [ -3.5857, 40.7311 ], [ -3.5853, 40.7312 ], [ -3.5849, 40.7309 ], [ -3.5844, 40.7309 ], [ -3.5835, 40.7311 ], [ -3.5832, 40.7308 ], [ -3.5822, 40.7303 ], [ -3.5827, 40.7286 ], [ -3.5827, 40.7286 ], [ -3.5826, 40.7286 ], [ -3.5824, 40.7286 ], [ -3.5824, 40.7286 ], [ -3.5824, 40.7286 ], [ -3.5825, 40.7286 ], [ -3.5825, 40.7286 ], [ -3.5825, 40.7286 ], [ -3.5825, 40.7286 ], [ -3.5825, 40.7286 ], [ -3.5825, 40.7286 ], [ -3.5825, 40.7286 ], [ -3.5825, 40.7286 ], [ -3.5825, 40.7286 ], [ -3.5825, 40.7286 ], [ -3.5825, 40.7286 ], [ -3.5825, 40.7286 ], [ -3.5825, 40.7286 ], [ -3.5825, 40.7286 ], [ -3.5825, 40.7287 ], [ -3.5825, 40.7289 ], [ -3.5821, 40.7301 ], [ -3.5814, 40.7298 ], [ -3.5802, 40.7286 ], [ -3.58, 40.7287 ], [ -3.5799, 40.7288 ], [ -3.5801, 40.7291 ], [ -3.5808, 40.7298 ], [ -3.5816, 40.7303 ], [ -3.5817, 40.7305 ], [ -3.5817, 40.7304 ], [ -3.5826, 40.7309 ], [ -3.5827, 40.7316 ], [ -3.5826, 40.7321 ], [ -3.5825, 40.7319 ], [ -3.5824, 40.7324 ], [ -3.5823, 40.7321 ], [ -3.5818, 40.7315 ], [ -3.5803, 40.731 ], [ -3.5776, 40.7307 ], [ -3.5771, 40.7305 ], [ -3.5761, 40.7298 ], [ -3.5759, 40.73 ], [ -3.5775, 40.7309 ], [ -3.5783, 40.7311 ], [ -3.5783, 40.7309 ], [ -3.5784, 40.7309 ], [ -3.579, 40.7309 ], [ -3.58, 40.7312 ], [ -3.58, 40.7311 ], [ -3.5805, 40.7311 ], [ -3.5811, 40.7313 ], [ -3.5813, 40.7315 ], [ -3.5813, 40.7314 ], [ -3.5816, 40.7315 ], [ -3.5823, 40.7323 ], [ -3.5821, 40.7326 ], [ -3.5823, 40.7327 ], [ -3.5821, 40.7329 ], [ -3.5821, 40.7331 ], [ -3.5822, 40.7331 ], [ -3.5821, 40.7334 ], [ -3.5822, 40.7334 ], [ -3.5822, 40.7338 ], [ -3.5824, 40.7339 ], [ -3.5829, 40.7348 ], [ -3.5821, 40.735 ], [ -3.5813, 40.7348 ], [ -3.5813, 40.735 ], [ -3.5812, 40.735 ], [ -3.5813, 40.7351 ], [ -3.5802, 40.7363 ], [ -3.5775, 40.7384 ], [ -3.5757, 40.7393 ], [ -3.5734, 40.7402 ], [ -3.5727, 40.7403 ], [ -3.5729, 40.7405 ], [ -3.5758, 40.7394 ], [ -3.5774, 40.7385 ], [ -3.5775, 40.7386 ], [ -3.5777, 40.7385 ], [ -3.5776, 40.7384 ], [ -3.5781, 40.7382 ], [ -3.5784, 40.7378 ], [ -3.5811, 40.7379 ], [ -3.581, 40.74 ], [ -3.5813, 40.74 ], [ -3.5815, 40.7375 ], [ -3.5823, 40.7374 ], [ -3.5825, 40.7382 ], [ -3.5834, 40.7381 ], [ -3.5834, 40.738 ], [ -3.5843, 40.7378 ], [ -3.5843, 40.7379 ], [ -3.5845, 40.7379 ], [ -3.5845, 40.7378 ], [ -3.5855, 40.7376 ], [ -3.5861, 40.7381 ], [ -3.5874, 40.7397 ], [ -3.5874, 40.74 ], [ -3.5883, 40.7422 ], [ -3.5894, 40.7434 ], [ -3.5903, 40.7441 ] ], [ [ -3.5924, 40.7437 ], [ -3.5922, 40.744 ], [ -3.5918, 40.744 ], [ -3.5904, 40.7436 ], [ -3.5888, 40.7424 ], [ -3.5881, 40.7411 ], [ -3.5873, 40.7383 ], [ -3.5876, 40.7383 ], [ -3.588, 40.7395 ], [ -3.5884, 40.7396 ], [ -3.5888, 40.741 ], [ -3.5895, 40.7421 ], [ -3.5905, 40.7428 ], [ -3.5924, 40.7437 ] ], [ [ -3.587, 40.7385 ], [ -3.5871, 40.7389 ], [ -3.5867, 40.7387 ], [ -3.5865, 40.7384 ], [ -3.587, 40.7385 ] ], [ [ -3.5869, 40.7383 ], [ -3.5866, 40.738 ], [ -3.5866, 40.7378 ], [ -3.5866, 40.7376 ], [ -3.5866, 40.7374 ], [ -3.5866, 40.7373 ], [ -3.5866, 40.7372 ], [ -3.5869, 40.7383 ] ], [ [ -3.5865, 40.7379 ], [ -3.5865, 40.7382 ], [ -3.5863, 40.7382 ], [ -3.5854, 40.7372 ], [ -3.5855, 40.7373 ], [ -3.5865, 40.7373 ], [ -3.5865, 40.7379 ] ], [ [ -3.5829, 40.7349 ], [ -3.5853, 40.7375 ], [ -3.5836, 40.7378 ], [ -3.5833, 40.738 ], [ -3.5831, 40.7379 ], [ -3.5828, 40.7381 ], [ -3.5826, 40.738 ], [ -3.5824, 40.7373 ], [ -3.5815, 40.7374 ], [ -3.5815, 40.7358 ], [ -3.5814, 40.7358 ], [ -3.5815, 40.7354 ], [ -3.5816, 40.7355 ], [ -3.5815, 40.735 ], [ -3.5819, 40.7351 ], [ -3.5824, 40.735 ], [ -3.5826, 40.7352 ], [ -3.5829, 40.7349 ] ], [ [ -3.5812, 40.7362 ], [ -3.5811, 40.7377 ], [ -3.5787, 40.7377 ], [ -3.5802, 40.7364 ], [ -3.5805, 40.7365 ], [ -3.5805, 40.7361 ], [ -3.5807, 40.7361 ], [ -3.5813, 40.7354 ], [ -3.5813, 40.7361 ], [ -3.5812, 40.7362 ] ], [ [ -3.5862, 40.7372 ], [ -3.5852, 40.7371 ], [ -3.583, 40.7348 ], [ -3.5838, 40.7346 ], [ -3.5839, 40.7347 ], [ -3.5847, 40.734 ], [ -3.5852, 40.7338 ], [ -3.5855, 40.7342 ], [ -3.5861, 40.7361 ], [ -3.5861, 40.7365 ], [ -3.586, 40.7365 ], [ -3.5862, 40.7372 ] ], [ [ -3.5842, 40.7344 ], [ -3.583, 40.7347 ], [ -3.5823, 40.7336 ], [ -3.5823, 40.733 ], [ -3.5822, 40.7329 ], [ -3.5824, 40.7327 ], [ -3.5826, 40.7328 ], [ -3.5828, 40.7324 ], [ -3.584, 40.7319 ], [ -3.5847, 40.7325 ], [ -3.5853, 40.7336 ], [ -3.5847, 40.7339 ], [ -3.5842, 40.7344 ] ], [ [ -3.584, 40.7318 ], [ -3.5827, 40.7324 ], [ -3.5826, 40.7323 ], [ -3.5826, 40.7321 ], [ -3.5827, 40.7321 ], [ -3.5831, 40.7313 ], [ -3.584, 40.7318 ] ], [ [ -3.584, 40.7314 ], [ -3.5837, 40.7311 ], [ -3.5849, 40.731 ], [ -3.5851, 40.7312 ], [ -3.5844, 40.7314 ], [ -3.5844, 40.7315 ], [ -3.584, 40.7314 ] ], [ [ -3.5858, 40.7335 ], [ -3.5857, 40.7334 ], [ -3.5852, 40.7326 ], [ -3.586, 40.7327 ], [ -3.586, 40.733 ], [ -3.5862, 40.7332 ], [ -3.5862, 40.7334 ], [ -3.5858, 40.7335 ] ], [ [ -3.5856, 40.7334 ], [ -3.5858, 40.7336 ], [ -3.5854, 40.7337 ], [ -3.5854, 40.7335 ], [ -3.5856, 40.7334 ] ], [ [ -3.5854, 40.7337 ], [ -3.5855, 40.7337 ], [ -3.5858, 40.7345 ], [ -3.5863, 40.7364 ], [ -3.5854, 40.7337 ] ], [ [ -3.587, 40.7376 ], [ -3.587, 40.7374 ], [ -3.587, 40.7374 ], [ -3.587, 40.7375 ], [ -3.5871, 40.7375 ], [ -3.5875, 40.7376 ], [ -3.5875, 40.7377 ], [ -3.5875, 40.7377 ], [ -3.5875, 40.7377 ], [ -3.5874, 40.7377 ], [ -3.5874, 40.7377 ], [ -3.5873, 40.7377 ], [ -3.5871, 40.7377 ], [ -3.5871, 40.7378 ], [ -3.587, 40.7376 ] ], [ [ -3.5872, 40.7378 ], [ -3.5874, 40.7377 ], [ -3.5876, 40.7379 ], [ -3.5876, 40.7381 ], [ -3.5872, 40.7382 ], [ -3.5872, 40.7378 ] ], [ [ -3.5819, 40.7302 ], [ -3.5821, 40.7302 ], [ -3.5821, 40.7304 ], [ -3.5818, 40.7304 ], [ -3.5818, 40.7302 ], [ -3.5819, 40.7302 ] ] ] } },
{ "type": "Feature", "properties": { "municipio": "El Molar", "clasificacion": "urbano-consolidado", "calificacion": "sin-asignar", "version": "vigente", "fuente": "SIT-CAM WFS — UsoDelSuelo:VPLA_V_CLASIFICACION (https://idem.comunidad.madrid/geosrvg/ows)", "fecha_dato": "2026-05-12", "ambito": "50785", "_raw_CD_SIGLAS": "SU", "_raw_DS_CLASIF_GEN": "Suelo Urbano", "_raw_DS_CLASIF_DET": "Suelo Urbano", "_raw_DS_DOCU": "NORMAS SUBSIDIARIAS", "_raw_DS_LEY": "CM Ley 9/1995, E RDL 1/1992", "_raw_FC_AC": "2002-08-01", "_raw_NM_AREA_M2": 19921.055462467401, "_cam_code": "086" }, "geometry": { "type": "Polygon", "coordinates": [ [ [ -3.5811, 40.7284 ], [ -3.5805, 40.7289 ], [ -3.5814, 40.7298 ], [ -3.5821, 40.7301 ], [ -3.5824, 40.7293 ], [ -3.5825, 40.7286 ], [ -3.5811, 40.7284 ] ] ] } },
{ "type": "Feature", "properties": { "municipio": "El Molar", "clasificacion": "urbano-consolidado", "calificacion": "sin-asignar", "version": "vigente", "fuente": "SIT-CAM WFS — UsoDelSuelo:VPLA_V_CLASIFICACION (https://idem.comunidad.madrid/geosrvg/ows)", "fecha_dato": "2026-05-12", "ambito": "50785", "_raw_CD_SIGLAS": "SU", "_raw_DS_CLASIF_GEN": "Suelo Urbano", "_raw_DS_CLASIF_DET": "Suelo Urbano", "_raw_DS_DOCU": "NORMAS SUBSIDIARIAS", "_raw_DS_LEY": "CM Ley 9/1995, E RDL 1/1992", "_raw_FC_AC": "2002-08-01", "_raw_NM_AREA_M2": 39000.347400050399, "_cam_code": "086" }, "geometry": { "type": "Polygon", "coordinates": [ [ [ -3.5751, 40.7397 ], [ -3.5727, 40.7406 ], [ -3.5726, 40.7409 ], [ -3.5731, 40.7414 ], [ -3.5755, 40.7404 ], [ -3.5757, 40.7408 ], [ -3.5771, 40.7399 ], [ -3.5771, 40.7398 ], [ -3.5765, 40.7391 ], [ -3.5763, 40.7391 ], [ -3.5758, 40.7394 ], [ -3.5751, 40.7396 ], [ -3.5751, 40.7397 ] ] ] } },
{ "type": "Feature", "properties": { "municipio": "El Molar", "clasificacion": "urbano-consolidado", "calificacion": "sin-asignar", "version": "vigente", "fuente": "SIT-CAM WFS — UsoDelSuelo:VPLA_V_CLASIFICACION (https://idem.comunidad.madrid/geosrvg/ows)", "fecha_dato": "2026-05-12", "ambito": "50785", "_raw_CD_SIGLAS": "SU", "_raw_DS_CLASIF_GEN": "Suelo Urbano", "_raw_DS_CLASIF_DET": "Suelo Urbano", "_raw_DS_DOCU": "NORMAS SUBSIDIARIAS", "_raw_DS_LEY": "CM Ley 9/1995, E RDL 1/1992", "_raw_FC_AC": "2002-08-01", "_raw_NM_AREA_M2": 229321.011156958, "_cam_code": "086" }, "geometry": { "type": "Polygon", "coordinates": [ [ [ -3.5932, 40.744 ], [ -3.5933, 40.744 ], [ -3.5933, 40.7438 ], [ -3.5932, 40.7437 ], [ -3.593, 40.7391 ], [ -3.5928, 40.7391 ], [ -3.5928, 40.739 ], [ -3.5917, 40.7385 ], [ -3.5918, 40.7385 ], [ -3.592, 40.737 ], [ -3.5911, 40.7368 ], [ -3.5878, 40.737 ], [ -3.5882, 40.7386 ], [ -3.5883, 40.7386 ], [ -3.5886, 40.7401 ], [ -3.5888, 40.7403 ], [ -3.5889, 40.741 ], [ -3.5893, 40.7415 ], [ -3.5893, 40.7417 ], [ -3.5905, 40.7427 ], [ -3.5919, 40.7433 ], [ -3.5921, 40.7435 ], [ -3.5923, 40.7435 ], [ -3.5926, 40.7438 ], [ -3.5931, 40.7437 ], [ -3.5932, 40.744 ] ] ] } },
{ "type": "Feature", "properties": { "municipio": "El Molar", "clasificacion": "urbano-consolidado", "calificacion": "sin-asignar", "version": "vigente", "fuente": "SIT-CAM WFS — UsoDelSuelo:VPLA_V_CLASIFICACION (https://idem.comunidad.madrid/geosrvg/ows)", "fecha_dato": "2026-05-12", "ambito": "50785", "_raw_CD_SIGLAS": "SU", "_raw_DS_CLASIF_GEN": "Suelo Urbano", "_raw_DS_CLASIF_DET": "Suelo Urbano", "_raw_DS_DOCU": "NORMAS SUBSIDIARIAS", "_raw_DS_LEY": "CM Ley 9/1995, E RDL 1/1992", "_raw_FC_AC": "2002-08-01", "_raw_NM_AREA_M2": 42436.340443095803, "_cam_code": "086" }, "geometry": { "type": "Polygon", "coordinates": [ [ [ -3.5774, 40.74 ], [ -3.5787, 40.7399 ], [ -3.581, 40.74 ], [ -3.581, 40.7398 ], [ -3.5795, 40.7397 ], [ -3.5785, 40.7386 ], [ -3.5796, 40.7386 ], [ -3.5796, 40.7379 ], [ -3.5784, 40.7378 ], [ -3.5781, 40.7382 ], [ -3.5776, 40.7384 ], [ -3.5777, 40.7385 ], [ -3.5775, 40.7386 ], [ -3.5774, 40.7385 ], [ -3.5768, 40.7389 ], [ -3.5766, 40.7389 ], [ -3.5768, 40.7394 ], [ -3.5774, 40.74 ] ] ] } },
{ "type": "Feature", "properties": { "municipio": "El Molar", "clasificacion": "urbano-consolidado", "calificacion": "sin-asignar", "version": "vigente", "fuente": "SIT-CAM WFS — UsoDelSuelo:VPLA_V_CLASIFICACION (https://idem.comunidad.madrid/geosrvg/ows)", "fecha_dato": "2026-05-12", "ambito": "50785", "_raw_CD_SIGLAS": "SU", "_raw_DS_CLASIF_GEN": "Suelo Urbano", "_raw_DS_CLASIF_DET": "Suelo Urbano", "_raw_DS_DOCU": "NORMAS SUBSIDIARIAS", "_raw_DS_LEY": "CM Ley 9/1995, E RDL 1/1992", "_raw_FC_AC": "2002-08-01", "_raw_NM_AREA_M2": 109695.560911497, "_cam_code": "086" }, "geometry": { "type": "Polygon", "coordinates": [ [ [ -3.5824, 40.741 ], [ -3.5831, 40.7407 ], [ -3.583, 40.7401 ], [ -3.587, 40.7391 ], [ -3.5855, 40.7376 ], [ -3.5845, 40.7378 ], [ -3.5846, 40.7383 ], [ -3.5841, 40.7384 ], [ -3.5839, 40.7379 ], [ -3.5834, 40.738 ], [ -3.5834, 40.7381 ], [ -3.5826, 40.7382 ], [ -3.5824, 40.7381 ], [ -3.5823, 40.7374 ], [ -3.5817, 40.7374 ], [ -3.5815, 40.7375 ], [ -3.5815, 40.7378 ], [ -3.5814, 40.7378 ], [ -3.5812, 40.741 ], [ -3.5824, 40.741 ] ], [ [ -3.5818, 40.7388 ], [ -3.5818, 40.7392 ], [ -3.5815, 40.7392 ], [ -3.5815, 40.7388 ], [ -3.5818, 40.7388 ] ] ] } },
{ "type": "Feature", "properties": { "municipio": "El Molar", "clasificacion": "urbano-consolidado", "calificacion": "sin-asignar", "version": "vigente", "fuente": "SIT-CAM WFS — UsoDelSuelo:VPLA_V_CLASIFICACION (https://idem.comunidad.madrid/geosrvg/ows)", "fecha_dato": "2026-05-12", "ambito": "50785", "_raw_CD_SIGLAS": "SU", "_raw_DS_CLASIF_GEN": "Suelo Urbano", "_raw_DS_CLASIF_DET": "Suelo Urbano", "_raw_DS_DOCU": "NORMAS SUBSIDIARIAS", "_raw_DS_LEY": "CM Ley 9/1995, E RDL 1/1992", "_raw_FC_AC": "2002-08-01", "_raw_NM_AREA_M2": 62456.200735651, "_cam_code": "086" }, "geometry": { "type": "Polygon", "coordinates": [ [ [ -3.5818, 40.7315 ], [ -3.5824, 40.7324 ], [ -3.5825, 40.7319 ], [ -3.5826, 40.7321 ], [ -3.5827, 40.7316 ], [ -3.5826, 40.7309 ], [ -3.5824, 40.7308 ], [ -3.5823, 40.731 ], [ -3.5818, 40.7309 ], [ -3.5819, 40.7305 ], [ -3.5818, 40.7306 ], [ -3.5816, 40.7303 ], [ -3.5813, 40.7302 ], [ -3.5804, 40.7294 ], [ -3.5803, 40.7295 ], [ -3.5801, 40.7293 ], [ -3.5803, 40.7292 ], [ -3.5799, 40.7288 ], [ -3.5789, 40.7292 ], [ -3.578, 40.7292 ], [ -3.5779, 40.7293 ], [ -3.5786, 40.7299 ], [ -3.5788, 40.7298 ], [ -3.5788, 40.7305 ], [ -3.5776, 40.7303 ], [ -3.5776, 40.7307 ], [ -3.5803, 40.731 ], [ -3.5818, 40.7315 ] ] ] } },
{ "type": "Feature", "properties": { "municipio": "El Molar", "clasificacion": "urbano-consolidado", "calificacion": "sin-asignar", "version": "vigente", "fuente": "SIT-CAM WFS — UsoDelSuelo:VPLA_V_CLASIFICACION (https://idem.comunidad.madrid/geosrvg/ows)", "fecha_dato": "2026-05-12", "ambito": "50785", "_raw_CD_SIGLAS": "SU", "_raw_DS_CLASIF_GEN": "Suelo Urbano", "_raw_DS_CLASIF_DET": "Suelo Urbano", "_raw_DS_DOCU": "NORMAS SUBSIDIARIAS", "_raw_DS_LEY": "CM Ley 9/1995, E RDL 1/1992", "_raw_FC_AC": "2002-08-01", "_raw_NM_AREA_M2": 6048.2191331693402, "_cam_code": "086" }, "geometry": { "type": "Polygon", "coordinates": [ [ [ -3.5831, 40.7313 ], [ -3.5827, 40.7321 ], [ -3.5826, 40.7321 ], [ -3.5827, 40.7324 ], [ -3.584, 40.7318 ], [ -3.5831, 40.7313 ] ] ] } },
{ "type": "Feature", "properties": { "municipio": "El Molar", "clasificacion": "urbano-consolidado", "calificacion": "sin-asignar", "version": "vigente", "fuente": "SIT-CAM WFS — UsoDelSuelo:VPLA_V_CLASIFICACION (https://idem.comunidad.madrid/geosrvg/ows)", "fecha_dato": "2026-05-12", "ambito": "50785", "_raw_CD_SIGLAS": "SU", "_raw_DS_CLASIF_GEN": "Suelo Urbano", "_raw_DS_CLASIF_DET": "Suelo Urbano", "_raw_DS_DOCU": "NORMAS SUBSIDIARIAS", "_raw_DS_LEY": "CM Ley 9/1995, E RDL 1/1992", "_raw_FC_AC": "2002-08-01", "_raw_NM_AREA_M2": 79070.700850102206, "_cam_code": "086" }, "geometry": { "type": "Polygon", "coordinates": [ [ [ -3.5852, 40.7325 ], [ -3.5862, 40.7326 ], [ -3.5861, 40.733 ], [ -3.5864, 40.7333 ], [ -3.5873, 40.7329 ], [ -3.5876, 40.7329 ], [ -3.5883, 40.7325 ], [ -3.5887, 40.7325 ], [ -3.5891, 40.7327 ], [ -3.5894, 40.7324 ], [ -3.5891, 40.7323 ], [ -3.589, 40.7321 ], [ -3.5899, 40.7315 ], [ -3.5901, 40.7312 ], [ -3.5893, 40.7306 ], [ -3.5892, 40.7304 ], [ -3.5889, 40.7306 ], [ -3.5875, 40.731 ], [ -3.5854, 40.7312 ], [ -3.5844, 40.7316 ], [ -3.5852, 40.7325 ] ] ] } },
{ "type": "Feature", "properties": { "municipio": "El Molar", "clasificacion": "urbano-consolidado", "calificacion": "sin-asignar", "version": "vigente", "fuente": "SIT-CAM WFS — UsoDelSuelo:VPLA_V_CLASIFICACION (https://idem.comunidad.madrid/geosrvg/ows)", "fecha_dato": "2026-05-12", "ambito": "50785", "_raw_CD_SIGLAS": "SU_A", "_raw_DS_CLASIF_GEN": "Suelo Urbano (APLAZADO)", "_raw_DS_CLASIF_DET": "Suelo Urbano", "_raw_DS_DOCU": "NORMAS SUBSIDIARIAS", "_raw_DS_LEY": "CM Ley 9/1995, E RDL 1/1992", "_raw_FC_AC": "2002-08-01", "_raw_NM_AREA_M2": 5671.4806599840804, "_cam_code": "086" }, "geometry": { "type": "Polygon", "coordinates": [ [ [ -3.5854, 40.7372 ], [ -3.5863, 40.7382 ], [ -3.5865, 40.7382 ], [ -3.5865, 40.7373 ], [ -3.5855, 40.7373 ], [ -3.5854, 40.7372 ] ] ] } },
{ "type": "Feature", "properties": { "municipio": "El Molar", "clasificacion": "urbanizable-no-sectorizado", "calificacion": "sin-asignar", "version": "vigente", "fuente": "SIT-CAM WFS — UsoDelSuelo:VPLA_V_CLASIFICACION (https://idem.comunidad.madrid/geosrvg/ows)", "fecha_dato": "2026-05-12", "ambito": "50785", "_raw_CD_SIGLAS": "SUBNS", "_raw_DS_CLASIF_GEN": "Suelo No Urbanizable Común", "_raw_DS_CLASIF_DET": "Suelo No Urbanizable", "_raw_DS_DOCU": "NORMAS SUBSIDIARIAS", "_raw_DS_LEY": "CM Ley 9/1995, E RDL 1/1992", "_raw_FC_AC": "2002-08-01", "_raw_NM_AREA_M2": 9446.3082495008493, "_cam_code": "086" }, "geometry": { "type": "Polygon", "coordinates": [ [ [ -3.5757, 40.7202 ], [ -3.5753, 40.7207 ], [ -3.5762, 40.7213 ], [ -3.5766, 40.7214 ], [ -3.5768, 40.7206 ], [ -3.5757, 40.7202 ] ] ] } },
{ "type": "Feature", "properties": { "municipio": "El Molar", "clasificacion": "urbanizable-no-sectorizado", "calificacion": "sin-asignar", "version": "vigente", "fuente": "SIT-CAM WFS — UsoDelSuelo:VPLA_V_CLASIFICACION (https://idem.comunidad.madrid/geosrvg/ows)", "fecha_dato": "2026-05-12", "ambito": "50785", "_raw_CD_SIGLAS": "SUBNS", "_raw_DS_CLASIF_GEN": "Suelo No Urbanizable Común", "_raw_DS_CLASIF_DET": "Suelo No Urbanizable Preservado", "_raw_DS_DOCU": "NORMAS SUBSIDIARIAS", "_raw_DS_LEY": "CM Ley 9/1995, E RDL 1/1992", "_raw_FC_AC": "2002-08-01", "_raw_NM_AREA_M2": 10276.249499985101, "_cam_code": "086" }, "geometry": { "type": "Polygon", "coordinates": [ [ [ -3.5992, 40.6896 ], [ -3.5988, 40.6897 ], [ -3.5983, 40.6901 ], [ -3.598, 40.6908 ], [ -3.5998, 40.69 ], [ -3.5998, 40.6897 ], [ -3.5992, 40.6896 ] ] ] } },
{ "type": "Feature", "properties": { "municipio": "El Molar", "clasificacion": "urbanizable-no-sectorizado", "calificacion": "sin-asignar", "version": "vigente", "fuente": "SIT-CAM WFS — UsoDelSuelo:VPLA_V_CLASIFICACION (https://idem.comunidad.madrid/geosrvg/ows)", "fecha_dato": "2026-05-12", "ambito": "50785", "_raw_CD_SIGLAS": "SUBNS", "_raw_DS_CLASIF_GEN": "Suelo No Urbanizable Común", "_raw_DS_CLASIF_DET": "Suelo No Urbanizable Preservado", "_raw_DS_DOCU": "NORMAS SUBSIDIARIAS", "_raw_DS_LEY": "CM Ley 9/1995, E RDL 1/1992", "_raw_FC_AC": "2002-08-01", "_raw_NM_AREA_M2": 11017.8799999925, "_cam_code": "086" }, "geometry": { "type": "Polygon", "coordinates": [ [ [ -3.5953, 40.6919 ], [ -3.5972, 40.6912 ], [ -3.5973, 40.691 ], [ -3.5971, 40.6908 ], [ -3.5969, 40.6908 ], [ -3.5965, 40.6911 ], [ -3.5952, 40.6911 ], [ -3.5948, 40.6915 ], [ -3.5949, 40.6917 ], [ -3.5951, 40.6916 ], [ -3.5953, 40.6919 ] ] ] } },
{ "type": "Feature", "properties": { "municipio": "El Molar", "clasificacion": "urbanizable-no-sectorizado", "calificacion": "sin-asignar", "version": "vigente", "fuente": "SIT-CAM WFS — UsoDelSuelo:VPLA_V_CLASIFICACION (https://idem.comunidad.madrid/geosrvg/ows)", "fecha_dato": "2026-05-12", "ambito": "50785", "_raw_CD_SIGLAS": "SUBNS", "_raw_DS_CLASIF_GEN": "Suelo No Urbanizable Común", "_raw_DS_CLASIF_DET": "Suelo No Urbanizable Preservado", "_raw_DS_DOCU": "NORMAS SUBSIDIARIAS", "_raw_DS_LEY": "CM Ley 9/1995, E RDL 1/1992", "_raw_FC_AC": "2002-08-01", "_raw_NM_AREA_M2": 4603892.9860621598, "_cam_code": "086" }, "geometry": { "type": "Polygon", "coordinates": [ [ [ -3.5812, 40.7219 ], [ -3.5841, 40.7231 ], [ -3.5862, 40.7238 ], [ -3.5862, 40.7239 ], [ -3.5865, 40.7236 ], [ -3.5883, 40.723 ], [ -3.5896, 40.7219 ], [ -3.5909, 40.7218 ], [ -3.5915, 40.7213 ], [ -3.593, 40.7214 ], [ -3.5931, 40.7213 ], [ -3.5931, 40.7206 ], [ -3.5933, 40.7204 ], [ -3.594, 40.7203 ], [ -3.5944, 40.7199 ], [ -3.5945, 40.7196 ], [ -3.5954, 40.7195 ], [ -3.5956, 40.7193 ], [ -3.5956, 40.7181 ], [ -3.5957, 40.718 ], [ -3.5963, 40.7176 ], [ -3.5972, 40.7176 ], [ -3.5974, 40.7174 ], [ -3.5975, 40.717 ], [ -3.5985, 40.7168 ], [ -3.5988, 40.7162 ], [ -3.5991, 40.716 ], [ -3.6001, 40.716 ], [ -3.6004, 40.7153 ], [ -3.6009, 40.7148 ], [ -3.601, 40.7144 ], [ -3.6006, 40.7137 ], [ -3.6007, 40.7136 ], [ -3.6006, 40.7134 ], [ -3.6007, 40.7131 ], [ -3.6004, 40.7119 ], [ -3.6005, 40.7117 ], [ -3.6011, 40.7114 ], [ -3.6002, 40.7099 ], [ -3.6, 40.7098 ], [ -3.5998, 40.7092 ], [ -3.5999, 40.7085 ], [ -3.5992, 40.7073 ], [ -3.5991, 40.7069 ], [ -3.5993, 40.7066 ], [ -3.5999, 40.7068 ], [ -3.6, 40.7068 ], [ -3.6, 40.7066 ], [ -3.6002, 40.7066 ], [ -3.6007, 40.707 ], [ -3.6019, 40.707 ], [ -3.6024, 40.7072 ], [ -3.6024, 40.7071 ], [ -3.6018, 40.7064 ], [ -3.6017, 40.7061 ], [ -3.6016, 40.7043 ], [ -3.5996, 40.7044 ], [ -3.5993, 40.7038 ], [ -3.5992, 40.7017 ], [ -3.5995, 40.701 ], [ -3.5995, 40.7006 ], [ -3.599, 40.6992 ], [ -3.5979, 40.6978 ], [ -3.5977, 40.6967 ], [ -3.5979, 40.6958 ], [ -3.5983, 40.6949 ], [ -3.5983, 40.6946 ], [ -3.5994, 40.6946 ], [ -3.5994, 40.6949 ], [ -3.5998, 40.6947 ], [ -3.5999, 40.695 ], [ -3.5997, 40.6953 ], [ -3.5998, 40.6955 ], [ -3.5994, 40.6955 ], [ -3.5996, 40.6962 ], [ -3.599, 40.6964 ], [ -3.5993, 40.6971 ], [ -3.5996, 40.6977 ], [ -3.5999, 40.6978 ], [ -3.6006, 40.6984 ], [ -3.6006, 40.6989 ], [ -3.6018, 40.6988 ], [ -3.6013, 40.6965 ], [ -3.6009, 40.6962 ], [ -3.601, 40.6941 ], [ -3.6011, 40.6939 ], [ -3.6009, 40.6911 ], [ -3.6018, 40.6901 ], [ -3.601, 40.69 ], [ -3.601, 40.6901 ], [ -3.5998, 40.6904 ], [ -3.5998, 40.6905 ], [ -3.5958, 40.6921 ], [ -3.5927, 40.6932 ], [ -3.5897, 40.695 ], [ -3.589, 40.6956 ], [ -3.5885, 40.6963 ], [ -3.5873, 40.6986 ], [ -3.5862, 40.7 ], [ -3.585, 40.7036 ], [ -3.585, 40.7048 ], [ -3.5847, 40.705 ], [ -3.5842, 40.7049 ], [ -3.5814, 40.7102 ], [ -3.5785, 40.7134 ], [ -3.5778, 40.7145 ], [ -3.5775, 40.7162 ], [ -3.5777, 40.7165 ], [ -3.5779, 40.7165 ], [ -3.5781, 40.7167 ], [ -3.578, 40.717 ], [ -3.5779, 40.717 ], [ -3.5779, 40.717 ], [ -3.578, 40.717 ], [ -3.5781, 40.717 ], [ -3.5781, 40.7174 ], [ -3.5777, 40.7184 ], [ -3.5779, 40.7193 ], [ -3.5779, 40.7207 ], [ -3.5784, 40.7228 ], [ -3.5794, 40.7229 ], [ -3.5807, 40.7228 ], [ -3.5812, 40.7219 ] ] ] } },
{ "type": "Feature", "properties": { "municipio": "El Molar", "clasificacion": "urbanizable-no-sectorizado", "calificacion": "sin-asignar", "version": "vigente", "fuente": "SIT-CAM WFS — UsoDelSuelo:VPLA_V_CLASIFICACION (https://idem.comunidad.madrid/geosrvg/ows)", "fecha_dato": "2026-05-12", "ambito": "50785", "_raw_CD_SIGLAS": "SUBNS", "_raw_DS_CLASIF_GEN": "Suelo No Urbanizable Común", "_raw_DS_CLASIF_DET": "Suelo No Urbanizable Preservado", "_raw_DS_DOCU": "NORMAS SUBSIDIARIAS", "_raw_DS_LEY": "CM Ley 9/1995, E RDL 1/1992", "_raw_FC_AC": "2002-08-01", "_raw_NM_AREA_M2": 19540979.307671402, "_cam_code": "086" }, "geometry": { "type": "Polygon", "coordinates": [ [ [ -3.5938, 40.7506 ], [ -3.5934, 40.7467 ], [ -3.5933, 40.744 ], [ -3.5925, 40.7442 ], [ -3.5916, 40.7452 ], [ -3.5909, 40.7452 ], [ -3.5906, 40.7448 ], [ -3.5905, 40.7443 ], [ -3.5894, 40.7434 ], [ -3.5883, 40.7422 ], [ -3.5874, 40.74 ], [ -3.5834, 40.741 ], [ -3.5812, 40.741 ], [ -3.5813, 40.74 ], [ -3.581, 40.74 ], [ -3.581, 40.7422 ], [ -3.5809, 40.7423 ], [ -3.5794, 40.742 ], [ -3.579, 40.7427 ], [ -3.5776, 40.7423 ], [ -3.5772, 40.7427 ], [ -3.5764, 40.7431 ], [ -3.5756, 40.7425 ], [ -3.5752, 40.7425 ], [ -3.5747, 40.743 ], [ -3.5743, 40.7431 ], [ -3.574, 40.7437 ], [ -3.5735, 40.7435 ], [ -3.5737, 40.7434 ], [ -3.5737, 40.743 ], [ -3.5744, 40.7427 ], [ -3.5744, 40.7426 ], [ -3.5747, 40.7426 ], [ -3.5747, 40.7424 ], [ -3.5734, 40.7418 ], [ -3.5725, 40.7423 ], [ -3.5718, 40.742 ], [ -3.5712, 40.7412 ], [ -3.5723, 40.7409 ], [ -3.572, 40.7406 ], [ -3.572, 40.7404 ], [ -3.5722, 40.7403 ], [ -3.57, 40.74 ], [ -3.5687, 40.7392 ], [ -3.5683, 40.7387 ], [ -3.568, 40.7386 ], [ -3.5681, 40.7381 ], [ -3.5679, 40.7379 ], [ -3.5679, 40.7375 ], [ -3.5681, 40.7374 ], [ -3.5681, 40.7372 ], [ -3.5683, 40.7371 ], [ -3.5684, 40.7368 ], [ -3.5682, 40.736 ], [ -3.568, 40.7358 ], [ -3.5681, 40.7354 ], [ -3.5682, 40.7354 ], [ -3.5681, 40.735 ], [ -3.5683, 40.7349 ], [ -3.5682, 40.7346 ], [ -3.5686, 40.7344 ], [ -3.5686, 40.7337 ], [ -3.5689, 40.7335 ], [ -3.5689, 40.7331 ], [ -3.5691, 40.7329 ], [ -3.5693, 40.7329 ], [ -3.5694, 40.7323 ], [ -3.5697, 40.7322 ], [ -3.57, 40.7319 ], [ -3.5702, 40.7319 ], [ -3.5705, 40.7316 ], [ -3.5705, 40.7311 ], [ -3.5706, 40.7311 ], [ -3.5707, 40.7307 ], [ -3.5709, 40.7305 ], [ -3.5711, 40.7305 ], [ -3.5712, 40.7302 ], [ -3.5717, 40.73 ], [ -3.5719, 40.7295 ], [ -3.5723, 40.7294 ], [ -3.5723, 40.7293 ], [ -3.5733, 40.7293 ], [ -3.5733, 40.7291 ], [ -3.5735, 40.7289 ], [ -3.5737, 40.7289 ], [ -3.5738, 40.7287 ], [ -3.5745, 40.7287 ], [ -3.5744, 40.7285 ], [ -3.574, 40.7285 ], [ -3.5732, 40.729 ], [ -3.5727, 40.7292 ], [ -3.5731, 40.729 ], [ -3.5737, 40.7284 ], [ -3.5737, 40.728 ], [ -3.5743, 40.7279 ], [ -3.5747, 40.7276 ], [ -3.5747, 40.7265 ], [ -3.5751, 40.7263 ], [ -3.5751, 40.7261 ], [ -3.5754, 40.7261 ], [ -3.5754, 40.726 ], [ -3.5759, 40.7258 ], [ -3.5758, 40.7254 ], [ -3.576, 40.7253 ], [ -3.576, 40.7251 ], [ -3.5763, 40.7251 ], [ -3.5763, 40.725 ], [ -3.5771, 40.7247 ], [ -3.5772, 40.7245 ], [ -3.5772, 40.7236 ], [ -3.5775, 40.7235 ], [ -3.5776, 40.7228 ], [ -3.5781, 40.7228 ], [ -3.5774, 40.7197 ], [ -3.5731, 40.7194 ], [ -3.5713, 40.7195 ], [ -3.571, 40.7193 ], [ -3.5708, 40.7183 ], [ -3.571, 40.7168 ], [ -3.5713, 40.7153 ], [ -3.5719, 40.7138 ], [ -3.5707, 40.7132 ], [ -3.5715, 40.7122 ], [ -3.5729, 40.7108 ], [ -3.5736, 40.7111 ], [ -3.5754, 40.7094 ], [ -3.5765, 40.7092 ], [ -3.5772, 40.7093 ], [ -3.5804, 40.7109 ], [ -3.581, 40.7102 ], [ -3.5839, 40.7048 ], [ -3.5835, 40.7046 ], [ -3.5835, 40.7043 ], [ -3.5838, 40.7041 ], [ -3.5836, 40.7038 ], [ -3.5844, 40.7017 ], [ -3.5844, 40.7002 ], [ -3.5847, 40.6995 ], [ -3.5858, 40.6988 ], [ -3.5869, 40.697 ], [ -3.5873, 40.696 ], [ -3.5878, 40.6953 ], [ -3.588, 40.6946 ], [ -3.5879, 40.6947 ], [ -3.588, 40.6939 ], [ -3.5864, 40.6929 ], [ -3.586, 40.6924 ], [ -3.5857, 40.6916 ], [ -3.5861, 40.6883 ], [ -3.5887, 40.6865 ], [ -3.5898, 40.686 ], [ -3.5909, 40.686 ], [ -3.5921, 40.6855 ], [ -3.5926, 40.6846 ], [ -3.5934, 40.6847 ], [ -3.5941, 40.6852 ], [ -3.5955, 40.6855 ], [ -3.5966, 40.6855 ], [ -3.5976, 40.6859 ], [ -3.5996, 40.6858 ], [ -3.6011, 40.6855 ], [ -3.6014, 40.6855 ], [ -3.6018, 40.6857 ], [ -3.6025, 40.6854 ], [ -3.6031, 40.6848 ], [ -3.6034, 40.6841 ], [ -3.6033, 40.6825 ], [ -3.6028, 40.6811 ], [ -3.603, 40.6801 ], [ -3.6031, 40.6784 ], [ -3.6026, 40.6771 ], [ -3.6022, 40.6769 ], [ -3.602, 40.6763 ], [ -3.6016, 40.6758 ], [ -3.6009, 40.6757 ], [ -3.6, 40.6769 ], [ -3.5999, 40.6775 ], [ -3.6001, 40.6791 ], [ -3.6019, 40.6789 ], [ -3.6021, 40.6791 ], [ -3.6017, 40.6798 ], [ -3.601, 40.6802 ], [ -3.6007, 40.6807 ], [ -3.6001, 40.681 ], [ -3.5992, 40.6809 ], [ -3.5985, 40.6804 ], [ -3.5957, 40.6798 ], [ -3.5955, 40.6792 ], [ -3.5955, 40.6784 ], [ -3.5964, 40.6782 ], [ -3.597, 40.6787 ], [ -3.5977, 40.6787 ], [ -3.598, 40.6781 ], [ -3.5981, 40.6761 ], [ -3.5979, 40.675 ], [ -3.5973, 40.6746 ], [ -3.596, 40.6744 ], [ -3.5955, 40.6739 ], [ -3.5944, 40.6735 ], [ -3.5929, 40.6733 ], [ -3.5926, 40.6729 ], [ -3.5925, 40.6724 ], [ -3.5921, 40.6722 ], [ -3.5908, 40.6722 ], [ -3.5906, 40.6735 ], [ -3.5908, 40.6743 ], [ -3.5907, 40.6759 ], [ -3.591, 40.6761 ], [ -3.5914, 40.6767 ], [ -3.5913, 40.6772 ], [ -3.5894, 40.6786 ], [ -3.5889, 40.6799 ], [ -3.5883, 40.68 ], [ -3.588, 40.6799 ], [ -3.5878, 40.6794 ], [ -3.5878, 40.6784 ], [ -3.5889, 40.6769 ], [ -3.589, 40.6758 ], [ -3.5882, 40.6754 ], [ -3.5846, 40.675 ], [ -3.5842, 40.6732 ], [ -3.5844, 40.6719 ], [ -3.5849, 40.6715 ], [ -3.5858, 40.6715 ], [ -3.5864, 40.6713 ], [ -3.5864, 40.6708 ], [ -3.5858, 40.6703 ], [ -3.5856, 40.6699 ], [ -3.5855, 40.669 ], [ -3.5856, 40.6682 ], [ -3.586, 40.6674 ], [ -3.5872, 40.666 ], [ -3.5881, 40.6644 ], [ -3.5887, 40.6636 ], [ -3.5891, 40.6627 ], [ -3.5915, 40.6601 ], [ -3.5921, 40.6593 ], [ -3.5927, 40.6581 ], [ -3.5927, 40.6572 ], [ -3.5919, 40.6553 ], [ -3.5907, 40.6555 ], [ -3.5894, 40.6559 ], [ -3.5885, 40.6566 ], [ -3.5879, 40.6568 ], [ -3.5866, 40.6567 ], [ -3.5865, 40.6572 ], [ -3.5859, 40.6577 ], [ -3.5853, 40.6585 ], [ -3.5845, 40.6586 ], [ -3.5836, 40.6583 ], [ -3.58, 40.6594 ], [ -3.5799, 40.6597 ], [ -3.5767, 40.6598 ], [ -3.5753, 40.6604 ], [ -3.5749, 40.6604 ], [ -3.5742, 40.6611 ], [ -3.5727, 40.6614 ], [ -3.5717, 40.6619 ], [ -3.5705, 40.6619 ], [ -3.5692, 40.6621 ], [ -3.5685, 40.6606 ], [ -3.5695, 40.6594 ], [ -3.5697, 40.6586 ], [ -3.57, 40.6569 ], [ -3.5701, 40.6542 ], [ -3.571, 40.6534 ], [ -3.571, 40.6529 ], [ -3.5706, 40.6517 ], [ -3.5712, 40.6511 ], [ -3.5711, 40.6507 ], [ -3.5714, 40.6499 ], [ -3.5712, 40.6492 ], [ -3.5713, 40.649 ], [ -3.5711, 40.6489 ], [ -3.5708, 40.6493 ], [ -3.57, 40.6496 ], [ -3.5697, 40.6511 ], [ -3.5676, 40.6511 ], [ -3.5669, 40.6514 ], [ -3.5669, 40.6516 ], [ -3.5677, 40.6522 ], [ -3.5677, 40.6529 ], [ -3.5684, 40.6543 ], [ -3.5683, 40.6545 ], [ -3.568, 40.6545 ], [ -3.5678, 40.655 ], [ -3.5679, 40.6556 ], [ -3.5677, 40.6557 ], [ -3.5674, 40.6556 ], [ -3.5656, 40.6538 ], [ -3.5649, 40.6543 ], [ -3.5651, 40.6546 ], [ -3.565, 40.6548 ], [ -3.5652, 40.6552 ], [ -3.5655, 40.6552 ], [ -3.5665, 40.6556 ], [ -3.5664, 40.656 ], [ -3.5672, 40.6582 ], [ -3.5672, 40.6585 ], [ -3.5668, 40.6586 ], [ -3.5669, 40.6593 ], [ -3.5672, 40.6597 ], [ -3.5672, 40.6605 ], [ -3.567, 40.6607 ], [ -3.5665, 40.6626 ], [ -3.5658, 40.6633 ], [ -3.5649, 40.6635 ], [ -3.564, 40.6634 ], [ -3.5636, 40.6631 ], [ -3.5628, 40.6618 ], [ -3.5629, 40.6604 ], [ -3.5621, 40.6604 ], [ -3.5613, 40.6624 ], [ -3.5609, 40.6627 ], [ -3.5608, 40.664 ], [ -3.5603, 40.6648 ], [ -3.5605, 40.6653 ], [ -3.5605, 40.6658 ], [ -3.5602, 40.6664 ], [ -3.5604, 40.6687 ], [ -3.5604, 40.6697 ], [ -3.5602, 40.67 ], [ -3.5602, 40.6704 ], [ -3.5608, 40.6717 ], [ -3.561, 40.6716 ], [ -3.5612, 40.671 ], [ -3.5619, 40.6707 ], [ -3.562, 40.6705 ], [ -3.5619, 40.6702 ], [ -3.5621, 40.6699 ], [ -3.5628, 40.6697 ], [ -3.5634, 40.6698 ], [ -3.5638, 40.6699 ], [ -3.5642, 40.6704 ], [ -3.5641, 40.6709 ], [ -3.5636, 40.6715 ], [ -3.5635, 40.6718 ], [ -3.5638, 40.6721 ], [ -3.5641, 40.6722 ], [ -3.5642, 40.6724 ], [ -3.5641, 40.6727 ], [ -3.5643, 40.6737 ], [ -3.564, 40.6744 ], [ -3.5641, 40.675 ], [ -3.5639, 40.6753 ], [ -3.564, 40.6766 ], [ -3.5646, 40.6772 ], [ -3.5644, 40.6776 ], [ -3.5645, 40.678 ], [ -3.5656, 40.6787 ], [ -3.566, 40.6797 ], [ -3.566, 40.6808 ], [ -3.5653, 40.682 ], [ -3.566, 40.684 ], [ -3.566, 40.6847 ], [ -3.5662, 40.6854 ], [ -3.5667, 40.686 ], [ -3.567, 40.6866 ], [ -3.5676, 40.6883 ], [ -3.5676, 40.6888 ], [ -3.5673, 40.6891 ], [ -3.5666, 40.6891 ], [ -3.5657, 40.6896 ], [ -3.5652, 40.6909 ], [ -3.5659, 40.6931 ], [ -3.5666, 40.6939 ], [ -3.5671, 40.6953 ], [ -3.567, 40.6971 ], [ -3.5685, 40.698 ], [ -3.5685, 40.6984 ], [ -3.5682, 40.6987 ], [ -3.5683, 40.6999 ], [ -3.5694, 40.7006 ], [ -3.5696, 40.7009 ], [ -3.5696, 40.7011 ], [ -3.5691, 40.7015 ], [ -3.5704, 40.7014 ], [ -3.5707, 40.7024 ], [ -3.5711, 40.7029 ], [ -3.5715, 40.7045 ], [ -3.5706, 40.7063 ], [ -3.5698, 40.7071 ], [ -3.5686, 40.7088 ], [ -3.5674, 40.7093 ], [ -3.5668, 40.7097 ], [ -3.5649, 40.7097 ], [ -3.5645, 40.7094 ], [ -3.5631, 40.7093 ], [ -3.5615, 40.7086 ], [ -3.5611, 40.7089 ], [ -3.5593, 40.709 ], [ -3.5589, 40.7093 ], [ -3.5589, 40.7098 ], [ -3.5587, 40.7105 ], [ -3.5568, 40.7109 ], [ -3.5553, 40.7103 ], [ -3.5541, 40.7107 ], [ -3.5536, 40.7111 ], [ -3.5522, 40.7112 ], [ -3.5516, 40.7115 ], [ -3.5506, 40.7117 ], [ -3.5492, 40.7116 ], [ -3.5485, 40.7119 ], [ -3.5477, 40.7119 ], [ -3.5473, 40.7122 ], [ -3.5463, 40.7126 ], [ -3.5459, 40.7126 ], [ -3.5449, 40.7121 ], [ -3.5441, 40.7119 ], [ -3.5435, 40.7114 ], [ -3.5417, 40.7105 ], [ -3.539, 40.7099 ], [ -3.5387, 40.7104 ], [ -3.5379, 40.7105 ], [ -3.5372, 40.7112 ], [ -3.5361, 40.7127 ], [ -3.5343, 40.7144 ], [ -3.5341, 40.715 ], [ -3.5344, 40.7153 ], [ -3.5353, 40.7156 ], [ -3.5368, 40.7156 ], [ -3.5421, 40.715 ], [ -3.5441, 40.7155 ], [ -3.5461, 40.7162 ], [ -3.5478, 40.7162 ], [ -3.5512, 40.7157 ], [ -3.5515, 40.7157 ], [ -3.5519, 40.7159 ], [ -3.5532, 40.7159 ], [ -3.5542, 40.7156 ], [ -3.5551, 40.7161 ], [ -3.5552, 40.7166 ], [ -3.555, 40.717 ], [ -3.5545, 40.7172 ], [ -3.5531, 40.7174 ], [ -3.5519, 40.718 ], [ -3.549, 40.7198 ], [ -3.5479, 40.7198 ], [ -3.5462, 40.7194 ], [ -3.5448, 40.7188 ], [ -3.5417, 40.7179 ], [ -3.5406, 40.7177 ], [ -3.5398, 40.7177 ], [ -3.5396, 40.7183 ], [ -3.5404, 40.7192 ], [ -3.5419, 40.7199 ], [ -3.5428, 40.7207 ], [ -3.5437, 40.721 ], [ -3.5459, 40.7222 ], [ -3.5466, 40.723 ], [ -3.5468, 40.724 ], [ -3.5472, 40.7244 ], [ -3.5493, 40.7249 ], [ -3.5496, 40.7261 ], [ -3.549, 40.7269 ], [ -3.5494, 40.7277 ], [ -3.5497, 40.7281 ], [ -3.5502, 40.7284 ], [ -3.5512, 40.7283 ], [ -3.5515, 40.7286 ], [ -3.5517, 40.7296 ], [ -3.5521, 40.7298 ], [ -3.552, 40.7303 ], [ -3.5521, 40.7307 ], [ -3.5531, 40.7317 ], [ -3.5531, 40.7319 ], [ -3.5541, 40.7332 ], [ -3.5547, 40.7337 ], [ -3.555, 40.7344 ], [ -3.5565, 40.7363 ], [ -3.5566, 40.7366 ], [ -3.5565, 40.7375 ], [ -3.5567, 40.7378 ], [ -3.5567, 40.7382 ], [ -3.5562, 40.7388 ], [ -3.5546, 40.738 ], [ -3.555, 40.7387 ], [ -3.5586, 40.7427 ], [ -3.5605, 40.7434 ], [ -3.5647, 40.7438 ], [ -3.5653, 40.744 ], [ -3.5694, 40.7445 ], [ -3.5709, 40.7445 ], [ -3.5712, 40.7446 ], [ -3.5723, 40.7453 ], [ -3.5731, 40.7468 ], [ -3.5741, 40.7478 ], [ -3.5742, 40.7488 ], [ -3.5767, 40.7497 ], [ -3.5801, 40.75 ], [ -3.5821, 40.7504 ], [ -3.5845, 40.7501 ], [ -3.5849, 40.75 ], [ -3.5862, 40.7488 ], [ -3.5872, 40.7482 ], [ -3.59, 40.7491 ], [ -3.5912, 40.749 ], [ -3.5938, 40.7506 ] ], [ [ -3.5627, 40.7321 ], [ -3.5617, 40.7323 ], [ -3.5615, 40.7322 ], [ -3.5616, 40.7316 ], [ -3.5625, 40.7298 ], [ -3.5627, 40.7291 ], [ -3.5636, 40.7288 ], [ -3.5639, 40.7283 ], [ -3.5642, 40.7283 ], [ -3.5645, 40.7292 ], [ -3.5647, 40.7293 ], [ -3.5653, 40.7292 ], [ -3.5654, 40.7293 ], [ -3.5638, 40.7306 ], [ -3.5642, 40.7312 ], [ -3.5657, 40.732 ], [ -3.564, 40.7321 ], [ -3.5629, 40.7319 ], [ -3.5627, 40.7321 ] ], [ [ -3.5622, 40.7278 ], [ -3.5607, 40.7295 ], [ -3.5607, 40.7296 ], [ -3.5615, 40.7298 ], [ -3.5615, 40.73 ], [ -3.5604, 40.7306 ], [ -3.5596, 40.7316 ], [ -3.5593, 40.7317 ], [ -3.5578, 40.7316 ], [ -3.5572, 40.7312 ], [ -3.5571, 40.731 ], [ -3.5586, 40.7301 ], [ -3.5591, 40.7294 ], [ -3.5589, 40.7286 ], [ -3.5602, 40.7281 ], [ -3.561, 40.727 ], [ -3.5613, 40.727 ], [ -3.5614, 40.7276 ], [ -3.562, 40.7275 ], [ -3.5622, 40.7278 ] ], [ [ -3.5664, 40.725 ], [ -3.5661, 40.725 ], [ -3.5656, 40.7246 ], [ -3.5649, 40.7245 ], [ -3.5645, 40.7241 ], [ -3.5644, 40.7235 ], [ -3.564, 40.723 ], [ -3.5625, 40.7223 ], [ -3.5617, 40.7222 ], [ -3.5615, 40.722 ], [ -3.5613, 40.7212 ], [ -3.5602, 40.7201 ], [ -3.5606, 40.7198 ], [ -3.5615, 40.7195 ], [ -3.5629, 40.7199 ], [ -3.5636, 40.7198 ], [ -3.5657, 40.7209 ], [ -3.5659, 40.7209 ], [ -3.566, 40.7211 ], [ -3.5659, 40.7219 ], [ -3.5668, 40.7221 ], [ -3.5668, 40.7228 ], [ -3.5664, 40.7235 ], [ -3.5664, 40.7238 ], [ -3.5668, 40.724 ], [ -3.5669, 40.7242 ], [ -3.5665, 40.7246 ], [ -3.5664, 40.725 ] ], [ [ -3.5762, 40.7213 ], [ -3.5753, 40.7207 ], [ -3.5757, 40.7202 ], [ -3.5768, 40.7206 ], [ -3.5766, 40.7214 ], [ -3.5762, 40.7213 ] ], [ [ -3.5714, 40.7248 ], [ -3.5711, 40.7246 ], [ -3.5702, 40.7242 ], [ -3.5707, 40.7237 ], [ -3.572, 40.7245 ], [ -3.572, 40.7246 ], [ -3.5714, 40.7248 ] ] ] } },
{ "type": "Feature", "properties": { "municipio": "El Molar", "clasificacion": "urbanizable-no-sectorizado", "calificacion": "sin-asignar", "version": "vigente", "fuente": "SIT-CAM WFS — UsoDelSuelo:VPLA_V_CLASIFICACION (https://idem.comunidad.madrid/geosrvg/ows)", "fecha_dato": "2026-05-12", "ambito": "50785", "_raw_CD_SIGLAS": "SUBNS", "_raw_DS_CLASIF_GEN": "Suelo No Urbanizable Común", "_raw_DS_CLASIF_DET": "Suelo No Urbanizable", "_raw_DS_DOCU": "NORMAS SUBSIDIARIAS", "_raw_DS_LEY": "CM Ley 9/1995, E RDL 1/1992", "_raw_FC_AC": "2002-08-01", "_raw_NM_AREA_M2": 270267.47294994601, "_cam_code": "086" }, "geometry": { "type": "Polygon", "coordinates": [ [ [ -3.5704, 40.7014 ], [ -3.5686, 40.7015 ], [ -3.5667, 40.7023 ], [ -3.5668, 40.704 ], [ -3.5648, 40.7059 ], [ -3.565, 40.7062 ], [ -3.5648, 40.7065 ], [ -3.5656, 40.7066 ], [ -3.5667, 40.7074 ], [ -3.5678, 40.708 ], [ -3.5684, 40.7087 ], [ -3.5692, 40.708 ], [ -3.5698, 40.7071 ], [ -3.5706, 40.7063 ], [ -3.5715, 40.7045 ], [ -3.5711, 40.7029 ], [ -3.5707, 40.7024 ], [ -3.5704, 40.7014 ] ] ] } },
{ "type": "Feature", "properties": { "municipio": "El Molar", "clasificacion": "urbanizable-no-sectorizado", "calificacion": "sin-asignar", "version": "vigente", "fuente": "SIT-CAM WFS — UsoDelSuelo:VPLA_V_CLASIFICACION (https://idem.comunidad.madrid/geosrvg/ows)", "fecha_dato": "2026-05-12", "ambito": "50785", "_raw_CD_SIGLAS": "SUBNS", "_raw_DS_CLASIF_GEN": "Suelo No Urbanizable Común", "_raw_DS_CLASIF_DET": "Suelo No Urbanizable", "_raw_DS_DOCU": "NORMAS SUBSIDIARIAS", "_raw_DS_LEY": "CM Ley 9/1995, E RDL 1/1992", "_raw_FC_AC": "2002-08-01", "_raw_NM_AREA_M2": 8301.2232500073696, "_cam_code": "086" }, "geometry": { "type": "Polygon", "coordinates": [ [ [ -3.5707, 40.7237 ], [ -3.5702, 40.7242 ], [ -3.5712, 40.7246 ], [ -3.5714, 40.7248 ], [ -3.572, 40.7246 ], [ -3.5719, 40.7244 ], [ -3.5707, 40.7237 ] ] ] } },
{ "type": "Feature", "properties": { "municipio": "El Molar", "clasificacion": "urbanizable-no-sectorizado", "calificacion": "sin-asignar", "version": "vigente", "fuente": "SIT-CAM WFS — UsoDelSuelo:VPLA_V_CLASIFICACION (https://idem.comunidad.madrid/geosrvg/ows)", "fecha_dato": "2026-05-12", "ambito": "50785", "_raw_CD_SIGLAS": "SUBNS", "_raw_DS_CLASIF_GEN": "Suelo No Urbanizable Común", "_raw_DS_CLASIF_DET": "Suelo No Urbanizable", "_raw_DS_DOCU": "NORMAS SUBSIDIARIAS", "_raw_DS_LEY": "CM Ley 9/1995, E RDL 1/1992", "_raw_FC_AC": "2002-08-01", "_raw_NM_AREA_M2": 15479.134662500601, "_cam_code": "086" }, "geometry": { "type": "Polygon", "coordinates": [ [ [ -3.5723, 40.7409 ], [ -3.5712, 40.7412 ], [ -3.5718, 40.742 ], [ -3.5725, 40.7423 ], [ -3.5734, 40.7418 ], [ -3.5723, 40.7409 ] ] ] } },
{ "type": "Feature", "properties": { "municipio": "El Molar", "clasificacion": "urbanizable-no-sectorizado", "calificacion": "sin-asignar", "version": "vigente", "fuente": "SIT-CAM WFS — UsoDelSuelo:VPLA_V_CLASIFICACION (https://idem.comunidad.madrid/geosrvg/ows)", "fecha_dato": "2026-05-12", "ambito": "50785", "_raw_CD_SIGLAS": "SUBNS", "_raw_DS_CLASIF_GEN": "Suelo No Urbanizable Común", "_raw_DS_CLASIF_DET": "Suelo No Urbanizable", "_raw_DS_DOCU": "NORMAS SUBSIDIARIAS", "_raw_DS_LEY": "CM Ley 9/1995, E RDL 1/1992", "_raw_FC_AC": "2002-08-01", "_raw_NM_AREA_M2": 156324.957849959, "_cam_code": "086" }, "geometry": { "type": "Polygon", "coordinates": [ [ [ -3.5744, 40.7353 ], [ -3.5729, 40.7362 ], [ -3.5723, 40.7369 ], [ -3.5722, 40.7372 ], [ -3.5723, 40.7381 ], [ -3.5733, 40.7391 ], [ -3.5748, 40.7396 ], [ -3.577, 40.7387 ], [ -3.5778, 40.7381 ], [ -3.5774, 40.7378 ], [ -3.5774, 40.7374 ], [ -3.5767, 40.736 ], [ -3.5757, 40.7355 ], [ -3.575, 40.7353 ], [ -3.5744, 40.7353 ] ] ] } },
{ "type": "Feature", "properties": { "municipio": "El Molar", "clasificacion": "urbanizable-no-sectorizado", "calificacion": "sin-asignar", "version": "vigente", "fuente": "SIT-CAM WFS — UsoDelSuelo:VPLA_V_CLASIFICACION (https://idem.comunidad.madrid/geosrvg/ows)", "fecha_dato": "2026-05-12", "ambito": "50785", "_raw_CD_SIGLAS": "SUBNS", "_raw_DS_CLASIF_GEN": "Suelo No Urbanizable Común", "_raw_DS_CLASIF_DET": "Suelo No Urbanizable", "_raw_DS_DOCU": "NORMAS SUBSIDIARIAS", "_raw_DS_LEY": "CM Ley 9/1995, E RDL 1/1992", "_raw_FC_AC": "2002-08-01", "_raw_NM_AREA_M2": 8258.7057875069204, "_cam_code": "086" }, "geometry": { "type": "Polygon", "coordinates": [ [ [ -3.5738, 40.7429 ], [ -3.5737, 40.743 ], [ -3.5737, 40.7434 ], [ -3.5735, 40.7435 ], [ -3.574, 40.7437 ], [ -3.5743, 40.7431 ], [ -3.5747, 40.743 ], [ -3.575, 40.7426 ], [ -3.5751, 40.7427 ], [ -3.5752, 40.7426 ], [ -3.5753, 40.7422 ], [ -3.5752, 40.7421 ], [ -3.5747, 40.7423 ], [ -3.5747, 40.7426 ], [ -3.5744, 40.7426 ], [ -3.5744, 40.7427 ], [ -3.5738, 40.7429 ] ] ] } },
{ "type": "Feature", "properties": { "municipio": "El Molar", "clasificacion": "urbanizable-no-sectorizado", "calificacion": "sin-asignar", "version": "vigente", "fuente": "SIT-CAM WFS — UsoDelSuelo:VPLA_V_CLASIFICACION (https://idem.comunidad.madrid/geosrvg/ows)", "fecha_dato": "2026-05-12", "ambito": "50785", "_raw_CD_SIGLAS": "SUBNS", "_raw_DS_CLASIF_GEN": "Suelo No Urbanizable Común", "_raw_DS_CLASIF_DET": "Suelo No Urbanizable Preservado", "_raw_DS_DOCU": "NORMAS SUBSIDIARIAS", "_raw_DS_LEY": "CM Ley 9/1995, E RDL 1/1992", "_raw_FC_AC": "2002-08-01", "_raw_NM_AREA_M2": 190285.299700317, "_cam_code": "086" }, "geometry": { "type": "Polygon", "coordinates": [ [ [ -3.5773, 40.7193 ], [ -3.5781, 40.7228 ], [ -3.5784, 40.7228 ], [ -3.5779, 40.7207 ], [ -3.5779, 40.7193 ], [ -3.5777, 40.7184 ], [ -3.5781, 40.7174 ], [ -3.5781, 40.717 ], [ -3.578, 40.717 ], [ -3.5779, 40.717 ], [ -3.578, 40.717 ], [ -3.5781, 40.7167 ], [ -3.5779, 40.7165 ], [ -3.5777, 40.7165 ], [ -3.5775, 40.7162 ], [ -3.5779, 40.7142 ], [ -3.5814, 40.7102 ], [ -3.5842, 40.7049 ], [ -3.5847, 40.705 ], [ -3.585, 40.7048 ], [ -3.585, 40.7036 ], [ -3.5862, 40.7 ], [ -3.5873, 40.6986 ], [ -3.5885, 40.6963 ], [ -3.589, 40.6956 ], [ -3.5909, 40.6942 ], [ -3.5927, 40.6932 ], [ -3.5958, 40.6921 ], [ -3.5998, 40.6905 ], [ -3.5998, 40.6904 ], [ -3.601, 40.6901 ], [ -3.601, 40.69 ], [ -3.6019, 40.6901 ], [ -3.6023, 40.6896 ], [ -3.6024, 40.6879 ], [ -3.6013, 40.6886 ], [ -3.6012, 40.6893 ], [ -3.6008, 40.6897 ], [ -3.591, 40.6937 ], [ -3.5887, 40.6955 ], [ -3.588, 40.6966 ], [ -3.5872, 40.6983 ], [ -3.5861, 40.6996 ], [ -3.5855, 40.7013 ], [ -3.5854, 40.7013 ], [ -3.5852, 40.7022 ], [ -3.5848, 40.703 ], [ -3.5835, 40.7043 ], [ -3.5835, 40.7046 ], [ -3.5839, 40.7048 ], [ -3.581, 40.7102 ], [ -3.5794, 40.712 ], [ -3.5785, 40.7127 ], [ -3.5776, 40.7137 ], [ -3.5771, 40.7148 ], [ -3.5768, 40.7147 ], [ -3.5764, 40.7161 ], [ -3.5762, 40.7162 ], [ -3.5762, 40.7164 ], [ -3.5766, 40.717 ], [ -3.5767, 40.7178 ], [ -3.5773, 40.7193 ] ] ] } },
{ "type": "Feature", "properties": { "municipio": "El Molar", "clasificacion": "urbanizable-sectorizado", "calificacion": "sin-asignar", "version": "vigente", "fuente": "SIT-CAM WFS — UsoDelSuelo:VPLA_V_CLASIFICACION (https://idem.comunidad.madrid/geosrvg/ows)", "fecha_dato": "2026-05-12", "ambito": "50785", "_raw_CD_SIGLAS": "SUBS", "_raw_DS_CLASIF_GEN": "Suelo Apto Para Urbanizar", "_raw_DS_CLASIF_DET": "Suelo Apto Para Urbanizar en Régimen Transistorio", "_raw_DS_DOCU": "NORMAS SUBSIDIARIAS", "_raw_DS_LEY": "CM Ley 9/1995, E RDL 1/1992", "_raw_FC_AC": "2002-08-01", "_raw_NM_AREA_M2": 241591.64694985401, "_cam_code": "086" }, "geometry": { "type": "Polygon", "coordinates": [ [ [ -3.59, 40.7368 ], [ -3.592, 40.737 ], [ -3.5918, 40.7385 ], [ -3.5917, 40.7385 ], [ -3.5928, 40.739 ], [ -3.5928, 40.7391 ], [ -3.593, 40.7391 ], [ -3.5926, 40.7353 ], [ -3.5924, 40.7308 ], [ -3.5918, 40.7301 ], [ -3.591, 40.7303 ], [ -3.5898, 40.7315 ], [ -3.5876, 40.7364 ], [ -3.5877, 40.737 ], [ -3.589, 40.737 ], [ -3.59, 40.7368 ] ] ] } },
{ "type": "Feature", "properties": { "municipio": "El Molar", "clasificacion": "urbanizable-sectorizado", "calificacion": "sin-asignar", "version": "vigente", "fuente": "SIT-CAM WFS — UsoDelSuelo:VPLA_V_CLASIFICACION (https://idem.comunidad.madrid/geosrvg/ows)", "fecha_dato": "2026-05-12", "ambito": "50785", "_raw_CD_SIGLAS": "SUBS", "_raw_DS_CLASIF_GEN": "Suelo Apto Para Urbanizar", "_raw_DS_CLASIF_DET": "Suelo Apto para Urbanizar", "_raw_DS_DOCU": "NORMAS SUBSIDIARIAS", "_raw_DS_LEY": "CM Ley 9/1995, E RDL 1/1992", "_raw_FC_AC": "2002-08-01", "_raw_NM_AREA_M2": 8148.9823500487801, "_cam_code": "086" }, "geometry": { "type": "Polygon", "coordinates": [ [ [ -3.5911, 40.7289 ], [ -3.5905, 40.7294 ], [ -3.591, 40.7303 ], [ -3.5917, 40.7302 ], [ -3.5918, 40.7301 ], [ -3.5911, 40.7293 ], [ -3.5911, 40.7289 ] ] ] } },
{ "type": "Feature", "properties": { "municipio": "El Molar", "clasificacion": "urbanizable-sectorizado", "calificacion": "sin-asignar", "version": "vigente", "fuente": "SIT-CAM WFS — UsoDelSuelo:VPLA_V_CLASIFICACION (https://idem.comunidad.madrid/geosrvg/ows)", "fecha_dato": "2026-05-12", "ambito": "50785", "_raw_CD_SIGLAS": "SUBS", "_raw_DS_CLASIF_GEN": "Suelo Apto Para Urbanizar", "_raw_DS_CLASIF_DET": "Suelo Apto Para Urbanizar", "_raw_DS_DOCU": "NORMAS SUBSIDIARIAS", "_raw_DS_LEY": "CM Ley 9/1995, E RDL 1/1992", "_raw_FC_AC": "2002-08-01", "_raw_NM_AREA_M2": 38219.950149924698, "_cam_code": "086" }, "geometry": { "type": "Polygon", "coordinates": [ [ [ -3.5703, 40.7373 ], [ -3.5699, 40.7377 ], [ -3.5698, 40.738 ], [ -3.5699, 40.7385 ], [ -3.5704, 40.7388 ], [ -3.5709, 40.7388 ], [ -3.5722, 40.7391 ], [ -3.5726, 40.7396 ], [ -3.5733, 40.7391 ], [ -3.5729, 40.7386 ], [ -3.5717, 40.7376 ], [ -3.5708, 40.7372 ], [ -3.5703, 40.7373 ] ] ] } },
{ "type": "Feature", "properties": { "municipio": "El Molar", "clasificacion": "urbanizable-sectorizado", "calificacion": "sin-asignar", "version": "vigente", "fuente": "SIT-CAM WFS — UsoDelSuelo:VPLA_V_CLASIFICACION (https://idem.comunidad.madrid/geosrvg/ows)", "fecha_dato": "2026-05-12", "ambito": "50785", "_raw_CD_SIGLAS": "SUBS", "_raw_DS_CLASIF_GEN": "Suelo Apto Para Urbanizar", "_raw_DS_CLASIF_DET": "Suelo Apto para Urbanizar", "_raw_DS_DOCU": "NORMAS SUBSIDIARIAS", "_raw_DS_LEY": "CM Ley 9/1995, E RDL 1/1992", "_raw_FC_AC": "2002-08-01", "_raw_NM_AREA_M2": 1331.3535250335301, "_cam_code": "086" }, "geometry": { "type": "Polygon", "coordinates": [ [ [ -3.5783, 40.7339 ], [ -3.5788, 40.7342 ], [ -3.579, 40.734 ], [ -3.5785, 40.7338 ], [ -3.5785, 40.7337 ], [ -3.5783, 40.7339 ] ] ] } },
{ "type": "Feature", "properties": { "municipio": "El Molar", "clasificacion": "urbanizable-sectorizado", "calificacion": "sin-asignar", "version": "vigente", "fuente": "SIT-CAM WFS — UsoDelSuelo:VPLA_V_CLASIFICACION (https://idem.comunidad.madrid/geosrvg/ows)", "fecha_dato": "2026-05-12", "ambito": "50785", "_raw_CD_SIGLAS": "SUBS", "_raw_DS_CLASIF_GEN": "Suelo Apto Para Urbanizar", "_raw_DS_CLASIF_DET": "Suelo Apto Para Urbanizar", "_raw_DS_DOCU": "NORMAS SUBSIDIARIAS", "_raw_DS_LEY": "CM Ley 9/1995, E RDL 1/1992", "_raw_FC_AC": "2002-08-01", "_raw_NM_AREA_M2": 71979.300787593194, "_cam_code": "086" }, "geometry": { "type": "Polygon", "coordinates": [ [ [ -3.5821, 40.726 ], [ -3.5817, 40.7264 ], [ -3.5818, 40.7268 ], [ -3.5826, 40.7279 ], [ -3.5826, 40.7282 ], [ -3.5823, 40.7285 ], [ -3.5836, 40.7289 ], [ -3.5838, 40.7288 ], [ -3.5843, 40.7276 ], [ -3.5853, 40.7265 ], [ -3.585, 40.7258 ], [ -3.5846, 40.7257 ], [ -3.5844, 40.7254 ], [ -3.5841, 40.7254 ], [ -3.5841, 40.7253 ], [ -3.5831, 40.7254 ], [ -3.5831, 40.7261 ], [ -3.5821, 40.726 ] ] ] } },
{ "type": "Feature", "properties": { "municipio": "El Molar", "clasificacion": "urbanizable-sectorizado", "calificacion": "sin-asignar", "version": "vigente", "fuente": "SIT-CAM WFS — UsoDelSuelo:VPLA_V_CLASIFICACION (https://idem.comunidad.madrid/geosrvg/ows)", "fecha_dato": "2026-05-12", "ambito": "50785", "_raw_CD_SIGLAS": "SUBS", "_raw_DS_CLASIF_GEN": "Suelo Apto Para Urbanizar", "_raw_DS_CLASIF_DET": "Suelo Apto Para Urbanizar", "_raw_DS_DOCU": "NORMAS SUBSIDIARIAS", "_raw_DS_LEY": "CM Ley 9/1995, E RDL 1/1992", "_raw_FC_AC": "2002-08-01", "_raw_NM_AREA_M2": 17613.158761131999, "_cam_code": "086" }, "geometry": { "type": "Polygon", "coordinates": [ [ [ -3.5785, 40.7347 ], [ -3.5785, 40.7348 ], [ -3.5789, 40.7347 ], [ -3.5794, 40.7344 ], [ -3.5796, 40.7342 ], [ -3.5795, 40.7341 ], [ -3.58, 40.7338 ], [ -3.5792, 40.7336 ], [ -3.5782, 40.7331 ], [ -3.5781, 40.7339 ], [ -3.5776, 40.7344 ], [ -3.578, 40.7346 ], [ -3.5781, 40.7348 ], [ -3.5781, 40.7347 ], [ -3.5785, 40.7347 ] ], [ [ -3.579, 40.734 ], [ -3.5788, 40.7342 ], [ -3.5783, 40.7339 ], [ -3.5785, 40.7337 ], [ -3.5785, 40.7338 ], [ -3.579, 40.734 ] ] ] } },
{ "type": "Feature", "properties": { "municipio": "El Molar", "clasificacion": "urbanizable-sectorizado", "calificacion": "sin-asignar", "version": "vigente", "fuente": "SIT-CAM WFS — UsoDelSuelo:VPLA_V_CLASIFICACION (https://idem.comunidad.madrid/geosrvg/ows)", "fecha_dato": "2026-05-12", "ambito": "50785", "_raw_CD_SIGLAS": "SUBS", "_raw_DS_CLASIF_GEN": "Suelo Apto Para Urbanizar", "_raw_DS_CLASIF_DET": "Suelo Apto para Urbanizar", "_raw_DS_DOCU": "NORMAS SUBSIDIARIAS", "_raw_DS_LEY": "CM Ley 9/1995, E RDL 1/1992", "_raw_FC_AC": "2002-08-01", "_raw_NM_AREA_M2": 215790.14008747699, "_cam_code": "086" }, "geometry": { "type": "Polygon", "coordinates": [ [ [ -3.5844, 40.7252 ], [ -3.5865, 40.7264 ], [ -3.5897, 40.7271 ], [ -3.5911, 40.728 ], [ -3.5912, 40.7283 ], [ -3.5913, 40.7283 ], [ -3.5913, 40.7286 ], [ -3.5917, 40.728 ], [ -3.5938, 40.726 ], [ -3.5929, 40.7251 ], [ -3.5914, 40.7251 ], [ -3.5904, 40.7253 ], [ -3.5891, 40.7252 ], [ -3.5862, 40.7239 ], [ -3.5862, 40.7238 ], [ -3.5843, 40.7231 ], [ -3.5841, 40.7231 ], [ -3.5836, 40.7236 ], [ -3.5832, 40.7238 ], [ -3.5829, 40.7245 ], [ -3.5822, 40.7246 ], [ -3.582, 40.7248 ], [ -3.5819, 40.7254 ], [ -3.5834, 40.7251 ], [ -3.5844, 40.7252 ] ] ] } },
{ "type": "Feature", "properties": { "municipio": "El Molar", "clasificacion": "urbanizable-sectorizado", "calificacion": "sin-asignar", "version": "vigente", "fuente": "SIT-CAM WFS — UsoDelSuelo:VPLA_V_CLASIFICACION (https://idem.comunidad.madrid/geosrvg/ows)", "fecha_dato": "2026-05-12", "ambito": "50785", "_raw_CD_SIGLAS": "SUBS", "_raw_DS_CLASIF_GEN": "Suelo Apto Para Urbanizar", "_raw_DS_CLASIF_DET": "Suelo Apto para Urbanizar", "_raw_DS_DOCU": "NORMAS SUBSIDIARIAS", "_raw_DS_LEY": "CM Ley 9/1995, E RDL 1/1992", "_raw_FC_AC": "2002-08-01", "_raw_NM_AREA_M2": 72505.029550027102, "_cam_code": "086" }, "geometry": { "type": "Polygon", "coordinates": [ [ [ -3.5741, 40.7285 ], [ -3.5744, 40.7285 ], [ -3.5756, 40.7295 ], [ -3.576, 40.7297 ], [ -3.5776, 40.7284 ], [ -3.5778, 40.7278 ], [ -3.5767, 40.7271 ], [ -3.5757, 40.7262 ], [ -3.5751, 40.7261 ], [ -3.5751, 40.7263 ], [ -3.5747, 40.7265 ], [ -3.5747, 40.7276 ], [ -3.5743, 40.7279 ], [ -3.5737, 40.728 ], [ -3.5737, 40.7284 ], [ -3.5731, 40.729 ], [ -3.573, 40.729 ], [ -3.5729, 40.7291 ], [ -3.5728, 40.7291 ], [ -3.5727, 40.7292 ], [ -3.573, 40.7291 ], [ -3.5741, 40.7285 ] ] ] } },
{ "type": "Feature", "properties": { "municipio": "El Molar", "clasificacion": "urbanizable-sectorizado", "calificacion": "sin-asignar", "version": "vigente", "fuente": "SIT-CAM WFS — UsoDelSuelo:VPLA_V_CLASIFICACION (https://idem.comunidad.madrid/geosrvg/ows)", "fecha_dato": "2026-05-12", "ambito": "50785", "_raw_CD_SIGLAS": "SUBS", "_raw_DS_CLASIF_GEN": "Suelo Apto Para Urbanizar", "_raw_DS_CLASIF_DET": "Suelo Apto para Urbanizar", "_raw_DS_DOCU": "NORMAS SUBSIDIARIAS", "_raw_DS_LEY": "CM Ley 9/1995, E RDL 1/1992", "_raw_FC_AC": "2002-08-01", "_raw_NM_AREA_M2": 108399.048875523, "_cam_code": "086" }, "geometry": { "type": "Polygon", "coordinates": [ [ [ -3.585, 40.7302 ], [ -3.5858, 40.7303 ], [ -3.586, 40.7299 ], [ -3.587, 40.7299 ], [ -3.5869, 40.7282 ], [ -3.5871, 40.7275 ], [ -3.5878, 40.7269 ], [ -3.5865, 40.7266 ], [ -3.585, 40.7259 ], [ -3.5853, 40.7265 ], [ -3.5843, 40.7276 ], [ -3.5838, 40.7288 ], [ -3.5836, 40.7289 ], [ -3.5827, 40.7286 ], [ -3.5826, 40.7299 ], [ -3.5828, 40.7299 ], [ -3.5829, 40.7297 ], [ -3.5832, 40.7297 ], [ -3.5832, 40.7298 ], [ -3.5837, 40.73 ], [ -3.5839, 40.7298 ], [ -3.5845, 40.7297 ], [ -3.5847, 40.7302 ], [ -3.5848, 40.7303 ], [ -3.585, 40.7301 ], [ -3.585, 40.7302 ] ] ] } },
{ "type": "Feature", "properties": { "municipio": "El Molar", "clasificacion": "urbanizable-sectorizado", "calificacion": "sin-asignar", "version": "vigente", "fuente": "SIT-CAM WFS — UsoDelSuelo:VPLA_V_CLASIFICACION (https://idem.comunidad.madrid/geosrvg/ows)", "fecha_dato": "2026-05-12", "ambito": "50785", "_raw_CD_SIGLAS": "SUBS", "_raw_DS_CLASIF_GEN": "Suelo Apto Para Urbanizar", "_raw_DS_CLASIF_DET": "Suelo Apto Para Urbanizar", "_raw_DS_DOCU": "NORMAS SUBSIDIARIAS", "_raw_DS_LEY": "CM Ley 9/1995, E RDL 1/1992", "_raw_FC_AC": "2002-08-01", "_raw_NM_AREA_M2": 28886.716446415801, "_cam_code": "086" }, "geometry": { "type": "Polygon", "coordinates": [ [ [ -3.589, 40.7304 ], [ -3.59, 40.73 ], [ -3.5912, 40.7288 ], [ -3.5913, 40.7283 ], [ -3.5912, 40.7283 ], [ -3.5911, 40.728 ], [ -3.5897, 40.7271 ], [ -3.5865, 40.7264 ], [ -3.5849, 40.7256 ], [ -3.5844, 40.7252 ], [ -3.5834, 40.7251 ], [ -3.5818, 40.7255 ], [ -3.5838, 40.7252 ], [ -3.5838, 40.7253 ], [ -3.5841, 40.7253 ], [ -3.5841, 40.7254 ], [ -3.5844, 40.7254 ], [ -3.5846, 40.7257 ], [ -3.5848, 40.7257 ], [ -3.5848, 40.7258 ], [ -3.585, 40.7258 ], [ -3.585, 40.7259 ], [ -3.5865, 40.7266 ], [ -3.5878, 40.7269 ], [ -3.5871, 40.7275 ], [ -3.5869, 40.7282 ], [ -3.587, 40.7299 ], [ -3.5872, 40.7299 ], [ -3.5871, 40.7283 ], [ -3.5873, 40.7276 ], [ -3.5881, 40.7269 ], [ -3.5889, 40.727 ], [ -3.5889, 40.7271 ], [ -3.5897, 40.7273 ], [ -3.591, 40.7282 ], [ -3.591, 40.7288 ], [ -3.5905, 40.7291 ], [ -3.5894, 40.7302 ], [ -3.589, 40.7304 ] ] ] } },
{ "type": "Feature", "properties": { "municipio": "El Molar", "clasificacion": "urbanizable-sectorizado", "calificacion": "sin-asignar", "version": "vigente", "fuente": "SIT-CAM WFS — UsoDelSuelo:VPLA_V_CLASIFICACION (https://idem.comunidad.madrid/geosrvg/ows)", "fecha_dato": "2026-05-12", "ambito": "50785", "_raw_CD_SIGLAS": "SUBS", "_raw_DS_CLASIF_GEN": "Suelo Apto Para Urbanizar", "_raw_DS_CLASIF_DET": "Suelo Apto para Urbanizar", "_raw_DS_DOCU": "NORMAS SUBSIDIARIAS", "_raw_DS_LEY": "CM Ley 9/1995, E RDL 1/1992", "_raw_FC_AC": "2002-08-01", "_raw_NM_AREA_M2": 21674.179084998799, "_cam_code": "086" }, "geometry": { "type": "Polygon", "coordinates": [ [ [ -3.5781, 40.7228 ], [ -3.5789, 40.7268 ], [ -3.5791, 40.7274 ], [ -3.5792, 40.7274 ], [ -3.5797, 40.7284 ], [ -3.58, 40.7287 ], [ -3.5802, 40.7286 ], [ -3.5795, 40.7276 ], [ -3.5795, 40.7274 ], [ -3.5794, 40.7274 ], [ -3.5789, 40.7254 ], [ -3.5788, 40.7239 ], [ -3.579, 40.7231 ], [ -3.5788, 40.7228 ], [ -3.5781, 40.7228 ] ] ] } },
{ "type": "Feature", "properties": { "municipio": "El Molar", "clasificacion": "urbanizable-sectorizado", "calificacion": "sin-asignar", "version": "vigente", "fuente": "SIT-CAM WFS — UsoDelSuelo:VPLA_V_CLASIFICACION (https://idem.comunidad.madrid/geosrvg/ows)", "fecha_dato": "2026-05-12", "ambito": "50785", "_raw_CD_SIGLAS": "SUBS", "_raw_DS_CLASIF_GEN": "Suelo Apto Para Urbanizar", "_raw_DS_CLASIF_DET": "Suelo Apto para Urbanizar", "_raw_DS_DOCU": "NORMAS SUBSIDIARIAS", "_raw_DS_LEY": "CM Ley 9/1995, E RDL 1/1992", "_raw_FC_AC": "2002-08-01", "_raw_NM_AREA_M2": 5228.2007328249301, "_cam_code": "086" }, "geometry": { "type": "Polygon", "coordinates": [ [ [ -3.575, 40.7292 ], [ -3.576, 40.7299 ], [ -3.5763, 40.7295 ], [ -3.5774, 40.7287 ], [ -3.5778, 40.7283 ], [ -3.5779, 40.7279 ], [ -3.5778, 40.7278 ], [ -3.5777, 40.7279 ], [ -3.5776, 40.7284 ], [ -3.576, 40.7297 ], [ -3.5745, 40.7286 ], [ -3.575, 40.7292 ] ] ] } },
{ "type": "Feature", "properties": { "municipio": "El Molar", "clasificacion": "urbanizable-sectorizado", "calificacion": "sin-asignar", "version": "vigente", "fuente": "SIT-CAM WFS — UsoDelSuelo:VPLA_V_CLASIFICACION (https://idem.comunidad.madrid/geosrvg/ows)", "fecha_dato": "2026-05-12", "ambito": "50785", "_raw_CD_SIGLAS": "SUBS", "_raw_DS_CLASIF_GEN": "Suelo Apto Para Urbanizar", "_raw_DS_CLASIF_DET": "Suelo Apto para Urbanizar", "_raw_DS_DOCU": "NORMAS SUBSIDIARIAS", "_raw_DS_LEY": "CM Ley 9/1995, E RDL 1/1992", "_raw_FC_AC": "2002-08-01", "_raw_NM_AREA_M2": 568775.613475146, "_cam_code": "086" }, "geometry": { "type": "Polygon", "coordinates": [ [ [ -3.5731, 40.7194 ], [ -3.5774, 40.7197 ], [ -3.5772, 40.7189 ], [ -3.577, 40.7187 ], [ -3.577, 40.7184 ], [ -3.5767, 40.7178 ], [ -3.5766, 40.717 ], [ -3.5762, 40.7164 ], [ -3.5762, 40.7162 ], [ -3.5764, 40.7161 ], [ -3.5768, 40.7147 ], [ -3.5771, 40.7148 ], [ -3.5776, 40.7137 ], [ -3.5804, 40.7109 ], [ -3.5772, 40.7093 ], [ -3.5765, 40.7092 ], [ -3.5758, 40.7093 ], [ -3.5751, 40.7096 ], [ -3.5736, 40.7111 ], [ -3.5729, 40.7108 ], [ -3.5715, 40.7122 ], [ -3.5707, 40.7132 ], [ -3.5719, 40.7138 ], [ -3.5713, 40.7153 ], [ -3.571, 40.7168 ], [ -3.5708, 40.7181 ], [ -3.571, 40.7193 ], [ -3.5713, 40.7195 ], [ -3.5731, 40.7194 ] ] ] } },
{ "type": "Feature", "properties": { "municipio": "El Molar", "clasificacion": "urbanizable-sectorizado", "calificacion": "sin-asignar", "version": "vigente", "fuente": "SIT-CAM WFS — UsoDelSuelo:VPLA_V_CLASIFICACION (https://idem.comunidad.madrid/geosrvg/ows)", "fecha_dato": "2026-05-12", "ambito": "50785", "_raw_CD_SIGLAS": "SUBS", "_raw_DS_CLASIF_GEN": "Suelo Apto Para Urbanizar", "_raw_DS_CLASIF_DET": "Suelo Apto para Urbanizar", "_raw_DS_DOCU": "NORMAS SUBSIDIARIAS", "_raw_DS_LEY": "CM Ley 9/1995, E RDL 1/1992", "_raw_FC_AC": "2002-08-01", "_raw_NM_AREA_M2": 84846.181975038999, "_cam_code": "086" }, "geometry": { "type": "Polygon", "coordinates": [ [ [ -3.5879, 40.7297 ], [ -3.5886, 40.7298 ], [ -3.5887, 40.7303 ], [ -3.589, 40.7304 ], [ -3.5894, 40.7302 ], [ -3.5905, 40.7291 ], [ -3.591, 40.7288 ], [ -3.591, 40.7282 ], [ -3.5897, 40.7273 ], [ -3.5889, 40.7271 ], [ -3.5889, 40.727 ], [ -3.5881, 40.7269 ], [ -3.5873, 40.7276 ], [ -3.5871, 40.7285 ], [ -3.5872, 40.7299 ], [ -3.5877, 40.7299 ], [ -3.5879, 40.7297 ] ] ] } },
{ "type": "Feature", "properties": { "municipio": "El Molar", "clasificacion": "urbanizable-sectorizado", "calificacion": "sin-asignar", "version": "vigente", "fuente": "SIT-CAM WFS — UsoDelSuelo:VPLA_V_CLASIFICACION (https://idem.comunidad.madrid/geosrvg/ows)", "fecha_dato": "2026-05-12", "ambito": "50785", "_raw_CD_SIGLAS": "SUBS", "_raw_DS_CLASIF_GEN": "Suelo Apto Para Urbanizar", "_raw_DS_CLASIF_DET": "Suelo Apto para Urbanizar", "_raw_DS_DOCU": "NORMAS SUBSIDIARIAS", "_raw_DS_LEY": "CM Ley 9/1995, E RDL 1/1992", "_raw_FC_AC": "2002-08-01", "_raw_NM_AREA_M2": 14609.950649963201, "_cam_code": "086" }, "geometry": { "type": "Polygon", "coordinates": [ [ [ -3.5905, 40.7294 ], [ -3.59, 40.73 ], [ -3.5892, 40.7304 ], [ -3.5893, 40.7306 ], [ -3.5901, 40.7312 ], [ -3.591, 40.7304 ], [ -3.5905, 40.7294 ] ] ] } },
{ "type": "Feature", "properties": { "municipio": "El Molar", "clasificacion": "urbanizable-sectorizado", "calificacion": "sin-asignar", "version": "vigente", "fuente": "SIT-CAM WFS — UsoDelSuelo:VPLA_V_CLASIFICACION (https://idem.comunidad.madrid/geosrvg/ows)", "fecha_dato": "2026-05-12", "ambito": "50785", "_raw_CD_SIGLAS": "SUBS", "_raw_DS_CLASIF_GEN": "Suelo Apto Para Urbanizar", "_raw_DS_CLASIF_DET": "Suelo Apto para Urbanizar", "_raw_DS_DOCU": "NORMAS SUBSIDIARIAS", "_raw_DS_LEY": "CM Ley 9/1995, E RDL 1/1992", "_raw_FC_AC": "2002-08-01", "_raw_NM_AREA_M2": 775426.13077038201, "_cam_code": "086" }, "geometry": { "type": "Polygon", "coordinates": [ [ [ -3.5758, 40.7426 ], [ -3.5764, 40.7431 ], [ -3.5772, 40.7427 ], [ -3.5776, 40.7423 ], [ -3.579, 40.7427 ], [ -3.5794, 40.742 ], [ -3.5809, 40.7423 ], [ -3.581, 40.7422 ], [ -3.581, 40.74 ], [ -3.5799, 40.7399 ], [ -3.5774, 40.74 ], [ -3.5768, 40.7394 ], [ -3.5766, 40.739 ], [ -3.5764, 40.7391 ], [ -3.5771, 40.7399 ], [ -3.5757, 40.7408 ], [ -3.5755, 40.7404 ], [ -3.5731, 40.7414 ], [ -3.5726, 40.7409 ], [ -3.5727, 40.7406 ], [ -3.5729, 40.7405 ], [ -3.5727, 40.7403 ], [ -3.5734, 40.7402 ], [ -3.5748, 40.7396 ], [ -3.5733, 40.7391 ], [ -3.5726, 40.7396 ], [ -3.5722, 40.7391 ], [ -3.5709, 40.7388 ], [ -3.5704, 40.7388 ], [ -3.5699, 40.7385 ], [ -3.5698, 40.7383 ], [ -3.5699, 40.7377 ], [ -3.57, 40.7375 ], [ -3.5705, 40.7372 ], [ -3.5708, 40.7372 ], [ -3.5717, 40.7376 ], [ -3.5723, 40.7381 ], [ -3.5722, 40.7379 ], [ -3.5723, 40.7369 ], [ -3.5729, 40.7362 ], [ -3.5744, 40.7353 ], [ -3.575, 40.7353 ], [ -3.5757, 40.7355 ], [ -3.5767, 40.736 ], [ -3.5768, 40.7354 ], [ -3.5778, 40.7358 ], [ -3.5792, 40.7358 ], [ -3.5793, 40.7349 ], [ -3.578, 40.735 ], [ -3.578, 40.7349 ], [ -3.5774, 40.7347 ], [ -3.5781, 40.7339 ], [ -3.5782, 40.7331 ], [ -3.5772, 40.7327 ], [ -3.5781, 40.7315 ], [ -3.5756, 40.7304 ], [ -3.576, 40.7299 ], [ -3.5745, 40.7287 ], [ -3.5738, 40.7287 ], [ -3.5737, 40.7289 ], [ -3.5735, 40.7289 ], [ -3.5733, 40.7291 ], [ -3.5733, 40.7293 ], [ -3.5723, 40.7293 ], [ -3.5723, 40.7294 ], [ -3.5719, 40.7295 ], [ -3.5717, 40.73 ], [ -3.5712, 40.7302 ], [ -3.5711, 40.7305 ], [ -3.5709, 40.7305 ], [ -3.5707, 40.7307 ], [ -3.5706, 40.7311 ], [ -3.5705, 40.7311 ], [ -3.5705, 40.7316 ], [ -3.5702, 40.7319 ], [ -3.5695, 40.7322 ], [ -3.5693, 40.7329 ], [ -3.5691, 40.7329 ], [ -3.5689, 40.7331 ], [ -3.5689, 40.7335 ], [ -3.5686, 40.7337 ], [ -3.5686, 40.7344 ], [ -3.5682, 40.7346 ], [ -3.5683, 40.7349 ], [ -3.5681, 40.735 ], [ -3.5682, 40.7354 ], [ -3.568, 40.7356 ], [ -3.5681, 40.736 ], [ -3.5682, 40.736 ], [ -3.5682, 40.7363 ], [ -3.5683, 40.7363 ], [ -3.5683, 40.7366 ], [ -3.5684, 40.7366 ], [ -3.5683, 40.7371 ], [ -3.5679, 40.7375 ], [ -3.5679, 40.7379 ], [ -3.5681, 40.7381 ], [ -3.568, 40.7386 ], [ -3.5683, 40.7387 ], [ -3.5687, 40.7392 ], [ -3.57, 40.74 ], [ -3.5722, 40.7403 ], [ -3.572, 40.7404 ], [ -3.572, 40.7406 ], [ -3.5737, 40.742 ], [ -3.5747, 40.7424 ], [ -3.5747, 40.7423 ], [ -3.5752, 40.7421 ], [ -3.5753, 40.7422 ], [ -3.5752, 40.7425 ], [ -3.5758, 40.7426 ] ] ] } },
{ "type": "Feature", "properties": { "municipio": "El Molar", "clasificacion": "urbanizable-sectorizado", "calificacion": "sin-asignar", "version": "vigente", "fuente": "SIT-CAM WFS — UsoDelSuelo:VPLA_V_CLASIFICACION (https://idem.comunidad.madrid/geosrvg/ows)", "fecha_dato": "2026-05-12", "ambito": "50785", "_raw_CD_SIGLAS": "SUBS", "_raw_DS_CLASIF_GEN": "Suelo Apto Para Urbanizar", "_raw_DS_CLASIF_DET": "Suelo Apto para Urbanizar", "_raw_DS_DOCU": "NORMAS SUBSIDIARIAS", "_raw_DS_LEY": "CM Ley 9/1995, E RDL 1/1992", "_raw_FC_AC": "2002-08-01", "_raw_NM_AREA_M2": 48793.103662663001, "_cam_code": "086" }, "geometry": { "type": "Polygon", "coordinates": [ [ [ -3.5883, 40.7325 ], [ -3.5876, 40.7329 ], [ -3.5873, 40.7329 ], [ -3.5865, 40.7333 ], [ -3.5867, 40.7336 ], [ -3.5876, 40.7364 ], [ -3.5893, 40.7325 ], [ -3.5895, 40.7321 ], [ -3.5897, 40.7318 ], [ -3.5898, 40.7315 ], [ -3.5899, 40.7315 ], [ -3.5898, 40.7315 ], [ -3.589, 40.7321 ], [ -3.5891, 40.7323 ], [ -3.5894, 40.7324 ], [ -3.5893, 40.7324 ], [ -3.5891, 40.7327 ], [ -3.5887, 40.7325 ], [ -3.5883, 40.7325 ] ] ] } },
{ "type": "Feature", "properties": { "municipio": "El Molar", "clasificacion": "urbanizable-sectorizado", "calificacion": "sin-asignar", "version": "vigente", "fuente": "SIT-CAM WFS — UsoDelSuelo:VPLA_V_CLASIFICACION (https://idem.comunidad.madrid/geosrvg/ows)", "fecha_dato": "2026-05-12", "ambito": "50785", "_raw_CD_SIGLAS": "SUBS_A", "_raw_DS_CLASIF_GEN": "Suelo Apto Para Urbanizar (APLAZADO)", "_raw_DS_CLASIF_DET": "Suelo Apto para Urbanizar", "_raw_DS_DOCU": "NORMAS SUBSIDIARIAS", "_raw_DS_LEY": "CM Ley 9/1995, E RDL 1/1992", "_raw_FC_AC": "2002-08-01", "_raw_NM_AREA_M2": 50633.460288695896, "_cam_code": "086" }, "geometry": { "type": "Polygon", "coordinates": [ [ [ -3.5771, 40.7305 ], [ -3.5776, 40.7307 ], [ -3.5776, 40.7303 ], [ -3.5788, 40.7305 ], [ -3.5788, 40.7298 ], [ -3.5786, 40.7299 ], [ -3.5779, 40.7293 ], [ -3.578, 40.7292 ], [ -3.5789, 40.7292 ], [ -3.58, 40.7287 ], [ -3.5797, 40.7284 ], [ -3.5792, 40.7275 ], [ -3.5781, 40.7278 ], [ -3.5779, 40.728 ], [ -3.5778, 40.7285 ], [ -3.5761, 40.7298 ], [ -3.5771, 40.7305 ] ] ] } },
{ "type": "Feature", "properties": { "municipio": "El Molar", "clasificacion": "urbanizable-sectorizado", "calificacion": "sin-asignar", "version": "vigente", "fuente": "SIT-CAM WFS — UsoDelSuelo:VPLA_V_CLASIFICACION (https://idem.comunidad.madrid/geosrvg/ows)", "fecha_dato": "2026-05-12", "ambito": "50785", "_raw_CD_SIGLAS": "SUBS_A", "_raw_DS_CLASIF_GEN": "Suelo Apto Para Urbanizar (APLAZADO)", "_raw_DS_CLASIF_DET": "Suelo Apto para Urbanizar", "_raw_DS_DOCU": "NORMAS SUBSIDIARIAS", "_raw_DS_LEY": "CM Ley 9/1995, E RDL 1/1992", "_raw_FC_AC": "2002-08-01", "_raw_NM_AREA_M2": 50840.037612493703, "_cam_code": "086" }, "geometry": { "type": "Polygon", "coordinates": [ [ [ -3.5795, 40.7275 ], [ -3.5805, 40.7289 ], [ -3.581, 40.7284 ], [ -3.5823, 40.7285 ], [ -3.5826, 40.7282 ], [ -3.5826, 40.7279 ], [ -3.582, 40.7272 ], [ -3.5817, 40.7264 ], [ -3.5821, 40.726 ], [ -3.5831, 40.7261 ], [ -3.5831, 40.7254 ], [ -3.5817, 40.7257 ], [ -3.5806, 40.7267 ], [ -3.5802, 40.7274 ], [ -3.5795, 40.7275 ] ] ] } },
{ "type": "Feature", "properties": { "municipio": "El Molar", "clasificacion": "urbanizable-sectorizado", "calificacion": "sin-asignar", "version": "vigente", "fuente": "SIT-CAM WFS — UsoDelSuelo:VPLA_V_CLASIFICACION (https://idem.comunidad.madrid/geosrvg/ows)", "fecha_dato": "2026-05-12", "ambito": "50785", "_raw_CD_SIGLAS": "SUBS_A", "_raw_DS_CLASIF_GEN": "Suelo Apto Para Urbanizar (APLAZADO)", "_raw_DS_CLASIF_DET": "Suelo Apto para Urbanizar", "_raw_DS_DOCU": "NORMAS SUBSIDIARIAS", "_raw_DS_LEY": "CM Ley 9/1995, E RDL 1/1992", "_raw_FC_AC": "2002-08-01", "_raw_NM_AREA_M2": 84811.752524884796, "_cam_code": "086" }, "geometry": { "type": "Polygon", "coordinates": [ [ [ -3.5777, 40.7228 ], [ -3.5775, 40.723 ], [ -3.5776, 40.723 ], [ -3.5775, 40.7235 ], [ -3.5772, 40.7236 ], [ -3.5772, 40.7245 ], [ -3.5771, 40.7247 ], [ -3.5763, 40.725 ], [ -3.5763, 40.7251 ], [ -3.576, 40.7251 ], [ -3.576, 40.7253 ], [ -3.5758, 40.7254 ], [ -3.5759, 40.7258 ], [ -3.5753, 40.7261 ], [ -3.5757, 40.7262 ], [ -3.5767, 40.7271 ], [ -3.5779, 40.7278 ], [ -3.5781, 40.7276 ], [ -3.5791, 40.7273 ], [ -3.5787, 40.7259 ], [ -3.5781, 40.7228 ], [ -3.5777, 40.7228 ] ] ] } },
{ "type": "Feature", "properties": { "municipio": "El Molar", "clasificacion": "urbanizable-sectorizado", "calificacion": "sin-asignar", "version": "vigente", "fuente": "SIT-CAM WFS — UsoDelSuelo:VPLA_V_CLASIFICACION (https://idem.comunidad.madrid/geosrvg/ows)", "fecha_dato": "2026-05-12", "ambito": "50785", "_raw_CD_SIGLAS": "SUBS_A", "_raw_DS_CLASIF_GEN": "Suelo Apto Para Urbanizar (APLAZADO)", "_raw_DS_CLASIF_DET": "Suelo Apto para Urbanizar", "_raw_DS_DOCU": "NORMAS SUBSIDIARIAS", "_raw_DS_LEY": "CM Ley 9/1995, E RDL 1/1992", "_raw_FC_AC": "2002-08-01", "_raw_NM_AREA_M2": 140652.66870000499, "_cam_code": "086" }, "geometry": { "type": "Polygon", "coordinates": [ [ [ -3.5788, 40.7228 ], [ -3.579, 40.7232 ], [ -3.5788, 40.7239 ], [ -3.5788, 40.7248 ], [ -3.5794, 40.7273 ], [ -3.5801, 40.7272 ], [ -3.5806, 40.7263 ], [ -3.5811, 40.726 ], [ -3.5817, 40.7254 ], [ -3.5819, 40.7254 ], [ -3.582, 40.7248 ], [ -3.5822, 40.7246 ], [ -3.5829, 40.7245 ], [ -3.5832, 40.7238 ], [ -3.5836, 40.7236 ], [ -3.5841, 40.7231 ], [ -3.5829, 40.7225 ], [ -3.5812, 40.7219 ], [ -3.5807, 40.7228 ], [ -3.58, 40.7229 ], [ -3.5788, 40.7228 ] ] ] } },
{ "type": "Feature", "properties": { "municipio": "El Molar", "clasificacion": "urbanizable-sectorizado", "calificacion": "sin-asignar", "version": "vigente", "fuente": "SIT-CAM WFS — UsoDelSuelo:VPLA_V_CLASIFICACION (https://idem.comunidad.madrid/geosrvg/ows)", "fecha_dato": "2026-05-12", "ambito": "50785", "_raw_CD_SIGLAS": "SUBS_A", "_raw_DS_CLASIF_GEN": "Suelo Apto Para Urbanizar (APLAZADO)", "_raw_DS_CLASIF_DET": "Suelo Apto para Urbanizar", "_raw_DS_DOCU": "NORMAS SUBSIDIARIAS", "_raw_DS_LEY": "CM Ley 9/1995, E RDL 1/1992", "_raw_FC_AC": "2002-08-01", "_raw_NM_AREA_M2": 215706.99396257699, "_cam_code": "086" }, "geometry": { "type": "Polygon", "coordinates": [ [ [ -3.599, 40.6992 ], [ -3.5995, 40.7006 ], [ -3.5995, 40.701 ], [ -3.5992, 40.7017 ], [ -3.5992, 40.7032 ], [ -3.5993, 40.7038 ], [ -3.5996, 40.7044 ], [ -3.6016, 40.7043 ], [ -3.6018, 40.7037 ], [ -3.6025, 40.7028 ], [ -3.6025, 40.7022 ], [ -3.6022, 40.7013 ], [ -3.6018, 40.6988 ], [ -3.6006, 40.6989 ], [ -3.6006, 40.6984 ], [ -3.5999, 40.6978 ], [ -3.5996, 40.6977 ], [ -3.5993, 40.6971 ], [ -3.599, 40.6964 ], [ -3.5996, 40.6962 ], [ -3.5994, 40.6955 ], [ -3.5998, 40.6955 ], [ -3.5997, 40.6953 ], [ -3.5999, 40.695 ], [ -3.5998, 40.6947 ], [ -3.5994, 40.6949 ], [ -3.5994, 40.6946 ], [ -3.5983, 40.6946 ], [ -3.5983, 40.6949 ], [ -3.5978, 40.6962 ], [ -3.5977, 40.697 ], [ -3.5979, 40.6978 ], [ -3.599, 40.6992 ] ] ] } },
{ "type": "Feature", "properties": { "municipio": "El Molar", "clasificacion": "urbanizable-sectorizado", "calificacion": "sin-asignar", "version": "vigente", "fuente": "SIT-CAM WFS — UsoDelSuelo:VPLA_V_CLASIFICACION (https://idem.comunidad.madrid/geosrvg/ows)", "fecha_dato": "2026-05-12", "ambito": "50785", "_raw_CD_SIGLAS": "SUBS_A", "_raw_DS_CLASIF_GEN": "Suelo Apto Para Urbanizar (APLAZADO)", "_raw_DS_CLASIF_DET": "Suelo Apto para Urbanizar", "_raw_DS_DOCU": "NORMAS SUBSIDIARIAS", "_raw_DS_LEY": "CM Ley 9/1995, E RDL 1/1992", "_raw_FC_AC": "2002-08-01", "_raw_NM_AREA_M2": 2343632.88073867, "_cam_code": "086" }, "geometry": { "type": "Polygon", "coordinates": [ [ [ -3.5692, 40.6621 ], [ -3.5705, 40.6619 ], [ -3.5717, 40.6619 ], [ -3.5727, 40.6614 ], [ -3.5742, 40.6611 ], [ -3.5749, 40.6604 ], [ -3.5753, 40.6604 ], [ -3.5767, 40.6598 ], [ -3.5799, 40.6597 ], [ -3.58, 40.6594 ], [ -3.5836, 40.6583 ], [ -3.5845, 40.6586 ], [ -3.5853, 40.6585 ], [ -3.5859, 40.6577 ], [ -3.5865, 40.6572 ], [ -3.5866, 40.6567 ], [ -3.5879, 40.6568 ], [ -3.5885, 40.6566 ], [ -3.5894, 40.6559 ], [ -3.5888, 40.656 ], [ -3.5873, 40.655 ], [ -3.5863, 40.6546 ], [ -3.5848, 40.6534 ], [ -3.5852, 40.6528 ], [ -3.5847, 40.6505 ], [ -3.5846, 40.6489 ], [ -3.5847, 40.6489 ], [ -3.5849, 40.6485 ], [ -3.5848, 40.6453 ], [ -3.5836, 40.6452 ], [ -3.5835, 40.6451 ], [ -3.5821, 40.6451 ], [ -3.5814, 40.6449 ], [ -3.5804, 40.6449 ], [ -3.5787, 40.6451 ], [ -3.5778, 40.6457 ], [ -3.577, 40.6457 ], [ -3.576, 40.6453 ], [ -3.5752, 40.6452 ], [ -3.5748, 40.6448 ], [ -3.5737, 40.6447 ], [ -3.5725, 40.6444 ], [ -3.5712, 40.6439 ], [ -3.5709, 40.6439 ], [ -3.5709, 40.6438 ], [ -3.5699, 40.6436 ], [ -3.5677, 40.6437 ], [ -3.5679, 40.644 ], [ -3.568, 40.6448 ], [ -3.5674, 40.6471 ], [ -3.5673, 40.649 ], [ -3.5678, 40.6491 ], [ -3.5679, 40.6493 ], [ -3.5683, 40.6493 ], [ -3.5689, 40.6496 ], [ -3.5679, 40.65 ], [ -3.5679, 40.6502 ], [ -3.5675, 40.6503 ], [ -3.5673, 40.6505 ], [ -3.5673, 40.6507 ], [ -3.5666, 40.6511 ], [ -3.5697, 40.6511 ], [ -3.57, 40.6496 ], [ -3.5708, 40.6493 ], [ -3.5711, 40.6489 ], [ -3.5713, 40.649 ], [ -3.5712, 40.6492 ], [ -3.5714, 40.6499 ], [ -3.5711, 40.6507 ], [ -3.5712, 40.6511 ], [ -3.5706, 40.6517 ], [ -3.571, 40.6529 ], [ -3.571, 40.6534 ], [ -3.5701, 40.6542 ], [ -3.57, 40.6569 ], [ -3.5695, 40.6594 ], [ -3.5685, 40.6606 ], [ -3.5692, 40.6621 ] ], [ [ -3.5819, 40.6586 ], [ -3.581, 40.6586 ], [ -3.5806, 40.6585 ], [ -3.5806, 40.6584 ], [ -3.5808, 40.6581 ], [ -3.5814, 40.6577 ], [ -3.5823, 40.658 ], [ -3.5819, 40.6586 ] ] ] } },
{ "type": "Feature", "properties": { "municipio": "El Molar", "clasificacion": "urbanizable-sectorizado", "calificacion": "sin-asignar", "version": "vigente", "fuente": "SIT-CAM WFS — UsoDelSuelo:VPLA_V_CLASIFICACION (https://idem.comunidad.madrid/geosrvg/ows)", "fecha_dato": "2026-05-12", "ambito": "50785", "_raw_CD_SIGLAS": "SUBS_A", "_raw_DS_CLASIF_GEN": "Suelo Apto Para Urbanizar (APLAZADO)", "_raw_DS_CLASIF_DET": "Suelo Apto para Urbanizar", "_raw_DS_DOCU": "NORMAS SUBSIDIARIAS", "_raw_DS_LEY": "CM Ley 9/1995, E RDL 1/1992", "_raw_FC_AC": "2002-08-01", "_raw_NM_AREA_M2": 5170.0931125749903, "_cam_code": "086" }, "geometry": { "type": "Polygon", "coordinates": [ [ [ -3.5791, 40.7273 ], [ -3.5779, 40.7277 ], [ -3.5778, 40.7278 ], [ -3.5779, 40.7279 ], [ -3.5778, 40.7283 ], [ -3.576, 40.7298 ], [ -3.5778, 40.7285 ], [ -3.5779, 40.728 ], [ -3.5781, 40.7278 ], [ -3.5792, 40.7275 ], [ -3.5791, 40.7273 ] ] ] } },
{ "type": "Feature", "properties": { "municipio": "El Molar", "clasificacion": "urbanizable-sectorizado", "calificacion": "sin-asignar", "version": "vigente", "fuente": "SIT-CAM WFS — UsoDelSuelo:VPLA_V_CLASIFICACION (https://idem.comunidad.madrid/geosrvg/ows)", "fecha_dato": "2026-05-12", "ambito": "50785", "_raw_CD_SIGLAS": "SUBS_A", "_raw_DS_CLASIF_GEN": "Suelo Apto Para Urbanizar (APLAZADO)", "_raw_DS_CLASIF_DET": "Suelo Apto para Urbanizar", "_raw_DS_DOCU": "NORMAS SUBSIDIARIAS", "_raw_DS_LEY": "CM Ley 9/1995, E RDL 1/1992", "_raw_FC_AC": "2002-08-01", "_raw_NM_AREA_M2": 8052.8502625197598, "_cam_code": "086" }, "geometry": { "type": "Polygon", "coordinates": [ [ [ -3.5794, 40.7273 ], [ -3.5795, 40.7275 ], [ -3.5802, 40.7274 ], [ -3.5806, 40.7267 ], [ -3.5819, 40.7256 ], [ -3.5834, 40.7254 ], [ -3.5834, 40.7253 ], [ -3.5838, 40.7253 ], [ -3.5838, 40.7252 ], [ -3.5818, 40.7255 ], [ -3.5819, 40.7254 ], [ -3.5817, 40.7254 ], [ -3.5811, 40.726 ], [ -3.5806, 40.7263 ], [ -3.5801, 40.7272 ], [ -3.5794, 40.7273 ] ] ] } },
{ "type": "Feature", "properties": { "municipio": "El Molar", "clasificacion": "urbanizable-sectorizado", "calificacion": "sin-asignar", "version": "vigente", "fuente": "SIT-CAM WFS — UsoDelSuelo:VPLA_V_CLASIFICACION (https://idem.comunidad.madrid/geosrvg/ows)", "fecha_dato": "2026-05-12", "ambito": "50785", "_raw_CD_SIGLAS": "SUBS_A", "_raw_DS_CLASIF_GEN": "Suelo Apto Para Urbanizar (APLAZADO)", "_raw_DS_CLASIF_DET": "Suelo Apto para Urbanizar", "_raw_DS_DOCU": "NORMAS SUBSIDIARIAS", "_raw_DS_LEY": "CM Ley 9/1995, E RDL 1/1992", "_raw_FC_AC": "2002-08-01", "_raw_NM_AREA_M2": 10308.730349978699, "_cam_code": "086" }, "geometry": { "type": "Polygon", "coordinates": [ [ [ -3.5814, 40.6577 ], [ -3.5808, 40.6581 ], [ -3.5806, 40.6585 ], [ -3.5819, 40.6586 ], [ -3.5823, 40.658 ], [ -3.5814, 40.6577 ] ] ] } }
]
}
