{
"type": "FeatureCollection",
"name": "vigente.full",
"features": [
{ "type": "Feature", "properties": { "municipio": "Arganda del Rey", "clasificacion": "no-urbanizable-protegido", "calificacion": "sin-asignar", "version": "vigente", "fuente": "SIT-CAM WFS — UsoDelSuelo:VPLA_V_CLASIFICACION (https://idem.comunidad.madrid/geosrvg/ows)", "fecha_dato": "2026-05-12", "ambito": "38587", "_raw_CD_SIGLAS": "SNUP_A", "_raw_DS_CLASIF_GEN": "Suelo No Urbanizable Protegido (APLAZADO)", "_raw_DS_CLASIF_DET": "Suelo No Urbanizable Protección de Caminos", "_raw_DS_DOCU": "PLAN GENERAL", "_raw_DS_LEY": "CM Ley 9/1995, E RDL 1/1992, E RD 1346/1976", "_raw_FC_AC": "1999-01-14", "_raw_NM_AREA_M2": 3834.8911750581501, "_cam_code": "014" }, "geometry": { "type": "Polygon", "coordinates": [ [ [ -3.5068, 40.2861 ], [ -3.5028, 40.2863 ], [ -3.5023, 40.2864 ], [ -3.5023, 40.2865 ], [ -3.5068, 40.2862 ], [ -3.5068, 40.2861 ] ] ] } },
{ "type": "Feature", "properties": { "municipio": "Arganda del Rey", "clasificacion": "no-urbanizable-protegido", "calificacion": "sin-asignar", "version": "vigente", "fuente": "SIT-CAM WFS — UsoDelSuelo:VPLA_V_CLASIFICACION (https://idem.comunidad.madrid/geosrvg/ows)", "fecha_dato": "2026-05-12", "ambito": "38587", "_raw_CD_SIGLAS": "SNUP_A", "_raw_DS_CLASIF_GEN": "Suelo No Urbanizable Protegido (APLAZADO)", "_raw_DS_CLASIF_DET": "Suelo No Urbanizable Protección de Vegas", "_raw_DS_DOCU": "PLAN GENERAL", "_raw_DS_LEY": "CM Ley 9/1995, E RDL 1/1992, E RD 1346/1976", "_raw_FC_AC": "1999-01-14", "_raw_NM_AREA_M2": 294032.67038748501, "_cam_code": "014" }, "geometry": { "type": "Polygon", "coordinates": [ [ [ -3.4366, 40.3143 ], [ -3.439, 40.3145 ], [ -3.439, 40.3146 ], [ -3.4403, 40.3148 ], [ -3.4411, 40.3141 ], [ -3.4412, 40.3136 ], [ -3.441, 40.3131 ], [ -3.4384, 40.3108 ], [ -3.4365, 40.3098 ], [ -3.4364, 40.3096 ], [ -3.4366, 40.3086 ], [ -3.4365, 40.3086 ], [ -3.4359, 40.3095 ], [ -3.4351, 40.3098 ], [ -3.4352, 40.3099 ], [ -3.4351, 40.3105 ], [ -3.4341, 40.3116 ], [ -3.4332, 40.3117 ], [ -3.4331, 40.3119 ], [ -3.4326, 40.312 ], [ -3.4324, 40.3124 ], [ -3.4322, 40.3124 ], [ -3.4321, 40.3133 ], [ -3.4318, 40.3134 ], [ -3.431, 40.3144 ], [ -3.4321, 40.3146 ], [ -3.4336, 40.3146 ], [ -3.4336, 40.3145 ], [ -3.4351, 40.3145 ], [ -3.4354, 40.3144 ], [ -3.4362, 40.3145 ], [ -3.4362, 40.3144 ], [ -3.4366, 40.3143 ] ] ] } },
{ "type": "Feature", "properties": { "municipio": "Arganda del Rey", "clasificacion": "no-urbanizable-protegido", "calificacion": "sin-asignar", "version": "vigente", "fuente": "SIT-CAM WFS — UsoDelSuelo:VPLA_V_CLASIFICACION (https://idem.comunidad.madrid/geosrvg/ows)", "fecha_dato": "2026-05-12", "ambito": "38587", "_raw_CD_SIGLAS": "SNUP_A", "_raw_DS_CLASIF_GEN": "Suelo No Urbanizable Protegido (APLAZADO)", "_raw_DS_CLASIF_DET": "Suelo No Urbanizable Protección de Vegas", "_raw_DS_DOCU": "PLAN GENERAL", "_raw_DS_LEY": "CM Ley 9/1995, E RDL 1/1992, E RD 1346/1976", "_raw_FC_AC": "1999-01-14", "_raw_NM_AREA_M2": 58688.534925012202, "_cam_code": "014" }, "geometry": { "type": "Polygon", "coordinates": [ [ [ -3.4233, 40.3093 ], [ -3.4228, 40.3096 ], [ -3.4232, 40.31 ], [ -3.4239, 40.3103 ], [ -3.4239, 40.3104 ], [ -3.4241, 40.3104 ], [ -3.4247, 40.311 ], [ -3.4255, 40.3114 ], [ -3.4258, 40.3118 ], [ -3.4262, 40.3119 ], [ -3.4266, 40.3123 ], [ -3.4268, 40.3123 ], [ -3.4273, 40.3127 ], [ -3.4275, 40.3127 ], [ -3.4276, 40.3129 ], [ -3.4282, 40.3132 ], [ -3.4283, 40.3134 ], [ -3.4286, 40.3135 ], [ -3.4288, 40.3138 ], [ -3.429, 40.3138 ], [ -3.4294, 40.3142 ], [ -3.4303, 40.3146 ], [ -3.4304, 40.3148 ], [ -3.4306, 40.3148 ], [ -3.4308, 40.3146 ], [ -3.4308, 40.3144 ], [ -3.4305, 40.3143 ], [ -3.4304, 40.3139 ], [ -3.4292, 40.3128 ], [ -3.4286, 40.3126 ], [ -3.4285, 40.3124 ], [ -3.428, 40.3123 ], [ -3.4279, 40.3121 ], [ -3.427, 40.3116 ], [ -3.4264, 40.3115 ], [ -3.4264, 40.3114 ], [ -3.426, 40.3113 ], [ -3.426, 40.3112 ], [ -3.4256, 40.3111 ], [ -3.4256, 40.311 ], [ -3.4252, 40.3108 ], [ -3.4248, 40.3101 ], [ -3.4241, 40.3099 ], [ -3.4239, 40.3096 ], [ -3.4237, 40.3096 ], [ -3.4237, 40.3095 ], [ -3.4235, 40.3095 ], [ -3.4233, 40.3093 ] ] ] } },
{ "type": "Feature", "properties": { "municipio": "Arganda del Rey", "clasificacion": "no-urbanizable-protegido", "calificacion": "sin-asignar", "version": "vigente", "fuente": "SIT-CAM WFS — UsoDelSuelo:VPLA_V_CLASIFICACION (https://idem.comunidad.madrid/geosrvg/ows)", "fecha_dato": "2026-05-12", "ambito": "38587", "_raw_CD_SIGLAS": "SNUP_A", "_raw_DS_CLASIF_GEN": "Suelo No Urbanizable Protegido (APLAZADO)", "_raw_DS_CLASIF_DET": "Suelo No Urbanizable Protección de Caminos", "_raw_DS_DOCU": "PLAN GENERAL", "_raw_DS_LEY": "CM Ley 9/1995, E RDL 1/1992, E RD 1346/1976", "_raw_FC_AC": "1999-01-14", "_raw_NM_AREA_M2": 37158.233187549798, "_cam_code": "014" }, "geometry": { "type": "Polygon", "coordinates": [ [ [ -3.4366, 40.3086 ], [ -3.4364, 40.3092 ], [ -3.4365, 40.3098 ], [ -3.4384, 40.3108 ], [ -3.4405, 40.3126 ], [ -3.4411, 40.3132 ], [ -3.4412, 40.3136 ], [ -3.4411, 40.314 ], [ -3.4413, 40.3138 ], [ -3.4413, 40.3134 ], [ -3.4412, 40.3134 ], [ -3.441, 40.3129 ], [ -3.4395, 40.3117 ], [ -3.4386, 40.3108 ], [ -3.4378, 40.3103 ], [ -3.437, 40.31 ], [ -3.4365, 40.3096 ], [ -3.4367, 40.308 ], [ -3.4364, 40.3074 ], [ -3.4356, 40.3066 ], [ -3.4354, 40.3057 ], [ -3.4353, 40.3057 ], [ -3.4358, 40.305 ], [ -3.4358, 40.3045 ], [ -3.4354, 40.304 ], [ -3.4348, 40.3043 ], [ -3.4343, 40.3048 ], [ -3.4341, 40.3047 ], [ -3.4329, 40.3047 ], [ -3.4323, 40.3049 ], [ -3.4319, 40.3048 ], [ -3.4314, 40.3049 ], [ -3.4295, 40.3069 ], [ -3.4287, 40.3074 ], [ -3.4285, 40.3077 ], [ -3.428, 40.3079 ], [ -3.4274, 40.3079 ], [ -3.4266, 40.3077 ], [ -3.4252, 40.3077 ], [ -3.425, 40.3078 ], [ -3.4249, 40.3078 ], [ -3.4248, 40.3078 ], [ -3.4247, 40.3078 ], [ -3.4245, 40.3078 ], [ -3.4244, 40.3078 ], [ -3.4243, 40.3078 ], [ -3.4242, 40.3078 ], [ -3.424, 40.3078 ], [ -3.4235, 40.3079 ], [ -3.4232, 40.3077 ], [ -3.4225, 40.3074 ], [ -3.4235, 40.308 ], [ -3.4236, 40.3083 ], [ -3.4234, 40.3088 ], [ -3.4233, 40.3088 ], [ -3.4235, 40.3089 ], [ -3.4235, 40.3086 ], [ -3.4237, 40.3084 ], [ -3.4236, 40.3081 ], [ -3.4242, 40.3079 ], [ -3.4242, 40.3078 ], [ -3.4244, 40.3079 ], [ -3.4266, 40.3078 ], [ -3.4281, 40.308 ], [ -3.4294, 40.3071 ], [ -3.4293, 40.3078 ], [ -3.4294, 40.3084 ], [ -3.4291, 40.309 ], [ -3.4291, 40.3093 ], [ -3.4294, 40.31 ], [ -3.4295, 40.31 ], [ -3.4294, 40.3095 ], [ -3.4292, 40.3093 ], [ -3.4292, 40.309 ], [ -3.4295, 40.3084 ], [ -3.4294, 40.308 ], [ -3.4295, 40.307 ], [ -3.4306, 40.3058 ], [ -3.4311, 40.3055 ], [ -3.4316, 40.3049 ], [ -3.4323, 40.305 ], [ -3.4329, 40.3048 ], [ -3.433, 40.3048 ], [ -3.4331, 40.3048 ], [ -3.4331, 40.3048 ], [ -3.4331, 40.3048 ], [ -3.4331, 40.3048 ], [ -3.4332, 40.3048 ], [ -3.4332, 40.3048 ], [ -3.4333, 40.3048 ], [ -3.4334, 40.3048 ], [ -3.4334, 40.3048 ], [ -3.4335, 40.3048 ], [ -3.4335, 40.3048 ], [ -3.4336, 40.3048 ], [ -3.4336, 40.3048 ], [ -3.4337, 40.3048 ], [ -3.4338, 40.3048 ], [ -3.434, 40.3048 ], [ -3.4341, 40.3048 ], [ -3.4342, 40.3048 ], [ -3.4343, 40.3048 ], [ -3.4344, 40.3048 ], [ -3.4354, 40.3041 ], [ -3.4357, 40.3047 ], [ -3.4357, 40.305 ], [ -3.4352, 40.3055 ], [ -3.4352, 40.3057 ], [ -3.4356, 40.3068 ], [ -3.4365, 40.3078 ], [ -3.4366, 40.3081 ], [ -3.4365, 40.3085 ], [ -3.4364, 40.3085 ], [ -3.4358, 40.3095 ], [ -3.435, 40.3098 ], [ -3.435, 40.3104 ], [ -3.4348, 40.3108 ], [ -3.4342, 40.3112 ], [ -3.4342, 40.3114 ], [ -3.4339, 40.3115 ], [ -3.4339, 40.3116 ], [ -3.4333, 40.3116 ], [ -3.4326, 40.3119 ], [ -3.4323, 40.3124 ], [ -3.4325, 40.3123 ], [ -3.4326, 40.312 ], [ -3.4331, 40.3119 ], [ -3.4332, 40.3117 ], [ -3.4341, 40.3116 ], [ -3.4351, 40.3105 ], [ -3.4352, 40.31 ], [ -3.4351, 40.3098 ], [ -3.4359, 40.3095 ], [ -3.4365, 40.3086 ], [ -3.4366, 40.3086 ] ] ] } },
{ "type": "Feature", "properties": { "municipio": "Arganda del Rey", "clasificacion": "no-urbanizable-protegido", "calificacion": "sin-asignar", "version": "vigente", "fuente": "SIT-CAM WFS — UsoDelSuelo:VPLA_V_CLASIFICACION (https://idem.comunidad.madrid/geosrvg/ows)", "fecha_dato": "2026-05-12", "ambito": "38587", "_raw_CD_SIGLAS": "SNUP_A", "_raw_DS_CLASIF_GEN": "Suelo No Urbanizable Protegido (APLAZADO)", "_raw_DS_CLASIF_DET": "Suelo No Urbanizable Protección de Caminos", "_raw_DS_DOCU": "PLAN GENERAL", "_raw_DS_LEY": "CM Ley 9/1995, E RDL 1/1992, E RD 1346/1976", "_raw_FC_AC": "1999-01-14", "_raw_NM_AREA_M2": 490.04467499642698, "_cam_code": "014" }, "geometry": { "type": "Polygon", "coordinates": [ [ [ -3.4308, 40.3145 ], [ -3.4305, 40.3148 ], [ -3.4306, 40.3149 ], [ -3.431, 40.3145 ], [ -3.4308, 40.3145 ] ] ] } },
{ "type": "Feature", "properties": { "municipio": "Arganda del Rey", "clasificacion": "no-urbanizable-protegido", "calificacion": "sin-asignar", "version": "vigente", "fuente": "SIT-CAM WFS — UsoDelSuelo:VPLA_V_CLASIFICACION (https://idem.comunidad.madrid/geosrvg/ows)", "fecha_dato": "2026-05-12", "ambito": "38587", "_raw_CD_SIGLAS": "SNUP_A", "_raw_DS_CLASIF_GEN": "Suelo No Urbanizable Protegido (APLAZADO)", "_raw_DS_CLASIF_DET": "Suelo No Urbanizable Protección de Vías Pecuarias", "_raw_DS_DOCU": "PLAN GENERAL", "_raw_DS_LEY": "CM Ley 9/1995, E RDL 1/1992, E RD 1346/1976", "_raw_FC_AC": "1999-01-14", "_raw_NM_AREA_M2": 8940.3266498543308, "_cam_code": "014" }, "geometry": { "type": "Polygon", "coordinates": [ [ [ -3.5065, 40.3097 ], [ -3.509, 40.3103 ], [ -3.5095, 40.3108 ], [ -3.5095, 40.3105 ], [ -3.5092, 40.3102 ], [ -3.5076, 40.3097 ], [ -3.5065, 40.3095 ], [ -3.5053, 40.3097 ], [ -3.5051, 40.3093 ], [ -3.5049, 40.3094 ], [ -3.5052, 40.3099 ], [ -3.5065, 40.3097 ] ] ] } },
{ "type": "Feature", "properties": { "municipio": "Arganda del Rey", "clasificacion": "no-urbanizable-protegido", "calificacion": "sin-asignar", "version": "vigente", "fuente": "SIT-CAM WFS — UsoDelSuelo:VPLA_V_CLASIFICACION (https://idem.comunidad.madrid/geosrvg/ows)", "fecha_dato": "2026-05-12", "ambito": "38587", "_raw_CD_SIGLAS": "SNUP_A", "_raw_DS_CLASIF_GEN": "Suelo No Urbanizable Protegido (APLAZADO)", "_raw_DS_CLASIF_DET": "Suelo No Urbanizable Protección de Cauces de Agua", "_raw_DS_DOCU": "PLAN GENERAL", "_raw_DS_LEY": "CM Ley 9/1995, E RDL 1/1992, E RD 1346/1976", "_raw_FC_AC": "1999-01-14", "_raw_NM_AREA_M2": 21615.5507997575, "_cam_code": "014" }, "geometry": { "type": "Polygon", "coordinates": [ [ [ -3.5053, 40.3091 ], [ -3.4953, 40.3104 ], [ -3.4953, 40.3106 ], [ -3.5056, 40.3093 ], [ -3.5052, 40.3092 ], [ -3.5053, 40.3091 ] ] ] } },
{ "type": "Feature", "properties": { "municipio": "Arganda del Rey", "clasificacion": "no-urbanizable-protegido", "calificacion": "sin-asignar", "version": "vigente", "fuente": "SIT-CAM WFS — UsoDelSuelo:VPLA_V_CLASIFICACION (https://idem.comunidad.madrid/geosrvg/ows)", "fecha_dato": "2026-05-12", "ambito": "38587", "_raw_CD_SIGLAS": "SNUP_A", "_raw_DS_CLASIF_GEN": "Suelo No Urbanizable Protegido (APLAZADO)", "_raw_DS_CLASIF_DET": "Suelo No Urbanizable Parque Regional del Sureste Zona D", "_raw_DS_DOCU": "PLAN GENERAL", "_raw_DS_LEY": "CM Ley 9/1995, E RDL 1/1992, E RD 1346/1976", "_raw_FC_AC": "1999-01-14", "_raw_NM_AREA_M2": 5419.6112874786104, "_cam_code": "014" }, "geometry": { "type": "Polygon", "coordinates": [ [ [ -3.5053, 40.3097 ], [ -3.5065, 40.3095 ], [ -3.5065, 40.3095 ], [ -3.5065, 40.3095 ], [ -3.5065, 40.3095 ], [ -3.5065, 40.3095 ], [ -3.5065, 40.3095 ], [ -3.5076, 40.3097 ], [ -3.5076, 40.3097 ], [ -3.5091, 40.3102 ], [ -3.5092, 40.3102 ], [ -3.5095, 40.3105 ], [ -3.5094, 40.3101 ], [ -3.5056, 40.3093 ], [ -3.5051, 40.3093 ], [ -3.5053, 40.3097 ] ] ] } },
{ "type": "Feature", "properties": { "municipio": "Arganda del Rey", "clasificacion": "no-urbanizable-protegido", "calificacion": "sin-asignar", "version": "vigente", "fuente": "SIT-CAM WFS — UsoDelSuelo:VPLA_V_CLASIFICACION (https://idem.comunidad.madrid/geosrvg/ows)", "fecha_dato": "2026-05-12", "ambito": "38587", "_raw_CD_SIGLAS": "SNUP_A", "_raw_DS_CLASIF_GEN": "Suelo No Urbanizable Protegido (APLAZADO)", "_raw_DS_CLASIF_DET": "Suelo No Urbanizable Protección de Vegas", "_raw_DS_DOCU": "PLAN GENERAL", "_raw_DS_LEY": "CM Ley 9/1995, E RDL 1/1992, E RD 1346/1976", "_raw_FC_AC": "1999-01-14", "_raw_NM_AREA_M2": 762971.53029944305, "_cam_code": "014" }, "geometry": { "type": "Polygon", "coordinates": [ [ [ -3.4123, 40.311 ], [ -3.4154, 40.3134 ], [ -3.4218, 40.3142 ], [ -3.4244, 40.3148 ], [ -3.4272, 40.316 ], [ -3.4273, 40.3159 ], [ -3.4273, 40.3148 ], [ -3.427, 40.3144 ], [ -3.427, 40.3139 ], [ -3.4269, 40.3138 ], [ -3.4257, 40.3131 ], [ -3.4257, 40.313 ], [ -3.4254, 40.313 ], [ -3.4254, 40.3129 ], [ -3.4244, 40.3124 ], [ -3.4234, 40.3113 ], [ -3.4227, 40.3111 ], [ -3.4226, 40.3105 ], [ -3.4223, 40.3103 ], [ -3.4223, 40.31 ], [ -3.4226, 40.3097 ], [ -3.4222, 40.3095 ], [ -3.4222, 40.3094 ], [ -3.4218, 40.3093 ], [ -3.4213, 40.3087 ], [ -3.4211, 40.3087 ], [ -3.4201, 40.3075 ], [ -3.4195, 40.3072 ], [ -3.4179, 40.3061 ], [ -3.4179, 40.306 ], [ -3.4177, 40.3061 ], [ -3.4174, 40.3058 ], [ -3.4166, 40.3055 ], [ -3.4166, 40.3054 ], [ -3.4153, 40.3061 ], [ -3.4158, 40.3061 ], [ -3.4158, 40.3064 ], [ -3.4156, 40.3065 ], [ -3.4155, 40.307 ], [ -3.4151, 40.3071 ], [ -3.4151, 40.3072 ], [ -3.4144, 40.3076 ], [ -3.4137, 40.3078 ], [ -3.4135, 40.3081 ], [ -3.4138, 40.3082 ], [ -3.4138, 40.3086 ], [ -3.4143, 40.3087 ], [ -3.4146, 40.309 ], [ -3.4149, 40.3097 ], [ -3.4152, 40.3098 ], [ -3.4152, 40.31 ], [ -3.4148, 40.3103 ], [ -3.4148, 40.3104 ], [ -3.4151, 40.3105 ], [ -3.4151, 40.3107 ], [ -3.4147, 40.3105 ], [ -3.4147, 40.3102 ], [ -3.4151, 40.3099 ], [ -3.4148, 40.3098 ], [ -3.4145, 40.3091 ], [ -3.4142, 40.3088 ], [ -3.4137, 40.3087 ], [ -3.4137, 40.3082 ], [ -3.4134, 40.3081 ], [ -3.4138, 40.3077 ], [ -3.4129, 40.3079 ], [ -3.4129, 40.308 ], [ -3.4125, 40.308 ], [ -3.4125, 40.3081 ], [ -3.412, 40.3083 ], [ -3.4104, 40.3084 ], [ -3.4104, 40.3085 ], [ -3.41, 40.3085 ], [ -3.41, 40.3086 ], [ -3.409, 40.3085 ], [ -3.4083, 40.3079 ], [ -3.4079, 40.3091 ], [ -3.4123, 40.311 ] ] ] } },
{ "type": "Feature", "properties": { "municipio": "Arganda del Rey", "clasificacion": "no-urbanizable-protegido", "calificacion": "sin-asignar", "version": "vigente", "fuente": "SIT-CAM WFS — UsoDelSuelo:VPLA_V_CLASIFICACION (https://idem.comunidad.madrid/geosrvg/ows)", "fecha_dato": "2026-05-12", "ambito": "38587", "_raw_CD_SIGLAS": "SNUP_A", "_raw_DS_CLASIF_GEN": "Suelo No Urbanizable Protegido (APLAZADO)", "_raw_DS_CLASIF_DET": "Suelo No Urbanizable Protección de Caminos", "_raw_DS_DOCU": "PLAN GENERAL", "_raw_DS_LEY": "CM Ley 9/1995, E RDL 1/1992, E RD 1346/1976", "_raw_FC_AC": "1999-01-14", "_raw_NM_AREA_M2": 8132.4523751041697, "_cam_code": "014" }, "geometry": { "type": "Polygon", "coordinates": [ [ [ -3.4989, 40.2856 ], [ -3.4954, 40.2868 ], [ -3.4935, 40.2877 ], [ -3.4932, 40.2877 ], [ -3.4905, 40.289 ], [ -3.4906, 40.2891 ], [ -3.4919, 40.2884 ], [ -3.4928, 40.2881 ], [ -3.493, 40.2879 ], [ -3.4937, 40.2877 ], [ -3.4965, 40.2865 ], [ -3.499, 40.2857 ], [ -3.4989, 40.2856 ] ] ] } },
{ "type": "Feature", "properties": { "municipio": "Arganda del Rey", "clasificacion": "no-urbanizable-protegido", "calificacion": "sin-asignar", "version": "vigente", "fuente": "SIT-CAM WFS — UsoDelSuelo:VPLA_V_CLASIFICACION (https://idem.comunidad.madrid/geosrvg/ows)", "fecha_dato": "2026-05-12", "ambito": "38587", "_raw_CD_SIGLAS": "SNUP_A", "_raw_DS_CLASIF_GEN": "Suelo No Urbanizable Protegido (APLAZADO)", "_raw_DS_CLASIF_DET": "Suelo No Urbanizable Parque Regional del Sureste Zona D", "_raw_DS_DOCU": "PLAN GENERAL", "_raw_DS_LEY": "CM Ley 9/1995, E RDL 1/1992, E RD 1346/1976", "_raw_FC_AC": "1999-01-14", "_raw_NM_AREA_M2": 505831.17045009701, "_cam_code": "014" }, "geometry": { "type": "Polygon", "coordinates": [ [ [ -3.4207, 40.2804 ], [ -3.4203, 40.2814 ], [ -3.4197, 40.2817 ], [ -3.4198, 40.2818 ], [ -3.4198, 40.2823 ], [ -3.4211, 40.2824 ], [ -3.4216, 40.2827 ], [ -3.4223, 40.2828 ], [ -3.4229, 40.2831 ], [ -3.4232, 40.2834 ], [ -3.4237, 40.2843 ], [ -3.4239, 40.2843 ], [ -3.4252, 40.285 ], [ -3.4255, 40.2859 ], [ -3.4269, 40.287 ], [ -3.4273, 40.288 ], [ -3.4278, 40.2884 ], [ -3.4287, 40.2885 ], [ -3.4292, 40.2889 ], [ -3.4292, 40.289 ], [ -3.4292, 40.289 ], [ -3.4292, 40.289 ], [ -3.4292, 40.289 ], [ -3.4292, 40.2891 ], [ -3.4292, 40.2892 ], [ -3.43, 40.2882 ], [ -3.4303, 40.2869 ], [ -3.4307, 40.2862 ], [ -3.4305, 40.2849 ], [ -3.4298, 40.2833 ], [ -3.4297, 40.2828 ], [ -3.4305, 40.2806 ], [ -3.4302, 40.2805 ], [ -3.4302, 40.2804 ], [ -3.4287, 40.2805 ], [ -3.428, 40.2801 ], [ -3.4271, 40.28 ], [ -3.4258, 40.2806 ], [ -3.4248, 40.2806 ], [ -3.4245, 40.2803 ], [ -3.4235, 40.2799 ], [ -3.4224, 40.2798 ], [ -3.4223, 40.2797 ], [ -3.4216, 40.2798 ], [ -3.4213, 40.2796 ], [ -3.4213, 40.2797 ], [ -3.4206, 40.28 ], [ -3.4207, 40.2804 ] ] ] } },
{ "type": "Feature", "properties": { "municipio": "Arganda del Rey", "clasificacion": "no-urbanizable-protegido", "calificacion": "sin-asignar", "version": "vigente", "fuente": "SIT-CAM WFS — UsoDelSuelo:VPLA_V_CLASIFICACION (https://idem.comunidad.madrid/geosrvg/ows)", "fecha_dato": "2026-05-12", "ambito": "38587", "_raw_CD_SIGLAS": "SNUP_A", "_raw_DS_CLASIF_GEN": "Suelo No Urbanizable Protegido (APLAZADO)", "_raw_DS_CLASIF_DET": "Suelo No Urbanizable Parque Regional del Sureste Zona B", "_raw_DS_DOCU": "PLAN GENERAL", "_raw_DS_LEY": "CM Ley 9/1995, E RDL 1/1992, E RD 1346/1976", "_raw_FC_AC": "1999-01-14", "_raw_NM_AREA_M2": 1241715.41636249, "_cam_code": "014" }, "geometry": { "type": "Polygon", "coordinates": [ [ [ -3.4423, 40.2847 ], [ -3.4427, 40.285 ], [ -3.4437, 40.2852 ], [ -3.4445, 40.2848 ], [ -3.4445, 40.2847 ], [ -3.4449, 40.2847 ], [ -3.4451, 40.2845 ], [ -3.4453, 40.2845 ], [ -3.4453, 40.2841 ], [ -3.445, 40.2838 ], [ -3.4447, 40.2837 ], [ -3.4442, 40.2832 ], [ -3.4441, 40.2828 ], [ -3.4435, 40.2823 ], [ -3.4434, 40.2814 ], [ -3.4433, 40.2814 ], [ -3.4432, 40.281 ], [ -3.4431, 40.281 ], [ -3.4431, 40.2804 ], [ -3.4426, 40.2798 ], [ -3.4426, 40.2796 ], [ -3.4425, 40.2796 ], [ -3.4425, 40.2786 ], [ -3.4426, 40.2786 ], [ -3.4426, 40.2784 ], [ -3.4423, 40.2781 ], [ -3.4423, 40.2779 ], [ -3.4427, 40.2774 ], [ -3.4426, 40.277 ], [ -3.4424, 40.2768 ], [ -3.4426, 40.2763 ], [ -3.4417, 40.2756 ], [ -3.4417, 40.2754 ], [ -3.4414, 40.275 ], [ -3.4412, 40.275 ], [ -3.4412, 40.2749 ], [ -3.439, 40.2748 ], [ -3.4386, 40.2745 ], [ -3.4367, 40.2745 ], [ -3.4365, 40.2744 ], [ -3.4365, 40.2741 ], [ -3.4363, 40.274 ], [ -3.436, 40.2741 ], [ -3.435, 40.274 ], [ -3.4347, 40.2743 ], [ -3.4336, 40.2743 ], [ -3.4335, 40.2744 ], [ -3.4327, 40.2743 ], [ -3.4319, 40.2746 ], [ -3.4316, 40.2749 ], [ -3.4307, 40.2749 ], [ -3.4307, 40.2748 ], [ -3.4299, 40.2747 ], [ -3.4299, 40.2748 ], [ -3.4289, 40.2749 ], [ -3.4283, 40.2752 ], [ -3.4282, 40.2761 ], [ -3.4278, 40.2765 ], [ -3.4277, 40.2768 ], [ -3.4277, 40.2775 ], [ -3.4278, 40.2775 ], [ -3.4279, 40.2779 ], [ -3.4288, 40.2783 ], [ -3.4303, 40.2782 ], [ -3.4303, 40.2783 ], [ -3.4306, 40.2783 ], [ -3.431, 40.2786 ], [ -3.431, 40.2792 ], [ -3.4305, 40.2798 ], [ -3.4306, 40.2807 ], [ -3.4299, 40.2823 ], [ -3.4299, 40.2833 ], [ -3.4304, 40.2837 ], [ -3.4306, 40.2837 ], [ -3.431, 40.2841 ], [ -3.4316, 40.284 ], [ -3.4316, 40.2839 ], [ -3.4319, 40.2839 ], [ -3.4319, 40.2838 ], [ -3.4323, 40.2837 ], [ -3.4327, 40.2838 ], [ -3.4329, 40.284 ], [ -3.4339, 40.2838 ], [ -3.4339, 40.2839 ], [ -3.4345, 40.284 ], [ -3.4345, 40.2841 ], [ -3.4348, 40.2841 ], [ -3.4348, 40.2842 ], [ -3.4352, 40.2842 ], [ -3.4352, 40.2843 ], [ -3.4359, 40.2841 ], [ -3.436, 40.2839 ], [ -3.4364, 40.2839 ], [ -3.4365, 40.2841 ], [ -3.4367, 40.2841 ], [ -3.4367, 40.284 ], [ -3.4376, 40.284 ], [ -3.4381, 40.2842 ], [ -3.4383, 40.2845 ], [ -3.4391, 40.2847 ], [ -3.4391, 40.2848 ], [ -3.4393, 40.2847 ], [ -3.4403, 40.2847 ], [ -3.4406, 40.285 ], [ -3.4418, 40.2847 ], [ -3.4418, 40.2846 ], [ -3.4423, 40.2847 ] ] ] } },
{ "type": "Feature", "properties": { "municipio": "Arganda del Rey", "clasificacion": "no-urbanizable-protegido", "calificacion": "sin-asignar", "version": "vigente", "fuente": "SIT-CAM WFS — UsoDelSuelo:VPLA_V_CLASIFICACION (https://idem.comunidad.madrid/geosrvg/ows)", "fecha_dato": "2026-05-12", "ambito": "38587", "_raw_CD_SIGLAS": "SNUP_A", "_raw_DS_CLASIF_GEN": "Suelo No Urbanizable Protegido (APLAZADO)", "_raw_DS_CLASIF_DET": "Suelo No Urbanizable Parque Regional del Sureste Zona D", "_raw_DS_DOCU": "PLAN GENERAL", "_raw_DS_LEY": "CM Ley 9/1995, E RDL 1/1992, E RD 1346/1976", "_raw_FC_AC": "1999-01-14", "_raw_NM_AREA_M2": 334071.26663748198, "_cam_code": "014" }, "geometry": { "type": "Polygon", "coordinates": [ [ [ -3.4235, 40.2798 ], [ -3.4249, 40.2805 ], [ -3.4258, 40.2805 ], [ -3.4268, 40.28 ], [ -3.4279, 40.28 ], [ -3.4288, 40.2804 ], [ -3.4302, 40.2803 ], [ -3.4302, 40.2804 ], [ -3.4305, 40.2805 ], [ -3.4304, 40.2797 ], [ -3.4309, 40.2792 ], [ -3.4309, 40.2786 ], [ -3.4298, 40.2782 ], [ -3.4291, 40.2783 ], [ -3.4291, 40.2784 ], [ -3.4282, 40.2782 ], [ -3.4277, 40.2778 ], [ -3.4277, 40.2776 ], [ -3.4274, 40.2773 ], [ -3.4263, 40.2767 ], [ -3.4263, 40.2766 ], [ -3.426, 40.2767 ], [ -3.426, 40.2768 ], [ -3.425, 40.2768 ], [ -3.425, 40.2767 ], [ -3.4247, 40.2768 ], [ -3.4247, 40.2767 ], [ -3.4245, 40.2767 ], [ -3.4245, 40.2768 ], [ -3.4241, 40.2769 ], [ -3.423, 40.2766 ], [ -3.422, 40.2766 ], [ -3.422, 40.2765 ], [ -3.421, 40.2764 ], [ -3.421, 40.2763 ], [ -3.4207, 40.2763 ], [ -3.4207, 40.2762 ], [ -3.4196, 40.2762 ], [ -3.4193, 40.2763 ], [ -3.4193, 40.2764 ], [ -3.4185, 40.2765 ], [ -3.4179, 40.2759 ], [ -3.4174, 40.2757 ], [ -3.4175, 40.2761 ], [ -3.418, 40.2765 ], [ -3.4181, 40.2769 ], [ -3.4184, 40.2771 ], [ -3.4189, 40.2779 ], [ -3.419, 40.2779 ], [ -3.419, 40.2785 ], [ -3.4191, 40.2785 ], [ -3.4198, 40.2796 ], [ -3.4204, 40.2797 ], [ -3.4206, 40.2799 ], [ -3.421, 40.2796 ], [ -3.4214, 40.2795 ], [ -3.4216, 40.2797 ], [ -3.423, 40.2797 ], [ -3.423, 40.2798 ], [ -3.4235, 40.2798 ] ] ] } },
{ "type": "Feature", "properties": { "municipio": "Arganda del Rey", "clasificacion": "no-urbanizable-protegido", "calificacion": "sin-asignar", "version": "vigente", "fuente": "SIT-CAM WFS — UsoDelSuelo:VPLA_V_CLASIFICACION (https://idem.comunidad.madrid/geosrvg/ows)", "fecha_dato": "2026-05-12", "ambito": "38587", "_raw_CD_SIGLAS": "SNUP_A", "_raw_DS_CLASIF_GEN": "Suelo No Urbanizable Protegido (APLAZADO)", "_raw_DS_CLASIF_DET": "Suelo No Urbanizable Parque Regional del Sureste Zona D", "_raw_DS_DOCU": "PLAN GENERAL", "_raw_DS_LEY": "CM Ley 9/1995, E RDL 1/1992, E RD 1346/1976", "_raw_FC_AC": "1999-01-14", "_raw_NM_AREA_M2": 76597.224362585897, "_cam_code": "014" }, "geometry": { "type": "Polygon", "coordinates": [ [ [ -3.4696, 40.2786 ], [ -3.4712, 40.2787 ], [ -3.4712, 40.2788 ], [ -3.4725, 40.2793 ], [ -3.4733, 40.2787 ], [ -3.4734, 40.2782 ], [ -3.4733, 40.278 ], [ -3.4735, 40.2775 ], [ -3.4735, 40.2771 ], [ -3.4724, 40.2766 ], [ -3.4719, 40.2761 ], [ -3.4715, 40.2754 ], [ -3.4713, 40.2761 ], [ -3.4709, 40.2764 ], [ -3.4705, 40.2771 ], [ -3.4701, 40.2774 ], [ -3.47, 40.2777 ], [ -3.4697, 40.278 ], [ -3.4696, 40.2786 ] ] ] } },
{ "type": "Feature", "properties": { "municipio": "Arganda del Rey", "clasificacion": "no-urbanizable-protegido", "calificacion": "sin-asignar", "version": "vigente", "fuente": "SIT-CAM WFS — UsoDelSuelo:VPLA_V_CLASIFICACION (https://idem.comunidad.madrid/geosrvg/ows)", "fecha_dato": "2026-05-12", "ambito": "38587", "_raw_CD_SIGLAS": "SNUP_A", "_raw_DS_CLASIF_GEN": "Suelo No Urbanizable Protegido (APLAZADO)", "_raw_DS_CLASIF_DET": "Suelo No Urbanizable Parque Regional del Sureste Zona D", "_raw_DS_DOCU": "PLAN GENERAL", "_raw_DS_LEY": "CM Ley 9/1995, E RDL 1/1992, E RD 1346/1976", "_raw_FC_AC": "1999-01-14", "_raw_NM_AREA_M2": 20203.901987461799, "_cam_code": "014" }, "geometry": { "type": "Polygon", "coordinates": [ [ [ -3.4736, 40.2772 ], [ -3.4734, 40.2787 ], [ -3.4742, 40.2783 ], [ -3.4753, 40.2781 ], [ -3.4761, 40.2781 ], [ -3.4763, 40.2779 ], [ -3.476, 40.2776 ], [ -3.4758, 40.2776 ], [ -3.4758, 40.2774 ], [ -3.4747, 40.2775 ], [ -3.474, 40.2772 ], [ -3.4736, 40.2772 ] ] ] } },
{ "type": "Feature", "properties": { "municipio": "Arganda del Rey", "clasificacion": "no-urbanizable-protegido", "calificacion": "sin-asignar", "version": "vigente", "fuente": "SIT-CAM WFS — UsoDelSuelo:VPLA_V_CLASIFICACION (https://idem.comunidad.madrid/geosrvg/ows)", "fecha_dato": "2026-05-12", "ambito": "38587", "_raw_CD_SIGLAS": "SNUP_A", "_raw_DS_CLASIF_GEN": "Suelo No Urbanizable Protegido (APLAZADO)", "_raw_DS_CLASIF_DET": "Suelo No Urbanizable Parque Regional del Sureste Zona D", "_raw_DS_DOCU": "PLAN GENERAL", "_raw_DS_LEY": "CM Ley 9/1995, E RDL 1/1992, E RD 1346/1976", "_raw_FC_AC": "1999-01-14", "_raw_NM_AREA_M2": 20497.236699931502, "_cam_code": "014" }, "geometry": { "type": "Polygon", "coordinates": [ [ [ -3.5066, 40.2937 ], [ -3.5076, 40.2962 ], [ -3.5079, 40.2966 ], [ -3.5075, 40.2931 ], [ -3.5065, 40.2931 ], [ -3.5066, 40.2937 ] ] ] } },
{ "type": "Feature", "properties": { "municipio": "Arganda del Rey", "clasificacion": "no-urbanizable-protegido", "calificacion": "sin-asignar", "version": "vigente", "fuente": "SIT-CAM WFS — UsoDelSuelo:VPLA_V_CLASIFICACION (https://idem.comunidad.madrid/geosrvg/ows)", "fecha_dato": "2026-05-12", "ambito": "38587", "_raw_CD_SIGLAS": "SNUP_A", "_raw_DS_CLASIF_GEN": "Suelo No Urbanizable Protegido (APLAZADO)", "_raw_DS_CLASIF_DET": "Suelo No Urbanizable Protección de Ferrocarril", "_raw_DS_DOCU": "PLAN GENERAL", "_raw_DS_LEY": "CM Ley 9/1995, E RDL 1/1992, E RD 1346/1976", "_raw_FC_AC": "1999-01-14", "_raw_NM_AREA_M2": 46639.3370623589, "_cam_code": "014" }, "geometry": { "type": "Polygon", "coordinates": [ [ [ -3.4497, 40.276 ], [ -3.4508, 40.2816 ], [ -3.4528, 40.2847 ], [ -3.4537, 40.2858 ], [ -3.4538, 40.2862 ], [ -3.456, 40.2896 ], [ -3.4563, 40.2899 ], [ -3.4567, 40.2906 ], [ -3.4567, 40.2908 ], [ -3.4568, 40.2908 ], [ -3.4576, 40.2956 ], [ -3.4577, 40.2956 ], [ -3.4578, 40.2965 ], [ -3.458, 40.2967 ], [ -3.4571, 40.2909 ], [ -3.457, 40.2909 ], [ -3.457, 40.2907 ], [ -3.4563, 40.2895 ], [ -3.455, 40.2877 ], [ -3.4511, 40.2816 ], [ -3.4508, 40.2808 ], [ -3.4508, 40.2802 ], [ -3.4499, 40.2757 ], [ -3.4499, 40.2751 ], [ -3.4497, 40.275 ], [ -3.4497, 40.276 ] ] ] } },
{ "type": "Feature", "properties": { "municipio": "Arganda del Rey", "clasificacion": "no-urbanizable-protegido", "calificacion": "sin-asignar", "version": "vigente", "fuente": "SIT-CAM WFS — UsoDelSuelo:VPLA_V_CLASIFICACION (https://idem.comunidad.madrid/geosrvg/ows)", "fecha_dato": "2026-05-12", "ambito": "38587", "_raw_CD_SIGLAS": "SNUP_A", "_raw_DS_CLASIF_GEN": "Suelo No Urbanizable Protegido (APLAZADO)", "_raw_DS_CLASIF_DET": "Suelo No Urbanizable Parque Regional del Sureste Zona D", "_raw_DS_DOCU": "PLAN GENERAL", "_raw_DS_LEY": "CM Ley 9/1995, E RDL 1/1992, E RD 1346/1976", "_raw_FC_AC": "1999-01-14", "_raw_NM_AREA_M2": 87289.815162332496, "_cam_code": "014" }, "geometry": { "type": "Polygon", "coordinates": [ [ [ -3.5051, 40.3073 ], [ -3.5055, 40.308 ], [ -3.5055, 40.3082 ], [ -3.5056, 40.3082 ], [ -3.5054, 40.3087 ], [ -3.5052, 40.3088 ], [ -3.5052, 40.3091 ], [ -3.5053, 40.3091 ], [ -3.5061, 40.3081 ], [ -3.5091, 40.3071 ], [ -3.5086, 40.3026 ], [ -3.5079, 40.3032 ], [ -3.5077, 40.3036 ], [ -3.5072, 40.3039 ], [ -3.5071, 40.3047 ], [ -3.5068, 40.305 ], [ -3.5063, 40.3051 ], [ -3.5063, 40.3052 ], [ -3.5058, 40.3052 ], [ -3.5064, 40.3054 ], [ -3.5074, 40.3061 ], [ -3.5084, 40.3064 ], [ -3.5084, 40.3065 ], [ -3.5089, 40.3067 ], [ -3.5068, 40.3073 ], [ -3.5068, 40.3072 ], [ -3.5049, 40.3064 ], [ -3.5051, 40.3073 ] ] ] } },
{ "type": "Feature", "properties": { "municipio": "Arganda del Rey", "clasificacion": "no-urbanizable-protegido", "calificacion": "sin-asignar", "version": "vigente", "fuente": "SIT-CAM WFS — UsoDelSuelo:VPLA_V_CLASIFICACION (https://idem.comunidad.madrid/geosrvg/ows)", "fecha_dato": "2026-05-12", "ambito": "38587", "_raw_CD_SIGLAS": "SNUP_A", "_raw_DS_CLASIF_GEN": "Suelo No Urbanizable Protegido (APLAZADO)", "_raw_DS_CLASIF_DET": "Suelo No Urbanizable Parque Regional del Sureste Zona E", "_raw_DS_DOCU": "PLAN GENERAL", "_raw_DS_LEY": "CM Ley 9/1995, E RDL 1/1992, E RD 1346/1976", "_raw_FC_AC": "1999-01-14", "_raw_NM_AREA_M2": 255519.86238759101, "_cam_code": "014" }, "geometry": { "type": "Polygon", "coordinates": [ [ [ -3.4971, 40.3064 ], [ -3.4962, 40.3073 ], [ -3.4958, 40.3074 ], [ -3.4958, 40.3075 ], [ -3.494, 40.3086 ], [ -3.4943, 40.3088 ], [ -3.4987, 40.3068 ], [ -3.4993, 40.3067 ], [ -3.4993, 40.3066 ], [ -3.4998, 40.3066 ], [ -3.4998, 40.3065 ], [ -3.5016, 40.3064 ], [ -3.5031, 40.3066 ], [ -3.5034, 40.3068 ], [ -3.5042, 40.3066 ], [ -3.5045, 40.3063 ], [ -3.5049, 40.3048 ], [ -3.5051, 40.3047 ], [ -3.5054, 40.3039 ], [ -3.5055, 40.303 ], [ -3.5056, 40.303 ], [ -3.5057, 40.3026 ], [ -3.5065, 40.3015 ], [ -3.5056, 40.3013 ], [ -3.5056, 40.3012 ], [ -3.5048, 40.3014 ], [ -3.5048, 40.3015 ], [ -3.5037, 40.3021 ], [ -3.5029, 40.3024 ], [ -3.5028, 40.3026 ], [ -3.5017, 40.3033 ], [ -3.5017, 40.3034 ], [ -3.5015, 40.3034 ], [ -3.5015, 40.3035 ], [ -3.5002, 40.3043 ], [ -3.4992, 40.3048 ], [ -3.4971, 40.3064 ] ] ] } },
{ "type": "Feature", "properties": { "municipio": "Arganda del Rey", "clasificacion": "no-urbanizable-protegido", "calificacion": "sin-asignar", "version": "vigente", "fuente": "SIT-CAM WFS — UsoDelSuelo:VPLA_V_CLASIFICACION (https://idem.comunidad.madrid/geosrvg/ows)", "fecha_dato": "2026-05-12", "ambito": "38587", "_raw_CD_SIGLAS": "SNUP_A", "_raw_DS_CLASIF_GEN": "Suelo No Urbanizable Protegido (APLAZADO)", "_raw_DS_CLASIF_DET": "Suelo No Urbanizable Protección de Caminos", "_raw_DS_DOCU": "PLAN GENERAL", "_raw_DS_LEY": "CM Ley 9/1995, E RDL 1/1992, E RD 1346/1976", "_raw_FC_AC": "1999-01-14", "_raw_NM_AREA_M2": 12273.893450084601, "_cam_code": "014" }, "geometry": { "type": "Polygon", "coordinates": [ [ [ -3.5047, 40.3014 ], [ -3.5033, 40.3022 ], [ -3.5029, 40.3023 ], [ -3.5029, 40.3024 ], [ -3.5018, 40.3031 ], [ -3.5017, 40.3033 ], [ -3.5015, 40.3033 ], [ -3.5015, 40.3034 ], [ -3.4991, 40.3047 ], [ -3.4973, 40.3061 ], [ -3.4963, 40.3071 ], [ -3.4956, 40.3074 ], [ -3.4956, 40.3075 ], [ -3.4945, 40.3081 ], [ -3.4939, 40.3086 ], [ -3.4947, 40.3082 ], [ -3.495, 40.3079 ], [ -3.4958, 40.3075 ], [ -3.4958, 40.3074 ], [ -3.4962, 40.3073 ], [ -3.4971, 40.3064 ], [ -3.4992, 40.3048 ], [ -3.5002, 40.3043 ], [ -3.5015, 40.3035 ], [ -3.5015, 40.3034 ], [ -3.5017, 40.3034 ], [ -3.5017, 40.3033 ], [ -3.5028, 40.3026 ], [ -3.5029, 40.3024 ], [ -3.5037, 40.3021 ], [ -3.5049, 40.3014 ], [ -3.5047, 40.3014 ] ] ] } },
{ "type": "Feature", "properties": { "municipio": "Arganda del Rey", "clasificacion": "no-urbanizable-protegido", "calificacion": "sin-asignar", "version": "vigente", "fuente": "SIT-CAM WFS — UsoDelSuelo:VPLA_V_CLASIFICACION (https://idem.comunidad.madrid/geosrvg/ows)", "fecha_dato": "2026-05-12", "ambito": "38587", "_raw_CD_SIGLAS": "SNUP_A", "_raw_DS_CLASIF_GEN": "Suelo No Urbanizable Protegido (APLAZADO)", "_raw_DS_CLASIF_DET": "Suelo No Urbanizable Parque Regional del Sureste Zona D", "_raw_DS_DOCU": "PLAN GENERAL", "_raw_DS_LEY": "CM Ley 9/1995, E RDL 1/1992, E RD 1346/1976", "_raw_FC_AC": "1999-01-14", "_raw_NM_AREA_M2": 385584.62069986499, "_cam_code": "014" }, "geometry": { "type": "Polygon", "coordinates": [ [ [ -3.4925, 40.3083 ], [ -3.4935, 40.3084 ], [ -3.4939, 40.3086 ], [ -3.4945, 40.3081 ], [ -3.4956, 40.3075 ], [ -3.4956, 40.3074 ], [ -3.4963, 40.3071 ], [ -3.4964, 40.3069 ], [ -3.4981, 40.3055 ], [ -3.4958, 40.304 ], [ -3.4951, 40.3041 ], [ -3.4944, 40.3037 ], [ -3.4947, 40.3037 ], [ -3.4948, 40.3033 ], [ -3.4931, 40.3021 ], [ -3.492, 40.3021 ], [ -3.4914, 40.3019 ], [ -3.4907, 40.3019 ], [ -3.4907, 40.3018 ], [ -3.4885, 40.3017 ], [ -3.4885, 40.3016 ], [ -3.4873, 40.3014 ], [ -3.4861, 40.3014 ], [ -3.4925, 40.3083 ] ] ] } },
{ "type": "Feature", "properties": { "municipio": "Arganda del Rey", "clasificacion": "no-urbanizable-protegido", "calificacion": "sin-asignar", "version": "vigente", "fuente": "SIT-CAM WFS — UsoDelSuelo:VPLA_V_CLASIFICACION (https://idem.comunidad.madrid/geosrvg/ows)", "fecha_dato": "2026-05-12", "ambito": "38587", "_raw_CD_SIGLAS": "SNUP_A", "_raw_DS_CLASIF_GEN": "Suelo No Urbanizable Protegido (APLAZADO)", "_raw_DS_CLASIF_DET": "Suelo No Urbanizable Protección de Vegas", "_raw_DS_DOCU": "PLAN GENERAL", "_raw_DS_LEY": "CM Ley 9/1995, E RDL 1/1992, E RD 1346/1976", "_raw_FC_AC": "1999-01-14", "_raw_NM_AREA_M2": 83464.197999973898, "_cam_code": "014" }, "geometry": { "type": "Polygon", "coordinates": [ [ [ -3.4068, 40.2939 ], [ -3.405, 40.2946 ], [ -3.4058, 40.295 ], [ -3.4078, 40.2966 ], [ -3.4087, 40.2971 ], [ -3.41, 40.2984 ], [ -3.4096, 40.2973 ], [ -3.4097, 40.2969 ], [ -3.4101, 40.2966 ], [ -3.4105, 40.2965 ], [ -3.4105, 40.2964 ], [ -3.4102, 40.2962 ], [ -3.4102, 40.296 ], [ -3.4093, 40.2958 ], [ -3.4093, 40.2954 ], [ -3.4094, 40.2954 ], [ -3.4089, 40.2947 ], [ -3.4084, 40.2944 ], [ -3.4081, 40.2944 ], [ -3.4068, 40.2939 ] ] ] } },
{ "type": "Feature", "properties": { "municipio": "Arganda del Rey", "clasificacion": "no-urbanizable-protegido", "calificacion": "sin-asignar", "version": "vigente", "fuente": "SIT-CAM WFS — UsoDelSuelo:VPLA_V_CLASIFICACION (https://idem.comunidad.madrid/geosrvg/ows)", "fecha_dato": "2026-05-12", "ambito": "38587", "_raw_CD_SIGLAS": "SNUP_A", "_raw_DS_CLASIF_GEN": "Suelo No Urbanizable Protegido (APLAZADO)", "_raw_DS_CLASIF_DET": "Suelo No Urbanizable Protección de Caminos", "_raw_DS_DOCU": "PLAN GENERAL", "_raw_DS_LEY": "CM Ley 9/1995, E RDL 1/1992, E RD 1346/1976", "_raw_FC_AC": "1999-01-14", "_raw_NM_AREA_M2": 18605.959200012199, "_cam_code": "014" }, "geometry": { "type": "Polygon", "coordinates": [ [ [ -3.4881, 40.2936 ], [ -3.4853, 40.2954 ], [ -3.4839, 40.2966 ], [ -3.4831, 40.2969 ], [ -3.4831, 40.297 ], [ -3.4826, 40.2971 ], [ -3.4826, 40.2972 ], [ -3.4823, 40.2972 ], [ -3.4823, 40.2973 ], [ -3.482, 40.2973 ], [ -3.482, 40.2974 ], [ -3.4812, 40.2976 ], [ -3.4812, 40.2977 ], [ -3.4809, 40.2977 ], [ -3.4812, 40.2978 ], [ -3.4812, 40.2977 ], [ -3.4817, 40.2976 ], [ -3.4817, 40.2975 ], [ -3.482, 40.2975 ], [ -3.482, 40.2974 ], [ -3.4823, 40.2974 ], [ -3.4823, 40.2973 ], [ -3.4826, 40.2973 ], [ -3.4826, 40.2972 ], [ -3.4836, 40.2969 ], [ -3.4855, 40.2954 ], [ -3.488, 40.2939 ], [ -3.488, 40.2938 ], [ -3.4895, 40.2939 ], [ -3.4908, 40.2935 ], [ -3.491, 40.2933 ], [ -3.4919, 40.293 ], [ -3.493, 40.2924 ], [ -3.4936, 40.2918 ], [ -3.4936, 40.2916 ], [ -3.4925, 40.2926 ], [ -3.4903, 40.2935 ], [ -3.4903, 40.2936 ], [ -3.4896, 40.2937 ], [ -3.4896, 40.2938 ], [ -3.4881, 40.2937 ], [ -3.4883, 40.2935 ], [ -3.4882, 40.2926 ], [ -3.4886, 40.2922 ], [ -3.4888, 40.2922 ], [ -3.4888, 40.2921 ], [ -3.489, 40.2921 ], [ -3.4896, 40.2917 ], [ -3.4908, 40.2912 ], [ -3.4922, 40.2904 ], [ -3.492, 40.2904 ], [ -3.4883, 40.2923 ], [ -3.4881, 40.2928 ], [ -3.488, 40.2928 ], [ -3.4881, 40.2936 ] ] ] } },
{ "type": "Feature", "properties": { "municipio": "Arganda del Rey", "clasificacion": "no-urbanizable-protegido", "calificacion": "sin-asignar", "version": "vigente", "fuente": "SIT-CAM WFS — UsoDelSuelo:VPLA_V_CLASIFICACION (https://idem.comunidad.madrid/geosrvg/ows)", "fecha_dato": "2026-05-12", "ambito": "38587", "_raw_CD_SIGLAS": "SNUP_A", "_raw_DS_CLASIF_GEN": "Suelo No Urbanizable Protegido (APLAZADO)", "_raw_DS_CLASIF_DET": "Suelo No Urbanizable Protección de Caminos", "_raw_DS_DOCU": "PLAN GENERAL", "_raw_DS_LEY": "CM Ley 9/1995, E RDL 1/1992, E RD 1346/1976", "_raw_FC_AC": "1999-01-14", "_raw_NM_AREA_M2": 163954.87834983499, "_cam_code": "014" }, "geometry": { "type": "Polygon", "coordinates": [ [ [ -3.4342, 40.292 ], [ -3.4361, 40.2934 ], [ -3.4354, 40.2927 ], [ -3.4344, 40.292 ], [ -3.434, 40.291 ], [ -3.4335, 40.2905 ], [ -3.4334, 40.2899 ], [ -3.4329, 40.289 ], [ -3.4327, 40.2883 ], [ -3.4315, 40.287 ], [ -3.431, 40.2862 ], [ -3.4307, 40.2855 ], [ -3.4306, 40.2849 ], [ -3.4315, 40.2853 ], [ -3.4325, 40.2855 ], [ -3.4331, 40.2854 ], [ -3.4348, 40.2855 ], [ -3.4363, 40.2861 ], [ -3.4365, 40.2867 ], [ -3.437, 40.2868 ], [ -3.4372, 40.2867 ], [ -3.4366, 40.2866 ], [ -3.4365, 40.2861 ], [ -3.4347, 40.2854 ], [ -3.434, 40.2854 ], [ -3.4339, 40.2853 ], [ -3.4337, 40.2854 ], [ -3.4332, 40.2853 ], [ -3.4325, 40.2854 ], [ -3.4311, 40.2851 ], [ -3.4305, 40.2847 ], [ -3.4303, 40.284 ], [ -3.43, 40.2835 ], [ -3.4311, 40.2842 ], [ -3.4323, 40.2838 ], [ -3.4325, 40.2838 ], [ -3.4325, 40.2839 ], [ -3.4327, 40.2839 ], [ -3.4329, 40.2841 ], [ -3.4339, 40.2839 ], [ -3.4339, 40.284 ], [ -3.4342, 40.284 ], [ -3.4342, 40.2841 ], [ -3.4348, 40.2842 ], [ -3.4348, 40.2843 ], [ -3.4348, 40.2843 ], [ -3.4349, 40.2843 ], [ -3.4349, 40.2843 ], [ -3.4349, 40.2843 ], [ -3.4349, 40.2843 ], [ -3.435, 40.2843 ], [ -3.435, 40.2843 ], [ -3.435, 40.2843 ], [ -3.435, 40.2843 ], [ -3.4351, 40.2843 ], [ -3.4351, 40.2843 ], [ -3.4351, 40.2843 ], [ -3.4351, 40.2843 ], [ -3.4352, 40.2843 ], [ -3.4352, 40.2843 ], [ -3.4352, 40.2843 ], [ -3.4353, 40.2843 ], [ -3.4353, 40.2843 ], [ -3.4353, 40.2843 ], [ -3.4353, 40.2843 ], [ -3.4354, 40.2843 ], [ -3.4357, 40.2843 ], [ -3.4357, 40.2842 ], [ -3.436, 40.2842 ], [ -3.4361, 40.284 ], [ -3.4363, 40.284 ], [ -3.4365, 40.2842 ], [ -3.4375, 40.2841 ], [ -3.4381, 40.2843 ], [ -3.4383, 40.2846 ], [ -3.4389, 40.2848 ], [ -3.4389, 40.2848 ], [ -3.439, 40.2848 ], [ -3.439, 40.2848 ], [ -3.439, 40.2848 ], [ -3.439, 40.2848 ], [ -3.439, 40.2848 ], [ -3.4391, 40.2848 ], [ -3.4391, 40.2848 ], [ -3.4391, 40.2848 ], [ -3.4391, 40.2848 ], [ -3.4391, 40.2848 ], [ -3.4391, 40.2848 ], [ -3.4392, 40.2848 ], [ -3.4402, 40.2848 ], [ -3.4405, 40.2851 ], [ -3.4409, 40.2851 ], [ -3.4411, 40.2849 ], [ -3.4421, 40.2847 ], [ -3.4421, 40.2848 ], [ -3.4428, 40.2851 ], [ -3.4438, 40.2853 ], [ -3.4446, 40.2848 ], [ -3.4434, 40.2859 ], [ -3.4434, 40.2861 ], [ -3.4432, 40.2863 ], [ -3.4429, 40.2864 ], [ -3.4421, 40.2871 ], [ -3.4421, 40.2874 ], [ -3.4417, 40.2878 ], [ -3.4416, 40.2884 ], [ -3.4418, 40.2885 ], [ -3.4418, 40.2887 ], [ -3.442, 40.2889 ], [ -3.442, 40.2892 ], [ -3.4421, 40.2892 ], [ -3.442, 40.2896 ], [ -3.4422, 40.2895 ], [ -3.4422, 40.2891 ], [ -3.4421, 40.2891 ], [ -3.442, 40.2886 ], [ -3.4417, 40.2884 ], [ -3.4417, 40.288 ], [ -3.4422, 40.2875 ], [ -3.4422, 40.2871 ], [ -3.4426, 40.2869 ], [ -3.4429, 40.2865 ], [ -3.4431, 40.2865 ], [ -3.4441, 40.2855 ], [ -3.4443, 40.2851 ], [ -3.4448, 40.2849 ], [ -3.4448, 40.2848 ], [ -3.446, 40.2848 ], [ -3.4461, 40.2849 ], [ -3.4467, 40.2849 ], [ -3.4469, 40.2851 ], [ -3.4473, 40.2851 ], [ -3.4476, 40.2855 ], [ -3.4479, 40.2856 ], [ -3.4485, 40.2861 ], [ -3.4486, 40.2864 ], [ -3.4494, 40.2867 ], [ -3.4496, 40.2869 ], [ -3.4497, 40.2868 ], [ -3.4487, 40.2863 ], [ -3.448, 40.2855 ], [ -3.4476, 40.2854 ], [ -3.4473, 40.285 ], [ -3.4469, 40.285 ], [ -3.4467, 40.2848 ], [ -3.4461, 40.2848 ], [ -3.446, 40.2847 ], [ -3.446, 40.2847 ], [ -3.446, 40.2847 ], [ -3.446, 40.2847 ], [ -3.4459, 40.2847 ], [ -3.4459, 40.2847 ], [ -3.4459, 40.2847 ], [ -3.4459, 40.2847 ], [ -3.4458, 40.2847 ], [ -3.4458, 40.2847 ], [ -3.4458, 40.2847 ], [ -3.4458, 40.2847 ], [ -3.4457, 40.2847 ], [ -3.4457, 40.2847 ], [ -3.4457, 40.2847 ], [ -3.4456, 40.2847 ], [ -3.4456, 40.2847 ], [ -3.4456, 40.2847 ], [ -3.4455, 40.2847 ], [ -3.4455, 40.2847 ], [ -3.4455, 40.2847 ], [ -3.4455, 40.2847 ], [ -3.4454, 40.2847 ], [ -3.4454, 40.2847 ], [ -3.4454, 40.2847 ], [ -3.4453, 40.2847 ], [ -3.4453, 40.2847 ], [ -3.4453, 40.2847 ], [ -3.4453, 40.2847 ], [ -3.4452, 40.2847 ], [ -3.4452, 40.2847 ], [ -3.4452, 40.2847 ], [ -3.4452, 40.2847 ], [ -3.4451, 40.2847 ], [ -3.445, 40.2847 ], [ -3.4454, 40.2845 ], [ -3.4455, 40.2842 ], [ -3.4454, 40.2842 ], [ -3.4453, 40.2839 ], [ -3.4447, 40.2836 ], [ -3.4447, 40.2835 ], [ -3.4444, 40.2833 ], [ -3.4442, 40.2827 ], [ -3.4437, 40.2824 ], [ -3.4435, 40.2813 ], [ -3.4432, 40.2809 ], [ -3.4432, 40.2803 ], [ -3.4429, 40.2801 ], [ -3.4427, 40.2796 ], [ -3.4426, 40.2796 ], [ -3.4427, 40.2795 ], [ -3.4427, 40.2792 ], [ -3.4426, 40.2792 ], [ -3.4427, 40.2783 ], [ -3.4424, 40.2781 ], [ -3.4424, 40.2779 ], [ -3.4428, 40.2774 ], [ -3.4425, 40.2767 ], [ -3.4427, 40.2765 ], [ -3.4427, 40.2763 ], [ -3.4419, 40.2757 ], [ -3.4419, 40.2755 ], [ -3.4416, 40.2752 ], [ -3.4419, 40.2749 ], [ -3.4422, 40.2749 ], [ -3.4428, 40.2747 ], [ -3.4429, 40.2745 ], [ -3.4435, 40.2743 ], [ -3.4439, 40.2739 ], [ -3.4456, 40.2738 ], [ -3.4462, 40.2737 ], [ -3.4466, 40.2734 ], [ -3.447, 40.2734 ], [ -3.4466, 40.2733 ], [ -3.4464, 40.2735 ], [ -3.4456, 40.2737 ], [ -3.4439, 40.2738 ], [ -3.4426, 40.2747 ], [ -3.4419, 40.2748 ], [ -3.4419, 40.2749 ], [ -3.4416, 40.275 ], [ -3.4412, 40.2749 ], [ -3.4412, 40.2748 ], [ -3.439, 40.2747 ], [ -3.4386, 40.2744 ], [ -3.4367, 40.2744 ], [ -3.4366, 40.2741 ], [ -3.4363, 40.274 ], [ -3.4363, 40.2739 ], [ -3.4361, 40.274 ], [ -3.435, 40.2739 ], [ -3.4347, 40.2742 ], [ -3.4336, 40.2742 ], [ -3.4336, 40.2743 ], [ -3.4327, 40.2742 ], [ -3.4317, 40.2746 ], [ -3.4316, 40.2748 ], [ -3.4307, 40.2748 ], [ -3.4303, 40.2746 ], [ -3.43, 40.2746 ], [ -3.4284, 40.275 ], [ -3.4285, 40.2747 ], [ -3.4289, 40.2744 ], [ -3.4289, 40.2741 ], [ -3.429, 40.2741 ], [ -3.4292, 40.2734 ], [ -3.4293, 40.2734 ], [ -3.4292, 40.272 ], [ -3.4295, 40.2711 ], [ -3.4303, 40.2707 ], [ -3.4318, 40.2706 ], [ -3.433, 40.27 ], [ -3.4328, 40.27 ], [ -3.4317, 40.2705 ], [ -3.4304, 40.2706 ], [ -3.4296, 40.2709 ], [ -3.4294, 40.2711 ], [ -3.4291, 40.272 ], [ -3.4291, 40.2731 ], [ -3.4292, 40.2731 ], [ -3.4292, 40.2733 ], [ -3.429, 40.2735 ], [ -3.4288, 40.2744 ], [ -3.4285, 40.2745 ], [ -3.4283, 40.275 ], [ -3.4257, 40.2755 ], [ -3.4263, 40.2737 ], [ -3.4265, 40.2722 ], [ -3.426, 40.2718 ], [ -3.4261, 40.271 ], [ -3.4257, 40.2704 ], [ -3.4255, 40.2703 ], [ -3.4255, 40.27 ], [ -3.4249, 40.2694 ], [ -3.4243, 40.2692 ], [ -3.4243, 40.269 ], [ -3.4242, 40.269 ], [ -3.4243, 40.2685 ], [ -3.4242, 40.2684 ], [ -3.4241, 40.2691 ], [ -3.4254, 40.27 ], [ -3.4254, 40.2704 ], [ -3.4256, 40.2705 ], [ -3.426, 40.2711 ], [ -3.4259, 40.2716 ], [ -3.4258, 40.2716 ], [ -3.4259, 40.2719 ], [ -3.4264, 40.2723 ], [ -3.4261, 40.274 ], [ -3.4259, 40.2746 ], [ -3.4258, 40.2746 ], [ -3.4257, 40.2753 ], [ -3.4256, 40.2753 ], [ -3.4255, 40.2757 ], [ -3.426, 40.2756 ], [ -3.426, 40.2755 ], [ -3.4269, 40.2754 ], [ -3.4269, 40.2753 ], [ -3.4275, 40.2753 ], [ -3.4275, 40.2752 ], [ -3.4283, 40.2751 ], [ -3.4282, 40.2754 ], [ -3.4281, 40.2754 ], [ -3.428, 40.2763 ], [ -3.4277, 40.2765 ], [ -3.4277, 40.2767 ], [ -3.4276, 40.2767 ], [ -3.4276, 40.2772 ], [ -3.4275, 40.2772 ], [ -3.4276, 40.2773 ], [ -3.4273, 40.2772 ], [ -3.4269, 40.2768 ], [ -3.4262, 40.2765 ], [ -3.4262, 40.2764 ], [ -3.4256, 40.2763 ], [ -3.4256, 40.2762 ], [ -3.4251, 40.276 ], [ -3.425, 40.2755 ], [ -3.4247, 40.2753 ], [ -3.4247, 40.275 ], [ -3.4244, 40.2747 ], [ -3.4245, 40.2744 ], [ -3.4243, 40.2742 ], [ -3.4241, 40.2733 ], [ -3.4233, 40.2725 ], [ -3.4233, 40.2722 ], [ -3.423, 40.2715 ], [ -3.4231, 40.2712 ], [ -3.4234, 40.2711 ], [ -3.4233, 40.271 ], [ -3.423, 40.2712 ], [ -3.4229, 40.2716 ], [ -3.423, 40.2716 ], [ -3.4233, 40.2727 ], [ -3.424, 40.2733 ], [ -3.4243, 40.2743 ], [ -3.4243, 40.2748 ], [ -3.4245, 40.2749 ], [ -3.4246, 40.2754 ], [ -3.4249, 40.2756 ], [ -3.4249, 40.2759 ], [ -3.4254, 40.2763 ], [ -3.426, 40.2764 ], [ -3.4263, 40.2767 ], [ -3.4274, 40.2773 ], [ -3.428, 40.2781 ], [ -3.4288, 40.2783 ], [ -3.4288, 40.2784 ], [ -3.4298, 40.2782 ], [ -3.4308, 40.2785 ], [ -3.4309, 40.2786 ], [ -3.4309, 40.2792 ], [ -3.4304, 40.2797 ], [ -3.4305, 40.2805 ], [ -3.4302, 40.2804 ], [ -3.4302, 40.2803 ], [ -3.4288, 40.2804 ], [ -3.4279, 40.28 ], [ -3.4279, 40.28 ], [ -3.4279, 40.28 ], [ -3.4276, 40.28 ], [ -3.4273, 40.28 ], [ -3.4271, 40.28 ], [ -3.4271, 40.28 ], [ -3.427, 40.28 ], [ -3.4268, 40.28 ], [ -3.4258, 40.2805 ], [ -3.4249, 40.2805 ], [ -3.4244, 40.2802 ], [ -3.4239, 40.28 ], [ -3.4239, 40.2799 ], [ -3.423, 40.2798 ], [ -3.423, 40.2797 ], [ -3.4229, 40.2797 ], [ -3.4229, 40.2797 ], [ -3.4229, 40.2797 ], [ -3.4229, 40.2797 ], [ -3.4228, 40.2797 ], [ -3.4228, 40.2797 ], [ -3.4228, 40.2797 ], [ -3.4228, 40.2797 ], [ -3.4227, 40.2797 ], [ -3.4227, 40.2797 ], [ -3.4227, 40.2797 ], [ -3.4227, 40.2797 ], [ -3.4226, 40.2797 ], [ -3.4226, 40.2797 ], [ -3.4226, 40.2797 ], [ -3.4226, 40.2797 ], [ -3.4225, 40.2797 ], [ -3.4225, 40.2797 ], [ -3.4225, 40.2797 ], [ -3.4225, 40.2797 ], [ -3.4224, 40.2797 ], [ -3.4224, 40.2797 ], [ -3.4224, 40.2797 ], [ -3.4224, 40.2797 ], [ -3.4223, 40.2797 ], [ -3.4223, 40.2797 ], [ -3.4223, 40.2797 ], [ -3.4223, 40.2797 ], [ -3.4222, 40.2797 ], [ -3.4222, 40.2797 ], [ -3.4222, 40.2797 ], [ -3.4221, 40.2797 ], [ -3.4216, 40.2797 ], [ -3.4214, 40.2795 ], [ -3.4205, 40.2799 ], [ -3.4204, 40.2797 ], [ -3.4198, 40.2796 ], [ -3.4196, 40.2792 ], [ -3.4194, 40.2791 ], [ -3.4193, 40.2788 ], [ -3.419, 40.2785 ], [ -3.419, 40.2779 ], [ -3.4189, 40.2779 ], [ -3.4184, 40.2771 ], [ -3.4181, 40.2769 ], [ -3.418, 40.2765 ], [ -3.4175, 40.2761 ], [ -3.4174, 40.2756 ], [ -3.4172, 40.2755 ], [ -3.4169, 40.2748 ], [ -3.4164, 40.2745 ], [ -3.4163, 40.274 ], [ -3.4162, 40.274 ], [ -3.416, 40.2735 ], [ -3.4156, 40.2732 ], [ -3.4153, 40.2732 ], [ -3.4153, 40.2731 ], [ -3.4148, 40.2728 ], [ -3.4143, 40.2716 ], [ -3.4144, 40.2709 ], [ -3.4142, 40.2704 ], [ -3.414, 40.2703 ], [ -3.414, 40.2699 ], [ -3.4143, 40.2696 ], [ -3.4146, 40.2695 ], [ -3.4149, 40.2691 ], [ -3.4148, 40.2686 ], [ -3.4146, 40.2685 ], [ -3.4138, 40.2673 ], [ -3.4125, 40.2672 ], [ -3.412, 40.2668 ], [ -3.412, 40.267 ], [ -3.4125, 40.2672 ], [ -3.4125, 40.2673 ], [ -3.4138, 40.2674 ], [ -3.414, 40.2679 ], [ -3.4147, 40.2687 ], [ -3.4148, 40.2689 ], [ -3.4147, 40.2693 ], [ -3.4142, 40.2695 ], [ -3.414, 40.2697 ], [ -3.414, 40.2699 ], [ -3.4139, 40.2699 ], [ -3.4139, 40.2703 ], [ -3.4142, 40.2707 ], [ -3.4142, 40.2717 ], [ -3.4143, 40.2717 ], [ -3.4146, 40.2727 ], [ -3.4149, 40.273 ], [ -3.4152, 40.2731 ], [ -3.4153, 40.2733 ], [ -3.4156, 40.2733 ], [ -3.416, 40.2737 ], [ -3.4163, 40.2745 ], [ -3.4169, 40.275 ], [ -3.4172, 40.2757 ], [ -3.4173, 40.2757 ], [ -3.4174, 40.2762 ], [ -3.418, 40.2767 ], [ -3.418, 40.2769 ], [ -3.4182, 40.277 ], [ -3.4184, 40.2774 ], [ -3.4189, 40.2779 ], [ -3.4189, 40.2786 ], [ -3.4192, 40.2788 ], [ -3.4194, 40.2793 ], [ -3.4198, 40.2797 ], [ -3.4203, 40.2798 ], [ -3.4205, 40.28 ], [ -3.4205, 40.2802 ], [ -3.4199, 40.2805 ], [ -3.4199, 40.2805 ], [ -3.4198, 40.2805 ], [ -3.4198, 40.2805 ], [ -3.4196, 40.2805 ], [ -3.4193, 40.2805 ], [ -3.4191, 40.2805 ], [ -3.4184, 40.2805 ], [ -3.4184, 40.2806 ], [ -3.4178, 40.2808 ], [ -3.4169, 40.2809 ], [ -3.4169, 40.2806 ], [ -3.4166, 40.2804 ], [ -3.4165, 40.2799 ], [ -3.416, 40.2789 ], [ -3.4153, 40.2786 ], [ -3.4153, 40.2783 ], [ -3.4151, 40.2782 ], [ -3.4151, 40.2778 ], [ -3.415, 40.2778 ], [ -3.415, 40.2774 ], [ -3.4148, 40.2769 ], [ -3.4142, 40.2763 ], [ -3.4141, 40.2757 ], [ -3.4138, 40.2752 ], [ -3.4131, 40.2745 ], [ -3.4129, 40.274 ], [ -3.4126, 40.2737 ], [ -3.4124, 40.273 ], [ -3.4124, 40.2725 ], [ -3.4122, 40.2723 ], [ -3.412, 40.2723 ], [ -3.4117, 40.2719 ], [ -3.4115, 40.2719 ], [ -3.4114, 40.2717 ], [ -3.411, 40.2715 ], [ -3.4101, 40.2705 ], [ -3.41, 40.2706 ], [ -3.4113, 40.2719 ], [ -3.4119, 40.2722 ], [ -3.4121, 40.2725 ], [ -3.4123, 40.2725 ], [ -3.4124, 40.2736 ], [ -3.4127, 40.2739 ], [ -3.4127, 40.2741 ], [ -3.4128, 40.2741 ], [ -3.4132, 40.2748 ], [ -3.414, 40.2757 ], [ -3.4141, 40.2763 ], [ -3.4146, 40.2768 ], [ -3.4146, 40.277 ], [ -3.4149, 40.2774 ], [ -3.4149, 40.2781 ], [ -3.4152, 40.2784 ], [ -3.4153, 40.2788 ], [ -3.4158, 40.2789 ], [ -3.416, 40.2791 ], [ -3.4164, 40.2799 ], [ -3.4164, 40.2802 ], [ -3.4168, 40.2807 ], [ -3.4168, 40.2809 ], [ -3.4167, 40.2809 ], [ -3.4168, 40.281 ], [ -3.4178, 40.2809 ], [ -3.4178, 40.2808 ], [ -3.4184, 40.2807 ], [ -3.4184, 40.2806 ], [ -3.4191, 40.2805 ], [ -3.4199, 40.2806 ], [ -3.4206, 40.2803 ], [ -3.4202, 40.2813 ], [ -3.4196, 40.2817 ], [ -3.4198, 40.2822 ], [ -3.4197, 40.2817 ], [ -3.4203, 40.2814 ], [ -3.4207, 40.2804 ], [ -3.4206, 40.28 ], [ -3.4213, 40.2797 ], [ -3.4213, 40.2796 ], [ -3.4216, 40.2798 ], [ -3.4223, 40.2797 ], [ -3.4224, 40.2798 ], [ -3.4235, 40.2799 ], [ -3.4245, 40.2803 ], [ -3.4248, 40.2806 ], [ -3.4258, 40.2806 ], [ -3.427, 40.2801 ], [ -3.427, 40.28 ], [ -3.428, 40.2801 ], [ -3.4287, 40.2805 ], [ -3.4302, 40.2804 ], [ -3.4302, 40.2805 ], [ -3.4305, 40.2806 ], [ -3.4297, 40.2828 ], [ -3.4298, 40.2833 ], [ -3.4305, 40.2849 ], [ -3.4307, 40.2862 ], [ -3.4303, 40.2869 ], [ -3.4301, 40.288 ], [ -3.43, 40.288 ], [ -3.4299, 40.2884 ], [ -3.4292, 40.2891 ], [ -3.4292, 40.2893 ], [ -3.4301, 40.2883 ], [ -3.4304, 40.2869 ], [ -3.4307, 40.2865 ], [ -3.4308, 40.286 ], [ -3.4314, 40.2871 ], [ -3.4325, 40.2882 ], [ -3.4328, 40.2891 ], [ -3.4333, 40.2899 ], [ -3.4334, 40.2906 ], [ -3.4336, 40.2907 ], [ -3.4341, 40.2914 ], [ -3.4342, 40.292 ] ], [ [ -3.4311, 40.2841 ], [ -3.4299, 40.2833 ], [ -3.4299, 40.2823 ], [ -3.4306, 40.2807 ], [ -3.4305, 40.2798 ], [ -3.431, 40.2792 ], [ -3.431, 40.2786 ], [ -3.4306, 40.2783 ], [ -3.4303, 40.2783 ], [ -3.4303, 40.2782 ], [ -3.4302, 40.2782 ], [ -3.4302, 40.2782 ], [ -3.4302, 40.2782 ], [ -3.4302, 40.2782 ], [ -3.4301, 40.2782 ], [ -3.43, 40.2782 ], [ -3.43, 40.2782 ], [ -3.4299, 40.2782 ], [ -3.4299, 40.2782 ], [ -3.4299, 40.2782 ], [ -3.4298, 40.2782 ], [ -3.4292, 40.2782 ], [ -3.4288, 40.2783 ], [ -3.4279, 40.2779 ], [ -3.4278, 40.2775 ], [ -3.4277, 40.2775 ], [ -3.4277, 40.2768 ], [ -3.4278, 40.2765 ], [ -3.428, 40.2764 ], [ -3.4281, 40.2761 ], [ -3.4282, 40.2761 ], [ -3.4283, 40.2752 ], [ -3.4289, 40.2749 ], [ -3.4299, 40.2748 ], [ -3.4299, 40.2747 ], [ -3.4307, 40.2748 ], [ -3.4307, 40.2749 ], [ -3.4316, 40.2749 ], [ -3.4319, 40.2746 ], [ -3.4327, 40.2743 ], [ -3.4335, 40.2744 ], [ -3.4336, 40.2743 ], [ -3.4347, 40.2743 ], [ -3.435, 40.274 ], [ -3.4355, 40.274 ], [ -3.4355, 40.2741 ], [ -3.4363, 40.274 ], [ -3.4365, 40.2741 ], [ -3.4365, 40.2744 ], [ -3.4367, 40.2745 ], [ -3.4386, 40.2745 ], [ -3.439, 40.2748 ], [ -3.4412, 40.2749 ], [ -3.4412, 40.275 ], [ -3.4415, 40.2751 ], [ -3.4417, 40.2756 ], [ -3.442, 40.2759 ], [ -3.4426, 40.2763 ], [ -3.4424, 40.2768 ], [ -3.4426, 40.277 ], [ -3.4427, 40.2774 ], [ -3.4423, 40.2779 ], [ -3.4423, 40.2781 ], [ -3.4426, 40.2784 ], [ -3.4426, 40.2786 ], [ -3.4425, 40.2786 ], [ -3.4425, 40.2796 ], [ -3.4426, 40.2796 ], [ -3.4426, 40.2798 ], [ -3.4431, 40.2804 ], [ -3.4431, 40.281 ], [ -3.4432, 40.281 ], [ -3.4433, 40.2814 ], [ -3.4434, 40.2814 ], [ -3.4435, 40.2823 ], [ -3.4441, 40.2828 ], [ -3.4442, 40.2832 ], [ -3.4447, 40.2837 ], [ -3.445, 40.2838 ], [ -3.4453, 40.2841 ], [ -3.4453, 40.2845 ], [ -3.4451, 40.2845 ], [ -3.4449, 40.2847 ], [ -3.4445, 40.2847 ], [ -3.4445, 40.2848 ], [ -3.4437, 40.2852 ], [ -3.4435, 40.2852 ], [ -3.4427, 40.285 ], [ -3.4423, 40.2847 ], [ -3.4423, 40.2847 ], [ -3.4423, 40.2847 ], [ -3.4423, 40.2847 ], [ -3.4423, 40.2847 ], [ -3.4422, 40.2847 ], [ -3.4422, 40.2847 ], [ -3.4422, 40.2847 ], [ -3.4421, 40.2847 ], [ -3.442, 40.2847 ], [ -3.442, 40.2846 ], [ -3.4409, 40.2849 ], [ -3.4409, 40.285 ], [ -3.4406, 40.285 ], [ -3.4403, 40.2847 ], [ -3.4393, 40.2847 ], [ -3.4391, 40.2848 ], [ -3.4391, 40.2847 ], [ -3.4383, 40.2845 ], [ -3.4381, 40.2842 ], [ -3.4376, 40.284 ], [ -3.4367, 40.284 ], [ -3.4367, 40.2841 ], [ -3.4365, 40.2841 ], [ -3.4364, 40.2839 ], [ -3.436, 40.2839 ], [ -3.4359, 40.2841 ], [ -3.4352, 40.2843 ], [ -3.4352, 40.2842 ], [ -3.4348, 40.2842 ], [ -3.4348, 40.2841 ], [ -3.4345, 40.2841 ], [ -3.4345, 40.284 ], [ -3.4339, 40.2839 ], [ -3.4339, 40.2838 ], [ -3.4329, 40.284 ], [ -3.4327, 40.2838 ], [ -3.4323, 40.2837 ], [ -3.4311, 40.2841 ] ] ] } },
{ "type": "Feature", "properties": { "municipio": "Arganda del Rey", "clasificacion": "no-urbanizable-protegido", "calificacion": "sin-asignar", "version": "vigente", "fuente": "SIT-CAM WFS — UsoDelSuelo:VPLA_V_CLASIFICACION (https://idem.comunidad.madrid/geosrvg/ows)", "fecha_dato": "2026-05-12", "ambito": "38587", "_raw_CD_SIGLAS": "SNUP_A", "_raw_DS_CLASIF_GEN": "Suelo No Urbanizable Protegido (APLAZADO)", "_raw_DS_CLASIF_DET": "Suelo No Urbanizable Protección de Caminos", "_raw_DS_DOCU": "PLAN GENERAL", "_raw_DS_LEY": "CM Ley 9/1995, E RDL 1/1992, E RD 1346/1976", "_raw_FC_AC": "1999-01-14", "_raw_NM_AREA_M2": 842.21517497520995, "_cam_code": "014" }, "geometry": { "type": "Polygon", "coordinates": [ [ [ -3.5065, 40.2931 ], [ -3.5075, 40.2931 ], [ -3.5075, 40.293 ], [ -3.5065, 40.293 ], [ -3.5065, 40.2931 ] ] ] } },
{ "type": "Feature", "properties": { "municipio": "Arganda del Rey", "clasificacion": "no-urbanizable-protegido", "calificacion": "sin-asignar", "version": "vigente", "fuente": "SIT-CAM WFS — UsoDelSuelo:VPLA_V_CLASIFICACION (https://idem.comunidad.madrid/geosrvg/ows)", "fecha_dato": "2026-05-12", "ambito": "38587", "_raw_CD_SIGLAS": "SNUP_A", "_raw_DS_CLASIF_GEN": "Suelo No Urbanizable Protegido (APLAZADO)", "_raw_DS_CLASIF_DET": "Suelo No Urbanizable Parque Regional del Sureste Zona D", "_raw_DS_DOCU": "PLAN GENERAL", "_raw_DS_LEY": "CM Ley 9/1995, E RDL 1/1992, E RD 1346/1976", "_raw_FC_AC": "1999-01-14", "_raw_NM_AREA_M2": 44978.026924714002, "_cam_code": "014" }, "geometry": { "type": "Polygon", "coordinates": [ [ [ -3.4954, 40.3154 ], [ -3.4938, 40.3158 ], [ -3.4922, 40.3166 ], [ -3.4916, 40.318 ], [ -3.4934, 40.3162 ], [ -3.4945, 40.3158 ], [ -3.4971, 40.3154 ], [ -3.4983, 40.3155 ], [ -3.4997, 40.3158 ], [ -3.5025, 40.3167 ], [ -3.5035, 40.3169 ], [ -3.5054, 40.3171 ], [ -3.5059, 40.317 ], [ -3.5068, 40.3171 ], [ -3.5059, 40.3167 ], [ -3.5051, 40.3166 ], [ -3.5051, 40.3165 ], [ -3.504, 40.3164 ], [ -3.504, 40.3163 ], [ -3.4993, 40.3156 ], [ -3.4986, 40.3154 ], [ -3.498, 40.3154 ], [ -3.4979, 40.3153 ], [ -3.4954, 40.3154 ] ] ] } },
{ "type": "Feature", "properties": { "municipio": "Arganda del Rey", "clasificacion": "no-urbanizable-protegido", "calificacion": "sin-asignar", "version": "vigente", "fuente": "SIT-CAM WFS — UsoDelSuelo:VPLA_V_CLASIFICACION (https://idem.comunidad.madrid/geosrvg/ows)", "fecha_dato": "2026-05-12", "ambito": "38587", "_raw_CD_SIGLAS": "SNUP_A", "_raw_DS_CLASIF_GEN": "Suelo No Urbanizable Protegido (APLAZADO)", "_raw_DS_CLASIF_DET": "Suelo No Urbanizable Protección de Vegas", "_raw_DS_DOCU": "PLAN GENERAL", "_raw_DS_LEY": "CM Ley 9/1995, E RDL 1/1992, E RD 1346/1976", "_raw_FC_AC": "1999-01-14", "_raw_NM_AREA_M2": 236614.79866257001, "_cam_code": "014" }, "geometry": { "type": "Polygon", "coordinates": [ [ [ -3.4301, 40.318 ], [ -3.4316, 40.318 ], [ -3.4351, 40.3175 ], [ -3.436, 40.3175 ], [ -3.4361, 40.3176 ], [ -3.4367, 40.3175 ], [ -3.4369, 40.3177 ], [ -3.4371, 40.3177 ], [ -3.4375, 40.3175 ], [ -3.4397, 40.3174 ], [ -3.4408, 40.3171 ], [ -3.4412, 40.3168 ], [ -3.4414, 40.3168 ], [ -3.4414, 40.3164 ], [ -3.4409, 40.3162 ], [ -3.4409, 40.3161 ], [ -3.4401, 40.316 ], [ -3.4401, 40.3159 ], [ -3.4394, 40.316 ], [ -3.439, 40.3157 ], [ -3.4382, 40.3157 ], [ -3.4382, 40.3158 ], [ -3.4377, 40.3158 ], [ -3.4377, 40.3159 ], [ -3.4369, 40.3159 ], [ -3.4362, 40.3156 ], [ -3.4352, 40.3157 ], [ -3.4352, 40.3155 ], [ -3.4343, 40.3152 ], [ -3.4321, 40.3151 ], [ -3.4317, 40.3155 ], [ -3.4315, 40.3155 ], [ -3.4302, 40.3149 ], [ -3.4299, 40.315 ], [ -3.4296, 40.3153 ], [ -3.4294, 40.3153 ], [ -3.4292, 40.3156 ], [ -3.4289, 40.3157 ], [ -3.4288, 40.3159 ], [ -3.4286, 40.3159 ], [ -3.4285, 40.3161 ], [ -3.4279, 40.3163 ], [ -3.4297, 40.3171 ], [ -3.4301, 40.318 ] ] ] } },
{ "type": "Feature", "properties": { "municipio": "Arganda del Rey", "clasificacion": "no-urbanizable-protegido", "calificacion": "sin-asignar", "version": "vigente", "fuente": "SIT-CAM WFS — UsoDelSuelo:VPLA_V_CLASIFICACION (https://idem.comunidad.madrid/geosrvg/ows)", "fecha_dato": "2026-05-12", "ambito": "38587", "_raw_CD_SIGLAS": "SNUP_A", "_raw_DS_CLASIF_GEN": "Suelo No Urbanizable Protegido (APLAZADO)", "_raw_DS_CLASIF_DET": "Suelo No Urbanizable Protección de Caminos", "_raw_DS_DOCU": "PLAN GENERAL", "_raw_DS_LEY": "CM Ley 9/1995, E RDL 1/1992, E RD 1346/1976", "_raw_FC_AC": "1999-01-14", "_raw_NM_AREA_M2": 33141.831512292498, "_cam_code": "014" }, "geometry": { "type": "Polygon", "coordinates": [ [ [ -3.4485, 40.343 ], [ -3.4464, 40.3442 ], [ -3.4461, 40.3448 ], [ -3.4457, 40.3452 ], [ -3.4455, 40.3457 ], [ -3.4442, 40.3471 ], [ -3.4438, 40.3479 ], [ -3.4427, 40.349 ], [ -3.4422, 40.3492 ], [ -3.4418, 40.3495 ], [ -3.4406, 40.3497 ], [ -3.4396, 40.3501 ], [ -3.4376, 40.3513 ], [ -3.4369, 40.3514 ], [ -3.4369, 40.3515 ], [ -3.4367, 40.3515 ], [ -3.4362, 40.3516 ], [ -3.4359, 40.3517 ], [ -3.4357, 40.3518 ], [ -3.4355, 40.352 ], [ -3.4354, 40.3521 ], [ -3.4367, 40.3515 ], [ -3.4368, 40.3515 ], [ -3.4371, 40.3514 ], [ -3.4373, 40.3514 ], [ -3.4376, 40.3513 ], [ -3.4378, 40.3513 ], [ -3.4396, 40.3502 ], [ -3.4409, 40.3497 ], [ -3.4414, 40.3497 ], [ -3.442, 40.3495 ], [ -3.4425, 40.3491 ], [ -3.443, 40.3489 ], [ -3.4438, 40.3481 ], [ -3.4443, 40.3471 ], [ -3.4451, 40.3464 ], [ -3.4457, 40.3454 ], [ -3.4462, 40.3449 ], [ -3.4465, 40.3443 ], [ -3.4468, 40.344 ], [ -3.4485, 40.3431 ], [ -3.4511, 40.3428 ], [ -3.4527, 40.3429 ], [ -3.4532, 40.3432 ], [ -3.4537, 40.3432 ], [ -3.4549, 40.343 ], [ -3.4549, 40.3429 ], [ -3.4568, 40.3428 ], [ -3.4603, 40.342 ], [ -3.46, 40.3417 ], [ -3.4596, 40.3406 ], [ -3.4595, 40.3406 ], [ -3.4589, 40.3393 ], [ -3.4588, 40.3393 ], [ -3.4582, 40.3362 ], [ -3.4581, 40.3366 ], [ -3.4583, 40.337 ], [ -3.4584, 40.3381 ], [ -3.4587, 40.3394 ], [ -3.4588, 40.3394 ], [ -3.4599, 40.3418 ], [ -3.4602, 40.342 ], [ -3.4583, 40.3423 ], [ -3.4569, 40.3427 ], [ -3.455, 40.3428 ], [ -3.454, 40.3431 ], [ -3.4534, 40.3431 ], [ -3.4534, 40.3425 ], [ -3.4531, 40.3416 ], [ -3.4529, 40.3414 ], [ -3.4528, 40.3406 ], [ -3.4527, 40.3406 ], [ -3.4528, 40.3414 ], [ -3.453, 40.3416 ], [ -3.4532, 40.3422 ], [ -3.4533, 40.3431 ], [ -3.4527, 40.3429 ], [ -3.4527, 40.3428 ], [ -3.4511, 40.3427 ], [ -3.4494, 40.3429 ], [ -3.4493, 40.343 ], [ -3.4493, 40.3429 ], [ -3.4485, 40.343 ] ] ] } },
{ "type": "Feature", "properties": { "municipio": "Arganda del Rey", "clasificacion": "no-urbanizable-protegido", "calificacion": "sin-asignar", "version": "vigente", "fuente": "SIT-CAM WFS — UsoDelSuelo:VPLA_V_CLASIFICACION (https://idem.comunidad.madrid/geosrvg/ows)", "fecha_dato": "2026-05-12", "ambito": "38587", "_raw_CD_SIGLAS": "SNUP_A", "_raw_DS_CLASIF_GEN": "Suelo No Urbanizable Protegido (APLAZADO)", "_raw_DS_CLASIF_DET": "Suelo No Urbanizable Protección de Vías de Comunicación", "_raw_DS_DOCU": "PLAN GENERAL", "_raw_DS_LEY": "CM Ley 9/1995, E RDL 1/1992, E RD 1346/1976", "_raw_FC_AC": "1999-01-14", "_raw_NM_AREA_M2": 355542.79588784598, "_cam_code": "014" }, "geometry": { "type": "Polygon", "coordinates": [ [ [ -3.443, 40.3217 ], [ -3.4443, 40.3214 ], [ -3.4443, 40.3216 ], [ -3.4444, 40.3216 ], [ -3.4441, 40.3249 ], [ -3.4445, 40.3269 ], [ -3.4433, 40.328 ], [ -3.4428, 40.3288 ], [ -3.442, 40.3296 ], [ -3.4407, 40.3322 ], [ -3.4404, 40.3325 ], [ -3.4387, 40.3336 ], [ -3.4358, 40.3346 ], [ -3.4353, 40.3349 ], [ -3.4345, 40.3357 ], [ -3.4342, 40.3362 ], [ -3.4338, 40.338 ], [ -3.4322, 40.3407 ], [ -3.4317, 40.343 ], [ -3.4304, 40.3454 ], [ -3.4293, 40.3465 ], [ -3.4279, 40.3483 ], [ -3.4263, 40.3494 ], [ -3.4262, 40.3497 ], [ -3.4264, 40.3502 ], [ -3.4268, 40.3498 ], [ -3.4281, 40.349 ], [ -3.4296, 40.3471 ], [ -3.4309, 40.3458 ], [ -3.4324, 40.3432 ], [ -3.4329, 40.3408 ], [ -3.4343, 40.3386 ], [ -3.4349, 40.3364 ], [ -3.4355, 40.3355 ], [ -3.4362, 40.335 ], [ -3.4385, 40.3343 ], [ -3.4404, 40.3333 ], [ -3.4409, 40.3329 ], [ -3.4416, 40.332 ], [ -3.4422, 40.3305 ], [ -3.4426, 40.3299 ], [ -3.4434, 40.3291 ], [ -3.4439, 40.3283 ], [ -3.445, 40.3274 ], [ -3.4453, 40.3267 ], [ -3.445, 40.326 ], [ -3.4448, 40.3249 ], [ -3.445, 40.322 ], [ -3.4452, 40.3213 ], [ -3.4491, 40.3203 ], [ -3.4524, 40.3207 ], [ -3.4538, 40.3211 ], [ -3.4553, 40.3211 ], [ -3.4554, 40.321 ], [ -3.4553, 40.3207 ], [ -3.4558, 40.3206 ], [ -3.4571, 40.32 ], [ -3.4573, 40.3198 ], [ -3.4579, 40.3196 ], [ -3.4579, 40.3195 ], [ -3.4578, 40.3194 ], [ -3.4554, 40.3206 ], [ -3.4553, 40.3206 ], [ -3.4553, 40.3204 ], [ -3.4545, 40.3205 ], [ -3.4519, 40.3199 ], [ -3.4503, 40.3197 ], [ -3.4488, 40.3197 ], [ -3.4455, 40.3205 ], [ -3.445, 40.3205 ], [ -3.445, 40.3204 ], [ -3.4448, 40.3204 ], [ -3.4443, 40.3196 ], [ -3.4437, 40.319 ], [ -3.4434, 40.3181 ], [ -3.4434, 40.3176 ], [ -3.4436, 40.3171 ], [ -3.4445, 40.3164 ], [ -3.4442, 40.3164 ], [ -3.4435, 40.317 ], [ -3.4434, 40.3174 ], [ -3.4433, 40.3174 ], [ -3.4433, 40.3171 ], [ -3.4432, 40.3172 ], [ -3.4431, 40.3176 ], [ -3.4431, 40.3182 ], [ -3.4433, 40.3188 ], [ -3.4445, 40.3203 ], [ -3.4445, 40.3206 ], [ -3.4442, 40.321 ], [ -3.4427, 40.3214 ], [ -3.4407, 40.3226 ], [ -3.4384, 40.3235 ], [ -3.4376, 40.3236 ], [ -3.4368, 40.3235 ], [ -3.434, 40.3236 ], [ -3.4319, 40.3243 ], [ -3.4319, 40.3247 ], [ -3.4341, 40.3239 ], [ -3.4385, 40.3238 ], [ -3.4414, 40.3226 ], [ -3.4421, 40.3221 ], [ -3.443, 40.3217 ] ] ] } },
{ "type": "Feature", "properties": { "municipio": "Arganda del Rey", "clasificacion": "no-urbanizable-protegido", "calificacion": "sin-asignar", "version": "vigente", "fuente": "SIT-CAM WFS — UsoDelSuelo:VPLA_V_CLASIFICACION (https://idem.comunidad.madrid/geosrvg/ows)", "fecha_dato": "2026-05-12", "ambito": "38587", "_raw_CD_SIGLAS": "SNUP_A", "_raw_DS_CLASIF_GEN": "Suelo No Urbanizable Protegido (APLAZADO)", "_raw_DS_CLASIF_DET": "Suelo No Urbanizable Protección de Caminos", "_raw_DS_DOCU": "PLAN GENERAL", "_raw_DS_LEY": "CM Ley 9/1995, E RDL 1/1992, E RD 1346/1976", "_raw_FC_AC": "1999-01-14", "_raw_NM_AREA_M2": 101002.443400246, "_cam_code": "014" }, "geometry": { "type": "Polygon", "coordinates": [ [ [ -3.4329, 40.3486 ], [ -3.4337, 40.3491 ], [ -3.4337, 40.3491 ], [ -3.4338, 40.3491 ], [ -3.4339, 40.3491 ], [ -3.434, 40.3491 ], [ -3.4344, 40.3491 ], [ -3.4353, 40.3484 ], [ -3.4359, 40.3482 ], [ -3.4368, 40.3482 ], [ -3.4368, 40.3481 ], [ -3.4382, 40.3477 ], [ -3.4382, 40.3476 ], [ -3.4385, 40.3475 ], [ -3.4389, 40.347 ], [ -3.4392, 40.3459 ], [ -3.4399, 40.3455 ], [ -3.4404, 40.3454 ], [ -3.4405, 40.3445 ], [ -3.4412, 40.344 ], [ -3.4414, 40.3438 ], [ -3.4414, 40.3436 ], [ -3.4417, 40.3434 ], [ -3.4422, 40.3421 ], [ -3.4432, 40.3411 ], [ -3.4444, 40.3396 ], [ -3.4455, 40.3386 ], [ -3.4454, 40.3379 ], [ -3.446, 40.338 ], [ -3.4465, 40.3383 ], [ -3.4479, 40.3386 ], [ -3.4498, 40.3404 ], [ -3.4512, 40.3414 ], [ -3.4513, 40.3413 ], [ -3.4492, 40.3398 ], [ -3.4481, 40.3386 ], [ -3.4472, 40.3383 ], [ -3.4468, 40.3383 ], [ -3.4455, 40.3378 ], [ -3.4461, 40.3376 ], [ -3.4468, 40.3369 ], [ -3.4472, 40.3361 ], [ -3.4474, 40.336 ], [ -3.4474, 40.3354 ], [ -3.4473, 40.335 ], [ -3.4472, 40.335 ], [ -3.4472, 40.3346 ], [ -3.447, 40.3345 ], [ -3.447, 40.3342 ], [ -3.4471, 40.3339 ], [ -3.4476, 40.3335 ], [ -3.448, 40.3326 ], [ -3.4483, 40.3323 ], [ -3.4483, 40.3318 ], [ -3.4485, 40.3314 ], [ -3.449, 40.3329 ], [ -3.4496, 40.3338 ], [ -3.4498, 40.3339 ], [ -3.4498, 40.3341 ], [ -3.4504, 40.3351 ], [ -3.4505, 40.3357 ], [ -3.451, 40.3369 ], [ -3.4515, 40.3377 ], [ -3.4518, 40.3379 ], [ -3.4527, 40.3391 ], [ -3.4527, 40.3404 ], [ -3.4528, 40.3403 ], [ -3.4528, 40.339 ], [ -3.4522, 40.3382 ], [ -3.4516, 40.3377 ], [ -3.4509, 40.3365 ], [ -3.4507, 40.3357 ], [ -3.4505, 40.3354 ], [ -3.4505, 40.3351 ], [ -3.4499, 40.3339 ], [ -3.4493, 40.3332 ], [ -3.449, 40.3326 ], [ -3.4486, 40.331 ], [ -3.449, 40.3313 ], [ -3.4503, 40.3314 ], [ -3.4508, 40.3316 ], [ -3.4562, 40.3347 ], [ -3.4562, 40.3346 ], [ -3.4549, 40.3338 ], [ -3.4512, 40.3317 ], [ -3.4506, 40.3314 ], [ -3.449, 40.3312 ], [ -3.4489, 40.331 ], [ -3.4486, 40.3309 ], [ -3.4482, 40.3295 ], [ -3.4482, 40.3291 ], [ -3.4475, 40.3274 ], [ -3.4473, 40.3261 ], [ -3.4472, 40.3261 ], [ -3.4472, 40.3258 ], [ -3.4471, 40.3258 ], [ -3.4468, 40.325 ], [ -3.4465, 40.3236 ], [ -3.4464, 40.3236 ], [ -3.446, 40.3225 ], [ -3.4453, 40.3213 ], [ -3.4452, 40.3214 ], [ -3.4453, 40.3214 ], [ -3.4459, 40.3225 ], [ -3.4461, 40.3232 ], [ -3.446, 40.3232 ], [ -3.4459, 40.3239 ], [ -3.445, 40.326 ], [ -3.4459, 40.3242 ], [ -3.4462, 40.3233 ], [ -3.4464, 40.3237 ], [ -3.4464, 40.3241 ], [ -3.4465, 40.3241 ], [ -3.4468, 40.3254 ], [ -3.4471, 40.3259 ], [ -3.4471, 40.3262 ], [ -3.4472, 40.3262 ], [ -3.4474, 40.3274 ], [ -3.4481, 40.3291 ], [ -3.4481, 40.3295 ], [ -3.4485, 40.331 ], [ -3.4485, 40.3313 ], [ -3.4482, 40.3318 ], [ -3.4481, 40.3324 ], [ -3.4478, 40.3327 ], [ -3.4476, 40.3333 ], [ -3.4469, 40.3341 ], [ -3.4469, 40.3345 ], [ -3.4471, 40.3347 ], [ -3.4471, 40.335 ], [ -3.4473, 40.3354 ], [ -3.4473, 40.336 ], [ -3.447, 40.3362 ], [ -3.4463, 40.3373 ], [ -3.4454, 40.3378 ], [ -3.4449, 40.3376 ], [ -3.4436, 40.3373 ], [ -3.4432, 40.3373 ], [ -3.4422, 40.3369 ], [ -3.4405, 40.3367 ], [ -3.4404, 40.3366 ], [ -3.4405, 40.3366 ], [ -3.4407, 40.336 ], [ -3.4407, 40.3355 ], [ -3.4405, 40.3353 ], [ -3.4406, 40.3341 ], [ -3.441, 40.3334 ], [ -3.4411, 40.3327 ], [ -3.4405, 40.334 ], [ -3.4404, 40.3354 ], [ -3.4406, 40.3356 ], [ -3.4406, 40.336 ], [ -3.4405, 40.336 ], [ -3.4403, 40.3366 ], [ -3.4376, 40.3368 ], [ -3.4376, 40.3367 ], [ -3.4371, 40.3366 ], [ -3.4362, 40.3359 ], [ -3.4354, 40.3357 ], [ -3.4353, 40.3358 ], [ -3.4358, 40.336 ], [ -3.4362, 40.336 ], [ -3.4368, 40.3365 ], [ -3.4373, 40.3368 ], [ -3.4373, 40.3368 ], [ -3.4374, 40.3368 ], [ -3.4375, 40.3368 ], [ -3.4375, 40.3368 ], [ -3.4376, 40.3368 ], [ -3.4377, 40.3368 ], [ -3.4377, 40.3369 ], [ -3.4404, 40.3367 ], [ -3.4412, 40.3369 ], [ -3.4419, 40.3369 ], [ -3.442, 40.337 ], [ -3.4452, 40.3378 ], [ -3.445, 40.338 ], [ -3.4412, 40.3397 ], [ -3.4406, 40.3398 ], [ -3.4406, 40.3399 ], [ -3.4403, 40.34 ], [ -3.4404, 40.3401 ], [ -3.4406, 40.3399 ], [ -3.4414, 40.3397 ], [ -3.4451, 40.3381 ], [ -3.4453, 40.3379 ], [ -3.4454, 40.3386 ], [ -3.4446, 40.3392 ], [ -3.4422, 40.342 ], [ -3.4406, 40.3424 ], [ -3.4396, 40.3428 ], [ -3.4375, 40.3431 ], [ -3.4365, 40.3436 ], [ -3.4358, 40.3442 ], [ -3.435, 40.3443 ], [ -3.4348, 40.3445 ], [ -3.4348, 40.3447 ], [ -3.4346, 40.3448 ], [ -3.4344, 40.3453 ], [ -3.4333, 40.3455 ], [ -3.4331, 40.3457 ], [ -3.4331, 40.3462 ], [ -3.4328, 40.3465 ], [ -3.4307, 40.3478 ], [ -3.4284, 40.3486 ], [ -3.429, 40.3485 ], [ -3.43, 40.3481 ], [ -3.4308, 40.348 ], [ -3.4312, 40.3482 ], [ -3.4329, 40.3486 ] ], [ [ -3.4355, 40.3482 ], [ -3.4346, 40.3487 ], [ -3.4345, 40.349 ], [ -3.4338, 40.3491 ], [ -3.4338, 40.349 ], [ -3.4336, 40.349 ], [ -3.4327, 40.3484 ], [ -3.4307, 40.3479 ], [ -3.4331, 40.3464 ], [ -3.4332, 40.3457 ], [ -3.4346, 40.3453 ], [ -3.4349, 40.3446 ], [ -3.4352, 40.3443 ], [ -3.4357, 40.3443 ], [ -3.4378, 40.3431 ], [ -3.4397, 40.3429 ], [ -3.4409, 40.3424 ], [ -3.4421, 40.3421 ], [ -3.4416, 40.3434 ], [ -3.4413, 40.3436 ], [ -3.4413, 40.3438 ], [ -3.4411, 40.344 ], [ -3.4404, 40.3445 ], [ -3.4403, 40.3453 ], [ -3.4397, 40.3455 ], [ -3.4391, 40.3459 ], [ -3.4388, 40.347 ], [ -3.4382, 40.3476 ], [ -3.4373, 40.3478 ], [ -3.4368, 40.348 ], [ -3.4368, 40.3481 ], [ -3.4355, 40.3482 ] ] ] } },
{ "type": "Feature", "properties": { "municipio": "Arganda del Rey", "clasificacion": "no-urbanizable-protegido", "calificacion": "sin-asignar", "version": "vigente", "fuente": "SIT-CAM WFS — UsoDelSuelo:VPLA_V_CLASIFICACION (https://idem.comunidad.madrid/geosrvg/ows)", "fecha_dato": "2026-05-12", "ambito": "38587", "_raw_CD_SIGLAS": "SNUP_A", "_raw_DS_CLASIF_GEN": "Suelo No Urbanizable Protegido (APLAZADO)", "_raw_DS_CLASIF_DET": "Suelo No Urbanizable Parque Regional del Sureste Zona F", "_raw_DS_DOCU": "PLAN GENERAL", "_raw_DS_LEY": "CM Ley 9/1995, E RDL 1/1992, E RD 1346/1976", "_raw_FC_AC": "1999-01-14", "_raw_NM_AREA_M2": 317627.52032513299, "_cam_code": "014" }, "geometry": { "type": "Polygon", "coordinates": [ [ [ -3.466, 40.3285 ], [ -3.4657, 40.3292 ], [ -3.4649, 40.3298 ], [ -3.4646, 40.3298 ], [ -3.4645, 40.3299 ], [ -3.4645, 40.3305 ], [ -3.4639, 40.3307 ], [ -3.4631, 40.3315 ], [ -3.4631, 40.3317 ], [ -3.4627, 40.3322 ], [ -3.4633, 40.333 ], [ -3.4633, 40.3335 ], [ -3.4647, 40.3349 ], [ -3.4673, 40.3398 ], [ -3.4697, 40.3389 ], [ -3.4691, 40.3374 ], [ -3.4679, 40.3357 ], [ -3.4673, 40.3345 ], [ -3.467, 40.3333 ], [ -3.4667, 40.3315 ], [ -3.4667, 40.3308 ], [ -3.4674, 40.3295 ], [ -3.4677, 40.3286 ], [ -3.4675, 40.3277 ], [ -3.4672, 40.3272 ], [ -3.466, 40.3285 ] ] ] } },
{ "type": "Feature", "properties": { "municipio": "Arganda del Rey", "clasificacion": "no-urbanizable-protegido", "calificacion": "sin-asignar", "version": "vigente", "fuente": "SIT-CAM WFS — UsoDelSuelo:VPLA_V_CLASIFICACION (https://idem.comunidad.madrid/geosrvg/ows)", "fecha_dato": "2026-05-12", "ambito": "38587", "_raw_CD_SIGLAS": "SNUP_A", "_raw_DS_CLASIF_GEN": "Suelo No Urbanizable Protegido (APLAZADO)", "_raw_DS_CLASIF_DET": "Suelo No Urbanizable Parque Regional del Sureste Zona D", "_raw_DS_DOCU": "PLAN GENERAL", "_raw_DS_LEY": "CM Ley 9/1995, E RDL 1/1992, E RD 1346/1976", "_raw_FC_AC": "1999-01-14", "_raw_NM_AREA_M2": 122760.47603749399, "_cam_code": "014" }, "geometry": { "type": "Polygon", "coordinates": [ [ [ -3.4632, 40.3219 ], [ -3.4632, 40.3229 ], [ -3.4637, 40.3238 ], [ -3.4659, 40.3254 ], [ -3.467, 40.3268 ], [ -3.4675, 40.3277 ], [ -3.4677, 40.3283 ], [ -3.4676, 40.329 ], [ -3.4667, 40.3308 ], [ -3.4667, 40.3315 ], [ -3.467, 40.3333 ], [ -3.4673, 40.3345 ], [ -3.4679, 40.3357 ], [ -3.4691, 40.3374 ], [ -3.4697, 40.3389 ], [ -3.4704, 40.3386 ], [ -3.4694, 40.3367 ], [ -3.4681, 40.3348 ], [ -3.4674, 40.3315 ], [ -3.4674, 40.3309 ], [ -3.4683, 40.3291 ], [ -3.4684, 40.3286 ], [ -3.4682, 40.3275 ], [ -3.4665, 40.3251 ], [ -3.4656, 40.3243 ], [ -3.4649, 40.324 ], [ -3.4641, 40.3233 ], [ -3.4639, 40.3228 ], [ -3.4639, 40.322 ], [ -3.4632, 40.3219 ] ] ] } },
{ "type": "Feature", "properties": { "municipio": "Arganda del Rey", "clasificacion": "no-urbanizable-protegido", "calificacion": "sin-asignar", "version": "vigente", "fuente": "SIT-CAM WFS — UsoDelSuelo:VPLA_V_CLASIFICACION (https://idem.comunidad.madrid/geosrvg/ows)", "fecha_dato": "2026-05-12", "ambito": "38587", "_raw_CD_SIGLAS": "SNUP_A", "_raw_DS_CLASIF_GEN": "Suelo No Urbanizable Protegido (APLAZADO)", "_raw_DS_CLASIF_DET": "Suelo No Urbanizable Protección de Cauces de Agua", "_raw_DS_DOCU": "PLAN GENERAL", "_raw_DS_LEY": "CM Ley 9/1995, E RDL 1/1992, E RD 1346/1976", "_raw_FC_AC": "1999-01-14", "_raw_NM_AREA_M2": 32924.325249973197, "_cam_code": "014" }, "geometry": { "type": "Polygon", "coordinates": [ [ [ -3.4538, 40.3185 ], [ -3.4548, 40.3186 ], [ -3.4549, 40.3189 ], [ -3.4554, 40.3193 ], [ -3.456, 40.3194 ], [ -3.4568, 40.3199 ], [ -3.4571, 40.3198 ], [ -3.4562, 40.3192 ], [ -3.4555, 40.3191 ], [ -3.4551, 40.3187 ], [ -3.455, 40.3183 ], [ -3.4539, 40.3183 ], [ -3.4539, 40.3182 ], [ -3.4531, 40.3182 ], [ -3.453, 40.3181 ], [ -3.4514, 40.3182 ], [ -3.4513, 40.3181 ], [ -3.4481, 40.318 ], [ -3.448, 40.3175 ], [ -3.4473, 40.3176 ], [ -3.4473, 40.3175 ], [ -3.4465, 40.3175 ], [ -3.4465, 40.3174 ], [ -3.446, 40.3175 ], [ -3.445, 40.3173 ], [ -3.445, 40.3174 ], [ -3.4445, 40.3173 ], [ -3.4445, 40.3174 ], [ -3.4443, 40.3171 ], [ -3.4438, 40.317 ], [ -3.4438, 40.3169 ], [ -3.4436, 40.3171 ], [ -3.4441, 40.3173 ], [ -3.4443, 40.3177 ], [ -3.4446, 40.3177 ], [ -3.4447, 40.3175 ], [ -3.4448, 40.3176 ], [ -3.4456, 40.3176 ], [ -3.4456, 40.3177 ], [ -3.4464, 40.3176 ], [ -3.4464, 40.3177 ], [ -3.4477, 40.3178 ], [ -3.4479, 40.3182 ], [ -3.4491, 40.3182 ], [ -3.4496, 40.3183 ], [ -3.4496, 40.3184 ], [ -3.4511, 40.3183 ], [ -3.4512, 40.3184 ], [ -3.4537, 40.3184 ], [ -3.4538, 40.3185 ] ] ] } },
{ "type": "Feature", "properties": { "municipio": "Arganda del Rey", "clasificacion": "no-urbanizable-protegido", "calificacion": "sin-asignar", "version": "vigente", "fuente": "SIT-CAM WFS — UsoDelSuelo:VPLA_V_CLASIFICACION (https://idem.comunidad.madrid/geosrvg/ows)", "fecha_dato": "2026-05-12", "ambito": "38587", "_raw_CD_SIGLAS": "SNUP_A", "_raw_DS_CLASIF_GEN": "Suelo No Urbanizable Protegido (APLAZADO)", "_raw_DS_CLASIF_DET": "Suelo No Urbanizable Protección de Vegas", "_raw_DS_DOCU": "PLAN GENERAL", "_raw_DS_LEY": "CM Ley 9/1995, E RDL 1/1992, E RD 1346/1976", "_raw_FC_AC": "1999-01-14", "_raw_NM_AREA_M2": 35476.4190375037, "_cam_code": "014" }, "geometry": { "type": "Polygon", "coordinates": [ [ [ -3.4416, 40.3164 ], [ -3.4415, 40.3169 ], [ -3.4425, 40.3181 ], [ -3.4432, 40.3194 ], [ -3.4434, 40.3195 ], [ -3.4435, 40.3198 ], [ -3.4444, 40.3208 ], [ -3.4445, 40.3203 ], [ -3.4433, 40.3188 ], [ -3.4431, 40.3182 ], [ -3.4431, 40.3176 ], [ -3.4435, 40.3166 ], [ -3.4427, 40.3164 ], [ -3.4427, 40.3163 ], [ -3.4423, 40.3163 ], [ -3.4423, 40.3162 ], [ -3.442, 40.3162 ], [ -3.442, 40.3163 ], [ -3.4416, 40.3164 ] ] ] } },
{ "type": "Feature", "properties": { "municipio": "Arganda del Rey", "clasificacion": "no-urbanizable-protegido", "calificacion": "sin-asignar", "version": "vigente", "fuente": "SIT-CAM WFS — UsoDelSuelo:VPLA_V_CLASIFICACION (https://idem.comunidad.madrid/geosrvg/ows)", "fecha_dato": "2026-05-12", "ambito": "38587", "_raw_CD_SIGLAS": "SNUP_A", "_raw_DS_CLASIF_GEN": "Suelo No Urbanizable Protegido (APLAZADO)", "_raw_DS_CLASIF_DET": "Suelo No Urbanizable Parque Regional del Sureste Zona D", "_raw_DS_DOCU": "PLAN GENERAL", "_raw_DS_LEY": "CM Ley 9/1995, E RDL 1/1992, E RD 1346/1976", "_raw_FC_AC": "1999-01-14", "_raw_NM_AREA_M2": 239074.50211232499, "_cam_code": "014" }, "geometry": { "type": "Polygon", "coordinates": [ [ [ -3.4393, 40.2662 ], [ -3.4388, 40.2666 ], [ -3.4383, 40.2668 ], [ -3.4382, 40.2672 ], [ -3.4381, 40.2672 ], [ -3.4376, 40.268 ], [ -3.437, 40.2683 ], [ -3.4362, 40.2685 ], [ -3.4395, 40.2694 ], [ -3.4463, 40.2709 ], [ -3.4452, 40.2697 ], [ -3.4451, 40.2694 ], [ -3.4453, 40.2688 ], [ -3.4456, 40.2685 ], [ -3.4456, 40.2683 ], [ -3.4452, 40.2678 ], [ -3.4442, 40.2673 ], [ -3.444, 40.2668 ], [ -3.4416, 40.2662 ], [ -3.4414, 40.266 ], [ -3.4412, 40.266 ], [ -3.441, 40.2662 ], [ -3.4405, 40.266 ], [ -3.4405, 40.2661 ], [ -3.4396, 40.266 ], [ -3.4395, 40.2662 ], [ -3.4393, 40.2662 ] ] ] } },
{ "type": "Feature", "properties": { "municipio": "Arganda del Rey", "clasificacion": "no-urbanizable-protegido", "calificacion": "sin-asignar", "version": "vigente", "fuente": "SIT-CAM WFS — UsoDelSuelo:VPLA_V_CLASIFICACION (https://idem.comunidad.madrid/geosrvg/ows)", "fecha_dato": "2026-05-12", "ambito": "38587", "_raw_CD_SIGLAS": "SNUP_A", "_raw_DS_CLASIF_GEN": "Suelo No Urbanizable Protegido (APLAZADO)", "_raw_DS_CLASIF_DET": "Suelo No Urbanizable Protección de Caminos", "_raw_DS_DOCU": "PLAN GENERAL", "_raw_DS_LEY": "CM Ley 9/1995, E RDL 1/1992, E RD 1346/1976", "_raw_FC_AC": "1999-01-14", "_raw_NM_AREA_M2": 35656.370987744202, "_cam_code": "014" }, "geometry": { "type": "Polygon", "coordinates": [ [ [ -3.3753, 40.2627 ], [ -3.3735, 40.2702 ], [ -3.3738, 40.2707 ], [ -3.3759, 40.2625 ], [ -3.3753, 40.2627 ] ] ] } },
{ "type": "Feature", "properties": { "municipio": "Arganda del Rey", "clasificacion": "no-urbanizable-protegido", "calificacion": "sin-asignar", "version": "vigente", "fuente": "SIT-CAM WFS — UsoDelSuelo:VPLA_V_CLASIFICACION (https://idem.comunidad.madrid/geosrvg/ows)", "fecha_dato": "2026-05-12", "ambito": "38587", "_raw_CD_SIGLAS": "SNUP_A", "_raw_DS_CLASIF_GEN": "Suelo No Urbanizable Protegido (APLAZADO)", "_raw_DS_CLASIF_DET": "Suelo No Urbanizable Protección de Vías Pecuarias", "_raw_DS_DOCU": "PLAN GENERAL", "_raw_DS_LEY": "CM Ley 9/1995, E RDL 1/1992, E RD 1346/1976", "_raw_FC_AC": "1999-01-14", "_raw_NM_AREA_M2": 39555.120349882403, "_cam_code": "014" }, "geometry": { "type": "Polygon", "coordinates": [ [ [ -3.4143, 40.2849 ], [ -3.4151, 40.2852 ], [ -3.4159, 40.286 ], [ -3.4169, 40.2874 ], [ -3.4182, 40.2875 ], [ -3.4196, 40.2879 ], [ -3.4206, 40.2879 ], [ -3.4208, 40.2881 ], [ -3.4207, 40.2889 ], [ -3.4212, 40.2891 ], [ -3.4212, 40.29 ], [ -3.4213, 40.29 ], [ -3.4215, 40.2904 ], [ -3.4216, 40.2911 ], [ -3.4226, 40.2921 ], [ -3.4249, 40.293 ], [ -3.4249, 40.2928 ], [ -3.4245, 40.2926 ], [ -3.4228, 40.292 ], [ -3.4218, 40.291 ], [ -3.4217, 40.2903 ], [ -3.4215, 40.2899 ], [ -3.4215, 40.2891 ], [ -3.4213, 40.2889 ], [ -3.4209, 40.2888 ], [ -3.421, 40.2886 ], [ -3.421, 40.288 ], [ -3.4209, 40.2879 ], [ -3.4206, 40.2877 ], [ -3.4195, 40.2877 ], [ -3.4195, 40.2876 ], [ -3.4191, 40.2876 ], [ -3.4182, 40.2873 ], [ -3.4171, 40.2873 ], [ -3.4161, 40.2859 ], [ -3.4154, 40.2852 ], [ -3.4147, 40.2848 ], [ -3.4145, 40.2848 ], [ -3.4145, 40.2847 ], [ -3.414, 40.2848 ], [ -3.4136, 40.2837 ], [ -3.4131, 40.2831 ], [ -3.413, 40.2827 ], [ -3.4124, 40.2821 ], [ -3.4123, 40.2806 ], [ -3.4121, 40.2803 ], [ -3.4122, 40.2822 ], [ -3.4128, 40.2828 ], [ -3.4129, 40.2832 ], [ -3.4134, 40.2838 ], [ -3.4137, 40.2848 ], [ -3.4138, 40.2849 ], [ -3.4143, 40.2849 ] ] ] } },
{ "type": "Feature", "properties": { "municipio": "Arganda del Rey", "clasificacion": "no-urbanizable-protegido", "calificacion": "sin-asignar", "version": "vigente", "fuente": "SIT-CAM WFS — UsoDelSuelo:VPLA_V_CLASIFICACION (https://idem.comunidad.madrid/geosrvg/ows)", "fecha_dato": "2026-05-12", "ambito": "38587", "_raw_CD_SIGLAS": "SNUP_A", "_raw_DS_CLASIF_GEN": "Suelo No Urbanizable Protegido (APLAZADO)", "_raw_DS_CLASIF_DET": "Suelo No Urbanizable Parque Regional del Sureste Zona B", "_raw_DS_DOCU": "PLAN GENERAL", "_raw_DS_LEY": "CM Ley 9/1995, E RDL 1/1992, E RD 1346/1976", "_raw_FC_AC": "1999-01-14", "_raw_NM_AREA_M2": 318374.62790004699, "_cam_code": "014" }, "geometry": { "type": "Polygon", "coordinates": [ [ [ -3.439, 40.2911 ], [ -3.4404, 40.2916 ], [ -3.4421, 40.2925 ], [ -3.4417, 40.2916 ], [ -3.4418, 40.2911 ], [ -3.4414, 40.2909 ], [ -3.4415, 40.2908 ], [ -3.4405, 40.2905 ], [ -3.4408, 40.2895 ], [ -3.4392, 40.2894 ], [ -3.4389, 40.2893 ], [ -3.4389, 40.2892 ], [ -3.4388, 40.2893 ], [ -3.4385, 40.2892 ], [ -3.4362, 40.2877 ], [ -3.4362, 40.2873 ], [ -3.437, 40.2868 ], [ -3.4365, 40.2867 ], [ -3.4363, 40.2861 ], [ -3.4348, 40.2855 ], [ -3.434, 40.2854 ], [ -3.4325, 40.2855 ], [ -3.4315, 40.2853 ], [ -3.4306, 40.2849 ], [ -3.4307, 40.2855 ], [ -3.431, 40.2862 ], [ -3.4315, 40.287 ], [ -3.4327, 40.2883 ], [ -3.4329, 40.289 ], [ -3.4334, 40.2899 ], [ -3.4335, 40.2905 ], [ -3.4337, 40.2906 ], [ -3.434, 40.2911 ], [ -3.4354, 40.2911 ], [ -3.4355, 40.2912 ], [ -3.4359, 40.2911 ], [ -3.4366, 40.2911 ], [ -3.4366, 40.2912 ], [ -3.439, 40.2911 ] ] ] } },
{ "type": "Feature", "properties": { "municipio": "Arganda del Rey", "clasificacion": "no-urbanizable-protegido", "calificacion": "sin-asignar", "version": "vigente", "fuente": "SIT-CAM WFS — UsoDelSuelo:VPLA_V_CLASIFICACION (https://idem.comunidad.madrid/geosrvg/ows)", "fecha_dato": "2026-05-12", "ambito": "38587", "_raw_CD_SIGLAS": "SNUP_A", "_raw_DS_CLASIF_GEN": "Suelo No Urbanizable Protegido (APLAZADO)", "_raw_DS_CLASIF_DET": "Suelo no Urbanizable Protegido", "_raw_DS_DOCU": "PLAN GENERAL", "_raw_DS_LEY": "CM Ley 9/1995, E RDL 1/1992, E RD 1346/1976", "_raw_FC_AC": "1999-01-14", "_raw_NM_AREA_M2": 20759.881575141299, "_cam_code": "014" }, "geometry": { "type": "Polygon", "coordinates": [ [ [ -3.4375, 40.3051 ], [ -3.4402, 40.3052 ], [ -3.4402, 40.3053 ], [ -3.4406, 40.3054 ], [ -3.4406, 40.3055 ], [ -3.4409, 40.3055 ], [ -3.4409, 40.3054 ], [ -3.4405, 40.3053 ], [ -3.4403, 40.3051 ], [ -3.4373, 40.3049 ], [ -3.4361, 40.3044 ], [ -3.4306, 40.2996 ], [ -3.4294, 40.2982 ], [ -3.4292, 40.2982 ], [ -3.429, 40.2979 ], [ -3.4288, 40.2979 ], [ -3.4288, 40.2981 ], [ -3.4293, 40.2983 ], [ -3.4296, 40.2988 ], [ -3.4304, 40.2996 ], [ -3.4361, 40.3046 ], [ -3.4375, 40.3051 ] ] ] } },
{ "type": "Feature", "properties": { "municipio": "Arganda del Rey", "clasificacion": "no-urbanizable-protegido", "calificacion": "sin-asignar", "version": "vigente", "fuente": "SIT-CAM WFS — UsoDelSuelo:VPLA_V_CLASIFICACION (https://idem.comunidad.madrid/geosrvg/ows)", "fecha_dato": "2026-05-12", "ambito": "38587", "_raw_CD_SIGLAS": "SNUP_A", "_raw_DS_CLASIF_GEN": "Suelo No Urbanizable Protegido (APLAZADO)", "_raw_DS_CLASIF_DET": "Suelo No Urbanizable Protección de Vías Pecuarias", "_raw_DS_DOCU": "PLAN GENERAL", "_raw_DS_LEY": "CM Ley 9/1995, E RDL 1/1992, E RD 1346/1976", "_raw_FC_AC": "1999-01-14", "_raw_NM_AREA_M2": 104868.051974949, "_cam_code": "014" }, "geometry": { "type": "Polygon", "coordinates": [ [ [ -3.4625, 40.3322 ], [ -3.46, 40.3347 ], [ -3.4556, 40.3379 ], [ -3.4529, 40.3403 ], [ -3.4512, 40.3414 ], [ -3.4507, 40.3415 ], [ -3.4492, 40.3424 ], [ -3.4482, 40.3428 ], [ -3.448, 40.3432 ], [ -3.4507, 40.3417 ], [ -3.4512, 40.3416 ], [ -3.4531, 40.3404 ], [ -3.4555, 40.3382 ], [ -3.4601, 40.3349 ], [ -3.4626, 40.3324 ], [ -3.463, 40.333 ], [ -3.463, 40.3335 ], [ -3.4645, 40.335 ], [ -3.4671, 40.3399 ], [ -3.4673, 40.3398 ], [ -3.4647, 40.3349 ], [ -3.4633, 40.3335 ], [ -3.4633, 40.333 ], [ -3.4627, 40.3322 ], [ -3.4631, 40.3317 ], [ -3.4631, 40.3315 ], [ -3.4639, 40.3307 ], [ -3.4645, 40.3305 ], [ -3.4645, 40.3299 ], [ -3.4646, 40.3298 ], [ -3.4649, 40.3298 ], [ -3.4657, 40.3292 ], [ -3.4659, 40.3286 ], [ -3.4672, 40.3272 ], [ -3.4671, 40.327 ], [ -3.4657, 40.3285 ], [ -3.4653, 40.3293 ], [ -3.4646, 40.3296 ], [ -3.4646, 40.3297 ], [ -3.4643, 40.3297 ], [ -3.4643, 40.3304 ], [ -3.4636, 40.3306 ], [ -3.4636, 40.3308 ], [ -3.4629, 40.3314 ], [ -3.4629, 40.3316 ], [ -3.4626, 40.332 ], [ -3.4619, 40.3312 ], [ -3.4606, 40.3306 ], [ -3.4603, 40.3302 ], [ -3.4593, 40.3294 ], [ -3.4571, 40.3279 ], [ -3.455, 40.3268 ], [ -3.4513, 40.3242 ], [ -3.4504, 40.3232 ], [ -3.4502, 40.3228 ], [ -3.449, 40.3216 ], [ -3.4484, 40.3214 ], [ -3.4484, 40.3212 ], [ -3.4491, 40.3205 ], [ -3.4491, 40.3203 ], [ -3.4488, 40.3204 ], [ -3.4488, 40.3206 ], [ -3.4482, 40.3211 ], [ -3.4482, 40.3215 ], [ -3.4489, 40.3218 ], [ -3.4491, 40.3221 ], [ -3.4495, 40.3223 ], [ -3.4509, 40.3242 ], [ -3.4556, 40.3274 ], [ -3.4589, 40.3294 ], [ -3.4599, 40.3301 ], [ -3.4604, 40.3307 ], [ -3.4615, 40.3312 ], [ -3.4615, 40.3313 ], [ -3.4617, 40.3313 ], [ -3.4623, 40.3319 ], [ -3.4623, 40.3321 ], [ -3.4625, 40.3322 ] ] ] } },
{ "type": "Feature", "properties": { "municipio": "Arganda del Rey", "clasificacion": "no-urbanizable-protegido", "calificacion": "sin-asignar", "version": "vigente", "fuente": "SIT-CAM WFS — UsoDelSuelo:VPLA_V_CLASIFICACION (https://idem.comunidad.madrid/geosrvg/ows)", "fecha_dato": "2026-05-12", "ambito": "38587", "_raw_CD_SIGLAS": "SNUP_A", "_raw_DS_CLASIF_GEN": "Suelo No Urbanizable Protegido (APLAZADO)", "_raw_DS_CLASIF_DET": "Suelo No Urbanizable Parque Regional del Sureste Zona F", "_raw_DS_DOCU": "PLAN GENERAL", "_raw_DS_LEY": "CM Ley 9/1995, E RDL 1/1992, E RD 1346/1976", "_raw_FC_AC": "1999-01-14", "_raw_NM_AREA_M2": 258223.29498756499, "_cam_code": "014" }, "geometry": { "type": "Polygon", "coordinates": [ [ [ -3.4581, 40.3363 ], [ -3.4555, 40.3382 ], [ -3.4543, 40.3394 ], [ -3.454, 40.3395 ], [ -3.4536, 40.34 ], [ -3.4528, 40.3406 ], [ -3.4529, 40.3414 ], [ -3.4531, 40.3416 ], [ -3.4534, 40.3425 ], [ -3.4534, 40.3431 ], [ -3.454, 40.3431 ], [ -3.455, 40.3428 ], [ -3.4569, 40.3427 ], [ -3.4583, 40.3423 ], [ -3.4602, 40.342 ], [ -3.4599, 40.3418 ], [ -3.4588, 40.3394 ], [ -3.4587, 40.3394 ], [ -3.4581, 40.3363 ] ] ] } },
{ "type": "Feature", "properties": { "municipio": "Arganda del Rey", "clasificacion": "no-urbanizable-protegido", "calificacion": "sin-asignar", "version": "vigente", "fuente": "SIT-CAM WFS — UsoDelSuelo:VPLA_V_CLASIFICACION (https://idem.comunidad.madrid/geosrvg/ows)", "fecha_dato": "2026-05-12", "ambito": "38587", "_raw_CD_SIGLAS": "SNUP_A", "_raw_DS_CLASIF_GEN": "Suelo No Urbanizable Protegido (APLAZADO)", "_raw_DS_CLASIF_DET": "Suelo No Urbanizable Parque Regional del Sureste Zona E", "_raw_DS_DOCU": "PLAN GENERAL", "_raw_DS_LEY": "CM Ley 9/1995, E RDL 1/1992, E RD 1346/1976", "_raw_FC_AC": "1999-01-14", "_raw_NM_AREA_M2": 591741.77691263298, "_cam_code": "014" }, "geometry": { "type": "Polygon", "coordinates": [ [ [ -3.4335, 40.266 ], [ -3.4336, 40.2668 ], [ -3.4333, 40.2676 ], [ -3.4334, 40.2679 ], [ -3.4362, 40.2685 ], [ -3.437, 40.2683 ], [ -3.4376, 40.268 ], [ -3.4381, 40.2672 ], [ -3.4382, 40.2672 ], [ -3.4383, 40.2668 ], [ -3.4388, 40.2666 ], [ -3.4393, 40.2662 ], [ -3.4395, 40.2662 ], [ -3.4396, 40.266 ], [ -3.4405, 40.2661 ], [ -3.4405, 40.266 ], [ -3.441, 40.2662 ], [ -3.4412, 40.266 ], [ -3.4414, 40.266 ], [ -3.4416, 40.2662 ], [ -3.4427, 40.2664 ], [ -3.444, 40.2668 ], [ -3.4438, 40.2666 ], [ -3.4438, 40.2663 ], [ -3.4444, 40.2659 ], [ -3.4446, 40.2655 ], [ -3.4448, 40.2654 ], [ -3.4449, 40.2649 ], [ -3.445, 40.2649 ], [ -3.4448, 40.2644 ], [ -3.4438, 40.2642 ], [ -3.4437, 40.2634 ], [ -3.4438, 40.2632 ], [ -3.444, 40.2632 ], [ -3.4442, 40.2628 ], [ -3.4448, 40.2626 ], [ -3.4449, 40.2624 ], [ -3.4457, 40.2623 ], [ -3.4464, 40.2616 ], [ -3.4465, 40.2611 ], [ -3.4468, 40.2608 ], [ -3.4463, 40.261 ], [ -3.4463, 40.2611 ], [ -3.4436, 40.261 ], [ -3.4427, 40.2615 ], [ -3.4422, 40.2621 ], [ -3.4409, 40.2624 ], [ -3.4401, 40.2624 ], [ -3.4401, 40.2623 ], [ -3.4389, 40.262 ], [ -3.4373, 40.2619 ], [ -3.4363, 40.2617 ], [ -3.4358, 40.2612 ], [ -3.4349, 40.261 ], [ -3.4343, 40.2613 ], [ -3.4336, 40.2612 ], [ -3.4327, 40.2608 ], [ -3.4327, 40.261 ], [ -3.4329, 40.2612 ], [ -3.4328, 40.2618 ], [ -3.4331, 40.2625 ], [ -3.4332, 40.2625 ], [ -3.4333, 40.2632 ], [ -3.4334, 40.2632 ], [ -3.4334, 40.2637 ], [ -3.4329, 40.2645 ], [ -3.4332, 40.2649 ], [ -3.4332, 40.2655 ], [ -3.4335, 40.266 ] ] ] } },
{ "type": "Feature", "properties": { "municipio": "Arganda del Rey", "clasificacion": "no-urbanizable-protegido", "calificacion": "sin-asignar", "version": "vigente", "fuente": "SIT-CAM WFS — UsoDelSuelo:VPLA_V_CLASIFICACION (https://idem.comunidad.madrid/geosrvg/ows)", "fecha_dato": "2026-05-12", "ambito": "38587", "_raw_CD_SIGLAS": "SNUP_A", "_raw_DS_CLASIF_GEN": "Suelo No Urbanizable Protegido (APLAZADO)", "_raw_DS_CLASIF_DET": "Suelo No Urbanizable Protección de Vías Pecuarias", "_raw_DS_DOCU": "PLAN GENERAL", "_raw_DS_LEY": "CM Ley 9/1995, E RDL 1/1992, E RD 1346/1976", "_raw_FC_AC": "1999-01-14", "_raw_NM_AREA_M2": 71124.609062273506, "_cam_code": "014" }, "geometry": { "type": "Polygon", "coordinates": [ [ [ -3.4319, 40.2604 ], [ -3.4327, 40.2613 ], [ -3.4325, 40.2616 ], [ -3.4328, 40.2624 ], [ -3.433, 40.2626 ], [ -3.4331, 40.2635 ], [ -3.4332, 40.2635 ], [ -3.4332, 40.2637 ], [ -3.433, 40.2638 ], [ -3.433, 40.264 ], [ -3.4327, 40.2643 ], [ -3.4327, 40.2647 ], [ -3.433, 40.265 ], [ -3.433, 40.2656 ], [ -3.4331, 40.2656 ], [ -3.4333, 40.266 ], [ -3.4334, 40.2668 ], [ -3.4331, 40.2675 ], [ -3.4331, 40.2679 ], [ -3.4334, 40.2679 ], [ -3.4333, 40.2676 ], [ -3.4336, 40.2668 ], [ -3.4336, 40.2662 ], [ -3.4332, 40.2655 ], [ -3.4332, 40.2649 ], [ -3.4329, 40.2645 ], [ -3.4334, 40.2637 ], [ -3.4334, 40.2632 ], [ -3.4333, 40.2632 ], [ -3.4332, 40.2625 ], [ -3.4331, 40.2625 ], [ -3.4328, 40.2618 ], [ -3.4329, 40.2612 ], [ -3.4327, 40.261 ], [ -3.4327, 40.2608 ], [ -3.4336, 40.2612 ], [ -3.4343, 40.2613 ], [ -3.4349, 40.261 ], [ -3.4358, 40.2612 ], [ -3.4363, 40.2617 ], [ -3.4373, 40.2619 ], [ -3.4389, 40.262 ], [ -3.4401, 40.2623 ], [ -3.4401, 40.2624 ], [ -3.4409, 40.2624 ], [ -3.4422, 40.2621 ], [ -3.4427, 40.2615 ], [ -3.4436, 40.261 ], [ -3.4463, 40.2611 ], [ -3.4463, 40.261 ], [ -3.4465, 40.261 ], [ -3.4465, 40.2609 ], [ -3.4467, 40.2609 ], [ -3.4471, 40.2606 ], [ -3.4478, 40.2603 ], [ -3.4481, 40.2603 ], [ -3.4481, 40.2601 ], [ -3.4478, 40.2601 ], [ -3.4473, 40.2603 ], [ -3.4473, 40.2604 ], [ -3.4468, 40.2605 ], [ -3.4462, 40.2609 ], [ -3.4434, 40.2608 ], [ -3.4434, 40.2609 ], [ -3.4427, 40.2612 ], [ -3.442, 40.262 ], [ -3.4415, 40.2621 ], [ -3.4415, 40.2622 ], [ -3.4401, 40.2622 ], [ -3.4393, 40.2619 ], [ -3.4373, 40.2617 ], [ -3.4364, 40.2615 ], [ -3.4359, 40.261 ], [ -3.4354, 40.2609 ], [ -3.4348, 40.2609 ], [ -3.4344, 40.2611 ], [ -3.4337, 40.2611 ], [ -3.4337, 40.261 ], [ -3.4323, 40.2605 ], [ -3.4321, 40.2603 ], [ -3.4321, 40.2601 ], [ -3.432, 40.2601 ], [ -3.432, 40.2595 ], [ -3.4322, 40.2588 ], [ -3.4323, 40.2588 ], [ -3.4323, 40.2583 ], [ -3.4328, 40.2574 ], [ -3.4326, 40.2573 ], [ -3.432, 40.2584 ], [ -3.4321, 40.2587 ], [ -3.4318, 40.2593 ], [ -3.4318, 40.2597 ], [ -3.431, 40.2601 ], [ -3.4299, 40.2597 ], [ -3.4285, 40.2598 ], [ -3.4268, 40.2607 ], [ -3.4265, 40.2606 ], [ -3.4259, 40.26 ], [ -3.4249, 40.2601 ], [ -3.4242, 40.2598 ], [ -3.4237, 40.2599 ], [ -3.4233, 40.2603 ], [ -3.4235, 40.2605 ], [ -3.4239, 40.26 ], [ -3.4242, 40.26 ], [ -3.4244, 40.2602 ], [ -3.4248, 40.2603 ], [ -3.4259, 40.2602 ], [ -3.4264, 40.2608 ], [ -3.4269, 40.2608 ], [ -3.4285, 40.2601 ], [ -3.4287, 40.2599 ], [ -3.4299, 40.2599 ], [ -3.4308, 40.2602 ], [ -3.4308, 40.2603 ], [ -3.4318, 40.2599 ], [ -3.4319, 40.2604 ] ] ] } },
{ "type": "Feature", "properties": { "municipio": "Arganda del Rey", "clasificacion": "no-urbanizable-protegido", "calificacion": "sin-asignar", "version": "vigente", "fuente": "SIT-CAM WFS — UsoDelSuelo:VPLA_V_CLASIFICACION (https://idem.comunidad.madrid/geosrvg/ows)", "fecha_dato": "2026-05-12", "ambito": "38587", "_raw_CD_SIGLAS": "SNUP_A", "_raw_DS_CLASIF_GEN": "Suelo No Urbanizable Protegido (APLAZADO)", "_raw_DS_CLASIF_DET": "Suelo No Urbanizable Parque Regional del Sureste Zona D", "_raw_DS_DOCU": "PLAN GENERAL", "_raw_DS_LEY": "CM Ley 9/1995, E RDL 1/1992, E RD 1346/1976", "_raw_FC_AC": "1999-01-14", "_raw_NM_AREA_M2": 531156.09882510302, "_cam_code": "014" }, "geometry": { "type": "Polygon", "coordinates": [ [ [ -3.4234, 40.2605 ], [ -3.4251, 40.2617 ], [ -3.4255, 40.2625 ], [ -3.4254, 40.2631 ], [ -3.4252, 40.2634 ], [ -3.4252, 40.2647 ], [ -3.4253, 40.2649 ], [ -3.4252, 40.2649 ], [ -3.4251, 40.2652 ], [ -3.4251, 40.2659 ], [ -3.4248, 40.2664 ], [ -3.4289, 40.2675 ], [ -3.4331, 40.2679 ], [ -3.4331, 40.2675 ], [ -3.4334, 40.2668 ], [ -3.4334, 40.2665 ], [ -3.4333, 40.266 ], [ -3.4331, 40.2656 ], [ -3.433, 40.2656 ], [ -3.433, 40.265 ], [ -3.4327, 40.2647 ], [ -3.4327, 40.2643 ], [ -3.433, 40.264 ], [ -3.433, 40.2638 ], [ -3.4332, 40.2637 ], [ -3.4332, 40.2635 ], [ -3.4331, 40.2635 ], [ -3.433, 40.2626 ], [ -3.4328, 40.2624 ], [ -3.4325, 40.2616 ], [ -3.4327, 40.2613 ], [ -3.4324, 40.2608 ], [ -3.4319, 40.2604 ], [ -3.4318, 40.2599 ], [ -3.431, 40.2602 ], [ -3.431, 40.2603 ], [ -3.4299, 40.2599 ], [ -3.4287, 40.2599 ], [ -3.4285, 40.2601 ], [ -3.4269, 40.2608 ], [ -3.4264, 40.2608 ], [ -3.4259, 40.2602 ], [ -3.4248, 40.2603 ], [ -3.4244, 40.2602 ], [ -3.4242, 40.26 ], [ -3.4239, 40.26 ], [ -3.4234, 40.2605 ] ] ] } },
{ "type": "Feature", "properties": { "municipio": "Arganda del Rey", "clasificacion": "no-urbanizable-protegido", "calificacion": "sin-asignar", "version": "vigente", "fuente": "SIT-CAM WFS — UsoDelSuelo:VPLA_V_CLASIFICACION (https://idem.comunidad.madrid/geosrvg/ows)", "fecha_dato": "2026-05-12", "ambito": "38587", "_raw_CD_SIGLAS": "SNUP_A", "_raw_DS_CLASIF_GEN": "Suelo No Urbanizable Protegido (APLAZADO)", "_raw_DS_CLASIF_DET": "Suelo No Urbanizable Parque Regional del Sureste Zona D", "_raw_DS_DOCU": "PLAN GENERAL", "_raw_DS_LEY": "CM Ley 9/1995, E RDL 1/1992, E RD 1346/1976", "_raw_FC_AC": "1999-01-14", "_raw_NM_AREA_M2": 607062.84779995796, "_cam_code": "014" }, "geometry": { "type": "Polygon", "coordinates": [ [ [ -3.4754, 40.2667 ], [ -3.4757, 40.2668 ], [ -3.4765, 40.2676 ], [ -3.4767, 40.2676 ], [ -3.4771, 40.2671 ], [ -3.4781, 40.2664 ], [ -3.4791, 40.2664 ], [ -3.4794, 40.266 ], [ -3.4799, 40.2658 ], [ -3.4799, 40.2657 ], [ -3.4828, 40.2648 ], [ -3.4827, 40.2638 ], [ -3.481, 40.2628 ], [ -3.4806, 40.2623 ], [ -3.4801, 40.2609 ], [ -3.4798, 40.2604 ], [ -3.4787, 40.26 ], [ -3.4781, 40.2593 ], [ -3.4768, 40.2594 ], [ -3.4765, 40.2596 ], [ -3.4761, 40.2596 ], [ -3.4761, 40.2592 ], [ -3.475, 40.2589 ], [ -3.4746, 40.2591 ], [ -3.4741, 40.2599 ], [ -3.474, 40.2605 ], [ -3.4735, 40.2609 ], [ -3.4726, 40.2609 ], [ -3.4723, 40.2606 ], [ -3.4718, 40.2606 ], [ -3.4711, 40.2612 ], [ -3.4701, 40.2613 ], [ -3.4692, 40.2612 ], [ -3.469, 40.2614 ], [ -3.469, 40.2631 ], [ -3.4684, 40.2643 ], [ -3.4685, 40.2646 ], [ -3.4687, 40.2646 ], [ -3.469, 40.2643 ], [ -3.4694, 40.2646 ], [ -3.4698, 40.2644 ], [ -3.4698, 40.2643 ], [ -3.4704, 40.264 ], [ -3.4718, 40.2629 ], [ -3.4729, 40.2632 ], [ -3.4726, 40.2639 ], [ -3.4725, 40.2639 ], [ -3.4725, 40.2641 ], [ -3.4754, 40.2667 ] ] ] } },
{ "type": "Feature", "properties": { "municipio": "Arganda del Rey", "clasificacion": "no-urbanizable-protegido", "calificacion": "sin-asignar", "version": "vigente", "fuente": "SIT-CAM WFS — UsoDelSuelo:VPLA_V_CLASIFICACION (https://idem.comunidad.madrid/geosrvg/ows)", "fecha_dato": "2026-05-12", "ambito": "38587", "_raw_CD_SIGLAS": "SNUP_A", "_raw_DS_CLASIF_GEN": "Suelo No Urbanizable Protegido (APLAZADO)", "_raw_DS_CLASIF_DET": "Suelo No Urbanizable Parque Regional del Sureste Zona E", "_raw_DS_DOCU": "PLAN GENERAL", "_raw_DS_LEY": "CM Ley 9/1995, E RDL 1/1992, E RD 1346/1976", "_raw_FC_AC": "1999-01-14", "_raw_NM_AREA_M2": 499.60680002278298, "_cam_code": "014" }, "geometry": { "type": "Polygon", "coordinates": [ [ [ -3.4611, 40.2661 ], [ -3.4609, 40.2662 ], [ -3.4605, 40.2667 ], [ -3.4604, 40.2667 ], [ -3.4605, 40.2667 ], [ -3.4606, 40.2666 ], [ -3.4608, 40.2666 ], [ -3.4611, 40.2661 ] ] ] } },
{ "type": "Feature", "properties": { "municipio": "Arganda del Rey", "clasificacion": "no-urbanizable-protegido", "calificacion": "sin-asignar", "version": "vigente", "fuente": "SIT-CAM WFS — UsoDelSuelo:VPLA_V_CLASIFICACION (https://idem.comunidad.madrid/geosrvg/ows)", "fecha_dato": "2026-05-12", "ambito": "38587", "_raw_CD_SIGLAS": "SNUP_A", "_raw_DS_CLASIF_GEN": "Suelo No Urbanizable Protegido (APLAZADO)", "_raw_DS_CLASIF_DET": "Suelo No Urbanizable Parque Regional del Sureste Zona E", "_raw_DS_DOCU": "PLAN GENERAL", "_raw_DS_LEY": "CM Ley 9/1995, E RDL 1/1992, E RD 1346/1976", "_raw_FC_AC": "1999-01-14", "_raw_NM_AREA_M2": 206678.58348746601, "_cam_code": "014" }, "geometry": { "type": "Polygon", "coordinates": [ [ [ -3.4957, 40.304 ], [ -3.4981, 40.3055 ], [ -3.4991, 40.3047 ], [ -3.5015, 40.3034 ], [ -3.5015, 40.3033 ], [ -3.5017, 40.3033 ], [ -3.5018, 40.3031 ], [ -3.5029, 40.3024 ], [ -3.5029, 40.3023 ], [ -3.5033, 40.3022 ], [ -3.5047, 40.3014 ], [ -3.5035, 40.3013 ], [ -3.5035, 40.3012 ], [ -3.5029, 40.3011 ], [ -3.5027, 40.3013 ], [ -3.5024, 40.3013 ], [ -3.5024, 40.3014 ], [ -3.4988, 40.3017 ], [ -3.4988, 40.3018 ], [ -3.4977, 40.3021 ], [ -3.4961, 40.3021 ], [ -3.4948, 40.3018 ], [ -3.4943, 40.3018 ], [ -3.4931, 40.3021 ], [ -3.4948, 40.3033 ], [ -3.4947, 40.3037 ], [ -3.4944, 40.3037 ], [ -3.4951, 40.3041 ], [ -3.4957, 40.304 ] ] ] } },
{ "type": "Feature", "properties": { "municipio": "Arganda del Rey", "clasificacion": "no-urbanizable-protegido", "calificacion": "sin-asignar", "version": "vigente", "fuente": "SIT-CAM WFS — UsoDelSuelo:VPLA_V_CLASIFICACION (https://idem.comunidad.madrid/geosrvg/ows)", "fecha_dato": "2026-05-12", "ambito": "38587", "_raw_CD_SIGLAS": "SNUP_A", "_raw_DS_CLASIF_GEN": "Suelo No Urbanizable Protegido (APLAZADO)", "_raw_DS_CLASIF_DET": "Suelo No Urbanizable Protección de Vegas", "_raw_DS_DOCU": "PLAN GENERAL", "_raw_DS_LEY": "CM Ley 9/1995, E RDL 1/1992, E RD 1346/1976", "_raw_FC_AC": "1999-01-14", "_raw_NM_AREA_M2": 226540.129387391, "_cam_code": "014" }, "geometry": { "type": "Polygon", "coordinates": [ [ [ -3.4052, 40.3057 ], [ -3.4054, 40.3055 ], [ -3.406, 40.3055 ], [ -3.407, 40.3049 ], [ -3.4074, 40.304 ], [ -3.4074, 40.3034 ], [ -3.4076, 40.3029 ], [ -3.4084, 40.3027 ], [ -3.4091, 40.3027 ], [ -3.4096, 40.3031 ], [ -3.4099, 40.303 ], [ -3.4098, 40.303 ], [ -3.4099, 40.3028 ], [ -3.4084, 40.3024 ], [ -3.4082, 40.3022 ], [ -3.4079, 40.3022 ], [ -3.4079, 40.3021 ], [ -3.4072, 40.3021 ], [ -3.4071, 40.302 ], [ -3.407, 40.3021 ], [ -3.4065, 40.3021 ], [ -3.4065, 40.3022 ], [ -3.406, 40.3022 ], [ -3.4057, 40.3025 ], [ -3.4041, 40.3024 ], [ -3.4041, 40.3023 ], [ -3.4032, 40.3022 ], [ -3.4027, 40.302 ], [ -3.4027, 40.3011 ], [ -3.4014, 40.301 ], [ -3.4009, 40.3005 ], [ -3.4007, 40.3008 ], [ -3.4008, 40.3013 ], [ -3.4005, 40.3017 ], [ -3.4003, 40.3023 ], [ -3.3993, 40.3032 ], [ -3.3991, 40.3037 ], [ -3.3988, 40.304 ], [ -3.4005, 40.303 ], [ -3.4019, 40.3051 ], [ -3.404, 40.3054 ], [ -3.4052, 40.3057 ] ] ] } },
{ "type": "Feature", "properties": { "municipio": "Arganda del Rey", "clasificacion": "no-urbanizable-protegido", "calificacion": "sin-asignar", "version": "vigente", "fuente": "SIT-CAM WFS — UsoDelSuelo:VPLA_V_CLASIFICACION (https://idem.comunidad.madrid/geosrvg/ows)", "fecha_dato": "2026-05-12", "ambito": "38587", "_raw_CD_SIGLAS": "SNUP_A", "_raw_DS_CLASIF_GEN": "Suelo No Urbanizable Protegido (APLAZADO)", "_raw_DS_CLASIF_DET": "Suelo No Urbanizable Protección de Vegas", "_raw_DS_DOCU": "PLAN GENERAL", "_raw_DS_LEY": "CM Ley 9/1995, E RDL 1/1992, E RD 1346/1976", "_raw_FC_AC": "1999-01-14", "_raw_NM_AREA_M2": 89414.128549885805, "_cam_code": "014" }, "geometry": { "type": "Polygon", "coordinates": [ [ [ -3.3824, 40.2977 ], [ -3.3824, 40.2994 ], [ -3.3825, 40.2994 ], [ -3.3825, 40.299 ], [ -3.3831, 40.2988 ], [ -3.3832, 40.2986 ], [ -3.3832, 40.2982 ], [ -3.3834, 40.2979 ], [ -3.3834, 40.2976 ], [ -3.3835, 40.2976 ], [ -3.3834, 40.2972 ], [ -3.3829, 40.2967 ], [ -3.3818, 40.2968 ], [ -3.3815, 40.2967 ], [ -3.3815, 40.2966 ], [ -3.3824, 40.2957 ], [ -3.3826, 40.295 ], [ -3.3811, 40.2953 ], [ -3.3804, 40.2956 ], [ -3.3795, 40.2955 ], [ -3.3783, 40.296 ], [ -3.3796, 40.2978 ], [ -3.3824, 40.2977 ] ] ] } },
{ "type": "Feature", "properties": { "municipio": "Arganda del Rey", "clasificacion": "no-urbanizable-protegido", "calificacion": "sin-asignar", "version": "vigente", "fuente": "SIT-CAM WFS — UsoDelSuelo:VPLA_V_CLASIFICACION (https://idem.comunidad.madrid/geosrvg/ows)", "fecha_dato": "2026-05-12", "ambito": "38587", "_raw_CD_SIGLAS": "SNUP_A", "_raw_DS_CLASIF_GEN": "Suelo No Urbanizable Protegido (APLAZADO)", "_raw_DS_CLASIF_DET": "Suelo No Urbanizable Parque Regional del Sureste Zona B", "_raw_DS_DOCU": "PLAN GENERAL", "_raw_DS_LEY": "CM Ley 9/1995, E RDL 1/1992, E RD 1346/1976", "_raw_FC_AC": "1999-01-14", "_raw_NM_AREA_M2": 11076.636924979801, "_cam_code": "014" }, "geometry": { "type": "Polygon", "coordinates": [ [ [ -3.4913, 40.3163 ], [ -3.4907, 40.3164 ], [ -3.4897, 40.3177 ], [ -3.4923, 40.3164 ], [ -3.4913, 40.3163 ] ] ] } },
{ "type": "Feature", "properties": { "municipio": "Arganda del Rey", "clasificacion": "no-urbanizable-protegido", "calificacion": "sin-asignar", "version": "vigente", "fuente": "SIT-CAM WFS — UsoDelSuelo:VPLA_V_CLASIFICACION (https://idem.comunidad.madrid/geosrvg/ows)", "fecha_dato": "2026-05-12", "ambito": "38587", "_raw_CD_SIGLAS": "SNUP_A", "_raw_DS_CLASIF_GEN": "Suelo No Urbanizable Protegido (APLAZADO)", "_raw_DS_CLASIF_DET": "Suelo No Urbanizable Parque Regional del Sureste Zona D", "_raw_DS_DOCU": "PLAN GENERAL", "_raw_DS_LEY": "CM Ley 9/1995, E RDL 1/1992, E RD 1346/1976", "_raw_FC_AC": "1999-01-14", "_raw_NM_AREA_M2": 28301.936862293202, "_cam_code": "014" }, "geometry": { "type": "Polygon", "coordinates": [ [ [ -3.4602, 40.2611 ], [ -3.4597, 40.2611 ], [ -3.4596, 40.2613 ], [ -3.4629, 40.2618 ], [ -3.4633, 40.2611 ], [ -3.4637, 40.2609 ], [ -3.4632, 40.2603 ], [ -3.4628, 40.2602 ], [ -3.4621, 40.2605 ], [ -3.4619, 40.2609 ], [ -3.4614, 40.261 ], [ -3.4611, 40.2607 ], [ -3.4609, 40.2607 ], [ -3.4607, 40.2609 ], [ -3.4605, 40.2609 ], [ -3.4605, 40.261 ], [ -3.4602, 40.261 ], [ -3.4602, 40.2611 ] ] ] } },
{ "type": "Feature", "properties": { "municipio": "Arganda del Rey", "clasificacion": "no-urbanizable-protegido", "calificacion": "sin-asignar", "version": "vigente", "fuente": "SIT-CAM WFS — UsoDelSuelo:VPLA_V_CLASIFICACION (https://idem.comunidad.madrid/geosrvg/ows)", "fecha_dato": "2026-05-12", "ambito": "38587", "_raw_CD_SIGLAS": "SNUP_A", "_raw_DS_CLASIF_GEN": "Suelo No Urbanizable Protegido (APLAZADO)", "_raw_DS_CLASIF_DET": "Suelo No Urbanizable Protección de Ferrocarril", "_raw_DS_DOCU": "PLAN GENERAL", "_raw_DS_LEY": "CM Ley 9/1995, E RDL 1/1992, E RD 1346/1976", "_raw_FC_AC": "1999-01-14", "_raw_NM_AREA_M2": 15630.0067624985, "_cam_code": "014" }, "geometry": { "type": "Polygon", "coordinates": [ [ [ -3.4728, 40.2554 ], [ -3.472, 40.2565 ], [ -3.4697, 40.2588 ], [ -3.4692, 40.2591 ], [ -3.4686, 40.2597 ], [ -3.4684, 40.2602 ], [ -3.4685, 40.2614 ], [ -3.4688, 40.2614 ], [ -3.4686, 40.2605 ], [ -3.4688, 40.2598 ], [ -3.4695, 40.2591 ], [ -3.47, 40.2588 ], [ -3.4722, 40.2566 ], [ -3.473, 40.2555 ], [ -3.4728, 40.2554 ] ] ] } },
{ "type": "Feature", "properties": { "municipio": "Arganda del Rey", "clasificacion": "no-urbanizable-protegido", "calificacion": "sin-asignar", "version": "vigente", "fuente": "SIT-CAM WFS — UsoDelSuelo:VPLA_V_CLASIFICACION (https://idem.comunidad.madrid/geosrvg/ows)", "fecha_dato": "2026-05-12", "ambito": "38587", "_raw_CD_SIGLAS": "SNUP_A", "_raw_DS_CLASIF_GEN": "Suelo No Urbanizable Protegido (APLAZADO)", "_raw_DS_CLASIF_DET": "Suelo No Urbanizable Protección de Caminos", "_raw_DS_DOCU": "PLAN GENERAL", "_raw_DS_LEY": "CM Ley 9/1995, E RDL 1/1992, E RD 1346/1976", "_raw_FC_AC": "1999-01-14", "_raw_NM_AREA_M2": 4156.9809000323803, "_cam_code": "014" }, "geometry": { "type": "Polygon", "coordinates": [ [ [ -3.4514, 40.2876 ], [ -3.4528, 40.2877 ], [ -3.4546, 40.2874 ], [ -3.4543, 40.2873 ], [ -3.453, 40.2876 ], [ -3.4516, 40.2876 ], [ -3.4514, 40.2874 ], [ -3.4503, 40.2874 ], [ -3.4499, 40.2871 ], [ -3.4501, 40.2874 ], [ -3.4504, 40.2875 ], [ -3.4513, 40.2875 ], [ -3.4514, 40.2876 ] ] ] } },
{ "type": "Feature", "properties": { "municipio": "Arganda del Rey", "clasificacion": "no-urbanizable-protegido", "calificacion": "sin-asignar", "version": "vigente", "fuente": "SIT-CAM WFS — UsoDelSuelo:VPLA_V_CLASIFICACION (https://idem.comunidad.madrid/geosrvg/ows)", "fecha_dato": "2026-05-12", "ambito": "38587", "_raw_CD_SIGLAS": "SNUP_A", "_raw_DS_CLASIF_GEN": "Suelo No Urbanizable Protegido (APLAZADO)", "_raw_DS_CLASIF_DET": "Suelo No Urbanizable Parque Regional del Sureste Zona E", "_raw_DS_DOCU": "PLAN GENERAL", "_raw_DS_LEY": "CM Ley 9/1995, E RDL 1/1992, E RD 1346/1976", "_raw_FC_AC": "1999-01-14", "_raw_NM_AREA_M2": 28362.474362514899, "_cam_code": "014" }, "geometry": { "type": "Polygon", "coordinates": [ [ [ -3.4584, 40.2708 ], [ -3.4569, 40.2709 ], [ -3.4569, 40.271 ], [ -3.4561, 40.2715 ], [ -3.454, 40.2724 ], [ -3.4544, 40.2727 ], [ -3.4546, 40.2731 ], [ -3.4557, 40.2723 ], [ -3.4566, 40.2719 ], [ -3.4573, 40.2715 ], [ -3.4573, 40.2714 ], [ -3.458, 40.2713 ], [ -3.4587, 40.271 ], [ -3.4593, 40.2703 ], [ -3.4593, 40.2703 ], [ -3.4593, 40.2703 ], [ -3.4593, 40.2702 ], [ -3.4593, 40.2702 ], [ -3.4593, 40.2702 ], [ -3.4593, 40.2702 ], [ -3.4593, 40.2701 ], [ -3.4593, 40.2701 ], [ -3.4593, 40.2701 ], [ -3.4593, 40.27 ], [ -3.4593, 40.2695 ], [ -3.4593, 40.2691 ], [ -3.4592, 40.2702 ], [ -3.4588, 40.2706 ], [ -3.4584, 40.2708 ] ] ] } },
{ "type": "Feature", "properties": { "municipio": "Arganda del Rey", "clasificacion": "no-urbanizable-protegido", "calificacion": "sin-asignar", "version": "vigente", "fuente": "SIT-CAM WFS — UsoDelSuelo:VPLA_V_CLASIFICACION (https://idem.comunidad.madrid/geosrvg/ows)", "fecha_dato": "2026-05-12", "ambito": "38587", "_raw_CD_SIGLAS": "SNUP_A", "_raw_DS_CLASIF_GEN": "Suelo No Urbanizable Protegido (APLAZADO)", "_raw_DS_CLASIF_DET": "Suelo No Urbanizable Protección de Ferrocarril", "_raw_DS_DOCU": "PLAN GENERAL", "_raw_DS_LEY": "CM Ley 9/1995, E RDL 1/1992, E RD 1346/1976", "_raw_FC_AC": "1999-01-14", "_raw_NM_AREA_M2": 27806.741149928501, "_cam_code": "014" }, "geometry": { "type": "Polygon", "coordinates": [ [ [ -3.4514, 40.2721 ], [ -3.4527, 40.2724 ], [ -3.4527, 40.2725 ], [ -3.4538, 40.2725 ], [ -3.4561, 40.2715 ], [ -3.4569, 40.271 ], [ -3.4569, 40.2709 ], [ -3.4584, 40.2708 ], [ -3.4588, 40.2706 ], [ -3.4592, 40.2702 ], [ -3.4593, 40.2699 ], [ -3.4593, 40.2682 ], [ -3.4594, 40.2682 ], [ -3.4594, 40.2678 ], [ -3.4614, 40.2658 ], [ -3.4606, 40.2662 ], [ -3.4593, 40.2675 ], [ -3.4591, 40.268 ], [ -3.459, 40.2701 ], [ -3.4586, 40.2705 ], [ -3.4584, 40.2705 ], [ -3.4584, 40.2706 ], [ -3.4573, 40.2706 ], [ -3.4567, 40.2708 ], [ -3.4559, 40.2714 ], [ -3.4538, 40.2723 ], [ -3.4533, 40.2724 ], [ -3.4532, 40.2723 ], [ -3.4526, 40.2723 ], [ -3.4513, 40.2719 ], [ -3.4505, 40.2719 ], [ -3.4499, 40.2723 ], [ -3.4501, 40.2724 ], [ -3.4505, 40.2721 ], [ -3.4514, 40.2721 ] ] ] } },
{ "type": "Feature", "properties": { "municipio": "Arganda del Rey", "clasificacion": "no-urbanizable-protegido", "calificacion": "sin-asignar", "version": "vigente", "fuente": "SIT-CAM WFS — UsoDelSuelo:VPLA_V_CLASIFICACION (https://idem.comunidad.madrid/geosrvg/ows)", "fecha_dato": "2026-05-12", "ambito": "38587", "_raw_CD_SIGLAS": "SNUP_A", "_raw_DS_CLASIF_GEN": "Suelo No Urbanizable Protegido (APLAZADO)", "_raw_DS_CLASIF_DET": "Suelo No Urbanizable Parque Regional del Sureste Zona D", "_raw_DS_DOCU": "PLAN GENERAL", "_raw_DS_LEY": "CM Ley 9/1995, E RDL 1/1992, E RD 1346/1976", "_raw_FC_AC": "1999-01-14", "_raw_NM_AREA_M2": 38058.803499972797, "_cam_code": "014" }, "geometry": { "type": "Polygon", "coordinates": [ [ [ -3.451, 40.2719 ], [ -3.4526, 40.2723 ], [ -3.4532, 40.2723 ], [ -3.4533, 40.2724 ], [ -3.4538, 40.2723 ], [ -3.4529, 40.2719 ], [ -3.4527, 40.2716 ], [ -3.4513, 40.2712 ], [ -3.4505, 40.2703 ], [ -3.4493, 40.2698 ], [ -3.4497, 40.2706 ], [ -3.4496, 40.2715 ], [ -3.4498, 40.2722 ], [ -3.4499, 40.2723 ], [ -3.4505, 40.2719 ], [ -3.451, 40.2719 ] ] ] } },
{ "type": "Feature", "properties": { "municipio": "Arganda del Rey", "clasificacion": "no-urbanizable-protegido", "calificacion": "sin-asignar", "version": "vigente", "fuente": "SIT-CAM WFS — UsoDelSuelo:VPLA_V_CLASIFICACION (https://idem.comunidad.madrid/geosrvg/ows)", "fecha_dato": "2026-05-12", "ambito": "38587", "_raw_CD_SIGLAS": "SNUP_A", "_raw_DS_CLASIF_GEN": "Suelo No Urbanizable Protegido (APLAZADO)", "_raw_DS_CLASIF_DET": "Suelo No Urbanizable Parque Regional del Sureste Zona D", "_raw_DS_DOCU": "PLAN GENERAL", "_raw_DS_LEY": "CM Ley 9/1995, E RDL 1/1992, E RD 1346/1976", "_raw_FC_AC": "1999-01-14", "_raw_NM_AREA_M2": 207813.18184995401, "_cam_code": "014" }, "geometry": { "type": "Polygon", "coordinates": [ [ [ -3.4263, 40.2737 ], [ -3.4257, 40.2755 ], [ -3.4283, 40.275 ], [ -3.4285, 40.2745 ], [ -3.4288, 40.2744 ], [ -3.429, 40.2735 ], [ -3.4292, 40.2733 ], [ -3.4292, 40.2731 ], [ -3.4291, 40.2731 ], [ -3.4291, 40.272 ], [ -3.4294, 40.2711 ], [ -3.4296, 40.2709 ], [ -3.4304, 40.2706 ], [ -3.4317, 40.2705 ], [ -3.4328, 40.27 ], [ -3.4283, 40.2695 ], [ -3.4243, 40.2685 ], [ -3.4242, 40.2688 ], [ -3.4243, 40.2692 ], [ -3.4249, 40.2694 ], [ -3.4255, 40.27 ], [ -3.4255, 40.2703 ], [ -3.4257, 40.2704 ], [ -3.4261, 40.271 ], [ -3.426, 40.2718 ], [ -3.4265, 40.2722 ], [ -3.4263, 40.2737 ] ] ] } },
{ "type": "Feature", "properties": { "municipio": "Arganda del Rey", "clasificacion": "no-urbanizable-protegido", "calificacion": "sin-asignar", "version": "vigente", "fuente": "SIT-CAM WFS — UsoDelSuelo:VPLA_V_CLASIFICACION (https://idem.comunidad.madrid/geosrvg/ows)", "fecha_dato": "2026-05-12", "ambito": "38587", "_raw_CD_SIGLAS": "SNUP_A", "_raw_DS_CLASIF_GEN": "Suelo No Urbanizable Protegido (APLAZADO)", "_raw_DS_CLASIF_DET": "Suelo No Urbanizable Parque Regional del Sureste Zona E", "_raw_DS_DOCU": "PLAN GENERAL", "_raw_DS_LEY": "CM Ley 9/1995, E RDL 1/1992, E RD 1346/1976", "_raw_FC_AC": "1999-01-14", "_raw_NM_AREA_M2": 501825.99165001902, "_cam_code": "014" }, "geometry": { "type": "Polygon", "coordinates": [ [ [ -3.4701, 40.2738 ], [ -3.4706, 40.274 ], [ -3.4713, 40.275 ], [ -3.4713, 40.2744 ], [ -3.4718, 40.2736 ], [ -3.4723, 40.2734 ], [ -3.4731, 40.2726 ], [ -3.4734, 40.2726 ], [ -3.4734, 40.2725 ], [ -3.4745, 40.2722 ], [ -3.4749, 40.2717 ], [ -3.4752, 40.2716 ], [ -3.4756, 40.2712 ], [ -3.4759, 40.2706 ], [ -3.4762, 40.2704 ], [ -3.4766, 40.2696 ], [ -3.4772, 40.2689 ], [ -3.478, 40.2689 ], [ -3.4777, 40.2686 ], [ -3.4777, 40.2673 ], [ -3.477, 40.2674 ], [ -3.4768, 40.2677 ], [ -3.4765, 40.2677 ], [ -3.4755, 40.2668 ], [ -3.4753, 40.2668 ], [ -3.4749, 40.2672 ], [ -3.4747, 40.2671 ], [ -3.4738, 40.2671 ], [ -3.4735, 40.2674 ], [ -3.4728, 40.2673 ], [ -3.4724, 40.2674 ], [ -3.472, 40.267 ], [ -3.472, 40.2671 ], [ -3.4715, 40.2673 ], [ -3.4702, 40.2677 ], [ -3.4702, 40.2678 ], [ -3.4691, 40.2684 ], [ -3.468, 40.2697 ], [ -3.4677, 40.2697 ], [ -3.4674, 40.2702 ], [ -3.4667, 40.2706 ], [ -3.4658, 40.2716 ], [ -3.4654, 40.2717 ], [ -3.4662, 40.2727 ], [ -3.467, 40.2732 ], [ -3.4684, 40.2738 ], [ -3.4701, 40.2738 ] ] ] } },
{ "type": "Feature", "properties": { "municipio": "Arganda del Rey", "clasificacion": "no-urbanizable-protegido", "calificacion": "sin-asignar", "version": "vigente", "fuente": "SIT-CAM WFS — UsoDelSuelo:VPLA_V_CLASIFICACION (https://idem.comunidad.madrid/geosrvg/ows)", "fecha_dato": "2026-05-12", "ambito": "38587", "_raw_CD_SIGLAS": "SNUP_A", "_raw_DS_CLASIF_GEN": "Suelo No Urbanizable Protegido (APLAZADO)", "_raw_DS_CLASIF_DET": "Suelo No Urbanizable Parque Regional del Sureste Zona D", "_raw_DS_DOCU": "PLAN GENERAL", "_raw_DS_LEY": "CM Ley 9/1995, E RDL 1/1992, E RD 1346/1976", "_raw_FC_AC": "1999-01-14", "_raw_NM_AREA_M2": 495391.05116223602, "_cam_code": "014" }, "geometry": { "type": "Polygon", "coordinates": [ [ [ -3.439, 40.2747 ], [ -3.4412, 40.2748 ], [ -3.4412, 40.2749 ], [ -3.4416, 40.275 ], [ -3.4419, 40.2749 ], [ -3.4419, 40.2748 ], [ -3.4426, 40.2747 ], [ -3.4439, 40.2738 ], [ -3.4456, 40.2737 ], [ -3.4468, 40.2733 ], [ -3.4443, 40.2725 ], [ -3.4409, 40.2719 ], [ -3.4379, 40.2712 ], [ -3.4349, 40.2703 ], [ -3.433, 40.27 ], [ -3.4318, 40.2706 ], [ -3.4303, 40.2707 ], [ -3.4295, 40.2711 ], [ -3.4292, 40.272 ], [ -3.4293, 40.2734 ], [ -3.4292, 40.2734 ], [ -3.429, 40.2741 ], [ -3.4289, 40.2741 ], [ -3.4289, 40.2744 ], [ -3.4285, 40.2747 ], [ -3.4284, 40.275 ], [ -3.43, 40.2746 ], [ -3.4303, 40.2746 ], [ -3.4307, 40.2748 ], [ -3.4316, 40.2748 ], [ -3.4317, 40.2746 ], [ -3.4327, 40.2742 ], [ -3.4332, 40.2743 ], [ -3.4347, 40.2742 ], [ -3.435, 40.2739 ], [ -3.4355, 40.274 ], [ -3.4363, 40.2739 ], [ -3.4363, 40.274 ], [ -3.4366, 40.2741 ], [ -3.4367, 40.2744 ], [ -3.4386, 40.2744 ], [ -3.439, 40.2747 ] ] ] } },
{ "type": "Feature", "properties": { "municipio": "Arganda del Rey", "clasificacion": "no-urbanizable-protegido", "calificacion": "sin-asignar", "version": "vigente", "fuente": "SIT-CAM WFS — UsoDelSuelo:VPLA_V_CLASIFICACION (https://idem.comunidad.madrid/geosrvg/ows)", "fecha_dato": "2026-05-12", "ambito": "38587", "_raw_CD_SIGLAS": "SNUP_A", "_raw_DS_CLASIF_GEN": "Suelo No Urbanizable Protegido (APLAZADO)", "_raw_DS_CLASIF_DET": "Suelo No Urbanizable Parque Regional del Sureste Zona E", "_raw_DS_DOCU": "PLAN GENERAL", "_raw_DS_LEY": "CM Ley 9/1995, E RDL 1/1992, E RD 1346/1976", "_raw_FC_AC": "1999-01-14", "_raw_NM_AREA_M2": 894282.772825266, "_cam_code": "014" }, "geometry": { "type": "Polygon", "coordinates": [ [ [ -3.4513, 40.2712 ], [ -3.4527, 40.2716 ], [ -3.4529, 40.2719 ], [ -3.4538, 40.2723 ], [ -3.4559, 40.2714 ], [ -3.4567, 40.2708 ], [ -3.4573, 40.2706 ], [ -3.4584, 40.2706 ], [ -3.4584, 40.2705 ], [ -3.4586, 40.2705 ], [ -3.459, 40.2701 ], [ -3.4591, 40.268 ], [ -3.4593, 40.2675 ], [ -3.4606, 40.2662 ], [ -3.4614, 40.2658 ], [ -3.4625, 40.2648 ], [ -3.4628, 40.2648 ], [ -3.463, 40.265 ], [ -3.4632, 40.265 ], [ -3.4632, 40.2643 ], [ -3.4631, 40.2642 ], [ -3.4631, 40.2636 ], [ -3.4632, 40.2635 ], [ -3.463, 40.2633 ], [ -3.4628, 40.2625 ], [ -3.4629, 40.2618 ], [ -3.4596, 40.2613 ], [ -3.4584, 40.2621 ], [ -3.4584, 40.2622 ], [ -3.4581, 40.2623 ], [ -3.4576, 40.2623 ], [ -3.4569, 40.2621 ], [ -3.4559, 40.2622 ], [ -3.4556, 40.2621 ], [ -3.4556, 40.262 ], [ -3.4551, 40.2619 ], [ -3.4541, 40.2623 ], [ -3.4539, 40.2627 ], [ -3.4531, 40.2632 ], [ -3.4527, 40.2636 ], [ -3.4523, 40.2636 ], [ -3.4518, 40.2638 ], [ -3.4505, 40.2652 ], [ -3.4501, 40.266 ], [ -3.4497, 40.2675 ], [ -3.449, 40.269 ], [ -3.449, 40.2693 ], [ -3.4493, 40.2698 ], [ -3.4505, 40.2703 ], [ -3.4513, 40.2712 ] ] ] } },
{ "type": "Feature", "properties": { "municipio": "Arganda del Rey", "clasificacion": "no-urbanizable-protegido", "calificacion": "sin-asignar", "version": "vigente", "fuente": "SIT-CAM WFS — UsoDelSuelo:VPLA_V_CLASIFICACION (https://idem.comunidad.madrid/geosrvg/ows)", "fecha_dato": "2026-05-12", "ambito": "38587", "_raw_CD_SIGLAS": "SNUP_A", "_raw_DS_CLASIF_GEN": "Suelo No Urbanizable Protegido (APLAZADO)", "_raw_DS_CLASIF_DET": "Suelo No Urbanizable Parque Regional del Sureste Zona E", "_raw_DS_DOCU": "PLAN GENERAL", "_raw_DS_LEY": "CM Ley 9/1995, E RDL 1/1992, E RD 1346/1976", "_raw_FC_AC": "1999-01-14", "_raw_NM_AREA_M2": 401781.135774964, "_cam_code": "014" }, "geometry": { "type": "Polygon", "coordinates": [ [ [ -3.4439, 40.2641 ], [ -3.445, 40.2644 ], [ -3.4451, 40.265 ], [ -3.445, 40.265 ], [ -3.4449, 40.2655 ], [ -3.4447, 40.2656 ], [ -3.4445, 40.266 ], [ -3.4439, 40.2663 ], [ -3.4439, 40.2666 ], [ -3.444, 40.2666 ], [ -3.4444, 40.2673 ], [ -3.4451, 40.2676 ], [ -3.4457, 40.2682 ], [ -3.4457, 40.2685 ], [ -3.4454, 40.2688 ], [ -3.4453, 40.2691 ], [ -3.4453, 40.2696 ], [ -3.4461, 40.2704 ], [ -3.4464, 40.2709 ], [ -3.4488, 40.2718 ], [ -3.4492, 40.2712 ], [ -3.4493, 40.2708 ], [ -3.449, 40.2704 ], [ -3.4485, 40.2692 ], [ -3.4488, 40.2683 ], [ -3.4493, 40.2674 ], [ -3.4494, 40.2667 ], [ -3.4497, 40.2659 ], [ -3.4502, 40.2649 ], [ -3.45, 40.2644 ], [ -3.4497, 40.2643 ], [ -3.4492, 40.2637 ], [ -3.4491, 40.2628 ], [ -3.449, 40.2628 ], [ -3.4492, 40.262 ], [ -3.4489, 40.2619 ], [ -3.4484, 40.2611 ], [ -3.4481, 40.2603 ], [ -3.4478, 40.2603 ], [ -3.4471, 40.2606 ], [ -3.4466, 40.2611 ], [ -3.4465, 40.2616 ], [ -3.4463, 40.2617 ], [ -3.4463, 40.2619 ], [ -3.4456, 40.2624 ], [ -3.4453, 40.2624 ], [ -3.4444, 40.2628 ], [ -3.4439, 40.2633 ], [ -3.4438, 40.2636 ], [ -3.4439, 40.2641 ] ] ] } },
{ "type": "Feature", "properties": { "municipio": "Arganda del Rey", "clasificacion": "no-urbanizable-protegido", "calificacion": "sin-asignar", "version": "vigente", "fuente": "SIT-CAM WFS — UsoDelSuelo:VPLA_V_CLASIFICACION (https://idem.comunidad.madrid/geosrvg/ows)", "fecha_dato": "2026-05-12", "ambito": "38587", "_raw_CD_SIGLAS": "SNUP_A", "_raw_DS_CLASIF_GEN": "Suelo No Urbanizable Protegido (APLAZADO)", "_raw_DS_CLASIF_DET": "Suelo No Urbanizable Protección de Vegas", "_raw_DS_DOCU": "PLAN GENERAL", "_raw_DS_LEY": "CM Ley 9/1995, E RDL 1/1992, E RD 1346/1976", "_raw_FC_AC": "1999-01-14", "_raw_NM_AREA_M2": 6569.1401874530102, "_cam_code": "014" }, "geometry": { "type": "Polygon", "coordinates": [ [ [ -3.4226, 40.3075 ], [ -3.4227, 40.3083 ], [ -3.4231, 40.3087 ], [ -3.4234, 40.3088 ], [ -3.4236, 40.3083 ], [ -3.4235, 40.308 ], [ -3.4226, 40.3075 ] ] ] } },
{ "type": "Feature", "properties": { "municipio": "Arganda del Rey", "clasificacion": "no-urbanizable-protegido", "calificacion": "sin-asignar", "version": "vigente", "fuente": "SIT-CAM WFS — UsoDelSuelo:VPLA_V_CLASIFICACION (https://idem.comunidad.madrid/geosrvg/ows)", "fecha_dato": "2026-05-12", "ambito": "38587", "_raw_CD_SIGLAS": "SNUP_A", "_raw_DS_CLASIF_GEN": "Suelo No Urbanizable Protegido (APLAZADO)", "_raw_DS_CLASIF_DET": "Suelo No Urbanizable Protección de Vegas", "_raw_DS_DOCU": "PLAN GENERAL", "_raw_DS_LEY": "CM Ley 9/1995, E RDL 1/1992, E RD 1346/1976", "_raw_FC_AC": "1999-01-14", "_raw_NM_AREA_M2": 336470.99071245, "_cam_code": "014" }, "geometry": { "type": "Polygon", "coordinates": [ [ [ -3.409, 40.3084 ], [ -3.4101, 40.3085 ], [ -3.4101, 40.3084 ], [ -3.4104, 40.3084 ], [ -3.4104, 40.3083 ], [ -3.4114, 40.3083 ], [ -3.4114, 40.3082 ], [ -3.4118, 40.3083 ], [ -3.412, 40.3081 ], [ -3.4125, 40.308 ], [ -3.4125, 40.3079 ], [ -3.4129, 40.3079 ], [ -3.4129, 40.3078 ], [ -3.4132, 40.3078 ], [ -3.4136, 40.3076 ], [ -3.4142, 40.3076 ], [ -3.4155, 40.3068 ], [ -3.4155, 40.3065 ], [ -3.4157, 40.3062 ], [ -3.4152, 40.3062 ], [ -3.4151, 40.306 ], [ -3.4154, 40.306 ], [ -3.4157, 40.3057 ], [ -3.4165, 40.3054 ], [ -3.4153, 40.3049 ], [ -3.4146, 40.3044 ], [ -3.4142, 40.3043 ], [ -3.4142, 40.3042 ], [ -3.4132, 40.3038 ], [ -3.4122, 40.3036 ], [ -3.4122, 40.3035 ], [ -3.4117, 40.3034 ], [ -3.4117, 40.3033 ], [ -3.4108, 40.3032 ], [ -3.4108, 40.3031 ], [ -3.4095, 40.3032 ], [ -3.4091, 40.3028 ], [ -3.4084, 40.3028 ], [ -3.4077, 40.303 ], [ -3.4075, 40.304 ], [ -3.4071, 40.3049 ], [ -3.406, 40.3056 ], [ -3.4053, 40.3057 ], [ -3.4083, 40.3063 ], [ -3.4084, 40.3078 ], [ -3.409, 40.3084 ] ] ] } },
{ "type": "Feature", "properties": { "municipio": "Arganda del Rey", "clasificacion": "no-urbanizable-protegido", "calificacion": "sin-asignar", "version": "vigente", "fuente": "SIT-CAM WFS — UsoDelSuelo:VPLA_V_CLASIFICACION (https://idem.comunidad.madrid/geosrvg/ows)", "fecha_dato": "2026-05-12", "ambito": "38587", "_raw_CD_SIGLAS": "SNUP_A", "_raw_DS_CLASIF_GEN": "Suelo No Urbanizable Protegido (APLAZADO)", "_raw_DS_CLASIF_DET": "Suelo No Urbanizable Parque Regional del Sureste Zona E", "_raw_DS_DOCU": "PLAN GENERAL", "_raw_DS_LEY": "CM Ley 9/1995, E RDL 1/1992, E RD 1346/1976", "_raw_FC_AC": "1999-01-14", "_raw_NM_AREA_M2": 552727.12841241504, "_cam_code": "014" }, "geometry": { "type": "Polygon", "coordinates": [ [ [ -3.5124, 40.2924 ], [ -3.5083, 40.293 ], [ -3.5089, 40.2988 ], [ -3.5104, 40.2983 ], [ -3.5111, 40.2982 ], [ -3.512, 40.2975 ], [ -3.5128, 40.2971 ], [ -3.5138, 40.2968 ], [ -3.5138, 40.2967 ], [ -3.5148, 40.2965 ], [ -3.5148, 40.2964 ], [ -3.5156, 40.296 ], [ -3.5161, 40.2954 ], [ -3.5167, 40.2951 ], [ -3.5176, 40.2944 ], [ -3.5177, 40.2942 ], [ -3.5192, 40.2936 ], [ -3.5173, 40.2914 ], [ -3.5149, 40.2889 ], [ -3.5146, 40.2889 ], [ -3.5146, 40.2888 ], [ -3.5146, 40.2889 ], [ -3.514, 40.2889 ], [ -3.5133, 40.2891 ], [ -3.5125, 40.2896 ], [ -3.5117, 40.2904 ], [ -3.5114, 40.291 ], [ -3.5112, 40.2911 ], [ -3.511, 40.2924 ], [ -3.5111, 40.2925 ], [ -3.5124, 40.2923 ], [ -3.5124, 40.2924 ] ] ] } },
{ "type": "Feature", "properties": { "municipio": "Arganda del Rey", "clasificacion": "no-urbanizable-protegido", "calificacion": "sin-asignar", "version": "vigente", "fuente": "SIT-CAM WFS — UsoDelSuelo:VPLA_V_CLASIFICACION (https://idem.comunidad.madrid/geosrvg/ows)", "fecha_dato": "2026-05-12", "ambito": "38587", "_raw_CD_SIGLAS": "SNUP_A", "_raw_DS_CLASIF_GEN": "Suelo No Urbanizable Protegido (APLAZADO)", "_raw_DS_CLASIF_DET": "Suelo No Urbanizable Protección de Vegas", "_raw_DS_DOCU": "PLAN GENERAL", "_raw_DS_LEY": "CM Ley 9/1995, E RDL 1/1992, E RD 1346/1976", "_raw_FC_AC": "1999-01-14", "_raw_NM_AREA_M2": 27214.570299986099, "_cam_code": "014" }, "geometry": { "type": "Polygon", "coordinates": [ [ [ -3.4178, 40.305 ], [ -3.4179, 40.3051 ], [ -3.418, 40.3051 ], [ -3.4176, 40.3047 ], [ -3.4169, 40.3044 ], [ -3.4164, 40.304 ], [ -3.4155, 40.3035 ], [ -3.415, 40.303 ], [ -3.4138, 40.3027 ], [ -3.4133, 40.3027 ], [ -3.4127, 40.3024 ], [ -3.4116, 40.3023 ], [ -3.4113, 40.3021 ], [ -3.4109, 40.3021 ], [ -3.4104, 40.3019 ], [ -3.41, 40.3026 ], [ -3.4104, 40.3027 ], [ -3.4108, 40.3026 ], [ -3.4108, 40.3025 ], [ -3.412, 40.3024 ], [ -3.4127, 40.3027 ], [ -3.4131, 40.3031 ], [ -3.4141, 40.3031 ], [ -3.4143, 40.3033 ], [ -3.4145, 40.3033 ], [ -3.4147, 40.3036 ], [ -3.4162, 40.3039 ], [ -3.4163, 40.304 ], [ -3.4162, 40.3045 ], [ -3.4166, 40.3045 ], [ -3.4173, 40.3051 ], [ -3.4178, 40.305 ] ] ] } },
{ "type": "Feature", "properties": { "municipio": "Arganda del Rey", "clasificacion": "no-urbanizable-protegido", "calificacion": "sin-asignar", "version": "vigente", "fuente": "SIT-CAM WFS — UsoDelSuelo:VPLA_V_CLASIFICACION (https://idem.comunidad.madrid/geosrvg/ows)", "fecha_dato": "2026-05-12", "ambito": "38587", "_raw_CD_SIGLAS": "SNUP_A", "_raw_DS_CLASIF_GEN": "Suelo No Urbanizable Protegido (APLAZADO)", "_raw_DS_CLASIF_DET": "Suelo No Urbanizable Protección de Vegas", "_raw_DS_DOCU": "PLAN GENERAL", "_raw_DS_LEY": "CM Ley 9/1995, E RDL 1/1992, E RD 1346/1976", "_raw_FC_AC": "1999-01-14", "_raw_NM_AREA_M2": 542325.76061219804, "_cam_code": "014" }, "geometry": { "type": "Polygon", "coordinates": [ [ [ -3.3918, 40.3004 ], [ -3.3954, 40.3018 ], [ -3.396, 40.3026 ], [ -3.396, 40.3035 ], [ -3.3971, 40.3041 ], [ -3.3984, 40.3042 ], [ -3.3986, 40.3041 ], [ -3.3986, 40.3038 ], [ -3.3989, 40.3036 ], [ -3.3991, 40.3031 ], [ -3.3996, 40.3028 ], [ -3.4001, 40.3022 ], [ -3.4005, 40.3013 ], [ -3.4004, 40.3008 ], [ -3.4007, 40.3005 ], [ -3.4002, 40.3 ], [ -3.3998, 40.2998 ], [ -3.3994, 40.2993 ], [ -3.3993, 40.2985 ], [ -3.3991, 40.298 ], [ -3.399, 40.298 ], [ -3.399, 40.2977 ], [ -3.3976, 40.2967 ], [ -3.3971, 40.2967 ], [ -3.3966, 40.2964 ], [ -3.3952, 40.2965 ], [ -3.3942, 40.2969 ], [ -3.3929, 40.2967 ], [ -3.3925, 40.297 ], [ -3.3914, 40.2971 ], [ -3.3912, 40.2973 ], [ -3.391, 40.2973 ], [ -3.391, 40.2974 ], [ -3.3903, 40.2975 ], [ -3.3893, 40.2979 ], [ -3.3891, 40.2981 ], [ -3.3891, 40.2985 ], [ -3.3889, 40.2987 ], [ -3.3887, 40.2987 ], [ -3.3887, 40.2988 ], [ -3.3884, 40.2988 ], [ -3.3875, 40.2983 ], [ -3.3861, 40.2982 ], [ -3.3858, 40.2985 ], [ -3.3855, 40.2985 ], [ -3.3854, 40.299 ], [ -3.3844, 40.2991 ], [ -3.3834, 40.2998 ], [ -3.3838, 40.3 ], [ -3.3854, 40.2995 ], [ -3.3867, 40.2995 ], [ -3.3918, 40.3004 ] ] ] } },
{ "type": "Feature", "properties": { "municipio": "Arganda del Rey", "clasificacion": "no-urbanizable-protegido", "calificacion": "sin-asignar", "version": "vigente", "fuente": "SIT-CAM WFS — UsoDelSuelo:VPLA_V_CLASIFICACION (https://idem.comunidad.madrid/geosrvg/ows)", "fecha_dato": "2026-05-12", "ambito": "38587", "_raw_CD_SIGLAS": "SNUP_A", "_raw_DS_CLASIF_GEN": "Suelo No Urbanizable Protegido (APLAZADO)", "_raw_DS_CLASIF_DET": "Suelo No Urbanizable Parque Regional del Sureste Zona D", "_raw_DS_DOCU": "PLAN GENERAL", "_raw_DS_LEY": "CM Ley 9/1995, E RDL 1/1992, E RD 1346/1976", "_raw_FC_AC": "1999-01-14", "_raw_NM_AREA_M2": 73746.046837576097, "_cam_code": "014" }, "geometry": { "type": "Polygon", "coordinates": [ [ [ -3.5105, 40.3122 ], [ -3.5106, 40.3127 ], [ -3.5108, 40.3127 ], [ -3.5108, 40.3128 ], [ -3.5121, 40.3135 ], [ -3.5122, 40.3137 ], [ -3.5125, 40.3138 ], [ -3.5129, 40.3142 ], [ -3.5132, 40.315 ], [ -3.5133, 40.315 ], [ -3.5132, 40.315 ], [ -3.5131, 40.3159 ], [ -3.5127, 40.3163 ], [ -3.5128, 40.3166 ], [ -3.5127, 40.3169 ], [ -3.5135, 40.3173 ], [ -3.5138, 40.3172 ], [ -3.5146, 40.315 ], [ -3.5145, 40.3132 ], [ -3.5139, 40.3128 ], [ -3.5109, 40.3125 ], [ -3.5105, 40.3122 ] ] ] } },
{ "type": "Feature", "properties": { "municipio": "Arganda del Rey", "clasificacion": "no-urbanizable-protegido", "calificacion": "sin-asignar", "version": "vigente", "fuente": "SIT-CAM WFS — UsoDelSuelo:VPLA_V_CLASIFICACION (https://idem.comunidad.madrid/geosrvg/ows)", "fecha_dato": "2026-05-12", "ambito": "38587", "_raw_CD_SIGLAS": "SNUP_A", "_raw_DS_CLASIF_GEN": "Suelo No Urbanizable Protegido (APLAZADO)", "_raw_DS_CLASIF_DET": "Suelo No Urbanizable Protección de Vías Pecuarias", "_raw_DS_DOCU": "PLAN GENERAL", "_raw_DS_LEY": "CM Ley 9/1995, E RDL 1/1992, E RD 1346/1976", "_raw_FC_AC": "1999-01-14", "_raw_NM_AREA_M2": 11596.602862518999, "_cam_code": "014" }, "geometry": { "type": "Polygon", "coordinates": [ [ [ -3.5105, 40.3123 ], [ -3.5106, 40.3129 ], [ -3.5119, 40.3136 ], [ -3.512, 40.3138 ], [ -3.5122, 40.3138 ], [ -3.5127, 40.3143 ], [ -3.513, 40.3149 ], [ -3.513, 40.3152 ], [ -3.5128, 40.316 ], [ -3.5124, 40.3163 ], [ -3.5124, 40.3165 ], [ -3.5126, 40.3167 ], [ -3.5125, 40.3168 ], [ -3.5127, 40.3169 ], [ -3.5128, 40.3168 ], [ -3.5127, 40.3163 ], [ -3.5131, 40.3159 ], [ -3.5132, 40.315 ], [ -3.5133, 40.315 ], [ -3.5132, 40.315 ], [ -3.5129, 40.3142 ], [ -3.5125, 40.3138 ], [ -3.5122, 40.3137 ], [ -3.5121, 40.3135 ], [ -3.5108, 40.3128 ], [ -3.5108, 40.3127 ], [ -3.5106, 40.3127 ], [ -3.5105, 40.3123 ] ] ] } },
{ "type": "Feature", "properties": { "municipio": "Arganda del Rey", "clasificacion": "no-urbanizable-protegido", "calificacion": "sin-asignar", "version": "vigente", "fuente": "SIT-CAM WFS — UsoDelSuelo:VPLA_V_CLASIFICACION (https://idem.comunidad.madrid/geosrvg/ows)", "fecha_dato": "2026-05-12", "ambito": "38587", "_raw_CD_SIGLAS": "SNUP_A", "_raw_DS_CLASIF_GEN": "Suelo No Urbanizable Protegido (APLAZADO)", "_raw_DS_CLASIF_DET": "Suelo No Urbanizable Parque Regional del Sureste Zona D", "_raw_DS_DOCU": "PLAN GENERAL", "_raw_DS_LEY": "CM Ley 9/1995, E RDL 1/1992, E RD 1346/1976", "_raw_FC_AC": "1999-01-14", "_raw_NM_AREA_M2": 184645.967700115, "_cam_code": "014" }, "geometry": { "type": "Polygon", "coordinates": [ [ [ -3.5068, 40.2862 ], [ -3.5023, 40.2865 ], [ -3.5029, 40.2874 ], [ -3.5035, 40.2885 ], [ -3.5035, 40.2887 ], [ -3.5054, 40.2913 ], [ -3.5062, 40.2928 ], [ -3.5065, 40.293 ], [ -3.5075, 40.293 ], [ -3.5069, 40.2866 ], [ -3.5068, 40.2862 ] ] ] } },
{ "type": "Feature", "properties": { "municipio": "Arganda del Rey", "clasificacion": "no-urbanizable-protegido", "calificacion": "sin-asignar", "version": "vigente", "fuente": "SIT-CAM WFS — UsoDelSuelo:VPLA_V_CLASIFICACION (https://idem.comunidad.madrid/geosrvg/ows)", "fecha_dato": "2026-05-12", "ambito": "38587", "_raw_CD_SIGLAS": "SNUP_A", "_raw_DS_CLASIF_GEN": "Suelo No Urbanizable Protegido (APLAZADO)", "_raw_DS_CLASIF_DET": "Suelo No Urbanizable Protección de Caminos", "_raw_DS_DOCU": "PLAN GENERAL", "_raw_DS_LEY": "CM Ley 9/1995, E RDL 1/1992, E RD 1346/1976", "_raw_FC_AC": "1999-01-14", "_raw_NM_AREA_M2": 3558.2753751824498, "_cam_code": "014" }, "geometry": { "type": "Polygon", "coordinates": [ [ [ -3.5124, 40.2923 ], [ -3.5083, 40.2929 ], [ -3.5083, 40.293 ], [ -3.5107, 40.2927 ], [ -3.5124, 40.2924 ], [ -3.5124, 40.2923 ] ] ] } },
{ "type": "Feature", "properties": { "municipio": "Arganda del Rey", "clasificacion": "no-urbanizable-protegido", "calificacion": "sin-asignar", "version": "vigente", "fuente": "SIT-CAM WFS — UsoDelSuelo:VPLA_V_CLASIFICACION (https://idem.comunidad.madrid/geosrvg/ows)", "fecha_dato": "2026-05-12", "ambito": "38587", "_raw_CD_SIGLAS": "SNUP_A", "_raw_DS_CLASIF_GEN": "Suelo No Urbanizable Protegido (APLAZADO)", "_raw_DS_CLASIF_DET": "Suelo No Urbanizable Parque Regional del Sureste Zona D", "_raw_DS_DOCU": "PLAN GENERAL", "_raw_DS_LEY": "CM Ley 9/1995, E RDL 1/1992, E RD 1346/1976", "_raw_FC_AC": "1999-01-14", "_raw_NM_AREA_M2": 306989.21816231398, "_cam_code": "014" }, "geometry": { "type": "Polygon", "coordinates": [ [ [ -3.5076, 40.2861 ], [ -3.5083, 40.2929 ], [ -3.5087, 40.2929 ], [ -3.5111, 40.2925 ], [ -3.511, 40.2922 ], [ -3.5112, 40.2911 ], [ -3.5114, 40.291 ], [ -3.5117, 40.2904 ], [ -3.5125, 40.2896 ], [ -3.5136, 40.289 ], [ -3.5146, 40.2889 ], [ -3.5146, 40.2888 ], [ -3.5146, 40.2889 ], [ -3.5149, 40.2889 ], [ -3.5116, 40.2853 ], [ -3.5076, 40.2861 ] ] ] } },
{ "type": "Feature", "properties": { "municipio": "Arganda del Rey", "clasificacion": "no-urbanizable-protegido", "calificacion": "sin-asignar", "version": "vigente", "fuente": "SIT-CAM WFS — UsoDelSuelo:VPLA_V_CLASIFICACION (https://idem.comunidad.madrid/geosrvg/ows)", "fecha_dato": "2026-05-12", "ambito": "38587", "_raw_CD_SIGLAS": "SNUP_A", "_raw_DS_CLASIF_GEN": "Suelo No Urbanizable Protegido (APLAZADO)", "_raw_DS_CLASIF_DET": "Suelo No Urbanizable Protección de Vías Pecuarias", "_raw_DS_DOCU": "PLAN GENERAL", "_raw_DS_LEY": "CM Ley 9/1995, E RDL 1/1992, E RD 1346/1976", "_raw_FC_AC": "1999-01-14", "_raw_NM_AREA_M2": 25292.991724988598, "_cam_code": "014" }, "geometry": { "type": "Polygon", "coordinates": [ [ [ -3.4531, 40.2817 ], [ -3.453, 40.2821 ], [ -3.4531, 40.2829 ], [ -3.4551, 40.2855 ], [ -3.4552, 40.2858 ], [ -3.4557, 40.2861 ], [ -3.4562, 40.287 ], [ -3.4568, 40.2885 ], [ -3.4569, 40.2885 ], [ -3.4569, 40.2889 ], [ -3.457, 40.2889 ], [ -3.4573, 40.2896 ], [ -3.4577, 40.29 ], [ -3.4578, 40.2903 ], [ -3.4578, 40.2917 ], [ -3.458, 40.2919 ], [ -3.458, 40.2923 ], [ -3.4583, 40.2923 ], [ -3.4582, 40.2918 ], [ -3.458, 40.2916 ], [ -3.458, 40.2901 ], [ -3.4579, 40.2901 ], [ -3.4579, 40.2899 ], [ -3.4572, 40.289 ], [ -3.4571, 40.2884 ], [ -3.457, 40.2884 ], [ -3.4568, 40.288 ], [ -3.4568, 40.2877 ], [ -3.4559, 40.286 ], [ -3.4557, 40.286 ], [ -3.4555, 40.2858 ], [ -3.4534, 40.2829 ], [ -3.4533, 40.282 ], [ -3.4531, 40.2817 ], [ -3.453, 40.2816 ], [ -3.4531, 40.2817 ] ] ] } },
{ "type": "Feature", "properties": { "municipio": "Arganda del Rey", "clasificacion": "no-urbanizable-protegido", "calificacion": "sin-asignar", "version": "vigente", "fuente": "SIT-CAM WFS — UsoDelSuelo:VPLA_V_CLASIFICACION (https://idem.comunidad.madrid/geosrvg/ows)", "fecha_dato": "2026-05-12", "ambito": "38587", "_raw_CD_SIGLAS": "SNUP_A", "_raw_DS_CLASIF_GEN": "Suelo No Urbanizable Protegido (APLAZADO)", "_raw_DS_CLASIF_DET": "Suelo No Urbanizable Protección de Vegas", "_raw_DS_DOCU": "PLAN GENERAL", "_raw_DS_LEY": "CM Ley 9/1995, E RDL 1/1992, E RD 1346/1976", "_raw_FC_AC": "1999-01-14", "_raw_NM_AREA_M2": 32833.650074948899, "_cam_code": "014" }, "geometry": { "type": "Polygon", "coordinates": [ [ [ -3.4217, 40.3079 ], [ -3.4224, 40.308 ], [ -3.4223, 40.3074 ], [ -3.4207, 40.3068 ], [ -3.4196, 40.3061 ], [ -3.4187, 40.306 ], [ -3.4183, 40.3058 ], [ -3.418, 40.3059 ], [ -3.4192, 40.3069 ], [ -3.4195, 40.307 ], [ -3.4198, 40.3073 ], [ -3.42, 40.3073 ], [ -3.4205, 40.3078 ], [ -3.421, 40.3079 ], [ -3.421, 40.308 ], [ -3.4217, 40.3079 ] ] ] } },
{ "type": "Feature", "properties": { "municipio": "Arganda del Rey", "clasificacion": "no-urbanizable-protegido", "calificacion": "sin-asignar", "version": "vigente", "fuente": "SIT-CAM WFS — UsoDelSuelo:VPLA_V_CLASIFICACION (https://idem.comunidad.madrid/geosrvg/ows)", "fecha_dato": "2026-05-12", "ambito": "38587", "_raw_CD_SIGLAS": "SNUP_A", "_raw_DS_CLASIF_GEN": "Suelo No Urbanizable Protegido (APLAZADO)", "_raw_DS_CLASIF_DET": "Suelo No Urbanizable Parque Regional del Sureste Zona E", "_raw_DS_DOCU": "PLAN GENERAL", "_raw_DS_LEY": "CM Ley 9/1995, E RDL 1/1992, E RD 1346/1976", "_raw_FC_AC": "1999-01-14", "_raw_NM_AREA_M2": 133693.59348761599, "_cam_code": "014" }, "geometry": { "type": "Polygon", "coordinates": [ [ [ -3.5049, 40.3064 ], [ -3.5068, 40.3072 ], [ -3.5068, 40.3073 ], [ -3.5089, 40.3067 ], [ -3.5084, 40.3065 ], [ -3.5084, 40.3064 ], [ -3.5074, 40.3061 ], [ -3.5064, 40.3054 ], [ -3.5058, 40.3052 ], [ -3.5063, 40.3052 ], [ -3.5063, 40.3051 ], [ -3.5068, 40.305 ], [ -3.5071, 40.3047 ], [ -3.5072, 40.3039 ], [ -3.5077, 40.3036 ], [ -3.5079, 40.3032 ], [ -3.5086, 40.3026 ], [ -3.5082, 40.2992 ], [ -3.5077, 40.2998 ], [ -3.5077, 40.3 ], [ -3.5069, 40.3008 ], [ -3.5059, 40.3011 ], [ -3.5062, 40.3012 ], [ -3.5062, 40.3013 ], [ -3.5068, 40.3014 ], [ -3.5058, 40.3029 ], [ -3.5056, 40.304 ], [ -3.5052, 40.3049 ], [ -3.5051, 40.3049 ], [ -3.5051, 40.3053 ], [ -3.5048, 40.306 ], [ -3.5049, 40.3064 ] ] ] } },
{ "type": "Feature", "properties": { "municipio": "Arganda del Rey", "clasificacion": "no-urbanizable-protegido", "calificacion": "sin-asignar", "version": "vigente", "fuente": "SIT-CAM WFS — UsoDelSuelo:VPLA_V_CLASIFICACION (https://idem.comunidad.madrid/geosrvg/ows)", "fecha_dato": "2026-05-12", "ambito": "38587", "_raw_CD_SIGLAS": "SNUP_A", "_raw_DS_CLASIF_GEN": "Suelo No Urbanizable Protegido (APLAZADO)", "_raw_DS_CLASIF_DET": "Suelo No Urbanizable Protección de Vías de Comunicación", "_raw_DS_DOCU": "PLAN GENERAL", "_raw_DS_LEY": "CM Ley 9/1995, E RDL 1/1992, E RD 1346/1976", "_raw_FC_AC": "1999-01-14", "_raw_NM_AREA_M2": 196020.661525225, "_cam_code": "014" }, "geometry": { "type": "Polygon", "coordinates": [ [ [ -3.5061, 40.2802 ], [ -3.5058, 40.2805 ], [ -3.5058, 40.2811 ], [ -3.5063, 40.2814 ], [ -3.508, 40.2979 ], [ -3.5083, 40.2998 ], [ -3.5087, 40.3041 ], [ -3.5091, 40.3071 ], [ -3.5092, 40.3071 ], [ -3.5098, 40.3069 ], [ -3.5093, 40.3022 ], [ -3.5092, 40.3022 ], [ -3.509, 40.3013 ], [ -3.5092, 40.3011 ], [ -3.5092, 40.3009 ], [ -3.5085, 40.2953 ], [ -3.5082, 40.2916 ], [ -3.5081, 40.2916 ], [ -3.5081, 40.2906 ], [ -3.5079, 40.2896 ], [ -3.5076, 40.286 ], [ -3.5075, 40.2859 ], [ -3.5071, 40.2817 ], [ -3.5072, 40.2813 ], [ -3.5061, 40.2802 ] ] ] } },
{ "type": "Feature", "properties": { "municipio": "Arganda del Rey", "clasificacion": "no-urbanizable-protegido", "calificacion": "sin-asignar", "version": "vigente", "fuente": "SIT-CAM WFS — UsoDelSuelo:VPLA_V_CLASIFICACION (https://idem.comunidad.madrid/geosrvg/ows)", "fecha_dato": "2026-05-12", "ambito": "38587", "_raw_CD_SIGLAS": "SNUP_A", "_raw_DS_CLASIF_GEN": "Suelo No Urbanizable Protegido (APLAZADO)", "_raw_DS_CLASIF_DET": "Suelo No Urbanizable Parque Regional del Sureste Zona D", "_raw_DS_DOCU": "PLAN GENERAL", "_raw_DS_LEY": "CM Ley 9/1995, E RDL 1/1992, E RD 1346/1976", "_raw_FC_AC": "1999-01-14", "_raw_NM_AREA_M2": 162445.68678747799, "_cam_code": "014" }, "geometry": { "type": "Polygon", "coordinates": [ [ [ -3.5093, 40.3022 ], [ -3.5098, 40.3069 ], [ -3.5133, 40.3063 ], [ -3.5151, 40.3048 ], [ -3.5123, 40.3027 ], [ -3.5093, 40.3022 ] ] ] } },
{ "type": "Feature", "properties": { "municipio": "Arganda del Rey", "clasificacion": "no-urbanizable-protegido", "calificacion": "sin-asignar", "version": "vigente", "fuente": "SIT-CAM WFS — UsoDelSuelo:VPLA_V_CLASIFICACION (https://idem.comunidad.madrid/geosrvg/ows)", "fecha_dato": "2026-05-12", "ambito": "38587", "_raw_CD_SIGLAS": "SNUP_A", "_raw_DS_CLASIF_GEN": "Suelo No Urbanizable Protegido (APLAZADO)", "_raw_DS_CLASIF_DET": "Suelo No Urbanizable Parque Regional del Sureste Zona D", "_raw_DS_DOCU": "PLAN GENERAL", "_raw_DS_LEY": "CM Ley 9/1995, E RDL 1/1992, E RD 1346/1976", "_raw_FC_AC": "1999-01-14", "_raw_NM_AREA_M2": 281943.11489993398, "_cam_code": "014" }, "geometry": { "type": "Polygon", "coordinates": [ [ [ -3.4573, 40.2716 ], [ -3.4559, 40.2724 ], [ -3.4545, 40.2734 ], [ -3.4528, 40.2742 ], [ -3.4526, 40.2744 ], [ -3.4529, 40.2749 ], [ -3.4531, 40.275 ], [ -3.4536, 40.276 ], [ -3.454, 40.2761 ], [ -3.454, 40.2762 ], [ -3.4563, 40.2775 ], [ -3.4569, 40.2777 ], [ -3.4581, 40.2778 ], [ -3.4584, 40.2777 ], [ -3.4587, 40.2769 ], [ -3.4589, 40.2768 ], [ -3.4591, 40.2758 ], [ -3.4595, 40.2752 ], [ -3.4605, 40.2746 ], [ -3.4607, 40.2746 ], [ -3.4613, 40.2741 ], [ -3.4613, 40.2736 ], [ -3.4614, 40.2735 ], [ -3.4609, 40.2734 ], [ -3.4595, 40.2727 ], [ -3.4591, 40.2727 ], [ -3.4591, 40.2726 ], [ -3.4586, 40.2725 ], [ -3.4579, 40.2722 ], [ -3.4573, 40.2716 ] ] ] } },
{ "type": "Feature", "properties": { "municipio": "Arganda del Rey", "clasificacion": "no-urbanizable-protegido", "calificacion": "sin-asignar", "version": "vigente", "fuente": "SIT-CAM WFS — UsoDelSuelo:VPLA_V_CLASIFICACION (https://idem.comunidad.madrid/geosrvg/ows)", "fecha_dato": "2026-05-12", "ambito": "38587", "_raw_CD_SIGLAS": "SNUP_A", "_raw_DS_CLASIF_GEN": "Suelo No Urbanizable Protegido (APLAZADO)", "_raw_DS_CLASIF_DET": "Suelo No Urbanizable Parque Regional del Sureste Zona D", "_raw_DS_DOCU": "PLAN GENERAL", "_raw_DS_LEY": "CM Ley 9/1995, E RDL 1/1992, E RD 1346/1976", "_raw_FC_AC": "1999-01-14", "_raw_NM_AREA_M2": 91925.9001123747, "_cam_code": "014" }, "geometry": { "type": "Polygon", "coordinates": [ [ [ -3.4686, 40.2604 ], [ -3.4688, 40.2614 ], [ -3.4689, 40.2612 ], [ -3.4688, 40.2607 ], [ -3.4697, 40.2608 ], [ -3.4701, 40.2599 ], [ -3.4718, 40.2597 ], [ -3.472, 40.2587 ], [ -3.4723, 40.2585 ], [ -3.4732, 40.2583 ], [ -3.4734, 40.2581 ], [ -3.4734, 40.2579 ], [ -3.4729, 40.2573 ], [ -3.473, 40.257 ], [ -3.4733, 40.2569 ], [ -3.4741, 40.2562 ], [ -3.475, 40.2559 ], [ -3.473, 40.2555 ], [ -3.4722, 40.2566 ], [ -3.47, 40.2588 ], [ -3.4695, 40.2591 ], [ -3.4688, 40.2598 ], [ -3.4687, 40.2604 ], [ -3.4686, 40.2604 ] ] ] } },
{ "type": "Feature", "properties": { "municipio": "Arganda del Rey", "clasificacion": "no-urbanizable-protegido", "calificacion": "sin-asignar", "version": "vigente", "fuente": "SIT-CAM WFS — UsoDelSuelo:VPLA_V_CLASIFICACION (https://idem.comunidad.madrid/geosrvg/ows)", "fecha_dato": "2026-05-12", "ambito": "38587", "_raw_CD_SIGLAS": "SNUP_A", "_raw_DS_CLASIF_GEN": "Suelo No Urbanizable Protegido (APLAZADO)", "_raw_DS_CLASIF_DET": "Suelo No Urbanizable Protección de Ferrocarril", "_raw_DS_DOCU": "PLAN GENERAL", "_raw_DS_LEY": "CM Ley 9/1995, E RDL 1/1992, E RD 1346/1976", "_raw_FC_AC": "1999-01-14", "_raw_NM_AREA_M2": 17330.533587543199, "_cam_code": "014" }, "geometry": { "type": "Polygon", "coordinates": [ [ [ -3.4626, 40.2659 ], [ -3.4651, 40.2665 ], [ -3.4663, 40.2664 ], [ -3.467, 40.266 ], [ -3.4679, 40.265 ], [ -3.4689, 40.2631 ], [ -3.4688, 40.2615 ], [ -3.4688, 40.2616 ], [ -3.4686, 40.2616 ], [ -3.4687, 40.2632 ], [ -3.4677, 40.265 ], [ -3.4667, 40.266 ], [ -3.4661, 40.2663 ], [ -3.4651, 40.2663 ], [ -3.4627, 40.2657 ], [ -3.4618, 40.2657 ], [ -3.4616, 40.2659 ], [ -3.4626, 40.2659 ] ] ] } },
{ "type": "Feature", "properties": { "municipio": "Arganda del Rey", "clasificacion": "no-urbanizable-protegido", "calificacion": "sin-asignar", "version": "vigente", "fuente": "SIT-CAM WFS — UsoDelSuelo:VPLA_V_CLASIFICACION (https://idem.comunidad.madrid/geosrvg/ows)", "fecha_dato": "2026-05-12", "ambito": "38587", "_raw_CD_SIGLAS": "SNUP_A", "_raw_DS_CLASIF_GEN": "Suelo No Urbanizable Protegido (APLAZADO)", "_raw_DS_CLASIF_DET": "Suelo No Urbanizable Protección de Caminos", "_raw_DS_DOCU": "PLAN GENERAL", "_raw_DS_LEY": "CM Ley 9/1995, E RDL 1/1992, E RD 1346/1976", "_raw_FC_AC": "1999-01-14", "_raw_NM_AREA_M2": 8489.3662873778794, "_cam_code": "014" }, "geometry": { "type": "Polygon", "coordinates": [ [ [ -3.4077, 40.3011 ], [ -3.4091, 40.3013 ], [ -3.4098, 40.3015 ], [ -3.4103, 40.3018 ], [ -3.4098, 40.3014 ], [ -3.408, 40.301 ], [ -3.4054, 40.3011 ], [ -3.4051, 40.3009 ], [ -3.4045, 40.3009 ], [ -3.4045, 40.301 ], [ -3.4042, 40.3011 ], [ -3.4034, 40.3011 ], [ -3.4034, 40.301 ], [ -3.4029, 40.301 ], [ -3.4028, 40.3011 ], [ -3.4027, 40.301 ], [ -3.4026, 40.301 ], [ -3.4024, 40.301 ], [ -3.4022, 40.301 ], [ -3.402, 40.301 ], [ -3.4019, 40.301 ], [ -3.4017, 40.301 ], [ -3.4016, 40.301 ], [ -3.4009, 40.3004 ], [ -3.4014, 40.301 ], [ -3.4019, 40.3011 ], [ -3.402, 40.3011 ], [ -3.4022, 40.3011 ], [ -3.4023, 40.3011 ], [ -3.4026, 40.3011 ], [ -3.4027, 40.3011 ], [ -3.4027, 40.3011 ], [ -3.4027, 40.3011 ], [ -3.4028, 40.3011 ], [ -3.4034, 40.3011 ], [ -3.4035, 40.3012 ], [ -3.404, 40.3012 ], [ -3.4046, 40.301 ], [ -3.4051, 40.301 ], [ -3.4054, 40.3011 ], [ -3.4054, 40.3012 ], [ -3.4077, 40.3011 ] ] ] } },
{ "type": "Feature", "properties": { "municipio": "Arganda del Rey", "clasificacion": "no-urbanizable-protegido", "calificacion": "sin-asignar", "version": "vigente", "fuente": "SIT-CAM WFS — UsoDelSuelo:VPLA_V_CLASIFICACION (https://idem.comunidad.madrid/geosrvg/ows)", "fecha_dato": "2026-05-12", "ambito": "38587", "_raw_CD_SIGLAS": "SNUP_A", "_raw_DS_CLASIF_GEN": "Suelo No Urbanizable Protegido (APLAZADO)", "_raw_DS_CLASIF_DET": "Suelo No Urbanizable Parque Regional del Sureste Zona D", "_raw_DS_DOCU": "PLAN GENERAL", "_raw_DS_LEY": "CM Ley 9/1995, E RDL 1/1992, E RD 1346/1976", "_raw_FC_AC": "1999-01-14", "_raw_NM_AREA_M2": 20697.369312548701, "_cam_code": "014" }, "geometry": { "type": "Polygon", "coordinates": [ [ [ -3.4511, 40.2874 ], [ -3.4514, 40.2874 ], [ -3.4516, 40.2876 ], [ -3.453, 40.2876 ], [ -3.4545, 40.2873 ], [ -3.4538, 40.2862 ], [ -3.4538, 40.2867 ], [ -3.4535, 40.2871 ], [ -3.4527, 40.2872 ], [ -3.4505, 40.2868 ], [ -3.45, 40.2871 ], [ -3.4503, 40.2874 ], [ -3.4511, 40.2874 ] ] ] } },
{ "type": "Feature", "properties": { "municipio": "Arganda del Rey", "clasificacion": "no-urbanizable-protegido", "calificacion": "sin-asignar", "version": "vigente", "fuente": "SIT-CAM WFS — UsoDelSuelo:VPLA_V_CLASIFICACION (https://idem.comunidad.madrid/geosrvg/ows)", "fecha_dato": "2026-05-12", "ambito": "38587", "_raw_CD_SIGLAS": "SNUP_A", "_raw_DS_CLASIF_GEN": "Suelo No Urbanizable Protegido (APLAZADO)", "_raw_DS_CLASIF_DET": "Suelo No Urbanizable Parque Regional del Sureste Zona D", "_raw_DS_DOCU": "PLAN GENERAL", "_raw_DS_LEY": "CM Ley 9/1995, E RDL 1/1992, E RD 1346/1976", "_raw_FC_AC": "1999-01-14", "_raw_NM_AREA_M2": 959822.73502524802, "_cam_code": "014" }, "geometry": { "type": "Polygon", "coordinates": [ [ [ -3.4793, 40.2818 ], [ -3.4793, 40.2819 ], [ -3.4799, 40.2819 ], [ -3.4801, 40.2821 ], [ -3.4805, 40.2822 ], [ -3.4811, 40.2828 ], [ -3.4816, 40.2831 ], [ -3.4834, 40.284 ], [ -3.4841, 40.2842 ], [ -3.485, 40.2848 ], [ -3.4856, 40.2854 ], [ -3.487, 40.2862 ], [ -3.4873, 40.2866 ], [ -3.4884, 40.2872 ], [ -3.4891, 40.2869 ], [ -3.4898, 40.2863 ], [ -3.4905, 40.2859 ], [ -3.4933, 40.2848 ], [ -3.4933, 40.2847 ], [ -3.4952, 40.2837 ], [ -3.4955, 40.2831 ], [ -3.4955, 40.2828 ], [ -3.4945, 40.282 ], [ -3.4931, 40.2813 ], [ -3.4929, 40.2813 ], [ -3.4929, 40.2812 ], [ -3.4924, 40.2811 ], [ -3.4924, 40.281 ], [ -3.49, 40.2809 ], [ -3.49, 40.2808 ], [ -3.489, 40.2809 ], [ -3.4879, 40.2808 ], [ -3.4876, 40.2807 ], [ -3.487, 40.2801 ], [ -3.4839, 40.2789 ], [ -3.482, 40.2789 ], [ -3.4818, 40.2791 ], [ -3.4816, 40.2791 ], [ -3.4815, 40.2788 ], [ -3.4814, 40.2788 ], [ -3.4808, 40.2792 ], [ -3.4806, 40.279 ], [ -3.4806, 40.2788 ], [ -3.4809, 40.2787 ], [ -3.4809, 40.2785 ], [ -3.4801, 40.2782 ], [ -3.4796, 40.2783 ], [ -3.4795, 40.278 ], [ -3.4784, 40.278 ], [ -3.4781, 40.2777 ], [ -3.4774, 40.2778 ], [ -3.4764, 40.2777 ], [ -3.4761, 40.2782 ], [ -3.4744, 40.2783 ], [ -3.4739, 40.2786 ], [ -3.4736, 40.2786 ], [ -3.4735, 40.2788 ], [ -3.4731, 40.2789 ], [ -3.4729, 40.2792 ], [ -3.4726, 40.2793 ], [ -3.4726, 40.2794 ], [ -3.4741, 40.2796 ], [ -3.4752, 40.28 ], [ -3.4758, 40.2807 ], [ -3.4761, 40.2823 ], [ -3.4763, 40.2826 ], [ -3.478, 40.2835 ], [ -3.4793, 40.284 ], [ -3.4823, 40.2844 ], [ -3.484, 40.2844 ], [ -3.4813, 40.2832 ], [ -3.4803, 40.2823 ], [ -3.4799, 40.2823 ], [ -3.4798, 40.2821 ], [ -3.479, 40.2819 ], [ -3.4787, 40.282 ], [ -3.4786, 40.2819 ], [ -3.479, 40.2817 ], [ -3.4793, 40.2818 ] ] ] } },
{ "type": "Feature", "properties": { "municipio": "Arganda del Rey", "clasificacion": "no-urbanizable-protegido", "calificacion": "sin-asignar", "version": "vigente", "fuente": "SIT-CAM WFS — UsoDelSuelo:VPLA_V_CLASIFICACION (https://idem.comunidad.madrid/geosrvg/ows)", "fecha_dato": "2026-05-12", "ambito": "38587", "_raw_CD_SIGLAS": "SNUP_A", "_raw_DS_CLASIF_GEN": "Suelo No Urbanizable Protegido (APLAZADO)", "_raw_DS_CLASIF_DET": "Suelo No Urbanizable Protección de Caminos", "_raw_DS_DOCU": "PLAN GENERAL", "_raw_DS_LEY": "CM Ley 9/1995, E RDL 1/1992, E RD 1346/1976", "_raw_FC_AC": "1999-01-14", "_raw_NM_AREA_M2": 14493.939199910001, "_cam_code": "014" }, "geometry": { "type": "MultiPolygon", "coordinates": [ [ [ [ -3.4118, 40.2818 ], [ -3.4112, 40.2821 ], [ -3.4122, 40.2819 ], [ -3.4118, 40.2818 ] ] ], [ [ [ -3.4073, 40.282 ], [ -3.4093, 40.2822 ], [ -3.4098, 40.2825 ], [ -3.4101, 40.2825 ], [ -3.4107, 40.2822 ], [ -3.4112, 40.2821 ], [ -3.4106, 40.2821 ], [ -3.4106, 40.2822 ], [ -3.4102, 40.2823 ], [ -3.4102, 40.2824 ], [ -3.4098, 40.2824 ], [ -3.4093, 40.2821 ], [ -3.4073, 40.2819 ], [ -3.4065, 40.2816 ], [ -3.4053, 40.2816 ], [ -3.4046, 40.282 ], [ -3.4046, 40.2821 ], [ -3.4043, 40.2821 ], [ -3.4039, 40.2819 ], [ -3.4043, 40.2825 ], [ -3.4044, 40.2834 ], [ -3.405, 40.2837 ], [ -3.4051, 40.2843 ], [ -3.4057, 40.2847 ], [ -3.406, 40.2854 ], [ -3.4063, 40.2856 ], [ -3.4066, 40.2863 ], [ -3.4077, 40.2872 ], [ -3.4079, 40.2872 ], [ -3.4081, 40.2871 ], [ -3.4077, 40.2871 ], [ -3.4067, 40.2863 ], [ -3.4065, 40.2857 ], [ -3.4061, 40.2854 ], [ -3.4058, 40.2847 ], [ -3.4055, 40.2844 ], [ -3.4052, 40.2843 ], [ -3.4052, 40.2838 ], [ -3.4044, 40.2832 ], [ -3.4044, 40.2825 ], [ -3.4041, 40.2821 ], [ -3.4046, 40.2822 ], [ -3.4054, 40.2817 ], [ -3.4064, 40.2817 ], [ -3.4073, 40.282 ] ] ] ] } },
{ "type": "Feature", "properties": { "municipio": "Arganda del Rey", "clasificacion": "no-urbanizable-protegido", "calificacion": "sin-asignar", "version": "vigente", "fuente": "SIT-CAM WFS — UsoDelSuelo:VPLA_V_CLASIFICACION (https://idem.comunidad.madrid/geosrvg/ows)", "fecha_dato": "2026-05-12", "ambito": "38587", "_raw_CD_SIGLAS": "SNUP_A", "_raw_DS_CLASIF_GEN": "Suelo No Urbanizable Protegido (APLAZADO)", "_raw_DS_CLASIF_DET": "Suelo No Urbanizable Parque Regional del Sureste Zona D", "_raw_DS_DOCU": "PLAN GENERAL", "_raw_DS_LEY": "CM Ley 9/1995, E RDL 1/1992, E RD 1346/1976", "_raw_FC_AC": "1999-01-14", "_raw_NM_AREA_M2": 59637.971037567702, "_cam_code": "014" }, "geometry": { "type": "Polygon", "coordinates": [ [ [ -3.4506, 40.2823 ], [ -3.4505, 40.283 ], [ -3.4506, 40.2833 ], [ -3.4507, 40.2833 ], [ -3.4508, 40.2841 ], [ -3.4509, 40.2861 ], [ -3.4504, 40.2865 ], [ -3.4525, 40.2868 ], [ -3.4533, 40.2868 ], [ -3.4534, 40.2867 ], [ -3.4533, 40.286 ], [ -3.4506, 40.2823 ] ] ] } },
{ "type": "Feature", "properties": { "municipio": "Arganda del Rey", "clasificacion": "no-urbanizable-protegido", "calificacion": "sin-asignar", "version": "vigente", "fuente": "SIT-CAM WFS — UsoDelSuelo:VPLA_V_CLASIFICACION (https://idem.comunidad.madrid/geosrvg/ows)", "fecha_dato": "2026-05-12", "ambito": "38587", "_raw_CD_SIGLAS": "SNUP_A", "_raw_DS_CLASIF_GEN": "Suelo No Urbanizable Protegido (APLAZADO)", "_raw_DS_CLASIF_DET": "Suelo No Urbanizable Parque Regional del Sureste Zona D", "_raw_DS_DOCU": "PLAN GENERAL", "_raw_DS_LEY": "CM Ley 9/1995, E RDL 1/1992, E RD 1346/1976", "_raw_FC_AC": "1999-01-14", "_raw_NM_AREA_M2": 716908.469987388, "_cam_code": "014" }, "geometry": { "type": "Polygon", "coordinates": [ [ [ -3.445, 40.2847 ], [ -3.4467, 40.2848 ], [ -3.4469, 40.285 ], [ -3.4473, 40.285 ], [ -3.4476, 40.2854 ], [ -3.448, 40.2855 ], [ -3.4487, 40.2863 ], [ -3.4497, 40.2868 ], [ -3.4507, 40.2862 ], [ -3.4508, 40.286 ], [ -3.4508, 40.2853 ], [ -3.4506, 40.285 ], [ -3.4507, 40.2849 ], [ -3.4507, 40.2841 ], [ -3.4506, 40.2834 ], [ -3.4505, 40.2834 ], [ -3.4504, 40.2831 ], [ -3.4505, 40.2822 ], [ -3.4502, 40.2819 ], [ -3.45, 40.2814 ], [ -3.4497, 40.2791 ], [ -3.4493, 40.2782 ], [ -3.4489, 40.2779 ], [ -3.4488, 40.2773 ], [ -3.4493, 40.2765 ], [ -3.4493, 40.2749 ], [ -3.4492, 40.2746 ], [ -3.4486, 40.2741 ], [ -3.447, 40.2734 ], [ -3.4466, 40.2734 ], [ -3.4462, 40.2737 ], [ -3.4456, 40.2738 ], [ -3.4439, 40.2739 ], [ -3.4435, 40.2743 ], [ -3.4429, 40.2745 ], [ -3.4428, 40.2747 ], [ -3.4419, 40.2749 ], [ -3.4419, 40.275 ], [ -3.4416, 40.2751 ], [ -3.4419, 40.2755 ], [ -3.4419, 40.2757 ], [ -3.4427, 40.2763 ], [ -3.4427, 40.2765 ], [ -3.4425, 40.2767 ], [ -3.4428, 40.2774 ], [ -3.4424, 40.2779 ], [ -3.4424, 40.2781 ], [ -3.4427, 40.2783 ], [ -3.4427, 40.2787 ], [ -3.4426, 40.2787 ], [ -3.4427, 40.2795 ], [ -3.4426, 40.2796 ], [ -3.4427, 40.2796 ], [ -3.4429, 40.2801 ], [ -3.4432, 40.2803 ], [ -3.4432, 40.2809 ], [ -3.4435, 40.2813 ], [ -3.4437, 40.2824 ], [ -3.4442, 40.2827 ], [ -3.4444, 40.2833 ], [ -3.4447, 40.2836 ], [ -3.4454, 40.284 ], [ -3.4454, 40.2842 ], [ -3.4455, 40.2842 ], [ -3.4454, 40.2845 ], [ -3.445, 40.2847 ] ] ] } },
{ "type": "Feature", "properties": { "municipio": "Arganda del Rey", "clasificacion": "no-urbanizable-protegido", "calificacion": "sin-asignar", "version": "vigente", "fuente": "SIT-CAM WFS — UsoDelSuelo:VPLA_V_CLASIFICACION (https://idem.comunidad.madrid/geosrvg/ows)", "fecha_dato": "2026-05-12", "ambito": "38587", "_raw_CD_SIGLAS": "SNUP_A", "_raw_DS_CLASIF_GEN": "Suelo No Urbanizable Protegido (APLAZADO)", "_raw_DS_CLASIF_DET": "Suelo No Urbanizable Parque Regional del Sureste Zona D", "_raw_DS_DOCU": "PLAN GENERAL", "_raw_DS_LEY": "CM Ley 9/1995, E RDL 1/1992, E RD 1346/1976", "_raw_FC_AC": "1999-01-14", "_raw_NM_AREA_M2": 356296.628112529, "_cam_code": "014" }, "geometry": { "type": "Polygon", "coordinates": [ [ [ -3.4941, 40.2919 ], [ -3.496, 40.2936 ], [ -3.4962, 40.2941 ], [ -3.4972, 40.2951 ], [ -3.5018, 40.2933 ], [ -3.5044, 40.2925 ], [ -3.5058, 40.2925 ], [ -3.5059, 40.2926 ], [ -3.5059, 40.2925 ], [ -3.5041, 40.2899 ], [ -3.5037, 40.2895 ], [ -3.5032, 40.2885 ], [ -3.5017, 40.2892 ], [ -3.4989, 40.29 ], [ -3.4957, 40.2914 ], [ -3.4954, 40.2914 ], [ -3.4946, 40.2917 ], [ -3.4946, 40.2918 ], [ -3.4941, 40.2919 ] ] ] } },
{ "type": "Feature", "properties": { "municipio": "Arganda del Rey", "clasificacion": "no-urbanizable-protegido", "calificacion": "sin-asignar", "version": "vigente", "fuente": "SIT-CAM WFS — UsoDelSuelo:VPLA_V_CLASIFICACION (https://idem.comunidad.madrid/geosrvg/ows)", "fecha_dato": "2026-05-12", "ambito": "38587", "_raw_CD_SIGLAS": "SNUP_A", "_raw_DS_CLASIF_GEN": "Suelo No Urbanizable Protegido (APLAZADO)", "_raw_DS_CLASIF_DET": "Suelo No Urbanizable Protección de Vías Pecuarias", "_raw_DS_DOCU": "PLAN GENERAL", "_raw_DS_LEY": "CM Ley 9/1995, E RDL 1/1992, E RD 1346/1976", "_raw_FC_AC": "1999-01-14", "_raw_NM_AREA_M2": 26404.168462510501, "_cam_code": "014" }, "geometry": { "type": "Polygon", "coordinates": [ [ [ -3.4211, 40.2946 ], [ -3.4219, 40.295 ], [ -3.4229, 40.2947 ], [ -3.422, 40.2947 ], [ -3.422, 40.2948 ], [ -3.4218, 40.2948 ], [ -3.4211, 40.2944 ], [ -3.4204, 40.2943 ], [ -3.4195, 40.2937 ], [ -3.4193, 40.2937 ], [ -3.4193, 40.2936 ], [ -3.4186, 40.2936 ], [ -3.4175, 40.2933 ], [ -3.417, 40.2929 ], [ -3.4168, 40.2929 ], [ -3.4167, 40.2927 ], [ -3.4157, 40.292 ], [ -3.414, 40.2904 ], [ -3.4127, 40.2896 ], [ -3.4124, 40.2895 ], [ -3.4121, 40.2896 ], [ -3.4107, 40.2895 ], [ -3.4102, 40.2894 ], [ -3.4099, 40.2892 ], [ -3.4097, 40.2894 ], [ -3.4101, 40.2896 ], [ -3.4125, 40.2897 ], [ -3.4125, 40.2898 ], [ -3.4133, 40.2902 ], [ -3.4136, 40.2905 ], [ -3.4138, 40.2905 ], [ -3.4155, 40.2921 ], [ -3.4172, 40.2934 ], [ -3.4183, 40.2937 ], [ -3.4193, 40.2938 ], [ -3.4193, 40.2939 ], [ -3.4198, 40.2941 ], [ -3.4201, 40.2944 ], [ -3.4211, 40.2946 ] ] ] } },
{ "type": "Feature", "properties": { "municipio": "Arganda del Rey", "clasificacion": "no-urbanizable-protegido", "calificacion": "sin-asignar", "version": "vigente", "fuente": "SIT-CAM WFS — UsoDelSuelo:VPLA_V_CLASIFICACION (https://idem.comunidad.madrid/geosrvg/ows)", "fecha_dato": "2026-05-12", "ambito": "38587", "_raw_CD_SIGLAS": "SNUP_A", "_raw_DS_CLASIF_GEN": "Suelo No Urbanizable Protegido (APLAZADO)", "_raw_DS_CLASIF_DET": "Suelo No Urbanizable Protección de Caminos", "_raw_DS_DOCU": "PLAN GENERAL", "_raw_DS_LEY": "CM Ley 9/1995, E RDL 1/1992, E RD 1346/1976", "_raw_FC_AC": "1999-01-14", "_raw_NM_AREA_M2": 9741.6955500091099, "_cam_code": "014" }, "geometry": { "type": "Polygon", "coordinates": [ [ [ -3.4688, 40.2608 ], [ -3.4688, 40.261 ], [ -3.469, 40.2612 ], [ -3.4689, 40.2608 ], [ -3.4698, 40.2609 ], [ -3.47, 40.2604 ], [ -3.4701, 40.2604 ], [ -3.4701, 40.26 ], [ -3.4718, 40.2598 ], [ -3.472, 40.2596 ], [ -3.4722, 40.2587 ], [ -3.4725, 40.2585 ], [ -3.4734, 40.2583 ], [ -3.4735, 40.2581 ], [ -3.4734, 40.2577 ], [ -3.473, 40.2572 ], [ -3.4733, 40.2569 ], [ -3.4735, 40.2569 ], [ -3.4741, 40.2563 ], [ -3.4752, 40.256 ], [ -3.475, 40.2559 ], [ -3.4741, 40.2562 ], [ -3.4733, 40.2569 ], [ -3.473, 40.257 ], [ -3.4729, 40.2573 ], [ -3.4734, 40.2579 ], [ -3.4734, 40.2581 ], [ -3.4732, 40.2583 ], [ -3.4723, 40.2585 ], [ -3.472, 40.2587 ], [ -3.4718, 40.2597 ], [ -3.4701, 40.2599 ], [ -3.4697, 40.2608 ], [ -3.4688, 40.2607 ], [ -3.4688, 40.2608 ] ] ] } },
{ "type": "Feature", "properties": { "municipio": "Arganda del Rey", "clasificacion": "no-urbanizable-protegido", "calificacion": "sin-asignar", "version": "vigente", "fuente": "SIT-CAM WFS — UsoDelSuelo:VPLA_V_CLASIFICACION (https://idem.comunidad.madrid/geosrvg/ows)", "fecha_dato": "2026-05-12", "ambito": "38587", "_raw_CD_SIGLAS": "SNUP_A", "_raw_DS_CLASIF_GEN": "Suelo No Urbanizable Protegido (APLAZADO)", "_raw_DS_CLASIF_DET": "Suelo No Urbanizable Parque Regional del Sureste Zona F", "_raw_DS_DOCU": "PLAN GENERAL", "_raw_DS_LEY": "CM Ley 9/1995, E RDL 1/1992, E RD 1346/1976", "_raw_FC_AC": "1999-01-14", "_raw_NM_AREA_M2": 81550.015975003102, "_cam_code": "014" }, "geometry": { "type": "Polygon", "coordinates": [ [ [ -3.4639, 40.3228 ], [ -3.4641, 40.3233 ], [ -3.4645, 40.3237 ], [ -3.4656, 40.3243 ], [ -3.4665, 40.3251 ], [ -3.4675, 40.3265 ], [ -3.4678, 40.3261 ], [ -3.4676, 40.3251 ], [ -3.4675, 40.3251 ], [ -3.4675, 40.3249 ], [ -3.467, 40.3241 ], [ -3.4668, 40.3233 ], [ -3.4676, 40.3224 ], [ -3.4677, 40.3216 ], [ -3.4673, 40.3217 ], [ -3.4673, 40.3218 ], [ -3.4663, 40.322 ], [ -3.4653, 40.3221 ], [ -3.4641, 40.3221 ], [ -3.4639, 40.322 ], [ -3.4639, 40.3228 ] ] ] } },
{ "type": "Feature", "properties": { "municipio": "Arganda del Rey", "clasificacion": "no-urbanizable-protegido", "calificacion": "sin-asignar", "version": "vigente", "fuente": "SIT-CAM WFS — UsoDelSuelo:VPLA_V_CLASIFICACION (https://idem.comunidad.madrid/geosrvg/ows)", "fecha_dato": "2026-05-12", "ambito": "38587", "_raw_CD_SIGLAS": "SNUP_A", "_raw_DS_CLASIF_GEN": "Suelo No Urbanizable Protegido (APLAZADO)", "_raw_DS_CLASIF_DET": "Suelo No Urbanizable Parque Regional del Sureste Zona F", "_raw_DS_DOCU": "PLAN GENERAL", "_raw_DS_LEY": "CM Ley 9/1995, E RDL 1/1992, E RD 1346/1976", "_raw_FC_AC": "1999-01-14", "_raw_NM_AREA_M2": 324235.44645007799, "_cam_code": "014" }, "geometry": { "type": "Polygon", "coordinates": [ [ [ -3.4518, 40.3246 ], [ -3.4526, 40.3251 ], [ -3.4534, 40.3251 ], [ -3.4534, 40.3246 ], [ -3.4535, 40.3245 ], [ -3.4565, 40.3244 ], [ -3.4566, 40.3243 ], [ -3.4574, 40.3244 ], [ -3.4579, 40.3242 ], [ -3.4587, 40.3243 ], [ -3.4589, 40.3241 ], [ -3.46, 40.3241 ], [ -3.4599, 40.3237 ], [ -3.4599, 40.3216 ], [ -3.4594, 40.3212 ], [ -3.4584, 40.3213 ], [ -3.4583, 40.3214 ], [ -3.4573, 40.3214 ], [ -3.4571, 40.3216 ], [ -3.4559, 40.3213 ], [ -3.4557, 40.3211 ], [ -3.4554, 40.3211 ], [ -3.4554, 40.321 ], [ -3.4553, 40.3211 ], [ -3.4538, 40.3211 ], [ -3.4524, 40.3207 ], [ -3.4491, 40.3203 ], [ -3.449, 40.3207 ], [ -3.4484, 40.3212 ], [ -3.4484, 40.3214 ], [ -3.449, 40.3216 ], [ -3.4502, 40.3228 ], [ -3.4508, 40.3237 ], [ -3.4518, 40.3246 ] ] ] } },
{ "type": "Feature", "properties": { "municipio": "Arganda del Rey", "clasificacion": "no-urbanizable-protegido", "calificacion": "sin-asignar", "version": "vigente", "fuente": "SIT-CAM WFS — UsoDelSuelo:VPLA_V_CLASIFICACION (https://idem.comunidad.madrid/geosrvg/ows)", "fecha_dato": "2026-05-12", "ambito": "38587", "_raw_CD_SIGLAS": "SNUP_A", "_raw_DS_CLASIF_GEN": "Suelo No Urbanizable Protegido (APLAZADO)", "_raw_DS_CLASIF_DET": "Suelo No Urbanizable Parque Regional del Sureste Zona E", "_raw_DS_DOCU": "PLAN GENERAL", "_raw_DS_LEY": "CM Ley 9/1995, E RDL 1/1992, E RD 1346/1976", "_raw_FC_AC": "1999-01-14", "_raw_NM_AREA_M2": 208184.57671244501, "_cam_code": "014" }, "geometry": { "type": "Polygon", "coordinates": [ [ [ -3.4618, 40.2657 ], [ -3.4637, 40.2659 ], [ -3.4641, 40.2661 ], [ -3.4651, 40.2663 ], [ -3.4661, 40.2663 ], [ -3.4667, 40.266 ], [ -3.4677, 40.265 ], [ -3.4687, 40.2632 ], [ -3.4686, 40.2616 ], [ -3.4681, 40.2615 ], [ -3.4681, 40.2616 ], [ -3.4679, 40.2616 ], [ -3.4675, 40.2619 ], [ -3.4671, 40.2619 ], [ -3.4669, 40.2621 ], [ -3.4663, 40.2622 ], [ -3.4663, 40.2621 ], [ -3.4659, 40.262 ], [ -3.4659, 40.2619 ], [ -3.4652, 40.2618 ], [ -3.4651, 40.2616 ], [ -3.4644, 40.2615 ], [ -3.4638, 40.2611 ], [ -3.4636, 40.2611 ], [ -3.4632, 40.2617 ], [ -3.4631, 40.2623 ], [ -3.463, 40.2623 ], [ -3.4632, 40.2627 ], [ -3.4633, 40.2634 ], [ -3.4634, 40.2634 ], [ -3.4633, 40.2639 ], [ -3.4635, 40.2644 ], [ -3.4634, 40.2651 ], [ -3.4629, 40.2652 ], [ -3.4627, 40.265 ], [ -3.4625, 40.265 ], [ -3.4618, 40.2657 ] ] ] } },
{ "type": "Feature", "properties": { "municipio": "Arganda del Rey", "clasificacion": "no-urbanizable-protegido", "calificacion": "sin-asignar", "version": "vigente", "fuente": "SIT-CAM WFS — UsoDelSuelo:VPLA_V_CLASIFICACION (https://idem.comunidad.madrid/geosrvg/ows)", "fecha_dato": "2026-05-12", "ambito": "38587", "_raw_CD_SIGLAS": "SNUP_A", "_raw_DS_CLASIF_GEN": "Suelo No Urbanizable Protegido (APLAZADO)", "_raw_DS_CLASIF_DET": "Suelo No Urbanizable Protección de Caminos", "_raw_DS_DOCU": "PLAN GENERAL", "_raw_DS_LEY": "CM Ley 9/1995, E RDL 1/1992, E RD 1346/1976", "_raw_FC_AC": "1999-01-14", "_raw_NM_AREA_M2": 20240.600087521201, "_cam_code": "014" }, "geometry": { "type": "Polygon", "coordinates": [ [ [ -3.4223, 40.2579 ], [ -3.4223, 40.2592 ], [ -3.4225, 40.26 ], [ -3.4245, 40.2614 ], [ -3.4248, 40.2615 ], [ -3.4252, 40.262 ], [ -3.4252, 40.2624 ], [ -3.4254, 40.2625 ], [ -3.4254, 40.2628 ], [ -3.4252, 40.2629 ], [ -3.4253, 40.263 ], [ -3.4251, 40.2634 ], [ -3.4251, 40.2639 ], [ -3.425, 40.2639 ], [ -3.4251, 40.265 ], [ -3.4249, 40.2655 ], [ -3.425, 40.2655 ], [ -3.425, 40.2658 ], [ -3.4247, 40.2663 ], [ -3.4248, 40.2664 ], [ -3.4251, 40.2659 ], [ -3.4251, 40.2652 ], [ -3.4252, 40.2649 ], [ -3.4253, 40.2649 ], [ -3.4252, 40.2647 ], [ -3.4252, 40.2634 ], [ -3.4254, 40.2631 ], [ -3.4255, 40.2625 ], [ -3.4253, 40.262 ], [ -3.4248, 40.2614 ], [ -3.4226, 40.26 ], [ -3.4224, 40.2592 ], [ -3.4224, 40.258 ], [ -3.4233, 40.2578 ], [ -3.4233, 40.2577 ], [ -3.4236, 40.2577 ], [ -3.4236, 40.2576 ], [ -3.4236, 40.2576 ], [ -3.4237, 40.2576 ], [ -3.4238, 40.2576 ], [ -3.424, 40.2578 ], [ -3.4243, 40.2578 ], [ -3.4243, 40.2579 ], [ -3.4249, 40.2579 ], [ -3.426, 40.2575 ], [ -3.426, 40.2574 ], [ -3.4264, 40.2572 ], [ -3.4265, 40.2558 ], [ -3.4264, 40.2558 ], [ -3.4263, 40.2571 ], [ -3.426, 40.2574 ], [ -3.4249, 40.2578 ], [ -3.4243, 40.2578 ], [ -3.4243, 40.2577 ], [ -3.4237, 40.2575 ], [ -3.4237, 40.2576 ], [ -3.4236, 40.2576 ], [ -3.4233, 40.2576 ], [ -3.4233, 40.2577 ], [ -3.4229, 40.2577 ], [ -3.4224, 40.2579 ], [ -3.4224, 40.2578 ], [ -3.4209, 40.2572 ], [ -3.4209, 40.2571 ], [ -3.4192, 40.2571 ], [ -3.419, 40.257 ], [ -3.4187, 40.2569 ], [ -3.4186, 40.2569 ], [ -3.4186, 40.2568 ], [ -3.4185, 40.2569 ], [ -3.4176, 40.2569 ], [ -3.4176, 40.257 ], [ -3.4178, 40.257 ], [ -3.4187, 40.2569 ], [ -3.4191, 40.2572 ], [ -3.4209, 40.2572 ], [ -3.4212, 40.2575 ], [ -3.4215, 40.2575 ], [ -3.4215, 40.2576 ], [ -3.4223, 40.2579 ] ] ] } },
{ "type": "Feature", "properties": { "municipio": "Arganda del Rey", "clasificacion": "no-urbanizable-protegido", "calificacion": "sin-asignar", "version": "vigente", "fuente": "SIT-CAM WFS — UsoDelSuelo:VPLA_V_CLASIFICACION (https://idem.comunidad.madrid/geosrvg/ows)", "fecha_dato": "2026-05-12", "ambito": "38587", "_raw_CD_SIGLAS": "SNUP_A", "_raw_DS_CLASIF_GEN": "Suelo No Urbanizable Protegido (APLAZADO)", "_raw_DS_CLASIF_DET": "Suelo No Urbanizable Parque Regional del Sureste Zona F", "_raw_DS_DOCU": "PLAN GENERAL", "_raw_DS_LEY": "CM Ley 9/1995, E RDL 1/1992, E RD 1346/1976", "_raw_FC_AC": "1999-01-14", "_raw_NM_AREA_M2": 458505.11320009298, "_cam_code": "014" }, "geometry": { "type": "Polygon", "coordinates": [ [ [ -3.4626, 40.3324 ], [ -3.4601, 40.3349 ], [ -3.4582, 40.3362 ], [ -3.4588, 40.3393 ], [ -3.4589, 40.3393 ], [ -3.4595, 40.3406 ], [ -3.4596, 40.3406 ], [ -3.46, 40.3417 ], [ -3.4603, 40.342 ], [ -3.461, 40.3419 ], [ -3.4671, 40.3399 ], [ -3.4645, 40.335 ], [ -3.463, 40.3335 ], [ -3.463, 40.333 ], [ -3.4626, 40.3324 ] ] ] } },
{ "type": "Feature", "properties": { "municipio": "Arganda del Rey", "clasificacion": "no-urbanizable-protegido", "calificacion": "sin-asignar", "version": "vigente", "fuente": "SIT-CAM WFS — UsoDelSuelo:VPLA_V_CLASIFICACION (https://idem.comunidad.madrid/geosrvg/ows)", "fecha_dato": "2026-05-12", "ambito": "38587", "_raw_CD_SIGLAS": "SNUP_A", "_raw_DS_CLASIF_GEN": "Suelo No Urbanizable Protegido (APLAZADO)", "_raw_DS_CLASIF_DET": "Suelo No Urbanizable Parque Regional del Sureste Zona F", "_raw_DS_DOCU": "PLAN GENERAL", "_raw_DS_LEY": "CM Ley 9/1995, E RDL 1/1992, E RD 1346/1976", "_raw_FC_AC": "1999-01-14", "_raw_NM_AREA_M2": 1272565.4866873601, "_cam_code": "014" }, "geometry": { "type": "Polygon", "coordinates": [ [ [ -3.4504, 40.3349 ], [ -3.4509, 40.3365 ], [ -3.4516, 40.3377 ], [ -3.4522, 40.3382 ], [ -3.4528, 40.339 ], [ -3.4528, 40.3403 ], [ -3.4529, 40.3403 ], [ -3.4556, 40.3379 ], [ -3.46, 40.3347 ], [ -3.4607, 40.334 ], [ -3.4604, 40.3334 ], [ -3.4604, 40.3331 ], [ -3.4605, 40.3331 ], [ -3.4605, 40.3315 ], [ -3.4606, 40.3315 ], [ -3.4606, 40.331 ], [ -3.4605, 40.3309 ], [ -3.4606, 40.3308 ], [ -3.4599, 40.3301 ], [ -3.4589, 40.3294 ], [ -3.4527, 40.3255 ], [ -3.451, 40.3242 ], [ -3.4511, 40.3255 ], [ -3.4521, 40.3274 ], [ -3.4521, 40.3278 ], [ -3.4525, 40.3288 ], [ -3.4523, 40.3288 ], [ -3.452, 40.3278 ], [ -3.452, 40.3274 ], [ -3.451, 40.3255 ], [ -3.4509, 40.3241 ], [ -3.4495, 40.3223 ], [ -3.4491, 40.3221 ], [ -3.4489, 40.3218 ], [ -3.4482, 40.3215 ], [ -3.4482, 40.3211 ], [ -3.4488, 40.3206 ], [ -3.4488, 40.3204 ], [ -3.4453, 40.3213 ], [ -3.446, 40.3225 ], [ -3.4464, 40.3236 ], [ -3.4465, 40.3236 ], [ -3.4468, 40.325 ], [ -3.4471, 40.3258 ], [ -3.4472, 40.3258 ], [ -3.4472, 40.3261 ], [ -3.4473, 40.3261 ], [ -3.4475, 40.3274 ], [ -3.4482, 40.3291 ], [ -3.4482, 40.3295 ], [ -3.4486, 40.3309 ], [ -3.4489, 40.331 ], [ -3.449, 40.3312 ], [ -3.4506, 40.3314 ], [ -3.4562, 40.3346 ], [ -3.4562, 40.3347 ], [ -3.4508, 40.3316 ], [ -3.4503, 40.3314 ], [ -3.449, 40.3313 ], [ -3.4486, 40.331 ], [ -3.449, 40.3326 ], [ -3.4493, 40.3332 ], [ -3.4499, 40.3339 ], [ -3.4504, 40.3349 ] ] ] } },
{ "type": "Feature", "properties": { "municipio": "Arganda del Rey", "clasificacion": "no-urbanizable-protegido", "calificacion": "sin-asignar", "version": "vigente", "fuente": "SIT-CAM WFS — UsoDelSuelo:VPLA_V_CLASIFICACION (https://idem.comunidad.madrid/geosrvg/ows)", "fecha_dato": "2026-05-12", "ambito": "38587", "_raw_CD_SIGLAS": "SNUP_A", "_raw_DS_CLASIF_GEN": "Suelo No Urbanizable Protegido (APLAZADO)", "_raw_DS_CLASIF_DET": "Suelo No Urbanizable Protección de Cauces de Agua", "_raw_DS_DOCU": "PLAN GENERAL", "_raw_DS_LEY": "CM Ley 9/1995, E RDL 1/1992, E RD 1346/1976", "_raw_FC_AC": "1999-01-14", "_raw_NM_AREA_M2": 22369.0788125094, "_cam_code": "014" }, "geometry": { "type": "Polygon", "coordinates": [ [ [ -3.4181, 40.3054 ], [ -3.4183, 40.3058 ], [ -3.4188, 40.3059 ], [ -3.418, 40.3051 ], [ -3.4178, 40.305 ], [ -3.4173, 40.3051 ], [ -3.4166, 40.3045 ], [ -3.4162, 40.3045 ], [ -3.4163, 40.3041 ], [ -3.4162, 40.3039 ], [ -3.4147, 40.3036 ], [ -3.4145, 40.3033 ], [ -3.4143, 40.3033 ], [ -3.4141, 40.3031 ], [ -3.4131, 40.3031 ], [ -3.4127, 40.3027 ], [ -3.412, 40.3024 ], [ -3.4108, 40.3025 ], [ -3.4108, 40.3026 ], [ -3.4104, 40.3027 ], [ -3.41, 40.3026 ], [ -3.4101, 40.303 ], [ -3.4106, 40.3029 ], [ -3.4106, 40.3028 ], [ -3.411, 40.3028 ], [ -3.411, 40.3027 ], [ -3.4119, 40.3026 ], [ -3.4121, 40.3028 ], [ -3.4126, 40.3029 ], [ -3.4129, 40.3033 ], [ -3.414, 40.3033 ], [ -3.4145, 40.3038 ], [ -3.416, 40.3041 ], [ -3.4159, 40.3046 ], [ -3.4164, 40.3047 ], [ -3.4171, 40.3053 ], [ -3.4181, 40.3054 ] ] ] } },
{ "type": "Feature", "properties": { "municipio": "Arganda del Rey", "clasificacion": "no-urbanizable-protegido", "calificacion": "sin-asignar", "version": "vigente", "fuente": "SIT-CAM WFS — UsoDelSuelo:VPLA_V_CLASIFICACION (https://idem.comunidad.madrid/geosrvg/ows)", "fecha_dato": "2026-05-12", "ambito": "38587", "_raw_CD_SIGLAS": "SNUP_A", "_raw_DS_CLASIF_GEN": "Suelo No Urbanizable Protegido (APLAZADO)", "_raw_DS_CLASIF_DET": "Suelo No Urbanizable Protección de Caminos", "_raw_DS_DOCU": "PLAN GENERAL", "_raw_DS_LEY": "CM Ley 9/1995, E RDL 1/1992, E RD 1346/1976", "_raw_FC_AC": "1999-01-14", "_raw_NM_AREA_M2": 14513.231662538299, "_cam_code": "014" }, "geometry": { "type": "Polygon", "coordinates": [ [ [ -3.469, 40.2614 ], [ -3.4688, 40.2618 ], [ -3.4689, 40.2631 ], [ -3.4681, 40.2647 ], [ -3.467, 40.266 ], [ -3.4659, 40.2667 ], [ -3.4649, 40.2677 ], [ -3.4649, 40.2679 ], [ -3.4647, 40.2681 ], [ -3.4642, 40.2683 ], [ -3.4636, 40.2689 ], [ -3.4634, 40.2689 ], [ -3.4627, 40.2693 ], [ -3.4624, 40.2697 ], [ -3.4617, 40.2702 ], [ -3.46, 40.2706 ], [ -3.4589, 40.2711 ], [ -3.4597, 40.2709 ], [ -3.46, 40.2707 ], [ -3.4618, 40.2703 ], [ -3.4629, 40.2693 ], [ -3.4634, 40.2691 ], [ -3.4643, 40.2684 ], [ -3.4646, 40.2683 ], [ -3.4654, 40.2673 ], [ -3.4659, 40.267 ], [ -3.4659, 40.2668 ], [ -3.467, 40.2661 ], [ -3.4682, 40.2648 ], [ -3.4686, 40.2638 ], [ -3.4689, 40.2634 ], [ -3.469, 40.2631 ], [ -3.469, 40.2614 ] ] ] } },
{ "type": "Feature", "properties": { "municipio": "Arganda del Rey", "clasificacion": "no-urbanizable-protegido", "calificacion": "sin-asignar", "version": "vigente", "fuente": "SIT-CAM WFS — UsoDelSuelo:VPLA_V_CLASIFICACION (https://idem.comunidad.madrid/geosrvg/ows)", "fecha_dato": "2026-05-12", "ambito": "38587", "_raw_CD_SIGLAS": "SNUP_A", "_raw_DS_CLASIF_GEN": "Suelo No Urbanizable Protegido (APLAZADO)", "_raw_DS_CLASIF_DET": "Suelo No Urbanizable Parque Regional del Sureste Zona E", "_raw_DS_DOCU": "PLAN GENERAL", "_raw_DS_LEY": "CM Ley 9/1995, E RDL 1/1992, E RD 1346/1976", "_raw_FC_AC": "1999-01-14", "_raw_NM_AREA_M2": 170298.23801257901, "_cam_code": "014" }, "geometry": { "type": "Polygon", "coordinates": [ [ [ -3.4616, 40.2659 ], [ -3.4608, 40.2668 ], [ -3.4606, 40.2668 ], [ -3.4601, 40.2673 ], [ -3.4597, 40.2678 ], [ -3.4597, 40.268 ], [ -3.4596, 40.268 ], [ -3.4595, 40.2684 ], [ -3.4596, 40.2701 ], [ -3.4595, 40.2701 ], [ -3.4595, 40.2704 ], [ -3.4592, 40.2707 ], [ -3.4591, 40.271 ], [ -3.46, 40.2706 ], [ -3.4617, 40.2702 ], [ -3.4624, 40.2697 ], [ -3.4627, 40.2693 ], [ -3.4634, 40.2689 ], [ -3.4636, 40.2689 ], [ -3.4642, 40.2683 ], [ -3.4647, 40.2681 ], [ -3.4649, 40.2679 ], [ -3.4649, 40.2677 ], [ -3.4659, 40.2667 ], [ -3.4664, 40.2664 ], [ -3.4664, 40.2663 ], [ -3.466, 40.2665 ], [ -3.4651, 40.2665 ], [ -3.4626, 40.2659 ], [ -3.4616, 40.2659 ] ] ] } },
{ "type": "Feature", "properties": { "municipio": "Arganda del Rey", "clasificacion": "no-urbanizable-protegido", "calificacion": "sin-asignar", "version": "vigente", "fuente": "SIT-CAM WFS — UsoDelSuelo:VPLA_V_CLASIFICACION (https://idem.comunidad.madrid/geosrvg/ows)", "fecha_dato": "2026-05-12", "ambito": "38587", "_raw_CD_SIGLAS": "SNUP_A", "_raw_DS_CLASIF_GEN": "Suelo No Urbanizable Protegido (APLAZADO)", "_raw_DS_CLASIF_DET": "Suelo No Urbanizable Protección de Caminos", "_raw_DS_DOCU": "PLAN GENERAL", "_raw_DS_LEY": "CM Ley 9/1995, E RDL 1/1992, E RD 1346/1976", "_raw_FC_AC": "1999-01-14", "_raw_NM_AREA_M2": 14582.9998874548, "_cam_code": "014" }, "geometry": { "type": "Polygon", "coordinates": [ [ [ -3.4438, 40.2642 ], [ -3.4449, 40.2645 ], [ -3.445, 40.2649 ], [ -3.4449, 40.2649 ], [ -3.4449, 40.2652 ], [ -3.4444, 40.2659 ], [ -3.4438, 40.2663 ], [ -3.4438, 40.2666 ], [ -3.4442, 40.2671 ], [ -3.4442, 40.2673 ], [ -3.4452, 40.2678 ], [ -3.4456, 40.2683 ], [ -3.4456, 40.2685 ], [ -3.4453, 40.2688 ], [ -3.4451, 40.2694 ], [ -3.4452, 40.2697 ], [ -3.4457, 40.2703 ], [ -3.4464, 40.2709 ], [ -3.4461, 40.2704 ], [ -3.4453, 40.2696 ], [ -3.4453, 40.2691 ], [ -3.4454, 40.2688 ], [ -3.4457, 40.2685 ], [ -3.4457, 40.2682 ], [ -3.4451, 40.2676 ], [ -3.4444, 40.2673 ], [ -3.444, 40.2666 ], [ -3.4439, 40.2666 ], [ -3.4439, 40.2663 ], [ -3.4444, 40.2661 ], [ -3.4447, 40.2656 ], [ -3.4449, 40.2655 ], [ -3.445, 40.265 ], [ -3.4451, 40.265 ], [ -3.4451, 40.2646 ], [ -3.4449, 40.2643 ], [ -3.444, 40.2642 ], [ -3.4438, 40.2636 ], [ -3.4439, 40.2633 ], [ -3.4444, 40.2628 ], [ -3.4453, 40.2624 ], [ -3.4456, 40.2624 ], [ -3.4463, 40.2619 ], [ -3.4463, 40.2617 ], [ -3.4465, 40.2616 ], [ -3.4466, 40.2611 ], [ -3.4471, 40.2606 ], [ -3.4466, 40.2609 ], [ -3.4464, 40.2616 ], [ -3.4462, 40.2617 ], [ -3.4457, 40.2623 ], [ -3.4449, 40.2624 ], [ -3.4448, 40.2626 ], [ -3.4442, 40.2628 ], [ -3.444, 40.2632 ], [ -3.4438, 40.2632 ], [ -3.4437, 40.2634 ], [ -3.4438, 40.2642 ] ] ] } },
{ "type": "Feature", "properties": { "municipio": "Arganda del Rey", "clasificacion": "no-urbanizable-protegido", "calificacion": "sin-asignar", "version": "vigente", "fuente": "SIT-CAM WFS — UsoDelSuelo:VPLA_V_CLASIFICACION (https://idem.comunidad.madrid/geosrvg/ows)", "fecha_dato": "2026-05-12", "ambito": "38587", "_raw_CD_SIGLAS": "SNUP_A", "_raw_DS_CLASIF_GEN": "Suelo No Urbanizable Protegido (APLAZADO)", "_raw_DS_CLASIF_DET": "Suelo No Urbanizable Protección de Caminos", "_raw_DS_DOCU": "PLAN GENERAL", "_raw_DS_LEY": "CM Ley 9/1995, E RDL 1/1992, E RD 1346/1976", "_raw_FC_AC": "1999-01-14", "_raw_NM_AREA_M2": 54210.305350357201, "_cam_code": "014" }, "geometry": { "type": "Polygon", "coordinates": [ [ [ -3.4258, 40.3017 ], [ -3.4259, 40.302 ], [ -3.4255, 40.3025 ], [ -3.4251, 40.3025 ], [ -3.4243, 40.3028 ], [ -3.4236, 40.3034 ], [ -3.4228, 40.3037 ], [ -3.4226, 40.3039 ], [ -3.4221, 40.3047 ], [ -3.4216, 40.306 ], [ -3.4214, 40.3062 ], [ -3.4213, 40.3066 ], [ -3.4215, 40.3069 ], [ -3.4217, 40.307 ], [ -3.4215, 40.3067 ], [ -3.4215, 40.3063 ], [ -3.4217, 40.3061 ], [ -3.4222, 40.3047 ], [ -3.4225, 40.3044 ], [ -3.4228, 40.3038 ], [ -3.4237, 40.3035 ], [ -3.424, 40.3031 ], [ -3.425, 40.3027 ], [ -3.425, 40.3026 ], [ -3.4257, 40.3025 ], [ -3.4262, 40.3017 ], [ -3.4263, 40.3018 ], [ -3.4268, 40.3018 ], [ -3.4275, 40.3015 ], [ -3.4275, 40.3014 ], [ -3.429, 40.3014 ], [ -3.4299, 40.301 ], [ -3.4305, 40.3009 ], [ -3.4309, 40.3006 ], [ -3.4315, 40.3006 ], [ -3.431, 40.3005 ], [ -3.429, 40.3013 ], [ -3.4275, 40.3013 ], [ -3.4275, 40.3014 ], [ -3.4268, 40.3017 ], [ -3.4259, 40.3016 ], [ -3.4267, 40.3008 ], [ -3.4267, 40.3008 ], [ -3.4268, 40.3008 ], [ -3.4271, 40.3008 ], [ -3.428, 40.3008 ], [ -3.428, 40.3007 ], [ -3.4282, 40.3007 ], [ -3.4291, 40.3 ], [ -3.4297, 40.3 ], [ -3.4302, 40.2996 ], [ -3.4304, 40.2996 ], [ -3.4302, 40.2995 ], [ -3.4297, 40.2999 ], [ -3.4291, 40.2999 ], [ -3.4285, 40.2995 ], [ -3.4265, 40.2993 ], [ -3.4265, 40.2992 ], [ -3.426, 40.299 ], [ -3.425, 40.2989 ], [ -3.4241, 40.2985 ], [ -3.4228, 40.2985 ], [ -3.4224, 40.2982 ], [ -3.4224, 40.298 ], [ -3.4223, 40.298 ], [ -3.4222, 40.2976 ], [ -3.422, 40.2974 ], [ -3.4216, 40.2974 ], [ -3.42, 40.2968 ], [ -3.42, 40.2966 ], [ -3.4204, 40.2963 ], [ -3.4206, 40.2958 ], [ -3.4197, 40.2967 ], [ -3.4189, 40.2962 ], [ -3.4181, 40.2961 ], [ -3.4171, 40.2951 ], [ -3.4164, 40.2948 ], [ -3.4164, 40.2947 ], [ -3.4163, 40.2948 ], [ -3.4162, 40.2946 ], [ -3.4161, 40.2946 ], [ -3.4161, 40.2948 ], [ -3.4161, 40.2948 ], [ -3.4161, 40.2948 ], [ -3.4161, 40.2948 ], [ -3.4161, 40.2948 ], [ -3.4161, 40.2948 ], [ -3.4161, 40.2948 ], [ -3.4161, 40.2948 ], [ -3.4161, 40.2948 ], [ -3.4161, 40.2948 ], [ -3.4161, 40.2948 ], [ -3.4161, 40.2948 ], [ -3.4161, 40.2948 ], [ -3.4161, 40.2948 ], [ -3.4162, 40.2948 ], [ -3.4162, 40.2948 ], [ -3.4162, 40.2948 ], [ -3.4162, 40.2948 ], [ -3.4162, 40.2948 ], [ -3.4162, 40.2948 ], [ -3.4162, 40.2948 ], [ -3.4162, 40.2948 ], [ -3.4162, 40.2948 ], [ -3.4162, 40.2948 ], [ -3.4162, 40.2948 ], [ -3.4162, 40.2948 ], [ -3.4162, 40.2948 ], [ -3.4162, 40.2948 ], [ -3.4162, 40.2948 ], [ -3.4162, 40.2948 ], [ -3.4162, 40.2948 ], [ -3.4162, 40.2948 ], [ -3.4163, 40.2948 ], [ -3.4164, 40.2948 ], [ -3.4164, 40.2949 ], [ -3.4172, 40.2953 ], [ -3.4178, 40.296 ], [ -3.4182, 40.2962 ], [ -3.4186, 40.2962 ], [ -3.4197, 40.2968 ], [ -3.4194, 40.2968 ], [ -3.419, 40.2973 ], [ -3.4179, 40.298 ], [ -3.4172, 40.2987 ], [ -3.4169, 40.2988 ], [ -3.4162, 40.2995 ], [ -3.4165, 40.2998 ], [ -3.4164, 40.3 ], [ -3.4154, 40.2999 ], [ -3.4154, 40.3 ], [ -3.4151, 40.3001 ], [ -3.4151, 40.3001 ], [ -3.415, 40.3001 ], [ -3.415, 40.3001 ], [ -3.4149, 40.3001 ], [ -3.4149, 40.3001 ], [ -3.4147, 40.3001 ], [ -3.4145, 40.3001 ], [ -3.4146, 40.3007 ], [ -3.4141, 40.301 ], [ -3.4118, 40.3016 ], [ -3.4105, 40.3017 ], [ -3.4105, 40.3018 ], [ -3.4118, 40.3017 ], [ -3.4128, 40.3015 ], [ -3.4128, 40.3014 ], [ -3.4138, 40.3011 ], [ -3.4142, 40.3011 ], [ -3.4147, 40.3007 ], [ -3.4146, 40.3003 ], [ -3.4147, 40.3001 ], [ -3.4151, 40.3003 ], [ -3.4158, 40.3002 ], [ -3.4168, 40.3006 ], [ -3.4178, 40.3006 ], [ -3.4182, 40.301 ], [ -3.4196, 40.3009 ], [ -3.4203, 40.2999 ], [ -3.4205, 40.2999 ], [ -3.4212, 40.3002 ], [ -3.4227, 40.3003 ], [ -3.4227, 40.3004 ], [ -3.4233, 40.3006 ], [ -3.4233, 40.3008 ], [ -3.4238, 40.3014 ], [ -3.4248, 40.3015 ], [ -3.4252, 40.3017 ], [ -3.4258, 40.3017 ] ], [ [ -3.4265, 40.3008 ], [ -3.4264, 40.3011 ], [ -3.4259, 40.3014 ], [ -3.4258, 40.3016 ], [ -3.4252, 40.3016 ], [ -3.4251, 40.3015 ], [ -3.4239, 40.3013 ], [ -3.4234, 40.3008 ], [ -3.4235, 40.3007 ], [ -3.4233, 40.3005 ], [ -3.4227, 40.3003 ], [ -3.4227, 40.3002 ], [ -3.4211, 40.3001 ], [ -3.4211, 40.3 ], [ -3.4205, 40.2998 ], [ -3.4202, 40.2998 ], [ -3.4195, 40.3008 ], [ -3.4183, 40.3009 ], [ -3.4178, 40.3005 ], [ -3.4168, 40.3005 ], [ -3.4158, 40.3001 ], [ -3.4151, 40.3002 ], [ -3.4154, 40.3001 ], [ -3.4154, 40.3 ], [ -3.4158, 40.3001 ], [ -3.4165, 40.3 ], [ -3.4166, 40.2998 ], [ -3.4164, 40.2996 ], [ -3.4164, 40.2994 ], [ -3.417, 40.2988 ], [ -3.4174, 40.2987 ], [ -3.4178, 40.2982 ], [ -3.419, 40.2974 ], [ -3.4192, 40.2971 ], [ -3.4195, 40.2969 ], [ -3.4198, 40.2969 ], [ -3.4213, 40.2974 ], [ -3.422, 40.2975 ], [ -3.4223, 40.2982 ], [ -3.4228, 40.2986 ], [ -3.4241, 40.2986 ], [ -3.4247, 40.2989 ], [ -3.426, 40.2991 ], [ -3.4265, 40.2994 ], [ -3.4282, 40.2995 ], [ -3.4282, 40.2996 ], [ -3.4284, 40.2996 ], [ -3.4291, 40.3 ], [ -3.4285, 40.3002 ], [ -3.428, 40.3007 ], [ -3.4265, 40.3008 ] ] ] } },
{ "type": "Feature", "properties": { "municipio": "Arganda del Rey", "clasificacion": "no-urbanizable-protegido", "calificacion": "sin-asignar", "version": "vigente", "fuente": "SIT-CAM WFS — UsoDelSuelo:VPLA_V_CLASIFICACION (https://idem.comunidad.madrid/geosrvg/ows)", "fecha_dato": "2026-05-12", "ambito": "38587", "_raw_CD_SIGLAS": "SNUP_A", "_raw_DS_CLASIF_GEN": "Suelo No Urbanizable Protegido (APLAZADO)", "_raw_DS_CLASIF_DET": "Suelo No Urbanizable Protección de Vegas", "_raw_DS_DOCU": "PLAN GENERAL", "_raw_DS_LEY": "CM Ley 9/1995, E RDL 1/1992, E RD 1346/1976", "_raw_FC_AC": "1999-01-14", "_raw_NM_AREA_M2": 39945.387662494897, "_cam_code": "014" }, "geometry": { "type": "Polygon", "coordinates": [ [ [ -3.4174, 40.3057 ], [ -3.4177, 40.306 ], [ -3.418, 40.3057 ], [ -3.4182, 40.3057 ], [ -3.4181, 40.3054 ], [ -3.4171, 40.3053 ], [ -3.4164, 40.3047 ], [ -3.416, 40.3047 ], [ -3.4159, 40.3046 ], [ -3.416, 40.3041 ], [ -3.4145, 40.3038 ], [ -3.414, 40.3033 ], [ -3.4129, 40.3033 ], [ -3.4126, 40.3029 ], [ -3.4121, 40.3028 ], [ -3.4119, 40.3026 ], [ -3.4106, 40.3028 ], [ -3.4106, 40.3029 ], [ -3.4103, 40.3029 ], [ -3.4103, 40.303 ], [ -3.41, 40.3029 ], [ -3.41, 40.303 ], [ -3.41, 40.303 ], [ -3.41, 40.303 ], [ -3.41, 40.303 ], [ -3.4101, 40.303 ], [ -3.4101, 40.303 ], [ -3.4101, 40.303 ], [ -3.4101, 40.303 ], [ -3.4102, 40.303 ], [ -3.4102, 40.303 ], [ -3.4102, 40.303 ], [ -3.4103, 40.303 ], [ -3.4108, 40.303 ], [ -3.4108, 40.3031 ], [ -3.4117, 40.3032 ], [ -3.4117, 40.3033 ], [ -3.4122, 40.3035 ], [ -3.4137, 40.3039 ], [ -3.4146, 40.3043 ], [ -3.4151, 40.3047 ], [ -3.4174, 40.3057 ] ] ] } },
{ "type": "Feature", "properties": { "municipio": "Arganda del Rey", "clasificacion": "no-urbanizable-protegido", "calificacion": "sin-asignar", "version": "vigente", "fuente": "SIT-CAM WFS — UsoDelSuelo:VPLA_V_CLASIFICACION (https://idem.comunidad.madrid/geosrvg/ows)", "fecha_dato": "2026-05-12", "ambito": "38587", "_raw_CD_SIGLAS": "SNUP_A", "_raw_DS_CLASIF_GEN": "Suelo No Urbanizable Protegido (APLAZADO)", "_raw_DS_CLASIF_DET": "Suelo No Urbanizable Protección de Caminos", "_raw_DS_DOCU": "PLAN GENERAL", "_raw_DS_LEY": "CM Ley 9/1995, E RDL 1/1992, E RD 1346/1976", "_raw_FC_AC": "1999-01-14", "_raw_NM_AREA_M2": 6743.8131873886996, "_cam_code": "014" }, "geometry": { "type": "Polygon", "coordinates": [ [ [ -3.4147, 40.2947 ], [ -3.4143, 40.2948 ], [ -3.4137, 40.2953 ], [ -3.4131, 40.2954 ], [ -3.4131, 40.2955 ], [ -3.4125, 40.2955 ], [ -3.4121, 40.2957 ], [ -3.4121, 40.2958 ], [ -3.4101, 40.2966 ], [ -3.4097, 40.2969 ], [ -3.4096, 40.2973 ], [ -3.41, 40.2984 ], [ -3.4102, 40.2985 ], [ -3.4097, 40.2973 ], [ -3.4098, 40.2969 ], [ -3.4102, 40.2966 ], [ -3.4108, 40.2965 ], [ -3.4121, 40.2959 ], [ -3.4125, 40.2956 ], [ -3.4131, 40.2956 ], [ -3.4131, 40.2955 ], [ -3.4138, 40.2954 ], [ -3.4143, 40.2949 ], [ -3.4145, 40.2949 ], [ -3.4147, 40.2947 ] ] ] } },
{ "type": "Feature", "properties": { "municipio": "Arganda del Rey", "clasificacion": "no-urbanizable-protegido", "calificacion": "sin-asignar", "version": "vigente", "fuente": "SIT-CAM WFS — UsoDelSuelo:VPLA_V_CLASIFICACION (https://idem.comunidad.madrid/geosrvg/ows)", "fecha_dato": "2026-05-12", "ambito": "38587", "_raw_CD_SIGLAS": "SNUP_A", "_raw_DS_CLASIF_GEN": "Suelo No Urbanizable Protegido (APLAZADO)", "_raw_DS_CLASIF_DET": "Suelo No Urbanizable Protección de Vías Pecuarias", "_raw_DS_DOCU": "PLAN GENERAL", "_raw_DS_LEY": "CM Ley 9/1995, E RDL 1/1992, E RD 1346/1976", "_raw_FC_AC": "1999-01-14", "_raw_NM_AREA_M2": 3228.2262500240399, "_cam_code": "014" }, "geometry": { "type": "Polygon", "coordinates": [ [ [ -3.4495, 40.259 ], [ -3.4491, 40.259 ], [ -3.4491, 40.2591 ], [ -3.4486, 40.2593 ], [ -3.4482, 40.2598 ], [ -3.448, 40.2598 ], [ -3.4481, 40.26 ], [ -3.4482, 40.2601 ], [ -3.449, 40.2593 ], [ -3.4495, 40.2592 ], [ -3.4496, 40.259 ], [ -3.4495, 40.259 ] ] ] } },
{ "type": "Feature", "properties": { "municipio": "Arganda del Rey", "clasificacion": "no-urbanizable-protegido", "calificacion": "sin-asignar", "version": "vigente", "fuente": "SIT-CAM WFS — UsoDelSuelo:VPLA_V_CLASIFICACION (https://idem.comunidad.madrid/geosrvg/ows)", "fecha_dato": "2026-05-12", "ambito": "38587", "_raw_CD_SIGLAS": "SNUP_A", "_raw_DS_CLASIF_GEN": "Suelo No Urbanizable Protegido (APLAZADO)", "_raw_DS_CLASIF_DET": "Suelo No Urbanizable Protección de Caminos", "_raw_DS_DOCU": "PLAN GENERAL", "_raw_DS_LEY": "CM Ley 9/1995, E RDL 1/1992, E RD 1346/1976", "_raw_FC_AC": "1999-01-14", "_raw_NM_AREA_M2": 9224.7559999414898, "_cam_code": "014" }, "geometry": { "type": "Polygon", "coordinates": [ [ [ -3.4205, 40.264 ], [ -3.4211, 40.2643 ], [ -3.4217, 40.2651 ], [ -3.4228, 40.2661 ], [ -3.4236, 40.2662 ], [ -3.4228, 40.266 ], [ -3.421, 40.2641 ], [ -3.4207, 40.264 ], [ -3.4207, 40.2639 ], [ -3.4202, 40.2639 ], [ -3.42, 40.2636 ], [ -3.4194, 40.2634 ], [ -3.4189, 40.2626 ], [ -3.4186, 40.2624 ], [ -3.4182, 40.2617 ], [ -3.4182, 40.2615 ], [ -3.4179, 40.2612 ], [ -3.4175, 40.2611 ], [ -3.4171, 40.2606 ], [ -3.4168, 40.2605 ], [ -3.4167, 40.2603 ], [ -3.4162, 40.2601 ], [ -3.4168, 40.2606 ], [ -3.4171, 40.2607 ], [ -3.4173, 40.2611 ], [ -3.418, 40.2614 ], [ -3.4183, 40.2621 ], [ -3.4186, 40.2625 ], [ -3.4188, 40.2626 ], [ -3.4189, 40.263 ], [ -3.4192, 40.2634 ], [ -3.4199, 40.2637 ], [ -3.4202, 40.264 ], [ -3.4205, 40.264 ] ] ] } },
{ "type": "Feature", "properties": { "municipio": "Arganda del Rey", "clasificacion": "no-urbanizable-protegido", "calificacion": "sin-asignar", "version": "vigente", "fuente": "SIT-CAM WFS — UsoDelSuelo:VPLA_V_CLASIFICACION (https://idem.comunidad.madrid/geosrvg/ows)", "fecha_dato": "2026-05-12", "ambito": "38587", "_raw_CD_SIGLAS": "SNUP_A", "_raw_DS_CLASIF_GEN": "Suelo No Urbanizable Protegido (APLAZADO)", "_raw_DS_CLASIF_DET": "Suelo No Urbanizable Protección de Caminos", "_raw_DS_DOCU": "PLAN GENERAL", "_raw_DS_LEY": "CM Ley 9/1995, E RDL 1/1992, E RD 1346/1976", "_raw_FC_AC": "1999-01-14", "_raw_NM_AREA_M2": 8713.4465999869608, "_cam_code": "014" }, "geometry": { "type": "Polygon", "coordinates": [ [ [ -3.4474, 40.2578 ], [ -3.4473, 40.2579 ], [ -3.4473, 40.2586 ], [ -3.4471, 40.259 ], [ -3.4474, 40.2591 ], [ -3.4478, 40.2596 ], [ -3.4481, 40.2601 ], [ -3.4484, 40.2611 ], [ -3.4489, 40.2619 ], [ -3.4492, 40.262 ], [ -3.4492, 40.2623 ], [ -3.449, 40.2626 ], [ -3.4492, 40.2637 ], [ -3.4497, 40.2643 ], [ -3.45, 40.2644 ], [ -3.4502, 40.2649 ], [ -3.4503, 40.2648 ], [ -3.4501, 40.2644 ], [ -3.4493, 40.2637 ], [ -3.4493, 40.2632 ], [ -3.4492, 40.2627 ], [ -3.4491, 40.2627 ], [ -3.4494, 40.2621 ], [ -3.449, 40.2618 ], [ -3.4485, 40.2611 ], [ -3.4482, 40.26 ], [ -3.4481, 40.26 ], [ -3.448, 40.2597 ], [ -3.4475, 40.259 ], [ -3.4472, 40.2589 ], [ -3.4474, 40.2587 ], [ -3.4474, 40.2582 ], [ -3.4475, 40.2582 ], [ -3.4474, 40.2578 ] ] ] } },
{ "type": "Feature", "properties": { "municipio": "Arganda del Rey", "clasificacion": "no-urbanizable-protegido", "calificacion": "sin-asignar", "version": "vigente", "fuente": "SIT-CAM WFS — UsoDelSuelo:VPLA_V_CLASIFICACION (https://idem.comunidad.madrid/geosrvg/ows)", "fecha_dato": "2026-05-12", "ambito": "38587", "_raw_CD_SIGLAS": "SNUP_A", "_raw_DS_CLASIF_GEN": "Suelo No Urbanizable Protegido (APLAZADO)", "_raw_DS_CLASIF_DET": "Suelo No Urbanizable Parque Regional del Sureste Zona E", "_raw_DS_DOCU": "PLAN GENERAL", "_raw_DS_LEY": "CM Ley 9/1995, E RDL 1/1992, E RD 1346/1976", "_raw_FC_AC": "1999-01-14", "_raw_NM_AREA_M2": 54086.612374919503, "_cam_code": "014" }, "geometry": { "type": "Polygon", "coordinates": [ [ [ -3.4485, 40.2611 ], [ -3.449, 40.2618 ], [ -3.4494, 40.2621 ], [ -3.4491, 40.2627 ], [ -3.4492, 40.2627 ], [ -3.4493, 40.2632 ], [ -3.4493, 40.2637 ], [ -3.4501, 40.2644 ], [ -3.4503, 40.2648 ], [ -3.4515, 40.2636 ], [ -3.4514, 40.2627 ], [ -3.4515, 40.2622 ], [ -3.4514, 40.2619 ], [ -3.4496, 40.2616 ], [ -3.4485, 40.2611 ] ] ] } },
{ "type": "Feature", "properties": { "municipio": "Arganda del Rey", "clasificacion": "no-urbanizable-protegido", "calificacion": "sin-asignar", "version": "vigente", "fuente": "SIT-CAM WFS — UsoDelSuelo:VPLA_V_CLASIFICACION (https://idem.comunidad.madrid/geosrvg/ows)", "fecha_dato": "2026-05-12", "ambito": "38587", "_raw_CD_SIGLAS": "SNUP_A", "_raw_DS_CLASIF_GEN": "Suelo No Urbanizable Protegido (APLAZADO)", "_raw_DS_CLASIF_DET": "Suelo No Urbanizable Parque Regional del Sureste Zona D", "_raw_DS_DOCU": "PLAN GENERAL", "_raw_DS_LEY": "CM Ley 9/1995, E RDL 1/1992, E RD 1346/1976", "_raw_FC_AC": "1999-01-14", "_raw_NM_AREA_M2": 94708.062375050402, "_cam_code": "014" }, "geometry": { "type": "Polygon", "coordinates": [ [ [ -3.4501, 40.2589 ], [ -3.4499, 40.2595 ], [ -3.4502, 40.2604 ], [ -3.4505, 40.2608 ], [ -3.4517, 40.2616 ], [ -3.4519, 40.2619 ], [ -3.452, 40.2636 ], [ -3.4524, 40.2634 ], [ -3.4527, 40.2634 ], [ -3.4538, 40.2625 ], [ -3.4538, 40.2623 ], [ -3.454, 40.2621 ], [ -3.4544, 40.262 ], [ -3.454, 40.2609 ], [ -3.4531, 40.2605 ], [ -3.4526, 40.2598 ], [ -3.4512, 40.2589 ], [ -3.451, 40.2589 ], [ -3.451, 40.2588 ], [ -3.4501, 40.2589 ] ] ] } },
{ "type": "Feature", "properties": { "municipio": "Arganda del Rey", "clasificacion": "no-urbanizable-protegido", "calificacion": "sin-asignar", "version": "vigente", "fuente": "SIT-CAM WFS — UsoDelSuelo:VPLA_V_CLASIFICACION (https://idem.comunidad.madrid/geosrvg/ows)", "fecha_dato": "2026-05-12", "ambito": "38587", "_raw_CD_SIGLAS": "SNUP_A", "_raw_DS_CLASIF_GEN": "Suelo No Urbanizable Protegido (APLAZADO)", "_raw_DS_CLASIF_DET": "Suelo No Urbanizable Protección de Vías Pecuarias", "_raw_DS_DOCU": "PLAN GENERAL", "_raw_DS_LEY": "CM Ley 9/1995, E RDL 1/1992, E RD 1346/1976", "_raw_FC_AC": "1999-01-14", "_raw_NM_AREA_M2": 29551.544812341199, "_cam_code": "014" }, "geometry": { "type": "Polygon", "coordinates": [ [ [ -3.4164, 40.2597 ], [ -3.4158, 40.2604 ], [ -3.4148, 40.2606 ], [ -3.4148, 40.2607 ], [ -3.4143, 40.2609 ], [ -3.4137, 40.2614 ], [ -3.4132, 40.2622 ], [ -3.4131, 40.2626 ], [ -3.4132, 40.2627 ], [ -3.4132, 40.2632 ], [ -3.4134, 40.2632 ], [ -3.4134, 40.263 ], [ -3.4133, 40.263 ], [ -3.4134, 40.262 ], [ -3.4138, 40.2615 ], [ -3.4151, 40.2606 ], [ -3.416, 40.2604 ], [ -3.416, 40.2602 ], [ -3.4162, 40.2601 ], [ -3.4171, 40.2602 ], [ -3.4208, 40.2602 ], [ -3.4208, 40.2603 ], [ -3.4215, 40.2603 ], [ -3.4217, 40.2601 ], [ -3.422, 40.2602 ], [ -3.4226, 40.2602 ], [ -3.4227, 40.2601 ], [ -3.4226, 40.26 ], [ -3.4215, 40.26 ], [ -3.4214, 40.2601 ], [ -3.4207, 40.2601 ], [ -3.4207, 40.26 ], [ -3.4162, 40.26 ], [ -3.4166, 40.2597 ], [ -3.4167, 40.2593 ], [ -3.4174, 40.2582 ], [ -3.4176, 40.2572 ], [ -3.4176, 40.2566 ], [ -3.4175, 40.2566 ], [ -3.417, 40.2555 ], [ -3.4169, 40.2555 ], [ -3.4169, 40.2543 ], [ -3.4167, 40.2543 ], [ -3.4166, 40.2553 ], [ -3.4167, 40.2553 ], [ -3.4167, 40.2556 ], [ -3.4168, 40.2556 ], [ -3.4173, 40.2565 ], [ -3.4174, 40.257 ], [ -3.4173, 40.257 ], [ -3.4172, 40.2581 ], [ -3.4171, 40.2581 ], [ -3.4171, 40.2583 ], [ -3.4165, 40.2591 ], [ -3.4166, 40.2593 ], [ -3.4165, 40.2593 ], [ -3.4164, 40.2597 ] ] ] } },
{ "type": "Feature", "properties": { "municipio": "Arganda del Rey", "clasificacion": "no-urbanizable-protegido", "calificacion": "sin-asignar", "version": "vigente", "fuente": "SIT-CAM WFS — UsoDelSuelo:VPLA_V_CLASIFICACION (https://idem.comunidad.madrid/geosrvg/ows)", "fecha_dato": "2026-05-12", "ambito": "38587", "_raw_CD_SIGLAS": "SNUP_A", "_raw_DS_CLASIF_GEN": "Suelo No Urbanizable Protegido (APLAZADO)", "_raw_DS_CLASIF_DET": "Suelo No Urbanizable Parque Regional del Sureste Zona D", "_raw_DS_DOCU": "PLAN GENERAL", "_raw_DS_LEY": "CM Ley 9/1995, E RDL 1/1992, E RD 1346/1976", "_raw_FC_AC": "1999-01-14", "_raw_NM_AREA_M2": 453857.94046192901, "_cam_code": "014" }, "geometry": { "type": "Polygon", "coordinates": [ [ [ -3.4388, 40.2612 ], [ -3.4397, 40.2615 ], [ -3.4401, 40.2622 ], [ -3.4415, 40.2622 ], [ -3.4415, 40.2621 ], [ -3.442, 40.262 ], [ -3.4427, 40.2612 ], [ -3.443, 40.2611 ], [ -3.4435, 40.2604 ], [ -3.4437, 40.2596 ], [ -3.4442, 40.2594 ], [ -3.4443, 40.2596 ], [ -3.4447, 40.2598 ], [ -3.4448, 40.2604 ], [ -3.4453, 40.2609 ], [ -3.4462, 40.2609 ], [ -3.4468, 40.2605 ], [ -3.4473, 40.2604 ], [ -3.4473, 40.2603 ], [ -3.4478, 40.2601 ], [ -3.4481, 40.2601 ], [ -3.4474, 40.2591 ], [ -3.4471, 40.259 ], [ -3.4473, 40.2586 ], [ -3.4473, 40.2579 ], [ -3.4474, 40.2578 ], [ -3.4469, 40.2576 ], [ -3.4415, 40.2582 ], [ -3.4348, 40.2579 ], [ -3.4328, 40.2574 ], [ -3.4327, 40.2575 ], [ -3.4325, 40.2581 ], [ -3.4323, 40.2583 ], [ -3.4323, 40.2588 ], [ -3.4322, 40.2588 ], [ -3.432, 40.2595 ], [ -3.432, 40.2601 ], [ -3.4321, 40.2601 ], [ -3.4321, 40.2603 ], [ -3.4323, 40.2605 ], [ -3.4337, 40.261 ], [ -3.4337, 40.2611 ], [ -3.4344, 40.2611 ], [ -3.4348, 40.2609 ], [ -3.4359, 40.261 ], [ -3.4362, 40.2614 ], [ -3.4369, 40.2616 ], [ -3.4381, 40.2613 ], [ -3.4383, 40.2605 ], [ -3.4385, 40.2605 ], [ -3.4388, 40.2607 ], [ -3.4388, 40.2612 ] ] ] } },
{ "type": "Feature", "properties": { "municipio": "Arganda del Rey", "clasificacion": "no-urbanizable-protegido", "calificacion": "sin-asignar", "version": "vigente", "fuente": "SIT-CAM WFS — UsoDelSuelo:VPLA_V_CLASIFICACION (https://idem.comunidad.madrid/geosrvg/ows)", "fecha_dato": "2026-05-12", "ambito": "38587", "_raw_CD_SIGLAS": "SNUP_A", "_raw_DS_CLASIF_GEN": "Suelo No Urbanizable Protegido (APLAZADO)", "_raw_DS_CLASIF_DET": "Suelo No Urbanizable Parque Regional del Sureste Zona D", "_raw_DS_DOCU": "PLAN GENERAL", "_raw_DS_LEY": "CM Ley 9/1995, E RDL 1/1992, E RD 1346/1976", "_raw_FC_AC": "1999-01-14", "_raw_NM_AREA_M2": 541303.78347536805, "_cam_code": "014" }, "geometry": { "type": "Polygon", "coordinates": [ [ [ -3.4951, 40.2772 ], [ -3.4955, 40.2773 ], [ -3.4954, 40.2779 ], [ -3.4954, 40.2784 ], [ -3.4955, 40.2784 ], [ -3.4955, 40.2778 ], [ -3.4957, 40.2776 ], [ -3.4957, 40.2773 ], [ -3.4952, 40.2769 ], [ -3.4942, 40.277 ], [ -3.4941, 40.2765 ], [ -3.4944, 40.2766 ], [ -3.495, 40.2764 ], [ -3.4959, 40.2765 ], [ -3.4951, 40.2757 ], [ -3.4945, 40.2754 ], [ -3.4932, 40.2742 ], [ -3.4921, 40.2737 ], [ -3.4921, 40.2736 ], [ -3.4917, 40.2736 ], [ -3.4879, 40.2692 ], [ -3.4868, 40.2687 ], [ -3.4858, 40.2677 ], [ -3.4845, 40.267 ], [ -3.4831, 40.2656 ], [ -3.4828, 40.2649 ], [ -3.4801, 40.2657 ], [ -3.4801, 40.2658 ], [ -3.4799, 40.2658 ], [ -3.4799, 40.2659 ], [ -3.4793, 40.2662 ], [ -3.4793, 40.2663 ], [ -3.4812, 40.2662 ], [ -3.4814, 40.2664 ], [ -3.4817, 40.2664 ], [ -3.4817, 40.2665 ], [ -3.4823, 40.2664 ], [ -3.4824, 40.2665 ], [ -3.4823, 40.2668 ], [ -3.4819, 40.2669 ], [ -3.4819, 40.267 ], [ -3.4815, 40.2672 ], [ -3.4823, 40.2675 ], [ -3.4824, 40.2677 ], [ -3.483, 40.2679 ], [ -3.483, 40.268 ], [ -3.4836, 40.268 ], [ -3.4838, 40.2682 ], [ -3.4838, 40.2684 ], [ -3.4836, 40.2686 ], [ -3.4834, 40.2686 ], [ -3.4834, 40.2687 ], [ -3.4828, 40.2685 ], [ -3.483, 40.2687 ], [ -3.483, 40.2691 ], [ -3.4832, 40.2691 ], [ -3.4835, 40.2695 ], [ -3.4833, 40.2697 ], [ -3.4823, 40.2699 ], [ -3.4823, 40.27 ], [ -3.4832, 40.2705 ], [ -3.4832, 40.271 ], [ -3.4829, 40.2711 ], [ -3.4839, 40.2712 ], [ -3.4842, 40.2711 ], [ -3.4842, 40.271 ], [ -3.4849, 40.2709 ], [ -3.4854, 40.2711 ], [ -3.4853, 40.2715 ], [ -3.4856, 40.2717 ], [ -3.4856, 40.2719 ], [ -3.4861, 40.2719 ], [ -3.4866, 40.2713 ], [ -3.4869, 40.2713 ], [ -3.487, 40.2715 ], [ -3.4875, 40.2715 ], [ -3.4876, 40.2719 ], [ -3.4881, 40.2722 ], [ -3.4879, 40.2725 ], [ -3.4877, 40.2725 ], [ -3.4878, 40.2731 ], [ -3.488, 40.2733 ], [ -3.4879, 40.2736 ], [ -3.4872, 40.2737 ], [ -3.4872, 40.2736 ], [ -3.4869, 40.2736 ], [ -3.4869, 40.2735 ], [ -3.4867, 40.2735 ], [ -3.4861, 40.2731 ], [ -3.4855, 40.2732 ], [ -3.4855, 40.2733 ], [ -3.4853, 40.2733 ], [ -3.4847, 40.2737 ], [ -3.4852, 40.2743 ], [ -3.4851, 40.2746 ], [ -3.4853, 40.2746 ], [ -3.4854, 40.2748 ], [ -3.4863, 40.2752 ], [ -3.4865, 40.2756 ], [ -3.4873, 40.2756 ], [ -3.4875, 40.276 ], [ -3.4884, 40.2763 ], [ -3.4887, 40.2767 ], [ -3.4891, 40.2767 ], [ -3.4896, 40.2769 ], [ -3.4908, 40.277 ], [ -3.4917, 40.2764 ], [ -3.4922, 40.2764 ], [ -3.4935, 40.2774 ], [ -3.4945, 40.2774 ], [ -3.4951, 40.2772 ] ] ] } },
{ "type": "Feature", "properties": { "municipio": "Arganda del Rey", "clasificacion": "no-urbanizable-protegido", "calificacion": "sin-asignar", "version": "vigente", "fuente": "SIT-CAM WFS — UsoDelSuelo:VPLA_V_CLASIFICACION (https://idem.comunidad.madrid/geosrvg/ows)", "fecha_dato": "2026-05-12", "ambito": "38587", "_raw_CD_SIGLAS": "SNUP_A", "_raw_DS_CLASIF_GEN": "Suelo No Urbanizable Protegido (APLAZADO)", "_raw_DS_CLASIF_DET": "Suelo No Urbanizable Parque Regional del Sureste Zona E", "_raw_DS_DOCU": "PLAN GENERAL", "_raw_DS_LEY": "CM Ley 9/1995, E RDL 1/1992, E RD 1346/1976", "_raw_FC_AC": "1999-01-14", "_raw_NM_AREA_M2": 422130.98517496302, "_cam_code": "014" }, "geometry": { "type": "GeometryCollection", "geometries": [ { "type": "Polygon", "coordinates": [ [ [ -3.4758, 40.2774 ], [ -3.4758, 40.2776 ], [ -3.476, 40.2776 ], [ -3.4762, 40.2778 ], [ -3.4763, 40.2777 ], [ -3.478, 40.2776 ], [ -3.4789, 40.278 ], [ -3.4795, 40.2779 ], [ -3.4796, 40.2782 ], [ -3.4801, 40.2781 ], [ -3.4803, 40.2782 ], [ -3.4818, 40.2782 ], [ -3.4819, 40.2783 ], [ -3.4819, 40.2782 ], [ -3.4839, 40.2777 ], [ -3.4839, 40.2775 ], [ -3.4842, 40.2772 ], [ -3.4854, 40.2768 ], [ -3.4854, 40.2763 ], [ -3.4859, 40.2763 ], [ -3.4862, 40.2761 ], [ -3.4874, 40.2761 ], [ -3.4866, 40.2759 ], [ -3.4857, 40.2753 ], [ -3.4852, 40.2753 ], [ -3.4851, 40.2749 ], [ -3.4846, 40.2747 ], [ -3.4841, 40.2741 ], [ -3.4834, 40.2737 ], [ -3.4821, 40.2735 ], [ -3.4821, 40.2734 ], [ -3.4815, 40.2733 ], [ -3.4813, 40.2731 ], [ -3.4799, 40.273 ], [ -3.4797, 40.2732 ], [ -3.4791, 40.2733 ], [ -3.4791, 40.2734 ], [ -3.4781, 40.2735 ], [ -3.4767, 40.2743 ], [ -3.4756, 40.2742 ], [ -3.4752, 40.2743 ], [ -3.4752, 40.2744 ], [ -3.4749, 40.2744 ], [ -3.4746, 40.2754 ], [ -3.4744, 40.2755 ], [ -3.4741, 40.2761 ], [ -3.474, 40.2761 ], [ -3.4741, 40.2766 ], [ -3.4737, 40.2769 ], [ -3.4736, 40.2772 ], [ -3.474, 40.2772 ], [ -3.4747, 40.2775 ], [ -3.4758, 40.2774 ] ] ] }, { "type": "LineString", "coordinates": [ [ -3.4762, 40.2778 ], [ -3.4763, 40.2779 ] ] } ] } },
{ "type": "Feature", "properties": { "municipio": "Arganda del Rey", "clasificacion": "no-urbanizable-protegido", "calificacion": "sin-asignar", "version": "vigente", "fuente": "SIT-CAM WFS — UsoDelSuelo:VPLA_V_CLASIFICACION (https://idem.comunidad.madrid/geosrvg/ows)", "fecha_dato": "2026-05-12", "ambito": "38587", "_raw_CD_SIGLAS": "SNUP_A", "_raw_DS_CLASIF_GEN": "Suelo No Urbanizable Protegido (APLAZADO)", "_raw_DS_CLASIF_DET": "Suelo No Urbanizable Parque Regional del Sureste Zona F", "_raw_DS_DOCU": "PLAN GENERAL", "_raw_DS_LEY": "CM Ley 9/1995, E RDL 1/1992, E RD 1346/1976", "_raw_FC_AC": "1999-01-14", "_raw_NM_AREA_M2": 204868.56826253599, "_cam_code": "014" }, "geometry": { "type": "Polygon", "coordinates": [ [ [ -3.4529, 40.3253 ], [ -3.455, 40.3268 ], [ -3.4571, 40.3279 ], [ -3.4599, 40.3299 ], [ -3.46, 40.3285 ], [ -3.4599, 40.3268 ], [ -3.4597, 40.3258 ], [ -3.4598, 40.3258 ], [ -3.4598, 40.3251 ], [ -3.46, 40.3242 ], [ -3.459, 40.3242 ], [ -3.4587, 40.3244 ], [ -3.4578, 40.3243 ], [ -3.4574, 40.3245 ], [ -3.4572, 40.3245 ], [ -3.4572, 40.3244 ], [ -3.4541, 40.3245 ], [ -3.4535, 40.3246 ], [ -3.4536, 40.325 ], [ -3.4535, 40.3252 ], [ -3.4534, 40.3252 ], [ -3.4534, 40.3252 ], [ -3.4534, 40.3252 ], [ -3.4533, 40.3252 ], [ -3.4533, 40.3252 ], [ -3.4533, 40.3252 ], [ -3.4533, 40.3252 ], [ -3.4532, 40.3252 ], [ -3.4532, 40.3252 ], [ -3.4532, 40.3252 ], [ -3.4531, 40.3252 ], [ -3.4531, 40.3252 ], [ -3.4531, 40.3252 ], [ -3.4531, 40.3252 ], [ -3.453, 40.3252 ], [ -3.453, 40.3252 ], [ -3.453, 40.3252 ], [ -3.4529, 40.3252 ], [ -3.4527, 40.3252 ], [ -3.4526, 40.3251 ], [ -3.4529, 40.3253 ] ] ] } },
{ "type": "Feature", "properties": { "municipio": "Arganda del Rey", "clasificacion": "no-urbanizable-protegido", "calificacion": "sin-asignar", "version": "vigente", "fuente": "SIT-CAM WFS — UsoDelSuelo:VPLA_V_CLASIFICACION (https://idem.comunidad.madrid/geosrvg/ows)", "fecha_dato": "2026-05-12", "ambito": "38587", "_raw_CD_SIGLAS": "SNUP_A", "_raw_DS_CLASIF_GEN": "Suelo No Urbanizable Protegido (APLAZADO)", "_raw_DS_CLASIF_DET": "Suelo No Urbanizable Protección de Caminos", "_raw_DS_DOCU": "PLAN GENERAL", "_raw_DS_LEY": "CM Ley 9/1995, E RDL 1/1992, E RD 1346/1976", "_raw_FC_AC": "1999-01-14", "_raw_NM_AREA_M2": 5364.9141500396599, "_cam_code": "014" }, "geometry": { "type": "Polygon", "coordinates": [ [ [ -3.4509, 40.3242 ], [ -3.451, 40.3255 ], [ -3.452, 40.3274 ], [ -3.4522, 40.3286 ], [ -3.4523, 40.3288 ], [ -3.4525, 40.3288 ], [ -3.4523, 40.3285 ], [ -3.4519, 40.3269 ], [ -3.4511, 40.3255 ], [ -3.451, 40.3242 ], [ -3.4509, 40.3242 ] ] ] } },
{ "type": "Feature", "properties": { "municipio": "Arganda del Rey", "clasificacion": "no-urbanizable-protegido", "calificacion": "sin-asignar", "version": "vigente", "fuente": "SIT-CAM WFS — UsoDelSuelo:VPLA_V_CLASIFICACION (https://idem.comunidad.madrid/geosrvg/ows)", "fecha_dato": "2026-05-12", "ambito": "38587", "_raw_CD_SIGLAS": "SNUP_A", "_raw_DS_CLASIF_GEN": "Suelo No Urbanizable Protegido (APLAZADO)", "_raw_DS_CLASIF_DET": "Suelo No Urbanizable Protección de Vías Pecuarias", "_raw_DS_DOCU": "PLAN GENERAL", "_raw_DS_LEY": "CM Ley 9/1995, E RDL 1/1992, E RD 1346/1976", "_raw_FC_AC": "1999-01-14", "_raw_NM_AREA_M2": 23726.086500071899, "_cam_code": "014" }, "geometry": { "type": "Polygon", "coordinates": [ [ [ -3.4077, 40.2751 ], [ -3.4071, 40.2765 ], [ -3.407, 40.2765 ], [ -3.407, 40.2771 ], [ -3.4066, 40.2776 ], [ -3.4055, 40.2797 ], [ -3.4032, 40.2825 ], [ -3.403, 40.2832 ], [ -3.4027, 40.2836 ], [ -3.4026, 40.2843 ], [ -3.4025, 40.2843 ], [ -3.4025, 40.2849 ], [ -3.4027, 40.2851 ], [ -3.4027, 40.2844 ], [ -3.4034, 40.2826 ], [ -3.4048, 40.2808 ], [ -3.4057, 40.2799 ], [ -3.4057, 40.2797 ], [ -3.4058, 40.2797 ], [ -3.4063, 40.2788 ], [ -3.4067, 40.2778 ], [ -3.4072, 40.2772 ], [ -3.4072, 40.2766 ], [ -3.4073, 40.2766 ], [ -3.4079, 40.2755 ], [ -3.4077, 40.2751 ] ] ] } },
{ "type": "Feature", "properties": { "municipio": "Arganda del Rey", "clasificacion": "no-urbanizable-protegido", "calificacion": "sin-asignar", "version": "vigente", "fuente": "SIT-CAM WFS — UsoDelSuelo:VPLA_V_CLASIFICACION (https://idem.comunidad.madrid/geosrvg/ows)", "fecha_dato": "2026-05-12", "ambito": "38587", "_raw_CD_SIGLAS": "SNUP_A", "_raw_DS_CLASIF_GEN": "Suelo No Urbanizable Protegido (APLAZADO)", "_raw_DS_CLASIF_DET": "Suelo No Urbanizable Parque Regional del Sureste Zona D", "_raw_DS_DOCU": "PLAN GENERAL", "_raw_DS_LEY": "CM Ley 9/1995, E RDL 1/1992, E RD 1346/1976", "_raw_FC_AC": "1999-01-14", "_raw_NM_AREA_M2": 77887.259775109196, "_cam_code": "014" }, "geometry": { "type": "Polygon", "coordinates": [ [ [ -3.4953, 40.2837 ], [ -3.4938, 40.2845 ], [ -3.4937, 40.2847 ], [ -3.4938, 40.2846 ], [ -3.4965, 40.2846 ], [ -3.4966, 40.2845 ], [ -3.4973, 40.2845 ], [ -3.4974, 40.2844 ], [ -3.5006, 40.284 ], [ -3.4998, 40.2827 ], [ -3.4997, 40.2827 ], [ -3.4994, 40.2816 ], [ -3.4993, 40.2819 ], [ -3.498, 40.2826 ], [ -3.4977, 40.2829 ], [ -3.4953, 40.2837 ] ] ] } },
{ "type": "Feature", "properties": { "municipio": "Arganda del Rey", "clasificacion": "no-urbanizable-protegido", "calificacion": "sin-asignar", "version": "vigente", "fuente": "SIT-CAM WFS — UsoDelSuelo:VPLA_V_CLASIFICACION (https://idem.comunidad.madrid/geosrvg/ows)", "fecha_dato": "2026-05-12", "ambito": "38587", "_raw_CD_SIGLAS": "SNUP_A", "_raw_DS_CLASIF_GEN": "Suelo No Urbanizable Protegido (APLAZADO)", "_raw_DS_CLASIF_DET": "Suelo No Urbanizable Protección de Caminos", "_raw_DS_DOCU": "PLAN GENERAL", "_raw_DS_LEY": "CM Ley 9/1995, E RDL 1/1992, E RD 1346/1976", "_raw_FC_AC": "1999-01-14", "_raw_NM_AREA_M2": 74233.7482501349, "_cam_code": "014" }, "geometry": { "type": "Polygon", "coordinates": [ [ [ -3.3984, 40.2815 ], [ -3.4008, 40.2834 ], [ -3.4011, 40.2837 ], [ -3.4013, 40.2842 ], [ -3.4017, 40.2845 ], [ -3.4009, 40.2833 ], [ -3.3995, 40.2821 ], [ -3.399, 40.2819 ], [ -3.3986, 40.2815 ], [ -3.3985, 40.2812 ], [ -3.398, 40.2808 ], [ -3.3978, 40.2803 ], [ -3.3972, 40.2795 ], [ -3.3974, 40.2789 ], [ -3.3973, 40.2789 ], [ -3.3973, 40.2785 ], [ -3.3972, 40.2785 ], [ -3.3971, 40.278 ], [ -3.397, 40.278 ], [ -3.397, 40.2777 ], [ -3.3972, 40.2776 ], [ -3.3975, 40.2771 ], [ -3.3984, 40.277 ], [ -3.3989, 40.2761 ], [ -3.3988, 40.2758 ], [ -3.3984, 40.2755 ], [ -3.3983, 40.2752 ], [ -3.3984, 40.2748 ], [ -3.3991, 40.2744 ], [ -3.3995, 40.274 ], [ -3.4004, 40.2739 ], [ -3.4006, 40.2741 ], [ -3.4023, 40.2747 ], [ -3.4018, 40.2754 ], [ -3.4017, 40.2766 ], [ -3.4019, 40.2771 ], [ -3.4028, 40.2772 ], [ -3.4032, 40.2777 ], [ -3.4032, 40.2779 ], [ -3.4027, 40.2782 ], [ -3.4025, 40.2792 ], [ -3.4035, 40.28 ], [ -3.4035, 40.2805 ], [ -3.4034, 40.2805 ], [ -3.4033, 40.2809 ], [ -3.4034, 40.2811 ], [ -3.4036, 40.2812 ], [ -3.4038, 40.2817 ], [ -3.4039, 40.2816 ], [ -3.4038, 40.2816 ], [ -3.4038, 40.2813 ], [ -3.4034, 40.2809 ], [ -3.4036, 40.2806 ], [ -3.4036, 40.28 ], [ -3.4035, 40.28 ], [ -3.4034, 40.2797 ], [ -3.4027, 40.2792 ], [ -3.4028, 40.2783 ], [ -3.4033, 40.2779 ], [ -3.4033, 40.2776 ], [ -3.4028, 40.2771 ], [ -3.4019, 40.277 ], [ -3.4018, 40.2765 ], [ -3.4019, 40.2754 ], [ -3.4024, 40.2749 ], [ -3.4024, 40.2747 ], [ -3.4026, 40.2746 ], [ -3.4032, 40.2746 ], [ -3.404, 40.2748 ], [ -3.4046, 40.2751 ], [ -3.4062, 40.2752 ], [ -3.4076, 40.2755 ], [ -3.4076, 40.2754 ], [ -3.4062, 40.2751 ], [ -3.4045, 40.275 ], [ -3.4045, 40.2749 ], [ -3.4031, 40.2745 ], [ -3.4022, 40.2746 ], [ -3.4005, 40.2739 ], [ -3.4005, 40.2739 ], [ -3.4005, 40.2739 ], [ -3.4004, 40.2739 ], [ -3.3996, 40.2739 ], [ -3.3993, 40.274 ], [ -3.3991, 40.2743 ], [ -3.3987, 40.2744 ], [ -3.3982, 40.275 ], [ -3.3982, 40.2754 ], [ -3.3988, 40.276 ], [ -3.3983, 40.2769 ], [ -3.3974, 40.277 ], [ -3.3971, 40.2776 ], [ -3.3969, 40.2776 ], [ -3.397, 40.2783 ], [ -3.3972, 40.2785 ], [ -3.3971, 40.2796 ], [ -3.3978, 40.2805 ], [ -3.3979, 40.2809 ], [ -3.3985, 40.2814 ], [ -3.3983, 40.2814 ], [ -3.3949, 40.2795 ], [ -3.3932, 40.279 ], [ -3.3916, 40.2774 ], [ -3.3911, 40.2773 ], [ -3.3897, 40.2765 ], [ -3.3897, 40.2764 ], [ -3.3895, 40.2764 ], [ -3.3892, 40.2761 ], [ -3.3884, 40.2757 ], [ -3.3881, 40.2753 ], [ -3.3864, 40.2744 ], [ -3.3858, 40.2735 ], [ -3.3853, 40.2733 ], [ -3.385, 40.2733 ], [ -3.3842, 40.2731 ], [ -3.3836, 40.273 ], [ -3.3825, 40.2734 ], [ -3.381, 40.2724 ], [ -3.3814, 40.2721 ], [ -3.3814, 40.2718 ], [ -3.3799, 40.2701 ], [ -3.3802, 40.2695 ], [ -3.3803, 40.2689 ], [ -3.3802, 40.2689 ], [ -3.3801, 40.2684 ], [ -3.38, 40.2684 ], [ -3.38, 40.2678 ], [ -3.3799, 40.2678 ], [ -3.3799, 40.2674 ], [ -3.3795, 40.2663 ], [ -3.3795, 40.2656 ], [ -3.3794, 40.2656 ], [ -3.3794, 40.2653 ], [ -3.3793, 40.2653 ], [ -3.3791, 40.2648 ], [ -3.378, 40.2634 ], [ -3.3777, 40.2621 ], [ -3.3777, 40.2615 ], [ -3.3775, 40.2617 ], [ -3.3776, 40.2617 ], [ -3.3776, 40.2623 ], [ -3.3777, 40.2623 ], [ -3.3777, 40.2628 ], [ -3.3778, 40.2628 ], [ -3.3779, 40.2634 ], [ -3.3793, 40.2654 ], [ -3.3794, 40.2659 ], [ -3.3793, 40.266 ], [ -3.3797, 40.2671 ], [ -3.3797, 40.2674 ], [ -3.3798, 40.2674 ], [ -3.3798, 40.268 ], [ -3.3799, 40.268 ], [ -3.3799, 40.2684 ], [ -3.38, 40.2684 ], [ -3.3801, 40.2688 ], [ -3.3801, 40.2695 ], [ -3.3798, 40.27 ], [ -3.3779, 40.2698 ], [ -3.3772, 40.2704 ], [ -3.3765, 40.2717 ], [ -3.3766, 40.2725 ], [ -3.3762, 40.2732 ], [ -3.3774, 40.2744 ], [ -3.3779, 40.2748 ], [ -3.3784, 40.2748 ], [ -3.3809, 40.2725 ], [ -3.3824, 40.2734 ], [ -3.3824, 40.2735 ], [ -3.3836, 40.2731 ], [ -3.3842, 40.2731 ], [ -3.3846, 40.2732 ], [ -3.3846, 40.2733 ], [ -3.3854, 40.2734 ], [ -3.3854, 40.2735 ], [ -3.3858, 40.2736 ], [ -3.3863, 40.2744 ], [ -3.3878, 40.2752 ], [ -3.3879, 40.2754 ], [ -3.3881, 40.2754 ], [ -3.3884, 40.2758 ], [ -3.3905, 40.277 ], [ -3.3908, 40.2773 ], [ -3.3916, 40.2775 ], [ -3.3919, 40.2779 ], [ -3.3934, 40.2792 ], [ -3.3948, 40.2796 ], [ -3.3984, 40.2815 ] ], [ [ -3.378, 40.2699 ], [ -3.3799, 40.2702 ], [ -3.3813, 40.272 ], [ -3.3783, 40.2747 ], [ -3.3779, 40.2747 ], [ -3.3764, 40.2733 ], [ -3.3767, 40.2725 ], [ -3.3766, 40.2718 ], [ -3.3773, 40.2704 ], [ -3.378, 40.2699 ] ] ] } },
{ "type": "Feature", "properties": { "municipio": "Arganda del Rey", "clasificacion": "no-urbanizable-protegido", "calificacion": "sin-asignar", "version": "vigente", "fuente": "SIT-CAM WFS — UsoDelSuelo:VPLA_V_CLASIFICACION (https://idem.comunidad.madrid/geosrvg/ows)", "fecha_dato": "2026-05-12", "ambito": "38587", "_raw_CD_SIGLAS": "SNUP_A", "_raw_DS_CLASIF_GEN": "Suelo No Urbanizable Protegido (APLAZADO)", "_raw_DS_CLASIF_DET": "Suelo No Urbanizable Protección de Caminos", "_raw_DS_DOCU": "PLAN GENERAL", "_raw_DS_LEY": "CM Ley 9/1995, E RDL 1/1992, E RD 1346/1976", "_raw_FC_AC": "1999-01-14", "_raw_NM_AREA_M2": 3194.8853750758199, "_cam_code": "014" }, "geometry": { "type": "Polygon", "coordinates": [ [ [ -3.5042, 40.2824 ], [ -3.5032, 40.2829 ], [ -3.5032, 40.283 ], [ -3.503, 40.283 ], [ -3.503, 40.2831 ], [ -3.5008, 40.2839 ], [ -3.5008, 40.284 ], [ -3.503, 40.2832 ], [ -3.503, 40.2831 ], [ -3.5033, 40.283 ], [ -3.5037, 40.2827 ], [ -3.5039, 40.2827 ], [ -3.5042, 40.2824 ] ] ] } },
{ "type": "Feature", "properties": { "municipio": "Arganda del Rey", "clasificacion": "no-urbanizable-protegido", "calificacion": "sin-asignar", "version": "vigente", "fuente": "SIT-CAM WFS — UsoDelSuelo:VPLA_V_CLASIFICACION (https://idem.comunidad.madrid/geosrvg/ows)", "fecha_dato": "2026-05-12", "ambito": "38587", "_raw_CD_SIGLAS": "SNUP_A", "_raw_DS_CLASIF_GEN": "Suelo No Urbanizable Protegido (APLAZADO)", "_raw_DS_CLASIF_DET": "Suelo No Urbanizable Parque Regional del Sureste Zona D", "_raw_DS_DOCU": "PLAN GENERAL", "_raw_DS_LEY": "CM Ley 9/1995, E RDL 1/1992, E RD 1346/1976", "_raw_FC_AC": "1999-01-14", "_raw_NM_AREA_M2": 611574.96302490495, "_cam_code": "014" }, "geometry": { "type": "Polygon", "coordinates": [ [ [ -3.491, 40.2808 ], [ -3.4927, 40.281 ], [ -3.4942, 40.2817 ], [ -3.4942, 40.2818 ], [ -3.4944, 40.2818 ], [ -3.4944, 40.2819 ], [ -3.4956, 40.2827 ], [ -3.4957, 40.2831 ], [ -3.4956, 40.2831 ], [ -3.4954, 40.2836 ], [ -3.496, 40.2834 ], [ -3.496, 40.2833 ], [ -3.4963, 40.2833 ], [ -3.4963, 40.2832 ], [ -3.4977, 40.2828 ], [ -3.4977, 40.2827 ], [ -3.4992, 40.2818 ], [ -3.4994, 40.2812 ], [ -3.4994, 40.2807 ], [ -3.4992, 40.28 ], [ -3.4979, 40.2784 ], [ -3.4978, 40.278 ], [ -3.4973, 40.2774 ], [ -3.496, 40.2766 ], [ -3.4956, 40.2765 ], [ -3.4951, 40.2765 ], [ -3.4946, 40.2767 ], [ -3.4942, 40.2766 ], [ -3.4943, 40.2769 ], [ -3.495, 40.2768 ], [ -3.4954, 40.2769 ], [ -3.4954, 40.277 ], [ -3.4956, 40.277 ], [ -3.4958, 40.2772 ], [ -3.4959, 40.2775 ], [ -3.4956, 40.2778 ], [ -3.4956, 40.2784 ], [ -3.4955, 40.2785 ], [ -3.4952, 40.2784 ], [ -3.4954, 40.2775 ], [ -3.4953, 40.2773 ], [ -3.4949, 40.2773 ], [ -3.4944, 40.2775 ], [ -3.4936, 40.2775 ], [ -3.4933, 40.2774 ], [ -3.4933, 40.2773 ], [ -3.4921, 40.2765 ], [ -3.4918, 40.2765 ], [ -3.4913, 40.2769 ], [ -3.4908, 40.2771 ], [ -3.4895, 40.277 ], [ -3.4895, 40.2769 ], [ -3.4887, 40.2768 ], [ -3.4882, 40.2763 ], [ -3.4875, 40.2761 ], [ -3.4862, 40.2761 ], [ -3.4859, 40.2763 ], [ -3.4854, 40.2763 ], [ -3.4854, 40.2768 ], [ -3.4842, 40.2772 ], [ -3.4839, 40.2775 ], [ -3.4839, 40.2777 ], [ -3.4837, 40.2778 ], [ -3.4819, 40.2782 ], [ -3.4819, 40.2783 ], [ -3.4818, 40.2782 ], [ -3.4817, 40.2782 ], [ -3.4808, 40.2782 ], [ -3.4803, 40.2782 ], [ -3.481, 40.2784 ], [ -3.481, 40.2787 ], [ -3.4807, 40.2789 ], [ -3.4808, 40.2791 ], [ -3.4813, 40.2788 ], [ -3.4816, 40.2788 ], [ -3.4817, 40.279 ], [ -3.482, 40.2788 ], [ -3.4839, 40.2788 ], [ -3.4871, 40.28 ], [ -3.4878, 40.2807 ], [ -3.491, 40.2808 ] ] ] } },
{ "type": "Feature", "properties": { "municipio": "Arganda del Rey", "clasificacion": "no-urbanizable-protegido", "calificacion": "sin-asignar", "version": "vigente", "fuente": "SIT-CAM WFS — UsoDelSuelo:VPLA_V_CLASIFICACION (https://idem.comunidad.madrid/geosrvg/ows)", "fecha_dato": "2026-05-12", "ambito": "38587", "_raw_CD_SIGLAS": "SNUP_A", "_raw_DS_CLASIF_GEN": "Suelo No Urbanizable Protegido (APLAZADO)", "_raw_DS_CLASIF_DET": "Suelo No Urbanizable Parque Regional del Sureste Zona B", "_raw_DS_DOCU": "PLAN GENERAL", "_raw_DS_LEY": "CM Ley 9/1995, E RDL 1/1992, E RD 1346/1976", "_raw_FC_AC": "1999-01-14", "_raw_NM_AREA_M2": 73681.063412720003, "_cam_code": "014" }, "geometry": { "type": "Polygon", "coordinates": [ [ [ -3.4922, 40.3166 ], [ -3.4905, 40.3175 ], [ -3.4896, 40.3178 ], [ -3.4891, 40.3183 ], [ -3.4891, 40.3189 ], [ -3.4887, 40.3194 ], [ -3.4884, 40.3202 ], [ -3.4876, 40.3209 ], [ -3.4875, 40.3213 ], [ -3.4867, 40.3219 ], [ -3.4866, 40.3224 ], [ -3.4864, 40.3225 ], [ -3.4865, 40.3228 ], [ -3.4864, 40.3228 ], [ -3.4863, 40.3233 ], [ -3.4854, 40.3242 ], [ -3.4855, 40.3243 ], [ -3.4916, 40.318 ], [ -3.4922, 40.3166 ] ] ] } },
{ "type": "Feature", "properties": { "municipio": "Arganda del Rey", "clasificacion": "no-urbanizable-protegido", "calificacion": "sin-asignar", "version": "vigente", "fuente": "SIT-CAM WFS — UsoDelSuelo:VPLA_V_CLASIFICACION (https://idem.comunidad.madrid/geosrvg/ows)", "fecha_dato": "2026-05-12", "ambito": "38587", "_raw_CD_SIGLAS": "SNUP_A", "_raw_DS_CLASIF_GEN": "Suelo No Urbanizable Protegido (APLAZADO)", "_raw_DS_CLASIF_DET": "Suelo No Urbanizable Parque Regional del Sureste Zona D", "_raw_DS_DOCU": "PLAN GENERAL", "_raw_DS_LEY": "CM Ley 9/1995, E RDL 1/1992, E RD 1346/1976", "_raw_FC_AC": "1999-01-14", "_raw_NM_AREA_M2": 142724.28824986701, "_cam_code": "014" }, "geometry": { "type": "Polygon", "coordinates": [ [ [ -3.4835, 40.324 ], [ -3.4854, 40.3242 ], [ -3.4863, 40.3233 ], [ -3.4864, 40.3228 ], [ -3.4865, 40.3228 ], [ -3.4864, 40.3225 ], [ -3.4866, 40.3224 ], [ -3.4867, 40.3219 ], [ -3.4875, 40.3213 ], [ -3.4876, 40.3209 ], [ -3.4884, 40.3202 ], [ -3.4887, 40.3194 ], [ -3.4891, 40.3189 ], [ -3.4891, 40.3183 ], [ -3.4896, 40.3179 ], [ -3.4883, 40.3183 ], [ -3.4866, 40.3185 ], [ -3.4837, 40.3222 ], [ -3.4851, 40.3228 ], [ -3.4842, 40.3237 ], [ -3.4834, 40.3233 ], [ -3.4831, 40.3236 ], [ -3.4835, 40.324 ] ] ] } },
{ "type": "Feature", "properties": { "municipio": "Arganda del Rey", "clasificacion": "no-urbanizable-protegido", "calificacion": "sin-asignar", "version": "vigente", "fuente": "SIT-CAM WFS — UsoDelSuelo:VPLA_V_CLASIFICACION (https://idem.comunidad.madrid/geosrvg/ows)", "fecha_dato": "2026-05-12", "ambito": "38587", "_raw_CD_SIGLAS": "SNUP_A", "_raw_DS_CLASIF_GEN": "Suelo No Urbanizable Protegido (APLAZADO)", "_raw_DS_CLASIF_DET": "Suelo No Urbanizable Protección de Vegas", "_raw_DS_DOCU": "PLAN GENERAL", "_raw_DS_LEY": "CM Ley 9/1995, E RDL 1/1992, E RD 1346/1976", "_raw_FC_AC": "1999-01-14", "_raw_NM_AREA_M2": 426144.30141248298, "_cam_code": "014" }, "geometry": { "type": "Polygon", "coordinates": [ [ [ -3.4319, 40.3243 ], [ -3.434, 40.3236 ], [ -3.4349, 40.3235 ], [ -3.4376, 40.3236 ], [ -3.4384, 40.3235 ], [ -3.4407, 40.3226 ], [ -3.4427, 40.3214 ], [ -3.4426, 40.3203 ], [ -3.4415, 40.32 ], [ -3.4406, 40.3189 ], [ -3.4404, 40.3184 ], [ -3.4402, 40.3184 ], [ -3.4402, 40.3183 ], [ -3.4392, 40.3182 ], [ -3.4377, 40.3178 ], [ -3.4369, 40.3178 ], [ -3.4367, 40.3176 ], [ -3.4365, 40.3176 ], [ -3.4364, 40.3177 ], [ -3.4366, 40.3179 ], [ -3.4365, 40.318 ], [ -3.4353, 40.3185 ], [ -3.434, 40.3197 ], [ -3.4336, 40.3197 ], [ -3.4331, 40.3199 ], [ -3.433, 40.3204 ], [ -3.4322, 40.3214 ], [ -3.4322, 40.3219 ], [ -3.432, 40.3219 ], [ -3.4319, 40.3243 ] ] ] } },
{ "type": "Feature", "properties": { "municipio": "Arganda del Rey", "clasificacion": "no-urbanizable-protegido", "calificacion": "sin-asignar", "version": "vigente", "fuente": "SIT-CAM WFS — UsoDelSuelo:VPLA_V_CLASIFICACION (https://idem.comunidad.madrid/geosrvg/ows)", "fecha_dato": "2026-05-12", "ambito": "38587", "_raw_CD_SIGLAS": "SNUP_A", "_raw_DS_CLASIF_GEN": "Suelo No Urbanizable Protegido (APLAZADO)", "_raw_DS_CLASIF_DET": "Suelo No Urbanizable Protección de Vías de Comunicación", "_raw_DS_DOCU": "PLAN GENERAL", "_raw_DS_LEY": "CM Ley 9/1995, E RDL 1/1992, E RD 1346/1976", "_raw_FC_AC": "1999-01-14", "_raw_NM_AREA_M2": 2595830.9257881702, "_cam_code": "014" }, "geometry": { "type": "Polygon", "coordinates": [ [ [ -3.4907, 40.3131 ], [ -3.4865, 40.3183 ], [ -3.4862, 40.3185 ], [ -3.4862, 40.3187 ], [ -3.486, 40.3188 ], [ -3.4834, 40.3221 ], [ -3.4837, 40.3222 ], [ -3.4855, 40.3198 ], [ -3.4866, 40.3186 ], [ -3.4873, 40.3176 ], [ -3.4876, 40.3174 ], [ -3.491, 40.3131 ], [ -3.4953, 40.3142 ], [ -3.4979, 40.3153 ], [ -3.4998, 40.3155 ], [ -3.4998, 40.3156 ], [ -3.5004, 40.3156 ], [ -3.501, 40.3158 ], [ -3.5015, 40.3158 ], [ -3.5059, 40.3166 ], [ -3.507, 40.317 ], [ -3.5072, 40.3172 ], [ -3.511, 40.3186 ], [ -3.5116, 40.3184 ], [ -3.5135, 40.3173 ], [ -3.5128, 40.3169 ], [ -3.5109, 40.3163 ], [ -3.5105, 40.3122 ], [ -3.5099, 40.3119 ], [ -3.5097, 40.3101 ], [ -3.5094, 40.3101 ], [ -3.5099, 40.3141 ], [ -3.5097, 40.3149 ], [ -3.5094, 40.3154 ], [ -3.5089, 40.3158 ], [ -3.4985, 40.3132 ], [ -3.4969, 40.3125 ], [ -3.4953, 40.3113 ], [ -3.4953, 40.3111 ], [ -3.4952, 40.3111 ], [ -3.4953, 40.31 ], [ -3.4948, 40.3091 ], [ -3.4938, 40.3085 ], [ -3.4931, 40.3083 ], [ -3.4925, 40.3083 ], [ -3.4861, 40.3013 ], [ -3.4846, 40.2998 ], [ -3.4834, 40.2989 ], [ -3.4809, 40.2977 ], [ -3.4795, 40.2973 ], [ -3.4713, 40.2957 ], [ -3.4698, 40.2945 ], [ -3.4691, 40.2942 ], [ -3.4688, 40.2942 ], [ -3.4688, 40.2941 ], [ -3.467, 40.2941 ], [ -3.466, 40.2945 ], [ -3.4647, 40.2938 ], [ -3.4645, 40.2938 ], [ -3.463, 40.2926 ], [ -3.4624, 40.292 ], [ -3.4618, 40.291 ], [ -3.4617, 40.291 ], [ -3.46, 40.2872 ], [ -3.4593, 40.286 ], [ -3.4593, 40.2858 ], [ -3.4592, 40.2858 ], [ -3.4581, 40.2841 ], [ -3.4562, 40.2819 ], [ -3.4556, 40.2808 ], [ -3.4553, 40.2805 ], [ -3.4548, 40.2793 ], [ -3.4541, 40.277 ], [ -3.4531, 40.275 ], [ -3.4529, 40.2749 ], [ -3.452, 40.2737 ], [ -3.451, 40.2729 ], [ -3.4498, 40.2722 ], [ -3.4496, 40.2715 ], [ -3.4497, 40.2706 ], [ -3.449, 40.2693 ], [ -3.449, 40.269 ], [ -3.4497, 40.2675 ], [ -3.4501, 40.266 ], [ -3.4505, 40.2652 ], [ -3.452, 40.2636 ], [ -3.4519, 40.2619 ], [ -3.4517, 40.2616 ], [ -3.4505, 40.2608 ], [ -3.4502, 40.2604 ], [ -3.4499, 40.2595 ], [ -3.4501, 40.259 ], [ -3.45, 40.2585 ], [ -3.4493, 40.2584 ], [ -3.4488, 40.2586 ], [ -3.4483, 40.2584 ], [ -3.4481, 40.2578 ], [ -3.4478, 40.2576 ], [ -3.4469, 40.2576 ], [ -3.4476, 40.2579 ], [ -3.4477, 40.2583 ], [ -3.448, 40.2587 ], [ -3.4486, 40.2589 ], [ -3.4496, 40.2587 ], [ -3.4496, 40.259 ], [ -3.4494, 40.2592 ], [ -3.4494, 40.2594 ], [ -3.4495, 40.2598 ], [ -3.4497, 40.26 ], [ -3.4497, 40.2605 ], [ -3.4506, 40.2614 ], [ -3.4513, 40.2618 ], [ -3.4515, 40.2622 ], [ -3.4514, 40.2627 ], [ -3.4515, 40.2636 ], [ -3.4502, 40.2649 ], [ -3.4497, 40.2659 ], [ -3.4494, 40.2667 ], [ -3.4493, 40.2674 ], [ -3.4488, 40.2683 ], [ -3.4485, 40.2692 ], [ -3.449, 40.2704 ], [ -3.4493, 40.2708 ], [ -3.4492, 40.2712 ], [ -3.4488, 40.2718 ], [ -3.4468, 40.271 ], [ -3.4395, 40.2694 ], [ -3.4361, 40.2684 ], [ -3.4334, 40.2679 ], [ -3.4289, 40.2675 ], [ -3.4244, 40.2663 ], [ -3.4196, 40.2657 ], [ -3.4171, 40.2649 ], [ -3.415, 40.2638 ], [ -3.4148, 40.2638 ], [ -3.4146, 40.2636 ], [ -3.4134, 40.2632 ], [ -3.4132, 40.2632 ], [ -3.4132, 40.2635 ], [ -3.4128, 40.2639 ], [ -3.4106, 40.2634 ], [ -3.4089, 40.2635 ], [ -3.409, 40.2641 ], [ -3.4107, 40.2641 ], [ -3.4108, 40.2642 ], [ -3.4124, 40.2644 ], [ -3.4121, 40.2651 ], [ -3.4132, 40.2654 ], [ -3.4158, 40.2667 ], [ -3.418, 40.2675 ], [ -3.4205, 40.268 ], [ -3.4237, 40.2683 ], [ -3.4273, 40.2693 ], [ -3.4289, 40.2696 ], [ -3.4307, 40.2697 ], [ -3.4349, 40.2703 ], [ -3.4387, 40.2714 ], [ -3.4443, 40.2725 ], [ -3.446, 40.273 ], [ -3.4486, 40.2741 ], [ -3.4492, 40.2746 ], [ -3.4493, 40.2749 ], [ -3.4493, 40.2765 ], [ -3.4488, 40.2773 ], [ -3.4489, 40.2779 ], [ -3.4493, 40.2782 ], [ -3.4497, 40.2791 ], [ -3.45, 40.2814 ], [ -3.4502, 40.2819 ], [ -3.4533, 40.286 ], [ -3.4534, 40.2867 ], [ -3.4533, 40.2868 ], [ -3.4525, 40.2868 ], [ -3.4502, 40.2865 ], [ -3.4489, 40.2874 ], [ -3.4467, 40.2876 ], [ -3.4463, 40.2878 ], [ -3.4459, 40.289 ], [ -3.4464, 40.2895 ], [ -3.4464, 40.2897 ], [ -3.4458, 40.2911 ], [ -3.444, 40.2919 ], [ -3.4439, 40.292 ], [ -3.4441, 40.2922 ], [ -3.4445, 40.2918 ], [ -3.4447, 40.2918 ], [ -3.4447, 40.2917 ], [ -3.4454, 40.2914 ], [ -3.4457, 40.2914 ], [ -3.4461, 40.2911 ], [ -3.4463, 40.2905 ], [ -3.4464, 40.2905 ], [ -3.4466, 40.2899 ], [ -3.4467, 40.2899 ], [ -3.4467, 40.2894 ], [ -3.4465, 40.2892 ], [ -3.4464, 40.2888 ], [ -3.4466, 40.2881 ], [ -3.4468, 40.2879 ], [ -3.4488, 40.2878 ], [ -3.4494, 40.2876 ], [ -3.4504, 40.2868 ], [ -3.4527, 40.2872 ], [ -3.4535, 40.2871 ], [ -3.4538, 40.2867 ], [ -3.4537, 40.286 ], [ -3.4525, 40.2842 ], [ -3.4506, 40.2818 ], [ -3.4504, 40.2813 ], [ -3.4502, 40.2793 ], [ -3.4497, 40.2781 ], [ -3.4493, 40.2777 ], [ -3.4493, 40.2772 ], [ -3.4498, 40.2763 ], [ -3.4497, 40.275 ], [ -3.4499, 40.2751 ], [ -3.4507, 40.2761 ], [ -3.4515, 40.2776 ], [ -3.4522, 40.2799 ], [ -3.4527, 40.2811 ], [ -3.4528, 40.2811 ], [ -3.4534, 40.2823 ], [ -3.4546, 40.2839 ], [ -3.4558, 40.2852 ], [ -3.456, 40.2856 ], [ -3.4563, 40.2858 ], [ -3.4563, 40.286 ], [ -3.4568, 40.2868 ], [ -3.4569, 40.2868 ], [ -3.4569, 40.287 ], [ -3.457, 40.287 ], [ -3.4592, 40.2918 ], [ -3.4593, 40.2918 ], [ -3.4596, 40.2924 ], [ -3.4603, 40.2933 ], [ -3.4603, 40.2929 ], [ -3.4607, 40.2921 ], [ -3.4603, 40.291 ], [ -3.4614, 40.2927 ], [ -3.4624, 40.2937 ], [ -3.4642, 40.2949 ], [ -3.4656, 40.2955 ], [ -3.467, 40.295 ], [ -3.4683, 40.2949 ], [ -3.469, 40.2951 ], [ -3.4697, 40.2957 ], [ -3.4706, 40.2962 ], [ -3.4697, 40.2961 ], [ -3.4693, 40.2959 ], [ -3.4684, 40.2958 ], [ -3.4666, 40.2953 ], [ -3.4654, 40.2958 ], [ -3.4691, 40.2963 ], [ -3.4691, 40.2964 ], [ -3.4705, 40.2967 ], [ -3.4707, 40.2969 ], [ -3.4712, 40.2969 ], [ -3.4713, 40.2971 ], [ -3.4737, 40.2973 ], [ -3.4757, 40.2978 ], [ -3.4767, 40.2979 ], [ -3.4767, 40.298 ], [ -3.4774, 40.2981 ], [ -3.4774, 40.2982 ], [ -3.4788, 40.2984 ], [ -3.479, 40.2986 ], [ -3.4792, 40.2986 ], [ -3.4793, 40.2988 ], [ -3.4801, 40.2988 ], [ -3.4811, 40.2992 ], [ -3.4812, 40.2993 ], [ -3.4811, 40.2994 ], [ -3.4822, 40.2998 ], [ -3.4836, 40.3009 ], [ -3.4835, 40.3012 ], [ -3.4845, 40.3018 ], [ -3.4853, 40.3025 ], [ -3.486, 40.3034 ], [ -3.4867, 40.304 ], [ -3.487, 40.3045 ], [ -3.4876, 40.3049 ], [ -3.4877, 40.3052 ], [ -3.4882, 40.3056 ], [ -3.4899, 40.3077 ], [ -3.4907, 40.3085 ], [ -3.4908, 40.3092 ], [ -3.4904, 40.31 ], [ -3.4897, 40.3104 ], [ -3.489, 40.3113 ], [ -3.489, 40.3116 ], [ -3.4895, 40.3119 ], [ -3.4894, 40.3124 ], [ -3.4886, 40.3126 ], [ -3.4907, 40.3131 ] ] ] } },
{ "type": "Feature", "properties": { "municipio": "Arganda del Rey", "clasificacion": "no-urbanizable-protegido", "calificacion": "sin-asignar", "version": "vigente", "fuente": "SIT-CAM WFS — UsoDelSuelo:VPLA_V_CLASIFICACION (https://idem.comunidad.madrid/geosrvg/ows)", "fecha_dato": "2026-05-12", "ambito": "38587", "_raw_CD_SIGLAS": "SNUP_A", "_raw_DS_CLASIF_GEN": "Suelo No Urbanizable Protegido (APLAZADO)", "_raw_DS_CLASIF_DET": "Suelo No Urbanizable Protección de Caminos", "_raw_DS_DOCU": "PLAN GENERAL", "_raw_DS_LEY": "CM Ley 9/1995, E RDL 1/1992, E RD 1346/1976", "_raw_FC_AC": "1999-01-14", "_raw_NM_AREA_M2": 68227.650749889202, "_cam_code": "014" }, "geometry": { "type": "Polygon", "coordinates": [ [ [ -3.3829, 40.2967 ], [ -3.3833, 40.297 ], [ -3.3835, 40.2976 ], [ -3.3834, 40.2976 ], [ -3.3834, 40.2979 ], [ -3.3832, 40.2982 ], [ -3.3831, 40.2988 ], [ -3.3825, 40.299 ], [ -3.3825, 40.2994 ], [ -3.3826, 40.2994 ], [ -3.3827, 40.299 ], [ -3.3833, 40.2988 ], [ -3.3833, 40.2983 ], [ -3.3836, 40.2975 ], [ -3.3834, 40.297 ], [ -3.3831, 40.2967 ], [ -3.3829, 40.2966 ], [ -3.3818, 40.2967 ], [ -3.3816, 40.2966 ], [ -3.3817, 40.2964 ], [ -3.3825, 40.2958 ], [ -3.3827, 40.2949 ], [ -3.3831, 40.2948 ], [ -3.3835, 40.2944 ], [ -3.384, 40.2944 ], [ -3.3844, 40.2946 ], [ -3.3845, 40.2946 ], [ -3.3846, 40.2946 ], [ -3.3847, 40.2946 ], [ -3.385, 40.2946 ], [ -3.3852, 40.2944 ], [ -3.3853, 40.294 ], [ -3.3855, 40.2941 ], [ -3.3857, 40.2946 ], [ -3.3868, 40.295 ], [ -3.3875, 40.295 ], [ -3.3878, 40.2948 ], [ -3.3878, 40.2948 ], [ -3.3878, 40.2948 ], [ -3.3878, 40.2948 ], [ -3.3879, 40.2948 ], [ -3.3879, 40.2948 ], [ -3.388, 40.2948 ], [ -3.3883, 40.2948 ], [ -3.3885, 40.2948 ], [ -3.389, 40.2948 ], [ -3.3893, 40.2948 ], [ -3.3894, 40.2948 ], [ -3.3893, 40.2948 ], [ -3.3893, 40.295 ], [ -3.3898, 40.296 ], [ -3.3907, 40.2963 ], [ -3.3912, 40.2962 ], [ -3.392, 40.2963 ], [ -3.392, 40.2962 ], [ -3.3924, 40.2961 ], [ -3.3933, 40.2961 ], [ -3.3937, 40.2964 ], [ -3.395, 40.2962 ], [ -3.3959, 40.2962 ], [ -3.3964, 40.2963 ], [ -3.3971, 40.2967 ], [ -3.3976, 40.2967 ], [ -3.3971, 40.2966 ], [ -3.3964, 40.2962 ], [ -3.3957, 40.2961 ], [ -3.3938, 40.2963 ], [ -3.3935, 40.2961 ], [ -3.3923, 40.296 ], [ -3.392, 40.2962 ], [ -3.3917, 40.2961 ], [ -3.3908, 40.2962 ], [ -3.3904, 40.296 ], [ -3.39, 40.296 ], [ -3.3897, 40.2957 ], [ -3.3897, 40.2954 ], [ -3.3896, 40.2954 ], [ -3.3894, 40.2949 ], [ -3.39, 40.2947 ], [ -3.3908, 40.2949 ], [ -3.391, 40.2943 ], [ -3.3916, 40.2944 ], [ -3.3928, 40.2942 ], [ -3.3935, 40.2936 ], [ -3.3938, 40.2936 ], [ -3.3945, 40.2933 ], [ -3.3946, 40.2927 ], [ -3.3951, 40.2923 ], [ -3.3957, 40.2913 ], [ -3.3958, 40.2913 ], [ -3.3955, 40.2905 ], [ -3.3949, 40.2899 ], [ -3.3948, 40.2895 ], [ -3.3949, 40.2888 ], [ -3.3948, 40.2888 ], [ -3.3949, 40.2887 ], [ -3.3956, 40.2884 ], [ -3.3956, 40.2883 ], [ -3.398, 40.2881 ], [ -3.398, 40.288 ], [ -3.3991, 40.2875 ], [ -3.3991, 40.2874 ], [ -3.3993, 40.2874 ], [ -3.3993, 40.2873 ], [ -3.4007, 40.2864 ], [ -3.4017, 40.2861 ], [ -3.4011, 40.2861 ], [ -3.4011, 40.2862 ], [ -3.4004, 40.2865 ], [ -3.3996, 40.287 ], [ -3.3996, 40.2871 ], [ -3.3991, 40.2873 ], [ -3.3991, 40.2874 ], [ -3.3977, 40.288 ], [ -3.3977, 40.2881 ], [ -3.3956, 40.2882 ], [ -3.3956, 40.2883 ], [ -3.3954, 40.2883 ], [ -3.3954, 40.2884 ], [ -3.3948, 40.2887 ], [ -3.3909, 40.2886 ], [ -3.3882, 40.2889 ], [ -3.386, 40.2889 ], [ -3.386, 40.289 ], [ -3.3858, 40.289 ], [ -3.3846, 40.2897 ], [ -3.384, 40.2899 ], [ -3.3827, 40.2898 ], [ -3.3795, 40.2909 ], [ -3.3789, 40.291 ], [ -3.3786, 40.2917 ], [ -3.3781, 40.2923 ], [ -3.3781, 40.2922 ], [ -3.3768, 40.2921 ], [ -3.3767, 40.292 ], [ -3.3768, 40.2922 ], [ -3.3776, 40.2923 ], [ -3.378, 40.2923 ], [ -3.3781, 40.2923 ], [ -3.3783, 40.2923 ], [ -3.379, 40.2911 ], [ -3.3827, 40.2899 ], [ -3.383, 40.29 ], [ -3.3842, 40.2899 ], [ -3.3843, 40.2903 ], [ -3.3842, 40.2903 ], [ -3.3841, 40.2908 ], [ -3.3849, 40.2912 ], [ -3.3849, 40.2913 ], [ -3.3852, 40.2914 ], [ -3.3856, 40.2914 ], [ -3.386, 40.2912 ], [ -3.3865, 40.2913 ], [ -3.3866, 40.2915 ], [ -3.3871, 40.2918 ], [ -3.3875, 40.2925 ], [ -3.3876, 40.2937 ], [ -3.3874, 40.2939 ], [ -3.3874, 40.2944 ], [ -3.3875, 40.2947 ], [ -3.3877, 40.2948 ], [ -3.3868, 40.2949 ], [ -3.3861, 40.2947 ], [ -3.3857, 40.2944 ], [ -3.3856, 40.294 ], [ -3.3852, 40.2939 ], [ -3.3851, 40.2944 ], [ -3.3847, 40.2946 ], [ -3.3841, 40.2943 ], [ -3.3835, 40.2943 ], [ -3.3829, 40.2948 ], [ -3.3823, 40.295 ], [ -3.3811, 40.2952 ], [ -3.3804, 40.2955 ], [ -3.3794, 40.2954 ], [ -3.3792, 40.2956 ], [ -3.3787, 40.2957 ], [ -3.3782, 40.296 ], [ -3.3783, 40.2961 ], [ -3.3783, 40.296 ], [ -3.3795, 40.2955 ], [ -3.3804, 40.2956 ], [ -3.3811, 40.2953 ], [ -3.3826, 40.295 ], [ -3.3824, 40.2957 ], [ -3.3816, 40.2964 ], [ -3.3815, 40.2967 ], [ -3.3818, 40.2968 ], [ -3.3829, 40.2967 ] ], [ [ -3.388, 40.2947 ], [ -3.3877, 40.2947 ], [ -3.3875, 40.2944 ], [ -3.3877, 40.2933 ], [ -3.3876, 40.2932 ], [ -3.3876, 40.2924 ], [ -3.3874, 40.292 ], [ -3.3866, 40.2913 ], [ -3.3862, 40.2912 ], [ -3.3862, 40.2911 ], [ -3.3856, 40.2913 ], [ -3.3849, 40.2912 ], [ -3.3849, 40.2911 ], [ -3.3842, 40.2907 ], [ -3.3844, 40.2903 ], [ -3.3843, 40.2899 ], [ -3.386, 40.2891 ], [ -3.386, 40.289 ], [ -3.3883, 40.289 ], [ -3.391, 40.2887 ], [ -3.3939, 40.2887 ], [ -3.3948, 40.2889 ], [ -3.3947, 40.2892 ], [ -3.3948, 40.2899 ], [ -3.3953, 40.2906 ], [ -3.3955, 40.2907 ], [ -3.3957, 40.2913 ], [ -3.3956, 40.2913 ], [ -3.395, 40.2923 ], [ -3.3945, 40.2926 ], [ -3.3944, 40.2933 ], [ -3.3935, 40.2935 ], [ -3.3931, 40.2939 ], [ -3.3924, 40.2942 ], [ -3.3915, 40.2943 ], [ -3.3909, 40.2942 ], [ -3.3909, 40.2945 ], [ -3.3907, 40.2946 ], [ -3.3907, 40.2948 ], [ -3.3902, 40.2946 ], [ -3.3898, 40.2947 ], [ -3.388, 40.2947 ] ] ] } },
{ "type": "Feature", "properties": { "municipio": "Arganda del Rey", "clasificacion": "no-urbanizable-protegido", "calificacion": "sin-asignar", "version": "vigente", "fuente": "SIT-CAM WFS — UsoDelSuelo:VPLA_V_CLASIFICACION (https://idem.comunidad.madrid/geosrvg/ows)", "fecha_dato": "2026-05-12", "ambito": "38587", "_raw_CD_SIGLAS": "SNUP_A", "_raw_DS_CLASIF_GEN": "Suelo No Urbanizable Protegido (APLAZADO)", "_raw_DS_CLASIF_DET": "Suelo No Urbanizable Protección de Cauces de Agua", "_raw_DS_DOCU": "PLAN GENERAL", "_raw_DS_LEY": "CM Ley 9/1995, E RDL 1/1992, E RD 1346/1976", "_raw_FC_AC": "1999-01-14", "_raw_NM_AREA_M2": 18169.320175086701, "_cam_code": "014" }, "geometry": { "type": "Polygon", "coordinates": [ [ [ -3.4078, 40.3021 ], [ -3.4087, 40.3025 ], [ -3.4099, 40.3028 ], [ -3.4099, 40.3025 ], [ -3.4085, 40.3022 ], [ -3.4085, 40.3021 ], [ -3.408, 40.3019 ], [ -3.4074, 40.3019 ], [ -3.4074, 40.3018 ], [ -3.4058, 40.302 ], [ -3.4056, 40.3023 ], [ -3.4033, 40.302 ], [ -3.4033, 40.3019 ], [ -3.403, 40.3019 ], [ -3.4029, 40.3011 ], [ -3.4027, 40.3011 ], [ -3.4027, 40.302 ], [ -3.4032, 40.3022 ], [ -3.4041, 40.3023 ], [ -3.4041, 40.3024 ], [ -3.4057, 40.3025 ], [ -3.406, 40.3022 ], [ -3.407, 40.3021 ], [ -3.407, 40.302 ], [ -3.4078, 40.3021 ] ] ] } },
{ "type": "Feature", "properties": { "municipio": "Arganda del Rey", "clasificacion": "no-urbanizable-protegido", "calificacion": "sin-asignar", "version": "vigente", "fuente": "SIT-CAM WFS — UsoDelSuelo:VPLA_V_CLASIFICACION (https://idem.comunidad.madrid/geosrvg/ows)", "fecha_dato": "2026-05-12", "ambito": "38587", "_raw_CD_SIGLAS": "SNUP_A", "_raw_DS_CLASIF_GEN": "Suelo No Urbanizable Protegido (APLAZADO)", "_raw_DS_CLASIF_DET": "Suelo No Urbanizable Protección de Vegas", "_raw_DS_DOCU": "PLAN GENERAL", "_raw_DS_LEY": "CM Ley 9/1995, E RDL 1/1992, E RD 1346/1976", "_raw_FC_AC": "1999-01-14", "_raw_NM_AREA_M2": 60921.202712379702, "_cam_code": "014" }, "geometry": { "type": "Polygon", "coordinates": [ [ [ -3.4068, 40.3018 ], [ -3.4083, 40.302 ], [ -3.4085, 40.3022 ], [ -3.4099, 40.3025 ], [ -3.4099, 40.3026 ], [ -3.4101, 40.302 ], [ -3.4103, 40.3018 ], [ -3.4098, 40.3015 ], [ -3.408, 40.3011 ], [ -3.4066, 40.3011 ], [ -3.4064, 40.3012 ], [ -3.4054, 40.3012 ], [ -3.4054, 40.3011 ], [ -3.4051, 40.301 ], [ -3.4046, 40.301 ], [ -3.404, 40.3012 ], [ -3.4029, 40.3011 ], [ -3.403, 40.3019 ], [ -3.4043, 40.3022 ], [ -3.4054, 40.3022 ], [ -3.4054, 40.3023 ], [ -3.4056, 40.3023 ], [ -3.4058, 40.302 ], [ -3.4063, 40.302 ], [ -3.4068, 40.3018 ] ] ] } },
{ "type": "Feature", "properties": { "municipio": "Arganda del Rey", "clasificacion": "no-urbanizable-protegido", "calificacion": "sin-asignar", "version": "vigente", "fuente": "SIT-CAM WFS — UsoDelSuelo:VPLA_V_CLASIFICACION (https://idem.comunidad.madrid/geosrvg/ows)", "fecha_dato": "2026-05-12", "ambito": "38587", "_raw_CD_SIGLAS": "SNUP_A", "_raw_DS_CLASIF_GEN": "Suelo No Urbanizable Protegido (APLAZADO)", "_raw_DS_CLASIF_DET": "Suelo No Urbanizable Protección de Caminos", "_raw_DS_DOCU": "PLAN GENERAL", "_raw_DS_LEY": "CM Ley 9/1995, E RDL 1/1992, E RD 1346/1976", "_raw_FC_AC": "1999-01-14", "_raw_NM_AREA_M2": 14560.424125282099, "_cam_code": "014" }, "geometry": { "type": "Polygon", "coordinates": [ [ [ -3.4961, 40.3021 ], [ -3.4982, 40.302 ], [ -3.4985, 40.3018 ], [ -3.4988, 40.3018 ], [ -3.4988, 40.3017 ], [ -3.4995, 40.3016 ], [ -3.5009, 40.3016 ], [ -3.5024, 40.3014 ], [ -3.5024, 40.3013 ], [ -3.5027, 40.3013 ], [ -3.5029, 40.3011 ], [ -3.5024, 40.3012 ], [ -3.5024, 40.3013 ], [ -3.5009, 40.3015 ], [ -3.4988, 40.3016 ], [ -3.4988, 40.3017 ], [ -3.4978, 40.302 ], [ -3.4961, 40.302 ], [ -3.4948, 40.3017 ], [ -3.4935, 40.3019 ], [ -3.4935, 40.302 ], [ -3.492, 40.302 ], [ -3.4914, 40.3018 ], [ -3.4885, 40.3016 ], [ -3.4873, 40.3013 ], [ -3.4861, 40.3013 ], [ -3.4861, 40.3014 ], [ -3.4873, 40.3014 ], [ -3.4885, 40.3016 ], [ -3.4885, 40.3017 ], [ -3.4907, 40.3018 ], [ -3.4907, 40.3019 ], [ -3.4914, 40.3019 ], [ -3.492, 40.3021 ], [ -3.4934, 40.3021 ], [ -3.4943, 40.3018 ], [ -3.4948, 40.3018 ], [ -3.4961, 40.3021 ] ] ] } },
{ "type": "Feature", "properties": { "municipio": "Arganda del Rey", "clasificacion": "no-urbanizable-protegido", "calificacion": "sin-asignar", "version": "vigente", "fuente": "SIT-CAM WFS — UsoDelSuelo:VPLA_V_CLASIFICACION (https://idem.comunidad.madrid/geosrvg/ows)", "fecha_dato": "2026-05-12", "ambito": "38587", "_raw_CD_SIGLAS": "SNUP_A", "_raw_DS_CLASIF_GEN": "Suelo No Urbanizable Protegido (APLAZADO)", "_raw_DS_CLASIF_DET": "Suelo No Urbanizable Parque Regional del Sureste Zona E", "_raw_DS_DOCU": "PLAN GENERAL", "_raw_DS_LEY": "CM Ley 9/1995, E RDL 1/1992, E RD 1346/1976", "_raw_FC_AC": "1999-01-14", "_raw_NM_AREA_M2": 293400.65631254698, "_cam_code": "014" }, "geometry": { "type": "Polygon", "coordinates": [ [ [ -3.4958, 40.3019 ], [ -3.4978, 40.302 ], [ -3.4988, 40.3017 ], [ -3.4988, 40.3016 ], [ -3.4994, 40.3015 ], [ -3.5009, 40.3015 ], [ -3.5024, 40.3013 ], [ -3.5024, 40.3012 ], [ -3.5028, 40.3011 ], [ -3.5022, 40.301 ], [ -3.5022, 40.3009 ], [ -3.5013, 40.3006 ], [ -3.5, 40.2995 ], [ -3.4996, 40.2988 ], [ -3.4983, 40.2972 ], [ -3.4981, 40.2967 ], [ -3.4979, 40.2966 ], [ -3.4974, 40.2957 ], [ -3.497, 40.2953 ], [ -3.4952, 40.2958 ], [ -3.495, 40.296 ], [ -3.4949, 40.2966 ], [ -3.495, 40.2966 ], [ -3.495, 40.2969 ], [ -3.4953, 40.2971 ], [ -3.495, 40.2974 ], [ -3.4951, 40.2985 ], [ -3.4948, 40.2988 ], [ -3.4946, 40.2988 ], [ -3.4943, 40.2992 ], [ -3.4935, 40.2996 ], [ -3.4933, 40.3003 ], [ -3.4936, 40.3007 ], [ -3.4935, 40.3011 ], [ -3.4938, 40.3013 ], [ -3.4941, 40.3013 ], [ -3.4943, 40.3011 ], [ -3.4948, 40.3011 ], [ -3.4957, 40.3015 ], [ -3.4958, 40.3019 ] ] ] } },
{ "type": "Feature", "properties": { "municipio": "Arganda del Rey", "clasificacion": "no-urbanizable-protegido", "calificacion": "sin-asignar", "version": "vigente", "fuente": "SIT-CAM WFS — UsoDelSuelo:VPLA_V_CLASIFICACION (https://idem.comunidad.madrid/geosrvg/ows)", "fecha_dato": "2026-05-12", "ambito": "38587", "_raw_CD_SIGLAS": "SNUP_A", "_raw_DS_CLASIF_GEN": "Suelo No Urbanizable Protegido (APLAZADO)", "_raw_DS_CLASIF_DET": "Suelo No Urbanizable Parque Regional del Sureste Zona D", "_raw_DS_DOCU": "PLAN GENERAL", "_raw_DS_LEY": "CM Ley 9/1995, E RDL 1/1992, E RD 1346/1976", "_raw_FC_AC": "1999-01-14", "_raw_NM_AREA_M2": 388027.70978723798, "_cam_code": "014" }, "geometry": { "type": "Polygon", "coordinates": [ [ [ -3.4894, 40.3016 ], [ -3.4914, 40.3018 ], [ -3.492, 40.302 ], [ -3.4935, 40.302 ], [ -3.4935, 40.3019 ], [ -3.4948, 40.3017 ], [ -3.4958, 40.3019 ], [ -3.4957, 40.3015 ], [ -3.4948, 40.3011 ], [ -3.4943, 40.3011 ], [ -3.4941, 40.3013 ], [ -3.4938, 40.3013 ], [ -3.4935, 40.3011 ], [ -3.4936, 40.3007 ], [ -3.4933, 40.3003 ], [ -3.4935, 40.2996 ], [ -3.4943, 40.2992 ], [ -3.4946, 40.2988 ], [ -3.4948, 40.2988 ], [ -3.4951, 40.2985 ], [ -3.495, 40.2974 ], [ -3.4953, 40.2971 ], [ -3.495, 40.2969 ], [ -3.495, 40.2966 ], [ -3.4949, 40.2966 ], [ -3.495, 40.296 ], [ -3.4941, 40.2965 ], [ -3.4939, 40.2965 ], [ -3.4939, 40.2966 ], [ -3.4929, 40.2967 ], [ -3.4925, 40.2969 ], [ -3.487, 40.2977 ], [ -3.4846, 40.299 ], [ -3.4838, 40.2992 ], [ -3.4846, 40.2998 ], [ -3.4861, 40.3013 ], [ -3.4873, 40.3013 ], [ -3.4885, 40.3016 ], [ -3.4894, 40.3016 ] ] ] } },
{ "type": "Feature", "properties": { "municipio": "Arganda del Rey", "clasificacion": "no-urbanizable-protegido", "calificacion": "sin-asignar", "version": "vigente", "fuente": "SIT-CAM WFS — UsoDelSuelo:VPLA_V_CLASIFICACION (https://idem.comunidad.madrid/geosrvg/ows)", "fecha_dato": "2026-05-12", "ambito": "38587", "_raw_CD_SIGLAS": "SNUP_A", "_raw_DS_CLASIF_GEN": "Suelo No Urbanizable Protegido (APLAZADO)", "_raw_DS_CLASIF_DET": "Suelo No Urbanizable Parque Regional del Sureste Zona E", "_raw_DS_DOCU": "PLAN GENERAL", "_raw_DS_LEY": "CM Ley 9/1995, E RDL 1/1992, E RD 1346/1976", "_raw_FC_AC": "1999-01-14", "_raw_NM_AREA_M2": 15487.3837125063, "_cam_code": "014" }, "geometry": { "type": "GeometryCollection", "geometries": [ { "type": "Polygon", "coordinates": [ [ [ -3.4435, 40.2604 ], [ -3.443, 40.2611 ], [ -3.4434, 40.2608 ], [ -3.4452, 40.2608 ], [ -3.4448, 40.2604 ], [ -3.4447, 40.2598 ], [ -3.4443, 40.2596 ], [ -3.4442, 40.2594 ], [ -3.4437, 40.2596 ], [ -3.4435, 40.2604 ] ] ] }, { "type": "LineString", "coordinates": [ [ -3.4453, 40.2609 ], [ -3.4452, 40.2608 ] ] } ] } },
{ "type": "Feature", "properties": { "municipio": "Arganda del Rey", "clasificacion": "no-urbanizable-protegido", "calificacion": "sin-asignar", "version": "vigente", "fuente": "SIT-CAM WFS — UsoDelSuelo:VPLA_V_CLASIFICACION (https://idem.comunidad.madrid/geosrvg/ows)", "fecha_dato": "2026-05-12", "ambito": "38587", "_raw_CD_SIGLAS": "SNUP_A", "_raw_DS_CLASIF_GEN": "Suelo No Urbanizable Protegido (APLAZADO)", "_raw_DS_CLASIF_DET": "Suelo No Urbanizable Parque Regional del Sureste Zona D", "_raw_DS_DOCU": "PLAN GENERAL", "_raw_DS_LEY": "CM Ley 9/1995, E RDL 1/1992, E RD 1346/1976", "_raw_FC_AC": "1999-01-14", "_raw_NM_AREA_M2": 280746.15328745201, "_cam_code": "014" }, "geometry": { "type": "Polygon", "coordinates": [ [ [ -3.4259, 40.26 ], [ -3.4267, 40.2607 ], [ -3.4271, 40.2606 ], [ -3.4271, 40.2605 ], [ -3.4278, 40.2601 ], [ -3.4285, 40.2598 ], [ -3.4299, 40.2597 ], [ -3.431, 40.2601 ], [ -3.4318, 40.2597 ], [ -3.4318, 40.2593 ], [ -3.4321, 40.2587 ], [ -3.432, 40.2584 ], [ -3.4326, 40.2573 ], [ -3.4292, 40.2563 ], [ -3.4265, 40.2558 ], [ -3.4264, 40.2572 ], [ -3.426, 40.2574 ], [ -3.426, 40.2575 ], [ -3.4249, 40.2579 ], [ -3.4243, 40.2579 ], [ -3.4243, 40.2578 ], [ -3.424, 40.2578 ], [ -3.424, 40.2577 ], [ -3.4236, 40.2576 ], [ -3.4236, 40.2577 ], [ -3.4233, 40.2577 ], [ -3.4233, 40.2578 ], [ -3.4224, 40.258 ], [ -3.4224, 40.2592 ], [ -3.4226, 40.26 ], [ -3.4231, 40.2603 ], [ -3.4233, 40.2604 ], [ -3.4239, 40.2598 ], [ -3.4242, 40.2598 ], [ -3.4249, 40.2601 ], [ -3.4259, 40.26 ] ] ] } },
{ "type": "Feature", "properties": { "municipio": "Arganda del Rey", "clasificacion": "no-urbanizable-protegido", "calificacion": "sin-asignar", "version": "vigente", "fuente": "SIT-CAM WFS — UsoDelSuelo:VPLA_V_CLASIFICACION (https://idem.comunidad.madrid/geosrvg/ows)", "fecha_dato": "2026-05-12", "ambito": "38587", "_raw_CD_SIGLAS": "SNUP_A", "_raw_DS_CLASIF_GEN": "Suelo No Urbanizable Protegido (APLAZADO)", "_raw_DS_CLASIF_DET": "Suelo No Urbanizable Parque Regional del Sureste Zona D", "_raw_DS_DOCU": "PLAN GENERAL", "_raw_DS_LEY": "CM Ley 9/1995, E RDL 1/1992, E RD 1346/1976", "_raw_FC_AC": "1999-01-14", "_raw_NM_AREA_M2": 247848.73399995299, "_cam_code": "014" }, "geometry": { "type": "Polygon", "coordinates": [ [ [ -3.4989, 40.307 ], [ -3.4945, 40.3089 ], [ -3.4951, 40.3095 ], [ -3.4953, 40.31 ], [ -3.4953, 40.3104 ], [ -3.5045, 40.3092 ], [ -3.5049, 40.3091 ], [ -3.505, 40.3087 ], [ -3.5053, 40.3084 ], [ -3.5053, 40.3081 ], [ -3.5049, 40.3072 ], [ -3.5048, 40.3072 ], [ -3.5047, 40.3064 ], [ -3.5044, 40.3067 ], [ -3.5037, 40.307 ], [ -3.5026, 40.3067 ], [ -3.5006, 40.3066 ], [ -3.4997, 40.3067 ], [ -3.4997, 40.3068 ], [ -3.4989, 40.3069 ], [ -3.4989, 40.307 ] ] ] } },
{ "type": "Feature", "properties": { "municipio": "Arganda del Rey", "clasificacion": "no-urbanizable-protegido", "calificacion": "sin-asignar", "version": "vigente", "fuente": "SIT-CAM WFS — UsoDelSuelo:VPLA_V_CLASIFICACION (https://idem.comunidad.madrid/geosrvg/ows)", "fecha_dato": "2026-05-12", "ambito": "38587", "_raw_CD_SIGLAS": "SNUP_A", "_raw_DS_CLASIF_GEN": "Suelo No Urbanizable Protegido (APLAZADO)", "_raw_DS_CLASIF_DET": "Suelo No Urbanizable Protección de Caminos", "_raw_DS_DOCU": "PLAN GENERAL", "_raw_DS_LEY": "CM Ley 9/1995, E RDL 1/1992, E RD 1346/1976", "_raw_FC_AC": "1999-01-14", "_raw_NM_AREA_M2": 34967.656512551199, "_cam_code": "014" }, "geometry": { "type": "Polygon", "coordinates": [ [ [ -3.4138, 40.3077 ], [ -3.4135, 40.3079 ], [ -3.4134, 40.3081 ], [ -3.4137, 40.3082 ], [ -3.4137, 40.3087 ], [ -3.4142, 40.3088 ], [ -3.4145, 40.3091 ], [ -3.4148, 40.3098 ], [ -3.4151, 40.3099 ], [ -3.4147, 40.3102 ], [ -3.4147, 40.3105 ], [ -3.4151, 40.3107 ], [ -3.4151, 40.3105 ], [ -3.4148, 40.3104 ], [ -3.4148, 40.3103 ], [ -3.4152, 40.31 ], [ -3.4152, 40.3098 ], [ -3.4149, 40.3097 ], [ -3.4146, 40.309 ], [ -3.4143, 40.3087 ], [ -3.4138, 40.3086 ], [ -3.4138, 40.3082 ], [ -3.4135, 40.3081 ], [ -3.4137, 40.3078 ], [ -3.4144, 40.3076 ], [ -3.4151, 40.3072 ], [ -3.4151, 40.3071 ], [ -3.4155, 40.307 ], [ -3.4156, 40.3065 ], [ -3.4158, 40.3064 ], [ -3.4158, 40.3061 ], [ -3.4153, 40.3061 ], [ -3.4166, 40.3054 ], [ -3.4166, 40.3055 ], [ -3.4174, 40.3058 ], [ -3.4177, 40.3061 ], [ -3.4179, 40.306 ], [ -3.4179, 40.3061 ], [ -3.4195, 40.3072 ], [ -3.4201, 40.3075 ], [ -3.4204, 40.3079 ], [ -3.421, 40.3081 ], [ -3.4214, 40.3081 ], [ -3.4214, 40.308 ], [ -3.4224, 40.3081 ], [ -3.4224, 40.308 ], [ -3.4221, 40.3079 ], [ -3.421, 40.308 ], [ -3.421, 40.3079 ], [ -3.4205, 40.3078 ], [ -3.42, 40.3073 ], [ -3.4198, 40.3073 ], [ -3.4198, 40.3072 ], [ -3.4192, 40.3069 ], [ -3.418, 40.306 ], [ -3.4181, 40.3058 ], [ -3.419, 40.306 ], [ -3.4189, 40.3059 ], [ -3.418, 40.3057 ], [ -3.4177, 40.306 ], [ -3.4174, 40.3057 ], [ -3.4151, 40.3047 ], [ -3.4146, 40.3043 ], [ -3.4137, 40.3039 ], [ -3.4122, 40.3035 ], [ -3.4117, 40.3033 ], [ -3.4117, 40.3032 ], [ -3.4108, 40.3031 ], [ -3.4108, 40.303 ], [ -3.41, 40.303 ], [ -3.4101, 40.3023 ], [ -3.4104, 40.3019 ], [ -3.4101, 40.302 ], [ -3.4101, 40.3022 ], [ -3.41, 40.3022 ], [ -3.4098, 40.3029 ], [ -3.4099, 40.303 ], [ -3.4096, 40.3031 ], [ -3.4091, 40.3027 ], [ -3.4084, 40.3027 ], [ -3.4076, 40.3029 ], [ -3.4074, 40.3034 ], [ -3.4074, 40.304 ], [ -3.407, 40.3049 ], [ -3.406, 40.3055 ], [ -3.4054, 40.3055 ], [ -3.4052, 40.3057 ], [ -3.406, 40.3056 ], [ -3.4071, 40.3049 ], [ -3.4075, 40.304 ], [ -3.4077, 40.303 ], [ -3.4084, 40.3028 ], [ -3.4091, 40.3028 ], [ -3.4095, 40.3032 ], [ -3.4108, 40.3031 ], [ -3.4108, 40.3032 ], [ -3.4117, 40.3033 ], [ -3.4117, 40.3034 ], [ -3.4122, 40.3035 ], [ -3.4122, 40.3036 ], [ -3.4132, 40.3038 ], [ -3.4142, 40.3042 ], [ -3.4142, 40.3043 ], [ -3.4146, 40.3044 ], [ -3.4153, 40.3049 ], [ -3.4165, 40.3054 ], [ -3.4157, 40.3057 ], [ -3.4154, 40.306 ], [ -3.4151, 40.306 ], [ -3.4152, 40.3062 ], [ -3.4157, 40.3062 ], [ -3.4155, 40.3065 ], [ -3.4155, 40.3068 ], [ -3.4142, 40.3076 ], [ -3.4136, 40.3076 ], [ -3.4132, 40.3078 ], [ -3.4129, 40.3078 ], [ -3.4129, 40.3079 ], [ -3.4125, 40.3079 ], [ -3.4125, 40.308 ], [ -3.4118, 40.3082 ], [ -3.4118, 40.3083 ], [ -3.4116, 40.3082 ], [ -3.4114, 40.3082 ], [ -3.4114, 40.3083 ], [ -3.4104, 40.3083 ], [ -3.4104, 40.3084 ], [ -3.4101, 40.3084 ], [ -3.4101, 40.3085 ], [ -3.409, 40.3084 ], [ -3.4084, 40.3078 ], [ -3.4083, 40.3079 ], [ -3.409, 40.3085 ], [ -3.41, 40.3086 ], [ -3.41, 40.3085 ], [ -3.4101, 40.3085 ], [ -3.4104, 40.3085 ], [ -3.4104, 40.3084 ], [ -3.412, 40.3083 ], [ -3.4125, 40.3081 ], [ -3.4125, 40.308 ], [ -3.4129, 40.308 ], [ -3.4129, 40.3079 ], [ -3.4138, 40.3077 ] ] ] } },
{ "type": "Feature", "properties": { "municipio": "Arganda del Rey", "clasificacion": "no-urbanizable-protegido", "calificacion": "sin-asignar", "version": "vigente", "fuente": "SIT-CAM WFS — UsoDelSuelo:VPLA_V_CLASIFICACION (https://idem.comunidad.madrid/geosrvg/ows)", "fecha_dato": "2026-05-12", "ambito": "38587", "_raw_CD_SIGLAS": "SNUP_A", "_raw_DS_CLASIF_GEN": "Suelo No Urbanizable Protegido (APLAZADO)", "_raw_DS_CLASIF_DET": "Suelo No Urbanizable Protección de Vías Pecuarias", "_raw_DS_DOCU": "PLAN GENERAL", "_raw_DS_LEY": "CM Ley 9/1995, E RDL 1/1992, E RD 1346/1976", "_raw_FC_AC": "1999-01-14", "_raw_NM_AREA_M2": 15873.232675019801, "_cam_code": "014" }, "geometry": { "type": "Polygon", "coordinates": [ [ [ -3.4682, 40.3214 ], [ -3.468, 40.3215 ], [ -3.4681, 40.3217 ], [ -3.4691, 40.323 ], [ -3.4696, 40.3239 ], [ -3.4697, 40.325 ], [ -3.47, 40.325 ], [ -3.4702, 40.3252 ], [ -3.4702, 40.3271 ], [ -3.4703, 40.3271 ], [ -3.471, 40.3284 ], [ -3.4705, 40.327 ], [ -3.4704, 40.327 ], [ -3.4704, 40.3251 ], [ -3.4699, 40.3248 ], [ -3.4699, 40.3242 ], [ -3.4697, 40.3236 ], [ -3.4682, 40.3214 ] ] ] } },
{ "type": "Feature", "properties": { "municipio": "Arganda del Rey", "clasificacion": "no-urbanizable-protegido", "calificacion": "sin-asignar", "version": "vigente", "fuente": "SIT-CAM WFS — UsoDelSuelo:VPLA_V_CLASIFICACION (https://idem.comunidad.madrid/geosrvg/ows)", "fecha_dato": "2026-05-12", "ambito": "38587", "_raw_CD_SIGLAS": "SNUP_A", "_raw_DS_CLASIF_GEN": "Suelo No Urbanizable Protegido (APLAZADO)", "_raw_DS_CLASIF_DET": "Suelo No Urbanizable Parque Regional del Sureste Zona D", "_raw_DS_DOCU": "PLAN GENERAL", "_raw_DS_LEY": "CM Ley 9/1995, E RDL 1/1992, E RD 1346/1976", "_raw_FC_AC": "1999-01-14", "_raw_NM_AREA_M2": 44050.583937430602, "_cam_code": "014" }, "geometry": { "type": "Polygon", "coordinates": [ [ [ -3.4706, 40.3203 ], [ -3.4705, 40.3204 ], [ -3.4695, 40.3208 ], [ -3.4691, 40.3211 ], [ -3.4682, 40.3214 ], [ -3.4697, 40.3236 ], [ -3.4699, 40.3242 ], [ -3.4699, 40.3248 ], [ -3.4704, 40.3251 ], [ -3.4704, 40.327 ], [ -3.4705, 40.327 ], [ -3.4708, 40.3278 ], [ -3.4705, 40.326 ], [ -3.4705, 40.3244 ], [ -3.47, 40.3238 ], [ -3.47, 40.323 ], [ -3.4703, 40.322 ], [ -3.4706, 40.3203 ] ] ] } },
{ "type": "Feature", "properties": { "municipio": "Arganda del Rey", "clasificacion": "no-urbanizable-protegido", "calificacion": "sin-asignar", "version": "vigente", "fuente": "SIT-CAM WFS — UsoDelSuelo:VPLA_V_CLASIFICACION (https://idem.comunidad.madrid/geosrvg/ows)", "fecha_dato": "2026-05-12", "ambito": "38587", "_raw_CD_SIGLAS": "SNUP_A", "_raw_DS_CLASIF_GEN": "Suelo No Urbanizable Protegido (APLAZADO)", "_raw_DS_CLASIF_DET": "Suelo No Urbanizable Protección de Vías Pecuarias", "_raw_DS_DOCU": "PLAN GENERAL", "_raw_DS_LEY": "CM Ley 9/1995, E RDL 1/1992, E RD 1346/1976", "_raw_FC_AC": "1999-01-14", "_raw_NM_AREA_M2": 11864.852049986201, "_cam_code": "014" }, "geometry": { "type": "Polygon", "coordinates": [ [ [ -3.4679, 40.3215 ], [ -3.4677, 40.3216 ], [ -3.4676, 40.3224 ], [ -3.4668, 40.3233 ], [ -3.467, 40.3241 ], [ -3.4675, 40.3249 ], [ -3.4675, 40.3251 ], [ -3.4676, 40.3251 ], [ -3.4678, 40.3261 ], [ -3.4675, 40.3265 ], [ -3.4676, 40.3266 ], [ -3.468, 40.3261 ], [ -3.4678, 40.325 ], [ -3.4677, 40.325 ], [ -3.4677, 40.3248 ], [ -3.4672, 40.324 ], [ -3.4671, 40.3233 ], [ -3.4678, 40.3225 ], [ -3.468, 40.322 ], [ -3.4679, 40.3215 ] ] ] } },
{ "type": "Feature", "properties": { "municipio": "Arganda del Rey", "clasificacion": "no-urbanizable-protegido", "calificacion": "sin-asignar", "version": "vigente", "fuente": "SIT-CAM WFS — UsoDelSuelo:VPLA_V_CLASIFICACION (https://idem.comunidad.madrid/geosrvg/ows)", "fecha_dato": "2026-05-12", "ambito": "38587", "_raw_CD_SIGLAS": "SNUP_A", "_raw_DS_CLASIF_GEN": "Suelo No Urbanizable Protegido (APLAZADO)", "_raw_DS_CLASIF_DET": "Suelo No Urbanizable Protección de Vías Pecuarias", "_raw_DS_DOCU": "PLAN GENERAL", "_raw_DS_LEY": "CM Ley 9/1995, E RDL 1/1992, E RD 1346/1976", "_raw_FC_AC": "1999-01-14", "_raw_NM_AREA_M2": 21479.499800053902, "_cam_code": "014" }, "geometry": { "type": "Polygon", "coordinates": [ [ [ -3.4122, 40.2651 ], [ -3.4118, 40.2655 ], [ -3.4118, 40.2658 ], [ -3.4116, 40.2659 ], [ -3.4117, 40.2663 ], [ -3.4118, 40.2663 ], [ -3.4118, 40.267 ], [ -3.4117, 40.267 ], [ -3.4117, 40.2672 ], [ -3.4116, 40.2672 ], [ -3.4116, 40.2674 ], [ -3.4115, 40.2674 ], [ -3.4115, 40.2676 ], [ -3.4114, 40.2676 ], [ -3.4111, 40.2683 ], [ -3.4108, 40.2685 ], [ -3.41, 40.2703 ], [ -3.4095, 40.2707 ], [ -3.409, 40.2715 ], [ -3.409, 40.2717 ], [ -3.4089, 40.2717 ], [ -3.4083, 40.2737 ], [ -3.4081, 40.2741 ], [ -3.408, 40.2741 ], [ -3.408, 40.2744 ], [ -3.4079, 40.2744 ], [ -3.4081, 40.2746 ], [ -3.4082, 40.2742 ], [ -3.4083, 40.2742 ], [ -3.4085, 40.2736 ], [ -3.4086, 40.2736 ], [ -3.4092, 40.2716 ], [ -3.4097, 40.2708 ], [ -3.4102, 40.2704 ], [ -3.411, 40.2686 ], [ -3.4115, 40.2681 ], [ -3.4118, 40.2673 ], [ -3.412, 40.2671 ], [ -3.4121, 40.2664 ], [ -3.412, 40.2664 ], [ -3.4119, 40.2655 ], [ -3.4122, 40.2651 ] ] ] } },
{ "type": "Feature", "properties": { "municipio": "Arganda del Rey", "clasificacion": "no-urbanizable-protegido", "calificacion": "sin-asignar", "version": "vigente", "fuente": "SIT-CAM WFS — UsoDelSuelo:VPLA_V_CLASIFICACION (https://idem.comunidad.madrid/geosrvg/ows)", "fecha_dato": "2026-05-12", "ambito": "38587", "_raw_CD_SIGLAS": "SNUP_A", "_raw_DS_CLASIF_GEN": "Suelo No Urbanizable Protegido (APLAZADO)", "_raw_DS_CLASIF_DET": "Suelo No Urbanizable Protección de Vegas", "_raw_DS_DOCU": "PLAN GENERAL", "_raw_DS_LEY": "CM Ley 9/1995, E RDL 1/1992, E RD 1346/1976", "_raw_FC_AC": "1999-01-14", "_raw_NM_AREA_M2": 98788.461449858398, "_cam_code": "014" }, "geometry": { "type": "Polygon", "coordinates": [ [ [ -3.4305, 40.3181 ], [ -3.4301, 40.3181 ], [ -3.432, 40.3218 ], [ -3.4321, 40.3218 ], [ -3.4321, 40.3213 ], [ -3.4329, 40.3204 ], [ -3.4329, 40.32 ], [ -3.4331, 40.3197 ], [ -3.4341, 40.3195 ], [ -3.4349, 40.3187 ], [ -3.4356, 40.3182 ], [ -3.4364, 40.3179 ], [ -3.4363, 40.3177 ], [ -3.436, 40.3176 ], [ -3.4349, 40.3176 ], [ -3.4316, 40.3181 ], [ -3.4305, 40.3181 ] ] ] } },
{ "type": "Feature", "properties": { "municipio": "Arganda del Rey", "clasificacion": "no-urbanizable-protegido", "calificacion": "sin-asignar", "version": "vigente", "fuente": "SIT-CAM WFS — UsoDelSuelo:VPLA_V_CLASIFICACION (https://idem.comunidad.madrid/geosrvg/ows)", "fecha_dato": "2026-05-12", "ambito": "38587", "_raw_CD_SIGLAS": "SNUP_A", "_raw_DS_CLASIF_GEN": "Suelo No Urbanizable Protegido (APLAZADO)", "_raw_DS_CLASIF_DET": "Suelo No Urbanizable Protección de Caminos", "_raw_DS_DOCU": "PLAN GENERAL", "_raw_DS_LEY": "CM Ley 9/1995, E RDL 1/1992, E RD 1346/1976", "_raw_FC_AC": "1999-01-14", "_raw_NM_AREA_M2": 9790.7537749836993, "_cam_code": "014" }, "geometry": { "type": "Polygon", "coordinates": [ [ [ -3.4842, 40.2593 ], [ -3.4846, 40.2597 ], [ -3.4846, 40.2597 ], [ -3.4847, 40.2597 ], [ -3.4847, 40.2597 ], [ -3.4847, 40.2597 ], [ -3.4848, 40.2597 ], [ -3.4851, 40.2597 ], [ -3.4854, 40.2595 ], [ -3.4848, 40.2597 ], [ -3.4842, 40.2592 ], [ -3.4824, 40.2586 ], [ -3.4823, 40.2584 ], [ -3.4816, 40.2581 ], [ -3.4816, 40.258 ], [ -3.48, 40.2579 ], [ -3.4798, 40.2577 ], [ -3.4796, 40.2577 ], [ -3.4795, 40.2575 ], [ -3.4792, 40.2575 ], [ -3.4792, 40.2574 ], [ -3.4789, 40.2574 ], [ -3.4789, 40.2573 ], [ -3.4763, 40.2569 ], [ -3.4763, 40.2568 ], [ -3.4761, 40.2568 ], [ -3.4759, 40.2566 ], [ -3.4758, 40.2562 ], [ -3.4754, 40.256 ], [ -3.4756, 40.2561 ], [ -3.4758, 40.2566 ], [ -3.4763, 40.257 ], [ -3.4789, 40.2574 ], [ -3.4789, 40.2575 ], [ -3.4792, 40.2575 ], [ -3.4792, 40.2576 ], [ -3.4796, 40.2577 ], [ -3.4796, 40.2578 ], [ -3.48, 40.2579 ], [ -3.48, 40.258 ], [ -3.4813, 40.258 ], [ -3.4813, 40.2581 ], [ -3.4818, 40.2582 ], [ -3.4826, 40.2588 ], [ -3.4842, 40.2593 ] ] ] } },
{ "type": "Feature", "properties": { "municipio": "Arganda del Rey", "clasificacion": "no-urbanizable-protegido", "calificacion": "sin-asignar", "version": "vigente", "fuente": "SIT-CAM WFS — UsoDelSuelo:VPLA_V_CLASIFICACION (https://idem.comunidad.madrid/geosrvg/ows)", "fecha_dato": "2026-05-12", "ambito": "38587", "_raw_CD_SIGLAS": "SNUP_A", "_raw_DS_CLASIF_GEN": "Suelo No Urbanizable Protegido (APLAZADO)", "_raw_DS_CLASIF_DET": "Suelo No Urbanizable Parque Regional del Sureste Zona D", "_raw_DS_DOCU": "PLAN GENERAL", "_raw_DS_LEY": "CM Ley 9/1995, E RDL 1/1992, E RD 1346/1976", "_raw_FC_AC": "1999-01-14", "_raw_NM_AREA_M2": 13506.821412466499, "_cam_code": "014" }, "geometry": { "type": "Polygon", "coordinates": [ [ [ -3.4472, 40.2589 ], [ -3.4475, 40.259 ], [ -3.448, 40.2598 ], [ -3.4482, 40.2598 ], [ -3.4486, 40.2593 ], [ -3.4491, 40.2591 ], [ -3.4491, 40.259 ], [ -3.4496, 40.259 ], [ -3.4496, 40.2587 ], [ -3.449, 40.2589 ], [ -3.448, 40.2587 ], [ -3.4477, 40.2583 ], [ -3.4476, 40.2579 ], [ -3.4475, 40.2579 ], [ -3.4474, 40.2587 ], [ -3.4472, 40.2589 ] ] ] } },
{ "type": "Feature", "properties": { "municipio": "Arganda del Rey", "clasificacion": "no-urbanizable-protegido", "calificacion": "sin-asignar", "version": "vigente", "fuente": "SIT-CAM WFS — UsoDelSuelo:VPLA_V_CLASIFICACION (https://idem.comunidad.madrid/geosrvg/ows)", "fecha_dato": "2026-05-12", "ambito": "38587", "_raw_CD_SIGLAS": "SNUP_A", "_raw_DS_CLASIF_GEN": "Suelo No Urbanizable Protegido (APLAZADO)", "_raw_DS_CLASIF_DET": "Suelo No Urbanizable Parque Regional del Sureste Zona D", "_raw_DS_DOCU": "PLAN GENERAL", "_raw_DS_LEY": "CM Ley 9/1995, E RDL 1/1992, E RD 1346/1976", "_raw_FC_AC": "1999-01-14", "_raw_NM_AREA_M2": 116998.008800066, "_cam_code": "014" }, "geometry": { "type": "Polygon", "coordinates": [ [ [ -3.4812, 40.2579 ], [ -3.4812, 40.258 ], [ -3.4818, 40.2581 ], [ -3.4818, 40.2582 ], [ -3.4823, 40.2584 ], [ -3.4824, 40.2586 ], [ -3.4842, 40.2592 ], [ -3.4848, 40.2597 ], [ -3.4853, 40.2595 ], [ -3.4847, 40.2582 ], [ -3.4827, 40.2569 ], [ -3.4811, 40.2562 ], [ -3.4789, 40.2561 ], [ -3.477, 40.2564 ], [ -3.4756, 40.2561 ], [ -3.4758, 40.2562 ], [ -3.4759, 40.2566 ], [ -3.4761, 40.2568 ], [ -3.4763, 40.2568 ], [ -3.4763, 40.2569 ], [ -3.4789, 40.2573 ], [ -3.4789, 40.2574 ], [ -3.4792, 40.2574 ], [ -3.4792, 40.2575 ], [ -3.4795, 40.2575 ], [ -3.4796, 40.2577 ], [ -3.4798, 40.2577 ], [ -3.48, 40.2579 ], [ -3.4809, 40.258 ], [ -3.4812, 40.2579 ] ] ] } },
{ "type": "Feature", "properties": { "municipio": "Arganda del Rey", "clasificacion": "no-urbanizable-protegido", "calificacion": "sin-asignar", "version": "vigente", "fuente": "SIT-CAM WFS — UsoDelSuelo:VPLA_V_CLASIFICACION (https://idem.comunidad.madrid/geosrvg/ows)", "fecha_dato": "2026-05-12", "ambito": "38587", "_raw_CD_SIGLAS": "SNUP_A", "_raw_DS_CLASIF_GEN": "Suelo No Urbanizable Protegido (APLAZADO)", "_raw_DS_CLASIF_DET": "Suelo No Urbanizable Parque Regional del Sureste Zona D", "_raw_DS_DOCU": "PLAN GENERAL", "_raw_DS_LEY": "CM Ley 9/1995, E RDL 1/1992, E RD 1346/1976", "_raw_FC_AC": "1999-01-14", "_raw_NM_AREA_M2": 408157.25352493202, "_cam_code": "014" }, "geometry": { "type": "Polygon", "coordinates": [ [ [ -3.4568, 40.2619 ], [ -3.4573, 40.2621 ], [ -3.4581, 40.2621 ], [ -3.4598, 40.2609 ], [ -3.4602, 40.2609 ], [ -3.4602, 40.2608 ], [ -3.4607, 40.2606 ], [ -3.4613, 40.2606 ], [ -3.4614, 40.2608 ], [ -3.4616, 40.2608 ], [ -3.462, 40.2604 ], [ -3.4628, 40.26 ], [ -3.4631, 40.26 ], [ -3.4631, 40.2601 ], [ -3.4634, 40.2602 ], [ -3.4639, 40.2608 ], [ -3.4642, 40.2603 ], [ -3.4642, 40.2592 ], [ -3.464, 40.2589 ], [ -3.4632, 40.2585 ], [ -3.4629, 40.2581 ], [ -3.4629, 40.2578 ], [ -3.4634, 40.2573 ], [ -3.4631, 40.2566 ], [ -3.4601, 40.2577 ], [ -3.4591, 40.2583 ], [ -3.456, 40.2583 ], [ -3.4528, 40.2573 ], [ -3.4478, 40.2576 ], [ -3.4481, 40.2578 ], [ -3.4483, 40.2584 ], [ -3.4488, 40.2586 ], [ -3.4493, 40.2584 ], [ -3.4498, 40.2584 ], [ -3.45, 40.2585 ], [ -3.4501, 40.2588 ], [ -3.4507, 40.2586 ], [ -3.4513, 40.2587 ], [ -3.4513, 40.2588 ], [ -3.4522, 40.2593 ], [ -3.4525, 40.2596 ], [ -3.4527, 40.2596 ], [ -3.4533, 40.2604 ], [ -3.4538, 40.2605 ], [ -3.4538, 40.2606 ], [ -3.4541, 40.2607 ], [ -3.4544, 40.2614 ], [ -3.4545, 40.2614 ], [ -3.4546, 40.2619 ], [ -3.4547, 40.2618 ], [ -3.4556, 40.2618 ], [ -3.4559, 40.262 ], [ -3.4568, 40.2619 ] ] ] } },
{ "type": "Feature", "properties": { "municipio": "Arganda del Rey", "clasificacion": "no-urbanizable-protegido", "calificacion": "sin-asignar", "version": "vigente", "fuente": "SIT-CAM WFS — UsoDelSuelo:VPLA_V_CLASIFICACION (https://idem.comunidad.madrid/geosrvg/ows)", "fecha_dato": "2026-05-12", "ambito": "38587", "_raw_CD_SIGLAS": "SNUP_A", "_raw_DS_CLASIF_GEN": "Suelo No Urbanizable Protegido (APLAZADO)", "_raw_DS_CLASIF_DET": "Suelo No Urbanizable Protección de Caminos", "_raw_DS_DOCU": "PLAN GENERAL", "_raw_DS_LEY": "CM Ley 9/1995, E RDL 1/1992, E RD 1346/1976", "_raw_FC_AC": "1999-01-14", "_raw_NM_AREA_M2": 7734.1270499844404, "_cam_code": "014" }, "geometry": { "type": "Polygon", "coordinates": [ [ [ -3.4354, 40.3304 ], [ -3.4337, 40.3306 ], [ -3.4337, 40.3307 ], [ -3.435, 40.3305 ], [ -3.4358, 40.3306 ], [ -3.4359, 40.3305 ], [ -3.4358, 40.3302 ], [ -3.4378, 40.3297 ], [ -3.4389, 40.3297 ], [ -3.4399, 40.3295 ], [ -3.4404, 40.3296 ], [ -3.442, 40.3296 ], [ -3.4421, 40.3295 ], [ -3.4399, 40.3294 ], [ -3.439, 40.3296 ], [ -3.4378, 40.3296 ], [ -3.4358, 40.3301 ], [ -3.4357, 40.3305 ], [ -3.4354, 40.3304 ] ] ] } },
{ "type": "Feature", "properties": { "municipio": "Arganda del Rey", "clasificacion": "no-urbanizable-protegido", "calificacion": "sin-asignar", "version": "vigente", "fuente": "SIT-CAM WFS — UsoDelSuelo:VPLA_V_CLASIFICACION (https://idem.comunidad.madrid/geosrvg/ows)", "fecha_dato": "2026-05-12", "ambito": "38587", "_raw_CD_SIGLAS": "SNUP_A", "_raw_DS_CLASIF_GEN": "Suelo No Urbanizable Protegido (APLAZADO)", "_raw_DS_CLASIF_DET": "Suelo No Urbanizable Protección de Caminos", "_raw_DS_DOCU": "PLAN GENERAL", "_raw_DS_LEY": "CM Ley 9/1995, E RDL 1/1992, E RD 1346/1976", "_raw_FC_AC": "1999-01-14", "_raw_NM_AREA_M2": 16457.710837443999, "_cam_code": "014" }, "geometry": { "type": "Polygon", "coordinates": [ [ [ -3.4594, 40.3242 ], [ -3.46, 40.3242 ], [ -3.4598, 40.3251 ], [ -3.4598, 40.3258 ], [ -3.4597, 40.3258 ], [ -3.4599, 40.3268 ], [ -3.46, 40.3285 ], [ -3.4599, 40.3299 ], [ -3.46, 40.33 ], [ -3.4601, 40.3292 ], [ -3.4601, 40.3269 ], [ -3.4599, 40.3262 ], [ -3.4599, 40.3251 ], [ -3.46, 40.3246 ], [ -3.4601, 40.3246 ], [ -3.46, 40.3217 ], [ -3.4599, 40.3217 ], [ -3.4599, 40.3237 ], [ -3.46, 40.3241 ], [ -3.4589, 40.3241 ], [ -3.4587, 40.3243 ], [ -3.4579, 40.3242 ], [ -3.4574, 40.3244 ], [ -3.4566, 40.3243 ], [ -3.4565, 40.3244 ], [ -3.4565, 40.3244 ], [ -3.4565, 40.3244 ], [ -3.4565, 40.3244 ], [ -3.4564, 40.3244 ], [ -3.4564, 40.3244 ], [ -3.4564, 40.3244 ], [ -3.4564, 40.3244 ], [ -3.4564, 40.3244 ], [ -3.4563, 40.3244 ], [ -3.4563, 40.3244 ], [ -3.4563, 40.3244 ], [ -3.4563, 40.3244 ], [ -3.4563, 40.3244 ], [ -3.4563, 40.3244 ], [ -3.4561, 40.3244 ], [ -3.4554, 40.3244 ], [ -3.4554, 40.3244 ], [ -3.4554, 40.3244 ], [ -3.4553, 40.3244 ], [ -3.4553, 40.3244 ], [ -3.4552, 40.3244 ], [ -3.4552, 40.3244 ], [ -3.4552, 40.3244 ], [ -3.4552, 40.3244 ], [ -3.4551, 40.3244 ], [ -3.4545, 40.3244 ], [ -3.4535, 40.3245 ], [ -3.4534, 40.3246 ], [ -3.4534, 40.3251 ], [ -3.4534, 40.3251 ], [ -3.4534, 40.3251 ], [ -3.4534, 40.3251 ], [ -3.4534, 40.3251 ], [ -3.4534, 40.3251 ], [ -3.4534, 40.3251 ], [ -3.4533, 40.3251 ], [ -3.4533, 40.3251 ], [ -3.4533, 40.3251 ], [ -3.4533, 40.3251 ], [ -3.4533, 40.3251 ], [ -3.4532, 40.3251 ], [ -3.4532, 40.3251 ], [ -3.4532, 40.3251 ], [ -3.4532, 40.3251 ], [ -3.4531, 40.3251 ], [ -3.4531, 40.3251 ], [ -3.4531, 40.3251 ], [ -3.4531, 40.3251 ], [ -3.453, 40.3251 ], [ -3.453, 40.3251 ], [ -3.4529, 40.3251 ], [ -3.4527, 40.3251 ], [ -3.4526, 40.3251 ], [ -3.4525, 40.325 ], [ -3.4527, 40.3252 ], [ -3.4535, 40.3252 ], [ -3.4536, 40.3251 ], [ -3.4535, 40.3246 ], [ -3.455, 40.3245 ], [ -3.4551, 40.3244 ], [ -3.4551, 40.3245 ], [ -3.4565, 40.3245 ], [ -3.4565, 40.3244 ], [ -3.4574, 40.3245 ], [ -3.4578, 40.3243 ], [ -3.4587, 40.3244 ], [ -3.459, 40.3242 ], [ -3.4594, 40.3242 ] ] ] } },
{ "type": "Feature", "properties": { "municipio": "Arganda del Rey", "clasificacion": "no-urbanizable-protegido", "calificacion": "sin-asignar", "version": "vigente", "fuente": "SIT-CAM WFS — UsoDelSuelo:VPLA_V_CLASIFICACION (https://idem.comunidad.madrid/geosrvg/ows)", "fecha_dato": "2026-05-12", "ambito": "38587", "_raw_CD_SIGLAS": "SNUP_A", "_raw_DS_CLASIF_GEN": "Suelo No Urbanizable Protegido (APLAZADO)", "_raw_DS_CLASIF_DET": "Suelo No Urbanizable Parque Regional del Sureste Zona E", "_raw_DS_DOCU": "PLAN GENERAL", "_raw_DS_LEY": "CM Ley 9/1995, E RDL 1/1992, E RD 1346/1976", "_raw_FC_AC": "1999-01-14", "_raw_NM_AREA_M2": 15908.461000072701, "_cam_code": "014" }, "geometry": { "type": "Polygon", "coordinates": [ [ [ -3.4381, 40.2613 ], [ -3.4369, 40.2616 ], [ -3.4393, 40.2619 ], [ -3.4401, 40.2622 ], [ -3.4397, 40.2615 ], [ -3.4388, 40.2612 ], [ -3.4388, 40.2607 ], [ -3.4385, 40.2605 ], [ -3.4383, 40.2605 ], [ -3.4381, 40.2613 ] ] ] } },
{ "type": "Feature", "properties": { "municipio": "Arganda del Rey", "clasificacion": "no-urbanizable-protegido", "calificacion": "sin-asignar", "version": "vigente", "fuente": "SIT-CAM WFS — UsoDelSuelo:VPLA_V_CLASIFICACION (https://idem.comunidad.madrid/geosrvg/ows)", "fecha_dato": "2026-05-12", "ambito": "38587", "_raw_CD_SIGLAS": "SNUP_A", "_raw_DS_CLASIF_GEN": "Suelo No Urbanizable Protegido (APLAZADO)", "_raw_DS_CLASIF_DET": "Suelo No Urbanizable Parque Regional del Sureste Zona D", "_raw_DS_DOCU": "PLAN GENERAL", "_raw_DS_LEY": "CM Ley 9/1995, E RDL 1/1992, E RD 1346/1976", "_raw_FC_AC": "1999-01-14", "_raw_NM_AREA_M2": 340137.07762478798, "_cam_code": "014" }, "geometry": { "type": "Polygon", "coordinates": [ [ [ -3.4656, 40.2617 ], [ -3.4659, 40.2617 ], [ -3.4659, 40.2618 ], [ -3.4666, 40.262 ], [ -3.468, 40.2614 ], [ -3.4685, 40.2614 ], [ -3.4684, 40.2602 ], [ -3.4686, 40.2597 ], [ -3.4692, 40.2591 ], [ -3.4697, 40.2588 ], [ -3.472, 40.2565 ], [ -3.4728, 40.2554 ], [ -3.4701, 40.2553 ], [ -3.466, 40.2559 ], [ -3.4633, 40.2566 ], [ -3.4635, 40.2568 ], [ -3.4636, 40.2575 ], [ -3.4631, 40.258 ], [ -3.4632, 40.258 ], [ -3.4632, 40.2582 ], [ -3.4634, 40.2584 ], [ -3.4641, 40.2587 ], [ -3.4644, 40.2591 ], [ -3.4644, 40.2604 ], [ -3.4643, 40.2608 ], [ -3.464, 40.2609 ], [ -3.464, 40.261 ], [ -3.4642, 40.2612 ], [ -3.4651, 40.2614 ], [ -3.4654, 40.2617 ], [ -3.4656, 40.2617 ] ] ] } },
{ "type": "Feature", "properties": { "municipio": "Arganda del Rey", "clasificacion": "no-urbanizable-protegido", "calificacion": "sin-asignar", "version": "vigente", "fuente": "SIT-CAM WFS — UsoDelSuelo:VPLA_V_CLASIFICACION (https://idem.comunidad.madrid/geosrvg/ows)", "fecha_dato": "2026-05-12", "ambito": "38587", "_raw_CD_SIGLAS": "SNUP_A", "_raw_DS_CLASIF_GEN": "Suelo No Urbanizable Protegido (APLAZADO)", "_raw_DS_CLASIF_DET": "Suelo No Urbanizable Parque Regional del Sureste Zona D", "_raw_DS_DOCU": "PLAN GENERAL", "_raw_DS_LEY": "CM Ley 9/1995, E RDL 1/1992, E RD 1346/1976", "_raw_FC_AC": "1999-01-14", "_raw_NM_AREA_M2": 31448.8017001388, "_cam_code": "014" }, "geometry": { "type": "Polygon", "coordinates": [ [ [ -3.4494, 40.2592 ], [ -3.449, 40.2593 ], [ -3.4482, 40.26 ], [ -3.4485, 40.2611 ], [ -3.4496, 40.2616 ], [ -3.4514, 40.2619 ], [ -3.4506, 40.2614 ], [ -3.4497, 40.2605 ], [ -3.4497, 40.26 ], [ -3.4495, 40.2598 ], [ -3.4494, 40.2594 ], [ -3.4494, 40.2592 ], [ -3.4495, 40.2592 ], [ -3.4494, 40.2592 ] ] ] } },
{ "type": "Feature", "properties": { "municipio": "Arganda del Rey", "clasificacion": "no-urbanizable-protegido", "calificacion": "sin-asignar", "version": "vigente", "fuente": "SIT-CAM WFS — UsoDelSuelo:VPLA_V_CLASIFICACION (https://idem.comunidad.madrid/geosrvg/ows)", "fecha_dato": "2026-05-12", "ambito": "38587", "_raw_CD_SIGLAS": "SNUP_A", "_raw_DS_CLASIF_GEN": "Suelo No Urbanizable Protegido (APLAZADO)", "_raw_DS_CLASIF_DET": "Suelo No Urbanizable Parque Regional del Sureste Zona D", "_raw_DS_DOCU": "PLAN GENERAL", "_raw_DS_LEY": "CM Ley 9/1995, E RDL 1/1992, E RD 1346/1976", "_raw_FC_AC": "1999-01-14", "_raw_NM_AREA_M2": 146.00557499838601, "_cam_code": "014" }, "geometry": { "type": "Polygon", "coordinates": [ [ [ -3.4689, 40.2615 ], [ -3.4688, 40.2615 ], [ -3.4688, 40.2618 ], [ -3.4689, 40.2617 ], [ -3.4689, 40.2615 ] ] ] } },
{ "type": "Feature", "properties": { "municipio": "Arganda del Rey", "clasificacion": "no-urbanizable-protegido", "calificacion": "sin-asignar", "version": "vigente", "fuente": "SIT-CAM WFS — UsoDelSuelo:VPLA_V_CLASIFICACION (https://idem.comunidad.madrid/geosrvg/ows)", "fecha_dato": "2026-05-12", "ambito": "38587", "_raw_CD_SIGLAS": "SNUP_A", "_raw_DS_CLASIF_GEN": "Suelo No Urbanizable Protegido (APLAZADO)", "_raw_DS_CLASIF_DET": "Suelo No Urbanizable Protección de Ferrocarril", "_raw_DS_DOCU": "PLAN GENERAL", "_raw_DS_LEY": "CM Ley 9/1995, E RDL 1/1992, E RD 1346/1976", "_raw_FC_AC": "1999-01-14", "_raw_NM_AREA_M2": 26463.236575057701, "_cam_code": "014" }, "geometry": { "type": "Polygon", "coordinates": [ [ [ -3.4628, 40.3219 ], [ -3.464, 40.322 ], [ -3.4641, 40.3221 ], [ -3.4653, 40.3221 ], [ -3.4673, 40.3218 ], [ -3.4673, 40.3217 ], [ -3.4684, 40.3214 ], [ -3.4703, 40.3204 ], [ -3.4705, 40.3204 ], [ -3.4706, 40.3201 ], [ -3.468, 40.3214 ], [ -3.4677, 40.3214 ], [ -3.4677, 40.3215 ], [ -3.4672, 40.3215 ], [ -3.4672, 40.3216 ], [ -3.466, 40.3218 ], [ -3.4637, 40.3218 ], [ -3.4615, 40.3213 ], [ -3.4601, 40.3206 ], [ -3.4591, 40.3199 ], [ -3.459, 40.3197 ], [ -3.4588, 40.3196 ], [ -3.4586, 40.3197 ], [ -3.4592, 40.3203 ], [ -3.4604, 40.3211 ], [ -3.4628, 40.3219 ] ] ] } },
{ "type": "Feature", "properties": { "municipio": "Arganda del Rey", "clasificacion": "no-urbanizable-protegido", "calificacion": "sin-asignar", "version": "vigente", "fuente": "SIT-CAM WFS — UsoDelSuelo:VPLA_V_CLASIFICACION (https://idem.comunidad.madrid/geosrvg/ows)", "fecha_dato": "2026-05-12", "ambito": "38587", "_raw_CD_SIGLAS": "SNUP_A", "_raw_DS_CLASIF_GEN": "Suelo No Urbanizable Protegido (APLAZADO)", "_raw_DS_CLASIF_DET": "Suelo No Urbanizable Parque Regional del Sureste Zona D", "_raw_DS_DOCU": "PLAN GENERAL", "_raw_DS_LEY": "CM Ley 9/1995, E RDL 1/1992, E RD 1346/1976", "_raw_FC_AC": "1999-01-14", "_raw_NM_AREA_M2": 153645.40331253599, "_cam_code": "014" }, "geometry": { "type": "Polygon", "coordinates": [ [ [ -3.4651, 40.3204 ], [ -3.4642, 40.3218 ], [ -3.466, 40.3218 ], [ -3.468, 40.3214 ], [ -3.4706, 40.3201 ], [ -3.4707, 40.3195 ], [ -3.471, 40.3194 ], [ -3.4746, 40.319 ], [ -3.4768, 40.3191 ], [ -3.4786, 40.3195 ], [ -3.4795, 40.3189 ], [ -3.4796, 40.3186 ], [ -3.4761, 40.3183 ], [ -3.4761, 40.3184 ], [ -3.4758, 40.3185 ], [ -3.4756, 40.3183 ], [ -3.4749, 40.3182 ], [ -3.471, 40.3182 ], [ -3.4701, 40.3185 ], [ -3.4684, 40.3194 ], [ -3.4679, 40.3203 ], [ -3.468, 40.3206 ], [ -3.4681, 40.3206 ], [ -3.468, 40.3211 ], [ -3.4666, 40.3205 ], [ -3.4663, 40.3202 ], [ -3.466, 40.3201 ], [ -3.4651, 40.3204 ] ] ] } },
{ "type": "Feature", "properties": { "municipio": "Arganda del Rey", "clasificacion": "no-urbanizable-protegido", "calificacion": "sin-asignar", "version": "vigente", "fuente": "SIT-CAM WFS — UsoDelSuelo:VPLA_V_CLASIFICACION (https://idem.comunidad.madrid/geosrvg/ows)", "fecha_dato": "2026-05-12", "ambito": "38587", "_raw_CD_SIGLAS": "SNUP_A", "_raw_DS_CLASIF_GEN": "Suelo No Urbanizable Protegido (APLAZADO)", "_raw_DS_CLASIF_DET": "Suelo No Urbanizable Protección de Caminos", "_raw_DS_DOCU": "PLAN GENERAL", "_raw_DS_LEY": "CM Ley 9/1995, E RDL 1/1992, E RD 1346/1976", "_raw_FC_AC": "1999-01-14", "_raw_NM_AREA_M2": 30140.989599976801, "_cam_code": "014" }, "geometry": { "type": "Polygon", "coordinates": [ [ [ -3.436, 40.3176 ], [ -3.4363, 40.3177 ], [ -3.4364, 40.3179 ], [ -3.4356, 40.3182 ], [ -3.4349, 40.3187 ], [ -3.4341, 40.3195 ], [ -3.433, 40.3198 ], [ -3.4329, 40.3204 ], [ -3.4321, 40.3213 ], [ -3.4321, 40.3218 ], [ -3.432, 40.3219 ], [ -3.4322, 40.3219 ], [ -3.4322, 40.3214 ], [ -3.433, 40.3204 ], [ -3.433, 40.3201 ], [ -3.4332, 40.3198 ], [ -3.434, 40.3197 ], [ -3.4353, 40.3185 ], [ -3.4365, 40.318 ], [ -3.4366, 40.3179 ], [ -3.4364, 40.3178 ], [ -3.4365, 40.3176 ], [ -3.4367, 40.3176 ], [ -3.4369, 40.3178 ], [ -3.4377, 40.3178 ], [ -3.4392, 40.3182 ], [ -3.4399, 40.3182 ], [ -3.4399, 40.3183 ], [ -3.4404, 40.3184 ], [ -3.4406, 40.3189 ], [ -3.4415, 40.32 ], [ -3.4426, 40.3203 ], [ -3.4426, 40.321 ], [ -3.4427, 40.3214 ], [ -3.4428, 40.3214 ], [ -3.4427, 40.3203 ], [ -3.4416, 40.3199 ], [ -3.4404, 40.3183 ], [ -3.4399, 40.3182 ], [ -3.4399, 40.3181 ], [ -3.4392, 40.3181 ], [ -3.4377, 40.3178 ], [ -3.4377, 40.3177 ], [ -3.4373, 40.3177 ], [ -3.4384, 40.3175 ], [ -3.4398, 40.3175 ], [ -3.4408, 40.3172 ], [ -3.4413, 40.3169 ], [ -3.4415, 40.317 ], [ -3.4421, 40.3179 ], [ -3.4423, 40.318 ], [ -3.4428, 40.319 ], [ -3.4436, 40.3201 ], [ -3.4441, 40.3207 ], [ -3.4444, 40.3208 ], [ -3.4435, 40.3198 ], [ -3.4434, 40.3195 ], [ -3.4432, 40.3194 ], [ -3.4425, 40.3181 ], [ -3.4415, 40.3169 ], [ -3.4415, 40.3166 ], [ -3.4416, 40.3166 ], [ -3.4415, 40.3162 ], [ -3.4417, 40.3161 ], [ -3.4415, 40.3161 ], [ -3.4414, 40.3158 ], [ -3.4411, 40.3155 ], [ -3.4414, 40.3162 ], [ -3.4414, 40.3168 ], [ -3.4412, 40.3168 ], [ -3.4408, 40.3171 ], [ -3.4397, 40.3174 ], [ -3.4375, 40.3175 ], [ -3.4371, 40.3177 ], [ -3.4369, 40.3177 ], [ -3.4367, 40.3175 ], [ -3.4365, 40.3175 ], [ -3.4365, 40.3176 ], [ -3.4351, 40.3175 ], [ -3.4316, 40.318 ], [ -3.4301, 40.318 ], [ -3.4301, 40.3181 ], [ -3.4316, 40.3181 ], [ -3.4349, 40.3176 ], [ -3.436, 40.3176 ] ] ] } },
{ "type": "Feature", "properties": { "municipio": "Arganda del Rey", "clasificacion": "no-urbanizable-protegido", "calificacion": "sin-asignar", "version": "vigente", "fuente": "SIT-CAM WFS — UsoDelSuelo:VPLA_V_CLASIFICACION (https://idem.comunidad.madrid/geosrvg/ows)", "fecha_dato": "2026-05-12", "ambito": "38587", "_raw_CD_SIGLAS": "SNUP_A", "_raw_DS_CLASIF_GEN": "Suelo No Urbanizable Protegido (APLAZADO)", "_raw_DS_CLASIF_DET": "Suelo No Urbanizable Protección de Cauces de Agua", "_raw_DS_DOCU": "PLAN GENERAL", "_raw_DS_LEY": "CM Ley 9/1995, E RDL 1/1992, E RD 1346/1976", "_raw_FC_AC": "1999-01-14", "_raw_NM_AREA_M2": 6402.2668625094902, "_cam_code": "014" }, "geometry": { "type": "Polygon", "coordinates": [ [ [ -3.4206, 40.3081 ], [ -3.4204, 40.3078 ], [ -3.4204, 40.3079 ], [ -3.4205, 40.3079 ], [ -3.4205, 40.3079 ], [ -3.4205, 40.3079 ], [ -3.4205, 40.3079 ], [ -3.4207, 40.308 ], [ -3.4209, 40.308 ], [ -3.4221, 40.3092 ], [ -3.4225, 40.3093 ], [ -3.4227, 40.3095 ], [ -3.4226, 40.3098 ], [ -3.4222, 40.3094 ], [ -3.4218, 40.3093 ], [ -3.4206, 40.3081 ] ] ] } },
{ "type": "Feature", "properties": { "municipio": "Arganda del Rey", "clasificacion": "no-urbanizable-protegido", "calificacion": "sin-asignar", "version": "vigente", "fuente": "SIT-CAM WFS — UsoDelSuelo:VPLA_V_CLASIFICACION (https://idem.comunidad.madrid/geosrvg/ows)", "fecha_dato": "2026-05-12", "ambito": "38587", "_raw_CD_SIGLAS": "SNUP_A", "_raw_DS_CLASIF_GEN": "Suelo No Urbanizable Protegido (APLAZADO)", "_raw_DS_CLASIF_DET": "Suelo No Urbanizable Protección de Caminos", "_raw_DS_DOCU": "PLAN GENERAL", "_raw_DS_LEY": "CM Ley 9/1995, E RDL 1/1992, E RD 1346/1976", "_raw_FC_AC": "1999-01-14", "_raw_NM_AREA_M2": 997.83949999718004, "_cam_code": "014" }, "geometry": { "type": "Polygon", "coordinates": [ [ [ -3.4124, 40.2819 ], [ -3.4136, 40.282 ], [ -3.4133, 40.2818 ], [ -3.4124, 40.2818 ], [ -3.4124, 40.2819 ] ] ] } },
{ "type": "Feature", "properties": { "municipio": "Arganda del Rey", "clasificacion": "no-urbanizable-protegido", "calificacion": "sin-asignar", "version": "vigente", "fuente": "SIT-CAM WFS — UsoDelSuelo:VPLA_V_CLASIFICACION (https://idem.comunidad.madrid/geosrvg/ows)", "fecha_dato": "2026-05-12", "ambito": "38587", "_raw_CD_SIGLAS": "SNUP_A", "_raw_DS_CLASIF_GEN": "Suelo No Urbanizable Protegido (APLAZADO)", "_raw_DS_CLASIF_DET": "Suelo No Urbanizable Protección de Cauces de Agua", "_raw_DS_DOCU": "PLAN GENERAL", "_raw_DS_LEY": "CM Ley 9/1995, E RDL 1/1992, E RD 1346/1976", "_raw_FC_AC": "1999-01-14", "_raw_NM_AREA_M2": 33246.731987470397, "_cam_code": "014" }, "geometry": { "type": "Polygon", "coordinates": [ [ [ -3.3838, 40.2991 ], [ -3.3832, 40.2997 ], [ -3.3835, 40.2998 ], [ -3.3837, 40.2995 ], [ -3.3844, 40.2991 ], [ -3.3854, 40.299 ], [ -3.3855, 40.2985 ], [ -3.3858, 40.2985 ], [ -3.3861, 40.2982 ], [ -3.3875, 40.2983 ], [ -3.3884, 40.2988 ], [ -3.3887, 40.2988 ], [ -3.3887, 40.2987 ], [ -3.3889, 40.2987 ], [ -3.3891, 40.2985 ], [ -3.3891, 40.2981 ], [ -3.3893, 40.2979 ], [ -3.3903, 40.2975 ], [ -3.391, 40.2974 ], [ -3.391, 40.2973 ], [ -3.3912, 40.2973 ], [ -3.3914, 40.2971 ], [ -3.3925, 40.297 ], [ -3.3929, 40.2967 ], [ -3.3942, 40.2969 ], [ -3.3952, 40.2965 ], [ -3.3966, 40.2964 ], [ -3.3959, 40.2962 ], [ -3.3956, 40.2963 ], [ -3.3953, 40.2962 ], [ -3.3953, 40.2963 ], [ -3.395, 40.2963 ], [ -3.3948, 40.2965 ], [ -3.3941, 40.2966 ], [ -3.3941, 40.2967 ], [ -3.3938, 40.2967 ], [ -3.3935, 40.2966 ], [ -3.3935, 40.2965 ], [ -3.3928, 40.2965 ], [ -3.3924, 40.2968 ], [ -3.3913, 40.2969 ], [ -3.3909, 40.2972 ], [ -3.3901, 40.2973 ], [ -3.3901, 40.2974 ], [ -3.389, 40.2978 ], [ -3.3889, 40.2981 ], [ -3.3888, 40.2981 ], [ -3.3888, 40.2985 ], [ -3.3881, 40.2984 ], [ -3.3881, 40.2983 ], [ -3.3877, 40.2982 ], [ -3.3877, 40.2981 ], [ -3.3859, 40.2979 ], [ -3.3858, 40.2982 ], [ -3.3854, 40.2983 ], [ -3.3852, 40.2985 ], [ -3.3851, 40.2989 ], [ -3.3844, 40.2988 ], [ -3.3838, 40.2991 ] ] ] } },
{ "type": "Feature", "properties": { "municipio": "Arganda del Rey", "clasificacion": "no-urbanizable-protegido", "calificacion": "sin-asignar", "version": "vigente", "fuente": "SIT-CAM WFS — UsoDelSuelo:VPLA_V_CLASIFICACION (https://idem.comunidad.madrid/geosrvg/ows)", "fecha_dato": "2026-05-12", "ambito": "38587", "_raw_CD_SIGLAS": "SNUP_A", "_raw_DS_CLASIF_GEN": "Suelo No Urbanizable Protegido (APLAZADO)", "_raw_DS_CLASIF_DET": "Suelo No Urbanizable Protección de Vegas", "_raw_DS_DOCU": "PLAN GENERAL", "_raw_DS_LEY": "CM Ley 9/1995, E RDL 1/1992, E RD 1346/1976", "_raw_FC_AC": "1999-01-14", "_raw_NM_AREA_M2": 271028.55641257699, "_cam_code": "014" }, "geometry": { "type": "Polygon", "coordinates": [ [ [ -3.3833, 40.2988 ], [ -3.3829, 40.2989 ], [ -3.3826, 40.2991 ], [ -3.3826, 40.2994 ], [ -3.3832, 40.2997 ], [ -3.3838, 40.2991 ], [ -3.3844, 40.2988 ], [ -3.3851, 40.2989 ], [ -3.3852, 40.2985 ], [ -3.3854, 40.2983 ], [ -3.3858, 40.2982 ], [ -3.3859, 40.2979 ], [ -3.3877, 40.2981 ], [ -3.3877, 40.2982 ], [ -3.3881, 40.2983 ], [ -3.3881, 40.2984 ], [ -3.3888, 40.2985 ], [ -3.3888, 40.2981 ], [ -3.3889, 40.2981 ], [ -3.389, 40.2978 ], [ -3.3901, 40.2974 ], [ -3.3901, 40.2973 ], [ -3.3909, 40.2972 ], [ -3.3913, 40.2969 ], [ -3.3924, 40.2968 ], [ -3.3928, 40.2965 ], [ -3.3935, 40.2965 ], [ -3.3935, 40.2966 ], [ -3.3938, 40.2967 ], [ -3.3941, 40.2967 ], [ -3.3941, 40.2966 ], [ -3.3953, 40.2963 ], [ -3.3953, 40.2962 ], [ -3.3956, 40.2963 ], [ -3.3959, 40.2962 ], [ -3.3959, 40.2962 ], [ -3.3957, 40.2962 ], [ -3.3955, 40.2962 ], [ -3.3953, 40.2962 ], [ -3.395, 40.2962 ], [ -3.3942, 40.2964 ], [ -3.3937, 40.2964 ], [ -3.3933, 40.2961 ], [ -3.3924, 40.2961 ], [ -3.392, 40.2962 ], [ -3.392, 40.2963 ], [ -3.3918, 40.2962 ], [ -3.3907, 40.2963 ], [ -3.3898, 40.296 ], [ -3.3893, 40.295 ], [ -3.3893, 40.2948 ], [ -3.3894, 40.2948 ], [ -3.3894, 40.2948 ], [ -3.3894, 40.2948 ], [ -3.3894, 40.2948 ], [ -3.3894, 40.2948 ], [ -3.3894, 40.2948 ], [ -3.3893, 40.2948 ], [ -3.3878, 40.2948 ], [ -3.3875, 40.295 ], [ -3.3868, 40.295 ], [ -3.3857, 40.2946 ], [ -3.3855, 40.2941 ], [ -3.3853, 40.294 ], [ -3.3852, 40.2944 ], [ -3.385, 40.2946 ], [ -3.3835, 40.2944 ], [ -3.3831, 40.2948 ], [ -3.3827, 40.2949 ], [ -3.3825, 40.2958 ], [ -3.3821, 40.2962 ], [ -3.3818, 40.2963 ], [ -3.3816, 40.2966 ], [ -3.3818, 40.2967 ], [ -3.3829, 40.2966 ], [ -3.3834, 40.297 ], [ -3.3836, 40.2977 ], [ -3.3835, 40.2977 ], [ -3.3833, 40.2983 ], [ -3.3833, 40.2988 ] ] ] } },
{ "type": "Feature", "properties": { "municipio": "Arganda del Rey", "clasificacion": "no-urbanizable-protegido", "calificacion": "sin-asignar", "version": "vigente", "fuente": "SIT-CAM WFS — UsoDelSuelo:VPLA_V_CLASIFICACION (https://idem.comunidad.madrid/geosrvg/ows)", "fecha_dato": "2026-05-12", "ambito": "38587", "_raw_CD_SIGLAS": "SNUP_A", "_raw_DS_CLASIF_GEN": "Suelo No Urbanizable Protegido (APLAZADO)", "_raw_DS_CLASIF_DET": "Suelo No Urbanizable Parque Regional del Sureste Zona D", "_raw_DS_DOCU": "PLAN GENERAL", "_raw_DS_LEY": "CM Ley 9/1995, E RDL 1/1992, E RD 1346/1976", "_raw_FC_AC": "1999-01-14", "_raw_NM_AREA_M2": 244219.85903739999, "_cam_code": "014" }, "geometry": { "type": "Polygon", "coordinates": [ [ [ -3.501, 40.2948 ], [ -3.5025, 40.2953 ], [ -3.506, 40.2987 ], [ -3.5077, 40.2991 ], [ -3.5082, 40.299 ], [ -3.5079, 40.2969 ], [ -3.5075, 40.2964 ], [ -3.507, 40.2954 ], [ -3.5064, 40.2937 ], [ -3.5063, 40.293 ], [ -3.5061, 40.293 ], [ -3.5058, 40.2926 ], [ -3.5043, 40.2926 ], [ -3.5043, 40.2927 ], [ -3.5036, 40.2928 ], [ -3.4998, 40.2942 ], [ -3.4999, 40.2945 ], [ -3.5004, 40.295 ], [ -3.501, 40.2948 ] ] ] } },
{ "type": "Feature", "properties": { "municipio": "Arganda del Rey", "clasificacion": "no-urbanizable-protegido", "calificacion": "sin-asignar", "version": "vigente", "fuente": "SIT-CAM WFS — UsoDelSuelo:VPLA_V_CLASIFICACION (https://idem.comunidad.madrid/geosrvg/ows)", "fecha_dato": "2026-05-12", "ambito": "38587", "_raw_CD_SIGLAS": "SNUP_A", "_raw_DS_CLASIF_GEN": "Suelo No Urbanizable Protegido (APLAZADO)", "_raw_DS_CLASIF_DET": "Suelo No Urbanizable Parque Regional del Sureste Zona D", "_raw_DS_DOCU": "PLAN GENERAL", "_raw_DS_LEY": "CM Ley 9/1995, E RDL 1/1992, E RD 1346/1976", "_raw_FC_AC": "1999-01-14", "_raw_NM_AREA_M2": 44738.999825059298, "_cam_code": "014" }, "geometry": { "type": "Polygon", "coordinates": [ [ [ -3.4501, 40.2724 ], [ -3.451, 40.2729 ], [ -3.452, 40.2737 ], [ -3.4524, 40.2742 ], [ -3.4546, 40.2731 ], [ -3.4541, 40.2724 ], [ -3.4527, 40.2725 ], [ -3.4527, 40.2724 ], [ -3.4514, 40.2721 ], [ -3.4505, 40.2721 ], [ -3.4501, 40.2724 ] ] ] } },
{ "type": "Feature", "properties": { "municipio": "Arganda del Rey", "clasificacion": "no-urbanizable-protegido", "calificacion": "sin-asignar", "version": "vigente", "fuente": "SIT-CAM WFS — UsoDelSuelo:VPLA_V_CLASIFICACION (https://idem.comunidad.madrid/geosrvg/ows)", "fecha_dato": "2026-05-12", "ambito": "38587", "_raw_CD_SIGLAS": "SNUP_A", "_raw_DS_CLASIF_GEN": "Suelo No Urbanizable Protegido (APLAZADO)", "_raw_DS_CLASIF_DET": "Suelo No Urbanizable Parque Regional del Sureste Zona E", "_raw_DS_DOCU": "PLAN GENERAL", "_raw_DS_LEY": "CM Ley 9/1995, E RDL 1/1992, E RD 1346/1976", "_raw_FC_AC": "1999-01-14", "_raw_NM_AREA_M2": 514312.74746252497, "_cam_code": "014" }, "geometry": { "type": "Polygon", "coordinates": [ [ [ -3.4579, 40.2722 ], [ -3.4595, 40.2727 ], [ -3.4609, 40.2734 ], [ -3.4614, 40.2735 ], [ -3.4623, 40.2727 ], [ -3.4634, 40.2726 ], [ -3.4642, 40.2719 ], [ -3.4658, 40.2715 ], [ -3.466, 40.2711 ], [ -3.4667, 40.2706 ], [ -3.4668, 40.2704 ], [ -3.4674, 40.2701 ], [ -3.4675, 40.2697 ], [ -3.4681, 40.2695 ], [ -3.4683, 40.2691 ], [ -3.4688, 40.2687 ], [ -3.4689, 40.2684 ], [ -3.4701, 40.2677 ], [ -3.4705, 40.2676 ], [ -3.4705, 40.2675 ], [ -3.471, 40.2674 ], [ -3.4721, 40.2669 ], [ -3.4724, 40.2673 ], [ -3.4725, 40.2672 ], [ -3.4734, 40.2673 ], [ -3.4737, 40.267 ], [ -3.4747, 40.267 ], [ -3.4749, 40.2671 ], [ -3.4753, 40.2667 ], [ -3.4725, 40.2641 ], [ -3.4725, 40.2639 ], [ -3.4726, 40.2639 ], [ -3.4729, 40.2632 ], [ -3.4718, 40.2629 ], [ -3.4704, 40.264 ], [ -3.4694, 40.2646 ], [ -3.4691, 40.2643 ], [ -3.4687, 40.2646 ], [ -3.4685, 40.2646 ], [ -3.4684, 40.2644 ], [ -3.4675, 40.2656 ], [ -3.467, 40.2661 ], [ -3.4659, 40.2668 ], [ -3.4659, 40.267 ], [ -3.4654, 40.2673 ], [ -3.4646, 40.2683 ], [ -3.4643, 40.2684 ], [ -3.4634, 40.2691 ], [ -3.4629, 40.2693 ], [ -3.4618, 40.2703 ], [ -3.46, 40.2707 ], [ -3.4583, 40.2714 ], [ -3.4573, 40.2716 ], [ -3.4579, 40.2722 ] ] ] } },
{ "type": "Feature", "properties": { "municipio": "Arganda del Rey", "clasificacion": "no-urbanizable-protegido", "calificacion": "sin-asignar", "version": "vigente", "fuente": "SIT-CAM WFS — UsoDelSuelo:VPLA_V_CLASIFICACION (https://idem.comunidad.madrid/geosrvg/ows)", "fecha_dato": "2026-05-12", "ambito": "38587", "_raw_CD_SIGLAS": "SNUP_A", "_raw_DS_CLASIF_GEN": "Suelo No Urbanizable Protegido (APLAZADO)", "_raw_DS_CLASIF_DET": "Suelo No Urbanizable Protección de Vegas", "_raw_DS_DOCU": "PLAN GENERAL", "_raw_DS_LEY": "CM Ley 9/1995, E RDL 1/1992, E RD 1346/1976", "_raw_FC_AC": "1999-01-14", "_raw_NM_AREA_M2": 79074.502000005494, "_cam_code": "014" }, "geometry": { "type": "Polygon", "coordinates": [ [ [ -3.4373, 40.3177 ], [ -3.4392, 40.3181 ], [ -3.4399, 40.3181 ], [ -3.4399, 40.3182 ], [ -3.4404, 40.3183 ], [ -3.4416, 40.3199 ], [ -3.4427, 40.3203 ], [ -3.4428, 40.3214 ], [ -3.444, 40.3211 ], [ -3.444, 40.321 ], [ -3.4443, 40.3209 ], [ -3.443, 40.3193 ], [ -3.4423, 40.318 ], [ -3.4421, 40.3179 ], [ -3.4414, 40.3169 ], [ -3.4398, 40.3175 ], [ -3.4384, 40.3175 ], [ -3.4373, 40.3177 ] ] ] } },
{ "type": "Feature", "properties": { "municipio": "Arganda del Rey", "clasificacion": "no-urbanizable-protegido", "calificacion": "sin-asignar", "version": "vigente", "fuente": "SIT-CAM WFS — UsoDelSuelo:VPLA_V_CLASIFICACION (https://idem.comunidad.madrid/geosrvg/ows)", "fecha_dato": "2026-05-12", "ambito": "38587", "_raw_CD_SIGLAS": "SNUP_A", "_raw_DS_CLASIF_GEN": "Suelo No Urbanizable Protegido (APLAZADO)", "_raw_DS_CLASIF_DET": "Suelo No Urbanizable Protección de Caminos", "_raw_DS_DOCU": "PLAN GENERAL", "_raw_DS_LEY": "CM Ley 9/1995, E RDL 1/1992, E RD 1346/1976", "_raw_FC_AC": "1999-01-14", "_raw_NM_AREA_M2": 12290.3601374471, "_cam_code": "014" }, "geometry": { "type": "Polygon", "coordinates": [ [ [ -3.497, 40.2952 ], [ -3.4954, 40.2956 ], [ -3.4954, 40.2957 ], [ -3.4952, 40.2957 ], [ -3.4952, 40.2958 ], [ -3.4941, 40.2964 ], [ -3.4934, 40.2965 ], [ -3.4934, 40.2966 ], [ -3.4929, 40.2966 ], [ -3.4921, 40.2969 ], [ -3.491, 40.2971 ], [ -3.489, 40.2973 ], [ -3.4867, 40.2977 ], [ -3.4846, 40.2989 ], [ -3.4837, 40.2991 ], [ -3.4838, 40.2992 ], [ -3.4846, 40.299 ], [ -3.4865, 40.2979 ], [ -3.4874, 40.2976 ], [ -3.4881, 40.2976 ], [ -3.4915, 40.2971 ], [ -3.4925, 40.2969 ], [ -3.4929, 40.2967 ], [ -3.4939, 40.2966 ], [ -3.4939, 40.2965 ], [ -3.4941, 40.2965 ], [ -3.4952, 40.2959 ], [ -3.4952, 40.2958 ], [ -3.4967, 40.2954 ], [ -3.497, 40.2953 ], [ -3.497, 40.2952 ] ] ] } },
{ "type": "Feature", "properties": { "municipio": "Arganda del Rey", "clasificacion": "no-urbanizable-protegido", "calificacion": "sin-asignar", "version": "vigente", "fuente": "SIT-CAM WFS — UsoDelSuelo:VPLA_V_CLASIFICACION (https://idem.comunidad.madrid/geosrvg/ows)", "fecha_dato": "2026-05-12", "ambito": "38587", "_raw_CD_SIGLAS": "SNUP_A", "_raw_DS_CLASIF_GEN": "Suelo No Urbanizable Protegido (APLAZADO)", "_raw_DS_CLASIF_DET": "Suelo No Urbanizable Protección de Vías Pecuarias", "_raw_DS_DOCU": "PLAN GENERAL", "_raw_DS_LEY": "CM Ley 9/1995, E RDL 1/1992, E RD 1346/1976", "_raw_FC_AC": "1999-01-14", "_raw_NM_AREA_M2": 21439.349487402698, "_cam_code": "014" }, "geometry": { "type": "Polygon", "coordinates": [ [ [ -3.5192, 40.2936 ], [ -3.5177, 40.2942 ], [ -3.5176, 40.2944 ], [ -3.5167, 40.2951 ], [ -3.5161, 40.2954 ], [ -3.5156, 40.296 ], [ -3.5148, 40.2964 ], [ -3.5148, 40.2965 ], [ -3.5138, 40.2967 ], [ -3.5138, 40.2968 ], [ -3.5128, 40.2971 ], [ -3.512, 40.2975 ], [ -3.5111, 40.2982 ], [ -3.5094, 40.2986 ], [ -3.5089, 40.2988 ], [ -3.5089, 40.299 ], [ -3.5096, 40.2988 ], [ -3.5096, 40.2987 ], [ -3.5114, 40.2983 ], [ -3.5122, 40.2976 ], [ -3.5132, 40.2971 ], [ -3.5152, 40.2965 ], [ -3.5152, 40.2964 ], [ -3.5158, 40.2961 ], [ -3.5163, 40.2955 ], [ -3.5169, 40.2952 ], [ -3.5176, 40.2945 ], [ -3.5183, 40.2942 ], [ -3.5183, 40.2941 ], [ -3.5193, 40.2938 ], [ -3.5192, 40.2936 ] ] ] } },
{ "type": "Feature", "properties": { "municipio": "Arganda del Rey", "clasificacion": "no-urbanizable-protegido", "calificacion": "sin-asignar", "version": "vigente", "fuente": "SIT-CAM WFS — UsoDelSuelo:VPLA_V_CLASIFICACION (https://idem.comunidad.madrid/geosrvg/ows)", "fecha_dato": "2026-05-12", "ambito": "38587", "_raw_CD_SIGLAS": "SNUP_A", "_raw_DS_CLASIF_GEN": "Suelo No Urbanizable Protegido (APLAZADO)", "_raw_DS_CLASIF_DET": "Suelo No Urbanizable Parque Regional del Sureste Zona D", "_raw_DS_DOCU": "PLAN GENERAL", "_raw_DS_LEY": "CM Ley 9/1995, E RDL 1/1992, E RD 1346/1976", "_raw_FC_AC": "1999-01-14", "_raw_NM_AREA_M2": 426440.71889997402, "_cam_code": "014" }, "geometry": { "type": "Polygon", "coordinates": [ [ [ -3.488, 40.2938 ], [ -3.4855, 40.2954 ], [ -3.4836, 40.2969 ], [ -3.4811, 40.2978 ], [ -3.4838, 40.2991 ], [ -3.4846, 40.2989 ], [ -3.4867, 40.2977 ], [ -3.491, 40.2971 ], [ -3.4921, 40.2969 ], [ -3.4929, 40.2966 ], [ -3.4934, 40.2966 ], [ -3.4934, 40.2965 ], [ -3.4941, 40.2964 ], [ -3.4952, 40.2958 ], [ -3.4952, 40.2957 ], [ -3.4954, 40.2957 ], [ -3.4954, 40.2956 ], [ -3.497, 40.2952 ], [ -3.496, 40.2942 ], [ -3.4958, 40.2937 ], [ -3.494, 40.2921 ], [ -3.4937, 40.2917 ], [ -3.4927, 40.2926 ], [ -3.491, 40.2933 ], [ -3.4908, 40.2935 ], [ -3.4895, 40.2939 ], [ -3.4887, 40.2938 ], [ -3.488, 40.2938 ] ] ] } },
{ "type": "Feature", "properties": { "municipio": "Arganda del Rey", "clasificacion": "no-urbanizable-protegido", "calificacion": "sin-asignar", "version": "vigente", "fuente": "SIT-CAM WFS — UsoDelSuelo:VPLA_V_CLASIFICACION (https://idem.comunidad.madrid/geosrvg/ows)", "fecha_dato": "2026-05-12", "ambito": "38587", "_raw_CD_SIGLAS": "SNUP_A", "_raw_DS_CLASIF_GEN": "Suelo No Urbanizable Protegido (APLAZADO)", "_raw_DS_CLASIF_DET": "Suelo No Urbanizable Parque Regional del Sureste Zona D", "_raw_DS_DOCU": "PLAN GENERAL", "_raw_DS_LEY": "CM Ley 9/1995, E RDL 1/1992, E RD 1346/1976", "_raw_FC_AC": "1999-01-14", "_raw_NM_AREA_M2": 81400.797537459206, "_cam_code": "014" }, "geometry": { "type": "Polygon", "coordinates": [ [ [ -3.4581, 40.2778 ], [ -3.4613, 40.2779 ], [ -3.4618, 40.2781 ], [ -3.4617, 40.2778 ], [ -3.4616, 40.2778 ], [ -3.4625, 40.2767 ], [ -3.462, 40.2766 ], [ -3.4617, 40.2763 ], [ -3.4619, 40.2748 ], [ -3.4611, 40.2745 ], [ -3.4611, 40.2744 ], [ -3.4597, 40.2752 ], [ -3.4592, 40.2758 ], [ -3.4592, 40.2762 ], [ -3.459, 40.2768 ], [ -3.4587, 40.2771 ], [ -3.4586, 40.2777 ], [ -3.4581, 40.2778 ] ] ] } },
{ "type": "Feature", "properties": { "municipio": "Arganda del Rey", "clasificacion": "no-urbanizable-protegido", "calificacion": "sin-asignar", "version": "vigente", "fuente": "SIT-CAM WFS — UsoDelSuelo:VPLA_V_CLASIFICACION (https://idem.comunidad.madrid/geosrvg/ows)", "fecha_dato": "2026-05-12", "ambito": "38587", "_raw_CD_SIGLAS": "SNUP_A", "_raw_DS_CLASIF_GEN": "Suelo No Urbanizable Protegido (APLAZADO)", "_raw_DS_CLASIF_DET": "Suelo No Urbanizable Parque Regional del Sureste Zona E", "_raw_DS_DOCU": "PLAN GENERAL", "_raw_DS_LEY": "CM Ley 9/1995, E RDL 1/1992, E RD 1346/1976", "_raw_FC_AC": "1999-01-14", "_raw_NM_AREA_M2": 651919.27281240199, "_cam_code": "014" }, "geometry": { "type": "Polygon", "coordinates": [ [ [ -3.4719, 40.2737 ], [ -3.4714, 40.2744 ], [ -3.4714, 40.2751 ], [ -3.4719, 40.2761 ], [ -3.4724, 40.2766 ], [ -3.4735, 40.2771 ], [ -3.474, 40.2766 ], [ -3.4739, 40.2761 ], [ -3.4742, 40.2756 ], [ -3.4744, 40.2755 ], [ -3.4747, 40.2745 ], [ -3.4749, 40.2743 ], [ -3.4752, 40.2743 ], [ -3.4752, 40.2742 ], [ -3.4756, 40.2741 ], [ -3.4768, 40.2742 ], [ -3.4781, 40.2734 ], [ -3.479, 40.2733 ], [ -3.4797, 40.2731 ], [ -3.4799, 40.2729 ], [ -3.4813, 40.273 ], [ -3.4821, 40.2734 ], [ -3.4834, 40.2736 ], [ -3.4834, 40.2737 ], [ -3.4846, 40.2744 ], [ -3.4846, 40.2746 ], [ -3.4852, 40.2748 ], [ -3.4853, 40.2752 ], [ -3.4857, 40.2752 ], [ -3.4868, 40.2759 ], [ -3.4875, 40.276 ], [ -3.4873, 40.2756 ], [ -3.4865, 40.2756 ], [ -3.4863, 40.2752 ], [ -3.4854, 40.2748 ], [ -3.4853, 40.2746 ], [ -3.4851, 40.2746 ], [ -3.4852, 40.2743 ], [ -3.4847, 40.2737 ], [ -3.4853, 40.2733 ], [ -3.4855, 40.2733 ], [ -3.4855, 40.2732 ], [ -3.4861, 40.2731 ], [ -3.4867, 40.2735 ], [ -3.4869, 40.2735 ], [ -3.4869, 40.2736 ], [ -3.4872, 40.2736 ], [ -3.4872, 40.2737 ], [ -3.4879, 40.2736 ], [ -3.488, 40.2733 ], [ -3.4878, 40.2731 ], [ -3.4877, 40.2725 ], [ -3.4879, 40.2725 ], [ -3.4881, 40.2722 ], [ -3.4876, 40.2719 ], [ -3.4875, 40.2715 ], [ -3.487, 40.2715 ], [ -3.4869, 40.2713 ], [ -3.4866, 40.2713 ], [ -3.4861, 40.2719 ], [ -3.4856, 40.2719 ], [ -3.4856, 40.2717 ], [ -3.4853, 40.2715 ], [ -3.4854, 40.2711 ], [ -3.4849, 40.2709 ], [ -3.4842, 40.271 ], [ -3.4842, 40.2711 ], [ -3.4839, 40.2712 ], [ -3.4829, 40.2711 ], [ -3.4832, 40.271 ], [ -3.4832, 40.2705 ], [ -3.4823, 40.27 ], [ -3.4823, 40.2699 ], [ -3.4833, 40.2697 ], [ -3.4835, 40.2695 ], [ -3.4832, 40.2691 ], [ -3.483, 40.2691 ], [ -3.483, 40.2687 ], [ -3.4828, 40.2685 ], [ -3.4834, 40.2687 ], [ -3.4834, 40.2686 ], [ -3.4836, 40.2686 ], [ -3.4838, 40.2684 ], [ -3.4838, 40.2682 ], [ -3.4836, 40.268 ], [ -3.483, 40.268 ], [ -3.483, 40.2679 ], [ -3.4824, 40.2677 ], [ -3.4823, 40.2675 ], [ -3.4815, 40.2672 ], [ -3.4819, 40.267 ], [ -3.4819, 40.2669 ], [ -3.4823, 40.2668 ], [ -3.4824, 40.2667 ], [ -3.4823, 40.2664 ], [ -3.4817, 40.2665 ], [ -3.4817, 40.2664 ], [ -3.4812, 40.2663 ], [ -3.4812, 40.2662 ], [ -3.4792, 40.2663 ], [ -3.4791, 40.2665 ], [ -3.478, 40.2665 ], [ -3.4772, 40.2672 ], [ -3.4772, 40.2673 ], [ -3.4773, 40.2672 ], [ -3.4778, 40.2673 ], [ -3.4779, 40.2679 ], [ -3.4778, 40.2686 ], [ -3.4782, 40.269 ], [ -3.4772, 40.269 ], [ -3.4757, 40.2713 ], [ -3.4753, 40.2717 ], [ -3.4748, 40.2719 ], [ -3.4745, 40.2723 ], [ -3.4739, 40.2724 ], [ -3.473, 40.2728 ], [ -3.4725, 40.2734 ], [ -3.4719, 40.2737 ] ] ] } },
{ "type": "Feature", "properties": { "municipio": "Arganda del Rey", "clasificacion": "no-urbanizable-protegido", "calificacion": "sin-asignar", "version": "vigente", "fuente": "SIT-CAM WFS — UsoDelSuelo:VPLA_V_CLASIFICACION (https://idem.comunidad.madrid/geosrvg/ows)", "fecha_dato": "2026-05-12", "ambito": "38587", "_raw_CD_SIGLAS": "SNUP_A", "_raw_DS_CLASIF_GEN": "Suelo No Urbanizable Protegido (APLAZADO)", "_raw_DS_CLASIF_DET": "Suelo No Urbanizable Parque Regional del Sureste Zona B", "_raw_DS_DOCU": "PLAN GENERAL", "_raw_DS_LEY": "CM Ley 9/1995, E RDL 1/1992, E RD 1346/1976", "_raw_FC_AC": "1999-01-14", "_raw_NM_AREA_M2": 27418.338337486999, "_cam_code": "014" }, "geometry": { "type": "Polygon", "coordinates": [ [ [ -3.4283, 40.2751 ], [ -3.4275, 40.2752 ], [ -3.4275, 40.2753 ], [ -3.4265, 40.2754 ], [ -3.4265, 40.2755 ], [ -3.426, 40.2755 ], [ -3.4259, 40.2756 ], [ -3.4261, 40.2764 ], [ -3.4276, 40.2773 ], [ -3.4275, 40.2772 ], [ -3.4276, 40.2772 ], [ -3.4276, 40.2767 ], [ -3.428, 40.2763 ], [ -3.4281, 40.2754 ], [ -3.4283, 40.2752 ], [ -3.4283, 40.2751 ] ] ] } },
{ "type": "Feature", "properties": { "municipio": "Arganda del Rey", "clasificacion": "no-urbanizable-protegido", "calificacion": "sin-asignar", "version": "vigente", "fuente": "SIT-CAM WFS — UsoDelSuelo:VPLA_V_CLASIFICACION (https://idem.comunidad.madrid/geosrvg/ows)", "fecha_dato": "2026-05-12", "ambito": "38587", "_raw_CD_SIGLAS": "SNUP_A", "_raw_DS_CLASIF_GEN": "Suelo No Urbanizable Protegido (APLAZADO)", "_raw_DS_CLASIF_DET": "Suelo No Urbanizable Protección de Vegas", "_raw_DS_DOCU": "PLAN GENERAL", "_raw_DS_LEY": "CM Ley 9/1995, E RDL 1/1992, E RD 1346/1976", "_raw_FC_AC": "1999-01-14", "_raw_NM_AREA_M2": 15781.6161249993, "_cam_code": "014" }, "geometry": { "type": "Polygon", "coordinates": [ [ [ -3.4209, 40.308 ], [ -3.4215, 40.3087 ], [ -3.4217, 40.3087 ], [ -3.4221, 40.3092 ], [ -3.4225, 40.3093 ], [ -3.4226, 40.3095 ], [ -3.4233, 40.3092 ], [ -3.4233, 40.309 ], [ -3.4228, 40.3087 ], [ -3.4225, 40.3084 ], [ -3.4224, 40.3081 ], [ -3.422, 40.308 ], [ -3.4214, 40.308 ], [ -3.4214, 40.3081 ], [ -3.4209, 40.308 ] ] ] } },
{ "type": "Feature", "properties": { "municipio": "Arganda del Rey", "clasificacion": "no-urbanizable-protegido", "calificacion": "sin-asignar", "version": "vigente", "fuente": "SIT-CAM WFS — UsoDelSuelo:VPLA_V_CLASIFICACION (https://idem.comunidad.madrid/geosrvg/ows)", "fecha_dato": "2026-05-12", "ambito": "38587", "_raw_CD_SIGLAS": "SNUP_A", "_raw_DS_CLASIF_GEN": "Suelo No Urbanizable Protegido (APLAZADO)", "_raw_DS_CLASIF_DET": "Suelo No Urbanizable Protección de Vías Pecuarias", "_raw_DS_DOCU": "PLAN GENERAL", "_raw_DS_LEY": "CM Ley 9/1995, E RDL 1/1992, E RD 1346/1976", "_raw_FC_AC": "1999-01-14", "_raw_NM_AREA_M2": 111475.36994946899, "_cam_code": "014" }, "geometry": { "type": "Polygon", "coordinates": [ [ [ -3.5047, 40.3064 ], [ -3.5048, 40.3072 ], [ -3.5049, 40.3072 ], [ -3.5053, 40.3081 ], [ -3.5053, 40.3084 ], [ -3.505, 40.3087 ], [ -3.5049, 40.3091 ], [ -3.5052, 40.3091 ], [ -3.5052, 40.3088 ], [ -3.5054, 40.3087 ], [ -3.5056, 40.3082 ], [ -3.5055, 40.3082 ], [ -3.5055, 40.308 ], [ -3.5052, 40.3076 ], [ -3.5051, 40.3071 ], [ -3.505, 40.3071 ], [ -3.5048, 40.306 ], [ -3.5051, 40.3053 ], [ -3.5051, 40.3049 ], [ -3.5052, 40.3049 ], [ -3.5056, 40.304 ], [ -3.5058, 40.3029 ], [ -3.5068, 40.3014 ], [ -3.5062, 40.3013 ], [ -3.5062, 40.3012 ], [ -3.5059, 40.3011 ], [ -3.5069, 40.3008 ], [ -3.5077, 40.3 ], [ -3.5077, 40.2998 ], [ -3.5082, 40.2992 ], [ -3.5082, 40.299 ], [ -3.5079, 40.2991 ], [ -3.5074, 40.3 ], [ -3.5068, 40.3006 ], [ -3.5063, 40.3007 ], [ -3.5063, 40.3008 ], [ -3.5055, 40.3011 ], [ -3.505, 40.3012 ], [ -3.5035, 40.3011 ], [ -3.5025, 40.3009 ], [ -3.5025, 40.3008 ], [ -3.5015, 40.3005 ], [ -3.5002, 40.2994 ], [ -3.4998, 40.2987 ], [ -3.4996, 40.2986 ], [ -3.4995, 40.2983 ], [ -3.4985, 40.2971 ], [ -3.498, 40.2961 ], [ -3.4967, 40.2945 ], [ -3.4962, 40.2941 ], [ -3.496, 40.2936 ], [ -3.4942, 40.292 ], [ -3.4936, 40.2913 ], [ -3.4917, 40.2897 ], [ -3.4903, 40.2889 ], [ -3.4884, 40.2872 ], [ -3.4873, 40.2866 ], [ -3.487, 40.2862 ], [ -3.4856, 40.2854 ], [ -3.485, 40.2848 ], [ -3.4841, 40.2842 ], [ -3.4834, 40.284 ], [ -3.4816, 40.2831 ], [ -3.4811, 40.2828 ], [ -3.4805, 40.2822 ], [ -3.4801, 40.2821 ], [ -3.4799, 40.2819 ], [ -3.4793, 40.2819 ], [ -3.4793, 40.2818 ], [ -3.479, 40.2817 ], [ -3.4786, 40.2819 ], [ -3.4787, 40.282 ], [ -3.479, 40.2819 ], [ -3.4798, 40.2821 ], [ -3.4799, 40.2823 ], [ -3.4803, 40.2823 ], [ -3.4813, 40.2832 ], [ -3.4841, 40.2844 ], [ -3.4843, 40.2846 ], [ -3.4845, 40.2846 ], [ -3.4855, 40.2856 ], [ -3.4857, 40.2856 ], [ -3.4858, 40.2858 ], [ -3.486, 40.2858 ], [ -3.486, 40.2859 ], [ -3.4868, 40.2863 ], [ -3.4871, 40.2867 ], [ -3.4882, 40.2873 ], [ -3.4899, 40.2888 ], [ -3.4924, 40.2905 ], [ -3.4958, 40.2937 ], [ -3.496, 40.2942 ], [ -3.4971, 40.2953 ], [ -3.4979, 40.2966 ], [ -3.4981, 40.2967 ], [ -3.4983, 40.2972 ], [ -3.4996, 40.2988 ], [ -3.5, 40.2995 ], [ -3.5013, 40.3006 ], [ -3.5022, 40.3009 ], [ -3.5022, 40.301 ], [ -3.5035, 40.3012 ], [ -3.5035, 40.3013 ], [ -3.505, 40.3014 ], [ -3.505, 40.3013 ], [ -3.5056, 40.3012 ], [ -3.5056, 40.3013 ], [ -3.5065, 40.3015 ], [ -3.5057, 40.3026 ], [ -3.5056, 40.303 ], [ -3.5055, 40.303 ], [ -3.5054, 40.3039 ], [ -3.5051, 40.3047 ], [ -3.5049, 40.3048 ], [ -3.5045, 40.3063 ], [ -3.5042, 40.3066 ], [ -3.5034, 40.3068 ], [ -3.5031, 40.3066 ], [ -3.5016, 40.3064 ], [ -3.5006, 40.3064 ], [ -3.4993, 40.3066 ], [ -3.4993, 40.3067 ], [ -3.4987, 40.3068 ], [ -3.4943, 40.3088 ], [ -3.4945, 40.3089 ], [ -3.4953, 40.3086 ], [ -3.4973, 40.3076 ], [ -3.4989, 40.307 ], [ -3.4989, 40.3069 ], [ -3.4997, 40.3068 ], [ -3.4997, 40.3067 ], [ -3.5018, 40.3066 ], [ -3.5037, 40.307 ], [ -3.5044, 40.3067 ], [ -3.5046, 40.3064 ], [ -3.5047, 40.3064 ] ] ] } },
{ "type": "Feature", "properties": { "municipio": "Arganda del Rey", "clasificacion": "no-urbanizable-protegido", "calificacion": "sin-asignar", "version": "vigente", "fuente": "SIT-CAM WFS — UsoDelSuelo:VPLA_V_CLASIFICACION (https://idem.comunidad.madrid/geosrvg/ows)", "fecha_dato": "2026-05-12", "ambito": "38587", "_raw_CD_SIGLAS": "SNUP_A", "_raw_DS_CLASIF_GEN": "Suelo No Urbanizable Protegido (APLAZADO)", "_raw_DS_CLASIF_DET": "Suelo No Urbanizable Protección de Vías Pecuarias", "_raw_DS_DOCU": "PLAN GENERAL", "_raw_DS_LEY": "CM Ley 9/1995, E RDL 1/1992, E RD 1346/1976", "_raw_FC_AC": "1999-01-14", "_raw_NM_AREA_M2": 219140.72466240599, "_cam_code": "014" }, "geometry": { "type": "Polygon", "coordinates": [ [ [ -3.478, 40.2593 ], [ -3.4787, 40.26 ], [ -3.4797, 40.2603 ], [ -3.4801, 40.2609 ], [ -3.4807, 40.2625 ], [ -3.4819, 40.2634 ], [ -3.4825, 40.2636 ], [ -3.4827, 40.2638 ], [ -3.4828, 40.2649 ], [ -3.4831, 40.2656 ], [ -3.4845, 40.267 ], [ -3.4858, 40.2677 ], [ -3.4868, 40.2687 ], [ -3.4879, 40.2692 ], [ -3.4917, 40.2736 ], [ -3.4921, 40.2736 ], [ -3.4921, 40.2737 ], [ -3.4932, 40.2742 ], [ -3.4945, 40.2754 ], [ -3.4951, 40.2757 ], [ -3.4961, 40.2767 ], [ -3.4973, 40.2774 ], [ -3.4978, 40.278 ], [ -3.4979, 40.2784 ], [ -3.4992, 40.28 ], [ -3.4994, 40.2807 ], [ -3.4995, 40.2822 ], [ -3.4997, 40.2827 ], [ -3.5, 40.283 ], [ -3.5007, 40.2843 ], [ -3.5008, 40.2843 ], [ -3.5008, 40.2845 ], [ -3.5009, 40.2845 ], [ -3.5018, 40.2859 ], [ -3.5037, 40.2895 ], [ -3.5049, 40.291 ], [ -3.5059, 40.2925 ], [ -3.506, 40.2929 ], [ -3.5063, 40.293 ], [ -3.5064, 40.2937 ], [ -3.507, 40.2954 ], [ -3.5079, 40.297 ], [ -3.5079, 40.2966 ], [ -3.5076, 40.2962 ], [ -3.5067, 40.294 ], [ -3.5065, 40.293 ], [ -3.5062, 40.2928 ], [ -3.5054, 40.2913 ], [ -3.504, 40.2895 ], [ -3.5029, 40.2874 ], [ -3.5024, 40.2867 ], [ -3.5017, 40.2852 ], [ -3.501, 40.2844 ], [ -3.501, 40.2842 ], [ -3.5009, 40.2842 ], [ -3.5002, 40.2829 ], [ -3.4998, 40.2824 ], [ -3.4997, 40.2821 ], [ -3.4997, 40.2808 ], [ -3.4996, 40.2808 ], [ -3.4995, 40.2805 ], [ -3.4994, 40.2799 ], [ -3.4981, 40.2783 ], [ -3.498, 40.2779 ], [ -3.4975, 40.2773 ], [ -3.4966, 40.2768 ], [ -3.4965, 40.2766 ], [ -3.4963, 40.2766 ], [ -3.4954, 40.2757 ], [ -3.4946, 40.2752 ], [ -3.4935, 40.2742 ], [ -3.4923, 40.2735 ], [ -3.4921, 40.2735 ], [ -3.4921, 40.2734 ], [ -3.4916, 40.2733 ], [ -3.4907, 40.272 ], [ -3.4898, 40.2712 ], [ -3.4897, 40.2709 ], [ -3.4883, 40.2693 ], [ -3.4877, 40.2688 ], [ -3.4869, 40.2685 ], [ -3.4859, 40.2675 ], [ -3.4857, 40.2675 ], [ -3.4852, 40.2671 ], [ -3.4848, 40.267 ], [ -3.4832, 40.2653 ], [ -3.483, 40.2648 ], [ -3.4831, 40.2642 ], [ -3.4829, 40.2637 ], [ -3.4811, 40.2627 ], [ -3.48, 40.2603 ], [ -3.4789, 40.2599 ], [ -3.4781, 40.2591 ], [ -3.4768, 40.2592 ], [ -3.4763, 40.2595 ], [ -3.4762, 40.259 ], [ -3.4753, 40.2587 ], [ -3.4749, 40.2587 ], [ -3.4744, 40.259 ], [ -3.474, 40.2596 ], [ -3.4738, 40.2604 ], [ -3.4735, 40.2607 ], [ -3.4729, 40.2608 ], [ -3.4729, 40.2607 ], [ -3.4727, 40.2607 ], [ -3.4723, 40.2604 ], [ -3.4717, 40.2604 ], [ -3.4711, 40.261 ], [ -3.4703, 40.261 ], [ -3.4702, 40.2611 ], [ -3.4692, 40.261 ], [ -3.4688, 40.2614 ], [ -3.468, 40.2614 ], [ -3.4664, 40.262 ], [ -3.4659, 40.2618 ], [ -3.4659, 40.2617 ], [ -3.4654, 40.2617 ], [ -3.4651, 40.2614 ], [ -3.4642, 40.2612 ], [ -3.464, 40.261 ], [ -3.464, 40.2609 ], [ -3.4643, 40.2608 ], [ -3.4644, 40.2604 ], [ -3.4644, 40.2591 ], [ -3.4641, 40.2587 ], [ -3.4639, 40.2587 ], [ -3.4639, 40.2586 ], [ -3.4632, 40.2582 ], [ -3.4632, 40.258 ], [ -3.4631, 40.258 ], [ -3.4636, 40.2575 ], [ -3.4636, 40.2571 ], [ -3.4635, 40.2568 ], [ -3.4633, 40.2566 ], [ -3.4631, 40.2566 ], [ -3.4634, 40.2573 ], [ -3.4629, 40.2578 ], [ -3.4629, 40.2581 ], [ -3.4632, 40.2585 ], [ -3.464, 40.2589 ], [ -3.4642, 40.2592 ], [ -3.4642, 40.2603 ], [ -3.4639, 40.2608 ], [ -3.4634, 40.2602 ], [ -3.4631, 40.2601 ], [ -3.4631, 40.26 ], [ -3.4628, 40.26 ], [ -3.462, 40.2604 ], [ -3.4616, 40.2608 ], [ -3.4614, 40.2608 ], [ -3.4613, 40.2606 ], [ -3.4607, 40.2606 ], [ -3.4602, 40.2608 ], [ -3.4602, 40.2609 ], [ -3.4596, 40.261 ], [ -3.4581, 40.2621 ], [ -3.4573, 40.2621 ], [ -3.457, 40.262 ], [ -3.457, 40.2619 ], [ -3.4565, 40.262 ], [ -3.4559, 40.262 ], [ -3.4556, 40.2618 ], [ -3.4547, 40.2618 ], [ -3.4546, 40.2619 ], [ -3.4542, 40.2608 ], [ -3.4538, 40.2605 ], [ -3.4533, 40.2604 ], [ -3.4527, 40.2596 ], [ -3.4525, 40.2596 ], [ -3.4522, 40.2593 ], [ -3.4513, 40.2588 ], [ -3.4513, 40.2587 ], [ -3.4509, 40.2586 ], [ -3.4502, 40.2587 ], [ -3.4501, 40.2589 ], [ -3.451, 40.2588 ], [ -3.451, 40.2589 ], [ -3.4512, 40.2589 ], [ -3.4526, 40.2598 ], [ -3.4531, 40.2605 ], [ -3.454, 40.2609 ], [ -3.4541, 40.2613 ], [ -3.4543, 40.2615 ], [ -3.4544, 40.262 ], [ -3.454, 40.2621 ], [ -3.4538, 40.2623 ], [ -3.4538, 40.2625 ], [ -3.4527, 40.2634 ], [ -3.4521, 40.2635 ], [ -3.4518, 40.2638 ], [ -3.4523, 40.2636 ], [ -3.4527, 40.2636 ], [ -3.4531, 40.2632 ], [ -3.4539, 40.2627 ], [ -3.4541, 40.2623 ], [ -3.4551, 40.2619 ], [ -3.4556, 40.262 ], [ -3.4556, 40.2621 ], [ -3.4559, 40.2622 ], [ -3.4569, 40.2621 ], [ -3.457, 40.2622 ], [ -3.4581, 40.2623 ], [ -3.4584, 40.2622 ], [ -3.4592, 40.2615 ], [ -3.4594, 40.2615 ], [ -3.4597, 40.2611 ], [ -3.4605, 40.261 ], [ -3.4605, 40.2609 ], [ -3.4607, 40.2609 ], [ -3.4609, 40.2607 ], [ -3.4616, 40.261 ], [ -3.462, 40.2608 ], [ -3.4621, 40.2605 ], [ -3.4628, 40.2602 ], [ -3.4632, 40.2603 ], [ -3.4637, 40.2609 ], [ -3.4633, 40.2611 ], [ -3.4629, 40.2617 ], [ -3.4628, 40.2622 ], [ -3.463, 40.2633 ], [ -3.4632, 40.2635 ], [ -3.4631, 40.2636 ], [ -3.4632, 40.265 ], [ -3.463, 40.265 ], [ -3.4628, 40.2648 ], [ -3.4625, 40.2648 ], [ -3.4625, 40.2649 ], [ -3.4622, 40.265 ], [ -3.4609, 40.2663 ], [ -3.4608, 40.2666 ], [ -3.4604, 40.2667 ], [ -3.4596, 40.2675 ], [ -3.4595, 40.2678 ], [ -3.4594, 40.2678 ], [ -3.4594, 40.2682 ], [ -3.4593, 40.2682 ], [ -3.4593, 40.2703 ], [ -3.4592, 40.2703 ], [ -3.4592, 40.2705 ], [ -3.4587, 40.271 ], [ -3.458, 40.2713 ], [ -3.4573, 40.2714 ], [ -3.4573, 40.2715 ], [ -3.4566, 40.2719 ], [ -3.4557, 40.2723 ], [ -3.4543, 40.2733 ], [ -3.4539, 40.2734 ], [ -3.4537, 40.2736 ], [ -3.4535, 40.2736 ], [ -3.4524, 40.2742 ], [ -3.4526, 40.2744 ], [ -3.4528, 40.2742 ], [ -3.4545, 40.2734 ], [ -3.4559, 40.2724 ], [ -3.4573, 40.2716 ], [ -3.4583, 40.2714 ], [ -3.4591, 40.271 ], [ -3.4592, 40.2707 ], [ -3.4595, 40.2704 ], [ -3.4595, 40.2701 ], [ -3.4596, 40.2701 ], [ -3.4595, 40.2684 ], [ -3.4597, 40.2678 ], [ -3.4625, 40.265 ], [ -3.4627, 40.265 ], [ -3.4629, 40.2652 ], [ -3.4634, 40.2651 ], [ -3.4635, 40.2644 ], [ -3.4633, 40.264 ], [ -3.4634, 40.2634 ], [ -3.4633, 40.2634 ], [ -3.4632, 40.2627 ], [ -3.463, 40.2623 ], [ -3.4631, 40.2623 ], [ -3.4632, 40.2617 ], [ -3.4636, 40.2611 ], [ -3.4638, 40.2611 ], [ -3.4644, 40.2615 ], [ -3.4651, 40.2616 ], [ -3.4652, 40.2618 ], [ -3.4659, 40.2619 ], [ -3.4659, 40.262 ], [ -3.4663, 40.2621 ], [ -3.4663, 40.2622 ], [ -3.4666, 40.2622 ], [ -3.4671, 40.2619 ], [ -3.4675, 40.2619 ], [ -3.4679, 40.2616 ], [ -3.4681, 40.2616 ], [ -3.4681, 40.2615 ], [ -3.4688, 40.2616 ], [ -3.4692, 40.2612 ], [ -3.4697, 40.2613 ], [ -3.4711, 40.2612 ], [ -3.4718, 40.2606 ], [ -3.4723, 40.2606 ], [ -3.4726, 40.2609 ], [ -3.4735, 40.2609 ], [ -3.474, 40.2605 ], [ -3.4741, 40.2599 ], [ -3.4746, 40.2591 ], [ -3.475, 40.2589 ], [ -3.4761, 40.2592 ], [ -3.4761, 40.2596 ], [ -3.4765, 40.2596 ], [ -3.4768, 40.2594 ], [ -3.478, 40.2593 ] ] ] } },
{ "type": "Feature", "properties": { "municipio": "Arganda del Rey", "clasificacion": "no-urbanizable-protegido", "calificacion": "sin-asignar", "version": "vigente", "fuente": "SIT-CAM WFS — UsoDelSuelo:VPLA_V_CLASIFICACION (https://idem.comunidad.madrid/geosrvg/ows)", "fecha_dato": "2026-05-12", "ambito": "38587", "_raw_CD_SIGLAS": "SNUP_A", "_raw_DS_CLASIF_GEN": "Suelo No Urbanizable Protegido (APLAZADO)", "_raw_DS_CLASIF_DET": "Suelo No Urbanizable Protección de Caminos", "_raw_DS_DOCU": "PLAN GENERAL", "_raw_DS_LEY": "CM Ley 9/1995, E RDL 1/1992, E RD 1346/1976", "_raw_FC_AC": "1999-01-14", "_raw_NM_AREA_M2": 14022.937587562699, "_cam_code": "014" }, "geometry": { "type": "Polygon", "coordinates": [ [ [ -3.4902, 40.289 ], [ -3.4897, 40.2894 ], [ -3.4887, 40.2897 ], [ -3.4887, 40.2898 ], [ -3.488, 40.2901 ], [ -3.488, 40.2902 ], [ -3.4867, 40.2907 ], [ -3.4867, 40.2908 ], [ -3.4858, 40.2912 ], [ -3.4858, 40.2913 ], [ -3.4856, 40.2913 ], [ -3.4846, 40.2922 ], [ -3.4837, 40.2937 ], [ -3.4826, 40.2947 ], [ -3.4822, 40.2949 ], [ -3.4821, 40.2951 ], [ -3.4819, 40.2951 ], [ -3.4819, 40.2952 ], [ -3.4806, 40.2957 ], [ -3.4806, 40.2958 ], [ -3.4804, 40.2958 ], [ -3.48, 40.296 ], [ -3.48, 40.2961 ], [ -3.4798, 40.2961 ], [ -3.4798, 40.2962 ], [ -3.4778, 40.297 ], [ -3.4784, 40.2969 ], [ -3.4798, 40.2963 ], [ -3.4806, 40.2958 ], [ -3.4808, 40.2958 ], [ -3.4808, 40.2957 ], [ -3.4813, 40.2956 ], [ -3.4813, 40.2955 ], [ -3.4821, 40.2952 ], [ -3.4838, 40.2937 ], [ -3.4842, 40.293 ], [ -3.4844, 40.2929 ], [ -3.4847, 40.2922 ], [ -3.4858, 40.2913 ], [ -3.486, 40.2913 ], [ -3.4867, 40.2908 ], [ -3.488, 40.2903 ], [ -3.488, 40.2902 ], [ -3.4892, 40.2896 ], [ -3.4897, 40.2895 ], [ -3.4901, 40.2891 ], [ -3.4903, 40.2891 ], [ -3.4902, 40.289 ] ] ] } },
{ "type": "Feature", "properties": { "municipio": "Arganda del Rey", "clasificacion": "no-urbanizable-protegido", "calificacion": "sin-asignar", "version": "vigente", "fuente": "SIT-CAM WFS — UsoDelSuelo:VPLA_V_CLASIFICACION (https://idem.comunidad.madrid/geosrvg/ows)", "fecha_dato": "2026-05-12", "ambito": "38587", "_raw_CD_SIGLAS": "SNUP_A", "_raw_DS_CLASIF_GEN": "Suelo No Urbanizable Protegido (APLAZADO)", "_raw_DS_CLASIF_DET": "Suelo No Urbanizable Parque Regional del Sureste Zona D", "_raw_DS_DOCU": "PLAN GENERAL", "_raw_DS_LEY": "CM Ley 9/1995, E RDL 1/1992, E RD 1346/1976", "_raw_FC_AC": "1999-01-14", "_raw_NM_AREA_M2": 55988.004349902098, "_cam_code": "014" }, "geometry": { "type": "Polygon", "coordinates": [ [ [ -3.5107, 40.3137 ], [ -3.5109, 40.3163 ], [ -3.5126, 40.3168 ], [ -3.5124, 40.3163 ], [ -3.5128, 40.316 ], [ -3.513, 40.3152 ], [ -3.513, 40.3149 ], [ -3.5127, 40.3143 ], [ -3.5122, 40.3138 ], [ -3.512, 40.3138 ], [ -3.5119, 40.3136 ], [ -3.5105, 40.3128 ], [ -3.5107, 40.3137 ] ] ] } },
{ "type": "Feature", "properties": { "municipio": "Arganda del Rey", "clasificacion": "no-urbanizable-protegido", "calificacion": "sin-asignar", "version": "vigente", "fuente": "SIT-CAM WFS — UsoDelSuelo:VPLA_V_CLASIFICACION (https://idem.comunidad.madrid/geosrvg/ows)", "fecha_dato": "2026-05-12", "ambito": "38587", "_raw_CD_SIGLAS": "SNUP_A", "_raw_DS_CLASIF_GEN": "Suelo No Urbanizable Protegido (APLAZADO)", "_raw_DS_CLASIF_DET": "Suelo No Urbanizable Protección de Vegas", "_raw_DS_DOCU": "PLAN GENERAL", "_raw_DS_LEY": "CM Ley 9/1995, E RDL 1/1992, E RD 1346/1976", "_raw_FC_AC": "1999-01-14", "_raw_NM_AREA_M2": 91930.022225006003, "_cam_code": "014" }, "geometry": { "type": "Polygon", "coordinates": [ [ [ -3.4227, 40.3098 ], [ -3.4227, 40.3099 ], [ -3.4224, 40.31 ], [ -3.4224, 40.3102 ], [ -3.4227, 40.3104 ], [ -3.4229, 40.3111 ], [ -3.4236, 40.3113 ], [ -3.4246, 40.3124 ], [ -3.4251, 40.3126 ], [ -3.4254, 40.3129 ], [ -3.4259, 40.313 ], [ -3.4265, 40.3135 ], [ -3.4267, 40.3135 ], [ -3.4271, 40.3139 ], [ -3.4272, 40.3146 ], [ -3.4274, 40.3147 ], [ -3.4274, 40.3157 ], [ -3.4275, 40.3157 ], [ -3.4274, 40.3157 ], [ -3.4274, 40.316 ], [ -3.4273, 40.316 ], [ -3.4274, 40.3161 ], [ -3.4278, 40.3163 ], [ -3.4283, 40.3161 ], [ -3.4294, 40.3152 ], [ -3.4301, 40.3148 ], [ -3.4292, 40.3144 ], [ -3.429, 40.3141 ], [ -3.4285, 40.3139 ], [ -3.4283, 40.3136 ], [ -3.4281, 40.3136 ], [ -3.4278, 40.3132 ], [ -3.4276, 40.3132 ], [ -3.4275, 40.313 ], [ -3.4273, 40.313 ], [ -3.427, 40.3127 ], [ -3.4266, 40.3126 ], [ -3.4265, 40.3124 ], [ -3.4263, 40.3124 ], [ -3.4259, 40.312 ], [ -3.4255, 40.3119 ], [ -3.4252, 40.3115 ], [ -3.4244, 40.3111 ], [ -3.4238, 40.3105 ], [ -3.4232, 40.3103 ], [ -3.4227, 40.3098 ] ] ] } },
{ "type": "Feature", "properties": { "municipio": "Arganda del Rey", "clasificacion": "no-urbanizable-protegido", "calificacion": "sin-asignar", "version": "vigente", "fuente": "SIT-CAM WFS — UsoDelSuelo:VPLA_V_CLASIFICACION (https://idem.comunidad.madrid/geosrvg/ows)", "fecha_dato": "2026-05-12", "ambito": "38587", "_raw_CD_SIGLAS": "SNUP_A", "_raw_DS_CLASIF_GEN": "Suelo No Urbanizable Protegido (APLAZADO)", "_raw_DS_CLASIF_DET": "Suelo No Urbanizable Protección de Caminos", "_raw_DS_DOCU": "PLAN GENERAL", "_raw_DS_LEY": "CM Ley 9/1995, E RDL 1/1992, E RD 1346/1976", "_raw_FC_AC": "1999-01-14", "_raw_NM_AREA_M2": 20579.2260249582, "_cam_code": "014" }, "geometry": { "type": "Polygon", "coordinates": [ [ [ -3.4068, 40.2938 ], [ -3.4053, 40.2943 ], [ -3.405, 40.2946 ], [ -3.4055, 40.2943 ], [ -3.4067, 40.2939 ], [ -3.4075, 40.2941 ], [ -3.4081, 40.2944 ], [ -3.4088, 40.2944 ], [ -3.4093, 40.2939 ], [ -3.4097, 40.2938 ], [ -3.41, 40.2938 ], [ -3.4102, 40.2938 ], [ -3.4103, 40.2938 ], [ -3.4104, 40.2938 ], [ -3.4107, 40.2938 ], [ -3.4107, 40.2938 ], [ -3.4107, 40.2938 ], [ -3.4108, 40.2938 ], [ -3.4108, 40.2938 ], [ -3.4109, 40.2938 ], [ -3.4111, 40.2938 ], [ -3.4113, 40.2938 ], [ -3.4124, 40.2935 ], [ -3.4123, 40.2934 ], [ -3.4114, 40.2936 ], [ -3.4111, 40.2938 ], [ -3.411, 40.2937 ], [ -3.4094, 40.2938 ], [ -3.4087, 40.2943 ], [ -3.4082, 40.2943 ], [ -3.4076, 40.294 ], [ -3.4068, 40.2939 ], [ -3.4072, 40.2936 ], [ -3.4071, 40.2931 ], [ -3.4069, 40.2931 ], [ -3.4068, 40.2929 ], [ -3.4066, 40.2929 ], [ -3.406, 40.2925 ], [ -3.4058, 40.292 ], [ -3.4057, 40.292 ], [ -3.4057, 40.2916 ], [ -3.4061, 40.2912 ], [ -3.4072, 40.2911 ], [ -3.408, 40.2914 ], [ -3.4082, 40.2916 ], [ -3.4087, 40.2917 ], [ -3.4089, 40.2919 ], [ -3.4095, 40.2919 ], [ -3.4105, 40.2923 ], [ -3.4096, 40.2918 ], [ -3.409, 40.2918 ], [ -3.4082, 40.2913 ], [ -3.4083, 40.29 ], [ -3.4087, 40.2892 ], [ -3.409, 40.2889 ], [ -3.409, 40.2887 ], [ -3.4087, 40.2886 ], [ -3.4089, 40.2888 ], [ -3.4082, 40.2898 ], [ -3.4081, 40.2903 ], [ -3.408, 40.2911 ], [ -3.4081, 40.2912 ], [ -3.4081, 40.2913 ], [ -3.4082, 40.2915 ], [ -3.4081, 40.2913 ], [ -3.4075, 40.2912 ], [ -3.4072, 40.291 ], [ -3.4049, 40.2911 ], [ -3.4049, 40.291 ], [ -3.4042, 40.2907 ], [ -3.4037, 40.2909 ], [ -3.4032, 40.2908 ], [ -3.4032, 40.2909 ], [ -3.4035, 40.2909 ], [ -3.4035, 40.291 ], [ -3.4043, 40.2908 ], [ -3.4043, 40.2909 ], [ -3.4049, 40.2911 ], [ -3.4049, 40.2912 ], [ -3.405, 40.2912 ], [ -3.4051, 40.2912 ], [ -3.4052, 40.2912 ], [ -3.4052, 40.2912 ], [ -3.4054, 40.2912 ], [ -3.4057, 40.2912 ], [ -3.4059, 40.2912 ], [ -3.4056, 40.2914 ], [ -3.4056, 40.292 ], [ -3.4058, 40.2924 ], [ -3.4062, 40.2928 ], [ -3.4069, 40.2931 ], [ -3.4071, 40.2933 ], [ -3.4071, 40.2935 ], [ -3.4068, 40.2938 ] ] ] } },
{ "type": "Feature", "properties": { "municipio": "Arganda del Rey", "clasificacion": "no-urbanizable-protegido", "calificacion": "sin-asignar", "version": "vigente", "fuente": "SIT-CAM WFS — UsoDelSuelo:VPLA_V_CLASIFICACION (https://idem.comunidad.madrid/geosrvg/ows)", "fecha_dato": "2026-05-12", "ambito": "38587", "_raw_CD_SIGLAS": "SNUP_A", "_raw_DS_CLASIF_GEN": "Suelo No Urbanizable Protegido (APLAZADO)", "_raw_DS_CLASIF_DET": "Suelo No Urbanizable Protección de Caminos", "_raw_DS_DOCU": "PLAN GENERAL", "_raw_DS_LEY": "CM Ley 9/1995, E RDL 1/1992, E RD 1346/1976", "_raw_FC_AC": "1999-01-14", "_raw_NM_AREA_M2": 8618.4365749554509, "_cam_code": "014" }, "geometry": { "type": "Polygon", "coordinates": [ [ [ -3.5032, 40.2884 ], [ -3.5026, 40.2886 ], [ -3.5017, 40.2891 ], [ -3.5001, 40.2895 ], [ -3.4984, 40.2902 ], [ -3.4981, 40.2902 ], [ -3.4977, 40.2905 ], [ -3.4965, 40.2909 ], [ -3.4949, 40.2916 ], [ -3.494, 40.2918 ], [ -3.4941, 40.2919 ], [ -3.4946, 40.2918 ], [ -3.4946, 40.2917 ], [ -3.4957, 40.2914 ], [ -3.4989, 40.29 ], [ -3.5017, 40.2892 ], [ -3.5024, 40.2888 ], [ -3.5031, 40.2886 ], [ -3.5032, 40.2884 ] ] ] } },
{ "type": "Feature", "properties": { "municipio": "Arganda del Rey", "clasificacion": "no-urbanizable-protegido", "calificacion": "sin-asignar", "version": "vigente", "fuente": "SIT-CAM WFS — UsoDelSuelo:VPLA_V_CLASIFICACION (https://idem.comunidad.madrid/geosrvg/ows)", "fecha_dato": "2026-05-12", "ambito": "38587", "_raw_CD_SIGLAS": "SNUP_A", "_raw_DS_CLASIF_GEN": "Suelo No Urbanizable Protegido (APLAZADO)", "_raw_DS_CLASIF_DET": "Suelo No Urbanizable Parque Regional del Sureste Zona D", "_raw_DS_DOCU": "PLAN GENERAL", "_raw_DS_LEY": "CM Ley 9/1995, E RDL 1/1992, E RD 1346/1976", "_raw_FC_AC": "1999-01-14", "_raw_NM_AREA_M2": 623514.34031264903, "_cam_code": "014" }, "geometry": { "type": "Polygon", "coordinates": [ [ [ -3.5006, 40.2874 ], [ -3.4977, 40.2883 ], [ -3.4925, 40.2904 ], [ -3.4936, 40.2913 ], [ -3.494, 40.2918 ], [ -3.4949, 40.2916 ], [ -3.4992, 40.2898 ], [ -3.5017, 40.2891 ], [ -3.5032, 40.2884 ], [ -3.5021, 40.2866 ], [ -3.5018, 40.2859 ], [ -3.5006, 40.2841 ], [ -3.4973, 40.2845 ], [ -3.4973, 40.2846 ], [ -3.4956, 40.2846 ], [ -3.4933, 40.2848 ], [ -3.4933, 40.2849 ], [ -3.4918, 40.2856 ], [ -3.4903, 40.2861 ], [ -3.4893, 40.2869 ], [ -3.4885, 40.2873 ], [ -3.4898, 40.2885 ], [ -3.4906, 40.289 ], [ -3.4932, 40.2877 ], [ -3.4935, 40.2877 ], [ -3.4954, 40.2868 ], [ -3.4989, 40.2856 ], [ -3.499, 40.2857 ], [ -3.4965, 40.2865 ], [ -3.4937, 40.2877 ], [ -3.493, 40.2879 ], [ -3.4928, 40.2881 ], [ -3.4919, 40.2884 ], [ -3.4906, 40.2891 ], [ -3.4917, 40.2897 ], [ -3.4924, 40.2903 ], [ -3.4976, 40.2882 ], [ -3.5004, 40.2873 ], [ -3.5006, 40.2873 ], [ -3.5006, 40.2874 ] ] ] } },
{ "type": "Feature", "properties": { "municipio": "Arganda del Rey", "clasificacion": "no-urbanizable-protegido", "calificacion": "sin-asignar", "version": "vigente", "fuente": "SIT-CAM WFS — UsoDelSuelo:VPLA_V_CLASIFICACION (https://idem.comunidad.madrid/geosrvg/ows)", "fecha_dato": "2026-05-12", "ambito": "38587", "_raw_CD_SIGLAS": "SNUP_A", "_raw_DS_CLASIF_GEN": "Suelo No Urbanizable Protegido (APLAZADO)", "_raw_DS_CLASIF_DET": "Suelo No Urbanizable Parque Regional del Sureste Zona D", "_raw_DS_DOCU": "PLAN GENERAL", "_raw_DS_LEY": "CM Ley 9/1995, E RDL 1/1992, E RD 1346/1976", "_raw_FC_AC": "1999-01-14", "_raw_NM_AREA_M2": 1631387.95173751, "_cam_code": "014" }, "geometry": { "type": "Polygon", "coordinates": [ [ [ -3.5039, 40.2827 ], [ -3.5037, 40.2827 ], [ -3.5033, 40.283 ], [ -3.503, 40.2831 ], [ -3.503, 40.2832 ], [ -3.5008, 40.284 ], [ -3.5017, 40.2852 ], [ -3.5022, 40.2863 ], [ -3.5026, 40.2864 ], [ -3.5028, 40.2863 ], [ -3.5068, 40.2861 ], [ -3.5063, 40.2814 ], [ -3.5058, 40.2811 ], [ -3.5058, 40.2805 ], [ -3.5061, 40.2802 ], [ -3.5051, 40.2793 ], [ -3.5039, 40.2774 ], [ -3.5039, 40.2768 ], [ -3.502, 40.2766 ], [ -3.5019, 40.276 ], [ -3.5017, 40.276 ], [ -3.5005, 40.2753 ], [ -3.4995, 40.2737 ], [ -3.4987, 40.2732 ], [ -3.4987, 40.2726 ], [ -3.4982, 40.2721 ], [ -3.4975, 40.2718 ], [ -3.497, 40.2718 ], [ -3.4952, 40.2711 ], [ -3.494, 40.2713 ], [ -3.493, 40.2711 ], [ -3.4917, 40.2696 ], [ -3.4917, 40.2685 ], [ -3.4907, 40.2684 ], [ -3.4898, 40.2679 ], [ -3.4896, 40.2674 ], [ -3.4892, 40.2669 ], [ -3.489, 40.2661 ], [ -3.4886, 40.2654 ], [ -3.4884, 40.2647 ], [ -3.4868, 40.2634 ], [ -3.4861, 40.2613 ], [ -3.4861, 40.2605 ], [ -3.4854, 40.2595 ], [ -3.4851, 40.2597 ], [ -3.4846, 40.2597 ], [ -3.4842, 40.2593 ], [ -3.4826, 40.2588 ], [ -3.4818, 40.2582 ], [ -3.4813, 40.2581 ], [ -3.4813, 40.258 ], [ -3.48, 40.258 ], [ -3.48, 40.2579 ], [ -3.4796, 40.2578 ], [ -3.4796, 40.2577 ], [ -3.4792, 40.2576 ], [ -3.4792, 40.2575 ], [ -3.4789, 40.2575 ], [ -3.4789, 40.2574 ], [ -3.4763, 40.257 ], [ -3.4758, 40.2566 ], [ -3.4756, 40.2561 ], [ -3.475, 40.256 ], [ -3.4741, 40.2563 ], [ -3.4735, 40.2569 ], [ -3.4733, 40.2569 ], [ -3.473, 40.2572 ], [ -3.4734, 40.2577 ], [ -3.4735, 40.2581 ], [ -3.4734, 40.2583 ], [ -3.4725, 40.2585 ], [ -3.4722, 40.2587 ], [ -3.472, 40.2596 ], [ -3.4718, 40.2598 ], [ -3.4701, 40.26 ], [ -3.4701, 40.2604 ], [ -3.47, 40.2604 ], [ -3.4698, 40.2609 ], [ -3.4689, 40.2608 ], [ -3.469, 40.2612 ], [ -3.4692, 40.261 ], [ -3.4695, 40.2611 ], [ -3.4711, 40.261 ], [ -3.4717, 40.2604 ], [ -3.4723, 40.2604 ], [ -3.4727, 40.2607 ], [ -3.4729, 40.2607 ], [ -3.4729, 40.2608 ], [ -3.4735, 40.2607 ], [ -3.4738, 40.2604 ], [ -3.474, 40.2596 ], [ -3.4744, 40.259 ], [ -3.4749, 40.2587 ], [ -3.4753, 40.2587 ], [ -3.4762, 40.259 ], [ -3.4763, 40.2595 ], [ -3.4768, 40.2592 ], [ -3.4781, 40.2591 ], [ -3.4789, 40.2599 ], [ -3.4799, 40.2602 ], [ -3.4803, 40.2608 ], [ -3.481, 40.2626 ], [ -3.4829, 40.2637 ], [ -3.4831, 40.2642 ], [ -3.483, 40.2648 ], [ -3.4832, 40.2653 ], [ -3.4848, 40.267 ], [ -3.485, 40.267 ], [ -3.4855, 40.2674 ], [ -3.4859, 40.2675 ], [ -3.4869, 40.2685 ], [ -3.4877, 40.2688 ], [ -3.4883, 40.2693 ], [ -3.4897, 40.2709 ], [ -3.4898, 40.2712 ], [ -3.4907, 40.272 ], [ -3.4916, 40.2733 ], [ -3.4921, 40.2734 ], [ -3.4921, 40.2735 ], [ -3.4923, 40.2735 ], [ -3.4935, 40.2742 ], [ -3.4946, 40.2752 ], [ -3.4954, 40.2757 ], [ -3.4963, 40.2766 ], [ -3.4965, 40.2766 ], [ -3.4966, 40.2768 ], [ -3.4975, 40.2773 ], [ -3.498, 40.2779 ], [ -3.4981, 40.2783 ], [ -3.4994, 40.2799 ], [ -3.4995, 40.2805 ], [ -3.4996, 40.2808 ], [ -3.4997, 40.2808 ], [ -3.4997, 40.2821 ], [ -3.4998, 40.2824 ], [ -3.5008, 40.2839 ], [ -3.503, 40.2831 ], [ -3.503, 40.283 ], [ -3.5032, 40.283 ], [ -3.5032, 40.2829 ], [ -3.5042, 40.2824 ], [ -3.5039, 40.2827 ] ] ] } },
{ "type": "Feature", "properties": { "municipio": "Arganda del Rey", "clasificacion": "no-urbanizable-protegido", "calificacion": "sin-asignar", "version": "vigente", "fuente": "SIT-CAM WFS — UsoDelSuelo:VPLA_V_CLASIFICACION (https://idem.comunidad.madrid/geosrvg/ows)", "fecha_dato": "2026-05-12", "ambito": "38587", "_raw_CD_SIGLAS": "SNUP_A", "_raw_DS_CLASIF_GEN": "Suelo No Urbanizable Protegido (APLAZADO)", "_raw_DS_CLASIF_DET": "Suelo No Urbanizable Protección de Caminos", "_raw_DS_DOCU": "PLAN GENERAL", "_raw_DS_LEY": "CM Ley 9/1995, E RDL 1/1992, E RD 1346/1976", "_raw_FC_AC": "1999-01-14", "_raw_NM_AREA_M2": 4908.7053374946399, "_cam_code": "014" }, "geometry": { "type": "Polygon", "coordinates": [ [ [ -3.4502, 40.2865 ], [ -3.4504, 40.2865 ], [ -3.4509, 40.2861 ], [ -3.4508, 40.2841 ], [ -3.4507, 40.2833 ], [ -3.4506, 40.2833 ], [ -3.4505, 40.283 ], [ -3.4506, 40.2823 ], [ -3.4505, 40.2822 ], [ -3.4504, 40.2831 ], [ -3.4505, 40.2834 ], [ -3.4506, 40.2834 ], [ -3.4507, 40.2841 ], [ -3.4507, 40.2849 ], [ -3.4506, 40.285 ], [ -3.4508, 40.2853 ], [ -3.4508, 40.286 ], [ -3.4507, 40.2862 ], [ -3.4502, 40.2865 ] ] ] } },
{ "type": "Feature", "properties": { "municipio": "Arganda del Rey", "clasificacion": "no-urbanizable-protegido", "calificacion": "sin-asignar", "version": "vigente", "fuente": "SIT-CAM WFS — UsoDelSuelo:VPLA_V_CLASIFICACION (https://idem.comunidad.madrid/geosrvg/ows)", "fecha_dato": "2026-05-12", "ambito": "38587", "_raw_CD_SIGLAS": "SNUP_A", "_raw_DS_CLASIF_GEN": "Suelo No Urbanizable Protegido (APLAZADO)", "_raw_DS_CLASIF_DET": "Suelo No Urbanizable Protección de Caminos", "_raw_DS_DOCU": "PLAN GENERAL", "_raw_DS_LEY": "CM Ley 9/1995, E RDL 1/1992, E RD 1346/1976", "_raw_FC_AC": "1999-01-14", "_raw_NM_AREA_M2": 3532.68798778575, "_cam_code": "014" }, "geometry": { "type": "Polygon", "coordinates": [ [ [ -3.5116, 40.2853 ], [ -3.508, 40.2859 ], [ -3.5076, 40.286 ], [ -3.5076, 40.2861 ], [ -3.5116, 40.2853 ] ] ] } },
{ "type": "Feature", "properties": { "municipio": "Arganda del Rey", "clasificacion": "no-urbanizable-protegido", "calificacion": "sin-asignar", "version": "vigente", "fuente": "SIT-CAM WFS — UsoDelSuelo:VPLA_V_CLASIFICACION (https://idem.comunidad.madrid/geosrvg/ows)", "fecha_dato": "2026-05-12", "ambito": "38587", "_raw_CD_SIGLAS": "SNUP_A", "_raw_DS_CLASIF_GEN": "Suelo No Urbanizable Protegido (APLAZADO)", "_raw_DS_CLASIF_DET": "Suelo No Urbanizable Protección de Caminos", "_raw_DS_DOCU": "PLAN GENERAL", "_raw_DS_LEY": "CM Ley 9/1995, E RDL 1/1992, E RD 1346/1976", "_raw_FC_AC": "1999-01-14", "_raw_NM_AREA_M2": 1157.3229500011701, "_cam_code": "014" }, "geometry": { "type": "Polygon", "coordinates": [ [ [ -3.4028, 40.2863 ], [ -3.4033, 40.2864 ], [ -3.4041, 40.2864 ], [ -3.404, 40.2863 ], [ -3.4027, 40.2862 ], [ -3.4027, 40.2862 ], [ -3.4027, 40.2862 ], [ -3.4027, 40.2862 ], [ -3.4027, 40.2862 ], [ -3.4027, 40.2862 ], [ -3.4027, 40.2862 ], [ -3.4027, 40.2862 ], [ -3.4027, 40.2862 ], [ -3.4027, 40.2862 ], [ -3.4027, 40.2862 ], [ -3.4027, 40.2864 ], [ -3.4028, 40.2863 ] ] ] } },
{ "type": "Feature", "properties": { "municipio": "Arganda del Rey", "clasificacion": "no-urbanizable-protegido", "calificacion": "sin-asignar", "version": "vigente", "fuente": "SIT-CAM WFS — UsoDelSuelo:VPLA_V_CLASIFICACION (https://idem.comunidad.madrid/geosrvg/ows)", "fecha_dato": "2026-05-12", "ambito": "38587", "_raw_CD_SIGLAS": "SNUP_A", "_raw_DS_CLASIF_GEN": "Suelo No Urbanizable Protegido (APLAZADO)", "_raw_DS_CLASIF_DET": "Suelo No Urbanizable Parque Regional del Sureste Zona D", "_raw_DS_DOCU": "PLAN GENERAL", "_raw_DS_LEY": "CM Ley 9/1995, E RDL 1/1992, E RD 1346/1976", "_raw_FC_AC": "1999-01-14", "_raw_NM_AREA_M2": 92927.864424675499, "_cam_code": "014" }, "geometry": { "type": "Polygon", "coordinates": [ [ [ -3.5072, 40.2813 ], [ -3.5071, 40.2817 ], [ -3.5075, 40.2859 ], [ -3.5076, 40.286 ], [ -3.5116, 40.2853 ], [ -3.5072, 40.2813 ] ] ] } },
{ "type": "Feature", "properties": { "municipio": "Arganda del Rey", "clasificacion": "no-urbanizable-protegido", "calificacion": "sin-asignar", "version": "vigente", "fuente": "SIT-CAM WFS — UsoDelSuelo:VPLA_V_CLASIFICACION (https://idem.comunidad.madrid/geosrvg/ows)", "fecha_dato": "2026-05-12", "ambito": "38587", "_raw_CD_SIGLAS": "SNUP_A", "_raw_DS_CLASIF_GEN": "Suelo No Urbanizable Protegido (APLAZADO)", "_raw_DS_CLASIF_DET": "Suelo No Urbanizable Parque Regional del Sureste Zona D", "_raw_DS_DOCU": "PLAN GENERAL", "_raw_DS_LEY": "CM Ley 9/1995, E RDL 1/1992, E RD 1346/1976", "_raw_FC_AC": "1999-01-14", "_raw_NM_AREA_M2": 29053.2977750758, "_cam_code": "014" }, "geometry": { "type": "Polygon", "coordinates": [ [ [ -3.4717, 40.3313 ], [ -3.471, 40.3329 ], [ -3.4703, 40.3342 ], [ -3.4702, 40.3342 ], [ -3.4702, 40.3346 ], [ -3.47, 40.335 ], [ -3.47, 40.3357 ], [ -3.4712, 40.3383 ], [ -3.4718, 40.338 ], [ -3.4708, 40.3363 ], [ -3.4705, 40.3353 ], [ -3.4705, 40.3343 ], [ -3.4715, 40.3325 ], [ -3.4721, 40.3311 ], [ -3.4717, 40.331 ], [ -3.4717, 40.3313 ] ] ] } },
{ "type": "Feature", "properties": { "municipio": "Arganda del Rey", "clasificacion": "no-urbanizable-protegido", "calificacion": "sin-asignar", "version": "vigente", "fuente": "SIT-CAM WFS — UsoDelSuelo:VPLA_V_CLASIFICACION (https://idem.comunidad.madrid/geosrvg/ows)", "fecha_dato": "2026-05-12", "ambito": "38587", "_raw_CD_SIGLAS": "SNUP_A", "_raw_DS_CLASIF_GEN": "Suelo No Urbanizable Protegido (APLAZADO)", "_raw_DS_CLASIF_DET": "Suelo No Urbanizable Protección de Caminos", "_raw_DS_DOCU": "PLAN GENERAL", "_raw_DS_LEY": "CM Ley 9/1995, E RDL 1/1992, E RD 1346/1976", "_raw_FC_AC": "1999-01-14", "_raw_NM_AREA_M2": 3610.1921375134302, "_cam_code": "014" }, "geometry": { "type": "Polygon", "coordinates": [ [ [ -3.4606, 40.3308 ], [ -3.4605, 40.3309 ], [ -3.4606, 40.331 ], [ -3.4606, 40.3315 ], [ -3.4605, 40.3315 ], [ -3.4605, 40.3331 ], [ -3.4604, 40.3331 ], [ -3.4604, 40.3334 ], [ -3.4605, 40.3337 ], [ -3.4608, 40.334 ], [ -3.4606, 40.3337 ], [ -3.4606, 40.3316 ], [ -3.4607, 40.3315 ], [ -3.4607, 40.3309 ], [ -3.4608, 40.3309 ], [ -3.4606, 40.3308 ] ] ] } },
{ "type": "Feature", "properties": { "municipio": "Arganda del Rey", "clasificacion": "no-urbanizable-protegido", "calificacion": "sin-asignar", "version": "vigente", "fuente": "SIT-CAM WFS — UsoDelSuelo:VPLA_V_CLASIFICACION (https://idem.comunidad.madrid/geosrvg/ows)", "fecha_dato": "2026-05-12", "ambito": "38587", "_raw_CD_SIGLAS": "SNUP_A", "_raw_DS_CLASIF_GEN": "Suelo No Urbanizable Protegido (APLAZADO)", "_raw_DS_CLASIF_DET": "Suelo No Urbanizable Protección de Vegas", "_raw_DS_DOCU": "PLAN GENERAL", "_raw_DS_LEY": "CM Ley 9/1995, E RDL 1/1992, E RD 1346/1976", "_raw_FC_AC": "1999-01-14", "_raw_NM_AREA_M2": 6654.3878625197103, "_cam_code": "014" }, "geometry": { "type": "Polygon", "coordinates": [ [ [ -3.4048, 40.2937 ], [ -3.4049, 40.2945 ], [ -3.4065, 40.2939 ], [ -3.4064, 40.2939 ], [ -3.4048, 40.2937 ] ] ] } },
{ "type": "Feature", "properties": { "municipio": "Arganda del Rey", "clasificacion": "no-urbanizable-protegido", "calificacion": "sin-asignar", "version": "vigente", "fuente": "SIT-CAM WFS — UsoDelSuelo:VPLA_V_CLASIFICACION (https://idem.comunidad.madrid/geosrvg/ows)", "fecha_dato": "2026-05-12", "ambito": "38587", "_raw_CD_SIGLAS": "SNUP_A", "_raw_DS_CLASIF_GEN": "Suelo No Urbanizable Protegido (APLAZADO)", "_raw_DS_CLASIF_DET": "Suelo No Urbanizable Protección de Caminos", "_raw_DS_DOCU": "PLAN GENERAL", "_raw_DS_LEY": "CM Ley 9/1995, E RDL 1/1992, E RD 1346/1976", "_raw_FC_AC": "1999-01-14", "_raw_NM_AREA_M2": 199212.493574625, "_cam_code": "014" }, "geometry": { "type": "Polygon", "coordinates": [ [ [ -3.4711, 40.2926 ], [ -3.4687, 40.2941 ], [ -3.4689, 40.2942 ], [ -3.4693, 40.2938 ], [ -3.4695, 40.2938 ], [ -3.4695, 40.2937 ], [ -3.4709, 40.2929 ], [ -3.4715, 40.2923 ], [ -3.4719, 40.2924 ], [ -3.4726, 40.2922 ], [ -3.4728, 40.2922 ], [ -3.4728, 40.2922 ], [ -3.473, 40.2922 ], [ -3.4731, 40.2922 ], [ -3.4732, 40.2922 ], [ -3.4732, 40.2922 ], [ -3.4734, 40.2922 ], [ -3.4734, 40.2922 ], [ -3.4735, 40.2922 ], [ -3.4735, 40.2922 ], [ -3.4735, 40.2922 ], [ -3.4736, 40.2922 ], [ -3.4738, 40.2922 ], [ -3.4743, 40.292 ], [ -3.4748, 40.292 ], [ -3.4748, 40.2919 ], [ -3.476, 40.2914 ], [ -3.4775, 40.2904 ], [ -3.479, 40.2897 ], [ -3.4792, 40.2895 ], [ -3.4794, 40.2895 ], [ -3.4796, 40.2893 ], [ -3.4798, 40.2893 ], [ -3.48, 40.2891 ], [ -3.4804, 40.289 ], [ -3.4807, 40.2887 ], [ -3.4796, 40.2892 ], [ -3.4796, 40.2893 ], [ -3.4794, 40.2893 ], [ -3.4787, 40.2898 ], [ -3.4785, 40.2898 ], [ -3.4771, 40.2906 ], [ -3.4769, 40.2906 ], [ -3.4762, 40.2912 ], [ -3.4758, 40.2913 ], [ -3.4758, 40.2914 ], [ -3.4754, 40.2915 ], [ -3.475, 40.2918 ], [ -3.4748, 40.2918 ], [ -3.4748, 40.2919 ], [ -3.4738, 40.292 ], [ -3.4736, 40.2922 ], [ -3.4735, 40.2921 ], [ -3.4726, 40.2921 ], [ -3.4717, 40.2923 ], [ -3.4718, 40.2921 ], [ -3.4724, 40.2918 ], [ -3.4738, 40.2904 ], [ -3.4741, 40.2904 ], [ -3.4741, 40.2903 ], [ -3.4748, 40.29 ], [ -3.4748, 40.2899 ], [ -3.475, 40.2899 ], [ -3.475, 40.2898 ], [ -3.4758, 40.2893 ], [ -3.476, 40.2893 ], [ -3.4763, 40.289 ], [ -3.4773, 40.2886 ], [ -3.4776, 40.2883 ], [ -3.4784, 40.2879 ], [ -3.4794, 40.2869 ], [ -3.4796, 40.2869 ], [ -3.48, 40.2864 ], [ -3.4812, 40.2861 ], [ -3.4819, 40.2856 ], [ -3.4827, 40.2853 ], [ -3.4836, 40.2846 ], [ -3.4841, 40.2845 ], [ -3.4841, 40.2844 ], [ -3.4839, 40.2844 ], [ -3.4834, 40.2846 ], [ -3.4826, 40.2852 ], [ -3.481, 40.2861 ], [ -3.48, 40.2863 ], [ -3.4796, 40.2868 ], [ -3.4792, 40.2869 ], [ -3.479, 40.2872 ], [ -3.478, 40.2865 ], [ -3.4775, 40.2863 ], [ -3.4766, 40.2856 ], [ -3.4766, 40.2853 ], [ -3.4765, 40.2853 ], [ -3.4763, 40.2846 ], [ -3.4757, 40.2841 ], [ -3.4757, 40.2838 ], [ -3.4754, 40.2836 ], [ -3.4753, 40.2828 ], [ -3.4754, 40.2828 ], [ -3.4754, 40.2826 ], [ -3.4756, 40.2824 ], [ -3.4755, 40.2819 ], [ -3.4753, 40.282 ], [ -3.4753, 40.2822 ], [ -3.475, 40.2825 ], [ -3.4743, 40.2823 ], [ -3.474, 40.282 ], [ -3.4739, 40.2814 ], [ -3.4737, 40.2813 ], [ -3.4734, 40.2804 ], [ -3.4728, 40.2801 ], [ -3.4726, 40.2801 ], [ -3.4724, 40.2803 ], [ -3.4723, 40.2806 ], [ -3.4712, 40.2805 ], [ -3.4711, 40.2804 ], [ -3.4714, 40.2803 ], [ -3.4715, 40.2801 ], [ -3.4717, 40.2801 ], [ -3.472, 40.2798 ], [ -3.4722, 40.2798 ], [ -3.4727, 40.2792 ], [ -3.4729, 40.2792 ], [ -3.4731, 40.2789 ], [ -3.4735, 40.2788 ], [ -3.4736, 40.2786 ], [ -3.4739, 40.2786 ], [ -3.4744, 40.2783 ], [ -3.4761, 40.2782 ], [ -3.4764, 40.2778 ], [ -3.4764, 40.2777 ], [ -3.4767, 40.2778 ], [ -3.4781, 40.2777 ], [ -3.4784, 40.278 ], [ -3.4785, 40.278 ], [ -3.4787, 40.278 ], [ -3.4789, 40.278 ], [ -3.4795, 40.278 ], [ -3.4796, 40.2783 ], [ -3.4801, 40.2782 ], [ -3.4807, 40.2784 ], [ -3.4809, 40.2785 ], [ -3.4809, 40.2787 ], [ -3.4806, 40.2788 ], [ -3.4806, 40.279 ], [ -3.4808, 40.2792 ], [ -3.4814, 40.2788 ], [ -3.4815, 40.2788 ], [ -3.4816, 40.2791 ], [ -3.4818, 40.2791 ], [ -3.482, 40.2789 ], [ -3.4839, 40.2789 ], [ -3.487, 40.2801 ], [ -3.4876, 40.2807 ], [ -3.4879, 40.2808 ], [ -3.4884, 40.2809 ], [ -3.49, 40.2808 ], [ -3.49, 40.2809 ], [ -3.4915, 40.2809 ], [ -3.4917, 40.281 ], [ -3.4919, 40.281 ], [ -3.4921, 40.281 ], [ -3.4922, 40.281 ], [ -3.4923, 40.281 ], [ -3.4924, 40.281 ], [ -3.4924, 40.2811 ], [ -3.4929, 40.2812 ], [ -3.4929, 40.2813 ], [ -3.4942, 40.2818 ], [ -3.4955, 40.2828 ], [ -3.4955, 40.2831 ], [ -3.4952, 40.2837 ], [ -3.4933, 40.2847 ], [ -3.4933, 40.2848 ], [ -3.4927, 40.285 ], [ -3.4927, 40.2851 ], [ -3.4901, 40.2861 ], [ -3.4901, 40.2862 ], [ -3.4898, 40.2863 ], [ -3.4891, 40.2869 ], [ -3.4884, 40.2872 ], [ -3.4884, 40.2873 ], [ -3.4893, 40.2869 ], [ -3.4903, 40.2861 ], [ -3.4918, 40.2856 ], [ -3.4933, 40.2849 ], [ -3.4933, 40.2848 ], [ -3.4956, 40.2846 ], [ -3.4961, 40.2846 ], [ -3.4964, 40.2846 ], [ -3.4965, 40.2846 ], [ -3.4973, 40.2846 ], [ -3.4973, 40.2845 ], [ -3.5001, 40.2842 ], [ -3.5006, 40.2841 ], [ -3.5006, 40.284 ], [ -3.4974, 40.2844 ], [ -3.4973, 40.2845 ], [ -3.4966, 40.2845 ], [ -3.4965, 40.2846 ], [ -3.4964, 40.2846 ], [ -3.4961, 40.2846 ], [ -3.4956, 40.2846 ], [ -3.4938, 40.2846 ], [ -3.4937, 40.2847 ], [ -3.4938, 40.2845 ], [ -3.4952, 40.2838 ], [ -3.4952, 40.2837 ], [ -3.4955, 40.2837 ], [ -3.496, 40.2834 ], [ -3.4963, 40.2834 ], [ -3.4963, 40.2833 ], [ -3.4966, 40.2833 ], [ -3.4977, 40.2829 ], [ -3.498, 40.2826 ], [ -3.4993, 40.2819 ], [ -3.4994, 40.2818 ], [ -3.4994, 40.2817 ], [ -3.4994, 40.2817 ], [ -3.4994, 40.2817 ], [ -3.4994, 40.2817 ], [ -3.4994, 40.2816 ], [ -3.4994, 40.2816 ], [ -3.4994, 40.2816 ], [ -3.4994, 40.2813 ], [ -3.4994, 40.2812 ], [ -3.4994, 40.2811 ], [ -3.4994, 40.2809 ], [ -3.4992, 40.2818 ], [ -3.4977, 40.2827 ], [ -3.4977, 40.2828 ], [ -3.4963, 40.2832 ], [ -3.4963, 40.2833 ], [ -3.496, 40.2833 ], [ -3.496, 40.2834 ], [ -3.4954, 40.2836 ], [ -3.4956, 40.2831 ], [ -3.4957, 40.2831 ], [ -3.4956, 40.2827 ], [ -3.4944, 40.2819 ], [ -3.4944, 40.2818 ], [ -3.4932, 40.2813 ], [ -3.4932, 40.2812 ], [ -3.4927, 40.281 ], [ -3.4925, 40.281 ], [ -3.4925, 40.281 ], [ -3.4925, 40.281 ], [ -3.4925, 40.281 ], [ -3.4924, 40.281 ], [ -3.4923, 40.281 ], [ -3.4923, 40.2809 ], [ -3.4915, 40.2808 ], [ -3.49, 40.2808 ], [ -3.49, 40.2807 ], [ -3.4885, 40.2808 ], [ -3.4878, 40.2807 ], [ -3.4871, 40.28 ], [ -3.4839, 40.2788 ], [ -3.482, 40.2788 ], [ -3.4817, 40.279 ], [ -3.4816, 40.2788 ], [ -3.4815, 40.2788 ], [ -3.4815, 40.2788 ], [ -3.4815, 40.2788 ], [ -3.4815, 40.2788 ], [ -3.4815, 40.2788 ], [ -3.4815, 40.2788 ], [ -3.4814, 40.2788 ], [ -3.4813, 40.2788 ], [ -3.4808, 40.2791 ], [ -3.4807, 40.2789 ], [ -3.481, 40.2787 ], [ -3.481, 40.2784 ], [ -3.4802, 40.2781 ], [ -3.4796, 40.2782 ], [ -3.4795, 40.2779 ], [ -3.4789, 40.278 ], [ -3.478, 40.2776 ], [ -3.4763, 40.2777 ], [ -3.4762, 40.2778 ], [ -3.4763, 40.2779 ], [ -3.4761, 40.2781 ], [ -3.4746, 40.2782 ], [ -3.4742, 40.2783 ], [ -3.4735, 40.2786 ], [ -3.4734, 40.2787 ], [ -3.4735, 40.2776 ], [ -3.4737, 40.2769 ], [ -3.4741, 40.2766 ], [ -3.474, 40.2761 ], [ -3.4741, 40.2761 ], [ -3.4744, 40.2755 ], [ -3.4746, 40.2754 ], [ -3.4749, 40.2744 ], [ -3.4752, 40.2744 ], [ -3.4752, 40.2743 ], [ -3.4756, 40.2742 ], [ -3.4767, 40.2743 ], [ -3.4781, 40.2735 ], [ -3.4791, 40.2734 ], [ -3.4791, 40.2733 ], [ -3.4797, 40.2732 ], [ -3.4799, 40.273 ], [ -3.4813, 40.2731 ], [ -3.4815, 40.2733 ], [ -3.4821, 40.2734 ], [ -3.4821, 40.2735 ], [ -3.4834, 40.2737 ], [ -3.4841, 40.2741 ], [ -3.4846, 40.2747 ], [ -3.4851, 40.2749 ], [ -3.4852, 40.2753 ], [ -3.4857, 40.2753 ], [ -3.4866, 40.2759 ], [ -3.4882, 40.2763 ], [ -3.4887, 40.2768 ], [ -3.4895, 40.2769 ], [ -3.4895, 40.277 ], [ -3.4908, 40.2771 ], [ -3.4913, 40.2769 ], [ -3.4918, 40.2765 ], [ -3.4921, 40.2765 ], [ -3.4933, 40.2773 ], [ -3.4933, 40.2774 ], [ -3.4936, 40.2775 ], [ -3.4944, 40.2775 ], [ -3.4949, 40.2773 ], [ -3.4953, 40.2773 ], [ -3.4954, 40.2774 ], [ -3.4952, 40.2784 ], [ -3.4953, 40.2785 ], [ -3.4956, 40.2784 ], [ -3.4956, 40.2778 ], [ -3.4959, 40.2775 ], [ -3.4958, 40.2772 ], [ -3.4956, 40.277 ], [ -3.4954, 40.277 ], [ -3.4954, 40.2769 ], [ -3.495, 40.2768 ], [ -3.4943, 40.2769 ], [ -3.4942, 40.2766 ], [ -3.4946, 40.2767 ], [ -3.4951, 40.2765 ], [ -3.4956, 40.2765 ], [ -3.496, 40.2766 ], [ -3.4961, 40.2767 ], [ -3.4964, 40.2769 ], [ -3.4959, 40.2765 ], [ -3.4955, 40.2764 ], [ -3.495, 40.2764 ], [ -3.4945, 40.2766 ], [ -3.4941, 40.2765 ], [ -3.4942, 40.277 ], [ -3.4952, 40.2769 ], [ -3.4957, 40.2773 ], [ -3.4957, 40.2776 ], [ -3.4955, 40.2778 ], [ -3.4955, 40.2784 ], [ -3.4954, 40.2784 ], [ -3.4955, 40.2773 ], [ -3.4953, 40.2772 ], [ -3.4949, 40.2772 ], [ -3.4945, 40.2774 ], [ -3.4935, 40.2774 ], [ -3.4922, 40.2764 ], [ -3.4917, 40.2764 ], [ -3.4908, 40.277 ], [ -3.4887, 40.2767 ], [ -3.4884, 40.2763 ], [ -3.4876, 40.276 ], [ -3.4868, 40.2759 ], [ -3.4857, 40.2752 ], [ -3.4853, 40.2752 ], [ -3.4852, 40.2748 ], [ -3.4846, 40.2746 ], [ -3.4846, 40.2744 ], [ -3.4839, 40.2739 ], [ -3.4834, 40.2737 ], [ -3.4834, 40.2736 ], [ -3.4821, 40.2734 ], [ -3.4813, 40.273 ], [ -3.4801, 40.2729 ], [ -3.479, 40.2733 ], [ -3.4781, 40.2734 ], [ -3.4768, 40.2742 ], [ -3.4756, 40.2741 ], [ -3.4752, 40.2742 ], [ -3.4752, 40.2743 ], [ -3.4749, 40.2743 ], [ -3.4747, 40.2745 ], [ -3.4744, 40.2755 ], [ -3.4742, 40.2756 ], [ -3.4739, 40.2761 ], [ -3.474, 40.2766 ], [ -3.4738, 40.2767 ], [ -3.4735, 40.2771 ], [ -3.4735, 40.2775 ], [ -3.4733, 40.278 ], [ -3.4734, 40.2782 ], [ -3.4733, 40.2787 ], [ -3.4731, 40.2788 ], [ -3.473, 40.279 ], [ -3.4727, 40.2791 ], [ -3.472, 40.2798 ], [ -3.4716, 40.2799 ], [ -3.4712, 40.2803 ], [ -3.4707, 40.2804 ], [ -3.47, 40.2811 ], [ -3.4699, 40.2815 ], [ -3.4696, 40.2817 ], [ -3.4694, 40.2821 ], [ -3.4678, 40.2827 ], [ -3.4667, 40.2837 ], [ -3.4655, 40.2839 ], [ -3.4663, 40.2826 ], [ -3.4666, 40.2812 ], [ -3.4687, 40.2791 ], [ -3.4696, 40.2786 ], [ -3.4697, 40.278 ], [ -3.47, 40.2777 ], [ -3.4701, 40.2774 ], [ -3.4705, 40.2771 ], [ -3.4709, 40.2764 ], [ -3.4713, 40.2761 ], [ -3.4714, 40.2755 ], [ -3.4715, 40.2755 ], [ -3.4714, 40.2744 ], [ -3.4718, 40.2738 ], [ -3.4725, 40.2734 ], [ -3.4733, 40.2726 ], [ -3.4734, 40.2726 ], [ -3.4736, 40.2726 ], [ -3.4739, 40.2724 ], [ -3.4745, 40.2723 ], [ -3.4748, 40.2719 ], [ -3.4753, 40.2717 ], [ -3.4757, 40.2713 ], [ -3.4772, 40.269 ], [ -3.4782, 40.269 ], [ -3.4778, 40.2686 ], [ -3.4779, 40.2681 ], [ -3.4778, 40.2673 ], [ -3.4777, 40.2672 ], [ -3.4772, 40.2673 ], [ -3.4772, 40.2672 ], [ -3.478, 40.2665 ], [ -3.4791, 40.2665 ], [ -3.4793, 40.2662 ], [ -3.4799, 40.2659 ], [ -3.4799, 40.2658 ], [ -3.4801, 40.2658 ], [ -3.4801, 40.2657 ], [ -3.4816, 40.2653 ], [ -3.4828, 40.2649 ], [ -3.4828, 40.2648 ], [ -3.4799, 40.2657 ], [ -3.4799, 40.2658 ], [ -3.4794, 40.266 ], [ -3.4791, 40.2664 ], [ -3.4781, 40.2664 ], [ -3.4771, 40.2671 ], [ -3.4767, 40.2676 ], [ -3.4765, 40.2676 ], [ -3.4755, 40.2667 ], [ -3.4752, 40.2667 ], [ -3.4749, 40.2671 ], [ -3.4747, 40.267 ], [ -3.4737, 40.267 ], [ -3.4734, 40.2673 ], [ -3.4725, 40.2672 ], [ -3.4724, 40.2673 ], [ -3.4721, 40.2669 ], [ -3.471, 40.2674 ], [ -3.4705, 40.2675 ], [ -3.4705, 40.2676 ], [ -3.4703, 40.2676 ], [ -3.4697, 40.2679 ], [ -3.4689, 40.2684 ], [ -3.4688, 40.2687 ], [ -3.4683, 40.2691 ], [ -3.4681, 40.2695 ], [ -3.4675, 40.2697 ], [ -3.4674, 40.2701 ], [ -3.4668, 40.2704 ], [ -3.4667, 40.2706 ], [ -3.466, 40.2711 ], [ -3.4658, 40.2715 ], [ -3.4642, 40.2719 ], [ -3.4634, 40.2726 ], [ -3.4623, 40.2727 ], [ -3.4623, 40.2728 ], [ -3.462, 40.2729 ], [ -3.4614, 40.2734 ], [ -3.4613, 40.2741 ], [ -3.4607, 40.2746 ], [ -3.4605, 40.2746 ], [ -3.4595, 40.2752 ], [ -3.4592, 40.2756 ], [ -3.4589, 40.2768 ], [ -3.4587, 40.2769 ], [ -3.4584, 40.2777 ], [ -3.4581, 40.2778 ], [ -3.4573, 40.2777 ], [ -3.4573, 40.2777 ], [ -3.4572, 40.2777 ], [ -3.4572, 40.2777 ], [ -3.4571, 40.2777 ], [ -3.4571, 40.2777 ], [ -3.4571, 40.2777 ], [ -3.457, 40.2777 ], [ -3.4569, 40.2777 ], [ -3.4569, 40.2777 ], [ -3.4568, 40.2777 ], [ -3.4568, 40.2777 ], [ -3.4568, 40.2777 ], [ -3.4567, 40.2777 ], [ -3.4566, 40.2777 ], [ -3.4566, 40.2777 ], [ -3.4565, 40.2777 ], [ -3.4565, 40.2777 ], [ -3.4564, 40.2777 ], [ -3.456, 40.2777 ], [ -3.456, 40.2778 ], [ -3.4552, 40.2778 ], [ -3.4545, 40.2782 ], [ -3.4545, 40.2783 ], [ -3.455, 40.2781 ], [ -3.4552, 40.2779 ], [ -3.4564, 40.2778 ], [ -3.4564, 40.2777 ], [ -3.4575, 40.2779 ], [ -3.4585, 40.2778 ], [ -3.4587, 40.2771 ], [ -3.459, 40.2768 ], [ -3.4592, 40.2758 ], [ -3.4597, 40.2752 ], [ -3.4611, 40.2744 ], [ -3.4611, 40.2745 ], [ -3.4615, 40.2747 ], [ -3.4619, 40.2748 ], [ -3.4617, 40.2763 ], [ -3.462, 40.2766 ], [ -3.4625, 40.2767 ], [ -3.4617, 40.2776 ], [ -3.4617, 40.2778 ], [ -3.4616, 40.2778 ], [ -3.4617, 40.2778 ], [ -3.4617, 40.278 ], [ -3.4623, 40.2786 ], [ -3.4627, 40.2787 ], [ -3.4634, 40.2795 ], [ -3.464, 40.2797 ], [ -3.4646, 40.2808 ], [ -3.4654, 40.2815 ], [ -3.4655, 40.2821 ], [ -3.4657, 40.2823 ], [ -3.4661, 40.2824 ], [ -3.4662, 40.2826 ], [ -3.4661, 40.2826 ], [ -3.4657, 40.2835 ], [ -3.4655, 40.2836 ], [ -3.4654, 40.284 ], [ -3.4637, 40.285 ], [ -3.4634, 40.2853 ], [ -3.4631, 40.2859 ], [ -3.4624, 40.286 ], [ -3.4608, 40.2876 ], [ -3.4602, 40.2878 ], [ -3.4603, 40.2879 ], [ -3.4606, 40.2878 ], [ -3.4618, 40.2869 ], [ -3.4626, 40.286 ], [ -3.463, 40.286 ], [ -3.4622, 40.2872 ], [ -3.4612, 40.2882 ], [ -3.4606, 40.2886 ], [ -3.4607, 40.2887 ], [ -3.4613, 40.2883 ], [ -3.4624, 40.2871 ], [ -3.4637, 40.2851 ], [ -3.4655, 40.2841 ], [ -3.4655, 40.284 ], [ -3.4657, 40.284 ], [ -3.4657, 40.2839 ], [ -3.4667, 40.2838 ], [ -3.4667, 40.2837 ], [ -3.4672, 40.2835 ], [ -3.4678, 40.2828 ], [ -3.4694, 40.2822 ], [ -3.4697, 40.2819 ], [ -3.4697, 40.2817 ], [ -3.47, 40.2815 ], [ -3.4701, 40.2811 ], [ -3.4705, 40.2809 ], [ -3.4707, 40.2805 ], [ -3.4723, 40.2807 ], [ -3.4725, 40.2806 ], [ -3.4725, 40.2803 ], [ -3.4728, 40.2802 ], [ -3.4728, 40.2803 ], [ -3.4734, 40.2806 ], [ -3.4738, 40.2816 ], [ -3.4738, 40.282 ], [ -3.4743, 40.2824 ], [ -3.475, 40.2826 ], [ -3.4754, 40.2823 ], [ -3.4754, 40.282 ], [ -3.4755, 40.282 ], [ -3.4755, 40.2823 ], [ -3.4752, 40.2827 ], [ -3.4752, 40.2834 ], [ -3.4753, 40.2837 ], [ -3.4755, 40.2838 ], [ -3.4756, 40.2841 ], [ -3.4758, 40.2842 ], [ -3.4758, 40.2844 ], [ -3.4762, 40.2847 ], [ -3.4766, 40.2858 ], [ -3.4769, 40.2859 ], [ -3.4789, 40.2874 ], [ -3.4786, 40.2875 ], [ -3.4784, 40.2878 ], [ -3.4782, 40.2878 ], [ -3.4782, 40.2879 ], [ -3.4771, 40.2885 ], [ -3.4771, 40.2886 ], [ -3.4756, 40.2893 ], [ -3.475, 40.2898 ], [ -3.4746, 40.2899 ], [ -3.4741, 40.2903 ], [ -3.4736, 40.2904 ], [ -3.4732, 40.2909 ], [ -3.4726, 40.2913 ], [ -3.4724, 40.2917 ], [ -3.4718, 40.292 ], [ -3.4711, 40.2926 ] ], [ [ -3.4772, 40.2689 ], [ -3.4766, 40.2696 ], [ -3.4762, 40.2704 ], [ -3.4759, 40.2706 ], [ -3.4756, 40.2712 ], [ -3.4752, 40.2716 ], [ -3.4749, 40.2717 ], [ -3.4745, 40.2722 ], [ -3.4734, 40.2725 ], [ -3.4734, 40.2726 ], [ -3.4733, 40.2726 ], [ -3.4731, 40.2726 ], [ -3.4723, 40.2734 ], [ -3.4718, 40.2736 ], [ -3.4713, 40.2744 ], [ -3.4713, 40.2758 ], [ -3.4712, 40.276 ], [ -3.4708, 40.2763 ], [ -3.4704, 40.2769 ], [ -3.4704, 40.2771 ], [ -3.4697, 40.2778 ], [ -3.4695, 40.2786 ], [ -3.4684, 40.2792 ], [ -3.4679, 40.2798 ], [ -3.4676, 40.2799 ], [ -3.4665, 40.2812 ], [ -3.4662, 40.2824 ], [ -3.4657, 40.2822 ], [ -3.4656, 40.2816 ], [ -3.4647, 40.2808 ], [ -3.4641, 40.2797 ], [ -3.4633, 40.2793 ], [ -3.4627, 40.2786 ], [ -3.4623, 40.2785 ], [ -3.4618, 40.278 ], [ -3.4618, 40.2776 ], [ -3.4626, 40.2768 ], [ -3.4626, 40.2766 ], [ -3.462, 40.2765 ], [ -3.4618, 40.2762 ], [ -3.4619, 40.2758 ], [ -3.462, 40.2758 ], [ -3.4619, 40.2755 ], [ -3.462, 40.2748 ], [ -3.4612, 40.2744 ], [ -3.4613, 40.2741 ], [ -3.4614, 40.2741 ], [ -3.4615, 40.2735 ], [ -3.4623, 40.2728 ], [ -3.4635, 40.2727 ], [ -3.4644, 40.2719 ], [ -3.4658, 40.2716 ], [ -3.4667, 40.2706 ], [ -3.4674, 40.2702 ], [ -3.4677, 40.2697 ], [ -3.468, 40.2697 ], [ -3.4691, 40.2684 ], [ -3.4702, 40.2678 ], [ -3.4702, 40.2677 ], [ -3.4715, 40.2673 ], [ -3.472, 40.2671 ], [ -3.472, 40.267 ], [ -3.4724, 40.2674 ], [ -3.4725, 40.2673 ], [ -3.4735, 40.2674 ], [ -3.4738, 40.2671 ], [ -3.4747, 40.2671 ], [ -3.4749, 40.2672 ], [ -3.4753, 40.2668 ], [ -3.4755, 40.2668 ], [ -3.4765, 40.2677 ], [ -3.4768, 40.2677 ], [ -3.477, 40.2674 ], [ -3.4777, 40.2673 ], [ -3.4777, 40.2686 ], [ -3.478, 40.2689 ], [ -3.4772, 40.2689 ] ] ] } },
{ "type": "Feature", "properties": { "municipio": "Arganda del Rey", "clasificacion": "no-urbanizable-protegido", "calificacion": "sin-asignar", "version": "vigente", "fuente": "SIT-CAM WFS — UsoDelSuelo:VPLA_V_CLASIFICACION (https://idem.comunidad.madrid/geosrvg/ows)", "fecha_dato": "2026-05-12", "ambito": "38587", "_raw_CD_SIGLAS": "SNUP_A", "_raw_DS_CLASIF_GEN": "Suelo No Urbanizable Protegido (APLAZADO)", "_raw_DS_CLASIF_DET": "Suelo No Urbanizable Parque Regional del Sureste Zona D", "_raw_DS_DOCU": "PLAN GENERAL", "_raw_DS_LEY": "CM Ley 9/1995, E RDL 1/1992, E RD 1346/1976", "_raw_FC_AC": "1999-01-14", "_raw_NM_AREA_M2": 187054.572975024, "_cam_code": "014" }, "geometry": { "type": "Polygon", "coordinates": [ [ [ -3.491, 40.3131 ], [ -3.4867, 40.3184 ], [ -3.4879, 40.3183 ], [ -3.4894, 40.3179 ], [ -3.4901, 40.3173 ], [ -3.4901, 40.3171 ], [ -3.4902, 40.3171 ], [ -3.4904, 40.3167 ], [ -3.4907, 40.3164 ], [ -3.491, 40.3164 ], [ -3.491, 40.3163 ], [ -3.4923, 40.3164 ], [ -3.4933, 40.3159 ], [ -3.4938, 40.3158 ], [ -3.4938, 40.3157 ], [ -3.4952, 40.3153 ], [ -3.496, 40.3152 ], [ -3.4961, 40.3152 ], [ -3.4962, 40.3152 ], [ -3.4963, 40.3152 ], [ -3.4964, 40.3152 ], [ -3.4964, 40.3152 ], [ -3.4965, 40.3152 ], [ -3.4965, 40.3152 ], [ -3.4966, 40.3152 ], [ -3.4967, 40.3152 ], [ -3.4968, 40.3152 ], [ -3.4969, 40.3152 ], [ -3.4969, 40.3152 ], [ -3.497, 40.3152 ], [ -3.497, 40.3152 ], [ -3.4971, 40.3152 ], [ -3.4971, 40.3152 ], [ -3.4972, 40.3152 ], [ -3.4973, 40.3152 ], [ -3.4973, 40.3152 ], [ -3.4974, 40.3152 ], [ -3.4975, 40.3152 ], [ -3.4975, 40.3152 ], [ -3.4976, 40.3152 ], [ -3.4977, 40.3152 ], [ -3.4979, 40.3152 ], [ -3.4979, 40.3153 ], [ -3.4969, 40.3149 ], [ -3.4953, 40.3142 ], [ -3.491, 40.3131 ] ] ] } },
{ "type": "Feature", "properties": { "municipio": "Arganda del Rey", "clasificacion": "no-urbanizable-protegido", "calificacion": "sin-asignar", "version": "vigente", "fuente": "SIT-CAM WFS — UsoDelSuelo:VPLA_V_CLASIFICACION (https://idem.comunidad.madrid/geosrvg/ows)", "fecha_dato": "2026-05-12", "ambito": "38587", "_raw_CD_SIGLAS": "SNUP_A", "_raw_DS_CLASIF_GEN": "Suelo No Urbanizable Protegido (APLAZADO)", "_raw_DS_CLASIF_DET": "Suelo No Urbanizable Protección de Vegas", "_raw_DS_DOCU": "PLAN GENERAL", "_raw_DS_LEY": "CM Ley 9/1995, E RDL 1/1992, E RD 1346/1976", "_raw_FC_AC": "1999-01-14", "_raw_NM_AREA_M2": 222241.62259996799, "_cam_code": "014" }, "geometry": { "type": "Polygon", "coordinates": [ [ [ -3.4553, 40.3206 ], [ -3.4568, 40.3199 ], [ -3.456, 40.3194 ], [ -3.4552, 40.3192 ], [ -3.4549, 40.3189 ], [ -3.4548, 40.3186 ], [ -3.4545, 40.3185 ], [ -3.4512, 40.3184 ], [ -3.4511, 40.3183 ], [ -3.4496, 40.3184 ], [ -3.4496, 40.3183 ], [ -3.4491, 40.3182 ], [ -3.4479, 40.3182 ], [ -3.4477, 40.3178 ], [ -3.4464, 40.3177 ], [ -3.4464, 40.3176 ], [ -3.4456, 40.3177 ], [ -3.4456, 40.3176 ], [ -3.4448, 40.3176 ], [ -3.4447, 40.3175 ], [ -3.4446, 40.3177 ], [ -3.4443, 40.3177 ], [ -3.4441, 40.3173 ], [ -3.4436, 40.3171 ], [ -3.4434, 40.3176 ], [ -3.4434, 40.3181 ], [ -3.4437, 40.319 ], [ -3.4443, 40.3196 ], [ -3.4448, 40.3204 ], [ -3.445, 40.3204 ], [ -3.445, 40.3205 ], [ -3.4455, 40.3205 ], [ -3.4488, 40.3197 ], [ -3.4503, 40.3197 ], [ -3.4519, 40.3199 ], [ -3.4545, 40.3205 ], [ -3.4553, 40.3204 ], [ -3.4553, 40.3206 ] ] ] } },
{ "type": "Feature", "properties": { "municipio": "Arganda del Rey", "clasificacion": "no-urbanizable-protegido", "calificacion": "sin-asignar", "version": "vigente", "fuente": "SIT-CAM WFS — UsoDelSuelo:VPLA_V_CLASIFICACION (https://idem.comunidad.madrid/geosrvg/ows)", "fecha_dato": "2026-05-12", "ambito": "38587", "_raw_CD_SIGLAS": "SNUP_A", "_raw_DS_CLASIF_GEN": "Suelo No Urbanizable Protegido (APLAZADO)", "_raw_DS_CLASIF_DET": "Suelo No Urbanizable Protección de Ferrocarril", "_raw_DS_DOCU": "PLAN GENERAL", "_raw_DS_LEY": "CM Ley 9/1995, E RDL 1/1992, E RD 1346/1976", "_raw_FC_AC": "1999-01-14", "_raw_NM_AREA_M2": 3640.3165375265799, "_cam_code": "014" }, "geometry": { "type": "Polygon", "coordinates": [ [ [ -3.4862, 40.3185 ], [ -3.4835, 40.3187 ], [ -3.4834, 40.3188 ], [ -3.482, 40.3189 ], [ -3.4824, 40.319 ], [ -3.4834, 40.3188 ], [ -3.4843, 40.3188 ], [ -3.4863, 40.3185 ], [ -3.4863, 40.3184 ], [ -3.4862, 40.3185 ] ] ] } },
{ "type": "Feature", "properties": { "municipio": "Arganda del Rey", "clasificacion": "no-urbanizable-protegido", "calificacion": "sin-asignar", "version": "vigente", "fuente": "SIT-CAM WFS — UsoDelSuelo:VPLA_V_CLASIFICACION (https://idem.comunidad.madrid/geosrvg/ows)", "fecha_dato": "2026-05-12", "ambito": "38587", "_raw_CD_SIGLAS": "SNUP_A", "_raw_DS_CLASIF_GEN": "Suelo No Urbanizable Protegido (APLAZADO)", "_raw_DS_CLASIF_DET": "Suelo No Urbanizable Protección de Ferrocarril", "_raw_DS_DOCU": "PLAN GENERAL", "_raw_DS_LEY": "CM Ley 9/1995, E RDL 1/1992, E RD 1346/1976", "_raw_FC_AC": "1999-01-14", "_raw_NM_AREA_M2": 18503.401387490099, "_cam_code": "014" }, "geometry": { "type": "Polygon", "coordinates": [ [ [ -3.4955, 40.3153 ], [ -3.4944, 40.3155 ], [ -3.4933, 40.3159 ], [ -3.4896, 40.3178 ], [ -3.4894, 40.3178 ], [ -3.4894, 40.3179 ], [ -3.4866, 40.3185 ], [ -3.4878, 40.3184 ], [ -3.4891, 40.3181 ], [ -3.4891, 40.318 ], [ -3.4896, 40.3179 ], [ -3.4896, 40.3178 ], [ -3.4905, 40.3175 ], [ -3.4933, 40.316 ], [ -3.4947, 40.3155 ], [ -3.4958, 40.3154 ], [ -3.4959, 40.3153 ], [ -3.4979, 40.3153 ], [ -3.498, 40.3154 ], [ -3.4986, 40.3154 ], [ -3.4993, 40.3156 ], [ -3.504, 40.3163 ], [ -3.504, 40.3164 ], [ -3.5059, 40.3167 ], [ -3.5072, 40.3172 ], [ -3.507, 40.317 ], [ -3.5051, 40.3164 ], [ -3.501, 40.3158 ], [ -3.5004, 40.3156 ], [ -3.4998, 40.3156 ], [ -3.4998, 40.3155 ], [ -3.4979, 40.3153 ], [ -3.4979, 40.3152 ], [ -3.4955, 40.3153 ] ] ] } },
{ "type": "Feature", "properties": { "municipio": "Arganda del Rey", "clasificacion": "no-urbanizable-protegido", "calificacion": "sin-asignar", "version": "vigente", "fuente": "SIT-CAM WFS — UsoDelSuelo:VPLA_V_CLASIFICACION (https://idem.comunidad.madrid/geosrvg/ows)", "fecha_dato": "2026-05-12", "ambito": "38587", "_raw_CD_SIGLAS": "SNUP_A", "_raw_DS_CLASIF_GEN": "Suelo No Urbanizable Protegido (APLAZADO)", "_raw_DS_CLASIF_DET": "Suelo No Urbanizable Protección de Vegas", "_raw_DS_DOCU": "PLAN GENERAL", "_raw_DS_LEY": "CM Ley 9/1995, E RDL 1/1992, E RD 1346/1976", "_raw_FC_AC": "1999-01-14", "_raw_NM_AREA_M2": 124713.07487514699, "_cam_code": "014" }, "geometry": { "type": "Polygon", "coordinates": [ [ [ -3.455, 40.3183 ], [ -3.4555, 40.3191 ], [ -3.4562, 40.3192 ], [ -3.4571, 40.3198 ], [ -3.4578, 40.3194 ], [ -3.4578, 40.3191 ], [ -3.4567, 40.3177 ], [ -3.4556, 40.3176 ], [ -3.4549, 40.3173 ], [ -3.4538, 40.3173 ], [ -3.4534, 40.3171 ], [ -3.4514, 40.3173 ], [ -3.4489, 40.3172 ], [ -3.4445, 40.3164 ], [ -3.4438, 40.3169 ], [ -3.4438, 40.317 ], [ -3.4443, 40.3171 ], [ -3.4445, 40.3174 ], [ -3.4445, 40.3173 ], [ -3.445, 40.3174 ], [ -3.445, 40.3173 ], [ -3.4458, 40.3175 ], [ -3.4465, 40.3174 ], [ -3.4465, 40.3175 ], [ -3.4473, 40.3175 ], [ -3.4473, 40.3176 ], [ -3.448, 40.3175 ], [ -3.4481, 40.318 ], [ -3.4513, 40.3181 ], [ -3.4514, 40.3182 ], [ -3.453, 40.3181 ], [ -3.4531, 40.3182 ], [ -3.4539, 40.3182 ], [ -3.4539, 40.3183 ], [ -3.455, 40.3183 ] ] ] } },
{ "type": "Feature", "properties": { "municipio": "Arganda del Rey", "clasificacion": "no-urbanizable-protegido", "calificacion": "sin-asignar", "version": "vigente", "fuente": "SIT-CAM WFS — UsoDelSuelo:VPLA_V_CLASIFICACION (https://idem.comunidad.madrid/geosrvg/ows)", "fecha_dato": "2026-05-12", "ambito": "38587", "_raw_CD_SIGLAS": "SNUP_A", "_raw_DS_CLASIF_GEN": "Suelo No Urbanizable Protegido (APLAZADO)", "_raw_DS_CLASIF_DET": "Suelo No Urbanizable Protección de Vegas", "_raw_DS_DOCU": "PLAN GENERAL", "_raw_DS_LEY": "CM Ley 9/1995, E RDL 1/1992, E RD 1346/1976", "_raw_FC_AC": "1999-01-14", "_raw_NM_AREA_M2": 62532.155187389399, "_cam_code": "014" }, "geometry": { "type": "Polygon", "coordinates": [ [ [ -3.4406, 40.3158 ], [ -3.4413, 40.3161 ], [ -3.441, 40.3153 ], [ -3.4405, 40.315 ], [ -3.4391, 40.3148 ], [ -3.4386, 40.3146 ], [ -3.4379, 40.3146 ], [ -3.4379, 40.3145 ], [ -3.4349, 40.3146 ], [ -3.4347, 40.3147 ], [ -3.4336, 40.3147 ], [ -3.4335, 40.3148 ], [ -3.4335, 40.3148 ], [ -3.4335, 40.3148 ], [ -3.4335, 40.3148 ], [ -3.4334, 40.3148 ], [ -3.4334, 40.3148 ], [ -3.4333, 40.3148 ], [ -3.4333, 40.3148 ], [ -3.4333, 40.3148 ], [ -3.4333, 40.3148 ], [ -3.4332, 40.3148 ], [ -3.4332, 40.3148 ], [ -3.4332, 40.3148 ], [ -3.4331, 40.3148 ], [ -3.4331, 40.3148 ], [ -3.4331, 40.3148 ], [ -3.433, 40.3148 ], [ -3.433, 40.3148 ], [ -3.433, 40.3148 ], [ -3.4329, 40.3148 ], [ -3.4329, 40.3148 ], [ -3.4329, 40.3148 ], [ -3.4328, 40.3148 ], [ -3.4327, 40.3148 ], [ -3.4327, 40.3148 ], [ -3.4327, 40.3148 ], [ -3.4326, 40.3148 ], [ -3.4326, 40.3148 ], [ -3.4325, 40.3148 ], [ -3.4325, 40.3148 ], [ -3.4325, 40.3148 ], [ -3.4325, 40.3148 ], [ -3.4324, 40.3148 ], [ -3.4324, 40.3148 ], [ -3.4324, 40.3148 ], [ -3.4324, 40.3148 ], [ -3.4323, 40.3148 ], [ -3.4321, 40.3148 ], [ -3.4309, 40.3145 ], [ -3.4309, 40.3147 ], [ -3.4306, 40.3149 ], [ -3.4315, 40.3153 ], [ -3.4319, 40.3149 ], [ -3.4323, 40.3148 ], [ -3.4323, 40.3149 ], [ -3.433, 40.315 ], [ -3.434, 40.3149 ], [ -3.435, 40.3152 ], [ -3.4354, 40.3154 ], [ -3.4354, 40.3155 ], [ -3.4363, 40.3154 ], [ -3.4369, 40.3157 ], [ -3.4376, 40.3157 ], [ -3.4376, 40.3156 ], [ -3.4381, 40.3156 ], [ -3.4381, 40.3155 ], [ -3.4392, 40.3155 ], [ -3.4395, 40.3158 ], [ -3.4397, 40.3158 ], [ -3.4399, 40.3156 ], [ -3.4402, 40.3157 ], [ -3.4402, 40.3158 ], [ -3.4406, 40.3158 ] ] ] } },
{ "type": "Feature", "properties": { "municipio": "Arganda del Rey", "clasificacion": "no-urbanizable-protegido", "calificacion": "sin-asignar", "version": "vigente", "fuente": "SIT-CAM WFS — UsoDelSuelo:VPLA_V_CLASIFICACION (https://idem.comunidad.madrid/geosrvg/ows)", "fecha_dato": "2026-05-12", "ambito": "38587", "_raw_CD_SIGLAS": "SNUP_A", "_raw_DS_CLASIF_GEN": "Suelo No Urbanizable Protegido (APLAZADO)", "_raw_DS_CLASIF_DET": "Suelo No Urbanizable Parque Regional del Sureste Zona F", "_raw_DS_DOCU": "PLAN GENERAL", "_raw_DS_LEY": "CM Ley 9/1995, E RDL 1/1992, E RD 1346/1976", "_raw_FC_AC": "1999-01-14", "_raw_NM_AREA_M2": 31910.551112426401, "_cam_code": "014" }, "geometry": { "type": "Polygon", "coordinates": [ [ [ -3.4607, 40.3309 ], [ -3.4606, 40.3337 ], [ -3.4608, 40.334 ], [ -3.4625, 40.3322 ], [ -3.4623, 40.3321 ], [ -3.4623, 40.3319 ], [ -3.4617, 40.3313 ], [ -3.4607, 40.3309 ] ] ] } },
{ "type": "Feature", "properties": { "municipio": "Arganda del Rey", "clasificacion": "no-urbanizable-protegido", "calificacion": "sin-asignar", "version": "vigente", "fuente": "SIT-CAM WFS — UsoDelSuelo:VPLA_V_CLASIFICACION (https://idem.comunidad.madrid/geosrvg/ows)", "fecha_dato": "2026-05-12", "ambito": "38587", "_raw_CD_SIGLAS": "SNUP_A", "_raw_DS_CLASIF_GEN": "Suelo No Urbanizable Protegido (APLAZADO)", "_raw_DS_CLASIF_DET": "Suelo No Urbanizable Parque Regional del Sureste Zona D", "_raw_DS_DOCU": "PLAN GENERAL", "_raw_DS_LEY": "CM Ley 9/1995, E RDL 1/1992, E RD 1346/1976", "_raw_FC_AC": "1999-01-14", "_raw_NM_AREA_M2": 554881.91902518703, "_cam_code": "014" }, "geometry": { "type": "Polygon", "coordinates": [ [ [ -3.5049, 40.3094 ], [ -3.4953, 40.3106 ], [ -3.4952, 40.3111 ], [ -3.496, 40.3119 ], [ -3.4969, 40.3125 ], [ -3.4985, 40.3132 ], [ -3.5, 40.3136 ], [ -3.5089, 40.3158 ], [ -3.5094, 40.3154 ], [ -3.5097, 40.3149 ], [ -3.5099, 40.3136 ], [ -3.5097, 40.3127 ], [ -3.5096, 40.3113 ], [ -3.5095, 40.3108 ], [ -3.509, 40.3103 ], [ -3.5065, 40.3097 ], [ -3.5052, 40.3099 ], [ -3.5049, 40.3094 ] ] ] } },
{ "type": "Feature", "properties": { "municipio": "Arganda del Rey", "clasificacion": "no-urbanizable-protegido", "calificacion": "sin-asignar", "version": "vigente", "fuente": "SIT-CAM WFS — UsoDelSuelo:VPLA_V_CLASIFICACION (https://idem.comunidad.madrid/geosrvg/ows)", "fecha_dato": "2026-05-12", "ambito": "38587", "_raw_CD_SIGLAS": "SNUP_A", "_raw_DS_CLASIF_GEN": "Suelo No Urbanizable Protegido (APLAZADO)", "_raw_DS_CLASIF_DET": "Suelo No Urbanizable Protección de Caminos", "_raw_DS_DOCU": "PLAN GENERAL", "_raw_DS_LEY": "CM Ley 9/1995, E RDL 1/1992, E RD 1346/1976", "_raw_FC_AC": "1999-01-14", "_raw_NM_AREA_M2": 9787.3174999808198, "_cam_code": "014" }, "geometry": { "type": "Polygon", "coordinates": [ [ [ -3.4233, 40.3092 ], [ -3.4228, 40.3094 ], [ -3.4226, 40.3096 ], [ -3.4226, 40.3098 ], [ -3.4223, 40.31 ], [ -3.4223, 40.3103 ], [ -3.4226, 40.3105 ], [ -3.4227, 40.3111 ], [ -3.4234, 40.3113 ], [ -3.4244, 40.3124 ], [ -3.4254, 40.3129 ], [ -3.4254, 40.313 ], [ -3.4257, 40.313 ], [ -3.4257, 40.3131 ], [ -3.427, 40.3139 ], [ -3.427, 40.3144 ], [ -3.4273, 40.3148 ], [ -3.4273, 40.3159 ], [ -3.4272, 40.316 ], [ -3.4274, 40.316 ], [ -3.4274, 40.3157 ], [ -3.4275, 40.3157 ], [ -3.4274, 40.3157 ], [ -3.4274, 40.3147 ], [ -3.4272, 40.3146 ], [ -3.4271, 40.3139 ], [ -3.4267, 40.3135 ], [ -3.4265, 40.3135 ], [ -3.4259, 40.313 ], [ -3.4254, 40.3129 ], [ -3.4251, 40.3126 ], [ -3.4246, 40.3124 ], [ -3.4236, 40.3113 ], [ -3.4228, 40.311 ], [ -3.4227, 40.3104 ], [ -3.4224, 40.3102 ], [ -3.4224, 40.31 ], [ -3.4227, 40.3099 ], [ -3.4227, 40.3097 ], [ -3.423, 40.3094 ], [ -3.4232, 40.3094 ], [ -3.4233, 40.3092 ] ] ] } },
{ "type": "Feature", "properties": { "municipio": "Arganda del Rey", "clasificacion": "no-urbanizable-protegido", "calificacion": "sin-asignar", "version": "vigente", "fuente": "SIT-CAM WFS — UsoDelSuelo:VPLA_V_CLASIFICACION (https://idem.comunidad.madrid/geosrvg/ows)", "fecha_dato": "2026-05-12", "ambito": "38587", "_raw_CD_SIGLAS": "SNUP_A", "_raw_DS_CLASIF_GEN": "Suelo No Urbanizable Protegido (APLAZADO)", "_raw_DS_CLASIF_DET": "Suelo No Urbanizable Protección de Caminos", "_raw_DS_DOCU": "PLAN GENERAL", "_raw_DS_LEY": "CM Ley 9/1995, E RDL 1/1992, E RD 1346/1976", "_raw_FC_AC": "1999-01-14", "_raw_NM_AREA_M2": 6736.8454874879599, "_cam_code": "014" }, "geometry": { "type": "Polygon", "coordinates": [ [ [ -3.4196, 40.291 ], [ -3.4196, 40.2911 ], [ -3.4201, 40.2912 ], [ -3.4207, 40.2912 ], [ -3.4212, 40.2916 ], [ -3.422, 40.2919 ], [ -3.4224, 40.2919 ], [ -3.4224, 40.2918 ], [ -3.4219, 40.2918 ], [ -3.4212, 40.2915 ], [ -3.421, 40.2912 ], [ -3.4206, 40.2911 ], [ -3.4198, 40.291 ], [ -3.4197, 40.291 ], [ -3.4196, 40.291 ], [ -3.4194, 40.291 ], [ -3.4188, 40.291 ], [ -3.4186, 40.2909 ], [ -3.4175, 40.2909 ], [ -3.4174, 40.2908 ], [ -3.4172, 40.2911 ], [ -3.4167, 40.2912 ], [ -3.416, 40.2911 ], [ -3.4154, 40.2915 ], [ -3.4152, 40.2915 ], [ -3.4154, 40.2916 ], [ -3.4161, 40.2912 ], [ -3.4163, 40.2913 ], [ -3.4173, 40.2912 ], [ -3.4174, 40.2909 ], [ -3.4175, 40.291 ], [ -3.4185, 40.291 ], [ -3.4187, 40.2911 ], [ -3.4196, 40.291 ] ] ] } },
{ "type": "Feature", "properties": { "municipio": "Arganda del Rey", "clasificacion": "no-urbanizable-protegido", "calificacion": "sin-asignar", "version": "vigente", "fuente": "SIT-CAM WFS — UsoDelSuelo:VPLA_V_CLASIFICACION (https://idem.comunidad.madrid/geosrvg/ows)", "fecha_dato": "2026-05-12", "ambito": "38587", "_raw_CD_SIGLAS": "SNUP_A", "_raw_DS_CLASIF_GEN": "Suelo No Urbanizable Protegido (APLAZADO)", "_raw_DS_CLASIF_DET": "Suelo No Urbanizable Protección de Vías Pecuarias", "_raw_DS_DOCU": "PLAN GENERAL", "_raw_DS_LEY": "CM Ley 9/1995, E RDL 1/1992, E RD 1346/1976", "_raw_FC_AC": "1999-01-14", "_raw_NM_AREA_M2": 41374.717550024798, "_cam_code": "014" }, "geometry": { "type": "Polygon", "coordinates": [ [ [ -3.4166, 40.2811 ], [ -3.4166, 40.2813 ], [ -3.4169, 40.2814 ], [ -3.4169, 40.2815 ], [ -3.4173, 40.2815 ], [ -3.4173, 40.2816 ], [ -3.4176, 40.2817 ], [ -3.4187, 40.2819 ], [ -3.4192, 40.2819 ], [ -3.4192, 40.282 ], [ -3.4195, 40.282 ], [ -3.4196, 40.2824 ], [ -3.4208, 40.2825 ], [ -3.4218, 40.283 ], [ -3.4224, 40.283 ], [ -3.4227, 40.2833 ], [ -3.4229, 40.2833 ], [ -3.4235, 40.2844 ], [ -3.4242, 40.2847 ], [ -3.4242, 40.2848 ], [ -3.4249, 40.285 ], [ -3.4255, 40.2862 ], [ -3.4267, 40.287 ], [ -3.427, 40.288 ], [ -3.4272, 40.2882 ], [ -3.4279, 40.2886 ], [ -3.4287, 40.2887 ], [ -3.429, 40.289 ], [ -3.4289, 40.2906 ], [ -3.4291, 40.291 ], [ -3.4299, 40.2918 ], [ -3.4301, 40.2917 ], [ -3.4291, 40.2905 ], [ -3.4292, 40.2889 ], [ -3.4287, 40.2885 ], [ -3.4278, 40.2884 ], [ -3.4273, 40.288 ], [ -3.4269, 40.287 ], [ -3.4255, 40.2859 ], [ -3.4252, 40.285 ], [ -3.4239, 40.2843 ], [ -3.4237, 40.2843 ], [ -3.4232, 40.2834 ], [ -3.4226, 40.2829 ], [ -3.4219, 40.2828 ], [ -3.4211, 40.2824 ], [ -3.4198, 40.2823 ], [ -3.4198, 40.282 ], [ -3.4195, 40.2818 ], [ -3.4185, 40.2817 ], [ -3.4176, 40.2815 ], [ -3.4176, 40.2814 ], [ -3.4173, 40.2814 ], [ -3.4173, 40.2813 ], [ -3.4169, 40.2813 ], [ -3.4168, 40.2809 ], [ -3.416, 40.2809 ], [ -3.4148, 40.2812 ], [ -3.4146, 40.2815 ], [ -3.4141, 40.2816 ], [ -3.4143, 40.2818 ], [ -3.4143, 40.2817 ], [ -3.4147, 40.2816 ], [ -3.4151, 40.2813 ], [ -3.4156, 40.2813 ], [ -3.4159, 40.2812 ], [ -3.4159, 40.2811 ], [ -3.4166, 40.2811 ] ] ] } },
{ "type": "Feature", "properties": { "municipio": "Arganda del Rey", "clasificacion": "no-urbanizable-protegido", "calificacion": "sin-asignar", "version": "vigente", "fuente": "SIT-CAM WFS — UsoDelSuelo:VPLA_V_CLASIFICACION (https://idem.comunidad.madrid/geosrvg/ows)", "fecha_dato": "2026-05-12", "ambito": "38587", "_raw_CD_SIGLAS": "SNUP_A", "_raw_DS_CLASIF_GEN": "Suelo No Urbanizable Protegido (APLAZADO)", "_raw_DS_CLASIF_DET": "Suelo No Urbanizable Protección de Caminos", "_raw_DS_DOCU": "PLAN GENERAL", "_raw_DS_LEY": "CM Ley 9/1995, E RDL 1/1992, E RD 1346/1976", "_raw_FC_AC": "1999-01-14", "_raw_NM_AREA_M2": 802.95194998594297, "_cam_code": "014" }, "geometry": { "type": "Polygon", "coordinates": [ [ [ -3.4587, 40.2908 ], [ -3.4581, 40.2911 ], [ -3.458, 40.2912 ], [ -3.4586, 40.2911 ], [ -3.4588, 40.2909 ], [ -3.4587, 40.2908 ] ] ] } },
{ "type": "Feature", "properties": { "municipio": "Arganda del Rey", "clasificacion": "no-urbanizable-protegido", "calificacion": "sin-asignar", "version": "vigente", "fuente": "SIT-CAM WFS — UsoDelSuelo:VPLA_V_CLASIFICACION (https://idem.comunidad.madrid/geosrvg/ows)", "fecha_dato": "2026-05-12", "ambito": "38587", "_raw_CD_SIGLAS": "SNUP_A", "_raw_DS_CLASIF_GEN": "Suelo No Urbanizable Protegido (APLAZADO)", "_raw_DS_CLASIF_DET": "Suelo No Urbanizable Parque Regional del Sureste Zona F", "_raw_DS_DOCU": "PLAN GENERAL", "_raw_DS_LEY": "CM Ley 9/1995, E RDL 1/1992, E RD 1346/1976", "_raw_FC_AC": "1999-01-14", "_raw_NM_AREA_M2": 439495.18474984303, "_cam_code": "014" }, "geometry": { "type": "Polygon", "coordinates": [ [ [ -3.46, 40.3219 ], [ -3.46, 40.3237 ], [ -3.4601, 40.324 ], [ -3.4601, 40.3246 ], [ -3.46, 40.3246 ], [ -3.4599, 40.3251 ], [ -3.4599, 40.3262 ], [ -3.4601, 40.3269 ], [ -3.46, 40.33 ], [ -3.4606, 40.3306 ], [ -3.4619, 40.3312 ], [ -3.4626, 40.332 ], [ -3.4629, 40.3316 ], [ -3.4629, 40.3314 ], [ -3.4636, 40.3308 ], [ -3.4636, 40.3306 ], [ -3.4643, 40.3304 ], [ -3.4643, 40.3297 ], [ -3.4646, 40.3297 ], [ -3.4646, 40.3296 ], [ -3.4653, 40.3293 ], [ -3.4657, 40.3285 ], [ -3.4671, 40.327 ], [ -3.4656, 40.3251 ], [ -3.4637, 40.3238 ], [ -3.4632, 40.3229 ], [ -3.4632, 40.3219 ], [ -3.4627, 40.3219 ], [ -3.4607, 40.3212 ], [ -3.4606, 40.3212 ], [ -3.4604, 40.3218 ], [ -3.46, 40.3217 ], [ -3.46, 40.3219 ] ] ] } },
{ "type": "Feature", "properties": { "municipio": "Arganda del Rey", "clasificacion": "no-urbanizable-protegido", "calificacion": "sin-asignar", "version": "vigente", "fuente": "SIT-CAM WFS — UsoDelSuelo:VPLA_V_CLASIFICACION (https://idem.comunidad.madrid/geosrvg/ows)", "fecha_dato": "2026-05-12", "ambito": "38587", "_raw_CD_SIGLAS": "SNUP_A", "_raw_DS_CLASIF_GEN": "Suelo No Urbanizable Protegido (APLAZADO)", "_raw_DS_CLASIF_DET": "Suelo No Urbanizable Parque Regional del Sureste Zona F", "_raw_DS_DOCU": "PLAN GENERAL", "_raw_DS_LEY": "CM Ley 9/1995, E RDL 1/1992, E RD 1346/1976", "_raw_FC_AC": "1999-01-14", "_raw_NM_AREA_M2": 353908.38723758201, "_cam_code": "014" }, "geometry": { "type": "Polygon", "coordinates": [ [ [ -3.468, 40.3215 ], [ -3.4679, 40.3215 ], [ -3.468, 40.322 ], [ -3.4678, 40.3225 ], [ -3.4671, 40.3233 ], [ -3.4671, 40.3237 ], [ -3.4677, 40.3248 ], [ -3.4677, 40.325 ], [ -3.4678, 40.325 ], [ -3.468, 40.3261 ], [ -3.4676, 40.3266 ], [ -3.4682, 40.3275 ], [ -3.4684, 40.3286 ], [ -3.4683, 40.3291 ], [ -3.4674, 40.3309 ], [ -3.4674, 40.3315 ], [ -3.4681, 40.3348 ], [ -3.4694, 40.3367 ], [ -3.4704, 40.3386 ], [ -3.471, 40.3384 ], [ -3.4698, 40.3358 ], [ -3.4697, 40.3351 ], [ -3.4698, 40.3351 ], [ -3.47, 40.3345 ], [ -3.47, 40.3341 ], [ -3.4701, 40.3341 ], [ -3.4714, 40.3316 ], [ -3.4716, 40.3306 ], [ -3.4716, 40.3297 ], [ -3.4714, 40.3288 ], [ -3.471, 40.3284 ], [ -3.4703, 40.3271 ], [ -3.4702, 40.3271 ], [ -3.4702, 40.3252 ], [ -3.47, 40.325 ], [ -3.4697, 40.325 ], [ -3.4696, 40.3239 ], [ -3.4691, 40.323 ], [ -3.4684, 40.3222 ], [ -3.468, 40.3215 ] ] ] } },
{ "type": "Feature", "properties": { "municipio": "Arganda del Rey", "clasificacion": "no-urbanizable-protegido", "calificacion": "sin-asignar", "version": "vigente", "fuente": "SIT-CAM WFS — UsoDelSuelo:VPLA_V_CLASIFICACION (https://idem.comunidad.madrid/geosrvg/ows)", "fecha_dato": "2026-05-12", "ambito": "38587", "_raw_CD_SIGLAS": "SNUP_A", "_raw_DS_CLASIF_GEN": "Suelo No Urbanizable Protegido (APLAZADO)", "_raw_DS_CLASIF_DET": "Suelo No Urbanizable Protección de Vegas", "_raw_DS_DOCU": "PLAN GENERAL", "_raw_DS_LEY": "CM Ley 9/1995, E RDL 1/1992, E RD 1346/1976", "_raw_FC_AC": "1999-01-14", "_raw_NM_AREA_M2": 270071.09715011599, "_cam_code": "014" }, "geometry": { "type": "Polygon", "coordinates": [ [ [ -3.4106, 40.3011 ], [ -3.4105, 40.3017 ], [ -3.4109, 40.3017 ], [ -3.411, 40.3016 ], [ -3.4118, 40.3016 ], [ -3.4128, 40.3014 ], [ -3.4131, 40.3012 ], [ -3.4141, 40.301 ], [ -3.4145, 40.3008 ], [ -3.4146, 40.3007 ], [ -3.4145, 40.3001 ], [ -3.4151, 40.3001 ], [ -3.4154, 40.3 ], [ -3.4154, 40.2999 ], [ -3.4164, 40.3 ], [ -3.4165, 40.2998 ], [ -3.4162, 40.2995 ], [ -3.4179, 40.298 ], [ -3.419, 40.2973 ], [ -3.4179, 40.297 ], [ -3.4173, 40.2971 ], [ -3.4166, 40.2967 ], [ -3.4161, 40.2968 ], [ -3.4158, 40.2965 ], [ -3.4152, 40.2963 ], [ -3.4149, 40.296 ], [ -3.4148, 40.2957 ], [ -3.4145, 40.2957 ], [ -3.4145, 40.2955 ], [ -3.4137, 40.2956 ], [ -3.4139, 40.2958 ], [ -3.4141, 40.2965 ], [ -3.4145, 40.2972 ], [ -3.4146, 40.2972 ], [ -3.4146, 40.2975 ], [ -3.4145, 40.2975 ], [ -3.4144, 40.2978 ], [ -3.4132, 40.2975 ], [ -3.4124, 40.2969 ], [ -3.4113, 40.2966 ], [ -3.4108, 40.2966 ], [ -3.4108, 40.2965 ], [ -3.4102, 40.2966 ], [ -3.4098, 40.2969 ], [ -3.4097, 40.2973 ], [ -3.4102, 40.2986 ], [ -3.4107, 40.2991 ], [ -3.4107, 40.2993 ], [ -3.4106, 40.2993 ], [ -3.4107, 40.2994 ], [ -3.4107, 40.3 ], [ -3.4106, 40.3 ], [ -3.4107, 40.3006 ], [ -3.4105, 40.3008 ], [ -3.4105, 40.3011 ], [ -3.4106, 40.3011 ] ] ] } },
{ "type": "Feature", "properties": { "municipio": "Arganda del Rey", "clasificacion": "no-urbanizable-protegido", "calificacion": "sin-asignar", "version": "vigente", "fuente": "SIT-CAM WFS — UsoDelSuelo:VPLA_V_CLASIFICACION (https://idem.comunidad.madrid/geosrvg/ows)", "fecha_dato": "2026-05-12", "ambito": "38587", "_raw_CD_SIGLAS": "SNUP_A", "_raw_DS_CLASIF_GEN": "Suelo No Urbanizable Protegido (APLAZADO)", "_raw_DS_CLASIF_DET": "Suelo No Urbanizable Protección de Vegas", "_raw_DS_DOCU": "PLAN GENERAL", "_raw_DS_LEY": "CM Ley 9/1995, E RDL 1/1992, E RD 1346/1976", "_raw_FC_AC": "1999-01-14", "_raw_NM_AREA_M2": 734599.43583755905, "_cam_code": "014" }, "geometry": { "type": "Polygon", "coordinates": [ [ [ -3.4077, 40.301 ], [ -3.4095, 40.3013 ], [ -3.4103, 40.3017 ], [ -3.4103, 40.3007 ], [ -3.4104, 40.3007 ], [ -3.4104, 40.2991 ], [ -3.4103, 40.2989 ], [ -3.4099, 40.2985 ], [ -3.4096, 40.2984 ], [ -3.408, 40.2968 ], [ -3.4075, 40.2966 ], [ -3.4054, 40.295 ], [ -3.4048, 40.2947 ], [ -3.4046, 40.2944 ], [ -3.4046, 40.2937 ], [ -3.4042, 40.2934 ], [ -3.4033, 40.293 ], [ -3.4011, 40.2929 ], [ -3.4004, 40.2927 ], [ -3.3999, 40.2927 ], [ -3.3995, 40.2924 ], [ -3.3995, 40.292 ], [ -3.3991, 40.2917 ], [ -3.3995, 40.2914 ], [ -3.3995, 40.2909 ], [ -3.3993, 40.2907 ], [ -3.3991, 40.2907 ], [ -3.3991, 40.2906 ], [ -3.3986, 40.291 ], [ -3.3984, 40.2909 ], [ -3.398, 40.291 ], [ -3.3979, 40.2915 ], [ -3.3978, 40.2915 ], [ -3.3977, 40.2923 ], [ -3.3971, 40.2928 ], [ -3.3971, 40.2933 ], [ -3.3974, 40.2936 ], [ -3.3974, 40.294 ], [ -3.3975, 40.294 ], [ -3.3975, 40.295 ], [ -3.3973, 40.2956 ], [ -3.3974, 40.296 ], [ -3.3976, 40.2961 ], [ -3.3976, 40.2964 ], [ -3.3985, 40.2972 ], [ -3.399, 40.2974 ], [ -3.3993, 40.2977 ], [ -3.3993, 40.2981 ], [ -3.3996, 40.2987 ], [ -3.3996, 40.2992 ], [ -3.3998, 40.2995 ], [ -3.4016, 40.301 ], [ -3.4042, 40.3011 ], [ -3.4045, 40.301 ], [ -3.4045, 40.3009 ], [ -3.4051, 40.3009 ], [ -3.4054, 40.3011 ], [ -3.4077, 40.301 ] ] ] } },
{ "type": "Feature", "properties": { "municipio": "Arganda del Rey", "clasificacion": "no-urbanizable-protegido", "calificacion": "sin-asignar", "version": "vigente", "fuente": "SIT-CAM WFS — UsoDelSuelo:VPLA_V_CLASIFICACION (https://idem.comunidad.madrid/geosrvg/ows)", "fecha_dato": "2026-05-12", "ambito": "38587", "_raw_CD_SIGLAS": "SNUP_A", "_raw_DS_CLASIF_GEN": "Suelo No Urbanizable Protegido (APLAZADO)", "_raw_DS_CLASIF_DET": "Suelo No Urbanizable Protección de Vías Pecuarias", "_raw_DS_DOCU": "PLAN GENERAL", "_raw_DS_LEY": "CM Ley 9/1995, E RDL 1/1992, E RD 1346/1976", "_raw_FC_AC": "1999-01-14", "_raw_NM_AREA_M2": 18137.0076499069, "_cam_code": "014" }, "geometry": { "type": "Polygon", "coordinates": [ [ [ -3.4716, 40.3297 ], [ -3.4714, 40.3316 ], [ -3.4701, 40.3341 ], [ -3.47, 40.3341 ], [ -3.47, 40.3345 ], [ -3.4698, 40.3351 ], [ -3.4697, 40.3351 ], [ -3.4698, 40.3358 ], [ -3.471, 40.3384 ], [ -3.4712, 40.3383 ], [ -3.47, 40.3357 ], [ -3.47, 40.335 ], [ -3.4702, 40.3346 ], [ -3.4702, 40.3342 ], [ -3.4703, 40.3342 ], [ -3.4716, 40.3317 ], [ -3.4717, 40.3313 ], [ -3.4717, 40.331 ], [ -3.4716, 40.331 ], [ -3.4717, 40.3301 ], [ -3.4716, 40.3297 ] ] ] } },
{ "type": "Feature", "properties": { "municipio": "Arganda del Rey", "clasificacion": "no-urbanizable-protegido", "calificacion": "sin-asignar", "version": "vigente", "fuente": "SIT-CAM WFS — UsoDelSuelo:VPLA_V_CLASIFICACION (https://idem.comunidad.madrid/geosrvg/ows)", "fecha_dato": "2026-05-12", "ambito": "38587", "_raw_CD_SIGLAS": "SNUP_A", "_raw_DS_CLASIF_GEN": "Suelo No Urbanizable Protegido (APLAZADO)", "_raw_DS_CLASIF_DET": "Suelo No Urbanizable Parque Regional del Sureste Zona E", "_raw_DS_DOCU": "PLAN GENERAL", "_raw_DS_LEY": "CM Ley 9/1995, E RDL 1/1992, E RD 1346/1976", "_raw_FC_AC": "1999-01-14", "_raw_NM_AREA_M2": 343720.54203770799, "_cam_code": "014" }, "geometry": { "type": "Polygon", "coordinates": [ [ [ -3.4998, 40.2942 ], [ -3.4973, 40.2952 ], [ -3.4974, 40.2954 ], [ -3.498, 40.2961 ], [ -3.4985, 40.2971 ], [ -3.4995, 40.2983 ], [ -3.4996, 40.2986 ], [ -3.4998, 40.2987 ], [ -3.5002, 40.2994 ], [ -3.5017, 40.3006 ], [ -3.5035, 40.3011 ], [ -3.5044, 40.3012 ], [ -3.5055, 40.3011 ], [ -3.5063, 40.3008 ], [ -3.5063, 40.3007 ], [ -3.5068, 40.3006 ], [ -3.5074, 40.3 ], [ -3.5079, 40.2992 ], [ -3.5079, 40.2991 ], [ -3.506, 40.2987 ], [ -3.5025, 40.2953 ], [ -3.5011, 40.2948 ], [ -3.5008, 40.2948 ], [ -3.5004, 40.295 ], [ -3.4999, 40.2945 ], [ -3.4998, 40.2942 ] ] ] } },
{ "type": "Feature", "properties": { "municipio": "Arganda del Rey", "clasificacion": "no-urbanizable-protegido", "calificacion": "sin-asignar", "version": "vigente", "fuente": "SIT-CAM WFS — UsoDelSuelo:VPLA_V_CLASIFICACION (https://idem.comunidad.madrid/geosrvg/ows)", "fecha_dato": "2026-05-12", "ambito": "38587", "_raw_CD_SIGLAS": "SNUP_A", "_raw_DS_CLASIF_GEN": "Suelo No Urbanizable Protegido (APLAZADO)", "_raw_DS_CLASIF_DET": "Suelo No Urbanizable Parque Regional del Sureste Zona D", "_raw_DS_DOCU": "PLAN GENERAL", "_raw_DS_LEY": "CM Ley 9/1995, E RDL 1/1992, E RD 1346/1976", "_raw_FC_AC": "1999-01-14", "_raw_NM_AREA_M2": 90798.307874937906, "_cam_code": "014" }, "geometry": { "type": "Polygon", "coordinates": [ [ [ -3.4881, 40.2937 ], [ -3.4896, 40.2938 ], [ -3.4896, 40.2937 ], [ -3.4903, 40.2936 ], [ -3.4903, 40.2935 ], [ -3.4925, 40.2926 ], [ -3.4936, 40.2916 ], [ -3.4922, 40.2904 ], [ -3.4908, 40.2912 ], [ -3.4896, 40.2917 ], [ -3.489, 40.2921 ], [ -3.4888, 40.2921 ], [ -3.4888, 40.2922 ], [ -3.4886, 40.2922 ], [ -3.4882, 40.2926 ], [ -3.4883, 40.2935 ], [ -3.4881, 40.2937 ] ] ] } },
{ "type": "Feature", "properties": { "municipio": "Arganda del Rey", "clasificacion": "no-urbanizable-protegido", "calificacion": "sin-asignar", "version": "vigente", "fuente": "SIT-CAM WFS — UsoDelSuelo:VPLA_V_CLASIFICACION (https://idem.comunidad.madrid/geosrvg/ows)", "fecha_dato": "2026-05-12", "ambito": "38587", "_raw_CD_SIGLAS": "SNUP_A", "_raw_DS_CLASIF_GEN": "Suelo No Urbanizable Protegido (APLAZADO)", "_raw_DS_CLASIF_DET": "Suelo No Urbanizable Parque Regional del Sureste Zona D", "_raw_DS_DOCU": "PLAN GENERAL", "_raw_DS_LEY": "CM Ley 9/1995, E RDL 1/1992, E RD 1346/1976", "_raw_FC_AC": "1999-01-14", "_raw_NM_AREA_M2": 103061.99339996499, "_cam_code": "014" }, "geometry": { "type": "Polygon", "coordinates": [ [ [ -3.4292, 40.2893 ], [ -3.4291, 40.2903 ], [ -3.4337, 40.2909 ], [ -3.4334, 40.2906 ], [ -3.4333, 40.2899 ], [ -3.4328, 40.2891 ], [ -3.4325, 40.2882 ], [ -3.4314, 40.2871 ], [ -3.4308, 40.286 ], [ -3.4307, 40.2865 ], [ -3.4304, 40.2869 ], [ -3.4301, 40.2883 ], [ -3.4292, 40.2893 ] ] ] } },
{ "type": "Feature", "properties": { "municipio": "Arganda del Rey", "clasificacion": "no-urbanizable-protegido", "calificacion": "sin-asignar", "version": "vigente", "fuente": "SIT-CAM WFS — UsoDelSuelo:VPLA_V_CLASIFICACION (https://idem.comunidad.madrid/geosrvg/ows)", "fecha_dato": "2026-05-12", "ambito": "38587", "_raw_CD_SIGLAS": "SNUP_A", "_raw_DS_CLASIF_GEN": "Suelo No Urbanizable Protegido (APLAZADO)", "_raw_DS_CLASIF_DET": "Suelo No Urbanizable Protección de Caminos", "_raw_DS_DOCU": "PLAN GENERAL", "_raw_DS_LEY": "CM Ley 9/1995, E RDL 1/1992, E RD 1346/1976", "_raw_FC_AC": "1999-01-14", "_raw_NM_AREA_M2": 7708.6529748617404, "_cam_code": "014" }, "geometry": { "type": "Polygon", "coordinates": [ [ [ -3.5006, 40.2873 ], [ -3.4976, 40.2882 ], [ -3.4924, 40.2903 ], [ -3.4925, 40.2904 ], [ -3.4928, 40.2903 ], [ -3.4977, 40.2883 ], [ -3.5006, 40.2874 ], [ -3.5006, 40.2873 ] ] ] } },
{ "type": "Feature", "properties": { "municipio": "Arganda del Rey", "clasificacion": "no-urbanizable-protegido", "calificacion": "sin-asignar", "version": "vigente", "fuente": "SIT-CAM WFS — UsoDelSuelo:VPLA_V_CLASIFICACION (https://idem.comunidad.madrid/geosrvg/ows)", "fecha_dato": "2026-05-12", "ambito": "38587", "_raw_CD_SIGLAS": "SNUP_A", "_raw_DS_CLASIF_GEN": "Suelo No Urbanizable Protegido (APLAZADO)", "_raw_DS_CLASIF_DET": "Suelo No Urbanizable Parque Regional del Sureste Zona B", "_raw_DS_DOCU": "PLAN GENERAL", "_raw_DS_LEY": "CM Ley 9/1995, E RDL 1/1992, E RD 1346/1976", "_raw_FC_AC": "1999-01-14", "_raw_NM_AREA_M2": 273221.03608761501, "_cam_code": "014" }, "geometry": { "type": "Polygon", "coordinates": [ [ [ -3.434, 40.2854 ], [ -3.4347, 40.2854 ], [ -3.4363, 40.286 ], [ -3.4365, 40.2861 ], [ -3.4366, 40.2866 ], [ -3.4372, 40.2867 ], [ -3.437, 40.2868 ], [ -3.439, 40.2871 ], [ -3.4394, 40.2884 ], [ -3.4403, 40.2885 ], [ -3.4402, 40.2894 ], [ -3.442, 40.2896 ], [ -3.4421, 40.2894 ], [ -3.442, 40.2889 ], [ -3.4418, 40.2887 ], [ -3.4418, 40.2885 ], [ -3.4416, 40.2884 ], [ -3.4417, 40.2878 ], [ -3.4421, 40.2874 ], [ -3.4421, 40.2871 ], [ -3.4429, 40.2864 ], [ -3.4432, 40.2863 ], [ -3.4434, 40.2861 ], [ -3.4434, 40.2859 ], [ -3.4436, 40.2858 ], [ -3.4442, 40.2851 ], [ -3.4443, 40.2851 ], [ -3.4445, 40.2849 ], [ -3.4446, 40.2848 ], [ -3.4438, 40.2853 ], [ -3.4428, 40.2851 ], [ -3.4421, 40.2848 ], [ -3.4421, 40.2847 ], [ -3.4411, 40.2849 ], [ -3.4409, 40.2851 ], [ -3.4405, 40.2851 ], [ -3.4402, 40.2848 ], [ -3.4389, 40.2848 ], [ -3.4383, 40.2846 ], [ -3.4381, 40.2843 ], [ -3.4375, 40.2841 ], [ -3.4365, 40.2842 ], [ -3.4363, 40.284 ], [ -3.4361, 40.284 ], [ -3.436, 40.2842 ], [ -3.4357, 40.2842 ], [ -3.4357, 40.2843 ], [ -3.4348, 40.2843 ], [ -3.4348, 40.2842 ], [ -3.4342, 40.2841 ], [ -3.4342, 40.284 ], [ -3.4339, 40.284 ], [ -3.4339, 40.2839 ], [ -3.4329, 40.2841 ], [ -3.4327, 40.2839 ], [ -3.4325, 40.2839 ], [ -3.4325, 40.2838 ], [ -3.4323, 40.2838 ], [ -3.4311, 40.2842 ], [ -3.43, 40.2835 ], [ -3.4303, 40.284 ], [ -3.4305, 40.2847 ], [ -3.4311, 40.2851 ], [ -3.4325, 40.2854 ], [ -3.4331, 40.2853 ], [ -3.4335, 40.2854 ], [ -3.4339, 40.2853 ], [ -3.434, 40.2854 ] ] ] } },
{ "type": "Feature", "properties": { "municipio": "Arganda del Rey", "clasificacion": "no-urbanizable-protegido", "calificacion": "sin-asignar", "version": "vigente", "fuente": "SIT-CAM WFS — UsoDelSuelo:VPLA_V_CLASIFICACION (https://idem.comunidad.madrid/geosrvg/ows)", "fecha_dato": "2026-05-12", "ambito": "38587", "_raw_CD_SIGLAS": "SNUP_A", "_raw_DS_CLASIF_GEN": "Suelo No Urbanizable Protegido (APLAZADO)", "_raw_DS_CLASIF_DET": "Suelo No Urbanizable Parque Regional del Sureste Zona D", "_raw_DS_DOCU": "PLAN GENERAL", "_raw_DS_LEY": "CM Ley 9/1995, E RDL 1/1992, E RD 1346/1976", "_raw_FC_AC": "1999-01-14", "_raw_NM_AREA_M2": 201441.18058756599, "_cam_code": "014" }, "geometry": { "type": "Polygon", "coordinates": [ [ [ -3.4451, 40.2893 ], [ -3.4463, 40.2895 ], [ -3.4459, 40.289 ], [ -3.4463, 40.2878 ], [ -3.4467, 40.2876 ], [ -3.4489, 40.2874 ], [ -3.4496, 40.2869 ], [ -3.4494, 40.2867 ], [ -3.4486, 40.2864 ], [ -3.4485, 40.2861 ], [ -3.4479, 40.2856 ], [ -3.4476, 40.2855 ], [ -3.4473, 40.2851 ], [ -3.4469, 40.2851 ], [ -3.4467, 40.2849 ], [ -3.4461, 40.2849 ], [ -3.446, 40.2848 ], [ -3.4448, 40.2848 ], [ -3.4448, 40.2849 ], [ -3.4446, 40.2849 ], [ -3.4442, 40.2852 ], [ -3.4441, 40.2855 ], [ -3.4431, 40.2865 ], [ -3.4429, 40.2865 ], [ -3.4426, 40.2869 ], [ -3.4422, 40.2871 ], [ -3.4422, 40.2875 ], [ -3.4417, 40.288 ], [ -3.4417, 40.2884 ], [ -3.4421, 40.2888 ], [ -3.4422, 40.2895 ], [ -3.4424, 40.2894 ], [ -3.4424, 40.2895 ], [ -3.4428, 40.2895 ], [ -3.4429, 40.2894 ], [ -3.4451, 40.2893 ] ] ] } },
{ "type": "Feature", "properties": { "municipio": "Arganda del Rey", "clasificacion": "no-urbanizable-protegido", "calificacion": "sin-asignar", "version": "vigente", "fuente": "SIT-CAM WFS — UsoDelSuelo:VPLA_V_CLASIFICACION (https://idem.comunidad.madrid/geosrvg/ows)", "fecha_dato": "2026-05-12", "ambito": "38587", "_raw_CD_SIGLAS": "SNUP_A", "_raw_DS_CLASIF_GEN": "Suelo No Urbanizable Protegido (APLAZADO)", "_raw_DS_CLASIF_DET": "Suelo No Urbanizable Protección de Vegas", "_raw_DS_DOCU": "PLAN GENERAL", "_raw_DS_LEY": "CM Ley 9/1995, E RDL 1/1992, E RD 1346/1976", "_raw_FC_AC": "1999-01-14", "_raw_NM_AREA_M2": 173763.91672487601, "_cam_code": "014" }, "geometry": { "type": "Polygon", "coordinates": [ [ [ -3.4157, 40.3001 ], [ -3.4168, 40.3005 ], [ -3.4178, 40.3005 ], [ -3.4183, 40.3009 ], [ -3.4195, 40.3008 ], [ -3.4202, 40.2998 ], [ -3.4209, 40.2999 ], [ -3.4211, 40.3001 ], [ -3.4227, 40.3002 ], [ -3.4228, 40.3003 ], [ -3.4231, 40.2998 ], [ -3.4232, 40.2999 ], [ -3.4236, 40.2995 ], [ -3.4238, 40.2995 ], [ -3.4238, 40.2994 ], [ -3.4244, 40.2991 ], [ -3.4247, 40.2991 ], [ -3.4247, 40.2989 ], [ -3.4241, 40.2986 ], [ -3.4228, 40.2986 ], [ -3.4223, 40.2982 ], [ -3.422, 40.2975 ], [ -3.4213, 40.2974 ], [ -3.4203, 40.297 ], [ -3.4195, 40.2969 ], [ -3.419, 40.2974 ], [ -3.4178, 40.2982 ], [ -3.4174, 40.2987 ], [ -3.417, 40.2988 ], [ -3.4164, 40.2994 ], [ -3.4164, 40.2996 ], [ -3.4166, 40.2998 ], [ -3.4165, 40.3 ], [ -3.4163, 40.3001 ], [ -3.4154, 40.3 ], [ -3.4154, 40.3001 ], [ -3.4151, 40.3002 ], [ -3.4157, 40.3001 ] ] ] } },
{ "type": "Feature", "properties": { "municipio": "Arganda del Rey", "clasificacion": "no-urbanizable-protegido", "calificacion": "sin-asignar", "version": "vigente", "fuente": "SIT-CAM WFS — UsoDelSuelo:VPLA_V_CLASIFICACION (https://idem.comunidad.madrid/geosrvg/ows)", "fecha_dato": "2026-05-12", "ambito": "38587", "_raw_CD_SIGLAS": "SNUP_A", "_raw_DS_CLASIF_GEN": "Suelo No Urbanizable Protegido (APLAZADO)", "_raw_DS_CLASIF_DET": "Suelo No Urbanizable Parque Regional del Sureste Zona D", "_raw_DS_DOCU": "PLAN GENERAL", "_raw_DS_LEY": "CM Ley 9/1995, E RDL 1/1992, E RD 1346/1976", "_raw_FC_AC": "1999-01-14", "_raw_NM_AREA_M2": 669.57412507918798, "_cam_code": "014" }, "geometry": { "type": "Polygon", "coordinates": [ [ [ -3.4531, 40.2851 ], [ -3.4537, 40.286 ], [ -3.4538, 40.2862 ], [ -3.4537, 40.2858 ], [ -3.4531, 40.2851 ] ] ] } },
{ "type": "Feature", "properties": { "municipio": "Arganda del Rey", "clasificacion": "no-urbanizable-protegido", "calificacion": "sin-asignar", "version": "vigente", "fuente": "SIT-CAM WFS — UsoDelSuelo:VPLA_V_CLASIFICACION (https://idem.comunidad.madrid/geosrvg/ows)", "fecha_dato": "2026-05-12", "ambito": "38587", "_raw_CD_SIGLAS": "SNUP_A", "_raw_DS_CLASIF_GEN": "Suelo No Urbanizable Protegido (APLAZADO)", "_raw_DS_CLASIF_DET": "Suelo No Urbanizable Protección de Vías Pecuarias", "_raw_DS_DOCU": "PLAN GENERAL", "_raw_DS_LEY": "CM Ley 9/1995, E RDL 1/1992, E RD 1346/1976", "_raw_FC_AC": "1999-01-14", "_raw_NM_AREA_M2": 152334.72907514399, "_cam_code": "014" }, "geometry": { "type": "Polygon", "coordinates": [ [ [ -3.4372, 40.3145 ], [ -3.4386, 40.3146 ], [ -3.4391, 40.3148 ], [ -3.4405, 40.315 ], [ -3.44, 40.3147 ], [ -3.4372, 40.3143 ], [ -3.4366, 40.3143 ], [ -3.4362, 40.3144 ], [ -3.4362, 40.3145 ], [ -3.4354, 40.3144 ], [ -3.4351, 40.3145 ], [ -3.4336, 40.3145 ], [ -3.4336, 40.3146 ], [ -3.4321, 40.3146 ], [ -3.431, 40.3144 ], [ -3.431, 40.3143 ], [ -3.4307, 40.3142 ], [ -3.4306, 40.3138 ], [ -3.4296, 40.3128 ], [ -3.4294, 40.3128 ], [ -3.4293, 40.3126 ], [ -3.429, 40.3126 ], [ -3.4287, 40.3123 ], [ -3.4281, 40.3121 ], [ -3.4275, 40.3116 ], [ -3.4262, 40.3112 ], [ -3.4262, 40.3111 ], [ -3.4254, 40.3107 ], [ -3.425, 40.31 ], [ -3.4244, 40.3098 ], [ -3.4241, 40.3095 ], [ -3.4236, 40.3093 ], [ -3.4235, 40.3089 ], [ -3.4233, 40.3087 ], [ -3.4231, 40.3087 ], [ -3.4227, 40.3083 ], [ -3.4226, 40.3074 ], [ -3.4224, 40.3072 ], [ -3.4217, 40.307 ], [ -3.4197, 40.306 ], [ -3.4188, 40.3057 ], [ -3.4181, 40.305 ], [ -3.4181, 40.3048 ], [ -3.4176, 40.3044 ], [ -3.4171, 40.3043 ], [ -3.4168, 40.304 ], [ -3.4161, 40.3037 ], [ -3.4151, 40.3028 ], [ -3.4137, 40.3026 ], [ -3.4127, 40.3023 ], [ -3.4127, 40.3022 ], [ -3.4119, 40.3022 ], [ -3.4119, 40.3021 ], [ -3.4116, 40.302 ], [ -3.4113, 40.302 ], [ -3.4113, 40.3019 ], [ -3.4105, 40.3018 ], [ -3.4106, 40.3014 ], [ -3.4105, 40.3008 ], [ -3.4107, 40.3006 ], [ -3.4107, 40.3004 ], [ -3.4106, 40.3004 ], [ -3.4106, 40.3 ], [ -3.4107, 40.3 ], [ -3.4107, 40.2994 ], [ -3.4106, 40.2993 ], [ -3.4107, 40.2993 ], [ -3.4107, 40.2991 ], [ -3.4106, 40.2991 ], [ -3.4105, 40.2988 ], [ -3.409, 40.2975 ], [ -3.4087, 40.2971 ], [ -3.4078, 40.2966 ], [ -3.4058, 40.295 ], [ -3.4049, 40.2945 ], [ -3.4049, 40.2939 ], [ -3.4042, 40.293 ], [ -3.4038, 40.2916 ], [ -3.4028, 40.2904 ], [ -3.4026, 40.2894 ], [ -3.4027, 40.2892 ], [ -3.4026, 40.288 ], [ -3.4028, 40.2876 ], [ -3.4029, 40.2867 ], [ -3.4027, 40.2864 ], [ -3.4027, 40.2855 ], [ -3.4025, 40.2853 ], [ -3.4025, 40.2862 ], [ -3.4017, 40.2861 ], [ -3.4006, 40.2875 ], [ -3.4006, 40.2877 ], [ -3.4003, 40.2879 ], [ -3.4003, 40.2883 ], [ -3.3999, 40.2884 ], [ -3.3995, 40.2887 ], [ -3.3995, 40.2892 ], [ -3.3989, 40.2898 ], [ -3.3989, 40.2905 ], [ -3.3986, 40.2908 ], [ -3.3983, 40.2907 ], [ -3.3983, 40.2908 ], [ -3.3978, 40.2909 ], [ -3.3978, 40.2911 ], [ -3.3976, 40.2913 ], [ -3.3975, 40.2921 ], [ -3.3969, 40.2927 ], [ -3.3969, 40.293 ], [ -3.3968, 40.293 ], [ -3.3968, 40.2932 ], [ -3.3969, 40.2932 ], [ -3.397, 40.2936 ], [ -3.3972, 40.2937 ], [ -3.3973, 40.2941 ], [ -3.3972, 40.2948 ], [ -3.3973, 40.2949 ], [ -3.397, 40.2955 ], [ -3.3972, 40.2958 ], [ -3.3971, 40.296 ], [ -3.3974, 40.2962 ], [ -3.3974, 40.2965 ], [ -3.3978, 40.2969 ], [ -3.399, 40.2977 ], [ -3.399, 40.298 ], [ -3.3991, 40.298 ], [ -3.3993, 40.2985 ], [ -3.3994, 40.2993 ], [ -3.3998, 40.2998 ], [ -3.4002, 40.3 ], [ -3.4007, 40.3005 ], [ -3.4004, 40.3008 ], [ -3.4005, 40.3013 ], [ -3.4001, 40.3022 ], [ -3.3996, 40.3028 ], [ -3.3991, 40.3031 ], [ -3.3989, 40.3036 ], [ -3.3986, 40.3038 ], [ -3.3985, 40.3042 ], [ -3.3991, 40.3037 ], [ -3.3993, 40.3032 ], [ -3.4003, 40.3023 ], [ -3.4005, 40.3017 ], [ -3.4008, 40.3013 ], [ -3.4007, 40.3008 ], [ -3.401, 40.3004 ], [ -3.4, 40.2997 ], [ -3.3996, 40.2992 ], [ -3.3996, 40.2987 ], [ -3.3993, 40.2981 ], [ -3.3993, 40.2977 ], [ -3.399, 40.2974 ], [ -3.3985, 40.2972 ], [ -3.3976, 40.2964 ], [ -3.3976, 40.2961 ], [ -3.3974, 40.296 ], [ -3.3973, 40.2956 ], [ -3.3975, 40.295 ], [ -3.3975, 40.294 ], [ -3.3974, 40.294 ], [ -3.3974, 40.2936 ], [ -3.3971, 40.2933 ], [ -3.3971, 40.2928 ], [ -3.3977, 40.2923 ], [ -3.3978, 40.2915 ], [ -3.3979, 40.2915 ], [ -3.398, 40.291 ], [ -3.3983, 40.2909 ], [ -3.3986, 40.291 ], [ -3.3991, 40.2906 ], [ -3.3992, 40.2903 ], [ -3.3991, 40.2899 ], [ -3.3997, 40.2893 ], [ -3.3997, 40.2889 ], [ -3.4001, 40.2885 ], [ -3.4005, 40.2884 ], [ -3.4005, 40.288 ], [ -3.4008, 40.2878 ], [ -3.4016, 40.2865 ], [ -3.402, 40.2862 ], [ -3.4025, 40.2863 ], [ -3.4026, 40.2866 ], [ -3.4026, 40.2876 ], [ -3.4024, 40.2879 ], [ -3.4025, 40.2903 ], [ -3.4026, 40.2903 ], [ -3.4027, 40.2907 ], [ -3.403, 40.2909 ], [ -3.4036, 40.2917 ], [ -3.404, 40.2932 ], [ -3.4046, 40.2937 ], [ -3.4047, 40.2946 ], [ -3.4054, 40.295 ], [ -3.4075, 40.2966 ], [ -3.408, 40.2968 ], [ -3.4096, 40.2984 ], [ -3.4099, 40.2985 ], [ -3.4103, 40.2989 ], [ -3.4104, 40.2991 ], [ -3.4103, 40.3019 ], [ -3.4113, 40.3021 ], [ -3.4116, 40.3023 ], [ -3.4127, 40.3024 ], [ -3.4133, 40.3027 ], [ -3.4138, 40.3027 ], [ -3.415, 40.303 ], [ -3.4155, 40.3035 ], [ -3.4179, 40.3049 ], [ -3.4179, 40.3051 ], [ -3.4186, 40.3058 ], [ -3.4193, 40.3061 ], [ -3.4196, 40.3061 ], [ -3.4207, 40.3068 ], [ -3.4223, 40.3074 ], [ -3.4225, 40.3084 ], [ -3.4233, 40.309 ], [ -3.4233, 40.3093 ], [ -3.4235, 40.3095 ], [ -3.4239, 40.3096 ], [ -3.4243, 40.31 ], [ -3.4248, 40.3101 ], [ -3.4252, 40.3108 ], [ -3.4256, 40.311 ], [ -3.4256, 40.3111 ], [ -3.4264, 40.3114 ], [ -3.4264, 40.3115 ], [ -3.427, 40.3116 ], [ -3.4279, 40.3121 ], [ -3.428, 40.3123 ], [ -3.4285, 40.3124 ], [ -3.4286, 40.3126 ], [ -3.4292, 40.3128 ], [ -3.4304, 40.3139 ], [ -3.4305, 40.3143 ], [ -3.4308, 40.3144 ], [ -3.4308, 40.3145 ], [ -3.4321, 40.3148 ], [ -3.4335, 40.3148 ], [ -3.4336, 40.3147 ], [ -3.4372, 40.3145 ] ] ] } },
{ "type": "Feature", "properties": { "municipio": "Arganda del Rey", "clasificacion": "no-urbanizable-protegido", "calificacion": "sin-asignar", "version": "vigente", "fuente": "SIT-CAM WFS — UsoDelSuelo:VPLA_V_CLASIFICACION (https://idem.comunidad.madrid/geosrvg/ows)", "fecha_dato": "2026-05-12", "ambito": "38587", "_raw_CD_SIGLAS": "SNUP_A", "_raw_DS_CLASIF_GEN": "Suelo No Urbanizable Protegido (APLAZADO)", "_raw_DS_CLASIF_DET": "Suelo No Urbanizable Parque Regional del Sureste Zona E", "_raw_DS_DOCU": "PLAN GENERAL", "_raw_DS_LEY": "CM Ley 9/1995, E RDL 1/1992, E RD 1346/1976", "_raw_FC_AC": "1999-01-14", "_raw_NM_AREA_M2": 215630.95882511101, "_cam_code": "014" }, "geometry": { "type": "Polygon", "coordinates": [ [ [ -3.5194, 40.2938 ], [ -3.5179, 40.2943 ], [ -3.5169, 40.2952 ], [ -3.5163, 40.2955 ], [ -3.5158, 40.2961 ], [ -3.5152, 40.2964 ], [ -3.5152, 40.2965 ], [ -3.5132, 40.2971 ], [ -3.5122, 40.2976 ], [ -3.5114, 40.2983 ], [ -3.5096, 40.2987 ], [ -3.5096, 40.2988 ], [ -3.5089, 40.299 ], [ -3.5092, 40.3011 ], [ -3.5104, 40.3002 ], [ -3.5124, 40.2994 ], [ -3.5143, 40.2993 ], [ -3.5143, 40.2992 ], [ -3.5178, 40.2975 ], [ -3.5198, 40.2943 ], [ -3.5195, 40.2942 ], [ -3.5194, 40.2938 ] ] ] } },
{ "type": "Feature", "properties": { "municipio": "Arganda del Rey", "clasificacion": "no-urbanizable-protegido", "calificacion": "sin-asignar", "version": "vigente", "fuente": "SIT-CAM WFS — UsoDelSuelo:VPLA_V_CLASIFICACION (https://idem.comunidad.madrid/geosrvg/ows)", "fecha_dato": "2026-05-12", "ambito": "38587", "_raw_CD_SIGLAS": "SNUP_A", "_raw_DS_CLASIF_GEN": "Suelo No Urbanizable Protegido (APLAZADO)", "_raw_DS_CLASIF_DET": "Suelo No Urbanizable Protección de Caminos", "_raw_DS_DOCU": "PLAN GENERAL", "_raw_DS_LEY": "CM Ley 9/1995, E RDL 1/1992, E RD 1346/1976", "_raw_FC_AC": "1999-01-14", "_raw_NM_AREA_M2": 3719.2369250096699, "_cam_code": "014" }, "geometry": { "type": "Polygon", "coordinates": [ [ [ -3.4514, 40.2774 ], [ -3.4514, 40.2778 ], [ -3.4509, 40.2791 ], [ -3.4509, 40.2803 ], [ -3.4508, 40.2805 ], [ -3.4509, 40.281 ], [ -3.451, 40.2792 ], [ -3.4513, 40.2781 ], [ -3.4515, 40.2778 ], [ -3.4514, 40.2774 ] ] ] } },
{ "type": "Feature", "properties": { "municipio": "Arganda del Rey", "clasificacion": "no-urbanizable-protegido", "calificacion": "sin-asignar", "version": "vigente", "fuente": "SIT-CAM WFS — UsoDelSuelo:VPLA_V_CLASIFICACION (https://idem.comunidad.madrid/geosrvg/ows)", "fecha_dato": "2026-05-12", "ambito": "38587", "_raw_CD_SIGLAS": "SNUP_A", "_raw_DS_CLASIF_GEN": "Suelo No Urbanizable Protegido (APLAZADO)", "_raw_DS_CLASIF_DET": "Suelo No Urbanizable Parque Regional del Sureste Zona D", "_raw_DS_DOCU": "PLAN GENERAL", "_raw_DS_LEY": "CM Ley 9/1995, E RDL 1/1992, E RD 1346/1976", "_raw_FC_AC": "1999-01-14", "_raw_NM_AREA_M2": 545517.21366246499, "_cam_code": "014" }, "geometry": { "type": "Polygon", "coordinates": [ [ [ -3.4615, 40.2735 ], [ -3.4612, 40.2744 ], [ -3.462, 40.2748 ], [ -3.4619, 40.2751 ], [ -3.462, 40.2758 ], [ -3.4619, 40.2758 ], [ -3.4618, 40.2762 ], [ -3.462, 40.2765 ], [ -3.4626, 40.2766 ], [ -3.4626, 40.2768 ], [ -3.4618, 40.2776 ], [ -3.4618, 40.278 ], [ -3.4623, 40.2785 ], [ -3.4627, 40.2786 ], [ -3.4633, 40.2793 ], [ -3.464, 40.2796 ], [ -3.4645, 40.2803 ], [ -3.4653, 40.2808 ], [ -3.4656, 40.2808 ], [ -3.4656, 40.2809 ], [ -3.4664, 40.2808 ], [ -3.4676, 40.28 ], [ -3.4676, 40.2799 ], [ -3.4679, 40.2798 ], [ -3.4684, 40.2792 ], [ -3.4694, 40.2787 ], [ -3.4697, 40.2778 ], [ -3.4704, 40.2771 ], [ -3.4704, 40.2769 ], [ -3.4708, 40.2763 ], [ -3.4713, 40.2758 ], [ -3.4713, 40.275 ], [ -3.4706, 40.274 ], [ -3.4701, 40.2738 ], [ -3.4684, 40.2738 ], [ -3.467, 40.2732 ], [ -3.4662, 40.2727 ], [ -3.4654, 40.2717 ], [ -3.4642, 40.272 ], [ -3.4635, 40.2727 ], [ -3.4623, 40.2728 ], [ -3.4615, 40.2735 ] ] ] } },
{ "type": "Feature", "properties": { "municipio": "Arganda del Rey", "clasificacion": "no-urbanizable-protegido", "calificacion": "sin-asignar", "version": "vigente", "fuente": "SIT-CAM WFS — UsoDelSuelo:VPLA_V_CLASIFICACION (https://idem.comunidad.madrid/geosrvg/ows)", "fecha_dato": "2026-05-12", "ambito": "38587", "_raw_CD_SIGLAS": "SNUP_A", "_raw_DS_CLASIF_GEN": "Suelo No Urbanizable Protegido (APLAZADO)", "_raw_DS_CLASIF_DET": "Suelo No Urbanizable Protección de Caminos", "_raw_DS_DOCU": "PLAN GENERAL", "_raw_DS_LEY": "CM Ley 9/1995, E RDL 1/1992, E RD 1346/1976", "_raw_FC_AC": "1999-01-14", "_raw_NM_AREA_M2": 16278.0533375049, "_cam_code": "014" }, "geometry": { "type": "Polygon", "coordinates": [ [ [ -3.4882, 40.2873 ], [ -3.4865, 40.2879 ], [ -3.4865, 40.288 ], [ -3.4857, 40.2884 ], [ -3.4851, 40.2886 ], [ -3.4845, 40.289 ], [ -3.4843, 40.289 ], [ -3.4843, 40.2891 ], [ -3.4841, 40.2891 ], [ -3.4841, 40.2892 ], [ -3.4838, 40.2892 ], [ -3.4838, 40.2893 ], [ -3.4836, 40.2893 ], [ -3.4797, 40.2913 ], [ -3.4776, 40.2925 ], [ -3.4773, 40.2928 ], [ -3.4765, 40.2931 ], [ -3.4754, 40.2941 ], [ -3.4728, 40.296 ], [ -3.473, 40.296 ], [ -3.4737, 40.2955 ], [ -3.4767, 40.2931 ], [ -3.4776, 40.2927 ], [ -3.4801, 40.2912 ], [ -3.4827, 40.29 ], [ -3.4836, 40.2894 ], [ -3.4838, 40.2894 ], [ -3.4838, 40.2893 ], [ -3.4843, 40.2892 ], [ -3.4847, 40.2889 ], [ -3.486, 40.2884 ], [ -3.486, 40.2883 ], [ -3.4873, 40.2877 ], [ -3.4883, 40.2874 ], [ -3.4882, 40.2873 ] ] ] } },
{ "type": "Feature", "properties": { "municipio": "Arganda del Rey", "clasificacion": "no-urbanizable-protegido", "calificacion": "sin-asignar", "version": "vigente", "fuente": "SIT-CAM WFS — UsoDelSuelo:VPLA_V_CLASIFICACION (https://idem.comunidad.madrid/geosrvg/ows)", "fecha_dato": "2026-05-12", "ambito": "38587", "_raw_CD_SIGLAS": "SNUP_A", "_raw_DS_CLASIF_GEN": "Suelo No Urbanizable Protegido (APLAZADO)", "_raw_DS_CLASIF_DET": "Suelo No Urbanizable Protección de Vegas", "_raw_DS_DOCU": "PLAN GENERAL", "_raw_DS_LEY": "CM Ley 9/1995, E RDL 1/1992, E RD 1346/1976", "_raw_FC_AC": "1999-01-14", "_raw_NM_AREA_M2": 249379.01386276999, "_cam_code": "014" }, "geometry": { "type": "Polygon", "coordinates": [ [ [ -3.3957, 40.2961 ], [ -3.3967, 40.2963 ], [ -3.3971, 40.2966 ], [ -3.3975, 40.2966 ], [ -3.3974, 40.2962 ], [ -3.3971, 40.296 ], [ -3.3972, 40.2958 ], [ -3.397, 40.2956 ], [ -3.3973, 40.2949 ], [ -3.3972, 40.2948 ], [ -3.3973, 40.2941 ], [ -3.3972, 40.2937 ], [ -3.397, 40.2936 ], [ -3.3969, 40.2932 ], [ -3.3968, 40.2932 ], [ -3.3968, 40.293 ], [ -3.3969, 40.293 ], [ -3.3969, 40.2927 ], [ -3.3975, 40.2921 ], [ -3.3976, 40.2913 ], [ -3.3978, 40.2911 ], [ -3.3978, 40.2909 ], [ -3.3983, 40.2908 ], [ -3.3983, 40.2907 ], [ -3.3986, 40.2908 ], [ -3.3988, 40.2906 ], [ -3.398, 40.2903 ], [ -3.398, 40.2902 ], [ -3.3965, 40.2898 ], [ -3.3959, 40.289 ], [ -3.3957, 40.289 ], [ -3.3949, 40.2888 ], [ -3.3948, 40.2888 ], [ -3.3949, 40.2888 ], [ -3.3948, 40.2892 ], [ -3.3949, 40.2899 ], [ -3.3955, 40.2905 ], [ -3.3958, 40.2913 ], [ -3.3957, 40.2913 ], [ -3.3951, 40.2923 ], [ -3.3946, 40.2927 ], [ -3.3945, 40.2933 ], [ -3.3938, 40.2936 ], [ -3.3935, 40.2936 ], [ -3.3928, 40.2942 ], [ -3.3916, 40.2944 ], [ -3.391, 40.2943 ], [ -3.3908, 40.2949 ], [ -3.3902, 40.2947 ], [ -3.3894, 40.2949 ], [ -3.3896, 40.2954 ], [ -3.3897, 40.2954 ], [ -3.3897, 40.2957 ], [ -3.39, 40.296 ], [ -3.3904, 40.296 ], [ -3.3908, 40.2962 ], [ -3.3912, 40.2961 ], [ -3.392, 40.2962 ], [ -3.3923, 40.296 ], [ -3.3935, 40.2961 ], [ -3.3938, 40.2963 ], [ -3.3957, 40.2961 ] ] ] } },
{ "type": "Feature", "properties": { "municipio": "Arganda del Rey", "clasificacion": "no-urbanizable-protegido", "calificacion": "sin-asignar", "version": "vigente", "fuente": "SIT-CAM WFS — UsoDelSuelo:VPLA_V_CLASIFICACION (https://idem.comunidad.madrid/geosrvg/ows)", "fecha_dato": "2026-05-12", "ambito": "38587", "_raw_CD_SIGLAS": "SNUP_A", "_raw_DS_CLASIF_GEN": "Suelo No Urbanizable Protegido (APLAZADO)", "_raw_DS_CLASIF_DET": "Suelo No Urbanizable Protección de Vías de Comunicación", "_raw_DS_DOCU": "PLAN GENERAL", "_raw_DS_LEY": "CM Ley 9/1995, E RDL 1/1992, E RD 1346/1976", "_raw_FC_AC": "1999-01-14", "_raw_NM_AREA_M2": 1018302.6199002001, "_cam_code": "014" }, "geometry": { "type": "Polygon", "coordinates": [ [ [ -3.4194, 40.2955 ], [ -3.4201, 40.2958 ], [ -3.4209, 40.2958 ], [ -3.4225, 40.2952 ], [ -3.4225, 40.2951 ], [ -3.4245, 40.2947 ], [ -3.4245, 40.2946 ], [ -3.4256, 40.2949 ], [ -3.4255, 40.2947 ], [ -3.4258, 40.2944 ], [ -3.4255, 40.294 ], [ -3.4257, 40.2939 ], [ -3.4257, 40.2937 ], [ -3.4256, 40.2937 ], [ -3.4256, 40.2927 ], [ -3.426, 40.2915 ], [ -3.426, 40.2905 ], [ -3.4251, 40.2877 ], [ -3.425, 40.2877 ], [ -3.4249, 40.2874 ], [ -3.4241, 40.2867 ], [ -3.4231, 40.2861 ], [ -3.4178, 40.2846 ], [ -3.4174, 40.2842 ], [ -3.4171, 40.2833 ], [ -3.4167, 40.2829 ], [ -3.4144, 40.282 ], [ -3.4116, 40.2789 ], [ -3.4082, 40.2748 ], [ -3.4068, 40.2729 ], [ -3.4062, 40.2723 ], [ -3.404, 40.2708 ], [ -3.4014, 40.2693 ], [ -3.4011, 40.269 ], [ -3.4011, 40.2683 ], [ -3.4013, 40.268 ], [ -3.4027, 40.2674 ], [ -3.4055, 40.2656 ], [ -3.4064, 40.2652 ], [ -3.407, 40.2651 ], [ -3.4074, 40.2643 ], [ -3.4088, 40.2641 ], [ -3.4087, 40.2635 ], [ -3.4065, 40.2638 ], [ -3.4045, 40.2645 ], [ -3.4033, 40.2651 ], [ -3.4013, 40.2664 ], [ -3.4002, 40.2668 ], [ -3.3993, 40.2669 ], [ -3.3993, 40.267 ], [ -3.3979, 40.267 ], [ -3.3979, 40.2669 ], [ -3.3967, 40.2666 ], [ -3.3952, 40.2657 ], [ -3.394, 40.2662 ], [ -3.393, 40.2662 ], [ -3.3916, 40.2656 ], [ -3.3916, 40.2655 ], [ -3.39, 40.2645 ], [ -3.3891, 40.2637 ], [ -3.3825, 40.259 ], [ -3.3806, 40.258 ], [ -3.3789, 40.2595 ], [ -3.3792, 40.2598 ], [ -3.3798, 40.26 ], [ -3.3813, 40.2609 ], [ -3.3847, 40.2635 ], [ -3.3896, 40.267 ], [ -3.3907, 40.2676 ], [ -3.3938, 40.2686 ], [ -3.3997, 40.2692 ], [ -3.4004, 40.2694 ], [ -3.4057, 40.2726 ], [ -3.411, 40.2792 ], [ -3.4121, 40.2803 ], [ -3.4137, 40.2822 ], [ -3.4141, 40.2825 ], [ -3.4143, 40.2825 ], [ -3.4143, 40.2826 ], [ -3.4162, 40.2833 ], [ -3.4165, 40.2836 ], [ -3.4168, 40.2845 ], [ -3.4173, 40.285 ], [ -3.4175, 40.285 ], [ -3.4177, 40.2852 ], [ -3.4228, 40.2866 ], [ -3.4244, 40.2878 ], [ -3.4253, 40.2906 ], [ -3.4253, 40.2914 ], [ -3.4248, 40.2931 ], [ -3.4249, 40.2932 ], [ -3.4249, 40.2938 ], [ -3.4252, 40.2945 ], [ -3.4248, 40.2944 ], [ -3.4248, 40.2943 ], [ -3.4243, 40.2943 ], [ -3.4221, 40.2949 ], [ -3.4207, 40.2955 ], [ -3.4203, 40.2955 ], [ -3.4196, 40.2952 ], [ -3.4196, 40.2951 ], [ -3.4183, 40.2951 ], [ -3.4183, 40.295 ], [ -3.4181, 40.295 ], [ -3.4171, 40.2944 ], [ -3.4171, 40.2943 ], [ -3.4151, 40.2944 ], [ -3.4143, 40.2943 ], [ -3.4143, 40.2942 ], [ -3.4108, 40.292 ], [ -3.4106, 40.292 ], [ -3.4102, 40.2916 ], [ -3.4099, 40.291 ], [ -3.4098, 40.291 ], [ -3.4098, 40.2908 ], [ -3.4097, 40.2908 ], [ -3.4097, 40.2905 ], [ -3.4096, 40.2905 ], [ -3.4097, 40.2894 ], [ -3.41, 40.2885 ], [ -3.4099, 40.2885 ], [ -3.4099, 40.2882 ], [ -3.4089, 40.2872 ], [ -3.408, 40.2871 ], [ -3.4077, 40.2872 ], [ -3.407, 40.2878 ], [ -3.4066, 40.2878 ], [ -3.4055, 40.2868 ], [ -3.4027, 40.2851 ], [ -3.4021, 40.2846 ], [ -3.4016, 40.2844 ], [ -3.4012, 40.2843 ], [ -3.3975, 40.2843 ], [ -3.3943, 40.2845 ], [ -3.3943, 40.2844 ], [ -3.3935, 40.2842 ], [ -3.3935, 40.2841 ], [ -3.3931, 40.2841 ], [ -3.3931, 40.284 ], [ -3.3902, 40.2836 ], [ -3.3818, 40.2832 ], [ -3.3815, 40.2835 ], [ -3.3897, 40.2839 ], [ -3.3929, 40.2843 ], [ -3.3929, 40.2844 ], [ -3.3933, 40.2844 ], [ -3.3946, 40.2849 ], [ -3.3976, 40.2847 ], [ -3.3977, 40.2846 ], [ -3.4015, 40.2847 ], [ -3.4015, 40.2848 ], [ -3.4019, 40.2849 ], [ -3.4031, 40.2858 ], [ -3.4033, 40.2858 ], [ -3.4042, 40.2865 ], [ -3.405, 40.2869 ], [ -3.405, 40.287 ], [ -3.4052, 40.287 ], [ -3.4054, 40.2873 ], [ -3.4064, 40.2881 ], [ -3.4072, 40.2881 ], [ -3.4081, 40.2874 ], [ -3.4087, 40.2875 ], [ -3.4095, 40.2883 ], [ -3.4092, 40.2899 ], [ -3.4092, 40.2906 ], [ -3.4093, 40.2906 ], [ -3.4093, 40.2909 ], [ -3.4094, 40.2909 ], [ -3.4095, 40.2913 ], [ -3.4103, 40.2922 ], [ -3.4141, 40.2945 ], [ -3.4141, 40.2946 ], [ -3.4145, 40.2947 ], [ -3.4169, 40.2946 ], [ -3.4181, 40.2953 ], [ -3.4181, 40.2954 ], [ -3.4194, 40.2954 ], [ -3.4194, 40.2955 ] ] ] } },
{ "type": "Feature", "properties": { "municipio": "Arganda del Rey", "clasificacion": "no-urbanizable-protegido", "calificacion": "sin-asignar", "version": "vigente", "fuente": "SIT-CAM WFS — UsoDelSuelo:VPLA_V_CLASIFICACION (https://idem.comunidad.madrid/geosrvg/ows)", "fecha_dato": "2026-05-12", "ambito": "38587", "_raw_CD_SIGLAS": "SNUP_A", "_raw_DS_CLASIF_GEN": "Suelo No Urbanizable Protegido (APLAZADO)", "_raw_DS_CLASIF_DET": "Suelo No Urbanizable Protección de Vegas", "_raw_DS_DOCU": "PLAN GENERAL", "_raw_DS_LEY": "CM Ley 9/1995, E RDL 1/1992, E RD 1346/1976", "_raw_FC_AC": "1999-01-14", "_raw_NM_AREA_M2": 319223.10074991803, "_cam_code": "014" }, "geometry": { "type": "Polygon", "coordinates": [ [ [ -3.3782, 40.296 ], [ -3.3787, 40.2957 ], [ -3.3792, 40.2956 ], [ -3.3794, 40.2954 ], [ -3.3804, 40.2955 ], [ -3.3811, 40.2952 ], [ -3.3823, 40.295 ], [ -3.3829, 40.2948 ], [ -3.3835, 40.2943 ], [ -3.3841, 40.2943 ], [ -3.3847, 40.2946 ], [ -3.3851, 40.2944 ], [ -3.3852, 40.2939 ], [ -3.3856, 40.294 ], [ -3.3857, 40.2944 ], [ -3.3861, 40.2947 ], [ -3.3868, 40.2949 ], [ -3.3877, 40.2948 ], [ -3.3875, 40.2947 ], [ -3.3874, 40.2944 ], [ -3.3874, 40.2939 ], [ -3.3876, 40.2937 ], [ -3.3875, 40.2925 ], [ -3.3871, 40.2918 ], [ -3.3866, 40.2915 ], [ -3.3865, 40.2913 ], [ -3.386, 40.2912 ], [ -3.3856, 40.2914 ], [ -3.3852, 40.2914 ], [ -3.3843, 40.2909 ], [ -3.3834, 40.2911 ], [ -3.3816, 40.2911 ], [ -3.3799, 40.2916 ], [ -3.3798, 40.2922 ], [ -3.3797, 40.2922 ], [ -3.379, 40.2933 ], [ -3.3774, 40.293 ], [ -3.3767, 40.293 ], [ -3.3768, 40.2939 ], [ -3.3782, 40.296 ] ] ] } },
{ "type": "Feature", "properties": { "municipio": "Arganda del Rey", "clasificacion": "no-urbanizable-protegido", "calificacion": "sin-asignar", "version": "vigente", "fuente": "SIT-CAM WFS — UsoDelSuelo:VPLA_V_CLASIFICACION (https://idem.comunidad.madrid/geosrvg/ows)", "fecha_dato": "2026-05-12", "ambito": "38587", "_raw_CD_SIGLAS": "SNUP_A", "_raw_DS_CLASIF_GEN": "Suelo No Urbanizable Protegido (APLAZADO)", "_raw_DS_CLASIF_DET": "Suelo No Urbanizable Protección de Caminos", "_raw_DS_DOCU": "PLAN GENERAL", "_raw_DS_LEY": "CM Ley 9/1995, E RDL 1/1992, E RD 1346/1976", "_raw_FC_AC": "1999-01-14", "_raw_NM_AREA_M2": 8018.7113750465996, "_cam_code": "014" }, "geometry": { "type": "Polygon", "coordinates": [ [ [ -3.5044, 40.2925 ], [ -3.5018, 40.2933 ], [ -3.4972, 40.2951 ], [ -3.4973, 40.2952 ], [ -3.4995, 40.2944 ], [ -3.5004, 40.2939 ], [ -3.5036, 40.2928 ], [ -3.5043, 40.2927 ], [ -3.5043, 40.2926 ], [ -3.5058, 40.2926 ], [ -3.5059, 40.2927 ], [ -3.5059, 40.2926 ], [ -3.5058, 40.2925 ], [ -3.5044, 40.2925 ] ] ] } },
{ "type": "Feature", "properties": { "municipio": "Arganda del Rey", "clasificacion": "no-urbanizable-protegido", "calificacion": "sin-asignar", "version": "vigente", "fuente": "SIT-CAM WFS — UsoDelSuelo:VPLA_V_CLASIFICACION (https://idem.comunidad.madrid/geosrvg/ows)", "fecha_dato": "2026-05-12", "ambito": "38587", "_raw_CD_SIGLAS": "SNUP_A", "_raw_DS_CLASIF_GEN": "Suelo No Urbanizable Protegido (APLAZADO)", "_raw_DS_CLASIF_DET": "Suelo No Urbanizable Protección de Cauces de Agua", "_raw_DS_DOCU": "PLAN GENERAL", "_raw_DS_LEY": "CM Ley 9/1995, E RDL 1/1992, E RD 1346/1976", "_raw_FC_AC": "1999-01-14", "_raw_NM_AREA_M2": 3936.8034250105402, "_cam_code": "014" }, "geometry": { "type": "Polygon", "coordinates": [ [ [ -3.4422, 40.3162 ], [ -3.4433, 40.3165 ], [ -3.4433, 40.3166 ], [ -3.4437, 40.3165 ], [ -3.4437, 40.3164 ], [ -3.4426, 40.3161 ], [ -3.4416, 40.3161 ], [ -3.4415, 40.3163 ], [ -3.4417, 40.3164 ], [ -3.4422, 40.3162 ] ] ] } },
{ "type": "Feature", "properties": { "municipio": "Arganda del Rey", "clasificacion": "no-urbanizable-protegido", "calificacion": "sin-asignar", "version": "vigente", "fuente": "SIT-CAM WFS — UsoDelSuelo:VPLA_V_CLASIFICACION (https://idem.comunidad.madrid/geosrvg/ows)", "fecha_dato": "2026-05-12", "ambito": "38587", "_raw_CD_SIGLAS": "SNUP_A", "_raw_DS_CLASIF_GEN": "Suelo No Urbanizable Protegido (APLAZADO)", "_raw_DS_CLASIF_DET": "Suelo No Urbanizable Protección de Cauces de Agua", "_raw_DS_DOCU": "PLAN GENERAL", "_raw_DS_LEY": "CM Ley 9/1995, E RDL 1/1992, E RD 1346/1976", "_raw_FC_AC": "1999-01-14", "_raw_NM_AREA_M2": 48292.440437480698, "_cam_code": "014" }, "geometry": { "type": "Polygon", "coordinates": [ [ [ -3.44, 40.3159 ], [ -3.4414, 40.3164 ], [ -3.4414, 40.3162 ], [ -3.4412, 40.316 ], [ -3.441, 40.316 ], [ -3.441, 40.3159 ], [ -3.4402, 40.3158 ], [ -3.44, 40.3156 ], [ -3.4395, 40.3158 ], [ -3.4392, 40.3155 ], [ -3.4381, 40.3155 ], [ -3.4381, 40.3156 ], [ -3.4376, 40.3156 ], [ -3.4376, 40.3157 ], [ -3.4369, 40.3157 ], [ -3.4363, 40.3154 ], [ -3.4354, 40.3155 ], [ -3.4354, 40.3154 ], [ -3.435, 40.3152 ], [ -3.434, 40.3149 ], [ -3.433, 40.315 ], [ -3.4323, 40.3149 ], [ -3.4323, 40.3148 ], [ -3.4319, 40.3149 ], [ -3.4316, 40.3153 ], [ -3.4312, 40.3152 ], [ -3.431, 40.315 ], [ -3.4304, 40.3148 ], [ -3.4303, 40.3146 ], [ -3.4294, 40.3142 ], [ -3.429, 40.3138 ], [ -3.4288, 40.3138 ], [ -3.4286, 40.3135 ], [ -3.4276, 40.3129 ], [ -3.4275, 40.3127 ], [ -3.4273, 40.3127 ], [ -3.4268, 40.3123 ], [ -3.4266, 40.3123 ], [ -3.4262, 40.3119 ], [ -3.4258, 40.3118 ], [ -3.4255, 40.3114 ], [ -3.4247, 40.311 ], [ -3.4241, 40.3104 ], [ -3.4239, 40.3104 ], [ -3.4239, 40.3103 ], [ -3.4232, 40.31 ], [ -3.4229, 40.3096 ], [ -3.4227, 40.3097 ], [ -3.4228, 40.31 ], [ -3.4232, 40.3103 ], [ -3.4234, 40.3103 ], [ -3.4234, 40.3104 ], [ -3.4238, 40.3105 ], [ -3.4244, 40.3111 ], [ -3.4252, 40.3115 ], [ -3.4255, 40.3119 ], [ -3.4259, 40.312 ], [ -3.4263, 40.3124 ], [ -3.4265, 40.3124 ], [ -3.4266, 40.3126 ], [ -3.427, 40.3127 ], [ -3.4273, 40.313 ], [ -3.4275, 40.313 ], [ -3.4276, 40.3132 ], [ -3.4278, 40.3132 ], [ -3.4281, 40.3136 ], [ -3.4283, 40.3136 ], [ -3.4285, 40.3139 ], [ -3.429, 40.3141 ], [ -3.4292, 40.3144 ], [ -3.4296, 40.3145 ], [ -3.4301, 40.3149 ], [ -3.4307, 40.3151 ], [ -3.4311, 40.3154 ], [ -3.4317, 40.3155 ], [ -3.4321, 40.3151 ], [ -3.4343, 40.3152 ], [ -3.4352, 40.3155 ], [ -3.4352, 40.3157 ], [ -3.4362, 40.3156 ], [ -3.4369, 40.3159 ], [ -3.439, 40.3157 ], [ -3.4394, 40.316 ], [ -3.4399, 40.316 ], [ -3.44, 40.3159 ] ] ] } },
{ "type": "Feature", "properties": { "municipio": "Arganda del Rey", "clasificacion": "no-urbanizable-protegido", "calificacion": "sin-asignar", "version": "vigente", "fuente": "SIT-CAM WFS — UsoDelSuelo:VPLA_V_CLASIFICACION (https://idem.comunidad.madrid/geosrvg/ows)", "fecha_dato": "2026-05-12", "ambito": "38587", "_raw_CD_SIGLAS": "SNUP_A", "_raw_DS_CLASIF_GEN": "Suelo No Urbanizable Protegido (APLAZADO)", "_raw_DS_CLASIF_DET": "Suelo No Urbanizable Protección de Caminos", "_raw_DS_DOCU": "PLAN GENERAL", "_raw_DS_LEY": "CM Ley 9/1995, E RDL 1/1992, E RD 1346/1976", "_raw_FC_AC": "1999-01-14", "_raw_NM_AREA_M2": 2534.17162506555, "_cam_code": "014" }, "geometry": { "type": "Polygon", "coordinates": [ [ [ -3.4301, 40.3148 ], [ -3.4294, 40.3152 ], [ -3.4289, 40.3157 ], [ -3.4286, 40.3158 ], [ -3.4285, 40.316 ], [ -3.4278, 40.3163 ], [ -3.4285, 40.3161 ], [ -3.4286, 40.3159 ], [ -3.4288, 40.3159 ], [ -3.4289, 40.3157 ], [ -3.4292, 40.3156 ], [ -3.4294, 40.3153 ], [ -3.4296, 40.3153 ], [ -3.4299, 40.315 ], [ -3.4302, 40.3149 ], [ -3.4301, 40.3148 ] ] ] } },
{ "type": "Feature", "properties": { "municipio": "Arganda del Rey", "clasificacion": "urbano-consolidado", "calificacion": "sin-asignar", "version": "vigente", "fuente": "SIT-CAM WFS — UsoDelSuelo:VPLA_V_CLASIFICACION (https://idem.comunidad.madrid/geosrvg/ows)", "fecha_dato": "2026-05-12", "ambito": "38587", "_raw_CD_SIGLAS": "SU", "_raw_DS_CLASIF_GEN": "Suelo Urbano", "_raw_DS_CLASIF_DET": "Suelo Urbano", "_raw_DS_DOCU": "PLAN GENERAL", "_raw_DS_LEY": "CM Ley 9/1995, E RDL 1/1992, E RD 1346/1976", "_raw_FC_AC": "1999-01-14", "_raw_NM_AREA_M2": 126717.409762408, "_cam_code": "014" }, "geometry": { "type": "Polygon", "coordinates": [ [ [ -3.4414, 40.2958 ], [ -3.4417, 40.2954 ], [ -3.4418, 40.2956 ], [ -3.442, 40.2955 ], [ -3.4421, 40.2951 ], [ -3.4426, 40.2944 ], [ -3.443, 40.2933 ], [ -3.4433, 40.2929 ], [ -3.443, 40.292 ], [ -3.4429, 40.2912 ], [ -3.4421, 40.2904 ], [ -3.442, 40.2896 ], [ -3.4402, 40.2894 ], [ -3.4403, 40.2885 ], [ -3.4394, 40.2884 ], [ -3.439, 40.2871 ], [ -3.437, 40.2868 ], [ -3.4362, 40.2873 ], [ -3.4363, 40.2878 ], [ -3.4385, 40.2892 ], [ -3.4388, 40.2893 ], [ -3.4389, 40.2892 ], [ -3.4389, 40.2893 ], [ -3.4392, 40.2894 ], [ -3.4408, 40.2895 ], [ -3.4405, 40.2905 ], [ -3.4415, 40.2908 ], [ -3.4414, 40.2909 ], [ -3.4418, 40.2911 ], [ -3.4417, 40.2914 ], [ -3.4418, 40.292 ], [ -3.4422, 40.2927 ], [ -3.4426, 40.2929 ], [ -3.4421, 40.2941 ], [ -3.4414, 40.2945 ], [ -3.4414, 40.2945 ], [ -3.4414, 40.2945 ], [ -3.4414, 40.2946 ], [ -3.4414, 40.2947 ], [ -3.4414, 40.2948 ], [ -3.4414, 40.2947 ], [ -3.4409, 40.2946 ], [ -3.4406, 40.2942 ], [ -3.4405, 40.2942 ], [ -3.4405, 40.2944 ], [ -3.4402, 40.294 ], [ -3.4396, 40.2943 ], [ -3.4399, 40.2946 ], [ -3.4402, 40.2947 ], [ -3.4403, 40.295 ], [ -3.4406, 40.2953 ], [ -3.4414, 40.2958 ] ] ] } },
{ "type": "Feature", "properties": { "municipio": "Arganda del Rey", "clasificacion": "urbano-consolidado", "calificacion": "sin-asignar", "version": "vigente", "fuente": "SIT-CAM WFS — UsoDelSuelo:VPLA_V_CLASIFICACION (https://idem.comunidad.madrid/geosrvg/ows)", "fecha_dato": "2026-05-12", "ambito": "38587", "_raw_CD_SIGLAS": "SU", "_raw_DS_CLASIF_GEN": "Suelo Urbano (INCORPORADO)", "_raw_DS_CLASIF_DET": "Suelo Urbano Incorporado", "_raw_DS_DOCU": "PLAN GENERAL", "_raw_DS_LEY": "CM Ley 9/1995, E RDL 1/1992, E RD 1346/1976", "_raw_FC_AC": "1999-01-14", "_raw_NM_AREA_M2": 96208.285837472693, "_cam_code": "014" }, "geometry": { "type": "Polygon", "coordinates": [ [ [ -3.4878, 40.3117 ], [ -3.4887, 40.3116 ], [ -3.4894, 40.3106 ], [ -3.4903, 40.3099 ], [ -3.4905, 40.3093 ], [ -3.4884, 40.3088 ], [ -3.4884, 40.309 ], [ -3.4872, 40.3088 ], [ -3.4859, 40.3088 ], [ -3.4858, 40.309 ], [ -3.4859, 40.3094 ], [ -3.4861, 40.3094 ], [ -3.4859, 40.3105 ], [ -3.4856, 40.3112 ], [ -3.4878, 40.3117 ] ] ] } },
{ "type": "Feature", "properties": { "municipio": "Arganda del Rey", "clasificacion": "urbano-consolidado", "calificacion": "sin-asignar", "version": "vigente", "fuente": "SIT-CAM WFS — UsoDelSuelo:VPLA_V_CLASIFICACION (https://idem.comunidad.madrid/geosrvg/ows)", "fecha_dato": "2026-05-12", "ambito": "38587", "_raw_CD_SIGLAS": "SU", "_raw_DS_CLASIF_GEN": "Suelo Urbano (INCORPORADO)", "_raw_DS_CLASIF_DET": "Suelo Urbano Incorporado en Ejecución", "_raw_DS_DOCU": "PLAN GENERAL", "_raw_DS_LEY": "CM Ley 9/1995, E RDL 1/1992, E RD 1346/1976", "_raw_FC_AC": "1999-01-14", "_raw_NM_AREA_M2": 15606.2909624841, "_cam_code": "014" }, "geometry": { "type": "Polygon", "coordinates": [ [ [ -3.4858, 40.3088 ], [ -3.4854, 40.3088 ], [ -3.485, 40.3111 ], [ -3.4856, 40.3112 ], [ -3.4859, 40.3105 ], [ -3.4861, 40.3094 ], [ -3.4859, 40.3094 ], [ -3.4858, 40.309 ], [ -3.4859, 40.3088 ], [ -3.4858, 40.3088 ] ] ] } },
{ "type": "Feature", "properties": { "municipio": "Arganda del Rey", "clasificacion": "urbano-consolidado", "calificacion": "sin-asignar", "version": "vigente", "fuente": "SIT-CAM WFS — UsoDelSuelo:VPLA_V_CLASIFICACION (https://idem.comunidad.madrid/geosrvg/ows)", "fecha_dato": "2026-05-12", "ambito": "38587", "_raw_CD_SIGLAS": "SU", "_raw_DS_CLASIF_GEN": "Suelo Urbano (INCORPORADO)", "_raw_DS_CLASIF_DET": "Suelo Urbano Incorporado", "_raw_DS_DOCU": "PLAN GENERAL", "_raw_DS_LEY": "CM Ley 9/1995, E RDL 1/1992, E RD 1346/1976", "_raw_FC_AC": "1999-01-14", "_raw_NM_AREA_M2": 55548.895812345101, "_cam_code": "014" }, "geometry": { "type": "Polygon", "coordinates": [ [ [ -3.4841, 40.3089 ], [ -3.482, 40.3091 ], [ -3.4815, 40.3102 ], [ -3.485, 40.3111 ], [ -3.4854, 40.3088 ], [ -3.4848, 40.3089 ], [ -3.4842, 40.3088 ], [ -3.4841, 40.3089 ] ] ] } },
{ "type": "Feature", "properties": { "municipio": "Arganda del Rey", "clasificacion": "urbano-consolidado", "calificacion": "sin-asignar", "version": "vigente", "fuente": "SIT-CAM WFS — UsoDelSuelo:VPLA_V_CLASIFICACION (https://idem.comunidad.madrid/geosrvg/ows)", "fecha_dato": "2026-05-12", "ambito": "38587", "_raw_CD_SIGLAS": "SU", "_raw_DS_CLASIF_GEN": "Suelo Urbano (INCORPORADO)", "_raw_DS_CLASIF_DET": "Suelo Urbano Incorporado", "_raw_DS_DOCU": "PLAN GENERAL", "_raw_DS_LEY": "CM Ley 9/1995, E RDL 1/1992, E RD 1346/1976", "_raw_FC_AC": "1999-01-14", "_raw_NM_AREA_M2": 102711.393499789, "_cam_code": "014" }, "geometry": { "type": "Polygon", "coordinates": [ [ [ -3.4767, 40.3181 ], [ -3.4794, 40.3183 ], [ -3.4794, 40.3182 ], [ -3.4796, 40.3182 ], [ -3.4809, 40.3172 ], [ -3.4807, 40.317 ], [ -3.4806, 40.3171 ], [ -3.4801, 40.3164 ], [ -3.4792, 40.3165 ], [ -3.4789, 40.3168 ], [ -3.4787, 40.3168 ], [ -3.4784, 40.3163 ], [ -3.4787, 40.3163 ], [ -3.4751, 40.316 ], [ -3.475, 40.3163 ], [ -3.4751, 40.3167 ], [ -3.4746, 40.3168 ], [ -3.4741, 40.3167 ], [ -3.4741, 40.3165 ], [ -3.4744, 40.3165 ], [ -3.4744, 40.316 ], [ -3.4743, 40.3159 ], [ -3.4738, 40.3158 ], [ -3.4737, 40.3159 ], [ -3.4737, 40.3166 ], [ -3.4735, 40.3166 ], [ -3.4736, 40.3167 ], [ -3.4732, 40.3169 ], [ -3.4732, 40.317 ], [ -3.4742, 40.3175 ], [ -3.4746, 40.318 ], [ -3.4756, 40.3181 ], [ -3.4756, 40.3181 ], [ -3.476, 40.3181 ], [ -3.4761, 40.3181 ], [ -3.4761, 40.3181 ], [ -3.4766, 40.3181 ], [ -3.4765, 40.3181 ], [ -3.4764, 40.3181 ], [ -3.4764, 40.318 ], [ -3.4772, 40.3173 ], [ -3.4777, 40.3171 ], [ -3.4778, 40.3169 ], [ -3.4782, 40.3169 ], [ -3.4787, 40.3174 ], [ -3.4767, 40.3181 ] ] ] } },
{ "type": "Feature", "properties": { "municipio": "Arganda del Rey", "clasificacion": "urbano-consolidado", "calificacion": "sin-asignar", "version": "vigente", "fuente": "SIT-CAM WFS — UsoDelSuelo:VPLA_V_CLASIFICACION (https://idem.comunidad.madrid/geosrvg/ows)", "fecha_dato": "2026-05-12", "ambito": "38587", "_raw_CD_SIGLAS": "SU", "_raw_DS_CLASIF_GEN": "Suelo Urbano", "_raw_DS_CLASIF_DET": "Suelo Urbano", "_raw_DS_DOCU": "PLAN GENERAL", "_raw_DS_LEY": "CM Ley 9/1995, E RDL 1/1992, E RD 1346/1976", "_raw_FC_AC": "1999-01-14", "_raw_NM_AREA_M2": 119696.343062431, "_cam_code": "014" }, "geometry": { "type": "Polygon", "coordinates": [ [ [ -3.466, 40.3201 ], [ -3.4678, 40.3211 ], [ -3.468, 40.3211 ], [ -3.4681, 40.3206 ], [ -3.468, 40.3206 ], [ -3.4679, 40.3203 ], [ -3.4684, 40.3194 ], [ -3.4693, 40.319 ], [ -3.4701, 40.3185 ], [ -3.471, 40.3182 ], [ -3.4749, 40.3182 ], [ -3.4756, 40.3183 ], [ -3.4758, 40.3185 ], [ -3.4761, 40.3184 ], [ -3.4761, 40.3183 ], [ -3.4796, 40.3186 ], [ -3.4799, 40.3182 ], [ -3.4812, 40.3173 ], [ -3.4813, 40.3173 ], [ -3.4815, 40.3179 ], [ -3.4818, 40.3192 ], [ -3.4821, 40.3193 ], [ -3.4818, 40.3182 ], [ -3.4819, 40.3178 ], [ -3.4818, 40.3178 ], [ -3.4816, 40.3173 ], [ -3.4834, 40.3159 ], [ -3.4839, 40.3158 ], [ -3.4838, 40.3155 ], [ -3.4839, 40.3151 ], [ -3.4869, 40.3128 ], [ -3.4871, 40.3128 ], [ -3.4871, 40.3127 ], [ -3.4879, 40.3128 ], [ -3.4887, 40.3125 ], [ -3.4892, 40.3125 ], [ -3.4895, 40.3122 ], [ -3.4895, 40.3119 ], [ -3.4893, 40.3117 ], [ -3.4885, 40.3119 ], [ -3.488, 40.3119 ], [ -3.4879, 40.3118 ], [ -3.4838, 40.315 ], [ -3.483, 40.3151 ], [ -3.483, 40.3156 ], [ -3.4828, 40.3158 ], [ -3.482, 40.3163 ], [ -3.4819, 40.3165 ], [ -3.4813, 40.3168 ], [ -3.4794, 40.3183 ], [ -3.4752, 40.318 ], [ -3.4746, 40.318 ], [ -3.4747, 40.3181 ], [ -3.471, 40.3181 ], [ -3.4705, 40.3182 ], [ -3.4695, 40.3187 ], [ -3.469, 40.3191 ], [ -3.4667, 40.3197 ], [ -3.463, 40.3193 ], [ -3.4589, 40.3187 ], [ -3.4582, 40.3185 ], [ -3.4585, 40.3189 ], [ -3.4587, 40.3189 ], [ -3.459, 40.3192 ], [ -3.4589, 40.3196 ], [ -3.4588, 40.3196 ], [ -3.4594, 40.3201 ], [ -3.4598, 40.3202 ], [ -3.4607, 40.3201 ], [ -3.4606, 40.3198 ], [ -3.4608, 40.3191 ], [ -3.4614, 40.3191 ], [ -3.4638, 40.3195 ], [ -3.466, 40.3197 ], [ -3.466, 40.3201 ] ] ] } },
{ "type": "Feature", "properties": { "municipio": "Arganda del Rey", "clasificacion": "urbano-consolidado", "calificacion": "sin-asignar", "version": "vigente", "fuente": "SIT-CAM WFS — UsoDelSuelo:VPLA_V_CLASIFICACION (https://idem.comunidad.madrid/geosrvg/ows)", "fecha_dato": "2026-05-12", "ambito": "38587", "_raw_CD_SIGLAS": "SU", "_raw_DS_CLASIF_GEN": "Suelo Urbano", "_raw_DS_CLASIF_DET": "Suelo Urbano", "_raw_DS_DOCU": "PLAN GENERAL", "_raw_DS_LEY": "CM Ley 9/1995, E RDL 1/1992, E RD 1346/1976", "_raw_FC_AC": "1999-01-14", "_raw_NM_AREA_M2": 3530.0245624725599, "_cam_code": "014" }, "geometry": { "type": "Polygon", "coordinates": [ [ [ -3.4436, 40.3016 ], [ -3.4433, 40.3019 ], [ -3.4433, 40.3021 ], [ -3.444, 40.3022 ], [ -3.4441, 40.3016 ], [ -3.4436, 40.3016 ] ] ] } },
{ "type": "Feature", "properties": { "municipio": "Arganda del Rey", "clasificacion": "urbano-consolidado", "calificacion": "sin-asignar", "version": "vigente", "fuente": "SIT-CAM WFS — UsoDelSuelo:VPLA_V_CLASIFICACION (https://idem.comunidad.madrid/geosrvg/ows)", "fecha_dato": "2026-05-12", "ambito": "38587", "_raw_CD_SIGLAS": "SU", "_raw_DS_CLASIF_GEN": "Suelo Urbano (INCORPORADO)", "_raw_DS_CLASIF_DET": "Suelo Urbano Incorporado", "_raw_DS_DOCU": "PLAN GENERAL", "_raw_DS_LEY": "CM Ley 9/1995, E RDL 1/1992, E RD 1346/1976", "_raw_FC_AC": "1999-01-14", "_raw_NM_AREA_M2": 16648.8826749287, "_cam_code": "014" }, "geometry": { "type": "Polygon", "coordinates": [ [ [ -3.472, 40.2988 ], [ -3.4725, 40.3001 ], [ -3.474, 40.3 ], [ -3.4728, 40.2985 ], [ -3.4725, 40.2986 ], [ -3.4726, 40.2987 ], [ -3.472, 40.2988 ] ] ] } },
{ "type": "Feature", "properties": { "municipio": "Arganda del Rey", "clasificacion": "urbano-consolidado", "calificacion": "sin-asignar", "version": "vigente", "fuente": "SIT-CAM WFS — UsoDelSuelo:VPLA_V_CLASIFICACION (https://idem.comunidad.madrid/geosrvg/ows)", "fecha_dato": "2026-05-12", "ambito": "38587", "_raw_CD_SIGLAS": "SU", "_raw_DS_CLASIF_GEN": "Suelo Urbano (INCORPORADO)", "_raw_DS_CLASIF_DET": "Suelo Urbano Incorporado", "_raw_DS_DOCU": "PLAN GENERAL", "_raw_DS_LEY": "CM Ley 9/1995, E RDL 1/1992, E RD 1346/1976", "_raw_FC_AC": "1999-01-14", "_raw_NM_AREA_M2": 107410.468775099, "_cam_code": "014" }, "geometry": { "type": "Polygon", "coordinates": [ [ [ -3.4712, 40.3019 ], [ -3.4717, 40.3024 ], [ -3.4721, 40.302 ], [ -3.4721, 40.3014 ], [ -3.4726, 40.3015 ], [ -3.4725, 40.3001 ], [ -3.4724, 40.3 ], [ -3.4723, 40.3001 ], [ -3.469, 40.3002 ], [ -3.4679, 40.2989 ], [ -3.4673, 40.2995 ], [ -3.4665, 40.2999 ], [ -3.4672, 40.3005 ], [ -3.4678, 40.3004 ], [ -3.4677, 40.3012 ], [ -3.4673, 40.3012 ], [ -3.4673, 40.302 ], [ -3.4677, 40.302 ], [ -3.4677, 40.3021 ], [ -3.4709, 40.3021 ], [ -3.4712, 40.3019 ] ] ] } },
{ "type": "Feature", "properties": { "municipio": "Arganda del Rey", "clasificacion": "urbano-consolidado", "calificacion": "sin-asignar", "version": "vigente", "fuente": "SIT-CAM WFS — UsoDelSuelo:VPLA_V_CLASIFICACION (https://idem.comunidad.madrid/geosrvg/ows)", "fecha_dato": "2026-05-12", "ambito": "38587", "_raw_CD_SIGLAS": "SU", "_raw_DS_CLASIF_GEN": "Suelo Urbano (INCORPORADO)", "_raw_DS_CLASIF_DET": "Suelo Urbano en Ejecución", "_raw_DS_DOCU": "PLAN GENERAL", "_raw_DS_LEY": "CM Ley 9/1995, E RDL 1/1992, E RD 1346/1976", "_raw_FC_AC": "1999-01-14", "_raw_NM_AREA_M2": 168175.05818761501, "_cam_code": "014" }, "geometry": { "type": "Polygon", "coordinates": [ [ [ -3.4731, 40.3133 ], [ -3.4737, 40.3135 ], [ -3.474, 40.3146 ], [ -3.4741, 40.3145 ], [ -3.476, 40.3144 ], [ -3.4764, 40.3132 ], [ -3.4775, 40.3107 ], [ -3.4771, 40.3104 ], [ -3.4765, 40.3103 ], [ -3.4761, 40.3113 ], [ -3.4719, 40.3103 ], [ -3.4716, 40.3104 ], [ -3.4714, 40.311 ], [ -3.4701, 40.3108 ], [ -3.4705, 40.3112 ], [ -3.4716, 40.3116 ], [ -3.4711, 40.312 ], [ -3.471, 40.3126 ], [ -3.4717, 40.3133 ], [ -3.4721, 40.3133 ], [ -3.4725, 40.3135 ], [ -3.4725, 40.3134 ], [ -3.4731, 40.3133 ] ] ] } },
{ "type": "Feature", "properties": { "municipio": "Arganda del Rey", "clasificacion": "urbano-consolidado", "calificacion": "sin-asignar", "version": "vigente", "fuente": "SIT-CAM WFS — UsoDelSuelo:VPLA_V_CLASIFICACION (https://idem.comunidad.madrid/geosrvg/ows)", "fecha_dato": "2026-05-12", "ambito": "38587", "_raw_CD_SIGLAS": "SU", "_raw_DS_CLASIF_GEN": "Suelo Urbano", "_raw_DS_CLASIF_DET": "Suelo Urbano", "_raw_DS_DOCU": "PLAN GENERAL", "_raw_DS_LEY": "CM Ley 9/1995, E RDL 1/1992, E RD 1346/1976", "_raw_FC_AC": "1999-01-14", "_raw_NM_AREA_M2": 1130255.38902503, "_cam_code": "014" }, "geometry": { "type": "Polygon", "coordinates": [ [ [ -3.4409, 40.3049 ], [ -3.4456, 40.3065 ], [ -3.4457, 40.3063 ], [ -3.4451, 40.3061 ], [ -3.4458, 40.3057 ], [ -3.4455, 40.3053 ], [ -3.4456, 40.3052 ], [ -3.4456, 40.3047 ], [ -3.4455, 40.3047 ], [ -3.4456, 40.3046 ], [ -3.4446, 40.3037 ], [ -3.4459, 40.3034 ], [ -3.4459, 40.3033 ], [ -3.4462, 40.3033 ], [ -3.4462, 40.3032 ], [ -3.4468, 40.3034 ], [ -3.4468, 40.3034 ], [ -3.4469, 40.3034 ], [ -3.447, 40.3034 ], [ -3.4471, 40.3034 ], [ -3.4472, 40.3034 ], [ -3.4473, 40.3034 ], [ -3.4474, 40.3034 ], [ -3.4475, 40.3034 ], [ -3.4476, 40.3034 ], [ -3.4476, 40.3034 ], [ -3.4476, 40.3034 ], [ -3.4477, 40.3034 ], [ -3.4478, 40.3034 ], [ -3.4478, 40.3034 ], [ -3.4479, 40.3034 ], [ -3.4479, 40.3034 ], [ -3.448, 40.3034 ], [ -3.448, 40.3034 ], [ -3.4481, 40.3034 ], [ -3.4482, 40.3034 ], [ -3.4482, 40.3034 ], [ -3.4485, 40.3034 ], [ -3.4488, 40.3034 ], [ -3.4488, 40.3034 ], [ -3.4489, 40.3034 ], [ -3.449, 40.3034 ], [ -3.4488, 40.3033 ], [ -3.4491, 40.3032 ], [ -3.45, 40.3024 ], [ -3.45, 40.3023 ], [ -3.4486, 40.3015 ], [ -3.4483, 40.3015 ], [ -3.4473, 40.3024 ], [ -3.4463, 40.3018 ], [ -3.4473, 40.3008 ], [ -3.4475, 40.3003 ], [ -3.4469, 40.2999 ], [ -3.446, 40.2996 ], [ -3.4457, 40.2991 ], [ -3.4455, 40.299 ], [ -3.4456, 40.299 ], [ -3.4458, 40.2984 ], [ -3.4462, 40.2985 ], [ -3.4468, 40.2979 ], [ -3.4478, 40.2981 ], [ -3.4478, 40.2982 ], [ -3.448, 40.2981 ], [ -3.448, 40.2976 ], [ -3.4471, 40.2975 ], [ -3.4474, 40.2969 ], [ -3.4474, 40.2966 ], [ -3.447, 40.2966 ], [ -3.4468, 40.2968 ], [ -3.4467, 40.2967 ], [ -3.445, 40.2967 ], [ -3.4449, 40.2965 ], [ -3.4441, 40.2961 ], [ -3.4421, 40.2961 ], [ -3.442, 40.2965 ], [ -3.4419, 40.2965 ], [ -3.4419, 40.2963 ], [ -3.4415, 40.2962 ], [ -3.4415, 40.296 ], [ -3.4403, 40.296 ], [ -3.4406, 40.2957 ], [ -3.4402, 40.2953 ], [ -3.4396, 40.295 ], [ -3.4393, 40.2952 ], [ -3.4397, 40.2954 ], [ -3.4396, 40.2958 ], [ -3.4386, 40.296 ], [ -3.4379, 40.296 ], [ -3.4383, 40.2968 ], [ -3.4379, 40.2969 ], [ -3.4383, 40.2976 ], [ -3.4381, 40.298 ], [ -3.4384, 40.2985 ], [ -3.4383, 40.2986 ], [ -3.4377, 40.2982 ], [ -3.4379, 40.298 ], [ -3.4377, 40.2975 ], [ -3.437, 40.2969 ], [ -3.4367, 40.2969 ], [ -3.4365, 40.2967 ], [ -3.436, 40.2974 ], [ -3.4358, 40.2973 ], [ -3.4356, 40.2975 ], [ -3.4354, 40.2974 ], [ -3.4353, 40.2976 ], [ -3.435, 40.2975 ], [ -3.4341, 40.2978 ], [ -3.4336, 40.2973 ], [ -3.434, 40.2969 ], [ -3.4342, 40.2962 ], [ -3.4348, 40.2955 ], [ -3.4346, 40.2953 ], [ -3.4345, 40.2946 ], [ -3.4348, 40.2946 ], [ -3.4352, 40.2938 ], [ -3.4356, 40.2935 ], [ -3.4348, 40.2935 ], [ -3.4325, 40.2939 ], [ -3.4326, 40.2942 ], [ -3.4324, 40.2943 ], [ -3.4327, 40.295 ], [ -3.4325, 40.2963 ], [ -3.4328, 40.2974 ], [ -3.4328, 40.2984 ], [ -3.4326, 40.2982 ], [ -3.4325, 40.2983 ], [ -3.4322, 40.2981 ], [ -3.432, 40.2986 ], [ -3.4313, 40.2984 ], [ -3.4316, 40.2978 ], [ -3.431, 40.2978 ], [ -3.4309, 40.2977 ], [ -3.4307, 40.2978 ], [ -3.4306, 40.2976 ], [ -3.4305, 40.2977 ], [ -3.4303, 40.2975 ], [ -3.4302, 40.2972 ], [ -3.4307, 40.2971 ], [ -3.4308, 40.2967 ], [ -3.4302, 40.2961 ], [ -3.43, 40.2963 ], [ -3.4295, 40.296 ], [ -3.4289, 40.296 ], [ -3.4285, 40.2964 ], [ -3.4266, 40.295 ], [ -3.4264, 40.2949 ], [ -3.4263, 40.2951 ], [ -3.4262, 40.2951 ], [ -3.4261, 40.2951 ], [ -3.4261, 40.2951 ], [ -3.4261, 40.2951 ], [ -3.4262, 40.2951 ], [ -3.4263, 40.2951 ], [ -3.4285, 40.2968 ], [ -3.429, 40.2975 ], [ -3.429, 40.298 ], [ -3.4295, 40.2983 ], [ -3.4301, 40.2991 ], [ -3.4361, 40.3044 ], [ -3.4369, 40.3048 ], [ -3.4379, 40.305 ], [ -3.4396, 40.305 ], [ -3.4403, 40.3051 ], [ -3.4405, 40.3053 ], [ -3.4407, 40.3053 ], [ -3.4405, 40.3049 ], [ -3.4409, 40.3049 ] ], [ [ -3.4441, 40.3052 ], [ -3.4435, 40.3048 ], [ -3.444, 40.3044 ], [ -3.4446, 40.3047 ], [ -3.4445, 40.305 ], [ -3.4443, 40.3052 ], [ -3.4442, 40.3051 ], [ -3.4441, 40.3052 ] ], [ [ -3.4418, 40.304 ], [ -3.4413, 40.3048 ], [ -3.4413, 40.3047 ], [ -3.4409, 40.3046 ], [ -3.4415, 40.3043 ], [ -3.4416, 40.3041 ], [ -3.4415, 40.3038 ], [ -3.4418, 40.304 ] ], [ [ -3.4422, 40.304 ], [ -3.4411, 40.3036 ], [ -3.4412, 40.3035 ], [ -3.441, 40.3034 ], [ -3.4411, 40.3032 ], [ -3.4413, 40.3033 ], [ -3.4415, 40.3029 ], [ -3.4419, 40.3029 ], [ -3.4419, 40.3028 ], [ -3.4413, 40.3026 ], [ -3.4414, 40.3023 ], [ -3.4412, 40.3026 ], [ -3.4409, 40.3022 ], [ -3.4405, 40.302 ], [ -3.4406, 40.3017 ], [ -3.4408, 40.3017 ], [ -3.441, 40.3015 ], [ -3.4412, 40.3016 ], [ -3.4413, 40.3015 ], [ -3.4414, 40.301 ], [ -3.4412, 40.301 ], [ -3.4416, 40.3006 ], [ -3.4418, 40.3008 ], [ -3.4415, 40.3012 ], [ -3.4416, 40.3012 ], [ -3.4415, 40.3016 ], [ -3.4418, 40.3018 ], [ -3.4415, 40.3023 ], [ -3.4429, 40.3028 ], [ -3.4429, 40.303 ], [ -3.4424, 40.3032 ], [ -3.4426, 40.3034 ], [ -3.4423, 40.3036 ], [ -3.4423, 40.3039 ], [ -3.4422, 40.304 ] ], [ [ -3.438, 40.3028 ], [ -3.4377, 40.3036 ], [ -3.4375, 40.3035 ], [ -3.4377, 40.3033 ], [ -3.4375, 40.3033 ], [ -3.4373, 40.3031 ], [ -3.437, 40.3031 ], [ -3.4378, 40.3024 ], [ -3.4383, 40.3026 ], [ -3.4382, 40.3028 ], [ -3.438, 40.3028 ] ], [ [ -3.4405, 40.3025 ], [ -3.4399, 40.3024 ], [ -3.44, 40.3023 ], [ -3.4398, 40.3021 ], [ -3.4399, 40.3022 ], [ -3.4405, 40.3022 ], [ -3.4407, 40.3024 ], [ -3.4407, 40.3026 ], [ -3.441, 40.3026 ], [ -3.4405, 40.3029 ], [ -3.4405, 40.3025 ] ], [ [ -3.4368, 40.3021 ], [ -3.4361, 40.302 ], [ -3.4363, 40.3018 ], [ -3.4362, 40.3017 ], [ -3.4365, 40.3016 ], [ -3.4368, 40.3019 ], [ -3.4367, 40.302 ], [ -3.4368, 40.3021 ] ], [ [ -3.4396, 40.302 ], [ -3.4397, 40.3017 ], [ -3.44, 40.3017 ], [ -3.44, 40.3021 ], [ -3.4399, 40.3021 ], [ -3.4399, 40.3021 ], [ -3.4399, 40.3021 ], [ -3.4399, 40.3021 ], [ -3.4399, 40.3021 ], [ -3.4399, 40.3021 ], [ -3.4399, 40.3021 ], [ -3.4398, 40.3021 ], [ -3.4397, 40.3021 ], [ -3.4396, 40.302 ] ], [ [ -3.4426, 40.302 ], [ -3.4426, 40.3019 ], [ -3.4423, 40.3018 ], [ -3.4426, 40.3013 ], [ -3.4442, 40.3016 ], [ -3.4441, 40.3016 ], [ -3.444, 40.3022 ], [ -3.4431, 40.3022 ], [ -3.4431, 40.3021 ], [ -3.4426, 40.302 ] ], [ [ -3.4427, 40.3021 ], [ -3.4425, 40.3022 ], [ -3.4424, 40.3025 ], [ -3.442, 40.3023 ], [ -3.4422, 40.3023 ], [ -3.4423, 40.302 ], [ -3.4427, 40.3021 ] ], [ [ -3.4481, 40.3027 ], [ -3.4486, 40.3022 ], [ -3.4489, 40.3026 ], [ -3.4485, 40.3029 ], [ -3.4485, 40.3028 ], [ -3.4481, 40.3027 ] ], [ [ -3.4374, 40.3004 ], [ -3.4373, 40.3004 ], [ -3.4374, 40.3003 ], [ -3.4373, 40.3002 ], [ -3.4371, 40.3002 ], [ -3.4371, 40.3003 ], [ -3.4368, 40.3002 ], [ -3.437, 40.3 ], [ -3.4368, 40.3 ], [ -3.4371, 40.2999 ], [ -3.4371, 40.2997 ], [ -3.4375, 40.2998 ], [ -3.4375, 40.2998 ], [ -3.4375, 40.2999 ], [ -3.4375, 40.3 ], [ -3.4375, 40.2999 ], [ -3.4376, 40.3 ], [ -3.4376, 40.3001 ], [ -3.4375, 40.3 ], [ -3.4374, 40.3004 ] ], [ [ -3.4334, 40.3001 ], [ -3.4333, 40.3002 ], [ -3.4331, 40.3001 ], [ -3.4331, 40.2999 ], [ -3.4333, 40.2999 ], [ -3.4333, 40.2997 ], [ -3.4335, 40.2997 ], [ -3.4335, 40.2996 ], [ -3.4339, 40.2999 ], [ -3.4341, 40.2998 ], [ -3.4341, 40.3 ], [ -3.4333, 40.3001 ], [ -3.4334, 40.3001 ] ], [ [ -3.4318, 40.2995 ], [ -3.4314, 40.2998 ], [ -3.4308, 40.2992 ], [ -3.4312, 40.299 ], [ -3.4315, 40.299 ], [ -3.4318, 40.2995 ] ], [ [ -3.4305, 40.299 ], [ -3.4298, 40.2983 ], [ -3.4299, 40.2979 ], [ -3.4303, 40.2983 ], [ -3.4304, 40.2988 ], [ -3.4305, 40.2988 ], [ -3.4305, 40.299 ] ], [ [ -3.435, 40.2987 ], [ -3.4346, 40.2985 ], [ -3.4347, 40.2983 ], [ -3.4349, 40.2983 ], [ -3.435, 40.2981 ], [ -3.4353, 40.298 ], [ -3.4354, 40.2983 ], [ -3.435, 40.2987 ] ], [ [ -3.4396, 40.2987 ], [ -3.4392, 40.2985 ], [ -3.4392, 40.2984 ], [ -3.4396, 40.2983 ], [ -3.4397, 40.2984 ], [ -3.4395, 40.2985 ], [ -3.4397, 40.2986 ], [ -3.4396, 40.2987 ] ], [ [ -3.4419, 40.2988 ], [ -3.4413, 40.2981 ], [ -3.4417, 40.298 ], [ -3.4418, 40.2977 ], [ -3.4412, 40.2975 ], [ -3.4413, 40.2971 ], [ -3.4426, 40.2972 ], [ -3.4425, 40.2979 ], [ -3.4428, 40.298 ], [ -3.4432, 40.2985 ], [ -3.4419, 40.2993 ], [ -3.4415, 40.2991 ], [ -3.4419, 40.2988 ] ], [ [ -3.4399, 40.2976 ], [ -3.4397, 40.2978 ], [ -3.4396, 40.2976 ], [ -3.4392, 40.2976 ], [ -3.4389, 40.2973 ], [ -3.4387, 40.2974 ], [ -3.4385, 40.297 ], [ -3.4392, 40.2973 ], [ -3.4396, 40.2972 ], [ -3.4396, 40.2971 ], [ -3.4403, 40.297 ], [ -3.4403, 40.2971 ], [ -3.4405, 40.2971 ], [ -3.4404, 40.2972 ], [ -3.4408, 40.2973 ], [ -3.4404, 40.2976 ], [ -3.4399, 40.2977 ], [ -3.4399, 40.2976 ] ], [ [ -3.4405, 40.2994 ], [ -3.4406, 40.2993 ], [ -3.4407, 40.2994 ], [ -3.4405, 40.2994 ] ], [ [ -3.4401, 40.2993 ], [ -3.4403, 40.2998 ], [ -3.44, 40.2998 ], [ -3.44, 40.2999 ], [ -3.4399, 40.2998 ], [ -3.4397, 40.2998 ], [ -3.4397, 40.2999 ], [ -3.4396, 40.2998 ], [ -3.4395, 40.2999 ], [ -3.439, 40.2999 ], [ -3.4389, 40.2998 ], [ -3.4387, 40.3001 ], [ -3.4386, 40.3 ], [ -3.4386, 40.3 ], [ -3.4385, 40.3 ], [ -3.4385, 40.3 ], [ -3.4385, 40.3 ], [ -3.4384, 40.3 ], [ -3.4383, 40.3 ], [ -3.4386, 40.3002 ], [ -3.4385, 40.3004 ], [ -3.4381, 40.3003 ], [ -3.4383, 40.2995 ], [ -3.4385, 40.2995 ], [ -3.4385, 40.2994 ], [ -3.4387, 40.2994 ], [ -3.4388, 40.2997 ], [ -3.439, 40.2998 ], [ -3.4394, 40.2993 ], [ -3.4397, 40.2993 ], [ -3.4398, 40.2991 ], [ -3.4401, 40.2993 ] ], [ [ -3.4358, 40.2994 ], [ -3.4355, 40.2997 ], [ -3.435, 40.2995 ], [ -3.4353, 40.2991 ], [ -3.4358, 40.2994 ] ], [ [ -3.4405, 40.2992 ], [ -3.4406, 40.2985 ], [ -3.4408, 40.2985 ], [ -3.441, 40.2989 ], [ -3.441, 40.2992 ], [ -3.4411, 40.2992 ], [ -3.4411, 40.2992 ], [ -3.441, 40.2992 ], [ -3.4405, 40.2992 ] ] ] } },
{ "type": "Feature", "properties": { "municipio": "Arganda del Rey", "clasificacion": "urbano-consolidado", "calificacion": "sin-asignar", "version": "vigente", "fuente": "SIT-CAM WFS — UsoDelSuelo:VPLA_V_CLASIFICACION (https://idem.comunidad.madrid/geosrvg/ows)", "fecha_dato": "2026-05-12", "ambito": "38587", "_raw_CD_SIGLAS": "SU", "_raw_DS_CLASIF_GEN": "Suelo Urbano (INCORPORADO)", "_raw_DS_CLASIF_DET": "Suelo Urbano. Actuación sistemática en régimen transitorio", "_raw_DS_DOCU": "PLAN GENERAL", "_raw_DS_LEY": "CM Ley 9/1995, E RDL 1/1992, E RD 1346/1976", "_raw_FC_AC": "1999-01-14", "_raw_NM_AREA_M2": 266888.485462596, "_cam_code": "014" }, "geometry": { "type": "Polygon", "coordinates": [ [ [ -3.4736, 40.3041 ], [ -3.4742, 40.3052 ], [ -3.4748, 40.3047 ], [ -3.4753, 40.3049 ], [ -3.4763, 40.3045 ], [ -3.477, 40.3038 ], [ -3.4763, 40.3033 ], [ -3.477, 40.3026 ], [ -3.4778, 40.3032 ], [ -3.4782, 40.3029 ], [ -3.4782, 40.303 ], [ -3.4785, 40.3031 ], [ -3.4786, 40.303 ], [ -3.4792, 40.3032 ], [ -3.4806, 40.3019 ], [ -3.4812, 40.3006 ], [ -3.4778, 40.2996 ], [ -3.4759, 40.3014 ], [ -3.4743, 40.3001 ], [ -3.474, 40.3 ], [ -3.4725, 40.3001 ], [ -3.4726, 40.3015 ], [ -3.4721, 40.3014 ], [ -3.4721, 40.302 ], [ -3.4717, 40.3024 ], [ -3.4729, 40.3036 ], [ -3.4735, 40.3039 ], [ -3.4735, 40.3041 ], [ -3.4736, 40.3041 ] ] ] } },
{ "type": "Feature", "properties": { "municipio": "Arganda del Rey", "clasificacion": "urbano-consolidado", "calificacion": "sin-asignar", "version": "vigente", "fuente": "SIT-CAM WFS — UsoDelSuelo:VPLA_V_CLASIFICACION (https://idem.comunidad.madrid/geosrvg/ows)", "fecha_dato": "2026-05-12", "ambito": "38587", "_raw_CD_SIGLAS": "SU", "_raw_DS_CLASIF_GEN": "Suelo Urbano (INCORPORADO)", "_raw_DS_CLASIF_DET": "Suelo Urbano Incorporado en Ejecución", "_raw_DS_DOCU": "PLAN GENERAL", "_raw_DS_LEY": "CM Ley 9/1995, E RDL 1/1992, E RD 1346/1976", "_raw_FC_AC": "1999-01-14", "_raw_NM_AREA_M2": 48804.702412403502, "_cam_code": "014" }, "geometry": { "type": "Polygon", "coordinates": [ [ [ -3.4567, 40.3161 ], [ -3.4581, 40.3178 ], [ -3.4586, 40.3177 ], [ -3.459, 40.3167 ], [ -3.4592, 40.3167 ], [ -3.4597, 40.315 ], [ -3.4583, 40.3147 ], [ -3.4567, 40.3161 ] ] ] } },
{ "type": "Feature", "properties": { "municipio": "Arganda del Rey", "clasificacion": "urbano-consolidado", "calificacion": "sin-asignar", "version": "vigente", "fuente": "SIT-CAM WFS — UsoDelSuelo:VPLA_V_CLASIFICACION (https://idem.comunidad.madrid/geosrvg/ows)", "fecha_dato": "2026-05-12", "ambito": "38587", "_raw_CD_SIGLAS": "SU", "_raw_DS_CLASIF_GEN": "Suelo Urbano", "_raw_DS_CLASIF_DET": "Suelo Urbano", "_raw_DS_DOCU": "PLAN GENERAL", "_raw_DS_LEY": "CM Ley 9/1995, E RDL 1/1992, E RD 1346/1976", "_raw_FC_AC": "1999-01-14", "_raw_NM_AREA_M2": 20391.274724994601, "_cam_code": "014" }, "geometry": { "type": "Polygon", "coordinates": [ [ [ -3.4263, 40.2985 ], [ -3.4263, 40.299 ], [ -3.4265, 40.2991 ], [ -3.4268, 40.299 ], [ -3.4267, 40.2988 ], [ -3.4278, 40.2979 ], [ -3.4286, 40.2976 ], [ -3.4286, 40.2975 ], [ -3.4287, 40.2975 ], [ -3.4288, 40.2979 ], [ -3.429, 40.2979 ], [ -3.429, 40.2978 ], [ -3.4288, 40.2978 ], [ -3.4288, 40.2975 ], [ -3.4281, 40.297 ], [ -3.4279, 40.2971 ], [ -3.428, 40.2973 ], [ -3.4275, 40.2972 ], [ -3.4263, 40.2978 ], [ -3.4263, 40.2985 ] ] ] } },
{ "type": "Feature", "properties": { "municipio": "Arganda del Rey", "clasificacion": "urbano-consolidado", "calificacion": "sin-asignar", "version": "vigente", "fuente": "SIT-CAM WFS — UsoDelSuelo:VPLA_V_CLASIFICACION (https://idem.comunidad.madrid/geosrvg/ows)", "fecha_dato": "2026-05-12", "ambito": "38587", "_raw_CD_SIGLAS": "SU", "_raw_DS_CLASIF_GEN": "Suelo Urbano", "_raw_DS_CLASIF_DET": "Suelo Urbano", "_raw_DS_DOCU": "PLAN GENERAL", "_raw_DS_LEY": "CM Ley 9/1995, E RDL 1/1992, E RD 1346/1976", "_raw_FC_AC": "1999-01-14", "_raw_NM_AREA_M2": 1097.9171249835499, "_cam_code": "014" }, "geometry": { "type": "Polygon", "coordinates": [ [ [ -3.4395, 40.2983 ], [ -3.4392, 40.2984 ], [ -3.4392, 40.2985 ], [ -3.4396, 40.2987 ], [ -3.4397, 40.2986 ], [ -3.4395, 40.2985 ], [ -3.4397, 40.2984 ], [ -3.4395, 40.2983 ] ] ] } },
{ "type": "Feature", "properties": { "municipio": "Arganda del Rey", "clasificacion": "urbano-consolidado", "calificacion": "sin-asignar", "version": "vigente", "fuente": "SIT-CAM WFS — UsoDelSuelo:VPLA_V_CLASIFICACION (https://idem.comunidad.madrid/geosrvg/ows)", "fecha_dato": "2026-05-12", "ambito": "38587", "_raw_CD_SIGLAS": "SU", "_raw_DS_CLASIF_GEN": "Suelo Urbano (INCORPORADO)", "_raw_DS_CLASIF_DET": "Suelo Urbano Incorporado", "_raw_DS_DOCU": "PLAN GENERAL", "_raw_DS_LEY": "CM Ley 9/1995, E RDL 1/1992, E RD 1346/1976", "_raw_FC_AC": "1999-01-14", "_raw_NM_AREA_M2": 4751.7421875662603, "_cam_code": "014" }, "geometry": { "type": "Polygon", "coordinates": [ [ [ -3.4441, 40.3052 ], [ -3.4442, 40.3051 ], [ -3.4443, 40.3052 ], [ -3.4445, 40.305 ], [ -3.4446, 40.3047 ], [ -3.444, 40.3044 ], [ -3.4435, 40.3048 ], [ -3.4441, 40.3052 ] ] ] } },
{ "type": "Feature", "properties": { "municipio": "Arganda del Rey", "clasificacion": "urbano-consolidado", "calificacion": "sin-asignar", "version": "vigente", "fuente": "SIT-CAM WFS — UsoDelSuelo:VPLA_V_CLASIFICACION (https://idem.comunidad.madrid/geosrvg/ows)", "fecha_dato": "2026-05-12", "ambito": "38587", "_raw_CD_SIGLAS": "SU", "_raw_DS_CLASIF_GEN": "Suelo Urbano", "_raw_DS_CLASIF_DET": "Suelo Urbano", "_raw_DS_DOCU": "PLAN GENERAL", "_raw_DS_LEY": "CM Ley 9/1995, E RDL 1/1992, E RD 1346/1976", "_raw_FC_AC": "1999-01-14", "_raw_NM_AREA_M2": 2177.3182125123499, "_cam_code": "014" }, "geometry": { "type": "Polygon", "coordinates": [ [ [ -3.4415, 40.3038 ], [ -3.4416, 40.3041 ], [ -3.4415, 40.3043 ], [ -3.4409, 40.3046 ], [ -3.4413, 40.3047 ], [ -3.4413, 40.3048 ], [ -3.4418, 40.304 ], [ -3.4415, 40.3038 ] ] ] } },
{ "type": "Feature", "properties": { "municipio": "Arganda del Rey", "clasificacion": "urbano-consolidado", "calificacion": "sin-asignar", "version": "vigente", "fuente": "SIT-CAM WFS — UsoDelSuelo:VPLA_V_CLASIFICACION (https://idem.comunidad.madrid/geosrvg/ows)", "fecha_dato": "2026-05-12", "ambito": "38587", "_raw_CD_SIGLAS": "SU", "_raw_DS_CLASIF_GEN": "Suelo Urbano (INCORPORADO)", "_raw_DS_CLASIF_DET": "Suelo Urbano Incorporado en Ejecución", "_raw_DS_DOCU": "PLAN GENERAL", "_raw_DS_LEY": "CM Ley 9/1995, E RDL 1/1992, E RD 1346/1976", "_raw_FC_AC": "1999-01-14", "_raw_NM_AREA_M2": 223406.45773716699, "_cam_code": "014" }, "geometry": { "type": "Polygon", "coordinates": [ [ [ -3.4549, 40.3173 ], [ -3.4556, 40.3176 ], [ -3.4567, 40.3177 ], [ -3.4578, 40.3191 ], [ -3.4578, 40.3194 ], [ -3.4581, 40.3193 ], [ -3.4579, 40.319 ], [ -3.4581, 40.3189 ], [ -3.4572, 40.3178 ], [ -3.4574, 40.3177 ], [ -3.4536, 40.3128 ], [ -3.4529, 40.3122 ], [ -3.4527, 40.3122 ], [ -3.4509, 40.3103 ], [ -3.4503, 40.3095 ], [ -3.4498, 40.3096 ], [ -3.4497, 40.3094 ], [ -3.4495, 40.3094 ], [ -3.4495, 40.3098 ], [ -3.4491, 40.3105 ], [ -3.449, 40.3105 ], [ -3.449, 40.3108 ], [ -3.4492, 40.3108 ], [ -3.4495, 40.3102 ], [ -3.4499, 40.3101 ], [ -3.4506, 40.3104 ], [ -3.4511, 40.3112 ], [ -3.4516, 40.3116 ], [ -3.4509, 40.3116 ], [ -3.4505, 40.3118 ], [ -3.4501, 40.3117 ], [ -3.4503, 40.3119 ], [ -3.4506, 40.3119 ], [ -3.4513, 40.313 ], [ -3.4513, 40.3132 ], [ -3.4511, 40.3131 ], [ -3.4511, 40.3134 ], [ -3.451, 40.3134 ], [ -3.4509, 40.3137 ], [ -3.4505, 40.3137 ], [ -3.4505, 40.3138 ], [ -3.4509, 40.3141 ], [ -3.4521, 40.3138 ], [ -3.4522, 40.315 ], [ -3.4519, 40.315 ], [ -3.4519, 40.3151 ], [ -3.4523, 40.3156 ], [ -3.4525, 40.3154 ], [ -3.4527, 40.3155 ], [ -3.4524, 40.3158 ], [ -3.4523, 40.3158 ], [ -3.4521, 40.3154 ], [ -3.4521, 40.3155 ], [ -3.4516, 40.3156 ], [ -3.4516, 40.3159 ], [ -3.4508, 40.3159 ], [ -3.4505, 40.3161 ], [ -3.4503, 40.316 ], [ -3.4501, 40.3172 ], [ -3.4514, 40.3173 ], [ -3.4534, 40.3171 ], [ -3.4538, 40.3173 ], [ -3.4549, 40.3173 ] ] ] } },
{ "type": "Feature", "properties": { "municipio": "Arganda del Rey", "clasificacion": "urbano-consolidado", "calificacion": "sin-asignar", "version": "vigente", "fuente": "SIT-CAM WFS — UsoDelSuelo:VPLA_V_CLASIFICACION (https://idem.comunidad.madrid/geosrvg/ows)", "fecha_dato": "2026-05-12", "ambito": "38587", "_raw_CD_SIGLAS": "SU", "_raw_DS_CLASIF_GEN": "Suelo Urbano (INCORPORADO)", "_raw_DS_CLASIF_DET": "Suelo Urbano Incorporado", "_raw_DS_DOCU": "PLAN GENERAL", "_raw_DS_LEY": "CM Ley 9/1995, E RDL 1/1992, E RD 1346/1976", "_raw_FC_AC": "1999-01-14", "_raw_NM_AREA_M2": 362408.471662294, "_cam_code": "014" }, "geometry": { "type": "Polygon", "coordinates": [ [ [ -3.4462, 40.3156 ], [ -3.4443, 40.3164 ], [ -3.4489, 40.3172 ], [ -3.4501, 40.3172 ], [ -3.4503, 40.316 ], [ -3.4505, 40.3161 ], [ -3.4508, 40.3159 ], [ -3.4516, 40.3159 ], [ -3.4516, 40.3156 ], [ -3.4521, 40.3155 ], [ -3.4521, 40.3154 ], [ -3.4523, 40.3158 ], [ -3.4524, 40.3158 ], [ -3.4527, 40.3155 ], [ -3.4525, 40.3154 ], [ -3.4523, 40.3156 ], [ -3.4519, 40.3151 ], [ -3.4519, 40.315 ], [ -3.4522, 40.315 ], [ -3.4521, 40.3138 ], [ -3.4511, 40.3141 ], [ -3.4509, 40.3141 ], [ -3.4505, 40.3138 ], [ -3.4505, 40.3137 ], [ -3.4509, 40.3137 ], [ -3.451, 40.3134 ], [ -3.4511, 40.3134 ], [ -3.4511, 40.3131 ], [ -3.4513, 40.3132 ], [ -3.4513, 40.313 ], [ -3.4506, 40.3119 ], [ -3.4503, 40.3119 ], [ -3.4501, 40.3117 ], [ -3.4505, 40.3118 ], [ -3.4509, 40.3116 ], [ -3.4516, 40.3116 ], [ -3.4511, 40.3112 ], [ -3.4506, 40.3104 ], [ -3.4506, 40.3105 ], [ -3.4504, 40.3103 ], [ -3.4497, 40.3101 ], [ -3.4497, 40.3102 ], [ -3.4495, 40.3102 ], [ -3.4492, 40.3108 ], [ -3.449, 40.3108 ], [ -3.449, 40.3106 ], [ -3.4488, 40.3106 ], [ -3.4487, 40.3104 ], [ -3.4483, 40.3104 ], [ -3.4471, 40.3098 ], [ -3.4462, 40.3098 ], [ -3.4466, 40.3102 ], [ -3.4468, 40.3101 ], [ -3.4465, 40.3107 ], [ -3.447, 40.3112 ], [ -3.4468, 40.3113 ], [ -3.4457, 40.311 ], [ -3.4454, 40.3113 ], [ -3.4453, 40.3116 ], [ -3.4447, 40.3118 ], [ -3.4453, 40.3126 ], [ -3.4453, 40.3128 ], [ -3.4455, 40.3127 ], [ -3.4456, 40.3129 ], [ -3.4454, 40.3131 ], [ -3.445, 40.3142 ], [ -3.4447, 40.3143 ], [ -3.4446, 40.3145 ], [ -3.4449, 40.3145 ], [ -3.445, 40.3147 ], [ -3.4451, 40.3146 ], [ -3.4453, 40.3148 ], [ -3.4452, 40.3149 ], [ -3.4456, 40.3151 ], [ -3.4457, 40.315 ], [ -3.4459, 40.3154 ], [ -3.4462, 40.3156 ] ] ] } },
{ "type": "Feature", "properties": { "municipio": "Arganda del Rey", "clasificacion": "urbano-consolidado", "calificacion": "sin-asignar", "version": "vigente", "fuente": "SIT-CAM WFS — UsoDelSuelo:VPLA_V_CLASIFICACION (https://idem.comunidad.madrid/geosrvg/ows)", "fecha_dato": "2026-05-12", "ambito": "38587", "_raw_CD_SIGLAS": "SU", "_raw_DS_CLASIF_GEN": "Suelo Urbano", "_raw_DS_CLASIF_DET": "Suelo Urbano", "_raw_DS_DOCU": "PLAN GENERAL", "_raw_DS_LEY": "CM Ley 9/1995, E RDL 1/1992, E RD 1346/1976", "_raw_FC_AC": "1999-01-14", "_raw_NM_AREA_M2": 157578.58212497301, "_cam_code": "014" }, "geometry": { "type": "Polygon", "coordinates": [ [ [ -3.4466, 40.3074 ], [ -3.4473, 40.3075 ], [ -3.4477, 40.307 ], [ -3.4476, 40.3067 ], [ -3.4484, 40.3073 ], [ -3.4483, 40.3069 ], [ -3.4482, 40.3069 ], [ -3.4483, 40.3066 ], [ -3.4495, 40.3058 ], [ -3.4493, 40.3056 ], [ -3.4502, 40.3051 ], [ -3.4502, 40.305 ], [ -3.4512, 40.3046 ], [ -3.4521, 40.3044 ], [ -3.4521, 40.3041 ], [ -3.4497, 40.3036 ], [ -3.4491, 40.3036 ], [ -3.4489, 40.3034 ], [ -3.4468, 40.3034 ], [ -3.4463, 40.3032 ], [ -3.4449, 40.3037 ], [ -3.4446, 40.3037 ], [ -3.4456, 40.3046 ], [ -3.4455, 40.3047 ], [ -3.4456, 40.3047 ], [ -3.4456, 40.3052 ], [ -3.4455, 40.3053 ], [ -3.4458, 40.3057 ], [ -3.4451, 40.3061 ], [ -3.4457, 40.3063 ], [ -3.4456, 40.3066 ], [ -3.4461, 40.3069 ], [ -3.4463, 40.3074 ], [ -3.4465, 40.3075 ], [ -3.4466, 40.3074 ] ] ] } },
{ "type": "Feature", "properties": { "municipio": "Arganda del Rey", "clasificacion": "urbano-consolidado", "calificacion": "sin-asignar", "version": "vigente", "fuente": "SIT-CAM WFS — UsoDelSuelo:VPLA_V_CLASIFICACION (https://idem.comunidad.madrid/geosrvg/ows)", "fecha_dato": "2026-05-12", "ambito": "38587", "_raw_CD_SIGLAS": "SU", "_raw_DS_CLASIF_GEN": "Suelo Urbano", "_raw_DS_CLASIF_DET": "Suelo Urbano", "_raw_DS_DOCU": "PLAN GENERAL", "_raw_DS_LEY": "CM Ley 9/1995, E RDL 1/1992, E RD 1346/1976", "_raw_FC_AC": "1999-01-14", "_raw_NM_AREA_M2": 5473.9368250266598, "_cam_code": "014" }, "geometry": { "type": "Polygon", "coordinates": [ [ [ -3.4378, 40.3024 ], [ -3.437, 40.3031 ], [ -3.4373, 40.3031 ], [ -3.4375, 40.3033 ], [ -3.4377, 40.3033 ], [ -3.4375, 40.3035 ], [ -3.4377, 40.3036 ], [ -3.438, 40.3028 ], [ -3.4382, 40.3028 ], [ -3.4383, 40.3026 ], [ -3.4378, 40.3024 ] ] ] } },
{ "type": "Feature", "properties": { "municipio": "Arganda del Rey", "clasificacion": "urbano-consolidado", "calificacion": "sin-asignar", "version": "vigente", "fuente": "SIT-CAM WFS — UsoDelSuelo:VPLA_V_CLASIFICACION (https://idem.comunidad.madrid/geosrvg/ows)", "fecha_dato": "2026-05-12", "ambito": "38587", "_raw_CD_SIGLAS": "SU", "_raw_DS_CLASIF_GEN": "Suelo Urbano", "_raw_DS_CLASIF_DET": "Suelo Urbano", "_raw_DS_DOCU": "PLAN GENERAL", "_raw_DS_LEY": "CM Ley 9/1995, E RDL 1/1992, E RD 1346/1976", "_raw_FC_AC": "1999-01-14", "_raw_NM_AREA_M2": 2192.9901875074702, "_cam_code": "014" }, "geometry": { "type": "Polygon", "coordinates": [ [ [ -3.4481, 40.3027 ], [ -3.4485, 40.3029 ], [ -3.4489, 40.3026 ], [ -3.4486, 40.3022 ], [ -3.4481, 40.3027 ] ] ] } },
{ "type": "Feature", "properties": { "municipio": "Arganda del Rey", "clasificacion": "urbano-consolidado", "calificacion": "sin-asignar", "version": "vigente", "fuente": "SIT-CAM WFS — UsoDelSuelo:VPLA_V_CLASIFICACION (https://idem.comunidad.madrid/geosrvg/ows)", "fecha_dato": "2026-05-12", "ambito": "38587", "_raw_CD_SIGLAS": "SU", "_raw_DS_CLASIF_GEN": "Suelo Urbano", "_raw_DS_CLASIF_DET": "Suelo Urbano", "_raw_DS_DOCU": "PLAN GENERAL", "_raw_DS_LEY": "CM Ley 9/1995, E RDL 1/1992, E RD 1346/1976", "_raw_FC_AC": "1999-01-14", "_raw_NM_AREA_M2": 25897.0601249867, "_cam_code": "014" }, "geometry": { "type": "Polygon", "coordinates": [ [ [ -3.441, 40.3033 ], [ -3.4412, 40.3035 ], [ -3.4411, 40.3036 ], [ -3.4422, 40.304 ], [ -3.4423, 40.3036 ], [ -3.4426, 40.3034 ], [ -3.4424, 40.3032 ], [ -3.4429, 40.303 ], [ -3.4428, 40.3027 ], [ -3.4425, 40.3027 ], [ -3.4415, 40.3023 ], [ -3.4418, 40.3018 ], [ -3.4415, 40.3016 ], [ -3.4416, 40.3013 ], [ -3.4415, 40.3012 ], [ -3.4418, 40.3008 ], [ -3.4416, 40.3006 ], [ -3.4412, 40.301 ], [ -3.4414, 40.301 ], [ -3.4413, 40.3015 ], [ -3.4412, 40.3016 ], [ -3.441, 40.3015 ], [ -3.4405, 40.3018 ], [ -3.4406, 40.3019 ], [ -3.4405, 40.302 ], [ -3.4409, 40.3022 ], [ -3.4412, 40.3026 ], [ -3.4413, 40.3025 ], [ -3.4413, 40.3025 ], [ -3.4414, 40.3023 ], [ -3.4413, 40.3026 ], [ -3.4419, 40.3028 ], [ -3.4419, 40.3029 ], [ -3.4415, 40.3029 ], [ -3.4413, 40.3033 ], [ -3.4411, 40.3032 ], [ -3.441, 40.3033 ] ] ] } },
{ "type": "Feature", "properties": { "municipio": "Arganda del Rey", "clasificacion": "urbano-consolidado", "calificacion": "sin-asignar", "version": "vigente", "fuente": "SIT-CAM WFS — UsoDelSuelo:VPLA_V_CLASIFICACION (https://idem.comunidad.madrid/geosrvg/ows)", "fecha_dato": "2026-05-12", "ambito": "38587", "_raw_CD_SIGLAS": "SU", "_raw_DS_CLASIF_GEN": "Suelo Urbano", "_raw_DS_CLASIF_DET": "Suelo Urbano", "_raw_DS_DOCU": "PLAN GENERAL", "_raw_DS_LEY": "CM Ley 9/1995, E RDL 1/1992, E RD 1346/1976", "_raw_FC_AC": "1999-01-14", "_raw_NM_AREA_M2": 2914.8936375100502, "_cam_code": "014" }, "geometry": { "type": "Polygon", "coordinates": [ [ [ -3.4352, 40.298 ], [ -3.4346, 40.2985 ], [ -3.435, 40.2987 ], [ -3.4353, 40.2985 ], [ -3.4354, 40.2981 ], [ -3.4352, 40.298 ] ] ] } },
{ "type": "Feature", "properties": { "municipio": "Arganda del Rey", "clasificacion": "urbano-consolidado", "calificacion": "sin-asignar", "version": "vigente", "fuente": "SIT-CAM WFS — UsoDelSuelo:VPLA_V_CLASIFICACION (https://idem.comunidad.madrid/geosrvg/ows)", "fecha_dato": "2026-05-12", "ambito": "38587", "_raw_CD_SIGLAS": "SU", "_raw_DS_CLASIF_GEN": "Suelo Urbano (INCORPORADO)", "_raw_DS_CLASIF_DET": "Suelo Urbano Incorporado en Ejecución", "_raw_DS_DOCU": "PLAN GENERAL", "_raw_DS_LEY": "CM Ley 9/1995, E RDL 1/1992, E RD 1346/1976", "_raw_FC_AC": "1999-01-14", "_raw_NM_AREA_M2": 21533.500124961902, "_cam_code": "014" }, "geometry": { "type": "Polygon", "coordinates": [ [ [ -3.4412, 40.2975 ], [ -3.4418, 40.2977 ], [ -3.4417, 40.298 ], [ -3.4413, 40.2981 ], [ -3.4419, 40.2988 ], [ -3.4415, 40.2991 ], [ -3.4419, 40.2993 ], [ -3.4432, 40.2985 ], [ -3.4428, 40.298 ], [ -3.4425, 40.2979 ], [ -3.4426, 40.2972 ], [ -3.4413, 40.2971 ], [ -3.4412, 40.2975 ] ] ] } },
{ "type": "Feature", "properties": { "municipio": "Arganda del Rey", "clasificacion": "urbano-consolidado", "calificacion": "sin-asignar", "version": "vigente", "fuente": "SIT-CAM WFS — UsoDelSuelo:VPLA_V_CLASIFICACION (https://idem.comunidad.madrid/geosrvg/ows)", "fecha_dato": "2026-05-12", "ambito": "38587", "_raw_CD_SIGLAS": "SU", "_raw_DS_CLASIF_GEN": "Suelo Urbano (INCORPORADO)", "_raw_DS_CLASIF_DET": "Suelo Urbano Incorporado en Ejecución", "_raw_DS_DOCU": "PLAN GENERAL", "_raw_DS_LEY": "CM Ley 9/1995, E RDL 1/1992, E RD 1346/1976", "_raw_FC_AC": "1999-01-14", "_raw_NM_AREA_M2": 168074.59546243501, "_cam_code": "014" }, "geometry": { "type": "Polygon", "coordinates": [ [ [ -3.4375, 40.2973 ], [ -3.4379, 40.2979 ], [ -3.4378, 40.2982 ], [ -3.4377, 40.2982 ], [ -3.4383, 40.2986 ], [ -3.4384, 40.2985 ], [ -3.4381, 40.298 ], [ -3.4383, 40.2976 ], [ -3.4379, 40.2969 ], [ -3.4383, 40.2968 ], [ -3.4379, 40.296 ], [ -3.4386, 40.296 ], [ -3.4396, 40.2958 ], [ -3.4397, 40.2954 ], [ -3.4393, 40.2952 ], [ -3.4399, 40.2946 ], [ -3.4396, 40.2943 ], [ -3.4402, 40.294 ], [ -3.4391, 40.2935 ], [ -3.4367, 40.2934 ], [ -3.4355, 40.2935 ], [ -3.4352, 40.2938 ], [ -3.4348, 40.2946 ], [ -3.4345, 40.2946 ], [ -3.4346, 40.2953 ], [ -3.4348, 40.2955 ], [ -3.4342, 40.2962 ], [ -3.434, 40.2969 ], [ -3.4336, 40.2973 ], [ -3.4341, 40.2978 ], [ -3.4343, 40.2978 ], [ -3.4352, 40.2975 ], [ -3.4351, 40.2974 ], [ -3.4354, 40.2972 ], [ -3.4355, 40.2973 ], [ -3.4355, 40.2972 ], [ -3.4358, 40.2972 ], [ -3.436, 40.2974 ], [ -3.4365, 40.2967 ], [ -3.4367, 40.2969 ], [ -3.437, 40.2969 ], [ -3.4375, 40.2973 ] ] ] } },
{ "type": "Feature", "properties": { "municipio": "Arganda del Rey", "clasificacion": "urbano-consolidado", "calificacion": "sin-asignar", "version": "vigente", "fuente": "SIT-CAM WFS — UsoDelSuelo:VPLA_V_CLASIFICACION (https://idem.comunidad.madrid/geosrvg/ows)", "fecha_dato": "2026-05-12", "ambito": "38587", "_raw_CD_SIGLAS": "SU", "_raw_DS_CLASIF_GEN": "Suelo Urbano (INCORPORADO)", "_raw_DS_CLASIF_DET": "Suelo Urbano Incorporado", "_raw_DS_DOCU": "PLAN GENERAL", "_raw_DS_LEY": "CM Ley 9/1995, E RDL 1/1992, E RD 1346/1976", "_raw_FC_AC": "1999-01-14", "_raw_NM_AREA_M2": 1143894.57636296, "_cam_code": "014" }, "geometry": { "type": "Polygon", "coordinates": [ [ [ -3.4637, 40.3167 ], [ -3.4632, 40.3179 ], [ -3.4632, 40.3187 ], [ -3.463, 40.3193 ], [ -3.4661, 40.3197 ], [ -3.4674, 40.3196 ], [ -3.469, 40.3191 ], [ -3.4695, 40.3187 ], [ -3.4705, 40.3182 ], [ -3.4708, 40.3182 ], [ -3.4714, 40.3178 ], [ -3.4707, 40.3177 ], [ -3.4707, 40.3175 ], [ -3.4689, 40.3167 ], [ -3.4691, 40.3164 ], [ -3.4682, 40.3158 ], [ -3.4686, 40.3149 ], [ -3.4685, 40.3148 ], [ -3.4681, 40.3149 ], [ -3.468, 40.3147 ], [ -3.4681, 40.3139 ], [ -3.4679, 40.3138 ], [ -3.4678, 40.3135 ], [ -3.4671, 40.313 ], [ -3.4651, 40.3121 ], [ -3.4652, 40.312 ], [ -3.4649, 40.3118 ], [ -3.4665, 40.3113 ], [ -3.4664, 40.3107 ], [ -3.4662, 40.3105 ], [ -3.4662, 40.3103 ], [ -3.4665, 40.3101 ], [ -3.4656, 40.3091 ], [ -3.4652, 40.3089 ], [ -3.4666, 40.3076 ], [ -3.4669, 40.3069 ], [ -3.4642, 40.3064 ], [ -3.4632, 40.3064 ], [ -3.4627, 40.3061 ], [ -3.4549, 40.3046 ], [ -3.4542, 40.3046 ], [ -3.4537, 40.3048 ], [ -3.4529, 40.3058 ], [ -3.4514, 40.3051 ], [ -3.4517, 40.3049 ], [ -3.4516, 40.3048 ], [ -3.4504, 40.3053 ], [ -3.4621, 40.3107 ], [ -3.4616, 40.3112 ], [ -3.4608, 40.3125 ], [ -3.459, 40.3141 ], [ -3.4586, 40.3134 ], [ -3.4586, 40.3132 ], [ -3.4577, 40.3136 ], [ -3.4572, 40.3132 ], [ -3.4571, 40.3129 ], [ -3.4568, 40.3126 ], [ -3.4548, 40.3136 ], [ -3.4557, 40.3148 ], [ -3.4559, 40.3149 ], [ -3.4567, 40.3161 ], [ -3.4583, 40.3147 ], [ -3.4597, 40.315 ], [ -3.4592, 40.3167 ], [ -3.459, 40.3167 ], [ -3.4586, 40.3177 ], [ -3.4583, 40.3178 ], [ -3.4584, 40.3179 ], [ -3.4588, 40.3181 ], [ -3.4617, 40.3171 ], [ -3.4637, 40.3167 ] ], [ [ -3.4656, 40.3156 ], [ -3.4661, 40.3158 ], [ -3.466, 40.3158 ], [ -3.4661, 40.3159 ], [ -3.4639, 40.3166 ], [ -3.4638, 40.3166 ], [ -3.4636, 40.316 ], [ -3.4643, 40.3155 ], [ -3.4656, 40.3157 ], [ -3.4656, 40.3156 ] ] ] } },
{ "type": "Feature", "properties": { "municipio": "Arganda del Rey", "clasificacion": "urbano-consolidado", "calificacion": "sin-asignar", "version": "vigente", "fuente": "SIT-CAM WFS — UsoDelSuelo:VPLA_V_CLASIFICACION (https://idem.comunidad.madrid/geosrvg/ows)", "fecha_dato": "2026-05-12", "ambito": "38587", "_raw_CD_SIGLAS": "SU", "_raw_DS_CLASIF_GEN": "Suelo Urbano (INCORPORADO)", "_raw_DS_CLASIF_DET": "Suelo Urbano Incorporado", "_raw_DS_DOCU": "PLAN GENERAL", "_raw_DS_LEY": "CM Ley 9/1995, E RDL 1/1992, E RD 1346/1976", "_raw_FC_AC": "1999-01-14", "_raw_NM_AREA_M2": 588638.07648741803, "_cam_code": "014" }, "geometry": { "type": "Polygon", "coordinates": [ [ [ -3.4634, 40.3059 ], [ -3.4642, 40.3063 ], [ -3.4677, 40.3069 ], [ -3.4678, 40.3052 ], [ -3.4663, 40.3051 ], [ -3.4665, 40.3034 ], [ -3.4677, 40.3035 ], [ -3.4677, 40.302 ], [ -3.4624, 40.3019 ], [ -3.4622, 40.3017 ], [ -3.4617, 40.2993 ], [ -3.4598, 40.3001 ], [ -3.4588, 40.3003 ], [ -3.4585, 40.3007 ], [ -3.4572, 40.3001 ], [ -3.4571, 40.3002 ], [ -3.456, 40.3003 ], [ -3.4554, 40.3011 ], [ -3.455, 40.3012 ], [ -3.4535, 40.3031 ], [ -3.4515, 40.3037 ], [ -3.4515, 40.3038 ], [ -3.4536, 40.3043 ], [ -3.4537, 40.3042 ], [ -3.4542, 40.3042 ], [ -3.4542, 40.3043 ], [ -3.4545, 40.3044 ], [ -3.4627, 40.306 ], [ -3.4634, 40.3059 ] ] ] } },
{ "type": "Feature", "properties": { "municipio": "Arganda del Rey", "clasificacion": "urbano-consolidado", "calificacion": "sin-asignar", "version": "vigente", "fuente": "SIT-CAM WFS — UsoDelSuelo:VPLA_V_CLASIFICACION (https://idem.comunidad.madrid/geosrvg/ows)", "fecha_dato": "2026-05-12", "ambito": "38587", "_raw_CD_SIGLAS": "SU", "_raw_DS_CLASIF_GEN": "Suelo Urbano (INCORPORADO)", "_raw_DS_CLASIF_DET": "Suelo Urbano Incorporado", "_raw_DS_DOCU": "PLAN GENERAL", "_raw_DS_LEY": "CM Ley 9/1995, E RDL 1/1992, E RD 1346/1976", "_raw_FC_AC": "1999-01-14", "_raw_NM_AREA_M2": 14593.5311249807, "_cam_code": "014" }, "geometry": { "type": "Polygon", "coordinates": [ [ [ -3.4517, 40.3049 ], [ -3.4514, 40.3051 ], [ -3.4529, 40.3058 ], [ -3.4536, 40.3049 ], [ -3.4532, 40.3046 ], [ -3.4524, 40.3046 ], [ -3.4516, 40.3048 ], [ -3.4517, 40.3049 ] ] ] } },
{ "type": "Feature", "properties": { "municipio": "Arganda del Rey", "clasificacion": "urbano-consolidado", "calificacion": "sin-asignar", "version": "vigente", "fuente": "SIT-CAM WFS — UsoDelSuelo:VPLA_V_CLASIFICACION (https://idem.comunidad.madrid/geosrvg/ows)", "fecha_dato": "2026-05-12", "ambito": "38587", "_raw_CD_SIGLAS": "SU", "_raw_DS_CLASIF_GEN": "Suelo Urbano (INCORPORADO)", "_raw_DS_CLASIF_DET": "Suelo Urbano Incorporado en Ejecución", "_raw_DS_DOCU": "PLAN GENERAL", "_raw_DS_LEY": "CM Ley 9/1995, E RDL 1/1992, E RD 1346/1976", "_raw_FC_AC": "1999-01-14", "_raw_NM_AREA_M2": 110903.224587402, "_cam_code": "014" }, "geometry": { "type": "Polygon", "coordinates": [ [ [ -3.4813, 40.3173 ], [ -3.4797, 40.3184 ], [ -3.4795, 40.3189 ], [ -3.4786, 40.3195 ], [ -3.4784, 40.3201 ], [ -3.4809, 40.3217 ], [ -3.4831, 40.3236 ], [ -3.4815, 40.3179 ], [ -3.4813, 40.3173 ] ] ] } },
{ "type": "Feature", "properties": { "municipio": "Arganda del Rey", "clasificacion": "urbano-consolidado", "calificacion": "sin-asignar", "version": "vigente", "fuente": "SIT-CAM WFS — UsoDelSuelo:VPLA_V_CLASIFICACION (https://idem.comunidad.madrid/geosrvg/ows)", "fecha_dato": "2026-05-12", "ambito": "38587", "_raw_CD_SIGLAS": "SU", "_raw_DS_CLASIF_GEN": "Suelo Urbano", "_raw_DS_CLASIF_DET": "Suelo Urbano", "_raw_DS_DOCU": "PLAN GENERAL", "_raw_DS_LEY": "CM Ley 9/1995, E RDL 1/1992, E RD 1346/1976", "_raw_FC_AC": "1999-01-14", "_raw_NM_AREA_M2": 2706.1262250094601, "_cam_code": "014" }, "geometry": { "type": "Polygon", "coordinates": [ [ [ -3.4406, 40.2985 ], [ -3.4405, 40.2992 ], [ -3.4406, 40.2992 ], [ -3.4408, 40.2992 ], [ -3.441, 40.2992 ], [ -3.4411, 40.2992 ], [ -3.441, 40.2992 ], [ -3.441, 40.2989 ], [ -3.4408, 40.2985 ], [ -3.4406, 40.2985 ] ] ] } },
{ "type": "Feature", "properties": { "municipio": "Arganda del Rey", "clasificacion": "urbano-consolidado", "calificacion": "sin-asignar", "version": "vigente", "fuente": "SIT-CAM WFS — UsoDelSuelo:VPLA_V_CLASIFICACION (https://idem.comunidad.madrid/geosrvg/ows)", "fecha_dato": "2026-05-12", "ambito": "38587", "_raw_CD_SIGLAS": "SU", "_raw_DS_CLASIF_GEN": "Suelo Urbano", "_raw_DS_CLASIF_DET": "Suelo Urbano", "_raw_DS_DOCU": "PLAN GENERAL", "_raw_DS_LEY": "CM Ley 9/1995, E RDL 1/1992, E RD 1346/1976", "_raw_FC_AC": "1999-01-14", "_raw_NM_AREA_M2": 3050.2368249983901, "_cam_code": "014" }, "geometry": { "type": "GeometryCollection", "geometries": [ { "type": "Polygon", "coordinates": [ [ [ -3.4407, 40.3026 ], [ -3.4407, 40.3024 ], [ -3.4405, 40.3022 ], [ -3.4399, 40.3022 ], [ -3.44, 40.3023 ], [ -3.4399, 40.3024 ], [ -3.4405, 40.3025 ], [ -3.4405, 40.3028 ], [ -3.4405, 40.3029 ], [ -3.4408, 40.3028 ], [ -3.441, 40.3026 ], [ -3.4407, 40.3026 ] ] ] }, { "type": "LineString", "coordinates": [ [ -3.4398, 40.3021 ], [ -3.4399, 40.3022 ] ] } ] } },
{ "type": "Feature", "properties": { "municipio": "Arganda del Rey", "clasificacion": "urbano-consolidado", "calificacion": "sin-asignar", "version": "vigente", "fuente": "SIT-CAM WFS — UsoDelSuelo:VPLA_V_CLASIFICACION (https://idem.comunidad.madrid/geosrvg/ows)", "fecha_dato": "2026-05-12", "ambito": "38587", "_raw_CD_SIGLAS": "SU", "_raw_DS_CLASIF_GEN": "Suelo Urbano", "_raw_DS_CLASIF_DET": "Suelo Urbano", "_raw_DS_DOCU": "PLAN GENERAL", "_raw_DS_LEY": "CM Ley 9/1995, E RDL 1/1992, E RD 1346/1976", "_raw_FC_AC": "1999-01-14", "_raw_NM_AREA_M2": 1524.5224124901199, "_cam_code": "014" }, "geometry": { "type": "Polygon", "coordinates": [ [ [ -3.442, 40.3023 ], [ -3.4424, 40.3025 ], [ -3.4425, 40.3022 ], [ -3.4427, 40.3021 ], [ -3.4423, 40.302 ], [ -3.4422, 40.3023 ], [ -3.442, 40.3023 ] ] ] } },
{ "type": "Feature", "properties": { "municipio": "Arganda del Rey", "clasificacion": "urbano-consolidado", "calificacion": "sin-asignar", "version": "vigente", "fuente": "SIT-CAM WFS — UsoDelSuelo:VPLA_V_CLASIFICACION (https://idem.comunidad.madrid/geosrvg/ows)", "fecha_dato": "2026-05-12", "ambito": "38587", "_raw_CD_SIGLAS": "SU", "_raw_DS_CLASIF_GEN": "Suelo Urbano", "_raw_DS_CLASIF_DET": "Suelo Urbano", "_raw_DS_DOCU": "PLAN GENERAL", "_raw_DS_LEY": "CM Ley 9/1995, E RDL 1/1992, E RD 1346/1976", "_raw_FC_AC": "1999-01-14", "_raw_NM_AREA_M2": 15794.845549977201, "_cam_code": "014" }, "geometry": { "type": "Polygon", "coordinates": [ [ [ -3.4473, 40.3008 ], [ -3.4463, 40.3018 ], [ -3.4473, 40.3024 ], [ -3.4483, 40.3014 ], [ -3.4473, 40.3008 ] ] ] } },
{ "type": "Feature", "properties": { "municipio": "Arganda del Rey", "clasificacion": "urbano-consolidado", "calificacion": "sin-asignar", "version": "vigente", "fuente": "SIT-CAM WFS — UsoDelSuelo:VPLA_V_CLASIFICACION (https://idem.comunidad.madrid/geosrvg/ows)", "fecha_dato": "2026-05-12", "ambito": "38587", "_raw_CD_SIGLAS": "SU", "_raw_DS_CLASIF_GEN": "Suelo Urbano", "_raw_DS_CLASIF_DET": "Suelo Urbano", "_raw_DS_DOCU": "PLAN GENERAL", "_raw_DS_LEY": "CM Ley 9/1995, E RDL 1/1992, E RD 1346/1976", "_raw_FC_AC": "1999-01-14", "_raw_NM_AREA_M2": 4538.8104750442399, "_cam_code": "014" }, "geometry": { "type": "Polygon", "coordinates": [ [ [ -3.4308, 40.2992 ], [ -3.4314, 40.2998 ], [ -3.4318, 40.2995 ], [ -3.4315, 40.299 ], [ -3.4312, 40.299 ], [ -3.4308, 40.2992 ] ] ] } },
{ "type": "Feature", "properties": { "municipio": "Arganda del Rey", "clasificacion": "urbano-consolidado", "calificacion": "sin-asignar", "version": "vigente", "fuente": "SIT-CAM WFS — UsoDelSuelo:VPLA_V_CLASIFICACION (https://idem.comunidad.madrid/geosrvg/ows)", "fecha_dato": "2026-05-12", "ambito": "38587", "_raw_CD_SIGLAS": "SU", "_raw_DS_CLASIF_GEN": "Suelo Urbano", "_raw_DS_CLASIF_DET": "Suelo Urbano", "_raw_DS_DOCU": "PLAN GENERAL", "_raw_DS_LEY": "CM Ley 9/1995, E RDL 1/1992, E RD 1346/1976", "_raw_FC_AC": "1999-01-14", "_raw_NM_AREA_M2": 2886.7285125273802, "_cam_code": "014" }, "geometry": { "type": "Polygon", "coordinates": [ [ [ -3.4299, 40.2979 ], [ -3.4298, 40.2983 ], [ -3.4305, 40.299 ], [ -3.4303, 40.2983 ], [ -3.4299, 40.2979 ] ] ] } },
{ "type": "Feature", "properties": { "municipio": "Arganda del Rey", "clasificacion": "urbano-consolidado", "calificacion": "sin-asignar", "version": "vigente", "fuente": "SIT-CAM WFS — UsoDelSuelo:VPLA_V_CLASIFICACION (https://idem.comunidad.madrid/geosrvg/ows)", "fecha_dato": "2026-05-12", "ambito": "38587", "_raw_CD_SIGLAS": "SU", "_raw_DS_CLASIF_GEN": "Suelo Urbano (INCORPORADO)", "_raw_DS_CLASIF_DET": "Suelo Urbano Incorporado", "_raw_DS_DOCU": "PLAN GENERAL", "_raw_DS_LEY": "CM Ley 9/1995, E RDL 1/1992, E RD 1346/1976", "_raw_FC_AC": "1999-01-14", "_raw_NM_AREA_M2": 55925.889799976299, "_cam_code": "014" }, "geometry": { "type": "Polygon", "coordinates": [ [ [ -3.4807, 40.317 ], [ -3.4809, 40.3172 ], [ -3.4813, 40.3168 ], [ -3.4819, 40.3165 ], [ -3.482, 40.3163 ], [ -3.4828, 40.3158 ], [ -3.483, 40.3156 ], [ -3.483, 40.3151 ], [ -3.4824, 40.315 ], [ -3.482, 40.3147 ], [ -3.4815, 40.3149 ], [ -3.4812, 40.3147 ], [ -3.4805, 40.3151 ], [ -3.48, 40.315 ], [ -3.4798, 40.3153 ], [ -3.4793, 40.315 ], [ -3.4793, 40.3159 ], [ -3.4791, 40.316 ], [ -3.4791, 40.3157 ], [ -3.479, 40.3158 ], [ -3.479, 40.3157 ], [ -3.4788, 40.3157 ], [ -3.4787, 40.3163 ], [ -3.4801, 40.3164 ], [ -3.4806, 40.3171 ], [ -3.4807, 40.317 ] ] ] } },
{ "type": "Feature", "properties": { "municipio": "Arganda del Rey", "clasificacion": "urbano-consolidado", "calificacion": "sin-asignar", "version": "vigente", "fuente": "SIT-CAM WFS — UsoDelSuelo:VPLA_V_CLASIFICACION (https://idem.comunidad.madrid/geosrvg/ows)", "fecha_dato": "2026-05-12", "ambito": "38587", "_raw_CD_SIGLAS": "SU", "_raw_DS_CLASIF_GEN": "Suelo Urbano (INCORPORADO)", "_raw_DS_CLASIF_DET": "Suelo Urbano Incorporado en Ejecución", "_raw_DS_DOCU": "PLAN GENERAL", "_raw_DS_LEY": "CM Ley 9/1995, E RDL 1/1992, E RD 1346/1976", "_raw_FC_AC": "1999-01-14", "_raw_NM_AREA_M2": 65287.536400025601, "_cam_code": "014" }, "geometry": { "type": "Polygon", "coordinates": [ [ [ -3.4743, 40.3154 ], [ -3.4745, 40.3159 ], [ -3.4758, 40.3161 ], [ -3.4787, 40.3163 ], [ -3.4788, 40.3157 ], [ -3.479, 40.3157 ], [ -3.479, 40.3158 ], [ -3.4791, 40.3157 ], [ -3.4791, 40.316 ], [ -3.4793, 40.3159 ], [ -3.4793, 40.315 ], [ -3.4781, 40.3143 ], [ -3.478, 40.3144 ], [ -3.476, 40.3143 ], [ -3.476, 40.3151 ], [ -3.4751, 40.315 ], [ -3.4749, 40.3152 ], [ -3.4746, 40.3152 ], [ -3.4746, 40.3154 ], [ -3.4743, 40.3154 ] ] ] } },
{ "type": "Feature", "properties": { "municipio": "Arganda del Rey", "clasificacion": "urbano-consolidado", "calificacion": "sin-asignar", "version": "vigente", "fuente": "SIT-CAM WFS — UsoDelSuelo:VPLA_V_CLASIFICACION (https://idem.comunidad.madrid/geosrvg/ows)", "fecha_dato": "2026-05-12", "ambito": "38587", "_raw_CD_SIGLAS": "SU", "_raw_DS_CLASIF_GEN": "Suelo Urbano (INCORPORADO)", "_raw_DS_CLASIF_DET": "Suelo Urbano Incorporado", "_raw_DS_DOCU": "PLAN GENERAL", "_raw_DS_LEY": "CM Ley 9/1995, E RDL 1/1992, E RD 1346/1976", "_raw_FC_AC": "1999-01-14", "_raw_NM_AREA_M2": 30175.071849886801, "_cam_code": "014" }, "geometry": { "type": "Polygon", "coordinates": [ [ [ -3.472, 40.3179 ], [ -3.4723, 40.3179 ], [ -3.4723, 40.3181 ], [ -3.4747, 40.3181 ], [ -3.4742, 40.3175 ], [ -3.4737, 40.3172 ], [ -3.4713, 40.3163 ], [ -3.4711, 40.3166 ], [ -3.4715, 40.3172 ], [ -3.4717, 40.3172 ], [ -3.4718, 40.3174 ], [ -3.4717, 40.3179 ], [ -3.472, 40.3179 ] ] ] } },
{ "type": "Feature", "properties": { "municipio": "Arganda del Rey", "clasificacion": "urbano-consolidado", "calificacion": "sin-asignar", "version": "vigente", "fuente": "SIT-CAM WFS — UsoDelSuelo:VPLA_V_CLASIFICACION (https://idem.comunidad.madrid/geosrvg/ows)", "fecha_dato": "2026-05-12", "ambito": "38587", "_raw_CD_SIGLAS": "SU", "_raw_DS_CLASIF_GEN": "Suelo Urbano (INCORPORADO)", "_raw_DS_CLASIF_DET": "Suelo Urbano Incorporado", "_raw_DS_DOCU": "PLAN GENERAL", "_raw_DS_LEY": "CM Ley 9/1995, E RDL 1/1992, E RD 1346/1976", "_raw_FC_AC": "1999-01-14", "_raw_NM_AREA_M2": 24291.489787532901, "_cam_code": "014" }, "geometry": { "type": "Polygon", "coordinates": [ [ [ -3.4832, 40.3082 ], [ -3.4839, 40.3088 ], [ -3.4838, 40.3089 ], [ -3.4845, 40.3088 ], [ -3.4848, 40.3081 ], [ -3.4849, 40.3082 ], [ -3.4858, 40.3075 ], [ -3.4848, 40.3069 ], [ -3.4834, 40.3077 ], [ -3.4832, 40.3082 ] ] ] } },
{ "type": "Feature", "properties": { "municipio": "Arganda del Rey", "clasificacion": "urbano-consolidado", "calificacion": "sin-asignar", "version": "vigente", "fuente": "SIT-CAM WFS — UsoDelSuelo:VPLA_V_CLASIFICACION (https://idem.comunidad.madrid/geosrvg/ows)", "fecha_dato": "2026-05-12", "ambito": "38587", "_raw_CD_SIGLAS": "SU", "_raw_DS_CLASIF_GEN": "Suelo Urbano (INCORPORADO)", "_raw_DS_CLASIF_DET": "Suelo Urbano Incorporado", "_raw_DS_DOCU": "PLAN GENERAL", "_raw_DS_LEY": "CM Ley 9/1995, E RDL 1/1992, E RD 1346/1976", "_raw_FC_AC": "1999-01-14", "_raw_NM_AREA_M2": 75201.345049941199, "_cam_code": "014" }, "geometry": { "type": "Polygon", "coordinates": [ [ [ -3.4807, 40.3081 ], [ -3.4812, 40.3087 ], [ -3.4813, 40.3091 ], [ -3.481, 40.3092 ], [ -3.4809, 40.3094 ], [ -3.4811, 40.3095 ], [ -3.4808, 40.3101 ], [ -3.4815, 40.3102 ], [ -3.482, 40.3091 ], [ -3.4839, 40.3089 ], [ -3.4832, 40.3082 ], [ -3.4834, 40.3077 ], [ -3.4848, 40.3069 ], [ -3.4836, 40.3059 ], [ -3.4827, 40.3064 ], [ -3.482, 40.3071 ], [ -3.4812, 40.307 ], [ -3.4807, 40.3081 ] ] ] } },
{ "type": "Feature", "properties": { "municipio": "Arganda del Rey", "clasificacion": "urbano-consolidado", "calificacion": "sin-asignar", "version": "vigente", "fuente": "SIT-CAM WFS — UsoDelSuelo:VPLA_V_CLASIFICACION (https://idem.comunidad.madrid/geosrvg/ows)", "fecha_dato": "2026-05-12", "ambito": "38587", "_raw_CD_SIGLAS": "SU", "_raw_DS_CLASIF_GEN": "Suelo Urbano", "_raw_DS_CLASIF_DET": "Suelo Urbano", "_raw_DS_DOCU": "PLAN GENERAL", "_raw_DS_LEY": "CM Ley 9/1995, E RDL 1/1992, E RD 1346/1976", "_raw_FC_AC": "1999-01-14", "_raw_NM_AREA_M2": 21009.852050054, "_cam_code": "014" }, "geometry": { "type": "Polygon", "coordinates": [ [ [ -3.4571, 40.3216 ], [ -3.4574, 40.3212 ], [ -3.4574, 40.3209 ], [ -3.4578, 40.321 ], [ -3.4579, 40.3202 ], [ -3.4575, 40.3203 ], [ -3.4565, 40.3202 ], [ -3.4558, 40.3206 ], [ -3.4553, 40.3207 ], [ -3.4554, 40.3211 ], [ -3.4557, 40.3211 ], [ -3.4559, 40.3213 ], [ -3.4571, 40.3216 ] ] ] } },
{ "type": "Feature", "properties": { "municipio": "Arganda del Rey", "clasificacion": "urbano-consolidado", "calificacion": "sin-asignar", "version": "vigente", "fuente": "SIT-CAM WFS — UsoDelSuelo:VPLA_V_CLASIFICACION (https://idem.comunidad.madrid/geosrvg/ows)", "fecha_dato": "2026-05-12", "ambito": "38587", "_raw_CD_SIGLAS": "SU", "_raw_DS_CLASIF_GEN": "Suelo Urbano (INCORPORADO)", "_raw_DS_CLASIF_DET": "Suelo Urbano Incorporado", "_raw_DS_DOCU": "PLAN GENERAL", "_raw_DS_LEY": "CM Ley 9/1995, E RDL 1/1992, E RD 1346/1976", "_raw_FC_AC": "1999-01-14", "_raw_NM_AREA_M2": 54272.243949950796, "_cam_code": "014" }, "geometry": { "type": "Polygon", "coordinates": [ [ [ -3.4622, 40.3016 ], [ -3.4624, 40.3019 ], [ -3.4644, 40.3019 ], [ -3.4644, 40.3014 ], [ -3.4648, 40.3014 ], [ -3.4649, 40.3011 ], [ -3.4643, 40.3012 ], [ -3.464, 40.3003 ], [ -3.4636, 40.3002 ], [ -3.4635, 40.3 ], [ -3.4634, 40.2997 ], [ -3.464, 40.2994 ], [ -3.4636, 40.2989 ], [ -3.4632, 40.2989 ], [ -3.4618, 40.2996 ], [ -3.4622, 40.3016 ] ] ] } },
{ "type": "Feature", "properties": { "municipio": "Arganda del Rey", "clasificacion": "urbano-consolidado", "calificacion": "sin-asignar", "version": "vigente", "fuente": "SIT-CAM WFS — UsoDelSuelo:VPLA_V_CLASIFICACION (https://idem.comunidad.madrid/geosrvg/ows)", "fecha_dato": "2026-05-12", "ambito": "38587", "_raw_CD_SIGLAS": "SU", "_raw_DS_CLASIF_GEN": "Suelo Urbano (INCORPORADO)", "_raw_DS_CLASIF_DET": "Suelo Urbano en Ejecución", "_raw_DS_DOCU": "PLAN GENERAL", "_raw_DS_LEY": "CM Ley 9/1995, E RDL 1/1992, E RD 1346/1976", "_raw_FC_AC": "1999-01-14", "_raw_NM_AREA_M2": 6737.0710875731302, "_cam_code": "014" }, "geometry": { "type": "Polygon", "coordinates": [ [ [ -3.4436, 40.3022 ], [ -3.4437, 40.3022 ], [ -3.4439, 40.3022 ], [ -3.444, 40.3022 ], [ -3.4433, 40.3021 ], [ -3.4435, 40.3016 ], [ -3.4436, 40.3016 ], [ -3.4436, 40.3016 ], [ -3.4436, 40.3016 ], [ -3.4436, 40.3016 ], [ -3.4436, 40.3016 ], [ -3.4436, 40.3016 ], [ -3.4436, 40.3016 ], [ -3.4436, 40.3016 ], [ -3.4436, 40.3016 ], [ -3.4436, 40.3016 ], [ -3.444, 40.3016 ], [ -3.4441, 40.3016 ], [ -3.4442, 40.3016 ], [ -3.4426, 40.3013 ], [ -3.4423, 40.3018 ], [ -3.4426, 40.3019 ], [ -3.4426, 40.302 ], [ -3.4431, 40.3021 ], [ -3.4431, 40.3022 ], [ -3.4436, 40.3022 ] ] ] } },
{ "type": "Feature", "properties": { "municipio": "Arganda del Rey", "clasificacion": "urbano-consolidado", "calificacion": "sin-asignar", "version": "vigente", "fuente": "SIT-CAM WFS — UsoDelSuelo:VPLA_V_CLASIFICACION (https://idem.comunidad.madrid/geosrvg/ows)", "fecha_dato": "2026-05-12", "ambito": "38587", "_raw_CD_SIGLAS": "SU", "_raw_DS_CLASIF_GEN": "Suelo Urbano", "_raw_DS_CLASIF_DET": "Suelo Urbano", "_raw_DS_DOCU": "PLAN GENERAL", "_raw_DS_LEY": "CM Ley 9/1995, E RDL 1/1992, E RD 1346/1976", "_raw_FC_AC": "1999-01-14", "_raw_NM_AREA_M2": 1944.7574500057599, "_cam_code": "014" }, "geometry": { "type": "Polygon", "coordinates": [ [ [ -3.4361, 40.302 ], [ -3.4367, 40.3021 ], [ -3.4368, 40.3021 ], [ -3.4367, 40.3021 ], [ -3.4368, 40.302 ], [ -3.4367, 40.302 ], [ -3.4368, 40.302 ], [ -3.4367, 40.302 ], [ -3.4368, 40.3019 ], [ -3.4367, 40.3018 ], [ -3.4365, 40.3016 ], [ -3.4362, 40.3017 ], [ -3.4363, 40.3018 ], [ -3.4361, 40.302 ] ] ] } },
{ "type": "Feature", "properties": { "municipio": "Arganda del Rey", "clasificacion": "urbano-consolidado", "calificacion": "sin-asignar", "version": "vigente", "fuente": "SIT-CAM WFS — UsoDelSuelo:VPLA_V_CLASIFICACION (https://idem.comunidad.madrid/geosrvg/ows)", "fecha_dato": "2026-05-12", "ambito": "38587", "_raw_CD_SIGLAS": "SU", "_raw_DS_CLASIF_GEN": "Suelo Urbano (INCORPORADO)", "_raw_DS_CLASIF_DET": "Suelo Urbano Incorporado en Ejecución", "_raw_DS_DOCU": "PLAN GENERAL", "_raw_DS_LEY": "CM Ley 9/1995, E RDL 1/1992, E RD 1346/1976", "_raw_FC_AC": "1999-01-14", "_raw_NM_AREA_M2": 168289.972925112, "_cam_code": "014" }, "geometry": { "type": "Polygon", "coordinates": [ [ [ -3.4644, 40.3019 ], [ -3.4673, 40.302 ], [ -3.4673, 40.3012 ], [ -3.4677, 40.3012 ], [ -3.4678, 40.3004 ], [ -3.4672, 40.3005 ], [ -3.4665, 40.2999 ], [ -3.4673, 40.2995 ], [ -3.4679, 40.2989 ], [ -3.469, 40.3002 ], [ -3.4723, 40.3001 ], [ -3.4724, 40.3 ], [ -3.472, 40.2988 ], [ -3.4726, 40.2987 ], [ -3.4725, 40.2986 ], [ -3.4728, 40.2985 ], [ -3.4728, 40.2984 ], [ -3.4725, 40.298 ], [ -3.4706, 40.2976 ], [ -3.4706, 40.2977 ], [ -3.4703, 40.2977 ], [ -3.4703, 40.2978 ], [ -3.4694, 40.298 ], [ -3.4683, 40.2986 ], [ -3.4674, 40.2987 ], [ -3.4669, 40.2985 ], [ -3.4642, 40.2999 ], [ -3.4639, 40.2998 ], [ -3.4635, 40.2999 ], [ -3.4636, 40.3002 ], [ -3.464, 40.3003 ], [ -3.4643, 40.3012 ], [ -3.4649, 40.3011 ], [ -3.4648, 40.3014 ], [ -3.4644, 40.3014 ], [ -3.4644, 40.3019 ] ] ] } },
{ "type": "Feature", "properties": { "municipio": "Arganda del Rey", "clasificacion": "urbano-consolidado", "calificacion": "sin-asignar", "version": "vigente", "fuente": "SIT-CAM WFS — UsoDelSuelo:VPLA_V_CLASIFICACION (https://idem.comunidad.madrid/geosrvg/ows)", "fecha_dato": "2026-05-12", "ambito": "38587", "_raw_CD_SIGLAS": "SU", "_raw_DS_CLASIF_GEN": "Suelo Urbano", "_raw_DS_CLASIF_DET": "Suelo Urbano", "_raw_DS_DOCU": "PLAN GENERAL", "_raw_DS_LEY": "CM Ley 9/1995, E RDL 1/1992, E RD 1346/1976", "_raw_FC_AC": "1999-01-14", "_raw_NM_AREA_M2": 1331.6789250003601, "_cam_code": "014" }, "geometry": { "type": "Polygon", "coordinates": [ [ [ -3.4396, 40.302 ], [ -3.44, 40.3021 ], [ -3.44, 40.3017 ], [ -3.4397, 40.3017 ], [ -3.4396, 40.302 ] ] ] } },
{ "type": "Feature", "properties": { "municipio": "Arganda del Rey", "clasificacion": "urbano-consolidado", "calificacion": "sin-asignar", "version": "vigente", "fuente": "SIT-CAM WFS — UsoDelSuelo:VPLA_V_CLASIFICACION (https://idem.comunidad.madrid/geosrvg/ows)", "fecha_dato": "2026-05-12", "ambito": "38587", "_raw_CD_SIGLAS": "SU", "_raw_DS_CLASIF_GEN": "Suelo Urbano", "_raw_DS_CLASIF_DET": "Suelo Urbano", "_raw_DS_DOCU": "PLAN GENERAL", "_raw_DS_LEY": "CM Ley 9/1995, E RDL 1/1992, E RD 1346/1976", "_raw_FC_AC": "1999-01-14", "_raw_NM_AREA_M2": 4118.8240000117603, "_cam_code": "014" }, "geometry": { "type": "Polygon", "coordinates": [ [ [ -3.4382, 40.3 ], [ -3.4381, 40.3 ], [ -3.4381, 40.3002 ], [ -3.4382, 40.3002 ], [ -3.4381, 40.3003 ], [ -3.4385, 40.3004 ], [ -3.4386, 40.3002 ], [ -3.4383, 40.3 ], [ -3.4387, 40.3001 ], [ -3.439, 40.2998 ], [ -3.4388, 40.2997 ], [ -3.4387, 40.2994 ], [ -3.4385, 40.2994 ], [ -3.4385, 40.2995 ], [ -3.4383, 40.2995 ], [ -3.4382, 40.3 ] ] ] } },
{ "type": "Feature", "properties": { "municipio": "Arganda del Rey", "clasificacion": "urbano-consolidado", "calificacion": "sin-asignar", "version": "vigente", "fuente": "SIT-CAM WFS — UsoDelSuelo:VPLA_V_CLASIFICACION (https://idem.comunidad.madrid/geosrvg/ows)", "fecha_dato": "2026-05-12", "ambito": "38587", "_raw_CD_SIGLAS": "SU", "_raw_DS_CLASIF_GEN": "Suelo Urbano", "_raw_DS_CLASIF_DET": "Suelo Urbano", "_raw_DS_DOCU": "PLAN GENERAL", "_raw_DS_LEY": "CM Ley 9/1995, E RDL 1/1992, E RD 1346/1976", "_raw_FC_AC": "1999-01-14", "_raw_NM_AREA_M2": 2445.3713124928099, "_cam_code": "014" }, "geometry": { "type": "Polygon", "coordinates": [ [ [ -3.4331, 40.3001 ], [ -3.4333, 40.3002 ], [ -3.4335, 40.3 ], [ -3.4336, 40.3001 ], [ -3.4341, 40.3 ], [ -3.4341, 40.2998 ], [ -3.4339, 40.2999 ], [ -3.4335, 40.2996 ], [ -3.4335, 40.2997 ], [ -3.4333, 40.2997 ], [ -3.4333, 40.2999 ], [ -3.4331, 40.2999 ], [ -3.4331, 40.3001 ] ] ] } },
{ "type": "Feature", "properties": { "municipio": "Arganda del Rey", "clasificacion": "urbano-consolidado", "calificacion": "sin-asignar", "version": "vigente", "fuente": "SIT-CAM WFS — UsoDelSuelo:VPLA_V_CLASIFICACION (https://idem.comunidad.madrid/geosrvg/ows)", "fecha_dato": "2026-05-12", "ambito": "38587", "_raw_CD_SIGLAS": "SU", "_raw_DS_CLASIF_GEN": "Suelo Urbano (INCORPORADO)", "_raw_DS_CLASIF_DET": "Suelo Urbano Incorporado", "_raw_DS_DOCU": "PLAN GENERAL", "_raw_DS_LEY": "CM Ley 9/1995, E RDL 1/1992, E RD 1346/1976", "_raw_FC_AC": "1999-01-14", "_raw_NM_AREA_M2": 103734.833337505, "_cam_code": "014" }, "geometry": { "type": "Polygon", "coordinates": [ [ [ -3.4802, 40.3093 ], [ -3.48, 40.3098 ], [ -3.4809, 40.31 ], [ -3.4811, 40.3095 ], [ -3.4809, 40.3094 ], [ -3.4813, 40.309 ], [ -3.481, 40.3084 ], [ -3.4807, 40.3081 ], [ -3.4812, 40.307 ], [ -3.482, 40.3071 ], [ -3.4827, 40.3064 ], [ -3.4835, 40.306 ], [ -3.4819, 40.3044 ], [ -3.4816, 40.3044 ], [ -3.4814, 40.3047 ], [ -3.481, 40.3044 ], [ -3.4793, 40.3062 ], [ -3.4788, 40.3061 ], [ -3.4782, 40.307 ], [ -3.4782, 40.3071 ], [ -3.4785, 40.3072 ], [ -3.4808, 40.3078 ], [ -3.4806, 40.3082 ], [ -3.4799, 40.3083 ], [ -3.4802, 40.3093 ] ] ] } },
{ "type": "Feature", "properties": { "municipio": "Arganda del Rey", "clasificacion": "urbano-consolidado", "calificacion": "sin-asignar", "version": "vigente", "fuente": "SIT-CAM WFS — UsoDelSuelo:VPLA_V_CLASIFICACION (https://idem.comunidad.madrid/geosrvg/ows)", "fecha_dato": "2026-05-12", "ambito": "38587", "_raw_CD_SIGLAS": "SU", "_raw_DS_CLASIF_GEN": "Suelo Urbano (INCORPORADO)", "_raw_DS_CLASIF_DET": "Suelo Urbano Incorporado", "_raw_DS_DOCU": "PLAN GENERAL", "_raw_DS_LEY": "CM Ley 9/1995, E RDL 1/1992, E RD 1346/1976", "_raw_FC_AC": "1999-01-14", "_raw_NM_AREA_M2": 621446.86906291696, "_cam_code": "014" }, "geometry": { "type": "Polygon", "coordinates": [ [ [ -3.48, 40.3098 ], [ -3.4802, 40.3092 ], [ -3.4801, 40.3092 ], [ -3.4799, 40.3083 ], [ -3.4806, 40.3082 ], [ -3.4808, 40.3078 ], [ -3.4785, 40.3072 ], [ -3.4782, 40.3071 ], [ -3.4782, 40.307 ], [ -3.4788, 40.3061 ], [ -3.4793, 40.3062 ], [ -3.481, 40.3044 ], [ -3.4814, 40.3047 ], [ -3.4817, 40.3044 ], [ -3.4803, 40.3036 ], [ -3.4794, 40.3032 ], [ -3.4786, 40.303 ], [ -3.4785, 40.3031 ], [ -3.4782, 40.303 ], [ -3.4782, 40.3029 ], [ -3.4778, 40.3032 ], [ -3.477, 40.3026 ], [ -3.4763, 40.3033 ], [ -3.477, 40.3038 ], [ -3.4763, 40.3045 ], [ -3.4753, 40.3049 ], [ -3.4748, 40.3047 ], [ -3.4742, 40.3052 ], [ -3.4736, 40.3041 ], [ -3.4735, 40.3041 ], [ -3.4735, 40.3039 ], [ -3.4729, 40.3036 ], [ -3.4712, 40.3019 ], [ -3.4709, 40.3021 ], [ -3.4677, 40.3021 ], [ -3.4677, 40.3035 ], [ -3.4665, 40.3034 ], [ -3.4663, 40.3051 ], [ -3.4678, 40.3052 ], [ -3.4677, 40.3069 ], [ -3.472, 40.308 ], [ -3.48, 40.3098 ] ] ] } },
{ "type": "Feature", "properties": { "municipio": "Arganda del Rey", "clasificacion": "urbano-consolidado", "calificacion": "sin-asignar", "version": "vigente", "fuente": "SIT-CAM WFS — UsoDelSuelo:VPLA_V_CLASIFICACION (https://idem.comunidad.madrid/geosrvg/ows)", "fecha_dato": "2026-05-12", "ambito": "38587", "_raw_CD_SIGLAS": "SU", "_raw_DS_CLASIF_GEN": "Suelo Urbano", "_raw_DS_CLASIF_DET": "Suelo Urbano", "_raw_DS_DOCU": "PLAN GENERAL", "_raw_DS_LEY": "CM Ley 9/1995, E RDL 1/1992, E RD 1346/1976", "_raw_FC_AC": "1999-01-14", "_raw_NM_AREA_M2": 95477.817724960405, "_cam_code": "014" }, "geometry": { "type": "Polygon", "coordinates": [ [ [ -3.4594, 40.3201 ], [ -3.4615, 40.3213 ], [ -3.4629, 40.3217 ], [ -3.4642, 40.3218 ], [ -3.4651, 40.3204 ], [ -3.466, 40.3201 ], [ -3.466, 40.3197 ], [ -3.4608, 40.3191 ], [ -3.4606, 40.3198 ], [ -3.4607, 40.3201 ], [ -3.4603, 40.3202 ], [ -3.4594, 40.3201 ] ] ] } },
{ "type": "Feature", "properties": { "municipio": "Arganda del Rey", "clasificacion": "urbano-consolidado", "calificacion": "sin-asignar", "version": "vigente", "fuente": "SIT-CAM WFS — UsoDelSuelo:VPLA_V_CLASIFICACION (https://idem.comunidad.madrid/geosrvg/ows)", "fecha_dato": "2026-05-12", "ambito": "38587", "_raw_CD_SIGLAS": "SU", "_raw_DS_CLASIF_GEN": "Suelo Urbano", "_raw_DS_CLASIF_DET": "Suelo Urbano", "_raw_DS_DOCU": "PLAN GENERAL", "_raw_DS_LEY": "CM Ley 9/1995, E RDL 1/1992, E RD 1346/1976", "_raw_FC_AC": "1999-01-14", "_raw_NM_AREA_M2": 7804.5465374784599, "_cam_code": "014" }, "geometry": { "type": "Polygon", "coordinates": [ [ [ -3.4604, 40.3218 ], [ -3.4606, 40.3213 ], [ -3.4605, 40.3211 ], [ -3.4599, 40.3208 ], [ -3.4599, 40.3207 ], [ -3.4597, 40.3213 ], [ -3.4591, 40.3206 ], [ -3.459, 40.3212 ], [ -3.4594, 40.3212 ], [ -3.4599, 40.3217 ], [ -3.4604, 40.3218 ] ] ] } },
{ "type": "Feature", "properties": { "municipio": "Arganda del Rey", "clasificacion": "urbano-consolidado", "calificacion": "sin-asignar", "version": "vigente", "fuente": "SIT-CAM WFS — UsoDelSuelo:VPLA_V_CLASIFICACION (https://idem.comunidad.madrid/geosrvg/ows)", "fecha_dato": "2026-05-12", "ambito": "38587", "_raw_CD_SIGLAS": "SU", "_raw_DS_CLASIF_GEN": "Suelo Urbano", "_raw_DS_CLASIF_DET": "Suelo Urbano", "_raw_DS_DOCU": "PLAN GENERAL", "_raw_DS_LEY": "CM Ley 9/1995, E RDL 1/1992, E RD 1346/1976", "_raw_FC_AC": "1999-01-14", "_raw_NM_AREA_M2": 5979.8809874634399, "_cam_code": "014" }, "geometry": { "type": "Polygon", "coordinates": [ [ [ -3.4389, 40.2998 ], [ -3.439, 40.2999 ], [ -3.4399, 40.2998 ], [ -3.44, 40.2999 ], [ -3.44, 40.2998 ], [ -3.4403, 40.2998 ], [ -3.4403, 40.2996 ], [ -3.4398, 40.2991 ], [ -3.4397, 40.2993 ], [ -3.4394, 40.2993 ], [ -3.4389, 40.2998 ] ] ] } },
{ "type": "Feature", "properties": { "municipio": "Arganda del Rey", "clasificacion": "urbano-consolidado", "calificacion": "sin-asignar", "version": "vigente", "fuente": "SIT-CAM WFS — UsoDelSuelo:VPLA_V_CLASIFICACION (https://idem.comunidad.madrid/geosrvg/ows)", "fecha_dato": "2026-05-12", "ambito": "38587", "_raw_CD_SIGLAS": "SU", "_raw_DS_CLASIF_GEN": "Suelo Urbano", "_raw_DS_CLASIF_DET": "Suelo Urbano", "_raw_DS_DOCU": "PLAN GENERAL", "_raw_DS_LEY": "CM Ley 9/1995, E RDL 1/1992, E RD 1346/1976", "_raw_FC_AC": "1999-01-14", "_raw_NM_AREA_M2": 2266.0625124972498, "_cam_code": "014" }, "geometry": { "type": "Polygon", "coordinates": [ [ [ -3.4353, 40.2991 ], [ -3.435, 40.2995 ], [ -3.4355, 40.2997 ], [ -3.4358, 40.2994 ], [ -3.4353, 40.2991 ] ] ] } },
{ "type": "Feature", "properties": { "municipio": "Arganda del Rey", "clasificacion": "urbano-consolidado", "calificacion": "sin-asignar", "version": "vigente", "fuente": "SIT-CAM WFS — UsoDelSuelo:VPLA_V_CLASIFICACION (https://idem.comunidad.madrid/geosrvg/ows)", "fecha_dato": "2026-05-12", "ambito": "38587", "_raw_CD_SIGLAS": "SU", "_raw_DS_CLASIF_GEN": "Suelo Urbano", "_raw_DS_CLASIF_DET": "Suelo Urbano", "_raw_DS_DOCU": "PLAN GENERAL", "_raw_DS_LEY": "CM Ley 9/1995, E RDL 1/1992, E RD 1346/1976", "_raw_FC_AC": "1999-01-14", "_raw_NM_AREA_M2": 113.758950001155, "_cam_code": "014" }, "geometry": { "type": "Polygon", "coordinates": [ [ [ -3.4406, 40.2993 ], [ -3.4405, 40.2994 ], [ -3.4407, 40.2994 ], [ -3.4406, 40.2993 ] ] ] } },
{ "type": "Feature", "properties": { "municipio": "Arganda del Rey", "clasificacion": "urbano-consolidado", "calificacion": "sin-asignar", "version": "vigente", "fuente": "SIT-CAM WFS — UsoDelSuelo:VPLA_V_CLASIFICACION (https://idem.comunidad.madrid/geosrvg/ows)", "fecha_dato": "2026-05-12", "ambito": "38587", "_raw_CD_SIGLAS": "SU", "_raw_DS_CLASIF_GEN": "Suelo Urbano (INCORPORADO)", "_raw_DS_CLASIF_DET": "Suelo Urbano Incorporado en Ejecución", "_raw_DS_DOCU": "PLAN GENERAL", "_raw_DS_LEY": "CM Ley 9/1995, E RDL 1/1992, E RD 1346/1976", "_raw_FC_AC": "1999-01-14", "_raw_NM_AREA_M2": 7957.1771875531304, "_cam_code": "014" }, "geometry": { "type": "Polygon", "coordinates": [ [ [ -3.4392, 40.2976 ], [ -3.4398, 40.2978 ], [ -3.4399, 40.2976 ], [ -3.4399, 40.2977 ], [ -3.4404, 40.2976 ], [ -3.4408, 40.2973 ], [ -3.4404, 40.2972 ], [ -3.4405, 40.2971 ], [ -3.4403, 40.2971 ], [ -3.4403, 40.297 ], [ -3.4396, 40.2971 ], [ -3.4396, 40.2972 ], [ -3.4393, 40.2972 ], [ -3.4393, 40.2973 ], [ -3.4385, 40.297 ], [ -3.4387, 40.2974 ], [ -3.4389, 40.2973 ], [ -3.4392, 40.2976 ] ] ] } },
{ "type": "Feature", "properties": { "municipio": "Arganda del Rey", "clasificacion": "urbano-consolidado", "calificacion": "sin-asignar", "version": "vigente", "fuente": "SIT-CAM WFS — UsoDelSuelo:VPLA_V_CLASIFICACION (https://idem.comunidad.madrid/geosrvg/ows)", "fecha_dato": "2026-05-12", "ambito": "38587", "_raw_CD_SIGLAS": "SU", "_raw_DS_CLASIF_GEN": "Suelo Urbano", "_raw_DS_CLASIF_DET": "Suelo Urbano", "_raw_DS_DOCU": "PLAN GENERAL", "_raw_DS_LEY": "CM Ley 9/1995, E RDL 1/1992, E RD 1346/1976", "_raw_FC_AC": "1999-01-14", "_raw_NM_AREA_M2": 1442.68464999925, "_cam_code": "014" }, "geometry": { "type": "Polygon", "coordinates": [ [ [ -3.4351, 40.2974 ], [ -3.4353, 40.2976 ], [ -3.4354, 40.2974 ], [ -3.4356, 40.2975 ], [ -3.4358, 40.2972 ], [ -3.4355, 40.2972 ], [ -3.4355, 40.2973 ], [ -3.4354, 40.2972 ], [ -3.4351, 40.2974 ] ] ] } },
{ "type": "Feature", "properties": { "municipio": "Arganda del Rey", "clasificacion": "urbano-consolidado", "calificacion": "sin-asignar", "version": "vigente", "fuente": "SIT-CAM WFS — UsoDelSuelo:VPLA_V_CLASIFICACION (https://idem.comunidad.madrid/geosrvg/ows)", "fecha_dato": "2026-05-12", "ambito": "38587", "_raw_CD_SIGLAS": "SU", "_raw_DS_CLASIF_GEN": "Suelo Urbano (INCORPORADO)", "_raw_DS_CLASIF_DET": "Suelo Urbano Incorporado en Ejecución", "_raw_DS_DOCU": "PLAN GENERAL", "_raw_DS_LEY": "CM Ley 9/1995, E RDL 1/1992, E RD 1346/1976", "_raw_FC_AC": "1999-01-14", "_raw_NM_AREA_M2": 2645.6540374995002, "_cam_code": "014" }, "geometry": { "type": "Polygon", "coordinates": [ [ [ -3.4405, 40.2942 ], [ -3.4409, 40.2946 ], [ -3.4414, 40.2947 ], [ -3.4414, 40.2948 ], [ -3.4415, 40.2944 ], [ -3.4411, 40.2944 ], [ -3.4411, 40.2943 ], [ -3.4407, 40.2941 ], [ -3.4406, 40.2942 ], [ -3.4402, 40.2941 ], [ -3.4405, 40.2944 ], [ -3.4405, 40.2942 ] ] ] } },
{ "type": "Feature", "properties": { "municipio": "Arganda del Rey", "clasificacion": "urbano-consolidado", "calificacion": "sin-asignar", "version": "vigente", "fuente": "SIT-CAM WFS — UsoDelSuelo:VPLA_V_CLASIFICACION (https://idem.comunidad.madrid/geosrvg/ows)", "fecha_dato": "2026-05-12", "ambito": "38587", "_raw_CD_SIGLAS": "SU", "_raw_DS_CLASIF_GEN": "Suelo Urbano (INCORPORADO)", "_raw_DS_CLASIF_DET": "Suelo Urbano", "_raw_DS_DOCU": "PLAN GENERAL", "_raw_DS_LEY": "CM Ley 9/1995, E RDL 1/1992, E RD 1346/1976", "_raw_FC_AC": "1999-01-14", "_raw_NM_AREA_M2": 3381.0419749737698, "_cam_code": "014" }, "geometry": { "type": "Polygon", "coordinates": [ [ [ -3.4799, 40.3164 ], [ -3.4784, 40.3163 ], [ -3.4785, 40.3166 ], [ -3.4787, 40.3168 ], [ -3.4789, 40.3168 ], [ -3.4792, 40.3165 ], [ -3.4799, 40.3164 ] ] ] } },
{ "type": "Feature", "properties": { "municipio": "Arganda del Rey", "clasificacion": "urbano-consolidado", "calificacion": "sin-asignar", "version": "vigente", "fuente": "SIT-CAM WFS — UsoDelSuelo:VPLA_V_CLASIFICACION (https://idem.comunidad.madrid/geosrvg/ows)", "fecha_dato": "2026-05-12", "ambito": "38587", "_raw_CD_SIGLAS": "SU", "_raw_DS_CLASIF_GEN": "Suelo Urbano (INCORPORADO)", "_raw_DS_CLASIF_DET": "Suelo Urbano", "_raw_DS_DOCU": "PLAN GENERAL", "_raw_DS_LEY": "CM Ley 9/1995, E RDL 1/1992, E RD 1346/1976", "_raw_FC_AC": "1999-01-14", "_raw_NM_AREA_M2": 5568.6503625308796, "_cam_code": "014" }, "geometry": { "type": "Polygon", "coordinates": [ [ [ -3.4741, 40.3167 ], [ -3.4746, 40.3168 ], [ -3.4751, 40.3167 ], [ -3.4751, 40.3164 ], [ -3.475, 40.3164 ], [ -3.4751, 40.316 ], [ -3.4743, 40.3159 ], [ -3.4744, 40.316 ], [ -3.4744, 40.3165 ], [ -3.4741, 40.3165 ], [ -3.4741, 40.3167 ] ] ] } },
{ "type": "Feature", "properties": { "municipio": "Arganda del Rey", "clasificacion": "urbano-consolidado", "calificacion": "sin-asignar", "version": "vigente", "fuente": "SIT-CAM WFS — UsoDelSuelo:VPLA_V_CLASIFICACION (https://idem.comunidad.madrid/geosrvg/ows)", "fecha_dato": "2026-05-12", "ambito": "38587", "_raw_CD_SIGLAS": "SU", "_raw_DS_CLASIF_GEN": "Suelo Urbano (INCORPORADO)", "_raw_DS_CLASIF_DET": "Suelo Urbano Incorporado", "_raw_DS_DOCU": "PLAN GENERAL", "_raw_DS_LEY": "CM Ley 9/1995, E RDL 1/1992, E RD 1346/1976", "_raw_FC_AC": "1999-01-14", "_raw_NM_AREA_M2": 13315.9303749379, "_cam_code": "014" }, "geometry": { "type": "Polygon", "coordinates": [ [ [ -3.4636, 40.316 ], [ -3.4638, 40.3166 ], [ -3.4639, 40.3166 ], [ -3.4661, 40.3159 ], [ -3.466, 40.3158 ], [ -3.4661, 40.3158 ], [ -3.4656, 40.3156 ], [ -3.4656, 40.3157 ], [ -3.4643, 40.3155 ], [ -3.4636, 40.316 ] ] ] } },
{ "type": "Feature", "properties": { "municipio": "Arganda del Rey", "clasificacion": "urbano-consolidado", "calificacion": "sin-asignar", "version": "vigente", "fuente": "SIT-CAM WFS — UsoDelSuelo:VPLA_V_CLASIFICACION (https://idem.comunidad.madrid/geosrvg/ows)", "fecha_dato": "2026-05-12", "ambito": "38587", "_raw_CD_SIGLAS": "SU", "_raw_DS_CLASIF_GEN": "Suelo Urbano (INCORPORADO)", "_raw_DS_CLASIF_DET": "Suelo Urbano en Ejecución", "_raw_DS_DOCU": "PLAN GENERAL", "_raw_DS_LEY": "CM Ley 9/1995, E RDL 1/1992, E RD 1346/1976", "_raw_FC_AC": "1999-01-14", "_raw_NM_AREA_M2": 10136.194762483001, "_cam_code": "014" }, "geometry": { "type": "Polygon", "coordinates": [ [ [ -3.4764, 40.318 ], [ -3.4769, 40.3181 ], [ -3.4779, 40.3176 ], [ -3.4787, 40.3174 ], [ -3.4782, 40.3169 ], [ -3.4778, 40.3169 ], [ -3.4777, 40.3171 ], [ -3.4768, 40.3176 ], [ -3.4769, 40.3176 ], [ -3.4764, 40.318 ] ] ] } },
{ "type": "Feature", "properties": { "municipio": "Arganda del Rey", "clasificacion": "urbano-consolidado", "calificacion": "sin-asignar", "version": "vigente", "fuente": "SIT-CAM WFS — UsoDelSuelo:VPLA_V_CLASIFICACION (https://idem.comunidad.madrid/geosrvg/ows)", "fecha_dato": "2026-05-12", "ambito": "38587", "_raw_CD_SIGLAS": "SU", "_raw_DS_CLASIF_GEN": "Suelo Urbano (INCORPORADO)", "_raw_DS_CLASIF_DET": "Suelo Urbano Incorporado", "_raw_DS_DOCU": "PLAN GENERAL", "_raw_DS_LEY": "CM Ley 9/1995, E RDL 1/1992, E RD 1346/1976", "_raw_FC_AC": "1999-01-14", "_raw_NM_AREA_M2": 98484.855062412797, "_cam_code": "014" }, "geometry": { "type": "Polygon", "coordinates": [ [ [ -3.471, 40.3181 ], [ -3.4723, 40.3181 ], [ -3.4723, 40.3179 ], [ -3.4717, 40.3179 ], [ -3.4718, 40.3174 ], [ -3.4717, 40.3172 ], [ -3.4715, 40.3172 ], [ -3.4711, 40.3166 ], [ -3.4713, 40.3163 ], [ -3.4732, 40.317 ], [ -3.4732, 40.3169 ], [ -3.4736, 40.3167 ], [ -3.4735, 40.3166 ], [ -3.4737, 40.3166 ], [ -3.4737, 40.3159 ], [ -3.4738, 40.3158 ], [ -3.4699, 40.315 ], [ -3.4693, 40.3147 ], [ -3.4676, 40.3132 ], [ -3.4662, 40.3125 ], [ -3.466, 40.3125 ], [ -3.4671, 40.313 ], [ -3.4678, 40.3135 ], [ -3.4679, 40.3138 ], [ -3.4681, 40.3139 ], [ -3.468, 40.3143 ], [ -3.4681, 40.3149 ], [ -3.4685, 40.3148 ], [ -3.4686, 40.3149 ], [ -3.4682, 40.3158 ], [ -3.4691, 40.3164 ], [ -3.4689, 40.3167 ], [ -3.4707, 40.3175 ], [ -3.4707, 40.3177 ], [ -3.4714, 40.3178 ], [ -3.471, 40.318 ], [ -3.471, 40.3181 ] ] ] } },
{ "type": "Feature", "properties": { "municipio": "Arganda del Rey", "clasificacion": "urbano-consolidado", "calificacion": "sin-asignar", "version": "vigente", "fuente": "SIT-CAM WFS — UsoDelSuelo:VPLA_V_CLASIFICACION (https://idem.comunidad.madrid/geosrvg/ows)", "fecha_dato": "2026-05-12", "ambito": "38587", "_raw_CD_SIGLAS": "SU", "_raw_DS_CLASIF_GEN": "Suelo Urbano (INCORPORADO)", "_raw_DS_CLASIF_DET": "Suelo Urbano Incorporado en Ejecución", "_raw_DS_DOCU": "PLAN GENERAL", "_raw_DS_LEY": "CM Ley 9/1995, E RDL 1/1992, E RD 1346/1976", "_raw_FC_AC": "1999-01-14", "_raw_NM_AREA_M2": 70301.353762460101, "_cam_code": "014" }, "geometry": { "type": "Polygon", "coordinates": [ [ [ -3.4617, 40.3171 ], [ -3.4586, 40.3182 ], [ -3.4579, 40.3183 ], [ -3.4589, 40.3187 ], [ -3.463, 40.3193 ], [ -3.4632, 40.3187 ], [ -3.4632, 40.3179 ], [ -3.4637, 40.3167 ], [ -3.4617, 40.3171 ] ] ] } },
{ "type": "Feature", "properties": { "municipio": "Arganda del Rey", "clasificacion": "urbano-consolidado", "calificacion": "sin-asignar", "version": "vigente", "fuente": "SIT-CAM WFS — UsoDelSuelo:VPLA_V_CLASIFICACION (https://idem.comunidad.madrid/geosrvg/ows)", "fecha_dato": "2026-05-12", "ambito": "38587", "_raw_CD_SIGLAS": "SU", "_raw_DS_CLASIF_GEN": "Suelo Urbano (INCORPORADO)", "_raw_DS_CLASIF_DET": "Suelo Urbano Incorporado", "_raw_DS_DOCU": "PLAN GENERAL", "_raw_DS_LEY": "CM Ley 9/1995, E RDL 1/1992, E RD 1346/1976", "_raw_FC_AC": "1999-01-14", "_raw_NM_AREA_M2": 33380.337337544697, "_cam_code": "014" }, "geometry": { "type": "Polygon", "coordinates": [ [ [ -3.4768, 40.2994 ], [ -3.474, 40.3 ], [ -3.4743, 40.3001 ], [ -3.4759, 40.3014 ], [ -3.4778, 40.2996 ], [ -3.4768, 40.2994 ] ] ] } },
{ "type": "Feature", "properties": { "municipio": "Arganda del Rey", "clasificacion": "urbano-consolidado", "calificacion": "sin-asignar", "version": "vigente", "fuente": "SIT-CAM WFS — UsoDelSuelo:VPLA_V_CLASIFICACION (https://idem.comunidad.madrid/geosrvg/ows)", "fecha_dato": "2026-05-12", "ambito": "38587", "_raw_CD_SIGLAS": "SU", "_raw_DS_CLASIF_GEN": "Suelo Urbano (INCORPORADO)", "_raw_DS_CLASIF_DET": "Suelo Urbano Incorporado", "_raw_DS_DOCU": "PLAN GENERAL", "_raw_DS_LEY": "CM Ley 9/1995, E RDL 1/1992, E RD 1346/1976", "_raw_FC_AC": "1999-01-14", "_raw_NM_AREA_M2": 11471.3064499251, "_cam_code": "014" }, "geometry": { "type": "Polygon", "coordinates": [ [ [ -3.4742, 40.3146 ], [ -3.4743, 40.3154 ], [ -3.4746, 40.3154 ], [ -3.4746, 40.3152 ], [ -3.4749, 40.3152 ], [ -3.4751, 40.315 ], [ -3.476, 40.3151 ], [ -3.476, 40.3144 ], [ -3.4741, 40.3145 ], [ -3.474, 40.3146 ], [ -3.4742, 40.3146 ] ] ] } },
{ "type": "Feature", "properties": { "municipio": "Arganda del Rey", "clasificacion": "urbano-consolidado", "calificacion": "sin-asignar", "version": "vigente", "fuente": "SIT-CAM WFS — UsoDelSuelo:VPLA_V_CLASIFICACION (https://idem.comunidad.madrid/geosrvg/ows)", "fecha_dato": "2026-05-12", "ambito": "38587", "_raw_CD_SIGLAS": "SU", "_raw_DS_CLASIF_GEN": "Suelo Urbano", "_raw_DS_CLASIF_DET": "Suelo Urbano", "_raw_DS_DOCU": "PLAN GENERAL", "_raw_DS_LEY": "CM Ley 9/1995, E RDL 1/1992, E RD 1346/1976", "_raw_FC_AC": "1999-01-14", "_raw_NM_AREA_M2": 2847.2711875127302, "_cam_code": "014" }, "geometry": { "type": "Polygon", "coordinates": [ [ [ -3.4373, 40.3004 ], [ -3.4374, 40.3004 ], [ -3.4375, 40.3 ], [ -3.4376, 40.3001 ], [ -3.4376, 40.3 ], [ -3.4375, 40.3 ], [ -3.4375, 40.2998 ], [ -3.4371, 40.2997 ], [ -3.4371, 40.2999 ], [ -3.4368, 40.3 ], [ -3.437, 40.3 ], [ -3.4368, 40.3002 ], [ -3.4369, 40.3003 ], [ -3.4373, 40.3002 ], [ -3.4374, 40.3003 ], [ -3.4373, 40.3004 ] ] ] } },
{ "type": "Feature", "properties": { "municipio": "Arganda del Rey", "clasificacion": "urbano-consolidado", "calificacion": "sin-asignar", "version": "vigente", "fuente": "SIT-CAM WFS — UsoDelSuelo:VPLA_V_CLASIFICACION (https://idem.comunidad.madrid/geosrvg/ows)", "fecha_dato": "2026-05-12", "ambito": "38587", "_raw_CD_SIGLAS": "SU", "_raw_DS_CLASIF_GEN": "Suelo Urbano (INCORPORADO)", "_raw_DS_CLASIF_DET": "Suelo Urbano Incorporado", "_raw_DS_DOCU": "PLAN GENERAL", "_raw_DS_LEY": "CM Ley 9/1995, E RDL 1/1992, E RD 1346/1976", "_raw_FC_AC": "1999-01-14", "_raw_NM_AREA_M2": 633838.30836240295, "_cam_code": "014" }, "geometry": { "type": "Polygon", "coordinates": [ [ [ -3.4781, 40.3143 ], [ -3.4798, 40.3153 ], [ -3.48, 40.315 ], [ -3.4805, 40.3151 ], [ -3.4812, 40.3147 ], [ -3.4815, 40.3149 ], [ -3.482, 40.3147 ], [ -3.4827, 40.3151 ], [ -3.4838, 40.315 ], [ -3.4878, 40.3119 ], [ -3.4669, 40.3069 ], [ -3.4666, 40.3076 ], [ -3.4652, 40.3089 ], [ -3.4656, 40.3091 ], [ -3.4661, 40.3096 ], [ -3.4666, 40.3104 ], [ -3.4686, 40.3096 ], [ -3.4688, 40.3092 ], [ -3.4691, 40.3092 ], [ -3.4701, 40.3099 ], [ -3.4704, 40.3099 ], [ -3.4708, 40.3101 ], [ -3.4707, 40.3103 ], [ -3.4699, 40.3107 ], [ -3.4703, 40.3109 ], [ -3.4703, 40.3108 ], [ -3.4705, 40.3108 ], [ -3.4714, 40.311 ], [ -3.4716, 40.3104 ], [ -3.4719, 40.3103 ], [ -3.4761, 40.3113 ], [ -3.4765, 40.3103 ], [ -3.4771, 40.3104 ], [ -3.4775, 40.3107 ], [ -3.476, 40.3143 ], [ -3.478, 40.3144 ], [ -3.4781, 40.3143 ] ] ] } },
{ "type": "Feature", "properties": { "municipio": "Arganda del Rey", "clasificacion": "urbano-consolidado", "calificacion": "sin-asignar", "version": "vigente", "fuente": "SIT-CAM WFS — UsoDelSuelo:VPLA_V_CLASIFICACION (https://idem.comunidad.madrid/geosrvg/ows)", "fecha_dato": "2026-05-12", "ambito": "38587", "_raw_CD_SIGLAS": "SU", "_raw_DS_CLASIF_GEN": "Suelo Urbano", "_raw_DS_CLASIF_DET": "Suelo Urbano", "_raw_DS_DOCU": "PLAN GENERAL", "_raw_DS_LEY": "CM Ley 9/1995, E RDL 1/1992, E RD 1346/1976", "_raw_FC_AC": "1999-01-14", "_raw_NM_AREA_M2": 7870.4826249697498, "_cam_code": "014" }, "geometry": { "type": "Polygon", "coordinates": [ [ [ -3.4408, 40.296 ], [ -3.4415, 40.296 ], [ -3.4415, 40.2958 ], [ -3.4406, 40.2953 ], [ -3.4403, 40.295 ], [ -3.4402, 40.2947 ], [ -3.4399, 40.2946 ], [ -3.4396, 40.295 ], [ -3.4402, 40.2953 ], [ -3.4406, 40.2957 ], [ -3.4403, 40.296 ], [ -3.4408, 40.296 ] ] ] } },
{ "type": "Feature", "properties": { "municipio": "Arganda del Rey", "clasificacion": "urbano-consolidado", "calificacion": "sin-asignar", "version": "vigente", "fuente": "SIT-CAM WFS — UsoDelSuelo:VPLA_V_CLASIFICACION (https://idem.comunidad.madrid/geosrvg/ows)", "fecha_dato": "2026-05-12", "ambito": "38587", "_raw_CD_SIGLAS": "SU", "_raw_DS_CLASIF_GEN": "Suelo Urbano", "_raw_DS_CLASIF_DET": "Suelo Urbano", "_raw_DS_DOCU": "PLAN GENERAL", "_raw_DS_LEY": "CM Ley 9/1995, E RDL 1/1992, E RD 1346/1976", "_raw_FC_AC": "1999-01-14", "_raw_NM_AREA_M2": 27631.669149953101, "_cam_code": "014" }, "geometry": { "type": "Polygon", "coordinates": [ [ [ -3.4573, 40.3214 ], [ -3.4589, 40.3213 ], [ -3.4591, 40.3206 ], [ -3.4597, 40.3213 ], [ -3.4599, 40.3207 ], [ -3.4592, 40.3203 ], [ -3.4586, 40.3197 ], [ -3.4583, 40.3198 ], [ -3.4578, 40.3196 ], [ -3.4566, 40.3202 ], [ -3.4567, 40.3203 ], [ -3.4579, 40.3202 ], [ -3.4578, 40.321 ], [ -3.4574, 40.3209 ], [ -3.4573, 40.3214 ] ] ] } },
{ "type": "Feature", "properties": { "municipio": "Arganda del Rey", "clasificacion": "urbano-consolidado", "calificacion": "sin-asignar", "version": "vigente", "fuente": "SIT-CAM WFS — UsoDelSuelo:VPLA_V_CLASIFICACION (https://idem.comunidad.madrid/geosrvg/ows)", "fecha_dato": "2026-05-12", "ambito": "38587", "_raw_CD_SIGLAS": "SU", "_raw_DS_CLASIF_GEN": "Suelo Urbano", "_raw_DS_CLASIF_DET": "Suelo Urbano", "_raw_DS_DOCU": "PLAN GENERAL", "_raw_DS_LEY": "CM Ley 9/1995, E RDL 1/1992, E RD 1346/1976", "_raw_FC_AC": "1999-01-14", "_raw_NM_AREA_M2": 723.36175000455705, "_cam_code": "014" }, "geometry": { "type": "Polygon", "coordinates": [ [ [ -3.4419, 40.2965 ], [ -3.442, 40.2965 ], [ -3.442, 40.2962 ], [ -3.4422, 40.2961 ], [ -3.4418, 40.2962 ], [ -3.4419, 40.2965 ] ] ] } },
{ "type": "Feature", "properties": { "municipio": "Arganda del Rey", "clasificacion": "urbanizable-no-sectorizado", "calificacion": "sin-asignar", "version": "vigente", "fuente": "SIT-CAM WFS — UsoDelSuelo:VPLA_V_CLASIFICACION (https://idem.comunidad.madrid/geosrvg/ows)", "fecha_dato": "2026-05-12", "ambito": "38587", "_raw_CD_SIGLAS": "SUBNS", "_raw_DS_CLASIF_GEN": "Suelo Urbanizable No Programado", "_raw_DS_CLASIF_DET": "Suelo Urbanizable No Programado", "_raw_DS_DOCU": "PLAN GENERAL", "_raw_DS_LEY": "CM Ley 9/1995, E RDL 1/1992, E RD 1346/1976", "_raw_FC_AC": "1999-01-14", "_raw_NM_AREA_M2": 256208.48408760701, "_cam_code": "014" }, "geometry": { "type": "Polygon", "coordinates": [ [ [ -3.4693, 40.3147 ], [ -3.4699, 40.315 ], [ -3.4745, 40.3159 ], [ -3.4743, 40.3154 ], [ -3.4742, 40.3146 ], [ -3.474, 40.3146 ], [ -3.4739, 40.3144 ], [ -3.4737, 40.3135 ], [ -3.4731, 40.3133 ], [ -3.4725, 40.3134 ], [ -3.4725, 40.3135 ], [ -3.4721, 40.3133 ], [ -3.4717, 40.3133 ], [ -3.471, 40.3126 ], [ -3.4711, 40.312 ], [ -3.4716, 40.3116 ], [ -3.4705, 40.3112 ], [ -3.4703, 40.3109 ], [ -3.4701, 40.3109 ], [ -3.4699, 40.3107 ], [ -3.4707, 40.3103 ], [ -3.4708, 40.3101 ], [ -3.4704, 40.3099 ], [ -3.4701, 40.3099 ], [ -3.4691, 40.3092 ], [ -3.4688, 40.3092 ], [ -3.4686, 40.3096 ], [ -3.4666, 40.3104 ], [ -3.4665, 40.3101 ], [ -3.4663, 40.3102 ], [ -3.4662, 40.3105 ], [ -3.4664, 40.3107 ], [ -3.4665, 40.3113 ], [ -3.4649, 40.3118 ], [ -3.4652, 40.312 ], [ -3.4651, 40.3121 ], [ -3.4676, 40.3132 ], [ -3.4693, 40.3147 ] ] ] } },
{ "type": "Feature", "properties": { "municipio": "Arganda del Rey", "clasificacion": "urbanizable-no-sectorizado", "calificacion": "sin-asignar", "version": "vigente", "fuente": "SIT-CAM WFS — UsoDelSuelo:VPLA_V_CLASIFICACION (https://idem.comunidad.madrid/geosrvg/ows)", "fecha_dato": "2026-05-12", "ambito": "38587", "_raw_CD_SIGLAS": "SUBNS", "_raw_DS_CLASIF_GEN": "Suelo Urbanizable No Programado", "_raw_DS_CLASIF_DET": "Suelo Urbanizable No Programado", "_raw_DS_DOCU": "PLAN GENERAL", "_raw_DS_LEY": "CM Ley 9/1995, E RDL 1/1992, E RD 1346/1976", "_raw_FC_AC": "1999-01-14", "_raw_NM_AREA_M2": 427183.15668736002, "_cam_code": "014" }, "geometry": { "type": "Polygon", "coordinates": [ [ [ -3.4876, 40.3118 ], [ -3.488, 40.3119 ], [ -3.4885, 40.3119 ], [ -3.4892, 40.3117 ], [ -3.489, 40.3116 ], [ -3.489, 40.3113 ], [ -3.4897, 40.3104 ], [ -3.4904, 40.31 ], [ -3.4908, 40.3092 ], [ -3.4907, 40.3085 ], [ -3.4899, 40.3077 ], [ -3.4882, 40.3056 ], [ -3.4877, 40.3052 ], [ -3.4876, 40.3049 ], [ -3.487, 40.3045 ], [ -3.4867, 40.304 ], [ -3.486, 40.3034 ], [ -3.4853, 40.3025 ], [ -3.4845, 40.3018 ], [ -3.4835, 40.3012 ], [ -3.4836, 40.3009 ], [ -3.4834, 40.3007 ], [ -3.483, 40.3005 ], [ -3.4829, 40.3003 ], [ -3.4826, 40.3002 ], [ -3.4822, 40.2998 ], [ -3.4811, 40.2994 ], [ -3.4812, 40.2994 ], [ -3.4811, 40.2992 ], [ -3.4801, 40.2988 ], [ -3.4798, 40.2988 ], [ -3.4787, 40.2998 ], [ -3.4803, 40.3004 ], [ -3.4812, 40.3006 ], [ -3.4812, 40.3007 ], [ -3.4808, 40.3013 ], [ -3.4806, 40.3019 ], [ -3.4792, 40.3032 ], [ -3.4803, 40.3036 ], [ -3.4817, 40.3044 ], [ -3.4819, 40.3044 ], [ -3.4835, 40.306 ], [ -3.4836, 40.3059 ], [ -3.4841, 40.3064 ], [ -3.4858, 40.3075 ], [ -3.4849, 40.3082 ], [ -3.4848, 40.3081 ], [ -3.4844, 40.3089 ], [ -3.4872, 40.3088 ], [ -3.4884, 40.309 ], [ -3.4884, 40.3088 ], [ -3.4905, 40.3093 ], [ -3.4903, 40.3099 ], [ -3.4894, 40.3106 ], [ -3.4887, 40.3116 ], [ -3.4876, 40.3118 ] ] ] } },
{ "type": "Feature", "properties": { "municipio": "Arganda del Rey", "clasificacion": "urbanizable-no-sectorizado", "calificacion": "sin-asignar", "version": "vigente", "fuente": "SIT-CAM WFS — UsoDelSuelo:VPLA_V_CLASIFICACION (https://idem.comunidad.madrid/geosrvg/ows)", "fecha_dato": "2026-05-12", "ambito": "38587", "_raw_CD_SIGLAS": "SUBNS", "_raw_DS_CLASIF_GEN": "Suelo Urbanizable No Programado", "_raw_DS_CLASIF_DET": "Suelo Urbanizable No Programado", "_raw_DS_DOCU": "PLAN GENERAL", "_raw_DS_LEY": "CM Ley 9/1995, E RDL 1/1992, E RD 1346/1976", "_raw_FC_AC": "1999-01-14", "_raw_NM_AREA_M2": 464518.74052496703, "_cam_code": "014" }, "geometry": { "type": "Polygon", "coordinates": [ [ [ -3.4497, 40.3036 ], [ -3.4504, 40.3038 ], [ -3.4504, 40.3036 ], [ -3.4511, 40.3037 ], [ -3.4525, 40.3032 ], [ -3.4532, 40.3028 ], [ -3.4537, 40.3023 ], [ -3.4542, 40.3011 ], [ -3.4545, 40.3007 ], [ -3.4549, 40.3005 ], [ -3.4549, 40.3003 ], [ -3.4559, 40.2999 ], [ -3.4573, 40.2987 ], [ -3.4576, 40.2983 ], [ -3.4579, 40.2975 ], [ -3.4579, 40.2968 ], [ -3.4576, 40.2968 ], [ -3.4576, 40.2969 ], [ -3.4572, 40.2971 ], [ -3.457, 40.2975 ], [ -3.4571, 40.2982 ], [ -3.4568, 40.2985 ], [ -3.4563, 40.2986 ], [ -3.4551, 40.2981 ], [ -3.4536, 40.2978 ], [ -3.4533, 40.2974 ], [ -3.4526, 40.2973 ], [ -3.4521, 40.2967 ], [ -3.4503, 40.2962 ], [ -3.4503, 40.2961 ], [ -3.4499, 40.2965 ], [ -3.4494, 40.2965 ], [ -3.4493, 40.2963 ], [ -3.4487, 40.2961 ], [ -3.4481, 40.2961 ], [ -3.4473, 40.2964 ], [ -3.4474, 40.2969 ], [ -3.4471, 40.2975 ], [ -3.448, 40.2976 ], [ -3.448, 40.2981 ], [ -3.4478, 40.2982 ], [ -3.4478, 40.2981 ], [ -3.4468, 40.2979 ], [ -3.4462, 40.2985 ], [ -3.4458, 40.2984 ], [ -3.4456, 40.299 ], [ -3.4455, 40.299 ], [ -3.4457, 40.2991 ], [ -3.446, 40.2996 ], [ -3.4469, 40.2999 ], [ -3.4475, 40.3003 ], [ -3.4474, 40.3004 ], [ -3.4475, 40.3005 ], [ -3.4472, 40.3008 ], [ -3.4477, 40.301 ], [ -3.4483, 40.3015 ], [ -3.4486, 40.3015 ], [ -3.45, 40.3023 ], [ -3.4496, 40.3028 ], [ -3.4488, 40.3033 ], [ -3.4491, 40.3036 ], [ -3.4497, 40.3036 ] ] ] } },
{ "type": "Feature", "properties": { "municipio": "Arganda del Rey", "clasificacion": "urbanizable-no-sectorizado", "calificacion": "sin-asignar", "version": "vigente", "fuente": "SIT-CAM WFS — UsoDelSuelo:VPLA_V_CLASIFICACION (https://idem.comunidad.madrid/geosrvg/ows)", "fecha_dato": "2026-05-12", "ambito": "38587", "_raw_CD_SIGLAS": "SUBNS", "_raw_DS_CLASIF_GEN": "Suelo Urbanizable No Programado (INCORPORADO)", "_raw_DS_CLASIF_DET": "Suelo Urbanizable No Programado Incorporado", "_raw_DS_DOCU": "PLAN GENERAL", "_raw_DS_LEY": "CM Ley 9/1995, E RDL 1/1992, E RD 1346/1976", "_raw_FC_AC": "1999-01-14", "_raw_NM_AREA_M2": 332107.42672497802, "_cam_code": "014" }, "geometry": { "type": "Polygon", "coordinates": [ [ [ -3.4542, 40.3011 ], [ -3.4537, 40.3023 ], [ -3.4532, 40.3028 ], [ -3.4525, 40.3032 ], [ -3.4518, 40.3034 ], [ -3.4517, 40.3035 ], [ -3.4515, 40.3036 ], [ -3.4515, 40.3035 ], [ -3.4517, 40.3035 ], [ -3.4518, 40.3035 ], [ -3.4525, 40.3034 ], [ -3.4535, 40.3031 ], [ -3.455, 40.3012 ], [ -3.4554, 40.3011 ], [ -3.4561, 40.3001 ], [ -3.4575, 40.2989 ], [ -3.4581, 40.2981 ], [ -3.4587, 40.2977 ], [ -3.4606, 40.2974 ], [ -3.4612, 40.2975 ], [ -3.4616, 40.2991 ], [ -3.4617, 40.2994 ], [ -3.4618, 40.2994 ], [ -3.4613, 40.2975 ], [ -3.4617, 40.2973 ], [ -3.4619, 40.297 ], [ -3.4622, 40.2969 ], [ -3.4641, 40.2966 ], [ -3.4654, 40.2966 ], [ -3.4642, 40.2961 ], [ -3.4644, 40.296 ], [ -3.4654, 40.2958 ], [ -3.4666, 40.2953 ], [ -3.4684, 40.2958 ], [ -3.4693, 40.2959 ], [ -3.4697, 40.2961 ], [ -3.4702, 40.2961 ], [ -3.4702, 40.2962 ], [ -3.4705, 40.2962 ], [ -3.4706, 40.2962 ], [ -3.4697, 40.2957 ], [ -3.469, 40.2951 ], [ -3.4683, 40.2949 ], [ -3.467, 40.295 ], [ -3.4658, 40.2955 ], [ -3.4653, 40.2954 ], [ -3.4642, 40.2949 ], [ -3.4624, 40.2937 ], [ -3.4614, 40.2927 ], [ -3.4603, 40.291 ], [ -3.4607, 40.292 ], [ -3.4603, 40.2929 ], [ -3.4603, 40.293 ], [ -3.4603, 40.2931 ], [ -3.4603, 40.2931 ], [ -3.4603, 40.2931 ], [ -3.4603, 40.2932 ], [ -3.4603, 40.2933 ], [ -3.4595, 40.2922 ], [ -3.4573, 40.2924 ], [ -3.458, 40.2967 ], [ -3.4578, 40.2967 ], [ -3.4579, 40.2968 ], [ -3.4578, 40.2978 ], [ -3.4576, 40.2983 ], [ -3.4569, 40.2991 ], [ -3.4556, 40.3001 ], [ -3.4549, 40.3003 ], [ -3.4549, 40.3005 ], [ -3.4546, 40.3006 ], [ -3.4542, 40.3011 ] ] ] } },
{ "type": "Feature", "properties": { "municipio": "Arganda del Rey", "clasificacion": "urbanizable-no-sectorizado", "calificacion": "sin-asignar", "version": "vigente", "fuente": "SIT-CAM WFS — UsoDelSuelo:VPLA_V_CLASIFICACION (https://idem.comunidad.madrid/geosrvg/ows)", "fecha_dato": "2026-05-12", "ambito": "38587", "_raw_CD_SIGLAS": "SUBNS", "_raw_DS_CLASIF_GEN": "Suelo Urbanizable No Programado (INCORPORADO)", "_raw_DS_CLASIF_DET": "Suelo Urbanizable No Programado Incorporado", "_raw_DS_DOCU": "PLAN GENERAL", "_raw_DS_LEY": "CM Ley 9/1995, E RDL 1/1992, E RD 1346/1976", "_raw_FC_AC": "1999-01-14", "_raw_NM_AREA_M2": 222960.73855003799, "_cam_code": "014" }, "geometry": { "type": "Polygon", "coordinates": [ [ [ -3.4586, 40.3134 ], [ -3.459, 40.3141 ], [ -3.4608, 40.3125 ], [ -3.4616, 40.3112 ], [ -3.4621, 40.3107 ], [ -3.4568, 40.3083 ], [ -3.4545, 40.313 ], [ -3.455, 40.3135 ], [ -3.4568, 40.3126 ], [ -3.4571, 40.3129 ], [ -3.4572, 40.3132 ], [ -3.4577, 40.3136 ], [ -3.4585, 40.3132 ], [ -3.4586, 40.3132 ], [ -3.4586, 40.3134 ] ] ] } },
{ "type": "Feature", "properties": { "municipio": "Arganda del Rey", "clasificacion": "urbanizable-no-sectorizado", "calificacion": "sin-asignar", "version": "vigente", "fuente": "SIT-CAM WFS — UsoDelSuelo:VPLA_V_CLASIFICACION (https://idem.comunidad.madrid/geosrvg/ows)", "fecha_dato": "2026-05-12", "ambito": "38587", "_raw_CD_SIGLAS": "SUBNS_A", "_raw_DS_CLASIF_GEN": "Suelo No Urbanizable Común (APLAZADO)", "_raw_DS_CLASIF_DET": "Suelo No Urbanizable Común Aplazado", "_raw_DS_DOCU": "PLAN GENERAL", "_raw_DS_LEY": "CM Ley 9/1995, E RDL 1/1992, E RD 1346/1976", "_raw_FC_AC": "1999-01-14", "_raw_NM_AREA_M2": 93763.433999998495, "_cam_code": "014" }, "geometry": { "type": "Polygon", "coordinates": [ [ [ -3.4083, 40.2944 ], [ -3.4089, 40.2947 ], [ -3.4092, 40.295 ], [ -3.4094, 40.2954 ], [ -3.4093, 40.2954 ], [ -3.4093, 40.2958 ], [ -3.4102, 40.296 ], [ -3.4102, 40.2962 ], [ -3.4105, 40.2965 ], [ -3.4119, 40.2958 ], [ -3.4121, 40.2958 ], [ -3.4121, 40.2957 ], [ -3.4125, 40.2955 ], [ -3.4131, 40.2955 ], [ -3.4131, 40.2954 ], [ -3.4137, 40.2953 ], [ -3.4143, 40.2948 ], [ -3.4146, 40.2947 ], [ -3.4141, 40.2946 ], [ -3.4141, 40.2945 ], [ -3.4124, 40.2935 ], [ -3.4113, 40.2938 ], [ -3.4097, 40.2938 ], [ -3.4093, 40.2939 ], [ -3.4088, 40.2944 ], [ -3.4083, 40.2944 ] ] ] } },
{ "type": "Feature", "properties": { "municipio": "Arganda del Rey", "clasificacion": "urbanizable-no-sectorizado", "calificacion": "sin-asignar", "version": "vigente", "fuente": "SIT-CAM WFS — UsoDelSuelo:VPLA_V_CLASIFICACION (https://idem.comunidad.madrid/geosrvg/ows)", "fecha_dato": "2026-05-12", "ambito": "38587", "_raw_CD_SIGLAS": "SUBNS_A", "_raw_DS_CLASIF_GEN": "Suelo No Urbanizable Común (APLAZADO)", "_raw_DS_CLASIF_DET": "Suelo No Urbanizable Reserva Estratégica", "_raw_DS_DOCU": "PLAN GENERAL", "_raw_DS_LEY": "CM Ley 9/1995, E RDL 1/1992, E RD 1346/1976", "_raw_FC_AC": "1999-01-14", "_raw_NM_AREA_M2": 604728.66572498297, "_cam_code": "014" }, "geometry": { "type": "Polygon", "coordinates": [ [ [ -3.4275, 40.3116 ], [ -3.4281, 40.3121 ], [ -3.4287, 40.3123 ], [ -3.429, 40.3126 ], [ -3.4293, 40.3126 ], [ -3.4294, 40.3128 ], [ -3.4296, 40.3128 ], [ -3.4306, 40.3138 ], [ -3.4307, 40.3142 ], [ -3.431, 40.3143 ], [ -3.4318, 40.3134 ], [ -3.4321, 40.3133 ], [ -3.4322, 40.3124 ], [ -3.4324, 40.3123 ], [ -3.4324, 40.3121 ], [ -3.4326, 40.3119 ], [ -3.4333, 40.3116 ], [ -3.4339, 40.3116 ], [ -3.4339, 40.3115 ], [ -3.4342, 40.3114 ], [ -3.4342, 40.3112 ], [ -3.4346, 40.311 ], [ -3.435, 40.3104 ], [ -3.435, 40.3098 ], [ -3.4358, 40.3095 ], [ -3.436, 40.3093 ], [ -3.4364, 40.3085 ], [ -3.4365, 40.3085 ], [ -3.4366, 40.3081 ], [ -3.4364, 40.3076 ], [ -3.4356, 40.3068 ], [ -3.4352, 40.3057 ], [ -3.4352, 40.3055 ], [ -3.4357, 40.305 ], [ -3.4355, 40.3042 ], [ -3.4354, 40.3041 ], [ -3.435, 40.3043 ], [ -3.4344, 40.3048 ], [ -3.4329, 40.3048 ], [ -3.4323, 40.305 ], [ -3.4316, 40.3049 ], [ -3.4311, 40.3055 ], [ -3.4308, 40.3056 ], [ -3.4295, 40.307 ], [ -3.4295, 40.3078 ], [ -3.4294, 40.3079 ], [ -3.4295, 40.3084 ], [ -3.4292, 40.309 ], [ -3.4292, 40.3093 ], [ -3.4294, 40.3095 ], [ -3.4295, 40.31 ], [ -3.4294, 40.31 ], [ -3.4291, 40.3093 ], [ -3.4291, 40.309 ], [ -3.4294, 40.3084 ], [ -3.4294, 40.3081 ], [ -3.4293, 40.3081 ], [ -3.4294, 40.3071 ], [ -3.4281, 40.308 ], [ -3.4266, 40.3078 ], [ -3.4252, 40.3078 ], [ -3.425, 40.3079 ], [ -3.4242, 40.3078 ], [ -3.4242, 40.3079 ], [ -3.4236, 40.3081 ], [ -3.4237, 40.3082 ], [ -3.4237, 40.3084 ], [ -3.4235, 40.3086 ], [ -3.4235, 40.3092 ], [ -3.4236, 40.3093 ], [ -3.4241, 40.3095 ], [ -3.4244, 40.3098 ], [ -3.425, 40.31 ], [ -3.4254, 40.3107 ], [ -3.4262, 40.3111 ], [ -3.4262, 40.3112 ], [ -3.4275, 40.3116 ] ] ] } },
{ "type": "Feature", "properties": { "municipio": "Arganda del Rey", "clasificacion": "urbanizable-no-sectorizado", "calificacion": "sin-asignar", "version": "vigente", "fuente": "SIT-CAM WFS — UsoDelSuelo:VPLA_V_CLASIFICACION (https://idem.comunidad.madrid/geosrvg/ows)", "fecha_dato": "2026-05-12", "ambito": "38587", "_raw_CD_SIGLAS": "SUBNS_A", "_raw_DS_CLASIF_GEN": "Suelo No Urbanizable Común (APLAZADO)", "_raw_DS_CLASIF_DET": "Suelo No Urbanizable Reserva Estratégica", "_raw_DS_DOCU": "PLAN GENERAL", "_raw_DS_LEY": "CM Ley 9/1995, E RDL 1/1992, E RD 1346/1976", "_raw_FC_AC": "1999-01-14", "_raw_NM_AREA_M2": 346585.62157485099, "_cam_code": "014" }, "geometry": { "type": "Polygon", "coordinates": [ [ [ -3.4358, 40.305 ], [ -3.4353, 40.3057 ], [ -3.4354, 40.3057 ], [ -3.4356, 40.3066 ], [ -3.4364, 40.3074 ], [ -3.4367, 40.308 ], [ -3.4365, 40.3096 ], [ -3.437, 40.31 ], [ -3.4378, 40.3103 ], [ -3.4386, 40.3108 ], [ -3.4395, 40.3117 ], [ -3.441, 40.3129 ], [ -3.4412, 40.3134 ], [ -3.4413, 40.3134 ], [ -3.4413, 40.3137 ], [ -3.4424, 40.3121 ], [ -3.4425, 40.3113 ], [ -3.4424, 40.3111 ], [ -3.4424, 40.3101 ], [ -3.4423, 40.31 ], [ -3.4424, 40.3093 ], [ -3.4418, 40.3082 ], [ -3.4418, 40.3078 ], [ -3.4416, 40.3074 ], [ -3.4415, 40.3067 ], [ -3.4414, 40.3067 ], [ -3.4414, 40.3063 ], [ -3.441, 40.3056 ], [ -3.4402, 40.3053 ], [ -3.4402, 40.3052 ], [ -3.4383, 40.3052 ], [ -3.4382, 40.3051 ], [ -3.4371, 40.305 ], [ -3.4361, 40.3046 ], [ -3.4357, 40.3042 ], [ -3.4356, 40.3043 ], [ -3.4358, 40.3045 ], [ -3.4358, 40.305 ] ] ] } },
{ "type": "Feature", "properties": { "municipio": "Arganda del Rey", "clasificacion": "urbanizable-no-sectorizado", "calificacion": "sin-asignar", "version": "vigente", "fuente": "SIT-CAM WFS — UsoDelSuelo:VPLA_V_CLASIFICACION (https://idem.comunidad.madrid/geosrvg/ows)", "fecha_dato": "2026-05-12", "ambito": "38587", "_raw_CD_SIGLAS": "SUBNS_A", "_raw_DS_CLASIF_GEN": "Suelo No Urbanizable Común (APLAZADO)", "_raw_DS_CLASIF_DET": "Suelo No Urbanizable Común Aplazado", "_raw_DS_DOCU": "PLAN GENERAL", "_raw_DS_LEY": "CM Ley 9/1995, E RDL 1/1992, E RD 1346/1976", "_raw_FC_AC": "1999-01-14", "_raw_NM_AREA_M2": 72765.312475061102, "_cam_code": "014" }, "geometry": { "type": "Polygon", "coordinates": [ [ [ -3.4797, 40.3099 ], [ -3.4877, 40.3119 ], [ -3.4879, 40.3118 ], [ -3.4812, 40.3101 ], [ -3.4808, 40.3101 ], [ -3.4809, 40.31 ], [ -3.472, 40.308 ], [ -3.4682, 40.307 ], [ -3.4642, 40.3063 ], [ -3.4635, 40.3059 ], [ -3.4627, 40.306 ], [ -3.4545, 40.3044 ], [ -3.4542, 40.3043 ], [ -3.4542, 40.3042 ], [ -3.4537, 40.3042 ], [ -3.4536, 40.3043 ], [ -3.4515, 40.3038 ], [ -3.4515, 40.3037 ], [ -3.4524, 40.3034 ], [ -3.4515, 40.3035 ], [ -3.4515, 40.3036 ], [ -3.4511, 40.3037 ], [ -3.4504, 40.3036 ], [ -3.4504, 40.3038 ], [ -3.4521, 40.3041 ], [ -3.4521, 40.3044 ], [ -3.4512, 40.3046 ], [ -3.4502, 40.305 ], [ -3.4502, 40.3051 ], [ -3.4493, 40.3056 ], [ -3.4496, 40.3058 ], [ -3.4507, 40.3051 ], [ -3.4524, 40.3046 ], [ -3.4532, 40.3046 ], [ -3.4535, 40.3049 ], [ -3.4542, 40.3046 ], [ -3.4549, 40.3046 ], [ -3.4627, 40.3061 ], [ -3.4632, 40.3064 ], [ -3.4642, 40.3064 ], [ -3.4669, 40.3069 ], [ -3.4755, 40.3089 ], [ -3.4759, 40.3091 ], [ -3.4797, 40.3099 ] ] ] } },
{ "type": "Feature", "properties": { "municipio": "Arganda del Rey", "clasificacion": "urbanizable-no-sectorizado", "calificacion": "sin-asignar", "version": "vigente", "fuente": "SIT-CAM WFS — UsoDelSuelo:VPLA_V_CLASIFICACION (https://idem.comunidad.madrid/geosrvg/ows)", "fecha_dato": "2026-05-12", "ambito": "38587", "_raw_CD_SIGLAS": "SUBNS_A", "_raw_DS_CLASIF_GEN": "Suelo No Urbanizable Común (APLAZADO)", "_raw_DS_CLASIF_DET": "Suelo No Urbanizable Común Aplazado", "_raw_DS_DOCU": "PLAN GENERAL", "_raw_DS_LEY": "CM Ley 9/1995, E RDL 1/1992, E RD 1346/1976", "_raw_FC_AC": "1999-01-14", "_raw_NM_AREA_M2": 542747.28487495903, "_cam_code": "014" }, "geometry": { "type": "Polygon", "coordinates": [ [ [ -3.3857, 40.2889 ], [ -3.3857, 40.289 ], [ -3.386, 40.289 ], [ -3.386, 40.2889 ], [ -3.3882, 40.2889 ], [ -3.3909, 40.2886 ], [ -3.3948, 40.2887 ], [ -3.3954, 40.2884 ], [ -3.3954, 40.2883 ], [ -3.3956, 40.2883 ], [ -3.3956, 40.2882 ], [ -3.3977, 40.2881 ], [ -3.3977, 40.288 ], [ -3.3991, 40.2874 ], [ -3.3991, 40.2873 ], [ -3.3996, 40.2871 ], [ -3.3996, 40.287 ], [ -3.4004, 40.2865 ], [ -3.4011, 40.2862 ], [ -3.4011, 40.2861 ], [ -3.4025, 40.2862 ], [ -3.4025, 40.2853 ], [ -3.4019, 40.2849 ], [ -3.4017, 40.2849 ], [ -3.4017, 40.2848 ], [ -3.4015, 40.2848 ], [ -3.4015, 40.2847 ], [ -3.3977, 40.2846 ], [ -3.3976, 40.2847 ], [ -3.3946, 40.2849 ], [ -3.3933, 40.2844 ], [ -3.3929, 40.2844 ], [ -3.3929, 40.2843 ], [ -3.3897, 40.2839 ], [ -3.3869, 40.2838 ], [ -3.3866, 40.2842 ], [ -3.3867, 40.2843 ], [ -3.3867, 40.2849 ], [ -3.3871, 40.2852 ], [ -3.3868, 40.2853 ], [ -3.3867, 40.2858 ], [ -3.3872, 40.2859 ], [ -3.3872, 40.287 ], [ -3.3867, 40.2875 ], [ -3.3864, 40.2882 ], [ -3.3864, 40.2881 ], [ -3.386, 40.2881 ], [ -3.3859, 40.2883 ], [ -3.3857, 40.2883 ], [ -3.3857, 40.2889 ] ] ] } },
{ "type": "Feature", "properties": { "municipio": "Arganda del Rey", "clasificacion": "urbanizable-no-sectorizado", "calificacion": "sin-asignar", "version": "vigente", "fuente": "SIT-CAM WFS — UsoDelSuelo:VPLA_V_CLASIFICACION (https://idem.comunidad.madrid/geosrvg/ows)", "fecha_dato": "2026-05-12", "ambito": "38587", "_raw_CD_SIGLAS": "SUBNS_A", "_raw_DS_CLASIF_GEN": "Suelo No Urbanizable Común (APLAZADO)", "_raw_DS_CLASIF_DET": "Suelo No Urbanizable Reserva Estratégica", "_raw_DS_DOCU": "PLAN GENERAL", "_raw_DS_LEY": "CM Ley 9/1995, E RDL 1/1992, E RD 1346/1976", "_raw_FC_AC": "1999-01-14", "_raw_NM_AREA_M2": 16735.255562465602, "_cam_code": "014" }, "geometry": { "type": "Polygon", "coordinates": [ [ [ -3.463, 40.286 ], [ -3.4626, 40.286 ], [ -3.4618, 40.2869 ], [ -3.4606, 40.2878 ], [ -3.4603, 40.2879 ], [ -3.4606, 40.2886 ], [ -3.4612, 40.2882 ], [ -3.4622, 40.2872 ], [ -3.463, 40.286 ] ] ] } },
{ "type": "Feature", "properties": { "municipio": "Arganda del Rey", "clasificacion": "urbanizable-no-sectorizado", "calificacion": "sin-asignar", "version": "vigente", "fuente": "SIT-CAM WFS — UsoDelSuelo:VPLA_V_CLASIFICACION (https://idem.comunidad.madrid/geosrvg/ows)", "fecha_dato": "2026-05-12", "ambito": "38587", "_raw_CD_SIGLAS": "SUBNS_A", "_raw_DS_CLASIF_GEN": "Suelo No Urbanizable Común (APLAZADO)", "_raw_DS_CLASIF_DET": "Suelo No Urbanizable Común Aplazado", "_raw_DS_DOCU": "PLAN GENERAL", "_raw_DS_LEY": "CM Ley 9/1995, E RDL 1/1992, E RD 1346/1976", "_raw_FC_AC": "1999-01-14", "_raw_NM_AREA_M2": 4368.6795250454297, "_cam_code": "014" }, "geometry": { "type": "Polygon", "coordinates": [ [ [ -3.4027, 40.2855 ], [ -3.4027, 40.2862 ], [ -3.404, 40.2863 ], [ -3.4033, 40.2859 ], [ -3.4033, 40.2858 ], [ -3.4031, 40.2858 ], [ -3.4027, 40.2855 ] ] ] } },
{ "type": "Feature", "properties": { "municipio": "Arganda del Rey", "clasificacion": "urbanizable-no-sectorizado", "calificacion": "sin-asignar", "version": "vigente", "fuente": "SIT-CAM WFS — UsoDelSuelo:VPLA_V_CLASIFICACION (https://idem.comunidad.madrid/geosrvg/ows)", "fecha_dato": "2026-05-12", "ambito": "38587", "_raw_CD_SIGLAS": "SUBNS_A", "_raw_DS_CLASIF_GEN": "Suelo No Urbanizable Común (APLAZADO)", "_raw_DS_CLASIF_DET": "Suelo No Urbanizable Común Aplazado", "_raw_DS_DOCU": "PLAN GENERAL", "_raw_DS_LEY": "CM Ley 9/1995, E RDL 1/1992, E RD 1346/1976", "_raw_FC_AC": "1999-01-14", "_raw_NM_AREA_M2": 412321.54785000999, "_cam_code": "014" }, "geometry": { "type": "Polygon", "coordinates": [ [ [ -3.4167, 40.2805 ], [ -3.4169, 40.2806 ], [ -3.4169, 40.2809 ], [ -3.4178, 40.2808 ], [ -3.4184, 40.2806 ], [ -3.4184, 40.2805 ], [ -3.4199, 40.2805 ], [ -3.4205, 40.2802 ], [ -3.4205, 40.28 ], [ -3.4203, 40.2798 ], [ -3.4198, 40.2797 ], [ -3.4194, 40.2793 ], [ -3.4192, 40.2788 ], [ -3.4189, 40.2786 ], [ -3.4189, 40.2779 ], [ -3.4184, 40.2774 ], [ -3.4182, 40.277 ], [ -3.418, 40.2769 ], [ -3.418, 40.2767 ], [ -3.4174, 40.2762 ], [ -3.4173, 40.2757 ], [ -3.4172, 40.2757 ], [ -3.4169, 40.275 ], [ -3.4163, 40.2745 ], [ -3.416, 40.2737 ], [ -3.4156, 40.2733 ], [ -3.4153, 40.2733 ], [ -3.4152, 40.2731 ], [ -3.4149, 40.273 ], [ -3.4146, 40.2727 ], [ -3.4143, 40.2717 ], [ -3.4142, 40.2717 ], [ -3.4142, 40.2707 ], [ -3.4139, 40.2703 ], [ -3.4139, 40.2699 ], [ -3.414, 40.2699 ], [ -3.414, 40.2697 ], [ -3.4142, 40.2695 ], [ -3.4147, 40.2693 ], [ -3.4148, 40.2691 ], [ -3.4147, 40.2687 ], [ -3.414, 40.2679 ], [ -3.4138, 40.2674 ], [ -3.4125, 40.2673 ], [ -3.4123, 40.2671 ], [ -3.4121, 40.2671 ], [ -3.412, 40.2669 ], [ -3.4115, 40.2681 ], [ -3.411, 40.2686 ], [ -3.4101, 40.2706 ], [ -3.411, 40.2715 ], [ -3.4114, 40.2717 ], [ -3.4115, 40.2719 ], [ -3.4117, 40.2719 ], [ -3.412, 40.2723 ], [ -3.4122, 40.2723 ], [ -3.4124, 40.2725 ], [ -3.4124, 40.273 ], [ -3.4126, 40.2737 ], [ -3.4129, 40.274 ], [ -3.4131, 40.2745 ], [ -3.4138, 40.2752 ], [ -3.4141, 40.2757 ], [ -3.4142, 40.2763 ], [ -3.4148, 40.2769 ], [ -3.415, 40.2774 ], [ -3.415, 40.2778 ], [ -3.4151, 40.2778 ], [ -3.4151, 40.2782 ], [ -3.4153, 40.2783 ], [ -3.4153, 40.2786 ], [ -3.416, 40.2789 ], [ -3.4167, 40.2805 ] ] ] } },
{ "type": "Feature", "properties": { "municipio": "Arganda del Rey", "clasificacion": "urbanizable-no-sectorizado", "calificacion": "sin-asignar", "version": "vigente", "fuente": "SIT-CAM WFS — UsoDelSuelo:VPLA_V_CLASIFICACION (https://idem.comunidad.madrid/geosrvg/ows)", "fecha_dato": "2026-05-12", "ambito": "38587", "_raw_CD_SIGLAS": "SUBNS_A", "_raw_DS_CLASIF_GEN": "Suelo No Urbanizable Común (APLAZADO)", "_raw_DS_CLASIF_DET": "Suelo No Urbanizable Reserva Estratégica", "_raw_DS_DOCU": "PLAN GENERAL", "_raw_DS_LEY": "CM Ley 9/1995, E RDL 1/1992, E RD 1346/1976", "_raw_FC_AC": "1999-01-14", "_raw_NM_AREA_M2": 30727.129674965701, "_cam_code": "014" }, "geometry": { "type": "Polygon", "coordinates": [ [ [ -3.4499, 40.2753 ], [ -3.4499, 40.2757 ], [ -3.4508, 40.2806 ], [ -3.4509, 40.2791 ], [ -3.4514, 40.2778 ], [ -3.4514, 40.2774 ], [ -3.4507, 40.2761 ], [ -3.4499, 40.2751 ], [ -3.4499, 40.2753 ] ] ] } },
{ "type": "Feature", "properties": { "municipio": "Arganda del Rey", "clasificacion": "urbanizable-no-sectorizado", "calificacion": "sin-asignar", "version": "vigente", "fuente": "SIT-CAM WFS — UsoDelSuelo:VPLA_V_CLASIFICACION (https://idem.comunidad.madrid/geosrvg/ows)", "fecha_dato": "2026-05-12", "ambito": "38587", "_raw_CD_SIGLAS": "SUBNS_A", "_raw_DS_CLASIF_GEN": "Suelo No Urbanizable Común (APLAZADO)", "_raw_DS_CLASIF_DET": "Suelo No Urbanizable Común Aplazado", "_raw_DS_DOCU": "PLAN GENERAL", "_raw_DS_LEY": "CM Ley 9/1995, E RDL 1/1992, E RD 1346/1976", "_raw_FC_AC": "1999-01-14", "_raw_NM_AREA_M2": 4196.2027124758097, "_cam_code": "014" }, "geometry": { "type": "Polygon", "coordinates": [ [ [ -3.4058, 40.2797 ], [ -3.4057, 40.2797 ], [ -3.4057, 40.2799 ], [ -3.4068, 40.2797 ], [ -3.4066, 40.2794 ], [ -3.4063, 40.2795 ], [ -3.4064, 40.2788 ], [ -3.4062, 40.2789 ], [ -3.4058, 40.2797 ] ] ] } },
{ "type": "Feature", "properties": { "municipio": "Arganda del Rey", "clasificacion": "urbanizable-no-sectorizado", "calificacion": "sin-asignar", "version": "vigente", "fuente": "SIT-CAM WFS — UsoDelSuelo:VPLA_V_CLASIFICACION (https://idem.comunidad.madrid/geosrvg/ows)", "fecha_dato": "2026-05-12", "ambito": "38587", "_raw_CD_SIGLAS": "SUBNS_A", "_raw_DS_CLASIF_GEN": "Suelo No Urbanizable Común (APLAZADO)", "_raw_DS_CLASIF_DET": "Suelo No Urbanizable Reserva Estratégica", "_raw_DS_DOCU": "PLAN GENERAL", "_raw_DS_LEY": "CM Ley 9/1995, E RDL 1/1992, E RD 1346/1976", "_raw_FC_AC": "1999-01-14", "_raw_NM_AREA_M2": 301528.17007503798, "_cam_code": "014" }, "geometry": { "type": "Polygon", "coordinates": [ [ [ -3.4902, 40.2891 ], [ -3.4897, 40.2895 ], [ -3.4892, 40.2896 ], [ -3.488, 40.2902 ], [ -3.488, 40.2903 ], [ -3.4867, 40.2908 ], [ -3.486, 40.2913 ], [ -3.4858, 40.2913 ], [ -3.4847, 40.2922 ], [ -3.4844, 40.2929 ], [ -3.4842, 40.293 ], [ -3.4838, 40.2937 ], [ -3.4821, 40.2952 ], [ -3.4813, 40.2955 ], [ -3.4813, 40.2956 ], [ -3.4808, 40.2957 ], [ -3.4808, 40.2958 ], [ -3.4806, 40.2958 ], [ -3.4798, 40.2963 ], [ -3.478, 40.297 ], [ -3.4812, 40.2977 ], [ -3.4812, 40.2976 ], [ -3.4823, 40.2973 ], [ -3.4823, 40.2972 ], [ -3.4826, 40.2972 ], [ -3.4826, 40.2971 ], [ -3.4831, 40.297 ], [ -3.4831, 40.2969 ], [ -3.4839, 40.2966 ], [ -3.4853, 40.2954 ], [ -3.4879, 40.2938 ], [ -3.4881, 40.2936 ], [ -3.488, 40.2928 ], [ -3.4881, 40.2928 ], [ -3.4883, 40.2923 ], [ -3.4892, 40.2919 ], [ -3.4895, 40.2916 ], [ -3.4906, 40.2912 ], [ -3.4912, 40.2908 ], [ -3.4922, 40.2904 ], [ -3.4915, 40.2898 ], [ -3.4902, 40.2891 ] ] ] } },
{ "type": "Feature", "properties": { "municipio": "Arganda del Rey", "clasificacion": "urbanizable-no-sectorizado", "calificacion": "sin-asignar", "version": "vigente", "fuente": "SIT-CAM WFS — UsoDelSuelo:VPLA_V_CLASIFICACION (https://idem.comunidad.madrid/geosrvg/ows)", "fecha_dato": "2026-05-12", "ambito": "38587", "_raw_CD_SIGLAS": "SUBNS_A", "_raw_DS_CLASIF_GEN": "Suelo No Urbanizable Común (APLAZADO)", "_raw_DS_CLASIF_DET": "Suelo No Urbanizable Reserva Estratégica", "_raw_DS_DOCU": "PLAN GENERAL", "_raw_DS_LEY": "CM Ley 9/1995, E RDL 1/1992, E RD 1346/1976", "_raw_FC_AC": "1999-01-14", "_raw_NM_AREA_M2": 120758.66928764099, "_cam_code": "014" }, "geometry": { "type": "Polygon", "coordinates": [ [ [ -3.4322, 40.2938 ], [ -3.4326, 40.2939 ], [ -3.436, 40.2934 ], [ -3.4342, 40.292 ], [ -3.4341, 40.2914 ], [ -3.4337, 40.2909 ], [ -3.4291, 40.2903 ], [ -3.4292, 40.2907 ], [ -3.4306, 40.2921 ], [ -3.4312, 40.2932 ], [ -3.4317, 40.2934 ], [ -3.4322, 40.2938 ] ] ] } },
{ "type": "Feature", "properties": { "municipio": "Arganda del Rey", "clasificacion": "urbanizable-no-sectorizado", "calificacion": "sin-asignar", "version": "vigente", "fuente": "SIT-CAM WFS — UsoDelSuelo:VPLA_V_CLASIFICACION (https://idem.comunidad.madrid/geosrvg/ows)", "fecha_dato": "2026-05-12", "ambito": "38587", "_raw_CD_SIGLAS": "SUBNS_A", "_raw_DS_CLASIF_GEN": "Suelo No Urbanizable Común (APLAZADO)", "_raw_DS_CLASIF_DET": "Suelo No Urbanizable Común Aplazado", "_raw_DS_DOCU": "PLAN GENERAL", "_raw_DS_LEY": "CM Ley 9/1995, E RDL 1/1992, E RD 1346/1976", "_raw_FC_AC": "1999-01-14", "_raw_NM_AREA_M2": 54322.070675032599, "_cam_code": "014" }, "geometry": { "type": "Polygon", "coordinates": [ [ [ -3.4032, 40.2909 ], [ -3.4039, 40.2918 ], [ -3.4043, 40.2932 ], [ -3.4048, 40.2937 ], [ -3.4064, 40.2939 ], [ -3.407, 40.2937 ], [ -3.4071, 40.2933 ], [ -3.4062, 40.2928 ], [ -3.4056, 40.292 ], [ -3.4056, 40.2914 ], [ -3.4059, 40.2912 ], [ -3.4049, 40.2912 ], [ -3.4049, 40.2911 ], [ -3.4043, 40.2909 ], [ -3.4043, 40.2908 ], [ -3.4037, 40.2909 ], [ -3.4037, 40.291 ], [ -3.4032, 40.2909 ] ] ] } },
{ "type": "Feature", "properties": { "municipio": "Arganda del Rey", "clasificacion": "urbanizable-no-sectorizado", "calificacion": "sin-asignar", "version": "vigente", "fuente": "SIT-CAM WFS — UsoDelSuelo:VPLA_V_CLASIFICACION (https://idem.comunidad.madrid/geosrvg/ows)", "fecha_dato": "2026-05-12", "ambito": "38587", "_raw_CD_SIGLAS": "SUBNS_A", "_raw_DS_CLASIF_GEN": "Suelo No Urbanizable Común (APLAZADO)", "_raw_DS_CLASIF_DET": "Suelo No Urbanizable Común Aplazado", "_raw_DS_DOCU": "PLAN GENERAL", "_raw_DS_LEY": "CM Ley 9/1995, E RDL 1/1992, E RD 1346/1976", "_raw_FC_AC": "1999-01-14", "_raw_NM_AREA_M2": 178707.73633745901, "_cam_code": "014" }, "geometry": { "type": "Polygon", "coordinates": [ [ [ -3.3999, 40.2927 ], [ -3.4033, 40.293 ], [ -3.4043, 40.2935 ], [ -3.404, 40.2932 ], [ -3.4038, 40.2927 ], [ -3.4036, 40.2917 ], [ -3.403, 40.2909 ], [ -3.4027, 40.2907 ], [ -3.4026, 40.2903 ], [ -3.4025, 40.2903 ], [ -3.4024, 40.2879 ], [ -3.4026, 40.2876 ], [ -3.4026, 40.2866 ], [ -3.4025, 40.2863 ], [ -3.402, 40.2862 ], [ -3.4016, 40.2865 ], [ -3.4008, 40.2878 ], [ -3.4005, 40.288 ], [ -3.4005, 40.2884 ], [ -3.4001, 40.2885 ], [ -3.3997, 40.2889 ], [ -3.3997, 40.2893 ], [ -3.3991, 40.2899 ], [ -3.3992, 40.2903 ], [ -3.399, 40.2907 ], [ -3.3991, 40.2906 ], [ -3.3991, 40.2907 ], [ -3.3993, 40.2907 ], [ -3.3995, 40.2909 ], [ -3.3995, 40.2914 ], [ -3.3991, 40.2917 ], [ -3.3995, 40.292 ], [ -3.3995, 40.2924 ], [ -3.3999, 40.2927 ] ] ] } },
{ "type": "Feature", "properties": { "municipio": "Arganda del Rey", "clasificacion": "urbanizable-no-sectorizado", "calificacion": "sin-asignar", "version": "vigente", "fuente": "SIT-CAM WFS — UsoDelSuelo:VPLA_V_CLASIFICACION (https://idem.comunidad.madrid/geosrvg/ows)", "fecha_dato": "2026-05-12", "ambito": "38587", "_raw_CD_SIGLAS": "SUBNS_A", "_raw_DS_CLASIF_GEN": "Suelo No Urbanizable Común (APLAZADO)", "_raw_DS_CLASIF_DET": "Suelo No Urbanizable Común Aplazado", "_raw_DS_DOCU": "PLAN GENERAL", "_raw_DS_LEY": "CM Ley 9/1995, E RDL 1/1992, E RD 1346/1976", "_raw_FC_AC": "1999-01-14", "_raw_NM_AREA_M2": 969011.16073765804, "_cam_code": "014" }, "geometry": { "type": "Polygon", "coordinates": [ [ [ -3.4281, 40.349 ], [ -3.4264, 40.3502 ], [ -3.4266, 40.3513 ], [ -3.4317, 40.352 ], [ -3.4326, 40.3523 ], [ -3.4354, 40.3521 ], [ -3.4359, 40.3517 ], [ -3.4376, 40.3513 ], [ -3.4396, 40.3501 ], [ -3.4406, 40.3497 ], [ -3.4418, 40.3495 ], [ -3.4427, 40.349 ], [ -3.4438, 40.3479 ], [ -3.4442, 40.3471 ], [ -3.4455, 40.3457 ], [ -3.4457, 40.3452 ], [ -3.4466, 40.344 ], [ -3.4478, 40.3434 ], [ -3.4482, 40.3428 ], [ -3.4492, 40.3424 ], [ -3.4507, 40.3415 ], [ -3.4512, 40.3414 ], [ -3.4493, 40.34 ], [ -3.4479, 40.3386 ], [ -3.4465, 40.3383 ], [ -3.446, 40.338 ], [ -3.4454, 40.3379 ], [ -3.4455, 40.3386 ], [ -3.4444, 40.3396 ], [ -3.4432, 40.3411 ], [ -3.4422, 40.3421 ], [ -3.4417, 40.3434 ], [ -3.4414, 40.3436 ], [ -3.4414, 40.3438 ], [ -3.4412, 40.344 ], [ -3.4405, 40.3445 ], [ -3.4404, 40.3454 ], [ -3.4399, 40.3455 ], [ -3.4392, 40.3459 ], [ -3.4388, 40.3472 ], [ -3.4382, 40.3477 ], [ -3.4376, 40.3478 ], [ -3.4368, 40.3481 ], [ -3.4368, 40.3482 ], [ -3.4359, 40.3482 ], [ -3.4353, 40.3484 ], [ -3.4344, 40.3491 ], [ -3.4336, 40.3491 ], [ -3.4329, 40.3486 ], [ -3.4305, 40.348 ], [ -3.4284, 40.3486 ], [ -3.4281, 40.349 ] ] ] } },
{ "type": "Feature", "properties": { "municipio": "Arganda del Rey", "clasificacion": "urbanizable-no-sectorizado", "calificacion": "sin-asignar", "version": "vigente", "fuente": "SIT-CAM WFS — UsoDelSuelo:VPLA_V_CLASIFICACION (https://idem.comunidad.madrid/geosrvg/ows)", "fecha_dato": "2026-05-12", "ambito": "38587", "_raw_CD_SIGLAS": "SUBNS_A", "_raw_DS_CLASIF_GEN": "Suelo No Urbanizable Común (APLAZADO)", "_raw_DS_CLASIF_DET": "Suelo No Urbanizable Común Aplazado", "_raw_DS_DOCU": "PLAN GENERAL", "_raw_DS_LEY": "CM Ley 9/1995, E RDL 1/1992, E RD 1346/1976", "_raw_FC_AC": "1999-01-14", "_raw_NM_AREA_M2": 146498.18106219001, "_cam_code": "014" }, "geometry": { "type": "Polygon", "coordinates": [ [ [ -3.4489, 40.343 ], [ -3.4468, 40.344 ], [ -3.4465, 40.3443 ], [ -3.4462, 40.3449 ], [ -3.4457, 40.3454 ], [ -3.4451, 40.3464 ], [ -3.4443, 40.3471 ], [ -3.4438, 40.3481 ], [ -3.443, 40.3489 ], [ -3.4425, 40.3491 ], [ -3.4422, 40.3494 ], [ -3.4416, 40.3496 ], [ -3.4429, 40.3495 ], [ -3.4455, 40.3478 ], [ -3.4479, 40.3457 ], [ -3.4522, 40.3431 ], [ -3.4535, 40.3433 ], [ -3.4567, 40.3428 ], [ -3.4549, 40.3429 ], [ -3.4549, 40.343 ], [ -3.4537, 40.3432 ], [ -3.4532, 40.3432 ], [ -3.4527, 40.3429 ], [ -3.4509, 40.3428 ], [ -3.4498, 40.343 ], [ -3.4489, 40.343 ] ] ] } },
{ "type": "Feature", "properties": { "municipio": "Arganda del Rey", "clasificacion": "urbanizable-no-sectorizado", "calificacion": "sin-asignar", "version": "vigente", "fuente": "SIT-CAM WFS — UsoDelSuelo:VPLA_V_CLASIFICACION (https://idem.comunidad.madrid/geosrvg/ows)", "fecha_dato": "2026-05-12", "ambito": "38587", "_raw_CD_SIGLAS": "SUBNS_A", "_raw_DS_CLASIF_GEN": "Suelo No Urbanizable Común (APLAZADO)", "_raw_DS_CLASIF_DET": "Suelo No Urbanizable Común Aplazado", "_raw_DS_DOCU": "PLAN GENERAL", "_raw_DS_LEY": "CM Ley 9/1995, E RDL 1/1992, E RD 1346/1976", "_raw_FC_AC": "1999-01-14", "_raw_NM_AREA_M2": 1383080.84831272, "_cam_code": "014" }, "geometry": { "type": "Polygon", "coordinates": [ [ [ -3.4312, 40.332 ], [ -3.4315, 40.3338 ], [ -3.4316, 40.3387 ], [ -3.4298, 40.3428 ], [ -3.4291, 40.3451 ], [ -3.4272, 40.3466 ], [ -3.4263, 40.3494 ], [ -3.4279, 40.3483 ], [ -3.4293, 40.3465 ], [ -3.4304, 40.3454 ], [ -3.4317, 40.343 ], [ -3.4322, 40.3407 ], [ -3.4338, 40.338 ], [ -3.4342, 40.3362 ], [ -3.4345, 40.3357 ], [ -3.4353, 40.3349 ], [ -3.4358, 40.3346 ], [ -3.4387, 40.3336 ], [ -3.4404, 40.3325 ], [ -3.4407, 40.3322 ], [ -3.442, 40.3296 ], [ -3.4399, 40.3295 ], [ -3.4389, 40.3297 ], [ -3.4378, 40.3297 ], [ -3.4358, 40.3302 ], [ -3.4359, 40.3305 ], [ -3.4358, 40.3306 ], [ -3.435, 40.3305 ], [ -3.434, 40.3307 ], [ -3.4337, 40.3307 ], [ -3.4337, 40.3306 ], [ -3.4348, 40.3305 ], [ -3.4349, 40.3304 ], [ -3.4357, 40.3305 ], [ -3.4358, 40.3301 ], [ -3.4378, 40.3296 ], [ -3.439, 40.3296 ], [ -3.4399, 40.3294 ], [ -3.4421, 40.3295 ], [ -3.4428, 40.3288 ], [ -3.4433, 40.328 ], [ -3.4445, 40.3269 ], [ -3.4441, 40.3249 ], [ -3.4444, 40.3216 ], [ -3.4443, 40.3216 ], [ -3.4443, 40.3214 ], [ -3.4435, 40.3215 ], [ -3.443, 40.3217 ], [ -3.4421, 40.3221 ], [ -3.4414, 40.3226 ], [ -3.4385, 40.3238 ], [ -3.4341, 40.3239 ], [ -3.4319, 40.3247 ], [ -3.4316, 40.3294 ], [ -3.4312, 40.332 ] ] ] } },
{ "type": "Feature", "properties": { "municipio": "Arganda del Rey", "clasificacion": "urbanizable-no-sectorizado", "calificacion": "sin-asignar", "version": "vigente", "fuente": "SIT-CAM WFS — UsoDelSuelo:VPLA_V_CLASIFICACION (https://idem.comunidad.madrid/geosrvg/ows)", "fecha_dato": "2026-05-12", "ambito": "38587", "_raw_CD_SIGLAS": "SUBNS_A", "_raw_DS_CLASIF_GEN": "Suelo No Urbanizable Común (APLAZADO)", "_raw_DS_CLASIF_DET": "Suelo No Urbanizable Común Aplazado", "_raw_DS_DOCU": "PLAN GENERAL", "_raw_DS_LEY": "CM Ley 9/1995, E RDL 1/1992, E RD 1346/1976", "_raw_FC_AC": "1999-01-14", "_raw_NM_AREA_M2": 30259.3245626065, "_cam_code": "014" }, "geometry": { "type": "Polygon", "coordinates": [ [ [ -3.4452, 40.3214 ], [ -3.4451, 40.3214 ], [ -3.445, 40.322 ], [ -3.4448, 40.3249 ], [ -3.445, 40.3258 ], [ -3.4459, 40.3239 ], [ -3.446, 40.3232 ], [ -3.4461, 40.3232 ], [ -3.4459, 40.3225 ], [ -3.4453, 40.3214 ], [ -3.4452, 40.3214 ] ] ] } },
{ "type": "Feature", "properties": { "municipio": "Arganda del Rey", "clasificacion": "urbanizable-no-sectorizado", "calificacion": "sin-asignar", "version": "vigente", "fuente": "SIT-CAM WFS — UsoDelSuelo:VPLA_V_CLASIFICACION (https://idem.comunidad.madrid/geosrvg/ows)", "fecha_dato": "2026-05-12", "ambito": "38587", "_raw_CD_SIGLAS": "SUBNS_A", "_raw_DS_CLASIF_GEN": "Suelo No Urbanizable Común (APLAZADO)", "_raw_DS_CLASIF_DET": "Suelo No Urbanizable Común Aplazado", "_raw_DS_DOCU": "PLAN GENERAL", "_raw_DS_LEY": "CM Ley 9/1995, E RDL 1/1992, E RD 1346/1976", "_raw_FC_AC": "1999-01-14", "_raw_NM_AREA_M2": 75422.730825177598, "_cam_code": "014" }, "geometry": { "type": "Polygon", "coordinates": [ [ [ -3.3767, 40.293 ], [ -3.3774, 40.293 ], [ -3.379, 40.2933 ], [ -3.3797, 40.2922 ], [ -3.3798, 40.2922 ], [ -3.3799, 40.2916 ], [ -3.3816, 40.2911 ], [ -3.3834, 40.2911 ], [ -3.3843, 40.2909 ], [ -3.3841, 40.2908 ], [ -3.3843, 40.2901 ], [ -3.3842, 40.2899 ], [ -3.3839, 40.29 ], [ -3.3827, 40.2899 ], [ -3.3795, 40.2909 ], [ -3.3789, 40.2912 ], [ -3.3783, 40.2923 ], [ -3.3768, 40.2922 ], [ -3.3767, 40.2921 ], [ -3.3767, 40.293 ] ] ] } },
{ "type": "Feature", "properties": { "municipio": "Arganda del Rey", "clasificacion": "urbanizable-no-sectorizado", "calificacion": "sin-asignar", "version": "vigente", "fuente": "SIT-CAM WFS — UsoDelSuelo:VPLA_V_CLASIFICACION (https://idem.comunidad.madrid/geosrvg/ows)", "fecha_dato": "2026-05-12", "ambito": "38587", "_raw_CD_SIGLAS": "SUBNS_A", "_raw_DS_CLASIF_GEN": "Suelo No Urbanizable Común (APLAZADO)", "_raw_DS_CLASIF_DET": "Suelo No Urbanizable Común Aplazado", "_raw_DS_DOCU": "PLAN GENERAL", "_raw_DS_LEY": "CM Ley 9/1995, E RDL 1/1992, E RD 1346/1976", "_raw_FC_AC": "1999-01-14", "_raw_NM_AREA_M2": 337551.07591254299, "_cam_code": "014" }, "geometry": { "type": "Polygon", "coordinates": [ [ [ -3.414, 40.2848 ], [ -3.4145, 40.2847 ], [ -3.4145, 40.2848 ], [ -3.4147, 40.2848 ], [ -3.4154, 40.2852 ], [ -3.4161, 40.2859 ], [ -3.4171, 40.2873 ], [ -3.4182, 40.2873 ], [ -3.4191, 40.2876 ], [ -3.4195, 40.2876 ], [ -3.4195, 40.2877 ], [ -3.4206, 40.2877 ], [ -3.4209, 40.2879 ], [ -3.421, 40.288 ], [ -3.4209, 40.2888 ], [ -3.4213, 40.2889 ], [ -3.4215, 40.2891 ], [ -3.4215, 40.2899 ], [ -3.4217, 40.2903 ], [ -3.4218, 40.291 ], [ -3.4228, 40.292 ], [ -3.4249, 40.2928 ], [ -3.4253, 40.2914 ], [ -3.4253, 40.2906 ], [ -3.4244, 40.2878 ], [ -3.4236, 40.2871 ], [ -3.4228, 40.2866 ], [ -3.4177, 40.2852 ], [ -3.4177, 40.2851 ], [ -3.4173, 40.285 ], [ -3.4168, 40.2845 ], [ -3.4165, 40.2836 ], [ -3.4162, 40.2833 ], [ -3.4143, 40.2826 ], [ -3.4143, 40.2825 ], [ -3.4141, 40.2825 ], [ -3.4137, 40.2822 ], [ -3.4136, 40.282 ], [ -3.4124, 40.2819 ], [ -3.4125, 40.2823 ], [ -3.413, 40.2827 ], [ -3.4131, 40.2831 ], [ -3.4136, 40.2837 ], [ -3.4139, 40.2843 ], [ -3.4139, 40.2847 ], [ -3.414, 40.2848 ] ] ] } },
{ "type": "Feature", "properties": { "municipio": "Arganda del Rey", "clasificacion": "urbanizable-no-sectorizado", "calificacion": "sin-asignar", "version": "vigente", "fuente": "SIT-CAM WFS — UsoDelSuelo:VPLA_V_CLASIFICACION (https://idem.comunidad.madrid/geosrvg/ows)", "fecha_dato": "2026-05-12", "ambito": "38587", "_raw_CD_SIGLAS": "SUBNS_A", "_raw_DS_CLASIF_GEN": "Suelo No Urbanizable Común (APLAZADO)", "_raw_DS_CLASIF_DET": "Suelo No Urbanizable Reserva Estratégica", "_raw_DS_DOCU": "PLAN GENERAL", "_raw_DS_LEY": "CM Ley 9/1995, E RDL 1/1992, E RD 1346/1976", "_raw_FC_AC": "1999-01-14", "_raw_NM_AREA_M2": 168525.963600118, "_cam_code": "014" }, "geometry": { "type": "Polygon", "coordinates": [ [ [ -3.4515, 40.2776 ], [ -3.451, 40.2792 ], [ -3.4509, 40.2811 ], [ -3.4511, 40.2816 ], [ -3.455, 40.2877 ], [ -3.4568, 40.2903 ], [ -3.457, 40.2909 ], [ -3.4571, 40.2909 ], [ -3.4571, 40.2913 ], [ -3.4572, 40.2913 ], [ -3.4573, 40.2924 ], [ -3.4581, 40.2923 ], [ -3.458, 40.2923 ], [ -3.458, 40.2919 ], [ -3.4578, 40.2917 ], [ -3.4578, 40.2903 ], [ -3.4577, 40.29 ], [ -3.4573, 40.2896 ], [ -3.457, 40.2889 ], [ -3.4569, 40.2889 ], [ -3.4569, 40.2885 ], [ -3.4568, 40.2885 ], [ -3.4562, 40.287 ], [ -3.4557, 40.2861 ], [ -3.4552, 40.2858 ], [ -3.4551, 40.2855 ], [ -3.4531, 40.2829 ], [ -3.453, 40.2825 ], [ -3.4531, 40.2817 ], [ -3.4524, 40.2804 ], [ -3.4515, 40.2776 ] ] ] } },
{ "type": "Feature", "properties": { "municipio": "Arganda del Rey", "clasificacion": "urbanizable-no-sectorizado", "calificacion": "sin-asignar", "version": "vigente", "fuente": "SIT-CAM WFS — UsoDelSuelo:VPLA_V_CLASIFICACION (https://idem.comunidad.madrid/geosrvg/ows)", "fecha_dato": "2026-05-12", "ambito": "38587", "_raw_CD_SIGLAS": "SUBNS_A", "_raw_DS_CLASIF_GEN": "Suelo No Urbanizable Común (APLAZADO)", "_raw_DS_CLASIF_DET": "Suelo No Urbanizable Común Aplazado", "_raw_DS_DOCU": "PLAN GENERAL", "_raw_DS_LEY": "CM Ley 9/1995, E RDL 1/1992, E RD 1346/1976", "_raw_FC_AC": "1999-01-14", "_raw_NM_AREA_M2": 721448.197574622, "_cam_code": "014" }, "geometry": { "type": "Polygon", "coordinates": [ [ [ -3.433, 40.3406 ], [ -3.4323, 40.3434 ], [ -3.4309, 40.3458 ], [ -3.4296, 40.3471 ], [ -3.4285, 40.3485 ], [ -3.4307, 40.3478 ], [ -3.4328, 40.3465 ], [ -3.4331, 40.3462 ], [ -3.4331, 40.3457 ], [ -3.4333, 40.3455 ], [ -3.4344, 40.3453 ], [ -3.4346, 40.3448 ], [ -3.4348, 40.3447 ], [ -3.4348, 40.3445 ], [ -3.435, 40.3443 ], [ -3.4358, 40.3442 ], [ -3.4365, 40.3436 ], [ -3.4375, 40.3431 ], [ -3.4396, 40.3428 ], [ -3.4406, 40.3424 ], [ -3.4422, 40.342 ], [ -3.4446, 40.3392 ], [ -3.4454, 40.3386 ], [ -3.4454, 40.3383 ], [ -3.4453, 40.3379 ], [ -3.4451, 40.3381 ], [ -3.4414, 40.3397 ], [ -3.4406, 40.3399 ], [ -3.4404, 40.3401 ], [ -3.4403, 40.34 ], [ -3.4406, 40.3399 ], [ -3.4406, 40.3398 ], [ -3.4412, 40.3397 ], [ -3.445, 40.338 ], [ -3.4452, 40.3378 ], [ -3.4419, 40.3369 ], [ -3.4412, 40.3369 ], [ -3.4404, 40.3367 ], [ -3.4377, 40.3369 ], [ -3.4377, 40.3368 ], [ -3.4373, 40.3368 ], [ -3.4368, 40.3365 ], [ -3.4362, 40.336 ], [ -3.4358, 40.336 ], [ -3.4353, 40.3358 ], [ -3.4349, 40.3364 ], [ -3.4343, 40.3386 ], [ -3.433, 40.3406 ] ] ] } },
{ "type": "Feature", "properties": { "municipio": "Arganda del Rey", "clasificacion": "urbanizable-no-sectorizado", "calificacion": "sin-asignar", "version": "vigente", "fuente": "SIT-CAM WFS — UsoDelSuelo:VPLA_V_CLASIFICACION (https://idem.comunidad.madrid/geosrvg/ows)", "fecha_dato": "2026-05-12", "ambito": "38587", "_raw_CD_SIGLAS": "SUBNS_A", "_raw_DS_CLASIF_GEN": "Suelo No Urbanizable Común (APLAZADO)", "_raw_DS_CLASIF_DET": "Suelo No Urbanizable Común Aplazado", "_raw_DS_DOCU": "PLAN GENERAL", "_raw_DS_LEY": "CM Ley 9/1995, E RDL 1/1992, E RD 1346/1976", "_raw_FC_AC": "1999-01-14", "_raw_NM_AREA_M2": 302778.24052517, "_cam_code": "014" }, "geometry": { "type": "Polygon", "coordinates": [ [ [ -3.4307, 40.3479 ], [ -3.4327, 40.3484 ], [ -3.4336, 40.349 ], [ -3.434, 40.3491 ], [ -3.4345, 40.349 ], [ -3.4346, 40.3487 ], [ -3.4352, 40.3483 ], [ -3.4359, 40.3481 ], [ -3.4368, 40.3481 ], [ -3.4368, 40.348 ], [ -3.4373, 40.3478 ], [ -3.4382, 40.3476 ], [ -3.4388, 40.347 ], [ -3.4391, 40.3459 ], [ -3.4397, 40.3455 ], [ -3.4403, 40.3453 ], [ -3.4404, 40.3445 ], [ -3.4411, 40.344 ], [ -3.4413, 40.3438 ], [ -3.4413, 40.3436 ], [ -3.4416, 40.3434 ], [ -3.4421, 40.3421 ], [ -3.4409, 40.3424 ], [ -3.4397, 40.3429 ], [ -3.4378, 40.3431 ], [ -3.4357, 40.3443 ], [ -3.4352, 40.3443 ], [ -3.4349, 40.3446 ], [ -3.4346, 40.3453 ], [ -3.4332, 40.3457 ], [ -3.4331, 40.3464 ], [ -3.4307, 40.3479 ] ] ] } },
{ "type": "Feature", "properties": { "municipio": "Arganda del Rey", "clasificacion": "urbanizable-no-sectorizado", "calificacion": "sin-asignar", "version": "vigente", "fuente": "SIT-CAM WFS — UsoDelSuelo:VPLA_V_CLASIFICACION (https://idem.comunidad.madrid/geosrvg/ows)", "fecha_dato": "2026-05-12", "ambito": "38587", "_raw_CD_SIGLAS": "SUBNS_A", "_raw_DS_CLASIF_GEN": "Suelo No Urbanizable Común (APLAZADO)", "_raw_DS_CLASIF_DET": "Suelo No Urbanizable Común Aplazado", "_raw_DS_DOCU": "PLAN GENERAL", "_raw_DS_LEY": "CM Ley 9/1995, E RDL 1/1992, E RD 1346/1976", "_raw_FC_AC": "1999-01-14", "_raw_NM_AREA_M2": 167740.71310017901, "_cam_code": "014" }, "geometry": { "type": "Polygon", "coordinates": [ [ [ -3.3753, 40.2627 ], [ -3.3697, 40.2653 ], [ -3.3715, 40.2673 ], [ -3.3735, 40.2702 ], [ -3.3753, 40.2627 ] ] ] } },
{ "type": "Feature", "properties": { "municipio": "Arganda del Rey", "clasificacion": "urbanizable-no-sectorizado", "calificacion": "sin-asignar", "version": "vigente", "fuente": "SIT-CAM WFS — UsoDelSuelo:VPLA_V_CLASIFICACION (https://idem.comunidad.madrid/geosrvg/ows)", "fecha_dato": "2026-05-12", "ambito": "38587", "_raw_CD_SIGLAS": "SUBNS_A", "_raw_DS_CLASIF_GEN": "Suelo No Urbanizable Común (APLAZADO)", "_raw_DS_CLASIF_DET": "Suelo No Urbanizable Reserva Estratégica", "_raw_DS_DOCU": "PLAN GENERAL", "_raw_DS_LEY": "CM Ley 9/1995, E RDL 1/1992, E RD 1346/1976", "_raw_FC_AC": "1999-01-14", "_raw_NM_AREA_M2": 628177.62718770804, "_cam_code": "014" }, "geometry": { "type": "Polygon", "coordinates": [ [ [ -3.4553, 40.2779 ], [ -3.4545, 40.2783 ], [ -3.4553, 40.2805 ], [ -3.4556, 40.2808 ], [ -3.4562, 40.2819 ], [ -3.4587, 40.2849 ], [ -3.4592, 40.2858 ], [ -3.4593, 40.2858 ], [ -3.4593, 40.286 ], [ -3.46, 40.2872 ], [ -3.4602, 40.2878 ], [ -3.4608, 40.2876 ], [ -3.4624, 40.286 ], [ -3.4631, 40.2859 ], [ -3.4634, 40.2853 ], [ -3.4637, 40.285 ], [ -3.4654, 40.284 ], [ -3.4655, 40.2836 ], [ -3.4657, 40.2835 ], [ -3.4661, 40.2826 ], [ -3.4662, 40.2826 ], [ -3.4661, 40.2824 ], [ -3.4657, 40.2823 ], [ -3.4655, 40.2821 ], [ -3.4654, 40.2815 ], [ -3.4646, 40.2808 ], [ -3.464, 40.2797 ], [ -3.4634, 40.2795 ], [ -3.4627, 40.2787 ], [ -3.4623, 40.2786 ], [ -3.4617, 40.278 ], [ -3.4606, 40.2778 ], [ -3.4581, 40.2778 ], [ -3.458, 40.2779 ], [ -3.4575, 40.2779 ], [ -3.4566, 40.2778 ], [ -3.4566, 40.2777 ], [ -3.4553, 40.2779 ] ] ] } },
{ "type": "Feature", "properties": { "municipio": "Arganda del Rey", "clasificacion": "urbanizable-no-sectorizado", "calificacion": "sin-asignar", "version": "vigente", "fuente": "SIT-CAM WFS — UsoDelSuelo:VPLA_V_CLASIFICACION (https://idem.comunidad.madrid/geosrvg/ows)", "fecha_dato": "2026-05-12", "ambito": "38587", "_raw_CD_SIGLAS": "SUBNS_A", "_raw_DS_CLASIF_GEN": "Suelo No Urbanizable Común (APLAZADO)", "_raw_DS_CLASIF_DET": "Suelo No Urbanizable Común Aplazado", "_raw_DS_DOCU": "PLAN GENERAL", "_raw_DS_LEY": "CM Ley 9/1995, E RDL 1/1992, E RD 1346/1976", "_raw_FC_AC": "1999-01-14", "_raw_NM_AREA_M2": 250222.71142489501, "_cam_code": "014" }, "geometry": { "type": "Polygon", "coordinates": [ [ [ -3.4131, 40.259 ], [ -3.4142, 40.2593 ], [ -3.4142, 40.2594 ], [ -3.4147, 40.2594 ], [ -3.4148, 40.259 ], [ -3.4165, 40.2592 ], [ -3.4171, 40.2583 ], [ -3.4171, 40.2581 ], [ -3.4172, 40.2581 ], [ -3.4173, 40.257 ], [ -3.4174, 40.257 ], [ -3.4173, 40.2565 ], [ -3.4168, 40.2556 ], [ -3.4167, 40.2556 ], [ -3.4167, 40.2553 ], [ -3.4166, 40.2553 ], [ -3.4167, 40.2543 ], [ -3.4118, 40.2552 ], [ -3.4083, 40.2568 ], [ -3.4078, 40.2571 ], [ -3.4082, 40.2569 ], [ -3.4084, 40.257 ], [ -3.4083, 40.2575 ], [ -3.4084, 40.2575 ], [ -3.4086, 40.258 ], [ -3.4088, 40.258 ], [ -3.4088, 40.2581 ], [ -3.4097, 40.2581 ], [ -3.4097, 40.258 ], [ -3.4106, 40.258 ], [ -3.4106, 40.2579 ], [ -3.4109, 40.2579 ], [ -3.4109, 40.2578 ], [ -3.4113, 40.2578 ], [ -3.4114, 40.2576 ], [ -3.4116, 40.2576 ], [ -3.4119, 40.2572 ], [ -3.4123, 40.2571 ], [ -3.4123, 40.257 ], [ -3.4131, 40.257 ], [ -3.4132, 40.2571 ], [ -3.4131, 40.2573 ], [ -3.4132, 40.2573 ], [ -3.4132, 40.2575 ], [ -3.4134, 40.2575 ], [ -3.4134, 40.2578 ], [ -3.4135, 40.2578 ], [ -3.4131, 40.259 ] ] ] } },
{ "type": "Feature", "properties": { "municipio": "Arganda del Rey", "clasificacion": "urbanizable-no-sectorizado", "calificacion": "sin-asignar", "version": "vigente", "fuente": "SIT-CAM WFS — UsoDelSuelo:VPLA_V_CLASIFICACION (https://idem.comunidad.madrid/geosrvg/ows)", "fecha_dato": "2026-05-12", "ambito": "38587", "_raw_CD_SIGLAS": "SUBNS_A", "_raw_DS_CLASIF_GEN": "Suelo No Urbanizable Común (APLAZADO)", "_raw_DS_CLASIF_DET": "Suelo No Urbanizable Común Aplazado", "_raw_DS_DOCU": "PLAN GENERAL", "_raw_DS_LEY": "CM Ley 9/1995, E RDL 1/1992, E RD 1346/1976", "_raw_FC_AC": "1999-01-14", "_raw_NM_AREA_M2": 225530.98763740101, "_cam_code": "014" }, "geometry": { "type": "Polygon", "coordinates": [ [ [ -3.4215, 40.2575 ], [ -3.4224, 40.2578 ], [ -3.4224, 40.2579 ], [ -3.4229, 40.2577 ], [ -3.4233, 40.2577 ], [ -3.4233, 40.2576 ], [ -3.4237, 40.2576 ], [ -3.4237, 40.2575 ], [ -3.4243, 40.2577 ], [ -3.4243, 40.2578 ], [ -3.4249, 40.2578 ], [ -3.426, 40.2574 ], [ -3.4263, 40.2571 ], [ -3.4264, 40.2558 ], [ -3.4233, 40.2547 ], [ -3.4169, 40.2543 ], [ -3.4169, 40.2555 ], [ -3.417, 40.2555 ], [ -3.4175, 40.2566 ], [ -3.4176, 40.2566 ], [ -3.4176, 40.2569 ], [ -3.4185, 40.2569 ], [ -3.4186, 40.2568 ], [ -3.4186, 40.2569 ], [ -3.4192, 40.2571 ], [ -3.4209, 40.2571 ], [ -3.4211, 40.2573 ], [ -3.4215, 40.2574 ], [ -3.4215, 40.2575 ] ] ] } },
{ "type": "Feature", "properties": { "municipio": "Arganda del Rey", "clasificacion": "urbanizable-no-sectorizado", "calificacion": "sin-asignar", "version": "vigente", "fuente": "SIT-CAM WFS — UsoDelSuelo:VPLA_V_CLASIFICACION (https://idem.comunidad.madrid/geosrvg/ows)", "fecha_dato": "2026-05-12", "ambito": "38587", "_raw_CD_SIGLAS": "SUBNS_A", "_raw_DS_CLASIF_GEN": "Suelo No Urbanizable Común (APLAZADO)", "_raw_DS_CLASIF_DET": "Suelo No Urbanizable Común Aplazado", "_raw_DS_DOCU": "PLAN GENERAL", "_raw_DS_LEY": "CM Ley 9/1995, E RDL 1/1992, E RD 1346/1976", "_raw_FC_AC": "1999-01-14", "_raw_NM_AREA_M2": 143803.11013746401, "_cam_code": "014" }, "geometry": { "type": "Polygon", "coordinates": [ [ [ -3.424, 40.2985 ], [ -3.425, 40.2989 ], [ -3.4252, 40.2981 ], [ -3.4249, 40.2979 ], [ -3.4249, 40.2976 ], [ -3.4261, 40.2971 ], [ -3.4259, 40.2969 ], [ -3.4258, 40.2965 ], [ -3.4256, 40.2949 ], [ -3.4245, 40.2946 ], [ -3.4245, 40.2947 ], [ -3.4225, 40.2951 ], [ -3.4225, 40.2952 ], [ -3.4212, 40.2957 ], [ -3.4206, 40.2958 ], [ -3.4204, 40.2963 ], [ -3.42, 40.2966 ], [ -3.42, 40.2968 ], [ -3.4204, 40.297 ], [ -3.4207, 40.297 ], [ -3.4216, 40.2974 ], [ -3.422, 40.2974 ], [ -3.4222, 40.2976 ], [ -3.4223, 40.298 ], [ -3.4224, 40.298 ], [ -3.4224, 40.2982 ], [ -3.4228, 40.2985 ], [ -3.424, 40.2985 ] ] ] } },
{ "type": "Feature", "properties": { "municipio": "Arganda del Rey", "clasificacion": "urbanizable-no-sectorizado", "calificacion": "sin-asignar", "version": "vigente", "fuente": "SIT-CAM WFS — UsoDelSuelo:VPLA_V_CLASIFICACION (https://idem.comunidad.madrid/geosrvg/ows)", "fecha_dato": "2026-05-12", "ambito": "38587", "_raw_CD_SIGLAS": "SUBNS_A", "_raw_DS_CLASIF_GEN": "Suelo No Urbanizable Común (APLAZADO)", "_raw_DS_CLASIF_DET": "Suelo No Urbanizable Reserva Estratégica", "_raw_DS_DOCU": "PLAN GENERAL", "_raw_DS_LEY": "CM Ley 9/1995, E RDL 1/1992, E RD 1346/1976", "_raw_FC_AC": "1999-01-14", "_raw_NM_AREA_M2": 552923.06831253401, "_cam_code": "014" }, "geometry": { "type": "Polygon", "coordinates": [ [ [ -3.4257, 40.3077 ], [ -3.428, 40.3079 ], [ -3.4285, 40.3077 ], [ -3.4287, 40.3074 ], [ -3.4295, 40.3069 ], [ -3.4314, 40.3049 ], [ -3.4316, 40.3049 ], [ -3.4316, 40.3048 ], [ -3.4323, 40.3049 ], [ -3.4329, 40.3047 ], [ -3.4341, 40.3047 ], [ -3.4343, 40.3048 ], [ -3.4348, 40.3043 ], [ -3.4354, 40.304 ], [ -3.4315, 40.3006 ], [ -3.4309, 40.3006 ], [ -3.4305, 40.3009 ], [ -3.4299, 40.301 ], [ -3.429, 40.3014 ], [ -3.4275, 40.3014 ], [ -3.4275, 40.3015 ], [ -3.4268, 40.3018 ], [ -3.4263, 40.3018 ], [ -3.4262, 40.3017 ], [ -3.4257, 40.3025 ], [ -3.425, 40.3026 ], [ -3.425, 40.3027 ], [ -3.424, 40.3031 ], [ -3.4237, 40.3035 ], [ -3.4228, 40.3038 ], [ -3.4225, 40.3044 ], [ -3.4222, 40.3047 ], [ -3.4217, 40.3061 ], [ -3.4215, 40.3063 ], [ -3.4215, 40.3067 ], [ -3.4217, 40.307 ], [ -3.4224, 40.3072 ], [ -3.4225, 40.3074 ], [ -3.4235, 40.3079 ], [ -3.4257, 40.3077 ] ] ] } },
{ "type": "Feature", "properties": { "municipio": "Arganda del Rey", "clasificacion": "urbanizable-no-sectorizado", "calificacion": "sin-asignar", "version": "vigente", "fuente": "SIT-CAM WFS — UsoDelSuelo:VPLA_V_CLASIFICACION (https://idem.comunidad.madrid/geosrvg/ows)", "fecha_dato": "2026-05-12", "ambito": "38587", "_raw_CD_SIGLAS": "SUBNS_A", "_raw_DS_CLASIF_GEN": "Suelo No Urbanizable Común (APLAZADO)", "_raw_DS_CLASIF_DET": "Suelo No Urbanizable Común Aplazado", "_raw_DS_DOCU": "PLAN GENERAL", "_raw_DS_LEY": "CM Ley 9/1995, E RDL 1/1992, E RD 1346/1976", "_raw_FC_AC": "1999-01-14", "_raw_NM_AREA_M2": 100213.047375088, "_cam_code": "014" }, "geometry": { "type": "Polygon", "coordinates": [ [ [ -3.4039, 40.282 ], [ -3.4034, 40.2826 ], [ -3.4032, 40.2831 ], [ -3.4027, 40.2844 ], [ -3.4027, 40.2851 ], [ -3.4055, 40.2868 ], [ -3.4066, 40.2878 ], [ -3.407, 40.2878 ], [ -3.4077, 40.2872 ], [ -3.4079, 40.2872 ], [ -3.4077, 40.2872 ], [ -3.4066, 40.2863 ], [ -3.4063, 40.2856 ], [ -3.406, 40.2854 ], [ -3.4057, 40.2847 ], [ -3.4051, 40.2843 ], [ -3.405, 40.2837 ], [ -3.4044, 40.2834 ], [ -3.4043, 40.2825 ], [ -3.4039, 40.282 ] ] ] } },
{ "type": "Feature", "properties": { "municipio": "Arganda del Rey", "clasificacion": "urbanizable-no-sectorizado", "calificacion": "sin-asignar", "version": "vigente", "fuente": "SIT-CAM WFS — UsoDelSuelo:VPLA_V_CLASIFICACION (https://idem.comunidad.madrid/geosrvg/ows)", "fecha_dato": "2026-05-12", "ambito": "38587", "_raw_CD_SIGLAS": "SUBNS_A", "_raw_DS_CLASIF_GEN": "Suelo No Urbanizable Común (APLAZADO)", "_raw_DS_CLASIF_DET": "Suelo No Urbanizable Reserva Estratégica", "_raw_DS_DOCU": "PLAN GENERAL", "_raw_DS_LEY": "CM Ley 9/1995, E RDL 1/1992, E RD 1346/1976", "_raw_FC_AC": "1999-01-14", "_raw_NM_AREA_M2": 224365.117874911, "_cam_code": "014" }, "geometry": { "type": "Polygon", "coordinates": [ [ [ -3.4757, 40.2841 ], [ -3.4763, 40.2846 ], [ -3.4765, 40.2853 ], [ -3.4766, 40.2853 ], [ -3.4766, 40.2856 ], [ -3.4769, 40.2859 ], [ -3.479, 40.2872 ], [ -3.4792, 40.2869 ], [ -3.4796, 40.2868 ], [ -3.48, 40.2863 ], [ -3.481, 40.2861 ], [ -3.4826, 40.2852 ], [ -3.4834, 40.2846 ], [ -3.484, 40.2844 ], [ -3.4823, 40.2844 ], [ -3.4793, 40.284 ], [ -3.4764, 40.2827 ], [ -3.4761, 40.2823 ], [ -3.4757, 40.2805 ], [ -3.4752, 40.28 ], [ -3.4748, 40.2798 ], [ -3.4726, 40.2794 ], [ -3.4726, 40.2793 ], [ -3.4722, 40.2798 ], [ -3.472, 40.2798 ], [ -3.4717, 40.2801 ], [ -3.4715, 40.2801 ], [ -3.4714, 40.2803 ], [ -3.4711, 40.2804 ], [ -3.4712, 40.2805 ], [ -3.4723, 40.2806 ], [ -3.4724, 40.2803 ], [ -3.4726, 40.2801 ], [ -3.4728, 40.2801 ], [ -3.4734, 40.2804 ], [ -3.4737, 40.2813 ], [ -3.4739, 40.2814 ], [ -3.474, 40.282 ], [ -3.4743, 40.2823 ], [ -3.475, 40.2825 ], [ -3.4753, 40.2822 ], [ -3.4753, 40.282 ], [ -3.4755, 40.2819 ], [ -3.4756, 40.2824 ], [ -3.4754, 40.2826 ], [ -3.4754, 40.2828 ], [ -3.4753, 40.2828 ], [ -3.4754, 40.2836 ], [ -3.4757, 40.2838 ], [ -3.4757, 40.2841 ] ] ] } },
{ "type": "Feature", "properties": { "municipio": "Arganda del Rey", "clasificacion": "urbanizable-no-sectorizado", "calificacion": "sin-asignar", "version": "vigente", "fuente": "SIT-CAM WFS — UsoDelSuelo:VPLA_V_CLASIFICACION (https://idem.comunidad.madrid/geosrvg/ows)", "fecha_dato": "2026-05-12", "ambito": "38587", "_raw_CD_SIGLAS": "SUBNS_A", "_raw_DS_CLASIF_GEN": "Suelo No Urbanizable Común (APLAZADO)", "_raw_DS_CLASIF_DET": "Suelo No Urbanizable Reserva Estratégica", "_raw_DS_DOCU": "PLAN GENERAL", "_raw_DS_LEY": "CM Ley 9/1995, E RDL 1/1992, E RD 1346/1976", "_raw_FC_AC": "1999-01-14", "_raw_NM_AREA_M2": 788448.11421241704, "_cam_code": "014" }, "geometry": { "type": "Polygon", "coordinates": [ [ [ -3.45, 40.295 ], [ -3.4499, 40.2952 ], [ -3.4503, 40.2962 ], [ -3.4519, 40.2966 ], [ -3.4526, 40.2973 ], [ -3.4533, 40.2974 ], [ -3.4536, 40.2978 ], [ -3.4551, 40.2981 ], [ -3.4563, 40.2986 ], [ -3.4568, 40.2985 ], [ -3.4571, 40.2982 ], [ -3.457, 40.2975 ], [ -3.4572, 40.2971 ], [ -3.4576, 40.2969 ], [ -3.4576, 40.2968 ], [ -3.4579, 40.2968 ], [ -3.4578, 40.2967 ], [ -3.4579, 40.2967 ], [ -3.4577, 40.2956 ], [ -3.4576, 40.2956 ], [ -3.4569, 40.2911 ], [ -3.4563, 40.2899 ], [ -3.4546, 40.2874 ], [ -3.4528, 40.2877 ], [ -3.4517, 40.2877 ], [ -3.4513, 40.2875 ], [ -3.4504, 40.2875 ], [ -3.4501, 40.2874 ], [ -3.4499, 40.2871 ], [ -3.4494, 40.2876 ], [ -3.4488, 40.2878 ], [ -3.4468, 40.2879 ], [ -3.4466, 40.2881 ], [ -3.4464, 40.289 ], [ -3.4467, 40.2894 ], [ -3.4467, 40.2899 ], [ -3.4466, 40.2899 ], [ -3.4464, 40.2905 ], [ -3.4463, 40.2905 ], [ -3.4461, 40.2911 ], [ -3.4457, 40.2914 ], [ -3.4457, 40.2915 ], [ -3.4461, 40.2914 ], [ -3.446, 40.292 ], [ -3.4463, 40.2924 ], [ -3.4467, 40.2922 ], [ -3.4468, 40.2923 ], [ -3.4472, 40.2922 ], [ -3.4487, 40.293 ], [ -3.4495, 40.2932 ], [ -3.4496, 40.2937 ], [ -3.4498, 40.2938 ], [ -3.4498, 40.294 ], [ -3.4501, 40.2938 ], [ -3.4503, 40.2932 ], [ -3.4508, 40.293 ], [ -3.4511, 40.2935 ], [ -3.4513, 40.2934 ], [ -3.4515, 40.2935 ], [ -3.4515, 40.2938 ], [ -3.452, 40.2938 ], [ -3.4528, 40.2942 ], [ -3.4529, 40.2945 ], [ -3.453, 40.2945 ], [ -3.453, 40.2947 ], [ -3.4527, 40.2945 ], [ -3.4517, 40.2945 ], [ -3.4516, 40.2944 ], [ -3.4497, 40.2945 ], [ -3.45, 40.295 ] ] ] } },
{ "type": "Feature", "properties": { "municipio": "Arganda del Rey", "clasificacion": "urbanizable-no-sectorizado", "calificacion": "sin-asignar", "version": "vigente", "fuente": "SIT-CAM WFS — UsoDelSuelo:VPLA_V_CLASIFICACION (https://idem.comunidad.madrid/geosrvg/ows)", "fecha_dato": "2026-05-12", "ambito": "38587", "_raw_CD_SIGLAS": "SUBNS_A", "_raw_DS_CLASIF_GEN": "Suelo No Urbanizable Común (APLAZADO)", "_raw_DS_CLASIF_DET": "Suelo No Urbanizable Común Aplazado", "_raw_DS_DOCU": "PLAN GENERAL", "_raw_DS_LEY": "CM Ley 9/1995, E RDL 1/1992, E RD 1346/1976", "_raw_FC_AC": "1999-01-14", "_raw_NM_AREA_M2": 270989.86363747902, "_cam_code": "014" }, "geometry": { "type": "Polygon", "coordinates": [ [ [ -3.4485, 40.3314 ], [ -3.4483, 40.3318 ], [ -3.4483, 40.3323 ], [ -3.448, 40.3326 ], [ -3.4476, 40.3335 ], [ -3.4471, 40.3339 ], [ -3.447, 40.3342 ], [ -3.447, 40.3345 ], [ -3.4472, 40.3346 ], [ -3.4472, 40.335 ], [ -3.4473, 40.335 ], [ -3.4474, 40.3354 ], [ -3.4474, 40.336 ], [ -3.4472, 40.3361 ], [ -3.4468, 40.3369 ], [ -3.4461, 40.3376 ], [ -3.4455, 40.3378 ], [ -3.4468, 40.3383 ], [ -3.4472, 40.3383 ], [ -3.4481, 40.3386 ], [ -3.4492, 40.3398 ], [ -3.4513, 40.3413 ], [ -3.4527, 40.3404 ], [ -3.4527, 40.3391 ], [ -3.4518, 40.3379 ], [ -3.4515, 40.3377 ], [ -3.451, 40.3369 ], [ -3.4505, 40.3357 ], [ -3.4504, 40.3351 ], [ -3.4498, 40.3341 ], [ -3.4498, 40.3339 ], [ -3.4496, 40.3338 ], [ -3.449, 40.3329 ], [ -3.4485, 40.3314 ] ] ] } },
{ "type": "Feature", "properties": { "municipio": "Arganda del Rey", "clasificacion": "urbanizable-no-sectorizado", "calificacion": "sin-asignar", "version": "vigente", "fuente": "SIT-CAM WFS — UsoDelSuelo:VPLA_V_CLASIFICACION (https://idem.comunidad.madrid/geosrvg/ows)", "fecha_dato": "2026-05-12", "ambito": "38587", "_raw_CD_SIGLAS": "SUBNS_A", "_raw_DS_CLASIF_GEN": "Suelo No Urbanizable Común (APLAZADO)", "_raw_DS_CLASIF_DET": "Suelo No Urbanizable Reserva Estratégica", "_raw_DS_DOCU": "PLAN GENERAL", "_raw_DS_LEY": "CM Ley 9/1995, E RDL 1/1992, E RD 1346/1976", "_raw_FC_AC": "1999-01-14", "_raw_NM_AREA_M2": 418568.419662275, "_cam_code": "014" }, "geometry": { "type": "Polygon", "coordinates": [ [ [ -3.4105, 40.3018 ], [ -3.4113, 40.3019 ], [ -3.4113, 40.302 ], [ -3.4119, 40.3021 ], [ -3.4119, 40.3022 ], [ -3.4127, 40.3022 ], [ -3.4127, 40.3023 ], [ -3.4137, 40.3026 ], [ -3.4151, 40.3028 ], [ -3.4161, 40.3037 ], [ -3.4168, 40.304 ], [ -3.4171, 40.3043 ], [ -3.4176, 40.3044 ], [ -3.4181, 40.3048 ], [ -3.4181, 40.305 ], [ -3.4188, 40.3057 ], [ -3.4197, 40.306 ], [ -3.4215, 40.3069 ], [ -3.4213, 40.3066 ], [ -3.4214, 40.3062 ], [ -3.4216, 40.306 ], [ -3.4221, 40.3047 ], [ -3.4226, 40.3039 ], [ -3.4228, 40.3037 ], [ -3.4236, 40.3034 ], [ -3.4243, 40.3028 ], [ -3.4251, 40.3025 ], [ -3.4255, 40.3025 ], [ -3.4259, 40.302 ], [ -3.4258, 40.3017 ], [ -3.4252, 40.3017 ], [ -3.4248, 40.3015 ], [ -3.4238, 40.3014 ], [ -3.4233, 40.3008 ], [ -3.4233, 40.3006 ], [ -3.4227, 40.3004 ], [ -3.4227, 40.3003 ], [ -3.4212, 40.3002 ], [ -3.4205, 40.2999 ], [ -3.4203, 40.2999 ], [ -3.4196, 40.3009 ], [ -3.4182, 40.301 ], [ -3.4178, 40.3006 ], [ -3.4168, 40.3006 ], [ -3.4158, 40.3002 ], [ -3.4151, 40.3003 ], [ -3.4147, 40.3001 ], [ -3.4146, 40.3002 ], [ -3.4147, 40.3007 ], [ -3.4142, 40.3011 ], [ -3.4134, 40.3012 ], [ -3.4124, 40.3016 ], [ -3.4105, 40.3018 ] ] ] } },
{ "type": "Feature", "properties": { "municipio": "Arganda del Rey", "clasificacion": "urbanizable-no-sectorizado", "calificacion": "sin-asignar", "version": "vigente", "fuente": "SIT-CAM WFS — UsoDelSuelo:VPLA_V_CLASIFICACION (https://idem.comunidad.madrid/geosrvg/ows)", "fecha_dato": "2026-05-12", "ambito": "38587", "_raw_CD_SIGLAS": "SUBNS_A", "_raw_DS_CLASIF_GEN": "Suelo No Urbanizable Común (APLAZADO)", "_raw_DS_CLASIF_DET": "Suelo No Urbanizable Común Aplazado", "_raw_DS_DOCU": "PLAN GENERAL", "_raw_DS_LEY": "CM Ley 9/1995, E RDL 1/1992, E RD 1346/1976", "_raw_FC_AC": "1999-01-14", "_raw_NM_AREA_M2": 137028.21352515501, "_cam_code": "014" }, "geometry": { "type": "Polygon", "coordinates": [ [ [ -3.4207, 40.2601 ], [ -3.4225, 40.26 ], [ -3.4223, 40.2592 ], [ -3.4223, 40.2579 ], [ -3.4215, 40.2576 ], [ -3.4215, 40.2575 ], [ -3.4212, 40.2575 ], [ -3.4209, 40.2572 ], [ -3.4191, 40.2572 ], [ -3.4187, 40.2569 ], [ -3.4176, 40.257 ], [ -3.4174, 40.2582 ], [ -3.4167, 40.2593 ], [ -3.4166, 40.2597 ], [ -3.4162, 40.26 ], [ -3.4207, 40.26 ], [ -3.4207, 40.2601 ] ] ] } },
{ "type": "Feature", "properties": { "municipio": "Arganda del Rey", "clasificacion": "urbanizable-no-sectorizado", "calificacion": "sin-asignar", "version": "vigente", "fuente": "SIT-CAM WFS — UsoDelSuelo:VPLA_V_CLASIFICACION (https://idem.comunidad.madrid/geosrvg/ows)", "fecha_dato": "2026-05-12", "ambito": "38587", "_raw_CD_SIGLAS": "SUBNS_A", "_raw_DS_CLASIF_GEN": "Suelo No Urbanizable Común (APLAZADO)", "_raw_DS_CLASIF_DET": "Suelo No Urbanizable Común Aplazado", "_raw_DS_DOCU": "PLAN GENERAL", "_raw_DS_LEY": "CM Ley 9/1995, E RDL 1/1992, E RD 1346/1976", "_raw_FC_AC": "1999-01-14", "_raw_NM_AREA_M2": 288384.75631234603, "_cam_code": "014" }, "geometry": { "type": "Polygon", "coordinates": [ [ [ -3.4202, 40.2639 ], [ -3.421, 40.2641 ], [ -3.4228, 40.266 ], [ -3.4247, 40.2664 ], [ -3.425, 40.2658 ], [ -3.425, 40.2655 ], [ -3.4249, 40.2655 ], [ -3.4251, 40.265 ], [ -3.425, 40.2639 ], [ -3.4251, 40.2639 ], [ -3.4251, 40.2634 ], [ -3.4253, 40.263 ], [ -3.4252, 40.2629 ], [ -3.4254, 40.2628 ], [ -3.4254, 40.2625 ], [ -3.4252, 40.2624 ], [ -3.4252, 40.262 ], [ -3.4248, 40.2615 ], [ -3.4245, 40.2614 ], [ -3.4227, 40.2601 ], [ -3.4226, 40.2602 ], [ -3.4217, 40.2601 ], [ -3.4215, 40.2603 ], [ -3.4164, 40.2601 ], [ -3.4168, 40.2605 ], [ -3.4171, 40.2606 ], [ -3.4175, 40.2611 ], [ -3.4179, 40.2612 ], [ -3.4182, 40.2615 ], [ -3.4182, 40.2617 ], [ -3.4186, 40.2624 ], [ -3.4189, 40.2626 ], [ -3.4194, 40.2634 ], [ -3.42, 40.2636 ], [ -3.4202, 40.2639 ] ] ] } },
{ "type": "Feature", "properties": { "municipio": "Arganda del Rey", "clasificacion": "urbanizable-no-sectorizado", "calificacion": "sin-asignar", "version": "vigente", "fuente": "SIT-CAM WFS — UsoDelSuelo:VPLA_V_CLASIFICACION (https://idem.comunidad.madrid/geosrvg/ows)", "fecha_dato": "2026-05-12", "ambito": "38587", "_raw_CD_SIGLAS": "SUBNS_A", "_raw_DS_CLASIF_GEN": "Suelo No Urbanizable Común (APLAZADO)", "_raw_DS_CLASIF_DET": "Suelo No Urbanizable Común Aplazado", "_raw_DS_DOCU": "PLAN GENERAL", "_raw_DS_LEY": "CM Ley 9/1995, E RDL 1/1992, E RD 1346/1976", "_raw_FC_AC": "1999-01-14", "_raw_NM_AREA_M2": 224877.229975055, "_cam_code": "014" }, "geometry": { "type": "Polygon", "coordinates": [ [ [ -3.4146, 40.2636 ], [ -3.4176, 40.2651 ], [ -3.4196, 40.2657 ], [ -3.4214, 40.266 ], [ -3.4222, 40.266 ], [ -3.4224, 40.2661 ], [ -3.4226, 40.2661 ], [ -3.4228, 40.2661 ], [ -3.423, 40.2661 ], [ -3.4228, 40.2661 ], [ -3.4219, 40.2653 ], [ -3.4211, 40.2643 ], [ -3.4206, 40.264 ], [ -3.4202, 40.264 ], [ -3.4199, 40.2637 ], [ -3.4192, 40.2634 ], [ -3.4189, 40.263 ], [ -3.4188, 40.2626 ], [ -3.4183, 40.2621 ], [ -3.418, 40.2614 ], [ -3.4173, 40.2611 ], [ -3.4171, 40.2607 ], [ -3.4168, 40.2606 ], [ -3.4162, 40.2601 ], [ -3.416, 40.2602 ], [ -3.416, 40.2604 ], [ -3.4151, 40.2606 ], [ -3.4141, 40.2612 ], [ -3.4134, 40.262 ], [ -3.4134, 40.2623 ], [ -3.4133, 40.2623 ], [ -3.4134, 40.2632 ], [ -3.4146, 40.2636 ] ] ] } },
{ "type": "Feature", "properties": { "municipio": "Arganda del Rey", "clasificacion": "urbanizable-no-sectorizado", "calificacion": "sin-asignar", "version": "vigente", "fuente": "SIT-CAM WFS — UsoDelSuelo:VPLA_V_CLASIFICACION (https://idem.comunidad.madrid/geosrvg/ows)", "fecha_dato": "2026-05-12", "ambito": "38587", "_raw_CD_SIGLAS": "SUBNS_A", "_raw_DS_CLASIF_GEN": "Suelo No Urbanizable Común (APLAZADO)", "_raw_DS_CLASIF_DET": "Suelo No Urbanizable Común Aplazado", "_raw_DS_DOCU": "PLAN GENERAL", "_raw_DS_LEY": "CM Ley 9/1995, E RDL 1/1992, E RD 1346/1976", "_raw_FC_AC": "1999-01-14", "_raw_NM_AREA_M2": 597693.21160017198, "_cam_code": "014" }, "geometry": { "type": "Polygon", "coordinates": [ [ [ -3.39, 40.2645 ], [ -3.3916, 40.2656 ], [ -3.393, 40.2662 ], [ -3.394, 40.2662 ], [ -3.3952, 40.2657 ], [ -3.3941, 40.2651 ], [ -3.394, 40.2653 ], [ -3.3936, 40.265 ], [ -3.3935, 40.2651 ], [ -3.3929, 40.265 ], [ -3.3928, 40.2645 ], [ -3.3924, 40.2643 ], [ -3.3926, 40.2642 ], [ -3.3907, 40.2631 ], [ -3.3904, 40.2628 ], [ -3.3886, 40.2618 ], [ -3.3884, 40.2619 ], [ -3.3881, 40.2617 ], [ -3.3873, 40.2616 ], [ -3.3872, 40.2611 ], [ -3.3869, 40.2609 ], [ -3.387, 40.2608 ], [ -3.3868, 40.2606 ], [ -3.387, 40.2604 ], [ -3.3869, 40.2604 ], [ -3.387, 40.2604 ], [ -3.3871, 40.2599 ], [ -3.3884, 40.2572 ], [ -3.3903, 40.2527 ], [ -3.3921, 40.2493 ], [ -3.39, 40.2499 ], [ -3.3885, 40.2501 ], [ -3.3853, 40.2544 ], [ -3.3811, 40.2574 ], [ -3.3805, 40.258 ], [ -3.3813, 40.2583 ], [ -3.3825, 40.259 ], [ -3.3891, 40.2637 ], [ -3.39, 40.2645 ] ] ] } },
{ "type": "Feature", "properties": { "municipio": "Arganda del Rey", "clasificacion": "urbanizable-no-sectorizado", "calificacion": "sin-asignar", "version": "vigente", "fuente": "SIT-CAM WFS — UsoDelSuelo:VPLA_V_CLASIFICACION (https://idem.comunidad.madrid/geosrvg/ows)", "fecha_dato": "2026-05-12", "ambito": "38587", "_raw_CD_SIGLAS": "SUBNS_A", "_raw_DS_CLASIF_GEN": "Suelo No Urbanizable Común (APLAZADO)", "_raw_DS_CLASIF_DET": "Suelo No Urbanizable Reserva Estratégica", "_raw_DS_DOCU": "PLAN GENERAL", "_raw_DS_LEY": "CM Ley 9/1995, E RDL 1/1992, E RD 1346/1976", "_raw_FC_AC": "1999-01-14", "_raw_NM_AREA_M2": 22233.0208251066, "_cam_code": "014" }, "geometry": { "type": "Polygon", "coordinates": [ [ [ -3.4536, 40.276 ], [ -3.4545, 40.2782 ], [ -3.4552, 40.2778 ], [ -3.4569, 40.2777 ], [ -3.4561, 40.2774 ], [ -3.454, 40.2762 ], [ -3.454, 40.2761 ], [ -3.4536, 40.276 ] ] ] } },
{ "type": "Feature", "properties": { "municipio": "Arganda del Rey", "clasificacion": "urbanizable-no-sectorizado", "calificacion": "sin-asignar", "version": "vigente", "fuente": "SIT-CAM WFS — UsoDelSuelo:VPLA_V_CLASIFICACION (https://idem.comunidad.madrid/geosrvg/ows)", "fecha_dato": "2026-05-12", "ambito": "38587", "_raw_CD_SIGLAS": "SUBNS_A", "_raw_DS_CLASIF_GEN": "Suelo No Urbanizable Común (APLAZADO)", "_raw_DS_CLASIF_DET": "Suelo No Urbanizable Común Aplazado", "_raw_DS_DOCU": "PLAN GENERAL", "_raw_DS_LEY": "CM Ley 9/1995, E RDL 1/1992, E RD 1346/1976", "_raw_FC_AC": "1999-01-14", "_raw_NM_AREA_M2": 397463.49266248097, "_cam_code": "014" }, "geometry": { "type": "Polygon", "coordinates": [ [ [ -3.3984, 40.2748 ], [ -3.3983, 40.2751 ], [ -3.3984, 40.2755 ], [ -3.3988, 40.2758 ], [ -3.3989, 40.2761 ], [ -3.3984, 40.277 ], [ -3.3975, 40.2771 ], [ -3.3972, 40.2776 ], [ -3.397, 40.2777 ], [ -3.397, 40.278 ], [ -3.3971, 40.278 ], [ -3.3972, 40.2785 ], [ -3.3973, 40.2785 ], [ -3.3973, 40.2789 ], [ -3.3974, 40.2789 ], [ -3.3972, 40.2795 ], [ -3.3978, 40.2803 ], [ -3.398, 40.2808 ], [ -3.3985, 40.2812 ], [ -3.3986, 40.2815 ], [ -3.399, 40.2819 ], [ -3.3995, 40.2821 ], [ -3.4009, 40.2833 ], [ -3.4017, 40.2845 ], [ -3.4021, 40.2846 ], [ -3.4021, 40.2847 ], [ -3.4025, 40.2849 ], [ -3.4025, 40.2843 ], [ -3.4026, 40.2843 ], [ -3.4027, 40.2836 ], [ -3.403, 40.2832 ], [ -3.4032, 40.2825 ], [ -3.4038, 40.2817 ], [ -3.4036, 40.2812 ], [ -3.4033, 40.2809 ], [ -3.4034, 40.2805 ], [ -3.4035, 40.2805 ], [ -3.4035, 40.28 ], [ -3.4025, 40.2792 ], [ -3.4027, 40.2782 ], [ -3.4032, 40.2779 ], [ -3.4032, 40.2777 ], [ -3.4028, 40.2772 ], [ -3.4019, 40.2771 ], [ -3.4017, 40.2766 ], [ -3.4018, 40.2754 ], [ -3.4023, 40.2747 ], [ -3.4006, 40.2741 ], [ -3.4004, 40.2739 ], [ -3.4001, 40.2739 ], [ -3.3995, 40.274 ], [ -3.3991, 40.2744 ], [ -3.3984, 40.2748 ] ] ] } },
{ "type": "Feature", "properties": { "municipio": "Arganda del Rey", "clasificacion": "urbanizable-no-sectorizado", "calificacion": "sin-asignar", "version": "vigente", "fuente": "SIT-CAM WFS — UsoDelSuelo:VPLA_V_CLASIFICACION (https://idem.comunidad.madrid/geosrvg/ows)", "fecha_dato": "2026-05-12", "ambito": "38587", "_raw_CD_SIGLAS": "SUBNS_A", "_raw_DS_CLASIF_GEN": "Suelo No Urbanizable Común (APLAZADO)", "_raw_DS_CLASIF_DET": "Suelo No Urbanizable Reserva Estratégica", "_raw_DS_DOCU": "PLAN GENERAL", "_raw_DS_LEY": "CM Ley 9/1995, E RDL 1/1992, E RD 1346/1976", "_raw_FC_AC": "1999-01-14", "_raw_NM_AREA_M2": 21266.431212404899, "_cam_code": "014" }, "geometry": { "type": "Polygon", "coordinates": [ [ [ -3.4498, 40.2763 ], [ -3.4493, 40.2772 ], [ -3.4493, 40.2777 ], [ -3.4497, 40.2781 ], [ -3.4502, 40.2793 ], [ -3.4504, 40.2813 ], [ -3.4506, 40.2818 ], [ -3.4525, 40.2842 ], [ -3.4508, 40.2816 ], [ -3.4498, 40.2763 ] ] ] } },
{ "type": "Feature", "properties": { "municipio": "Arganda del Rey", "clasificacion": "urbanizable-no-sectorizado", "calificacion": "sin-asignar", "version": "vigente", "fuente": "SIT-CAM WFS — UsoDelSuelo:VPLA_V_CLASIFICACION (https://idem.comunidad.madrid/geosrvg/ows)", "fecha_dato": "2026-05-12", "ambito": "38587", "_raw_CD_SIGLAS": "SUBNS_A", "_raw_DS_CLASIF_GEN": "Suelo No Urbanizable Común (APLAZADO)", "_raw_DS_CLASIF_DET": "Suelo No Urbanizable Común Aplazado", "_raw_DS_DOCU": "PLAN GENERAL", "_raw_DS_LEY": "CM Ley 9/1995, E RDL 1/1992, E RD 1346/1976", "_raw_FC_AC": "1999-01-14", "_raw_NM_AREA_M2": 1567777.50122475, "_cam_code": "014" }, "geometry": { "type": "Polygon", "coordinates": [ [ [ -3.3938, 40.2843 ], [ -3.3943, 40.2845 ], [ -3.3975, 40.2843 ], [ -3.4012, 40.2843 ], [ -3.4015, 40.2844 ], [ -3.4009, 40.2835 ], [ -3.399, 40.2819 ], [ -3.3988, 40.2819 ], [ -3.3984, 40.2815 ], [ -3.3948, 40.2796 ], [ -3.3934, 40.2792 ], [ -3.3919, 40.2779 ], [ -3.3916, 40.2775 ], [ -3.3908, 40.2773 ], [ -3.3905, 40.277 ], [ -3.3884, 40.2758 ], [ -3.3881, 40.2754 ], [ -3.3879, 40.2754 ], [ -3.3878, 40.2752 ], [ -3.3863, 40.2744 ], [ -3.3858, 40.2736 ], [ -3.3854, 40.2735 ], [ -3.3854, 40.2734 ], [ -3.3846, 40.2733 ], [ -3.3846, 40.2732 ], [ -3.3842, 40.2731 ], [ -3.3836, 40.2731 ], [ -3.3824, 40.2735 ], [ -3.3824, 40.2734 ], [ -3.3809, 40.2725 ], [ -3.3784, 40.2748 ], [ -3.3779, 40.2748 ], [ -3.3774, 40.2744 ], [ -3.3762, 40.2732 ], [ -3.3766, 40.2725 ], [ -3.3765, 40.2717 ], [ -3.3772, 40.2704 ], [ -3.3779, 40.2698 ], [ -3.3798, 40.27 ], [ -3.3801, 40.2695 ], [ -3.3801, 40.2688 ], [ -3.38, 40.2684 ], [ -3.3799, 40.2684 ], [ -3.3799, 40.268 ], [ -3.3798, 40.268 ], [ -3.3798, 40.2674 ], [ -3.3797, 40.2674 ], [ -3.3797, 40.2671 ], [ -3.3793, 40.266 ], [ -3.3794, 40.2659 ], [ -3.3793, 40.2654 ], [ -3.3779, 40.2634 ], [ -3.3778, 40.2628 ], [ -3.3777, 40.2628 ], [ -3.3777, 40.2623 ], [ -3.3776, 40.2623 ], [ -3.3776, 40.2617 ], [ -3.3759, 40.2625 ], [ -3.3738, 40.2707 ], [ -3.3776, 40.2747 ], [ -3.3843, 40.2809 ], [ -3.3818, 40.2832 ], [ -3.3902, 40.2836 ], [ -3.3931, 40.284 ], [ -3.3931, 40.2841 ], [ -3.3935, 40.2841 ], [ -3.3935, 40.2842 ], [ -3.3938, 40.2842 ], [ -3.3938, 40.2843 ] ] ] } },
{ "type": "Feature", "properties": { "municipio": "Arganda del Rey", "clasificacion": "urbanizable-no-sectorizado", "calificacion": "sin-asignar", "version": "vigente", "fuente": "SIT-CAM WFS — UsoDelSuelo:VPLA_V_CLASIFICACION (https://idem.comunidad.madrid/geosrvg/ows)", "fecha_dato": "2026-05-12", "ambito": "38587", "_raw_CD_SIGLAS": "SUBNS_A", "_raw_DS_CLASIF_GEN": "Suelo No Urbanizable Común (APLAZADO)", "_raw_DS_CLASIF_DET": "Suelo No Urbanizable Reserva Estratégica", "_raw_DS_DOCU": "PLAN GENERAL", "_raw_DS_LEY": "CM Ley 9/1995, E RDL 1/1992, E RD 1346/1976", "_raw_FC_AC": "1999-01-14", "_raw_NM_AREA_M2": 134930.35184996101, "_cam_code": "014" }, "geometry": { "type": "Polygon", "coordinates": [ [ [ -3.4696, 40.2786 ], [ -3.4687, 40.2791 ], [ -3.4666, 40.2812 ], [ -3.4663, 40.2826 ], [ -3.4655, 40.2839 ], [ -3.4667, 40.2837 ], [ -3.4678, 40.2827 ], [ -3.4694, 40.2821 ], [ -3.4696, 40.2817 ], [ -3.4699, 40.2815 ], [ -3.47, 40.2811 ], [ -3.4707, 40.2804 ], [ -3.4712, 40.2803 ], [ -3.4716, 40.2799 ], [ -3.472, 40.2798 ], [ -3.472, 40.2797 ], [ -3.4724, 40.2795 ], [ -3.4725, 40.2793 ], [ -3.4712, 40.2788 ], [ -3.4712, 40.2787 ], [ -3.4696, 40.2786 ] ] ] } },
{ "type": "Feature", "properties": { "municipio": "Arganda del Rey", "clasificacion": "urbanizable-no-sectorizado", "calificacion": "sin-asignar", "version": "vigente", "fuente": "SIT-CAM WFS — UsoDelSuelo:VPLA_V_CLASIFICACION (https://idem.comunidad.madrid/geosrvg/ows)", "fecha_dato": "2026-05-12", "ambito": "38587", "_raw_CD_SIGLAS": "SUBNS_A", "_raw_DS_CLASIF_GEN": "Suelo No Urbanizable Común (APLAZADO)", "_raw_DS_CLASIF_DET": "Suelo No Urbanizable Común Aplazado", "_raw_DS_DOCU": "PLAN GENERAL", "_raw_DS_LEY": "CM Ley 9/1995, E RDL 1/1992, E RD 1346/1976", "_raw_FC_AC": "1999-01-14", "_raw_NM_AREA_M2": 20199.4355000129, "_cam_code": "014" }, "geometry": { "type": "Polygon", "coordinates": [ [ [ -3.4828, 40.3219 ], [ -3.4829, 40.322 ], [ -3.483, 40.323 ], [ -3.4833, 40.3233 ], [ -3.4842, 40.3237 ], [ -3.4851, 40.3228 ], [ -3.4836, 40.3222 ], [ -3.4836, 40.3221 ], [ -3.4828, 40.3219 ] ] ] } },
{ "type": "Feature", "properties": { "municipio": "Arganda del Rey", "clasificacion": "urbanizable-no-sectorizado", "calificacion": "sin-asignar", "version": "vigente", "fuente": "SIT-CAM WFS — UsoDelSuelo:VPLA_V_CLASIFICACION (https://idem.comunidad.madrid/geosrvg/ows)", "fecha_dato": "2026-05-12", "ambito": "38587", "_raw_CD_SIGLAS": "SUBNS_A", "_raw_DS_CLASIF_GEN": "Suelo No Urbanizable Común (APLAZADO)", "_raw_DS_CLASIF_DET": "Suelo No Urbanizable Reserva Estratégica", "_raw_DS_DOCU": "PLAN GENERAL", "_raw_DS_LEY": "CM Ley 9/1995, E RDL 1/1992, E RD 1346/1976", "_raw_FC_AC": "1999-01-14", "_raw_NM_AREA_M2": 79182.2623374041, "_cam_code": "014" }, "geometry": { "type": "Polygon", "coordinates": [ [ [ -3.4827, 40.3219 ], [ -3.4831, 40.3236 ], [ -3.4834, 40.3233 ], [ -3.483, 40.323 ], [ -3.4829, 40.322 ], [ -3.4828, 40.3219 ], [ -3.4834, 40.3221 ], [ -3.486, 40.3188 ], [ -3.4862, 40.3187 ], [ -3.4862, 40.3185 ], [ -3.4821, 40.319 ], [ -3.4821, 40.3193 ], [ -3.4819, 40.3193 ], [ -3.4819, 40.3195 ], [ -3.4827, 40.3219 ] ] ] } },
{ "type": "Feature", "properties": { "municipio": "Arganda del Rey", "clasificacion": "urbanizable-no-sectorizado", "calificacion": "sin-asignar", "version": "vigente", "fuente": "SIT-CAM WFS — UsoDelSuelo:VPLA_V_CLASIFICACION (https://idem.comunidad.madrid/geosrvg/ows)", "fecha_dato": "2026-05-12", "ambito": "38587", "_raw_CD_SIGLAS": "SUBNS_A", "_raw_DS_CLASIF_GEN": "Suelo No Urbanizable Común (APLAZADO)", "_raw_DS_CLASIF_DET": "Suelo No Urbanizable Común Aplazado", "_raw_DS_DOCU": "PLAN GENERAL", "_raw_DS_LEY": "CM Ley 9/1995, E RDL 1/1992, E RD 1346/1976", "_raw_FC_AC": "1999-01-14", "_raw_NM_AREA_M2": 140081.34983751399, "_cam_code": "014" }, "geometry": { "type": "Polygon", "coordinates": [ [ [ -3.378, 40.2699 ], [ -3.3773, 40.2704 ], [ -3.3766, 40.2718 ], [ -3.3767, 40.2725 ], [ -3.3764, 40.2733 ], [ -3.3779, 40.2747 ], [ -3.3783, 40.2747 ], [ -3.3807, 40.2726 ], [ -3.3813, 40.2719 ], [ -3.3798, 40.2701 ], [ -3.378, 40.2699 ] ] ] } },
{ "type": "Feature", "properties": { "municipio": "Arganda del Rey", "clasificacion": "urbanizable-no-sectorizado", "calificacion": "sin-asignar", "version": "vigente", "fuente": "SIT-CAM WFS — UsoDelSuelo:VPLA_V_CLASIFICACION (https://idem.comunidad.madrid/geosrvg/ows)", "fecha_dato": "2026-05-12", "ambito": "38587", "_raw_CD_SIGLAS": "SUBNS_A", "_raw_DS_CLASIF_GEN": "Suelo No Urbanizable Común (APLAZADO)", "_raw_DS_CLASIF_DET": "Suelo No Urbanizable Común Aplazado", "_raw_DS_DOCU": "PLAN GENERAL", "_raw_DS_LEY": "CM Ley 9/1995, E RDL 1/1992, E RD 1346/1976", "_raw_FC_AC": "1999-01-14", "_raw_NM_AREA_M2": 490548.186849822, "_cam_code": "014" }, "geometry": { "type": "Polygon", "coordinates": [ [ [ -3.4055, 40.2656 ], [ -3.4027, 40.2674 ], [ -3.4013, 40.268 ], [ -3.4011, 40.2683 ], [ -3.4011, 40.269 ], [ -3.4014, 40.2693 ], [ -3.404, 40.2708 ], [ -3.4062, 40.2723 ], [ -3.408, 40.2744 ], [ -3.408, 40.2741 ], [ -3.4081, 40.2741 ], [ -3.4083, 40.2737 ], [ -3.4089, 40.2717 ], [ -3.409, 40.2717 ], [ -3.409, 40.2715 ], [ -3.4095, 40.2707 ], [ -3.41, 40.2703 ], [ -3.4108, 40.2685 ], [ -3.4113, 40.268 ], [ -3.4114, 40.2676 ], [ -3.4115, 40.2676 ], [ -3.4116, 40.2672 ], [ -3.4118, 40.267 ], [ -3.4118, 40.2663 ], [ -3.4117, 40.2663 ], [ -3.4116, 40.2659 ], [ -3.411, 40.266 ], [ -3.4105, 40.2655 ], [ -3.41, 40.2653 ], [ -3.4093, 40.2647 ], [ -3.4088, 40.2647 ], [ -3.4085, 40.2649 ], [ -3.4079, 40.2663 ], [ -3.4072, 40.2663 ], [ -3.4066, 40.2659 ], [ -3.4066, 40.2657 ], [ -3.4067, 40.2657 ], [ -3.407, 40.2651 ], [ -3.4068, 40.2651 ], [ -3.4055, 40.2656 ] ] ] } },
{ "type": "Feature", "properties": { "municipio": "Arganda del Rey", "clasificacion": "urbanizable-no-sectorizado", "calificacion": "sin-asignar", "version": "vigente", "fuente": "SIT-CAM WFS — UsoDelSuelo:VPLA_V_CLASIFICACION (https://idem.comunidad.madrid/geosrvg/ows)", "fecha_dato": "2026-05-12", "ambito": "38587", "_raw_CD_SIGLAS": "SUBNS_A", "_raw_DS_CLASIF_GEN": "Suelo No Urbanizable Común (APLAZADO)", "_raw_DS_CLASIF_DET": "Suelo No Urbanizable Común Aplazado", "_raw_DS_DOCU": "PLAN GENERAL", "_raw_DS_LEY": "CM Ley 9/1995, E RDL 1/1992, E RD 1346/1976", "_raw_FC_AC": "1999-01-14", "_raw_NM_AREA_M2": 117071.801587585, "_cam_code": "014" }, "geometry": { "type": "Polygon", "coordinates": [ [ [ -3.4092, 40.2821 ], [ -3.4098, 40.2824 ], [ -3.4102, 40.2824 ], [ -3.4102, 40.2823 ], [ -3.4106, 40.2822 ], [ -3.4106, 40.2821 ], [ -3.4112, 40.2821 ], [ -3.4118, 40.2818 ], [ -3.4121, 40.2818 ], [ -3.4121, 40.2803 ], [ -3.4116, 40.2799 ], [ -3.4086, 40.28 ], [ -3.4083, 40.2801 ], [ -3.4084, 40.2808 ], [ -3.4075, 40.2803 ], [ -3.4072, 40.2806 ], [ -3.4069, 40.2814 ], [ -3.4061, 40.2806 ], [ -3.4053, 40.2803 ], [ -3.4039, 40.2819 ], [ -3.4043, 40.2821 ], [ -3.4046, 40.2821 ], [ -3.4046, 40.282 ], [ -3.4053, 40.2816 ], [ -3.4065, 40.2816 ], [ -3.4073, 40.2819 ], [ -3.4092, 40.2821 ] ] ] } },
{ "type": "Feature", "properties": { "municipio": "Arganda del Rey", "clasificacion": "urbanizable-no-sectorizado", "calificacion": "sin-asignar", "version": "vigente", "fuente": "SIT-CAM WFS — UsoDelSuelo:VPLA_V_CLASIFICACION (https://idem.comunidad.madrid/geosrvg/ows)", "fecha_dato": "2026-05-12", "ambito": "38587", "_raw_CD_SIGLAS": "SUBNS_A", "_raw_DS_CLASIF_GEN": "Suelo No Urbanizable Común (APLAZADO)", "_raw_DS_CLASIF_DET": "Suelo No Urbanizable Reserva Estratégica", "_raw_DS_DOCU": "PLAN GENERAL", "_raw_DS_LEY": "CM Ley 9/1995, E RDL 1/1992, E RD 1346/1976", "_raw_FC_AC": "1999-01-14", "_raw_NM_AREA_M2": 103837.468699962, "_cam_code": "014" }, "geometry": { "type": "Polygon", "coordinates": [ [ [ -3.4256, 40.2989 ], [ -3.427, 40.2994 ], [ -3.4285, 40.2995 ], [ -3.4291, 40.2999 ], [ -3.4297, 40.2999 ], [ -3.4303, 40.2995 ], [ -3.4296, 40.2988 ], [ -3.4293, 40.2983 ], [ -3.4288, 40.2981 ], [ -3.4287, 40.2975 ], [ -3.4275, 40.2981 ], [ -3.4267, 40.2988 ], [ -3.4268, 40.299 ], [ -3.4264, 40.2991 ], [ -3.4263, 40.299 ], [ -3.4263, 40.2978 ], [ -3.4266, 40.2976 ], [ -3.4268, 40.2976 ], [ -3.4275, 40.2972 ], [ -3.428, 40.2973 ], [ -3.4279, 40.2971 ], [ -3.4281, 40.297 ], [ -3.4288, 40.2975 ], [ -3.4288, 40.2978 ], [ -3.429, 40.2978 ], [ -3.429, 40.2975 ], [ -3.4285, 40.2968 ], [ -3.4278, 40.2962 ], [ -3.4263, 40.2952 ], [ -3.4263, 40.2951 ], [ -3.4256, 40.295 ], [ -3.4258, 40.2965 ], [ -3.4259, 40.2969 ], [ -3.4261, 40.2971 ], [ -3.4249, 40.2976 ], [ -3.4249, 40.2979 ], [ -3.4252, 40.2981 ], [ -3.425, 40.2989 ], [ -3.4256, 40.2989 ] ] ] } },
{ "type": "Feature", "properties": { "municipio": "Arganda del Rey", "clasificacion": "urbanizable-no-sectorizado", "calificacion": "sin-asignar", "version": "vigente", "fuente": "SIT-CAM WFS — UsoDelSuelo:VPLA_V_CLASIFICACION (https://idem.comunidad.madrid/geosrvg/ows)", "fecha_dato": "2026-05-12", "ambito": "38587", "_raw_CD_SIGLAS": "SUBNS_A", "_raw_DS_CLASIF_GEN": "Suelo No Urbanizable Común (APLAZADO)", "_raw_DS_CLASIF_DET": "Suelo No Urbanizable Común Aplazado", "_raw_DS_DOCU": "PLAN GENERAL", "_raw_DS_LEY": "CM Ley 9/1995, E RDL 1/1992, E RD 1346/1976", "_raw_FC_AC": "1999-01-14", "_raw_NM_AREA_M2": 28944.910924991898, "_cam_code": "014" }, "geometry": { "type": "Polygon", "coordinates": [ [ [ -3.4193, 40.2805 ], [ -3.4178, 40.2808 ], [ -3.4178, 40.2809 ], [ -3.4168, 40.281 ], [ -3.4168, 40.2812 ], [ -3.418, 40.2816 ], [ -3.4197, 40.2819 ], [ -3.4196, 40.2817 ], [ -3.4202, 40.2813 ], [ -3.4206, 40.2803 ], [ -3.4199, 40.2806 ], [ -3.4193, 40.2805 ] ] ] } },
{ "type": "Feature", "properties": { "municipio": "Arganda del Rey", "clasificacion": "urbanizable-no-sectorizado", "calificacion": "sin-asignar", "version": "vigente", "fuente": "SIT-CAM WFS — UsoDelSuelo:VPLA_V_CLASIFICACION (https://idem.comunidad.madrid/geosrvg/ows)", "fecha_dato": "2026-05-12", "ambito": "38587", "_raw_CD_SIGLAS": "SUBNS_A", "_raw_DS_CLASIF_GEN": "Suelo No Urbanizable Común (APLAZADO)", "_raw_DS_CLASIF_DET": "Suelo No Urbanizable Común Aplazado", "_raw_DS_DOCU": "PLAN GENERAL", "_raw_DS_LEY": "CM Ley 9/1995, E RDL 1/1992, E RD 1346/1976", "_raw_FC_AC": "1999-01-14", "_raw_NM_AREA_M2": 5868.9291749718896, "_cam_code": "014" }, "geometry": { "type": "Polygon", "coordinates": [ [ [ -3.4124, 40.2818 ], [ -3.4134, 40.2819 ], [ -3.4123, 40.2806 ], [ -3.4124, 40.2818 ] ] ] } },
{ "type": "Feature", "properties": { "municipio": "Arganda del Rey", "clasificacion": "urbanizable-no-sectorizado", "calificacion": "sin-asignar", "version": "vigente", "fuente": "SIT-CAM WFS — UsoDelSuelo:VPLA_V_CLASIFICACION (https://idem.comunidad.madrid/geosrvg/ows)", "fecha_dato": "2026-05-12", "ambito": "38587", "_raw_CD_SIGLAS": "SUBNS_A", "_raw_DS_CLASIF_GEN": "Suelo No Urbanizable Común (APLAZADO)", "_raw_DS_CLASIF_DET": "Suelo No Urbanizable Común Aplazado", "_raw_DS_DOCU": "PLAN GENERAL", "_raw_DS_LEY": "CM Ley 9/1995, E RDL 1/1992, E RD 1346/1976", "_raw_FC_AC": "1999-01-14", "_raw_NM_AREA_M2": 375205.386249987, "_cam_code": "014" }, "geometry": { "type": "Polygon", "coordinates": [ [ [ -3.4099, 40.2706 ], [ -3.4092, 40.2716 ], [ -3.4086, 40.2736 ], [ -3.4085, 40.2736 ], [ -3.4083, 40.2742 ], [ -3.4082, 40.2742 ], [ -3.4081, 40.2746 ], [ -3.4082, 40.2748 ], [ -3.4139, 40.2815 ], [ -3.4141, 40.2816 ], [ -3.4146, 40.2815 ], [ -3.4148, 40.2812 ], [ -3.416, 40.2809 ], [ -3.4168, 40.2809 ], [ -3.4168, 40.2807 ], [ -3.4164, 40.2802 ], [ -3.4164, 40.2799 ], [ -3.416, 40.2791 ], [ -3.4158, 40.2789 ], [ -3.4153, 40.2788 ], [ -3.4152, 40.2784 ], [ -3.4149, 40.2781 ], [ -3.4149, 40.2774 ], [ -3.4146, 40.277 ], [ -3.4146, 40.2768 ], [ -3.4141, 40.2763 ], [ -3.414, 40.2757 ], [ -3.4132, 40.2748 ], [ -3.4128, 40.2741 ], [ -3.4127, 40.2741 ], [ -3.4127, 40.2739 ], [ -3.4124, 40.2736 ], [ -3.4123, 40.2725 ], [ -3.4121, 40.2725 ], [ -3.4119, 40.2722 ], [ -3.4113, 40.2719 ], [ -3.4101, 40.2706 ], [ -3.4099, 40.2706 ] ] ] } },
{ "type": "Feature", "properties": { "municipio": "Arganda del Rey", "clasificacion": "urbanizable-no-sectorizado", "calificacion": "sin-asignar", "version": "vigente", "fuente": "SIT-CAM WFS — UsoDelSuelo:VPLA_V_CLASIFICACION (https://idem.comunidad.madrid/geosrvg/ows)", "fecha_dato": "2026-05-12", "ambito": "38587", "_raw_CD_SIGLAS": "SUBNS_A", "_raw_DS_CLASIF_GEN": "Suelo No Urbanizable Común (APLAZADO)", "_raw_DS_CLASIF_DET": "Suelo No Urbanizable Común Aplazado", "_raw_DS_DOCU": "PLAN GENERAL", "_raw_DS_LEY": "CM Ley 9/1995, E RDL 1/1992, E RD 1346/1976", "_raw_FC_AC": "1999-01-14", "_raw_NM_AREA_M2": 894639.12415002496, "_cam_code": "014" }, "geometry": { "type": "Polygon", "coordinates": [ [ [ -3.4234, 40.2767 ], [ -3.4241, 40.2769 ], [ -3.4245, 40.2768 ], [ -3.4245, 40.2767 ], [ -3.4247, 40.2767 ], [ -3.4247, 40.2768 ], [ -3.4249, 40.2767 ], [ -3.425, 40.2768 ], [ -3.426, 40.2768 ], [ -3.426, 40.2767 ], [ -3.4263, 40.2766 ], [ -3.426, 40.2765 ], [ -3.426, 40.2764 ], [ -3.4254, 40.2763 ], [ -3.4249, 40.2759 ], [ -3.4249, 40.2756 ], [ -3.4246, 40.2754 ], [ -3.4245, 40.2749 ], [ -3.4243, 40.2748 ], [ -3.4243, 40.2743 ], [ -3.424, 40.2733 ], [ -3.4233, 40.2727 ], [ -3.423, 40.2716 ], [ -3.4229, 40.2716 ], [ -3.423, 40.2712 ], [ -3.4234, 40.271 ], [ -3.4233, 40.2712 ], [ -3.4231, 40.2712 ], [ -3.423, 40.2715 ], [ -3.4233, 40.2722 ], [ -3.4233, 40.2725 ], [ -3.4241, 40.2733 ], [ -3.4243, 40.2742 ], [ -3.4245, 40.2744 ], [ -3.4244, 40.2747 ], [ -3.4247, 40.275 ], [ -3.4247, 40.2753 ], [ -3.425, 40.2755 ], [ -3.4251, 40.276 ], [ -3.4256, 40.2762 ], [ -3.4256, 40.2763 ], [ -3.4261, 40.2764 ], [ -3.4259, 40.2756 ], [ -3.4255, 40.2757 ], [ -3.4256, 40.2753 ], [ -3.4257, 40.2753 ], [ -3.4258, 40.2746 ], [ -3.4259, 40.2746 ], [ -3.4261, 40.274 ], [ -3.4264, 40.2723 ], [ -3.4259, 40.2719 ], [ -3.4258, 40.2716 ], [ -3.4259, 40.2716 ], [ -3.426, 40.2711 ], [ -3.4256, 40.2705 ], [ -3.4254, 40.2704 ], [ -3.4254, 40.27 ], [ -3.4241, 40.2691 ], [ -3.4242, 40.2684 ], [ -3.4223, 40.2681 ], [ -3.4205, 40.268 ], [ -3.418, 40.2675 ], [ -3.4165, 40.267 ], [ -3.4132, 40.2654 ], [ -3.4122, 40.2651 ], [ -3.4119, 40.2655 ], [ -3.412, 40.2664 ], [ -3.4121, 40.2664 ], [ -3.412, 40.2668 ], [ -3.4125, 40.2672 ], [ -3.4138, 40.2673 ], [ -3.4146, 40.2685 ], [ -3.4148, 40.2686 ], [ -3.4148, 40.2688 ], [ -3.4149, 40.2688 ], [ -3.4148, 40.2693 ], [ -3.414, 40.2699 ], [ -3.414, 40.2703 ], [ -3.4142, 40.2704 ], [ -3.4144, 40.2709 ], [ -3.4143, 40.2716 ], [ -3.4147, 40.2726 ], [ -3.4153, 40.2732 ], [ -3.4156, 40.2732 ], [ -3.416, 40.2735 ], [ -3.4162, 40.274 ], [ -3.4163, 40.274 ], [ -3.4164, 40.2745 ], [ -3.4169, 40.2748 ], [ -3.4172, 40.2755 ], [ -3.4174, 40.2757 ], [ -3.4176, 40.2757 ], [ -3.4177, 40.2759 ], [ -3.4179, 40.2759 ], [ -3.4185, 40.2765 ], [ -3.4193, 40.2764 ], [ -3.4193, 40.2763 ], [ -3.4196, 40.2762 ], [ -3.4207, 40.2762 ], [ -3.4207, 40.2763 ], [ -3.421, 40.2763 ], [ -3.421, 40.2764 ], [ -3.422, 40.2765 ], [ -3.422, 40.2766 ], [ -3.4234, 40.2767 ] ] ] } },
{ "type": "Feature", "properties": { "municipio": "Arganda del Rey", "clasificacion": "urbanizable-no-sectorizado", "calificacion": "sin-asignar", "version": "vigente", "fuente": "SIT-CAM WFS — UsoDelSuelo:VPLA_V_CLASIFICACION (https://idem.comunidad.madrid/geosrvg/ows)", "fecha_dato": "2026-05-12", "ambito": "38587", "_raw_CD_SIGLAS": "SUBNS_A", "_raw_DS_CLASIF_GEN": "Suelo No Urbanizable Común (APLAZADO)", "_raw_DS_CLASIF_DET": "Suelo No Urbanizable Reserva Estratégica", "_raw_DS_DOCU": "PLAN GENERAL", "_raw_DS_LEY": "CM Ley 9/1995, E RDL 1/1992, E RD 1346/1976", "_raw_FC_AC": "1999-01-14", "_raw_NM_AREA_M2": 17999.201062457701, "_cam_code": "014" }, "geometry": { "type": "Polygon", "coordinates": [ [ [ -3.4647, 40.2808 ], [ -3.4656, 40.2816 ], [ -3.4657, 40.2822 ], [ -3.4662, 40.2824 ], [ -3.4665, 40.2812 ], [ -3.4676, 40.28 ], [ -3.4664, 40.2808 ], [ -3.4659, 40.2809 ], [ -3.4653, 40.2808 ], [ -3.4645, 40.2803 ], [ -3.4647, 40.2808 ] ] ] } },
{ "type": "Feature", "properties": { "municipio": "Arganda del Rey", "clasificacion": "urbanizable-no-sectorizado", "calificacion": "sin-asignar", "version": "vigente", "fuente": "SIT-CAM WFS — UsoDelSuelo:VPLA_V_CLASIFICACION (https://idem.comunidad.madrid/geosrvg/ows)", "fecha_dato": "2026-05-12", "ambito": "38587", "_raw_CD_SIGLAS": "SUBNS_A", "_raw_DS_CLASIF_GEN": "Suelo No Urbanizable Común (APLAZADO)", "_raw_DS_CLASIF_DET": "Suelo No Urbanizable Común Aplazado", "_raw_DS_DOCU": "PLAN GENERAL", "_raw_DS_LEY": "CM Ley 9/1995, E RDL 1/1992, E RD 1346/1976", "_raw_FC_AC": "1999-01-14", "_raw_NM_AREA_M2": 108409.18177487599, "_cam_code": "014" }, "geometry": { "type": "Polygon", "coordinates": [ [ [ -3.4108, 40.2966 ], [ -3.4124, 40.2969 ], [ -3.4132, 40.2975 ], [ -3.4137, 40.2977 ], [ -3.4144, 40.2978 ], [ -3.4145, 40.2975 ], [ -3.4146, 40.2975 ], [ -3.4146, 40.2972 ], [ -3.4145, 40.2972 ], [ -3.4141, 40.2965 ], [ -3.4139, 40.2958 ], [ -3.4137, 40.2956 ], [ -3.4145, 40.2955 ], [ -3.4145, 40.2957 ], [ -3.4148, 40.2957 ], [ -3.4149, 40.296 ], [ -3.4152, 40.2963 ], [ -3.4158, 40.2965 ], [ -3.4161, 40.2968 ], [ -3.4166, 40.2967 ], [ -3.4173, 40.2971 ], [ -3.4179, 40.297 ], [ -3.419, 40.2973 ], [ -3.4194, 40.2968 ], [ -3.4197, 40.2968 ], [ -3.4186, 40.2962 ], [ -3.4182, 40.2962 ], [ -3.4178, 40.296 ], [ -3.4172, 40.2953 ], [ -3.4164, 40.2949 ], [ -3.4164, 40.2948 ], [ -3.4161, 40.2948 ], [ -3.4161, 40.2946 ], [ -3.4147, 40.2947 ], [ -3.4145, 40.2949 ], [ -3.4143, 40.2949 ], [ -3.4138, 40.2954 ], [ -3.4131, 40.2955 ], [ -3.4131, 40.2956 ], [ -3.4125, 40.2956 ], [ -3.4108, 40.2965 ], [ -3.4108, 40.2966 ] ] ] } },
{ "type": "Feature", "properties": { "municipio": "Arganda del Rey", "clasificacion": "urbanizable-no-sectorizado", "calificacion": "sin-asignar", "version": "vigente", "fuente": "SIT-CAM WFS — UsoDelSuelo:VPLA_V_CLASIFICACION (https://idem.comunidad.madrid/geosrvg/ows)", "fecha_dato": "2026-05-12", "ambito": "38587", "_raw_CD_SIGLAS": "SUBNS_A", "_raw_DS_CLASIF_GEN": "Suelo No Urbanizable Común (APLAZADO)", "_raw_DS_CLASIF_DET": "Suelo No Urbanizable Reserva Estratégica", "_raw_DS_DOCU": "PLAN GENERAL", "_raw_DS_LEY": "CM Ley 9/1995, E RDL 1/1992, E RD 1346/1976", "_raw_FC_AC": "1999-01-14", "_raw_NM_AREA_M2": 518440.119124947, "_cam_code": "014" }, "geometry": { "type": "Polygon", "coordinates": [ [ [ -3.4883, 40.2874 ], [ -3.4866, 40.288 ], [ -3.486, 40.2883 ], [ -3.486, 40.2884 ], [ -3.4845, 40.289 ], [ -3.4843, 40.2892 ], [ -3.4838, 40.2893 ], [ -3.4838, 40.2894 ], [ -3.4836, 40.2894 ], [ -3.4827, 40.29 ], [ -3.4801, 40.2912 ], [ -3.4776, 40.2927 ], [ -3.4767, 40.2931 ], [ -3.473, 40.296 ], [ -3.4779, 40.297 ], [ -3.4779, 40.2969 ], [ -3.4782, 40.2969 ], [ -3.4798, 40.2962 ], [ -3.4798, 40.2961 ], [ -3.48, 40.2961 ], [ -3.48, 40.296 ], [ -3.4806, 40.2958 ], [ -3.4806, 40.2957 ], [ -3.4821, 40.2951 ], [ -3.4822, 40.2949 ], [ -3.4826, 40.2947 ], [ -3.4837, 40.2937 ], [ -3.4846, 40.2922 ], [ -3.4856, 40.2913 ], [ -3.4858, 40.2913 ], [ -3.4858, 40.2912 ], [ -3.4867, 40.2908 ], [ -3.4867, 40.2907 ], [ -3.488, 40.2902 ], [ -3.4885, 40.2898 ], [ -3.4887, 40.2898 ], [ -3.4887, 40.2897 ], [ -3.4897, 40.2894 ], [ -3.4902, 40.289 ], [ -3.4883, 40.2874 ] ] ] } },
{ "type": "Feature", "properties": { "municipio": "Arganda del Rey", "clasificacion": "urbanizable-no-sectorizado", "calificacion": "sin-asignar", "version": "vigente", "fuente": "SIT-CAM WFS — UsoDelSuelo:VPLA_V_CLASIFICACION (https://idem.comunidad.madrid/geosrvg/ows)", "fecha_dato": "2026-05-12", "ambito": "38587", "_raw_CD_SIGLAS": "SUBNS_A", "_raw_DS_CLASIF_GEN": "Suelo No Urbanizable Común (APLAZADO)", "_raw_DS_CLASIF_DET": "Suelo No Urbanizable Común Aplazado", "_raw_DS_DOCU": "PLAN GENERAL", "_raw_DS_LEY": "CM Ley 9/1995, E RDL 1/1992, E RD 1346/1976", "_raw_FC_AC": "1999-01-14", "_raw_NM_AREA_M2": 200802.31716255401, "_cam_code": "014" }, "geometry": { "type": "Polygon", "coordinates": [ [ [ -3.4218, 40.2948 ], [ -3.4234, 40.2946 ], [ -3.4243, 40.2943 ], [ -3.4248, 40.2943 ], [ -3.4248, 40.2944 ], [ -3.4252, 40.2945 ], [ -3.4249, 40.2938 ], [ -3.4249, 40.2932 ], [ -3.4248, 40.2932 ], [ -3.4249, 40.293 ], [ -3.423, 40.2923 ], [ -3.4226, 40.2921 ], [ -3.4225, 40.2919 ], [ -3.422, 40.2919 ], [ -3.4212, 40.2916 ], [ -3.4207, 40.2912 ], [ -3.4201, 40.2912 ], [ -3.4196, 40.2911 ], [ -3.4196, 40.291 ], [ -3.4187, 40.2911 ], [ -3.4185, 40.291 ], [ -3.4175, 40.291 ], [ -3.4174, 40.2909 ], [ -3.4173, 40.2912 ], [ -3.4168, 40.2913 ], [ -3.4161, 40.2912 ], [ -3.4153, 40.2916 ], [ -3.4167, 40.2927 ], [ -3.4168, 40.2929 ], [ -3.417, 40.2929 ], [ -3.4175, 40.2933 ], [ -3.4186, 40.2936 ], [ -3.4193, 40.2936 ], [ -3.4193, 40.2937 ], [ -3.4195, 40.2937 ], [ -3.4204, 40.2943 ], [ -3.4211, 40.2944 ], [ -3.4218, 40.2948 ] ] ] } },
{ "type": "Feature", "properties": { "municipio": "Arganda del Rey", "clasificacion": "urbanizable-no-sectorizado", "calificacion": "sin-asignar", "version": "vigente", "fuente": "SIT-CAM WFS — UsoDelSuelo:VPLA_V_CLASIFICACION (https://idem.comunidad.madrid/geosrvg/ows)", "fecha_dato": "2026-05-12", "ambito": "38587", "_raw_CD_SIGLAS": "SUBNS_A", "_raw_DS_CLASIF_GEN": "Suelo No Urbanizable Común (APLAZADO)", "_raw_DS_CLASIF_DET": "Suelo No Urbanizable Común Aplazado", "_raw_DS_DOCU": "PLAN GENERAL", "_raw_DS_LEY": "CM Ley 9/1995, E RDL 1/1992, E RD 1346/1976", "_raw_FC_AC": "1999-01-14", "_raw_NM_AREA_M2": 442252.00258736499, "_cam_code": "014" }, "geometry": { "type": "Polygon", "coordinates": [ [ [ -3.3901, 40.2946 ], [ -3.3907, 40.2948 ], [ -3.3907, 40.2946 ], [ -3.3909, 40.2945 ], [ -3.3909, 40.2942 ], [ -3.3915, 40.2943 ], [ -3.3924, 40.2942 ], [ -3.3931, 40.2939 ], [ -3.3935, 40.2935 ], [ -3.3944, 40.2933 ], [ -3.3945, 40.2926 ], [ -3.395, 40.2923 ], [ -3.3956, 40.2913 ], [ -3.3957, 40.2913 ], [ -3.3955, 40.2907 ], [ -3.3953, 40.2906 ], [ -3.3948, 40.2899 ], [ -3.3947, 40.2895 ], [ -3.3948, 40.2889 ], [ -3.3947, 40.2888 ], [ -3.391, 40.2887 ], [ -3.3883, 40.289 ], [ -3.386, 40.289 ], [ -3.386, 40.2891 ], [ -3.3843, 40.2899 ], [ -3.3844, 40.2903 ], [ -3.3842, 40.2907 ], [ -3.3849, 40.2911 ], [ -3.3849, 40.2912 ], [ -3.3856, 40.2913 ], [ -3.3862, 40.2911 ], [ -3.3862, 40.2912 ], [ -3.3866, 40.2913 ], [ -3.3874, 40.292 ], [ -3.3876, 40.2924 ], [ -3.3876, 40.2932 ], [ -3.3877, 40.2933 ], [ -3.3875, 40.2944 ], [ -3.3877, 40.2947 ], [ -3.3898, 40.2947 ], [ -3.3901, 40.2946 ] ] ] } },
{ "type": "Feature", "properties": { "municipio": "Arganda del Rey", "clasificacion": "urbanizable-no-sectorizado", "calificacion": "sin-asignar", "version": "vigente", "fuente": "SIT-CAM WFS — UsoDelSuelo:VPLA_V_CLASIFICACION (https://idem.comunidad.madrid/geosrvg/ows)", "fecha_dato": "2026-05-12", "ambito": "38587", "_raw_CD_SIGLAS": "SUBNS_A", "_raw_DS_CLASIF_GEN": "Suelo No Urbanizable Común (APLAZADO)", "_raw_DS_CLASIF_DET": "Suelo No Urbanizable Reserva Estratégica", "_raw_DS_DOCU": "PLAN GENERAL", "_raw_DS_LEY": "CM Ley 9/1995, E RDL 1/1992, E RD 1346/1976", "_raw_FC_AC": "1999-01-14", "_raw_NM_AREA_M2": 1348267.0910626501, "_cam_code": "014" }, "geometry": { "type": "Polygon", "coordinates": [ [ [ -3.4642, 40.2936 ], [ -3.466, 40.2945 ], [ -3.467, 40.2941 ], [ -3.4688, 40.2941 ], [ -3.471, 40.2927 ], [ -3.4718, 40.292 ], [ -3.4724, 40.2917 ], [ -3.4726, 40.2913 ], [ -3.4732, 40.2909 ], [ -3.4736, 40.2904 ], [ -3.4741, 40.2903 ], [ -3.4746, 40.2899 ], [ -3.475, 40.2898 ], [ -3.4756, 40.2893 ], [ -3.4771, 40.2886 ], [ -3.4771, 40.2885 ], [ -3.4782, 40.2879 ], [ -3.4782, 40.2878 ], [ -3.4784, 40.2878 ], [ -3.4786, 40.2875 ], [ -3.4789, 40.2874 ], [ -3.4769, 40.2859 ], [ -3.4766, 40.2858 ], [ -3.4762, 40.2847 ], [ -3.4758, 40.2844 ], [ -3.4758, 40.2842 ], [ -3.4753, 40.2837 ], [ -3.4752, 40.2834 ], [ -3.4752, 40.2827 ], [ -3.4755, 40.2823 ], [ -3.4755, 40.282 ], [ -3.4754, 40.282 ], [ -3.4754, 40.2823 ], [ -3.475, 40.2826 ], [ -3.4743, 40.2824 ], [ -3.4738, 40.282 ], [ -3.4738, 40.2816 ], [ -3.4734, 40.2806 ], [ -3.4728, 40.2803 ], [ -3.4728, 40.2802 ], [ -3.4725, 40.2803 ], [ -3.4725, 40.2806 ], [ -3.4723, 40.2807 ], [ -3.4707, 40.2805 ], [ -3.4705, 40.2809 ], [ -3.4701, 40.2811 ], [ -3.47, 40.2815 ], [ -3.4697, 40.2817 ], [ -3.4697, 40.2819 ], [ -3.4694, 40.2822 ], [ -3.4678, 40.2828 ], [ -3.4672, 40.2835 ], [ -3.4667, 40.2837 ], [ -3.4667, 40.2838 ], [ -3.4655, 40.284 ], [ -3.4655, 40.2841 ], [ -3.465, 40.2843 ], [ -3.4635, 40.2853 ], [ -3.4632, 40.286 ], [ -3.4631, 40.286 ], [ -3.4624, 40.2871 ], [ -3.4613, 40.2883 ], [ -3.4607, 40.2887 ], [ -3.4617, 40.291 ], [ -3.4618, 40.291 ], [ -3.4624, 40.292 ], [ -3.4642, 40.2936 ] ] ] } },
{ "type": "Feature", "properties": { "municipio": "Arganda del Rey", "clasificacion": "urbanizable-no-sectorizado", "calificacion": "sin-asignar", "version": "vigente", "fuente": "SIT-CAM WFS — UsoDelSuelo:VPLA_V_CLASIFICACION (https://idem.comunidad.madrid/geosrvg/ows)", "fecha_dato": "2026-05-12", "ambito": "38587", "_raw_CD_SIGLAS": "SUBNS_A", "_raw_DS_CLASIF_GEN": "Suelo No Urbanizable Común (APLAZADO)", "_raw_DS_CLASIF_DET": "Suelo No Urbanizable Común Aplazado", "_raw_DS_DOCU": "PLAN GENERAL", "_raw_DS_LEY": "CM Ley 9/1995, E RDL 1/1992, E RD 1346/1976", "_raw_FC_AC": "1999-01-14", "_raw_NM_AREA_M2": 237310.11093757499, "_cam_code": "014" }, "geometry": { "type": "Polygon", "coordinates": [ [ [ -3.409, 40.2887 ], [ -3.409, 40.2889 ], [ -3.4087, 40.2892 ], [ -3.4083, 40.29 ], [ -3.4082, 40.2913 ], [ -3.409, 40.2918 ], [ -3.4096, 40.2918 ], [ -3.4102, 40.2921 ], [ -3.4095, 40.2913 ], [ -3.4094, 40.2909 ], [ -3.4093, 40.2909 ], [ -3.4093, 40.2906 ], [ -3.4092, 40.2906 ], [ -3.4092, 40.2899 ], [ -3.4095, 40.2883 ], [ -3.4087, 40.2875 ], [ -3.4081, 40.2874 ], [ -3.4072, 40.2881 ], [ -3.4064, 40.2881 ], [ -3.4054, 40.2873 ], [ -3.4052, 40.287 ], [ -3.405, 40.287 ], [ -3.405, 40.2869 ], [ -3.4041, 40.2864 ], [ -3.4027, 40.2863 ], [ -3.4029, 40.2869 ], [ -3.4028, 40.2876 ], [ -3.4026, 40.288 ], [ -3.4027, 40.2887 ], [ -3.4026, 40.2894 ], [ -3.4028, 40.2904 ], [ -3.4032, 40.2908 ], [ -3.4037, 40.2909 ], [ -3.4042, 40.2907 ], [ -3.4049, 40.291 ], [ -3.4049, 40.2911 ], [ -3.4072, 40.291 ], [ -3.4075, 40.2912 ], [ -3.4081, 40.2913 ], [ -3.4082, 40.2915 ], [ -3.4081, 40.2912 ], [ -3.408, 40.2911 ], [ -3.4082, 40.2898 ], [ -3.4089, 40.2888 ], [ -3.4087, 40.2886 ], [ -3.409, 40.2887 ] ] ] } },
{ "type": "Feature", "properties": { "municipio": "Arganda del Rey", "clasificacion": "urbanizable-no-sectorizado", "calificacion": "sin-asignar", "version": "vigente", "fuente": "SIT-CAM WFS — UsoDelSuelo:VPLA_V_CLASIFICACION (https://idem.comunidad.madrid/geosrvg/ows)", "fecha_dato": "2026-05-12", "ambito": "38587", "_raw_CD_SIGLAS": "SUBNS_A", "_raw_DS_CLASIF_GEN": "Suelo No Urbanizable Común (APLAZADO)", "_raw_DS_CLASIF_DET": "Suelo No Urbanizable Reserva Estratégica", "_raw_DS_DOCU": "PLAN GENERAL", "_raw_DS_LEY": "CM Ley 9/1995, E RDL 1/1992, E RD 1346/1976", "_raw_FC_AC": "1999-01-14", "_raw_NM_AREA_M2": 160838.49770006101, "_cam_code": "014" }, "geometry": { "type": "Polygon", "coordinates": [ [ [ -3.4407, 40.2941 ], [ -3.4411, 40.2943 ], [ -3.4411, 40.2944 ], [ -3.4415, 40.2944 ], [ -3.4414, 40.2945 ], [ -3.4419, 40.2943 ], [ -3.4422, 40.2939 ], [ -3.4426, 40.2929 ], [ -3.4414, 40.2921 ], [ -3.4391, 40.2911 ], [ -3.4383, 40.2911 ], [ -3.4382, 40.2912 ], [ -3.434, 40.2911 ], [ -3.4344, 40.292 ], [ -3.4354, 40.2927 ], [ -3.4361, 40.2934 ], [ -3.4391, 40.2935 ], [ -3.4397, 40.2937 ], [ -3.4402, 40.2941 ], [ -3.4406, 40.2942 ], [ -3.4407, 40.2941 ] ] ] } },
{ "type": "Feature", "properties": { "municipio": "Arganda del Rey", "clasificacion": "urbanizable-no-sectorizado", "calificacion": "sin-asignar", "version": "vigente", "fuente": "SIT-CAM WFS — UsoDelSuelo:VPLA_V_CLASIFICACION (https://idem.comunidad.madrid/geosrvg/ows)", "fecha_dato": "2026-05-12", "ambito": "38587", "_raw_CD_SIGLAS": "SUBNS_A", "_raw_DS_CLASIF_GEN": "Suelo No Urbanizable Común (APLAZADO)", "_raw_DS_CLASIF_DET": "Suelo No Urbanizable Común Aplazado", "_raw_DS_DOCU": "PLAN GENERAL", "_raw_DS_LEY": "CM Ley 9/1995, E RDL 1/1992, E RD 1346/1976", "_raw_FC_AC": "1999-01-14", "_raw_NM_AREA_M2": 411769.91254993703, "_cam_code": "014" }, "geometry": { "type": "Polygon", "coordinates": [ [ [ -3.4256, 40.2927 ], [ -3.4257, 40.2939 ], [ -3.4257, 40.2938 ], [ -3.4265, 40.2937 ], [ -3.4264, 40.2935 ], [ -3.4259, 40.2933 ], [ -3.4264, 40.2932 ], [ -3.4268, 40.2928 ], [ -3.4271, 40.293 ], [ -3.4271, 40.2933 ], [ -3.4276, 40.2933 ], [ -3.4277, 40.2935 ], [ -3.4279, 40.2932 ], [ -3.4283, 40.2931 ], [ -3.4288, 40.2921 ], [ -3.4299, 40.2918 ], [ -3.4291, 40.291 ], [ -3.4289, 40.2906 ], [ -3.429, 40.289 ], [ -3.4287, 40.2887 ], [ -3.4279, 40.2886 ], [ -3.4272, 40.2882 ], [ -3.427, 40.288 ], [ -3.4267, 40.287 ], [ -3.4255, 40.2862 ], [ -3.425, 40.2851 ], [ -3.4235, 40.2844 ], [ -3.4229, 40.2833 ], [ -3.4227, 40.2833 ], [ -3.4224, 40.283 ], [ -3.4218, 40.283 ], [ -3.4208, 40.2825 ], [ -3.4196, 40.2824 ], [ -3.4195, 40.282 ], [ -3.4169, 40.2815 ], [ -3.4169, 40.2814 ], [ -3.4166, 40.2813 ], [ -3.4166, 40.2811 ], [ -3.4159, 40.2811 ], [ -3.4159, 40.2812 ], [ -3.4156, 40.2813 ], [ -3.4151, 40.2813 ], [ -3.4142, 40.2818 ], [ -3.4144, 40.282 ], [ -3.4146, 40.282 ], [ -3.4146, 40.2821 ], [ -3.4167, 40.2829 ], [ -3.4171, 40.2833 ], [ -3.4174, 40.2842 ], [ -3.4178, 40.2846 ], [ -3.4231, 40.2861 ], [ -3.4241, 40.2867 ], [ -3.4248, 40.2873 ], [ -3.425, 40.2877 ], [ -3.4251, 40.2877 ], [ -3.426, 40.2905 ], [ -3.426, 40.2915 ], [ -3.4256, 40.2927 ] ] ] } },
{ "type": "Feature", "properties": { "municipio": "Arganda del Rey", "clasificacion": "urbanizable-no-sectorizado", "calificacion": "sin-asignar", "version": "vigente", "fuente": "SIT-CAM WFS — UsoDelSuelo:VPLA_V_CLASIFICACION (https://idem.comunidad.madrid/geosrvg/ows)", "fecha_dato": "2026-05-12", "ambito": "38587", "_raw_CD_SIGLAS": "SUBNS_A", "_raw_DS_CLASIF_GEN": "Suelo No Urbanizable Común (APLAZADO)", "_raw_DS_CLASIF_DET": "Suelo No Urbanizable Reserva Estratégica", "_raw_DS_DOCU": "PLAN GENERAL", "_raw_DS_LEY": "CM Ley 9/1995, E RDL 1/1992, E RD 1346/1976", "_raw_FC_AC": "1999-01-14", "_raw_NM_AREA_M2": 12003.221600050299, "_cam_code": "014" }, "geometry": { "type": "Polygon", "coordinates": [ [ [ -3.4588, 40.2909 ], [ -3.4586, 40.2911 ], [ -3.458, 40.2912 ], [ -3.4582, 40.2922 ], [ -3.4583, 40.2923 ], [ -3.4595, 40.2922 ], [ -3.4588, 40.2909 ] ] ] } },
{ "type": "Feature", "properties": { "municipio": "Arganda del Rey", "clasificacion": "urbanizable-no-sectorizado", "calificacion": "sin-asignar", "version": "vigente", "fuente": "SIT-CAM WFS — UsoDelSuelo:VPLA_V_CLASIFICACION (https://idem.comunidad.madrid/geosrvg/ows)", "fecha_dato": "2026-05-12", "ambito": "38587", "_raw_CD_SIGLAS": "SUBNS_A", "_raw_DS_CLASIF_GEN": "Suelo No Urbanizable Común (APLAZADO)", "_raw_DS_CLASIF_DET": "Suelo No Urbanizable Común Aplazado", "_raw_DS_DOCU": "PLAN GENERAL", "_raw_DS_LEY": "CM Ley 9/1995, E RDL 1/1992, E RD 1346/1976", "_raw_FC_AC": "1999-01-14", "_raw_NM_AREA_M2": 321055.78163802403, "_cam_code": "014" }, "geometry": { "type": "Polygon", "coordinates": [ [ [ -3.3767, 40.2918 ], [ -3.3768, 40.2921 ], [ -3.3781, 40.2922 ], [ -3.3781, 40.2923 ], [ -3.3786, 40.2917 ], [ -3.3789, 40.291 ], [ -3.3795, 40.2909 ], [ -3.3827, 40.2898 ], [ -3.384, 40.2899 ], [ -3.3847, 40.2896 ], [ -3.384, 40.2896 ], [ -3.3843, 40.2893 ], [ -3.3843, 40.2891 ], [ -3.3846, 40.289 ], [ -3.3847, 40.2887 ], [ -3.3845, 40.2881 ], [ -3.3844, 40.2881 ], [ -3.3845, 40.287 ], [ -3.3841, 40.2868 ], [ -3.3831, 40.2868 ], [ -3.3825, 40.2862 ], [ -3.383, 40.285 ], [ -3.3837, 40.2848 ], [ -3.384, 40.2838 ], [ -3.3835, 40.2836 ], [ -3.3815, 40.2835 ], [ -3.3779, 40.2889 ], [ -3.3767, 40.2918 ] ] ] } },
{ "type": "Feature", "properties": { "municipio": "Arganda del Rey", "clasificacion": "urbanizable-no-sectorizado", "calificacion": "sin-asignar", "version": "vigente", "fuente": "SIT-CAM WFS — UsoDelSuelo:VPLA_V_CLASIFICACION (https://idem.comunidad.madrid/geosrvg/ows)", "fecha_dato": "2026-05-12", "ambito": "38587", "_raw_CD_SIGLAS": "SUBNS_A", "_raw_DS_CLASIF_GEN": "Suelo No Urbanizable Común (APLAZADO)", "_raw_DS_CLASIF_DET": "Suelo No Urbanizable Común Aplazado", "_raw_DS_DOCU": "PLAN GENERAL", "_raw_DS_LEY": "CM Ley 9/1995, E RDL 1/1992, E RD 1346/1976", "_raw_FC_AC": "1999-01-14", "_raw_NM_AREA_M2": 593856.74139983195, "_cam_code": "014" }, "geometry": { "type": "Polygon", "coordinates": [ [ [ -3.4462, 40.3233 ], [ -3.4459, 40.3242 ], [ -3.445, 40.326 ], [ -3.4453, 40.3267 ], [ -3.445, 40.3274 ], [ -3.4439, 40.3283 ], [ -3.4434, 40.3291 ], [ -3.4426, 40.3299 ], [ -3.4422, 40.3305 ], [ -3.4416, 40.332 ], [ -3.4411, 40.3327 ], [ -3.441, 40.3334 ], [ -3.4406, 40.3341 ], [ -3.4405, 40.3353 ], [ -3.4407, 40.3355 ], [ -3.4407, 40.336 ], [ -3.4405, 40.3366 ], [ -3.4404, 40.3366 ], [ -3.4405, 40.3367 ], [ -3.4422, 40.3369 ], [ -3.4432, 40.3373 ], [ -3.4436, 40.3373 ], [ -3.4454, 40.3378 ], [ -3.4463, 40.3373 ], [ -3.447, 40.3362 ], [ -3.4473, 40.336 ], [ -3.4473, 40.3354 ], [ -3.4471, 40.335 ], [ -3.4471, 40.3347 ], [ -3.4469, 40.3345 ], [ -3.4469, 40.3341 ], [ -3.4476, 40.3333 ], [ -3.4478, 40.3327 ], [ -3.4481, 40.3324 ], [ -3.4482, 40.3318 ], [ -3.4485, 40.3313 ], [ -3.4485, 40.331 ], [ -3.4481, 40.3295 ], [ -3.4481, 40.3291 ], [ -3.4474, 40.3274 ], [ -3.4472, 40.3262 ], [ -3.4471, 40.3262 ], [ -3.4471, 40.3259 ], [ -3.4468, 40.3254 ], [ -3.4465, 40.3241 ], [ -3.4464, 40.3241 ], [ -3.4464, 40.3237 ], [ -3.4462, 40.3233 ] ] ] } },
{ "type": "Feature", "properties": { "municipio": "Arganda del Rey", "clasificacion": "urbanizable-no-sectorizado", "calificacion": "sin-asignar", "version": "vigente", "fuente": "SIT-CAM WFS — UsoDelSuelo:VPLA_V_CLASIFICACION (https://idem.comunidad.madrid/geosrvg/ows)", "fecha_dato": "2026-05-12", "ambito": "38587", "_raw_CD_SIGLAS": "SUBNS_A", "_raw_DS_CLASIF_GEN": "Suelo No Urbanizable Común (APLAZADO)", "_raw_DS_CLASIF_DET": "Suelo No Urbanizable Común Aplazado", "_raw_DS_DOCU": "PLAN GENERAL", "_raw_DS_LEY": "CM Ley 9/1995, E RDL 1/1992, E RD 1346/1976", "_raw_FC_AC": "1999-01-14", "_raw_NM_AREA_M2": 101524.467162388, "_cam_code": "014" }, "geometry": { "type": "Polygon", "coordinates": [ [ [ -3.441, 40.3328 ], [ -3.4404, 40.3333 ], [ -3.4385, 40.3343 ], [ -3.4362, 40.335 ], [ -3.4355, 40.3355 ], [ -3.4354, 40.3357 ], [ -3.4362, 40.3359 ], [ -3.4371, 40.3366 ], [ -3.4376, 40.3367 ], [ -3.4376, 40.3368 ], [ -3.4403, 40.3366 ], [ -3.4405, 40.336 ], [ -3.4406, 40.336 ], [ -3.4406, 40.3356 ], [ -3.4404, 40.3354 ], [ -3.4405, 40.334 ], [ -3.4409, 40.3333 ], [ -3.441, 40.3328 ] ] ] } },
{ "type": "Feature", "properties": { "municipio": "Arganda del Rey", "clasificacion": "urbanizable-no-sectorizado", "calificacion": "sin-asignar", "version": "vigente", "fuente": "SIT-CAM WFS — UsoDelSuelo:VPLA_V_CLASIFICACION (https://idem.comunidad.madrid/geosrvg/ows)", "fecha_dato": "2026-05-12", "ambito": "38587", "_raw_CD_SIGLAS": "SUBNS_A", "_raw_DS_CLASIF_GEN": "Suelo No Urbanizable Común (APLAZADO)", "_raw_DS_CLASIF_DET": "Suelo No Urbanizable Reserva Estratégica", "_raw_DS_DOCU": "PLAN GENERAL", "_raw_DS_LEY": "CM Ley 9/1995, E RDL 1/1992, E RD 1346/1976", "_raw_FC_AC": "1999-01-14", "_raw_NM_AREA_M2": 269643.70519998, "_cam_code": "014" }, "geometry": { "type": "Polygon", "coordinates": [ [ [ -3.4871, 40.3127 ], [ -3.4839, 40.3151 ], [ -3.4839, 40.3154 ], [ -3.4838, 40.3154 ], [ -3.4839, 40.3158 ], [ -3.4834, 40.3159 ], [ -3.4816, 40.3173 ], [ -3.4818, 40.3178 ], [ -3.4819, 40.3178 ], [ -3.4818, 40.3182 ], [ -3.482, 40.3189 ], [ -3.4864, 40.3184 ], [ -3.4907, 40.3131 ], [ -3.4886, 40.3126 ], [ -3.4879, 40.3128 ], [ -3.4876, 40.3127 ], [ -3.4871, 40.3127 ] ] ] } },
{ "type": "Feature", "properties": { "municipio": "Arganda del Rey", "clasificacion": "urbanizable-no-sectorizado", "calificacion": "sin-asignar", "version": "vigente", "fuente": "SIT-CAM WFS — UsoDelSuelo:VPLA_V_CLASIFICACION (https://idem.comunidad.madrid/geosrvg/ows)", "fecha_dato": "2026-05-12", "ambito": "38587", "_raw_CD_SIGLAS": "SUBNS_A", "_raw_DS_CLASIF_GEN": "Suelo No Urbanizable Común (APLAZADO)", "_raw_DS_CLASIF_DET": "Suelo No Urbanizable Común Aplazado", "_raw_DS_DOCU": "PLAN GENERAL", "_raw_DS_LEY": "CM Ley 9/1995, E RDL 1/1992, E RD 1346/1976", "_raw_FC_AC": "1999-01-14", "_raw_NM_AREA_M2": 761776.167399848, "_cam_code": "014" }, "geometry": { "type": "Polygon", "coordinates": [ [ [ -3.4175, 40.2909 ], [ -3.421, 40.2912 ], [ -3.4212, 40.2915 ], [ -3.4219, 40.2918 ], [ -3.4223, 40.2918 ], [ -3.4215, 40.2909 ], [ -3.4215, 40.2904 ], [ -3.4213, 40.29 ], [ -3.4212, 40.29 ], [ -3.4212, 40.2891 ], [ -3.4207, 40.2889 ], [ -3.4208, 40.2881 ], [ -3.4206, 40.2879 ], [ -3.4196, 40.2879 ], [ -3.4182, 40.2875 ], [ -3.4169, 40.2874 ], [ -3.4159, 40.286 ], [ -3.4151, 40.2852 ], [ -3.4145, 40.285 ], [ -3.4145, 40.2849 ], [ -3.4138, 40.2849 ], [ -3.4137, 40.2848 ], [ -3.4134, 40.2838 ], [ -3.4129, 40.2832 ], [ -3.4128, 40.2828 ], [ -3.4123, 40.2824 ], [ -3.4122, 40.2819 ], [ -3.4107, 40.2822 ], [ -3.4101, 40.2825 ], [ -3.4098, 40.2825 ], [ -3.4093, 40.2822 ], [ -3.4073, 40.282 ], [ -3.4064, 40.2817 ], [ -3.4054, 40.2817 ], [ -3.4046, 40.2822 ], [ -3.4041, 40.2821 ], [ -3.4044, 40.2825 ], [ -3.4044, 40.2832 ], [ -3.4052, 40.2838 ], [ -3.4052, 40.2843 ], [ -3.4055, 40.2844 ], [ -3.4058, 40.2847 ], [ -3.4061, 40.2854 ], [ -3.4065, 40.2857 ], [ -3.4067, 40.2863 ], [ -3.4077, 40.2871 ], [ -3.4089, 40.2872 ], [ -3.4099, 40.2882 ], [ -3.41, 40.2886 ], [ -3.4099, 40.2886 ], [ -3.4098, 40.2892 ], [ -3.4107, 40.2895 ], [ -3.4117, 40.2895 ], [ -3.4117, 40.2896 ], [ -3.4124, 40.2895 ], [ -3.4127, 40.2896 ], [ -3.414, 40.2904 ], [ -3.4151, 40.2915 ], [ -3.4154, 40.2915 ], [ -3.416, 40.2911 ], [ -3.4163, 40.2912 ], [ -3.4172, 40.2911 ], [ -3.4174, 40.2908 ], [ -3.4175, 40.2909 ] ] ] } },
{ "type": "Feature", "properties": { "municipio": "Arganda del Rey", "clasificacion": "urbanizable-no-sectorizado", "calificacion": "sin-asignar", "version": "vigente", "fuente": "SIT-CAM WFS — UsoDelSuelo:VPLA_V_CLASIFICACION (https://idem.comunidad.madrid/geosrvg/ows)", "fecha_dato": "2026-05-12", "ambito": "38587", "_raw_CD_SIGLAS": "SUBNS_A", "_raw_DS_CLASIF_GEN": "Suelo No Urbanizable Común (APLAZADO)", "_raw_DS_CLASIF_DET": "Suelo No Urbanizable Reserva Estratégica", "_raw_DS_DOCU": "PLAN GENERAL", "_raw_DS_LEY": "CM Ley 9/1995, E RDL 1/1992, E RD 1346/1976", "_raw_FC_AC": "1999-01-14", "_raw_NM_AREA_M2": 45294.830025061703, "_cam_code": "014" }, "geometry": { "type": "Polygon", "coordinates": [ [ [ -3.4533, 40.282 ], [ -3.4534, 40.2829 ], [ -3.4555, 40.2858 ], [ -3.4557, 40.286 ], [ -3.4559, 40.286 ], [ -3.4562, 40.2865 ], [ -3.4568, 40.2877 ], [ -3.4568, 40.288 ], [ -3.457, 40.2884 ], [ -3.4571, 40.2884 ], [ -3.4571, 40.2888 ], [ -3.4572, 40.2888 ], [ -3.4575, 40.2895 ], [ -3.4579, 40.2899 ], [ -3.4579, 40.2901 ], [ -3.458, 40.2901 ], [ -3.458, 40.2912 ], [ -3.4585, 40.291 ], [ -3.4587, 40.2908 ], [ -3.4586, 40.2905 ], [ -3.457, 40.287 ], [ -3.4569, 40.287 ], [ -3.4569, 40.2868 ], [ -3.4568, 40.2868 ], [ -3.4563, 40.286 ], [ -3.4563, 40.2858 ], [ -3.456, 40.2856 ], [ -3.4558, 40.2852 ], [ -3.4546, 40.2839 ], [ -3.4534, 40.2823 ], [ -3.4533, 40.282 ] ] ] } },
{ "type": "Feature", "properties": { "municipio": "Arganda del Rey", "clasificacion": "urbanizable-no-sectorizado", "calificacion": "sin-asignar", "version": "vigente", "fuente": "SIT-CAM WFS — UsoDelSuelo:VPLA_V_CLASIFICACION (https://idem.comunidad.madrid/geosrvg/ows)", "fecha_dato": "2026-05-12", "ambito": "38587", "_raw_CD_SIGLAS": "SUBNS_A", "_raw_DS_CLASIF_GEN": "Suelo No Urbanizable Común (APLAZADO)", "_raw_DS_CLASIF_DET": "Suelo No Urbanizable Reserva Estratégica", "_raw_DS_DOCU": "PLAN GENERAL", "_raw_DS_LEY": "CM Ley 9/1995, E RDL 1/1992, E RD 1346/1976", "_raw_FC_AC": "1999-01-14", "_raw_NM_AREA_M2": 40141.129650045499, "_cam_code": "014" }, "geometry": { "type": "Polygon", "coordinates": [ [ [ -3.4263, 40.3017 ], [ -3.4271, 40.3016 ], [ -3.4273, 40.3014 ], [ -3.4275, 40.3014 ], [ -3.4275, 40.3013 ], [ -3.429, 40.3013 ], [ -3.431, 40.3005 ], [ -3.4314, 40.3005 ], [ -3.4305, 40.2996 ], [ -3.4302, 40.2996 ], [ -3.4297, 40.3 ], [ -3.4289, 40.3001 ], [ -3.428, 40.3008 ], [ -3.4267, 40.3008 ], [ -3.4259, 40.3016 ], [ -3.4263, 40.3017 ] ] ] } },
{ "type": "Feature", "properties": { "municipio": "Arganda del Rey", "clasificacion": "urbanizable-no-sectorizado", "calificacion": "sin-asignar", "version": "vigente", "fuente": "SIT-CAM WFS — UsoDelSuelo:VPLA_V_CLASIFICACION (https://idem.comunidad.madrid/geosrvg/ows)", "fecha_dato": "2026-05-12", "ambito": "38587", "_raw_CD_SIGLAS": "SUBNS_A", "_raw_DS_CLASIF_GEN": "Suelo No Urbanizable Común (APLAZADO)", "_raw_DS_CLASIF_DET": "Suelo No Urbanizable Reserva Estratégica", "_raw_DS_DOCU": "PLAN GENERAL", "_raw_DS_LEY": "CM Ley 9/1995, E RDL 1/1992, E RD 1346/1976", "_raw_FC_AC": "1999-01-14", "_raw_NM_AREA_M2": 90052.547387504601, "_cam_code": "014" }, "geometry": { "type": "Polygon", "coordinates": [ [ [ -3.4234, 40.3008 ], [ -3.4239, 40.3013 ], [ -3.4242, 40.3014 ], [ -3.4258, 40.3016 ], [ -3.4259, 40.3014 ], [ -3.4264, 40.3011 ], [ -3.4265, 40.3008 ], [ -3.428, 40.3007 ], [ -3.4285, 40.3002 ], [ -3.4291, 40.3 ], [ -3.4284, 40.2996 ], [ -3.4282, 40.2996 ], [ -3.4282, 40.2995 ], [ -3.427, 40.2995 ], [ -3.4265, 40.2994 ], [ -3.426, 40.2991 ], [ -3.4247, 40.2989 ], [ -3.4247, 40.2991 ], [ -3.4244, 40.2991 ], [ -3.4238, 40.2994 ], [ -3.4238, 40.2995 ], [ -3.4236, 40.2995 ], [ -3.4232, 40.2999 ], [ -3.4231, 40.2998 ], [ -3.4228, 40.3003 ], [ -3.4233, 40.3005 ], [ -3.4235, 40.3007 ], [ -3.4234, 40.3008 ] ] ] } },
{ "type": "Feature", "properties": { "municipio": "Arganda del Rey", "clasificacion": "urbanizable-no-sectorizado", "calificacion": "sin-asignar", "version": "vigente", "fuente": "SIT-CAM WFS — UsoDelSuelo:VPLA_V_CLASIFICACION (https://idem.comunidad.madrid/geosrvg/ows)", "fecha_dato": "2026-05-12", "ambito": "38587", "_raw_CD_SIGLAS": "SUBNS_A", "_raw_DS_CLASIF_GEN": "Suelo No Urbanizable Común (APLAZADO)", "_raw_DS_CLASIF_DET": "Suelo No Urbanizable Común Aplazado", "_raw_DS_DOCU": "PLAN GENERAL", "_raw_DS_LEY": "CM Ley 9/1995, E RDL 1/1992, E RD 1346/1976", "_raw_FC_AC": "1999-01-14", "_raw_NM_AREA_M2": 104615.93869996999, "_cam_code": "014" }, "geometry": { "type": "Polygon", "coordinates": [ [ [ -3.4083, 40.2943 ], [ -3.4087, 40.2943 ], [ -3.4094, 40.2938 ], [ -3.4099, 40.2937 ], [ -3.411, 40.2937 ], [ -3.4111, 40.2938 ], [ -3.4114, 40.2936 ], [ -3.4123, 40.2934 ], [ -3.4103, 40.2922 ], [ -3.4095, 40.2919 ], [ -3.4089, 40.2919 ], [ -3.4087, 40.2917 ], [ -3.4082, 40.2916 ], [ -3.408, 40.2914 ], [ -3.4072, 40.2911 ], [ -3.4059, 40.2913 ], [ -3.4057, 40.2916 ], [ -3.4058, 40.2922 ], [ -3.406, 40.2925 ], [ -3.4066, 40.2929 ], [ -3.4068, 40.2929 ], [ -3.4069, 40.2931 ], [ -3.4071, 40.2931 ], [ -3.4071, 40.2933 ], [ -3.4072, 40.2933 ], [ -3.4072, 40.2936 ], [ -3.4068, 40.2939 ], [ -3.4076, 40.294 ], [ -3.4083, 40.2943 ] ] ] } },
{ "type": "Feature", "properties": { "municipio": "Arganda del Rey", "clasificacion": "urbanizable-no-sectorizado", "calificacion": "sin-asignar", "version": "vigente", "fuente": "SIT-CAM WFS — UsoDelSuelo:VPLA_V_CLASIFICACION (https://idem.comunidad.madrid/geosrvg/ows)", "fecha_dato": "2026-05-12", "ambito": "38587", "_raw_CD_SIGLAS": "SUBNS_A", "_raw_DS_CLASIF_GEN": "Suelo No Urbanizable Común (APLAZADO)", "_raw_DS_CLASIF_DET": "Suelo No Urbanizable Común Aplazado", "_raw_DS_DOCU": "PLAN GENERAL", "_raw_DS_LEY": "CM Ley 9/1995, E RDL 1/1992, E RD 1346/1976", "_raw_FC_AC": "1999-01-14", "_raw_NM_AREA_M2": 91020.548637389598, "_cam_code": "014" }, "geometry": { "type": "Polygon", "coordinates": [ [ [ -3.3977, 40.2882 ], [ -3.3956, 40.2883 ], [ -3.3956, 40.2884 ], [ -3.3954, 40.2884 ], [ -3.3949, 40.2888 ], [ -3.3959, 40.289 ], [ -3.3965, 40.2898 ], [ -3.398, 40.2902 ], [ -3.398, 40.2903 ], [ -3.3988, 40.2906 ], [ -3.3989, 40.2905 ], [ -3.3989, 40.2898 ], [ -3.3995, 40.2892 ], [ -3.3995, 40.2887 ], [ -3.3999, 40.2884 ], [ -3.4003, 40.2883 ], [ -3.4003, 40.2879 ], [ -3.4006, 40.2877 ], [ -3.4006, 40.2875 ], [ -3.4016, 40.2862 ], [ -3.4011, 40.2862 ], [ -3.4011, 40.2863 ], [ -3.4007, 40.2864 ], [ -3.3993, 40.2873 ], [ -3.3993, 40.2874 ], [ -3.3991, 40.2874 ], [ -3.3991, 40.2875 ], [ -3.398, 40.288 ], [ -3.398, 40.2881 ], [ -3.3977, 40.2881 ], [ -3.3977, 40.2882 ] ] ] } },
{ "type": "Feature", "properties": { "municipio": "Arganda del Rey", "clasificacion": "urbanizable-no-sectorizado", "calificacion": "sin-asignar", "version": "vigente", "fuente": "SIT-CAM WFS — UsoDelSuelo:VPLA_V_CLASIFICACION (https://idem.comunidad.madrid/geosrvg/ows)", "fecha_dato": "2026-05-12", "ambito": "38587", "_raw_CD_SIGLAS": "SUBNS_A", "_raw_DS_CLASIF_GEN": "Suelo No Urbanizable Común (APLAZADO)", "_raw_DS_CLASIF_DET": "Suelo No Urbanizable Común Aplazado", "_raw_DS_DOCU": "PLAN GENERAL", "_raw_DS_LEY": "CM Ley 9/1995, E RDL 1/1992, E RD 1346/1976", "_raw_FC_AC": "1999-01-14", "_raw_NM_AREA_M2": 942.15408752780604, "_cam_code": "014" }, "geometry": { "type": "Polygon", "coordinates": [ [ [ -3.3851, 40.2892 ], [ -3.3847, 40.2895 ], [ -3.3847, 40.2896 ], [ -3.3853, 40.2893 ], [ -3.3851, 40.2892 ] ] ] } },
{ "type": "Feature", "properties": { "municipio": "Arganda del Rey", "clasificacion": "urbanizable-no-sectorizado", "calificacion": "sin-asignar", "version": "vigente", "fuente": "SIT-CAM WFS — UsoDelSuelo:VPLA_V_CLASIFICACION (https://idem.comunidad.madrid/geosrvg/ows)", "fecha_dato": "2026-05-12", "ambito": "38587", "_raw_CD_SIGLAS": "SUBNS_A", "_raw_DS_CLASIF_GEN": "Suelo No Urbanizable Común (APLAZADO)", "_raw_DS_CLASIF_DET": "Suelo No Urbanizable Reserva Estratégica", "_raw_DS_DOCU": "PLAN GENERAL", "_raw_DS_LEY": "CM Ley 9/1995, E RDL 1/1992, E RD 1346/1976", "_raw_FC_AC": "1999-01-14", "_raw_NM_AREA_M2": 153170.405937295, "_cam_code": "014" }, "geometry": { "type": "Polygon", "coordinates": [ [ [ -3.3843, 40.2896 ], [ -3.3847, 40.2896 ], [ -3.3851, 40.2892 ], [ -3.3852, 40.2892 ], [ -3.3852, 40.2892 ], [ -3.3852, 40.2892 ], [ -3.3852, 40.2892 ], [ -3.3852, 40.2892 ], [ -3.3853, 40.2893 ], [ -3.3852, 40.2893 ], [ -3.3855, 40.2892 ], [ -3.3858, 40.289 ], [ -3.3857, 40.289 ], [ -3.3857, 40.2883 ], [ -3.3859, 40.2883 ], [ -3.386, 40.2881 ], [ -3.3864, 40.2881 ], [ -3.3864, 40.2882 ], [ -3.3867, 40.2875 ], [ -3.3872, 40.287 ], [ -3.3872, 40.2859 ], [ -3.3867, 40.2858 ], [ -3.3868, 40.2853 ], [ -3.3871, 40.2852 ], [ -3.3867, 40.2849 ], [ -3.3867, 40.2843 ], [ -3.3866, 40.2842 ], [ -3.3869, 40.2838 ], [ -3.3835, 40.2836 ], [ -3.384, 40.2838 ], [ -3.3839, 40.2844 ], [ -3.3837, 40.2848 ], [ -3.383, 40.285 ], [ -3.3825, 40.2862 ], [ -3.3831, 40.2868 ], [ -3.3841, 40.2868 ], [ -3.3845, 40.287 ], [ -3.3844, 40.2881 ], [ -3.3845, 40.2881 ], [ -3.3847, 40.2887 ], [ -3.3846, 40.289 ], [ -3.3843, 40.2891 ], [ -3.3843, 40.2893 ], [ -3.384, 40.2896 ], [ -3.3843, 40.2896 ] ] ] } },
{ "type": "Feature", "properties": { "municipio": "Arganda del Rey", "clasificacion": "urbanizable-no-sectorizado", "calificacion": "sin-asignar", "version": "vigente", "fuente": "SIT-CAM WFS — UsoDelSuelo:VPLA_V_CLASIFICACION (https://idem.comunidad.madrid/geosrvg/ows)", "fecha_dato": "2026-05-12", "ambito": "38587", "_raw_CD_SIGLAS": "SUBNS_A", "_raw_DS_CLASIF_GEN": "Suelo No Urbanizable Común (APLAZADO)", "_raw_DS_CLASIF_DET": "Suelo No Urbanizable Común Aplazado", "_raw_DS_DOCU": "PLAN GENERAL", "_raw_DS_LEY": "CM Ley 9/1995, E RDL 1/1992, E RD 1346/1976", "_raw_FC_AC": "1999-01-14", "_raw_NM_AREA_M2": 227661.474675064, "_cam_code": "014" }, "geometry": { "type": "Polygon", "coordinates": [ [ [ -3.4192, 40.2951 ], [ -3.4196, 40.2951 ], [ -3.4196, 40.2952 ], [ -3.4203, 40.2955 ], [ -3.4207, 40.2955 ], [ -3.4223, 40.2949 ], [ -3.4218, 40.295 ], [ -3.4218, 40.2949 ], [ -3.4211, 40.2946 ], [ -3.4201, 40.2944 ], [ -3.4201, 40.2943 ], [ -3.4193, 40.2939 ], [ -3.4193, 40.2938 ], [ -3.4183, 40.2937 ], [ -3.4172, 40.2934 ], [ -3.4155, 40.2921 ], [ -3.4138, 40.2905 ], [ -3.4136, 40.2905 ], [ -3.4133, 40.2902 ], [ -3.4125, 40.2898 ], [ -3.4125, 40.2897 ], [ -3.4101, 40.2896 ], [ -3.4097, 40.2894 ], [ -3.4096, 40.2905 ], [ -3.4097, 40.2905 ], [ -3.4097, 40.2908 ], [ -3.4098, 40.2908 ], [ -3.4098, 40.291 ], [ -3.4099, 40.291 ], [ -3.4102, 40.2916 ], [ -3.4106, 40.292 ], [ -3.4108, 40.292 ], [ -3.4143, 40.2942 ], [ -3.4143, 40.2943 ], [ -3.4147, 40.2944 ], [ -3.4171, 40.2943 ], [ -3.4171, 40.2944 ], [ -3.4181, 40.295 ], [ -3.4183, 40.295 ], [ -3.4183, 40.2951 ], [ -3.4192, 40.2951 ] ] ] } },
{ "type": "Feature", "properties": { "municipio": "Arganda del Rey", "clasificacion": "urbanizable-no-sectorizado", "calificacion": "sin-asignar", "version": "vigente", "fuente": "SIT-CAM WFS — UsoDelSuelo:VPLA_V_CLASIFICACION (https://idem.comunidad.madrid/geosrvg/ows)", "fecha_dato": "2026-05-12", "ambito": "38587", "_raw_CD_SIGLAS": "SUBNS_A", "_raw_DS_CLASIF_GEN": "Suelo No Urbanizable Común (APLAZADO)", "_raw_DS_CLASIF_DET": "Suelo No Urbanizable Común Aplazado", "_raw_DS_DOCU": "PLAN GENERAL", "_raw_DS_LEY": "CM Ley 9/1995, E RDL 1/1992, E RD 1346/1976", "_raw_FC_AC": "1999-01-14", "_raw_NM_AREA_M2": 25213.1295374213, "_cam_code": "014" }, "geometry": { "type": "Polygon", "coordinates": [ [ [ -3.4171, 40.2951 ], [ -3.4181, 40.2961 ], [ -3.4189, 40.2962 ], [ -3.4197, 40.2967 ], [ -3.4204, 40.2961 ], [ -3.4205, 40.2958 ], [ -3.4201, 40.2958 ], [ -3.4194, 40.2955 ], [ -3.4194, 40.2954 ], [ -3.4181, 40.2954 ], [ -3.4181, 40.2953 ], [ -3.4169, 40.2946 ], [ -3.4162, 40.2946 ], [ -3.4163, 40.2948 ], [ -3.4164, 40.2947 ], [ -3.4164, 40.2948 ], [ -3.4171, 40.2951 ] ] ] } },
{ "type": "Feature", "properties": { "municipio": "Arganda del Rey", "clasificacion": "urbanizable-no-sectorizado", "calificacion": "sin-asignar", "version": "vigente", "fuente": "SIT-CAM WFS — UsoDelSuelo:VPLA_V_CLASIFICACION (https://idem.comunidad.madrid/geosrvg/ows)", "fecha_dato": "2026-05-12", "ambito": "38587", "_raw_CD_SIGLAS": "SUBNS_A", "_raw_DS_CLASIF_GEN": "Suelo No Urbanizable Común (APLAZADO)", "_raw_DS_CLASIF_DET": "Suelo No Urbanizable Común Aplazado", "_raw_DS_DOCU": "PLAN GENERAL", "_raw_DS_LEY": "CM Ley 9/1995, E RDL 1/1992, E RD 1346/1976", "_raw_FC_AC": "1999-01-14", "_raw_NM_AREA_M2": 46572.523924892201, "_cam_code": "014" }, "geometry": { "type": "Polygon", "coordinates": [ [ [ -3.4525, 40.3428 ], [ -3.4533, 40.3431 ], [ -3.4532, 40.3422 ], [ -3.453, 40.3416 ], [ -3.4528, 40.3414 ], [ -3.4527, 40.3406 ], [ -3.4521, 40.3411 ], [ -3.4512, 40.3416 ], [ -3.451, 40.3416 ], [ -3.451, 40.3417 ], [ -3.4507, 40.3417 ], [ -3.4483, 40.343 ], [ -3.4483, 40.3431 ], [ -3.4489, 40.3429 ], [ -3.4493, 40.3429 ], [ -3.4493, 40.343 ], [ -3.4508, 40.3427 ], [ -3.4525, 40.3428 ] ] ] } },
{ "type": "Feature", "properties": { "municipio": "Arganda del Rey", "clasificacion": "urbanizable-no-sectorizado", "calificacion": "sin-asignar", "version": "vigente", "fuente": "SIT-CAM WFS — UsoDelSuelo:VPLA_V_CLASIFICACION (https://idem.comunidad.madrid/geosrvg/ows)", "fecha_dato": "2026-05-12", "ambito": "38587", "_raw_CD_SIGLAS": "SUBNS_A", "_raw_DS_CLASIF_GEN": "Suelo No Urbanizable Común (APLAZADO)", "_raw_DS_CLASIF_DET": "Suelo No Urbanizable Reserva Estratégica", "_raw_DS_DOCU": "PLAN GENERAL", "_raw_DS_LEY": "CM Ley 9/1995, E RDL 1/1992, E RD 1346/1976", "_raw_FC_AC": "1999-01-14", "_raw_NM_AREA_M2": 644262.58525005705, "_cam_code": "014" }, "geometry": { "type": "Polygon", "coordinates": [ [ [ -3.4715, 40.2923 ], [ -3.4709, 40.2929 ], [ -3.4695, 40.2937 ], [ -3.4695, 40.2938 ], [ -3.4693, 40.2938 ], [ -3.4689, 40.2942 ], [ -3.4698, 40.2945 ], [ -3.4713, 40.2957 ], [ -3.4728, 40.296 ], [ -3.4754, 40.2941 ], [ -3.4765, 40.2931 ], [ -3.4773, 40.2928 ], [ -3.4776, 40.2925 ], [ -3.4797, 40.2913 ], [ -3.4836, 40.2893 ], [ -3.4838, 40.2893 ], [ -3.4838, 40.2892 ], [ -3.4841, 40.2892 ], [ -3.4841, 40.2891 ], [ -3.4845, 40.289 ], [ -3.4851, 40.2886 ], [ -3.4865, 40.288 ], [ -3.4865, 40.2879 ], [ -3.4882, 40.2873 ], [ -3.4871, 40.2867 ], [ -3.4865, 40.2861 ], [ -3.4858, 40.2858 ], [ -3.4857, 40.2856 ], [ -3.4855, 40.2856 ], [ -3.4845, 40.2846 ], [ -3.4842, 40.2845 ], [ -3.4836, 40.2846 ], [ -3.4827, 40.2853 ], [ -3.4819, 40.2856 ], [ -3.4814, 40.286 ], [ -3.4807, 40.2863 ], [ -3.48, 40.2864 ], [ -3.4796, 40.2869 ], [ -3.4794, 40.2869 ], [ -3.4784, 40.2879 ], [ -3.4776, 40.2883 ], [ -3.4773, 40.2886 ], [ -3.4763, 40.289 ], [ -3.476, 40.2893 ], [ -3.4758, 40.2893 ], [ -3.475, 40.2898 ], [ -3.475, 40.2899 ], [ -3.4748, 40.2899 ], [ -3.4748, 40.29 ], [ -3.4741, 40.2903 ], [ -3.4741, 40.2904 ], [ -3.4738, 40.2904 ], [ -3.4724, 40.2918 ], [ -3.4718, 40.2921 ], [ -3.4717, 40.2923 ], [ -3.4726, 40.2921 ], [ -3.4735, 40.2921 ], [ -3.4736, 40.2922 ], [ -3.4738, 40.292 ], [ -3.4748, 40.2919 ], [ -3.4748, 40.2918 ], [ -3.475, 40.2918 ], [ -3.4754, 40.2915 ], [ -3.4758, 40.2914 ], [ -3.4758, 40.2913 ], [ -3.4762, 40.2912 ], [ -3.4769, 40.2906 ], [ -3.4771, 40.2906 ], [ -3.4777, 40.2902 ], [ -3.4787, 40.2898 ], [ -3.4794, 40.2893 ], [ -3.4796, 40.2893 ], [ -3.4796, 40.2892 ], [ -3.4807, 40.2887 ], [ -3.4804, 40.289 ], [ -3.48, 40.2891 ], [ -3.4798, 40.2893 ], [ -3.4796, 40.2893 ], [ -3.4794, 40.2895 ], [ -3.4792, 40.2895 ], [ -3.479, 40.2897 ], [ -3.4775, 40.2904 ], [ -3.476, 40.2914 ], [ -3.4748, 40.2919 ], [ -3.4748, 40.292 ], [ -3.4743, 40.292 ], [ -3.4738, 40.2922 ], [ -3.4737, 40.2922 ], [ -3.4737, 40.2922 ], [ -3.4737, 40.2922 ], [ -3.4736, 40.2922 ], [ -3.4726, 40.2922 ], [ -3.4719, 40.2924 ], [ -3.4715, 40.2923 ] ] ] } },
{ "type": "Feature", "properties": { "municipio": "Arganda del Rey", "clasificacion": "urbanizable-no-sectorizado", "calificacion": "sin-asignar", "version": "vigente", "fuente": "SIT-CAM WFS — UsoDelSuelo:VPLA_V_CLASIFICACION (https://idem.comunidad.madrid/geosrvg/ows)", "fecha_dato": "2026-05-12", "ambito": "38587", "_raw_CD_SIGLAS": "SUBNS_A", "_raw_DS_CLASIF_GEN": "Suelo No Urbanizable Común (APLAZADO)", "_raw_DS_CLASIF_DET": "Suelo No Urbanizable Reserva Estratégica", "_raw_DS_DOCU": "PLAN GENERAL", "_raw_DS_LEY": "CM Ley 9/1995, E RDL 1/1992, E RD 1346/1976", "_raw_FC_AC": "1999-01-14", "_raw_NM_AREA_M2": 144616.10311250601, "_cam_code": "014" }, "geometry": { "type": "Polygon", "coordinates": [ [ [ -3.4053, 40.2803 ], [ -3.4061, 40.2806 ], [ -3.4069, 40.2814 ], [ -3.4072, 40.2806 ], [ -3.4075, 40.2803 ], [ -3.4084, 40.2808 ], [ -3.4083, 40.2801 ], [ -3.4086, 40.28 ], [ -3.4116, 40.2799 ], [ -3.4079, 40.2754 ], [ -3.4073, 40.2766 ], [ -3.4072, 40.2766 ], [ -3.4072, 40.2772 ], [ -3.4067, 40.2778 ], [ -3.4063, 40.2788 ], [ -3.4064, 40.2788 ], [ -3.4063, 40.2795 ], [ -3.4066, 40.2794 ], [ -3.4068, 40.2797 ], [ -3.4056, 40.2799 ], [ -3.4053, 40.2803 ] ] ] } },
{ "type": "Feature", "properties": { "municipio": "Arganda del Rey", "clasificacion": "urbanizable-no-sectorizado", "calificacion": "sin-asignar", "version": "vigente", "fuente": "SIT-CAM WFS — UsoDelSuelo:VPLA_V_CLASIFICACION (https://idem.comunidad.madrid/geosrvg/ows)", "fecha_dato": "2026-05-12", "ambito": "38587", "_raw_CD_SIGLAS": "SUBNS_A", "_raw_DS_CLASIF_GEN": "Suelo No Urbanizable Común (APLAZADO)", "_raw_DS_CLASIF_DET": "Suelo No Urbanizable Común Aplazado", "_raw_DS_DOCU": "PLAN GENERAL", "_raw_DS_LEY": "CM Ley 9/1995, E RDL 1/1992, E RD 1346/1976", "_raw_FC_AC": "1999-01-14", "_raw_NM_AREA_M2": 2152664.0209997599, "_cam_code": "014" }, "geometry": { "type": "Polygon", "coordinates": [ [ [ -3.386, 40.2737 ], [ -3.3864, 40.2744 ], [ -3.3881, 40.2753 ], [ -3.3884, 40.2757 ], [ -3.3892, 40.2761 ], [ -3.3895, 40.2764 ], [ -3.3897, 40.2764 ], [ -3.3897, 40.2765 ], [ -3.3911, 40.2773 ], [ -3.3916, 40.2774 ], [ -3.3932, 40.279 ], [ -3.3949, 40.2795 ], [ -3.3983, 40.2814 ], [ -3.3985, 40.2814 ], [ -3.3979, 40.2809 ], [ -3.3978, 40.2805 ], [ -3.3971, 40.2796 ], [ -3.3972, 40.2785 ], [ -3.397, 40.2783 ], [ -3.3969, 40.2776 ], [ -3.3971, 40.2776 ], [ -3.3974, 40.277 ], [ -3.3983, 40.2769 ], [ -3.3987, 40.2761 ], [ -3.3988, 40.2761 ], [ -3.3982, 40.2754 ], [ -3.3983, 40.2748 ], [ -3.3987, 40.2744 ], [ -3.3991, 40.2743 ], [ -3.3993, 40.274 ], [ -3.3996, 40.2739 ], [ -3.4005, 40.2739 ], [ -3.4022, 40.2746 ], [ -3.4031, 40.2745 ], [ -3.4045, 40.2749 ], [ -3.4045, 40.275 ], [ -3.4062, 40.2751 ], [ -3.4074, 40.2754 ], [ -3.4076, 40.2754 ], [ -3.4077, 40.2751 ], [ -3.4057, 40.2726 ], [ -3.4008, 40.2696 ], [ -3.3997, 40.2692 ], [ -3.3938, 40.2686 ], [ -3.3907, 40.2676 ], [ -3.3896, 40.267 ], [ -3.3847, 40.2635 ], [ -3.3813, 40.2609 ], [ -3.3789, 40.2596 ], [ -3.3777, 40.2615 ], [ -3.3777, 40.2621 ], [ -3.378, 40.2634 ], [ -3.3791, 40.2648 ], [ -3.3793, 40.2653 ], [ -3.3794, 40.2653 ], [ -3.3794, 40.2656 ], [ -3.3795, 40.2656 ], [ -3.3795, 40.2663 ], [ -3.3799, 40.2674 ], [ -3.3799, 40.2678 ], [ -3.38, 40.2678 ], [ -3.38, 40.2684 ], [ -3.3801, 40.2684 ], [ -3.3802, 40.2689 ], [ -3.3803, 40.2689 ], [ -3.3802, 40.2695 ], [ -3.3799, 40.2701 ], [ -3.3814, 40.2718 ], [ -3.3814, 40.2721 ], [ -3.381, 40.2724 ], [ -3.3825, 40.2734 ], [ -3.3836, 40.273 ], [ -3.3842, 40.2731 ], [ -3.3856, 40.2734 ], [ -3.386, 40.2737 ] ] ] } },
{ "type": "Feature", "properties": { "municipio": "Arganda del Rey", "clasificacion": "urbanizable-no-sectorizado", "calificacion": "sin-asignar", "version": "vigente", "fuente": "SIT-CAM WFS — UsoDelSuelo:VPLA_V_CLASIFICACION (https://idem.comunidad.madrid/geosrvg/ows)", "fecha_dato": "2026-05-12", "ambito": "38587", "_raw_CD_SIGLAS": "SUBNS_A", "_raw_DS_CLASIF_GEN": "Suelo No Urbanizable Común (APLAZADO)", "_raw_DS_CLASIF_DET": "Suelo No Urbanizable Común Aplazado", "_raw_DS_DOCU": "PLAN GENERAL", "_raw_DS_LEY": "CM Ley 9/1995, E RDL 1/1992, E RD 1346/1976", "_raw_FC_AC": "1999-01-14", "_raw_NM_AREA_M2": 204431.48161240801, "_cam_code": "014" }, "geometry": { "type": "Polygon", "coordinates": [ [ [ -3.4028, 40.2746 ], [ -3.4024, 40.2747 ], [ -3.4024, 40.2749 ], [ -3.4019, 40.2754 ], [ -3.4018, 40.2765 ], [ -3.4019, 40.277 ], [ -3.4028, 40.2771 ], [ -3.4033, 40.2776 ], [ -3.4033, 40.2779 ], [ -3.4028, 40.2783 ], [ -3.4027, 40.2792 ], [ -3.4034, 40.2797 ], [ -3.4035, 40.28 ], [ -3.4036, 40.28 ], [ -3.4036, 40.2806 ], [ -3.4034, 40.2809 ], [ -3.4038, 40.2813 ], [ -3.4038, 40.2816 ], [ -3.4039, 40.2816 ], [ -3.4055, 40.2797 ], [ -3.4066, 40.2776 ], [ -3.407, 40.2771 ], [ -3.407, 40.2765 ], [ -3.4071, 40.2765 ], [ -3.4076, 40.2755 ], [ -3.4062, 40.2752 ], [ -3.4046, 40.2751 ], [ -3.404, 40.2748 ], [ -3.4028, 40.2746 ] ] ] } },
{ "type": "Feature", "properties": { "municipio": "Arganda del Rey", "clasificacion": "urbanizable-sectorizado", "calificacion": "sin-asignar", "version": "vigente", "fuente": "SIT-CAM WFS — UsoDelSuelo:VPLA_V_CLASIFICACION (https://idem.comunidad.madrid/geosrvg/ows)", "fecha_dato": "2026-05-12", "ambito": "38587", "_raw_CD_SIGLAS": "SUBS", "_raw_DS_CLASIF_GEN": "Suelo Urbanizable Programado (INCORPORADO)", "_raw_DS_CLASIF_DET": "Suelo Urbanizable Programado Incorporado", "_raw_DS_DOCU": "PLAN GENERAL", "_raw_DS_LEY": "CM Ley 9/1995, E RDL 1/1992, E RD 1346/1976", "_raw_FC_AC": "1999-01-14", "_raw_NM_AREA_M2": 97101.116412708594, "_cam_code": "014" }, "geometry": { "type": "Polygon", "coordinates": [ [ [ -3.4585, 40.3007 ], [ -3.4588, 40.3003 ], [ -3.4598, 40.3001 ], [ -3.4617, 40.2993 ], [ -3.4612, 40.2975 ], [ -3.4606, 40.2974 ], [ -3.459, 40.2976 ], [ -3.4585, 40.2978 ], [ -3.456, 40.3003 ], [ -3.4571, 40.3002 ], [ -3.4572, 40.3001 ], [ -3.4585, 40.3007 ] ] ] } },
{ "type": "Feature", "properties": { "municipio": "Arganda del Rey", "clasificacion": "urbanizable-sectorizado", "calificacion": "sin-asignar", "version": "vigente", "fuente": "SIT-CAM WFS — UsoDelSuelo:VPLA_V_CLASIFICACION (https://idem.comunidad.madrid/geosrvg/ows)", "fecha_dato": "2026-05-12", "ambito": "38587", "_raw_CD_SIGLAS": "SUBS", "_raw_DS_CLASIF_GEN": "Suelo Urbanizable Programado", "_raw_DS_CLASIF_DET": "Suelo Urbanizable Programado", "_raw_DS_DOCU": "PLAN GENERAL", "_raw_DS_LEY": "CM Ley 9/1995, E RDL 1/1992, E RD 1346/1976", "_raw_FC_AC": "1999-01-14", "_raw_NM_AREA_M2": 387833.817862586, "_cam_code": "014" }, "geometry": { "type": "Polygon", "coordinates": [ [ [ -3.445, 40.2967 ], [ -3.4468, 40.2968 ], [ -3.447, 40.2966 ], [ -3.4474, 40.2966 ], [ -3.4473, 40.2964 ], [ -3.4481, 40.2961 ], [ -3.4487, 40.2961 ], [ -3.4493, 40.2963 ], [ -3.4494, 40.2965 ], [ -3.4501, 40.2964 ], [ -3.4502, 40.296 ], [ -3.4501, 40.2955 ], [ -3.4499, 40.2952 ], [ -3.45, 40.295 ], [ -3.4497, 40.2945 ], [ -3.4516, 40.2944 ], [ -3.4517, 40.2945 ], [ -3.4527, 40.2945 ], [ -3.453, 40.2947 ], [ -3.453, 40.2945 ], [ -3.4529, 40.2945 ], [ -3.4528, 40.2942 ], [ -3.452, 40.2938 ], [ -3.4515, 40.2938 ], [ -3.4515, 40.2935 ], [ -3.4514, 40.2934 ], [ -3.4511, 40.2935 ], [ -3.4508, 40.293 ], [ -3.4503, 40.2932 ], [ -3.4501, 40.2938 ], [ -3.4498, 40.294 ], [ -3.4498, 40.2938 ], [ -3.4496, 40.2937 ], [ -3.4495, 40.2932 ], [ -3.4487, 40.293 ], [ -3.4472, 40.2922 ], [ -3.447, 40.2923 ], [ -3.4467, 40.2922 ], [ -3.4463, 40.2924 ], [ -3.446, 40.292 ], [ -3.4461, 40.2914 ], [ -3.4459, 40.2915 ], [ -3.4454, 40.2914 ], [ -3.4447, 40.2917 ], [ -3.4447, 40.2918 ], [ -3.4445, 40.2918 ], [ -3.4441, 40.2922 ], [ -3.4439, 40.292 ], [ -3.444, 40.2919 ], [ -3.4458, 40.2911 ], [ -3.4464, 40.2895 ], [ -3.4452, 40.2893 ], [ -3.4429, 40.2894 ], [ -3.4428, 40.2895 ], [ -3.4424, 40.2895 ], [ -3.4424, 40.2894 ], [ -3.4421, 40.2895 ], [ -3.442, 40.2896 ], [ -3.4421, 40.2904 ], [ -3.4429, 40.2912 ], [ -3.443, 40.292 ], [ -3.4433, 40.2929 ], [ -3.443, 40.2933 ], [ -3.4426, 40.2944 ], [ -3.4421, 40.2951 ], [ -3.442, 40.2955 ], [ -3.4418, 40.2956 ], [ -3.4417, 40.2954 ], [ -3.4414, 40.2957 ], [ -3.4415, 40.2962 ], [ -3.4417, 40.2963 ], [ -3.4419, 40.2961 ], [ -3.4441, 40.2961 ], [ -3.4449, 40.2965 ], [ -3.445, 40.2967 ] ] ] } },
{ "type": "Feature", "properties": { "municipio": "Arganda del Rey", "clasificacion": "urbanizable-sectorizado", "calificacion": "sin-asignar", "version": "vigente", "fuente": "SIT-CAM WFS — UsoDelSuelo:VPLA_V_CLASIFICACION (https://idem.comunidad.madrid/geosrvg/ows)", "fecha_dato": "2026-05-12", "ambito": "38587", "_raw_CD_SIGLAS": "SUBS", "_raw_DS_CLASIF_GEN": "Suelo Urbanizable Programado (INCORPORADO)", "_raw_DS_CLASIF_DET": "Suelo Urbanizable Programado Incorporado", "_raw_DS_DOCU": "PLAN GENERAL", "_raw_DS_LEY": "CM Ley 9/1995, E RDL 1/1992, E RD 1346/1976", "_raw_FC_AC": "1999-01-14", "_raw_NM_AREA_M2": 856062.19720019295, "_cam_code": "014" }, "geometry": { "type": "Polygon", "coordinates": [ [ [ -3.4583, 40.3198 ], [ -3.4589, 40.3196 ], [ -3.459, 40.3192 ], [ -3.4587, 40.3189 ], [ -3.4585, 40.3189 ], [ -3.4582, 40.3184 ], [ -3.4579, 40.3183 ], [ -3.4587, 40.3181 ], [ -3.4583, 40.3178 ], [ -3.4581, 40.3178 ], [ -3.4563, 40.3156 ], [ -3.4559, 40.3149 ], [ -3.4557, 40.3148 ], [ -3.4548, 40.3136 ], [ -3.455, 40.3135 ], [ -3.4545, 40.313 ], [ -3.4568, 40.3083 ], [ -3.4569, 40.3083 ], [ -3.4504, 40.3053 ], [ -3.4484, 40.3065 ], [ -3.4482, 40.3069 ], [ -3.4483, 40.3069 ], [ -3.4484, 40.3073 ], [ -3.4476, 40.3067 ], [ -3.4477, 40.307 ], [ -3.4473, 40.3075 ], [ -3.4468, 40.3075 ], [ -3.4468, 40.3074 ], [ -3.4465, 40.3075 ], [ -3.4463, 40.3074 ], [ -3.4461, 40.3069 ], [ -3.4456, 40.3065 ], [ -3.442, 40.3052 ], [ -3.4405, 40.3049 ], [ -3.4407, 40.3054 ], [ -3.4409, 40.3054 ], [ -3.4414, 40.3063 ], [ -3.4414, 40.3067 ], [ -3.4415, 40.3067 ], [ -3.4416, 40.3074 ], [ -3.4418, 40.3078 ], [ -3.4418, 40.3082 ], [ -3.4424, 40.3093 ], [ -3.4423, 40.31 ], [ -3.4424, 40.3101 ], [ -3.4425, 40.3119 ], [ -3.4417, 40.313 ], [ -3.4411, 40.3141 ], [ -3.4402, 40.3149 ], [ -3.441, 40.3153 ], [ -3.4415, 40.3161 ], [ -3.4426, 40.3161 ], [ -3.4437, 40.3164 ], [ -3.4434, 40.3167 ], [ -3.4433, 40.317 ], [ -3.4433, 40.3174 ], [ -3.4434, 40.3174 ], [ -3.4435, 40.317 ], [ -3.4442, 40.3164 ], [ -3.4455, 40.316 ], [ -3.4462, 40.3156 ], [ -3.4459, 40.3154 ], [ -3.4457, 40.315 ], [ -3.4456, 40.3151 ], [ -3.4452, 40.3149 ], [ -3.4453, 40.3148 ], [ -3.4451, 40.3146 ], [ -3.445, 40.3147 ], [ -3.4449, 40.3145 ], [ -3.4446, 40.3145 ], [ -3.4447, 40.3143 ], [ -3.445, 40.3142 ], [ -3.4454, 40.3131 ], [ -3.4456, 40.3129 ], [ -3.4455, 40.3127 ], [ -3.4453, 40.3128 ], [ -3.4453, 40.3126 ], [ -3.4447, 40.3118 ], [ -3.4453, 40.3116 ], [ -3.4454, 40.3113 ], [ -3.4457, 40.311 ], [ -3.4468, 40.3113 ], [ -3.447, 40.3112 ], [ -3.4465, 40.3107 ], [ -3.4468, 40.3101 ], [ -3.4466, 40.3102 ], [ -3.4462, 40.3098 ], [ -3.4471, 40.3098 ], [ -3.4483, 40.3104 ], [ -3.4487, 40.3104 ], [ -3.4488, 40.3106 ], [ -3.449, 40.3106 ], [ -3.4495, 40.3098 ], [ -3.4495, 40.3094 ], [ -3.4497, 40.3094 ], [ -3.4498, 40.3096 ], [ -3.4503, 40.3095 ], [ -3.4509, 40.3103 ], [ -3.4527, 40.3122 ], [ -3.4529, 40.3122 ], [ -3.4535, 40.3127 ], [ -3.454, 40.3134 ], [ -3.4542, 40.3135 ], [ -3.4574, 40.3177 ], [ -3.4572, 40.3178 ], [ -3.4581, 40.3189 ], [ -3.4579, 40.319 ], [ -3.4581, 40.3193 ], [ -3.4578, 40.3194 ], [ -3.4578, 40.3195 ], [ -3.4583, 40.3198 ] ] ] } },
{ "type": "Feature", "properties": { "municipio": "Arganda del Rey", "clasificacion": "urbanizable-sectorizado", "calificacion": "sin-asignar", "version": "vigente", "fuente": "SIT-CAM WFS — UsoDelSuelo:VPLA_V_CLASIFICACION (https://idem.comunidad.madrid/geosrvg/ows)", "fecha_dato": "2026-05-12", "ambito": "38587", "_raw_CD_SIGLAS": "SUBS", "_raw_DS_CLASIF_GEN": "Suelo Urbanizable Programado", "_raw_DS_CLASIF_DET": "Suelo Urbanizable Programado", "_raw_DS_DOCU": "PLAN GENERAL", "_raw_DS_LEY": "CM Ley 9/1995, E RDL 1/1992, E RD 1346/1976", "_raw_FC_AC": "1999-01-14", "_raw_NM_AREA_M2": 236559.532699787, "_cam_code": "014" }, "geometry": { "type": "Polygon", "coordinates": [ [ [ -3.4316, 40.2978 ], [ -3.4313, 40.2984 ], [ -3.432, 40.2986 ], [ -3.4322, 40.2981 ], [ -3.4325, 40.2983 ], [ -3.4326, 40.2982 ], [ -3.4328, 40.2984 ], [ -3.4328, 40.2974 ], [ -3.4325, 40.2963 ], [ -3.4327, 40.295 ], [ -3.4324, 40.2943 ], [ -3.4326, 40.2942 ], [ -3.4326, 40.294 ], [ -3.4312, 40.2932 ], [ -3.4306, 40.2921 ], [ -3.4301, 40.2917 ], [ -3.4288, 40.2921 ], [ -3.4283, 40.2931 ], [ -3.4279, 40.2932 ], [ -3.4277, 40.2935 ], [ -3.4276, 40.2933 ], [ -3.4271, 40.2933 ], [ -3.4271, 40.293 ], [ -3.4269, 40.2928 ], [ -3.4264, 40.2932 ], [ -3.4259, 40.2933 ], [ -3.4264, 40.2935 ], [ -3.4265, 40.2937 ], [ -3.4257, 40.2938 ], [ -3.4255, 40.294 ], [ -3.4258, 40.2944 ], [ -3.4255, 40.2947 ], [ -3.4256, 40.295 ], [ -3.4263, 40.2951 ], [ -3.4264, 40.2949 ], [ -3.4285, 40.2964 ], [ -3.4289, 40.296 ], [ -3.4295, 40.296 ], [ -3.43, 40.2963 ], [ -3.4302, 40.2961 ], [ -3.4308, 40.2967 ], [ -3.4307, 40.2971 ], [ -3.4302, 40.2972 ], [ -3.4303, 40.2975 ], [ -3.4305, 40.2977 ], [ -3.4306, 40.2976 ], [ -3.4307, 40.2978 ], [ -3.4309, 40.2977 ], [ -3.431, 40.2978 ], [ -3.4316, 40.2978 ] ] ] } },
{ "type": "Feature", "properties": { "municipio": "Arganda del Rey", "clasificacion": "urbanizable-sectorizado", "calificacion": "sin-asignar", "version": "vigente", "fuente": "SIT-CAM WFS — UsoDelSuelo:VPLA_V_CLASIFICACION (https://idem.comunidad.madrid/geosrvg/ows)", "fecha_dato": "2026-05-12", "ambito": "38587", "_raw_CD_SIGLAS": "SUBS", "_raw_DS_CLASIF_GEN": "Suelo Urbanizable Programado (INCORPORADO)", "_raw_DS_CLASIF_DET": "Suelo Urbanizable Programado Incorporado", "_raw_DS_DOCU": "PLAN GENERAL", "_raw_DS_LEY": "CM Ley 9/1995, E RDL 1/1992, E RD 1346/1976", "_raw_FC_AC": "1999-01-14", "_raw_NM_AREA_M2": 333522.630262319, "_cam_code": "014" }, "geometry": { "type": "Polygon", "coordinates": [ [ [ -3.4736, 40.2996 ], [ -3.474, 40.3 ], [ -3.4768, 40.2994 ], [ -3.4787, 40.2998 ], [ -3.4798, 40.2988 ], [ -3.4793, 40.2988 ], [ -3.4792, 40.2986 ], [ -3.479, 40.2986 ], [ -3.4788, 40.2984 ], [ -3.4774, 40.2982 ], [ -3.4774, 40.2981 ], [ -3.4767, 40.298 ], [ -3.4767, 40.2979 ], [ -3.4757, 40.2978 ], [ -3.4737, 40.2973 ], [ -3.4713, 40.2971 ], [ -3.4712, 40.2969 ], [ -3.4707, 40.2969 ], [ -3.4705, 40.2967 ], [ -3.4691, 40.2964 ], [ -3.4691, 40.2963 ], [ -3.4654, 40.2958 ], [ -3.4642, 40.2961 ], [ -3.4654, 40.2966 ], [ -3.4641, 40.2966 ], [ -3.4622, 40.2969 ], [ -3.4619, 40.297 ], [ -3.4617, 40.2973 ], [ -3.4613, 40.2975 ], [ -3.4618, 40.2996 ], [ -3.4632, 40.2989 ], [ -3.4636, 40.2989 ], [ -3.464, 40.2994 ], [ -3.4634, 40.2997 ], [ -3.4635, 40.2999 ], [ -3.4639, 40.2998 ], [ -3.4642, 40.2999 ], [ -3.4669, 40.2985 ], [ -3.4674, 40.2987 ], [ -3.4683, 40.2986 ], [ -3.4694, 40.298 ], [ -3.4703, 40.2978 ], [ -3.4703, 40.2977 ], [ -3.4706, 40.2977 ], [ -3.4706, 40.2976 ], [ -3.4725, 40.298 ], [ -3.4736, 40.2996 ] ] ] } },
{ "type": "Feature", "properties": { "municipio": "Arganda del Rey", "clasificacion": "urbanizable-sectorizado", "calificacion": "sin-asignar", "version": "vigente", "fuente": "SIT-CAM WFS — UsoDelSuelo:VPLA_V_CLASIFICACION (https://idem.comunidad.madrid/geosrvg/ows)", "fecha_dato": "2026-05-12", "ambito": "38587", "_raw_CD_SIGLAS": "SUBS_A", "_raw_DS_CLASIF_GEN": "Suelo Urbanizable Programado (APLAZADO)", "_raw_DS_CLASIF_DET": "Suelo Urbanizable Programado", "_raw_DS_DOCU": "PLAN GENERAL", "_raw_DS_LEY": "CM Ley 9/1995, E RDL 1/1992, E RD 1346/1976", "_raw_FC_AC": "1999-01-14", "_raw_NM_AREA_M2": 2787704.79882546, "_cam_code": "014" }, "geometry": { "type": "Polygon", "coordinates": [ [ [ -3.3979, 40.267 ], [ -3.3998, 40.2669 ], [ -3.4013, 40.2664 ], [ -3.4033, 40.2651 ], [ -3.4058, 40.264 ], [ -3.4074, 40.2636 ], [ -3.4085, 40.2635 ], [ -3.4087, 40.2635 ], [ -3.4088, 40.2641 ], [ -3.4074, 40.2643 ], [ -3.4067, 40.2657 ], [ -3.4066, 40.2657 ], [ -3.4066, 40.2659 ], [ -3.4068, 40.2661 ], [ -3.4072, 40.2663 ], [ -3.4079, 40.2663 ], [ -3.4085, 40.2649 ], [ -3.4088, 40.2647 ], [ -3.4093, 40.2647 ], [ -3.41, 40.2653 ], [ -3.4105, 40.2655 ], [ -3.411, 40.266 ], [ -3.4116, 40.2659 ], [ -3.4118, 40.2658 ], [ -3.4118, 40.2655 ], [ -3.4121, 40.2652 ], [ -3.4124, 40.2644 ], [ -3.4108, 40.2642 ], [ -3.4107, 40.2641 ], [ -3.409, 40.2641 ], [ -3.4089, 40.2635 ], [ -3.4106, 40.2634 ], [ -3.4128, 40.2639 ], [ -3.4132, 40.2635 ], [ -3.4132, 40.2627 ], [ -3.4131, 40.2626 ], [ -3.4133, 40.2619 ], [ -3.4135, 40.2618 ], [ -3.4137, 40.2614 ], [ -3.4143, 40.2609 ], [ -3.415, 40.2606 ], [ -3.415, 40.2605 ], [ -3.4158, 40.2604 ], [ -3.416, 40.26 ], [ -3.4164, 40.2597 ], [ -3.4165, 40.2593 ], [ -3.4166, 40.2593 ], [ -3.4162, 40.2592 ], [ -3.4162, 40.2591 ], [ -3.4148, 40.259 ], [ -3.4147, 40.2594 ], [ -3.4142, 40.2594 ], [ -3.4142, 40.2593 ], [ -3.4132, 40.2591 ], [ -3.4131, 40.2588 ], [ -3.4133, 40.2586 ], [ -3.4135, 40.2578 ], [ -3.4134, 40.2578 ], [ -3.4134, 40.2575 ], [ -3.4132, 40.2575 ], [ -3.4132, 40.2573 ], [ -3.4131, 40.2573 ], [ -3.4132, 40.2571 ], [ -3.4131, 40.257 ], [ -3.4123, 40.257 ], [ -3.4123, 40.2571 ], [ -3.4119, 40.2572 ], [ -3.4116, 40.2576 ], [ -3.4114, 40.2576 ], [ -3.4113, 40.2578 ], [ -3.4109, 40.2578 ], [ -3.4109, 40.2579 ], [ -3.4106, 40.2579 ], [ -3.4106, 40.258 ], [ -3.4097, 40.258 ], [ -3.4097, 40.2581 ], [ -3.4088, 40.2581 ], [ -3.4088, 40.258 ], [ -3.4086, 40.258 ], [ -3.4084, 40.2575 ], [ -3.4083, 40.2575 ], [ -3.4084, 40.257 ], [ -3.4082, 40.2569 ], [ -3.4076, 40.2571 ], [ -3.4076, 40.2572 ], [ -3.4076, 40.2571 ], [ -3.4044, 40.2553 ], [ -3.3958, 40.2484 ], [ -3.3921, 40.2493 ], [ -3.3903, 40.2527 ], [ -3.3868, 40.2607 ], [ -3.3872, 40.2611 ], [ -3.3873, 40.2616 ], [ -3.3881, 40.2617 ], [ -3.3884, 40.2619 ], [ -3.3886, 40.2618 ], [ -3.3922, 40.2639 ], [ -3.3926, 40.2642 ], [ -3.3924, 40.2643 ], [ -3.3928, 40.2645 ], [ -3.3929, 40.265 ], [ -3.3931, 40.265 ], [ -3.3931, 40.2651 ], [ -3.3936, 40.265 ], [ -3.394, 40.2653 ], [ -3.3941, 40.2651 ], [ -3.3967, 40.2666 ], [ -3.3979, 40.2669 ], [ -3.3979, 40.267 ] ] ] } }
]
}
