{
"type": "FeatureCollection",
"name": "vigente.full",
"features": [
{ "type": "Feature", "properties": { "municipio": "Valdemanco", "clasificacion": "no-urbanizable-protegido", "calificacion": "sin-asignar", "version": "vigente", "fuente": "SIT-CAM WFS — UsoDelSuelo:VPLA_V_CLASIFICACION (https://idem.comunidad.madrid/geosrvg/ows)", "fecha_dato": "2026-05-12", "ambito": "34013", "_raw_CD_SIGLAS": "SNUP", "_raw_DS_CLASIF_GEN": "Suelo No Urbanizable Protegido", "_raw_DS_CLASIF_DET": "Suelo No Urbanizable Clase IV. Espacios de Interés Agropecuario Extensivo", "_raw_DS_DOCU": "NORMAS SUBSIDIARIAS", "_raw_DS_LEY": "CM Ley 9/1995, E RD 1346/1976", "_raw_FC_AC": "1997-10-28", "_raw_NM_AREA_M2": 70725.399401056202, "_cam_code": "158" }, "geometry": { "type": "Polygon", "coordinates": [ [ [ -3.6674, 40.8759 ], [ -3.667, 40.8759 ], [ -3.6667, 40.8763 ], [ -3.6675, 40.8779 ], [ -3.6679, 40.8781 ], [ -3.6687, 40.8778 ], [ -3.6686, 40.8776 ], [ -3.6688, 40.8774 ], [ -3.6708, 40.876 ], [ -3.6715, 40.8752 ], [ -3.6709, 40.8746 ], [ -3.6706, 40.8741 ], [ -3.6705, 40.8742 ], [ -3.6706, 40.8758 ], [ -3.6702, 40.8758 ], [ -3.6695, 40.8755 ], [ -3.6685, 40.8748 ], [ -3.6679, 40.8757 ], [ -3.6674, 40.8759 ] ] ] } },
{ "type": "Feature", "properties": { "municipio": "Valdemanco", "clasificacion": "no-urbanizable-protegido", "calificacion": "sin-asignar", "version": "vigente", "fuente": "SIT-CAM WFS — UsoDelSuelo:VPLA_V_CLASIFICACION (https://idem.comunidad.madrid/geosrvg/ows)", "fecha_dato": "2026-05-12", "ambito": "34013", "_raw_CD_SIGLAS": "SNUP", "_raw_DS_CLASIF_GEN": "Suelo No Urbanizable Protegido", "_raw_DS_CLASIF_DET": "Suelo No Urbanizable Clase IV. Espacios de Interés Agropecuario Extensivo", "_raw_DS_DOCU": "NORMAS SUBSIDIARIAS", "_raw_DS_LEY": "CM Ley 9/1995, E RD 1346/1976", "_raw_FC_AC": "1997-10-28", "_raw_NM_AREA_M2": 65486.199805293298, "_cam_code": "158" }, "geometry": { "type": "Polygon", "coordinates": [ [ [ -3.6441, 40.8595 ], [ -3.6442, 40.8607 ], [ -3.6443, 40.8607 ], [ -3.6444, 40.8596 ], [ -3.6446, 40.8589 ], [ -3.6452, 40.8592 ], [ -3.6467, 40.8577 ], [ -3.6447, 40.8565 ], [ -3.643, 40.8558 ], [ -3.6431, 40.8566 ], [ -3.6441, 40.8595 ] ] ] } },
{ "type": "Feature", "properties": { "municipio": "Valdemanco", "clasificacion": "no-urbanizable-protegido", "calificacion": "sin-asignar", "version": "vigente", "fuente": "SIT-CAM WFS — UsoDelSuelo:VPLA_V_CLASIFICACION (https://idem.comunidad.madrid/geosrvg/ows)", "fecha_dato": "2026-05-12", "ambito": "34013", "_raw_CD_SIGLAS": "SNUP", "_raw_DS_CLASIF_GEN": "Suelo No Urbanizable Protegido", "_raw_DS_CLASIF_DET": "Suelo No Urbanizable Clase IV. Espacios de Interés Agropecuario Extensivo", "_raw_DS_DOCU": "NORMAS SUBSIDIARIAS", "_raw_DS_LEY": "CM Ley 9/1995, E RD 1346/1976", "_raw_FC_AC": "1997-10-28", "_raw_NM_AREA_M2": 225624.83201489499, "_cam_code": "158" }, "geometry": { "type": "Polygon", "coordinates": [ [ [ -3.6496, 40.8581 ], [ -3.6504, 40.8585 ], [ -3.6515, 40.8587 ], [ -3.6528, 40.8597 ], [ -3.6528, 40.86 ], [ -3.6542, 40.8605 ], [ -3.6536, 40.8614 ], [ -3.6546, 40.8622 ], [ -3.6557, 40.8619 ], [ -3.6559, 40.8607 ], [ -3.6541, 40.8601 ], [ -3.6522, 40.8583 ], [ -3.6514, 40.8578 ], [ -3.6512, 40.857 ], [ -3.6504, 40.8556 ], [ -3.6488, 40.8548 ], [ -3.6476, 40.8545 ], [ -3.6451, 40.8541 ], [ -3.6448, 40.8543 ], [ -3.6442, 40.8557 ], [ -3.649, 40.8586 ], [ -3.6496, 40.8581 ] ] ] } },
{ "type": "Feature", "properties": { "municipio": "Valdemanco", "clasificacion": "no-urbanizable-protegido", "calificacion": "sin-asignar", "version": "vigente", "fuente": "SIT-CAM WFS — UsoDelSuelo:VPLA_V_CLASIFICACION (https://idem.comunidad.madrid/geosrvg/ows)", "fecha_dato": "2026-05-12", "ambito": "34013", "_raw_CD_SIGLAS": "SNUP", "_raw_DS_CLASIF_GEN": "Suelo No Urbanizable Protegido", "_raw_DS_CLASIF_DET": "Suelo No Urbanizable Clase IV. Espacios de Interés Agropecuario Extensivo", "_raw_DS_DOCU": "NORMAS SUBSIDIARIAS", "_raw_DS_LEY": "CM Ley 9/1995, E RD 1346/1976", "_raw_FC_AC": "1997-10-28", "_raw_NM_AREA_M2": 10030.39907542, "_cam_code": "158" }, "geometry": { "type": "Polygon", "coordinates": [ [ [ -3.6567, 40.8616 ], [ -3.6563, 40.8619 ], [ -3.6561, 40.8625 ], [ -3.6563, 40.8629 ], [ -3.6572, 40.8631 ], [ -3.6571, 40.8623 ], [ -3.6567, 40.8616 ] ] ] } },
{ "type": "Feature", "properties": { "municipio": "Valdemanco", "clasificacion": "no-urbanizable-protegido", "calificacion": "sin-asignar", "version": "vigente", "fuente": "SIT-CAM WFS — UsoDelSuelo:VPLA_V_CLASIFICACION (https://idem.comunidad.madrid/geosrvg/ows)", "fecha_dato": "2026-05-12", "ambito": "34013", "_raw_CD_SIGLAS": "SNUP", "_raw_DS_CLASIF_GEN": "Suelo No Urbanizable Protegido", "_raw_DS_CLASIF_DET": "Suelo No Urbanizable Clase I.2 Espacios Protegidos: Vías Pecuarias", "_raw_DS_DOCU": "NORMAS SUBSIDIARIAS", "_raw_DS_LEY": "CM Ley 9/1995, E RD 1346/1976", "_raw_FC_AC": "1997-10-28", "_raw_NM_AREA_M2": 3493.5606863041899, "_cam_code": "158" }, "geometry": { "type": "Polygon", "coordinates": [ [ [ -3.6647, 40.8617 ], [ -3.6646, 40.8618 ], [ -3.6647, 40.8625 ], [ -3.6644, 40.8628 ], [ -3.6646, 40.8639 ], [ -3.6648, 40.8631 ], [ -3.6647, 40.8617 ] ] ] } },
{ "type": "Feature", "properties": { "municipio": "Valdemanco", "clasificacion": "no-urbanizable-protegido", "calificacion": "sin-asignar", "version": "vigente", "fuente": "SIT-CAM WFS — UsoDelSuelo:VPLA_V_CLASIFICACION (https://idem.comunidad.madrid/geosrvg/ows)", "fecha_dato": "2026-05-12", "ambito": "34013", "_raw_CD_SIGLAS": "SNUP", "_raw_DS_CLASIF_GEN": "Suelo No Urbanizable Protegido", "_raw_DS_CLASIF_DET": "Suelo No Urbanizable Clase I.2 Espacios Protegidos: Vías Pecuarias", "_raw_DS_DOCU": "NORMAS SUBSIDIARIAS", "_raw_DS_LEY": "CM Ley 9/1995, E RD 1346/1976", "_raw_FC_AC": "1997-10-28", "_raw_NM_AREA_M2": 621688.90525759198, "_cam_code": "158" }, "geometry": { "type": "Polygon", "coordinates": [ [ [ -3.6611, 40.8679 ], [ -3.6637, 40.8686 ], [ -3.6636, 40.8685 ], [ -3.6637, 40.8685 ], [ -3.6637, 40.8682 ], [ -3.6639, 40.8681 ], [ -3.6639, 40.868 ], [ -3.6634, 40.868 ], [ -3.6634, 40.8678 ], [ -3.6638, 40.8658 ], [ -3.6642, 40.8653 ], [ -3.6645, 40.8646 ], [ -3.6646, 40.8639 ], [ -3.6645, 40.8639 ], [ -3.6645, 40.8634 ], [ -3.6644, 40.8634 ], [ -3.6644, 40.8632 ], [ -3.6644, 40.8632 ], [ -3.6644, 40.8632 ], [ -3.6644, 40.8632 ], [ -3.6644, 40.8632 ], [ -3.6643, 40.8631 ], [ -3.6643, 40.8631 ], [ -3.6643, 40.8631 ], [ -3.6643, 40.8631 ], [ -3.6643, 40.863 ], [ -3.6643, 40.863 ], [ -3.6643, 40.863 ], [ -3.6643, 40.863 ], [ -3.6643, 40.8629 ], [ -3.6643, 40.8629 ], [ -3.6643, 40.8629 ], [ -3.6643, 40.8629 ], [ -3.6643, 40.8629 ], [ -3.6644, 40.8629 ], [ -3.6644, 40.8627 ], [ -3.6646, 40.8626 ], [ -3.6645, 40.8619 ], [ -3.6647, 40.8617 ], [ -3.6647, 40.8611 ], [ -3.6644, 40.8609 ], [ -3.6645, 40.8606 ], [ -3.664, 40.8599 ], [ -3.664, 40.8596 ], [ -3.6634, 40.8591 ], [ -3.6634, 40.8579 ], [ -3.6636, 40.8574 ], [ -3.6627, 40.8563 ], [ -3.6624, 40.8556 ], [ -3.6624, 40.8543 ], [ -3.6629, 40.8546 ], [ -3.6631, 40.8546 ], [ -3.6633, 40.8544 ], [ -3.6633, 40.8542 ], [ -3.6631, 40.854 ], [ -3.6623, 40.8539 ], [ -3.6623, 40.8536 ], [ -3.6625, 40.8532 ], [ -3.6624, 40.8523 ], [ -3.6628, 40.8516 ], [ -3.6622, 40.8514 ], [ -3.6619, 40.8529 ], [ -3.6593, 40.8515 ], [ -3.6582, 40.8506 ], [ -3.6571, 40.8505 ], [ -3.6568, 40.8501 ], [ -3.6564, 40.85 ], [ -3.656, 40.8496 ], [ -3.6554, 40.8486 ], [ -3.6544, 40.8475 ], [ -3.6546, 40.8473 ], [ -3.6546, 40.847 ], [ -3.654, 40.8464 ], [ -3.654, 40.8457 ], [ -3.6542, 40.8451 ], [ -3.6543, 40.8451 ], [ -3.6545, 40.8446 ], [ -3.6557, 40.8434 ], [ -3.656, 40.8419 ], [ -3.6565, 40.8405 ], [ -3.6569, 40.8399 ], [ -3.657, 40.8388 ], [ -3.6572, 40.8386 ], [ -3.658, 40.8385 ], [ -3.658, 40.8386 ], [ -3.6589, 40.8388 ], [ -3.66, 40.8388 ], [ -3.6605, 40.8391 ], [ -3.6604, 40.8388 ], [ -3.66, 40.8387 ], [ -3.6599, 40.8384 ], [ -3.6593, 40.8385 ], [ -3.6552, 40.838 ], [ -3.6528, 40.838 ], [ -3.6502, 40.8376 ], [ -3.6502, 40.838 ], [ -3.6513, 40.8411 ], [ -3.6514, 40.8423 ], [ -3.6518, 40.8439 ], [ -3.6534, 40.8463 ], [ -3.6543, 40.847 ], [ -3.6543, 40.8475 ], [ -3.6541, 40.8479 ], [ -3.6539, 40.8492 ], [ -3.6535, 40.8501 ], [ -3.653, 40.8508 ], [ -3.6524, 40.8507 ], [ -3.6515, 40.85 ], [ -3.6499, 40.8483 ], [ -3.6478, 40.8467 ], [ -3.6475, 40.847 ], [ -3.6504, 40.8493 ], [ -3.6515, 40.8505 ], [ -3.6524, 40.8511 ], [ -3.6531, 40.8514 ], [ -3.6532, 40.8528 ], [ -3.6537, 40.8534 ], [ -3.6543, 40.8546 ], [ -3.6543, 40.855 ], [ -3.6534, 40.856 ], [ -3.6526, 40.8564 ], [ -3.6516, 40.8567 ], [ -3.6509, 40.8556 ], [ -3.6505, 40.8552 ], [ -3.6491, 40.8544 ], [ -3.6451, 40.8535 ], [ -3.644, 40.8543 ], [ -3.6437, 40.8556 ], [ -3.643, 40.8553 ], [ -3.643, 40.8558 ], [ -3.6447, 40.8565 ], [ -3.6467, 40.8577 ], [ -3.6467, 40.8578 ], [ -3.6469, 40.8578 ], [ -3.6493, 40.8592 ], [ -3.6497, 40.8593 ], [ -3.6502, 40.8597 ], [ -3.6504, 40.8597 ], [ -3.6505, 40.8599 ], [ -3.6509, 40.8601 ], [ -3.6515, 40.8607 ], [ -3.6535, 40.8616 ], [ -3.6533, 40.8617 ], [ -3.6549, 40.8627 ], [ -3.6565, 40.8633 ], [ -3.6574, 40.8638 ], [ -3.6589, 40.8641 ], [ -3.6592, 40.8648 ], [ -3.6606, 40.8657 ], [ -3.661, 40.8667 ], [ -3.6611, 40.8679 ] ], [ [ -3.6567, 40.8385 ], [ -3.6564, 40.8401 ], [ -3.6558, 40.8409 ], [ -3.6554, 40.8429 ], [ -3.6553, 40.8429 ], [ -3.6551, 40.8435 ], [ -3.6538, 40.8449 ], [ -3.6535, 40.8458 ], [ -3.6521, 40.8438 ], [ -3.6515, 40.8407 ], [ -3.6507, 40.8382 ], [ -3.6517, 40.8381 ], [ -3.6544, 40.8384 ], [ -3.6563, 40.8384 ], [ -3.6567, 40.8385 ] ], [ [ -3.6512, 40.857 ], [ -3.6514, 40.8578 ], [ -3.6522, 40.8583 ], [ -3.6538, 40.8599 ], [ -3.6543, 40.8601 ], [ -3.6543, 40.8602 ], [ -3.6557, 40.8606 ], [ -3.6557, 40.8607 ], [ -3.6559, 40.8607 ], [ -3.6563, 40.861 ], [ -3.6571, 40.8623 ], [ -3.6572, 40.8631 ], [ -3.6556, 40.8627 ], [ -3.6546, 40.8622 ], [ -3.6536, 40.8614 ], [ -3.6516, 40.8603 ], [ -3.6512, 40.8599 ], [ -3.651, 40.86 ], [ -3.649, 40.8587 ], [ -3.6491, 40.8586 ], [ -3.6477, 40.8579 ], [ -3.6442, 40.8557 ], [ -3.6446, 40.8546 ], [ -3.6451, 40.8541 ], [ -3.6471, 40.8544 ], [ -3.6488, 40.8548 ], [ -3.6504, 40.8556 ], [ -3.6512, 40.857 ] ], [ [ -3.6578, 40.857 ], [ -3.6558, 40.8554 ], [ -3.6548, 40.8549 ], [ -3.6542, 40.8535 ], [ -3.6533, 40.8525 ], [ -3.6533, 40.8511 ], [ -3.6543, 40.849 ], [ -3.6544, 40.8483 ], [ -3.6566, 40.8506 ], [ -3.6584, 40.8509 ], [ -3.6593, 40.8518 ], [ -3.6605, 40.8525 ], [ -3.6602, 40.8534 ], [ -3.6592, 40.8546 ], [ -3.6591, 40.8548 ], [ -3.6592, 40.8551 ], [ -3.6585, 40.8563 ], [ -3.6578, 40.857 ] ], [ [ -3.6626, 40.8578 ], [ -3.663, 40.8584 ], [ -3.663, 40.8594 ], [ -3.664, 40.8605 ], [ -3.6643, 40.8624 ], [ -3.6641, 40.8646 ], [ -3.6639, 40.8648 ], [ -3.6633, 40.8664 ], [ -3.6632, 40.868 ], [ -3.662, 40.8677 ], [ -3.6619, 40.8674 ], [ -3.6619, 40.8659 ], [ -3.6598, 40.8645 ], [ -3.6595, 40.8634 ], [ -3.6576, 40.8633 ], [ -3.6574, 40.862 ], [ -3.6565, 40.8609 ], [ -3.6563, 40.8607 ], [ -3.6561, 40.8607 ], [ -3.6561, 40.8606 ], [ -3.6535, 40.8594 ], [ -3.6518, 40.8577 ], [ -3.6517, 40.8571 ], [ -3.6519, 40.8568 ], [ -3.6532, 40.8562 ], [ -3.6537, 40.8563 ], [ -3.6541, 40.8559 ], [ -3.6544, 40.8553 ], [ -3.6553, 40.8552 ], [ -3.6576, 40.8571 ], [ -3.6584, 40.8575 ], [ -3.6602, 40.8609 ], [ -3.6605, 40.8605 ], [ -3.661, 40.8593 ], [ -3.6606, 40.8588 ], [ -3.6612, 40.8587 ], [ -3.6613, 40.8581 ], [ -3.6626, 40.8578 ] ] ] } },
{ "type": "Feature", "properties": { "municipio": "Valdemanco", "clasificacion": "no-urbanizable-protegido", "calificacion": "sin-asignar", "version": "vigente", "fuente": "SIT-CAM WFS — UsoDelSuelo:VPLA_V_CLASIFICACION (https://idem.comunidad.madrid/geosrvg/ows)", "fecha_dato": "2026-05-12", "ambito": "34013", "_raw_CD_SIGLAS": "SNUP", "_raw_DS_CLASIF_GEN": "Suelo No Urbanizable Protegido", "_raw_DS_CLASIF_DET": "Suelo No Urbanizable Clase I.2 Espacios Protegidos: Vías Pecuarias", "_raw_DS_DOCU": "NORMAS SUBSIDIARIAS", "_raw_DS_LEY": "CM Ley 9/1995, E RD 1346/1976", "_raw_FC_AC": "1997-10-28", "_raw_NM_AREA_M2": 817062.82891613897, "_cam_code": "158" }, "geometry": { "type": "Polygon", "coordinates": [ [ [ -3.6584, 40.8863 ], [ -3.6593, 40.8869 ], [ -3.6613, 40.8853 ], [ -3.6618, 40.8851 ], [ -3.6623, 40.8844 ], [ -3.6628, 40.8842 ], [ -3.6636, 40.8836 ], [ -3.6636, 40.8834 ], [ -3.665, 40.8819 ], [ -3.6679, 40.8799 ], [ -3.669, 40.8785 ], [ -3.6697, 40.878 ], [ -3.6713, 40.8773 ], [ -3.6718, 40.8769 ], [ -3.6724, 40.8761 ], [ -3.6745, 40.8746 ], [ -3.6757, 40.8734 ], [ -3.6786, 40.8725 ], [ -3.679, 40.8721 ], [ -3.6807, 40.8713 ], [ -3.6824, 40.8702 ], [ -3.6843, 40.8694 ], [ -3.684, 40.8686 ], [ -3.6832, 40.8689 ], [ -3.6811, 40.8701 ], [ -3.6797, 40.8688 ], [ -3.68, 40.8677 ], [ -3.6801, 40.8667 ], [ -3.6795, 40.8657 ], [ -3.6791, 40.8657 ], [ -3.6791, 40.865 ], [ -3.6777, 40.8643 ], [ -3.678, 40.8616 ], [ -3.6774, 40.8608 ], [ -3.6777, 40.8603 ], [ -3.678, 40.8592 ], [ -3.6781, 40.8562 ], [ -3.6789, 40.8517 ], [ -3.6779, 40.8514 ], [ -3.6761, 40.8497 ], [ -3.6782, 40.8452 ], [ -3.6765, 40.8424 ], [ -3.6764, 40.8404 ], [ -3.6739, 40.8391 ], [ -3.6728, 40.8382 ], [ -3.6713, 40.8384 ], [ -3.6691, 40.8383 ], [ -3.6674, 40.8385 ], [ -3.6663, 40.8384 ], [ -3.6647, 40.8385 ], [ -3.6629, 40.8383 ], [ -3.6599, 40.8384 ], [ -3.66, 40.8386 ], [ -3.6604, 40.8387 ], [ -3.6605, 40.8392 ], [ -3.6607, 40.8394 ], [ -3.6613, 40.8398 ], [ -3.6613, 40.842 ], [ -3.6609, 40.8434 ], [ -3.661, 40.8439 ], [ -3.661, 40.8436 ], [ -3.6617, 40.8424 ], [ -3.6618, 40.8407 ], [ -3.6616, 40.84 ], [ -3.6608, 40.8387 ], [ -3.6615, 40.8386 ], [ -3.663, 40.8387 ], [ -3.665, 40.839 ], [ -3.6652, 40.8389 ], [ -3.6675, 40.8389 ], [ -3.6691, 40.8386 ], [ -3.6707, 40.8387 ], [ -3.6727, 40.8386 ], [ -3.6751, 40.8403 ], [ -3.6759, 40.8415 ], [ -3.6761, 40.8432 ], [ -3.676, 40.8445 ], [ -3.6737, 40.847 ], [ -3.6721, 40.8479 ], [ -3.6702, 40.8495 ], [ -3.6698, 40.8499 ], [ -3.6694, 40.8507 ], [ -3.6709, 40.8526 ], [ -3.671, 40.8543 ], [ -3.6716, 40.8557 ], [ -3.6719, 40.8569 ], [ -3.6668, 40.856 ], [ -3.6664, 40.8558 ], [ -3.6662, 40.8555 ], [ -3.6655, 40.8553 ], [ -3.665, 40.8553 ], [ -3.6634, 40.8542 ], [ -3.6633, 40.8542 ], [ -3.6633, 40.8545 ], [ -3.6631, 40.8545 ], [ -3.6631, 40.8547 ], [ -3.6634, 40.8549 ], [ -3.6643, 40.8552 ], [ -3.665, 40.8557 ], [ -3.667, 40.8565 ], [ -3.672, 40.8573 ], [ -3.6718, 40.8586 ], [ -3.672, 40.8594 ], [ -3.6707, 40.861 ], [ -3.6699, 40.8635 ], [ -3.6692, 40.8637 ], [ -3.6678, 40.8646 ], [ -3.6674, 40.8658 ], [ -3.6674, 40.8661 ], [ -3.6678, 40.8666 ], [ -3.6677, 40.8676 ], [ -3.6658, 40.8687 ], [ -3.6648, 40.8691 ], [ -3.6642, 40.868 ], [ -3.6637, 40.8682 ], [ -3.6637, 40.8686 ], [ -3.6642, 40.8685 ], [ -3.6647, 40.8696 ], [ -3.6649, 40.8696 ], [ -3.6648, 40.8692 ], [ -3.6659, 40.8689 ], [ -3.6674, 40.868 ], [ -3.668, 40.8674 ], [ -3.6678, 40.8663 ], [ -3.6681, 40.865 ], [ -3.669, 40.864 ], [ -3.6703, 40.8634 ], [ -3.6711, 40.861 ], [ -3.6717, 40.8603 ], [ -3.6724, 40.8599 ], [ -3.6726, 40.8596 ], [ -3.6722, 40.8589 ], [ -3.6722, 40.8578 ], [ -3.6725, 40.8569 ], [ -3.6739, 40.8563 ], [ -3.6747, 40.8564 ], [ -3.6759, 40.8572 ], [ -3.6765, 40.8578 ], [ -3.6773, 40.8581 ], [ -3.6777, 40.8584 ], [ -3.6778, 40.8592 ], [ -3.6774, 40.86 ], [ -3.6774, 40.8603 ], [ -3.6767, 40.8607 ], [ -3.6765, 40.8613 ], [ -3.6753, 40.8616 ], [ -3.6754, 40.8617 ], [ -3.6753, 40.8617 ], [ -3.6753, 40.8619 ], [ -3.6748, 40.8623 ], [ -3.675, 40.8623 ], [ -3.6758, 40.8616 ], [ -3.6775, 40.8616 ], [ -3.6775, 40.8627 ], [ -3.6772, 40.8646 ], [ -3.6779, 40.8646 ], [ -3.6783, 40.8651 ], [ -3.6769, 40.8654 ], [ -3.6767, 40.8654 ], [ -3.6766, 40.8654 ], [ -3.6761, 40.8654 ], [ -3.6763, 40.8655 ], [ -3.6763, 40.8657 ], [ -3.6769, 40.8658 ], [ -3.6786, 40.8655 ], [ -3.6785, 40.8661 ], [ -3.6794, 40.8661 ], [ -3.6796, 40.8672 ], [ -3.6794, 40.8685 ], [ -3.6795, 40.869 ], [ -3.6808, 40.8703 ], [ -3.6762, 40.8725 ], [ -3.676, 40.8725 ], [ -3.6764, 40.8717 ], [ -3.6771, 40.8711 ], [ -3.6758, 40.8709 ], [ -3.6733, 40.8712 ], [ -3.6717, 40.8718 ], [ -3.6714, 40.8718 ], [ -3.6708, 40.8726 ], [ -3.6705, 40.8728 ], [ -3.6697, 40.8727 ], [ -3.6687, 40.8731 ], [ -3.6676, 40.8729 ], [ -3.6674, 40.8727 ], [ -3.6672, 40.8727 ], [ -3.6671, 40.8731 ], [ -3.6673, 40.8732 ], [ -3.6692, 40.8731 ], [ -3.6696, 40.8729 ], [ -3.6708, 40.8729 ], [ -3.6711, 40.8737 ], [ -3.6706, 40.8741 ], [ -3.6709, 40.8746 ], [ -3.6715, 40.8752 ], [ -3.6708, 40.876 ], [ -3.6688, 40.8774 ], [ -3.6686, 40.8776 ], [ -3.6687, 40.8778 ], [ -3.6679, 40.8781 ], [ -3.6675, 40.8779 ], [ -3.6666, 40.876 ], [ -3.6663, 40.8759 ], [ -3.6663, 40.8755 ], [ -3.6657, 40.8754 ], [ -3.6654, 40.875 ], [ -3.666, 40.8745 ], [ -3.6667, 40.8736 ], [ -3.6667, 40.8732 ], [ -3.6664, 40.8732 ], [ -3.6665, 40.8736 ], [ -3.6662, 40.8738 ], [ -3.6661, 40.8742 ], [ -3.6658, 40.8745 ], [ -3.6644, 40.8749 ], [ -3.6657, 40.8756 ], [ -3.6661, 40.8763 ], [ -3.6662, 40.8766 ], [ -3.6661, 40.8771 ], [ -3.6663, 40.8774 ], [ -3.667, 40.8779 ], [ -3.6674, 40.878 ], [ -3.6672, 40.8785 ], [ -3.6661, 40.8797 ], [ -3.6658, 40.8802 ], [ -3.6645, 40.881 ], [ -3.6634, 40.8823 ], [ -3.6632, 40.8823 ], [ -3.662, 40.8832 ], [ -3.6617, 40.8837 ], [ -3.6611, 40.8843 ], [ -3.6596, 40.8853 ], [ -3.6584, 40.8863 ] ], [ [ -3.6737, 40.8733 ], [ -3.6729, 40.8741 ], [ -3.6718, 40.8748 ], [ -3.6712, 40.8742 ], [ -3.6715, 40.874 ], [ -3.6716, 40.8737 ], [ -3.6712, 40.8727 ], [ -3.6719, 40.8719 ], [ -3.6731, 40.8714 ], [ -3.675, 40.8712 ], [ -3.6758, 40.8712 ], [ -3.6759, 40.8713 ], [ -3.676, 40.8721 ], [ -3.6755, 40.8726 ], [ -3.6744, 40.8728 ], [ -3.6737, 40.8733 ] ], [ [ -3.6744, 40.8561 ], [ -3.674, 40.8562 ], [ -3.6735, 40.8561 ], [ -3.6735, 40.8562 ], [ -3.6721, 40.8567 ], [ -3.6719, 40.8556 ], [ -3.6713, 40.8541 ], [ -3.6715, 40.8521 ], [ -3.67, 40.8507 ], [ -3.6709, 40.8496 ], [ -3.6718, 40.849 ], [ -3.672, 40.849 ], [ -3.6728, 40.8481 ], [ -3.6739, 40.8473 ], [ -3.6761, 40.8449 ], [ -3.6766, 40.8441 ], [ -3.6765, 40.843 ], [ -3.6766, 40.843 ], [ -3.6775, 40.8444 ], [ -3.6776, 40.8449 ], [ -3.6766, 40.8472 ], [ -3.6754, 40.8495 ], [ -3.6754, 40.8498 ], [ -3.6761, 40.8506 ], [ -3.6765, 40.8506 ], [ -3.6771, 40.8514 ], [ -3.6777, 40.8526 ], [ -3.6777, 40.8542 ], [ -3.6779, 40.855 ], [ -3.6775, 40.8562 ], [ -3.6773, 40.8579 ], [ -3.6757, 40.8566 ], [ -3.6744, 40.8561 ] ] ] } },
{ "type": "Feature", "properties": { "municipio": "Valdemanco", "clasificacion": "no-urbanizable-protegido", "calificacion": "sin-asignar", "version": "vigente", "fuente": "SIT-CAM WFS — UsoDelSuelo:VPLA_V_CLASIFICACION (https://idem.comunidad.madrid/geosrvg/ows)", "fecha_dato": "2026-05-12", "ambito": "34013", "_raw_CD_SIGLAS": "SNUP", "_raw_DS_CLASIF_GEN": "Suelo No Urbanizable Protegido", "_raw_DS_CLASIF_DET": "Suelo No Urbanizable Clase II. Espacios Forestales en Régimen Especial", "_raw_DS_DOCU": "NORMAS SUBSIDIARIAS", "_raw_DS_LEY": "CM Ley 9/1995, E RD 1346/1976", "_raw_FC_AC": "1997-10-28", "_raw_NM_AREA_M2": 170147.14652870901, "_cam_code": "158" }, "geometry": { "type": "Polygon", "coordinates": [ [ [ -3.6665, 40.8352 ], [ -3.6677, 40.8353 ], [ -3.6707, 40.8347 ], [ -3.6718, 40.8347 ], [ -3.6719, 40.8348 ], [ -3.6721, 40.8348 ], [ -3.6723, 40.8349 ], [ -3.6725, 40.8349 ], [ -3.6727, 40.835 ], [ -3.6727, 40.8351 ], [ -3.6711, 40.8335 ], [ -3.6684, 40.8334 ], [ -3.6656, 40.8328 ], [ -3.6611, 40.8325 ], [ -3.6609, 40.8326 ], [ -3.6614, 40.8334 ], [ -3.6625, 40.8343 ], [ -3.663, 40.8345 ], [ -3.6665, 40.8352 ] ] ] } },
{ "type": "Feature", "properties": { "municipio": "Valdemanco", "clasificacion": "no-urbanizable-protegido", "calificacion": "sin-asignar", "version": "vigente", "fuente": "SIT-CAM WFS — UsoDelSuelo:VPLA_V_CLASIFICACION (https://idem.comunidad.madrid/geosrvg/ows)", "fecha_dato": "2026-05-12", "ambito": "34013", "_raw_CD_SIGLAS": "SNUP", "_raw_DS_CLASIF_GEN": "Suelo No Urbanizable Protegido", "_raw_DS_CLASIF_DET": "Suelo No Urbanizable Clase II. Espacios Forestales en Régimen Especial", "_raw_DS_DOCU": "NORMAS SUBSIDIARIAS", "_raw_DS_LEY": "CM Ley 9/1995, E RD 1346/1976", "_raw_FC_AC": "1997-10-28", "_raw_NM_AREA_M2": 128343.57387112999, "_cam_code": "158" }, "geometry": { "type": "Polygon", "coordinates": [ [ [ -3.6552, 40.838 ], [ -3.6595, 40.8385 ], [ -3.6593, 40.8375 ], [ -3.6588, 40.8369 ], [ -3.6589, 40.835 ], [ -3.6587, 40.8348 ], [ -3.6573, 40.8347 ], [ -3.657, 40.8349 ], [ -3.6571, 40.8357 ], [ -3.6575, 40.8368 ], [ -3.6575, 40.8371 ], [ -3.6571, 40.838 ], [ -3.6549, 40.8373 ], [ -3.6551, 40.8366 ], [ -3.6557, 40.8357 ], [ -3.6557, 40.8353 ], [ -3.6553, 40.8352 ], [ -3.6534, 40.8353 ], [ -3.6528, 40.8356 ], [ -3.6529, 40.8363 ], [ -3.6531, 40.8365 ], [ -3.6531, 40.8367 ], [ -3.6532, 40.8367 ], [ -3.6528, 40.838 ], [ -3.6552, 40.838 ] ] ] } },
{ "type": "Feature", "properties": { "municipio": "Valdemanco", "clasificacion": "no-urbanizable-protegido", "calificacion": "sin-asignar", "version": "vigente", "fuente": "SIT-CAM WFS — UsoDelSuelo:VPLA_V_CLASIFICACION (https://idem.comunidad.madrid/geosrvg/ows)", "fecha_dato": "2026-05-12", "ambito": "34013", "_raw_CD_SIGLAS": "SNUP", "_raw_DS_CLASIF_GEN": "Suelo No Urbanizable Protegido", "_raw_DS_CLASIF_DET": "Suelo No Urbanizable Clase IV. Espacios de Interés Agropecuario Extensivo", "_raw_DS_DOCU": "NORMAS SUBSIDIARIAS", "_raw_DS_LEY": "CM Ley 9/1995, E RD 1346/1976", "_raw_FC_AC": "1997-10-28", "_raw_NM_AREA_M2": 102173.324780476, "_cam_code": "158" }, "geometry": { "type": "Polygon", "coordinates": [ [ [ -3.6507, 40.8382 ], [ -3.6515, 40.8407 ], [ -3.6521, 40.8438 ], [ -3.6535, 40.8458 ], [ -3.6537, 40.8454 ], [ -3.6537, 40.8451 ], [ -3.654, 40.8446 ], [ -3.6537, 40.8438 ], [ -3.6536, 40.8419 ], [ -3.6529, 40.8415 ], [ -3.6527, 40.8411 ], [ -3.6528, 40.8398 ], [ -3.6525, 40.8393 ], [ -3.6525, 40.8386 ], [ -3.6527, 40.8382 ], [ -3.6517, 40.8381 ], [ -3.6507, 40.8382 ] ] ] } },
{ "type": "Feature", "properties": { "municipio": "Valdemanco", "clasificacion": "no-urbanizable-protegido", "calificacion": "sin-asignar", "version": "vigente", "fuente": "SIT-CAM WFS — UsoDelSuelo:VPLA_V_CLASIFICACION (https://idem.comunidad.madrid/geosrvg/ows)", "fecha_dato": "2026-05-12", "ambito": "34013", "_raw_CD_SIGLAS": "SNUP", "_raw_DS_CLASIF_GEN": "Suelo No Urbanizable Protegido", "_raw_DS_CLASIF_DET": "Suelo No Urbanizable Clase IV. Espacios de Interés Agropecuario Extensivo", "_raw_DS_DOCU": "NORMAS SUBSIDIARIAS", "_raw_DS_LEY": "CM Ley 9/1995, E RD 1346/1976", "_raw_FC_AC": "1997-10-28", "_raw_NM_AREA_M2": 539742.46333160403, "_cam_code": "158" }, "geometry": { "type": "Polygon", "coordinates": [ [ [ -3.6501, 40.8382 ], [ -3.6502, 40.8389 ], [ -3.6507, 40.8401 ], [ -3.6513, 40.8422 ], [ -3.6486, 40.8461 ], [ -3.6478, 40.8467 ], [ -3.6499, 40.8483 ], [ -3.6521, 40.8505 ], [ -3.6524, 40.8507 ], [ -3.653, 40.8508 ], [ -3.6535, 40.8501 ], [ -3.6539, 40.8492 ], [ -3.6541, 40.8479 ], [ -3.6543, 40.8475 ], [ -3.6543, 40.847 ], [ -3.6534, 40.8463 ], [ -3.6518, 40.8439 ], [ -3.6514, 40.8423 ], [ -3.6513, 40.8411 ], [ -3.6502, 40.838 ], [ -3.6502, 40.8376 ], [ -3.6528, 40.838 ], [ -3.6532, 40.8369 ], [ -3.6532, 40.8367 ], [ -3.6531, 40.8367 ], [ -3.6528, 40.836 ], [ -3.6528, 40.8356 ], [ -3.6534, 40.8353 ], [ -3.6553, 40.8352 ], [ -3.6557, 40.8353 ], [ -3.6557, 40.8357 ], [ -3.6551, 40.8366 ], [ -3.6549, 40.8373 ], [ -3.6571, 40.838 ], [ -3.6575, 40.8371 ], [ -3.6575, 40.8368 ], [ -3.6571, 40.8357 ], [ -3.657, 40.8349 ], [ -3.6573, 40.8347 ], [ -3.6584, 40.8347 ], [ -3.6584, 40.8348 ], [ -3.6587, 40.8348 ], [ -3.6589, 40.835 ], [ -3.6588, 40.8369 ], [ -3.6593, 40.8375 ], [ -3.6595, 40.8385 ], [ -3.6597, 40.8385 ], [ -3.6599, 40.8384 ], [ -3.6596, 40.8374 ], [ -3.6598, 40.8373 ], [ -3.6599, 40.8368 ], [ -3.6596, 40.8365 ], [ -3.6596, 40.8356 ], [ -3.6598, 40.8351 ], [ -3.6598, 40.8343 ], [ -3.6602, 40.8339 ], [ -3.6601, 40.8327 ], [ -3.6589, 40.8327 ], [ -3.653, 40.8335 ], [ -3.6529, 40.8339 ], [ -3.6527, 40.8341 ], [ -3.6518, 40.8344 ], [ -3.6509, 40.8352 ], [ -3.6502, 40.837 ], [ -3.6501, 40.8382 ] ] ] } },
{ "type": "Feature", "properties": { "municipio": "Valdemanco", "clasificacion": "no-urbanizable-protegido", "calificacion": "sin-asignar", "version": "vigente", "fuente": "SIT-CAM WFS — UsoDelSuelo:VPLA_V_CLASIFICACION (https://idem.comunidad.madrid/geosrvg/ows)", "fecha_dato": "2026-05-12", "ambito": "34013", "_raw_CD_SIGLAS": "SNUP", "_raw_DS_CLASIF_GEN": "Suelo No Urbanizable Protegido", "_raw_DS_CLASIF_DET": "Suelo No Urbanizable Clase V. Espacios Rurales con Restricciones de Uso", "_raw_DS_DOCU": "NORMAS SUBSIDIARIAS", "_raw_DS_LEY": "CM Ley 9/1995, E RD 1346/1976", "_raw_FC_AC": "1997-10-28", "_raw_NM_AREA_M2": 55949.641131687596, "_cam_code": "158" }, "geometry": { "type": "Polygon", "coordinates": [ [ [ -3.6838, 40.8662 ], [ -3.6819, 40.8664 ], [ -3.6813, 40.8668 ], [ -3.6811, 40.8671 ], [ -3.6801, 40.8674 ], [ -3.6799, 40.8678 ], [ -3.6797, 40.8688 ], [ -3.6802, 40.8693 ], [ -3.6807, 40.869 ], [ -3.6808, 40.8688 ], [ -3.6812, 40.8687 ], [ -3.682, 40.8681 ], [ -3.6833, 40.8674 ], [ -3.6838, 40.8662 ] ] ] } },
{ "type": "Feature", "properties": { "municipio": "Valdemanco", "clasificacion": "no-urbanizable-protegido", "calificacion": "sin-asignar", "version": "vigente", "fuente": "SIT-CAM WFS — UsoDelSuelo:VPLA_V_CLASIFICACION (https://idem.comunidad.madrid/geosrvg/ows)", "fecha_dato": "2026-05-12", "ambito": "34013", "_raw_CD_SIGLAS": "SNUP", "_raw_DS_CLASIF_GEN": "Suelo No Urbanizable Protegido", "_raw_DS_CLASIF_DET": "Suelo No Urbanizable Clase V. Espacios Rurales con Restricciones de Uso", "_raw_DS_DOCU": "NORMAS SUBSIDIARIAS", "_raw_DS_LEY": "CM Ley 9/1995, E RD 1346/1976", "_raw_FC_AC": "1997-10-28", "_raw_NM_AREA_M2": 16594.851474937099, "_cam_code": "158" }, "geometry": { "type": "Polygon", "coordinates": [ [ [ -3.6615, 40.868 ], [ -3.6604, 40.8686 ], [ -3.6604, 40.8692 ], [ -3.6605, 40.8695 ], [ -3.6607, 40.8696 ], [ -3.6614, 40.8692 ], [ -3.6624, 40.8683 ], [ -3.6624, 40.8682 ], [ -3.6615, 40.868 ] ] ] } },
{ "type": "Feature", "properties": { "municipio": "Valdemanco", "clasificacion": "no-urbanizable-protegido", "calificacion": "sin-asignar", "version": "vigente", "fuente": "SIT-CAM WFS — UsoDelSuelo:VPLA_V_CLASIFICACION (https://idem.comunidad.madrid/geosrvg/ows)", "fecha_dato": "2026-05-12", "ambito": "34013", "_raw_CD_SIGLAS": "SNUP", "_raw_DS_CLASIF_GEN": "Suelo No Urbanizable Protegido", "_raw_DS_CLASIF_DET": "Suelo No Urbanizable Clase V. Espacios Rurales con Restricciones de Uso", "_raw_DS_DOCU": "NORMAS SUBSIDIARIAS", "_raw_DS_LEY": "CM Ley 9/1995, E RD 1346/1976", "_raw_FC_AC": "1997-10-28", "_raw_NM_AREA_M2": 5363.9329731355201, "_cam_code": "158" }, "geometry": { "type": "Polygon", "coordinates": [ [ [ -3.6637, 40.8687 ], [ -3.6637, 40.8692 ], [ -3.6636, 40.8692 ], [ -3.6635, 40.8695 ], [ -3.6636, 40.8696 ], [ -3.6645, 40.8692 ], [ -3.6642, 40.8685 ], [ -3.6637, 40.8686 ], [ -3.6637, 40.8687 ] ] ] } },
{ "type": "Feature", "properties": { "municipio": "Valdemanco", "clasificacion": "no-urbanizable-protegido", "calificacion": "sin-asignar", "version": "vigente", "fuente": "SIT-CAM WFS — UsoDelSuelo:VPLA_V_CLASIFICACION (https://idem.comunidad.madrid/geosrvg/ows)", "fecha_dato": "2026-05-12", "ambito": "34013", "_raw_CD_SIGLAS": "SNUP", "_raw_DS_CLASIF_GEN": "Suelo No Urbanizable Protegido", "_raw_DS_CLASIF_DET": "Suelo No Urbanizable Clase V. Espacios Rurales con Restricciones de Uso", "_raw_DS_DOCU": "NORMAS SUBSIDIARIAS", "_raw_DS_LEY": "CM Ley 9/1995, E RD 1346/1976", "_raw_FC_AC": "1997-10-28", "_raw_NM_AREA_M2": 108760.516344352, "_cam_code": "158" }, "geometry": { "type": "Polygon", "coordinates": [ [ [ -3.6657, 40.8754 ], [ -3.6663, 40.8755 ], [ -3.6663, 40.8759 ], [ -3.6665, 40.8759 ], [ -3.6667, 40.8762 ], [ -3.667, 40.8759 ], [ -3.6678, 40.8758 ], [ -3.6685, 40.8748 ], [ -3.6695, 40.8755 ], [ -3.6702, 40.8758 ], [ -3.6706, 40.8758 ], [ -3.6705, 40.8742 ], [ -3.6711, 40.8737 ], [ -3.6708, 40.8729 ], [ -3.6696, 40.8729 ], [ -3.6692, 40.8731 ], [ -3.6683, 40.8732 ], [ -3.6678, 40.8731 ], [ -3.6673, 40.8732 ], [ -3.6671, 40.873 ], [ -3.6669, 40.873 ], [ -3.6667, 40.8732 ], [ -3.6667, 40.8736 ], [ -3.666, 40.8745 ], [ -3.6654, 40.875 ], [ -3.6657, 40.8754 ] ] ] } },
{ "type": "Feature", "properties": { "municipio": "Valdemanco", "clasificacion": "no-urbanizable-protegido", "calificacion": "sin-asignar", "version": "vigente", "fuente": "SIT-CAM WFS — UsoDelSuelo:VPLA_V_CLASIFICACION (https://idem.comunidad.madrid/geosrvg/ows)", "fecha_dato": "2026-05-12", "ambito": "34013", "_raw_CD_SIGLAS": "SNUP", "_raw_DS_CLASIF_GEN": "Suelo No Urbanizable Protegido", "_raw_DS_CLASIF_DET": "Suelo No Urbanizable Clase V. Espacios Rurales con Restricciones de Uso", "_raw_DS_DOCU": "NORMAS SUBSIDIARIAS", "_raw_DS_LEY": "CM Ley 9/1995, E RD 1346/1976", "_raw_FC_AC": "1997-10-28", "_raw_NM_AREA_M2": 4493.4328191476397, "_cam_code": "158" }, "geometry": { "type": "Polygon", "coordinates": [ [ [ -3.6643, 40.8749 ], [ -3.6642, 40.875 ], [ -3.6646, 40.8751 ], [ -3.6657, 40.876 ], [ -3.666, 40.8765 ], [ -3.6661, 40.877 ], [ -3.6662, 40.8766 ], [ -3.6657, 40.8756 ], [ -3.6643, 40.8749 ] ] ] } },
{ "type": "Feature", "properties": { "municipio": "Valdemanco", "clasificacion": "no-urbanizable-protegido", "calificacion": "sin-asignar", "version": "vigente", "fuente": "SIT-CAM WFS — UsoDelSuelo:VPLA_V_CLASIFICACION (https://idem.comunidad.madrid/geosrvg/ows)", "fecha_dato": "2026-05-12", "ambito": "34013", "_raw_CD_SIGLAS": "SNUP", "_raw_DS_CLASIF_GEN": "Suelo No Urbanizable Protegido", "_raw_DS_CLASIF_DET": "Suelo No Urbanizable Clase V. Espacios Rurales con Restricciones de Uso", "_raw_DS_DOCU": "NORMAS SUBSIDIARIAS", "_raw_DS_LEY": "CM Ley 9/1995, E RD 1346/1976", "_raw_FC_AC": "1997-10-28", "_raw_NM_AREA_M2": 1743.4435677981101, "_cam_code": "158" }, "geometry": { "type": "Polygon", "coordinates": [ [ [ -3.6665, 40.8775 ], [ -3.6668, 40.8778 ], [ -3.6672, 40.8785 ], [ -3.6674, 40.878 ], [ -3.667, 40.8779 ], [ -3.6665, 40.8775 ] ] ] } },
{ "type": "Feature", "properties": { "municipio": "Valdemanco", "clasificacion": "no-urbanizable-protegido", "calificacion": "sin-asignar", "version": "vigente", "fuente": "SIT-CAM WFS — UsoDelSuelo:VPLA_V_CLASIFICACION (https://idem.comunidad.madrid/geosrvg/ows)", "fecha_dato": "2026-05-12", "ambito": "34013", "_raw_CD_SIGLAS": "SNUP", "_raw_DS_CLASIF_GEN": "Suelo No Urbanizable Protegido", "_raw_DS_CLASIF_DET": "Suelo No Urbanizable Clase V. Espacios Rurales con Restricciones de Uso. Espacios Singulares En Suelo No Urbanizable Protegido", "_raw_DS_DOCU": "NORMAS SUBSIDIARIAS", "_raw_DS_LEY": "CM Ley 9/1995, E RD 1346/1976", "_raw_FC_AC": "1997-10-28", "_raw_NM_AREA_M2": 90044.038413307397, "_cam_code": "158" }, "geometry": { "type": "Polygon", "coordinates": [ [ [ -3.6642, 40.8755 ], [ -3.6642, 40.8761 ], [ -3.6645, 40.8765 ], [ -3.6645, 40.8767 ], [ -3.6641, 40.8768 ], [ -3.6641, 40.877 ], [ -3.6644, 40.8778 ], [ -3.6648, 40.8783 ], [ -3.6648, 40.8785 ], [ -3.6645, 40.8787 ], [ -3.6644, 40.879 ], [ -3.6645, 40.8801 ], [ -3.6646, 40.8802 ], [ -3.6646, 40.8808 ], [ -3.6644, 40.8809 ], [ -3.6644, 40.8811 ], [ -3.6658, 40.8802 ], [ -3.6661, 40.8797 ], [ -3.6672, 40.8785 ], [ -3.6668, 40.8778 ], [ -3.6661, 40.8771 ], [ -3.666, 40.8765 ], [ -3.6657, 40.876 ], [ -3.6646, 40.8751 ], [ -3.6643, 40.875 ], [ -3.6642, 40.875 ], [ -3.6642, 40.8755 ] ] ] } },
{ "type": "Feature", "properties": { "municipio": "Valdemanco", "clasificacion": "no-urbanizable-protegido", "calificacion": "sin-asignar", "version": "vigente", "fuente": "SIT-CAM WFS — UsoDelSuelo:VPLA_V_CLASIFICACION (https://idem.comunidad.madrid/geosrvg/ows)", "fecha_dato": "2026-05-12", "ambito": "34013", "_raw_CD_SIGLAS": "SNUP", "_raw_DS_CLASIF_GEN": "Suelo No Urbanizable Protegido", "_raw_DS_CLASIF_DET": "Suelo No Urbanizable Clase V. Espacios Rurales con Restricciones de Uso. Espacios Singulares En Suelo No Urbanizable Protegido", "_raw_DS_DOCU": "NORMAS SUBSIDIARIAS", "_raw_DS_LEY": "CM Ley 9/1995, E RD 1346/1976", "_raw_FC_AC": "1997-10-28", "_raw_NM_AREA_M2": 174621.47238437101, "_cam_code": "158" }, "geometry": { "type": "Polygon", "coordinates": [ [ [ -3.6598, 40.8818 ], [ -3.66, 40.882 ], [ -3.6598, 40.8837 ], [ -3.6603, 40.8844 ], [ -3.661, 40.8844 ], [ -3.6617, 40.8837 ], [ -3.662, 40.8832 ], [ -3.6629, 40.8826 ], [ -3.663, 40.8816 ], [ -3.6634, 40.8809 ], [ -3.6628, 40.8799 ], [ -3.6615, 40.8792 ], [ -3.661, 40.8781 ], [ -3.6608, 40.8779 ], [ -3.6605, 40.8779 ], [ -3.659, 40.8788 ], [ -3.6586, 40.8789 ], [ -3.659, 40.8796 ], [ -3.659, 40.8805 ], [ -3.6586, 40.8812 ], [ -3.6586, 40.8816 ], [ -3.6587, 40.8818 ], [ -3.6592, 40.8819 ], [ -3.6598, 40.8818 ] ] ] } },
{ "type": "Feature", "properties": { "municipio": "Valdemanco", "clasificacion": "no-urbanizable-protegido", "calificacion": "sin-asignar", "version": "vigente", "fuente": "SIT-CAM WFS — UsoDelSuelo:VPLA_V_CLASIFICACION (https://idem.comunidad.madrid/geosrvg/ows)", "fecha_dato": "2026-05-12", "ambito": "34013", "_raw_CD_SIGLAS": "SNUP", "_raw_DS_CLASIF_GEN": "Suelo No Urbanizable Protegido", "_raw_DS_CLASIF_DET": "Suelo No Urbanizable Clase IV. Espacios de Interés Agropecuario Extensivo", "_raw_DS_DOCU": "NORMAS SUBSIDIARIAS", "_raw_DS_LEY": "CM Ley 9/1995, E RD 1346/1976", "_raw_FC_AC": "1997-10-28", "_raw_NM_AREA_M2": 360957.53759378201, "_cam_code": "158" }, "geometry": { "type": "Polygon", "coordinates": [ [ [ -3.6659, 40.8857 ], [ -3.6666, 40.8857 ], [ -3.6666, 40.8856 ], [ -3.667, 40.8854 ], [ -3.6675, 40.8854 ], [ -3.6678, 40.8851 ], [ -3.6679, 40.8837 ], [ -3.6676, 40.8833 ], [ -3.6678, 40.8829 ], [ -3.6676, 40.8824 ], [ -3.6686, 40.8818 ], [ -3.669, 40.8813 ], [ -3.6693, 40.8812 ], [ -3.6698, 40.8806 ], [ -3.6699, 40.8802 ], [ -3.6709, 40.8794 ], [ -3.6717, 40.8793 ], [ -3.6721, 40.8796 ], [ -3.6721, 40.8794 ], [ -3.6732, 40.878 ], [ -3.6732, 40.8778 ], [ -3.6741, 40.8769 ], [ -3.6741, 40.8766 ], [ -3.6758, 40.8754 ], [ -3.6772, 40.8746 ], [ -3.6779, 40.8739 ], [ -3.6786, 40.8725 ], [ -3.6757, 40.8734 ], [ -3.6745, 40.8746 ], [ -3.6724, 40.8761 ], [ -3.6718, 40.8769 ], [ -3.6713, 40.8773 ], [ -3.6697, 40.878 ], [ -3.669, 40.8785 ], [ -3.6679, 40.8799 ], [ -3.665, 40.8819 ], [ -3.6636, 40.8834 ], [ -3.6636, 40.8836 ], [ -3.6631, 40.8839 ], [ -3.6629, 40.8841 ], [ -3.6628, 40.8842 ], [ -3.6631, 40.8841 ], [ -3.6632, 40.8843 ], [ -3.6646, 40.8847 ], [ -3.6651, 40.8853 ], [ -3.6652, 40.8856 ], [ -3.6658, 40.8856 ], [ -3.6659, 40.8857 ] ] ] } },
{ "type": "Feature", "properties": { "municipio": "Valdemanco", "clasificacion": "no-urbanizable-protegido", "calificacion": "sin-asignar", "version": "vigente", "fuente": "SIT-CAM WFS — UsoDelSuelo:VPLA_V_CLASIFICACION (https://idem.comunidad.madrid/geosrvg/ows)", "fecha_dato": "2026-05-12", "ambito": "34013", "_raw_CD_SIGLAS": "SNUP", "_raw_DS_CLASIF_GEN": "Suelo No Urbanizable Protegido", "_raw_DS_CLASIF_DET": "Suelo No Urbanizable Clase IV. Espacios de Interés Agropecuario Extensivo", "_raw_DS_DOCU": "NORMAS SUBSIDIARIAS", "_raw_DS_LEY": "CM Ley 9/1995, E RD 1346/1976", "_raw_FC_AC": "1997-10-28", "_raw_NM_AREA_M2": 528305.42240511498, "_cam_code": "158" }, "geometry": { "type": "Polygon", "coordinates": [ [ [ -3.6744, 40.8561 ], [ -3.6757, 40.8566 ], [ -3.6773, 40.8579 ], [ -3.6775, 40.8562 ], [ -3.6779, 40.855 ], [ -3.6777, 40.8542 ], [ -3.6777, 40.8526 ], [ -3.6771, 40.8514 ], [ -3.6765, 40.8506 ], [ -3.6761, 40.8506 ], [ -3.6754, 40.8498 ], [ -3.6754, 40.8495 ], [ -3.6766, 40.8472 ], [ -3.6776, 40.8449 ], [ -3.6775, 40.8444 ], [ -3.6766, 40.843 ], [ -3.6765, 40.843 ], [ -3.6766, 40.8441 ], [ -3.6761, 40.8449 ], [ -3.6739, 40.8473 ], [ -3.6728, 40.8481 ], [ -3.672, 40.849 ], [ -3.6718, 40.849 ], [ -3.6709, 40.8496 ], [ -3.67, 40.8507 ], [ -3.6715, 40.8521 ], [ -3.6713, 40.8541 ], [ -3.6719, 40.8556 ], [ -3.6721, 40.8567 ], [ -3.6735, 40.8562 ], [ -3.6735, 40.8561 ], [ -3.6736, 40.8562 ], [ -3.6744, 40.8561 ] ] ] } },
{ "type": "Feature", "properties": { "municipio": "Valdemanco", "clasificacion": "no-urbanizable-protegido", "calificacion": "sin-asignar", "version": "vigente", "fuente": "SIT-CAM WFS — UsoDelSuelo:VPLA_V_CLASIFICACION (https://idem.comunidad.madrid/geosrvg/ows)", "fecha_dato": "2026-05-12", "ambito": "34013", "_raw_CD_SIGLAS": "SNUP", "_raw_DS_CLASIF_GEN": "Suelo No Urbanizable Protegido", "_raw_DS_CLASIF_DET": "Suelo No Urbanizable Clase IV. Espacios de Interés Agropecuario Extensivo", "_raw_DS_DOCU": "NORMAS SUBSIDIARIAS", "_raw_DS_LEY": "CM Ley 9/1995, E RD 1346/1976", "_raw_FC_AC": "1997-10-28", "_raw_NM_AREA_M2": 248610.49578458699, "_cam_code": "158" }, "geometry": { "type": "Polygon", "coordinates": [ [ [ -3.6782, 40.8452 ], [ -3.6761, 40.8497 ], [ -3.6779, 40.8514 ], [ -3.6789, 40.8517 ], [ -3.678, 40.8571 ], [ -3.678, 40.858 ], [ -3.6789, 40.858 ], [ -3.6792, 40.8579 ], [ -3.6787, 40.8578 ], [ -3.6808, 40.8516 ], [ -3.6803, 40.8483 ], [ -3.6783, 40.8452 ], [ -3.6782, 40.8452 ] ] ] } },
{ "type": "Feature", "properties": { "municipio": "Valdemanco", "clasificacion": "no-urbanizable-protegido", "calificacion": "sin-asignar", "version": "vigente", "fuente": "SIT-CAM WFS — UsoDelSuelo:VPLA_V_CLASIFICACION (https://idem.comunidad.madrid/geosrvg/ows)", "fecha_dato": "2026-05-12", "ambito": "34013", "_raw_CD_SIGLAS": "SNUP", "_raw_DS_CLASIF_GEN": "Suelo No Urbanizable Protegido", "_raw_DS_CLASIF_DET": "Suelo No Urbanizable Clase IV. Espacios de Interés Agropecuario Extensivo. Espacios Singulares en Suelo No Urbanizable Protegido", "_raw_DS_DOCU": "NORMAS SUBSIDIARIAS", "_raw_DS_LEY": "CM Ley 9/1995, E RD 1346/1976", "_raw_FC_AC": "1997-10-28", "_raw_NM_AREA_M2": 30740.470026520001, "_cam_code": "158" }, "geometry": { "type": "Polygon", "coordinates": [ [ [ -3.6457, 40.8522 ], [ -3.6448, 40.8523 ], [ -3.6444, 40.8533 ], [ -3.6471, 40.854 ], [ -3.6472, 40.8531 ], [ -3.647, 40.8528 ], [ -3.6457, 40.8522 ] ] ] } },
{ "type": "Feature", "properties": { "municipio": "Valdemanco", "clasificacion": "no-urbanizable-protegido", "calificacion": "sin-asignar", "version": "vigente", "fuente": "SIT-CAM WFS — UsoDelSuelo:VPLA_V_CLASIFICACION (https://idem.comunidad.madrid/geosrvg/ows)", "fecha_dato": "2026-05-12", "ambito": "34013", "_raw_CD_SIGLAS": "SNUP", "_raw_DS_CLASIF_GEN": "Suelo No Urbanizable Protegido", "_raw_DS_CLASIF_DET": "Suelo No Urbanizable Clase IV. Espacios de Interés Agropecuario Extensivo. Espacios Singulares en Suelo No Urbanizable Protegido", "_raw_DS_DOCU": "NORMAS SUBSIDIARIAS", "_raw_DS_LEY": "CM Ley 9/1995, E RD 1346/1976", "_raw_FC_AC": "1997-10-28", "_raw_NM_AREA_M2": 13965.765120402901, "_cam_code": "158" }, "geometry": { "type": "Polygon", "coordinates": [ [ [ -3.6528, 40.86 ], [ -3.6528, 40.8602 ], [ -3.6523, 40.8604 ], [ -3.6523, 40.8607 ], [ -3.6536, 40.8614 ], [ -3.6542, 40.8605 ], [ -3.6528, 40.86 ] ] ] } },
{ "type": "Feature", "properties": { "municipio": "Valdemanco", "clasificacion": "no-urbanizable-protegido", "calificacion": "sin-asignar", "version": "vigente", "fuente": "SIT-CAM WFS — UsoDelSuelo:VPLA_V_CLASIFICACION (https://idem.comunidad.madrid/geosrvg/ows)", "fecha_dato": "2026-05-12", "ambito": "34013", "_raw_CD_SIGLAS": "SNUP", "_raw_DS_CLASIF_GEN": "Suelo No Urbanizable Protegido", "_raw_DS_CLASIF_DET": "Suelo No Urbanizable Clase IV. Espacios de Interés Agropecuario Extensivo. Espacios Singulares en Suelo No Urbanizable Protegido", "_raw_DS_DOCU": "NORMAS SUBSIDIARIAS", "_raw_DS_LEY": "CM Ley 9/1995, E RD 1346/1976", "_raw_FC_AC": "1997-10-28", "_raw_NM_AREA_M2": 40826.795358938703, "_cam_code": "158" }, "geometry": { "type": "Polygon", "coordinates": [ [ [ -3.6485, 40.8647 ], [ -3.649, 40.8648 ], [ -3.6496, 40.8656 ], [ -3.6503, 40.8656 ], [ -3.6502, 40.8655 ], [ -3.6505, 40.8652 ], [ -3.6502, 40.8651 ], [ -3.6499, 40.8648 ], [ -3.6498, 40.8645 ], [ -3.6497, 40.8645 ], [ -3.6497, 40.864 ], [ -3.6488, 40.8631 ], [ -3.6477, 40.8626 ], [ -3.6478, 40.8627 ], [ -3.6478, 40.8635 ], [ -3.6476, 40.8639 ], [ -3.6471, 40.8642 ], [ -3.6471, 40.8646 ], [ -3.6473, 40.8648 ], [ -3.6485, 40.8647 ] ] ] } },
{ "type": "Feature", "properties": { "municipio": "Valdemanco", "clasificacion": "no-urbanizable-protegido", "calificacion": "sin-asignar", "version": "vigente", "fuente": "SIT-CAM WFS — UsoDelSuelo:VPLA_V_CLASIFICACION (https://idem.comunidad.madrid/geosrvg/ows)", "fecha_dato": "2026-05-12", "ambito": "34013", "_raw_CD_SIGLAS": "SNUP", "_raw_DS_CLASIF_GEN": "Suelo No Urbanizable Protegido", "_raw_DS_CLASIF_DET": "Suelo No Urbanizable Clase IV. Espacios de Interés Agropecuario Extensivo. Espacios Singulares en Suelo No Urbanizable Protegido", "_raw_DS_DOCU": "NORMAS SUBSIDIARIAS", "_raw_DS_LEY": "CM Ley 9/1995, E RD 1346/1976", "_raw_FC_AC": "1997-10-28", "_raw_NM_AREA_M2": 37141.524758420797, "_cam_code": "158" }, "geometry": { "type": "Polygon", "coordinates": [ [ [ -3.6637, 40.8792 ], [ -3.6621, 40.8795 ], [ -3.663, 40.8801 ], [ -3.6631, 40.8805 ], [ -3.6634, 40.8809 ], [ -3.663, 40.8816 ], [ -3.6629, 40.8826 ], [ -3.6632, 40.8823 ], [ -3.6635, 40.8822 ], [ -3.6644, 40.8811 ], [ -3.6644, 40.8809 ], [ -3.6646, 40.8808 ], [ -3.6645, 40.8793 ], [ -3.6644, 40.8792 ], [ -3.6637, 40.8792 ] ] ] } },
{ "type": "Feature", "properties": { "municipio": "Valdemanco", "clasificacion": "no-urbanizable-protegido", "calificacion": "sin-asignar", "version": "vigente", "fuente": "SIT-CAM WFS — UsoDelSuelo:VPLA_V_CLASIFICACION (https://idem.comunidad.madrid/geosrvg/ows)", "fecha_dato": "2026-05-12", "ambito": "34013", "_raw_CD_SIGLAS": "SNUP", "_raw_DS_CLASIF_GEN": "Suelo No Urbanizable Protegido", "_raw_DS_CLASIF_DET": "Suelo No Urbanizable Clase IV. Espacios de Interés Agropecuario Extensivo", "_raw_DS_DOCU": "NORMAS SUBSIDIARIAS", "_raw_DS_LEY": "CM Ley 9/1995, E RD 1346/1976", "_raw_FC_AC": "1997-10-28", "_raw_NM_AREA_M2": 15582.161606068799, "_cam_code": "158" }, "geometry": { "type": "Polygon", "coordinates": [ [ [ -3.6604, 40.8507 ], [ -3.6599, 40.8508 ], [ -3.6592, 40.8514 ], [ -3.6609, 40.8524 ], [ -3.6609, 40.8512 ], [ -3.6604, 40.8507 ] ] ] } },
{ "type": "Feature", "properties": { "municipio": "Valdemanco", "clasificacion": "no-urbanizable-protegido", "calificacion": "sin-asignar", "version": "vigente", "fuente": "SIT-CAM WFS — UsoDelSuelo:VPLA_V_CLASIFICACION (https://idem.comunidad.madrid/geosrvg/ows)", "fecha_dato": "2026-05-12", "ambito": "34013", "_raw_CD_SIGLAS": "SNUP", "_raw_DS_CLASIF_GEN": "Suelo No Urbanizable Protegido", "_raw_DS_CLASIF_DET": "Suelo No Urbanizable Clase V. Espacios Rurales con Restricciones de Uso", "_raw_DS_DOCU": "NORMAS SUBSIDIARIAS", "_raw_DS_LEY": "CM Ley 9/1995, E RD 1346/1976", "_raw_FC_AC": "1997-10-28", "_raw_NM_AREA_M2": 33161.939415238303, "_cam_code": "158" }, "geometry": { "type": "Polygon", "coordinates": [ [ [ -3.6614, 40.846 ], [ -3.6614, 40.8464 ], [ -3.6611, 40.8471 ], [ -3.6614, 40.8474 ], [ -3.6616, 40.848 ], [ -3.6616, 40.8485 ], [ -3.6612, 40.8491 ], [ -3.6612, 40.8496 ], [ -3.6614, 40.85 ], [ -3.661, 40.8504 ], [ -3.6612, 40.8508 ], [ -3.6616, 40.8509 ], [ -3.6619, 40.8513 ], [ -3.6622, 40.8513 ], [ -3.6622, 40.8499 ], [ -3.6619, 40.8489 ], [ -3.6619, 40.8473 ], [ -3.6621, 40.8462 ], [ -3.6614, 40.8459 ], [ -3.6614, 40.846 ] ] ] } },
{ "type": "Feature", "properties": { "municipio": "Valdemanco", "clasificacion": "no-urbanizable-protegido", "calificacion": "sin-asignar", "version": "vigente", "fuente": "SIT-CAM WFS — UsoDelSuelo:VPLA_V_CLASIFICACION (https://idem.comunidad.madrid/geosrvg/ows)", "fecha_dato": "2026-05-12", "ambito": "34013", "_raw_CD_SIGLAS": "SNUP", "_raw_DS_CLASIF_GEN": "Suelo No Urbanizable Protegido", "_raw_DS_CLASIF_DET": "Suelo No Urbanizable Clase V. Espacios Rurales con Restricciones de Uso", "_raw_DS_DOCU": "NORMAS SUBSIDIARIAS", "_raw_DS_LEY": "CM Ley 9/1995, E RD 1346/1976", "_raw_FC_AC": "1997-10-28", "_raw_NM_AREA_M2": 108125.225216315, "_cam_code": "158" }, "geometry": { "type": "Polygon", "coordinates": [ [ [ -3.6604, 40.8507 ], [ -3.6609, 40.8512 ], [ -3.6609, 40.8524 ], [ -3.6613, 40.8525 ], [ -3.6619, 40.8529 ], [ -3.6622, 40.8514 ], [ -3.6612, 40.8508 ], [ -3.6609, 40.8504 ], [ -3.6613, 40.85 ], [ -3.6611, 40.8492 ], [ -3.6612, 40.8492 ], [ -3.6614, 40.8488 ], [ -3.6616, 40.848 ], [ -3.6615, 40.848 ], [ -3.6613, 40.8474 ], [ -3.6611, 40.8472 ], [ -3.6614, 40.8459 ], [ -3.6611, 40.8457 ], [ -3.6609, 40.8453 ], [ -3.6606, 40.8438 ], [ -3.6607, 40.8434 ], [ -3.6609, 40.8432 ], [ -3.6609, 40.8429 ], [ -3.6607, 40.8421 ], [ -3.6605, 40.8419 ], [ -3.6603, 40.8419 ], [ -3.6604, 40.8422 ], [ -3.6605, 40.8422 ], [ -3.6606, 40.8431 ], [ -3.6605, 40.8443 ], [ -3.6609, 40.8458 ], [ -3.6609, 40.8464 ], [ -3.6598, 40.8481 ], [ -3.6595, 40.8484 ], [ -3.6588, 40.8486 ], [ -3.6587, 40.8503 ], [ -3.6584, 40.8507 ], [ -3.6582, 40.8506 ], [ -3.6592, 40.8514 ], [ -3.6599, 40.8508 ], [ -3.6604, 40.8507 ] ] ] } },
{ "type": "Feature", "properties": { "municipio": "Valdemanco", "clasificacion": "no-urbanizable-protegido", "calificacion": "sin-asignar", "version": "vigente", "fuente": "SIT-CAM WFS — UsoDelSuelo:VPLA_V_CLASIFICACION (https://idem.comunidad.madrid/geosrvg/ows)", "fecha_dato": "2026-05-12", "ambito": "34013", "_raw_CD_SIGLAS": "SNUP", "_raw_DS_CLASIF_GEN": "Suelo No Urbanizable Protegido", "_raw_DS_CLASIF_DET": "Suelo No Urbanizable Clase V. Espacios Rurales con Restricciones de Uso", "_raw_DS_DOCU": "NORMAS SUBSIDIARIAS", "_raw_DS_LEY": "CM Ley 9/1995, E RD 1346/1976", "_raw_FC_AC": "1997-10-28", "_raw_NM_AREA_M2": 460.91372520434999, "_cam_code": "158" }, "geometry": { "type": "Polygon", "coordinates": [ [ [ -3.6633, 40.854 ], [ -3.6629, 40.8539 ], [ -3.6628, 40.8539 ], [ -3.6633, 40.8542 ], [ -3.6633, 40.854 ] ] ] } },
{ "type": "Feature", "properties": { "municipio": "Valdemanco", "clasificacion": "no-urbanizable-protegido", "calificacion": "sin-asignar", "version": "vigente", "fuente": "SIT-CAM WFS — UsoDelSuelo:VPLA_V_CLASIFICACION (https://idem.comunidad.madrid/geosrvg/ows)", "fecha_dato": "2026-05-12", "ambito": "34013", "_raw_CD_SIGLAS": "SNUP", "_raw_DS_CLASIF_GEN": "Suelo No Urbanizable Protegido", "_raw_DS_CLASIF_DET": "Suelo No Urbanizable Clase V. Espacios Rurales con Restricciones de Uso", "_raw_DS_DOCU": "NORMAS SUBSIDIARIAS", "_raw_DS_LEY": "CM Ley 9/1995, E RD 1346/1976", "_raw_FC_AC": "1997-10-28", "_raw_NM_AREA_M2": 82319.674582323001, "_cam_code": "158" }, "geometry": { "type": "Polygon", "coordinates": [ [ [ -3.6561, 40.8503 ], [ -3.6559, 40.8505 ], [ -3.6558, 40.8509 ], [ -3.6557, 40.8509 ], [ -3.6558, 40.8509 ], [ -3.6559, 40.8512 ], [ -3.6564, 40.8515 ], [ -3.6566, 40.8524 ], [ -3.6565, 40.8535 ], [ -3.6567, 40.8537 ], [ -3.6568, 40.8542 ], [ -3.657, 40.8544 ], [ -3.6572, 40.8544 ], [ -3.6572, 40.8545 ], [ -3.6578, 40.8546 ], [ -3.6587, 40.8545 ], [ -3.6591, 40.8543 ], [ -3.6593, 40.8538 ], [ -3.6592, 40.8533 ], [ -3.6582, 40.8523 ], [ -3.6582, 40.8519 ], [ -3.6584, 40.8517 ], [ -3.6591, 40.8515 ], [ -3.6584, 40.8509 ], [ -3.6566, 40.8506 ], [ -3.6563, 40.8503 ], [ -3.6561, 40.8503 ] ] ] } },
{ "type": "Feature", "properties": { "municipio": "Valdemanco", "clasificacion": "no-urbanizable-protegido", "calificacion": "sin-asignar", "version": "vigente", "fuente": "SIT-CAM WFS — UsoDelSuelo:VPLA_V_CLASIFICACION (https://idem.comunidad.madrid/geosrvg/ows)", "fecha_dato": "2026-05-12", "ambito": "34013", "_raw_CD_SIGLAS": "SNUP", "_raw_DS_CLASIF_GEN": "Suelo No Urbanizable Protegido", "_raw_DS_CLASIF_DET": "Suelo No Urbanizable Clase V. Espacios Rurales con Restricciones de Uso", "_raw_DS_DOCU": "NORMAS SUBSIDIARIAS", "_raw_DS_LEY": "CM Ley 9/1995, E RD 1346/1976", "_raw_FC_AC": "1997-10-28", "_raw_NM_AREA_M2": 24590.085702970799, "_cam_code": "158" }, "geometry": { "type": "Polygon", "coordinates": [ [ [ -3.6631, 40.8538 ], [ -3.6633, 40.8539 ], [ -3.6633, 40.8542 ], [ -3.6642, 40.8548 ], [ -3.6641, 40.8546 ], [ -3.6642, 40.8545 ], [ -3.6642, 40.8539 ], [ -3.6639, 40.8534 ], [ -3.6639, 40.8529 ], [ -3.6627, 40.8519 ], [ -3.6627, 40.8525 ], [ -3.6626, 40.8525 ], [ -3.6626, 40.8531 ], [ -3.6624, 40.8537 ], [ -3.6628, 40.8539 ], [ -3.6631, 40.8538 ] ] ] } },
{ "type": "Feature", "properties": { "municipio": "Valdemanco", "clasificacion": "no-urbanizable-protegido", "calificacion": "sin-asignar", "version": "vigente", "fuente": "SIT-CAM WFS — UsoDelSuelo:VPLA_V_CLASIFICACION (https://idem.comunidad.madrid/geosrvg/ows)", "fecha_dato": "2026-05-12", "ambito": "34013", "_raw_CD_SIGLAS": "SNUP", "_raw_DS_CLASIF_GEN": "Suelo No Urbanizable Protegido", "_raw_DS_CLASIF_DET": "Suelo No Urbanizable Clase V. Espacios Rurales con Restricciones de Uso", "_raw_DS_DOCU": "NORMAS SUBSIDIARIAS", "_raw_DS_LEY": "CM Ley 9/1995, E RD 1346/1976", "_raw_FC_AC": "1997-10-28", "_raw_NM_AREA_M2": 20352.603580984902, "_cam_code": "158" }, "geometry": { "type": "Polygon", "coordinates": [ [ [ -3.6624, 40.8547 ], [ -3.6624, 40.8556 ], [ -3.6627, 40.8563 ], [ -3.6636, 40.8574 ], [ -3.6634, 40.8579 ], [ -3.6634, 40.8591 ], [ -3.664, 40.8596 ], [ -3.6639, 40.8591 ], [ -3.664, 40.858 ], [ -3.6638, 40.8579 ], [ -3.664, 40.8574 ], [ -3.6638, 40.8571 ], [ -3.6631, 40.8567 ], [ -3.6632, 40.8565 ], [ -3.6631, 40.8561 ], [ -3.6628, 40.8558 ], [ -3.6628, 40.8553 ], [ -3.6629, 40.855 ], [ -3.663, 40.855 ], [ -3.663, 40.8546 ], [ -3.6624, 40.8543 ], [ -3.6624, 40.8547 ] ] ] } },
{ "type": "Feature", "properties": { "municipio": "Valdemanco", "clasificacion": "no-urbanizable-protegido", "calificacion": "sin-asignar", "version": "vigente", "fuente": "SIT-CAM WFS — UsoDelSuelo:VPLA_V_CLASIFICACION (https://idem.comunidad.madrid/geosrvg/ows)", "fecha_dato": "2026-05-12", "ambito": "34013", "_raw_CD_SIGLAS": "SNUP", "_raw_DS_CLASIF_GEN": "Suelo No Urbanizable Protegido", "_raw_DS_CLASIF_DET": "Suelo No Urbanizable Clase V. Espacios Rurales con Restricciones de Uso", "_raw_DS_DOCU": "NORMAS SUBSIDIARIAS", "_raw_DS_LEY": "CM Ley 9/1995, E RD 1346/1976", "_raw_FC_AC": "1997-10-28", "_raw_NM_AREA_M2": 29720.6051250153, "_cam_code": "158" }, "geometry": { "type": "Polygon", "coordinates": [ [ [ -3.6631, 40.8547 ], [ -3.6629, 40.8559 ], [ -3.6632, 40.8562 ], [ -3.6632, 40.8567 ], [ -3.664, 40.8572 ], [ -3.664, 40.8577 ], [ -3.6638, 40.8578 ], [ -3.664, 40.8579 ], [ -3.6641, 40.8582 ], [ -3.664, 40.8586 ], [ -3.6641, 40.8594 ], [ -3.664, 40.8596 ], [ -3.6642, 40.8597 ], [ -3.6644, 40.8587 ], [ -3.6643, 40.8584 ], [ -3.6644, 40.8577 ], [ -3.6641, 40.8561 ], [ -3.6644, 40.8558 ], [ -3.6643, 40.8552 ], [ -3.6631, 40.8547 ] ] ] } },
{ "type": "Feature", "properties": { "municipio": "Valdemanco", "clasificacion": "no-urbanizable-protegido", "calificacion": "sin-asignar", "version": "vigente", "fuente": "SIT-CAM WFS — UsoDelSuelo:VPLA_V_CLASIFICACION (https://idem.comunidad.madrid/geosrvg/ows)", "fecha_dato": "2026-05-12", "ambito": "34013", "_raw_CD_SIGLAS": "SNUP", "_raw_DS_CLASIF_GEN": "Suelo No Urbanizable Protegido", "_raw_DS_CLASIF_DET": "Suelo No Urbanizable Clase V. Espacios Rurales con Restricciones de Uso", "_raw_DS_DOCU": "NORMAS SUBSIDIARIAS", "_raw_DS_LEY": "CM Ley 9/1995, E RD 1346/1976", "_raw_FC_AC": "1997-10-28", "_raw_NM_AREA_M2": 23005.504893501598, "_cam_code": "158" }, "geometry": { "type": "Polygon", "coordinates": [ [ [ -3.6502, 40.8589 ], [ -3.6515, 40.8596 ], [ -3.6511, 40.8599 ], [ -3.6523, 40.8607 ], [ -3.6523, 40.8604 ], [ -3.6528, 40.8602 ], [ -3.6528, 40.8597 ], [ -3.652, 40.859 ], [ -3.6515, 40.8587 ], [ -3.6504, 40.8585 ], [ -3.6502, 40.8589 ] ] ] } },
{ "type": "Feature", "properties": { "municipio": "Valdemanco", "clasificacion": "no-urbanizable-protegido", "calificacion": "sin-asignar", "version": "vigente", "fuente": "SIT-CAM WFS — UsoDelSuelo:VPLA_V_CLASIFICACION (https://idem.comunidad.madrid/geosrvg/ows)", "fecha_dato": "2026-05-12", "ambito": "34013", "_raw_CD_SIGLAS": "SNUP", "_raw_DS_CLASIF_GEN": "Suelo No Urbanizable Protegido", "_raw_DS_CLASIF_DET": "Suelo No Urbanizable Clase V. Espacios Rurales con Restricciones de Uso", "_raw_DS_DOCU": "NORMAS SUBSIDIARIAS", "_raw_DS_LEY": "CM Ley 9/1995, E RD 1346/1976", "_raw_FC_AC": "1997-10-28", "_raw_NM_AREA_M2": 249924.68661874501, "_cam_code": "158" }, "geometry": { "type": "Polygon", "coordinates": [ [ [ -3.6521, 40.8567 ], [ -3.6517, 40.8571 ], [ -3.6517, 40.8575 ], [ -3.6527, 40.8586 ], [ -3.6535, 40.8594 ], [ -3.654, 40.8597 ], [ -3.6563, 40.8607 ], [ -3.657, 40.8616 ], [ -3.6581, 40.8613 ], [ -3.6584, 40.861 ], [ -3.6585, 40.8601 ], [ -3.6589, 40.8597 ], [ -3.6595, 40.8596 ], [ -3.6584, 40.8575 ], [ -3.6576, 40.8571 ], [ -3.6553, 40.8552 ], [ -3.6544, 40.8553 ], [ -3.6541, 40.8559 ], [ -3.6537, 40.8563 ], [ -3.6532, 40.8562 ], [ -3.6521, 40.8567 ] ] ] } },
{ "type": "Feature", "properties": { "municipio": "Valdemanco", "clasificacion": "no-urbanizable-protegido", "calificacion": "sin-asignar", "version": "vigente", "fuente": "SIT-CAM WFS — UsoDelSuelo:VPLA_V_CLASIFICACION (https://idem.comunidad.madrid/geosrvg/ows)", "fecha_dato": "2026-05-12", "ambito": "34013", "_raw_CD_SIGLAS": "SNUP", "_raw_DS_CLASIF_GEN": "Suelo No Urbanizable Protegido", "_raw_DS_CLASIF_DET": "Suelo No Urbanizable Clase V. Espacios Rurales con Restricciones de Uso", "_raw_DS_DOCU": "NORMAS SUBSIDIARIAS", "_raw_DS_LEY": "CM Ley 9/1995, E RD 1346/1976", "_raw_FC_AC": "1997-10-28", "_raw_NM_AREA_M2": 2650.5517935008702, "_cam_code": "158" }, "geometry": { "type": "Polygon", "coordinates": [ [ [ -3.6606, 40.8419 ], [ -3.6605, 40.8419 ], [ -3.6608, 40.8421 ], [ -3.661, 40.843 ], [ -3.6612, 40.8424 ], [ -3.6609, 40.8419 ], [ -3.6606, 40.8419 ] ] ] } },
{ "type": "Feature", "properties": { "municipio": "Valdemanco", "clasificacion": "no-urbanizable-protegido", "calificacion": "sin-asignar", "version": "vigente", "fuente": "SIT-CAM WFS — UsoDelSuelo:VPLA_V_CLASIFICACION (https://idem.comunidad.madrid/geosrvg/ows)", "fecha_dato": "2026-05-12", "ambito": "34013", "_raw_CD_SIGLAS": "SNUP", "_raw_DS_CLASIF_GEN": "Suelo No Urbanizable Protegido", "_raw_DS_CLASIF_DET": "Suelo No Urbanizable Clase V. Espacios Rurales con Restricciones de Uso", "_raw_DS_DOCU": "NORMAS SUBSIDIARIAS", "_raw_DS_LEY": "CM Ley 9/1995, E RD 1346/1976", "_raw_FC_AC": "1997-10-28", "_raw_NM_AREA_M2": 190173.49797770599, "_cam_code": "158" }, "geometry": { "type": "Polygon", "coordinates": [ [ [ -3.6738, 40.8563 ], [ -3.6725, 40.8569 ], [ -3.6722, 40.8578 ], [ -3.6722, 40.8589 ], [ -3.6726, 40.8596 ], [ -3.6724, 40.8599 ], [ -3.6719, 40.8602 ], [ -3.6719, 40.8604 ], [ -3.6721, 40.8608 ], [ -3.6721, 40.8612 ], [ -3.6723, 40.8615 ], [ -3.6726, 40.8616 ], [ -3.6749, 40.8607 ], [ -3.6774, 40.86 ], [ -3.6778, 40.8592 ], [ -3.6778, 40.8587 ], [ -3.6776, 40.8583 ], [ -3.6765, 40.8578 ], [ -3.6759, 40.8572 ], [ -3.6747, 40.8564 ], [ -3.6738, 40.8563 ] ] ] } },
{ "type": "Feature", "properties": { "municipio": "Valdemanco", "clasificacion": "no-urbanizable-protegido", "calificacion": "sin-asignar", "version": "vigente", "fuente": "SIT-CAM WFS — UsoDelSuelo:VPLA_V_CLASIFICACION (https://idem.comunidad.madrid/geosrvg/ows)", "fecha_dato": "2026-05-12", "ambito": "34013", "_raw_CD_SIGLAS": "SNUP", "_raw_DS_CLASIF_GEN": "Suelo No Urbanizable Protegido", "_raw_DS_CLASIF_DET": "Suelo No Urbanizable Clase V. Espacios Rurales con Restricciones de Uso", "_raw_DS_DOCU": "NORMAS SUBSIDIARIAS", "_raw_DS_LEY": "CM Ley 9/1995, E RD 1346/1976", "_raw_FC_AC": "1997-10-28", "_raw_NM_AREA_M2": 132713.59109543799, "_cam_code": "158" }, "geometry": { "type": "Polygon", "coordinates": [ [ [ -3.678, 40.8616 ], [ -3.6808, 40.8616 ], [ -3.6826, 40.8612 ], [ -3.6812, 40.8583 ], [ -3.6792, 40.8579 ], [ -3.678, 40.858 ], [ -3.6779, 40.8597 ], [ -3.6774, 40.8608 ], [ -3.678, 40.8616 ] ] ] } },
{ "type": "Feature", "properties": { "municipio": "Valdemanco", "clasificacion": "no-urbanizable-protegido", "calificacion": "sin-asignar", "version": "vigente", "fuente": "SIT-CAM WFS — UsoDelSuelo:VPLA_V_CLASIFICACION (https://idem.comunidad.madrid/geosrvg/ows)", "fecha_dato": "2026-05-12", "ambito": "34013", "_raw_CD_SIGLAS": "SNUP", "_raw_DS_CLASIF_GEN": "Suelo No Urbanizable Protegido", "_raw_DS_CLASIF_DET": "Suelo No Urbanizable Clase V. Espacios Rurales con Restricciones de Uso", "_raw_DS_DOCU": "NORMAS SUBSIDIARIAS", "_raw_DS_LEY": "CM Ley 9/1995, E RD 1346/1976", "_raw_FC_AC": "1997-10-28", "_raw_NM_AREA_M2": 15053.9132503206, "_cam_code": "158" }, "geometry": { "type": "Polygon", "coordinates": [ [ [ -3.6559, 40.8608 ], [ -3.6557, 40.8619 ], [ -3.6546, 40.8622 ], [ -3.6556, 40.8627 ], [ -3.6563, 40.8629 ], [ -3.6561, 40.8624 ], [ -3.6563, 40.8619 ], [ -3.6567, 40.8616 ], [ -3.6563, 40.861 ], [ -3.6559, 40.8608 ] ] ] } },
{ "type": "Feature", "properties": { "municipio": "Valdemanco", "clasificacion": "no-urbanizable-protegido", "calificacion": "sin-asignar", "version": "vigente", "fuente": "SIT-CAM WFS — UsoDelSuelo:VPLA_V_CLASIFICACION (https://idem.comunidad.madrid/geosrvg/ows)", "fecha_dato": "2026-05-12", "ambito": "34013", "_raw_CD_SIGLAS": "SNUP", "_raw_DS_CLASIF_GEN": "Suelo No Urbanizable Protegido", "_raw_DS_CLASIF_DET": "Suelo No Urbanizable Clase V. Espacios Rurales con Restricciones de Uso", "_raw_DS_DOCU": "NORMAS SUBSIDIARIAS", "_raw_DS_LEY": "CM Ley 9/1995, E RD 1346/1976", "_raw_FC_AC": "1997-10-28", "_raw_NM_AREA_M2": 2747.4252787394998, "_cam_code": "158" }, "geometry": { "type": "Polygon", "coordinates": [ [ [ -3.6631, 40.8684 ], [ -3.6633, 40.8688 ], [ -3.6633, 40.8694 ], [ -3.6635, 40.8696 ], [ -3.6637, 40.8686 ], [ -3.6631, 40.8684 ] ] ] } },
{ "type": "Feature", "properties": { "municipio": "Valdemanco", "clasificacion": "no-urbanizable-protegido", "calificacion": "sin-asignar", "version": "vigente", "fuente": "SIT-CAM WFS — UsoDelSuelo:VPLA_V_CLASIFICACION (https://idem.comunidad.madrid/geosrvg/ows)", "fecha_dato": "2026-05-12", "ambito": "34013", "_raw_CD_SIGLAS": "SNUP", "_raw_DS_CLASIF_GEN": "Suelo No Urbanizable Protegido", "_raw_DS_CLASIF_DET": "Suelo No Urbanizable Clase V. Espacios Rurales con Restricciones de Uso", "_raw_DS_DOCU": "NORMAS SUBSIDIARIAS", "_raw_DS_LEY": "CM Ley 9/1995, E RD 1346/1976", "_raw_FC_AC": "1997-10-28", "_raw_NM_AREA_M2": 93952.074010565295, "_cam_code": "158" }, "geometry": { "type": "Polygon", "coordinates": [ [ [ -3.6732, 40.871 ], [ -3.673, 40.8713 ], [ -3.6758, 40.8709 ], [ -3.6771, 40.8711 ], [ -3.6784, 40.871 ], [ -3.6793, 40.8699 ], [ -3.6799, 40.8696 ], [ -3.6799, 40.8694 ], [ -3.6795, 40.869 ], [ -3.6794, 40.8687 ], [ -3.6795, 40.868 ], [ -3.6792, 40.8683 ], [ -3.6786, 40.8685 ], [ -3.6782, 40.8685 ], [ -3.6777, 40.8681 ], [ -3.6771, 40.8681 ], [ -3.677, 40.8683 ], [ -3.6772, 40.8691 ], [ -3.6771, 40.8695 ], [ -3.6766, 40.8695 ], [ -3.6763, 40.8698 ], [ -3.6751, 40.8697 ], [ -3.6747, 40.8699 ], [ -3.6737, 40.8708 ], [ -3.6732, 40.871 ] ] ] } },
{ "type": "Feature", "properties": { "municipio": "Valdemanco", "clasificacion": "no-urbanizable-protegido", "calificacion": "sin-asignar", "version": "vigente", "fuente": "SIT-CAM WFS — UsoDelSuelo:VPLA_V_CLASIFICACION (https://idem.comunidad.madrid/geosrvg/ows)", "fecha_dato": "2026-05-12", "ambito": "34013", "_raw_CD_SIGLAS": "SNUP", "_raw_DS_CLASIF_GEN": "Suelo No Urbanizable Protegido", "_raw_DS_CLASIF_DET": "Suelo No Urbanizable Clase V. Espacios Rurales con Restricciones de Uso", "_raw_DS_DOCU": "NORMAS SUBSIDIARIAS", "_raw_DS_LEY": "CM Ley 9/1995, E RD 1346/1976", "_raw_FC_AC": "1997-10-28", "_raw_NM_AREA_M2": 8433.9173094430698, "_cam_code": "158" }, "geometry": { "type": "Polygon", "coordinates": [ [ [ -3.6694, 40.8717 ], [ -3.6688, 40.8719 ], [ -3.6697, 40.8727 ], [ -3.6702, 40.8728 ], [ -3.6707, 40.8727 ], [ -3.6706, 40.8725 ], [ -3.6694, 40.8717 ] ] ] } },
{ "type": "Feature", "properties": { "municipio": "Valdemanco", "clasificacion": "no-urbanizable-protegido", "calificacion": "sin-asignar", "version": "vigente", "fuente": "SIT-CAM WFS — UsoDelSuelo:VPLA_V_CLASIFICACION (https://idem.comunidad.madrid/geosrvg/ows)", "fecha_dato": "2026-05-12", "ambito": "34013", "_raw_CD_SIGLAS": "SNUP", "_raw_DS_CLASIF_GEN": "Suelo No Urbanizable Protegido", "_raw_DS_CLASIF_DET": "Suelo No Urbanizable Clase V. Espacios Rurales con Restricciones de Uso", "_raw_DS_DOCU": "NORMAS SUBSIDIARIAS", "_raw_DS_LEY": "CM Ley 9/1995, E RD 1346/1976", "_raw_FC_AC": "1997-10-28", "_raw_NM_AREA_M2": 53281.394960141901, "_cam_code": "158" }, "geometry": { "type": "Polygon", "coordinates": [ [ [ -3.6722, 40.8728 ], [ -3.673, 40.8727 ], [ -3.6734, 40.873 ], [ -3.6735, 40.8733 ], [ -3.6737, 40.8733 ], [ -3.6744, 40.8728 ], [ -3.6755, 40.8726 ], [ -3.676, 40.8721 ], [ -3.6759, 40.8713 ], [ -3.6758, 40.8712 ], [ -3.675, 40.8712 ], [ -3.6731, 40.8714 ], [ -3.6719, 40.8719 ], [ -3.6718, 40.8724 ], [ -3.6722, 40.8728 ] ] ] } },
{ "type": "Feature", "properties": { "municipio": "Valdemanco", "clasificacion": "no-urbanizable-protegido", "calificacion": "sin-asignar", "version": "vigente", "fuente": "SIT-CAM WFS — UsoDelSuelo:VPLA_V_CLASIFICACION (https://idem.comunidad.madrid/geosrvg/ows)", "fecha_dato": "2026-05-12", "ambito": "34013", "_raw_CD_SIGLAS": "SNUP", "_raw_DS_CLASIF_GEN": "Suelo No Urbanizable Protegido", "_raw_DS_CLASIF_DET": "Suelo No Urbanizable Clase I.1 Espacios Protegidos: Cauces Riberas y Zonas Húmedas", "_raw_DS_DOCU": "NORMAS SUBSIDIARIAS", "_raw_DS_LEY": "CM Ley 9/1995, E RD 1346/1976", "_raw_FC_AC": "1997-10-28", "_raw_NM_AREA_M2": 22660.315407036702, "_cam_code": "158" }, "geometry": { "type": "Polygon", "coordinates": [ [ [ -3.6636, 40.8685 ], [ -3.6637, 40.8686 ], [ -3.6637, 40.8686 ], [ -3.6637, 40.8686 ], [ -3.6637, 40.8687 ], [ -3.6637, 40.8688 ], [ -3.6636, 40.8688 ], [ -3.6637, 40.8689 ], [ -3.6636, 40.8689 ], [ -3.6636, 40.8689 ], [ -3.6636, 40.869 ], [ -3.6636, 40.869 ], [ -3.6636, 40.869 ], [ -3.6636, 40.869 ], [ -3.6636, 40.869 ], [ -3.6636, 40.8691 ], [ -3.6636, 40.8691 ], [ -3.6636, 40.8691 ], [ -3.6636, 40.8691 ], [ -3.6636, 40.8691 ], [ -3.6636, 40.8692 ], [ -3.6636, 40.8693 ], [ -3.6635, 40.8693 ], [ -3.6635, 40.8693 ], [ -3.6635, 40.8693 ], [ -3.6635, 40.8694 ], [ -3.6635, 40.8694 ], [ -3.6635, 40.8694 ], [ -3.6635, 40.8694 ], [ -3.6635, 40.8694 ], [ -3.6635, 40.8694 ], [ -3.6635, 40.8695 ], [ -3.6635, 40.8696 ], [ -3.6636, 40.8696 ], [ -3.6635, 40.8695 ], [ -3.6636, 40.8694 ], [ -3.6636, 40.8694 ], [ -3.6636, 40.8694 ], [ -3.6636, 40.8694 ], [ -3.6636, 40.8693 ], [ -3.6636, 40.8692 ], [ -3.6637, 40.8692 ], [ -3.6637, 40.8692 ], [ -3.6637, 40.8692 ], [ -3.6637, 40.8691 ], [ -3.6637, 40.8691 ], [ -3.6637, 40.8691 ], [ -3.6637, 40.8691 ], [ -3.6637, 40.869 ], [ -3.6637, 40.869 ], [ -3.6637, 40.869 ], [ -3.6637, 40.869 ], [ -3.6637, 40.869 ], [ -3.6637, 40.869 ], [ -3.6637, 40.869 ], [ -3.6637, 40.8689 ], [ -3.6637, 40.8689 ], [ -3.6637, 40.8689 ], [ -3.6637, 40.8689 ], [ -3.6637, 40.8689 ], [ -3.6637, 40.8689 ], [ -3.6637, 40.8688 ], [ -3.6637, 40.8688 ], [ -3.6637, 40.8688 ], [ -3.6637, 40.8688 ], [ -3.6637, 40.8688 ], [ -3.6637, 40.8688 ], [ -3.6637, 40.8687 ], [ -3.6637, 40.8687 ], [ -3.6637, 40.8687 ], [ -3.6637, 40.8687 ], [ -3.6637, 40.8687 ], [ -3.6637, 40.8687 ], [ -3.6637, 40.8686 ], [ -3.6637, 40.8686 ], [ -3.6637, 40.8686 ], [ -3.6637, 40.8686 ], [ -3.6637, 40.8686 ], [ -3.6637, 40.8685 ], [ -3.6637, 40.8685 ], [ -3.6637, 40.8685 ], [ -3.6637, 40.8685 ], [ -3.6637, 40.8684 ], [ -3.6637, 40.8684 ], [ -3.6637, 40.8683 ], [ -3.6637, 40.8682 ], [ -3.6637, 40.8682 ], [ -3.6637, 40.8682 ], [ -3.6637, 40.8682 ], [ -3.6638, 40.8682 ], [ -3.6639, 40.8682 ], [ -3.664, 40.8679 ], [ -3.6641, 40.8679 ], [ -3.6641, 40.8678 ], [ -3.6641, 40.8677 ], [ -3.6642, 40.8677 ], [ -3.6642, 40.8675 ], [ -3.6641, 40.8675 ], [ -3.6642, 40.867 ], [ -3.664, 40.8668 ], [ -3.664, 40.8664 ], [ -3.6642, 40.8663 ], [ -3.6645, 40.8658 ], [ -3.6645, 40.8658 ], [ -3.6645, 40.8658 ], [ -3.6646, 40.8658 ], [ -3.6647, 40.8658 ], [ -3.6648, 40.8657 ], [ -3.6647, 40.8653 ], [ -3.6648, 40.8653 ], [ -3.665, 40.8646 ], [ -3.665, 40.8646 ], [ -3.665, 40.8646 ], [ -3.665, 40.8646 ], [ -3.665, 40.8646 ], [ -3.665, 40.8646 ], [ -3.665, 40.8645 ], [ -3.665, 40.8644 ], [ -3.6649, 40.8641 ], [ -3.6646, 40.8639 ], [ -3.6646, 40.8635 ], [ -3.6645, 40.8635 ], [ -3.6645, 40.8634 ], [ -3.6645, 40.8633 ], [ -3.6644, 40.8632 ], [ -3.6644, 40.8632 ], [ -3.6644, 40.8632 ], [ -3.6644, 40.8632 ], [ -3.6644, 40.8632 ], [ -3.6644, 40.8631 ], [ -3.6644, 40.8631 ], [ -3.6644, 40.8631 ], [ -3.6644, 40.8631 ], [ -3.6644, 40.863 ], [ -3.6644, 40.863 ], [ -3.6644, 40.863 ], [ -3.6644, 40.863 ], [ -3.6644, 40.8629 ], [ -3.6644, 40.8628 ], [ -3.6645, 40.8628 ], [ -3.6647, 40.8625 ], [ -3.6646, 40.8618 ], [ -3.6648, 40.8616 ], [ -3.6648, 40.8613 ], [ -3.6647, 40.861 ], [ -3.6645, 40.8609 ], [ -3.6646, 40.8608 ], [ -3.6645, 40.8604 ], [ -3.664, 40.8598 ], [ -3.6641, 40.8582 ], [ -3.664, 40.8579 ], [ -3.6638, 40.8578 ], [ -3.664, 40.8577 ], [ -3.664, 40.8576 ], [ -3.664, 40.8576 ], [ -3.664, 40.8575 ], [ -3.664, 40.8574 ], [ -3.664, 40.8572 ], [ -3.6632, 40.8567 ], [ -3.6632, 40.8567 ], [ -3.6632, 40.8567 ], [ -3.6632, 40.8566 ], [ -3.6632, 40.8565 ], [ -3.6632, 40.8562 ], [ -3.663, 40.8559 ], [ -3.6629, 40.8559 ], [ -3.6629, 40.8552 ], [ -3.663, 40.8552 ], [ -3.663, 40.8551 ], [ -3.663, 40.8551 ], [ -3.663, 40.855 ], [ -3.663, 40.8549 ], [ -3.6631, 40.8547 ], [ -3.6631, 40.8546 ], [ -3.6631, 40.8545 ], [ -3.6632, 40.8545 ], [ -3.6633, 40.8545 ], [ -3.6633, 40.8544 ], [ -3.6633, 40.8544 ], [ -3.6633, 40.8543 ], [ -3.6633, 40.8542 ], [ -3.6633, 40.8542 ], [ -3.6633, 40.8541 ], [ -3.6633, 40.854 ], [ -3.6633, 40.8539 ], [ -3.6632, 40.8538 ], [ -3.6624, 40.8539 ], [ -3.6624, 40.8535 ], [ -3.6626, 40.8531 ], [ -3.6625, 40.8523 ], [ -3.6627, 40.8519 ], [ -3.6627, 40.8518 ], [ -3.6628, 40.8518 ], [ -3.6628, 40.8518 ], [ -3.6628, 40.8517 ], [ -3.6628, 40.8517 ], [ -3.6628, 40.8517 ], [ -3.6628, 40.8516 ], [ -3.6628, 40.8515 ], [ -3.6624, 40.8514 ], [ -3.6624, 40.8513 ], [ -3.6619, 40.8513 ], [ -3.6616, 40.8509 ], [ -3.6614, 40.8508 ], [ -3.6613, 40.8508 ], [ -3.6612, 40.8508 ], [ -3.661, 40.8504 ], [ -3.6614, 40.85 ], [ -3.6612, 40.8496 ], [ -3.6612, 40.8495 ], [ -3.6612, 40.8495 ], [ -3.6612, 40.8494 ], [ -3.6612, 40.8493 ], [ -3.6612, 40.8492 ], [ -3.6612, 40.8491 ], [ -3.6614, 40.8489 ], [ -3.6614, 40.8488 ], [ -3.6614, 40.8487 ], [ -3.6616, 40.8485 ], [ -3.6616, 40.8484 ], [ -3.6616, 40.8482 ], [ -3.6616, 40.848 ], [ -3.6614, 40.8474 ], [ -3.6611, 40.8471 ], [ -3.6614, 40.8464 ], [ -3.6614, 40.8461 ], [ -3.6614, 40.846 ], [ -3.6614, 40.8459 ], [ -3.6615, 40.8459 ], [ -3.6614, 40.8454 ], [ -3.6612, 40.8451 ], [ -3.6611, 40.8441 ], [ -3.6609, 40.8437 ], [ -3.661, 40.8432 ], [ -3.661, 40.8431 ], [ -3.661, 40.8429 ], [ -3.6608, 40.8421 ], [ -3.6605, 40.8419 ], [ -3.6604, 40.8416 ], [ -3.6605, 40.8412 ], [ -3.66, 40.8404 ], [ -3.6601, 40.8397 ], [ -3.6602, 40.8395 ], [ -3.6603, 40.8395 ], [ -3.6605, 40.8392 ], [ -3.6605, 40.8392 ], [ -3.6605, 40.8391 ], [ -3.6605, 40.839 ], [ -3.6604, 40.8387 ], [ -3.66, 40.8386 ], [ -3.6598, 40.8382 ], [ -3.6598, 40.8382 ], [ -3.6598, 40.838 ], [ -3.6598, 40.8379 ], [ -3.6598, 40.8378 ], [ -3.6598, 40.8377 ], [ -3.6597, 40.8376 ], [ -3.6597, 40.8374 ], [ -3.6599, 40.8373 ], [ -3.6599, 40.8372 ], [ -3.6599, 40.837 ], [ -3.6599, 40.8368 ], [ -3.6599, 40.8367 ], [ -3.6597, 40.8366 ], [ -3.6597, 40.8365 ], [ -3.6597, 40.8356 ], [ -3.6599, 40.8351 ], [ -3.6599, 40.8342 ], [ -3.6601, 40.8341 ], [ -3.6603, 40.8338 ], [ -3.6601, 40.8327 ], [ -3.6602, 40.8339 ], [ -3.6598, 40.8343 ], [ -3.6598, 40.8351 ], [ -3.6596, 40.8356 ], [ -3.6596, 40.8365 ], [ -3.6599, 40.8368 ], [ -3.6598, 40.8373 ], [ -3.6596, 40.8374 ], [ -3.6596, 40.8376 ], [ -3.6598, 40.8378 ], [ -3.6598, 40.8379 ], [ -3.6598, 40.838 ], [ -3.6598, 40.8382 ], [ -3.6599, 40.8386 ], [ -3.6603, 40.8387 ], [ -3.6605, 40.8391 ], [ -3.6603, 40.8395 ], [ -3.6602, 40.8395 ], [ -3.6601, 40.8396 ], [ -3.6599, 40.8402 ], [ -3.6601, 40.8406 ], [ -3.6601, 40.8409 ], [ -3.6603, 40.8409 ], [ -3.6604, 40.8411 ], [ -3.6604, 40.8411 ], [ -3.6604, 40.8412 ], [ -3.6604, 40.8412 ], [ -3.6604, 40.8413 ], [ -3.6604, 40.8415 ], [ -3.6604, 40.8415 ], [ -3.6604, 40.8416 ], [ -3.6604, 40.8419 ], [ -3.6607, 40.8421 ], [ -3.6608, 40.8428 ], [ -3.661, 40.8431 ], [ -3.6608, 40.8436 ], [ -3.6611, 40.8445 ], [ -3.6611, 40.8451 ], [ -3.6613, 40.8453 ], [ -3.6614, 40.8457 ], [ -3.6614, 40.8459 ], [ -3.6614, 40.8459 ], [ -3.6614, 40.846 ], [ -3.6614, 40.8461 ], [ -3.6611, 40.8469 ], [ -3.6611, 40.8471 ], [ -3.6611, 40.8472 ], [ -3.6613, 40.8474 ], [ -3.6615, 40.848 ], [ -3.6616, 40.848 ], [ -3.6615, 40.8481 ], [ -3.6615, 40.8482 ], [ -3.6616, 40.8483 ], [ -3.6615, 40.8485 ], [ -3.6614, 40.8486 ], [ -3.6614, 40.8487 ], [ -3.6614, 40.8488 ], [ -3.6612, 40.8491 ], [ -3.6612, 40.8492 ], [ -3.6611, 40.8492 ], [ -3.6611, 40.8495 ], [ -3.6612, 40.8495 ], [ -3.6612, 40.8496 ], [ -3.6612, 40.8497 ], [ -3.6613, 40.85 ], [ -3.6609, 40.8504 ], [ -3.6612, 40.8508 ], [ -3.6615, 40.8509 ], [ -3.6619, 40.8513 ], [ -3.6628, 40.8516 ], [ -3.6624, 40.8523 ], [ -3.6625, 40.8532 ], [ -3.6623, 40.8536 ], [ -3.6623, 40.8539 ], [ -3.6625, 40.854 ], [ -3.6632, 40.8539 ], [ -3.6633, 40.854 ], [ -3.6633, 40.8541 ], [ -3.6633, 40.8542 ], [ -3.6633, 40.8542 ], [ -3.6633, 40.8543 ], [ -3.6633, 40.8544 ], [ -3.6632, 40.8544 ], [ -3.663, 40.8546 ], [ -3.663, 40.8549 ], [ -3.663, 40.855 ], [ -3.6629, 40.855 ], [ -3.6628, 40.8553 ], [ -3.6628, 40.8558 ], [ -3.6631, 40.8561 ], [ -3.6632, 40.8565 ], [ -3.6631, 40.8567 ], [ -3.6638, 40.8571 ], [ -3.664, 40.8574 ], [ -3.6639, 40.8577 ], [ -3.6638, 40.8577 ], [ -3.6638, 40.8578 ], [ -3.6638, 40.8579 ], [ -3.664, 40.858 ], [ -3.6639, 40.8585 ], [ -3.664, 40.8599 ], [ -3.6645, 40.8606 ], [ -3.6644, 40.8609 ], [ -3.6647, 40.8611 ], [ -3.6647, 40.8617 ], [ -3.6645, 40.8619 ], [ -3.6646, 40.8626 ], [ -3.6644, 40.8627 ], [ -3.6643, 40.8631 ], [ -3.6644, 40.8634 ], [ -3.6645, 40.8634 ], [ -3.6645, 40.8634 ], [ -3.6645, 40.8635 ], [ -3.6645, 40.8639 ], [ -3.6648, 40.8641 ], [ -3.6649, 40.8645 ], [ -3.665, 40.8645 ], [ -3.6649, 40.8645 ], [ -3.6648, 40.8651 ], [ -3.6647, 40.8651 ], [ -3.6647, 40.8651 ], [ -3.6647, 40.8651 ], [ -3.6647, 40.8651 ], [ -3.6647, 40.8652 ], [ -3.6647, 40.8652 ], [ -3.6647, 40.8652 ], [ -3.6647, 40.8652 ], [ -3.6647, 40.8652 ], [ -3.6647, 40.8652 ], [ -3.6647, 40.8653 ], [ -3.6647, 40.8657 ], [ -3.6644, 40.8658 ], [ -3.6642, 40.8662 ], [ -3.6639, 40.8664 ], [ -3.6639, 40.8668 ], [ -3.6641, 40.8669 ], [ -3.6641, 40.8669 ], [ -3.6641, 40.8669 ], [ -3.6641, 40.8669 ], [ -3.6641, 40.8669 ], [ -3.6641, 40.8669 ], [ -3.6641, 40.867 ], [ -3.6641, 40.867 ], [ -3.6641, 40.867 ], [ -3.6641, 40.867 ], [ -3.6641, 40.8671 ], [ -3.6641, 40.8671 ], [ -3.6641, 40.8671 ], [ -3.6641, 40.8671 ], [ -3.6641, 40.8671 ], [ -3.6641, 40.8671 ], [ -3.6641, 40.8672 ], [ -3.6641, 40.8672 ], [ -3.6641, 40.8672 ], [ -3.6641, 40.8672 ], [ -3.6641, 40.8672 ], [ -3.6641, 40.8672 ], [ -3.6641, 40.8673 ], [ -3.6641, 40.8673 ], [ -3.6641, 40.8673 ], [ -3.6641, 40.8673 ], [ -3.6641, 40.8674 ], [ -3.6641, 40.8674 ], [ -3.6641, 40.8674 ], [ -3.6641, 40.8675 ], [ -3.6641, 40.8675 ], [ -3.6641, 40.8675 ], [ -3.6641, 40.8675 ], [ -3.6641, 40.8676 ], [ -3.6641, 40.8676 ], [ -3.6641, 40.8676 ], [ -3.6641, 40.8676 ], [ -3.6641, 40.8676 ], [ -3.6641, 40.8676 ], [ -3.6641, 40.8676 ], [ -3.6641, 40.8677 ], [ -3.6641, 40.8678 ], [ -3.664, 40.8678 ], [ -3.6638, 40.8682 ], [ -3.6637, 40.8682 ], [ -3.6637, 40.8682 ], [ -3.6637, 40.8682 ], [ -3.6637, 40.8682 ], [ -3.6637, 40.8682 ], [ -3.6637, 40.8682 ], [ -3.6637, 40.8683 ], [ -3.6637, 40.8683 ], [ -3.6637, 40.8683 ], [ -3.6637, 40.8683 ], [ -3.6637, 40.8683 ], [ -3.6637, 40.8684 ], [ -3.6637, 40.8685 ], [ -3.6636, 40.8685 ] ] ] } },
{ "type": "Feature", "properties": { "municipio": "Valdemanco", "clasificacion": "no-urbanizable-protegido", "calificacion": "sin-asignar", "version": "vigente", "fuente": "SIT-CAM WFS — UsoDelSuelo:VPLA_V_CLASIFICACION (https://idem.comunidad.madrid/geosrvg/ows)", "fecha_dato": "2026-05-12", "ambito": "34013", "_raw_CD_SIGLAS": "SNUP", "_raw_DS_CLASIF_GEN": "Suelo No Urbanizable Protegido", "_raw_DS_CLASIF_DET": "Suelo No Urbanizable Clase I.2 Espacios Protegidos: Vías Pecuarias", "_raw_DS_DOCU": "NORMAS SUBSIDIARIAS", "_raw_DS_LEY": "CM Ley 9/1995, E RD 1346/1976", "_raw_FC_AC": "1997-10-28", "_raw_NM_AREA_M2": 7260.63927629706, "_cam_code": "158" }, "geometry": { "type": "Polygon", "coordinates": [ [ [ -3.6609, 40.8432 ], [ -3.6606, 40.8436 ], [ -3.6608, 40.8449 ], [ -3.6611, 40.8457 ], [ -3.6614, 40.8459 ], [ -3.6613, 40.8453 ], [ -3.6611, 40.8451 ], [ -3.6611, 40.8445 ], [ -3.6608, 40.8436 ], [ -3.661, 40.8431 ], [ -3.6609, 40.843 ], [ -3.6609, 40.8432 ] ] ] } },
{ "type": "Feature", "properties": { "municipio": "Valdemanco", "clasificacion": "no-urbanizable-protegido", "calificacion": "sin-asignar", "version": "vigente", "fuente": "SIT-CAM WFS — UsoDelSuelo:VPLA_V_CLASIFICACION (https://idem.comunidad.madrid/geosrvg/ows)", "fecha_dato": "2026-05-12", "ambito": "34013", "_raw_CD_SIGLAS": "SNUP", "_raw_DS_CLASIF_GEN": "Suelo No Urbanizable Protegido", "_raw_DS_CLASIF_DET": "Suelo No Urbanizable Clase IV. Espacios de Interés Agropecuario Extensivo", "_raw_DS_DOCU": "NORMAS SUBSIDIARIAS", "_raw_DS_LEY": "CM Ley 9/1995, E RD 1346/1976", "_raw_FC_AC": "1997-10-28", "_raw_NM_AREA_M2": 32187.063570940802, "_cam_code": "158" }, "geometry": { "type": "Polygon", "coordinates": [ [ [ -3.6716, 40.8735 ], [ -3.6715, 40.874 ], [ -3.6712, 40.8742 ], [ -3.6718, 40.8748 ], [ -3.6729, 40.8741 ], [ -3.6737, 40.8733 ], [ -3.6735, 40.8733 ], [ -3.6734, 40.873 ], [ -3.673, 40.8727 ], [ -3.6722, 40.8728 ], [ -3.6718, 40.8724 ], [ -3.6719, 40.8719 ], [ -3.6712, 40.8727 ], [ -3.6716, 40.8735 ] ] ] } },
{ "type": "Feature", "properties": { "municipio": "Valdemanco", "clasificacion": "no-urbanizable-protegido", "calificacion": "sin-asignar", "version": "vigente", "fuente": "SIT-CAM WFS — UsoDelSuelo:VPLA_V_CLASIFICACION (https://idem.comunidad.madrid/geosrvg/ows)", "fecha_dato": "2026-05-12", "ambito": "34013", "_raw_CD_SIGLAS": "SNUP", "_raw_DS_CLASIF_GEN": "Suelo No Urbanizable Protegido", "_raw_DS_CLASIF_DET": "Suelo No Urbanizable Clase IV. Espacios de Interés Agropecuario Extensivo", "_raw_DS_DOCU": "NORMAS SUBSIDIARIAS", "_raw_DS_LEY": "CM Ley 9/1995, E RD 1346/1976", "_raw_FC_AC": "1997-10-28", "_raw_NM_AREA_M2": 33930.099714223703, "_cam_code": "158" }, "geometry": { "type": "Polygon", "coordinates": [ [ [ -3.6771, 40.8711 ], [ -3.6784, 40.871 ], [ -3.6793, 40.8699 ], [ -3.6799, 40.8696 ], [ -3.6799, 40.8695 ], [ -3.6799, 40.8694 ], [ -3.6799, 40.8694 ], [ -3.6799, 40.8694 ], [ -3.6799, 40.8694 ], [ -3.6799, 40.8694 ], [ -3.6799, 40.8694 ], [ -3.6799, 40.8694 ], [ -3.6799, 40.8694 ], [ -3.6799, 40.8694 ], [ -3.6799, 40.8694 ], [ -3.6799, 40.8694 ], [ -3.6799, 40.8694 ], [ -3.6799, 40.8694 ], [ -3.6799, 40.8694 ], [ -3.6799, 40.8694 ], [ -3.6799, 40.8694 ], [ -3.6799, 40.8694 ], [ -3.6799, 40.8694 ], [ -3.6799, 40.8694 ], [ -3.6799, 40.8694 ], [ -3.6799, 40.8694 ], [ -3.6799, 40.8694 ], [ -3.6799, 40.8694 ], [ -3.6799, 40.8694 ], [ -3.6798, 40.8694 ], [ -3.6805, 40.8699 ], [ -3.6808, 40.8703 ], [ -3.6762, 40.8725 ], [ -3.676, 40.8725 ], [ -3.6764, 40.8717 ], [ -3.6771, 40.8711 ] ] ] } },
{ "type": "Feature", "properties": { "municipio": "Valdemanco", "clasificacion": "no-urbanizable-protegido", "calificacion": "sin-asignar", "version": "vigente", "fuente": "SIT-CAM WFS — UsoDelSuelo:VPLA_V_CLASIFICACION (https://idem.comunidad.madrid/geosrvg/ows)", "fecha_dato": "2026-05-12", "ambito": "34013", "_raw_CD_SIGLAS": "SNUP", "_raw_DS_CLASIF_GEN": "Suelo No Urbanizable Protegido", "_raw_DS_CLASIF_DET": "Suelo No Urbanizable Clase IV. Espacios de Interés Agropecuario Extensivo", "_raw_DS_DOCU": "NORMAS SUBSIDIARIAS", "_raw_DS_LEY": "CM Ley 9/1995, E RD 1346/1976", "_raw_FC_AC": "1997-10-28", "_raw_NM_AREA_M2": 40909.524809505798, "_cam_code": "158" }, "geometry": { "type": "Polygon", "coordinates": [ [ [ -3.6833, 40.8674 ], [ -3.6812, 40.8687 ], [ -3.6808, 40.8688 ], [ -3.6807, 40.869 ], [ -3.6802, 40.8693 ], [ -3.6811, 40.8701 ], [ -3.6832, 40.8689 ], [ -3.684, 40.8686 ], [ -3.6833, 40.8674 ] ] ] } },
{ "type": "Feature", "properties": { "municipio": "Valdemanco", "clasificacion": "no-urbanizable-protegido", "calificacion": "sin-asignar", "version": "vigente", "fuente": "SIT-CAM WFS — UsoDelSuelo:VPLA_V_CLASIFICACION (https://idem.comunidad.madrid/geosrvg/ows)", "fecha_dato": "2026-05-12", "ambito": "34013", "_raw_CD_SIGLAS": "SNUP", "_raw_DS_CLASIF_GEN": "Suelo No Urbanizable Protegido", "_raw_DS_CLASIF_DET": "Suelo No Urbanizable Clase IV. Espacios de Interés Agropecuario Extensivo", "_raw_DS_DOCU": "NORMAS SUBSIDIARIAS", "_raw_DS_LEY": "CM Ley 9/1995, E RD 1346/1976", "_raw_FC_AC": "1997-10-28", "_raw_NM_AREA_M2": 109480.881324316, "_cam_code": "158" }, "geometry": { "type": "Polygon", "coordinates": [ [ [ -3.6711, 40.861 ], [ -3.6703, 40.8634 ], [ -3.669, 40.864 ], [ -3.6681, 40.865 ], [ -3.6678, 40.8663 ], [ -3.668, 40.8674 ], [ -3.6674, 40.868 ], [ -3.6659, 40.8689 ], [ -3.6648, 40.8692 ], [ -3.6649, 40.8696 ], [ -3.6664, 40.8691 ], [ -3.6675, 40.8685 ], [ -3.6679, 40.8681 ], [ -3.6693, 40.8661 ], [ -3.6703, 40.8639 ], [ -3.671, 40.8629 ], [ -3.672, 40.8622 ], [ -3.6721, 40.862 ], [ -3.6723, 40.862 ], [ -3.6731, 40.8615 ], [ -3.675, 40.8609 ], [ -3.6753, 40.8616 ], [ -3.6765, 40.8613 ], [ -3.6767, 40.8607 ], [ -3.6774, 40.8603 ], [ -3.6774, 40.86 ], [ -3.6749, 40.8607 ], [ -3.6726, 40.8616 ], [ -3.6723, 40.8615 ], [ -3.6721, 40.8612 ], [ -3.6719, 40.8602 ], [ -3.6711, 40.861 ] ] ] } },
{ "type": "Feature", "properties": { "municipio": "Valdemanco", "clasificacion": "no-urbanizable-protegido", "calificacion": "sin-asignar", "version": "vigente", "fuente": "SIT-CAM WFS — UsoDelSuelo:VPLA_V_CLASIFICACION (https://idem.comunidad.madrid/geosrvg/ows)", "fecha_dato": "2026-05-12", "ambito": "34013", "_raw_CD_SIGLAS": "SNUP", "_raw_DS_CLASIF_GEN": "Suelo No Urbanizable Protegido", "_raw_DS_CLASIF_DET": "Suelo No Urbanizable Clase IV. Espacios de Interés Agropecuario Extensivo", "_raw_DS_DOCU": "NORMAS SUBSIDIARIAS", "_raw_DS_LEY": "CM Ley 9/1995, E RD 1346/1976", "_raw_FC_AC": "1997-10-28", "_raw_NM_AREA_M2": 69867.868683460096, "_cam_code": "158" }, "geometry": { "type": "Polygon", "coordinates": [ [ [ -3.6601, 40.8659 ], [ -3.6605, 40.8661 ], [ -3.6606, 40.8663 ], [ -3.6606, 40.8673 ], [ -3.6603, 40.868 ], [ -3.6602, 40.868 ], [ -3.6604, 40.8692 ], [ -3.6604, 40.8686 ], [ -3.6615, 40.868 ], [ -3.6611, 40.8679 ], [ -3.661, 40.8667 ], [ -3.6606, 40.8657 ], [ -3.6592, 40.8648 ], [ -3.6589, 40.8641 ], [ -3.6574, 40.8638 ], [ -3.6562, 40.8632 ], [ -3.6554, 40.8635 ], [ -3.6552, 40.8645 ], [ -3.6559, 40.8652 ], [ -3.6563, 40.8652 ], [ -3.6574, 40.8648 ], [ -3.6584, 40.8649 ], [ -3.6594, 40.8659 ], [ -3.6601, 40.8659 ] ] ] } },
{ "type": "Feature", "properties": { "municipio": "Valdemanco", "clasificacion": "no-urbanizable-protegido", "calificacion": "sin-asignar", "version": "vigente", "fuente": "SIT-CAM WFS — UsoDelSuelo:VPLA_V_CLASIFICACION (https://idem.comunidad.madrid/geosrvg/ows)", "fecha_dato": "2026-05-12", "ambito": "34013", "_raw_CD_SIGLAS": "SNUP", "_raw_DS_CLASIF_GEN": "Suelo No Urbanizable Protegido", "_raw_DS_CLASIF_DET": "Suelo No Urbanizable Clase IV. Espacios de Interés Agropecuario Extensivo", "_raw_DS_DOCU": "NORMAS SUBSIDIARIAS", "_raw_DS_LEY": "CM Ley 9/1995, E RD 1346/1976", "_raw_FC_AC": "1997-10-28", "_raw_NM_AREA_M2": 244183.65093814401, "_cam_code": "158" }, "geometry": { "type": "Polygon", "coordinates": [ [ [ -3.6801, 40.8667 ], [ -3.68, 40.8676 ], [ -3.6803, 40.8673 ], [ -3.6811, 40.8671 ], [ -3.6813, 40.8668 ], [ -3.6821, 40.8663 ], [ -3.6838, 40.8662 ], [ -3.684, 40.8659 ], [ -3.6834, 40.8629 ], [ -3.6826, 40.8612 ], [ -3.6808, 40.8616 ], [ -3.678, 40.8616 ], [ -3.6777, 40.8643 ], [ -3.6791, 40.865 ], [ -3.6791, 40.8657 ], [ -3.6795, 40.8657 ], [ -3.6801, 40.8667 ] ] ] } },
{ "type": "Feature", "properties": { "municipio": "Valdemanco", "clasificacion": "no-urbanizable-protegido", "calificacion": "sin-asignar", "version": "vigente", "fuente": "SIT-CAM WFS — UsoDelSuelo:VPLA_V_CLASIFICACION (https://idem.comunidad.madrid/geosrvg/ows)", "fecha_dato": "2026-05-12", "ambito": "34013", "_raw_CD_SIGLAS": "SNUP", "_raw_DS_CLASIF_GEN": "Suelo No Urbanizable Protegido", "_raw_DS_CLASIF_DET": "Suelo No Urbanizable Clase IV. Espacios de Interés Agropecuario Extensivo", "_raw_DS_DOCU": "NORMAS SUBSIDIARIAS", "_raw_DS_LEY": "CM Ley 9/1995, E RD 1346/1976", "_raw_FC_AC": "1997-10-28", "_raw_NM_AREA_M2": 277000.27724739898, "_cam_code": "158" }, "geometry": { "type": "Polygon", "coordinates": [ [ [ -3.6584, 40.8609 ], [ -3.6581, 40.8613 ], [ -3.657, 40.8616 ], [ -3.6574, 40.862 ], [ -3.6576, 40.8633 ], [ -3.6595, 40.8634 ], [ -3.6598, 40.8645 ], [ -3.6619, 40.8659 ], [ -3.6619, 40.866 ], [ -3.6619, 40.8662 ], [ -3.6619, 40.8665 ], [ -3.6625, 40.8653 ], [ -3.6625, 40.8648 ], [ -3.6624, 40.8647 ], [ -3.6627, 40.8644 ], [ -3.6629, 40.8637 ], [ -3.6629, 40.8627 ], [ -3.6631, 40.8624 ], [ -3.6642, 40.8618 ], [ -3.664, 40.8605 ], [ -3.663, 40.8594 ], [ -3.663, 40.8584 ], [ -3.6628, 40.858 ], [ -3.6625, 40.8578 ], [ -3.6613, 40.8581 ], [ -3.6612, 40.8587 ], [ -3.6606, 40.8588 ], [ -3.661, 40.8593 ], [ -3.6603, 40.8609 ], [ -3.66, 40.8606 ], [ -3.6595, 40.8596 ], [ -3.6589, 40.8597 ], [ -3.6585, 40.8601 ], [ -3.6584, 40.8609 ] ] ] } },
{ "type": "Feature", "properties": { "municipio": "Valdemanco", "clasificacion": "no-urbanizable-protegido", "calificacion": "sin-asignar", "version": "vigente", "fuente": "SIT-CAM WFS — UsoDelSuelo:VPLA_V_CLASIFICACION (https://idem.comunidad.madrid/geosrvg/ows)", "fecha_dato": "2026-05-12", "ambito": "34013", "_raw_CD_SIGLAS": "SNUP", "_raw_DS_CLASIF_GEN": "Suelo No Urbanizable Protegido", "_raw_DS_CLASIF_DET": "Suelo No Urbanizable Clase IV. Espacios de Interés Agropecuario Extensivo", "_raw_DS_DOCU": "NORMAS SUBSIDIARIAS", "_raw_DS_LEY": "CM Ley 9/1995, E RD 1346/1976", "_raw_FC_AC": "1997-10-28", "_raw_NM_AREA_M2": 491067.38673601998, "_cam_code": "158" }, "geometry": { "type": "Polygon", "coordinates": [ [ [ -3.6643, 40.8552 ], [ -3.6644, 40.8558 ], [ -3.6641, 40.8561 ], [ -3.6644, 40.8577 ], [ -3.6643, 40.8581 ], [ -3.6644, 40.8587 ], [ -3.6642, 40.8597 ], [ -3.6646, 40.861 ], [ -3.6647, 40.861 ], [ -3.6648, 40.8613 ], [ -3.6647, 40.8617 ], [ -3.6648, 40.8631 ], [ -3.6647, 40.8633 ], [ -3.6661, 40.8653 ], [ -3.6669, 40.866 ], [ -3.6674, 40.8661 ], [ -3.6675, 40.8654 ], [ -3.6678, 40.8646 ], [ -3.6692, 40.8637 ], [ -3.6699, 40.8635 ], [ -3.6707, 40.861 ], [ -3.672, 40.8594 ], [ -3.6718, 40.8588 ], [ -3.672, 40.8573 ], [ -3.667, 40.8565 ], [ -3.665, 40.8557 ], [ -3.6643, 40.8552 ] ] ] } },
{ "type": "Feature", "properties": { "municipio": "Valdemanco", "clasificacion": "no-urbanizable-protegido", "calificacion": "sin-asignar", "version": "vigente", "fuente": "SIT-CAM WFS — UsoDelSuelo:VPLA_V_CLASIFICACION (https://idem.comunidad.madrid/geosrvg/ows)", "fecha_dato": "2026-05-12", "ambito": "34013", "_raw_CD_SIGLAS": "SNUP", "_raw_DS_CLASIF_GEN": "Suelo No Urbanizable Protegido", "_raw_DS_CLASIF_DET": "Suelo No Urbanizable Clase IV. Espacios de Interés Agropecuario Extensivo", "_raw_DS_DOCU": "NORMAS SUBSIDIARIAS", "_raw_DS_LEY": "CM Ley 9/1995, E RD 1346/1976", "_raw_FC_AC": "1997-10-28", "_raw_NM_AREA_M2": 72793.705142935898, "_cam_code": "158" }, "geometry": { "type": "Polygon", "coordinates": [ [ [ -3.6755, 40.8641 ], [ -3.6761, 40.8654 ], [ -3.6769, 40.8654 ], [ -3.6783, 40.8651 ], [ -3.6779, 40.8646 ], [ -3.6772, 40.8646 ], [ -3.6775, 40.8627 ], [ -3.6775, 40.8616 ], [ -3.6758, 40.8616 ], [ -3.675, 40.8623 ], [ -3.6748, 40.8623 ], [ -3.6752, 40.8629 ], [ -3.6756, 40.8632 ], [ -3.6756, 40.8635 ], [ -3.6754, 40.8637 ], [ -3.6754, 40.8641 ], [ -3.6755, 40.8641 ] ] ] } },
{ "type": "Feature", "properties": { "municipio": "Valdemanco", "clasificacion": "no-urbanizable-protegido", "calificacion": "sin-asignar", "version": "vigente", "fuente": "SIT-CAM WFS — UsoDelSuelo:VPLA_V_CLASIFICACION (https://idem.comunidad.madrid/geosrvg/ows)", "fecha_dato": "2026-05-12", "ambito": "34013", "_raw_CD_SIGLAS": "SNUP", "_raw_DS_CLASIF_GEN": "Suelo No Urbanizable Protegido", "_raw_DS_CLASIF_DET": "Suelo No Urbanizable Clase IV. Espacios de Interés Agropecuario Extensivo", "_raw_DS_DOCU": "NORMAS SUBSIDIARIAS", "_raw_DS_LEY": "CM Ley 9/1995, E RD 1346/1976", "_raw_FC_AC": "1997-10-28", "_raw_NM_AREA_M2": 69343.500593154298, "_cam_code": "158" }, "geometry": { "type": "Polygon", "coordinates": [ [ [ -3.6765, 40.8686 ], [ -3.6771, 40.8681 ], [ -3.6777, 40.8681 ], [ -3.6782, 40.8685 ], [ -3.6792, 40.8683 ], [ -3.6795, 40.868 ], [ -3.6796, 40.8673 ], [ -3.6794, 40.8661 ], [ -3.6785, 40.8661 ], [ -3.6786, 40.8655 ], [ -3.677, 40.8658 ], [ -3.6763, 40.8657 ], [ -3.6766, 40.8671 ], [ -3.6765, 40.8686 ] ] ] } },
{ "type": "Feature", "properties": { "municipio": "Valdemanco", "clasificacion": "no-urbanizable-protegido", "calificacion": "sin-asignar", "version": "vigente", "fuente": "SIT-CAM WFS — UsoDelSuelo:VPLA_V_CLASIFICACION (https://idem.comunidad.madrid/geosrvg/ows)", "fecha_dato": "2026-05-12", "ambito": "34013", "_raw_CD_SIGLAS": "SNUP", "_raw_DS_CLASIF_GEN": "Suelo No Urbanizable Protegido", "_raw_DS_CLASIF_DET": "Suelo No Urbanizable Clase IV. Espacios de Interés Agropecuario Extensivo", "_raw_DS_DOCU": "NORMAS SUBSIDIARIAS", "_raw_DS_LEY": "CM Ley 9/1995, E RD 1346/1976", "_raw_FC_AC": "1997-10-28", "_raw_NM_AREA_M2": 25043.456961551299, "_cam_code": "158" }, "geometry": { "type": "Polygon", "coordinates": [ [ [ -3.6606, 40.8419 ], [ -3.6609, 40.8419 ], [ -3.6612, 40.8424 ], [ -3.6613, 40.842 ], [ -3.6613, 40.8398 ], [ -3.6605, 40.8392 ], [ -3.6601, 40.8397 ], [ -3.66, 40.8404 ], [ -3.6605, 40.8412 ], [ -3.6604, 40.8416 ], [ -3.6605, 40.8419 ], [ -3.6606, 40.8419 ] ] ] } },
{ "type": "Feature", "properties": { "municipio": "Valdemanco", "clasificacion": "no-urbanizable-protegido", "calificacion": "sin-asignar", "version": "vigente", "fuente": "SIT-CAM WFS — UsoDelSuelo:VPLA_V_CLASIFICACION (https://idem.comunidad.madrid/geosrvg/ows)", "fecha_dato": "2026-05-12", "ambito": "34013", "_raw_CD_SIGLAS": "SNUP", "_raw_DS_CLASIF_GEN": "Suelo No Urbanizable Protegido", "_raw_DS_CLASIF_DET": "Suelo No Urbanizable Clase IV. Espacios de Interés Agropecuario Extensivo", "_raw_DS_DOCU": "NORMAS SUBSIDIARIAS", "_raw_DS_LEY": "CM Ley 9/1995, E RD 1346/1976", "_raw_FC_AC": "1997-10-28", "_raw_NM_AREA_M2": 12626.5619865469, "_cam_code": "158" }, "geometry": { "type": "Polygon", "coordinates": [ [ [ -3.6595, 40.8391 ], [ -3.6595, 40.8397 ], [ -3.6597, 40.8404 ], [ -3.6602, 40.8417 ], [ -3.6604, 40.8419 ], [ -3.6604, 40.8411 ], [ -3.6603, 40.8409 ], [ -3.6601, 40.8409 ], [ -3.6599, 40.8401 ], [ -3.6601, 40.8396 ], [ -3.6603, 40.8395 ], [ -3.6605, 40.8391 ], [ -3.66, 40.8388 ], [ -3.6595, 40.8388 ], [ -3.6595, 40.8391 ] ] ] } },
{ "type": "Feature", "properties": { "municipio": "Valdemanco", "clasificacion": "no-urbanizable-protegido", "calificacion": "sin-asignar", "version": "vigente", "fuente": "SIT-CAM WFS — UsoDelSuelo:VPLA_V_CLASIFICACION (https://idem.comunidad.madrid/geosrvg/ows)", "fecha_dato": "2026-05-12", "ambito": "34013", "_raw_CD_SIGLAS": "SNUP", "_raw_DS_CLASIF_GEN": "Suelo No Urbanizable Protegido", "_raw_DS_CLASIF_DET": "Suelo No Urbanizable Clase IV. Espacios de Interés Agropecuario Extensivo", "_raw_DS_DOCU": "NORMAS SUBSIDIARIAS", "_raw_DS_LEY": "CM Ley 9/1995, E RD 1346/1976", "_raw_FC_AC": "1997-10-28", "_raw_NM_AREA_M2": 540537.55160430097, "_cam_code": "158" }, "geometry": { "type": "Polygon", "coordinates": [ [ [ -3.673, 40.8383 ], [ -3.6739, 40.8391 ], [ -3.6764, 40.8404 ], [ -3.6764, 40.839 ], [ -3.6725, 40.8349 ], [ -3.6718, 40.8347 ], [ -3.6707, 40.8347 ], [ -3.6677, 40.8353 ], [ -3.6665, 40.8352 ], [ -3.663, 40.8345 ], [ -3.6625, 40.8343 ], [ -3.6614, 40.8334 ], [ -3.6609, 40.8326 ], [ -3.6601, 40.8327 ], [ -3.6603, 40.8338 ], [ -3.6599, 40.8342 ], [ -3.6599, 40.8351 ], [ -3.6597, 40.8356 ], [ -3.6597, 40.8366 ], [ -3.6599, 40.8367 ], [ -3.6599, 40.8373 ], [ -3.6597, 40.8374 ], [ -3.6597, 40.8376 ], [ -3.6599, 40.8384 ], [ -3.6629, 40.8383 ], [ -3.6647, 40.8385 ], [ -3.6659, 40.8384 ], [ -3.6674, 40.8385 ], [ -3.6691, 40.8383 ], [ -3.6698, 40.8384 ], [ -3.6702, 40.8383 ], [ -3.6713, 40.8384 ], [ -3.6726, 40.8382 ], [ -3.673, 40.8383 ] ] ] } },
{ "type": "Feature", "properties": { "municipio": "Valdemanco", "clasificacion": "no-urbanizable-protegido", "calificacion": "sin-asignar", "version": "vigente", "fuente": "SIT-CAM WFS — UsoDelSuelo:VPLA_V_CLASIFICACION (https://idem.comunidad.madrid/geosrvg/ows)", "fecha_dato": "2026-05-12", "ambito": "34013", "_raw_CD_SIGLAS": "SNUP", "_raw_DS_CLASIF_GEN": "Suelo No Urbanizable Protegido", "_raw_DS_CLASIF_DET": "Suelo No Urbanizable Clase III. Espacios de Interés Forestal y Paisajístico. Espacios Singulares en Suelo No Urbanizable Protegido", "_raw_DS_DOCU": "NORMAS SUBSIDIARIAS", "_raw_DS_LEY": "CM Ley 9/1995, E RD 1346/1976", "_raw_FC_AC": "1997-10-28", "_raw_NM_AREA_M2": 1425249.9445658601, "_cam_code": "158" }, "geometry": { "type": "Polygon", "coordinates": [ [ [ -3.6563, 40.8848 ], [ -3.6584, 40.8863 ], [ -3.6596, 40.8853 ], [ -3.6609, 40.8844 ], [ -3.661, 40.8843 ], [ -3.661, 40.8844 ], [ -3.661, 40.8844 ], [ -3.661, 40.8844 ], [ -3.661, 40.8844 ], [ -3.6609, 40.8844 ], [ -3.6603, 40.8844 ], [ -3.6598, 40.8837 ], [ -3.66, 40.882 ], [ -3.6598, 40.8818 ], [ -3.6592, 40.8819 ], [ -3.6587, 40.8818 ], [ -3.6586, 40.8816 ], [ -3.6586, 40.8812 ], [ -3.659, 40.8805 ], [ -3.659, 40.8796 ], [ -3.6586, 40.8789 ], [ -3.659, 40.8788 ], [ -3.6605, 40.8779 ], [ -3.6608, 40.8779 ], [ -3.661, 40.8781 ], [ -3.6615, 40.8792 ], [ -3.662, 40.8795 ], [ -3.6624, 40.8795 ], [ -3.6634, 40.8792 ], [ -3.6644, 40.8792 ], [ -3.6645, 40.8787 ], [ -3.6648, 40.8785 ], [ -3.6648, 40.8783 ], [ -3.6644, 40.8778 ], [ -3.6641, 40.877 ], [ -3.6641, 40.8768 ], [ -3.6645, 40.8767 ], [ -3.6645, 40.8765 ], [ -3.6642, 40.8761 ], [ -3.6642, 40.875 ], [ -3.664, 40.8749 ], [ -3.6628, 40.8749 ], [ -3.6628, 40.875 ], [ -3.6617, 40.8751 ], [ -3.6604, 40.8748 ], [ -3.6595, 40.8743 ], [ -3.6585, 40.8733 ], [ -3.6582, 40.8722 ], [ -3.6582, 40.8715 ], [ -3.6584, 40.8708 ], [ -3.659, 40.8694 ], [ -3.6603, 40.868 ], [ -3.6606, 40.8673 ], [ -3.6606, 40.8663 ], [ -3.6605, 40.8661 ], [ -3.6601, 40.8659 ], [ -3.6594, 40.8659 ], [ -3.6586, 40.865 ], [ -3.6577, 40.8648 ], [ -3.6574, 40.8648 ], [ -3.6563, 40.8652 ], [ -3.6559, 40.8652 ], [ -3.6559, 40.8656 ], [ -3.6555, 40.866 ], [ -3.6546, 40.8663 ], [ -3.6546, 40.8664 ], [ -3.6537, 40.8664 ], [ -3.6537, 40.8663 ], [ -3.6533, 40.8663 ], [ -3.652, 40.8658 ], [ -3.6525, 40.8674 ], [ -3.6531, 40.868 ], [ -3.6549, 40.869 ], [ -3.6552, 40.8694 ], [ -3.6553, 40.8701 ], [ -3.6552, 40.8701 ], [ -3.6552, 40.8704 ], [ -3.6548, 40.8708 ], [ -3.6537, 40.8715 ], [ -3.6534, 40.8723 ], [ -3.653, 40.8728 ], [ -3.6529, 40.8732 ], [ -3.6523, 40.8742 ], [ -3.6523, 40.8744 ], [ -3.6514, 40.8748 ], [ -3.651, 40.8763 ], [ -3.6503, 40.8767 ], [ -3.6503, 40.8768 ], [ -3.6499, 40.8769 ], [ -3.6492, 40.8779 ], [ -3.65, 40.879 ], [ -3.6504, 40.8798 ], [ -3.6563, 40.8848 ] ] ] } },
{ "type": "Feature", "properties": { "municipio": "Valdemanco", "clasificacion": "no-urbanizable-protegido", "calificacion": "sin-asignar", "version": "vigente", "fuente": "SIT-CAM WFS — UsoDelSuelo:VPLA_V_CLASIFICACION (https://idem.comunidad.madrid/geosrvg/ows)", "fecha_dato": "2026-05-12", "ambito": "34013", "_raw_CD_SIGLAS": "SNUP", "_raw_DS_CLASIF_GEN": "Suelo No Urbanizable Protegido", "_raw_DS_CLASIF_DET": "Suelo No Urbanizable Clase V. Espacios Rurales con Restricciones de Uso", "_raw_DS_DOCU": "NORMAS SUBSIDIARIAS", "_raw_DS_LEY": "CM Ley 9/1995, E RD 1346/1976", "_raw_FC_AC": "1997-10-28", "_raw_NM_AREA_M2": 105754.832684917, "_cam_code": "158" }, "geometry": { "type": "Polygon", "coordinates": [ [ [ -3.6642, 40.868 ], [ -3.6648, 40.8691 ], [ -3.6658, 40.8687 ], [ -3.6677, 40.8676 ], [ -3.6678, 40.8674 ], [ -3.6677, 40.8664 ], [ -3.6674, 40.8661 ], [ -3.6669, 40.866 ], [ -3.6661, 40.8653 ], [ -3.6647, 40.8633 ], [ -3.6646, 40.8639 ], [ -3.6649, 40.8641 ], [ -3.665, 40.8644 ], [ -3.6649, 40.865 ], [ -3.6648, 40.8653 ], [ -3.6647, 40.8653 ], [ -3.6648, 40.8657 ], [ -3.6645, 40.8658 ], [ -3.6642, 40.8663 ], [ -3.664, 40.8664 ], [ -3.664, 40.8668 ], [ -3.6642, 40.867 ], [ -3.6641, 40.8671 ], [ -3.6642, 40.8677 ], [ -3.6641, 40.8677 ], [ -3.664, 40.868 ], [ -3.6642, 40.868 ] ] ] } },
{ "type": "Feature", "properties": { "municipio": "Valdemanco", "clasificacion": "no-urbanizable-protegido", "calificacion": "sin-asignar", "version": "vigente", "fuente": "SIT-CAM WFS — UsoDelSuelo:VPLA_V_CLASIFICACION (https://idem.comunidad.madrid/geosrvg/ows)", "fecha_dato": "2026-05-12", "ambito": "34013", "_raw_CD_SIGLAS": "SNUP", "_raw_DS_CLASIF_GEN": "Suelo No Urbanizable Protegido", "_raw_DS_CLASIF_DET": "Suelo No Urbanizable Clase V. Espacios Rurales con Restricciones de Uso", "_raw_DS_DOCU": "NORMAS SUBSIDIARIAS", "_raw_DS_LEY": "CM Ley 9/1995, E RD 1346/1976", "_raw_FC_AC": "1997-10-28", "_raw_NM_AREA_M2": 18690.443724579301, "_cam_code": "158" }, "geometry": { "type": "Polygon", "coordinates": [ [ [ -3.6646, 40.864 ], [ -3.6645, 40.8646 ], [ -3.6637, 40.8661 ], [ -3.6634, 40.868 ], [ -3.6639, 40.868 ], [ -3.6641, 40.8678 ], [ -3.6641, 40.8669 ], [ -3.6639, 40.8668 ], [ -3.6639, 40.8664 ], [ -3.6642, 40.8662 ], [ -3.6644, 40.8658 ], [ -3.6647, 40.8657 ], [ -3.6647, 40.8651 ], [ -3.6648, 40.8651 ], [ -3.6649, 40.8645 ], [ -3.665, 40.8645 ], [ -3.6649, 40.8645 ], [ -3.6648, 40.8641 ], [ -3.6646, 40.864 ] ] ] } },
{ "type": "Feature", "properties": { "municipio": "Valdemanco", "clasificacion": "no-urbanizable-protegido", "calificacion": "sin-asignar", "version": "vigente", "fuente": "SIT-CAM WFS — UsoDelSuelo:VPLA_V_CLASIFICACION (https://idem.comunidad.madrid/geosrvg/ows)", "fecha_dato": "2026-05-12", "ambito": "34013", "_raw_CD_SIGLAS": "SNUP", "_raw_DS_CLASIF_GEN": "Suelo No Urbanizable Protegido", "_raw_DS_CLASIF_DET": "Suelo No Urbanizable Clase V. Espacios Rurales con Restricciones de Uso", "_raw_DS_DOCU": "NORMAS SUBSIDIARIAS", "_raw_DS_LEY": "CM Ley 9/1995, E RD 1346/1976", "_raw_FC_AC": "1997-10-28", "_raw_NM_AREA_M2": 72296.890499420493, "_cam_code": "158" }, "geometry": { "type": "Polygon", "coordinates": [ [ [ -3.6642, 40.8618 ], [ -3.6631, 40.8624 ], [ -3.6629, 40.8627 ], [ -3.6629, 40.8637 ], [ -3.6627, 40.8644 ], [ -3.6624, 40.8647 ], [ -3.6625, 40.8648 ], [ -3.6625, 40.8653 ], [ -3.6619, 40.8664 ], [ -3.6619, 40.8674 ], [ -3.6621, 40.8678 ], [ -3.6632, 40.868 ], [ -3.6633, 40.8664 ], [ -3.6639, 40.8648 ], [ -3.6641, 40.8646 ], [ -3.6643, 40.8632 ], [ -3.6642, 40.8618 ] ] ] } },
{ "type": "Feature", "properties": { "municipio": "Valdemanco", "clasificacion": "no-urbanizable-protegido", "calificacion": "sin-asignar", "version": "vigente", "fuente": "SIT-CAM WFS — UsoDelSuelo:VPLA_V_CLASIFICACION (https://idem.comunidad.madrid/geosrvg/ows)", "fecha_dato": "2026-05-12", "ambito": "34013", "_raw_CD_SIGLAS": "SNUP", "_raw_DS_CLASIF_GEN": "Suelo No Urbanizable Protegido", "_raw_DS_CLASIF_DET": "Suelo No Urbanizable Clase V. Espacios Rurales con Restricciones de Uso", "_raw_DS_DOCU": "NORMAS SUBSIDIARIAS", "_raw_DS_LEY": "CM Ley 9/1995, E RD 1346/1976", "_raw_FC_AC": "1997-10-28", "_raw_NM_AREA_M2": 92598.943438247297, "_cam_code": "158" }, "geometry": { "type": "Polygon", "coordinates": [ [ [ -3.6505, 40.8623 ], [ -3.6504, 40.8626 ], [ -3.6515, 40.8634 ], [ -3.6527, 40.8645 ], [ -3.6535, 40.8649 ], [ -3.6543, 40.8649 ], [ -3.6551, 40.8646 ], [ -3.6554, 40.8635 ], [ -3.6562, 40.8632 ], [ -3.6549, 40.8627 ], [ -3.6533, 40.8617 ], [ -3.653, 40.862 ], [ -3.6529, 40.8623 ], [ -3.6524, 40.8623 ], [ -3.652, 40.8618 ], [ -3.652, 40.8619 ], [ -3.6508, 40.8623 ], [ -3.6507, 40.8622 ], [ -3.6505, 40.8623 ] ] ] } },
{ "type": "Feature", "properties": { "municipio": "Valdemanco", "clasificacion": "no-urbanizable-protegido", "calificacion": "sin-asignar", "version": "vigente", "fuente": "SIT-CAM WFS — UsoDelSuelo:VPLA_V_CLASIFICACION (https://idem.comunidad.madrid/geosrvg/ows)", "fecha_dato": "2026-05-12", "ambito": "34013", "_raw_CD_SIGLAS": "SNUP", "_raw_DS_CLASIF_GEN": "Suelo No Urbanizable Protegido", "_raw_DS_CLASIF_DET": "Suelo No Urbanizable Clase I.2 Espacios Protegidos: Vías Pecuarias", "_raw_DS_DOCU": "NORMAS SUBSIDIARIAS", "_raw_DS_LEY": "CM Ley 9/1995, E RD 1346/1976", "_raw_FC_AC": "1997-10-28", "_raw_NM_AREA_M2": 1042.7038730449499, "_cam_code": "158" }, "geometry": { "type": "Polygon", "coordinates": [ [ [ -3.664, 40.8596 ], [ -3.6641, 40.86 ], [ -3.6642, 40.86 ], [ -3.6644, 40.8604 ], [ -3.6645, 40.8604 ], [ -3.6645, 40.8604 ], [ -3.6645, 40.8605 ], [ -3.6645, 40.8607 ], [ -3.6646, 40.8607 ], [ -3.6646, 40.8608 ], [ -3.6645, 40.8608 ], [ -3.6645, 40.8609 ], [ -3.6646, 40.861 ], [ -3.6646, 40.8608 ], [ -3.6644, 40.8602 ], [ -3.6642, 40.8597 ], [ -3.664, 40.8596 ] ] ] } },
{ "type": "Feature", "properties": { "municipio": "Valdemanco", "clasificacion": "no-urbanizable-protegido", "calificacion": "sin-asignar", "version": "vigente", "fuente": "SIT-CAM WFS — UsoDelSuelo:VPLA_V_CLASIFICACION (https://idem.comunidad.madrid/geosrvg/ows)", "fecha_dato": "2026-05-12", "ambito": "34013", "_raw_CD_SIGLAS": "SNUP", "_raw_DS_CLASIF_GEN": "Suelo No Urbanizable Protegido", "_raw_DS_CLASIF_DET": "Suelo No Urbanizable Clase I.2 Espacios Protegidos: Vías Pecuarias", "_raw_DS_DOCU": "NORMAS SUBSIDIARIAS", "_raw_DS_LEY": "CM Ley 9/1995, E RD 1346/1976", "_raw_FC_AC": "1997-10-28", "_raw_NM_AREA_M2": 345.91837525072998, "_cam_code": "158" }, "geometry": { "type": "Polygon", "coordinates": [ [ [ -3.6624, 40.8538 ], [ -3.6624, 40.8539 ], [ -3.6628, 40.8539 ], [ -3.6624, 40.8537 ], [ -3.6624, 40.8538 ] ] ] } },
{ "type": "Feature", "properties": { "municipio": "Valdemanco", "clasificacion": "no-urbanizable-protegido", "calificacion": "sin-asignar", "version": "vigente", "fuente": "SIT-CAM WFS — UsoDelSuelo:VPLA_V_CLASIFICACION (https://idem.comunidad.madrid/geosrvg/ows)", "fecha_dato": "2026-05-12", "ambito": "34013", "_raw_CD_SIGLAS": "SNUP", "_raw_DS_CLASIF_GEN": "Suelo No Urbanizable Protegido", "_raw_DS_CLASIF_DET": "Suelo No Urbanizable Clase I.2 Espacios Protegidos: Vías Pecuarias", "_raw_DS_DOCU": "NORMAS SUBSIDIARIAS", "_raw_DS_LEY": "CM Ley 9/1995, E RD 1346/1976", "_raw_FC_AC": "1997-10-28", "_raw_NM_AREA_M2": 1043.9296550153001, "_cam_code": "158" }, "geometry": { "type": "Polygon", "coordinates": [ [ [ -3.6627, 40.8518 ], [ -3.6625, 40.8523 ], [ -3.6626, 40.8528 ], [ -3.6626, 40.8525 ], [ -3.6627, 40.8525 ], [ -3.6627, 40.852 ], [ -3.6627, 40.8519 ], [ -3.6627, 40.8518 ] ] ] } },
{ "type": "Feature", "properties": { "municipio": "Valdemanco", "clasificacion": "no-urbanizable-protegido", "calificacion": "sin-asignar", "version": "vigente", "fuente": "SIT-CAM WFS — UsoDelSuelo:VPLA_V_CLASIFICACION (https://idem.comunidad.madrid/geosrvg/ows)", "fecha_dato": "2026-05-12", "ambito": "34013", "_raw_CD_SIGLAS": "SNUP", "_raw_DS_CLASIF_GEN": "Suelo No Urbanizable Protegido", "_raw_DS_CLASIF_DET": "Suelo No Urbanizable Clase I.2 Espacios Protegidos: Vías Pecuarias", "_raw_DS_DOCU": "NORMAS SUBSIDIARIAS", "_raw_DS_LEY": "CM Ley 9/1995, E RD 1346/1976", "_raw_FC_AC": "1997-10-28", "_raw_NM_AREA_M2": 24811.610773934401, "_cam_code": "158" }, "geometry": { "type": "Polygon", "coordinates": [ [ [ -3.6614, 40.8459 ], [ -3.6621, 40.8462 ], [ -3.6619, 40.8473 ], [ -3.6619, 40.8489 ], [ -3.6622, 40.8499 ], [ -3.6622, 40.8513 ], [ -3.6627, 40.8515 ], [ -3.6624, 40.8481 ], [ -3.6624, 40.8463 ], [ -3.6625, 40.846 ], [ -3.6621, 40.846 ], [ -3.6614, 40.8455 ], [ -3.6615, 40.8459 ], [ -3.6614, 40.8459 ] ] ] } },
{ "type": "Feature", "properties": { "municipio": "Valdemanco", "clasificacion": "no-urbanizable-protegido", "calificacion": "sin-asignar", "version": "vigente", "fuente": "SIT-CAM WFS — UsoDelSuelo:VPLA_V_CLASIFICACION (https://idem.comunidad.madrid/geosrvg/ows)", "fecha_dato": "2026-05-12", "ambito": "34013", "_raw_CD_SIGLAS": "SNUP", "_raw_DS_CLASIF_GEN": "Suelo No Urbanizable Protegido", "_raw_DS_CLASIF_DET": "Suelo No Urbanizable Clase IV. Espacios de Interés Agropecuario Extensivo", "_raw_DS_DOCU": "NORMAS SUBSIDIARIAS", "_raw_DS_LEY": "CM Ley 9/1995, E RD 1346/1976", "_raw_FC_AC": "1997-10-28", "_raw_NM_AREA_M2": 538065.57487083005, "_cam_code": "158" }, "geometry": { "type": "Polygon", "coordinates": [ [ [ -3.6448, 40.8523 ], [ -3.6457, 40.8522 ], [ -3.6471, 40.8529 ], [ -3.6472, 40.8531 ], [ -3.6471, 40.854 ], [ -3.6491, 40.8544 ], [ -3.6505, 40.8552 ], [ -3.6509, 40.8556 ], [ -3.6516, 40.8567 ], [ -3.6526, 40.8564 ], [ -3.6534, 40.856 ], [ -3.6543, 40.855 ], [ -3.6543, 40.8546 ], [ -3.6537, 40.8534 ], [ -3.6532, 40.8528 ], [ -3.6531, 40.8514 ], [ -3.6524, 40.8511 ], [ -3.6515, 40.8505 ], [ -3.6504, 40.8493 ], [ -3.6475, 40.847 ], [ -3.6462, 40.8477 ], [ -3.6449, 40.8487 ], [ -3.6428, 40.8518 ], [ -3.643, 40.8553 ], [ -3.6437, 40.8556 ], [ -3.644, 40.8543 ], [ -3.6451, 40.8535 ], [ -3.6444, 40.8533 ], [ -3.6448, 40.8523 ] ] ] } },
{ "type": "Feature", "properties": { "municipio": "Valdemanco", "clasificacion": "no-urbanizable-protegido", "calificacion": "sin-asignar", "version": "vigente", "fuente": "SIT-CAM WFS — UsoDelSuelo:VPLA_V_CLASIFICACION (https://idem.comunidad.madrid/geosrvg/ows)", "fecha_dato": "2026-05-12", "ambito": "34013", "_raw_CD_SIGLAS": "SNUP", "_raw_DS_CLASIF_GEN": "Suelo No Urbanizable Protegido", "_raw_DS_CLASIF_DET": "Suelo No Urbanizable Clase IV. Espacios de Interés Agropecuario Extensivo", "_raw_DS_DOCU": "NORMAS SUBSIDIARIAS", "_raw_DS_LEY": "CM Ley 9/1995, E RD 1346/1976", "_raw_FC_AC": "1997-10-28", "_raw_NM_AREA_M2": 222252.81138800501, "_cam_code": "158" }, "geometry": { "type": "Polygon", "coordinates": [ [ [ -3.6542, 40.8535 ], [ -3.6548, 40.8549 ], [ -3.6561, 40.8556 ], [ -3.6578, 40.857 ], [ -3.6582, 40.8567 ], [ -3.6587, 40.856 ], [ -3.6592, 40.8551 ], [ -3.6591, 40.8548 ], [ -3.6592, 40.8546 ], [ -3.6602, 40.8534 ], [ -3.6605, 40.8525 ], [ -3.6593, 40.8518 ], [ -3.6591, 40.8515 ], [ -3.6584, 40.8517 ], [ -3.6582, 40.8519 ], [ -3.6582, 40.8523 ], [ -3.6592, 40.8533 ], [ -3.6592, 40.8536 ], [ -3.6593, 40.8536 ], [ -3.6591, 40.8543 ], [ -3.6582, 40.8546 ], [ -3.657, 40.8544 ], [ -3.6568, 40.8542 ], [ -3.6568, 40.854 ], [ -3.6567, 40.854 ], [ -3.6566, 40.8535 ], [ -3.6565, 40.8535 ], [ -3.6566, 40.8524 ], [ -3.6564, 40.8515 ], [ -3.6559, 40.8512 ], [ -3.6558, 40.8509 ], [ -3.6557, 40.8509 ], [ -3.6558, 40.8509 ], [ -3.6559, 40.8505 ], [ -3.6561, 40.8503 ], [ -3.6563, 40.8503 ], [ -3.6544, 40.8483 ], [ -3.6543, 40.849 ], [ -3.6533, 40.8511 ], [ -3.6533, 40.8525 ], [ -3.6542, 40.8535 ] ] ] } },
{ "type": "Feature", "properties": { "municipio": "Valdemanco", "clasificacion": "no-urbanizable-protegido", "calificacion": "sin-asignar", "version": "vigente", "fuente": "SIT-CAM WFS — UsoDelSuelo:VPLA_V_CLASIFICACION (https://idem.comunidad.madrid/geosrvg/ows)", "fecha_dato": "2026-05-12", "ambito": "34013", "_raw_CD_SIGLAS": "SNUP", "_raw_DS_CLASIF_GEN": "Suelo No Urbanizable Protegido", "_raw_DS_CLASIF_DET": "Suelo No Urbanizable Clase IV. Espacios de Interés Agropecuario Extensivo", "_raw_DS_DOCU": "NORMAS SUBSIDIARIAS", "_raw_DS_LEY": "CM Ley 9/1995, E RD 1346/1976", "_raw_FC_AC": "1997-10-28", "_raw_NM_AREA_M2": 1711062.8451740099, "_cam_code": "158" }, "geometry": { "type": "Polygon", "coordinates": [ [ [ -3.6624, 40.8463 ], [ -3.6624, 40.8481 ], [ -3.6627, 40.8515 ], [ -3.6628, 40.8515 ], [ -3.6627, 40.8519 ], [ -3.6639, 40.8529 ], [ -3.6639, 40.8534 ], [ -3.6642, 40.8539 ], [ -3.6642, 40.8545 ], [ -3.6641, 40.8546 ], [ -3.6642, 40.8548 ], [ -3.665, 40.8553 ], [ -3.6655, 40.8553 ], [ -3.6662, 40.8555 ], [ -3.6664, 40.8558 ], [ -3.6668, 40.856 ], [ -3.6719, 40.8569 ], [ -3.6716, 40.8557 ], [ -3.671, 40.8543 ], [ -3.6709, 40.8526 ], [ -3.6694, 40.8507 ], [ -3.6698, 40.8499 ], [ -3.6702, 40.8495 ], [ -3.6721, 40.8479 ], [ -3.6737, 40.847 ], [ -3.676, 40.8445 ], [ -3.6761, 40.8432 ], [ -3.6759, 40.8415 ], [ -3.6751, 40.8403 ], [ -3.6727, 40.8386 ], [ -3.6718, 40.8387 ], [ -3.6691, 40.8386 ], [ -3.6675, 40.8389 ], [ -3.6652, 40.8389 ], [ -3.665, 40.839 ], [ -3.663, 40.8387 ], [ -3.6615, 40.8386 ], [ -3.6608, 40.8387 ], [ -3.6616, 40.84 ], [ -3.6618, 40.8407 ], [ -3.6617, 40.8424 ], [ -3.661, 40.8436 ], [ -3.6612, 40.8451 ], [ -3.6616, 40.8457 ], [ -3.6621, 40.846 ], [ -3.6625, 40.846 ], [ -3.6624, 40.8463 ] ] ] } },
{ "type": "Feature", "properties": { "municipio": "Valdemanco", "clasificacion": "no-urbanizable-protegido", "calificacion": "sin-asignar", "version": "vigente", "fuente": "SIT-CAM WFS — UsoDelSuelo:VPLA_V_CLASIFICACION (https://idem.comunidad.madrid/geosrvg/ows)", "fecha_dato": "2026-05-12", "ambito": "34013", "_raw_CD_SIGLAS": "SNUP", "_raw_DS_CLASIF_GEN": "Suelo No Urbanizable Protegido", "_raw_DS_CLASIF_DET": "Suelo No Urbanizable Clase III. Espacios de Interés Forestal y Paisajístico", "_raw_DS_DOCU": "NORMAS SUBSIDIARIAS", "_raw_DS_LEY": "CM Ley 9/1995, E RD 1346/1976", "_raw_FC_AC": "1997-10-28", "_raw_NM_AREA_M2": 3122263.6566260601, "_cam_code": "158" }, "geometry": { "type": "Polygon", "coordinates": [ [ [ -3.6613, 40.8853 ], [ -3.6593, 40.8869 ], [ -3.6634, 40.8894 ], [ -3.6654, 40.89 ], [ -3.6665, 40.89 ], [ -3.6691, 40.8904 ], [ -3.6753, 40.8922 ], [ -3.6765, 40.8915 ], [ -3.6765, 40.8913 ], [ -3.6766, 40.8913 ], [ -3.6766, 40.8904 ], [ -3.6769, 40.8894 ], [ -3.6774, 40.8887 ], [ -3.6777, 40.888 ], [ -3.6792, 40.8872 ], [ -3.681, 40.8854 ], [ -3.6915, 40.881 ], [ -3.6929, 40.881 ], [ -3.694, 40.8804 ], [ -3.6899, 40.8739 ], [ -3.6852, 40.8703 ], [ -3.6843, 40.8694 ], [ -3.6824, 40.8702 ], [ -3.6807, 40.8713 ], [ -3.679, 40.8721 ], [ -3.6786, 40.8725 ], [ -3.6779, 40.8739 ], [ -3.6772, 40.8746 ], [ -3.6758, 40.8754 ], [ -3.6741, 40.8766 ], [ -3.6741, 40.8769 ], [ -3.6732, 40.8778 ], [ -3.6732, 40.878 ], [ -3.6721, 40.8794 ], [ -3.6721, 40.8796 ], [ -3.6717, 40.8793 ], [ -3.6713, 40.8793 ], [ -3.6709, 40.8794 ], [ -3.6701, 40.88 ], [ -3.6699, 40.8802 ], [ -3.6698, 40.8806 ], [ -3.6693, 40.8812 ], [ -3.669, 40.8813 ], [ -3.6686, 40.8818 ], [ -3.6676, 40.8824 ], [ -3.6678, 40.8827 ], [ -3.6676, 40.8833 ], [ -3.6679, 40.8837 ], [ -3.6679, 40.8841 ], [ -3.6678, 40.8842 ], [ -3.6678, 40.8851 ], [ -3.6675, 40.8854 ], [ -3.667, 40.8854 ], [ -3.6666, 40.8856 ], [ -3.6666, 40.8857 ], [ -3.6652, 40.8856 ], [ -3.6651, 40.8853 ], [ -3.6646, 40.8847 ], [ -3.664, 40.8846 ], [ -3.664, 40.8845 ], [ -3.6632, 40.8843 ], [ -3.6631, 40.8841 ], [ -3.6629, 40.8841 ], [ -3.6629, 40.8842 ], [ -3.6623, 40.8844 ], [ -3.6618, 40.8851 ], [ -3.6613, 40.8853 ] ] ] } },
{ "type": "Feature", "properties": { "municipio": "Valdemanco", "clasificacion": "no-urbanizable-protegido", "calificacion": "sin-asignar", "version": "vigente", "fuente": "SIT-CAM WFS — UsoDelSuelo:VPLA_V_CLASIFICACION (https://idem.comunidad.madrid/geosrvg/ows)", "fecha_dato": "2026-05-12", "ambito": "34013", "_raw_CD_SIGLAS": "SNUP", "_raw_DS_CLASIF_GEN": "Suelo No Urbanizable Protegido", "_raw_DS_CLASIF_DET": "Suelo No Urbanizable Clase III. Espacios de Interés Forestal y Paisajístico", "_raw_DS_DOCU": "NORMAS SUBSIDIARIAS", "_raw_DS_LEY": "CM Ley 9/1995, E RD 1346/1976", "_raw_FC_AC": "1997-10-28", "_raw_NM_AREA_M2": 116372.723238935, "_cam_code": "158" }, "geometry": { "type": "Polygon", "coordinates": [ [ [ -3.6608, 40.8749 ], [ -3.6617, 40.8751 ], [ -3.6628, 40.875 ], [ -3.6628, 40.8749 ], [ -3.664, 40.8749 ], [ -3.6642, 40.875 ], [ -3.6637, 40.8745 ], [ -3.6629, 40.874 ], [ -3.6624, 40.8739 ], [ -3.6617, 40.8734 ], [ -3.6615, 40.8734 ], [ -3.6614, 40.8732 ], [ -3.661, 40.8734 ], [ -3.6608, 40.8732 ], [ -3.6609, 40.8731 ], [ -3.6608, 40.873 ], [ -3.6612, 40.873 ], [ -3.6612, 40.8729 ], [ -3.6608, 40.8725 ], [ -3.6605, 40.8724 ], [ -3.6603, 40.8719 ], [ -3.6602, 40.872 ], [ -3.6603, 40.8722 ], [ -3.66, 40.8722 ], [ -3.6599, 40.8721 ], [ -3.66, 40.8719 ], [ -3.6598, 40.8717 ], [ -3.6595, 40.8717 ], [ -3.6593, 40.8713 ], [ -3.6587, 40.8715 ], [ -3.6585, 40.8717 ], [ -3.6583, 40.8716 ], [ -3.6586, 40.8712 ], [ -3.6603, 40.8697 ], [ -3.6604, 40.8692 ], [ -3.6602, 40.868 ], [ -3.6603, 40.868 ], [ -3.6602, 40.868 ], [ -3.6588, 40.8697 ], [ -3.6582, 40.8715 ], [ -3.6582, 40.8722 ], [ -3.6585, 40.8733 ], [ -3.6587, 40.8736 ], [ -3.6595, 40.8743 ], [ -3.6608, 40.8749 ] ] ] } },
{ "type": "Feature", "properties": { "municipio": "Valdemanco", "clasificacion": "no-urbanizable-protegido", "calificacion": "sin-asignar", "version": "vigente", "fuente": "SIT-CAM WFS — UsoDelSuelo:VPLA_V_CLASIFICACION (https://idem.comunidad.madrid/geosrvg/ows)", "fecha_dato": "2026-05-12", "ambito": "34013", "_raw_CD_SIGLAS": "SNUP", "_raw_DS_CLASIF_GEN": "Suelo No Urbanizable Protegido", "_raw_DS_CLASIF_DET": "Suelo No Urbanizable Clase II. Espacios Forestales en Régimen Especial. Espacios Singulares en Suelo No Urbanizable Protegido", "_raw_DS_DOCU": "NORMAS SUBSIDIARIAS", "_raw_DS_LEY": "CM Ley 9/1995, E RD 1346/1976", "_raw_FC_AC": "1997-10-28", "_raw_NM_AREA_M2": 721008.98486901505, "_cam_code": "158" }, "geometry": { "type": "Polygon", "coordinates": [ [ [ -3.6443, 40.8615 ], [ -3.6448, 40.863 ], [ -3.6449, 40.8647 ], [ -3.6453, 40.8667 ], [ -3.6465, 40.8681 ], [ -3.6476, 40.8702 ], [ -3.6476, 40.8709 ], [ -3.6479, 40.8726 ], [ -3.648, 40.8746 ], [ -3.6479, 40.8761 ], [ -3.6486, 40.8769 ], [ -3.6492, 40.8779 ], [ -3.6499, 40.8769 ], [ -3.6503, 40.8768 ], [ -3.6503, 40.8767 ], [ -3.651, 40.8763 ], [ -3.6514, 40.8748 ], [ -3.6523, 40.8744 ], [ -3.6523, 40.8742 ], [ -3.6529, 40.8732 ], [ -3.653, 40.8728 ], [ -3.6534, 40.8723 ], [ -3.6537, 40.8715 ], [ -3.6548, 40.8708 ], [ -3.6552, 40.8704 ], [ -3.6553, 40.8697 ], [ -3.6549, 40.869 ], [ -3.6531, 40.868 ], [ -3.6525, 40.8674 ], [ -3.652, 40.8658 ], [ -3.6512, 40.8656 ], [ -3.6512, 40.8655 ], [ -3.6509, 40.8657 ], [ -3.6496, 40.8656 ], [ -3.6492, 40.865 ], [ -3.649, 40.8648 ], [ -3.6488, 40.8648 ], [ -3.6488, 40.8647 ], [ -3.6473, 40.8648 ], [ -3.6471, 40.8646 ], [ -3.6471, 40.8642 ], [ -3.6476, 40.8639 ], [ -3.6478, 40.8635 ], [ -3.6478, 40.8627 ], [ -3.6459, 40.8616 ], [ -3.6458, 40.8618 ], [ -3.6452, 40.8616 ], [ -3.6451, 40.8618 ], [ -3.6443, 40.8615 ] ] ] } },
{ "type": "Feature", "properties": { "municipio": "Valdemanco", "clasificacion": "no-urbanizable-protegido", "calificacion": "sin-asignar", "version": "vigente", "fuente": "SIT-CAM WFS — UsoDelSuelo:VPLA_V_CLASIFICACION (https://idem.comunidad.madrid/geosrvg/ows)", "fecha_dato": "2026-05-12", "ambito": "34013", "_raw_CD_SIGLAS": "SNUP", "_raw_DS_CLASIF_GEN": "Suelo No Urbanizable Protegido", "_raw_DS_CLASIF_DET": "Suelo No Urbanizable Clase II. Espacios Forestales en Régimen Especial", "_raw_DS_DOCU": "NORMAS SUBSIDIARIAS", "_raw_DS_LEY": "CM Ley 9/1995, E RD 1346/1976", "_raw_FC_AC": "1997-10-28", "_raw_NM_AREA_M2": 493369.48077388603, "_cam_code": "158" }, "geometry": { "type": "Polygon", "coordinates": [ [ [ -3.6578, 40.8385 ], [ -3.6577, 40.8386 ], [ -3.6572, 40.8386 ], [ -3.657, 40.8388 ], [ -3.6569, 40.8399 ], [ -3.6565, 40.8405 ], [ -3.656, 40.8419 ], [ -3.6557, 40.8434 ], [ -3.6545, 40.8446 ], [ -3.6543, 40.8451 ], [ -3.6542, 40.8451 ], [ -3.654, 40.8457 ], [ -3.654, 40.8464 ], [ -3.6546, 40.847 ], [ -3.6546, 40.8473 ], [ -3.6544, 40.8475 ], [ -3.6554, 40.8486 ], [ -3.656, 40.8496 ], [ -3.6564, 40.85 ], [ -3.6568, 40.8501 ], [ -3.6571, 40.8505 ], [ -3.6584, 40.8507 ], [ -3.6587, 40.8503 ], [ -3.6588, 40.8499 ], [ -3.6588, 40.8486 ], [ -3.6595, 40.8484 ], [ -3.6598, 40.8481 ], [ -3.6608, 40.8467 ], [ -3.6609, 40.8458 ], [ -3.6605, 40.8443 ], [ -3.6606, 40.8431 ], [ -3.6605, 40.8422 ], [ -3.6603, 40.842 ], [ -3.6597, 40.8404 ], [ -3.6595, 40.8397 ], [ -3.6595, 40.8388 ], [ -3.6589, 40.8388 ], [ -3.6578, 40.8385 ] ] ] } },
{ "type": "Feature", "properties": { "municipio": "Valdemanco", "clasificacion": "no-urbanizable-protegido", "calificacion": "sin-asignar", "version": "vigente", "fuente": "SIT-CAM WFS — UsoDelSuelo:VPLA_V_CLASIFICACION (https://idem.comunidad.madrid/geosrvg/ows)", "fecha_dato": "2026-05-12", "ambito": "34013", "_raw_CD_SIGLAS": "SNUP", "_raw_DS_CLASIF_GEN": "Suelo No Urbanizable Protegido", "_raw_DS_CLASIF_DET": "Suelo No Urbanizable Clase II. Espacios Forestales en Régimen Especial", "_raw_DS_DOCU": "NORMAS SUBSIDIARIAS", "_raw_DS_LEY": "CM Ley 9/1995, E RD 1346/1976", "_raw_FC_AC": "1997-10-28", "_raw_NM_AREA_M2": 149095.26560420499, "_cam_code": "158" }, "geometry": { "type": "Polygon", "coordinates": [ [ [ -3.6525, 40.8386 ], [ -3.6525, 40.8393 ], [ -3.6528, 40.8398 ], [ -3.6527, 40.8411 ], [ -3.6529, 40.8415 ], [ -3.6536, 40.8419 ], [ -3.6537, 40.8438 ], [ -3.654, 40.8446 ], [ -3.6551, 40.8435 ], [ -3.6553, 40.8429 ], [ -3.6554, 40.8429 ], [ -3.6558, 40.8409 ], [ -3.6564, 40.8401 ], [ -3.6567, 40.8385 ], [ -3.6527, 40.8382 ], [ -3.6525, 40.8386 ] ] ] } },
{ "type": "Feature", "properties": { "municipio": "Valdemanco", "clasificacion": "urbano-consolidado", "calificacion": "sin-asignar", "version": "vigente", "fuente": "SIT-CAM WFS — UsoDelSuelo:VPLA_V_CLASIFICACION (https://idem.comunidad.madrid/geosrvg/ows)", "fecha_dato": "2026-05-12", "ambito": "34013", "_raw_CD_SIGLAS": "SU", "_raw_DS_CLASIF_GEN": "Suelo Urbano", "_raw_DS_CLASIF_DET": "Suelo Urbano", "_raw_DS_DOCU": "NORMAS SUBSIDIARIAS", "_raw_DS_LEY": "CM Ley 9/1995, E RD 1346/1976", "_raw_FC_AC": "1997-10-28", "_raw_NM_AREA_M2": 624581.39669684495, "_cam_code": "158" }, "geometry": { "type": "Polygon", "coordinates": [ [ [ -3.6614, 40.8732 ], [ -3.6615, 40.8734 ], [ -3.6619, 40.8735 ], [ -3.6624, 40.8739 ], [ -3.6627, 40.8739 ], [ -3.6628, 40.8738 ], [ -3.6626, 40.8736 ], [ -3.6627, 40.8733 ], [ -3.6635, 40.8734 ], [ -3.6634, 40.8728 ], [ -3.6639, 40.8727 ], [ -3.664, 40.8724 ], [ -3.6642, 40.8724 ], [ -3.6642, 40.8725 ], [ -3.6647, 40.8725 ], [ -3.6648, 40.8726 ], [ -3.6648, 40.8734 ], [ -3.6649, 40.8735 ], [ -3.665, 40.8734 ], [ -3.6661, 40.8735 ], [ -3.6664, 40.8734 ], [ -3.6664, 40.8732 ], [ -3.6667, 40.8732 ], [ -3.6669, 40.873 ], [ -3.6671, 40.873 ], [ -3.6672, 40.8727 ], [ -3.6678, 40.8727 ], [ -3.6678, 40.8726 ], [ -3.6682, 40.8726 ], [ -3.6682, 40.8725 ], [ -3.6685, 40.8724 ], [ -3.6686, 40.8721 ], [ -3.6684, 40.8713 ], [ -3.6678, 40.8708 ], [ -3.6675, 40.8703 ], [ -3.6671, 40.8703 ], [ -3.6681, 40.8695 ], [ -3.6685, 40.8684 ], [ -3.6698, 40.8694 ], [ -3.6695, 40.8697 ], [ -3.6699, 40.87 ], [ -3.6702, 40.8698 ], [ -3.6704, 40.8694 ], [ -3.6708, 40.8693 ], [ -3.6711, 40.8694 ], [ -3.6716, 40.8702 ], [ -3.6719, 40.8698 ], [ -3.6721, 40.87 ], [ -3.6728, 40.8696 ], [ -3.6728, 40.8697 ], [ -3.673, 40.8697 ], [ -3.673, 40.8694 ], [ -3.6736, 40.8699 ], [ -3.674, 40.8698 ], [ -3.6738, 40.8696 ], [ -3.6737, 40.8688 ], [ -3.6756, 40.8693 ], [ -3.6765, 40.8686 ], [ -3.6766, 40.8671 ], [ -3.6763, 40.8655 ], [ -3.6761, 40.8654 ], [ -3.6755, 40.8641 ], [ -3.6754, 40.8641 ], [ -3.6754, 40.8637 ], [ -3.6756, 40.8635 ], [ -3.6756, 40.8632 ], [ -3.6752, 40.8629 ], [ -3.6748, 40.8623 ], [ -3.6754, 40.8617 ], [ -3.6753, 40.8617 ], [ -3.6751, 40.861 ], [ -3.675, 40.8609 ], [ -3.6742, 40.8611 ], [ -3.6731, 40.8615 ], [ -3.6723, 40.862 ], [ -3.6721, 40.862 ], [ -3.672, 40.8622 ], [ -3.671, 40.8629 ], [ -3.6708, 40.8632 ], [ -3.6709, 40.8633 ], [ -3.6717, 40.8635 ], [ -3.6715, 40.8639 ], [ -3.6719, 40.864 ], [ -3.6722, 40.8644 ], [ -3.6725, 40.8641 ], [ -3.673, 40.8646 ], [ -3.6729, 40.8656 ], [ -3.672, 40.8658 ], [ -3.6717, 40.8653 ], [ -3.6719, 40.865 ], [ -3.6711, 40.8655 ], [ -3.6709, 40.8658 ], [ -3.67, 40.8659 ], [ -3.6696, 40.8654 ], [ -3.6689, 40.8668 ], [ -3.6679, 40.8681 ], [ -3.6675, 40.8685 ], [ -3.6661, 40.8692 ], [ -3.6666, 40.8694 ], [ -3.6666, 40.8699 ], [ -3.6667, 40.87 ], [ -3.6663, 40.8698 ], [ -3.6659, 40.8702 ], [ -3.6665, 40.8706 ], [ -3.6663, 40.8707 ], [ -3.6662, 40.8711 ], [ -3.665, 40.8713 ], [ -3.6645, 40.8712 ], [ -3.6643, 40.871 ], [ -3.6639, 40.871 ], [ -3.664, 40.8712 ], [ -3.6631, 40.8711 ], [ -3.6633, 40.8706 ], [ -3.6627, 40.8704 ], [ -3.6625, 40.8701 ], [ -3.6614, 40.8703 ], [ -3.6599, 40.8709 ], [ -3.6593, 40.8713 ], [ -3.6595, 40.8717 ], [ -3.6598, 40.8717 ], [ -3.66, 40.8719 ], [ -3.6599, 40.8721 ], [ -3.66, 40.8722 ], [ -3.6603, 40.8722 ], [ -3.6602, 40.8721 ], [ -3.6603, 40.8719 ], [ -3.6605, 40.8724 ], [ -3.6608, 40.8725 ], [ -3.6612, 40.8729 ], [ -3.6612, 40.873 ], [ -3.6608, 40.873 ], [ -3.6609, 40.8731 ], [ -3.6608, 40.8732 ], [ -3.661, 40.8734 ], [ -3.6614, 40.8732 ] ] ] } },
{ "type": "Feature", "properties": { "municipio": "Valdemanco", "clasificacion": "urbano-consolidado", "calificacion": "sin-asignar", "version": "vigente", "fuente": "SIT-CAM WFS — UsoDelSuelo:VPLA_V_CLASIFICACION (https://idem.comunidad.madrid/geosrvg/ows)", "fecha_dato": "2026-05-12", "ambito": "34013", "_raw_CD_SIGLAS": "SU", "_raw_DS_CLASIF_GEN": "Suelo Urbano", "_raw_DS_CLASIF_DET": "Suelo Urbano", "_raw_DS_DOCU": "NORMAS SUBSIDIARIAS", "_raw_DS_LEY": "CM Ley 9/1995, E RD 1346/1976", "_raw_FC_AC": "1997-10-28", "_raw_NM_AREA_M2": 3666.1612743344099, "_cam_code": "158" }, "geometry": { "type": "Polygon", "coordinates": [ [ [ -3.6628, 40.869 ], [ -3.662, 40.8698 ], [ -3.6621, 40.87 ], [ -3.6626, 40.8699 ], [ -3.6628, 40.8695 ], [ -3.6629, 40.8695 ], [ -3.6628, 40.869 ] ] ] } },
{ "type": "Feature", "properties": { "municipio": "Valdemanco", "clasificacion": "urbano-consolidado", "calificacion": "sin-asignar", "version": "vigente", "fuente": "SIT-CAM WFS — UsoDelSuelo:VPLA_V_CLASIFICACION (https://idem.comunidad.madrid/geosrvg/ows)", "fecha_dato": "2026-05-12", "ambito": "34013", "_raw_CD_SIGLAS": "SU_A", "_raw_DS_CLASIF_GEN": "Suelo Urbano (APLAZADO)", "_raw_DS_CLASIF_DET": "Suelo Urbano", "_raw_DS_DOCU": "NORMAS SUBSIDIARIAS", "_raw_DS_LEY": "CM Ley 9/1995, E RD 1346/1976", "_raw_FC_AC": "1997-10-28", "_raw_NM_AREA_M2": 14246.1644845019, "_cam_code": "158" }, "geometry": { "type": "Polygon", "coordinates": [ [ [ -3.6648, 40.8732 ], [ -3.6648, 40.8726 ], [ -3.664, 40.8724 ], [ -3.6639, 40.8727 ], [ -3.6634, 40.8728 ], [ -3.6635, 40.8734 ], [ -3.6627, 40.8733 ], [ -3.6626, 40.8736 ], [ -3.6627, 40.8738 ], [ -3.6634, 40.8736 ], [ -3.664, 40.8737 ], [ -3.6642, 40.8734 ], [ -3.6648, 40.8732 ] ] ] } },
{ "type": "Feature", "properties": { "municipio": "Valdemanco", "clasificacion": "urbanizable-no-sectorizado", "calificacion": "sin-asignar", "version": "vigente", "fuente": "SIT-CAM WFS — UsoDelSuelo:VPLA_V_CLASIFICACION (https://idem.comunidad.madrid/geosrvg/ows)", "fecha_dato": "2026-05-12", "ambito": "34013", "_raw_CD_SIGLAS": "SUBNS", "_raw_DS_CLASIF_GEN": "Suelo No Urbanizable Común", "_raw_DS_CLASIF_DET": "Suelo No Urbanizable Común", "_raw_DS_DOCU": "NORMAS SUBSIDIARIAS", "_raw_DS_LEY": "CM Ley 9/1995, E RD 1346/1976", "_raw_FC_AC": "1997-10-28", "_raw_NM_AREA_M2": 34006.233864525602, "_cam_code": "158" }, "geometry": { "type": "Polygon", "coordinates": [ [ [ -3.6637, 40.8736 ], [ -3.6629, 40.8737 ], [ -3.6629, 40.8738 ], [ -3.6626, 40.8739 ], [ -3.6637, 40.8745 ], [ -3.6642, 40.875 ], [ -3.6658, 40.8745 ], [ -3.6661, 40.8742 ], [ -3.6662, 40.8738 ], [ -3.6665, 40.8736 ], [ -3.6664, 40.8734 ], [ -3.6661, 40.8735 ], [ -3.665, 40.8734 ], [ -3.6649, 40.8735 ], [ -3.6648, 40.8732 ], [ -3.6647, 40.8732 ], [ -3.6642, 40.8734 ], [ -3.664, 40.8737 ], [ -3.6637, 40.8736 ] ] ] } },
{ "type": "Feature", "properties": { "municipio": "Valdemanco", "clasificacion": "urbanizable-no-sectorizado", "calificacion": "sin-asignar", "version": "vigente", "fuente": "SIT-CAM WFS — UsoDelSuelo:VPLA_V_CLASIFICACION (https://idem.comunidad.madrid/geosrvg/ows)", "fecha_dato": "2026-05-12", "ambito": "34013", "_raw_CD_SIGLAS": "SUBNS", "_raw_DS_CLASIF_GEN": "Suelo No Urbanizable Común", "_raw_DS_CLASIF_DET": "Suelo No Urbanizable Común", "_raw_DS_DOCU": "NORMAS SUBSIDIARIAS", "_raw_DS_LEY": "CM Ley 9/1995, E RD 1346/1976", "_raw_FC_AC": "1997-10-28", "_raw_NM_AREA_M2": 52333.955147151202, "_cam_code": "158" }, "geometry": { "type": "Polygon", "coordinates": [ [ [ -3.6586, 40.8712 ], [ -3.6583, 40.8716 ], [ -3.6584, 40.8717 ], [ -3.6599, 40.8709 ], [ -3.6614, 40.8703 ], [ -3.6647, 40.8696 ], [ -3.6645, 40.8692 ], [ -3.6635, 40.8696 ], [ -3.6633, 40.8694 ], [ -3.6633, 40.8688 ], [ -3.6631, 40.8684 ], [ -3.6624, 40.8682 ], [ -3.662, 40.8687 ], [ -3.6608, 40.8696 ], [ -3.6605, 40.8695 ], [ -3.6604, 40.8692 ], [ -3.6603, 40.8697 ], [ -3.6586, 40.8712 ] ], [ [ -3.6629, 40.8695 ], [ -3.6626, 40.8699 ], [ -3.6621, 40.87 ], [ -3.662, 40.8699 ], [ -3.6628, 40.869 ], [ -3.6629, 40.8695 ] ] ] } },
{ "type": "Feature", "properties": { "municipio": "Valdemanco", "clasificacion": "urbanizable-no-sectorizado", "calificacion": "sin-asignar", "version": "vigente", "fuente": "SIT-CAM WFS — UsoDelSuelo:VPLA_V_CLASIFICACION (https://idem.comunidad.madrid/geosrvg/ows)", "fecha_dato": "2026-05-12", "ambito": "34013", "_raw_CD_SIGLAS": "SUBNS", "_raw_DS_CLASIF_GEN": "Suelo No Urbanizable Común", "_raw_DS_CLASIF_DET": "Suelo No Urbanizable Común", "_raw_DS_DOCU": "NORMAS SUBSIDIARIAS", "_raw_DS_LEY": "CM Ley 9/1995, E RD 1346/1976", "_raw_FC_AC": "1997-10-28", "_raw_NM_AREA_M2": 167976.71094879101, "_cam_code": "158" }, "geometry": { "type": "Polygon", "coordinates": [ [ [ -3.6684, 40.8713 ], [ -3.6686, 40.8721 ], [ -3.6685, 40.8724 ], [ -3.6682, 40.8725 ], [ -3.6682, 40.8726 ], [ -3.6674, 40.8727 ], [ -3.6676, 40.8729 ], [ -3.668, 40.8729 ], [ -3.6684, 40.8731 ], [ -3.6694, 40.8729 ], [ -3.6697, 40.8727 ], [ -3.6688, 40.8719 ], [ -3.6694, 40.8717 ], [ -3.6706, 40.8725 ], [ -3.6707, 40.8727 ], [ -3.6714, 40.8718 ], [ -3.6717, 40.8718 ], [ -3.673, 40.8713 ], [ -3.6733, 40.8709 ], [ -3.6737, 40.8708 ], [ -3.6749, 40.8698 ], [ -3.6751, 40.8697 ], [ -3.6763, 40.8698 ], [ -3.6766, 40.8695 ], [ -3.6771, 40.8695 ], [ -3.6772, 40.8694 ], [ -3.6771, 40.8684 ], [ -3.677, 40.8683 ], [ -3.6771, 40.8681 ], [ -3.6756, 40.8693 ], [ -3.6737, 40.8688 ], [ -3.6738, 40.8696 ], [ -3.674, 40.8698 ], [ -3.6736, 40.8699 ], [ -3.673, 40.8694 ], [ -3.673, 40.8697 ], [ -3.6728, 40.8697 ], [ -3.6728, 40.8696 ], [ -3.6721, 40.87 ], [ -3.6719, 40.8698 ], [ -3.6716, 40.8702 ], [ -3.6711, 40.8694 ], [ -3.6708, 40.8693 ], [ -3.6704, 40.8694 ], [ -3.6702, 40.8698 ], [ -3.6699, 40.87 ], [ -3.6695, 40.8697 ], [ -3.6698, 40.8694 ], [ -3.6685, 40.8684 ], [ -3.6681, 40.8695 ], [ -3.6671, 40.8703 ], [ -3.6676, 40.8704 ], [ -3.6678, 40.8708 ], [ -3.6684, 40.8713 ] ] ] } },
{ "type": "Feature", "properties": { "municipio": "Valdemanco", "clasificacion": "urbanizable-sectorizado", "calificacion": "sin-asignar", "version": "vigente", "fuente": "SIT-CAM WFS — UsoDelSuelo:VPLA_V_CLASIFICACION (https://idem.comunidad.madrid/geosrvg/ows)", "fecha_dato": "2026-05-12", "ambito": "34013", "_raw_CD_SIGLAS": "SUBS", "_raw_DS_CLASIF_GEN": "Suelo Apto Para Urbanizar", "_raw_DS_CLASIF_DET": "Suelo Apto para Urbanizar", "_raw_DS_DOCU": "NORMAS SUBSIDIARIAS", "_raw_DS_LEY": "CM Ley 9/1995, E RD 1346/1976", "_raw_FC_AC": "1997-10-28", "_raw_NM_AREA_M2": 16631.411097415199, "_cam_code": "158" }, "geometry": { "type": "Polygon", "coordinates": [ [ [ -3.649, 40.8587 ], [ -3.651, 40.86 ], [ -3.6515, 40.8596 ], [ -3.6508, 40.8591 ], [ -3.6503, 40.859 ], [ -3.6502, 40.8588 ], [ -3.6504, 40.8585 ], [ -3.6496, 40.8581 ], [ -3.649, 40.8587 ] ] ] } },
{ "type": "Feature", "properties": { "municipio": "Valdemanco", "clasificacion": "urbanizable-sectorizado", "calificacion": "sin-asignar", "version": "vigente", "fuente": "SIT-CAM WFS — UsoDelSuelo:VPLA_V_CLASIFICACION (https://idem.comunidad.madrid/geosrvg/ows)", "fecha_dato": "2026-05-12", "ambito": "34013", "_raw_CD_SIGLAS": "SUBS", "_raw_DS_CLASIF_GEN": "Suelo Apto Para Urbanizar", "_raw_DS_CLASIF_DET": "Suelo Apto para Urbanizar", "_raw_DS_DOCU": "NORMAS SUBSIDIARIAS", "_raw_DS_LEY": "CM Ley 9/1995, E RD 1346/1976", "_raw_FC_AC": "1997-10-28", "_raw_NM_AREA_M2": 51392.7795899661, "_cam_code": "158" }, "geometry": { "type": "Polygon", "coordinates": [ [ [ -3.6696, 40.8654 ], [ -3.67, 40.8659 ], [ -3.6709, 40.8658 ], [ -3.6711, 40.8655 ], [ -3.6719, 40.865 ], [ -3.6717, 40.8653 ], [ -3.672, 40.8658 ], [ -3.6725, 40.8657 ], [ -3.6729, 40.8656 ], [ -3.673, 40.8646 ], [ -3.6725, 40.8641 ], [ -3.6722, 40.8644 ], [ -3.6719, 40.864 ], [ -3.6715, 40.8639 ], [ -3.6717, 40.8635 ], [ -3.6708, 40.8632 ], [ -3.6703, 40.8639 ], [ -3.6696, 40.8654 ] ] ] } },
{ "type": "Feature", "properties": { "municipio": "Valdemanco", "clasificacion": "urbanizable-sectorizado", "calificacion": "sin-asignar", "version": "vigente", "fuente": "SIT-CAM WFS — UsoDelSuelo:VPLA_V_CLASIFICACION (https://idem.comunidad.madrid/geosrvg/ows)", "fecha_dato": "2026-05-12", "ambito": "34013", "_raw_CD_SIGLAS": "SUBS", "_raw_DS_CLASIF_GEN": "Suelo Apto Para Urbanizar", "_raw_DS_CLASIF_DET": "Suelo Apto para Urbanizar", "_raw_DS_DOCU": "NORMAS SUBSIDIARIAS", "_raw_DS_LEY": "CM Ley 9/1995, E RD 1346/1976", "_raw_FC_AC": "1997-10-28", "_raw_NM_AREA_M2": 352164.89411894401, "_cam_code": "158" }, "geometry": { "type": "Polygon", "coordinates": [ [ [ -3.6512, 40.8655 ], [ -3.6512, 40.8656 ], [ -3.6533, 40.8663 ], [ -3.6546, 40.8664 ], [ -3.6546, 40.8663 ], [ -3.6551, 40.8662 ], [ -3.6556, 40.8659 ], [ -3.6559, 40.8656 ], [ -3.6559, 40.8651 ], [ -3.6552, 40.8645 ], [ -3.6543, 40.8649 ], [ -3.6535, 40.8649 ], [ -3.6527, 40.8645 ], [ -3.6515, 40.8634 ], [ -3.6504, 40.8626 ], [ -3.6504, 40.8624 ], [ -3.6506, 40.8622 ], [ -3.6508, 40.8623 ], [ -3.652, 40.8619 ], [ -3.652, 40.8618 ], [ -3.6524, 40.8623 ], [ -3.6529, 40.8623 ], [ -3.653, 40.862 ], [ -3.6535, 40.8616 ], [ -3.6515, 40.8607 ], [ -3.6509, 40.8601 ], [ -3.6505, 40.8599 ], [ -3.6504, 40.8597 ], [ -3.6502, 40.8597 ], [ -3.6497, 40.8593 ], [ -3.6493, 40.8592 ], [ -3.6482, 40.8585 ], [ -3.6469, 40.8578 ], [ -3.6467, 40.8578 ], [ -3.6467, 40.8577 ], [ -3.6452, 40.8592 ], [ -3.6446, 40.8589 ], [ -3.6444, 40.8596 ], [ -3.6443, 40.8607 ], [ -3.6442, 40.8607 ], [ -3.6443, 40.8615 ], [ -3.6451, 40.8618 ], [ -3.6452, 40.8616 ], [ -3.6458, 40.8618 ], [ -3.6459, 40.8616 ], [ -3.6488, 40.8631 ], [ -3.6497, 40.864 ], [ -3.6497, 40.8645 ], [ -3.6498, 40.8645 ], [ -3.6499, 40.8648 ], [ -3.6502, 40.8651 ], [ -3.6505, 40.8652 ], [ -3.6502, 40.8655 ], [ -3.6503, 40.8656 ], [ -3.6509, 40.8657 ], [ -3.6512, 40.8655 ] ] ] } },
{ "type": "Feature", "properties": { "municipio": "Valdemanco", "clasificacion": "urbanizable-sectorizado", "calificacion": "sin-asignar", "version": "vigente", "fuente": "SIT-CAM WFS — UsoDelSuelo:VPLA_V_CLASIFICACION (https://idem.comunidad.madrid/geosrvg/ows)", "fecha_dato": "2026-05-12", "ambito": "34013", "_raw_CD_SIGLAS": "SUBS_A", "_raw_DS_CLASIF_GEN": "Suelo Urbanizable Apto para Urbanizar (APLAZADO)", "_raw_DS_CLASIF_DET": "Suelo Apto para Urbanizar", "_raw_DS_DOCU": "NORMAS SUBSIDIARIAS", "_raw_DS_LEY": "CM Ley 9/1995, E RD 1346/1976", "_raw_FC_AC": "1997-10-28", "_raw_NM_AREA_M2": 48214.4959360297, "_cam_code": "158" }, "geometry": { "type": "Polygon", "coordinates": [ [ [ -3.6625, 40.8701 ], [ -3.6627, 40.8704 ], [ -3.6633, 40.8706 ], [ -3.6631, 40.8711 ], [ -3.664, 40.8712 ], [ -3.6639, 40.871 ], [ -3.6643, 40.871 ], [ -3.6645, 40.8712 ], [ -3.665, 40.8713 ], [ -3.6662, 40.8711 ], [ -3.6663, 40.8707 ], [ -3.6665, 40.8706 ], [ -3.6659, 40.8702 ], [ -3.6663, 40.8698 ], [ -3.6667, 40.87 ], [ -3.6666, 40.8699 ], [ -3.6666, 40.8694 ], [ -3.6661, 40.8692 ], [ -3.6654, 40.8695 ], [ -3.6625, 40.8701 ] ] ] } }
]
}
