{
"type": "FeatureCollection",
"name": "vigente.full",
"features": [
{ "type": "Feature", "properties": { "municipio": "San Fernando de Henares", "clasificacion": "urbano-consolidado", "calificacion": "equipamiento", "version": "vigente", "fuente": "SIT-CAM WFS — UsoDelSuelo:VPLA_V_CLASIFICACION (https://idem.comunidad.madrid/geosrvg/ows)", "fecha_dato": "2026-05-12", "ambito": "51279", "_raw_CD_SIGLAS": "SG", "_raw_DS_CLASIF_GEN": "Sistemas Generales", "_raw_DS_CLASIF_DET": "Sistemas Generales Verde", "_raw_DS_DOCU": "PLAN GENERAL", "_raw_DS_LEY": "CM Ley 9/2001, E Ley 6/1998", "_raw_FC_AC": "2002-06-06", "_raw_NM_AREA_M2": 847.60204999994096, "_cam_code": "130" }, "geometry": { "type": "Polygon", "coordinates": [ [ [ -3.4982, 40.4223 ], [ -3.4985, 40.4226 ], [ -3.4986, 40.4221 ], [ -3.4982, 40.4223 ] ] ] } },
{ "type": "Feature", "properties": { "municipio": "San Fernando de Henares", "clasificacion": "urbano-consolidado", "calificacion": "equipamiento", "version": "vigente", "fuente": "SIT-CAM WFS — UsoDelSuelo:VPLA_V_CLASIFICACION (https://idem.comunidad.madrid/geosrvg/ows)", "fecha_dato": "2026-05-12", "ambito": "51279", "_raw_CD_SIGLAS": "SG", "_raw_DS_CLASIF_GEN": "Sistemas Generales", "_raw_DS_CLASIF_DET": "Sistemas Generales Verde", "_raw_DS_DOCU": "PLAN GENERAL", "_raw_DS_LEY": "CM Ley 9/2001, E Ley 6/1998", "_raw_FC_AC": "2002-06-06", "_raw_NM_AREA_M2": 8596.7222732197097, "_cam_code": "130" }, "geometry": { "type": "Polygon", "coordinates": [ [ [ -3.5205, 40.411 ], [ -3.5202, 40.4104 ], [ -3.5185, 40.4108 ], [ -3.5186, 40.4112 ], [ -3.5205, 40.411 ] ] ] } },
{ "type": "Feature", "properties": { "municipio": "San Fernando de Henares", "clasificacion": "urbano-consolidado", "calificacion": "equipamiento", "version": "vigente", "fuente": "SIT-CAM WFS — UsoDelSuelo:VPLA_V_CLASIFICACION (https://idem.comunidad.madrid/geosrvg/ows)", "fecha_dato": "2026-05-12", "ambito": "51279", "_raw_CD_SIGLAS": "SG", "_raw_DS_CLASIF_GEN": "Sistemas Generales", "_raw_DS_CLASIF_DET": "Sistemas Generales Viario", "_raw_DS_DOCU": "PLAN GENERAL", "_raw_DS_LEY": "CM Ley 9/2001, E Ley 6/1998", "_raw_FC_AC": "2002-06-06", "_raw_NM_AREA_M2": 8731.6418623488298, "_cam_code": "130" }, "geometry": { "type": "Polygon", "coordinates": [ [ [ -3.5236, 40.4279 ], [ -3.524, 40.4282 ], [ -3.5247, 40.4291 ], [ -3.5249, 40.4291 ], [ -3.5264, 40.4301 ], [ -3.5273, 40.4305 ], [ -3.5275, 40.4304 ], [ -3.5248, 40.4289 ], [ -3.5242, 40.4283 ], [ -3.5239, 40.4276 ], [ -3.5238, 40.4277 ], [ -3.5239, 40.4278 ], [ -3.5239, 40.4278 ], [ -3.5239, 40.4279 ], [ -3.5239, 40.428 ], [ -3.524, 40.428 ], [ -3.524, 40.4281 ], [ -3.5238, 40.4279 ], [ -3.5238, 40.4278 ], [ -3.5236, 40.4279 ] ] ] } },
{ "type": "Feature", "properties": { "municipio": "San Fernando de Henares", "clasificacion": "urbano-consolidado", "calificacion": "equipamiento", "version": "vigente", "fuente": "SIT-CAM WFS — UsoDelSuelo:VPLA_V_CLASIFICACION (https://idem.comunidad.madrid/geosrvg/ows)", "fecha_dato": "2026-05-12", "ambito": "51279", "_raw_CD_SIGLAS": "SG", "_raw_DS_CLASIF_GEN": "Sistemas Generales", "_raw_DS_CLASIF_DET": "Sistemas Generales Verde", "_raw_DS_DOCU": "PLAN GENERAL", "_raw_DS_LEY": "CM Ley 9/2001, E Ley 6/1998", "_raw_FC_AC": "2002-06-06", "_raw_NM_AREA_M2": 5872.8915875255097, "_cam_code": "130" }, "geometry": { "type": "Polygon", "coordinates": [ [ [ -3.498, 40.4225 ], [ -3.4979, 40.4239 ], [ -3.4979, 40.4247 ], [ -3.4984, 40.423 ], [ -3.4983, 40.4227 ], [ -3.498, 40.4225 ] ] ] } },
{ "type": "Feature", "properties": { "municipio": "San Fernando de Henares", "clasificacion": "urbano-consolidado", "calificacion": "equipamiento", "version": "vigente", "fuente": "SIT-CAM WFS — UsoDelSuelo:VPLA_V_CLASIFICACION (https://idem.comunidad.madrid/geosrvg/ows)", "fecha_dato": "2026-05-12", "ambito": "51279", "_raw_CD_SIGLAS": "SG", "_raw_DS_CLASIF_GEN": "Sistemas Generales", "_raw_DS_CLASIF_DET": "Sistemas Generales Verde", "_raw_DS_DOCU": "PLAN GENERAL", "_raw_DS_LEY": "CM Ley 9/2001, E Ley 6/1998", "_raw_FC_AC": "2002-06-06", "_raw_NM_AREA_M2": 114195.418712484, "_cam_code": "130" }, "geometry": { "type": "Polygon", "coordinates": [ [ [ -3.5188, 40.4313 ], [ -3.522, 40.4314 ], [ -3.524, 40.4322 ], [ -3.525, 40.4328 ], [ -3.5253, 40.4326 ], [ -3.5221, 40.4286 ], [ -3.5178, 40.4305 ], [ -3.5178, 40.4307 ], [ -3.5184, 40.4311 ], [ -3.5187, 40.4311 ], [ -3.5188, 40.4313 ] ] ] } },
{ "type": "Feature", "properties": { "municipio": "San Fernando de Henares", "clasificacion": "urbano-consolidado", "calificacion": "equipamiento", "version": "vigente", "fuente": "SIT-CAM WFS — UsoDelSuelo:VPLA_V_CLASIFICACION (https://idem.comunidad.madrid/geosrvg/ows)", "fecha_dato": "2026-05-12", "ambito": "51279", "_raw_CD_SIGLAS": "SG", "_raw_DS_CLASIF_GEN": "Sistemas Generales", "_raw_DS_CLASIF_DET": "Sistemas Generales Viario", "_raw_DS_DOCU": "PLAN GENERAL", "_raw_DS_LEY": "CM Ley 9/2001, E Ley 6/1998", "_raw_FC_AC": "2002-06-06", "_raw_NM_AREA_M2": 1274.30008751377, "_cam_code": "130" }, "geometry": { "type": "Polygon", "coordinates": [ [ [ -3.4284, 40.4257 ], [ -3.4286, 40.4261 ], [ -3.429, 40.4261 ], [ -3.4289, 40.4259 ], [ -3.4284, 40.4257 ] ] ] } },
{ "type": "Feature", "properties": { "municipio": "San Fernando de Henares", "clasificacion": "urbano-consolidado", "calificacion": "equipamiento", "version": "vigente", "fuente": "SIT-CAM WFS — UsoDelSuelo:VPLA_V_CLASIFICACION (https://idem.comunidad.madrid/geosrvg/ows)", "fecha_dato": "2026-05-12", "ambito": "51279", "_raw_CD_SIGLAS": "SG", "_raw_DS_CLASIF_GEN": "Sistemas Generales", "_raw_DS_CLASIF_DET": "Sistemas Generales Viario", "_raw_DS_DOCU": "PLAN GENERAL", "_raw_DS_LEY": "CM Ley 9/2001, E Ley 6/1998", "_raw_FC_AC": "2002-06-06", "_raw_NM_AREA_M2": 97801.499329382903, "_cam_code": "130" }, "geometry": { "type": "Polygon", "coordinates": [ [ [ -3.5236, 40.4279 ], [ -3.524, 40.4274 ], [ -3.5223, 40.4257 ], [ -3.5215, 40.4247 ], [ -3.5212, 40.4241 ], [ -3.5212, 40.4238 ], [ -3.5214, 40.4237 ], [ -3.5215, 40.4233 ], [ -3.5209, 40.4229 ], [ -3.5209, 40.4222 ], [ -3.521, 40.4221 ], [ -3.521, 40.4211 ], [ -3.5211, 40.421 ], [ -3.5213, 40.4188 ], [ -3.5212, 40.4188 ], [ -3.521, 40.418 ], [ -3.5199, 40.4163 ], [ -3.5197, 40.4162 ], [ -3.5191, 40.415 ], [ -3.5189, 40.4143 ], [ -3.5189, 40.4134 ], [ -3.5188, 40.4132 ], [ -3.5191, 40.4129 ], [ -3.5204, 40.4128 ], [ -3.5213, 40.4131 ], [ -3.5215, 40.4134 ], [ -3.5217, 40.4134 ], [ -3.5217, 40.4134 ], [ -3.5219, 40.4133 ], [ -3.5219, 40.4134 ], [ -3.5215, 40.4129 ], [ -3.5202, 40.4126 ], [ -3.5189, 40.4128 ], [ -3.5185, 40.4108 ], [ -3.5202, 40.4104 ], [ -3.5199, 40.4099 ], [ -3.5186, 40.4098 ], [ -3.5148, 40.4105 ], [ -3.5144, 40.4114 ], [ -3.5182, 40.4109 ], [ -3.5186, 40.4126 ], [ -3.5184, 40.4129 ], [ -3.5186, 40.4131 ], [ -3.5186, 40.414 ], [ -3.5189, 40.4149 ], [ -3.5191, 40.4154 ], [ -3.5209, 40.4182 ], [ -3.5208, 40.419 ], [ -3.521, 40.4192 ], [ -3.521, 40.4197 ], [ -3.5209, 40.4198 ], [ -3.5208, 40.4209 ], [ -3.5207, 40.4231 ], [ -3.5206, 40.4232 ], [ -3.5207, 40.4237 ], [ -3.5209, 40.4239 ], [ -3.5209, 40.4241 ], [ -3.521, 40.4241 ], [ -3.5214, 40.425 ], [ -3.5232, 40.4269 ], [ -3.5233, 40.4272 ], [ -3.5232, 40.4276 ], [ -3.5234, 40.4278 ], [ -3.5236, 40.4278 ], [ -3.5236, 40.4279 ] ] ] } },
{ "type": "Feature", "properties": { "municipio": "San Fernando de Henares", "clasificacion": "urbano-consolidado", "calificacion": "equipamiento", "version": "vigente", "fuente": "SIT-CAM WFS — UsoDelSuelo:VPLA_V_CLASIFICACION (https://idem.comunidad.madrid/geosrvg/ows)", "fecha_dato": "2026-05-12", "ambito": "51279", "_raw_CD_SIGLAS": "SG", "_raw_DS_CLASIF_GEN": "Sistemas Generales", "_raw_DS_CLASIF_DET": "Sistemas Generales Viario", "_raw_DS_DOCU": "PLAN GENERAL", "_raw_DS_LEY": "CM Ley 9/2001, E Ley 6/1998", "_raw_FC_AC": "2002-06-06", "_raw_NM_AREA_M2": 424052.93876141199, "_cam_code": "130" }, "geometry": { "type": "Polygon", "coordinates": [ [ [ -3.5044, 40.4361 ], [ -3.5051, 40.4365 ], [ -3.5061, 40.4366 ], [ -3.5074, 40.4372 ], [ -3.5111, 40.4406 ], [ -3.5121, 40.4417 ], [ -3.5137, 40.4439 ], [ -3.5138, 40.4449 ], [ -3.5134, 40.4463 ], [ -3.5134, 40.4466 ], [ -3.5137, 40.447 ], [ -3.5189, 40.4458 ], [ -3.5183, 40.4457 ], [ -3.5175, 40.4453 ], [ -3.5165, 40.4445 ], [ -3.5136, 40.4413 ], [ -3.5089, 40.4368 ], [ -3.5067, 40.434 ], [ -3.5053, 40.4332 ], [ -3.5043, 40.4324 ], [ -3.5019, 40.43 ], [ -3.4982, 40.4252 ], [ -3.4991, 40.4279 ], [ -3.4997, 40.4289 ], [ -3.5009, 40.4307 ], [ -3.5023, 40.4321 ], [ -3.504, 40.4341 ], [ -3.5044, 40.4348 ], [ -3.5045, 40.4351 ], [ -3.5043, 40.4354 ], [ -3.5043, 40.4357 ], [ -3.5045, 40.4359 ], [ -3.5033, 40.4366 ], [ -3.5025, 40.4376 ], [ -3.5037, 40.4365 ], [ -3.5044, 40.4361 ] ] ] } },
{ "type": "Feature", "properties": { "municipio": "San Fernando de Henares", "clasificacion": "urbano-consolidado", "calificacion": "equipamiento", "version": "vigente", "fuente": "SIT-CAM WFS — UsoDelSuelo:VPLA_V_CLASIFICACION (https://idem.comunidad.madrid/geosrvg/ows)", "fecha_dato": "2026-05-12", "ambito": "51279", "_raw_CD_SIGLAS": "SG", "_raw_DS_CLASIF_GEN": "Sistemas Generales", "_raw_DS_CLASIF_DET": "Sistemas Generales Viario", "_raw_DS_DOCU": "PLAN GENERAL", "_raw_DS_LEY": "CM Ley 9/2001, E Ley 6/1998", "_raw_FC_AC": "2002-06-06", "_raw_NM_AREA_M2": 356569.25306236203, "_cam_code": "130" }, "geometry": { "type": "Polygon", "coordinates": [ [ [ -3.4311, 40.435 ], [ -3.4314, 40.4351 ], [ -3.4314, 40.4352 ], [ -3.4322, 40.4354 ], [ -3.4322, 40.4356 ], [ -3.4311, 40.4376 ], [ -3.4297, 40.439 ], [ -3.4281, 40.4402 ], [ -3.427, 40.4414 ], [ -3.4193, 40.451 ], [ -3.4196, 40.4515 ], [ -3.4214, 40.4495 ], [ -3.4234, 40.4468 ], [ -3.4286, 40.4404 ], [ -3.4298, 40.4396 ], [ -3.4299, 40.4394 ], [ -3.4404, 40.4326 ], [ -3.4411, 40.4322 ], [ -3.4448, 40.4307 ], [ -3.4449, 40.4308 ], [ -3.4454, 40.4308 ], [ -3.4451, 40.4303 ], [ -3.4455, 40.4299 ], [ -3.4447, 40.4299 ], [ -3.4427, 40.4287 ], [ -3.4362, 40.4271 ], [ -3.4364, 40.4275 ], [ -3.4427, 40.429 ], [ -3.4445, 40.4302 ], [ -3.4445, 40.4305 ], [ -3.4395, 40.4325 ], [ -3.4356, 40.4349 ], [ -3.4346, 40.435 ], [ -3.434, 40.4348 ], [ -3.4334, 40.4341 ], [ -3.4334, 40.4336 ], [ -3.433, 40.4317 ], [ -3.4329, 40.4317 ], [ -3.4329, 40.4314 ], [ -3.4328, 40.4314 ], [ -3.4323, 40.4302 ], [ -3.4322, 40.4302 ], [ -3.4325, 40.4297 ], [ -3.4321, 40.4296 ], [ -3.4317, 40.4298 ], [ -3.4292, 40.4264 ], [ -3.4288, 40.4263 ], [ -3.4288, 40.4265 ], [ -3.429, 40.4266 ], [ -3.4295, 40.4275 ], [ -3.4297, 40.4276 ], [ -3.4298, 40.4279 ], [ -3.4306, 40.4288 ], [ -3.4314, 40.43 ], [ -3.4309, 40.4302 ], [ -3.4308, 40.4303 ], [ -3.4309, 40.4305 ], [ -3.4315, 40.4305 ], [ -3.4319, 40.4311 ], [ -3.4318, 40.4321 ], [ -3.4304, 40.4335 ], [ -3.4304, 40.4343 ], [ -3.4311, 40.435 ] ] ] } },
{ "type": "Feature", "properties": { "municipio": "San Fernando de Henares", "clasificacion": "urbano-consolidado", "calificacion": "equipamiento", "version": "vigente", "fuente": "SIT-CAM WFS — UsoDelSuelo:VPLA_V_CLASIFICACION (https://idem.comunidad.madrid/geosrvg/ows)", "fecha_dato": "2026-05-12", "ambito": "51279", "_raw_CD_SIGLAS": "SG", "_raw_DS_CLASIF_GEN": "Sistemas Generales", "_raw_DS_CLASIF_DET": "Sistemas Generales Viario", "_raw_DS_DOCU": "PLAN GENERAL", "_raw_DS_LEY": "CM Ley 9/2001, E Ley 6/1998", "_raw_FC_AC": "2002-06-06", "_raw_NM_AREA_M2": 189162.555500018, "_cam_code": "130" }, "geometry": { "type": "Polygon", "coordinates": [ [ [ -3.5128, 40.4476 ], [ -3.5139, 40.4478 ], [ -3.5153, 40.449 ], [ -3.5155, 40.4495 ], [ -3.5155, 40.4499 ], [ -3.5152, 40.4516 ], [ -3.5192, 40.4503 ], [ -3.5192, 40.4492 ], [ -3.5195, 40.4481 ], [ -3.5198, 40.4477 ], [ -3.5206, 40.4472 ], [ -3.5204, 40.4465 ], [ -3.52, 40.4466 ], [ -3.5199, 40.4461 ], [ -3.5128, 40.4476 ] ] ] } },
{ "type": "Feature", "properties": { "municipio": "San Fernando de Henares", "clasificacion": "urbano-consolidado", "calificacion": "equipamiento", "version": "vigente", "fuente": "SIT-CAM WFS — UsoDelSuelo:VPLA_V_CLASIFICACION (https://idem.comunidad.madrid/geosrvg/ows)", "fecha_dato": "2026-05-12", "ambito": "51279", "_raw_CD_SIGLAS": "SG", "_raw_DS_CLASIF_GEN": "Sistemas Generales", "_raw_DS_CLASIF_DET": "Sistemas Generales Viario", "_raw_DS_DOCU": "PLAN GENERAL", "_raw_DS_LEY": "CM Ley 9/2001, E Ley 6/1998", "_raw_FC_AC": "2002-06-06", "_raw_NM_AREA_M2": 8112.33914990414, "_cam_code": "130" }, "geometry": { "type": "Polygon", "coordinates": [ [ [ -3.5149, 40.4512 ], [ -3.5144, 40.4512 ], [ -3.5132, 40.4518 ], [ -3.513, 40.4521 ], [ -3.5129, 40.4522 ], [ -3.5127, 40.4522 ], [ -3.5148, 40.4517 ], [ -3.515, 40.4511 ], [ -3.5149, 40.4512 ] ] ] } },
{ "type": "Feature", "properties": { "municipio": "San Fernando de Henares", "clasificacion": "urbano-consolidado", "calificacion": "equipamiento", "version": "vigente", "fuente": "SIT-CAM WFS — UsoDelSuelo:VPLA_V_CLASIFICACION (https://idem.comunidad.madrid/geosrvg/ows)", "fecha_dato": "2026-05-12", "ambito": "51279", "_raw_CD_SIGLAS": "SG", "_raw_DS_CLASIF_GEN": "Sistemas Generales", "_raw_DS_CLASIF_DET": "Sistemas Generales Viario", "_raw_DS_DOCU": "PLAN GENERAL", "_raw_DS_LEY": "CM Ley 9/2001, E Ley 6/1998", "_raw_FC_AC": "2002-06-06", "_raw_NM_AREA_M2": 132356.51143869999, "_cam_code": "130" }, "geometry": { "type": "Polygon", "coordinates": [ [ [ -3.5196, 40.4533 ], [ -3.5203, 40.454 ], [ -3.5194, 40.4544 ], [ -3.5198, 40.4557 ], [ -3.5199, 40.4566 ], [ -3.5206, 40.4573 ], [ -3.521, 40.4575 ], [ -3.5212, 40.4578 ], [ -3.5213, 40.4577 ], [ -3.5212, 40.4554 ], [ -3.5211, 40.455 ], [ -3.521, 40.455 ], [ -3.521, 40.4547 ], [ -3.5209, 40.4547 ], [ -3.5209, 40.4544 ], [ -3.5208, 40.4544 ], [ -3.5201, 40.4528 ], [ -3.52, 40.4523 ], [ -3.5204, 40.4516 ], [ -3.5218, 40.4509 ], [ -3.5219, 40.4507 ], [ -3.5234, 40.4495 ], [ -3.5162, 40.452 ], [ -3.5165, 40.4524 ], [ -3.5185, 40.4533 ], [ -3.5188, 40.4536 ], [ -3.5193, 40.4535 ], [ -3.5196, 40.4533 ] ] ] } },
{ "type": "Feature", "properties": { "municipio": "San Fernando de Henares", "clasificacion": "urbano-consolidado", "calificacion": "equipamiento", "version": "vigente", "fuente": "SIT-CAM WFS — UsoDelSuelo:VPLA_V_CLASIFICACION (https://idem.comunidad.madrid/geosrvg/ows)", "fecha_dato": "2026-05-12", "ambito": "51279", "_raw_CD_SIGLAS": "SG", "_raw_DS_CLASIF_GEN": "Sistemas Generales", "_raw_DS_CLASIF_DET": "Sistemas Generales Viario", "_raw_DS_DOCU": "PLAN GENERAL", "_raw_DS_LEY": "CM Ley 9/2001, E Ley 6/1998", "_raw_FC_AC": "2002-06-06", "_raw_NM_AREA_M2": 309263.14553759899, "_cam_code": "130" }, "geometry": { "type": "Polygon", "coordinates": [ [ [ -3.5018, 40.4574 ], [ -3.4955, 40.4607 ], [ -3.4929, 40.4617 ], [ -3.4929, 40.4618 ], [ -3.4934, 40.4625 ], [ -3.4954, 40.462 ], [ -3.5009, 40.4597 ], [ -3.5032, 40.4584 ], [ -3.5039, 40.4582 ], [ -3.5055, 40.458 ], [ -3.5065, 40.4581 ], [ -3.5079, 40.4585 ], [ -3.5083, 40.4579 ], [ -3.5077, 40.4573 ], [ -3.5076, 40.4568 ], [ -3.5076, 40.456 ], [ -3.508, 40.4553 ], [ -3.5099, 40.4541 ], [ -3.5121, 40.4532 ], [ -3.5127, 40.4522 ], [ -3.5078, 40.4541 ], [ -3.5048, 40.4556 ], [ -3.5018, 40.4574 ] ] ] } },
{ "type": "Feature", "properties": { "municipio": "San Fernando de Henares", "clasificacion": "urbano-consolidado", "calificacion": "equipamiento", "version": "vigente", "fuente": "SIT-CAM WFS — UsoDelSuelo:VPLA_V_CLASIFICACION (https://idem.comunidad.madrid/geosrvg/ows)", "fecha_dato": "2026-05-12", "ambito": "51279", "_raw_CD_SIGLAS": "SG", "_raw_DS_CLASIF_GEN": "Sistemas Generales", "_raw_DS_CLASIF_DET": "Sistemas Generales Viario", "_raw_DS_DOCU": "PLAN GENERAL", "_raw_DS_LEY": "CM Ley 9/2001, E Ley 6/1998", "_raw_FC_AC": "2002-06-06", "_raw_NM_AREA_M2": 579285.77487805602, "_cam_code": "130" }, "geometry": { "type": "Polygon", "coordinates": [ [ [ -3.5074, 40.466 ], [ -3.5034, 40.4679 ], [ -3.5015, 40.4692 ], [ -3.5012, 40.4695 ], [ -3.5009, 40.4701 ], [ -3.4992, 40.4719 ], [ -3.5001, 40.4717 ], [ -3.5016, 40.4703 ], [ -3.5028, 40.4694 ], [ -3.5039, 40.4687 ], [ -3.5059, 40.4678 ], [ -3.5093, 40.4668 ], [ -3.5103, 40.4669 ], [ -3.5125, 40.4669 ], [ -3.513, 40.4668 ], [ -3.5137, 40.4666 ], [ -3.5148, 40.466 ], [ -3.5168, 40.4645 ], [ -3.5203, 40.4624 ], [ -3.5208, 40.4615 ], [ -3.5209, 40.4608 ], [ -3.5212, 40.4601 ], [ -3.5212, 40.4586 ], [ -3.5181, 40.4605 ], [ -3.5167, 40.4609 ], [ -3.5158, 40.4609 ], [ -3.5133, 40.4602 ], [ -3.5091, 40.4584 ], [ -3.5069, 40.4606 ], [ -3.5043, 40.4643 ], [ -3.504, 40.4646 ], [ -3.5035, 40.4648 ], [ -3.5036, 40.4655 ], [ -3.5035, 40.4655 ], [ -3.5015, 40.4683 ], [ -3.5013, 40.4691 ], [ -3.5029, 40.467 ], [ -3.5038, 40.4656 ], [ -3.5045, 40.4652 ], [ -3.5045, 40.4647 ], [ -3.5062, 40.465 ], [ -3.5065, 40.4645 ], [ -3.5059, 40.4644 ], [ -3.5051, 40.464 ], [ -3.5051, 40.4638 ], [ -3.5055, 40.4634 ], [ -3.5072, 40.4609 ], [ -3.5091, 40.459 ], [ -3.5112, 40.4601 ], [ -3.5123, 40.4609 ], [ -3.5129, 40.4615 ], [ -3.5132, 40.4623 ], [ -3.5131, 40.4632 ], [ -3.513, 40.4632 ], [ -3.5127, 40.4638 ], [ -3.5118, 40.4646 ], [ -3.5116, 40.4646 ], [ -3.5107, 40.4651 ], [ -3.5074, 40.466 ] ] ] } },
{ "type": "Feature", "properties": { "municipio": "San Fernando de Henares", "clasificacion": "urbano-consolidado", "calificacion": "equipamiento", "version": "vigente", "fuente": "SIT-CAM WFS — UsoDelSuelo:VPLA_V_CLASIFICACION (https://idem.comunidad.madrid/geosrvg/ows)", "fecha_dato": "2026-05-12", "ambito": "51279", "_raw_CD_SIGLAS": "SG", "_raw_DS_CLASIF_GEN": "Sistemas Generales", "_raw_DS_CLASIF_DET": "Sistemas Generales Deportivo", "_raw_DS_DOCU": "PLAN GENERAL", "_raw_DS_LEY": "CM Ley 9/2001, E Ley 6/1998", "_raw_FC_AC": "2002-06-06", "_raw_NM_AREA_M2": 13020.738087485501, "_cam_code": "130" }, "geometry": { "type": "Polygon", "coordinates": [ [ [ -3.5257, 40.4319 ], [ -3.5252, 40.4321 ], [ -3.5256, 40.4328 ], [ -3.5267, 40.4342 ], [ -3.5269, 40.4342 ], [ -3.5264, 40.4331 ], [ -3.5261, 40.432 ], [ -3.5257, 40.4319 ] ] ] } },
{ "type": "Feature", "properties": { "municipio": "San Fernando de Henares", "clasificacion": "urbano-consolidado", "calificacion": "equipamiento", "version": "vigente", "fuente": "SIT-CAM WFS — UsoDelSuelo:VPLA_V_CLASIFICACION (https://idem.comunidad.madrid/geosrvg/ows)", "fecha_dato": "2026-05-12", "ambito": "51279", "_raw_CD_SIGLAS": "SG", "_raw_DS_CLASIF_GEN": "Sistemas Generales", "_raw_DS_CLASIF_DET": "Sistemas Generales Dotacional", "_raw_DS_DOCU": "PLAN GENERAL", "_raw_DS_LEY": "CM Ley 9/2001, E Ley 6/1998", "_raw_FC_AC": "2002-06-06", "_raw_NM_AREA_M2": 56329.653212613601, "_cam_code": "130" }, "geometry": { "type": "Polygon", "coordinates": [ [ [ -3.5247, 40.4316 ], [ -3.525, 40.4319 ], [ -3.526, 40.4318 ], [ -3.526, 40.4316 ], [ -3.5249, 40.4296 ], [ -3.5248, 40.4296 ], [ -3.5248, 40.4294 ], [ -3.5244, 40.4287 ], [ -3.5236, 40.4278 ], [ -3.5235, 40.4278 ], [ -3.5235, 40.4278 ], [ -3.5236, 40.428 ], [ -3.5236, 40.4279 ], [ -3.5235, 40.4279 ], [ -3.5233, 40.4279 ], [ -3.5233, 40.428 ], [ -3.5223, 40.4283 ], [ -3.5223, 40.4285 ], [ -3.5242, 40.4309 ], [ -3.5243, 40.4308 ], [ -3.5245, 40.4311 ], [ -3.5244, 40.4312 ], [ -3.5247, 40.4313 ], [ -3.5247, 40.4316 ] ] ] } },
{ "type": "Feature", "properties": { "municipio": "San Fernando de Henares", "clasificacion": "urbano-consolidado", "calificacion": "equipamiento", "version": "vigente", "fuente": "SIT-CAM WFS — UsoDelSuelo:VPLA_V_CLASIFICACION (https://idem.comunidad.madrid/geosrvg/ows)", "fecha_dato": "2026-05-12", "ambito": "51279", "_raw_CD_SIGLAS": "SG", "_raw_DS_CLASIF_GEN": "Sistemas Generales", "_raw_DS_CLASIF_DET": "Sistemas Generales Dotacional Cementerio", "_raw_DS_DOCU": "PLAN GENERAL", "_raw_DS_LEY": "CM Ley 9/2001, E Ley 6/1998", "_raw_FC_AC": "2002-06-06", "_raw_NM_AREA_M2": 49970.499000032898, "_cam_code": "130" }, "geometry": { "type": "Polygon", "coordinates": [ [ [ -3.5173, 40.411 ], [ -3.5144, 40.4114 ], [ -3.5138, 40.4127 ], [ -3.5162, 40.4131 ], [ -3.5169, 40.4124 ], [ -3.5175, 40.4121 ], [ -3.5173, 40.411 ] ] ] } },
{ "type": "Feature", "properties": { "municipio": "San Fernando de Henares", "clasificacion": "urbano-consolidado", "calificacion": "equipamiento", "version": "vigente", "fuente": "SIT-CAM WFS — UsoDelSuelo:VPLA_V_CLASIFICACION (https://idem.comunidad.madrid/geosrvg/ows)", "fecha_dato": "2026-05-12", "ambito": "51279", "_raw_CD_SIGLAS": "SG", "_raw_DS_CLASIF_GEN": "Sistemas Generales", "_raw_DS_CLASIF_DET": "Sistemas Generales Ferrocarril", "_raw_DS_DOCU": "PLAN GENERAL", "_raw_DS_LEY": "CM Ley 9/2001, E Ley 6/1998", "_raw_FC_AC": "2002-06-06", "_raw_NM_AREA_M2": 38462.194725176501, "_cam_code": "130" }, "geometry": { "type": "Polygon", "coordinates": [ [ [ -3.4115, 40.4261 ], [ -3.4202, 40.4266 ], [ -3.4234, 40.4266 ], [ -3.4285, 40.4264 ], [ -3.43, 40.4262 ], [ -3.4286, 40.4261 ], [ -3.4261, 40.4263 ], [ -3.4174, 40.4263 ], [ -3.4122, 40.4259 ], [ -3.4117, 40.4259 ], [ -3.4115, 40.4261 ] ] ] } },
{ "type": "Feature", "properties": { "municipio": "San Fernando de Henares", "clasificacion": "urbano-consolidado", "calificacion": "equipamiento", "version": "vigente", "fuente": "SIT-CAM WFS — UsoDelSuelo:VPLA_V_CLASIFICACION (https://idem.comunidad.madrid/geosrvg/ows)", "fecha_dato": "2026-05-12", "ambito": "51279", "_raw_CD_SIGLAS": "SG", "_raw_DS_CLASIF_GEN": "Sistemas Generales", "_raw_DS_CLASIF_DET": "Sistemas Generales Ferrocarril", "_raw_DS_DOCU": "PLAN GENERAL", "_raw_DS_LEY": "CM Ley 9/2001, E Ley 6/1998", "_raw_FC_AC": "2002-06-06", "_raw_NM_AREA_M2": 94992.372099858694, "_cam_code": "130" }, "geometry": { "type": "Polygon", "coordinates": [ [ [ -3.5311, 40.4432 ], [ -3.5193, 40.4458 ], [ -3.512, 40.4473 ], [ -3.5123, 40.4477 ], [ -3.5238, 40.4452 ], [ -3.5263, 40.4448 ], [ -3.5306, 40.4438 ], [ -3.5314, 40.4446 ], [ -3.5312, 40.4461 ], [ -3.5315, 40.4455 ], [ -3.5316, 40.444 ], [ -3.5315, 40.444 ], [ -3.5315, 40.4438 ], [ -3.5311, 40.4432 ] ] ] } },
{ "type": "Feature", "properties": { "municipio": "San Fernando de Henares", "clasificacion": "urbano-consolidado", "calificacion": "equipamiento", "version": "vigente", "fuente": "SIT-CAM WFS — UsoDelSuelo:VPLA_V_CLASIFICACION (https://idem.comunidad.madrid/geosrvg/ows)", "fecha_dato": "2026-05-12", "ambito": "51279", "_raw_CD_SIGLAS": "SG", "_raw_DS_CLASIF_GEN": "Sistemas Generales", "_raw_DS_CLASIF_DET": "Sistemas Generales Ferrocarril", "_raw_DS_DOCU": "PLAN GENERAL", "_raw_DS_LEY": "CM Ley 9/2001, E Ley 6/1998", "_raw_FC_AC": "2002-06-06", "_raw_NM_AREA_M2": 97345.602270948395, "_cam_code": "130" }, "geometry": { "type": "Polygon", "coordinates": [ [ [ -3.5112, 40.4475 ], [ -3.4893, 40.4523 ], [ -3.4893, 40.4524 ], [ -3.4894, 40.4527 ], [ -3.4897, 40.4527 ], [ -3.512, 40.4478 ], [ -3.5118, 40.4474 ], [ -3.5112, 40.4475 ] ] ] } },
{ "type": "Feature", "properties": { "municipio": "San Fernando de Henares", "clasificacion": "urbano-consolidado", "calificacion": "equipamiento", "version": "vigente", "fuente": "SIT-CAM WFS — UsoDelSuelo:VPLA_V_CLASIFICACION (https://idem.comunidad.madrid/geosrvg/ows)", "fecha_dato": "2026-05-12", "ambito": "51279", "_raw_CD_SIGLAS": "SG", "_raw_DS_CLASIF_GEN": "Sistemas Generales", "_raw_DS_CLASIF_DET": "Sistemas Generales Viario", "_raw_DS_DOCU": "PLAN GENERAL", "_raw_DS_LEY": "CM Ley 9/2001, E Ley 6/1998", "_raw_FC_AC": "2002-06-06", "_raw_NM_AREA_M2": 144377.39994987001, "_cam_code": "130" }, "geometry": { "type": "Polygon", "coordinates": [ [ [ -3.5148, 40.4105 ], [ -3.5113, 40.4112 ], [ -3.5103, 40.4112 ], [ -3.51, 40.4114 ], [ -3.5094, 40.4115 ], [ -3.5071, 40.4123 ], [ -3.5055, 40.4131 ], [ -3.503, 40.4149 ], [ -3.5016, 40.4162 ], [ -3.5003, 40.4178 ], [ -3.4994, 40.4194 ], [ -3.4986, 40.4219 ], [ -3.4993, 40.4216 ], [ -3.4997, 40.4216 ], [ -3.5002, 40.4198 ], [ -3.5013, 40.4178 ], [ -3.5024, 40.4164 ], [ -3.5037, 40.4152 ], [ -3.5049, 40.4143 ], [ -3.5067, 40.4133 ], [ -3.5089, 40.4124 ], [ -3.5119, 40.4117 ], [ -3.5144, 40.4114 ], [ -3.5148, 40.4105 ] ] ] } },
{ "type": "Feature", "properties": { "municipio": "San Fernando de Henares", "clasificacion": "urbano-consolidado", "calificacion": "equipamiento", "version": "vigente", "fuente": "SIT-CAM WFS — UsoDelSuelo:VPLA_V_CLASIFICACION (https://idem.comunidad.madrid/geosrvg/ows)", "fecha_dato": "2026-05-12", "ambito": "51279", "_raw_CD_SIGLAS": "SG", "_raw_DS_CLASIF_GEN": "Sistemas Generales", "_raw_DS_CLASIF_DET": "Sistemas Generales Viario", "_raw_DS_DOCU": "PLAN GENERAL", "_raw_DS_LEY": "CM Ley 9/2001, E Ley 6/1998", "_raw_FC_AC": "2002-06-06", "_raw_NM_AREA_M2": 4518.5284873946503, "_cam_code": "130" }, "geometry": { "type": "Polygon", "coordinates": [ [ [ -3.4616, 40.4215 ], [ -3.4604, 40.4221 ], [ -3.4601, 40.4225 ], [ -3.4623, 40.4215 ], [ -3.4616, 40.4215 ] ] ] } },
{ "type": "Feature", "properties": { "municipio": "San Fernando de Henares", "clasificacion": "urbano-consolidado", "calificacion": "equipamiento", "version": "vigente", "fuente": "SIT-CAM WFS — UsoDelSuelo:VPLA_V_CLASIFICACION (https://idem.comunidad.madrid/geosrvg/ows)", "fecha_dato": "2026-05-12", "ambito": "51279", "_raw_CD_SIGLAS": "SG", "_raw_DS_CLASIF_GEN": "Sistemas Generales", "_raw_DS_CLASIF_DET": "Sistemas Generales Viario", "_raw_DS_DOCU": "PLAN GENERAL", "_raw_DS_LEY": "CM Ley 9/2001, E Ley 6/1998", "_raw_FC_AC": "2002-06-06", "_raw_NM_AREA_M2": 53705.92427512, "_cam_code": "130" }, "geometry": { "type": "Polygon", "coordinates": [ [ [ -3.4986, 40.4221 ], [ -3.4985, 40.4226 ], [ -3.4986, 40.4235 ], [ -3.498, 40.4249 ], [ -3.5005, 40.4281 ], [ -3.5013, 40.4292 ], [ -3.5006, 40.4281 ], [ -3.4998, 40.4263 ], [ -3.4995, 40.4244 ], [ -3.4996, 40.4217 ], [ -3.4986, 40.4221 ] ] ] } },
{ "type": "Feature", "properties": { "municipio": "San Fernando de Henares", "clasificacion": "urbano-consolidado", "calificacion": "equipamiento", "version": "vigente", "fuente": "SIT-CAM WFS — UsoDelSuelo:VPLA_V_CLASIFICACION (https://idem.comunidad.madrid/geosrvg/ows)", "fecha_dato": "2026-05-12", "ambito": "51279", "_raw_CD_SIGLAS": "SG", "_raw_DS_CLASIF_GEN": "Sistemas Generales", "_raw_DS_CLASIF_DET": "Sistemas Generales Viario", "_raw_DS_DOCU": "PLAN GENERAL", "_raw_DS_LEY": "CM Ley 9/2001, E Ley 6/1998", "_raw_FC_AC": "2002-06-06", "_raw_NM_AREA_M2": 79542.665737583098, "_cam_code": "130" }, "geometry": { "type": "Polygon", "coordinates": [ [ [ -3.5071, 40.4338 ], [ -3.5067, 40.434 ], [ -3.5075, 40.4349 ], [ -3.5078, 40.4347 ], [ -3.508, 40.4343 ], [ -3.5086, 40.434 ], [ -3.5113, 40.433 ], [ -3.5123, 40.4322 ], [ -3.5122, 40.4322 ], [ -3.5129, 40.4313 ], [ -3.5135, 40.4309 ], [ -3.5151, 40.4302 ], [ -3.5156, 40.4298 ], [ -3.516, 40.4298 ], [ -3.5169, 40.4292 ], [ -3.5177, 40.4282 ], [ -3.5179, 40.4274 ], [ -3.5179, 40.426 ], [ -3.518, 40.4257 ], [ -3.5185, 40.4251 ], [ -3.5186, 40.4247 ], [ -3.519, 40.4245 ], [ -3.5191, 40.4243 ], [ -3.5199, 40.424 ], [ -3.5203, 40.4237 ], [ -3.5207, 40.4237 ], [ -3.5206, 40.4232 ], [ -3.5204, 40.4234 ], [ -3.5189, 40.4241 ], [ -3.5178, 40.4252 ], [ -3.5175, 40.4259 ], [ -3.5175, 40.4272 ], [ -3.5173, 40.428 ], [ -3.5171, 40.4284 ], [ -3.5164, 40.4291 ], [ -3.5129, 40.4308 ], [ -3.5113, 40.4324 ], [ -3.5105, 40.4328 ], [ -3.5087, 40.4333 ], [ -3.5077, 40.4339 ], [ -3.5071, 40.4338 ] ] ] } },
{ "type": "Feature", "properties": { "municipio": "San Fernando de Henares", "clasificacion": "urbano-consolidado", "calificacion": "equipamiento", "version": "vigente", "fuente": "SIT-CAM WFS — UsoDelSuelo:VPLA_V_CLASIFICACION (https://idem.comunidad.madrid/geosrvg/ows)", "fecha_dato": "2026-05-12", "ambito": "51279", "_raw_CD_SIGLAS": "SG", "_raw_DS_CLASIF_GEN": "Sistemas Generales", "_raw_DS_CLASIF_DET": "Sistemas Generales Viario", "_raw_DS_DOCU": "PLAN GENERAL", "_raw_DS_LEY": "CM Ley 9/2001, E Ley 6/1998", "_raw_FC_AC": "2002-06-06", "_raw_NM_AREA_M2": 52063.033086323303, "_cam_code": "130" }, "geometry": { "type": "Polygon", "coordinates": [ [ [ -3.5212, 40.4458 ], [ -3.5216, 40.4466 ], [ -3.5218, 40.4466 ], [ -3.522, 40.4464 ], [ -3.5258, 40.4455 ], [ -3.5299, 40.4454 ], [ -3.5301, 40.4453 ], [ -3.5301, 40.4449 ], [ -3.5299, 40.4448 ], [ -3.5295, 40.4449 ], [ -3.5259, 40.4449 ], [ -3.5238, 40.4452 ], [ -3.5212, 40.4458 ] ] ] } },
{ "type": "Feature", "properties": { "municipio": "San Fernando de Henares", "clasificacion": "urbano-consolidado", "calificacion": "equipamiento", "version": "vigente", "fuente": "SIT-CAM WFS — UsoDelSuelo:VPLA_V_CLASIFICACION (https://idem.comunidad.madrid/geosrvg/ows)", "fecha_dato": "2026-05-12", "ambito": "51279", "_raw_CD_SIGLAS": "SG", "_raw_DS_CLASIF_GEN": "Sistemas Generales", "_raw_DS_CLASIF_DET": "Sistemas Generales Ferrocarril", "_raw_DS_DOCU": "PLAN GENERAL", "_raw_DS_LEY": "CM Ley 9/2001, E Ley 6/1998", "_raw_FC_AC": "2002-06-06", "_raw_NM_AREA_M2": 58704.681760551299, "_cam_code": "130" }, "geometry": { "type": "Polygon", "coordinates": [ [ [ -3.4616, 40.4189 ], [ -3.4544, 40.4214 ], [ -3.4501, 40.4227 ], [ -3.4441, 40.4241 ], [ -3.4385, 40.4251 ], [ -3.4355, 40.4255 ], [ -3.4355, 40.4257 ], [ -3.4407, 40.425 ], [ -3.4491, 40.4232 ], [ -3.457, 40.4208 ], [ -3.4611, 40.4193 ], [ -3.4615, 40.4191 ], [ -3.4616, 40.4189 ] ] ] } },
{ "type": "Feature", "properties": { "municipio": "San Fernando de Henares", "clasificacion": "urbano-consolidado", "calificacion": "equipamiento", "version": "vigente", "fuente": "SIT-CAM WFS — UsoDelSuelo:VPLA_V_CLASIFICACION (https://idem.comunidad.madrid/geosrvg/ows)", "fecha_dato": "2026-05-12", "ambito": "51279", "_raw_CD_SIGLAS": "SG", "_raw_DS_CLASIF_GEN": "Sistemas Generales", "_raw_DS_CLASIF_DET": "Sistemas Generales Infraestructuras", "_raw_DS_DOCU": "PLAN GENERAL", "_raw_DS_LEY": "CM Ley 9/2001, E Ley 6/1998", "_raw_FC_AC": "2002-06-06", "_raw_NM_AREA_M2": 41449.510624987903, "_cam_code": "130" }, "geometry": { "type": "Polygon", "coordinates": [ [ [ -3.5138, 40.4127 ], [ -3.5136, 40.4134 ], [ -3.5139, 40.4135 ], [ -3.5145, 40.4135 ], [ -3.5151, 40.4137 ], [ -3.5168, 40.4139 ], [ -3.5177, 40.4144 ], [ -3.5182, 40.4145 ], [ -3.5186, 40.4131 ], [ -3.5184, 40.4129 ], [ -3.5184, 40.413 ], [ -3.5178, 40.413 ], [ -3.5176, 40.4132 ], [ -3.5164, 40.4129 ], [ -3.5162, 40.4131 ], [ -3.5138, 40.4127 ] ] ] } },
{ "type": "Feature", "properties": { "municipio": "San Fernando de Henares", "clasificacion": "urbano-consolidado", "calificacion": "equipamiento", "version": "vigente", "fuente": "SIT-CAM WFS — UsoDelSuelo:VPLA_V_CLASIFICACION (https://idem.comunidad.madrid/geosrvg/ows)", "fecha_dato": "2026-05-12", "ambito": "51279", "_raw_CD_SIGLAS": "SG", "_raw_DS_CLASIF_GEN": "Sistemas Generales", "_raw_DS_CLASIF_DET": "Sistemas Generales Verde", "_raw_DS_DOCU": "PLAN GENERAL", "_raw_DS_LEY": "CM Ley 9/2001, E Ley 6/1998", "_raw_FC_AC": "2002-06-06", "_raw_NM_AREA_M2": 14903.725224866699, "_cam_code": "130" }, "geometry": { "type": "Polygon", "coordinates": [ [ [ -3.5162, 40.4093 ], [ -3.515, 40.4105 ], [ -3.5186, 40.4098 ], [ -3.5162, 40.4093 ] ] ] } },
{ "type": "Feature", "properties": { "municipio": "San Fernando de Henares", "clasificacion": "urbano-consolidado", "calificacion": "equipamiento", "version": "vigente", "fuente": "SIT-CAM WFS — UsoDelSuelo:VPLA_V_CLASIFICACION (https://idem.comunidad.madrid/geosrvg/ows)", "fecha_dato": "2026-05-12", "ambito": "51279", "_raw_CD_SIGLAS": "SG", "_raw_DS_CLASIF_GEN": "Sistemas Generales", "_raw_DS_CLASIF_DET": "Sistemas Generales Verde", "_raw_DS_DOCU": "PLAN GENERAL", "_raw_DS_LEY": "CM Ley 9/2001, E Ley 6/1998", "_raw_FC_AC": "2002-06-06", "_raw_NM_AREA_M2": 28906.822138579799, "_cam_code": "130" }, "geometry": { "type": "Polygon", "coordinates": [ [ [ -3.5186, 40.4112 ], [ -3.5189, 40.4128 ], [ -3.5202, 40.4126 ], [ -3.5203, 40.4127 ], [ -3.5209, 40.4121 ], [ -3.5205, 40.411 ], [ -3.5186, 40.4112 ] ] ] } },
{ "type": "Feature", "properties": { "municipio": "San Fernando de Henares", "clasificacion": "urbano-consolidado", "calificacion": "equipamiento", "version": "vigente", "fuente": "SIT-CAM WFS — UsoDelSuelo:VPLA_V_CLASIFICACION (https://idem.comunidad.madrid/geosrvg/ows)", "fecha_dato": "2026-05-12", "ambito": "51279", "_raw_CD_SIGLAS": "SG", "_raw_DS_CLASIF_GEN": "Sistemas Generales", "_raw_DS_CLASIF_DET": "Sistemas Generales Verde", "_raw_DS_DOCU": "PLAN GENERAL", "_raw_DS_LEY": "CM Ley 9/2001, E Ley 6/1998", "_raw_FC_AC": "2002-06-06", "_raw_NM_AREA_M2": 25392.934725015199, "_cam_code": "130" }, "geometry": { "type": "Polygon", "coordinates": [ [ [ -3.5182, 40.4109 ], [ -3.5173, 40.411 ], [ -3.5175, 40.4121 ], [ -3.5169, 40.4124 ], [ -3.5164, 40.4129 ], [ -3.5176, 40.4132 ], [ -3.5178, 40.413 ], [ -3.5184, 40.413 ], [ -3.5186, 40.4126 ], [ -3.5183, 40.4111 ], [ -3.5182, 40.4109 ] ] ] } },
{ "type": "Feature", "properties": { "municipio": "San Fernando de Henares", "clasificacion": "urbano-consolidado", "calificacion": "equipamiento", "version": "vigente", "fuente": "SIT-CAM WFS — UsoDelSuelo:VPLA_V_CLASIFICACION (https://idem.comunidad.madrid/geosrvg/ows)", "fecha_dato": "2026-05-12", "ambito": "51279", "_raw_CD_SIGLAS": "SG", "_raw_DS_CLASIF_GEN": "Sistemas Generales", "_raw_DS_CLASIF_DET": "Sistemas Generales Verde", "_raw_DS_DOCU": "PLAN GENERAL", "_raw_DS_LEY": "CM Ley 9/2001, E Ley 6/1998", "_raw_FC_AC": "2002-06-06", "_raw_NM_AREA_M2": 32343.2351499742, "_cam_code": "130" }, "geometry": { "type": "Polygon", "coordinates": [ [ [ -3.4939, 40.4246 ], [ -3.4928, 40.4255 ], [ -3.4943, 40.4246 ], [ -3.4953, 40.4242 ], [ -3.4959, 40.4241 ], [ -3.4972, 40.4242 ], [ -3.4979, 40.4247 ], [ -3.498, 40.4225 ], [ -3.4939, 40.4246 ] ] ] } },
{ "type": "Feature", "properties": { "municipio": "San Fernando de Henares", "clasificacion": "no-urbanizable-protegido", "calificacion": "sin-asignar", "version": "vigente", "fuente": "SIT-CAM WFS — UsoDelSuelo:VPLA_V_CLASIFICACION (https://idem.comunidad.madrid/geosrvg/ows)", "fecha_dato": "2026-05-12", "ambito": "51279", "_raw_CD_SIGLAS": "SNUP", "_raw_DS_CLASIF_GEN": "Suelo No Urbanizable Protegido", "_raw_DS_CLASIF_DET": "Suelo No Urbanizable Protegido Protección Agrícola", "_raw_DS_DOCU": "PLAN GENERAL", "_raw_DS_LEY": "CM Ley 9/2001, E Ley 6/1998", "_raw_FC_AC": "2002-06-06", "_raw_NM_AREA_M2": 234198.480950175, "_cam_code": "130" }, "geometry": { "type": "Polygon", "coordinates": [ [ [ -3.4205, 40.4239 ], [ -3.4148, 40.4247 ], [ -3.4147, 40.4248 ], [ -3.413, 40.4249 ], [ -3.4117, 40.4259 ], [ -3.4174, 40.4263 ], [ -3.4261, 40.4263 ], [ -3.4286, 40.4261 ], [ -3.4284, 40.4257 ], [ -3.4271, 40.4253 ], [ -3.4255, 40.4252 ], [ -3.4219, 40.4245 ], [ -3.4205, 40.4239 ] ] ] } },
{ "type": "Feature", "properties": { "municipio": "San Fernando de Henares", "clasificacion": "no-urbanizable-protegido", "calificacion": "sin-asignar", "version": "vigente", "fuente": "SIT-CAM WFS — UsoDelSuelo:VPLA_V_CLASIFICACION (https://idem.comunidad.madrid/geosrvg/ows)", "fecha_dato": "2026-05-12", "ambito": "51279", "_raw_CD_SIGLAS": "SNUP", "_raw_DS_CLASIF_GEN": "Suelo No Urbanizable Protegido", "_raw_DS_CLASIF_DET": "Suelo No Urbanizable Protegido Protección Riberas", "_raw_DS_DOCU": "PLAN GENERAL", "_raw_DS_LEY": "CM Ley 9/2001, E Ley 6/1998", "_raw_FC_AC": "2002-06-06", "_raw_NM_AREA_M2": 3585.8960374931298, "_cam_code": "130" }, "geometry": { "type": "Polygon", "coordinates": [ [ [ -3.5119, 40.4117 ], [ -3.512, 40.412 ], [ -3.5122, 40.4121 ], [ -3.5122, 40.4124 ], [ -3.5115, 40.4131 ], [ -3.5117, 40.4133 ], [ -3.5121, 40.413 ], [ -3.5123, 40.4126 ], [ -3.5122, 40.4117 ], [ -3.5119, 40.4117 ] ] ] } },
{ "type": "Feature", "properties": { "municipio": "San Fernando de Henares", "clasificacion": "no-urbanizable-protegido", "calificacion": "sin-asignar", "version": "vigente", "fuente": "SIT-CAM WFS — UsoDelSuelo:VPLA_V_CLASIFICACION (https://idem.comunidad.madrid/geosrvg/ows)", "fecha_dato": "2026-05-12", "ambito": "51279", "_raw_CD_SIGLAS": "SNUP", "_raw_DS_CLASIF_GEN": "Suelo No Urbanizable Protegido", "_raw_DS_CLASIF_DET": "Suelo No Urbanizable Protegido Protección Riberas", "_raw_DS_DOCU": "PLAN GENERAL", "_raw_DS_LEY": "CM Ley 9/2001, E Ley 6/1998", "_raw_FC_AC": "2002-06-06", "_raw_NM_AREA_M2": 17212.482062544001, "_cam_code": "130" }, "geometry": { "type": "Polygon", "coordinates": [ [ [ -3.5045, 40.4172 ], [ -3.5049, 40.4172 ], [ -3.5049, 40.417 ], [ -3.5052, 40.4168 ], [ -3.5057, 40.4168 ], [ -3.5058, 40.4169 ], [ -3.5058, 40.4168 ], [ -3.5067, 40.4167 ], [ -3.5071, 40.4165 ], [ -3.5074, 40.4162 ], [ -3.5074, 40.416 ], [ -3.5075, 40.416 ], [ -3.5074, 40.4159 ], [ -3.5077, 40.4156 ], [ -3.508, 40.4155 ], [ -3.5083, 40.4148 ], [ -3.5088, 40.4142 ], [ -3.5095, 40.4138 ], [ -3.5113, 40.4135 ], [ -3.5116, 40.4132 ], [ -3.5112, 40.4132 ], [ -3.5105, 40.4135 ], [ -3.5098, 40.4135 ], [ -3.5086, 40.414 ], [ -3.508, 40.4147 ], [ -3.5078, 40.4154 ], [ -3.5072, 40.4159 ], [ -3.5072, 40.4161 ], [ -3.5069, 40.4164 ], [ -3.5063, 40.4166 ], [ -3.5051, 40.4167 ], [ -3.5051, 40.4168 ], [ -3.5045, 40.4169 ], [ -3.5044, 40.417 ], [ -3.5044, 40.4172 ], [ -3.5045, 40.4172 ] ] ] } },
{ "type": "Feature", "properties": { "municipio": "San Fernando de Henares", "clasificacion": "no-urbanizable-protegido", "calificacion": "sin-asignar", "version": "vigente", "fuente": "SIT-CAM WFS — UsoDelSuelo:VPLA_V_CLASIFICACION (https://idem.comunidad.madrid/geosrvg/ows)", "fecha_dato": "2026-05-12", "ambito": "51279", "_raw_CD_SIGLAS": "SNUP", "_raw_DS_CLASIF_GEN": "Suelo No Urbanizable Protegido", "_raw_DS_CLASIF_DET": "Suelo No Urbanizable Protegido Protección Riberas", "_raw_DS_DOCU": "PLAN GENERAL", "_raw_DS_LEY": "CM Ley 9/2001, E Ley 6/1998", "_raw_FC_AC": "2002-06-06", "_raw_NM_AREA_M2": 73447.128412624006, "_cam_code": "130" }, "geometry": { "type": "Polygon", "coordinates": [ [ [ -3.5105, 40.4262 ], [ -3.5125, 40.4264 ], [ -3.5131, 40.4267 ], [ -3.5131, 40.427 ], [ -3.5137, 40.4279 ], [ -3.5141, 40.4281 ], [ -3.5141, 40.4283 ], [ -3.5143, 40.4285 ], [ -3.5143, 40.4288 ], [ -3.5147, 40.4292 ], [ -3.5149, 40.4298 ], [ -3.5152, 40.4297 ], [ -3.515, 40.4295 ], [ -3.5149, 40.4288 ], [ -3.5144, 40.4283 ], [ -3.5146, 40.4281 ], [ -3.5145, 40.4275 ], [ -3.5132, 40.4265 ], [ -3.5127, 40.4264 ], [ -3.5124, 40.4262 ], [ -3.5103, 40.4261 ], [ -3.5088, 40.4265 ], [ -3.5084, 40.4269 ], [ -3.5073, 40.4272 ], [ -3.5058, 40.4271 ], [ -3.5052, 40.4264 ], [ -3.5052, 40.4262 ], [ -3.5046, 40.4252 ], [ -3.5045, 40.4244 ], [ -3.5042, 40.4238 ], [ -3.5041, 40.4229 ], [ -3.5038, 40.4222 ], [ -3.5033, 40.4217 ], [ -3.5028, 40.4215 ], [ -3.5023, 40.4211 ], [ -3.5018, 40.4203 ], [ -3.5018, 40.4194 ], [ -3.502, 40.4191 ], [ -3.502, 40.4187 ], [ -3.5023, 40.4184 ], [ -3.5023, 40.418 ], [ -3.5027, 40.4177 ], [ -3.5033, 40.4175 ], [ -3.5033, 40.4174 ], [ -3.5042, 40.4172 ], [ -3.5043, 40.4169 ], [ -3.503, 40.4173 ], [ -3.5029, 40.4175 ], [ -3.5024, 40.4177 ], [ -3.5018, 40.4183 ], [ -3.5017, 40.4187 ], [ -3.5015, 40.4189 ], [ -3.5013, 40.4197 ], [ -3.5014, 40.4205 ], [ -3.5016, 40.4207 ], [ -3.5016, 40.4205 ], [ -3.5015, 40.4205 ], [ -3.5015, 40.4203 ], [ -3.5016, 40.4203 ], [ -3.5018, 40.4208 ], [ -3.5023, 40.4214 ], [ -3.5028, 40.4219 ], [ -3.5031, 40.422 ], [ -3.5033, 40.4223 ], [ -3.504, 40.4242 ], [ -3.5041, 40.425 ], [ -3.5046, 40.426 ], [ -3.5047, 40.426 ], [ -3.5047, 40.4262 ], [ -3.5056, 40.4273 ], [ -3.5063, 40.4275 ], [ -3.5071, 40.4275 ], [ -3.5079, 40.4273 ], [ -3.5079, 40.4272 ], [ -3.5082, 40.4271 ], [ -3.5085, 40.4271 ], [ -3.509, 40.4266 ], [ -3.5091, 40.4267 ], [ -3.5096, 40.4266 ], [ -3.5101, 40.4263 ], [ -3.5105, 40.4262 ] ] ] } },
{ "type": "Feature", "properties": { "municipio": "San Fernando de Henares", "clasificacion": "no-urbanizable-protegido", "calificacion": "sin-asignar", "version": "vigente", "fuente": "SIT-CAM WFS — UsoDelSuelo:VPLA_V_CLASIFICACION (https://idem.comunidad.madrid/geosrvg/ows)", "fecha_dato": "2026-05-12", "ambito": "51279", "_raw_CD_SIGLAS": "SNUP", "_raw_DS_CLASIF_GEN": "Suelo No Urbanizable Protegido", "_raw_DS_CLASIF_DET": "Suelo No Urbanizable Protegido Protección Riberas", "_raw_DS_DOCU": "PLAN GENERAL", "_raw_DS_LEY": "CM Ley 9/2001, E Ley 6/1998", "_raw_FC_AC": "2002-06-06", "_raw_NM_AREA_M2": 155603.05835005399, "_cam_code": "130" }, "geometry": { "type": "Polygon", "coordinates": [ [ [ -3.4662, 40.4281 ], [ -3.4656, 40.4286 ], [ -3.4654, 40.4291 ], [ -3.4653, 40.4291 ], [ -3.4653, 40.4294 ], [ -3.4652, 40.4294 ], [ -3.4655, 40.4304 ], [ -3.4662, 40.4309 ], [ -3.4668, 40.432 ], [ -3.4667, 40.4331 ], [ -3.4668, 40.4331 ], [ -3.4668, 40.4334 ], [ -3.4669, 40.4334 ], [ -3.4668, 40.4337 ], [ -3.4668, 40.4342 ], [ -3.4669, 40.4343 ], [ -3.4671, 40.4339 ], [ -3.4671, 40.4336 ], [ -3.4672, 40.4336 ], [ -3.467, 40.4319 ], [ -3.4664, 40.4309 ], [ -3.4656, 40.4301 ], [ -3.4654, 40.4296 ], [ -3.4657, 40.4289 ], [ -3.4663, 40.4283 ], [ -3.4668, 40.4283 ], [ -3.4674, 40.4281 ], [ -3.4689, 40.4281 ], [ -3.4696, 40.4287 ], [ -3.4696, 40.4292 ], [ -3.47, 40.4298 ], [ -3.4705, 40.4301 ], [ -3.4713, 40.4302 ], [ -3.4727, 40.4302 ], [ -3.4731, 40.4296 ], [ -3.4741, 40.4297 ], [ -3.4743, 40.4294 ], [ -3.4747, 40.4292 ], [ -3.475, 40.4284 ], [ -3.475, 40.4278 ], [ -3.4747, 40.4271 ], [ -3.4746, 40.4262 ], [ -3.4745, 40.4262 ], [ -3.4746, 40.4258 ], [ -3.4744, 40.4256 ], [ -3.4744, 40.4254 ], [ -3.4743, 40.4254 ], [ -3.4743, 40.425 ], [ -3.4739, 40.4243 ], [ -3.4739, 40.4229 ], [ -3.474, 40.4226 ], [ -3.4742, 40.4226 ], [ -3.4743, 40.4224 ], [ -3.4743, 40.4219 ], [ -3.4744, 40.4218 ], [ -3.4743, 40.4216 ], [ -3.4743, 40.4211 ], [ -3.4744, 40.421 ], [ -3.4743, 40.4202 ], [ -3.4744, 40.4199 ], [ -3.4746, 40.4198 ], [ -3.4752, 40.4199 ], [ -3.4759, 40.4196 ], [ -3.4759, 40.4195 ], [ -3.4769, 40.4195 ], [ -3.4779, 40.4193 ], [ -3.4786, 40.4193 ], [ -3.4786, 40.4194 ], [ -3.4793, 40.4195 ], [ -3.4796, 40.4196 ], [ -3.4796, 40.4197 ], [ -3.4805, 40.4198 ], [ -3.4811, 40.4197 ], [ -3.4812, 40.4201 ], [ -3.4817, 40.4197 ], [ -3.4819, 40.4197 ], [ -3.4821, 40.4194 ], [ -3.4821, 40.4189 ], [ -3.4817, 40.4179 ], [ -3.4816, 40.4169 ], [ -3.4819, 40.416 ], [ -3.4823, 40.4156 ], [ -3.4825, 40.4145 ], [ -3.4816, 40.4147 ], [ -3.4818, 40.4151 ], [ -3.4819, 40.4151 ], [ -3.4819, 40.4153 ], [ -3.4811, 40.4164 ], [ -3.4811, 40.4166 ], [ -3.4805, 40.4177 ], [ -3.4805, 40.418 ], [ -3.4801, 40.4183 ], [ -3.4801, 40.4191 ], [ -3.4799, 40.4193 ], [ -3.4793, 40.4193 ], [ -3.4774, 40.4184 ], [ -3.4768, 40.4183 ], [ -3.4768, 40.4184 ], [ -3.476, 40.4185 ], [ -3.4751, 40.419 ], [ -3.4749, 40.419 ], [ -3.4745, 40.4194 ], [ -3.4741, 40.4201 ], [ -3.4741, 40.422 ], [ -3.4739, 40.422 ], [ -3.4739, 40.4226 ], [ -3.4738, 40.4226 ], [ -3.4737, 40.4229 ], [ -3.4737, 40.4245 ], [ -3.4739, 40.4246 ], [ -3.4741, 40.4251 ], [ -3.4743, 40.426 ], [ -3.4744, 40.426 ], [ -3.4744, 40.4267 ], [ -3.4745, 40.427 ], [ -3.4746, 40.427 ], [ -3.4746, 40.4275 ], [ -3.4747, 40.4278 ], [ -3.4748, 40.4278 ], [ -3.4747, 40.4279 ], [ -3.4748, 40.428 ], [ -3.4748, 40.4285 ], [ -3.4747, 40.4285 ], [ -3.4742, 40.4293 ], [ -3.4729, 40.4295 ], [ -3.4726, 40.43 ], [ -3.4708, 40.43 ], [ -3.4704, 40.4299 ], [ -3.4703, 40.4297 ], [ -3.47, 40.4296 ], [ -3.4699, 40.4291 ], [ -3.4698, 40.4291 ], [ -3.4697, 40.4283 ], [ -3.4693, 40.4279 ], [ -3.4675, 40.4275 ], [ -3.4669, 40.4277 ], [ -3.4666, 40.4281 ], [ -3.4662, 40.4281 ] ] ] } },
{ "type": "Feature", "properties": { "municipio": "San Fernando de Henares", "clasificacion": "no-urbanizable-protegido", "calificacion": "sin-asignar", "version": "vigente", "fuente": "SIT-CAM WFS — UsoDelSuelo:VPLA_V_CLASIFICACION (https://idem.comunidad.madrid/geosrvg/ows)", "fecha_dato": "2026-05-12", "ambito": "51279", "_raw_CD_SIGLAS": "SNUP", "_raw_DS_CLASIF_GEN": "Suelo No Urbanizable Protegido", "_raw_DS_CLASIF_DET": "Suelo No Urbanizable Protegido Protección Riberas", "_raw_DS_DOCU": "PLAN GENERAL", "_raw_DS_LEY": "CM Ley 9/2001, E Ley 6/1998", "_raw_FC_AC": "2002-06-06", "_raw_NM_AREA_M2": 60145.236462608496, "_cam_code": "130" }, "geometry": { "type": "Polygon", "coordinates": [ [ [ -3.5276, 40.437 ], [ -3.5285, 40.4377 ], [ -3.5295, 40.4394 ], [ -3.53, 40.4399 ], [ -3.5302, 40.4404 ], [ -3.5305, 40.4426 ], [ -3.5306, 40.4426 ], [ -3.5308, 40.4433 ], [ -3.5311, 40.4432 ], [ -3.5305, 40.442 ], [ -3.5302, 40.44 ], [ -3.5287, 40.4377 ], [ -3.5279, 40.4367 ], [ -3.528, 40.4359 ], [ -3.5281, 40.4359 ], [ -3.528, 40.4359 ], [ -3.528, 40.4357 ], [ -3.5275, 40.4355 ], [ -3.5265, 40.4355 ], [ -3.5264, 40.4356 ], [ -3.526, 40.4355 ], [ -3.5259, 40.4351 ], [ -3.5258, 40.4351 ], [ -3.5259, 40.4343 ], [ -3.5257, 40.4343 ], [ -3.5256, 40.4339 ], [ -3.5243, 40.4326 ], [ -3.5223, 40.4318 ], [ -3.5185, 40.4317 ], [ -3.5183, 40.4315 ], [ -3.5178, 40.4314 ], [ -3.5165, 40.4308 ], [ -3.5158, 40.4303 ], [ -3.5155, 40.4299 ], [ -3.5152, 40.4301 ], [ -3.5166, 40.4311 ], [ -3.519, 40.432 ], [ -3.5204, 40.4321 ], [ -3.5204, 40.432 ], [ -3.5219, 40.4319 ], [ -3.5237, 40.4326 ], [ -3.5244, 40.433 ], [ -3.5255, 40.4343 ], [ -3.5256, 40.4351 ], [ -3.5258, 40.4355 ], [ -3.5272, 40.4366 ], [ -3.5275, 40.4371 ], [ -3.5276, 40.437 ] ] ] } },
{ "type": "Feature", "properties": { "municipio": "San Fernando de Henares", "clasificacion": "no-urbanizable-protegido", "calificacion": "sin-asignar", "version": "vigente", "fuente": "SIT-CAM WFS — UsoDelSuelo:VPLA_V_CLASIFICACION (https://idem.comunidad.madrid/geosrvg/ows)", "fecha_dato": "2026-05-12", "ambito": "51279", "_raw_CD_SIGLAS": "SNUP", "_raw_DS_CLASIF_GEN": "Suelo No Urbanizable Protegido", "_raw_DS_CLASIF_DET": "Suelo No Urbanizable Protegido. Vía Pecuaria", "_raw_DS_DOCU": "PLAN GENERAL", "_raw_DS_LEY": "CM Ley 9/2001, E Ley 6/1998", "_raw_FC_AC": "2002-06-06", "_raw_NM_AREA_M2": 65050.483287671697, "_cam_code": "130" }, "geometry": { "type": "Polygon", "coordinates": [ [ [ -3.46, 40.4223 ], [ -3.4562, 40.4237 ], [ -3.4554, 40.4241 ], [ -3.4455, 40.4299 ], [ -3.4452, 40.4301 ], [ -3.4451, 40.4303 ], [ -3.4452, 40.4305 ], [ -3.4455, 40.4308 ], [ -3.4482, 40.4317 ], [ -3.4483, 40.4319 ], [ -3.4491, 40.4323 ], [ -3.45, 40.433 ], [ -3.4501, 40.4332 ], [ -3.4527, 40.4352 ], [ -3.4532, 40.4354 ], [ -3.4532, 40.4355 ], [ -3.4581, 40.4373 ], [ -3.4599, 40.4387 ], [ -3.46, 40.4386 ], [ -3.4587, 40.4374 ], [ -3.4534, 40.4354 ], [ -3.4489, 40.4319 ], [ -3.4459, 40.4307 ], [ -3.4455, 40.4304 ], [ -3.4455, 40.4302 ], [ -3.4463, 40.4296 ], [ -3.4484, 40.4285 ], [ -3.4545, 40.4248 ], [ -3.4559, 40.4241 ], [ -3.4585, 40.4231 ], [ -3.4594, 40.4229 ], [ -3.4601, 40.4225 ], [ -3.46, 40.4223 ] ] ] } },
{ "type": "Feature", "properties": { "municipio": "San Fernando de Henares", "clasificacion": "no-urbanizable-protegido", "calificacion": "sin-asignar", "version": "vigente", "fuente": "SIT-CAM WFS — UsoDelSuelo:VPLA_V_CLASIFICACION (https://idem.comunidad.madrid/geosrvg/ows)", "fecha_dato": "2026-05-12", "ambito": "51279", "_raw_CD_SIGLAS": "SNUP", "_raw_DS_CLASIF_GEN": "Suelo No Urbanizable Protegido", "_raw_DS_CLASIF_DET": "Suelo No Urbanizable Protegido Protección Agrícola", "_raw_DS_DOCU": "PLAN GENERAL", "_raw_DS_LEY": "CM Ley 9/2001, E Ley 6/1998", "_raw_FC_AC": "2002-06-06", "_raw_NM_AREA_M2": 203013.93571233199, "_cam_code": "130" }, "geometry": { "type": "Polygon", "coordinates": [ [ [ -3.4329, 40.4314 ], [ -3.4335, 40.4343 ], [ -3.434, 40.4348 ], [ -3.4346, 40.435 ], [ -3.4356, 40.4349 ], [ -3.4388, 40.4329 ], [ -3.4393, 40.4327 ], [ -3.4391, 40.4327 ], [ -3.4384, 40.4323 ], [ -3.4375, 40.4306 ], [ -3.4381, 40.4323 ], [ -3.4357, 40.4318 ], [ -3.4336, 40.4299 ], [ -3.43, 40.4262 ], [ -3.4291, 40.4263 ], [ -3.4317, 40.4298 ], [ -3.4321, 40.4296 ], [ -3.4325, 40.4297 ], [ -3.4322, 40.4302 ], [ -3.4323, 40.4302 ], [ -3.4328, 40.4314 ], [ -3.4329, 40.4314 ] ] ] } },
{ "type": "Feature", "properties": { "municipio": "San Fernando de Henares", "clasificacion": "no-urbanizable-protegido", "calificacion": "sin-asignar", "version": "vigente", "fuente": "SIT-CAM WFS — UsoDelSuelo:VPLA_V_CLASIFICACION (https://idem.comunidad.madrid/geosrvg/ows)", "fecha_dato": "2026-05-12", "ambito": "51279", "_raw_CD_SIGLAS": "SNUP", "_raw_DS_CLASIF_GEN": "Suelo No Urbanizable Protegido", "_raw_DS_CLASIF_DET": "Suelo No Urbanizable Protegido Protección Agrícola", "_raw_DS_DOCU": "PLAN GENERAL", "_raw_DS_LEY": "CM Ley 9/2001, E Ley 6/1998", "_raw_FC_AC": "2002-06-06", "_raw_NM_AREA_M2": 1436345.55372444, "_cam_code": "130" }, "geometry": { "type": "Polygon", "coordinates": [ [ [ -3.4529, 40.4351 ], [ -3.4583, 40.4372 ], [ -3.4608, 40.4361 ], [ -3.4617, 40.4359 ], [ -3.4625, 40.4358 ], [ -3.4638, 40.4363 ], [ -3.465, 40.4364 ], [ -3.4653, 40.4363 ], [ -3.465, 40.4356 ], [ -3.4652, 40.4346 ], [ -3.4596, 40.4242 ], [ -3.4601, 40.4225 ], [ -3.4594, 40.4229 ], [ -3.4585, 40.4231 ], [ -3.4559, 40.4241 ], [ -3.4545, 40.4248 ], [ -3.4484, 40.4285 ], [ -3.4463, 40.4296 ], [ -3.4455, 40.4302 ], [ -3.4455, 40.4304 ], [ -3.4459, 40.4307 ], [ -3.4489, 40.4319 ], [ -3.4529, 40.4351 ] ] ] } },
{ "type": "Feature", "properties": { "municipio": "San Fernando de Henares", "clasificacion": "no-urbanizable-protegido", "calificacion": "sin-asignar", "version": "vigente", "fuente": "SIT-CAM WFS — UsoDelSuelo:VPLA_V_CLASIFICACION (https://idem.comunidad.madrid/geosrvg/ows)", "fecha_dato": "2026-05-12", "ambito": "51279", "_raw_CD_SIGLAS": "SNUP", "_raw_DS_CLASIF_GEN": "Suelo No Urbanizable Protegido", "_raw_DS_CLASIF_DET": "Suelo No Urbanizable Protegido Protección Agrícola", "_raw_DS_DOCU": "PLAN GENERAL", "_raw_DS_LEY": "CM Ley 9/2001, E Ley 6/1998", "_raw_FC_AC": "2002-06-06", "_raw_NM_AREA_M2": 306426.39130391402, "_cam_code": "130" }, "geometry": { "type": "Polygon", "coordinates": [ [ [ -3.5069, 40.437 ], [ -3.5043, 40.4384 ], [ -3.5052, 40.4393 ], [ -3.5054, 40.4398 ], [ -3.506, 40.4402 ], [ -3.5061, 40.4404 ], [ -3.5068, 40.4406 ], [ -3.508, 40.4412 ], [ -3.5089, 40.4421 ], [ -3.5103, 40.4429 ], [ -3.5106, 40.4435 ], [ -3.5107, 40.4443 ], [ -3.5106, 40.445 ], [ -3.512, 40.4473 ], [ -3.5137, 40.447 ], [ -3.5134, 40.4466 ], [ -3.5138, 40.4449 ], [ -3.5137, 40.4439 ], [ -3.5135, 40.4435 ], [ -3.5111, 40.4406 ], [ -3.508, 40.4377 ], [ -3.5074, 40.4372 ], [ -3.5069, 40.437 ] ] ] } },
{ "type": "Feature", "properties": { "municipio": "San Fernando de Henares", "clasificacion": "no-urbanizable-protegido", "calificacion": "sin-asignar", "version": "vigente", "fuente": "SIT-CAM WFS — UsoDelSuelo:VPLA_V_CLASIFICACION (https://idem.comunidad.madrid/geosrvg/ows)", "fecha_dato": "2026-05-12", "ambito": "51279", "_raw_CD_SIGLAS": "SNUP", "_raw_DS_CLASIF_GEN": "Suelo No Urbanizable Protegido", "_raw_DS_CLASIF_DET": "Suelo No Urbanizable Protegido Protección Agrícola", "_raw_DS_DOCU": "PLAN GENERAL", "_raw_DS_LEY": "CM Ley 9/2001, E Ley 6/1998", "_raw_FC_AC": "2002-06-06", "_raw_NM_AREA_M2": 143075.817957844, "_cam_code": "130" }, "geometry": { "type": "Polygon", "coordinates": [ [ [ -3.5106, 40.4459 ], [ -3.5112, 40.4475 ], [ -3.5118, 40.4474 ], [ -3.5104, 40.4451 ], [ -3.5103, 40.4435 ], [ -3.5101, 40.443 ], [ -3.5097, 40.4427 ], [ -3.5087, 40.4423 ], [ -3.5085, 40.4419 ], [ -3.508, 40.4414 ], [ -3.5067, 40.4408 ], [ -3.507, 40.4446 ], [ -3.5077, 40.4465 ], [ -3.5106, 40.4459 ] ] ] } },
{ "type": "Feature", "properties": { "municipio": "San Fernando de Henares", "clasificacion": "no-urbanizable-protegido", "calificacion": "sin-asignar", "version": "vigente", "fuente": "SIT-CAM WFS — UsoDelSuelo:VPLA_V_CLASIFICACION (https://idem.comunidad.madrid/geosrvg/ows)", "fecha_dato": "2026-05-12", "ambito": "51279", "_raw_CD_SIGLAS": "SNUP", "_raw_DS_CLASIF_GEN": "Suelo No Urbanizable Protegido", "_raw_DS_CLASIF_DET": "Suelo No Urbanizable Protegido Protección Agrícola", "_raw_DS_DOCU": "PLAN GENERAL", "_raw_DS_LEY": "CM Ley 9/2001, E Ley 6/1998", "_raw_FC_AC": "2002-06-06", "_raw_NM_AREA_M2": 2401157.5435746298, "_cam_code": "130" }, "geometry": { "type": "Polygon", "coordinates": [ [ [ -3.4195, 40.446 ], [ -3.4186, 40.4469 ], [ -3.4188, 40.4504 ], [ -3.4193, 40.451 ], [ -3.427, 40.4414 ], [ -3.4281, 40.4402 ], [ -3.4297, 40.439 ], [ -3.4311, 40.4376 ], [ -3.4322, 40.4356 ], [ -3.4321, 40.4353 ], [ -3.4314, 40.4352 ], [ -3.4314, 40.4351 ], [ -3.431, 40.435 ], [ -3.4304, 40.4343 ], [ -3.4304, 40.4335 ], [ -3.4318, 40.4321 ], [ -3.4319, 40.4311 ], [ -3.4315, 40.4305 ], [ -3.4309, 40.4305 ], [ -3.4308, 40.4303 ], [ -3.4309, 40.4302 ], [ -3.4314, 40.43 ], [ -3.4306, 40.4288 ], [ -3.4298, 40.4279 ], [ -3.4297, 40.4276 ], [ -3.4295, 40.4275 ], [ -3.429, 40.4266 ], [ -3.4288, 40.4265 ], [ -3.4288, 40.4263 ], [ -3.4264, 40.4265 ], [ -3.4202, 40.4266 ], [ -3.4148, 40.4264 ], [ -3.4115, 40.4261 ], [ -3.4106, 40.4267 ], [ -3.4131, 40.4288 ], [ -3.4145, 40.4314 ], [ -3.4142, 40.4333 ], [ -3.4136, 40.4355 ], [ -3.4129, 40.4358 ], [ -3.4141, 40.4369 ], [ -3.4173, 40.4372 ], [ -3.4211, 40.4405 ], [ -3.4229, 40.4424 ], [ -3.4208, 40.4462 ], [ -3.4195, 40.446 ] ] ] } },
{ "type": "Feature", "properties": { "municipio": "San Fernando de Henares", "clasificacion": "no-urbanizable-protegido", "calificacion": "sin-asignar", "version": "vigente", "fuente": "SIT-CAM WFS — UsoDelSuelo:VPLA_V_CLASIFICACION (https://idem.comunidad.madrid/geosrvg/ows)", "fecha_dato": "2026-05-12", "ambito": "51279", "_raw_CD_SIGLAS": "SNUP", "_raw_DS_CLASIF_GEN": "Suelo No Urbanizable Protegido", "_raw_DS_CLASIF_DET": "Suelo No Urbanizable Protegido Protección Agrícola", "_raw_DS_DOCU": "PLAN GENERAL", "_raw_DS_LEY": "CM Ley 9/2001, E Ley 6/1998", "_raw_FC_AC": "2002-06-06", "_raw_NM_AREA_M2": 3682499.0961378799, "_cam_code": "130" }, "geometry": { "type": "Polygon", "coordinates": [ [ [ -3.4275, 40.4517 ], [ -3.4291, 40.4518 ], [ -3.4309, 40.4525 ], [ -3.4324, 40.4539 ], [ -3.4334, 40.4542 ], [ -3.4347, 40.4541 ], [ -3.4354, 40.4532 ], [ -3.4355, 40.4524 ], [ -3.4357, 40.4522 ], [ -3.4357, 40.452 ], [ -3.4365, 40.4514 ], [ -3.4381, 40.4508 ], [ -3.4397, 40.4504 ], [ -3.441, 40.4497 ], [ -3.4414, 40.4487 ], [ -3.4434, 40.4465 ], [ -3.4439, 40.4461 ], [ -3.4464, 40.4448 ], [ -3.4477, 40.4425 ], [ -3.4483, 40.4421 ], [ -3.4493, 40.4419 ], [ -3.4492, 40.441 ], [ -3.4493, 40.4396 ], [ -3.4496, 40.439 ], [ -3.4501, 40.4385 ], [ -3.4514, 40.4379 ], [ -3.4541, 40.4378 ], [ -3.4548, 40.438 ], [ -3.4554, 40.4385 ], [ -3.4561, 40.4386 ], [ -3.4571, 40.4382 ], [ -3.4581, 40.4373 ], [ -3.4532, 40.4355 ], [ -3.4532, 40.4354 ], [ -3.4527, 40.4352 ], [ -3.4501, 40.4332 ], [ -3.45, 40.433 ], [ -3.4491, 40.4323 ], [ -3.4483, 40.4319 ], [ -3.4482, 40.4317 ], [ -3.4454, 40.4307 ], [ -3.4454, 40.4308 ], [ -3.4449, 40.4308 ], [ -3.4448, 40.4307 ], [ -3.4411, 40.4322 ], [ -3.4355, 40.4357 ], [ -3.4299, 40.4394 ], [ -3.4298, 40.4396 ], [ -3.4286, 40.4404 ], [ -3.4234, 40.4468 ], [ -3.4214, 40.4495 ], [ -3.4196, 40.4515 ], [ -3.4199, 40.4519 ], [ -3.421, 40.4519 ], [ -3.421, 40.452 ], [ -3.4217, 40.4521 ], [ -3.4235, 40.4528 ], [ -3.4239, 40.4528 ], [ -3.4244, 40.4526 ], [ -3.4256, 40.4517 ], [ -3.4261, 40.4518 ], [ -3.4262, 40.452 ], [ -3.4275, 40.4517 ] ] ] } },
{ "type": "Feature", "properties": { "municipio": "San Fernando de Henares", "clasificacion": "no-urbanizable-protegido", "calificacion": "sin-asignar", "version": "vigente", "fuente": "SIT-CAM WFS — UsoDelSuelo:VPLA_V_CLASIFICACION (https://idem.comunidad.madrid/geosrvg/ows)", "fecha_dato": "2026-05-12", "ambito": "51279", "_raw_CD_SIGLAS": "SNUP", "_raw_DS_CLASIF_GEN": "Suelo No Urbanizable Protegido", "_raw_DS_CLASIF_DET": "Suelo No Urbanizable Protegido Protección Riberas", "_raw_DS_DOCU": "PLAN GENERAL", "_raw_DS_LEY": "CM Ley 9/2001, E Ley 6/1998", "_raw_FC_AC": "2002-06-06", "_raw_NM_AREA_M2": 114684.96331234901, "_cam_code": "130" }, "geometry": { "type": "Polygon", "coordinates": [ [ [ -3.4608, 40.4361 ], [ -3.4583, 40.4372 ], [ -3.459, 40.4376 ], [ -3.46, 40.4386 ], [ -3.4619, 40.4378 ], [ -3.4616, 40.4371 ], [ -3.4619, 40.437 ], [ -3.4638, 40.4374 ], [ -3.4651, 40.4375 ], [ -3.4661, 40.4373 ], [ -3.4665, 40.4371 ], [ -3.467, 40.4364 ], [ -3.4666, 40.4357 ], [ -3.4669, 40.4355 ], [ -3.4669, 40.435 ], [ -3.467, 40.4349 ], [ -3.4669, 40.4346 ], [ -3.467, 40.4346 ], [ -3.467, 40.4344 ], [ -3.4668, 40.4342 ], [ -3.4664, 40.4356 ], [ -3.4665, 40.436 ], [ -3.4667, 40.4361 ], [ -3.4667, 40.4366 ], [ -3.4665, 40.4368 ], [ -3.466, 40.4364 ], [ -3.4656, 40.4353 ], [ -3.4652, 40.4346 ], [ -3.465, 40.4356 ], [ -3.4653, 40.4363 ], [ -3.465, 40.4364 ], [ -3.4638, 40.4363 ], [ -3.4625, 40.4358 ], [ -3.4608, 40.4361 ] ] ] } },
{ "type": "Feature", "properties": { "municipio": "San Fernando de Henares", "clasificacion": "no-urbanizable-protegido", "calificacion": "sin-asignar", "version": "vigente", "fuente": "SIT-CAM WFS — UsoDelSuelo:VPLA_V_CLASIFICACION (https://idem.comunidad.madrid/geosrvg/ows)", "fecha_dato": "2026-05-12", "ambito": "51279", "_raw_CD_SIGLAS": "SNUP", "_raw_DS_CLASIF_GEN": "Suelo No Urbanizable Protegido", "_raw_DS_CLASIF_DET": "Suelo No Urbanizable Protegido Protección Riberas", "_raw_DS_DOCU": "PLAN GENERAL", "_raw_DS_LEY": "CM Ley 9/2001, E Ley 6/1998", "_raw_FC_AC": "2002-06-06", "_raw_NM_AREA_M2": 424403.60959995398, "_cam_code": "130" }, "geometry": { "type": "Polygon", "coordinates": [ [ [ -3.4427, 40.4472 ], [ -3.4414, 40.4487 ], [ -3.441, 40.4497 ], [ -3.4425, 40.4486 ], [ -3.4436, 40.4482 ], [ -3.4447, 40.4481 ], [ -3.4454, 40.4479 ], [ -3.4463, 40.4469 ], [ -3.4465, 40.4465 ], [ -3.4465, 40.4459 ], [ -3.4472, 40.4463 ], [ -3.448, 40.4455 ], [ -3.4484, 40.4447 ], [ -3.4495, 40.4442 ], [ -3.4496, 40.4439 ], [ -3.4498, 40.4438 ], [ -3.4507, 40.4425 ], [ -3.4508, 40.4421 ], [ -3.453, 40.4411 ], [ -3.4555, 40.4402 ], [ -3.456, 40.4402 ], [ -3.4598, 40.4387 ], [ -3.459, 40.4379 ], [ -3.4581, 40.4373 ], [ -3.4571, 40.4382 ], [ -3.4561, 40.4386 ], [ -3.4554, 40.4385 ], [ -3.4548, 40.438 ], [ -3.4541, 40.4378 ], [ -3.4514, 40.4379 ], [ -3.4506, 40.4382 ], [ -3.4496, 40.439 ], [ -3.4493, 40.4396 ], [ -3.4492, 40.4401 ], [ -3.4493, 40.4419 ], [ -3.4483, 40.4421 ], [ -3.4477, 40.4425 ], [ -3.4464, 40.4448 ], [ -3.4439, 40.4461 ], [ -3.4427, 40.4472 ] ] ] } },
{ "type": "Feature", "properties": { "municipio": "San Fernando de Henares", "clasificacion": "no-urbanizable-protegido", "calificacion": "sin-asignar", "version": "vigente", "fuente": "SIT-CAM WFS — UsoDelSuelo:VPLA_V_CLASIFICACION (https://idem.comunidad.madrid/geosrvg/ows)", "fecha_dato": "2026-05-12", "ambito": "51279", "_raw_CD_SIGLAS": "SNUP", "_raw_DS_CLASIF_GEN": "Suelo No Urbanizable Protegido", "_raw_DS_CLASIF_DET": "Suelo No Urbanizable Protegido Protección Riberas", "_raw_DS_DOCU": "PLAN GENERAL", "_raw_DS_LEY": "CM Ley 9/2001, E Ley 6/1998", "_raw_FC_AC": "2002-06-06", "_raw_NM_AREA_M2": 62117.407787449898, "_cam_code": "130" }, "geometry": { "type": "Polygon", "coordinates": [ [ [ -3.4287, 40.4532 ], [ -3.4316, 40.4536 ], [ -3.4324, 40.4539 ], [ -3.4309, 40.4525 ], [ -3.4291, 40.4518 ], [ -3.4275, 40.4517 ], [ -3.4262, 40.452 ], [ -3.4264, 40.4521 ], [ -3.4264, 40.4524 ], [ -3.4267, 40.4529 ], [ -3.4284, 40.4533 ], [ -3.4287, 40.4532 ] ] ] } },
{ "type": "Feature", "properties": { "municipio": "San Fernando de Henares", "clasificacion": "no-urbanizable-protegido", "calificacion": "sin-asignar", "version": "vigente", "fuente": "SIT-CAM WFS — UsoDelSuelo:VPLA_V_CLASIFICACION (https://idem.comunidad.madrid/geosrvg/ows)", "fecha_dato": "2026-05-12", "ambito": "51279", "_raw_CD_SIGLAS": "SNUP", "_raw_DS_CLASIF_GEN": "Suelo No Urbanizable Protegido", "_raw_DS_CLASIF_DET": "Suelo No Urbanizable Protegido Protección Riberas", "_raw_DS_DOCU": "PLAN GENERAL", "_raw_DS_LEY": "CM Ley 9/2001, E Ley 6/1998", "_raw_FC_AC": "2002-06-06", "_raw_NM_AREA_M2": 1172.26379999302, "_cam_code": "130" }, "geometry": { "type": "Polygon", "coordinates": [ [ [ -3.4334, 40.4542 ], [ -3.4343, 40.4543 ], [ -3.4347, 40.4541 ], [ -3.4334, 40.4542 ] ] ] } },
{ "type": "Feature", "properties": { "municipio": "San Fernando de Henares", "clasificacion": "no-urbanizable-protegido", "calificacion": "sin-asignar", "version": "vigente", "fuente": "SIT-CAM WFS — UsoDelSuelo:VPLA_V_CLASIFICACION (https://idem.comunidad.madrid/geosrvg/ows)", "fecha_dato": "2026-05-12", "ambito": "51279", "_raw_CD_SIGLAS": "SNUP", "_raw_DS_CLASIF_GEN": "Suelo No Urbanizable Protegido", "_raw_DS_CLASIF_DET": "Suelo No Urbanizable Protegido Protección Riberas", "_raw_DS_DOCU": "PLAN GENERAL", "_raw_DS_LEY": "CM Ley 9/2001, E Ley 6/1998", "_raw_FC_AC": "2002-06-06", "_raw_NM_AREA_M2": 101068.77011885001, "_cam_code": "130" }, "geometry": { "type": "Polygon", "coordinates": [ [ [ -3.5262, 40.4545 ], [ -3.5262, 40.4553 ], [ -3.5264, 40.4559 ], [ -3.5271, 40.4571 ], [ -3.5269, 40.4571 ], [ -3.5269, 40.4572 ], [ -3.5285, 40.4583 ], [ -3.5289, 40.4589 ], [ -3.5293, 40.4601 ], [ -3.5293, 40.4611 ], [ -3.529, 40.4623 ], [ -3.5287, 40.4629 ], [ -3.5289, 40.4632 ], [ -3.5296, 40.4607 ], [ -3.5292, 40.4588 ], [ -3.5291, 40.4585 ], [ -3.5282, 40.4576 ], [ -3.5269, 40.4566 ], [ -3.5264, 40.4556 ], [ -3.5265, 40.4553 ], [ -3.5267, 40.455 ], [ -3.5269, 40.455 ], [ -3.5275, 40.4546 ], [ -3.5291, 40.4543 ], [ -3.5305, 40.4544 ], [ -3.5305, 40.4545 ], [ -3.5309, 40.4547 ], [ -3.5322, 40.4547 ], [ -3.533, 40.4542 ], [ -3.534, 40.4532 ], [ -3.5346, 40.4524 ], [ -3.5344, 40.4517 ], [ -3.5334, 40.4506 ], [ -3.533, 40.4495 ], [ -3.5322, 40.4481 ], [ -3.5315, 40.4473 ], [ -3.531, 40.4474 ], [ -3.5313, 40.4483 ], [ -3.5328, 40.45 ], [ -3.5339, 40.4518 ], [ -3.5339, 40.4523 ], [ -3.5334, 40.4533 ], [ -3.533, 40.4537 ], [ -3.5316, 40.4545 ], [ -3.5313, 40.4545 ], [ -3.5304, 40.4539 ], [ -3.5281, 40.4536 ], [ -3.528, 40.4535 ], [ -3.527, 40.4536 ], [ -3.5262, 40.4545 ] ] ] } },
{ "type": "Feature", "properties": { "municipio": "San Fernando de Henares", "clasificacion": "no-urbanizable-protegido", "calificacion": "sin-asignar", "version": "vigente", "fuente": "SIT-CAM WFS — UsoDelSuelo:VPLA_V_CLASIFICACION (https://idem.comunidad.madrid/geosrvg/ows)", "fecha_dato": "2026-05-12", "ambito": "51279", "_raw_CD_SIGLAS": "SNUP", "_raw_DS_CLASIF_GEN": "Suelo No Urbanizable Protegido", "_raw_DS_CLASIF_DET": "Suelo No Urbanizable Protegido Protección Riberas", "_raw_DS_DOCU": "PLAN GENERAL", "_raw_DS_LEY": "CM Ley 9/2001, E Ley 6/1998", "_raw_FC_AC": "2002-06-06", "_raw_NM_AREA_M2": 23784.678603800599, "_cam_code": "130" }, "geometry": { "type": "Polygon", "coordinates": [ [ [ -3.5271, 40.4619 ], [ -3.5267, 40.4626 ], [ -3.5239, 40.4653 ], [ -3.5235, 40.466 ], [ -3.5241, 40.4658 ], [ -3.5247, 40.4652 ], [ -3.525, 40.4646 ], [ -3.5255, 40.4641 ], [ -3.527, 40.4634 ], [ -3.5273, 40.4631 ], [ -3.5275, 40.4628 ], [ -3.5275, 40.4624 ], [ -3.5274, 40.4621 ], [ -3.5271, 40.4619 ] ] ] } },
{ "type": "Feature", "properties": { "municipio": "San Fernando de Henares", "clasificacion": "no-urbanizable-protegido", "calificacion": "sin-asignar", "version": "vigente", "fuente": "SIT-CAM WFS — UsoDelSuelo:VPLA_V_CLASIFICACION (https://idem.comunidad.madrid/geosrvg/ows)", "fecha_dato": "2026-05-12", "ambito": "51279", "_raw_CD_SIGLAS": "SNUP", "_raw_DS_CLASIF_GEN": "Suelo No Urbanizable Protegido", "_raw_DS_CLASIF_DET": "Suelo No Urbanizable Protegido Protección Riberas", "_raw_DS_DOCU": "PLAN GENERAL", "_raw_DS_LEY": "CM Ley 9/2001, E Ley 6/1998", "_raw_FC_AC": "2002-06-06", "_raw_NM_AREA_M2": 12536.2220748653, "_cam_code": "130" }, "geometry": { "type": "Polygon", "coordinates": [ [ [ -3.5084, 40.4066 ], [ -3.5094, 40.4067 ], [ -3.511, 40.4075 ], [ -3.5114, 40.4082 ], [ -3.5115, 40.409 ], [ -3.5116, 40.409 ], [ -3.5116, 40.4096 ], [ -3.5114, 40.41 ], [ -3.5113, 40.4107 ], [ -3.5114, 40.411 ], [ -3.5117, 40.4111 ], [ -3.5116, 40.411 ], [ -3.5117, 40.4089 ], [ -3.5115, 40.4082 ], [ -3.5112, 40.4076 ], [ -3.5108, 40.4072 ], [ -3.5097, 40.4067 ], [ -3.5084, 40.4065 ], [ -3.5077, 40.4068 ], [ -3.5057, 40.4069 ], [ -3.5032, 40.4073 ], [ -3.5042, 40.4073 ], [ -3.5042, 40.4072 ], [ -3.5048, 40.4072 ], [ -3.5054, 40.407 ], [ -3.5078, 40.4069 ], [ -3.5078, 40.4068 ], [ -3.5084, 40.4066 ] ] ] } },
{ "type": "Feature", "properties": { "municipio": "San Fernando de Henares", "clasificacion": "no-urbanizable-protegido", "calificacion": "sin-asignar", "version": "vigente", "fuente": "SIT-CAM WFS — UsoDelSuelo:VPLA_V_CLASIFICACION (https://idem.comunidad.madrid/geosrvg/ows)", "fecha_dato": "2026-05-12", "ambito": "51279", "_raw_CD_SIGLAS": "SNUP", "_raw_DS_CLASIF_GEN": "Suelo No Urbanizable Protegido", "_raw_DS_CLASIF_DET": "Suelo No Urbanizable Protegido Afección Infraestructuras", "_raw_DS_DOCU": "PLAN GENERAL", "_raw_DS_LEY": "CM Ley 9/2001, E Ley 6/1998", "_raw_FC_AC": "2002-06-06", "_raw_NM_AREA_M2": 862443.48974085203, "_cam_code": "130" }, "geometry": { "type": "Polygon", "coordinates": [ [ [ -3.4447, 40.4219 ], [ -3.4461, 40.4222 ], [ -3.4467, 40.423 ], [ -3.448, 40.4221 ], [ -3.4478, 40.4219 ], [ -3.4473, 40.4219 ], [ -3.4469, 40.4215 ], [ -3.4469, 40.421 ], [ -3.4468, 40.4209 ], [ -3.446, 40.4211 ], [ -3.4451, 40.4205 ], [ -3.445, 40.4199 ], [ -3.4421, 40.4187 ], [ -3.4399, 40.4126 ], [ -3.4348, 40.4128 ], [ -3.4319, 40.4155 ], [ -3.4322, 40.4193 ], [ -3.4331, 40.4209 ], [ -3.4352, 40.4221 ], [ -3.438, 40.4227 ], [ -3.4417, 40.4209 ], [ -3.4426, 40.4219 ], [ -3.4427, 40.4218 ], [ -3.4433, 40.4222 ], [ -3.4441, 40.4219 ], [ -3.4447, 40.4219 ] ] ] } },
{ "type": "Feature", "properties": { "municipio": "San Fernando de Henares", "clasificacion": "no-urbanizable-protegido", "calificacion": "sin-asignar", "version": "vigente", "fuente": "SIT-CAM WFS — UsoDelSuelo:VPLA_V_CLASIFICACION (https://idem.comunidad.madrid/geosrvg/ows)", "fecha_dato": "2026-05-12", "ambito": "51279", "_raw_CD_SIGLAS": "SNUP", "_raw_DS_CLASIF_GEN": "Suelo No Urbanizable Protegido", "_raw_DS_CLASIF_DET": "Suelo No Urbanizable Protegido Protección Paisajística", "_raw_DS_DOCU": "PLAN GENERAL", "_raw_DS_LEY": "CM Ley 9/2001, E Ley 6/1998", "_raw_FC_AC": "2002-06-06", "_raw_NM_AREA_M2": 477128.35698432202, "_cam_code": "130" }, "geometry": { "type": "Polygon", "coordinates": [ [ [ -3.4331, 40.4209 ], [ -3.4355, 40.4255 ], [ -3.4385, 40.4251 ], [ -3.4441, 40.4241 ], [ -3.4489, 40.423 ], [ -3.4544, 40.4214 ], [ -3.4585, 40.42 ], [ -3.4613, 40.4189 ], [ -3.457, 40.419 ], [ -3.4563, 40.4192 ], [ -3.4533, 40.4202 ], [ -3.4526, 40.4216 ], [ -3.4493, 40.4216 ], [ -3.445, 40.4199 ], [ -3.4451, 40.4205 ], [ -3.4455, 40.4208 ], [ -3.446, 40.4211 ], [ -3.4468, 40.4209 ], [ -3.4469, 40.421 ], [ -3.4469, 40.4215 ], [ -3.4473, 40.4219 ], [ -3.448, 40.422 ], [ -3.4479, 40.4222 ], [ -3.4468, 40.423 ], [ -3.4466, 40.4229 ], [ -3.4461, 40.4222 ], [ -3.4454, 40.422 ], [ -3.4441, 40.4219 ], [ -3.4433, 40.4222 ], [ -3.4427, 40.4218 ], [ -3.4426, 40.4219 ], [ -3.4417, 40.4209 ], [ -3.438, 40.4227 ], [ -3.4352, 40.4221 ], [ -3.4331, 40.4209 ] ] ] } },
{ "type": "Feature", "properties": { "municipio": "San Fernando de Henares", "clasificacion": "no-urbanizable-protegido", "calificacion": "sin-asignar", "version": "vigente", "fuente": "SIT-CAM WFS — UsoDelSuelo:VPLA_V_CLASIFICACION (https://idem.comunidad.madrid/geosrvg/ows)", "fecha_dato": "2026-05-12", "ambito": "51279", "_raw_CD_SIGLAS": "SNUP", "_raw_DS_CLASIF_GEN": "Suelo No Urbanizable Protegido", "_raw_DS_CLASIF_DET": "Suelo No Urbanizable Protegido. Vía Pecuaria", "_raw_DS_DOCU": "PLAN GENERAL", "_raw_DS_LEY": "CM Ley 9/2001, E Ley 6/1998", "_raw_FC_AC": "2002-06-06", "_raw_NM_AREA_M2": 426255.12567916699, "_cam_code": "130" }, "geometry": { "type": "Polygon", "coordinates": [ [ [ -3.498, 40.4722 ], [ -3.4978, 40.4726 ], [ -3.4992, 40.4719 ], [ -3.5009, 40.4701 ], [ -3.5022, 40.4665 ], [ -3.5032, 40.4648 ], [ -3.5034, 40.4647 ], [ -3.5065, 40.4609 ], [ -3.507, 40.4606 ], [ -3.5085, 40.4589 ], [ -3.51, 40.4575 ], [ -3.5133, 40.4532 ], [ -3.5134, 40.4529 ], [ -3.5137, 40.4528 ], [ -3.5137, 40.4527 ], [ -3.5161, 40.4521 ], [ -3.5227, 40.4497 ], [ -3.5261, 40.4486 ], [ -3.5315, 40.4473 ], [ -3.5311, 40.4469 ], [ -3.5312, 40.4469 ], [ -3.5312, 40.4456 ], [ -3.5313, 40.4456 ], [ -3.5314, 40.4446 ], [ -3.5313, 40.4444 ], [ -3.5306, 40.4439 ], [ -3.5305, 40.4452 ], [ -3.5304, 40.4452 ], [ -3.5304, 40.4462 ], [ -3.5301, 40.4465 ], [ -3.5301, 40.4468 ], [ -3.5296, 40.4472 ], [ -3.5241, 40.4487 ], [ -3.5152, 40.4516 ], [ -3.5155, 40.4499 ], [ -3.5155, 40.4495 ], [ -3.5153, 40.449 ], [ -3.5139, 40.4478 ], [ -3.5132, 40.4476 ], [ -3.5123, 40.4477 ], [ -3.5106, 40.445 ], [ -3.5107, 40.4443 ], [ -3.5106, 40.4435 ], [ -3.5103, 40.4429 ], [ -3.5089, 40.4421 ], [ -3.508, 40.4412 ], [ -3.5068, 40.4406 ], [ -3.5061, 40.4404 ], [ -3.506, 40.4402 ], [ -3.5054, 40.4398 ], [ -3.5052, 40.4393 ], [ -3.504, 40.438 ], [ -3.5033, 40.4377 ], [ -3.5026, 40.4377 ], [ -3.5017, 40.4365 ], [ -3.5015, 40.4359 ], [ -3.5015, 40.4351 ], [ -3.5014, 40.4351 ], [ -3.5011, 40.4338 ], [ -3.5008, 40.4332 ], [ -3.4997, 40.432 ], [ -3.4991, 40.4306 ], [ -3.4987, 40.4301 ], [ -3.4985, 40.4296 ], [ -3.4974, 40.4287 ], [ -3.4972, 40.4284 ], [ -3.497, 40.4275 ], [ -3.4971, 40.4266 ], [ -3.4974, 40.4258 ], [ -3.498, 40.4249 ], [ -3.4979, 40.4247 ], [ -3.497, 40.4263 ], [ -3.4967, 40.4264 ], [ -3.4949, 40.4285 ], [ -3.4869, 40.4297 ], [ -3.4855, 40.434 ], [ -3.4856, 40.4343 ], [ -3.4871, 40.4298 ], [ -3.4884, 40.4297 ], [ -3.4949, 40.4287 ], [ -3.4951, 40.4286 ], [ -3.4969, 40.4265 ], [ -3.4968, 40.4275 ], [ -3.497, 40.4285 ], [ -3.4973, 40.4289 ], [ -3.4981, 40.4295 ], [ -3.4992, 40.4315 ], [ -3.4993, 40.4319 ], [ -3.5006, 40.4333 ], [ -3.501, 40.4347 ], [ -3.5013, 40.4353 ], [ -3.5013, 40.4361 ], [ -3.5021, 40.4375 ], [ -3.5026, 40.4379 ], [ -3.5032, 40.4379 ], [ -3.5038, 40.4381 ], [ -3.5051, 40.4395 ], [ -3.505, 40.4398 ], [ -3.5059, 40.4403 ], [ -3.506, 40.4406 ], [ -3.5066, 40.4407 ], [ -3.508, 40.4414 ], [ -3.5085, 40.4419 ], [ -3.5087, 40.4423 ], [ -3.5097, 40.4427 ], [ -3.5101, 40.443 ], [ -3.5103, 40.4435 ], [ -3.5104, 40.4451 ], [ -3.512, 40.4479 ], [ -3.5129, 40.4478 ], [ -3.5137, 40.4479 ], [ -3.514, 40.4482 ], [ -3.5142, 40.4482 ], [ -3.5151, 40.4491 ], [ -3.5153, 40.4497 ], [ -3.5149, 40.4516 ], [ -3.5127, 40.4522 ], [ -3.5116, 40.4541 ], [ -3.5107, 40.4551 ], [ -3.5106, 40.4554 ], [ -3.5104, 40.4555 ], [ -3.5096, 40.4567 ], [ -3.5083, 40.4579 ], [ -3.5077, 40.4588 ], [ -3.5057, 40.4605 ], [ -3.5023, 40.4647 ], [ -3.5017, 40.4656 ], [ -3.5009, 40.4673 ], [ -3.5002, 40.4698 ], [ -3.498, 40.4722 ] ] ] } },
{ "type": "Feature", "properties": { "municipio": "San Fernando de Henares", "clasificacion": "no-urbanizable-protegido", "calificacion": "sin-asignar", "version": "vigente", "fuente": "SIT-CAM WFS — UsoDelSuelo:VPLA_V_CLASIFICACION (https://idem.comunidad.madrid/geosrvg/ows)", "fecha_dato": "2026-05-12", "ambito": "51279", "_raw_CD_SIGLAS": "SNUP", "_raw_DS_CLASIF_GEN": "Suelo No Urbanizable Protegido", "_raw_DS_CLASIF_DET": "Suelo No Urbanizable Protegido Parque Regional", "_raw_DS_DOCU": "PLAN GENERAL", "_raw_DS_LEY": "CM Ley 9/2001, E Ley 6/1998", "_raw_FC_AC": "2002-06-06", "_raw_NM_AREA_M2": 16902.0787124772, "_cam_code": "130" }, "geometry": { "type": "Polygon", "coordinates": [ [ [ -3.5127, 40.4101 ], [ -3.5122, 40.4109 ], [ -3.5116, 40.411 ], [ -3.5117, 40.4111 ], [ -3.515, 40.4105 ], [ -3.5135, 40.4096 ], [ -3.5127, 40.4101 ] ] ] } },
{ "type": "Feature", "properties": { "municipio": "San Fernando de Henares", "clasificacion": "no-urbanizable-protegido", "calificacion": "sin-asignar", "version": "vigente", "fuente": "SIT-CAM WFS — UsoDelSuelo:VPLA_V_CLASIFICACION (https://idem.comunidad.madrid/geosrvg/ows)", "fecha_dato": "2026-05-12", "ambito": "51279", "_raw_CD_SIGLAS": "SNUP", "_raw_DS_CLASIF_GEN": "Suelo No Urbanizable Protegido", "_raw_DS_CLASIF_DET": "Suelo No Urbanizable Protegido Parque Regional", "_raw_DS_DOCU": "PLAN GENERAL", "_raw_DS_LEY": "CM Ley 9/2001, E Ley 6/1998", "_raw_FC_AC": "2002-06-06", "_raw_NM_AREA_M2": 2742.0401625395598, "_cam_code": "130" }, "geometry": { "type": "GeometryCollection", "geometries": [ { "type": "Polygon", "coordinates": [ [ [ -3.4604, 40.4215 ], [ -3.4605, 40.4217 ], [ -3.4604, 40.4221 ], [ -3.4614, 40.4216 ], [ -3.4604, 40.4215 ] ] ] }, { "type": "LineString", "coordinates": [ [ -3.4614, 40.4216 ], [ -3.4616, 40.4215 ] ] } ] } },
{ "type": "Feature", "properties": { "municipio": "San Fernando de Henares", "clasificacion": "no-urbanizable-protegido", "calificacion": "sin-asignar", "version": "vigente", "fuente": "SIT-CAM WFS — UsoDelSuelo:VPLA_V_CLASIFICACION (https://idem.comunidad.madrid/geosrvg/ows)", "fecha_dato": "2026-05-12", "ambito": "51279", "_raw_CD_SIGLAS": "SNUP", "_raw_DS_CLASIF_GEN": "Suelo No Urbanizable Protegido", "_raw_DS_CLASIF_DET": "Suelo No Urbanizable Protegido Parque Regional", "_raw_DS_DOCU": "PLAN GENERAL", "_raw_DS_LEY": "CM Ley 9/2001, E Ley 6/1998", "_raw_FC_AC": "2002-06-06", "_raw_NM_AREA_M2": 798654.38596287102, "_cam_code": "130" }, "geometry": { "type": "Polygon", "coordinates": [ [ [ -3.497, 40.4094 ], [ -3.4992, 40.412 ], [ -3.4978, 40.4218 ], [ -3.498, 40.4221 ], [ -3.4986, 40.4219 ], [ -3.4994, 40.4194 ], [ -3.5003, 40.4178 ], [ -3.5016, 40.4162 ], [ -3.503, 40.4149 ], [ -3.5055, 40.4131 ], [ -3.5071, 40.4123 ], [ -3.5094, 40.4115 ], [ -3.51, 40.4114 ], [ -3.5103, 40.4112 ], [ -3.5113, 40.4112 ], [ -3.5115, 40.4111 ], [ -3.5113, 40.4107 ], [ -3.5114, 40.41 ], [ -3.5116, 40.4096 ], [ -3.5115, 40.4085 ], [ -3.511, 40.4075 ], [ -3.5091, 40.4066 ], [ -3.5083, 40.4066 ], [ -3.5078, 40.4068 ], [ -3.5078, 40.4069 ], [ -3.5054, 40.407 ], [ -3.5048, 40.4072 ], [ -3.5042, 40.4072 ], [ -3.5042, 40.4073 ], [ -3.5032, 40.4073 ], [ -3.5031, 40.4078 ], [ -3.5028, 40.4083 ], [ -3.5017, 40.4094 ], [ -3.5006, 40.4096 ], [ -3.498, 40.4093 ], [ -3.497, 40.4094 ] ] ] } },
{ "type": "Feature", "properties": { "municipio": "San Fernando de Henares", "clasificacion": "no-urbanizable-protegido", "calificacion": "sin-asignar", "version": "vigente", "fuente": "SIT-CAM WFS — UsoDelSuelo:VPLA_V_CLASIFICACION (https://idem.comunidad.madrid/geosrvg/ows)", "fecha_dato": "2026-05-12", "ambito": "51279", "_raw_CD_SIGLAS": "SNUP", "_raw_DS_CLASIF_GEN": "Suelo No Urbanizable Protegido", "_raw_DS_CLASIF_DET": "Suelo No Urbanizable Protegido. Vía Pecuaria", "_raw_DS_DOCU": "PLAN GENERAL", "_raw_DS_LEY": "CM Ley 9/2001, E Ley 6/1998", "_raw_FC_AC": "2002-06-06", "_raw_NM_AREA_M2": 33069.716674833297, "_cam_code": "130" }, "geometry": { "type": "Polygon", "coordinates": [ [ [ -3.4602, 40.4214 ], [ -3.4603, 40.422 ], [ -3.46, 40.4223 ], [ -3.4601, 40.4225 ], [ -3.4605, 40.4219 ], [ -3.4604, 40.4215 ], [ -3.4614, 40.4216 ], [ -3.4637, 40.4212 ], [ -3.464, 40.421 ], [ -3.4681, 40.4197 ], [ -3.4746, 40.4164 ], [ -3.4742, 40.4164 ], [ -3.4714, 40.4179 ], [ -3.4684, 40.4193 ], [ -3.4621, 40.4214 ], [ -3.4603, 40.4213 ], [ -3.4602, 40.4214 ] ] ] } },
{ "type": "Feature", "properties": { "municipio": "San Fernando de Henares", "clasificacion": "no-urbanizable-protegido", "calificacion": "sin-asignar", "version": "vigente", "fuente": "SIT-CAM WFS — UsoDelSuelo:VPLA_V_CLASIFICACION (https://idem.comunidad.madrid/geosrvg/ows)", "fecha_dato": "2026-05-12", "ambito": "51279", "_raw_CD_SIGLAS": "SNUP", "_raw_DS_CLASIF_GEN": "Suelo No Urbanizable Protegido", "_raw_DS_CLASIF_DET": "Suelo No Urbanizable Protegido. Vía Pecuaria", "_raw_DS_DOCU": "PLAN GENERAL", "_raw_DS_LEY": "CM Ley 9/2001, E Ley 6/1998", "_raw_FC_AC": "2002-06-06", "_raw_NM_AREA_M2": 44854.367074937101, "_cam_code": "130" }, "geometry": { "type": "Polygon", "coordinates": [ [ [ -3.4977, 40.4221 ], [ -3.4983, 40.4227 ], [ -3.4984, 40.423 ], [ -3.4979, 40.4247 ], [ -3.498, 40.4249 ], [ -3.4986, 40.4235 ], [ -3.4986, 40.4229 ], [ -3.4985, 40.4226 ], [ -3.4982, 40.4223 ], [ -3.4998, 40.4217 ], [ -3.5003, 40.4213 ], [ -3.501, 40.4199 ], [ -3.5014, 40.4195 ], [ -3.5015, 40.4191 ], [ -3.5008, 40.4198 ], [ -3.5001, 40.4212 ], [ -3.4997, 40.4216 ], [ -3.4993, 40.4216 ], [ -3.498, 40.4221 ], [ -3.4979, 40.422 ], [ -3.4978, 40.4218 ], [ -3.4992, 40.412 ], [ -3.497, 40.4094 ], [ -3.4968, 40.4094 ], [ -3.4989, 40.4119 ], [ -3.4976, 40.4217 ], [ -3.4977, 40.4221 ] ] ] } },
{ "type": "Feature", "properties": { "municipio": "San Fernando de Henares", "clasificacion": "no-urbanizable-protegido", "calificacion": "sin-asignar", "version": "vigente", "fuente": "SIT-CAM WFS — UsoDelSuelo:VPLA_V_CLASIFICACION (https://idem.comunidad.madrid/geosrvg/ows)", "fecha_dato": "2026-05-12", "ambito": "51279", "_raw_CD_SIGLAS": "SNUP", "_raw_DS_CLASIF_GEN": "Suelo No Urbanizable Protegido", "_raw_DS_CLASIF_DET": "Suelo No Urbanizable Protegido Protección Riberas", "_raw_DS_DOCU": "PLAN GENERAL", "_raw_DS_LEY": "CM Ley 9/2001, E Ley 6/1998", "_raw_FC_AC": "2002-06-06", "_raw_NM_AREA_M2": 133768.53077224799, "_cam_code": "130" }, "geometry": { "type": "Polygon", "coordinates": [ [ [ -3.5275, 40.4628 ], [ -3.527, 40.4634 ], [ -3.5255, 40.4641 ], [ -3.525, 40.4646 ], [ -3.5247, 40.4652 ], [ -3.5241, 40.4658 ], [ -3.5235, 40.466 ], [ -3.5231, 40.4675 ], [ -3.5234, 40.4678 ], [ -3.5247, 40.4684 ], [ -3.5247, 40.4691 ], [ -3.5249, 40.4694 ], [ -3.526, 40.4703 ], [ -3.5274, 40.4707 ], [ -3.528, 40.4707 ], [ -3.5308, 40.4713 ], [ -3.5292, 40.4708 ], [ -3.5268, 40.4704 ], [ -3.526, 40.47 ], [ -3.5252, 40.4694 ], [ -3.5249, 40.469 ], [ -3.525, 40.4679 ], [ -3.5253, 40.4673 ], [ -3.5263, 40.4661 ], [ -3.5277, 40.465 ], [ -3.5289, 40.4632 ], [ -3.5274, 40.4621 ], [ -3.5275, 40.4628 ] ] ] } },
{ "type": "Feature", "properties": { "municipio": "San Fernando de Henares", "clasificacion": "no-urbanizable-protegido", "calificacion": "sin-asignar", "version": "vigente", "fuente": "SIT-CAM WFS — UsoDelSuelo:VPLA_V_CLASIFICACION (https://idem.comunidad.madrid/geosrvg/ows)", "fecha_dato": "2026-05-12", "ambito": "51279", "_raw_CD_SIGLAS": "SNUP", "_raw_DS_CLASIF_GEN": "Suelo No Urbanizable Protegido", "_raw_DS_CLASIF_DET": "Suelo No Urbanizable Protegido Protección Paisajística", "_raw_DS_DOCU": "PLAN GENERAL", "_raw_DS_LEY": "CM Ley 9/2001, E Ley 6/1998", "_raw_FC_AC": "2002-06-06", "_raw_NM_AREA_M2": 1028615.90222479, "_cam_code": "130" }, "geometry": { "type": "Polygon", "coordinates": [ [ [ -3.4452, 40.4299 ], [ -3.4455, 40.4299 ], [ -3.4554, 40.4241 ], [ -3.4562, 40.4237 ], [ -3.46, 40.4223 ], [ -3.4603, 40.422 ], [ -3.4602, 40.4215 ], [ -3.4603, 40.4213 ], [ -3.4621, 40.4214 ], [ -3.4684, 40.4193 ], [ -3.4714, 40.4179 ], [ -3.4742, 40.4164 ], [ -3.4723, 40.4163 ], [ -3.4692, 40.418 ], [ -3.4616, 40.4189 ], [ -3.4615, 40.4191 ], [ -3.4611, 40.4193 ], [ -3.457, 40.4208 ], [ -3.4536, 40.4219 ], [ -3.4479, 40.4235 ], [ -3.4407, 40.425 ], [ -3.4356, 40.4257 ], [ -3.4362, 40.4271 ], [ -3.4427, 40.4287 ], [ -3.4447, 40.4299 ], [ -3.4452, 40.4299 ] ] ] } },
{ "type": "Feature", "properties": { "municipio": "San Fernando de Henares", "clasificacion": "no-urbanizable-protegido", "calificacion": "sin-asignar", "version": "vigente", "fuente": "SIT-CAM WFS — UsoDelSuelo:VPLA_V_CLASIFICACION (https://idem.comunidad.madrid/geosrvg/ows)", "fecha_dato": "2026-05-12", "ambito": "51279", "_raw_CD_SIGLAS": "SNUP", "_raw_DS_CLASIF_GEN": "Suelo No Urbanizable Protegido", "_raw_DS_CLASIF_DET": "Suelo No Urbanizable Protegido Parque Regional", "_raw_DS_DOCU": "PLAN GENERAL", "_raw_DS_LEY": "CM Ley 9/2001, E Ley 6/1998", "_raw_FC_AC": "2002-06-06", "_raw_NM_AREA_M2": 2153855.0811747601, "_cam_code": "130" }, "geometry": { "type": "Polygon", "coordinates": [ [ [ -3.5117, 40.4133 ], [ -3.5116, 40.4132 ], [ -3.5115, 40.4131 ], [ -3.5122, 40.4124 ], [ -3.5122, 40.4121 ], [ -3.512, 40.412 ], [ -3.5119, 40.4117 ], [ -3.5089, 40.4124 ], [ -3.5067, 40.4133 ], [ -3.5049, 40.4143 ], [ -3.5027, 40.4161 ], [ -3.5015, 40.4175 ], [ -3.5005, 40.4191 ], [ -3.4997, 40.4214 ], [ -3.4997, 40.4216 ], [ -3.5001, 40.4212 ], [ -3.5008, 40.4198 ], [ -3.5015, 40.4191 ], [ -3.5018, 40.4183 ], [ -3.5024, 40.4177 ], [ -3.5029, 40.4175 ], [ -3.503, 40.4173 ], [ -3.5043, 40.4169 ], [ -3.5042, 40.4172 ], [ -3.5033, 40.4174 ], [ -3.5033, 40.4175 ], [ -3.5027, 40.4177 ], [ -3.5023, 40.418 ], [ -3.5023, 40.4184 ], [ -3.502, 40.4187 ], [ -3.502, 40.4191 ], [ -3.5018, 40.4194 ], [ -3.5018, 40.4203 ], [ -3.5023, 40.4211 ], [ -3.5028, 40.4215 ], [ -3.5033, 40.4217 ], [ -3.5038, 40.4222 ], [ -3.5041, 40.4229 ], [ -3.5042, 40.4238 ], [ -3.5045, 40.4244 ], [ -3.5046, 40.4252 ], [ -3.5054, 40.4267 ], [ -3.5058, 40.4271 ], [ -3.5073, 40.4272 ], [ -3.5084, 40.4269 ], [ -3.5086, 40.4266 ], [ -3.5097, 40.4262 ], [ -3.5103, 40.4261 ], [ -3.5124, 40.4262 ], [ -3.5127, 40.4264 ], [ -3.5132, 40.4265 ], [ -3.5145, 40.4275 ], [ -3.5146, 40.4281 ], [ -3.5144, 40.4283 ], [ -3.5149, 40.4288 ], [ -3.515, 40.4295 ], [ -3.5152, 40.4297 ], [ -3.5164, 40.4291 ], [ -3.5171, 40.4284 ], [ -3.5175, 40.4272 ], [ -3.5175, 40.4259 ], [ -3.5181, 40.4248 ], [ -3.5189, 40.4241 ], [ -3.5204, 40.4234 ], [ -3.5207, 40.4231 ], [ -3.5208, 40.4209 ], [ -3.5209, 40.4198 ], [ -3.521, 40.4197 ], [ -3.521, 40.4192 ], [ -3.5208, 40.419 ], [ -3.5209, 40.4182 ], [ -3.5191, 40.4154 ], [ -3.5186, 40.414 ], [ -3.5186, 40.4132 ], [ -3.5182, 40.4145 ], [ -3.5177, 40.4144 ], [ -3.5168, 40.4139 ], [ -3.5136, 40.4134 ], [ -3.5136, 40.413 ], [ -3.5137, 40.413 ], [ -3.5137, 40.4128 ], [ -3.5144, 40.4114 ], [ -3.5121, 40.4117 ], [ -3.5122, 40.4117 ], [ -3.5122, 40.412 ], [ -3.5123, 40.412 ], [ -3.5123, 40.4126 ], [ -3.5121, 40.413 ], [ -3.5117, 40.4133 ] ], [ [ -3.5112, 40.4132 ], [ -3.5116, 40.4132 ], [ -3.5113, 40.4135 ], [ -3.5095, 40.4138 ], [ -3.5088, 40.4142 ], [ -3.5083, 40.4148 ], [ -3.508, 40.4155 ], [ -3.5077, 40.4156 ], [ -3.5074, 40.4159 ], [ -3.5075, 40.416 ], [ -3.5074, 40.416 ], [ -3.5074, 40.4162 ], [ -3.5071, 40.4165 ], [ -3.5067, 40.4167 ], [ -3.5058, 40.4168 ], [ -3.5058, 40.4169 ], [ -3.5057, 40.4168 ], [ -3.5052, 40.4168 ], [ -3.5049, 40.417 ], [ -3.5049, 40.4172 ], [ -3.5044, 40.4172 ], [ -3.5045, 40.4169 ], [ -3.5051, 40.4168 ], [ -3.5051, 40.4167 ], [ -3.5063, 40.4166 ], [ -3.5069, 40.4164 ], [ -3.5072, 40.4161 ], [ -3.5072, 40.4159 ], [ -3.5078, 40.4154 ], [ -3.508, 40.4147 ], [ -3.5086, 40.414 ], [ -3.5098, 40.4135 ], [ -3.5105, 40.4135 ], [ -3.5112, 40.4132 ] ] ] } },
{ "type": "Feature", "properties": { "municipio": "San Fernando de Henares", "clasificacion": "no-urbanizable-protegido", "calificacion": "sin-asignar", "version": "vigente", "fuente": "SIT-CAM WFS — UsoDelSuelo:VPLA_V_CLASIFICACION (https://idem.comunidad.madrid/geosrvg/ows)", "fecha_dato": "2026-05-12", "ambito": "51279", "_raw_CD_SIGLAS": "SNUP", "_raw_DS_CLASIF_GEN": "Suelo No Urbanizable Protegido", "_raw_DS_CLASIF_DET": "Suelo No Urbanizable Protegido Protección Paisajística", "_raw_DS_DOCU": "PLAN GENERAL", "_raw_DS_LEY": "CM Ley 9/2001, E Ley 6/1998", "_raw_FC_AC": "2002-06-06", "_raw_NM_AREA_M2": 213721.426199637, "_cam_code": "130" }, "geometry": { "type": "Polygon", "coordinates": [ [ [ -3.4364, 40.4275 ], [ -3.4378, 40.4313 ], [ -3.4384, 40.4323 ], [ -3.4391, 40.4327 ], [ -3.4445, 40.4305 ], [ -3.4445, 40.4302 ], [ -3.4427, 40.429 ], [ -3.4364, 40.4275 ] ] ] } },
{ "type": "Feature", "properties": { "municipio": "San Fernando de Henares", "clasificacion": "no-urbanizable-protegido", "calificacion": "sin-asignar", "version": "vigente", "fuente": "SIT-CAM WFS — UsoDelSuelo:VPLA_V_CLASIFICACION (https://idem.comunidad.madrid/geosrvg/ows)", "fecha_dato": "2026-05-12", "ambito": "51279", "_raw_CD_SIGLAS": "SNUP", "_raw_DS_CLASIF_GEN": "Suelo No Urbanizable Protegido", "_raw_DS_CLASIF_DET": "Suelo No Urbanizable Protegido Parque Regional", "_raw_DS_DOCU": "PLAN GENERAL", "_raw_DS_LEY": "CM Ley 9/2001, E Ley 6/1998", "_raw_FC_AC": "2002-06-06", "_raw_NM_AREA_M2": 901522.70393750095, "_cam_code": "130" }, "geometry": { "type": "Polygon", "coordinates": [ [ [ -3.5067, 40.434 ], [ -3.5071, 40.4338 ], [ -3.5077, 40.4339 ], [ -3.5087, 40.4333 ], [ -3.5105, 40.4328 ], [ -3.5113, 40.4324 ], [ -3.5129, 40.4308 ], [ -3.5148, 40.4298 ], [ -3.5149, 40.4298 ], [ -3.515, 40.4298 ], [ -3.5149, 40.4298 ], [ -3.5147, 40.4292 ], [ -3.5143, 40.4288 ], [ -3.5143, 40.4285 ], [ -3.5141, 40.4283 ], [ -3.5141, 40.4281 ], [ -3.5137, 40.4279 ], [ -3.5131, 40.427 ], [ -3.5131, 40.4267 ], [ -3.5125, 40.4264 ], [ -3.5105, 40.4262 ], [ -3.5096, 40.4266 ], [ -3.5092, 40.4267 ], [ -3.509, 40.4266 ], [ -3.5085, 40.4271 ], [ -3.5082, 40.4271 ], [ -3.5079, 40.4272 ], [ -3.5079, 40.4273 ], [ -3.5071, 40.4275 ], [ -3.5063, 40.4275 ], [ -3.5056, 40.4273 ], [ -3.5047, 40.4262 ], [ -3.5047, 40.426 ], [ -3.5046, 40.426 ], [ -3.5041, 40.425 ], [ -3.504, 40.4242 ], [ -3.5033, 40.4223 ], [ -3.5031, 40.422 ], [ -3.5028, 40.4219 ], [ -3.5023, 40.4214 ], [ -3.5018, 40.4208 ], [ -3.5016, 40.4203 ], [ -3.5015, 40.4203 ], [ -3.5016, 40.4207 ], [ -3.5014, 40.4205 ], [ -3.5013, 40.4199 ], [ -3.5014, 40.4195 ], [ -3.501, 40.4199 ], [ -3.5003, 40.4213 ], [ -3.4998, 40.4217 ], [ -3.4996, 40.4217 ], [ -3.4995, 40.4244 ], [ -3.4998, 40.4263 ], [ -3.5006, 40.4281 ], [ -3.5019, 40.43 ], [ -3.5043, 40.4324 ], [ -3.5053, 40.4332 ], [ -3.5067, 40.434 ] ] ] } },
{ "type": "Feature", "properties": { "municipio": "San Fernando de Henares", "clasificacion": "no-urbanizable-protegido", "calificacion": "sin-asignar", "version": "vigente", "fuente": "SIT-CAM WFS — UsoDelSuelo:VPLA_V_CLASIFICACION (https://idem.comunidad.madrid/geosrvg/ows)", "fecha_dato": "2026-05-12", "ambito": "51279", "_raw_CD_SIGLAS": "SNUP", "_raw_DS_CLASIF_GEN": "Suelo No Urbanizable Protegido", "_raw_DS_CLASIF_DET": "Suelo No Urbanizable Protegido Parque Regional", "_raw_DS_DOCU": "PLAN GENERAL", "_raw_DS_LEY": "CM Ley 9/2001, E Ley 6/1998", "_raw_FC_AC": "2002-06-06", "_raw_NM_AREA_M2": 3578358.9705616301, "_cam_code": "130" }, "geometry": { "type": "Polygon", "coordinates": [ [ [ -3.4886, 40.4291 ], [ -3.4899, 40.4282 ], [ -3.4912, 40.4269 ], [ -3.4915, 40.4267 ], [ -3.4918, 40.4269 ], [ -3.4929, 40.4257 ], [ -3.4927, 40.4255 ], [ -3.4939, 40.4246 ], [ -3.498, 40.4225 ], [ -3.4977, 40.4221 ], [ -3.4976, 40.4217 ], [ -3.4989, 40.4119 ], [ -3.4968, 40.4094 ], [ -3.4965, 40.4096 ], [ -3.4959, 40.411 ], [ -3.4949, 40.4119 ], [ -3.4927, 40.412 ], [ -3.4917, 40.4124 ], [ -3.4917, 40.4125 ], [ -3.4915, 40.4125 ], [ -3.4915, 40.4126 ], [ -3.4907, 40.4129 ], [ -3.4901, 40.4133 ], [ -3.4879, 40.4137 ], [ -3.4857, 40.413 ], [ -3.4845, 40.4131 ], [ -3.4836, 40.4134 ], [ -3.4832, 40.4143 ], [ -3.4825, 40.4145 ], [ -3.4823, 40.4156 ], [ -3.4821, 40.4157 ], [ -3.4819, 40.4162 ], [ -3.4818, 40.4162 ], [ -3.4818, 40.4165 ], [ -3.4817, 40.4165 ], [ -3.4816, 40.4169 ], [ -3.4816, 40.4175 ], [ -3.4821, 40.4189 ], [ -3.4821, 40.4194 ], [ -3.4819, 40.4197 ], [ -3.4817, 40.4197 ], [ -3.4812, 40.4201 ], [ -3.4811, 40.4197 ], [ -3.4807, 40.4198 ], [ -3.4796, 40.4197 ], [ -3.4796, 40.4196 ], [ -3.4793, 40.4195 ], [ -3.4786, 40.4194 ], [ -3.4786, 40.4193 ], [ -3.4759, 40.4195 ], [ -3.4759, 40.4196 ], [ -3.4752, 40.4199 ], [ -3.475, 40.4198 ], [ -3.4744, 40.4199 ], [ -3.4743, 40.4202 ], [ -3.4744, 40.4209 ], [ -3.4743, 40.4216 ], [ -3.4744, 40.4218 ], [ -3.4743, 40.4219 ], [ -3.4743, 40.4224 ], [ -3.4742, 40.4226 ], [ -3.474, 40.4226 ], [ -3.4739, 40.4229 ], [ -3.4739, 40.4243 ], [ -3.4743, 40.425 ], [ -3.4743, 40.4254 ], [ -3.4744, 40.4254 ], [ -3.4744, 40.4256 ], [ -3.4746, 40.4258 ], [ -3.4745, 40.4262 ], [ -3.4746, 40.4262 ], [ -3.4747, 40.4271 ], [ -3.475, 40.4278 ], [ -3.475, 40.4284 ], [ -3.4747, 40.4292 ], [ -3.4743, 40.4294 ], [ -3.4741, 40.4297 ], [ -3.4731, 40.4296 ], [ -3.4727, 40.4302 ], [ -3.4705, 40.4301 ], [ -3.4698, 40.4296 ], [ -3.4696, 40.4292 ], [ -3.4696, 40.4287 ], [ -3.4689, 40.4281 ], [ -3.4674, 40.4281 ], [ -3.4668, 40.4283 ], [ -3.4663, 40.4283 ], [ -3.4657, 40.4289 ], [ -3.4654, 40.4296 ], [ -3.4656, 40.4301 ], [ -3.4664, 40.4309 ], [ -3.467, 40.4319 ], [ -3.4672, 40.4336 ], [ -3.4671, 40.4336 ], [ -3.4671, 40.4339 ], [ -3.4669, 40.4343 ], [ -3.468, 40.4354 ], [ -3.4683, 40.436 ], [ -3.4709, 40.435 ], [ -3.4739, 40.4348 ], [ -3.4737, 40.4335 ], [ -3.4764, 40.4327 ], [ -3.4777, 40.4325 ], [ -3.4789, 40.432 ], [ -3.4815, 40.4314 ], [ -3.482, 40.4307 ], [ -3.4823, 40.4305 ], [ -3.4824, 40.4307 ], [ -3.483, 40.4304 ], [ -3.4862, 40.4298 ], [ -3.4886, 40.4291 ] ] ] } },
{ "type": "Feature", "properties": { "municipio": "San Fernando de Henares", "clasificacion": "no-urbanizable-protegido", "calificacion": "sin-asignar", "version": "vigente", "fuente": "SIT-CAM WFS — UsoDelSuelo:VPLA_V_CLASIFICACION (https://idem.comunidad.madrid/geosrvg/ows)", "fecha_dato": "2026-05-12", "ambito": "51279", "_raw_CD_SIGLAS": "SNUP", "_raw_DS_CLASIF_GEN": "Suelo No Urbanizable Protegido", "_raw_DS_CLASIF_DET": "Suelo No Urbanizable Protegido Parque Regional", "_raw_DS_DOCU": "PLAN GENERAL", "_raw_DS_LEY": "CM Ley 9/2001, E Ley 6/1998", "_raw_FC_AC": "2002-06-06", "_raw_NM_AREA_M2": 324665.20781245403, "_cam_code": "130" }, "geometry": { "type": "Polygon", "coordinates": [ [ [ -3.527, 40.4355 ], [ -3.5279, 40.4356 ], [ -3.528, 40.4359 ], [ -3.5281, 40.4359 ], [ -3.528, 40.4355 ], [ -3.5275, 40.4348 ], [ -3.5269, 40.4342 ], [ -3.5267, 40.4342 ], [ -3.5256, 40.4328 ], [ -3.5252, 40.4321 ], [ -3.5256, 40.4319 ], [ -3.5261, 40.432 ], [ -3.5261, 40.4319 ], [ -3.526, 40.4318 ], [ -3.5249, 40.4319 ], [ -3.5247, 40.4316 ], [ -3.5247, 40.4313 ], [ -3.5244, 40.4312 ], [ -3.5245, 40.4311 ], [ -3.5243, 40.4308 ], [ -3.5242, 40.4309 ], [ -3.5223, 40.4285 ], [ -3.5223, 40.4283 ], [ -3.5233, 40.428 ], [ -3.5233, 40.4279 ], [ -3.5233, 40.4279 ], [ -3.5233, 40.4279 ], [ -3.5234, 40.4279 ], [ -3.5234, 40.4279 ], [ -3.5235, 40.4279 ], [ -3.5235, 40.4279 ], [ -3.5236, 40.4279 ], [ -3.5236, 40.428 ], [ -3.5235, 40.4278 ], [ -3.5232, 40.4276 ], [ -3.5233, 40.4273 ], [ -3.5232, 40.4269 ], [ -3.5214, 40.425 ], [ -3.521, 40.4241 ], [ -3.5209, 40.4241 ], [ -3.5209, 40.4239 ], [ -3.5207, 40.4237 ], [ -3.5203, 40.4237 ], [ -3.5199, 40.424 ], [ -3.5191, 40.4243 ], [ -3.519, 40.4245 ], [ -3.5186, 40.4247 ], [ -3.5185, 40.4251 ], [ -3.518, 40.4257 ], [ -3.5178, 40.4279 ], [ -3.5174, 40.4287 ], [ -3.5169, 40.4292 ], [ -3.516, 40.4298 ], [ -3.5154, 40.4299 ], [ -3.5165, 40.4308 ], [ -3.5178, 40.4314 ], [ -3.5183, 40.4315 ], [ -3.5185, 40.4317 ], [ -3.5223, 40.4318 ], [ -3.5235, 40.4322 ], [ -3.5237, 40.4324 ], [ -3.5243, 40.4326 ], [ -3.5256, 40.4339 ], [ -3.5257, 40.4343 ], [ -3.5259, 40.4343 ], [ -3.5258, 40.4351 ], [ -3.5259, 40.4351 ], [ -3.526, 40.4355 ], [ -3.5262, 40.4356 ], [ -3.527, 40.4355 ] ], [ [ -3.5253, 40.4326 ], [ -3.525, 40.4328 ], [ -3.524, 40.4322 ], [ -3.522, 40.4314 ], [ -3.5188, 40.4313 ], [ -3.5187, 40.4311 ], [ -3.5184, 40.4311 ], [ -3.5178, 40.4307 ], [ -3.5178, 40.4305 ], [ -3.5221, 40.4286 ], [ -3.5253, 40.4326 ] ] ] } },
{ "type": "Feature", "properties": { "municipio": "San Fernando de Henares", "clasificacion": "no-urbanizable-protegido", "calificacion": "sin-asignar", "version": "vigente", "fuente": "SIT-CAM WFS — UsoDelSuelo:VPLA_V_CLASIFICACION (https://idem.comunidad.madrid/geosrvg/ows)", "fecha_dato": "2026-05-12", "ambito": "51279", "_raw_CD_SIGLAS": "SNUP", "_raw_DS_CLASIF_GEN": "Suelo No Urbanizable Protegido", "_raw_DS_CLASIF_DET": "Suelo No Urbanizable Protegido Parque Regional", "_raw_DS_DOCU": "PLAN GENERAL", "_raw_DS_LEY": "CM Ley 9/2001, E Ley 6/1998", "_raw_FC_AC": "2002-06-06", "_raw_NM_AREA_M2": 1540495.5235752999, "_cam_code": "130" }, "geometry": { "type": "Polygon", "coordinates": [ [ [ -3.4596, 40.4242 ], [ -3.4656, 40.4353 ], [ -3.466, 40.4364 ], [ -3.4665, 40.4368 ], [ -3.4667, 40.4366 ], [ -3.4667, 40.4361 ], [ -3.4665, 40.436 ], [ -3.4664, 40.4356 ], [ -3.4669, 40.4336 ], [ -3.4668, 40.4331 ], [ -3.4667, 40.4331 ], [ -3.4668, 40.432 ], [ -3.4662, 40.4309 ], [ -3.4656, 40.4305 ], [ -3.4654, 40.43 ], [ -3.4653, 40.43 ], [ -3.4653, 40.4295 ], [ -3.4652, 40.4294 ], [ -3.4653, 40.4294 ], [ -3.4653, 40.4291 ], [ -3.4654, 40.4291 ], [ -3.4656, 40.4286 ], [ -3.466, 40.4282 ], [ -3.4666, 40.4281 ], [ -3.4669, 40.4277 ], [ -3.4677, 40.4275 ], [ -3.4695, 40.428 ], [ -3.4698, 40.4286 ], [ -3.4699, 40.4294 ], [ -3.4704, 40.4299 ], [ -3.4708, 40.43 ], [ -3.4726, 40.43 ], [ -3.4729, 40.4295 ], [ -3.4742, 40.4293 ], [ -3.4747, 40.4285 ], [ -3.4748, 40.4285 ], [ -3.4748, 40.428 ], [ -3.4747, 40.428 ], [ -3.4748, 40.4278 ], [ -3.4747, 40.4278 ], [ -3.4746, 40.4275 ], [ -3.4746, 40.427 ], [ -3.4745, 40.427 ], [ -3.4744, 40.4267 ], [ -3.4744, 40.426 ], [ -3.4743, 40.426 ], [ -3.4741, 40.4251 ], [ -3.4739, 40.4246 ], [ -3.4737, 40.4245 ], [ -3.4737, 40.4229 ], [ -3.4738, 40.4226 ], [ -3.4739, 40.4226 ], [ -3.4739, 40.422 ], [ -3.4741, 40.422 ], [ -3.4741, 40.4201 ], [ -3.4745, 40.4194 ], [ -3.4749, 40.419 ], [ -3.4751, 40.419 ], [ -3.476, 40.4185 ], [ -3.4768, 40.4184 ], [ -3.4768, 40.4183 ], [ -3.4774, 40.4184 ], [ -3.4793, 40.4193 ], [ -3.4799, 40.4193 ], [ -3.4801, 40.4191 ], [ -3.4801, 40.4183 ], [ -3.4805, 40.418 ], [ -3.4805, 40.4177 ], [ -3.4811, 40.4166 ], [ -3.4811, 40.4164 ], [ -3.4819, 40.4153 ], [ -3.4817, 40.4148 ], [ -3.4816, 40.4147 ], [ -3.4786, 40.4153 ], [ -3.4751, 40.4164 ], [ -3.4746, 40.4164 ], [ -3.4686, 40.4195 ], [ -3.464, 40.421 ], [ -3.4637, 40.4212 ], [ -3.4623, 40.4215 ], [ -3.4601, 40.4225 ], [ -3.4596, 40.4242 ] ] ] } },
{ "type": "Feature", "properties": { "municipio": "San Fernando de Henares", "clasificacion": "no-urbanizable-protegido", "calificacion": "sin-asignar", "version": "vigente", "fuente": "SIT-CAM WFS — UsoDelSuelo:VPLA_V_CLASIFICACION (https://idem.comunidad.madrid/geosrvg/ows)", "fecha_dato": "2026-05-12", "ambito": "51279", "_raw_CD_SIGLAS": "SNUP", "_raw_DS_CLASIF_GEN": "Suelo No Urbanizable Protegido", "_raw_DS_CLASIF_DET": "Suelo No Urbanizable Protegido Parque Regional", "_raw_DS_DOCU": "PLAN GENERAL", "_raw_DS_LEY": "CM Ley 9/2001, E Ley 6/1998", "_raw_FC_AC": "2002-06-06", "_raw_NM_AREA_M2": 2030554.56527006, "_cam_code": "130" }, "geometry": { "type": "Polygon", "coordinates": [ [ [ -3.5098, 40.4377 ], [ -3.5113, 40.439 ], [ -3.5136, 40.4413 ], [ -3.5165, 40.4445 ], [ -3.5175, 40.4453 ], [ -3.5183, 40.4457 ], [ -3.5193, 40.4458 ], [ -3.5249, 40.4445 ], [ -3.5308, 40.4433 ], [ -3.5304, 40.4422 ], [ -3.5302, 40.4404 ], [ -3.53, 40.4399 ], [ -3.5295, 40.4394 ], [ -3.5285, 40.4377 ], [ -3.5276, 40.437 ], [ -3.5275, 40.4371 ], [ -3.5272, 40.4366 ], [ -3.5258, 40.4355 ], [ -3.5256, 40.4351 ], [ -3.5255, 40.4343 ], [ -3.5244, 40.433 ], [ -3.5237, 40.4326 ], [ -3.5235, 40.4326 ], [ -3.5235, 40.4325 ], [ -3.5219, 40.4319 ], [ -3.5204, 40.432 ], [ -3.5204, 40.4321 ], [ -3.519, 40.432 ], [ -3.5166, 40.4311 ], [ -3.5152, 40.4301 ], [ -3.5129, 40.4313 ], [ -3.5122, 40.4322 ], [ -3.5123, 40.4322 ], [ -3.5113, 40.433 ], [ -3.5086, 40.434 ], [ -3.508, 40.4343 ], [ -3.5078, 40.4347 ], [ -3.5075, 40.4349 ], [ -3.5078, 40.4355 ], [ -3.5098, 40.4377 ] ] ] } },
{ "type": "Feature", "properties": { "municipio": "San Fernando de Henares", "clasificacion": "no-urbanizable-protegido", "calificacion": "sin-asignar", "version": "vigente", "fuente": "SIT-CAM WFS — UsoDelSuelo:VPLA_V_CLASIFICACION (https://idem.comunidad.madrid/geosrvg/ows)", "fecha_dato": "2026-05-12", "ambito": "51279", "_raw_CD_SIGLAS": "SNUP", "_raw_DS_CLASIF_GEN": "Suelo No Urbanizable Protegido", "_raw_DS_CLASIF_DET": "Suelo No Urbanizable Protegido Protección Agrícola", "_raw_DS_DOCU": "PLAN GENERAL", "_raw_DS_LEY": "CM Ley 9/2001, E Ley 6/1998", "_raw_FC_AC": "2002-06-06", "_raw_NM_AREA_M2": 562.33856251882298, "_cam_code": "130" }, "geometry": { "type": "Polygon", "coordinates": [ [ [ -3.4289, 40.4259 ], [ -3.429, 40.4261 ], [ -3.4295, 40.4261 ], [ -3.4289, 40.4259 ] ] ] } },
{ "type": "Feature", "properties": { "municipio": "San Fernando de Henares", "clasificacion": "no-urbanizable-protegido", "calificacion": "sin-asignar", "version": "vigente", "fuente": "SIT-CAM WFS — UsoDelSuelo:VPLA_V_CLASIFICACION (https://idem.comunidad.madrid/geosrvg/ows)", "fecha_dato": "2026-05-12", "ambito": "51279", "_raw_CD_SIGLAS": "SNUP_A", "_raw_DS_CLASIF_GEN": "Suelo No Urbanizable Protegido (APLAZADO)", "_raw_DS_CLASIF_DET": "Suelo No Urbanizable Protegido Afección Infraestructuras", "_raw_DS_DOCU": "PLAN GENERAL", "_raw_DS_LEY": "CM Ley 9/2001, E Ley 6/1998", "_raw_FC_AC": "2002-06-06", "_raw_NM_AREA_M2": 405967.04091218702, "_cam_code": "130" }, "geometry": { "type": "Polygon", "coordinates": [ [ [ -3.5271, 40.4619 ], [ -3.5218, 40.4582 ], [ -3.5212, 40.4586 ], [ -3.5212, 40.4601 ], [ -3.5209, 40.4608 ], [ -3.5208, 40.4615 ], [ -3.5203, 40.4624 ], [ -3.5168, 40.4645 ], [ -3.5234, 40.4678 ], [ -3.5231, 40.4675 ], [ -3.5232, 40.4669 ], [ -3.5235, 40.466 ], [ -3.5239, 40.4653 ], [ -3.5267, 40.4626 ], [ -3.5271, 40.4619 ] ] ] } },
{ "type": "Feature", "properties": { "municipio": "San Fernando de Henares", "clasificacion": "urbanizable-no-sectorizado", "calificacion": "sin-asignar", "version": "vigente", "fuente": "SIT-CAM WFS — UsoDelSuelo:VPLA_V_CLASIFICACION (https://idem.comunidad.madrid/geosrvg/ows)", "fecha_dato": "2026-05-12", "ambito": "51279", "_raw_CD_SIGLAS": "SUBNS_A", "_raw_DS_CLASIF_GEN": "Suelo Urbanizable No Programado (APLAZADO)", "_raw_DS_CLASIF_DET": "Suelo Urbanizable No Programado Uso Global Productivo", "_raw_DS_DOCU": "PLAN GENERAL", "_raw_DS_LEY": "CM Ley 9/2001, E Ley 6/1998", "_raw_FC_AC": "2002-06-06", "_raw_NM_AREA_M2": 75384.948900043499, "_cam_code": "130" }, "geometry": { "type": "Polygon", "coordinates": [ [ [ -3.5121, 40.4532 ], [ -3.5099, 40.4541 ], [ -3.508, 40.4553 ], [ -3.5076, 40.456 ], [ -3.5076, 40.4568 ], [ -3.5077, 40.4573 ], [ -3.5082, 40.4579 ], [ -3.5084, 40.4579 ], [ -3.5096, 40.4567 ], [ -3.5104, 40.4555 ], [ -3.5106, 40.4554 ], [ -3.5107, 40.4551 ], [ -3.5116, 40.4541 ], [ -3.5121, 40.4532 ] ] ] } },
{ "type": "Feature", "properties": { "municipio": "San Fernando de Henares", "clasificacion": "urbanizable-no-sectorizado", "calificacion": "sin-asignar", "version": "vigente", "fuente": "SIT-CAM WFS — UsoDelSuelo:VPLA_V_CLASIFICACION (https://idem.comunidad.madrid/geosrvg/ows)", "fecha_dato": "2026-05-12", "ambito": "51279", "_raw_CD_SIGLAS": "SUBNS_A", "_raw_DS_CLASIF_GEN": "Suelo Urbanizable No Programado (APLAZADO)", "_raw_DS_CLASIF_DET": "Suelo Urbanizable No Programado Uso Global Productivo", "_raw_DS_DOCU": "PLAN GENERAL", "_raw_DS_LEY": "CM Ley 9/2001, E Ley 6/1998", "_raw_FC_AC": "2002-06-06", "_raw_NM_AREA_M2": 233606.13915274199, "_cam_code": "130" }, "geometry": { "type": "Polygon", "coordinates": [ [ [ -3.5028, 40.4694 ], [ -3.5016, 40.4703 ], [ -3.5001, 40.4717 ], [ -3.507, 40.47 ], [ -3.5103, 40.469 ], [ -3.5127, 40.4687 ], [ -3.5151, 40.4696 ], [ -3.517, 40.47 ], [ -3.5159, 40.4689 ], [ -3.5131, 40.4679 ], [ -3.5117, 40.468 ], [ -3.5115, 40.4682 ], [ -3.5111, 40.4683 ], [ -3.5108, 40.4681 ], [ -3.5109, 40.4678 ], [ -3.511, 40.4678 ], [ -3.5109, 40.4677 ], [ -3.5087, 40.4669 ], [ -3.5049, 40.4682 ], [ -3.5028, 40.4694 ] ] ] } },
{ "type": "Feature", "properties": { "municipio": "San Fernando de Henares", "clasificacion": "urbanizable-no-sectorizado", "calificacion": "sin-asignar", "version": "vigente", "fuente": "SIT-CAM WFS — UsoDelSuelo:VPLA_V_CLASIFICACION (https://idem.comunidad.madrid/geosrvg/ows)", "fecha_dato": "2026-05-12", "ambito": "51279", "_raw_CD_SIGLAS": "SUBNS_A", "_raw_DS_CLASIF_GEN": "Suelo Urbanizable No Programado (APLAZADO)", "_raw_DS_CLASIF_DET": "Suelo Urbanizable No Programado Uso Global Productivo", "_raw_DS_DOCU": "PLAN GENERAL", "_raw_DS_LEY": "CM Ley 9/2001, E Ley 6/1998", "_raw_FC_AC": "2002-06-06", "_raw_NM_AREA_M2": 130390.360624853, "_cam_code": "130" }, "geometry": { "type": "Polygon", "coordinates": [ [ [ -3.4959, 40.4241 ], [ -3.4953, 40.4242 ], [ -3.4943, 40.4246 ], [ -3.4927, 40.4255 ], [ -3.4935, 40.4262 ], [ -3.4924, 40.4272 ], [ -3.4946, 40.4285 ], [ -3.4949, 40.4285 ], [ -3.4967, 40.4264 ], [ -3.497, 40.4263 ], [ -3.4979, 40.4247 ], [ -3.4972, 40.4242 ], [ -3.4959, 40.4241 ] ] ] } },
{ "type": "Feature", "properties": { "municipio": "San Fernando de Henares", "clasificacion": "urbanizable-no-sectorizado", "calificacion": "sin-asignar", "version": "vigente", "fuente": "SIT-CAM WFS — UsoDelSuelo:VPLA_V_CLASIFICACION (https://idem.comunidad.madrid/geosrvg/ows)", "fecha_dato": "2026-05-12", "ambito": "51279", "_raw_CD_SIGLAS": "SUBNS_A", "_raw_DS_CLASIF_GEN": "Suelo Urbanizable No Programado (APLAZADO)", "_raw_DS_CLASIF_DET": "Suelo Urbanizable No Programado Uso Global Productivo", "_raw_DS_DOCU": "PLAN GENERAL", "_raw_DS_LEY": "CM Ley 9/2001, E Ley 6/1998", "_raw_FC_AC": "2002-06-06", "_raw_NM_AREA_M2": 15441.8070749786, "_cam_code": "130" }, "geometry": { "type": "Polygon", "coordinates": [ [ [ -3.4969, 40.4265 ], [ -3.495, 40.4286 ], [ -3.4952, 40.4286 ], [ -3.4955, 40.4286 ], [ -3.4965, 40.4284 ], [ -3.497, 40.4284 ], [ -3.4968, 40.4275 ], [ -3.4969, 40.4265 ] ] ] } },
{ "type": "Feature", "properties": { "municipio": "San Fernando de Henares", "clasificacion": "urbanizable-no-sectorizado", "calificacion": "sin-asignar", "version": "vigente", "fuente": "SIT-CAM WFS — UsoDelSuelo:VPLA_V_CLASIFICACION (https://idem.comunidad.madrid/geosrvg/ows)", "fecha_dato": "2026-05-12", "ambito": "51279", "_raw_CD_SIGLAS": "SUBNS_A", "_raw_DS_CLASIF_GEN": "Suelo Urbanizable No Programado (APLAZADO)", "_raw_DS_CLASIF_DET": "Suelo Urbanizable No Programado Sistema General", "_raw_DS_DOCU": "PLAN GENERAL", "_raw_DS_LEY": "CM Ley 9/2001, E Ley 6/1998", "_raw_FC_AC": "2002-06-06", "_raw_NM_AREA_M2": 43234.198062472802, "_cam_code": "130" }, "geometry": { "type": "Polygon", "coordinates": [ [ [ -3.4974, 40.4258 ], [ -3.4971, 40.4266 ], [ -3.497, 40.4275 ], [ -3.4972, 40.4284 ], [ -3.4992, 40.428 ], [ -3.4984, 40.4256 ], [ -3.498, 40.4249 ], [ -3.4974, 40.4258 ] ] ] } },
{ "type": "Feature", "properties": { "municipio": "San Fernando de Henares", "clasificacion": "urbanizable-sectorizado", "calificacion": "sin-asignar", "version": "vigente", "fuente": "SIT-CAM WFS — UsoDelSuelo:VPLA_V_CLASIFICACION (https://idem.comunidad.madrid/geosrvg/ows)", "fecha_dato": "2026-05-12", "ambito": "51279", "_raw_CD_SIGLAS": "SUBS", "_raw_DS_CLASIF_GEN": "Suelo Urbanizable Programado", "_raw_DS_CLASIF_DET": "Suelo Urbanizable Programado Predominante Industrial", "_raw_DS_DOCU": "PLAN GENERAL", "_raw_DS_LEY": "CM Ley 9/2001, E Ley 6/1998", "_raw_FC_AC": "2002-06-06", "_raw_NM_AREA_M2": 854201.99314283405, "_cam_code": "130" }, "geometry": { "type": "Polygon", "coordinates": [ [ [ -3.493, 40.4452 ], [ -3.4971, 40.4487 ], [ -3.5038, 40.4473 ], [ -3.5038, 40.4472 ], [ -3.5046, 40.4469 ], [ -3.5051, 40.4465 ], [ -3.505, 40.4456 ], [ -3.5045, 40.4448 ], [ -3.504, 40.4443 ], [ -3.5017, 40.4431 ], [ -3.5014, 40.4432 ], [ -3.5008, 40.4431 ], [ -3.5006, 40.4428 ], [ -3.5007, 40.4426 ], [ -3.4998, 40.4421 ], [ -3.4992, 40.4416 ], [ -3.4984, 40.4401 ], [ -3.498, 40.4399 ], [ -3.4945, 40.4406 ], [ -3.4906, 40.4416 ], [ -3.4899, 40.4423 ], [ -3.4885, 40.4455 ], [ -3.4887, 40.4487 ], [ -3.4895, 40.4482 ], [ -3.4904, 40.4481 ], [ -3.4912, 40.4475 ], [ -3.493, 40.4452 ] ] ] } },
{ "type": "Feature", "properties": { "municipio": "San Fernando de Henares", "clasificacion": "urbanizable-sectorizado", "calificacion": "sin-asignar", "version": "vigente", "fuente": "SIT-CAM WFS — UsoDelSuelo:VPLA_V_CLASIFICACION (https://idem.comunidad.madrid/geosrvg/ows)", "fecha_dato": "2026-05-12", "ambito": "51279", "_raw_CD_SIGLAS": "SUBS", "_raw_DS_CLASIF_GEN": "Suelo Urbanizable Programado", "_raw_DS_CLASIF_DET": "Suelo Urbanizable Programado en ejecución", "_raw_DS_DOCU": "PLAN GENERAL", "_raw_DS_LEY": "CM Ley 9/2001, E Ley 6/1998", "_raw_FC_AC": "2002-06-06", "_raw_NM_AREA_M2": 284016.37919036101, "_cam_code": "130" }, "geometry": { "type": "Polygon", "coordinates": [ [ [ -3.5157, 40.4573 ], [ -3.5162, 40.4579 ], [ -3.5171, 40.4585 ], [ -3.5174, 40.4589 ], [ -3.5178, 40.4603 ], [ -3.5181, 40.4605 ], [ -3.5189, 40.46 ], [ -3.5194, 40.4593 ], [ -3.5198, 40.4583 ], [ -3.52, 40.4568 ], [ -3.5197, 40.4563 ], [ -3.5186, 40.4554 ], [ -3.5172, 40.4546 ], [ -3.5171, 40.4544 ], [ -3.5155, 40.4533 ], [ -3.5153, 40.4531 ], [ -3.5153, 40.4525 ], [ -3.5151, 40.4523 ], [ -3.5137, 40.4527 ], [ -3.5137, 40.4528 ], [ -3.5134, 40.4529 ], [ -3.5133, 40.4532 ], [ -3.5113, 40.4558 ], [ -3.5147, 40.4565 ], [ -3.5151, 40.4571 ], [ -3.515, 40.4576 ], [ -3.5157, 40.4573 ] ] ] } },
{ "type": "Feature", "properties": { "municipio": "San Fernando de Henares", "clasificacion": "urbanizable-sectorizado", "calificacion": "sin-asignar", "version": "vigente", "fuente": "SIT-CAM WFS — UsoDelSuelo:VPLA_V_CLASIFICACION (https://idem.comunidad.madrid/geosrvg/ows)", "fecha_dato": "2026-05-12", "ambito": "51279", "_raw_CD_SIGLAS": "SUBS", "_raw_DS_CLASIF_GEN": "Suelo Urbanizable Programado", "_raw_DS_CLASIF_DET": "Suelo Urbanizable Programado Predominante Industrial", "_raw_DS_DOCU": "PLAN GENERAL", "_raw_DS_LEY": "CM Ley 9/2001, E Ley 6/1998", "_raw_FC_AC": "2002-06-06", "_raw_NM_AREA_M2": 31681.5191626017, "_cam_code": "130" }, "geometry": { "type": "Polygon", "coordinates": [ [ [ -3.5065, 40.4609 ], [ -3.5034, 40.4647 ], [ -3.5032, 40.4648 ], [ -3.5022, 40.4665 ], [ -3.5016, 40.4682 ], [ -3.5035, 40.4655 ], [ -3.5036, 40.4655 ], [ -3.5035, 40.4648 ], [ -3.504, 40.4646 ], [ -3.5043, 40.4643 ], [ -3.5066, 40.461 ], [ -3.507, 40.4606 ], [ -3.5065, 40.4609 ] ] ] } },
{ "type": "Feature", "properties": { "municipio": "San Fernando de Henares", "clasificacion": "urbanizable-sectorizado", "calificacion": "sin-asignar", "version": "vigente", "fuente": "SIT-CAM WFS — UsoDelSuelo:VPLA_V_CLASIFICACION (https://idem.comunidad.madrid/geosrvg/ows)", "fecha_dato": "2026-05-12", "ambito": "51279", "_raw_CD_SIGLAS": "SUBS", "_raw_DS_CLASIF_GEN": "Suelo Urbanizable Programado", "_raw_DS_CLASIF_DET": "Suelo Urbanizable Programado Predominante Industrial", "_raw_DS_DOCU": "PLAN GENERAL", "_raw_DS_LEY": "CM Ley 9/2001, E Ley 6/1998", "_raw_FC_AC": "2002-06-06", "_raw_NM_AREA_M2": 429676.81669658102, "_cam_code": "130" }, "geometry": { "type": "Polygon", "coordinates": [ [ [ -3.4893, 40.4523 ], [ -3.4951, 40.451 ], [ -3.4948, 40.4504 ], [ -3.4955, 40.4502 ], [ -3.4969, 40.4499 ], [ -3.4971, 40.4506 ], [ -3.5112, 40.4475 ], [ -3.5106, 40.4459 ], [ -3.5053, 40.447 ], [ -3.5056, 40.4477 ], [ -3.4974, 40.4491 ], [ -3.4973, 40.4492 ], [ -3.4971, 40.4487 ], [ -3.4964, 40.448 ], [ -3.493, 40.4452 ], [ -3.4912, 40.4475 ], [ -3.4904, 40.448 ], [ -3.491, 40.448 ], [ -3.4924, 40.4477 ], [ -3.4935, 40.4505 ], [ -3.4909, 40.4511 ], [ -3.4907, 40.451 ], [ -3.49, 40.4491 ], [ -3.4896, 40.4482 ], [ -3.4895, 40.4482 ], [ -3.4887, 40.4487 ], [ -3.4893, 40.4523 ] ] ] } },
{ "type": "Feature", "properties": { "municipio": "San Fernando de Henares", "clasificacion": "urbanizable-sectorizado", "calificacion": "sin-asignar", "version": "vigente", "fuente": "SIT-CAM WFS — UsoDelSuelo:VPLA_V_CLASIFICACION (https://idem.comunidad.madrid/geosrvg/ows)", "fecha_dato": "2026-05-12", "ambito": "51279", "_raw_CD_SIGLAS": "SUBS", "_raw_DS_CLASIF_GEN": "Suelo Urbanizable Programado", "_raw_DS_CLASIF_DET": "Suelo Urbanizable Programado Predominante Industrial", "_raw_DS_DOCU": "PLAN GENERAL", "_raw_DS_LEY": "CM Ley 9/2001, E Ley 6/1998", "_raw_FC_AC": "2002-06-06", "_raw_NM_AREA_M2": 761781.39964499499, "_cam_code": "130" }, "geometry": { "type": "Polygon", "coordinates": [ [ [ -3.4957, 40.4711 ], [ -3.4969, 40.4729 ], [ -3.4978, 40.4726 ], [ -3.498, 40.4722 ], [ -3.5002, 40.4698 ], [ -3.5009, 40.4673 ], [ -3.5017, 40.4656 ], [ -3.5023, 40.4647 ], [ -3.5057, 40.4605 ], [ -3.5077, 40.4588 ], [ -3.5079, 40.4585 ], [ -3.5065, 40.4581 ], [ -3.5055, 40.458 ], [ -3.5039, 40.4582 ], [ -3.5032, 40.4584 ], [ -3.5009, 40.4597 ], [ -3.4962, 40.4617 ], [ -3.4934, 40.4625 ], [ -3.4949, 40.4648 ], [ -3.4953, 40.4658 ], [ -3.4966, 40.4682 ], [ -3.4979, 40.4699 ], [ -3.4979, 40.47 ], [ -3.4957, 40.4711 ] ] ] } },
{ "type": "Feature", "properties": { "municipio": "San Fernando de Henares", "clasificacion": "urbanizable-sectorizado", "calificacion": "sin-asignar", "version": "vigente", "fuente": "SIT-CAM WFS — UsoDelSuelo:VPLA_V_CLASIFICACION (https://idem.comunidad.madrid/geosrvg/ows)", "fecha_dato": "2026-05-12", "ambito": "51279", "_raw_CD_SIGLAS": "SUBS", "_raw_DS_CLASIF_GEN": "Suelo Urbanizable Programado", "_raw_DS_CLASIF_DET": "Suelo Urbanizable Programado Predominante Industrial", "_raw_DS_DOCU": "PLAN GENERAL", "_raw_DS_LEY": "CM Ley 9/2001, E Ley 6/1998", "_raw_FC_AC": "2002-06-06", "_raw_NM_AREA_M2": 403603.41254984302, "_cam_code": "130" }, "geometry": { "type": "Polygon", "coordinates": [ [ [ -3.5045, 40.4647 ], [ -3.5044, 40.4653 ], [ -3.504, 40.4654 ], [ -3.5034, 40.4661 ], [ -3.5029, 40.467 ], [ -3.5014, 40.4689 ], [ -3.5012, 40.4695 ], [ -3.5034, 40.4679 ], [ -3.506, 40.4666 ], [ -3.5074, 40.466 ], [ -3.5107, 40.4651 ], [ -3.5116, 40.4646 ], [ -3.5118, 40.4646 ], [ -3.5127, 40.4638 ], [ -3.513, 40.4632 ], [ -3.5131, 40.4632 ], [ -3.5132, 40.4628 ], [ -3.5131, 40.462 ], [ -3.5129, 40.4615 ], [ -3.5123, 40.4609 ], [ -3.5107, 40.4598 ], [ -3.5091, 40.459 ], [ -3.5072, 40.4609 ], [ -3.5055, 40.4634 ], [ -3.5051, 40.4638 ], [ -3.5051, 40.464 ], [ -3.5059, 40.4644 ], [ -3.5065, 40.4645 ], [ -3.5062, 40.465 ], [ -3.5045, 40.4647 ] ] ] } },
{ "type": "Feature", "properties": { "municipio": "San Fernando de Henares", "clasificacion": "urbanizable-sectorizado", "calificacion": "sin-asignar", "version": "vigente", "fuente": "SIT-CAM WFS — UsoDelSuelo:VPLA_V_CLASIFICACION (https://idem.comunidad.madrid/geosrvg/ows)", "fecha_dato": "2026-05-12", "ambito": "51279", "_raw_CD_SIGLAS": "SUBS", "_raw_DS_CLASIF_GEN": "Suelo Urbanizable Programado", "_raw_DS_CLASIF_DET": "Suelo Urbanizable Programado Predominante Terciario Oficinas", "_raw_DS_DOCU": "PLAN GENERAL", "_raw_DS_LEY": "CM Ley 9/2001, E Ley 6/1998", "_raw_FC_AC": "2002-06-06", "_raw_NM_AREA_M2": 79668.128762537206, "_cam_code": "130" }, "geometry": { "type": "Polygon", "coordinates": [ [ [ -3.4924, 40.4477 ], [ -3.4896, 40.4482 ], [ -3.4907, 40.451 ], [ -3.4909, 40.4511 ], [ -3.4935, 40.4505 ], [ -3.4924, 40.4477 ] ] ] } },
{ "type": "Feature", "properties": { "municipio": "San Fernando de Henares", "clasificacion": "urbanizable-sectorizado", "calificacion": "sin-asignar", "version": "vigente", "fuente": "SIT-CAM WFS — UsoDelSuelo:VPLA_V_CLASIFICACION (https://idem.comunidad.madrid/geosrvg/ows)", "fecha_dato": "2026-05-12", "ambito": "51279", "_raw_CD_SIGLAS": "SUBS", "_raw_DS_CLASIF_GEN": "Suelo Urbanizable Programado", "_raw_DS_CLASIF_DET": "Suelo Urbanizable Programado Predominante Verde", "_raw_DS_DOCU": "PLAN GENERAL", "_raw_DS_LEY": "CM Ley 9/2001, E Ley 6/1998", "_raw_FC_AC": "2002-06-06", "_raw_NM_AREA_M2": 94415.8826516923, "_cam_code": "130" }, "geometry": { "type": "Polygon", "coordinates": [ [ [ -3.5152, 40.4575 ], [ -3.5133, 40.4602 ], [ -3.5158, 40.4609 ], [ -3.5167, 40.4609 ], [ -3.5181, 40.4605 ], [ -3.5178, 40.4603 ], [ -3.5175, 40.4591 ], [ -3.5171, 40.4585 ], [ -3.5162, 40.4579 ], [ -3.5157, 40.4573 ], [ -3.5152, 40.4575 ] ] ] } },
{ "type": "Feature", "properties": { "municipio": "San Fernando de Henares", "clasificacion": "urbanizable-sectorizado", "calificacion": "sin-asignar", "version": "vigente", "fuente": "SIT-CAM WFS — UsoDelSuelo:VPLA_V_CLASIFICACION (https://idem.comunidad.madrid/geosrvg/ows)", "fecha_dato": "2026-05-12", "ambito": "51279", "_raw_CD_SIGLAS": "SUBS", "_raw_DS_CLASIF_GEN": "Suelo Urbanizable Programado", "_raw_DS_CLASIF_DET": "Suelo Urbanizable Programado Predominante Verde", "_raw_DS_DOCU": "PLAN GENERAL", "_raw_DS_LEY": "CM Ley 9/2001, E Ley 6/1998", "_raw_FC_AC": "2002-06-06", "_raw_NM_AREA_M2": 52196.876503839601, "_cam_code": "130" }, "geometry": { "type": "Polygon", "coordinates": [ [ [ -3.5023, 40.4321 ], [ -3.5005, 40.4328 ], [ -3.5011, 40.4338 ], [ -3.5014, 40.4351 ], [ -3.5039, 40.434 ], [ -3.5023, 40.4321 ] ] ] } },
{ "type": "Feature", "properties": { "municipio": "San Fernando de Henares", "clasificacion": "urbanizable-sectorizado", "calificacion": "sin-asignar", "version": "vigente", "fuente": "SIT-CAM WFS — UsoDelSuelo:VPLA_V_CLASIFICACION (https://idem.comunidad.madrid/geosrvg/ows)", "fecha_dato": "2026-05-12", "ambito": "51279", "_raw_CD_SIGLAS": "SUBS", "_raw_DS_CLASIF_GEN": "Suelo Urbanizable Programado", "_raw_DS_CLASIF_DET": "Suelo Urbanizable Programado Predominante Verde", "_raw_DS_DOCU": "PLAN GENERAL", "_raw_DS_LEY": "CM Ley 9/2001, E Ley 6/1998", "_raw_FC_AC": "2002-06-06", "_raw_NM_AREA_M2": 81121.150580912101, "_cam_code": "130" }, "geometry": { "type": "Polygon", "coordinates": [ [ [ -3.4992, 40.428 ], [ -3.4972, 40.4284 ], [ -3.4974, 40.4287 ], [ -3.4985, 40.4296 ], [ -3.4987, 40.4301 ], [ -3.4991, 40.4306 ], [ -3.4997, 40.432 ], [ -3.5004, 40.4328 ], [ -3.5023, 40.4321 ], [ -3.5009, 40.4307 ], [ -3.4992, 40.428 ] ] ] } },
{ "type": "Feature", "properties": { "municipio": "San Fernando de Henares", "clasificacion": "urbanizable-sectorizado", "calificacion": "sin-asignar", "version": "vigente", "fuente": "SIT-CAM WFS — UsoDelSuelo:VPLA_V_CLASIFICACION (https://idem.comunidad.madrid/geosrvg/ows)", "fecha_dato": "2026-05-12", "ambito": "51279", "_raw_CD_SIGLAS": "SUBS", "_raw_DS_CLASIF_GEN": "Suelo Urbanizable Programado", "_raw_DS_CLASIF_DET": "Suelo Urbanizable Programado Sistemas Generales Verde", "_raw_DS_DOCU": "PLAN GENERAL", "_raw_DS_LEY": "CM Ley 9/2001, E Ley 6/1998", "_raw_FC_AC": "2002-06-06", "_raw_NM_AREA_M2": 58877.254565219097, "_cam_code": "130" }, "geometry": { "type": "Polygon", "coordinates": [ [ [ -3.5015, 40.4351 ], [ -3.5015, 40.4359 ], [ -3.5017, 40.4365 ], [ -3.5025, 40.4375 ], [ -3.5033, 40.4366 ], [ -3.5045, 40.4359 ], [ -3.5043, 40.4357 ], [ -3.5043, 40.4354 ], [ -3.5045, 40.4351 ], [ -3.5039, 40.434 ], [ -3.5015, 40.4351 ] ] ] } },
{ "type": "Feature", "properties": { "municipio": "San Fernando de Henares", "clasificacion": "urbanizable-sectorizado", "calificacion": "sin-asignar", "version": "vigente", "fuente": "SIT-CAM WFS — UsoDelSuelo:VPLA_V_CLASIFICACION (https://idem.comunidad.madrid/geosrvg/ows)", "fecha_dato": "2026-05-12", "ambito": "51279", "_raw_CD_SIGLAS": "SUBS", "_raw_DS_CLASIF_GEN": "Suelo Urbanizable Programado", "_raw_DS_CLASIF_DET": "Suelo Urbanizable Programado Sistemas Generales Verde", "_raw_DS_DOCU": "PLAN GENERAL", "_raw_DS_LEY": "CM Ley 9/2001, E Ley 6/1998", "_raw_FC_AC": "2002-06-06", "_raw_NM_AREA_M2": 45241.060912501402, "_cam_code": "130" }, "geometry": { "type": "Polygon", "coordinates": [ [ [ -3.5031, 40.4377 ], [ -3.504, 40.438 ], [ -3.5043, 40.4384 ], [ -3.5069, 40.437 ], [ -3.5061, 40.4366 ], [ -3.5048, 40.4364 ], [ -3.5044, 40.4361 ], [ -3.5037, 40.4365 ], [ -3.5025, 40.4376 ], [ -3.5026, 40.4377 ], [ -3.5031, 40.4377 ] ] ] } },
{ "type": "Feature", "properties": { "municipio": "San Fernando de Henares", "clasificacion": "urbanizable-sectorizado", "calificacion": "sin-asignar", "version": "vigente", "fuente": "SIT-CAM WFS — UsoDelSuelo:VPLA_V_CLASIFICACION (https://idem.comunidad.madrid/geosrvg/ows)", "fecha_dato": "2026-05-12", "ambito": "51279", "_raw_CD_SIGLAS": "SUBS", "_raw_DS_CLASIF_GEN": "Suelo Urbanizable Programado", "_raw_DS_CLASIF_DET": "Suelo Urbanizable Programado Sistemas Generales Viario", "_raw_DS_DOCU": "PLAN GENERAL", "_raw_DS_LEY": "CM Ley 9/2001, E Ley 6/1998", "_raw_FC_AC": "2002-06-06", "_raw_NM_AREA_M2": 26100.8892375328, "_cam_code": "130" }, "geometry": { "type": "Polygon", "coordinates": [ [ [ -3.5199, 40.4566 ], [ -3.52, 40.4573 ], [ -3.5197, 40.4586 ], [ -3.5194, 40.4593 ], [ -3.5189, 40.46 ], [ -3.5212, 40.4586 ], [ -3.5212, 40.4578 ], [ -3.521, 40.4575 ], [ -3.5206, 40.4573 ], [ -3.5199, 40.4566 ] ] ] } },
{ "type": "Feature", "properties": { "municipio": "San Fernando de Henares", "clasificacion": "urbanizable-sectorizado", "calificacion": "sin-asignar", "version": "vigente", "fuente": "SIT-CAM WFS — UsoDelSuelo:VPLA_V_CLASIFICACION (https://idem.comunidad.madrid/geosrvg/ows)", "fecha_dato": "2026-05-12", "ambito": "51279", "_raw_CD_SIGLAS": "SUBS", "_raw_DS_CLASIF_GEN": "Suelo Urbanizable Programado", "_raw_DS_CLASIF_DET": "Suelo Urbanizable Programado Sistemas Generales Viario", "_raw_DS_DOCU": "PLAN GENERAL", "_raw_DS_LEY": "CM Ley 9/2001, E Ley 6/1998", "_raw_FC_AC": "2002-06-06", "_raw_NM_AREA_M2": 23816.440147843099, "_cam_code": "130" }, "geometry": { "type": "Polygon", "coordinates": [ [ [ -3.4901, 40.4413 ], [ -3.4903, 40.4416 ], [ -3.5008, 40.439 ], [ -3.5017, 40.4385 ], [ -3.5024, 40.4378 ], [ -3.5022, 40.4377 ], [ -3.5019, 40.4382 ], [ -3.4999, 40.439 ], [ -3.4995, 40.439 ], [ -3.499, 40.4392 ], [ -3.4981, 40.4391 ], [ -3.4975, 40.4396 ], [ -3.4961, 40.4399 ], [ -3.495, 40.4403 ], [ -3.4945, 40.4403 ], [ -3.4937, 40.4406 ], [ -3.492, 40.4409 ], [ -3.4909, 40.4413 ], [ -3.4901, 40.4413 ] ] ] } },
{ "type": "Feature", "properties": { "municipio": "San Fernando de Henares", "clasificacion": "urbanizable-sectorizado", "calificacion": "sin-asignar", "version": "vigente", "fuente": "SIT-CAM WFS — UsoDelSuelo:VPLA_V_CLASIFICACION (https://idem.comunidad.madrid/geosrvg/ows)", "fecha_dato": "2026-05-12", "ambito": "51279", "_raw_CD_SIGLAS": "SUBS", "_raw_DS_CLASIF_GEN": "Suelo Urbanizable Programado", "_raw_DS_CLASIF_DET": "Suelo Urbanizable Programado Sistemas Generales Viario", "_raw_DS_DOCU": "PLAN GENERAL", "_raw_DS_LEY": "CM Ley 9/2001, E Ley 6/1998", "_raw_FC_AC": "2002-06-06", "_raw_NM_AREA_M2": 71284.837693473193, "_cam_code": "130" }, "geometry": { "type": "Polygon", "coordinates": [ [ [ -3.5051, 40.4465 ], [ -3.5046, 40.4469 ], [ -3.5038, 40.4472 ], [ -3.5038, 40.4473 ], [ -3.5072, 40.4466 ], [ -3.5071, 40.4465 ], [ -3.5065, 40.4465 ], [ -3.5057, 40.4461 ], [ -3.505, 40.4451 ], [ -3.5048, 40.4446 ], [ -3.5045, 40.4443 ], [ -3.5018, 40.4428 ], [ -3.5017, 40.4424 ], [ -3.5007, 40.4423 ], [ -3.5, 40.4419 ], [ -3.4993, 40.4412 ], [ -3.4988, 40.4401 ], [ -3.4991, 40.4396 ], [ -3.5003, 40.4393 ], [ -3.5016, 40.4388 ], [ -3.5026, 40.4379 ], [ -3.5025, 40.4378 ], [ -3.5017, 40.4385 ], [ -3.5008, 40.439 ], [ -3.4912, 40.4413 ], [ -3.4903, 40.4416 ], [ -3.4899, 40.4423 ], [ -3.4906, 40.4416 ], [ -3.4912, 40.4414 ], [ -3.498, 40.4399 ], [ -3.4984, 40.4401 ], [ -3.4992, 40.4416 ], [ -3.4998, 40.4421 ], [ -3.5007, 40.4426 ], [ -3.5006, 40.4428 ], [ -3.5008, 40.4431 ], [ -3.501, 40.4432 ], [ -3.5017, 40.4431 ], [ -3.504, 40.4443 ], [ -3.5045, 40.4448 ], [ -3.505, 40.4456 ], [ -3.5051, 40.446 ], [ -3.5051, 40.4465 ] ] ] } },
{ "type": "Feature", "properties": { "municipio": "San Fernando de Henares", "clasificacion": "urbanizable-sectorizado", "calificacion": "sin-asignar", "version": "vigente", "fuente": "SIT-CAM WFS — UsoDelSuelo:VPLA_V_CLASIFICACION (https://idem.comunidad.madrid/geosrvg/ows)", "fecha_dato": "2026-05-12", "ambito": "51279", "_raw_CD_SIGLAS": "SUBS", "_raw_DS_CLASIF_GEN": "Suelo Urbanizable Programado", "_raw_DS_CLASIF_DET": "Suelo Urbanizable en ejecución", "_raw_DS_DOCU": "PLAN GENERAL", "_raw_DS_LEY": "CM Ley 9/2001, E Ley 6/1998", "_raw_FC_AC": "2002-06-06", "_raw_NM_AREA_M2": 66609.904842080403, "_cam_code": "130" }, "geometry": { "type": "Polygon", "coordinates": [ [ [ -3.5241, 40.4459 ], [ -3.522, 40.4464 ], [ -3.5218, 40.4466 ], [ -3.5216, 40.4466 ], [ -3.5216, 40.4467 ], [ -3.5217, 40.4467 ], [ -3.5219, 40.4473 ], [ -3.5223, 40.4478 ], [ -3.5223, 40.448 ], [ -3.5229, 40.4491 ], [ -3.5252, 40.4484 ], [ -3.5249, 40.4473 ], [ -3.5244, 40.4466 ], [ -3.5241, 40.4459 ] ] ] } },
{ "type": "Feature", "properties": { "municipio": "San Fernando de Henares", "clasificacion": "urbanizable-sectorizado", "calificacion": "sin-asignar", "version": "vigente", "fuente": "SIT-CAM WFS — UsoDelSuelo:VPLA_V_CLASIFICACION (https://idem.comunidad.madrid/geosrvg/ows)", "fecha_dato": "2026-05-12", "ambito": "51279", "_raw_CD_SIGLAS": "SUBS", "_raw_DS_CLASIF_GEN": "Suelo Urbanizable Programado", "_raw_DS_CLASIF_DET": "Suelo Urbanizable en ejecución", "_raw_DS_DOCU": "PLAN GENERAL", "_raw_DS_LEY": "CM Ley 9/2001, E Ley 6/1998", "_raw_FC_AC": "2002-06-06", "_raw_NM_AREA_M2": 14250.5817502104, "_cam_code": "130" }, "geometry": { "type": "Polygon", "coordinates": [ [ [ -3.4969, 40.4499 ], [ -3.4955, 40.4502 ], [ -3.4948, 40.4504 ], [ -3.4951, 40.451 ], [ -3.4971, 40.4506 ], [ -3.4969, 40.4499 ] ] ] } },
{ "type": "Feature", "properties": { "municipio": "San Fernando de Henares", "clasificacion": "urbanizable-sectorizado", "calificacion": "sin-asignar", "version": "vigente", "fuente": "SIT-CAM WFS — UsoDelSuelo:VPLA_V_CLASIFICACION (https://idem.comunidad.madrid/geosrvg/ows)", "fecha_dato": "2026-05-12", "ambito": "51279", "_raw_CD_SIGLAS": "SUBS", "_raw_DS_CLASIF_GEN": "Suelo Urbanizable Programado", "_raw_DS_CLASIF_DET": "Suelo Urbanizable Programado Predominante Industrial", "_raw_DS_DOCU": "PLAN GENERAL", "_raw_DS_LEY": "CM Ley 9/2001, E Ley 6/1998", "_raw_FC_AC": "2002-06-06", "_raw_NM_AREA_M2": 39946.181474959303, "_cam_code": "130" }, "geometry": { "type": "Polygon", "coordinates": [ [ [ -3.5162, 40.452 ], [ -3.5151, 40.4523 ], [ -3.5153, 40.4525 ], [ -3.5153, 40.4531 ], [ -3.517, 40.4544 ], [ -3.5188, 40.4536 ], [ -3.5185, 40.4533 ], [ -3.5165, 40.4524 ], [ -3.5162, 40.452 ] ] ] } },
{ "type": "Feature", "properties": { "municipio": "San Fernando de Henares", "clasificacion": "urbanizable-sectorizado", "calificacion": "sin-asignar", "version": "vigente", "fuente": "SIT-CAM WFS — UsoDelSuelo:VPLA_V_CLASIFICACION (https://idem.comunidad.madrid/geosrvg/ows)", "fecha_dato": "2026-05-12", "ambito": "51279", "_raw_CD_SIGLAS": "SUBS", "_raw_DS_CLASIF_GEN": "Suelo Urbanizable Programado", "_raw_DS_CLASIF_DET": "Suelo Urbanizable Programado Predominante Industrial", "_raw_DS_DOCU": "PLAN GENERAL", "_raw_DS_LEY": "CM Ley 9/2001, E Ley 6/1998", "_raw_FC_AC": "2002-06-06", "_raw_NM_AREA_M2": 150805.093706766, "_cam_code": "130" }, "geometry": { "type": "Polygon", "coordinates": [ [ [ -3.5091, 40.4583 ], [ -3.5096, 40.4587 ], [ -3.5133, 40.4602 ], [ -3.5152, 40.4575 ], [ -3.515, 40.4576 ], [ -3.5151, 40.4571 ], [ -3.5147, 40.4565 ], [ -3.5113, 40.4558 ], [ -3.51, 40.4575 ], [ -3.5091, 40.4583 ] ] ] } },
{ "type": "Feature", "properties": { "municipio": "San Fernando de Henares", "clasificacion": "urbanizable-sectorizado", "calificacion": "sin-asignar", "version": "vigente", "fuente": "SIT-CAM WFS — UsoDelSuelo:VPLA_V_CLASIFICACION (https://idem.comunidad.madrid/geosrvg/ows)", "fecha_dato": "2026-05-12", "ambito": "51279", "_raw_CD_SIGLAS": "SUBS", "_raw_DS_CLASIF_GEN": "Suelo Urbanizable Programado", "_raw_DS_CLASIF_DET": "Suelo Urbanizable Programado Predominante Industrial", "_raw_DS_DOCU": "PLAN GENERAL", "_raw_DS_LEY": "CM Ley 9/2001, E Ley 6/1998", "_raw_FC_AC": "2002-06-06", "_raw_NM_AREA_M2": 16574.837987450101, "_cam_code": "130" }, "geometry": { "type": "Polygon", "coordinates": [ [ [ -3.5194, 40.4544 ], [ -3.5179, 40.455 ], [ -3.5186, 40.4554 ], [ -3.5197, 40.4563 ], [ -3.5199, 40.4566 ], [ -3.5198, 40.4557 ], [ -3.5194, 40.4544 ] ] ] } },
{ "type": "Feature", "properties": { "municipio": "San Fernando de Henares", "clasificacion": "urbanizable-sectorizado", "calificacion": "sin-asignar", "version": "vigente", "fuente": "SIT-CAM WFS — UsoDelSuelo:VPLA_V_CLASIFICACION (https://idem.comunidad.madrid/geosrvg/ows)", "fecha_dato": "2026-05-12", "ambito": "51279", "_raw_CD_SIGLAS": "SUBS", "_raw_DS_CLASIF_GEN": "Suelo Urbanizable Programado", "_raw_DS_CLASIF_DET": "Suelo Urbanizable en ejecución", "_raw_DS_DOCU": "PLAN GENERAL", "_raw_DS_LEY": "CM Ley 9/2001, E Ley 6/1998", "_raw_FC_AC": "2002-06-06", "_raw_NM_AREA_M2": 18196.664500077, "_cam_code": "130" }, "geometry": { "type": "Polygon", "coordinates": [ [ [ -3.5178, 40.4542 ], [ -3.5183, 40.4548 ], [ -3.5203, 40.454 ], [ -3.5196, 40.4533 ], [ -3.517, 40.4544 ], [ -3.5171, 40.4545 ], [ -3.5178, 40.4542 ] ] ] } },
{ "type": "Feature", "properties": { "municipio": "San Fernando de Henares", "clasificacion": "urbanizable-sectorizado", "calificacion": "sin-asignar", "version": "vigente", "fuente": "SIT-CAM WFS — UsoDelSuelo:VPLA_V_CLASIFICACION (https://idem.comunidad.madrid/geosrvg/ows)", "fecha_dato": "2026-05-12", "ambito": "51279", "_raw_CD_SIGLAS": "SUBS", "_raw_DS_CLASIF_GEN": "Suelo Urbanizable Programado", "_raw_DS_CLASIF_DET": "Suelo Urbanizable Programado", "_raw_DS_DOCU": "PLAN GENERAL", "_raw_DS_LEY": "CM Ley 9/2001, E Ley 6/1998", "_raw_FC_AC": "2002-06-06", "_raw_NM_AREA_M2": 2296.6794249854902, "_cam_code": "130" }, "geometry": { "type": "Polygon", "coordinates": [ [ [ -3.5212, 40.4578 ], [ -3.5212, 40.4586 ], [ -3.5218, 40.4582 ], [ -3.5212, 40.4578 ] ] ] } },
{ "type": "Feature", "properties": { "municipio": "San Fernando de Henares", "clasificacion": "urbanizable-sectorizado", "calificacion": "sin-asignar", "version": "vigente", "fuente": "SIT-CAM WFS — UsoDelSuelo:VPLA_V_CLASIFICACION (https://idem.comunidad.madrid/geosrvg/ows)", "fecha_dato": "2026-05-12", "ambito": "51279", "_raw_CD_SIGLAS": "SUBS", "_raw_DS_CLASIF_GEN": "Suelo Urbanizable Programado", "_raw_DS_CLASIF_DET": "Suelo Urbanizable Programado Predominante Industrial", "_raw_DS_DOCU": "PLAN GENERAL", "_raw_DS_LEY": "CM Ley 9/2001, E Ley 6/1998", "_raw_FC_AC": "2002-06-06", "_raw_NM_AREA_M2": 958919.07424415206, "_cam_code": "130" }, "geometry": { "type": "Polygon", "coordinates": [ [ [ -3.4901, 40.4413 ], [ -3.4909, 40.4413 ], [ -3.492, 40.4409 ], [ -3.4937, 40.4406 ], [ -3.4945, 40.4403 ], [ -3.495, 40.4403 ], [ -3.4961, 40.4399 ], [ -3.4975, 40.4396 ], [ -3.4981, 40.4391 ], [ -3.499, 40.4392 ], [ -3.4995, 40.439 ], [ -3.4999, 40.439 ], [ -3.5019, 40.4382 ], [ -3.5023, 40.4377 ], [ -3.5015, 40.4366 ], [ -3.5013, 40.4361 ], [ -3.5013, 40.4353 ], [ -3.501, 40.4347 ], [ -3.5006, 40.4333 ], [ -3.4993, 40.4319 ], [ -3.4992, 40.4315 ], [ -3.4981, 40.4295 ], [ -3.4972, 40.4288 ], [ -3.497, 40.4284 ], [ -3.4946, 40.4287 ], [ -3.4941, 40.4294 ], [ -3.494, 40.4309 ], [ -3.495, 40.4328 ], [ -3.495, 40.4333 ], [ -3.4946, 40.434 ], [ -3.4944, 40.4339 ], [ -3.4867, 40.4357 ], [ -3.4883, 40.4377 ], [ -3.4901, 40.4413 ] ] ] } },
{ "type": "Feature", "properties": { "municipio": "San Fernando de Henares", "clasificacion": "urbanizable-sectorizado", "calificacion": "sin-asignar", "version": "vigente", "fuente": "SIT-CAM WFS — UsoDelSuelo:VPLA_V_CLASIFICACION (https://idem.comunidad.madrid/geosrvg/ows)", "fecha_dato": "2026-05-12", "ambito": "51279", "_raw_CD_SIGLAS": "SUBS", "_raw_DS_CLASIF_GEN": "Suelo Urbanizable Programado", "_raw_DS_CLASIF_DET": "Suelo Urbanizable Programado Predominante Industrial", "_raw_DS_DOCU": "PLAN GENERAL", "_raw_DS_LEY": "CM Ley 9/2001, E Ley 6/1998", "_raw_FC_AC": "2002-06-06", "_raw_NM_AREA_M2": 341382.770543386, "_cam_code": "130" }, "geometry": { "type": "Polygon", "coordinates": [ [ [ -3.5065, 40.4465 ], [ -3.5075, 40.4466 ], [ -3.5077, 40.4464 ], [ -3.507, 40.4446 ], [ -3.5067, 40.4408 ], [ -3.506, 40.4406 ], [ -3.5059, 40.4403 ], [ -3.505, 40.4398 ], [ -3.5051, 40.4395 ], [ -3.5038, 40.4381 ], [ -3.5032, 40.4379 ], [ -3.5026, 40.4379 ], [ -3.5016, 40.4388 ], [ -3.5003, 40.4393 ], [ -3.4991, 40.4396 ], [ -3.4989, 40.4398 ], [ -3.4988, 40.4401 ], [ -3.4993, 40.4412 ], [ -3.5, 40.4419 ], [ -3.5007, 40.4423 ], [ -3.5017, 40.4424 ], [ -3.5018, 40.4428 ], [ -3.5045, 40.4443 ], [ -3.5048, 40.4446 ], [ -3.505, 40.4451 ], [ -3.5057, 40.4461 ], [ -3.5065, 40.4465 ] ] ] } },
{ "type": "Feature", "properties": { "municipio": "San Fernando de Henares", "clasificacion": "urbanizable-sectorizado", "calificacion": "sin-asignar", "version": "vigente", "fuente": "SIT-CAM WFS — UsoDelSuelo:VPLA_V_CLASIFICACION (https://idem.comunidad.madrid/geosrvg/ows)", "fecha_dato": "2026-05-12", "ambito": "51279", "_raw_CD_SIGLAS": "SUBS_A", "_raw_DS_CLASIF_GEN": "Suelo Urbanizable Programado (APLAZADO)", "_raw_DS_CLASIF_DET": "Suelo Urbanizable Programado Predominante Terciario Oficinas", "_raw_DS_DOCU": "PLAN GENERAL", "_raw_DS_LEY": "CM Ley 9/2001, E Ley 6/1998", "_raw_FC_AC": "2002-06-06", "_raw_NM_AREA_M2": 441524.06911205198, "_cam_code": "130" }, "geometry": { "type": "Polygon", "coordinates": [ [ [ -3.5131, 40.4679 ], [ -3.5159, 40.4689 ], [ -3.517, 40.47 ], [ -3.5286, 40.4723 ], [ -3.5294, 40.4719 ], [ -3.5278, 40.4716 ], [ -3.5271, 40.4716 ], [ -3.5271, 40.4715 ], [ -3.5253, 40.471 ], [ -3.5244, 40.4703 ], [ -3.5229, 40.47 ], [ -3.5231, 40.4699 ], [ -3.5231, 40.4682 ], [ -3.5234, 40.468 ], [ -3.5234, 40.4678 ], [ -3.5168, 40.4645 ], [ -3.5151, 40.4658 ], [ -3.5137, 40.4666 ], [ -3.5125, 40.4669 ], [ -3.5103, 40.4669 ], [ -3.51, 40.4668 ], [ -3.5087, 40.4669 ], [ -3.5109, 40.4677 ], [ -3.511, 40.4678 ], [ -3.5109, 40.4678 ], [ -3.5108, 40.4681 ], [ -3.5111, 40.4683 ], [ -3.5115, 40.4682 ], [ -3.5117, 40.468 ], [ -3.5131, 40.4679 ] ] ] } },
{ "type": "Feature", "properties": { "municipio": "San Fernando de Henares", "clasificacion": "urbanizable-sectorizado", "calificacion": "sin-asignar", "version": "vigente", "fuente": "SIT-CAM WFS — UsoDelSuelo:VPLA_V_CLASIFICACION (https://idem.comunidad.madrid/geosrvg/ows)", "fecha_dato": "2026-05-12", "ambito": "51279", "_raw_CD_SIGLAS": "SUBS_A", "_raw_DS_CLASIF_GEN": "Suelo Urbanizable Programado (APLAZADO)", "_raw_DS_CLASIF_DET": "Suelo Urbanizable Programado Predominante Terciario Oficinas", "_raw_DS_DOCU": "PLAN GENERAL", "_raw_DS_LEY": "CM Ley 9/2001, E Ley 6/1998", "_raw_FC_AC": "2002-06-06", "_raw_NM_AREA_M2": 85047.098368298699, "_cam_code": "130" }, "geometry": { "type": "Polygon", "coordinates": [ [ [ -3.5264, 40.4581 ], [ -3.5263, 40.4586 ], [ -3.5238, 40.4596 ], [ -3.5277, 40.4624 ], [ -3.5282, 40.4606 ], [ -3.528, 40.4594 ], [ -3.5279, 40.4591 ], [ -3.527, 40.4586 ], [ -3.5264, 40.4581 ] ] ] } },
{ "type": "Feature", "properties": { "municipio": "San Fernando de Henares", "clasificacion": "urbanizable-sectorizado", "calificacion": "sin-asignar", "version": "vigente", "fuente": "SIT-CAM WFS — UsoDelSuelo:VPLA_V_CLASIFICACION (https://idem.comunidad.madrid/geosrvg/ows)", "fecha_dato": "2026-05-12", "ambito": "51279", "_raw_CD_SIGLAS": "SUBS_A", "_raw_DS_CLASIF_GEN": "Suelo Urbanizable Programado (APLAZADO)", "_raw_DS_CLASIF_DET": "Suelo Urbanizable Programado Predominante Terciario Comercial", "_raw_DS_DOCU": "PLAN GENERAL", "_raw_DS_LEY": "CM Ley 9/2001, E Ley 6/1998", "_raw_FC_AC": "2002-06-06", "_raw_NM_AREA_M2": 474126.53264566901, "_cam_code": "130" }, "geometry": { "type": "Polygon", "coordinates": [ [ [ -3.5238, 40.4596 ], [ -3.5263, 40.4586 ], [ -3.5263, 40.4584 ], [ -3.5264, 40.4584 ], [ -3.5264, 40.4581 ], [ -3.5255, 40.4567 ], [ -3.5249, 40.4552 ], [ -3.5249, 40.4544 ], [ -3.5251, 40.4539 ], [ -3.5259, 40.453 ], [ -3.5268, 40.4527 ], [ -3.5279, 40.4525 ], [ -3.5289, 40.4527 ], [ -3.5263, 40.4486 ], [ -3.5232, 40.4496 ], [ -3.5218, 40.4509 ], [ -3.5204, 40.4516 ], [ -3.52, 40.4523 ], [ -3.5201, 40.4528 ], [ -3.5208, 40.4544 ], [ -3.5209, 40.4544 ], [ -3.5209, 40.4547 ], [ -3.521, 40.4547 ], [ -3.521, 40.455 ], [ -3.5211, 40.455 ], [ -3.5212, 40.4554 ], [ -3.5213, 40.4563 ], [ -3.5213, 40.4577 ], [ -3.5212, 40.4578 ], [ -3.5238, 40.4596 ] ] ] } },
{ "type": "Feature", "properties": { "municipio": "San Fernando de Henares", "clasificacion": "urbanizable-sectorizado", "calificacion": "sin-asignar", "version": "vigente", "fuente": "SIT-CAM WFS — UsoDelSuelo:VPLA_V_CLASIFICACION (https://idem.comunidad.madrid/geosrvg/ows)", "fecha_dato": "2026-05-12", "ambito": "51279", "_raw_CD_SIGLAS": "SUBS_A", "_raw_DS_CLASIF_GEN": "Suelo Urbanizable Programado (APLAZADO)", "_raw_DS_CLASIF_DET": "Suelo Urbanizable Programado Sistemas Generales Verde", "_raw_DS_DOCU": "PLAN GENERAL", "_raw_DS_LEY": "CM Ley 9/2001, E Ley 6/1998", "_raw_FC_AC": "2002-06-06", "_raw_NM_AREA_M2": 80146.670184500399, "_cam_code": "130" }, "geometry": { "type": "Polygon", "coordinates": [ [ [ -3.5259, 40.453 ], [ -3.5251, 40.4539 ], [ -3.5249, 40.4544 ], [ -3.5249, 40.4552 ], [ -3.5255, 40.4567 ], [ -3.5264, 40.4581 ], [ -3.5266, 40.4579 ], [ -3.5269, 40.4571 ], [ -3.5271, 40.4571 ], [ -3.5265, 40.4561 ], [ -3.5262, 40.4553 ], [ -3.5263, 40.4543 ], [ -3.527, 40.4536 ], [ -3.528, 40.4535 ], [ -3.5296, 40.4538 ], [ -3.5289, 40.4527 ], [ -3.528, 40.4525 ], [ -3.5268, 40.4527 ], [ -3.5259, 40.453 ] ] ] } },
{ "type": "Feature", "properties": { "municipio": "San Fernando de Henares", "clasificacion": "urbanizable-sectorizado", "calificacion": "sin-asignar", "version": "vigente", "fuente": "SIT-CAM WFS — UsoDelSuelo:VPLA_V_CLASIFICACION (https://idem.comunidad.madrid/geosrvg/ows)", "fecha_dato": "2026-05-12", "ambito": "51279", "_raw_CD_SIGLAS": "SUBS_A", "_raw_DS_CLASIF_GEN": "Suelo Urbanizable Programado (APLAZADO)", "_raw_DS_CLASIF_DET": "Suelo Urbanizable Programado", "_raw_DS_DOCU": "PLAN GENERAL", "_raw_DS_LEY": "CM Ley 9/2001, E Ley 6/1998", "_raw_FC_AC": "2002-06-06", "_raw_NM_AREA_M2": 61835.9185554996, "_cam_code": "130" }, "geometry": { "type": "Polygon", "coordinates": [ [ [ -3.5269, 40.4572 ], [ -3.5264, 40.4581 ], [ -3.527, 40.4586 ], [ -3.5279, 40.4591 ], [ -3.5282, 40.4605 ], [ -3.5277, 40.4624 ], [ -3.5287, 40.463 ], [ -3.5293, 40.4611 ], [ -3.5293, 40.4601 ], [ -3.5289, 40.4589 ], [ -3.5285, 40.4583 ], [ -3.5269, 40.4572 ] ] ] } },
{ "type": "Feature", "properties": { "municipio": "San Fernando de Henares", "clasificacion": "urbanizable-sectorizado", "calificacion": "sin-asignar", "version": "vigente", "fuente": "SIT-CAM WFS — UsoDelSuelo:VPLA_V_CLASIFICACION (https://idem.comunidad.madrid/geosrvg/ows)", "fecha_dato": "2026-05-12", "ambito": "51279", "_raw_CD_SIGLAS": "SUBS_A", "_raw_DS_CLASIF_GEN": "Suelo Urbanizable Programado (APLAZADO)", "_raw_DS_CLASIF_DET": "Suelo Urbanizable Programado Predominante Terciario Comercial", "_raw_DS_DOCU": "PLAN GENERAL", "_raw_DS_LEY": "CM Ley 9/2001, E Ley 6/1998", "_raw_FC_AC": "2002-06-06", "_raw_NM_AREA_M2": 144109.13298542699, "_cam_code": "130" }, "geometry": { "type": "Polygon", "coordinates": [ [ [ -3.527, 40.4454 ], [ -3.5252, 40.4456 ], [ -3.524, 40.4459 ], [ -3.5241, 40.4459 ], [ -3.5244, 40.4466 ], [ -3.5249, 40.4473 ], [ -3.5252, 40.4484 ], [ -3.5296, 40.4472 ], [ -3.5299, 40.447 ], [ -3.5301, 40.4468 ], [ -3.5301, 40.4465 ], [ -3.5304, 40.4462 ], [ -3.5304, 40.4452 ], [ -3.5305, 40.4452 ], [ -3.5306, 40.4438 ], [ -3.5253, 40.445 ], [ -3.5259, 40.4449 ], [ -3.5295, 40.4449 ], [ -3.5296, 40.4448 ], [ -3.5301, 40.4449 ], [ -3.5301, 40.4453 ], [ -3.5299, 40.4454 ], [ -3.527, 40.4454 ] ] ] } },
{ "type": "Feature", "properties": { "municipio": "San Fernando de Henares", "clasificacion": "urbanizable-sectorizado", "calificacion": "sin-asignar", "version": "vigente", "fuente": "SIT-CAM WFS — UsoDelSuelo:VPLA_V_CLASIFICACION (https://idem.comunidad.madrid/geosrvg/ows)", "fecha_dato": "2026-05-12", "ambito": "51279", "_raw_CD_SIGLAS": "SUBS_A", "_raw_DS_CLASIF_GEN": "Suelo Urbanizable Programado (APLAZADO)", "_raw_DS_CLASIF_DET": "Suelo Urbanizable Programado Sistemas Generales Verde", "_raw_DS_DOCU": "PLAN GENERAL", "_raw_DS_LEY": "CM Ley 9/2001, E Ley 6/1998", "_raw_FC_AC": "2002-06-06", "_raw_NM_AREA_M2": 81814.717949803802, "_cam_code": "130" }, "geometry": { "type": "Polygon", "coordinates": [ [ [ -3.5234, 40.4678 ], [ -3.5231, 40.4682 ], [ -3.5231, 40.4699 ], [ -3.5229, 40.47 ], [ -3.5244, 40.4703 ], [ -3.5253, 40.471 ], [ -3.5271, 40.4715 ], [ -3.5271, 40.4716 ], [ -3.5278, 40.4716 ], [ -3.5295, 40.4719 ], [ -3.5307, 40.4713 ], [ -3.528, 40.4707 ], [ -3.5274, 40.4707 ], [ -3.526, 40.4703 ], [ -3.5249, 40.4694 ], [ -3.5247, 40.4691 ], [ -3.5247, 40.4684 ], [ -3.5237, 40.4679 ], [ -3.5234, 40.4678 ] ] ] } },
{ "type": "Feature", "properties": { "municipio": "San Fernando de Henares", "clasificacion": "urbano-consolidado", "calificacion": "sin-asignar", "version": "vigente", "fuente": "SIT-CAM WFS — UsoDelSuelo:VPLA_V_CLASIFICACION (https://idem.comunidad.madrid/geosrvg/ows)", "fecha_dato": "2026-05-12", "ambito": "51279", "_raw_CD_SIGLAS": "SUC", "_raw_DS_CLASIF_GEN": "Suelo Urbano Consolidado", "_raw_DS_CLASIF_DET": "Suelo Urbano Consolidado Predominante Verde", "_raw_DS_DOCU": "PLAN GENERAL", "_raw_DS_LEY": "CM Ley 9/2001, E Ley 6/1998", "_raw_FC_AC": "2002-06-06", "_raw_NM_AREA_M2": 6075.8448249944104, "_cam_code": "130" }, "geometry": { "type": "Polygon", "coordinates": [ [ [ -3.5253, 40.4297 ], [ -3.5273, 40.4306 ], [ -3.5273, 40.4305 ], [ -3.5264, 40.4301 ], [ -3.5249, 40.4291 ], [ -3.5247, 40.4291 ], [ -3.5244, 40.4287 ], [ -3.5251, 40.43 ], [ -3.5253, 40.4297 ] ] ] } },
{ "type": "Feature", "properties": { "municipio": "San Fernando de Henares", "clasificacion": "urbano-consolidado", "calificacion": "sin-asignar", "version": "vigente", "fuente": "SIT-CAM WFS — UsoDelSuelo:VPLA_V_CLASIFICACION (https://idem.comunidad.madrid/geosrvg/ows)", "fecha_dato": "2026-05-12", "ambito": "51279", "_raw_CD_SIGLAS": "SUC", "_raw_DS_CLASIF_GEN": "Suelo Urbano Consolidado", "_raw_DS_CLASIF_DET": "Suelo Urbano Consolidado Predominante Residencial Multifamiliar", "_raw_DS_DOCU": "PLAN GENERAL", "_raw_DS_LEY": "CM Ley 9/2001, E Ley 6/1998", "_raw_FC_AC": "2002-06-06", "_raw_NM_AREA_M2": 11351.857662356901, "_cam_code": "130" }, "geometry": { "type": "Polygon", "coordinates": [ [ [ -3.531, 40.432 ], [ -3.5311, 40.4319 ], [ -3.5311, 40.4312 ], [ -3.5287, 40.4301 ], [ -3.5283, 40.4305 ], [ -3.5284, 40.4309 ], [ -3.531, 40.432 ] ], [ [ -3.5293, 40.4306 ], [ -3.531, 40.4312 ], [ -3.531, 40.4318 ], [ -3.5307, 40.4318 ], [ -3.529, 40.4311 ], [ -3.5293, 40.4306 ] ] ] } },
{ "type": "Feature", "properties": { "municipio": "San Fernando de Henares", "clasificacion": "urbano-consolidado", "calificacion": "sin-asignar", "version": "vigente", "fuente": "SIT-CAM WFS — UsoDelSuelo:VPLA_V_CLASIFICACION (https://idem.comunidad.madrid/geosrvg/ows)", "fecha_dato": "2026-05-12", "ambito": "51279", "_raw_CD_SIGLAS": "SUC", "_raw_DS_CLASIF_GEN": "Suelo Urbano Consolidado", "_raw_DS_CLASIF_DET": "Suelo Urbano Consolidado Predominante Terciario", "_raw_DS_DOCU": "PLAN GENERAL", "_raw_DS_LEY": "CM Ley 9/2001, E Ley 6/1998", "_raw_FC_AC": "2002-06-06", "_raw_NM_AREA_M2": 78558.848750027493, "_cam_code": "130" }, "geometry": { "type": "Polygon", "coordinates": [ [ [ -3.5092, 40.4492 ], [ -3.5101, 40.4526 ], [ -3.5121, 40.4523 ], [ -3.5124, 40.4521 ], [ -3.512, 40.4503 ], [ -3.5118, 40.4503 ], [ -3.5115, 40.449 ], [ -3.5111, 40.4488 ], [ -3.5092, 40.4492 ] ] ] } },
{ "type": "Feature", "properties": { "municipio": "San Fernando de Henares", "clasificacion": "urbano-consolidado", "calificacion": "sin-asignar", "version": "vigente", "fuente": "SIT-CAM WFS — UsoDelSuelo:VPLA_V_CLASIFICACION (https://idem.comunidad.madrid/geosrvg/ows)", "fecha_dato": "2026-05-12", "ambito": "51279", "_raw_CD_SIGLAS": "SUC", "_raw_DS_CLASIF_GEN": "Suelo Urbano Consolidado", "_raw_DS_CLASIF_DET": "Suelo Urbano Consolidado Predominante Terciario Comercial", "_raw_DS_DOCU": "PLAN GENERAL", "_raw_DS_LEY": "CM Ley 9/2001, E Ley 6/1998", "_raw_FC_AC": "2002-06-06", "_raw_NM_AREA_M2": 124913.692212225, "_cam_code": "130" }, "geometry": { "type": "Polygon", "coordinates": [ [ [ -3.527, 40.4494 ], [ -3.5287, 40.4524 ], [ -3.5289, 40.4524 ], [ -3.5322, 40.4513 ], [ -3.5318, 40.4509 ], [ -3.5305, 40.4483 ], [ -3.5299, 40.4481 ], [ -3.527, 40.4491 ], [ -3.527, 40.4494 ] ] ] } },
{ "type": "Feature", "properties": { "municipio": "San Fernando de Henares", "clasificacion": "urbano-consolidado", "calificacion": "sin-asignar", "version": "vigente", "fuente": "SIT-CAM WFS — UsoDelSuelo:VPLA_V_CLASIFICACION (https://idem.comunidad.madrid/geosrvg/ows)", "fecha_dato": "2026-05-12", "ambito": "51279", "_raw_CD_SIGLAS": "SUC", "_raw_DS_CLASIF_GEN": "Suelo Urbano Consolidado", "_raw_DS_CLASIF_DET": "Suelo Urbano Consolidado Predominante Industrial", "_raw_DS_DOCU": "PLAN GENERAL", "_raw_DS_LEY": "CM Ley 9/2001, E Ley 6/1998", "_raw_FC_AC": "2002-06-06", "_raw_NM_AREA_M2": 1276500.86375911, "_cam_code": "130" }, "geometry": { "type": "Polygon", "coordinates": [ [ [ -3.4916, 40.4598 ], [ -3.495, 40.4588 ], [ -3.4959, 40.4605 ], [ -3.5018, 40.4574 ], [ -3.5048, 40.4556 ], [ -3.5078, 40.4541 ], [ -3.5124, 40.4523 ], [ -3.5129, 40.4522 ], [ -3.5132, 40.4518 ], [ -3.5144, 40.4512 ], [ -3.5149, 40.4512 ], [ -3.5151, 40.4507 ], [ -3.5148, 40.451 ], [ -3.5136, 40.4511 ], [ -3.5131, 40.4513 ], [ -3.5121, 40.4523 ], [ -3.5101, 40.4526 ], [ -3.5092, 40.4492 ], [ -3.5111, 40.4488 ], [ -3.5115, 40.449 ], [ -3.5114, 40.4486 ], [ -3.5117, 40.4485 ], [ -3.5115, 40.4479 ], [ -3.4894, 40.4527 ], [ -3.4897, 40.4547 ], [ -3.4916, 40.4598 ] ], [ [ -3.5077, 40.4531 ], [ -3.5078, 40.4537 ], [ -3.5077, 40.454 ], [ -3.506, 40.4549 ], [ -3.5045, 40.455 ], [ -3.5039, 40.4552 ], [ -3.504, 40.4548 ], [ -3.5037, 40.4534 ], [ -3.5075, 40.453 ], [ -3.5074, 40.453 ], [ -3.5075, 40.4527 ], [ -3.5079, 40.4527 ], [ -3.508, 40.4531 ], [ -3.5077, 40.4531 ] ] ] } },
{ "type": "Feature", "properties": { "municipio": "San Fernando de Henares", "clasificacion": "urbano-consolidado", "calificacion": "sin-asignar", "version": "vigente", "fuente": "SIT-CAM WFS — UsoDelSuelo:VPLA_V_CLASIFICACION (https://idem.comunidad.madrid/geosrvg/ows)", "fecha_dato": "2026-05-12", "ambito": "51279", "_raw_CD_SIGLAS": "SUC", "_raw_DS_CLASIF_GEN": "Suelo Urbano Consolidado", "_raw_DS_CLASIF_DET": "Suelo Urbano Consolidado Predominante Residencial Multifamiliar", "_raw_DS_DOCU": "PLAN GENERAL", "_raw_DS_LEY": "CM Ley 9/2001, E Ley 6/1998", "_raw_FC_AC": "2002-06-06", "_raw_NM_AREA_M2": 76743.218000176203, "_cam_code": "130" }, "geometry": { "type": "Polygon", "coordinates": [ [ [ -3.5196, 40.4129 ], [ -3.52, 40.4141 ], [ -3.5196, 40.4142 ], [ -3.52, 40.4151 ], [ -3.5197, 40.4151 ], [ -3.5201, 40.416 ], [ -3.5237, 40.4153 ], [ -3.5241, 40.4151 ], [ -3.5224, 40.414 ], [ -3.5219, 40.4133 ], [ -3.5215, 40.4134 ], [ -3.5211, 40.413 ], [ -3.5202, 40.4128 ], [ -3.5196, 40.4129 ] ] ] } },
{ "type": "Feature", "properties": { "municipio": "San Fernando de Henares", "clasificacion": "urbano-consolidado", "calificacion": "sin-asignar", "version": "vigente", "fuente": "SIT-CAM WFS — UsoDelSuelo:VPLA_V_CLASIFICACION (https://idem.comunidad.madrid/geosrvg/ows)", "fecha_dato": "2026-05-12", "ambito": "51279", "_raw_CD_SIGLAS": "SUC", "_raw_DS_CLASIF_GEN": "Suelo Urbano Consolidado", "_raw_DS_CLASIF_DET": "Suelo Urbano Consolidado Predominante Industrial", "_raw_DS_DOCU": "PLAN GENERAL", "_raw_DS_LEY": "CM Ley 9/2001, E Ley 6/1998", "_raw_FC_AC": "2002-06-06", "_raw_NM_AREA_M2": 416592.96254390501, "_cam_code": "130" }, "geometry": { "type": "Polygon", "coordinates": [ [ [ -3.4867, 40.4357 ], [ -3.4947, 40.4339 ], [ -3.495, 40.4333 ], [ -3.495, 40.4328 ], [ -3.494, 40.4309 ], [ -3.4941, 40.4294 ], [ -3.4946, 40.4287 ], [ -3.4884, 40.4297 ], [ -3.4871, 40.4298 ], [ -3.4856, 40.4343 ], [ -3.4867, 40.4357 ] ] ] } },
{ "type": "Feature", "properties": { "municipio": "San Fernando de Henares", "clasificacion": "urbano-consolidado", "calificacion": "sin-asignar", "version": "vigente", "fuente": "SIT-CAM WFS — UsoDelSuelo:VPLA_V_CLASIFICACION (https://idem.comunidad.madrid/geosrvg/ows)", "fecha_dato": "2026-05-12", "ambito": "51279", "_raw_CD_SIGLAS": "SUC", "_raw_DS_CLASIF_GEN": "Suelo Urbano Consolidado", "_raw_DS_CLASIF_DET": "Suelo Urbano Consolidado Predominante Industrial", "_raw_DS_DOCU": "PLAN GENERAL", "_raw_DS_LEY": "CM Ley 9/2001, E Ley 6/1998", "_raw_FC_AC": "2002-06-06", "_raw_NM_AREA_M2": 167681.394769493, "_cam_code": "130" }, "geometry": { "type": "Polygon", "coordinates": [ [ [ -3.4915, 40.4267 ], [ -3.4899, 40.4282 ], [ -3.4886, 40.4291 ], [ -3.4862, 40.4298 ], [ -3.483, 40.4304 ], [ -3.4824, 40.4307 ], [ -3.4842, 40.4323 ], [ -3.4847, 40.4331 ], [ -3.4855, 40.434 ], [ -3.4869, 40.4297 ], [ -3.4946, 40.4285 ], [ -3.4924, 40.4272 ], [ -3.4935, 40.4262 ], [ -3.4929, 40.4257 ], [ -3.4918, 40.4269 ], [ -3.4915, 40.4267 ] ] ] } },
{ "type": "Feature", "properties": { "municipio": "San Fernando de Henares", "clasificacion": "urbano-consolidado", "calificacion": "sin-asignar", "version": "vigente", "fuente": "SIT-CAM WFS — UsoDelSuelo:VPLA_V_CLASIFICACION (https://idem.comunidad.madrid/geosrvg/ows)", "fecha_dato": "2026-05-12", "ambito": "51279", "_raw_CD_SIGLAS": "SUC", "_raw_DS_CLASIF_GEN": "Suelo Urbano Consolidado", "_raw_DS_CLASIF_DET": "Suelo Urbano Consolidado Predominante Verde", "_raw_DS_DOCU": "PLAN GENERAL", "_raw_DS_LEY": "CM Ley 9/2001, E Ley 6/1998", "_raw_FC_AC": "2002-06-06", "_raw_NM_AREA_M2": 28383.409949926801, "_cam_code": "130" }, "geometry": { "type": "Polygon", "coordinates": [ [ [ -3.521, 40.418 ], [ -3.5213, 40.4187 ], [ -3.5208, 40.4171 ], [ -3.5207, 40.4171 ], [ -3.5206, 40.4167 ], [ -3.5203, 40.4166 ], [ -3.5197, 40.4151 ], [ -3.52, 40.4151 ], [ -3.5196, 40.4142 ], [ -3.52, 40.4141 ], [ -3.5199, 40.4137 ], [ -3.5197, 40.4134 ], [ -3.5196, 40.4129 ], [ -3.5191, 40.4129 ], [ -3.5188, 40.4132 ], [ -3.5189, 40.4134 ], [ -3.5189, 40.4143 ], [ -3.5191, 40.415 ], [ -3.5197, 40.4162 ], [ -3.5199, 40.4163 ], [ -3.521, 40.418 ] ] ] } },
{ "type": "Feature", "properties": { "municipio": "San Fernando de Henares", "clasificacion": "urbano-consolidado", "calificacion": "sin-asignar", "version": "vigente", "fuente": "SIT-CAM WFS — UsoDelSuelo:VPLA_V_CLASIFICACION (https://idem.comunidad.madrid/geosrvg/ows)", "fecha_dato": "2026-05-12", "ambito": "51279", "_raw_CD_SIGLAS": "SUC", "_raw_DS_CLASIF_GEN": "Suelo Urbano Consolidado", "_raw_DS_CLASIF_DET": "Suelo Urbano Consolidado Predominante Verde", "_raw_DS_DOCU": "PLAN GENERAL", "_raw_DS_LEY": "CM Ley 9/2001, E Ley 6/1998", "_raw_FC_AC": "2002-06-06", "_raw_NM_AREA_M2": 117337.730349647, "_cam_code": "130" }, "geometry": { "type": "Polygon", "coordinates": [ [ [ -3.5232, 40.4267 ], [ -3.523, 40.4262 ], [ -3.5225, 40.4258 ], [ -3.5221, 40.4248 ], [ -3.5219, 40.4248 ], [ -3.5216, 40.4245 ], [ -3.5217, 40.4245 ], [ -3.5216, 40.4242 ], [ -3.522, 40.4241 ], [ -3.5218, 40.4236 ], [ -3.5285, 40.4245 ], [ -3.5287, 40.4242 ], [ -3.5283, 40.4223 ], [ -3.5278, 40.422 ], [ -3.5256, 40.4225 ], [ -3.5252, 40.4221 ], [ -3.5246, 40.4221 ], [ -3.5242, 40.4226 ], [ -3.5216, 40.4232 ], [ -3.521, 40.4215 ], [ -3.5209, 40.4229 ], [ -3.5215, 40.4233 ], [ -3.5214, 40.4237 ], [ -3.5212, 40.4238 ], [ -3.5212, 40.4241 ], [ -3.5218, 40.4251 ], [ -3.5232, 40.4267 ] ] ] } },
{ "type": "Feature", "properties": { "municipio": "San Fernando de Henares", "clasificacion": "urbano-consolidado", "calificacion": "sin-asignar", "version": "vigente", "fuente": "SIT-CAM WFS — UsoDelSuelo:VPLA_V_CLASIFICACION (https://idem.comunidad.madrid/geosrvg/ows)", "fecha_dato": "2026-05-12", "ambito": "51279", "_raw_CD_SIGLAS": "SUC", "_raw_DS_CLASIF_GEN": "Suelo Urbano Consolidado", "_raw_DS_CLASIF_DET": "Suelo Urbano Consolidado Predominante Verde", "_raw_DS_DOCU": "PLAN GENERAL", "_raw_DS_LEY": "CM Ley 9/2001, E Ley 6/1998", "_raw_FC_AC": "2002-06-06", "_raw_NM_AREA_M2": 103198.74281239101, "_cam_code": "130" }, "geometry": { "type": "Polygon", "coordinates": [ [ [ -3.5304, 40.4539 ], [ -3.5313, 40.4545 ], [ -3.5316, 40.4545 ], [ -3.533, 40.4537 ], [ -3.5334, 40.4533 ], [ -3.5339, 40.4523 ], [ -3.5339, 40.4518 ], [ -3.5336, 40.4512 ], [ -3.5325, 40.4496 ], [ -3.5315, 40.4486 ], [ -3.5312, 40.4479 ], [ -3.5311, 40.4479 ], [ -3.531, 40.4474 ], [ -3.5263, 40.4486 ], [ -3.5283, 40.4517 ], [ -3.527, 40.4494 ], [ -3.527, 40.4491 ], [ -3.5299, 40.4481 ], [ -3.5305, 40.4483 ], [ -3.5318, 40.4509 ], [ -3.532, 40.451 ], [ -3.5323, 40.4516 ], [ -3.5333, 40.4523 ], [ -3.5327, 40.453 ], [ -3.5316, 40.4539 ], [ -3.53, 40.4535 ], [ -3.5294, 40.4535 ], [ -3.5296, 40.4538 ], [ -3.5304, 40.4539 ] ] ] } },
{ "type": "Feature", "properties": { "municipio": "San Fernando de Henares", "clasificacion": "urbano-consolidado", "calificacion": "sin-asignar", "version": "vigente", "fuente": "SIT-CAM WFS — UsoDelSuelo:VPLA_V_CLASIFICACION (https://idem.comunidad.madrid/geosrvg/ows)", "fecha_dato": "2026-05-12", "ambito": "51279", "_raw_CD_SIGLAS": "SUC", "_raw_DS_CLASIF_GEN": "Suelo Urbano Consolidado", "_raw_DS_CLASIF_DET": "Suelo Urbano Consolidado Predominante Verde", "_raw_DS_DOCU": "PLAN GENERAL", "_raw_DS_LEY": "CM Ley 9/2001, E Ley 6/1998", "_raw_FC_AC": "2002-06-06", "_raw_NM_AREA_M2": 4471.2190625368903, "_cam_code": "130" }, "geometry": { "type": "Polygon", "coordinates": [ [ [ -3.5203, 40.4127 ], [ -3.5205, 40.4127 ], [ -3.5215, 40.4129 ], [ -3.5209, 40.4121 ], [ -3.5203, 40.4127 ] ] ] } },
{ "type": "Feature", "properties": { "municipio": "San Fernando de Henares", "clasificacion": "urbano-consolidado", "calificacion": "sin-asignar", "version": "vigente", "fuente": "SIT-CAM WFS — UsoDelSuelo:VPLA_V_CLASIFICACION (https://idem.comunidad.madrid/geosrvg/ows)", "fecha_dato": "2026-05-12", "ambito": "51279", "_raw_CD_SIGLAS": "SUC", "_raw_DS_CLASIF_GEN": "Suelo Urbano Consolidado", "_raw_DS_CLASIF_DET": "Suelo Urbano Consolidado Predominante Dotacional", "_raw_DS_DOCU": "PLAN GENERAL", "_raw_DS_LEY": "CM Ley 9/2001, E Ley 6/1998", "_raw_FC_AC": "2002-06-06", "_raw_NM_AREA_M2": 35522.743275087298, "_cam_code": "130" }, "geometry": { "type": "Polygon", "coordinates": [ [ [ -3.5286, 40.4219 ], [ -3.5285, 40.4222 ], [ -3.5282, 40.4222 ], [ -3.5287, 40.4242 ], [ -3.5301, 40.4232 ], [ -3.5308, 40.423 ], [ -3.5304, 40.4219 ], [ -3.5298, 40.4217 ], [ -3.5286, 40.4219 ] ] ] } },
{ "type": "Feature", "properties": { "municipio": "San Fernando de Henares", "clasificacion": "urbano-consolidado", "calificacion": "sin-asignar", "version": "vigente", "fuente": "SIT-CAM WFS — UsoDelSuelo:VPLA_V_CLASIFICACION (https://idem.comunidad.madrid/geosrvg/ows)", "fecha_dato": "2026-05-12", "ambito": "51279", "_raw_CD_SIGLAS": "SUC", "_raw_DS_CLASIF_GEN": "Suelo Urbano Consolidado", "_raw_DS_CLASIF_DET": "Suelo Urbano Consolidado Predominante Dotacional", "_raw_DS_DOCU": "PLAN GENERAL", "_raw_DS_LEY": "CM Ley 9/2001, E Ley 6/1998", "_raw_FC_AC": "2002-06-06", "_raw_NM_AREA_M2": 64477.586690873199, "_cam_code": "130" }, "geometry": { "type": "Polygon", "coordinates": [ [ [ -3.53, 40.4535 ], [ -3.5316, 40.4539 ], [ -3.5327, 40.453 ], [ -3.5333, 40.4523 ], [ -3.5323, 40.4516 ], [ -3.5322, 40.4513 ], [ -3.5321, 40.4513 ], [ -3.5287, 40.4524 ], [ -3.5294, 40.4535 ], [ -3.53, 40.4535 ] ] ] } },
{ "type": "Feature", "properties": { "municipio": "San Fernando de Henares", "clasificacion": "urbano-consolidado", "calificacion": "sin-asignar", "version": "vigente", "fuente": "SIT-CAM WFS — UsoDelSuelo:VPLA_V_CLASIFICACION (https://idem.comunidad.madrid/geosrvg/ows)", "fecha_dato": "2026-05-12", "ambito": "51279", "_raw_CD_SIGLAS": "SUC", "_raw_DS_CLASIF_GEN": "Suelo Urbano Consolidado", "_raw_DS_CLASIF_DET": "Suelo Urbano Consolidado Predominante Industrial", "_raw_DS_DOCU": "PLAN GENERAL", "_raw_DS_LEY": "CM Ley 9/2001, E Ley 6/1998", "_raw_FC_AC": "2002-06-06", "_raw_NM_AREA_M2": 14833.8166999615, "_cam_code": "130" }, "geometry": { "type": "Polygon", "coordinates": [ [ [ -3.5311, 40.4319 ], [ -3.531, 40.432 ], [ -3.5317, 40.4323 ], [ -3.5327, 40.4321 ], [ -3.5324, 40.431 ], [ -3.5311, 40.4312 ], [ -3.5311, 40.4319 ] ] ] } },
{ "type": "Feature", "properties": { "municipio": "San Fernando de Henares", "clasificacion": "urbano-consolidado", "calificacion": "sin-asignar", "version": "vigente", "fuente": "SIT-CAM WFS — UsoDelSuelo:VPLA_V_CLASIFICACION (https://idem.comunidad.madrid/geosrvg/ows)", "fecha_dato": "2026-05-12", "ambito": "51279", "_raw_CD_SIGLAS": "SUC", "_raw_DS_CLASIF_GEN": "Suelo Urbano Consolidado", "_raw_DS_CLASIF_DET": "Suelo Urbano Consolidado Predominante Industrial", "_raw_DS_DOCU": "PLAN GENERAL", "_raw_DS_LEY": "CM Ley 9/2001, E Ley 6/1998", "_raw_FC_AC": "2002-06-06", "_raw_NM_AREA_M2": 47833.132803785898, "_cam_code": "130" }, "geometry": { "type": "Polygon", "coordinates": [ [ [ -3.5053, 40.447 ], [ -3.4971, 40.4487 ], [ -3.4971, 40.4488 ], [ -3.4973, 40.4492 ], [ -3.4974, 40.4491 ], [ -3.5056, 40.4477 ], [ -3.5053, 40.447 ] ] ] } },
{ "type": "Feature", "properties": { "municipio": "San Fernando de Henares", "clasificacion": "urbano-consolidado", "calificacion": "sin-asignar", "version": "vigente", "fuente": "SIT-CAM WFS — UsoDelSuelo:VPLA_V_CLASIFICACION (https://idem.comunidad.madrid/geosrvg/ows)", "fecha_dato": "2026-05-12", "ambito": "51279", "_raw_CD_SIGLAS": "SUC", "_raw_DS_CLASIF_GEN": "Suelo Urbano Consolidado", "_raw_DS_CLASIF_DET": "Suelo Urbano Consolidado Predominante Residencial Multifamiliar", "_raw_DS_DOCU": "PLAN GENERAL", "_raw_DS_LEY": "CM Ley 9/2001, E Ley 6/1998", "_raw_FC_AC": "2002-06-06", "_raw_NM_AREA_M2": 991039.78237813804, "_cam_code": "130" }, "geometry": { "type": "Polygon", "coordinates": [ [ [ -3.5314, 40.4311 ], [ -3.5312, 40.4311 ], [ -3.5312, 40.4312 ], [ -3.5313, 40.4311 ], [ -3.5314, 40.4311 ], [ -3.5318, 40.4311 ], [ -3.5324, 40.431 ], [ -3.5322, 40.43 ], [ -3.5335, 40.4299 ], [ -3.5335, 40.4298 ], [ -3.538, 40.4298 ], [ -3.5378, 40.4293 ], [ -3.5375, 40.4273 ], [ -3.5372, 40.4262 ], [ -3.5369, 40.4234 ], [ -3.5352, 40.423 ], [ -3.5352, 40.4229 ], [ -3.535, 40.4229 ], [ -3.5343, 40.4224 ], [ -3.5342, 40.4222 ], [ -3.5338, 40.422 ], [ -3.5335, 40.4217 ], [ -3.5341, 40.4209 ], [ -3.5312, 40.4201 ], [ -3.5277, 40.4177 ], [ -3.5262, 40.4169 ], [ -3.5232, 40.4176 ], [ -3.5248, 40.4221 ], [ -3.5252, 40.4221 ], [ -3.5256, 40.4225 ], [ -3.5278, 40.422 ], [ -3.5282, 40.4222 ], [ -3.5285, 40.4222 ], [ -3.5286, 40.4219 ], [ -3.5298, 40.4217 ], [ -3.5304, 40.4219 ], [ -3.5308, 40.423 ], [ -3.5301, 40.4232 ], [ -3.5296, 40.4235 ], [ -3.5287, 40.4242 ], [ -3.5285, 40.4245 ], [ -3.5229, 40.4238 ], [ -3.523, 40.4243 ], [ -3.5286, 40.425 ], [ -3.5287, 40.4262 ], [ -3.5254, 40.427 ], [ -3.5261, 40.4282 ], [ -3.5269, 40.429 ], [ -3.5282, 40.4299 ], [ -3.5287, 40.4301 ], [ -3.5291, 40.4295 ], [ -3.5308, 40.4293 ], [ -3.531, 40.4308 ], [ -3.5313, 40.4307 ], [ -3.5314, 40.4311 ] ], [ [ -3.5343, 40.426 ], [ -3.5343, 40.4263 ], [ -3.5336, 40.4265 ], [ -3.5333, 40.4275 ], [ -3.533, 40.4276 ], [ -3.5323, 40.4275 ], [ -3.5325, 40.4274 ], [ -3.5329, 40.4261 ], [ -3.5331, 40.4262 ], [ -3.5332, 40.4262 ], [ -3.5332, 40.426 ], [ -3.5336, 40.4262 ], [ -3.534, 40.4261 ], [ -3.5341, 40.4263 ], [ -3.5342, 40.4262 ], [ -3.5341, 40.4261 ], [ -3.5343, 40.426 ] ] ] } },
{ "type": "Feature", "properties": { "municipio": "San Fernando de Henares", "clasificacion": "urbano-consolidado", "calificacion": "sin-asignar", "version": "vigente", "fuente": "SIT-CAM WFS — UsoDelSuelo:VPLA_V_CLASIFICACION (https://idem.comunidad.madrid/geosrvg/ows)", "fecha_dato": "2026-05-12", "ambito": "51279", "_raw_CD_SIGLAS": "SUC", "_raw_DS_CLASIF_GEN": "Suelo Urbano Consolidado", "_raw_DS_CLASIF_DET": "Suelo Urbano Consolidado Predominante Verde", "_raw_DS_DOCU": "PLAN GENERAL", "_raw_DS_LEY": "CM Ley 9/2001, E Ley 6/1998", "_raw_FC_AC": "2002-06-06", "_raw_NM_AREA_M2": 16545.3746251349, "_cam_code": "130" }, "geometry": { "type": "Polygon", "coordinates": [ [ [ -3.5243, 40.4273 ], [ -3.5239, 40.4277 ], [ -3.524, 40.4277 ], [ -3.5242, 40.4283 ], [ -3.5248, 40.4289 ], [ -3.5275, 40.4304 ], [ -3.5263, 40.4296 ], [ -3.5251, 40.4284 ], [ -3.5246, 40.4272 ], [ -3.5243, 40.4273 ] ] ] } },
{ "type": "Feature", "properties": { "municipio": "San Fernando de Henares", "clasificacion": "urbano-consolidado", "calificacion": "sin-asignar", "version": "vigente", "fuente": "SIT-CAM WFS — UsoDelSuelo:VPLA_V_CLASIFICACION (https://idem.comunidad.madrid/geosrvg/ows)", "fecha_dato": "2026-05-12", "ambito": "51279", "_raw_CD_SIGLAS": "SUC", "_raw_DS_CLASIF_GEN": "Suelo Urbano Consolidado", "_raw_DS_CLASIF_DET": "Suelo Urbano Consolidado Predominante Verde", "_raw_DS_DOCU": "PLAN GENERAL", "_raw_DS_LEY": "CM Ley 9/2001, E Ley 6/1998", "_raw_FC_AC": "2002-06-06", "_raw_NM_AREA_M2": 214.16487501047601, "_cam_code": "130" }, "geometry": { "type": "Polygon", "coordinates": [ [ [ -3.5238, 40.4277 ], [ -3.5237, 40.4278 ], [ -3.524, 40.4281 ], [ -3.524, 40.428 ], [ -3.5239, 40.428 ], [ -3.5238, 40.4277 ] ] ] } },
{ "type": "Feature", "properties": { "municipio": "San Fernando de Henares", "clasificacion": "urbano-consolidado", "calificacion": "sin-asignar", "version": "vigente", "fuente": "SIT-CAM WFS — UsoDelSuelo:VPLA_V_CLASIFICACION (https://idem.comunidad.madrid/geosrvg/ows)", "fecha_dato": "2026-05-12", "ambito": "51279", "_raw_CD_SIGLAS": "SUC", "_raw_DS_CLASIF_GEN": "Suelo Urbano Consolidado", "_raw_DS_CLASIF_DET": "Suelo Urbano Consolidado Predominante Residencial Unifamiliar", "_raw_DS_DOCU": "PLAN GENERAL", "_raw_DS_LEY": "CM Ley 9/2001, E Ley 6/1998", "_raw_FC_AC": "2002-06-06", "_raw_NM_AREA_M2": 268205.09195050201, "_cam_code": "130" }, "geometry": { "type": "Polygon", "coordinates": [ [ [ -3.5251, 40.43 ], [ -3.5259, 40.4313 ], [ -3.5265, 40.4333 ], [ -3.5318, 40.4323 ], [ -3.5284, 40.4309 ], [ -3.5283, 40.4305 ], [ -3.5287, 40.4301 ], [ -3.5277, 40.4296 ], [ -3.5269, 40.429 ], [ -3.5261, 40.4282 ], [ -3.5254, 40.427 ], [ -3.5287, 40.4262 ], [ -3.5286, 40.425 ], [ -3.523, 40.4243 ], [ -3.5229, 40.4238 ], [ -3.5218, 40.4236 ], [ -3.522, 40.4241 ], [ -3.5216, 40.4242 ], [ -3.5217, 40.4245 ], [ -3.5216, 40.4245 ], [ -3.5219, 40.4248 ], [ -3.5221, 40.4248 ], [ -3.5225, 40.4258 ], [ -3.523, 40.4262 ], [ -3.5232, 40.4267 ], [ -3.524, 40.4275 ], [ -3.5246, 40.4272 ], [ -3.5251, 40.4284 ], [ -3.5263, 40.4296 ], [ -3.5275, 40.4304 ], [ -3.5273, 40.4306 ], [ -3.5253, 40.4297 ], [ -3.5251, 40.43 ] ] ] } },
{ "type": "Feature", "properties": { "municipio": "San Fernando de Henares", "clasificacion": "urbano-consolidado", "calificacion": "sin-asignar", "version": "vigente", "fuente": "SIT-CAM WFS — UsoDelSuelo:VPLA_V_CLASIFICACION (https://idem.comunidad.madrid/geosrvg/ows)", "fecha_dato": "2026-05-12", "ambito": "51279", "_raw_CD_SIGLAS": "SUC", "_raw_DS_CLASIF_GEN": "Suelo Urbano Consolidado", "_raw_DS_CLASIF_DET": "Suelo Urbano Consolidado Predominante Residencial Unifamiliar", "_raw_DS_DOCU": "PLAN GENERAL", "_raw_DS_LEY": "CM Ley 9/2001, E Ley 6/1998", "_raw_FC_AC": "2002-06-06", "_raw_NM_AREA_M2": 231330.77657794001, "_cam_code": "130" }, "geometry": { "type": "Polygon", "coordinates": [ [ [ -3.521, 40.4215 ], [ -3.5216, 40.4232 ], [ -3.5242, 40.4226 ], [ -3.5246, 40.4221 ], [ -3.5248, 40.4221 ], [ -3.5232, 40.4176 ], [ -3.5262, 40.4169 ], [ -3.5251, 40.4163 ], [ -3.5245, 40.4154 ], [ -3.5241, 40.4151 ], [ -3.5237, 40.4153 ], [ -3.5201, 40.416 ], [ -3.5203, 40.4166 ], [ -3.5206, 40.4167 ], [ -3.5207, 40.4171 ], [ -3.5208, 40.4171 ], [ -3.5213, 40.4186 ], [ -3.5212, 40.4186 ], [ -3.5213, 40.4186 ], [ -3.5212, 40.4187 ], [ -3.5212, 40.4186 ], [ -3.5212, 40.4186 ], [ -3.5212, 40.4186 ], [ -3.5212, 40.4186 ], [ -3.5212, 40.4186 ], [ -3.5212, 40.4187 ], [ -3.5212, 40.4188 ], [ -3.5213, 40.4188 ], [ -3.5213, 40.4191 ], [ -3.5212, 40.4192 ], [ -3.521, 40.4215 ] ] ] } },
{ "type": "Feature", "properties": { "municipio": "San Fernando de Henares", "clasificacion": "urbano-consolidado", "calificacion": "sin-asignar", "version": "vigente", "fuente": "SIT-CAM WFS — UsoDelSuelo:VPLA_V_CLASIFICACION (https://idem.comunidad.madrid/geosrvg/ows)", "fecha_dato": "2026-05-12", "ambito": "51279", "_raw_CD_SIGLAS": "SUC", "_raw_DS_CLASIF_GEN": "Suelo Urbano Consolidado", "_raw_DS_CLASIF_DET": "Suelo Urbano Consolidado", "_raw_DS_DOCU": "PLAN GENERAL", "_raw_DS_LEY": "CM Ley 9/2001, E Ley 6/1998", "_raw_FC_AC": "2002-06-06", "_raw_NM_AREA_M2": 4260.90446253352, "_cam_code": "130" }, "geometry": { "type": "Polygon", "coordinates": [ [ [ -3.5171, 40.4545 ], [ -3.5179, 40.455 ], [ -3.5183, 40.4548 ], [ -3.5178, 40.4542 ], [ -3.5171, 40.4545 ] ] ] } },
{ "type": "Feature", "properties": { "municipio": "San Fernando de Henares", "clasificacion": "urbano-consolidado", "calificacion": "sin-asignar", "version": "vigente", "fuente": "SIT-CAM WFS — UsoDelSuelo:VPLA_V_CLASIFICACION (https://idem.comunidad.madrid/geosrvg/ows)", "fecha_dato": "2026-05-12", "ambito": "51279", "_raw_CD_SIGLAS": "SUC_A", "_raw_DS_CLASIF_GEN": "Suelo Urbano Consolidado (APLAZADO)", "_raw_DS_CLASIF_DET": "Suelo Urbano Consolidado Predominante Residencial Multifamiliar", "_raw_DS_DOCU": "PLAN GENERAL", "_raw_DS_LEY": "CM Ley 9/2001, E Ley 6/1998", "_raw_FC_AC": "2002-06-06", "_raw_NM_AREA_M2": 10983.0839750911, "_cam_code": "130" }, "geometry": { "type": "Polygon", "coordinates": [ [ [ -3.5293, 40.4306 ], [ -3.529, 40.4311 ], [ -3.5307, 40.4318 ], [ -3.531, 40.4318 ], [ -3.531, 40.4312 ], [ -3.5293, 40.4306 ] ] ] } },
{ "type": "Feature", "properties": { "municipio": "San Fernando de Henares", "clasificacion": "urbano-no-consolidado", "calificacion": "sin-asignar", "version": "vigente", "fuente": "SIT-CAM WFS — UsoDelSuelo:VPLA_V_CLASIFICACION (https://idem.comunidad.madrid/geosrvg/ows)", "fecha_dato": "2026-05-12", "ambito": "51279", "_raw_CD_SIGLAS": "SUNC", "_raw_DS_CLASIF_GEN": "Suelo Urbano No Consolidado", "_raw_DS_CLASIF_DET": "Sistemas Generales Viario", "_raw_DS_DOCU": "PLAN GENERAL", "_raw_DS_LEY": "CM Ley 9/2001, E Ley 6/1998", "_raw_FC_AC": "2002-06-06", "_raw_NM_AREA_M2": 13053.2108244132, "_cam_code": "130" }, "geometry": { "type": "Polygon", "coordinates": [ [ [ -3.5206, 40.4472 ], [ -3.5216, 40.4466 ], [ -3.5212, 40.4458 ], [ -3.5199, 40.4461 ], [ -3.52, 40.4466 ], [ -3.5204, 40.4465 ], [ -3.5206, 40.4472 ] ] ] } },
{ "type": "Feature", "properties": { "municipio": "San Fernando de Henares", "clasificacion": "urbano-no-consolidado", "calificacion": "sin-asignar", "version": "vigente", "fuente": "SIT-CAM WFS — UsoDelSuelo:VPLA_V_CLASIFICACION (https://idem.comunidad.madrid/geosrvg/ows)", "fecha_dato": "2026-05-12", "ambito": "51279", "_raw_CD_SIGLAS": "SUNC", "_raw_DS_CLASIF_GEN": "Suelo Urbano No Consolidado", "_raw_DS_CLASIF_DET": "Suelo Urbano No Consolidado Predominante Terciario Oficinas", "_raw_DS_DOCU": "PLAN GENERAL", "_raw_DS_LEY": "CM Ley 9/2001, E Ley 6/1998", "_raw_FC_AC": "2002-06-06", "_raw_NM_AREA_M2": 68443.745825141101, "_cam_code": "130" }, "geometry": { "type": "Polygon", "coordinates": [ [ [ -3.495, 40.4588 ], [ -3.4916, 40.4598 ], [ -3.4929, 40.4617 ], [ -3.4959, 40.4605 ], [ -3.495, 40.4588 ] ] ] } },
{ "type": "Feature", "properties": { "municipio": "San Fernando de Henares", "clasificacion": "urbano-no-consolidado", "calificacion": "sin-asignar", "version": "vigente", "fuente": "SIT-CAM WFS — UsoDelSuelo:VPLA_V_CLASIFICACION (https://idem.comunidad.madrid/geosrvg/ows)", "fecha_dato": "2026-05-12", "ambito": "51279", "_raw_CD_SIGLAS": "SUNC", "_raw_DS_CLASIF_GEN": "Suelo Urbano No Consolidado", "_raw_DS_CLASIF_DET": "Suelo Urbano No Consolidado Predominante Terciario Oficinas", "_raw_DS_DOCU": "PLAN GENERAL", "_raw_DS_LEY": "CM Ley 9/2001, E Ley 6/1998", "_raw_FC_AC": "2002-06-06", "_raw_NM_AREA_M2": 73449.845427460896, "_cam_code": "130" }, "geometry": { "type": "Polygon", "coordinates": [ [ [ -3.5216, 40.4466 ], [ -3.5202, 40.4474 ], [ -3.5195, 40.4481 ], [ -3.5192, 40.4492 ], [ -3.5192, 40.4503 ], [ -3.5229, 40.4491 ], [ -3.5223, 40.448 ], [ -3.5223, 40.4478 ], [ -3.5219, 40.4473 ], [ -3.5217, 40.4467 ], [ -3.5216, 40.4466 ] ] ] } },
{ "type": "Feature", "properties": { "municipio": "San Fernando de Henares", "clasificacion": "urbano-no-consolidado", "calificacion": "sin-asignar", "version": "vigente", "fuente": "SIT-CAM WFS — UsoDelSuelo:VPLA_V_CLASIFICACION (https://idem.comunidad.madrid/geosrvg/ows)", "fecha_dato": "2026-05-12", "ambito": "51279", "_raw_CD_SIGLAS": "SUNC", "_raw_DS_CLASIF_GEN": "Suelo Urbano No Consolidado", "_raw_DS_CLASIF_DET": "Suelo Urbano No Consolidado Predominante Terciario Oficinas", "_raw_DS_DOCU": "PLAN GENERAL", "_raw_DS_LEY": "CM Ley 9/2001, E Ley 6/1998", "_raw_FC_AC": "2002-06-06", "_raw_NM_AREA_M2": 57088.135825004101, "_cam_code": "130" }, "geometry": { "type": "Polygon", "coordinates": [ [ [ -3.5037, 40.4534 ], [ -3.504, 40.4548 ], [ -3.5039, 40.4552 ], [ -3.5045, 40.455 ], [ -3.506, 40.4549 ], [ -3.5077, 40.454 ], [ -3.5077, 40.4538 ], [ -3.5078, 40.4538 ], [ -3.5077, 40.4531 ], [ -3.508, 40.4531 ], [ -3.508, 40.4528 ], [ -3.5075, 40.4527 ], [ -3.5074, 40.453 ], [ -3.5075, 40.453 ], [ -3.5037, 40.4534 ] ] ] } },
{ "type": "Feature", "properties": { "municipio": "San Fernando de Henares", "clasificacion": "urbano-no-consolidado", "calificacion": "sin-asignar", "version": "vigente", "fuente": "SIT-CAM WFS — UsoDelSuelo:VPLA_V_CLASIFICACION (https://idem.comunidad.madrid/geosrvg/ows)", "fecha_dato": "2026-05-12", "ambito": "51279", "_raw_CD_SIGLAS": "SUNC", "_raw_DS_CLASIF_GEN": "Suelo Urbano No Consolidado", "_raw_DS_CLASIF_DET": "Suelo Urbano No Consolidado Predominante Residencial Multifamiliar", "_raw_DS_DOCU": "PLAN GENERAL", "_raw_DS_LEY": "CM Ley 9/2001, E Ley 6/1998", "_raw_FC_AC": "2002-06-06", "_raw_NM_AREA_M2": 12478.1176374359, "_cam_code": "130" }, "geometry": { "type": "Polygon", "coordinates": [ [ [ -3.5323, 40.4275 ], [ -3.5326, 40.4276 ], [ -3.5333, 40.4275 ], [ -3.5336, 40.4265 ], [ -3.5343, 40.4263 ], [ -3.5343, 40.426 ], [ -3.5341, 40.4261 ], [ -3.5342, 40.4262 ], [ -3.5341, 40.4263 ], [ -3.534, 40.4261 ], [ -3.5336, 40.4262 ], [ -3.5332, 40.426 ], [ -3.5332, 40.4262 ], [ -3.5329, 40.4261 ], [ -3.5325, 40.4274 ], [ -3.5323, 40.4275 ] ] ] } },
{ "type": "Feature", "properties": { "municipio": "San Fernando de Henares", "clasificacion": "urbano-no-consolidado", "calificacion": "sin-asignar", "version": "vigente", "fuente": "SIT-CAM WFS — UsoDelSuelo:VPLA_V_CLASIFICACION (https://idem.comunidad.madrid/geosrvg/ows)", "fecha_dato": "2026-05-12", "ambito": "51279", "_raw_CD_SIGLAS": "SUNC", "_raw_DS_CLASIF_GEN": "Suelo Urbano No Consolidado", "_raw_DS_CLASIF_DET": "Suelo Urbano No Consolidado Predominante Residencial Multifamiliar", "_raw_DS_DOCU": "PLAN GENERAL", "_raw_DS_LEY": "CM Ley 9/2001, E Ley 6/1998", "_raw_FC_AC": "2002-06-06", "_raw_NM_AREA_M2": 25216.991799864001, "_cam_code": "130" }, "geometry": { "type": "Polygon", "coordinates": [ [ [ -3.5287, 40.4301 ], [ -3.5311, 40.4312 ], [ -3.5314, 40.4311 ], [ -3.5313, 40.4307 ], [ -3.531, 40.4308 ], [ -3.5308, 40.4293 ], [ -3.5291, 40.4295 ], [ -3.5287, 40.43 ], [ -3.5287, 40.4301 ] ] ] } },
{ "type": "Feature", "properties": { "municipio": "San Fernando de Henares", "clasificacion": "urbano-no-consolidado", "calificacion": "sin-asignar", "version": "vigente", "fuente": "SIT-CAM WFS — UsoDelSuelo:VPLA_V_CLASIFICACION (https://idem.comunidad.madrid/geosrvg/ows)", "fecha_dato": "2026-05-12", "ambito": "51279", "_raw_CD_SIGLAS": "SUNC", "_raw_DS_CLASIF_GEN": "Suelo Urbano No Consolidado", "_raw_DS_CLASIF_DET": "Suelo Urbano No Consolidado Predominante Terciario Oficinas", "_raw_DS_DOCU": "PLAN GENERAL", "_raw_DS_LEY": "CM Ley 9/2001, E Ley 6/1998", "_raw_FC_AC": "2002-06-06", "_raw_NM_AREA_M2": 28740.546562533898, "_cam_code": "130" }, "geometry": { "type": "Polygon", "coordinates": [ [ [ -3.512, 40.4503 ], [ -3.5124, 40.4521 ], [ -3.5126, 40.4517 ], [ -3.5131, 40.4513 ], [ -3.5136, 40.4511 ], [ -3.5148, 40.451 ], [ -3.5151, 40.4507 ], [ -3.5152, 40.45 ], [ -3.5144, 40.4503 ], [ -3.512, 40.4503 ] ] ] } },
{ "type": "Feature", "properties": { "municipio": "San Fernando de Henares", "clasificacion": "urbano-no-consolidado", "calificacion": "sin-asignar", "version": "vigente", "fuente": "SIT-CAM WFS — UsoDelSuelo:VPLA_V_CLASIFICACION (https://idem.comunidad.madrid/geosrvg/ows)", "fecha_dato": "2026-05-12", "ambito": "51279", "_raw_CD_SIGLAS": "SUNC", "_raw_DS_CLASIF_GEN": "Suelo Urbano No Consolidado", "_raw_DS_CLASIF_DET": "Suelo Urbano No Consolidado Predominante Industrial", "_raw_DS_DOCU": "PLAN GENERAL", "_raw_DS_LEY": "CM Ley 9/2001, E Ley 6/1998", "_raw_FC_AC": "2002-06-06", "_raw_NM_AREA_M2": 72369.982217961195, "_cam_code": "130" }, "geometry": { "type": "Polygon", "coordinates": [ [ [ -3.5118, 40.4503 ], [ -3.5144, 40.4503 ], [ -3.5152, 40.45 ], [ -3.5153, 40.4497 ], [ -3.5151, 40.4491 ], [ -3.5142, 40.4482 ], [ -3.514, 40.4482 ], [ -3.5137, 40.4479 ], [ -3.5134, 40.4478 ], [ -3.512, 40.4479 ], [ -3.512, 40.4478 ], [ -3.5115, 40.4479 ], [ -3.5117, 40.4485 ], [ -3.5114, 40.4486 ], [ -3.5118, 40.4503 ] ] ] } }
]
}
