{
"type": "FeatureCollection",
"name": "vigente.full",
"features": [
{ "type": "Feature", "properties": { "municipio": "Sevilla la Nueva", "clasificacion": "no-urbanizable-protegido", "calificacion": "sin-asignar", "version": "vigente", "fuente": "SIT-CAM WFS — UsoDelSuelo:VPLA_V_CLASIFICACION (https://idem.comunidad.madrid/geosrvg/ows)", "fecha_dato": "2026-05-12", "ambito": "44768", "_raw_CD_SIGLAS": "SNUP", "_raw_DS_CLASIF_GEN": "Suelo No Urbanizable Protegido", "_raw_DS_CLASIF_DET": "Suelo No Urbanizable. Clase V. Espacios de interés edafológico. Reserva de infraestructuras regionales - Suelo No Urbanizable. Clase I. ZEPA - Suelo No Urbanizable. Clase I. Vías Pecuarias", "_raw_DS_DOCU": "NORMAS SUBSIDIARIAS", "_raw_DS_LEY": "CM Ley 9/1995, E Ley 6/1998, E RDL 1/1992, E RD 1346/1976", "_raw_FC_AC": "2001-01-11", "_raw_NM_AREA_M2": 1302.1152198806701, "_cam_code": "141" }, "geometry": { "type": "Polygon", "coordinates": [ [ [ -4.0161, 40.353 ], [ -4.0169, 40.3532 ], [ -4.0171, 40.3531 ], [ -4.0172, 40.3531 ], [ -4.0174, 40.3531 ], [ -4.0177, 40.3532 ], [ -4.0181, 40.3532 ], [ -4.0181, 40.3531 ], [ -4.0179, 40.3531 ], [ -4.0175, 40.3531 ], [ -4.0173, 40.3531 ], [ -4.0169, 40.3531 ], [ -4.0167, 40.3531 ], [ -4.0161, 40.3529 ], [ -4.0161, 40.353 ] ] ] } },
{ "type": "Feature", "properties": { "municipio": "Sevilla la Nueva", "clasificacion": "no-urbanizable-protegido", "calificacion": "sin-asignar", "version": "vigente", "fuente": "SIT-CAM WFS — UsoDelSuelo:VPLA_V_CLASIFICACION (https://idem.comunidad.madrid/geosrvg/ows)", "fecha_dato": "2026-05-12", "ambito": "44768", "_raw_CD_SIGLAS": "SNUP", "_raw_DS_CLASIF_GEN": "Suelo No Urbanizable Protegido", "_raw_DS_CLASIF_DET": "Suelo No Urbanizable. Clase III. Espacios de interés forestal y paisajístico. Reserva de infraestructuras regionales - Suelo No Urbanizable. Clase I. ZEPA", "_raw_DS_DOCU": "NORMAS SUBSIDIARIAS", "_raw_DS_LEY": "CM Ley 9/1995, E Ley 6/1998, E RDL 1/1992, E RD 1346/1976", "_raw_FC_AC": "2001-01-11", "_raw_NM_AREA_M2": 156099.149749134, "_cam_code": "141" }, "geometry": { "type": "Polygon", "coordinates": [ [ [ -4.0115, 40.3654 ], [ -4.0121, 40.3656 ], [ -4.0128, 40.3661 ], [ -4.0133, 40.3668 ], [ -4.0131, 40.3649 ], [ -4.0132, 40.3639 ], [ -4.0153, 40.3586 ], [ -4.0146, 40.3582 ], [ -4.0145, 40.3582 ], [ -4.0143, 40.3581 ], [ -4.0153, 40.3586 ], [ -4.0167, 40.3553 ], [ -4.0157, 40.3556 ], [ -4.0145, 40.3571 ], [ -4.012, 40.3622 ], [ -4.0119, 40.3626 ], [ -4.0118, 40.3626 ], [ -4.0114, 40.3645 ], [ -4.0115, 40.3654 ] ] ] } },
{ "type": "Feature", "properties": { "municipio": "Sevilla la Nueva", "clasificacion": "no-urbanizable-protegido", "calificacion": "sin-asignar", "version": "vigente", "fuente": "SIT-CAM WFS — UsoDelSuelo:VPLA_V_CLASIFICACION (https://idem.comunidad.madrid/geosrvg/ows)", "fecha_dato": "2026-05-12", "ambito": "44768", "_raw_CD_SIGLAS": "SNUP", "_raw_DS_CLASIF_GEN": "Suelo No Urbanizable Protegido", "_raw_DS_CLASIF_DET": "Suelo No Urbanizable. Clase III. Espacios de interés forestal y paisajístico - Suelo No Urbanizable. Clase I. Parque Regional del Curso Medio del Río Guadarrama - Suelo No Urbanizable. Clase I. ZEPA", "_raw_DS_DOCU": "NORMAS SUBSIDIARIAS", "_raw_DS_LEY": "CM Ley 9/1995, E Ley 6/1998, E RDL 1/1992, E RD 1346/1976", "_raw_FC_AC": "2001-01-11", "_raw_NM_AREA_M2": 61685.730995245802, "_cam_code": "141" }, "geometry": { "type": "Polygon", "coordinates": [ [ [ -3.9985, 40.3471 ], [ -3.9993, 40.3471 ], [ -3.9993, 40.347 ], [ -3.9995, 40.347 ], [ -3.9997, 40.3466 ], [ -3.9999, 40.346 ], [ -4.0, 40.3446 ], [ -4.0004, 40.3435 ], [ -4.0005, 40.3435 ], [ -4.0005, 40.3426 ], [ -3.9991, 40.3434 ], [ -3.9981, 40.3434 ], [ -3.9984, 40.3454 ], [ -3.9985, 40.3471 ] ] ] } },
{ "type": "Feature", "properties": { "municipio": "Sevilla la Nueva", "clasificacion": "no-urbanizable-protegido", "calificacion": "sin-asignar", "version": "vigente", "fuente": "SIT-CAM WFS — UsoDelSuelo:VPLA_V_CLASIFICACION (https://idem.comunidad.madrid/geosrvg/ows)", "fecha_dato": "2026-05-12", "ambito": "44768", "_raw_CD_SIGLAS": "SNUP", "_raw_DS_CLASIF_GEN": "Suelo No Urbanizable Protegido", "_raw_DS_CLASIF_DET": "Suelo No Urbanizable. Clase III. Espacios de interés forestal y paisajístico - Suelo No Urbanizable. Clase I. Parque Regional del Curso Medio del Río Guadarrama - Suelo No Urbanizable. Clase I. ZEPA", "_raw_DS_DOCU": "NORMAS SUBSIDIARIAS", "_raw_DS_LEY": "CM Ley 9/1995, E Ley 6/1998, E RDL 1/1992, E RD 1346/1976", "_raw_FC_AC": "2001-01-11", "_raw_NM_AREA_M2": 50710.470943791501, "_cam_code": "141" }, "geometry": { "type": "Polygon", "coordinates": [ [ [ -3.9991, 40.3491 ], [ -3.9993, 40.3499 ], [ -3.9993, 40.3506 ], [ -4.0006, 40.3526 ], [ -4.0007, 40.3519 ], [ -4.0012, 40.3518 ], [ -4.0013, 40.3508 ], [ -4.0015, 40.3503 ], [ -4.0017, 40.3502 ], [ -4.0014, 40.3494 ], [ -4.0017, 40.3493 ], [ -4.0008, 40.3492 ], [ -4.0004, 40.3493 ], [ -4.0001, 40.3491 ], [ -3.9998, 40.3491 ], [ -3.9998, 40.349 ], [ -3.9991, 40.3491 ] ] ] } },
{ "type": "Feature", "properties": { "municipio": "Sevilla la Nueva", "clasificacion": "no-urbanizable-protegido", "calificacion": "sin-asignar", "version": "vigente", "fuente": "SIT-CAM WFS — UsoDelSuelo:VPLA_V_CLASIFICACION (https://idem.comunidad.madrid/geosrvg/ows)", "fecha_dato": "2026-05-12", "ambito": "44768", "_raw_CD_SIGLAS": "SNUP", "_raw_DS_CLASIF_GEN": "Suelo No Urbanizable Protegido", "_raw_DS_CLASIF_DET": "Suelo No Urbanizable. Clase III. Espacios de interés forestal y paisajístico - Suelo No Urbanizable. Clase I. ZEPA", "_raw_DS_DOCU": "NORMAS SUBSIDIARIAS", "_raw_DS_LEY": "CM Ley 9/1995, E Ley 6/1998, E RDL 1/1992, E RD 1346/1976", "_raw_FC_AC": "2001-01-11", "_raw_NM_AREA_M2": 326696.95566829998, "_cam_code": "141" }, "geometry": { "type": "Polygon", "coordinates": [ [ [ -4.0459, 40.3331 ], [ -4.0449, 40.3326 ], [ -4.0439, 40.3352 ], [ -4.0434, 40.3361 ], [ -4.0445, 40.3362 ], [ -4.0445, 40.3361 ], [ -4.0453, 40.336 ], [ -4.0462, 40.3366 ], [ -4.0483, 40.3372 ], [ -4.0483, 40.3375 ], [ -4.0482, 40.3375 ], [ -4.0483, 40.3386 ], [ -4.0482, 40.3386 ], [ -4.0482, 40.3388 ], [ -4.048, 40.3391 ], [ -4.0478, 40.3391 ], [ -4.0473, 40.3396 ], [ -4.0467, 40.3399 ], [ -4.0471, 40.3402 ], [ -4.0474, 40.3408 ], [ -4.0476, 40.3408 ], [ -4.0476, 40.3409 ], [ -4.0483, 40.3412 ], [ -4.0486, 40.3411 ], [ -4.0489, 40.3407 ], [ -4.0488, 40.3401 ], [ -4.0494, 40.3395 ], [ -4.0496, 40.3395 ], [ -4.0497, 40.3391 ], [ -4.0496, 40.3386 ], [ -4.0499, 40.3383 ], [ -4.0502, 40.3384 ], [ -4.0504, 40.3381 ], [ -4.0508, 40.338 ], [ -4.0511, 40.3375 ], [ -4.0517, 40.3373 ], [ -4.0525, 40.3364 ], [ -4.0532, 40.3359 ], [ -4.0533, 40.3356 ], [ -4.0543, 40.3354 ], [ -4.0547, 40.3351 ], [ -4.0548, 40.3346 ], [ -4.0528, 40.3348 ], [ -4.0508, 40.3348 ], [ -4.0496, 40.3344 ], [ -4.0486, 40.3339 ], [ -4.0459, 40.3331 ] ] ] } },
{ "type": "Feature", "properties": { "municipio": "Sevilla la Nueva", "clasificacion": "no-urbanizable-protegido", "calificacion": "sin-asignar", "version": "vigente", "fuente": "SIT-CAM WFS — UsoDelSuelo:VPLA_V_CLASIFICACION (https://idem.comunidad.madrid/geosrvg/ows)", "fecha_dato": "2026-05-12", "ambito": "44768", "_raw_CD_SIGLAS": "SNUP", "_raw_DS_CLASIF_GEN": "Suelo No Urbanizable Protegido", "_raw_DS_CLASIF_DET": "Suelo No Urbanizable. Clase III. Espacios de interés forestal y paisajístico - Suelo No Urbanizable. Clase I. ZEPA", "_raw_DS_DOCU": "NORMAS SUBSIDIARIAS", "_raw_DS_LEY": "CM Ley 9/1995, E Ley 6/1998, E RDL 1/1992, E RD 1346/1976", "_raw_FC_AC": "2001-01-11", "_raw_NM_AREA_M2": 18401.408215959698, "_cam_code": "141" }, "geometry": { "type": "Polygon", "coordinates": [ [ [ -4.0471, 40.3433 ], [ -4.0449, 40.3437 ], [ -4.0449, 40.3438 ], [ -4.0442, 40.3437 ], [ -4.044, 40.3438 ], [ -4.0457, 40.3442 ], [ -4.0457, 40.3443 ], [ -4.0459, 40.3443 ], [ -4.0459, 40.3444 ], [ -4.0467, 40.3448 ], [ -4.0469, 40.3445 ], [ -4.0469, 40.344 ], [ -4.047, 40.3437 ], [ -4.0471, 40.3437 ], [ -4.0471, 40.3433 ] ] ] } },
{ "type": "Feature", "properties": { "municipio": "Sevilla la Nueva", "clasificacion": "no-urbanizable-protegido", "calificacion": "sin-asignar", "version": "vigente", "fuente": "SIT-CAM WFS — UsoDelSuelo:VPLA_V_CLASIFICACION (https://idem.comunidad.madrid/geosrvg/ows)", "fecha_dato": "2026-05-12", "ambito": "44768", "_raw_CD_SIGLAS": "SNUP", "_raw_DS_CLASIF_GEN": "Suelo No Urbanizable Protegido", "_raw_DS_CLASIF_DET": "Suelo No Urbanizable. Clase III. Espacios de interés forestal y paisajístico - Suelo No Urbanizable. Clase I. ZEPA", "_raw_DS_DOCU": "NORMAS SUBSIDIARIAS", "_raw_DS_LEY": "CM Ley 9/1995, E Ley 6/1998, E RDL 1/1992, E RD 1346/1976", "_raw_FC_AC": "2001-01-11", "_raw_NM_AREA_M2": 1112098.8834705399, "_cam_code": "141" }, "geometry": { "type": "Polygon", "coordinates": [ [ [ -4.0467, 40.3448 ], [ -4.0473, 40.3449 ], [ -4.0483, 40.3453 ], [ -4.0498, 40.3447 ], [ -4.0498, 40.3448 ], [ -4.0501, 40.3449 ], [ -4.0536, 40.3443 ], [ -4.0544, 40.3438 ], [ -4.0558, 40.3437 ], [ -4.0565, 40.3427 ], [ -4.0573, 40.3428 ], [ -4.0576, 40.3431 ], [ -4.0581, 40.3433 ], [ -4.0581, 40.3434 ], [ -4.0583, 40.3434 ], [ -4.0587, 40.3438 ], [ -4.0595, 40.3442 ], [ -4.0601, 40.3432 ], [ -4.0611, 40.3424 ], [ -4.0654, 40.3413 ], [ -4.0659, 40.3413 ], [ -4.0647, 40.3397 ], [ -4.0649, 40.3389 ], [ -4.0646, 40.3384 ], [ -4.0641, 40.3386 ], [ -4.0632, 40.3387 ], [ -4.0623, 40.3376 ], [ -4.0623, 40.3372 ], [ -4.0621, 40.337 ], [ -4.0615, 40.3369 ], [ -4.0615, 40.3368 ], [ -4.0605, 40.3368 ], [ -4.0607, 40.3344 ], [ -4.0588, 40.3343 ], [ -4.0569, 40.3346 ], [ -4.0561, 40.3346 ], [ -4.0559, 40.3348 ], [ -4.0559, 40.335 ], [ -4.0559, 40.3351 ], [ -4.056, 40.335 ], [ -4.057, 40.3354 ], [ -4.056, 40.335 ], [ -4.0559, 40.3351 ], [ -4.0561, 40.3352 ], [ -4.0565, 40.3357 ], [ -4.0566, 40.3357 ], [ -4.0566, 40.3358 ], [ -4.057, 40.3361 ], [ -4.0574, 40.3366 ], [ -4.0587, 40.3371 ], [ -4.0574, 40.3366 ], [ -4.057, 40.3363 ], [ -4.057, 40.3361 ], [ -4.0561, 40.3352 ], [ -4.0559, 40.3351 ], [ -4.0558, 40.3351 ], [ -4.0557, 40.3352 ], [ -4.0558, 40.3355 ], [ -4.0558, 40.3356 ], [ -4.0558, 40.3357 ], [ -4.0557, 40.3352 ], [ -4.0559, 40.3351 ], [ -4.0558, 40.335 ], [ -4.056, 40.3346 ], [ -4.055, 40.3346 ], [ -4.0551, 40.3348 ], [ -4.0551, 40.3349 ], [ -4.0553, 40.3352 ], [ -4.0554, 40.3353 ], [ -4.0555, 40.3355 ], [ -4.0554, 40.3356 ], [ -4.0555, 40.3357 ], [ -4.0555, 40.3357 ], [ -4.0555, 40.3358 ], [ -4.0555, 40.3359 ], [ -4.0555, 40.336 ], [ -4.0556, 40.3363 ], [ -4.0557, 40.3365 ], [ -4.0558, 40.3366 ], [ -4.0559, 40.3367 ], [ -4.056, 40.3369 ], [ -4.0558, 40.3367 ], [ -4.0558, 40.3366 ], [ -4.0556, 40.3363 ], [ -4.0554, 40.3357 ], [ -4.0554, 40.3357 ], [ -4.0554, 40.3356 ], [ -4.0554, 40.3353 ], [ -4.0551, 40.3348 ], [ -4.055, 40.3348 ], [ -4.055, 40.3346 ], [ -4.0548, 40.3346 ], [ -4.0547, 40.3351 ], [ -4.0545, 40.3353 ], [ -4.054, 40.3354 ], [ -4.0537, 40.3356 ], [ -4.0533, 40.3356 ], [ -4.0532, 40.3359 ], [ -4.0527, 40.3363 ], [ -4.0528, 40.3365 ], [ -4.0528, 40.3365 ], [ -4.0528, 40.3366 ], [ -4.0528, 40.3367 ], [ -4.0529, 40.3368 ], [ -4.0529, 40.3369 ], [ -4.053, 40.3369 ], [ -4.0535, 40.3375 ], [ -4.0534, 40.3379 ], [ -4.0535, 40.338 ], [ -4.0535, 40.3381 ], [ -4.0536, 40.3382 ], [ -4.0537, 40.3384 ], [ -4.0537, 40.3385 ], [ -4.0538, 40.3385 ], [ -4.0538, 40.3386 ], [ -4.054, 40.3387 ], [ -4.0551, 40.3396 ], [ -4.0554, 40.3399 ], [ -4.0555, 40.3399 ], [ -4.0556, 40.34 ], [ -4.0557, 40.34 ], [ -4.0559, 40.3401 ], [ -4.056, 40.3402 ], [ -4.0561, 40.3402 ], [ -4.0561, 40.3403 ], [ -4.0562, 40.3403 ], [ -4.0563, 40.3403 ], [ -4.0563, 40.3404 ], [ -4.0564, 40.3404 ], [ -4.0565, 40.3405 ], [ -4.0565, 40.3406 ], [ -4.0566, 40.3406 ], [ -4.0567, 40.3407 ], [ -4.0567, 40.3408 ], [ -4.0568, 40.3409 ], [ -4.0569, 40.3409 ], [ -4.0571, 40.341 ], [ -4.0571, 40.3411 ], [ -4.0572, 40.3411 ], [ -4.0572, 40.3412 ], [ -4.0573, 40.3413 ], [ -4.0573, 40.3414 ], [ -4.0574, 40.3416 ], [ -4.0575, 40.3416 ], [ -4.0575, 40.3417 ], [ -4.0577, 40.3418 ], [ -4.0577, 40.3419 ], [ -4.0578, 40.342 ], [ -4.0579, 40.342 ], [ -4.0581, 40.3421 ], [ -4.0581, 40.3422 ], [ -4.0582, 40.3422 ], [ -4.0583, 40.3423 ], [ -4.0584, 40.3423 ], [ -4.0584, 40.3424 ], [ -4.0585, 40.3424 ], [ -4.0586, 40.3424 ], [ -4.0586, 40.3425 ], [ -4.0587, 40.3425 ], [ -4.0588, 40.3425 ], [ -4.0589, 40.3426 ], [ -4.0589, 40.3426 ], [ -4.0589, 40.3426 ], [ -4.0589, 40.3427 ], [ -4.0589, 40.3428 ], [ -4.059, 40.3428 ], [ -4.059, 40.3428 ], [ -4.059, 40.3428 ], [ -4.059, 40.3429 ], [ -4.059, 40.343 ], [ -4.0591, 40.3431 ], [ -4.0591, 40.3432 ], [ -4.0593, 40.3434 ], [ -4.0594, 40.3434 ], [ -4.0591, 40.3431 ], [ -4.059, 40.3431 ], [ -4.059, 40.343 ], [ -4.059, 40.343 ], [ -4.059, 40.343 ], [ -4.059, 40.343 ], [ -4.059, 40.3429 ], [ -4.059, 40.3428 ], [ -4.0589, 40.3428 ], [ -4.0589, 40.3428 ], [ -4.0589, 40.3427 ], [ -4.0589, 40.3426 ], [ -4.0586, 40.3425 ], [ -4.0586, 40.3424 ], [ -4.0586, 40.3424 ], [ -4.0585, 40.3424 ], [ -4.0584, 40.3424 ], [ -4.0584, 40.3423 ], [ -4.0584, 40.3423 ], [ -4.0583, 40.3423 ], [ -4.0582, 40.3423 ], [ -4.0582, 40.3422 ], [ -4.0581, 40.3421 ], [ -4.0578, 40.342 ], [ -4.0577, 40.3418 ], [ -4.0575, 40.3417 ], [ -4.0575, 40.3416 ], [ -4.0574, 40.3416 ], [ -4.0573, 40.3413 ], [ -4.0572, 40.3413 ], [ -4.0572, 40.3412 ], [ -4.0572, 40.3411 ], [ -4.0571, 40.3411 ], [ -4.057, 40.341 ], [ -4.0569, 40.341 ], [ -4.0569, 40.3409 ], [ -4.0567, 40.3408 ], [ -4.0566, 40.3406 ], [ -4.0565, 40.3406 ], [ -4.0565, 40.3405 ], [ -4.0563, 40.3403 ], [ -4.0562, 40.3403 ], [ -4.0561, 40.3403 ], [ -4.0561, 40.3402 ], [ -4.0561, 40.3402 ], [ -4.056, 40.3402 ], [ -4.0559, 40.3402 ], [ -4.0559, 40.3401 ], [ -4.0555, 40.34 ], [ -4.0538, 40.3386 ], [ -4.0537, 40.3385 ], [ -4.0537, 40.3384 ], [ -4.0536, 40.3384 ], [ -4.0536, 40.3383 ], [ -4.0533, 40.3389 ], [ -4.0533, 40.3389 ], [ -4.0533, 40.339 ], [ -4.0533, 40.3391 ], [ -4.0534, 40.3393 ], [ -4.0535, 40.3396 ], [ -4.0535, 40.3397 ], [ -4.0535, 40.3398 ], [ -4.0536, 40.3398 ], [ -4.0536, 40.3398 ], [ -4.0536, 40.3398 ], [ -4.0536, 40.3398 ], [ -4.0536, 40.3399 ], [ -4.0536, 40.34 ], [ -4.0537, 40.34 ], [ -4.0538, 40.3402 ], [ -4.0538, 40.3402 ], [ -4.0538, 40.3402 ], [ -4.0538, 40.3402 ], [ -4.0538, 40.3403 ], [ -4.0538, 40.3404 ], [ -4.0539, 40.3404 ], [ -4.0539, 40.3404 ], [ -4.0539, 40.3405 ], [ -4.0539, 40.3406 ], [ -4.0539, 40.3406 ], [ -4.054, 40.3406 ], [ -4.0541, 40.3406 ], [ -4.0542, 40.3407 ], [ -4.0542, 40.3408 ], [ -4.0543, 40.3408 ], [ -4.0542, 40.3409 ], [ -4.0542, 40.3409 ], [ -4.0542, 40.341 ], [ -4.0542, 40.341 ], [ -4.0542, 40.341 ], [ -4.0542, 40.3411 ], [ -4.0542, 40.3412 ], [ -4.0541, 40.3412 ], [ -4.0541, 40.3412 ], [ -4.0541, 40.3413 ], [ -4.0541, 40.3413 ], [ -4.0541, 40.3413 ], [ -4.0541, 40.3413 ], [ -4.0541, 40.3414 ], [ -4.0541, 40.3415 ], [ -4.0542, 40.3416 ], [ -4.0542, 40.3416 ], [ -4.0542, 40.3416 ], [ -4.0542, 40.3416 ], [ -4.0542, 40.3417 ], [ -4.0542, 40.3418 ], [ -4.0541, 40.3421 ], [ -4.054, 40.3422 ], [ -4.054, 40.3422 ], [ -4.054, 40.3422 ], [ -4.054, 40.3423 ], [ -4.054, 40.3423 ], [ -4.054, 40.3423 ], [ -4.054, 40.3423 ], [ -4.054, 40.3424 ], [ -4.054, 40.3425 ], [ -4.0541, 40.3425 ], [ -4.0541, 40.3425 ], [ -4.0541, 40.3426 ], [ -4.0541, 40.3427 ], [ -4.0542, 40.3427 ], [ -4.0542, 40.3427 ], [ -4.0542, 40.3428 ], [ -4.0542, 40.3429 ], [ -4.0543, 40.3429 ], [ -4.0543, 40.3429 ], [ -4.0543, 40.343 ], [ -4.0543, 40.343 ], [ -4.0543, 40.343 ], [ -4.0543, 40.343 ], [ -4.0543, 40.343 ], [ -4.0543, 40.3431 ], [ -4.0543, 40.3431 ], [ -4.0543, 40.3431 ], [ -4.0543, 40.3431 ], [ -4.0543, 40.3432 ], [ -4.0543, 40.3432 ], [ -4.0543, 40.3432 ], [ -4.0543, 40.3432 ], [ -4.0543, 40.3433 ], [ -4.0543, 40.3433 ], [ -4.0543, 40.3433 ], [ -4.0543, 40.3433 ], [ -4.0543, 40.3434 ], [ -4.0543, 40.3434 ], [ -4.0543, 40.3434 ], [ -4.0543, 40.3434 ], [ -4.0543, 40.3435 ], [ -4.0543, 40.3435 ], [ -4.0543, 40.3435 ], [ -4.0543, 40.3435 ], [ -4.0543, 40.3436 ], [ -4.0543, 40.3436 ], [ -4.0543, 40.3436 ], [ -4.0543, 40.3436 ], [ -4.0543, 40.3437 ], [ -4.0543, 40.3438 ], [ -4.0543, 40.3438 ], [ -4.0543, 40.3438 ], [ -4.0543, 40.3438 ], [ -4.0543, 40.3438 ], [ -4.0543, 40.3438 ], [ -4.0543, 40.3437 ], [ -4.0543, 40.3437 ], [ -4.0543, 40.3437 ], [ -4.0543, 40.3437 ], [ -4.0543, 40.3436 ], [ -4.0543, 40.3436 ], [ -4.0543, 40.3436 ], [ -4.0543, 40.3436 ], [ -4.0543, 40.3435 ], [ -4.0543, 40.3435 ], [ -4.0543, 40.3435 ], [ -4.0543, 40.3435 ], [ -4.0543, 40.3434 ], [ -4.0543, 40.3434 ], [ -4.0543, 40.3434 ], [ -4.0543, 40.3434 ], [ -4.0543, 40.3433 ], [ -4.0543, 40.3433 ], [ -4.0543, 40.3433 ], [ -4.0543, 40.3433 ], [ -4.0543, 40.3432 ], [ -4.0543, 40.3432 ], [ -4.0543, 40.3432 ], [ -4.0543, 40.3432 ], [ -4.0543, 40.3431 ], [ -4.0543, 40.3431 ], [ -4.0543, 40.3431 ], [ -4.0543, 40.3431 ], [ -4.0543, 40.343 ], [ -4.0543, 40.3429 ], [ -4.0542, 40.3429 ], [ -4.0542, 40.3429 ], [ -4.0542, 40.3428 ], [ -4.0542, 40.3427 ], [ -4.0541, 40.3427 ], [ -4.054, 40.3425 ], [ -4.054, 40.3425 ], [ -4.054, 40.3425 ], [ -4.054, 40.3424 ], [ -4.054, 40.3424 ], [ -4.054, 40.3424 ], [ -4.054, 40.3424 ], [ -4.054, 40.3423 ], [ -4.054, 40.3423 ], [ -4.054, 40.3423 ], [ -4.054, 40.3423 ], [ -4.054, 40.3422 ], [ -4.054, 40.3421 ], [ -4.0541, 40.3421 ], [ -4.0541, 40.3418 ], [ -4.0542, 40.3418 ], [ -4.0542, 40.3418 ], [ -4.0542, 40.3418 ], [ -4.0542, 40.3418 ], [ -4.0542, 40.3417 ], [ -4.0542, 40.3416 ], [ -4.0541, 40.3416 ], [ -4.0541, 40.3416 ], [ -4.0541, 40.3415 ], [ -4.0541, 40.3415 ], [ -4.0541, 40.3415 ], [ -4.0541, 40.3415 ], [ -4.0541, 40.3415 ], [ -4.0541, 40.3414 ], [ -4.0541, 40.3414 ], [ -4.0541, 40.3414 ], [ -4.0541, 40.3414 ], [ -4.0541, 40.3413 ], [ -4.0541, 40.3413 ], [ -4.0541, 40.3413 ], [ -4.0541, 40.3413 ], [ -4.0541, 40.3412 ], [ -4.0541, 40.3411 ], [ -4.0542, 40.3411 ], [ -4.0543, 40.3408 ], [ -4.0542, 40.3408 ], [ -4.0541, 40.3406 ], [ -4.054, 40.3406 ], [ -4.0539, 40.3406 ], [ -4.0538, 40.3405 ], [ -4.0538, 40.3405 ], [ -4.0538, 40.3404 ], [ -4.0538, 40.3404 ], [ -4.0538, 40.3404 ], [ -4.0538, 40.3404 ], [ -4.0538, 40.3403 ], [ -4.0538, 40.3402 ], [ -4.0537, 40.3402 ], [ -4.0537, 40.34 ], [ -4.0536, 40.34 ], [ -4.0536, 40.34 ], [ -4.0536, 40.3399 ], [ -4.0536, 40.3398 ], [ -4.0535, 40.3398 ], [ -4.0534, 40.3395 ], [ -4.0534, 40.3393 ], [ -4.0533, 40.3389 ], [ -4.0536, 40.3384 ], [ -4.0536, 40.3383 ], [ -4.0536, 40.3382 ], [ -4.0534, 40.338 ], [ -4.0534, 40.3379 ], [ -4.0534, 40.3374 ], [ -4.0529, 40.337 ], [ -4.0529, 40.337 ], [ -4.0529, 40.3369 ], [ -4.0529, 40.3368 ], [ -4.0528, 40.3365 ], [ -4.0525, 40.3364 ], [ -4.0517, 40.3373 ], [ -4.0511, 40.3375 ], [ -4.0508, 40.338 ], [ -4.0504, 40.3381 ], [ -4.0503, 40.3384 ], [ -4.05, 40.3383 ], [ -4.0496, 40.3386 ], [ -4.0497, 40.3388 ], [ -4.0496, 40.3395 ], [ -4.0488, 40.3401 ], [ -4.0489, 40.3402 ], [ -4.0489, 40.3408 ], [ -4.0486, 40.3411 ], [ -4.0483, 40.3412 ], [ -4.049, 40.3415 ], [ -4.0493, 40.3419 ], [ -4.0487, 40.3426 ], [ -4.0482, 40.3427 ], [ -4.0479, 40.343 ], [ -4.0471, 40.3433 ], [ -4.0471, 40.3435 ], [ -4.0472, 40.3435 ], [ -4.047, 40.3437 ], [ -4.0469, 40.3446 ], [ -4.0467, 40.3448 ] ] ] } },
{ "type": "Feature", "properties": { "municipio": "Sevilla la Nueva", "clasificacion": "no-urbanizable-protegido", "calificacion": "sin-asignar", "version": "vigente", "fuente": "SIT-CAM WFS — UsoDelSuelo:VPLA_V_CLASIFICACION (https://idem.comunidad.madrid/geosrvg/ows)", "fecha_dato": "2026-05-12", "ambito": "44768", "_raw_CD_SIGLAS": "SNUP", "_raw_DS_CLASIF_GEN": "Suelo No Urbanizable Protegido", "_raw_DS_CLASIF_DET": "Suelo No Urbanizable. Clase III. Espacios de interés forestal y paisajístico - Suelo No Urbanizable. Clase I. ZEPA", "_raw_DS_DOCU": "NORMAS SUBSIDIARIAS", "_raw_DS_LEY": "CM Ley 9/1995, E Ley 6/1998, E RDL 1/1992, E RD 1346/1976", "_raw_FC_AC": "2001-01-11", "_raw_NM_AREA_M2": 253779.56613930399, "_cam_code": "141" }, "geometry": { "type": "Polygon", "coordinates": [ [ [ -4.0529, 40.3557 ], [ -4.0527, 40.3548 ], [ -4.0517, 40.354 ], [ -4.0517, 40.3537 ], [ -4.0508, 40.3533 ], [ -4.0501, 40.3526 ], [ -4.0499, 40.352 ], [ -4.0496, 40.3517 ], [ -4.0491, 40.3516 ], [ -4.0491, 40.3515 ], [ -4.0488, 40.3514 ], [ -4.0484, 40.3514 ], [ -4.0481, 40.3511 ], [ -4.0478, 40.3511 ], [ -4.0478, 40.351 ], [ -4.0458, 40.351 ], [ -4.0455, 40.3509 ], [ -4.046, 40.3529 ], [ -4.046, 40.3533 ], [ -4.0458, 40.3533 ], [ -4.0458, 40.3535 ], [ -4.0459, 40.3535 ], [ -4.046, 40.3542 ], [ -4.0461, 40.3542 ], [ -4.0463, 40.355 ], [ -4.0476, 40.3554 ], [ -4.0482, 40.3558 ], [ -4.0492, 40.3562 ], [ -4.0506, 40.3563 ], [ -4.0515, 40.3569 ], [ -4.0522, 40.3571 ], [ -4.0526, 40.3576 ], [ -4.0529, 40.3575 ], [ -4.053, 40.3572 ], [ -4.0531, 40.3572 ], [ -4.0531, 40.3564 ], [ -4.0529, 40.3557 ], [ -4.0528, 40.3556 ], [ -4.0526, 40.3557 ], [ -4.0526, 40.3557 ], [ -4.0526, 40.3557 ], [ -4.0525, 40.3557 ], [ -4.0525, 40.3557 ], [ -4.0525, 40.3557 ], [ -4.0524, 40.3557 ], [ -4.0524, 40.3557 ], [ -4.0524, 40.3557 ], [ -4.0523, 40.3557 ], [ -4.0523, 40.3557 ], [ -4.0522, 40.3557 ], [ -4.0521, 40.3557 ], [ -4.0518, 40.3556 ], [ -4.0517, 40.3555 ], [ -4.0517, 40.3555 ], [ -4.0517, 40.3555 ], [ -4.0516, 40.3555 ], [ -4.0516, 40.3555 ], [ -4.0515, 40.3555 ], [ -4.0515, 40.3555 ], [ -4.0515, 40.3555 ], [ -4.0514, 40.3555 ], [ -4.0514, 40.3555 ], [ -4.0513, 40.3555 ], [ -4.0513, 40.3555 ], [ -4.0513, 40.3555 ], [ -4.0512, 40.3555 ], [ -4.0511, 40.3555 ], [ -4.0507, 40.3556 ], [ -4.0507, 40.3555 ], [ -4.0506, 40.3555 ], [ -4.0505, 40.3554 ], [ -4.0505, 40.3554 ], [ -4.0505, 40.3554 ], [ -4.0504, 40.3554 ], [ -4.0504, 40.3554 ], [ -4.0504, 40.3554 ], [ -4.0503, 40.3554 ], [ -4.0502, 40.3554 ], [ -4.0502, 40.3553 ], [ -4.0501, 40.3553 ], [ -4.0501, 40.3553 ], [ -4.05, 40.3553 ], [ -4.05, 40.3553 ], [ -4.0499, 40.3553 ], [ -4.0499, 40.3553 ], [ -4.0499, 40.3553 ], [ -4.0498, 40.3553 ], [ -4.0498, 40.3553 ], [ -4.0497, 40.3553 ], [ -4.0496, 40.3553 ], [ -4.0496, 40.3553 ], [ -4.0497, 40.3553 ], [ -4.0497, 40.3553 ], [ -4.0497, 40.3553 ], [ -4.0497, 40.3553 ], [ -4.0498, 40.3553 ], [ -4.0498, 40.3553 ], [ -4.0499, 40.3553 ], [ -4.0499, 40.3553 ], [ -4.0499, 40.3553 ], [ -4.05, 40.3553 ], [ -4.05, 40.3553 ], [ -4.0501, 40.3553 ], [ -4.0502, 40.3553 ], [ -4.0506, 40.3554 ], [ -4.0507, 40.3555 ], [ -4.0507, 40.3556 ], [ -4.051, 40.3556 ], [ -4.0511, 40.3555 ], [ -4.0514, 40.3554 ], [ -4.0518, 40.3555 ], [ -4.0518, 40.3556 ], [ -4.0521, 40.3556 ], [ -4.0521, 40.3557 ], [ -4.0521, 40.3557 ], [ -4.0522, 40.3557 ], [ -4.0522, 40.3557 ], [ -4.0523, 40.3557 ], [ -4.0523, 40.3557 ], [ -4.0524, 40.3557 ], [ -4.0524, 40.3557 ], [ -4.0524, 40.3557 ], [ -4.0525, 40.3557 ], [ -4.0526, 40.3557 ], [ -4.0526, 40.3556 ], [ -4.0528, 40.3556 ], [ -4.0529, 40.3557 ] ] ] } },
{ "type": "Feature", "properties": { "municipio": "Sevilla la Nueva", "clasificacion": "no-urbanizable-protegido", "calificacion": "sin-asignar", "version": "vigente", "fuente": "SIT-CAM WFS — UsoDelSuelo:VPLA_V_CLASIFICACION (https://idem.comunidad.madrid/geosrvg/ows)", "fecha_dato": "2026-05-12", "ambito": "44768", "_raw_CD_SIGLAS": "SNUP", "_raw_DS_CLASIF_GEN": "Suelo No Urbanizable Protegido", "_raw_DS_CLASIF_DET": "Suelo No Urbanizable. Clase III. Espacios de interés forestal y paisajístico - Suelo No Urbanizable. Clase I. ZEPA", "_raw_DS_DOCU": "NORMAS SUBSIDIARIAS", "_raw_DS_LEY": "CM Ley 9/1995, E Ley 6/1998, E RDL 1/1992, E RD 1346/1976", "_raw_FC_AC": "2001-01-11", "_raw_NM_AREA_M2": 5674.04334356051, "_cam_code": "141" }, "geometry": { "type": "Polygon", "coordinates": [ [ [ -4.0264, 40.3583 ], [ -4.0275, 40.3589 ], [ -4.0278, 40.3585 ], [ -4.0278, 40.3583 ], [ -4.027, 40.3582 ], [ -4.0264, 40.3583 ] ] ] } },
{ "type": "Feature", "properties": { "municipio": "Sevilla la Nueva", "clasificacion": "no-urbanizable-protegido", "calificacion": "sin-asignar", "version": "vigente", "fuente": "SIT-CAM WFS — UsoDelSuelo:VPLA_V_CLASIFICACION (https://idem.comunidad.madrid/geosrvg/ows)", "fecha_dato": "2026-05-12", "ambito": "44768", "_raw_CD_SIGLAS": "SNUP", "_raw_DS_CLASIF_GEN": "Suelo No Urbanizable Protegido", "_raw_DS_CLASIF_DET": "Suelo No Urbanizable. Clase III. Espacios de interés forestal y paisajístico - Suelo No Urbanizable. Clase I. ZEPA", "_raw_DS_DOCU": "NORMAS SUBSIDIARIAS", "_raw_DS_LEY": "CM Ley 9/1995, E Ley 6/1998, E RDL 1/1992, E RD 1346/1976", "_raw_FC_AC": "2001-01-11", "_raw_NM_AREA_M2": 110447.760422905, "_cam_code": "141" }, "geometry": { "type": "Polygon", "coordinates": [ [ [ -4.0477, 40.3599 ], [ -4.0481, 40.3599 ], [ -4.0484, 40.3605 ], [ -4.0495, 40.3606 ], [ -4.0499, 40.3604 ], [ -4.0501, 40.3601 ], [ -4.0509, 40.3601 ], [ -4.0529, 40.3593 ], [ -4.0527, 40.3589 ], [ -4.052, 40.3586 ], [ -4.0514, 40.3581 ], [ -4.0507, 40.358 ], [ -4.0507, 40.3579 ], [ -4.0503, 40.358 ], [ -4.0488, 40.3577 ], [ -4.0488, 40.3576 ], [ -4.0477, 40.3572 ], [ -4.0476, 40.357 ], [ -4.047, 40.3567 ], [ -4.0477, 40.3595 ], [ -4.0477, 40.3599 ] ] ] } },
{ "type": "Feature", "properties": { "municipio": "Sevilla la Nueva", "clasificacion": "no-urbanizable-protegido", "calificacion": "sin-asignar", "version": "vigente", "fuente": "SIT-CAM WFS — UsoDelSuelo:VPLA_V_CLASIFICACION (https://idem.comunidad.madrid/geosrvg/ows)", "fecha_dato": "2026-05-12", "ambito": "44768", "_raw_CD_SIGLAS": "SNUP", "_raw_DS_CLASIF_GEN": "Suelo No Urbanizable Protegido", "_raw_DS_CLASIF_DET": "Suelo No Urbanizable. Clase III. Espacios de interés forestal y paisajístico - Suelo No Urbanizable. Clase I. ZEPA", "_raw_DS_DOCU": "NORMAS SUBSIDIARIAS", "_raw_DS_LEY": "CM Ley 9/1995, E Ley 6/1998, E RDL 1/1992, E RD 1346/1976", "_raw_FC_AC": "2001-01-11", "_raw_NM_AREA_M2": 1568865.2745198901, "_cam_code": "141" }, "geometry": { "type": "Polygon", "coordinates": [ [ [ -4.028, 40.3713 ], [ -4.0283, 40.3713 ], [ -4.0286, 40.3716 ], [ -4.0291, 40.3717 ], [ -4.0291, 40.3718 ], [ -4.0296, 40.3718 ], [ -4.0301, 40.372 ], [ -4.0301, 40.3721 ], [ -4.0307, 40.3722 ], [ -4.031, 40.373 ], [ -4.032, 40.3736 ], [ -4.032, 40.3737 ], [ -4.0325, 40.3739 ], [ -4.0329, 40.3739 ], [ -4.0333, 40.3741 ], [ -4.0333, 40.3742 ], [ -4.0337, 40.3741 ], [ -4.034, 40.3737 ], [ -4.034, 40.3737 ], [ -4.034, 40.3736 ], [ -4.034, 40.3736 ], [ -4.034, 40.3736 ], [ -4.034, 40.3736 ], [ -4.034, 40.3735 ], [ -4.034, 40.3735 ], [ -4.034, 40.3735 ], [ -4.034, 40.3734 ], [ -4.034, 40.3734 ], [ -4.034, 40.3734 ], [ -4.034, 40.3733 ], [ -4.034, 40.3733 ], [ -4.034, 40.3733 ], [ -4.034, 40.3732 ], [ -4.034, 40.3732 ], [ -4.034, 40.3732 ], [ -4.034, 40.3731 ], [ -4.034, 40.3731 ], [ -4.034, 40.373 ], [ -4.034, 40.373 ], [ -4.034, 40.3729 ], [ -4.034, 40.3728 ], [ -4.0338, 40.3727 ], [ -4.0337, 40.3727 ], [ -4.0337, 40.3726 ], [ -4.0336, 40.3726 ], [ -4.0335, 40.3725 ], [ -4.0335, 40.3724 ], [ -4.0333, 40.3722 ], [ -4.0332, 40.3722 ], [ -4.0331, 40.372 ], [ -4.0331, 40.372 ], [ -4.0331, 40.372 ], [ -4.0331, 40.372 ], [ -4.0331, 40.372 ], [ -4.0331, 40.372 ], [ -4.0331, 40.372 ], [ -4.0331, 40.372 ], [ -4.0331, 40.3719 ], [ -4.0331, 40.3719 ], [ -4.0331, 40.3718 ], [ -4.0331, 40.3717 ], [ -4.033, 40.3717 ], [ -4.033, 40.3716 ], [ -4.033, 40.3715 ], [ -4.033, 40.3715 ], [ -4.033, 40.3715 ], [ -4.033, 40.3714 ], [ -4.033, 40.3713 ], [ -4.033, 40.3713 ], [ -4.033, 40.3712 ], [ -4.033, 40.3712 ], [ -4.033, 40.3711 ], [ -4.033, 40.3711 ], [ -4.033, 40.3711 ], [ -4.033, 40.371 ], [ -4.033, 40.371 ], [ -4.033, 40.371 ], [ -4.033, 40.371 ], [ -4.033, 40.371 ], [ -4.033, 40.3709 ], [ -4.033, 40.3708 ], [ -4.0331, 40.3708 ], [ -4.0331, 40.3708 ], [ -4.0331, 40.3708 ], [ -4.0331, 40.3707 ], [ -4.0331, 40.3707 ], [ -4.0331, 40.3707 ], [ -4.0331, 40.3707 ], [ -4.0331, 40.3706 ], [ -4.0331, 40.3705 ], [ -4.033, 40.3705 ], [ -4.033, 40.3704 ], [ -4.0329, 40.3703 ], [ -4.0324, 40.37 ], [ -4.0323, 40.37 ], [ -4.0322, 40.3699 ], [ -4.0322, 40.3698 ], [ -4.0321, 40.3698 ], [ -4.032, 40.3697 ], [ -4.032, 40.3696 ], [ -4.032, 40.3695 ], [ -4.0319, 40.3695 ], [ -4.0319, 40.3694 ], [ -4.0318, 40.3693 ], [ -4.0317, 40.3693 ], [ -4.0317, 40.3692 ], [ -4.0316, 40.3691 ], [ -4.0315, 40.3691 ], [ -4.0313, 40.3689 ], [ -4.0312, 40.3689 ], [ -4.0309, 40.3686 ], [ -4.0309, 40.3685 ], [ -4.0308, 40.3685 ], [ -4.0307, 40.3684 ], [ -4.0307, 40.3683 ], [ -4.0305, 40.3682 ], [ -4.0305, 40.3681 ], [ -4.0303, 40.368 ], [ -4.0302, 40.368 ], [ -4.0302, 40.3679 ], [ -4.0301, 40.3679 ], [ -4.0301, 40.3678 ], [ -4.03, 40.3676 ], [ -4.0299, 40.3676 ], [ -4.0299, 40.3675 ], [ -4.0298, 40.3673 ], [ -4.0297, 40.3673 ], [ -4.0297, 40.3672 ], [ -4.0297, 40.3671 ], [ -4.0296, 40.3671 ], [ -4.0296, 40.367 ], [ -4.0296, 40.3669 ], [ -4.0295, 40.3669 ], [ -4.0294, 40.3668 ], [ -4.0294, 40.3668 ], [ -4.0294, 40.3668 ], [ -4.0294, 40.3668 ], [ -4.0294, 40.3668 ], [ -4.0294, 40.3667 ], [ -4.0294, 40.3667 ], [ -4.0294, 40.3667 ], [ -4.0294, 40.3666 ], [ -4.0294, 40.3665 ], [ -4.0295, 40.3665 ], [ -4.0296, 40.3663 ], [ -4.0296, 40.3663 ], [ -4.0296, 40.3662 ], [ -4.0296, 40.3661 ], [ -4.0297, 40.366 ], [ -4.0297, 40.366 ], [ -4.0297, 40.366 ], [ -4.0297, 40.3659 ], [ -4.0297, 40.3658 ], [ -4.0297, 40.3657 ], [ -4.0298, 40.3656 ], [ -4.0297, 40.3661 ], [ -4.0296, 40.3661 ], [ -4.0296, 40.3661 ], [ -4.0296, 40.3661 ], [ -4.0296, 40.3662 ], [ -4.0296, 40.3663 ], [ -4.0294, 40.3668 ], [ -4.0296, 40.3669 ], [ -4.0296, 40.367 ], [ -4.0297, 40.3671 ], [ -4.0297, 40.3672 ], [ -4.0298, 40.3673 ], [ -4.0298, 40.3674 ], [ -4.0299, 40.3675 ], [ -4.03, 40.3676 ], [ -4.0301, 40.3679 ], [ -4.0302, 40.3679 ], [ -4.0302, 40.368 ], [ -4.0305, 40.3681 ], [ -4.0305, 40.3682 ], [ -4.0307, 40.3683 ], [ -4.0307, 40.3684 ], [ -4.0309, 40.3685 ], [ -4.031, 40.3687 ], [ -4.0314, 40.3689 ], [ -4.0315, 40.3691 ], [ -4.0316, 40.3691 ], [ -4.0317, 40.3693 ], [ -4.0319, 40.3695 ], [ -4.032, 40.3695 ], [ -4.0321, 40.3698 ], [ -4.0322, 40.3698 ], [ -4.0322, 40.3699 ], [ -4.0323, 40.3699 ], [ -4.0324, 40.37 ], [ -4.0325, 40.3701 ], [ -4.0326, 40.3702 ], [ -4.0329, 40.3703 ], [ -4.033, 40.3705 ], [ -4.0331, 40.3705 ], [ -4.0331, 40.3705 ], [ -4.0331, 40.3705 ], [ -4.0331, 40.3706 ], [ -4.0331, 40.3706 ], [ -4.0331, 40.3706 ], [ -4.0331, 40.3706 ], [ -4.0331, 40.3707 ], [ -4.0331, 40.3708 ], [ -4.033, 40.3708 ], [ -4.033, 40.3709 ], [ -4.033, 40.3709 ], [ -4.033, 40.371 ], [ -4.033, 40.371 ], [ -4.033, 40.371 ], [ -4.033, 40.371 ], [ -4.033, 40.371 ], [ -4.033, 40.3711 ], [ -4.033, 40.3711 ], [ -4.033, 40.3711 ], [ -4.033, 40.3712 ], [ -4.033, 40.3712 ], [ -4.033, 40.3713 ], [ -4.033, 40.3713 ], [ -4.033, 40.3714 ], [ -4.033, 40.3715 ], [ -4.033, 40.3716 ], [ -4.0331, 40.3717 ], [ -4.0332, 40.3722 ], [ -4.0333, 40.3722 ], [ -4.0335, 40.3725 ], [ -4.0337, 40.3726 ], [ -4.0337, 40.3727 ], [ -4.034, 40.3728 ], [ -4.034, 40.3729 ], [ -4.0345, 40.3724 ], [ -4.0346, 40.3718 ], [ -4.0349, 40.3715 ], [ -4.0346, 40.3705 ], [ -4.0341, 40.3707 ], [ -4.0339, 40.371 ], [ -4.0335, 40.371 ], [ -4.0333, 40.3706 ], [ -4.0334, 40.3702 ], [ -4.0341, 40.3696 ], [ -4.0345, 40.3695 ], [ -4.0345, 40.3693 ], [ -4.0346, 40.3693 ], [ -4.0345, 40.3692 ], [ -4.0345, 40.3686 ], [ -4.0333, 40.3689 ], [ -4.033, 40.3692 ], [ -4.0322, 40.3696 ], [ -4.0321, 40.3696 ], [ -4.032, 40.3695 ], [ -4.0319, 40.3695 ], [ -4.032, 40.3686 ], [ -4.0323, 40.3683 ], [ -4.0327, 40.3682 ], [ -4.033, 40.3679 ], [ -4.0336, 40.3679 ], [ -4.0339, 40.3675 ], [ -4.0343, 40.3674 ], [ -4.0342, 40.367 ], [ -4.0338, 40.367 ], [ -4.0341, 40.3665 ], [ -4.0341, 40.3658 ], [ -4.0336, 40.3649 ], [ -4.0334, 40.3649 ], [ -4.0334, 40.3648 ], [ -4.0331, 40.3649 ], [ -4.0329, 40.3655 ], [ -4.0327, 40.3656 ], [ -4.0326, 40.366 ], [ -4.0324, 40.3662 ], [ -4.032, 40.3674 ], [ -4.0316, 40.3679 ], [ -4.0315, 40.3676 ], [ -4.0309, 40.367 ], [ -4.03, 40.3669 ], [ -4.0303, 40.3661 ], [ -4.0304, 40.3642 ], [ -4.0306, 40.3636 ], [ -4.0308, 40.3634 ], [ -4.0308, 40.3631 ], [ -4.0316, 40.3633 ], [ -4.0316, 40.3632 ], [ -4.0321, 40.3632 ], [ -4.0325, 40.3629 ], [ -4.0324, 40.3618 ], [ -4.0326, 40.3603 ], [ -4.032, 40.3604 ], [ -4.0317, 40.3598 ], [ -4.0309, 40.3599 ], [ -4.0304, 40.3595 ], [ -4.0307, 40.3592 ], [ -4.0314, 40.3579 ], [ -4.032, 40.3577 ], [ -4.0322, 40.3574 ], [ -4.0331, 40.357 ], [ -4.0344, 40.3566 ], [ -4.0349, 40.3562 ], [ -4.035, 40.3559 ], [ -4.035, 40.3556 ], [ -4.0346, 40.3554 ], [ -4.0334, 40.3543 ], [ -4.0328, 40.3528 ], [ -4.0327, 40.3528 ], [ -4.0326, 40.3523 ], [ -4.0321, 40.3514 ], [ -4.0316, 40.3516 ], [ -4.0312, 40.352 ], [ -4.0301, 40.3534 ], [ -4.0297, 40.3536 ], [ -4.0294, 40.3536 ], [ -4.0294, 40.3535 ], [ -4.0294, 40.3535 ], [ -4.0294, 40.3535 ], [ -4.0294, 40.3535 ], [ -4.0293, 40.3535 ], [ -4.0293, 40.3535 ], [ -4.0293, 40.3535 ], [ -4.0293, 40.3535 ], [ -4.0293, 40.3535 ], [ -4.0293, 40.3535 ], [ -4.0293, 40.3535 ], [ -4.0293, 40.3535 ], [ -4.0293, 40.3535 ], [ -4.0293, 40.3535 ], [ -4.0293, 40.3535 ], [ -4.0293, 40.3535 ], [ -4.0292, 40.3535 ], [ -4.0291, 40.3535 ], [ -4.0292, 40.3535 ], [ -4.0294, 40.3539 ], [ -4.0294, 40.3548 ], [ -4.029, 40.3557 ], [ -4.0285, 40.3564 ], [ -4.0283, 40.3572 ], [ -4.0284, 40.3578 ], [ -4.0283, 40.3578 ], [ -4.0283, 40.358 ], [ -4.0279, 40.3582 ], [ -4.028, 40.3588 ], [ -4.0278, 40.3594 ], [ -4.0275, 40.3596 ], [ -4.0275, 40.3596 ], [ -4.0275, 40.3596 ], [ -4.0275, 40.3596 ], [ -4.0275, 40.3596 ], [ -4.0274, 40.3596 ], [ -4.0272, 40.3596 ], [ -4.0269, 40.3598 ], [ -4.0257, 40.36 ], [ -4.025, 40.36 ], [ -4.0248, 40.3598 ], [ -4.026, 40.3582 ], [ -4.027, 40.3564 ], [ -4.0271, 40.3559 ], [ -4.0269, 40.3533 ], [ -4.0262, 40.3533 ], [ -4.0254, 40.3526 ], [ -4.023, 40.3536 ], [ -4.023, 40.3537 ], [ -4.0214, 40.3533 ], [ -4.0211, 40.3537 ], [ -4.0211, 40.3541 ], [ -4.0209, 40.3542 ], [ -4.0209, 40.3547 ], [ -4.0208, 40.3546 ], [ -4.0206, 40.3547 ], [ -4.0197, 40.3547 ], [ -4.0186, 40.355 ], [ -4.0184, 40.3547 ], [ -4.0185, 40.3544 ], [ -4.0168, 40.3552 ], [ -4.0153, 40.3586 ], [ -4.0166, 40.3588 ], [ -4.0166, 40.3589 ], [ -4.0183, 40.3597 ], [ -4.0191, 40.3599 ], [ -4.0199, 40.3604 ], [ -4.0209, 40.3603 ], [ -4.0213, 40.3606 ], [ -4.0227, 40.3609 ], [ -4.0228, 40.3603 ], [ -4.0232, 40.3596 ], [ -4.0233, 40.3593 ], [ -4.023, 40.3591 ], [ -4.0229, 40.3588 ], [ -4.0228, 40.3588 ], [ -4.0228, 40.3585 ], [ -4.0227, 40.3585 ], [ -4.0228, 40.3582 ], [ -4.0227, 40.3579 ], [ -4.0227, 40.3577 ], [ -4.0227, 40.3576 ], [ -4.0227, 40.3575 ], [ -4.0227, 40.3572 ], [ -4.0224, 40.3568 ], [ -4.0222, 40.3564 ], [ -4.0218, 40.3561 ], [ -4.0218, 40.3558 ], [ -4.0218, 40.3554 ], [ -4.0217, 40.3554 ], [ -4.0217, 40.3552 ], [ -4.0218, 40.3548 ], [ -4.0216, 40.354 ], [ -4.0215, 40.3537 ], [ -4.0218, 40.3548 ], [ -4.0217, 40.3552 ], [ -4.0218, 40.3554 ], [ -4.0218, 40.3558 ], [ -4.0219, 40.3561 ], [ -4.0222, 40.3564 ], [ -4.0227, 40.3572 ], [ -4.0228, 40.358 ], [ -4.0228, 40.3576 ], [ -4.0232, 40.3576 ], [ -4.0232, 40.3577 ], [ -4.0234, 40.3576 ], [ -4.024, 40.3552 ], [ -4.0249, 40.3553 ], [ -4.025, 40.3563 ], [ -4.0255, 40.3563 ], [ -4.0255, 40.3561 ], [ -4.0258, 40.3561 ], [ -4.0257, 40.3566 ], [ -4.0254, 40.3568 ], [ -4.025, 40.3577 ], [ -4.0244, 40.3586 ], [ -4.0237, 40.359 ], [ -4.0237, 40.3591 ], [ -4.0235, 40.3591 ], [ -4.0234, 40.3593 ], [ -4.0232, 40.3592 ], [ -4.0233, 40.3593 ], [ -4.0232, 40.3594 ], [ -4.0232, 40.3596 ], [ -4.0231, 40.3599 ], [ -4.0228, 40.3603 ], [ -4.0227, 40.3606 ], [ -4.0227, 40.3608 ], [ -4.0227, 40.3608 ], [ -4.0227, 40.3608 ], [ -4.0227, 40.3609 ], [ -4.0227, 40.3611 ], [ -4.0236, 40.3618 ], [ -4.0238, 40.3623 ], [ -4.0241, 40.3626 ], [ -4.0241, 40.3628 ], [ -4.0243, 40.3628 ], [ -4.0245, 40.3625 ], [ -4.0245, 40.3625 ], [ -4.0245, 40.3625 ], [ -4.0246, 40.3625 ], [ -4.0247, 40.3625 ], [ -4.0247, 40.3624 ], [ -4.0248, 40.3624 ], [ -4.0248, 40.3624 ], [ -4.0249, 40.3624 ], [ -4.025, 40.3624 ], [ -4.025, 40.3623 ], [ -4.0256, 40.3617 ], [ -4.0259, 40.3616 ], [ -4.0261, 40.3614 ], [ -4.0261, 40.3613 ], [ -4.0263, 40.3612 ], [ -4.0263, 40.3612 ], [ -4.0263, 40.3612 ], [ -4.0263, 40.3612 ], [ -4.0263, 40.3612 ], [ -4.0263, 40.3611 ], [ -4.0263, 40.361 ], [ -4.0267, 40.3606 ], [ -4.0267, 40.3605 ], [ -4.0272, 40.3597 ], [ -4.0273, 40.3597 ], [ -4.0274, 40.3596 ], [ -4.0278, 40.3594 ], [ -4.0279, 40.3594 ], [ -4.0279, 40.3593 ], [ -4.0284, 40.3584 ], [ -4.0306, 40.3572 ], [ -4.0285, 40.3584 ], [ -4.0279, 40.3594 ], [ -4.0278, 40.3594 ], [ -4.0274, 40.3597 ], [ -4.0273, 40.3597 ], [ -4.0267, 40.3606 ], [ -4.0264, 40.3609 ], [ -4.0264, 40.361 ], [ -4.0263, 40.361 ], [ -4.0263, 40.361 ], [ -4.0263, 40.3611 ], [ -4.0263, 40.3612 ], [ -4.0261, 40.3613 ], [ -4.0259, 40.3616 ], [ -4.0256, 40.3617 ], [ -4.025, 40.3624 ], [ -4.025, 40.3624 ], [ -4.0249, 40.3624 ], [ -4.0248, 40.3624 ], [ -4.0248, 40.3625 ], [ -4.0247, 40.3625 ], [ -4.0247, 40.3625 ], [ -4.0246, 40.3625 ], [ -4.0245, 40.3625 ], [ -4.0243, 40.3628 ], [ -4.0241, 40.3628 ], [ -4.0241, 40.3631 ], [ -4.0239, 40.3632 ], [ -4.0236, 40.3637 ], [ -4.0237, 40.3641 ], [ -4.0238, 40.3641 ], [ -4.0237, 40.3647 ], [ -4.0232, 40.3652 ], [ -4.0232, 40.3654 ], [ -4.0234, 40.3656 ], [ -4.0248, 40.3662 ], [ -4.0248, 40.3664 ], [ -4.0252, 40.3667 ], [ -4.0257, 40.3681 ], [ -4.0257, 40.3685 ], [ -4.0266, 40.3696 ], [ -4.0266, 40.3699 ], [ -4.0271, 40.3702 ], [ -4.0273, 40.3708 ], [ -4.028, 40.3713 ] ], [ [ -4.0187, 40.3576 ], [ -4.0189, 40.3576 ], [ -4.019, 40.3579 ], [ -4.0192, 40.359 ], [ -4.0192, 40.3598 ], [ -4.0185, 40.3593 ], [ -4.017, 40.3587 ], [ -4.0187, 40.3576 ] ], [ [ -4.0245, 40.3627 ], [ -4.0246, 40.3628 ], [ -4.0251, 40.3629 ], [ -4.0252, 40.3631 ], [ -4.0254, 40.3631 ], [ -4.0255, 40.3633 ], [ -4.0261, 40.3637 ], [ -4.0263, 40.3637 ], [ -4.0269, 40.3644 ], [ -4.0257, 40.3649 ], [ -4.0257, 40.365 ], [ -4.0254, 40.365 ], [ -4.0254, 40.3651 ], [ -4.0244, 40.3654 ], [ -4.0242, 40.3651 ], [ -4.0242, 40.3641 ], [ -4.0244, 40.3639 ], [ -4.0244, 40.363 ], [ -4.0245, 40.3627 ] ], [ [ -4.0299, 40.3697 ], [ -4.0293, 40.3688 ], [ -4.0288, 40.3692 ], [ -4.0286, 40.3692 ], [ -4.0286, 40.3693 ], [ -4.0281, 40.3693 ], [ -4.0278, 40.3689 ], [ -4.0277, 40.3683 ], [ -4.028, 40.3682 ], [ -4.0289, 40.3683 ], [ -4.0285, 40.3676 ], [ -4.0294, 40.3675 ], [ -4.0295, 40.3679 ], [ -4.0301, 40.3684 ], [ -4.0302, 40.3687 ], [ -4.0311, 40.3693 ], [ -4.0313, 40.3696 ], [ -4.0311, 40.3697 ], [ -4.0311, 40.3699 ], [ -4.0315, 40.3702 ], [ -4.0315, 40.3704 ], [ -4.0307, 40.3706 ], [ -4.0303, 40.3699 ], [ -4.0299, 40.3697 ] ], [ [ -4.0264, 40.3671 ], [ -4.026, 40.3668 ], [ -4.026, 40.3665 ], [ -4.0266, 40.3659 ], [ -4.0267, 40.3655 ], [ -4.0272, 40.365 ], [ -4.0274, 40.365 ], [ -4.0274, 40.3649 ], [ -4.0274, 40.365 ], [ -4.0276, 40.365 ], [ -4.0277, 40.3652 ], [ -4.0281, 40.3655 ], [ -4.0283, 40.3655 ], [ -4.0283, 40.3656 ], [ -4.0286, 40.3656 ], [ -4.0286, 40.3655 ], [ -4.029, 40.3654 ], [ -4.029, 40.3653 ], [ -4.0293, 40.3654 ], [ -4.0294, 40.3659 ], [ -4.0293, 40.3662 ], [ -4.0292, 40.3662 ], [ -4.0292, 40.3672 ], [ -4.0281, 40.3671 ], [ -4.0279, 40.3674 ], [ -4.0271, 40.3677 ], [ -4.0268, 40.368 ], [ -4.0264, 40.368 ], [ -4.0261, 40.3678 ], [ -4.0261, 40.3674 ], [ -4.0264, 40.3673 ], [ -4.0264, 40.3671 ] ] ] } },
{ "type": "Feature", "properties": { "municipio": "Sevilla la Nueva", "clasificacion": "no-urbanizable-protegido", "calificacion": "sin-asignar", "version": "vigente", "fuente": "SIT-CAM WFS — UsoDelSuelo:VPLA_V_CLASIFICACION (https://idem.comunidad.madrid/geosrvg/ows)", "fecha_dato": "2026-05-12", "ambito": "44768", "_raw_CD_SIGLAS": "SNUP", "_raw_DS_CLASIF_GEN": "Suelo No Urbanizable Protegido", "_raw_DS_CLASIF_DET": "Suelo No Urbanizable. Clase III. Espacios de interés forestal y paisajístico - Suelo No Urbanizable. Clase I. ZEPA", "_raw_DS_DOCU": "NORMAS SUBSIDIARIAS", "_raw_DS_LEY": "CM Ley 9/1995, E Ley 6/1998, E RDL 1/1992, E RD 1346/1976", "_raw_FC_AC": "2001-01-11", "_raw_NM_AREA_M2": 2104069.0859113601, "_cam_code": "141" }, "geometry": { "type": "Polygon", "coordinates": [ [ [ -4.0473, 40.3779 ], [ -4.0498, 40.379 ], [ -4.0545, 40.3753 ], [ -4.0571, 40.376 ], [ -4.0571, 40.3759 ], [ -4.0587, 40.3751 ], [ -4.0598, 40.374 ], [ -4.0615, 40.3717 ], [ -4.0617, 40.3716 ], [ -4.0617, 40.3707 ], [ -4.0623, 40.3698 ], [ -4.0636, 40.3685 ], [ -4.0642, 40.3677 ], [ -4.065, 40.3676 ], [ -4.066, 40.3663 ], [ -4.0669, 40.3654 ], [ -4.0652, 40.3652 ], [ -4.0652, 40.3658 ], [ -4.0641, 40.3664 ], [ -4.0643, 40.3665 ], [ -4.0641, 40.3667 ], [ -4.0637, 40.3668 ], [ -4.0625, 40.3668 ], [ -4.0621, 40.3666 ], [ -4.0616, 40.3667 ], [ -4.0604, 40.3665 ], [ -4.0582, 40.3668 ], [ -4.056, 40.3666 ], [ -4.0556, 40.3666 ], [ -4.0553, 40.3668 ], [ -4.0538, 40.3668 ], [ -4.0532, 40.3666 ], [ -4.0529, 40.3663 ], [ -4.0521, 40.3667 ], [ -4.0521, 40.3673 ], [ -4.0534, 40.3703 ], [ -4.0536, 40.3704 ], [ -4.0537, 40.3705 ], [ -4.0537, 40.3705 ], [ -4.0537, 40.3705 ], [ -4.0537, 40.3705 ], [ -4.0538, 40.3705 ], [ -4.0538, 40.3705 ], [ -4.0538, 40.3705 ], [ -4.0539, 40.3705 ], [ -4.0539, 40.3705 ], [ -4.0539, 40.3705 ], [ -4.054, 40.3705 ], [ -4.054, 40.3705 ], [ -4.0541, 40.3705 ], [ -4.0541, 40.3705 ], [ -4.0541, 40.3705 ], [ -4.0542, 40.3705 ], [ -4.0542, 40.3705 ], [ -4.0543, 40.3705 ], [ -4.0543, 40.3705 ], [ -4.0543, 40.3705 ], [ -4.0544, 40.3705 ], [ -4.0545, 40.3705 ], [ -4.0546, 40.3704 ], [ -4.0547, 40.3704 ], [ -4.0547, 40.3705 ], [ -4.0548, 40.3705 ], [ -4.0549, 40.3705 ], [ -4.0549, 40.3706 ], [ -4.0551, 40.3707 ], [ -4.0551, 40.3708 ], [ -4.0552, 40.3709 ], [ -4.0554, 40.371 ], [ -4.0555, 40.371 ], [ -4.0555, 40.3711 ], [ -4.0555, 40.3711 ], [ -4.0556, 40.3711 ], [ -4.0557, 40.3711 ], [ -4.0557, 40.3712 ], [ -4.0558, 40.3712 ], [ -4.0558, 40.3712 ], [ -4.0558, 40.3712 ], [ -4.0558, 40.3712 ], [ -4.0558, 40.3711 ], [ -4.0558, 40.3711 ], [ -4.0558, 40.371 ], [ -4.0558, 40.371 ], [ -4.0558, 40.371 ], [ -4.0558, 40.371 ], [ -4.0558, 40.3709 ], [ -4.0558, 40.3708 ], [ -4.0557, 40.3708 ], [ -4.0558, 40.3697 ], [ -4.0559, 40.3697 ], [ -4.0558, 40.3696 ], [ -4.0557, 40.3694 ], [ -4.0557, 40.3694 ], [ -4.0557, 40.3694 ], [ -4.0557, 40.3693 ], [ -4.0557, 40.3693 ], [ -4.0557, 40.3693 ], [ -4.0557, 40.3693 ], [ -4.0557, 40.3692 ], [ -4.0557, 40.3692 ], [ -4.0557, 40.3692 ], [ -4.0557, 40.3692 ], [ -4.0557, 40.3691 ], [ -4.0557, 40.3691 ], [ -4.0557, 40.3691 ], [ -4.0557, 40.3691 ], [ -4.0557, 40.369 ], [ -4.0557, 40.369 ], [ -4.0557, 40.369 ], [ -4.0557, 40.3689 ], [ -4.0557, 40.3688 ], [ -4.0556, 40.3688 ], [ -4.0556, 40.3687 ], [ -4.0556, 40.3687 ], [ -4.0556, 40.3687 ], [ -4.0556, 40.3686 ], [ -4.0556, 40.3685 ], [ -4.0555, 40.3684 ], [ -4.0555, 40.3683 ], [ -4.0554, 40.3683 ], [ -4.0554, 40.3682 ], [ -4.0554, 40.3682 ], [ -4.0554, 40.3682 ], [ -4.0554, 40.3681 ], [ -4.0554, 40.3681 ], [ -4.0554, 40.3681 ], [ -4.0554, 40.368 ], [ -4.0554, 40.368 ], [ -4.0554, 40.368 ], [ -4.0554, 40.3679 ], [ -4.0554, 40.3679 ], [ -4.0554, 40.3679 ], [ -4.0554, 40.3678 ], [ -4.0554, 40.3677 ], [ -4.0553, 40.3677 ], [ -4.0554, 40.3677 ], [ -4.0554, 40.3676 ], [ -4.0554, 40.3675 ], [ -4.0557, 40.3672 ], [ -4.0558, 40.3672 ], [ -4.0558, 40.3672 ], [ -4.0558, 40.3672 ], [ -4.0558, 40.3671 ], [ -4.0558, 40.367 ], [ -4.0559, 40.3669 ], [ -4.0558, 40.3673 ], [ -4.0554, 40.3675 ], [ -4.0554, 40.3675 ], [ -4.0554, 40.3676 ], [ -4.0554, 40.3676 ], [ -4.0554, 40.3676 ], [ -4.0554, 40.3677 ], [ -4.0554, 40.3677 ], [ -4.0554, 40.3677 ], [ -4.0554, 40.3678 ], [ -4.0554, 40.3678 ], [ -4.0554, 40.3678 ], [ -4.0554, 40.3679 ], [ -4.0554, 40.3679 ], [ -4.0554, 40.3679 ], [ -4.0554, 40.368 ], [ -4.0554, 40.368 ], [ -4.0554, 40.368 ], [ -4.0554, 40.3681 ], [ -4.0554, 40.3682 ], [ -4.0555, 40.3683 ], [ -4.0555, 40.3684 ], [ -4.0556, 40.3684 ], [ -4.0556, 40.3685 ], [ -4.0556, 40.3685 ], [ -4.0556, 40.3685 ], [ -4.0556, 40.3686 ], [ -4.0556, 40.3687 ], [ -4.0557, 40.3687 ], [ -4.0557, 40.3687 ], [ -4.0557, 40.3688 ], [ -4.0557, 40.3688 ], [ -4.0557, 40.3688 ], [ -4.0557, 40.3689 ], [ -4.0557, 40.3689 ], [ -4.0557, 40.3689 ], [ -4.0557, 40.369 ], [ -4.0557, 40.369 ], [ -4.0557, 40.369 ], [ -4.0557, 40.3691 ], [ -4.0557, 40.3691 ], [ -4.0557, 40.3691 ], [ -4.0557, 40.3691 ], [ -4.0557, 40.3692 ], [ -4.0557, 40.3692 ], [ -4.0557, 40.3692 ], [ -4.0557, 40.3692 ], [ -4.0557, 40.3693 ], [ -4.0557, 40.3694 ], [ -4.0559, 40.3696 ], [ -4.0559, 40.3697 ], [ -4.0559, 40.3698 ], [ -4.0558, 40.3698 ], [ -4.0558, 40.3699 ], [ -4.0558, 40.3699 ], [ -4.0558, 40.3699 ], [ -4.0558, 40.3699 ], [ -4.0558, 40.37 ], [ -4.0558, 40.37 ], [ -4.0558, 40.37 ], [ -4.0558, 40.3701 ], [ -4.0558, 40.3701 ], [ -4.0558, 40.3701 ], [ -4.0558, 40.3701 ], [ -4.0558, 40.3702 ], [ -4.0558, 40.3702 ], [ -4.0558, 40.3702 ], [ -4.0558, 40.3703 ], [ -4.0558, 40.3703 ], [ -4.0558, 40.3703 ], [ -4.0558, 40.3704 ], [ -4.0558, 40.3704 ], [ -4.0558, 40.3704 ], [ -4.0558, 40.3704 ], [ -4.0558, 40.3705 ], [ -4.0558, 40.3705 ], [ -4.0558, 40.3705 ], [ -4.0558, 40.3706 ], [ -4.0558, 40.3706 ], [ -4.0558, 40.3706 ], [ -4.0558, 40.3707 ], [ -4.0558, 40.3707 ], [ -4.0558, 40.3707 ], [ -4.0558, 40.3707 ], [ -4.0558, 40.3708 ], [ -4.0558, 40.3708 ], [ -4.0558, 40.3708 ], [ -4.0558, 40.3709 ], [ -4.0558, 40.3709 ], [ -4.0558, 40.3709 ], [ -4.0558, 40.3709 ], [ -4.0558, 40.371 ], [ -4.0558, 40.371 ], [ -4.0558, 40.371 ], [ -4.0558, 40.371 ], [ -4.0558, 40.3711 ], [ -4.0558, 40.3712 ], [ -4.0559, 40.3712 ], [ -4.056, 40.3713 ], [ -4.056, 40.3714 ], [ -4.056, 40.3715 ], [ -4.0561, 40.3715 ], [ -4.0561, 40.3716 ], [ -4.0561, 40.3716 ], [ -4.0561, 40.3716 ], [ -4.0561, 40.3717 ], [ -4.0561, 40.3717 ], [ -4.0561, 40.3717 ], [ -4.0561, 40.3717 ], [ -4.0561, 40.3718 ], [ -4.0561, 40.3719 ], [ -4.0562, 40.3719 ], [ -4.0562, 40.372 ], [ -4.0565, 40.3722 ], [ -4.0565, 40.3723 ], [ -4.0566, 40.3724 ], [ -4.0567, 40.3724 ], [ -4.0568, 40.3724 ], [ -4.0568, 40.3725 ], [ -4.0569, 40.3726 ], [ -4.0569, 40.3727 ], [ -4.057, 40.3727 ], [ -4.057, 40.3728 ], [ -4.057, 40.3728 ], [ -4.057, 40.3728 ], [ -4.057, 40.3728 ], [ -4.057, 40.3729 ], [ -4.057, 40.373 ], [ -4.057, 40.373 ], [ -4.057, 40.373 ], [ -4.057, 40.373 ], [ -4.0571, 40.373 ], [ -4.0571, 40.373 ], [ -4.0571, 40.373 ], [ -4.0572, 40.373 ], [ -4.0573, 40.373 ], [ -4.0573, 40.3731 ], [ -4.0573, 40.3731 ], [ -4.0574, 40.3731 ], [ -4.0574, 40.3731 ], [ -4.0574, 40.3731 ], [ -4.0574, 40.3731 ], [ -4.0575, 40.3731 ], [ -4.0575, 40.3731 ], [ -4.0576, 40.3731 ], [ -4.0576, 40.3731 ], [ -4.0576, 40.3731 ], [ -4.0577, 40.3731 ], [ -4.0577, 40.3731 ], [ -4.0578, 40.3731 ], [ -4.0578, 40.3731 ], [ -4.0579, 40.3731 ], [ -4.0579, 40.3731 ], [ -4.0579, 40.3731 ], [ -4.058, 40.3731 ], [ -4.058, 40.3731 ], [ -4.0581, 40.3731 ], [ -4.0581, 40.3731 ], [ -4.0582, 40.3731 ], [ -4.0582, 40.3731 ], [ -4.0582, 40.3731 ], [ -4.0583, 40.3731 ], [ -4.0583, 40.3731 ], [ -4.0583, 40.3731 ], [ -4.0584, 40.3731 ], [ -4.0585, 40.3731 ], [ -4.0587, 40.3729 ], [ -4.0587, 40.3729 ], [ -4.0587, 40.3729 ], [ -4.0587, 40.3729 ], [ -4.0588, 40.3729 ], [ -4.0589, 40.3729 ], [ -4.0592, 40.3728 ], [ -4.0592, 40.3727 ], [ -4.0592, 40.3727 ], [ -4.0593, 40.3727 ], [ -4.0594, 40.3727 ], [ -4.0595, 40.3726 ], [ -4.0596, 40.3726 ], [ -4.0598, 40.3725 ], [ -4.0599, 40.3724 ], [ -4.06, 40.3724 ], [ -4.06, 40.3723 ], [ -4.06, 40.3723 ], [ -4.0601, 40.3723 ], [ -4.0602, 40.3723 ], [ -4.0605, 40.372 ], [ -4.0606, 40.372 ], [ -4.0607, 40.372 ], [ -4.0608, 40.372 ], [ -4.0608, 40.3719 ], [ -4.0608, 40.3719 ], [ -4.0609, 40.3719 ], [ -4.061, 40.3719 ], [ -4.061, 40.3718 ], [ -4.061, 40.3718 ], [ -4.0611, 40.3718 ], [ -4.0612, 40.3718 ], [ -4.0612, 40.3717 ], [ -4.0612, 40.3717 ], [ -4.0613, 40.3717 ], [ -4.0614, 40.3717 ], [ -4.0614, 40.3717 ], [ -4.0614, 40.3717 ], [ -4.0614, 40.3717 ], [ -4.0613, 40.3717 ], [ -4.0612, 40.3717 ], [ -4.0612, 40.3718 ], [ -4.0612, 40.3718 ], [ -4.0611, 40.3718 ], [ -4.061, 40.3718 ], [ -4.061, 40.3719 ], [ -4.0609, 40.3719 ], [ -4.0608, 40.3719 ], [ -4.0608, 40.372 ], [ -4.0607, 40.372 ], [ -4.0607, 40.372 ], [ -4.0607, 40.372 ], [ -4.0606, 40.372 ], [ -4.0605, 40.372 ], [ -4.0602, 40.3723 ], [ -4.0601, 40.3723 ], [ -4.06, 40.3723 ], [ -4.06, 40.3724 ], [ -4.0599, 40.3724 ], [ -4.0595, 40.3726 ], [ -4.0594, 40.3727 ], [ -4.0594, 40.3727 ], [ -4.0594, 40.3727 ], [ -4.0593, 40.3727 ], [ -4.0592, 40.3727 ], [ -4.0592, 40.3728 ], [ -4.059, 40.3728 ], [ -4.0589, 40.3729 ], [ -4.0589, 40.3729 ], [ -4.0588, 40.3729 ], [ -4.0587, 40.3729 ], [ -4.0585, 40.373 ], [ -4.0585, 40.3731 ], [ -4.0584, 40.3731 ], [ -4.0583, 40.3732 ], [ -4.0583, 40.3733 ], [ -4.058, 40.3735 ], [ -4.058, 40.3735 ], [ -4.058, 40.3736 ], [ -4.058, 40.3737 ], [ -4.0579, 40.3737 ], [ -4.0579, 40.3737 ], [ -4.0579, 40.3737 ], [ -4.0579, 40.3738 ], [ -4.0579, 40.3739 ], [ -4.0579, 40.3739 ], [ -4.0578, 40.3739 ], [ -4.0577, 40.3739 ], [ -4.0577, 40.374 ], [ -4.0577, 40.3741 ], [ -4.0576, 40.3741 ], [ -4.0574, 40.3744 ], [ -4.0573, 40.3744 ], [ -4.0572, 40.3746 ], [ -4.057, 40.3747 ], [ -4.057, 40.3748 ], [ -4.0569, 40.3748 ], [ -4.0568, 40.3748 ], [ -4.0568, 40.3749 ], [ -4.0566, 40.375 ], [ -4.0566, 40.375 ], [ -4.0566, 40.375 ], [ -4.0565, 40.375 ], [ -4.0565, 40.375 ], [ -4.0564, 40.375 ], [ -4.0563, 40.375 ], [ -4.0563, 40.3751 ], [ -4.0563, 40.3751 ], [ -4.0562, 40.3751 ], [ -4.0562, 40.3751 ], [ -4.0562, 40.3751 ], [ -4.0561, 40.3751 ], [ -4.0561, 40.3751 ], [ -4.056, 40.3751 ], [ -4.0559, 40.3751 ], [ -4.0559, 40.3752 ], [ -4.0558, 40.3752 ], [ -4.0558, 40.3752 ], [ -4.0557, 40.3752 ], [ -4.0557, 40.3752 ], [ -4.0556, 40.3752 ], [ -4.0555, 40.3752 ], [ -4.0555, 40.3751 ], [ -4.0553, 40.3751 ], [ -4.0553, 40.3751 ], [ -4.0553, 40.3751 ], [ -4.0552, 40.3751 ], [ -4.0551, 40.3751 ], [ -4.0548, 40.3748 ], [ -4.0552, 40.3751 ], [ -4.0552, 40.3751 ], [ -4.0552, 40.3751 ], [ -4.0553, 40.3751 ], [ -4.0555, 40.3751 ], [ -4.0556, 40.3752 ], [ -4.0559, 40.3751 ], [ -4.0559, 40.3751 ], [ -4.0559, 40.3751 ], [ -4.056, 40.3751 ], [ -4.056, 40.3751 ], [ -4.0561, 40.3751 ], [ -4.0561, 40.3751 ], [ -4.0562, 40.3751 ], [ -4.0563, 40.3751 ], [ -4.0563, 40.375 ], [ -4.0563, 40.375 ], [ -4.0563, 40.375 ], [ -4.0564, 40.375 ], [ -4.0564, 40.375 ], [ -4.0564, 40.375 ], [ -4.0565, 40.375 ], [ -4.0566, 40.375 ], [ -4.0566, 40.3749 ], [ -4.0568, 40.3749 ], [ -4.0568, 40.3748 ], [ -4.0568, 40.3748 ], [ -4.0569, 40.3748 ], [ -4.057, 40.3748 ], [ -4.0572, 40.3746 ], [ -4.0572, 40.3745 ], [ -4.0575, 40.3742 ], [ -4.0575, 40.3741 ], [ -4.0576, 40.3741 ], [ -4.0577, 40.3739 ], [ -4.0579, 40.3738 ], [ -4.0579, 40.3737 ], [ -4.058, 40.3736 ], [ -4.058, 40.3735 ], [ -4.0581, 40.3733 ], [ -4.0583, 40.3733 ], [ -4.0584, 40.3731 ], [ -4.0584, 40.3731 ], [ -4.0583, 40.3731 ], [ -4.0583, 40.3731 ], [ -4.0583, 40.3731 ], [ -4.0582, 40.3731 ], [ -4.0582, 40.3731 ], [ -4.0582, 40.3731 ], [ -4.0581, 40.3731 ], [ -4.0581, 40.3731 ], [ -4.058, 40.3731 ], [ -4.058, 40.3731 ], [ -4.0579, 40.3731 ], [ -4.0579, 40.3731 ], [ -4.0579, 40.3731 ], [ -4.0578, 40.3731 ], [ -4.0578, 40.3731 ], [ -4.0577, 40.3731 ], [ -4.0577, 40.3731 ], [ -4.0576, 40.3731 ], [ -4.0576, 40.3731 ], [ -4.0576, 40.3731 ], [ -4.0575, 40.3731 ], [ -4.0575, 40.3731 ], [ -4.0574, 40.3731 ], [ -4.0573, 40.3731 ], [ -4.057, 40.373 ], [ -4.057, 40.373 ], [ -4.057, 40.373 ], [ -4.057, 40.373 ], [ -4.057, 40.3729 ], [ -4.057, 40.3728 ], [ -4.0569, 40.3728 ], [ -4.0569, 40.3727 ], [ -4.0569, 40.3726 ], [ -4.0568, 40.3726 ], [ -4.0567, 40.3724 ], [ -4.0566, 40.3724 ], [ -4.0566, 40.3723 ], [ -4.0565, 40.3723 ], [ -4.0562, 40.372 ], [ -4.0562, 40.3719 ], [ -4.0561, 40.3719 ], [ -4.0561, 40.3719 ], [ -4.0561, 40.3719 ], [ -4.0561, 40.3718 ], [ -4.0561, 40.3718 ], [ -4.0561, 40.3718 ], [ -4.0561, 40.3718 ], [ -4.0561, 40.3717 ], [ -4.0561, 40.3716 ], [ -4.056, 40.3715 ], [ -4.056, 40.3714 ], [ -4.0559, 40.3713 ], [ -4.0559, 40.3712 ], [ -4.0558, 40.3712 ], [ -4.0557, 40.3712 ], [ -4.0557, 40.3711 ], [ -4.0556, 40.3711 ], [ -4.0555, 40.3711 ], [ -4.0555, 40.371 ], [ -4.0552, 40.3709 ], [ -4.0552, 40.3708 ], [ -4.0551, 40.3708 ], [ -4.0549, 40.3706 ], [ -4.0549, 40.3705 ], [ -4.0548, 40.3705 ], [ -4.0547, 40.3705 ], [ -4.0547, 40.3704 ], [ -4.0546, 40.3705 ], [ -4.0546, 40.3705 ], [ -4.0545, 40.3705 ], [ -4.0545, 40.3705 ], [ -4.0545, 40.3705 ], [ -4.0544, 40.3705 ], [ -4.0544, 40.3705 ], [ -4.0543, 40.3705 ], [ -4.0543, 40.3705 ], [ -4.0543, 40.3705 ], [ -4.0542, 40.3705 ], [ -4.0542, 40.3705 ], [ -4.0541, 40.3705 ], [ -4.0541, 40.3705 ], [ -4.0541, 40.3705 ], [ -4.054, 40.3705 ], [ -4.0539, 40.3705 ], [ -4.0539, 40.3706 ], [ -4.0534, 40.3704 ], [ -4.0534, 40.3703 ], [ -4.0531, 40.3703 ], [ -4.0531, 40.3702 ], [ -4.0515, 40.3703 ], [ -4.0527, 40.3708 ], [ -4.0535, 40.3709 ], [ -4.0535, 40.371 ], [ -4.0545, 40.3713 ], [ -4.0548, 40.3717 ], [ -4.0548, 40.3729 ], [ -4.0538, 40.3726 ], [ -4.0538, 40.3725 ], [ -4.0531, 40.3722 ], [ -4.0515, 40.372 ], [ -4.0512, 40.3717 ], [ -4.0501, 40.3713 ], [ -4.0494, 40.3721 ], [ -4.049, 40.3723 ], [ -4.0479, 40.3734 ], [ -4.0472, 40.3738 ], [ -4.0465, 40.3727 ], [ -4.0461, 40.3718 ], [ -4.0469, 40.3717 ], [ -4.0489, 40.3701 ], [ -4.0485, 40.3681 ], [ -4.0486, 40.3662 ], [ -4.0473, 40.3657 ], [ -4.0464, 40.365 ], [ -4.0459, 40.3652 ], [ -4.0451, 40.3653 ], [ -4.045, 40.3652 ], [ -4.0444, 40.3652 ], [ -4.0431, 40.3647 ], [ -4.0423, 40.3656 ], [ -4.0417, 40.3659 ], [ -4.0416, 40.3661 ], [ -4.0404, 40.367 ], [ -4.0404, 40.3679 ], [ -4.0402, 40.3681 ], [ -4.0401, 40.3686 ], [ -4.04, 40.3686 ], [ -4.0401, 40.3698 ], [ -4.0398, 40.3703 ], [ -4.0387, 40.3714 ], [ -4.0381, 40.3716 ], [ -4.0378, 40.3719 ], [ -4.0374, 40.3718 ], [ -4.0374, 40.3717 ], [ -4.0363, 40.3718 ], [ -4.035, 40.3727 ], [ -4.0349, 40.3715 ], [ -4.0346, 40.3718 ], [ -4.0345, 40.3724 ], [ -4.034, 40.3729 ], [ -4.0341, 40.3732 ], [ -4.034, 40.3732 ], [ -4.034, 40.3736 ], [ -4.0344, 40.3735 ], [ -4.0346, 40.3737 ], [ -4.0346, 40.3742 ], [ -4.0351, 40.3752 ], [ -4.0358, 40.376 ], [ -4.0365, 40.3758 ], [ -4.0374, 40.3759 ], [ -4.0377, 40.3768 ], [ -4.0385, 40.3769 ], [ -4.0385, 40.3768 ], [ -4.0392, 40.3765 ], [ -4.0392, 40.3771 ], [ -4.0394, 40.3771 ], [ -4.0393, 40.3766 ], [ -4.0393, 40.3766 ], [ -4.0393, 40.3765 ], [ -4.0393, 40.3764 ], [ -4.0393, 40.3763 ], [ -4.0394, 40.3763 ], [ -4.0394, 40.3762 ], [ -4.0394, 40.3762 ], [ -4.0394, 40.3762 ], [ -4.0394, 40.3762 ], [ -4.0394, 40.3761 ], [ -4.0394, 40.376 ], [ -4.0394, 40.3759 ], [ -4.0395, 40.3759 ], [ -4.0395, 40.3758 ], [ -4.0396, 40.3757 ], [ -4.0398, 40.3756 ], [ -4.0399, 40.3756 ], [ -4.0399, 40.3755 ], [ -4.04, 40.3755 ], [ -4.0401, 40.3755 ], [ -4.0401, 40.3754 ], [ -4.0402, 40.3753 ], [ -4.0403, 40.3753 ], [ -4.0403, 40.3752 ], [ -4.0403, 40.3752 ], [ -4.0403, 40.3751 ], [ -4.0403, 40.375 ], [ -4.0404, 40.375 ], [ -4.0404, 40.3749 ], [ -4.0405, 40.3747 ], [ -4.0406, 40.3746 ], [ -4.0406, 40.3745 ], [ -4.0407, 40.3745 ], [ -4.0408, 40.3744 ], [ -4.0408, 40.3744 ], [ -4.0408, 40.3743 ], [ -4.0408, 40.3743 ], [ -4.0408, 40.3743 ], [ -4.0408, 40.3743 ], [ -4.0408, 40.3742 ], [ -4.0408, 40.3741 ], [ -4.0408, 40.374 ], [ -4.0408, 40.3739 ], [ -4.0409, 40.3739 ], [ -4.041, 40.3738 ], [ -4.0411, 40.3738 ], [ -4.0411, 40.3737 ], [ -4.0412, 40.3736 ], [ -4.0412, 40.3736 ], [ -4.0412, 40.3735 ], [ -4.0412, 40.3735 ], [ -4.0412, 40.3734 ], [ -4.0412, 40.3734 ], [ -4.0412, 40.3734 ], [ -4.0412, 40.3733 ], [ -4.0412, 40.3732 ], [ -4.0413, 40.3732 ], [ -4.0414, 40.3729 ], [ -4.0414, 40.3728 ], [ -4.0415, 40.3728 ], [ -4.0415, 40.3727 ], [ -4.0415, 40.3726 ], [ -4.0417, 40.3725 ], [ -4.0418, 40.3725 ], [ -4.0419, 40.3723 ], [ -4.0419, 40.3723 ], [ -4.0419, 40.3723 ], [ -4.0419, 40.3723 ], [ -4.0419, 40.3722 ], [ -4.0419, 40.3721 ], [ -4.042, 40.3721 ], [ -4.042, 40.372 ], [ -4.0421, 40.372 ], [ -4.0422, 40.3718 ], [ -4.0422, 40.3718 ], [ -4.0422, 40.3718 ], [ -4.0422, 40.3718 ], [ -4.0422, 40.3718 ], [ -4.0422, 40.3717 ], [ -4.0422, 40.3716 ], [ -4.0421, 40.3716 ], [ -4.042, 40.3714 ], [ -4.042, 40.3714 ], [ -4.042, 40.3713 ], [ -4.042, 40.3713 ], [ -4.042, 40.3712 ], [ -4.042, 40.3712 ], [ -4.042, 40.3712 ], [ -4.042, 40.3711 ], [ -4.042, 40.3711 ], [ -4.042, 40.371 ], [ -4.042, 40.371 ], [ -4.042, 40.371 ], [ -4.042, 40.3709 ], [ -4.042, 40.3708 ], [ -4.0421, 40.3708 ], [ -4.0421, 40.3707 ], [ -4.0421, 40.3707 ], [ -4.0421, 40.3707 ], [ -4.0421, 40.3706 ], [ -4.0421, 40.3706 ], [ -4.0421, 40.3705 ], [ -4.0421, 40.3704 ], [ -4.0421, 40.3703 ], [ -4.0418, 40.3699 ], [ -4.0418, 40.3699 ], [ -4.0418, 40.3698 ], [ -4.0418, 40.3698 ], [ -4.0418, 40.3698 ], [ -4.0418, 40.3697 ], [ -4.0418, 40.3697 ], [ -4.0418, 40.3696 ], [ -4.0418, 40.3695 ], [ -4.0418, 40.3695 ], [ -4.0418, 40.3695 ], [ -4.0418, 40.3694 ], [ -4.0418, 40.3694 ], [ -4.0418, 40.3693 ], [ -4.0418, 40.3692 ], [ -4.0418, 40.3691 ], [ -4.0418, 40.369 ], [ -4.0419, 40.3689 ], [ -4.0419, 40.3689 ], [ -4.0419, 40.3689 ], [ -4.0419, 40.3689 ], [ -4.0419, 40.3689 ], [ -4.0419, 40.3688 ], [ -4.0419, 40.3688 ], [ -4.0419, 40.3688 ], [ -4.0419, 40.3688 ], [ -4.0419, 40.3688 ], [ -4.0419, 40.3687 ], [ -4.0419, 40.3686 ], [ -4.0419, 40.3686 ], [ -4.0419, 40.3686 ], [ -4.0419, 40.3685 ], [ -4.0419, 40.3685 ], [ -4.0419, 40.3685 ], [ -4.0419, 40.3684 ], [ -4.0419, 40.3683 ], [ -4.0418, 40.3683 ], [ -4.0418, 40.3682 ], [ -4.0418, 40.3682 ], [ -4.0418, 40.3682 ], [ -4.0418, 40.3682 ], [ -4.0418, 40.3681 ], [ -4.0418, 40.3681 ], [ -4.0418, 40.368 ], [ -4.0418, 40.3679 ], [ -4.0418, 40.3678 ], [ -4.0419, 40.3678 ], [ -4.0419, 40.3677 ], [ -4.0419, 40.3677 ], [ -4.0419, 40.3677 ], [ -4.0419, 40.3677 ], [ -4.0419, 40.3676 ], [ -4.0419, 40.3675 ], [ -4.042, 40.3676 ], [ -4.0419, 40.3676 ], [ -4.0419, 40.3676 ], [ -4.0419, 40.3676 ], [ -4.0419, 40.3676 ], [ -4.0419, 40.3677 ], [ -4.0419, 40.3678 ], [ -4.0418, 40.3678 ], [ -4.0419, 40.3683 ], [ -4.0419, 40.3683 ], [ -4.0419, 40.3683 ], [ -4.0419, 40.3684 ], [ -4.0419, 40.3684 ], [ -4.0419, 40.3684 ], [ -4.0419, 40.3685 ], [ -4.0419, 40.3685 ], [ -4.0419, 40.3685 ], [ -4.0419, 40.3686 ], [ -4.0419, 40.3686 ], [ -4.0419, 40.3686 ], [ -4.0419, 40.3687 ], [ -4.0419, 40.3688 ], [ -4.0419, 40.3688 ], [ -4.0419, 40.3688 ], [ -4.0419, 40.3688 ], [ -4.0419, 40.3688 ], [ -4.0419, 40.3689 ], [ -4.0419, 40.369 ], [ -4.0418, 40.369 ], [ -4.0418, 40.369 ], [ -4.0418, 40.369 ], [ -4.0418, 40.3691 ], [ -4.0418, 40.3691 ], [ -4.0418, 40.3692 ], [ -4.0418, 40.3693 ], [ -4.0418, 40.3694 ], [ -4.0418, 40.3694 ], [ -4.0418, 40.3695 ], [ -4.0418, 40.3695 ], [ -4.0418, 40.3695 ], [ -4.0418, 40.3696 ], [ -4.0418, 40.3697 ], [ -4.0418, 40.3697 ], [ -4.0418, 40.3698 ], [ -4.0418, 40.3699 ], [ -4.0421, 40.3703 ], [ -4.0421, 40.3703 ], [ -4.0421, 40.3703 ], [ -4.0421, 40.3704 ], [ -4.0421, 40.3704 ], [ -4.0421, 40.3704 ], [ -4.0421, 40.3705 ], [ -4.0421, 40.3706 ], [ -4.0421, 40.3706 ], [ -4.0421, 40.3707 ], [ -4.0421, 40.3708 ], [ -4.042, 40.3708 ], [ -4.042, 40.3708 ], [ -4.042, 40.3709 ], [ -4.042, 40.3709 ], [ -4.042, 40.3709 ], [ -4.042, 40.371 ], [ -4.042, 40.371 ], [ -4.042, 40.371 ], [ -4.042, 40.3711 ], [ -4.042, 40.3711 ], [ -4.042, 40.3712 ], [ -4.042, 40.3712 ], [ -4.042, 40.3712 ], [ -4.042, 40.3713 ], [ -4.042, 40.3714 ], [ -4.0422, 40.3715 ], [ -4.0422, 40.3714 ], [ -4.0423, 40.3712 ], [ -4.0424, 40.3712 ], [ -4.0424, 40.3711 ], [ -4.0424, 40.371 ], [ -4.0425, 40.371 ], [ -4.0427, 40.3708 ], [ -4.0427, 40.3707 ], [ -4.0429, 40.3706 ], [ -4.0429, 40.3706 ], [ -4.0429, 40.3706 ], [ -4.0429, 40.3706 ], [ -4.043, 40.3706 ], [ -4.0431, 40.3706 ], [ -4.0432, 40.3705 ], [ -4.0433, 40.3705 ], [ -4.0434, 40.3704 ], [ -4.0434, 40.3704 ], [ -4.0434, 40.3704 ], [ -4.0435, 40.3704 ], [ -4.0436, 40.3704 ], [ -4.0437, 40.3703 ], [ -4.0437, 40.3702 ], [ -4.0438, 40.3702 ], [ -4.0438, 40.3701 ], [ -4.0439, 40.3701 ], [ -4.044, 40.3701 ], [ -4.044, 40.37 ], [ -4.0441, 40.37 ], [ -4.0443, 40.3699 ], [ -4.0443, 40.3698 ], [ -4.0444, 40.3697 ], [ -4.0445, 40.3697 ], [ -4.0446, 40.3696 ], [ -4.0447, 40.3696 ], [ -4.0447, 40.3695 ], [ -4.0448, 40.3695 ], [ -4.0452, 40.3691 ], [ -4.0452, 40.369 ], [ -4.0453, 40.3689 ], [ -4.0454, 40.3689 ], [ -4.0455, 40.3688 ], [ -4.0455, 40.3687 ], [ -4.0456, 40.3687 ], [ -4.0457, 40.3686 ], [ -4.0457, 40.3685 ], [ -4.0458, 40.3685 ], [ -4.0458, 40.3684 ], [ -4.0458, 40.3683 ], [ -4.0459, 40.3683 ], [ -4.0459, 40.3682 ], [ -4.0459, 40.3681 ], [ -4.046, 40.3681 ], [ -4.046, 40.3681 ], [ -4.046, 40.368 ], [ -4.046, 40.3679 ], [ -4.0461, 40.3679 ], [ -4.0461, 40.3678 ], [ -4.0462, 40.3676 ], [ -4.0463, 40.3676 ], [ -4.0463, 40.3675 ], [ -4.0464, 40.3675 ], [ -4.0464, 40.3674 ], [ -4.0464, 40.3673 ], [ -4.0465, 40.3673 ], [ -4.0465, 40.3672 ], [ -4.0465, 40.3671 ], [ -4.0466, 40.3671 ], [ -4.0466, 40.367 ], [ -4.0466, 40.3669 ], [ -4.0467, 40.3668 ], [ -4.0466, 40.3671 ], [ -4.0465, 40.3671 ], [ -4.0465, 40.3672 ], [ -4.0465, 40.3673 ], [ -4.0464, 40.3673 ], [ -4.0464, 40.3674 ], [ -4.0464, 40.3675 ], [ -4.0463, 40.3675 ], [ -4.0463, 40.3676 ], [ -4.0462, 40.3676 ], [ -4.0461, 40.3679 ], [ -4.046, 40.3679 ], [ -4.046, 40.368 ], [ -4.046, 40.3681 ], [ -4.0459, 40.3681 ], [ -4.0459, 40.3681 ], [ -4.0459, 40.3682 ], [ -4.0459, 40.3683 ], [ -4.0458, 40.3683 ], [ -4.0458, 40.3683 ], [ -4.0458, 40.3684 ], [ -4.0458, 40.3685 ], [ -4.0457, 40.3685 ], [ -4.0457, 40.3686 ], [ -4.0452, 40.3691 ], [ -4.0451, 40.3691 ], [ -4.0446, 40.3696 ], [ -4.0446, 40.3697 ], [ -4.0446, 40.3697 ], [ -4.0445, 40.3697 ], [ -4.0444, 40.3697 ], [ -4.0443, 40.3699 ], [ -4.044, 40.37 ], [ -4.044, 40.3701 ], [ -4.0439, 40.3701 ], [ -4.0438, 40.3702 ], [ -4.0437, 40.3702 ], [ -4.0436, 40.3704 ], [ -4.0436, 40.3704 ], [ -4.0435, 40.3704 ], [ -4.0434, 40.3704 ], [ -4.0434, 40.3705 ], [ -4.0433, 40.3705 ], [ -4.0432, 40.3705 ], [ -4.0432, 40.3706 ], [ -4.0427, 40.3707 ], [ -4.0424, 40.371 ], [ -4.0424, 40.371 ], [ -4.0424, 40.371 ], [ -4.0424, 40.3711 ], [ -4.0424, 40.3712 ], [ -4.0423, 40.3712 ], [ -4.0423, 40.3714 ], [ -4.0421, 40.3716 ], [ -4.0422, 40.3716 ], [ -4.0422, 40.3716 ], [ -4.0422, 40.3717 ], [ -4.0422, 40.3718 ], [ -4.042, 40.372 ], [ -4.042, 40.3721 ], [ -4.0419, 40.3721 ], [ -4.0418, 40.3725 ], [ -4.0415, 40.3726 ], [ -4.0415, 40.3727 ], [ -4.0415, 40.3728 ], [ -4.0414, 40.3728 ], [ -4.0413, 40.3732 ], [ -4.0412, 40.3732 ], [ -4.0412, 40.3733 ], [ -4.0412, 40.3733 ], [ -4.0412, 40.3733 ], [ -4.0412, 40.3733 ], [ -4.0412, 40.3733 ], [ -4.0412, 40.3734 ], [ -4.0412, 40.3734 ], [ -4.0412, 40.3734 ], [ -4.0412, 40.3735 ], [ -4.0412, 40.3735 ], [ -4.0412, 40.3736 ], [ -4.0412, 40.3737 ], [ -4.0411, 40.3737 ], [ -4.0411, 40.3738 ], [ -4.041, 40.3739 ], [ -4.041, 40.3739 ], [ -4.0409, 40.3739 ], [ -4.0408, 40.3739 ], [ -4.0408, 40.3739 ], [ -4.0408, 40.3739 ], [ -4.0408, 40.3739 ], [ -4.0408, 40.374 ], [ -4.0408, 40.374 ], [ -4.0408, 40.3741 ], [ -4.0408, 40.3742 ], [ -4.0408, 40.3743 ], [ -4.0408, 40.3744 ], [ -4.0406, 40.3745 ], [ -4.0406, 40.3746 ], [ -4.0404, 40.375 ], [ -4.0403, 40.375 ], [ -4.0403, 40.375 ], [ -4.0403, 40.3751 ], [ -4.0403, 40.3751 ], [ -4.0403, 40.3751 ], [ -4.0403, 40.3751 ], [ -4.0403, 40.3751 ], [ -4.0403, 40.3752 ], [ -4.0403, 40.3753 ], [ -4.0401, 40.3755 ], [ -4.0401, 40.3755 ], [ -4.0401, 40.3755 ], [ -4.0401, 40.3755 ], [ -4.04, 40.3755 ], [ -4.0399, 40.3755 ], [ -4.0399, 40.3756 ], [ -4.0395, 40.3758 ], [ -4.04, 40.3757 ], [ -4.04, 40.3757 ], [ -4.0401, 40.3757 ], [ -4.0402, 40.3757 ], [ -4.0403, 40.3757 ], [ -4.0403, 40.3757 ], [ -4.0404, 40.3757 ], [ -4.0405, 40.3757 ], [ -4.0405, 40.3757 ], [ -4.0405, 40.3757 ], [ -4.0406, 40.3757 ], [ -4.0406, 40.3757 ], [ -4.0407, 40.3757 ], [ -4.0408, 40.3757 ], [ -4.0408, 40.3756 ], [ -4.0409, 40.3756 ], [ -4.0411, 40.3755 ], [ -4.0411, 40.3754 ], [ -4.0414, 40.3751 ], [ -4.0414, 40.3751 ], [ -4.0414, 40.3751 ], [ -4.0415, 40.3751 ], [ -4.0415, 40.3751 ], [ -4.0416, 40.3751 ], [ -4.0417, 40.3751 ], [ -4.0417, 40.375 ], [ -4.0417, 40.3749 ], [ -4.042, 40.3746 ], [ -4.0423, 40.3745 ], [ -4.042, 40.3746 ], [ -4.0417, 40.3749 ], [ -4.0417, 40.3749 ], [ -4.0417, 40.375 ], [ -4.0417, 40.3751 ], [ -4.0417, 40.3751 ], [ -4.0416, 40.3751 ], [ -4.0416, 40.3751 ], [ -4.0415, 40.3751 ], [ -4.0414, 40.3751 ], [ -4.0411, 40.3755 ], [ -4.0408, 40.3757 ], [ -4.0408, 40.3757 ], [ -4.0407, 40.3757 ], [ -4.0407, 40.3757 ], [ -4.0407, 40.3757 ], [ -4.0407, 40.3757 ], [ -4.0407, 40.3757 ], [ -4.0406, 40.3757 ], [ -4.0406, 40.3757 ], [ -4.0405, 40.3757 ], [ -4.0405, 40.3757 ], [ -4.0405, 40.3757 ], [ -4.0404, 40.3757 ], [ -4.0403, 40.3757 ], [ -4.0403, 40.3757 ], [ -4.0402, 40.3757 ], [ -4.0401, 40.3757 ], [ -4.04, 40.3758 ], [ -4.0398, 40.3758 ], [ -4.0395, 40.3759 ], [ -4.0394, 40.3759 ], [ -4.0394, 40.376 ], [ -4.0394, 40.376 ], [ -4.0394, 40.376 ], [ -4.0394, 40.376 ], [ -4.0394, 40.376 ], [ -4.0394, 40.3761 ], [ -4.0394, 40.3762 ], [ -4.0394, 40.3763 ], [ -4.0393, 40.3763 ], [ -4.0393, 40.3763 ], [ -4.0393, 40.3764 ], [ -4.0393, 40.3764 ], [ -4.0393, 40.3764 ], [ -4.0393, 40.3764 ], [ -4.0393, 40.3765 ], [ -4.0393, 40.3766 ], [ -4.0394, 40.3771 ], [ -4.0421, 40.3765 ], [ -4.0423, 40.3757 ], [ -4.0427, 40.3753 ], [ -4.0439, 40.3769 ], [ -4.0444, 40.3764 ], [ -4.0449, 40.3762 ], [ -4.0453, 40.3757 ], [ -4.0462, 40.3765 ], [ -4.0461, 40.3769 ], [ -4.0457, 40.3774 ], [ -4.0473, 40.3779 ] ] ] } },
{ "type": "Feature", "properties": { "municipio": "Sevilla la Nueva", "clasificacion": "no-urbanizable-protegido", "calificacion": "sin-asignar", "version": "vigente", "fuente": "SIT-CAM WFS — UsoDelSuelo:VPLA_V_CLASIFICACION (https://idem.comunidad.madrid/geosrvg/ows)", "fecha_dato": "2026-05-12", "ambito": "44768", "_raw_CD_SIGLAS": "SNUP", "_raw_DS_CLASIF_GEN": "Suelo No Urbanizable Protegido", "_raw_DS_CLASIF_DET": "Suelo No Urbanizable. Clase III. Espacios de interés forestal y paisajístico - Suelo No Urbanizable. Clase I. ZEPA", "_raw_DS_DOCU": "NORMAS SUBSIDIARIAS", "_raw_DS_LEY": "CM Ley 9/1995, E Ley 6/1998, E RDL 1/1992, E RD 1346/1976", "_raw_FC_AC": "2001-01-11", "_raw_NM_AREA_M2": 5264.6954121505796, "_cam_code": "141" }, "geometry": { "type": "Polygon", "coordinates": [ [ [ -4.0477, 40.3599 ], [ -4.0486, 40.361 ], [ -4.0488, 40.361 ], [ -4.0495, 40.3606 ], [ -4.0484, 40.3605 ], [ -4.0481, 40.3599 ], [ -4.0477, 40.3599 ] ] ] } },
{ "type": "Feature", "properties": { "municipio": "Sevilla la Nueva", "clasificacion": "no-urbanizable-protegido", "calificacion": "sin-asignar", "version": "vigente", "fuente": "SIT-CAM WFS — UsoDelSuelo:VPLA_V_CLASIFICACION (https://idem.comunidad.madrid/geosrvg/ows)", "fecha_dato": "2026-05-12", "ambito": "44768", "_raw_CD_SIGLAS": "SNUP", "_raw_DS_CLASIF_GEN": "Suelo No Urbanizable Protegido", "_raw_DS_CLASIF_DET": "Suelo No Urbanizable. Clase III. Espacios de interés forestal y paisajístico - Suelo No Urbanizable. Clase I. ZEPA", "_raw_DS_DOCU": "NORMAS SUBSIDIARIAS", "_raw_DS_LEY": "CM Ley 9/1995, E Ley 6/1998, E RDL 1/1992, E RD 1346/1976", "_raw_FC_AC": "2001-01-11", "_raw_NM_AREA_M2": 756999.48826372996, "_cam_code": "141" }, "geometry": { "type": "Polygon", "coordinates": [ [ [ -4.0254, 40.3706 ], [ -4.0254, 40.3707 ], [ -4.0261, 40.371 ], [ -4.0261, 40.3711 ], [ -4.0269, 40.3711 ], [ -4.0269, 40.3712 ], [ -4.0272, 40.3712 ], [ -4.0272, 40.3713 ], [ -4.028, 40.3713 ], [ -4.0273, 40.3708 ], [ -4.0271, 40.3703 ], [ -4.0266, 40.3699 ], [ -4.0266, 40.3697 ], [ -4.0262, 40.3693 ], [ -4.0257, 40.3685 ], [ -4.0253, 40.3669 ], [ -4.0253, 40.3669 ], [ -4.0253, 40.3669 ], [ -4.0246, 40.3669 ], [ -4.0244, 40.3669 ], [ -4.0243, 40.367 ], [ -4.0236, 40.367 ], [ -4.0243, 40.367 ], [ -4.0244, 40.3669 ], [ -4.0246, 40.3669 ], [ -4.0253, 40.3669 ], [ -4.0248, 40.3664 ], [ -4.0248, 40.3662 ], [ -4.0237, 40.3658 ], [ -4.0232, 40.3653 ], [ -4.0232, 40.3653 ], [ -4.0231, 40.3653 ], [ -4.023, 40.3653 ], [ -4.023, 40.3654 ], [ -4.0223, 40.3658 ], [ -4.0223, 40.3659 ], [ -4.0222, 40.3659 ], [ -4.0219, 40.3659 ], [ -4.0216, 40.3661 ], [ -4.0219, 40.3659 ], [ -4.0222, 40.3659 ], [ -4.0223, 40.3658 ], [ -4.0224, 40.3658 ], [ -4.023, 40.3654 ], [ -4.023, 40.3653 ], [ -4.0231, 40.3653 ], [ -4.0231, 40.3653 ], [ -4.023, 40.3653 ], [ -4.0228, 40.3653 ], [ -4.0227, 40.3653 ], [ -4.0223, 40.3654 ], [ -4.0223, 40.3653 ], [ -4.0222, 40.3653 ], [ -4.0221, 40.3651 ], [ -4.022, 40.365 ], [ -4.0219, 40.365 ], [ -4.0219, 40.3649 ], [ -4.0218, 40.3649 ], [ -4.0217, 40.3648 ], [ -4.0217, 40.3647 ], [ -4.0223, 40.3653 ], [ -4.0223, 40.3654 ], [ -4.0227, 40.3653 ], [ -4.0227, 40.3653 ], [ -4.0228, 40.3653 ], [ -4.0228, 40.3653 ], [ -4.0228, 40.3653 ], [ -4.023, 40.3653 ], [ -4.0231, 40.3653 ], [ -4.0232, 40.3653 ], [ -4.0233, 40.365 ], [ -4.0237, 40.3647 ], [ -4.0238, 40.3642 ], [ -4.0236, 40.3636 ], [ -4.0241, 40.3631 ], [ -4.0241, 40.3626 ], [ -4.0238, 40.3623 ], [ -4.0236, 40.3618 ], [ -4.0227, 40.3611 ], [ -4.0227, 40.3609 ], [ -4.0213, 40.3606 ], [ -4.0208, 40.3603 ], [ -4.0199, 40.3604 ], [ -4.0191, 40.3599 ], [ -4.0183, 40.3597 ], [ -4.017, 40.359 ], [ -4.0153, 40.3586 ], [ -4.0132, 40.3639 ], [ -4.0131, 40.3649 ], [ -4.0133, 40.3668 ], [ -4.0154, 40.3674 ], [ -4.0164, 40.3679 ], [ -4.0167, 40.3679 ], [ -4.0191, 40.3701 ], [ -4.02, 40.3696 ], [ -4.0208, 40.369 ], [ -4.021, 40.3687 ], [ -4.0213, 40.3686 ], [ -4.0214, 40.3684 ], [ -4.0226, 40.3685 ], [ -4.0227, 40.3686 ], [ -4.0236, 40.3679 ], [ -4.0244, 40.3679 ], [ -4.0244, 40.368 ], [ -4.0246, 40.368 ], [ -4.0252, 40.3685 ], [ -4.0253, 40.3693 ], [ -4.0258, 40.3697 ], [ -4.0258, 40.37 ], [ -4.0257, 40.37 ], [ -4.0254, 40.3707 ], [ -4.0254, 40.3706 ] ], [ [ -4.0182, 40.3645 ], [ -4.0192, 40.3647 ], [ -4.0187, 40.3654 ], [ -4.0179, 40.3652 ], [ -4.0179, 40.3651 ], [ -4.0174, 40.3649 ], [ -4.0169, 40.3642 ], [ -4.017, 40.3638 ], [ -4.0167, 40.3635 ], [ -4.0167, 40.3633 ], [ -4.0163, 40.363 ], [ -4.0161, 40.3624 ], [ -4.0172, 40.3622 ], [ -4.0173, 40.3627 ], [ -4.0176, 40.3632 ], [ -4.0182, 40.3631 ], [ -4.0182, 40.3645 ] ], [ [ -4.0204, 40.3626 ], [ -4.02, 40.3626 ], [ -4.0198, 40.3624 ], [ -4.0193, 40.3624 ], [ -4.019, 40.3621 ], [ -4.0183, 40.3618 ], [ -4.0178, 40.3614 ], [ -4.0173, 40.3614 ], [ -4.0171, 40.3612 ], [ -4.0162, 40.3611 ], [ -4.0159, 40.3608 ], [ -4.0156, 40.3596 ], [ -4.0151, 40.3594 ], [ -4.0151, 40.3593 ], [ -4.0157, 40.3593 ], [ -4.0157, 40.3594 ], [ -4.0168, 40.3596 ], [ -4.017, 40.3599 ], [ -4.0184, 40.3604 ], [ -4.0198, 40.3611 ], [ -4.0211, 40.3619 ], [ -4.0218, 40.3625 ], [ -4.0216, 40.3625 ], [ -4.0216, 40.3626 ], [ -4.0204, 40.3626 ] ] ] } },
{ "type": "Feature", "properties": { "municipio": "Sevilla la Nueva", "clasificacion": "no-urbanizable-protegido", "calificacion": "sin-asignar", "version": "vigente", "fuente": "SIT-CAM WFS — UsoDelSuelo:VPLA_V_CLASIFICACION (https://idem.comunidad.madrid/geosrvg/ows)", "fecha_dato": "2026-05-12", "ambito": "44768", "_raw_CD_SIGLAS": "SNUP", "_raw_DS_CLASIF_GEN": "Suelo No Urbanizable Protegido", "_raw_DS_CLASIF_DET": "Suelo No Urbanizable. Clase III. Espacios de interés forestal y paisajístico - Suelo No Urbanizable. Clase I. ZEPA - Suelo No Urbanizable. Clase I. Vías Pecuarias", "_raw_DS_DOCU": "NORMAS SUBSIDIARIAS", "_raw_DS_LEY": "CM Ley 9/1995, E Ley 6/1998, E RDL 1/1992, E RD 1346/1976", "_raw_FC_AC": "2001-01-11", "_raw_NM_AREA_M2": 7108.5448113885304, "_cam_code": "141" }, "geometry": { "type": "Polygon", "coordinates": [ [ [ -4.0254, 40.3591 ], [ -4.0259, 40.3584 ], [ -4.0262, 40.3588 ], [ -4.0266, 40.3589 ], [ -4.0266, 40.359 ], [ -4.0273, 40.3591 ], [ -4.0279, 40.3586 ], [ -4.0279, 40.3582 ], [ -4.0275, 40.3589 ], [ -4.0264, 40.3583 ], [ -4.026, 40.3583 ], [ -4.0261, 40.358 ], [ -4.0254, 40.3591 ] ] ] } },
{ "type": "Feature", "properties": { "municipio": "Sevilla la Nueva", "clasificacion": "no-urbanizable-protegido", "calificacion": "sin-asignar", "version": "vigente", "fuente": "SIT-CAM WFS — UsoDelSuelo:VPLA_V_CLASIFICACION (https://idem.comunidad.madrid/geosrvg/ows)", "fecha_dato": "2026-05-12", "ambito": "44768", "_raw_CD_SIGLAS": "SNUP", "_raw_DS_CLASIF_GEN": "Suelo No Urbanizable Protegido", "_raw_DS_CLASIF_DET": "Suelo No Urbanizable. Clase I. Vías Pecuarias", "_raw_DS_DOCU": "NORMAS SUBSIDIARIAS", "_raw_DS_LEY": "CM Ley 9/1995, E Ley 6/1998, E RDL 1/1992, E RD 1346/1976", "_raw_FC_AC": "2001-01-11", "_raw_NM_AREA_M2": 12171.699213427801, "_cam_code": "141" }, "geometry": { "type": "Polygon", "coordinates": [ [ [ -4.0201, 40.3533 ], [ -4.0206, 40.3534 ], [ -4.0219, 40.3533 ], [ -4.0236, 40.3527 ], [ -4.0268, 40.3509 ], [ -4.0271, 40.3505 ], [ -4.0281, 40.3501 ], [ -4.0285, 40.3501 ], [ -4.0284, 40.3509 ], [ -4.0283, 40.3509 ], [ -4.0284, 40.3522 ], [ -4.0286, 40.3529 ], [ -4.0288, 40.3529 ], [ -4.0285, 40.352 ], [ -4.0285, 40.3513 ], [ -4.0284, 40.3512 ], [ -4.0286, 40.3501 ], [ -4.0285, 40.3499 ], [ -4.0273, 40.3503 ], [ -4.026, 40.3513 ], [ -4.0258, 40.3513 ], [ -4.024, 40.3523 ], [ -4.024, 40.3524 ], [ -4.0233, 40.3527 ], [ -4.0219, 40.3532 ], [ -4.0214, 40.3532 ], [ -4.0213, 40.3533 ], [ -4.0204, 40.3533 ], [ -4.0202, 40.3532 ], [ -4.0201, 40.3533 ] ] ] } },
{ "type": "Feature", "properties": { "municipio": "Sevilla la Nueva", "clasificacion": "no-urbanizable-protegido", "calificacion": "sin-asignar", "version": "vigente", "fuente": "SIT-CAM WFS — UsoDelSuelo:VPLA_V_CLASIFICACION (https://idem.comunidad.madrid/geosrvg/ows)", "fecha_dato": "2026-05-12", "ambito": "44768", "_raw_CD_SIGLAS": "SNUP", "_raw_DS_CLASIF_GEN": "Suelo No Urbanizable Protegido", "_raw_DS_CLASIF_DET": "Suelo No Urbanizable. Clase I. Vías Pecuarias", "_raw_DS_DOCU": "NORMAS SUBSIDIARIAS", "_raw_DS_LEY": "CM Ley 9/1995, E Ley 6/1998, E RDL 1/1992, E RD 1346/1976", "_raw_FC_AC": "2001-01-11", "_raw_NM_AREA_M2": 7451.8208608297, "_cam_code": "141" }, "geometry": { "type": "Polygon", "coordinates": [ [ [ -4.0046, 40.3553 ], [ -4.0083, 40.3555 ], [ -4.0098, 40.3554 ], [ -4.0118, 40.354 ], [ -4.0117, 40.3539 ], [ -4.0098, 40.3552 ], [ -4.0098, 40.3553 ], [ -4.0094, 40.3554 ], [ -4.0079, 40.3554 ], [ -4.0061, 40.3552 ], [ -4.0058, 40.3552 ], [ -4.0056, 40.3552 ], [ -4.0053, 40.3552 ], [ -4.0051, 40.3552 ], [ -4.0048, 40.3552 ], [ -4.0046, 40.3552 ], [ -4.0044, 40.3552 ], [ -4.0031, 40.3547 ], [ -4.0033, 40.3549 ], [ -4.0046, 40.3553 ] ] ] } },
{ "type": "Feature", "properties": { "municipio": "Sevilla la Nueva", "clasificacion": "no-urbanizable-protegido", "calificacion": "sin-asignar", "version": "vigente", "fuente": "SIT-CAM WFS — UsoDelSuelo:VPLA_V_CLASIFICACION (https://idem.comunidad.madrid/geosrvg/ows)", "fecha_dato": "2026-05-12", "ambito": "44768", "_raw_CD_SIGLAS": "SNUP", "_raw_DS_CLASIF_GEN": "Suelo No Urbanizable Protegido", "_raw_DS_CLASIF_DET": "Suelo No Urbanizable. Clase IV. Espacios de interés agropecuario extensivo. Reserva de infraestructuras regionales - Suelo No Urbanizable. Clase I. ZEPA", "_raw_DS_DOCU": "NORMAS SUBSIDIARIAS", "_raw_DS_LEY": "CM Ley 9/1995, E Ley 6/1998, E RDL 1/1992, E RD 1346/1976", "_raw_FC_AC": "2001-01-11", "_raw_NM_AREA_M2": 40230.059957294201, "_cam_code": "141" }, "geometry": { "type": "Polygon", "coordinates": [ [ [ -4.0173, 40.3357 ], [ -4.0182, 40.3376 ], [ -4.0183, 40.3376 ], [ -4.0183, 40.3378 ], [ -4.0184, 40.3378 ], [ -4.0184, 40.338 ], [ -4.0185, 40.338 ], [ -4.0185, 40.3382 ], [ -4.0186, 40.3382 ], [ -4.0186, 40.3384 ], [ -4.0187, 40.3384 ], [ -4.0189, 40.3391 ], [ -4.0203, 40.3421 ], [ -4.0204, 40.3416 ], [ -4.0203, 40.3408 ], [ -4.0191, 40.3377 ], [ -4.018, 40.3356 ], [ -4.0173, 40.3357 ] ] ] } },
{ "type": "Feature", "properties": { "municipio": "Sevilla la Nueva", "clasificacion": "no-urbanizable-protegido", "calificacion": "sin-asignar", "version": "vigente", "fuente": "SIT-CAM WFS — UsoDelSuelo:VPLA_V_CLASIFICACION (https://idem.comunidad.madrid/geosrvg/ows)", "fecha_dato": "2026-05-12", "ambito": "44768", "_raw_CD_SIGLAS": "SNUP", "_raw_DS_CLASIF_GEN": "Suelo No Urbanizable Protegido", "_raw_DS_CLASIF_DET": "Suelo No Urbanizable. Clase IV. Espacios de interés agropecuario extensivo - Suelo No Urbanizable. Clase I. ZEPA", "_raw_DS_DOCU": "NORMAS SUBSIDIARIAS", "_raw_DS_LEY": "CM Ley 9/1995, E Ley 6/1998, E RDL 1/1992, E RD 1346/1976", "_raw_FC_AC": "2001-01-11", "_raw_NM_AREA_M2": 4278.9824323102603, "_cam_code": "141" }, "geometry": { "type": "Polygon", "coordinates": [ [ [ -4.0282, 40.3365 ], [ -4.0287, 40.3359 ], [ -4.0289, 40.3351 ], [ -4.0288, 40.3347 ], [ -4.0285, 40.3356 ], [ -4.0282, 40.336 ], [ -4.0281, 40.3365 ], [ -4.028, 40.3365 ], [ -4.028, 40.3365 ], [ -4.0281, 40.3365 ], [ -4.0282, 40.3365 ] ] ] } },
{ "type": "Feature", "properties": { "municipio": "Sevilla la Nueva", "clasificacion": "no-urbanizable-protegido", "calificacion": "sin-asignar", "version": "vigente", "fuente": "SIT-CAM WFS — UsoDelSuelo:VPLA_V_CLASIFICACION (https://idem.comunidad.madrid/geosrvg/ows)", "fecha_dato": "2026-05-12", "ambito": "44768", "_raw_CD_SIGLAS": "SNUP", "_raw_DS_CLASIF_GEN": "Suelo No Urbanizable Protegido", "_raw_DS_CLASIF_DET": "Suelo No Urbanizable. Clase IV. Espacios de interés agropecuario extensivo - Suelo No Urbanizable. Clase I. ZEPA", "_raw_DS_DOCU": "NORMAS SUBSIDIARIAS", "_raw_DS_LEY": "CM Ley 9/1995, E Ley 6/1998, E RDL 1/1992, E RD 1346/1976", "_raw_FC_AC": "2001-01-11", "_raw_NM_AREA_M2": 460911.487470728, "_cam_code": "141" }, "geometry": { "type": "Polygon", "coordinates": [ [ [ -4.018, 40.3356 ], [ -4.0191, 40.3377 ], [ -4.0201, 40.3401 ], [ -4.0204, 40.3413 ], [ -4.0206, 40.341 ], [ -4.022, 40.3402 ], [ -4.0246, 40.3391 ], [ -4.0247, 40.3388 ], [ -4.0252, 40.3386 ], [ -4.0255, 40.3382 ], [ -4.026, 40.3381 ], [ -4.0261, 40.3377 ], [ -4.0263, 40.3375 ], [ -4.0269, 40.3373 ], [ -4.0275, 40.3368 ], [ -4.0281, 40.3365 ], [ -4.0283, 40.3357 ], [ -4.0285, 40.3356 ], [ -4.0285, 40.3353 ], [ -4.0286, 40.3353 ], [ -4.0287, 40.3349 ], [ -4.0288, 40.3349 ], [ -4.0288, 40.3339 ], [ -4.0292, 40.3337 ], [ -4.0294, 40.3333 ], [ -4.0286, 40.3335 ], [ -4.0264, 40.3332 ], [ -4.0244, 40.3334 ], [ -4.018, 40.3356 ] ] ] } },
{ "type": "Feature", "properties": { "municipio": "Sevilla la Nueva", "clasificacion": "no-urbanizable-protegido", "calificacion": "sin-asignar", "version": "vigente", "fuente": "SIT-CAM WFS — UsoDelSuelo:VPLA_V_CLASIFICACION (https://idem.comunidad.madrid/geosrvg/ows)", "fecha_dato": "2026-05-12", "ambito": "44768", "_raw_CD_SIGLAS": "SNUP", "_raw_DS_CLASIF_GEN": "Suelo No Urbanizable Protegido", "_raw_DS_CLASIF_DET": "Suelo No Urbanizable. Clase V. Espacios de interés edafológico. Reserva de infraestructuras regionales - Suelo No Urbanizable. Clase I. ZEPA", "_raw_DS_DOCU": "NORMAS SUBSIDIARIAS", "_raw_DS_LEY": "CM Ley 9/1995, E Ley 6/1998, E RDL 1/1992, E RD 1346/1976", "_raw_FC_AC": "2001-01-11", "_raw_NM_AREA_M2": 88831.878237886398, "_cam_code": "141" }, "geometry": { "type": "Polygon", "coordinates": [ [ [ -4.0108, 40.3644 ], [ -4.0113, 40.3644 ], [ -4.0114, 40.365 ], [ -4.0115, 40.3637 ], [ -4.0118, 40.3626 ], [ -4.0119, 40.3626 ], [ -4.012, 40.3622 ], [ -4.0145, 40.3571 ], [ -4.0157, 40.3556 ], [ -4.0167, 40.3553 ], [ -4.0169, 40.3548 ], [ -4.0179, 40.3536 ], [ -4.0181, 40.3532 ], [ -4.0174, 40.3531 ], [ -4.0169, 40.3532 ], [ -4.0161, 40.353 ], [ -4.0153, 40.3547 ], [ -4.0158, 40.3548 ], [ -4.0157, 40.3549 ], [ -4.0141, 40.3557 ], [ -4.013, 40.356 ], [ -4.0134, 40.3561 ], [ -4.0151, 40.3556 ], [ -4.0142, 40.357 ], [ -4.0135, 40.3587 ], [ -4.0131, 40.3588 ], [ -4.0124, 40.36 ], [ -4.0112, 40.3625 ], [ -4.0108, 40.3644 ] ] ] } },
{ "type": "Feature", "properties": { "municipio": "Sevilla la Nueva", "clasificacion": "no-urbanizable-protegido", "calificacion": "sin-asignar", "version": "vigente", "fuente": "SIT-CAM WFS — UsoDelSuelo:VPLA_V_CLASIFICACION (https://idem.comunidad.madrid/geosrvg/ows)", "fecha_dato": "2026-05-12", "ambito": "44768", "_raw_CD_SIGLAS": "SNUP", "_raw_DS_CLASIF_GEN": "Suelo No Urbanizable Protegido", "_raw_DS_CLASIF_DET": "Suelo No Urbanizable. Clase V. Espacios de interés edafológico. Reserva de infraestructuras regionales - Suelo No Urbanizable. Clase I. ZEPA", "_raw_DS_DOCU": "NORMAS SUBSIDIARIAS", "_raw_DS_LEY": "CM Ley 9/1995, E Ley 6/1998, E RDL 1/1992, E RD 1346/1976", "_raw_FC_AC": "2001-01-11", "_raw_NM_AREA_M2": 346271.40565682901, "_cam_code": "141" }, "geometry": { "type": "Polygon", "coordinates": [ [ [ -4.0161, 40.3529 ], [ -4.0167, 40.3531 ], [ -4.0182, 40.3531 ], [ -4.0183, 40.3529 ], [ -4.019, 40.3506 ], [ -4.019, 40.3469 ], [ -4.0191, 40.3461 ], [ -4.0197, 40.3445 ], [ -4.02, 40.3426 ], [ -4.0203, 40.3426 ], [ -4.0203, 40.3421 ], [ -4.0201, 40.3416 ], [ -4.0189, 40.3391 ], [ -4.0187, 40.3384 ], [ -4.0186, 40.3384 ], [ -4.0186, 40.3382 ], [ -4.0185, 40.3382 ], [ -4.0185, 40.338 ], [ -4.0184, 40.338 ], [ -4.0184, 40.3378 ], [ -4.0183, 40.3378 ], [ -4.0183, 40.3376 ], [ -4.0182, 40.3376 ], [ -4.0173, 40.3357 ], [ -4.0157, 40.336 ], [ -4.0177, 40.3401 ], [ -4.0179, 40.341 ], [ -4.0182, 40.341 ], [ -4.0187, 40.3414 ], [ -4.0179, 40.3418 ], [ -4.0177, 40.3423 ], [ -4.0175, 40.3438 ], [ -4.0168, 40.3459 ], [ -4.0167, 40.3465 ], [ -4.0167, 40.3508 ], [ -4.0163, 40.3525 ], [ -4.0161, 40.3529 ] ] ] } },
{ "type": "Feature", "properties": { "municipio": "Sevilla la Nueva", "clasificacion": "no-urbanizable-protegido", "calificacion": "sin-asignar", "version": "vigente", "fuente": "SIT-CAM WFS — UsoDelSuelo:VPLA_V_CLASIFICACION (https://idem.comunidad.madrid/geosrvg/ows)", "fecha_dato": "2026-05-12", "ambito": "44768", "_raw_CD_SIGLAS": "SNUP", "_raw_DS_CLASIF_GEN": "Suelo No Urbanizable Protegido", "_raw_DS_CLASIF_DET": "Suelo No Urbanizable. Clase V. Espacios de interés edafológico. Reserva de infraestructuras regionales - Suelo No Urbanizable. Clase I. Parque Regional del Curso Medio del Río Guadarrama -  Clase I. Vías Pecuarias", "_raw_DS_DOCU": "NORMAS SUBSIDIARIAS", "_raw_DS_LEY": "CM Ley 9/1995, E Ley 6/1998, E RDL 1/1992, E RD 1346/1976", "_raw_FC_AC": "2001-01-11", "_raw_NM_AREA_M2": 2837.5077538795799, "_cam_code": "141" }, "geometry": { "type": "Polygon", "coordinates": [ [ [ -4.0179, 40.341 ], [ -4.018, 40.3417 ], [ -4.0187, 40.3414 ], [ -4.0182, 40.341 ], [ -4.0179, 40.341 ] ] ] } },
{ "type": "Feature", "properties": { "municipio": "Sevilla la Nueva", "clasificacion": "no-urbanizable-protegido", "calificacion": "sin-asignar", "version": "vigente", "fuente": "SIT-CAM WFS — UsoDelSuelo:VPLA_V_CLASIFICACION (https://idem.comunidad.madrid/geosrvg/ows)", "fecha_dato": "2026-05-12", "ambito": "44768", "_raw_CD_SIGLAS": "SNUP", "_raw_DS_CLASIF_GEN": "Suelo No Urbanizable Protegido", "_raw_DS_CLASIF_DET": "Suelo No Urbanizable. Clase II. Espacios Forestales en Régimen Especial - Suelo No Urbanizable. Clase I. ZEPA - Suelo No Urbanizable. Clase I. Vías Pecuarias", "_raw_DS_DOCU": "NORMAS SUBSIDIARIAS", "_raw_DS_LEY": "CM Ley 9/1995, E Ley 6/1998, E RDL 1/1992, E RD 1346/1976", "_raw_FC_AC": "2001-01-11", "_raw_NM_AREA_M2": 12886.3046031514, "_cam_code": "141" }, "geometry": { "type": "Polygon", "coordinates": [ [ [ -4.0254, 40.3591 ], [ -4.0252, 40.3592 ], [ -4.0275, 40.3596 ], [ -4.028, 40.3587 ], [ -4.0279, 40.3586 ], [ -4.0273, 40.3591 ], [ -4.0269, 40.3591 ], [ -4.0269, 40.359 ], [ -4.0266, 40.359 ], [ -4.0266, 40.3589 ], [ -4.0262, 40.3588 ], [ -4.0259, 40.3584 ], [ -4.0254, 40.3591 ] ] ] } },
{ "type": "Feature", "properties": { "municipio": "Sevilla la Nueva", "clasificacion": "no-urbanizable-protegido", "calificacion": "sin-asignar", "version": "vigente", "fuente": "SIT-CAM WFS — UsoDelSuelo:VPLA_V_CLASIFICACION (https://idem.comunidad.madrid/geosrvg/ows)", "fecha_dato": "2026-05-12", "ambito": "44768", "_raw_CD_SIGLAS": "SNUP", "_raw_DS_CLASIF_GEN": "Suelo No Urbanizable Protegido", "_raw_DS_CLASIF_DET": "Suelo No Urbanizable. Clase II. Espacios Forestales en Régimen Especial - Suelo No Urbanizable. Clase I. ZEPA - Suelo No Urbanizable. Clase I. Vías Pecuarias", "_raw_DS_DOCU": "NORMAS SUBSIDIARIAS", "_raw_DS_LEY": "CM Ley 9/1995, E Ley 6/1998, E RDL 1/1992, E RD 1346/1976", "_raw_FC_AC": "2001-01-11", "_raw_NM_AREA_M2": 5089.7369746784598, "_cam_code": "141" }, "geometry": { "type": "Polygon", "coordinates": [ [ [ -4.0287, 40.3529 ], [ -4.0288, 40.3544 ], [ -4.0285, 40.3549 ], [ -4.0285, 40.3553 ], [ -4.0282, 40.3559 ], [ -4.028, 40.3571 ], [ -4.028, 40.358 ], [ -4.0278, 40.3583 ], [ -4.0281, 40.3579 ], [ -4.0282, 40.3562 ], [ -4.0285, 40.3556 ], [ -4.0285, 40.3553 ], [ -4.029, 40.3538 ], [ -4.0288, 40.3533 ], [ -4.0289, 40.3532 ], [ -4.0288, 40.3529 ], [ -4.0287, 40.3529 ] ] ] } },
{ "type": "Feature", "properties": { "municipio": "Sevilla la Nueva", "clasificacion": "no-urbanizable-protegido", "calificacion": "sin-asignar", "version": "vigente", "fuente": "SIT-CAM WFS — UsoDelSuelo:VPLA_V_CLASIFICACION (https://idem.comunidad.madrid/geosrvg/ows)", "fecha_dato": "2026-05-12", "ambito": "44768", "_raw_CD_SIGLAS": "SNUP", "_raw_DS_CLASIF_GEN": "Suelo No Urbanizable Protegido", "_raw_DS_CLASIF_DET": "Suelo No Urbanizable. Clase II. Espacios Forestales en Régimen Especial - Suelo No Urbanizable. Clase I. ZEPA - Suelo No Urbanizable. Clase I. Vías Pecuarias", "_raw_DS_DOCU": "NORMAS SUBSIDIARIAS", "_raw_DS_LEY": "CM Ley 9/1995, E Ley 6/1998, E RDL 1/1992, E RD 1346/1976", "_raw_FC_AC": "2001-01-11", "_raw_NM_AREA_M2": 455.93714702106797, "_cam_code": "141" }, "geometry": { "type": "Polygon", "coordinates": [ [ [ -4.0261, 40.358 ], [ -4.026, 40.3583 ], [ -4.0264, 40.3583 ], [ -4.0262, 40.3581 ], [ -4.0261, 40.358 ] ] ] } },
{ "type": "Feature", "properties": { "municipio": "Sevilla la Nueva", "clasificacion": "no-urbanizable-protegido", "calificacion": "sin-asignar", "version": "vigente", "fuente": "SIT-CAM WFS — UsoDelSuelo:VPLA_V_CLASIFICACION (https://idem.comunidad.madrid/geosrvg/ows)", "fecha_dato": "2026-05-12", "ambito": "44768", "_raw_CD_SIGLAS": "SNUP", "_raw_DS_CLASIF_GEN": "Suelo No Urbanizable Protegido", "_raw_DS_CLASIF_DET": "Suelo No Urbanizable. Clase II. Espacios Forestales en Régimen Especial - Suelo No Urbanizable. Clase I. ZEPA", "_raw_DS_DOCU": "NORMAS SUBSIDIARIAS", "_raw_DS_LEY": "CM Ley 9/1995, E Ley 6/1998, E RDL 1/1992, E RD 1346/1976", "_raw_FC_AC": "2001-01-11", "_raw_NM_AREA_M2": 6342426.8988306699, "_cam_code": "141" }, "geometry": { "type": "Polygon", "coordinates": [ [ [ -4.0489, 40.3701 ], [ -4.0469, 40.3717 ], [ -4.0461, 40.3718 ], [ -4.0461, 40.3719 ], [ -4.0472, 40.3738 ], [ -4.0479, 40.3734 ], [ -4.049, 40.3723 ], [ -4.0494, 40.3721 ], [ -4.0501, 40.3713 ], [ -4.0512, 40.3717 ], [ -4.0515, 40.372 ], [ -4.0531, 40.3722 ], [ -4.0538, 40.3725 ], [ -4.0538, 40.3726 ], [ -4.0548, 40.3729 ], [ -4.0548, 40.3717 ], [ -4.0545, 40.3713 ], [ -4.0535, 40.371 ], [ -4.0535, 40.3709 ], [ -4.0527, 40.3708 ], [ -4.0515, 40.3703 ], [ -4.0515, 40.3703 ], [ -4.0515, 40.3703 ], [ -4.0515, 40.3703 ], [ -4.0515, 40.3703 ], [ -4.0515, 40.3703 ], [ -4.0515, 40.3703 ], [ -4.0515, 40.3703 ], [ -4.0515, 40.3703 ], [ -4.0515, 40.3703 ], [ -4.0515, 40.3703 ], [ -4.0515, 40.3703 ], [ -4.0515, 40.3703 ], [ -4.0515, 40.3703 ], [ -4.0515, 40.3703 ], [ -4.0515, 40.3703 ], [ -4.0515, 40.3703 ], [ -4.0515, 40.3703 ], [ -4.0515, 40.3703 ], [ -4.0515, 40.3703 ], [ -4.0515, 40.3703 ], [ -4.0515, 40.3703 ], [ -4.0515, 40.3703 ], [ -4.0515, 40.3703 ], [ -4.0515, 40.3703 ], [ -4.0515, 40.3703 ], [ -4.0515, 40.3703 ], [ -4.0515, 40.3703 ], [ -4.0515, 40.3703 ], [ -4.0515, 40.3703 ], [ -4.0515, 40.3703 ], [ -4.0515, 40.3703 ], [ -4.0515, 40.3703 ], [ -4.0515, 40.3703 ], [ -4.0515, 40.3703 ], [ -4.0515, 40.3703 ], [ -4.0515, 40.3703 ], [ -4.0516, 40.3703 ], [ -4.0516, 40.3703 ], [ -4.0516, 40.3703 ], [ -4.0516, 40.3703 ], [ -4.0516, 40.3703 ], [ -4.0516, 40.3703 ], [ -4.0516, 40.3703 ], [ -4.0516, 40.3703 ], [ -4.0516, 40.3703 ], [ -4.0516, 40.3703 ], [ -4.0516, 40.3703 ], [ -4.0516, 40.3703 ], [ -4.0516, 40.3703 ], [ -4.0516, 40.3703 ], [ -4.0518, 40.3703 ], [ -4.0517, 40.3702 ], [ -4.0517, 40.3702 ], [ -4.0516, 40.3702 ], [ -4.0515, 40.3702 ], [ -4.0514, 40.37 ], [ -4.0512, 40.3698 ], [ -4.0511, 40.3698 ], [ -4.0511, 40.3697 ], [ -4.0511, 40.3697 ], [ -4.0511, 40.3697 ], [ -4.0511, 40.3697 ], [ -4.0511, 40.3696 ], [ -4.0511, 40.3696 ], [ -4.0511, 40.3696 ], [ -4.0511, 40.3695 ], [ -4.0511, 40.3695 ], [ -4.0511, 40.3695 ], [ -4.0511, 40.3694 ], [ -4.0511, 40.3694 ], [ -4.0511, 40.3694 ], [ -4.0511, 40.3694 ], [ -4.0511, 40.3694 ], [ -4.0511, 40.3693 ], [ -4.0511, 40.3693 ], [ -4.0511, 40.3693 ], [ -4.0511, 40.3692 ], [ -4.0511, 40.3691 ], [ -4.051, 40.3688 ], [ -4.0509, 40.3688 ], [ -4.0509, 40.3688 ], [ -4.0509, 40.3687 ], [ -4.0509, 40.3687 ], [ -4.0509, 40.3687 ], [ -4.0509, 40.3687 ], [ -4.0509, 40.3686 ], [ -4.0509, 40.3686 ], [ -4.0509, 40.3686 ], [ -4.0509, 40.3686 ], [ -4.0509, 40.3686 ], [ -4.0509, 40.3685 ], [ -4.0509, 40.3685 ], [ -4.0509, 40.3685 ], [ -4.0509, 40.3685 ], [ -4.0509, 40.3685 ], [ -4.0509, 40.3684 ], [ -4.0509, 40.3683 ], [ -4.051, 40.3682 ], [ -4.051, 40.3682 ], [ -4.051, 40.3682 ], [ -4.051, 40.3681 ], [ -4.051, 40.368 ], [ -4.0511, 40.3679 ], [ -4.0511, 40.3679 ], [ -4.0511, 40.3679 ], [ -4.0511, 40.3678 ], [ -4.0511, 40.3678 ], [ -4.0511, 40.3678 ], [ -4.0511, 40.3678 ], [ -4.0511, 40.3677 ], [ -4.0511, 40.3677 ], [ -4.0511, 40.3677 ], [ -4.0511, 40.3677 ], [ -4.0511, 40.3676 ], [ -4.0511, 40.3676 ], [ -4.0511, 40.3676 ], [ -4.0511, 40.3675 ], [ -4.0511, 40.3675 ], [ -4.0511, 40.3675 ], [ -4.0511, 40.3674 ], [ -4.0511, 40.3674 ], [ -4.0511, 40.3674 ], [ -4.0511, 40.3673 ], [ -4.0511, 40.3673 ], [ -4.0511, 40.3673 ], [ -4.0511, 40.3672 ], [ -4.0511, 40.3671 ], [ -4.0512, 40.367 ], [ -4.0511, 40.3677 ], [ -4.0517, 40.3666 ], [ -4.0511, 40.3677 ], [ -4.0511, 40.3677 ], [ -4.0511, 40.3677 ], [ -4.0511, 40.3678 ], [ -4.0511, 40.3678 ], [ -4.0511, 40.3678 ], [ -4.0511, 40.3679 ], [ -4.0511, 40.368 ], [ -4.051, 40.368 ], [ -4.051, 40.368 ], [ -4.051, 40.3681 ], [ -4.051, 40.3681 ], [ -4.051, 40.3681 ], [ -4.051, 40.3682 ], [ -4.051, 40.3683 ], [ -4.0509, 40.3683 ], [ -4.0509, 40.3683 ], [ -4.0509, 40.3684 ], [ -4.0509, 40.3684 ], [ -4.0509, 40.3684 ], [ -4.0509, 40.3685 ], [ -4.0509, 40.3685 ], [ -4.0509, 40.3685 ], [ -4.0509, 40.3685 ], [ -4.0509, 40.3685 ], [ -4.0509, 40.3686 ], [ -4.0509, 40.3687 ], [ -4.051, 40.3688 ], [ -4.0511, 40.3691 ], [ -4.0511, 40.3691 ], [ -4.0511, 40.3691 ], [ -4.0511, 40.3691 ], [ -4.0511, 40.3692 ], [ -4.0511, 40.3692 ], [ -4.0511, 40.3692 ], [ -4.0511, 40.3693 ], [ -4.0511, 40.3693 ], [ -4.0511, 40.3693 ], [ -4.0511, 40.3694 ], [ -4.0511, 40.3694 ], [ -4.0511, 40.3694 ], [ -4.0511, 40.3694 ], [ -4.0511, 40.3694 ], [ -4.0511, 40.3695 ], [ -4.0511, 40.3695 ], [ -4.0511, 40.3695 ], [ -4.0511, 40.3696 ], [ -4.0511, 40.3697 ], [ -4.0512, 40.3697 ], [ -4.0512, 40.3698 ], [ -4.0512, 40.3699 ], [ -4.0513, 40.37 ], [ -4.0514, 40.37 ], [ -4.0516, 40.3701 ], [ -4.0516, 40.3702 ], [ -4.0517, 40.3702 ], [ -4.0517, 40.3702 ], [ -4.0517, 40.3702 ], [ -4.0517, 40.3703 ], [ -4.0518, 40.3703 ], [ -4.0526, 40.3703 ], [ -4.0526, 40.3702 ], [ -4.0534, 40.3703 ], [ -4.0521, 40.3673 ], [ -4.0521, 40.3667 ], [ -4.0524, 40.3665 ], [ -4.0529, 40.3663 ], [ -4.0532, 40.3666 ], [ -4.0538, 40.3668 ], [ -4.0553, 40.3668 ], [ -4.0556, 40.3666 ], [ -4.0582, 40.3668 ], [ -4.0599, 40.3665 ], [ -4.0616, 40.3667 ], [ -4.0621, 40.3666 ], [ -4.0625, 40.3668 ], [ -4.0641, 40.3667 ], [ -4.0643, 40.3665 ], [ -4.0641, 40.3664 ], [ -4.0652, 40.3658 ], [ -4.0652, 40.3652 ], [ -4.0669, 40.3654 ], [ -4.0688, 40.3645 ], [ -4.071, 40.3628 ], [ -4.0713, 40.3611 ], [ -4.0703, 40.3607 ], [ -4.0708, 40.3599 ], [ -4.0717, 40.3596 ], [ -4.0717, 40.3593 ], [ -4.0728, 40.3591 ], [ -4.0738, 40.3585 ], [ -4.0759, 40.3581 ], [ -4.0765, 40.3583 ], [ -4.0767, 40.3577 ], [ -4.0762, 40.3555 ], [ -4.0753, 40.356 ], [ -4.0744, 40.3541 ], [ -4.0748, 40.3523 ], [ -4.0758, 40.3515 ], [ -4.0758, 40.3513 ], [ -4.0749, 40.3476 ], [ -4.0753, 40.3466 ], [ -4.0752, 40.3444 ], [ -4.0746, 40.3441 ], [ -4.0741, 40.343 ], [ -4.0713, 40.3433 ], [ -4.0681, 40.3423 ], [ -4.0669, 40.3416 ], [ -4.0659, 40.3413 ], [ -4.0654, 40.3413 ], [ -4.0611, 40.3424 ], [ -4.0601, 40.3432 ], [ -4.0597, 40.3439 ], [ -4.0603, 40.3446 ], [ -4.0609, 40.3449 ], [ -4.0614, 40.3454 ], [ -4.0621, 40.3463 ], [ -4.0632, 40.3464 ], [ -4.0637, 40.3478 ], [ -4.0638, 40.3478 ], [ -4.0638, 40.3482 ], [ -4.0639, 40.3482 ], [ -4.064, 40.3486 ], [ -4.0646, 40.3485 ], [ -4.0657, 40.3489 ], [ -4.0653, 40.3493 ], [ -4.0656, 40.3498 ], [ -4.0655, 40.3501 ], [ -4.0659, 40.3508 ], [ -4.0656, 40.3509 ], [ -4.0656, 40.351 ], [ -4.0665, 40.3519 ], [ -4.0669, 40.3526 ], [ -4.067, 40.3526 ], [ -4.0667, 40.3532 ], [ -4.0676, 40.3536 ], [ -4.0675, 40.3539 ], [ -4.0677, 40.3538 ], [ -4.0677, 40.3543 ], [ -4.0676, 40.3543 ], [ -4.0676, 40.3546 ], [ -4.0674, 40.3548 ], [ -4.0674, 40.3551 ], [ -4.0673, 40.3551 ], [ -4.0673, 40.356 ], [ -4.0672, 40.356 ], [ -4.0671, 40.357 ], [ -4.067, 40.357 ], [ -4.067, 40.357 ], [ -4.067, 40.357 ], [ -4.067, 40.357 ], [ -4.067, 40.357 ], [ -4.067, 40.357 ], [ -4.067, 40.357 ], [ -4.067, 40.357 ], [ -4.0669, 40.357 ], [ -4.0669, 40.357 ], [ -4.0668, 40.357 ], [ -4.0668, 40.357 ], [ -4.0668, 40.357 ], [ -4.0668, 40.357 ], [ -4.0667, 40.357 ], [ -4.0667, 40.357 ], [ -4.0667, 40.357 ], [ -4.0666, 40.357 ], [ -4.0665, 40.357 ], [ -4.0665, 40.3571 ], [ -4.0663, 40.357 ], [ -4.0664, 40.3571 ], [ -4.0664, 40.3571 ], [ -4.0665, 40.3571 ], [ -4.0666, 40.3571 ], [ -4.0666, 40.357 ], [ -4.0666, 40.357 ], [ -4.0667, 40.357 ], [ -4.0667, 40.357 ], [ -4.0667, 40.357 ], [ -4.0668, 40.357 ], [ -4.0668, 40.357 ], [ -4.0668, 40.357 ], [ -4.0669, 40.357 ], [ -4.067, 40.357 ], [ -4.067, 40.357 ], [ -4.0671, 40.357 ], [ -4.0671, 40.357 ], [ -4.0671, 40.357 ], [ -4.0672, 40.357 ], [ -4.0672, 40.357 ], [ -4.0672, 40.357 ], [ -4.0673, 40.357 ], [ -4.0673, 40.357 ], [ -4.0673, 40.357 ], [ -4.0674, 40.357 ], [ -4.0674, 40.357 ], [ -4.0674, 40.357 ], [ -4.0674, 40.357 ], [ -4.0675, 40.357 ], [ -4.0675, 40.357 ], [ -4.0675, 40.357 ], [ -4.0676, 40.357 ], [ -4.0677, 40.357 ], [ -4.0678, 40.3569 ], [ -4.0678, 40.3569 ], [ -4.0678, 40.3569 ], [ -4.0679, 40.3569 ], [ -4.0679, 40.3569 ], [ -4.0679, 40.3569 ], [ -4.068, 40.3569 ], [ -4.068, 40.3569 ], [ -4.068, 40.3569 ], [ -4.0681, 40.3569 ], [ -4.0681, 40.3569 ], [ -4.0681, 40.3569 ], [ -4.0681, 40.3569 ], [ -4.0684, 40.3569 ], [ -4.0686, 40.3569 ], [ -4.0686, 40.3569 ], [ -4.0687, 40.3569 ], [ -4.0687, 40.3569 ], [ -4.0687, 40.3569 ], [ -4.0688, 40.3569 ], [ -4.0689, 40.3569 ], [ -4.0689, 40.357 ], [ -4.069, 40.357 ], [ -4.0691, 40.3571 ], [ -4.0692, 40.3571 ], [ -4.0692, 40.3572 ], [ -4.0692, 40.3572 ], [ -4.0692, 40.3572 ], [ -4.0693, 40.3572 ], [ -4.0693, 40.3572 ], [ -4.0693, 40.3572 ], [ -4.0693, 40.3572 ], [ -4.0694, 40.3572 ], [ -4.0694, 40.3572 ], [ -4.0695, 40.3572 ], [ -4.0695, 40.3572 ], [ -4.0695, 40.3572 ], [ -4.0695, 40.3572 ], [ -4.0696, 40.3572 ], [ -4.0697, 40.3572 ], [ -4.0697, 40.3571 ], [ -4.0697, 40.3571 ], [ -4.0697, 40.3571 ], [ -4.0698, 40.3571 ], [ -4.0699, 40.3571 ], [ -4.0699, 40.3572 ], [ -4.0699, 40.3572 ], [ -4.0699, 40.3572 ], [ -4.07, 40.3572 ], [ -4.07, 40.3572 ], [ -4.07, 40.3572 ], [ -4.07, 40.3572 ], [ -4.0701, 40.3572 ], [ -4.0701, 40.3572 ], [ -4.0701, 40.3572 ], [ -4.0702, 40.3572 ], [ -4.0703, 40.3572 ], [ -4.0703, 40.3573 ], [ -4.0703, 40.3573 ], [ -4.0703, 40.3573 ], [ -4.0704, 40.3573 ], [ -4.0704, 40.3573 ], [ -4.0705, 40.3573 ], [ -4.0705, 40.3573 ], [ -4.0705, 40.3573 ], [ -4.0706, 40.3573 ], [ -4.0706, 40.3573 ], [ -4.0706, 40.3573 ], [ -4.0707, 40.3573 ], [ -4.0707, 40.3573 ], [ -4.0707, 40.3573 ], [ -4.0708, 40.3573 ], [ -4.0708, 40.3573 ], [ -4.0709, 40.3573 ], [ -4.0709, 40.3573 ], [ -4.0709, 40.3573 ], [ -4.071, 40.3573 ], [ -4.071, 40.3573 ], [ -4.0711, 40.3573 ], [ -4.0711, 40.3573 ], [ -4.0711, 40.3573 ], [ -4.0712, 40.3573 ], [ -4.0712, 40.3573 ], [ -4.0713, 40.3573 ], [ -4.0714, 40.3573 ], [ -4.0714, 40.3572 ], [ -4.0714, 40.3572 ], [ -4.0715, 40.3572 ], [ -4.0715, 40.3572 ], [ -4.0715, 40.3572 ], [ -4.0716, 40.3572 ], [ -4.0716, 40.3572 ], [ -4.0716, 40.3572 ], [ -4.0717, 40.3572 ], [ -4.0717, 40.3572 ], [ -4.0717, 40.3572 ], [ -4.0718, 40.3572 ], [ -4.0718, 40.3572 ], [ -4.0718, 40.3572 ], [ -4.0719, 40.3572 ], [ -4.072, 40.3572 ], [ -4.0722, 40.3573 ], [ -4.0722, 40.3574 ], [ -4.0723, 40.3574 ], [ -4.0723, 40.3575 ], [ -4.0724, 40.3575 ], [ -4.0725, 40.3575 ], [ -4.0726, 40.3576 ], [ -4.0726, 40.3576 ], [ -4.0726, 40.3577 ], [ -4.0726, 40.3577 ], [ -4.0726, 40.3577 ], [ -4.0726, 40.3577 ], [ -4.0726, 40.3577 ], [ -4.0726, 40.3578 ], [ -4.0726, 40.3579 ], [ -4.0727, 40.3579 ], [ -4.0728, 40.3578 ], [ -4.0728, 40.3577 ], [ -4.0728, 40.3577 ], [ -4.0728, 40.3577 ], [ -4.0728, 40.3577 ], [ -4.0728, 40.3576 ], [ -4.0728, 40.3576 ], [ -4.0728, 40.3576 ], [ -4.0728, 40.3576 ], [ -4.0728, 40.3575 ], [ -4.0728, 40.3575 ], [ -4.0728, 40.3575 ], [ -4.0728, 40.3575 ], [ -4.0728, 40.3574 ], [ -4.0728, 40.3573 ], [ -4.0726, 40.3571 ], [ -4.0726, 40.357 ], [ -4.0726, 40.357 ], [ -4.0726, 40.357 ], [ -4.0726, 40.357 ], [ -4.0726, 40.357 ], [ -4.0726, 40.357 ], [ -4.0726, 40.357 ], [ -4.0725, 40.357 ], [ -4.0725, 40.357 ], [ -4.0724, 40.357 ], [ -4.0724, 40.357 ], [ -4.0724, 40.357 ], [ -4.0723, 40.357 ], [ -4.0723, 40.357 ], [ -4.0723, 40.357 ], [ -4.0722, 40.357 ], [ -4.0722, 40.357 ], [ -4.0721, 40.357 ], [ -4.0721, 40.357 ], [ -4.0721, 40.357 ], [ -4.072, 40.357 ], [ -4.072, 40.357 ], [ -4.072, 40.357 ], [ -4.0719, 40.357 ], [ -4.0719, 40.357 ], [ -4.0718, 40.357 ], [ -4.0717, 40.357 ], [ -4.0717, 40.3569 ], [ -4.0717, 40.3569 ], [ -4.0717, 40.3569 ], [ -4.0717, 40.3568 ], [ -4.0717, 40.3568 ], [ -4.0717, 40.3568 ], [ -4.0717, 40.3567 ], [ -4.0717, 40.3567 ], [ -4.0717, 40.3567 ], [ -4.0717, 40.3567 ], [ -4.0717, 40.3566 ], [ -4.0717, 40.3565 ], [ -4.0718, 40.3564 ], [ -4.0719, 40.3564 ], [ -4.0719, 40.3564 ], [ -4.0719, 40.3563 ], [ -4.0719, 40.3563 ], [ -4.0719, 40.3563 ], [ -4.0719, 40.3562 ], [ -4.0719, 40.3562 ], [ -4.0719, 40.3562 ], [ -4.0719, 40.3562 ], [ -4.0719, 40.3562 ], [ -4.0719, 40.3561 ], [ -4.0719, 40.356 ], [ -4.072, 40.356 ], [ -4.072, 40.3559 ], [ -4.0721, 40.3558 ], [ -4.0721, 40.3558 ], [ -4.0721, 40.3558 ], [ -4.0721, 40.3558 ], [ -4.0721, 40.3557 ], [ -4.0721, 40.3556 ], [ -4.0722, 40.3556 ], [ -4.0722, 40.3556 ], [ -4.0722, 40.3555 ], [ -4.0722, 40.3555 ], [ -4.0722, 40.3555 ], [ -4.0722, 40.3555 ], [ -4.0722, 40.3554 ], [ -4.0722, 40.3553 ], [ -4.0723, 40.3552 ], [ -4.0722, 40.3551 ], [ -4.0722, 40.3551 ], [ -4.0722, 40.3551 ], [ -4.0722, 40.355 ], [ -4.0722, 40.3549 ], [ -4.0721, 40.3549 ], [ -4.0721, 40.3549 ], [ -4.0721, 40.3548 ], [ -4.0721, 40.3547 ], [ -4.0722, 40.3547 ], [ -4.0722, 40.3547 ], [ -4.0722, 40.3546 ], [ -4.0722, 40.3545 ], [ -4.0721, 40.3545 ], [ -4.072, 40.3544 ], [ -4.072, 40.3544 ], [ -4.072, 40.3544 ], [ -4.072, 40.3544 ], [ -4.072, 40.3543 ], [ -4.072, 40.3543 ], [ -4.072, 40.3543 ], [ -4.072, 40.3543 ], [ -4.072, 40.3542 ], [ -4.072, 40.3541 ], [ -4.0721, 40.3541 ], [ -4.0721, 40.3541 ], [ -4.0721, 40.354 ], [ -4.0721, 40.354 ], [ -4.0721, 40.354 ], [ -4.0721, 40.354 ], [ -4.0721, 40.3539 ], [ -4.0721, 40.3539 ], [ -4.0721, 40.3539 ], [ -4.0721, 40.3539 ], [ -4.0721, 40.3538 ], [ -4.0721, 40.3538 ], [ -4.0721, 40.3538 ], [ -4.0721, 40.3537 ], [ -4.0721, 40.3537 ], [ -4.0721, 40.3537 ], [ -4.0721, 40.3536 ], [ -4.0721, 40.3536 ], [ -4.0721, 40.3536 ], [ -4.0721, 40.3536 ], [ -4.0721, 40.3535 ], [ -4.0721, 40.3534 ], [ -4.0722, 40.3531 ], [ -4.072, 40.353 ], [ -4.0719, 40.3528 ], [ -4.072, 40.3526 ], [ -4.0721, 40.3526 ], [ -4.0721, 40.3525 ], [ -4.072, 40.3525 ], [ -4.072, 40.3524 ], [ -4.072, 40.3524 ], [ -4.072, 40.3524 ], [ -4.072, 40.3524 ], [ -4.072, 40.3523 ], [ -4.072, 40.3522 ], [ -4.0719, 40.3521 ], [ -4.0718, 40.3521 ], [ -4.0717, 40.3519 ], [ -4.0717, 40.3519 ], [ -4.0717, 40.3519 ], [ -4.0717, 40.3519 ], [ -4.0717, 40.3518 ], [ -4.0717, 40.3518 ], [ -4.0717, 40.3518 ], [ -4.0717, 40.3518 ], [ -4.0717, 40.3517 ], [ -4.0717, 40.3516 ], [ -4.0716, 40.3516 ], [ -4.0716, 40.3516 ], [ -4.0716, 40.3515 ], [ -4.0716, 40.3514 ], [ -4.0715, 40.3514 ], [ -4.0715, 40.3514 ], [ -4.0715, 40.3513 ], [ -4.0715, 40.3512 ], [ -4.0714, 40.3512 ], [ -4.0713, 40.3511 ], [ -4.0712, 40.3509 ], [ -4.0712, 40.3509 ], [ -4.0712, 40.3509 ], [ -4.0712, 40.3508 ], [ -4.0712, 40.3507 ], [ -4.0711, 40.3506 ], [ -4.0711, 40.3506 ], [ -4.0711, 40.3506 ], [ -4.0711, 40.3506 ], [ -4.0711, 40.3505 ], [ -4.0711, 40.3504 ], [ -4.071, 40.3504 ], [ -4.0709, 40.3502 ], [ -4.0709, 40.3502 ], [ -4.0709, 40.3502 ], [ -4.0709, 40.3501 ], [ -4.0709, 40.35 ], [ -4.0708, 40.35 ], [ -4.0709, 40.35 ], [ -4.0709, 40.3499 ], [ -4.0709, 40.3499 ], [ -4.0709, 40.3499 ], [ -4.0709, 40.3498 ], [ -4.0709, 40.3497 ], [ -4.0708, 40.3497 ], [ -4.0708, 40.3496 ], [ -4.0708, 40.3496 ], [ -4.0708, 40.3496 ], [ -4.0708, 40.3496 ], [ -4.0708, 40.3495 ], [ -4.0708, 40.3495 ], [ -4.0708, 40.3495 ], [ -4.0708, 40.3494 ], [ -4.0708, 40.3493 ], [ -4.0707, 40.3493 ], [ -4.0708, 40.3491 ], [ -4.0707, 40.3491 ], [ -4.0707, 40.349 ], [ -4.0707, 40.3489 ], [ -4.0706, 40.3488 ], [ -4.0704, 40.3486 ], [ -4.0703, 40.3486 ], [ -4.0703, 40.3486 ], [ -4.0703, 40.3486 ], [ -4.0703, 40.3485 ], [ -4.0703, 40.3485 ], [ -4.0703, 40.3485 ], [ -4.0703, 40.3485 ], [ -4.0703, 40.3484 ], [ -4.0703, 40.3484 ], [ -4.0703, 40.3484 ], [ -4.0703, 40.3483 ], [ -4.0703, 40.3482 ], [ -4.0702, 40.3482 ], [ -4.0701, 40.348 ], [ -4.0701, 40.348 ], [ -4.0701, 40.348 ], [ -4.0701, 40.348 ], [ -4.0701, 40.3479 ], [ -4.0701, 40.3479 ], [ -4.0701, 40.3479 ], [ -4.0701, 40.3479 ], [ -4.0701, 40.3478 ], [ -4.0701, 40.3478 ], [ -4.0701, 40.3478 ], [ -4.0701, 40.3478 ], [ -4.0701, 40.3477 ], [ -4.0701, 40.3476 ], [ -4.07, 40.3475 ], [ -4.0701, 40.3479 ], [ -4.0702, 40.3479 ], [ -4.0701, 40.348 ], [ -4.0703, 40.3482 ], [ -4.0703, 40.3482 ], [ -4.0703, 40.3483 ], [ -4.0703, 40.3483 ], [ -4.0703, 40.3483 ], [ -4.0703, 40.3483 ], [ -4.0703, 40.3484 ], [ -4.0703, 40.3484 ], [ -4.0703, 40.3484 ], [ -4.0703, 40.3485 ], [ -4.0703, 40.3486 ], [ -4.0704, 40.3486 ], [ -4.0708, 40.349 ], [ -4.0708, 40.3491 ], [ -4.0708, 40.3491 ], [ -4.0708, 40.3491 ], [ -4.0708, 40.3491 ], [ -4.0708, 40.3492 ], [ -4.0708, 40.3492 ], [ -4.0708, 40.3492 ], [ -4.0708, 40.3492 ], [ -4.0708, 40.3493 ], [ -4.0708, 40.3493 ], [ -4.0708, 40.3493 ], [ -4.0708, 40.3493 ], [ -4.0708, 40.3493 ], [ -4.0708, 40.3494 ], [ -4.0708, 40.3494 ], [ -4.0708, 40.3494 ], [ -4.0708, 40.3494 ], [ -4.0708, 40.3494 ], [ -4.0708, 40.3495 ], [ -4.0708, 40.3496 ], [ -4.0709, 40.3497 ], [ -4.0709, 40.3497 ], [ -4.0709, 40.3497 ], [ -4.0709, 40.3497 ], [ -4.0709, 40.3497 ], [ -4.0709, 40.3498 ], [ -4.0709, 40.3498 ], [ -4.0709, 40.3498 ], [ -4.0709, 40.3498 ], [ -4.0709, 40.3499 ], [ -4.0709, 40.3499 ], [ -4.0709, 40.3499 ], [ -4.0709, 40.35 ], [ -4.0709, 40.35 ], [ -4.0709, 40.35 ], [ -4.0709, 40.35 ], [ -4.0709, 40.3501 ], [ -4.0709, 40.3502 ], [ -4.0711, 40.3504 ], [ -4.0711, 40.3504 ], [ -4.0711, 40.3505 ], [ -4.0711, 40.3506 ], [ -4.0712, 40.3506 ], [ -4.0713, 40.3511 ], [ -4.0715, 40.3513 ], [ -4.0716, 40.3513 ], [ -4.0718, 40.3518 ], [ -4.0718, 40.3521 ], [ -4.072, 40.3522 ], [ -4.0721, 40.3525 ], [ -4.072, 40.3526 ], [ -4.072, 40.353 ], [ -4.0722, 40.3531 ], [ -4.0722, 40.3534 ], [ -4.0721, 40.3534 ], [ -4.0722, 40.3538 ], [ -4.0721, 40.3538 ], [ -4.0721, 40.3539 ], [ -4.0721, 40.3539 ], [ -4.0721, 40.3539 ], [ -4.0721, 40.3539 ], [ -4.0721, 40.354 ], [ -4.0721, 40.3541 ], [ -4.072, 40.3544 ], [ -4.0722, 40.3545 ], [ -4.0722, 40.3545 ], [ -4.0722, 40.3545 ], [ -4.0722, 40.3545 ], [ -4.0722, 40.3546 ], [ -4.0722, 40.3547 ], [ -4.0721, 40.3548 ], [ -4.0722, 40.3549 ], [ -4.0722, 40.3549 ], [ -4.0722, 40.3549 ], [ -4.0722, 40.355 ], [ -4.0722, 40.3551 ], [ -4.0723, 40.3551 ], [ -4.0723, 40.3551 ], [ -4.0723, 40.3552 ], [ -4.0723, 40.3553 ], [ -4.0722, 40.3553 ], [ -4.0723, 40.3554 ], [ -4.0722, 40.3554 ], [ -4.0722, 40.3554 ], [ -4.0722, 40.3555 ], [ -4.0722, 40.3556 ], [ -4.0721, 40.3556 ], [ -4.0721, 40.3557 ], [ -4.0721, 40.3557 ], [ -4.0721, 40.3557 ], [ -4.0721, 40.3557 ], [ -4.0721, 40.3558 ], [ -4.0721, 40.3559 ], [ -4.072, 40.3559 ], [ -4.0719, 40.356 ], [ -4.0719, 40.3561 ], [ -4.0719, 40.3561 ], [ -4.0719, 40.3561 ], [ -4.0719, 40.3562 ], [ -4.0719, 40.3562 ], [ -4.0719, 40.3562 ], [ -4.0719, 40.3562 ], [ -4.0719, 40.3562 ], [ -4.0719, 40.3563 ], [ -4.0719, 40.3564 ], [ -4.0717, 40.3565 ], [ -4.0717, 40.3566 ], [ -4.0717, 40.3566 ], [ -4.0717, 40.3566 ], [ -4.0717, 40.3566 ], [ -4.0717, 40.3567 ], [ -4.0717, 40.3567 ], [ -4.0717, 40.3567 ], [ -4.0717, 40.3567 ], [ -4.0717, 40.3568 ], [ -4.0717, 40.3568 ], [ -4.0717, 40.3568 ], [ -4.0717, 40.3569 ], [ -4.0717, 40.357 ], [ -4.0718, 40.357 ], [ -4.0718, 40.357 ], [ -4.0718, 40.357 ], [ -4.0719, 40.357 ], [ -4.0719, 40.357 ], [ -4.072, 40.357 ], [ -4.072, 40.357 ], [ -4.072, 40.357 ], [ -4.0721, 40.357 ], [ -4.0721, 40.357 ], [ -4.0721, 40.357 ], [ -4.0722, 40.357 ], [ -4.0722, 40.357 ], [ -4.0723, 40.357 ], [ -4.0723, 40.357 ], [ -4.0723, 40.357 ], [ -4.0724, 40.357 ], [ -4.0724, 40.357 ], [ -4.0724, 40.357 ], [ -4.0725, 40.357 ], [ -4.0726, 40.357 ], [ -4.0728, 40.3572 ], [ -4.0728, 40.3573 ], [ -4.0728, 40.3573 ], [ -4.0728, 40.3573 ], [ -4.0728, 40.3574 ], [ -4.0728, 40.3574 ], [ -4.0728, 40.3574 ], [ -4.0728, 40.3574 ], [ -4.0728, 40.3575 ], [ -4.0728, 40.3575 ], [ -4.0728, 40.3575 ], [ -4.0728, 40.3575 ], [ -4.0728, 40.3576 ], [ -4.0728, 40.3576 ], [ -4.0728, 40.3576 ], [ -4.0728, 40.3576 ], [ -4.0728, 40.3577 ], [ -4.0728, 40.3578 ], [ -4.0727, 40.3578 ], [ -4.0727, 40.3578 ], [ -4.0727, 40.3579 ], [ -4.0727, 40.358 ], [ -4.0726, 40.358 ], [ -4.0726, 40.358 ], [ -4.0726, 40.3581 ], [ -4.0726, 40.3581 ], [ -4.0726, 40.3581 ], [ -4.0726, 40.3581 ], [ -4.0726, 40.3582 ], [ -4.0726, 40.3583 ], [ -4.0729, 40.3586 ], [ -4.073, 40.3586 ], [ -4.073, 40.3587 ], [ -4.073, 40.3588 ], [ -4.0729, 40.3587 ], [ -4.0729, 40.3586 ], [ -4.0729, 40.3585 ], [ -4.0726, 40.3583 ], [ -4.0726, 40.3583 ], [ -4.0726, 40.3583 ], [ -4.0726, 40.3583 ], [ -4.0726, 40.3583 ], [ -4.0726, 40.3582 ], [ -4.0726, 40.3582 ], [ -4.0726, 40.3582 ], [ -4.0726, 40.3582 ], [ -4.0726, 40.3581 ], [ -4.0726, 40.358 ], [ -4.0727, 40.3579 ], [ -4.0726, 40.3579 ], [ -4.0726, 40.3579 ], [ -4.0726, 40.3578 ], [ -4.0726, 40.3578 ], [ -4.0726, 40.3578 ], [ -4.0726, 40.3578 ], [ -4.0726, 40.3577 ], [ -4.0726, 40.3576 ], [ -4.0724, 40.3576 ], [ -4.0723, 40.3575 ], [ -4.0723, 40.3574 ], [ -4.0722, 40.3574 ], [ -4.0722, 40.3573 ], [ -4.072, 40.3573 ], [ -4.072, 40.3572 ], [ -4.0719, 40.3572 ], [ -4.0719, 40.3572 ], [ -4.0719, 40.3572 ], [ -4.0718, 40.3572 ], [ -4.0718, 40.3572 ], [ -4.0718, 40.3572 ], [ -4.0717, 40.3572 ], [ -4.0717, 40.3572 ], [ -4.0717, 40.3572 ], [ -4.0716, 40.3572 ], [ -4.0716, 40.3572 ], [ -4.0716, 40.3572 ], [ -4.0715, 40.3572 ], [ -4.0714, 40.3572 ], [ -4.0714, 40.3573 ], [ -4.0714, 40.3573 ], [ -4.0713, 40.3573 ], [ -4.0713, 40.3573 ], [ -4.0713, 40.3573 ], [ -4.0712, 40.3573 ], [ -4.0712, 40.3573 ], [ -4.0711, 40.3573 ], [ -4.0711, 40.3573 ], [ -4.071, 40.3573 ], [ -4.071, 40.3573 ], [ -4.071, 40.3573 ], [ -4.0709, 40.3573 ], [ -4.0709, 40.3573 ], [ -4.0709, 40.3573 ], [ -4.0708, 40.3573 ], [ -4.0708, 40.3573 ], [ -4.0707, 40.3573 ], [ -4.0707, 40.3573 ], [ -4.0707, 40.3573 ], [ -4.0706, 40.3573 ], [ -4.0706, 40.3573 ], [ -4.0706, 40.3573 ], [ -4.0705, 40.3573 ], [ -4.0705, 40.3573 ], [ -4.0705, 40.3573 ], [ -4.0704, 40.3573 ], [ -4.0704, 40.3573 ], [ -4.0703, 40.3573 ], [ -4.0702, 40.3573 ], [ -4.0702, 40.3572 ], [ -4.0701, 40.3572 ], [ -4.0701, 40.3572 ], [ -4.0701, 40.3572 ], [ -4.07, 40.3572 ], [ -4.07, 40.3572 ], [ -4.07, 40.3572 ], [ -4.07, 40.3572 ], [ -4.0699, 40.3572 ], [ -4.0698, 40.3572 ], [ -4.0698, 40.3571 ], [ -4.0697, 40.3572 ], [ -4.0697, 40.3572 ], [ -4.0697, 40.3572 ], [ -4.0697, 40.3572 ], [ -4.0696, 40.3572 ], [ -4.0696, 40.3572 ], [ -4.0696, 40.3572 ], [ -4.0695, 40.3572 ], [ -4.0695, 40.3572 ], [ -4.0695, 40.3572 ], [ -4.0694, 40.3572 ], [ -4.0694, 40.3572 ], [ -4.0693, 40.3572 ], [ -4.0692, 40.3572 ], [ -4.069, 40.3571 ], [ -4.069, 40.357 ], [ -4.0689, 40.3569 ], [ -4.0689, 40.3569 ], [ -4.0688, 40.3569 ], [ -4.0688, 40.3569 ], [ -4.0688, 40.3569 ], [ -4.0688, 40.3569 ], [ -4.0687, 40.3569 ], [ -4.0687, 40.3569 ], [ -4.0687, 40.3569 ], [ -4.0686, 40.3569 ], [ -4.0686, 40.3569 ], [ -4.0684, 40.3569 ], [ -4.0681, 40.3569 ], [ -4.0681, 40.3569 ], [ -4.0681, 40.3569 ], [ -4.0681, 40.3569 ], [ -4.068, 40.3569 ], [ -4.068, 40.3569 ], [ -4.068, 40.3569 ], [ -4.0679, 40.3569 ], [ -4.0678, 40.3569 ], [ -4.0678, 40.357 ], [ -4.0677, 40.357 ], [ -4.0677, 40.357 ], [ -4.0677, 40.357 ], [ -4.0676, 40.357 ], [ -4.0676, 40.357 ], [ -4.0676, 40.357 ], [ -4.0675, 40.357 ], [ -4.0675, 40.357 ], [ -4.0675, 40.357 ], [ -4.0674, 40.357 ], [ -4.0674, 40.357 ], [ -4.0674, 40.357 ], [ -4.0674, 40.357 ], [ -4.0673, 40.357 ], [ -4.0673, 40.357 ], [ -4.0673, 40.357 ], [ -4.0672, 40.357 ], [ -4.0672, 40.357 ], [ -4.0672, 40.357 ], [ -4.0671, 40.357 ], [ -4.0671, 40.357 ], [ -4.067, 40.357 ], [ -4.0669, 40.357 ], [ -4.0668, 40.357 ], [ -4.0668, 40.357 ], [ -4.0668, 40.357 ], [ -4.0667, 40.357 ], [ -4.0666, 40.357 ], [ -4.0666, 40.3571 ], [ -4.0665, 40.3571 ], [ -4.0664, 40.3571 ], [ -4.0662, 40.3569 ], [ -4.0662, 40.3569 ], [ -4.0662, 40.3569 ], [ -4.0662, 40.3569 ], [ -4.0662, 40.3569 ], [ -4.0662, 40.3569 ], [ -4.0662, 40.3569 ], [ -4.0661, 40.3569 ], [ -4.0661, 40.3569 ], [ -4.0661, 40.3569 ], [ -4.0661, 40.3569 ], [ -4.066, 40.3569 ], [ -4.066, 40.3569 ], [ -4.066, 40.3569 ], [ -4.0659, 40.3569 ], [ -4.0659, 40.3569 ], [ -4.0659, 40.3569 ], [ -4.0658, 40.3569 ], [ -4.0658, 40.3569 ], [ -4.0658, 40.3569 ], [ -4.0657, 40.3569 ], [ -4.0657, 40.3569 ], [ -4.0656, 40.3569 ], [ -4.0655, 40.3569 ], [ -4.0654, 40.357 ], [ -4.0654, 40.3571 ], [ -4.0653, 40.3571 ], [ -4.0651, 40.3572 ], [ -4.0651, 40.3573 ], [ -4.0651, 40.3573 ], [ -4.065, 40.3573 ], [ -4.065, 40.3573 ], [ -4.065, 40.3573 ], [ -4.0649, 40.3573 ], [ -4.0648, 40.3573 ], [ -4.0648, 40.3574 ], [ -4.0648, 40.3574 ], [ -4.0647, 40.3574 ], [ -4.0646, 40.3574 ], [ -4.0644, 40.3576 ], [ -4.0644, 40.3576 ], [ -4.0644, 40.3576 ], [ -4.0643, 40.3576 ], [ -4.0642, 40.3576 ], [ -4.0642, 40.3575 ], [ -4.0641, 40.3575 ], [ -4.064, 40.3575 ], [ -4.0639, 40.3574 ], [ -4.0639, 40.3574 ], [ -4.0639, 40.3574 ], [ -4.0639, 40.3574 ], [ -4.0638, 40.3574 ], [ -4.0638, 40.3574 ], [ -4.0638, 40.3574 ], [ -4.0637, 40.3574 ], [ -4.0636, 40.3574 ], [ -4.0636, 40.3575 ], [ -4.0635, 40.3575 ], [ -4.0634, 40.3575 ], [ -4.0634, 40.3576 ], [ -4.0633, 40.3576 ], [ -4.0633, 40.3577 ], [ -4.0632, 40.3578 ], [ -4.0631, 40.3578 ], [ -4.0631, 40.3578 ], [ -4.0631, 40.3578 ], [ -4.0631, 40.3578 ], [ -4.063, 40.3578 ], [ -4.0629, 40.3578 ], [ -4.0629, 40.3579 ], [ -4.0628, 40.3579 ], [ -4.0627, 40.3579 ], [ -4.0626, 40.358 ], [ -4.0626, 40.3581 ], [ -4.0625, 40.3581 ], [ -4.0625, 40.3582 ], [ -4.0625, 40.3582 ], [ -4.0625, 40.3582 ], [ -4.0624, 40.3582 ], [ -4.0624, 40.3582 ], [ -4.0624, 40.3582 ], [ -4.0623, 40.3582 ], [ -4.0623, 40.3582 ], [ -4.0623, 40.3582 ], [ -4.0622, 40.3582 ], [ -4.0622, 40.3582 ], [ -4.0621, 40.3582 ], [ -4.062, 40.3582 ], [ -4.0618, 40.3584 ], [ -4.0617, 40.3584 ], [ -4.0617, 40.3584 ], [ -4.0617, 40.3584 ], [ -4.0617, 40.3584 ], [ -4.0616, 40.3584 ], [ -4.0615, 40.3584 ], [ -4.0615, 40.3585 ], [ -4.0615, 40.3585 ], [ -4.0614, 40.3585 ], [ -4.0614, 40.3585 ], [ -4.0614, 40.3585 ], [ -4.0613, 40.3585 ], [ -4.0613, 40.3585 ], [ -4.0613, 40.3585 ], [ -4.0612, 40.3585 ], [ -4.0612, 40.3585 ], [ -4.0612, 40.3585 ], [ -4.0611, 40.3585 ], [ -4.0611, 40.3585 ], [ -4.0611, 40.3585 ], [ -4.061, 40.3585 ], [ -4.061, 40.3585 ], [ -4.0609, 40.3585 ], [ -4.0609, 40.3585 ], [ -4.0609, 40.3585 ], [ -4.0608, 40.3585 ], [ -4.0607, 40.3585 ], [ -4.0604, 40.3583 ], [ -4.0604, 40.3582 ], [ -4.0603, 40.3582 ], [ -4.0602, 40.3582 ], [ -4.0601, 40.3581 ], [ -4.0601, 40.3581 ], [ -4.06, 40.3581 ], [ -4.06, 40.3581 ], [ -4.06, 40.3581 ], [ -4.0599, 40.3581 ], [ -4.0599, 40.3581 ], [ -4.0599, 40.3581 ], [ -4.0598, 40.3581 ], [ -4.0598, 40.3581 ], [ -4.0597, 40.3581 ], [ -4.0597, 40.3581 ], [ -4.0597, 40.3581 ], [ -4.0597, 40.3581 ], [ -4.0596, 40.3581 ], [ -4.0595, 40.3581 ], [ -4.0595, 40.3582 ], [ -4.0594, 40.3582 ], [ -4.0594, 40.3582 ], [ -4.0594, 40.3582 ], [ -4.0593, 40.3582 ], [ -4.0593, 40.3582 ], [ -4.0592, 40.3582 ], [ -4.0592, 40.3582 ], [ -4.0592, 40.3582 ], [ -4.0591, 40.3582 ], [ -4.059, 40.3582 ], [ -4.0589, 40.3583 ], [ -4.0588, 40.3583 ], [ -4.0587, 40.3584 ], [ -4.0586, 40.3584 ], [ -4.0586, 40.3584 ], [ -4.0586, 40.3584 ], [ -4.0586, 40.3584 ], [ -4.0585, 40.3584 ], [ -4.0585, 40.3584 ], [ -4.0585, 40.3584 ], [ -4.0584, 40.3584 ], [ -4.0584, 40.3584 ], [ -4.0584, 40.3584 ], [ -4.0583, 40.3584 ], [ -4.0583, 40.3584 ], [ -4.0583, 40.3584 ], [ -4.0582, 40.3584 ], [ -4.0581, 40.3584 ], [ -4.0581, 40.3585 ], [ -4.0581, 40.3585 ], [ -4.0581, 40.3585 ], [ -4.058, 40.3585 ], [ -4.058, 40.3585 ], [ -4.0579, 40.3585 ], [ -4.0579, 40.3585 ], [ -4.0579, 40.3585 ], [ -4.0578, 40.3585 ], [ -4.0578, 40.3585 ], [ -4.0577, 40.3585 ], [ -4.0576, 40.3585 ], [ -4.0576, 40.3584 ], [ -4.0575, 40.3584 ], [ -4.0574, 40.3583 ], [ -4.0573, 40.3583 ], [ -4.0573, 40.3584 ], [ -4.0571, 40.3586 ], [ -4.057, 40.3586 ], [ -4.0569, 40.3587 ], [ -4.0568, 40.3587 ], [ -4.0567, 40.3588 ], [ -4.0566, 40.3588 ], [ -4.0565, 40.359 ], [ -4.0564, 40.359 ], [ -4.0563, 40.3591 ], [ -4.0563, 40.3592 ], [ -4.0562, 40.3592 ], [ -4.0561, 40.3592 ], [ -4.056, 40.3593 ], [ -4.056, 40.3594 ], [ -4.0559, 40.3594 ], [ -4.0558, 40.3594 ], [ -4.0558, 40.3595 ], [ -4.0558, 40.3595 ], [ -4.0557, 40.3595 ], [ -4.0557, 40.3595 ], [ -4.0556, 40.3595 ], [ -4.0556, 40.3595 ], [ -4.0556, 40.3595 ], [ -4.0555, 40.3595 ], [ -4.0554, 40.3595 ], [ -4.0554, 40.3596 ], [ -4.055, 40.3598 ], [ -4.055, 40.3598 ], [ -4.055, 40.3598 ], [ -4.0549, 40.3598 ], [ -4.0548, 40.3598 ], [ -4.0547, 40.3599 ], [ -4.0546, 40.3598 ], [ -4.0546, 40.3598 ], [ -4.0545, 40.3598 ], [ -4.0545, 40.3598 ], [ -4.0544, 40.3598 ], [ -4.0543, 40.3598 ], [ -4.054, 40.3597 ], [ -4.054, 40.3596 ], [ -4.0539, 40.3596 ], [ -4.0539, 40.3596 ], [ -4.0539, 40.3596 ], [ -4.0538, 40.3596 ], [ -4.0538, 40.3596 ], [ -4.0538, 40.3596 ], [ -4.0537, 40.3596 ], [ -4.0536, 40.3596 ], [ -4.0535, 40.3597 ], [ -4.0535, 40.3598 ], [ -4.0535, 40.3599 ], [ -4.0533, 40.36 ], [ -4.0529, 40.3601 ], [ -4.0529, 40.36 ], [ -4.0528, 40.36 ], [ -4.0528, 40.36 ], [ -4.0528, 40.36 ], [ -4.0527, 40.36 ], [ -4.0527, 40.36 ], [ -4.0527, 40.36 ], [ -4.0527, 40.36 ], [ -4.0526, 40.36 ], [ -4.0526, 40.36 ], [ -4.0526, 40.36 ], [ -4.0525, 40.36 ], [ -4.0525, 40.36 ], [ -4.0524, 40.36 ], [ -4.0523, 40.36 ], [ -4.0523, 40.3601 ], [ -4.0523, 40.3601 ], [ -4.0522, 40.3601 ], [ -4.0521, 40.3601 ], [ -4.0521, 40.3602 ], [ -4.0518, 40.3603 ], [ -4.0518, 40.3603 ], [ -4.0517, 40.3603 ], [ -4.0517, 40.3603 ], [ -4.0517, 40.3603 ], [ -4.0516, 40.3603 ], [ -4.0516, 40.3603 ], [ -4.0516, 40.3603 ], [ -4.0515, 40.3603 ], [ -4.0515, 40.3603 ], [ -4.0514, 40.3603 ], [ -4.0514, 40.3603 ], [ -4.0513, 40.3603 ], [ -4.0513, 40.3603 ], [ -4.0513, 40.3603 ], [ -4.0512, 40.3603 ], [ -4.0512, 40.3603 ], [ -4.0511, 40.3603 ], [ -4.051, 40.3603 ], [ -4.0509, 40.3604 ], [ -4.0509, 40.3604 ], [ -4.0508, 40.3604 ], [ -4.0508, 40.3604 ], [ -4.0507, 40.3604 ], [ -4.0507, 40.3604 ], [ -4.0507, 40.3604 ], [ -4.0506, 40.3604 ], [ -4.0505, 40.3604 ], [ -4.0504, 40.3603 ], [ -4.0504, 40.3602 ], [ -4.0503, 40.3602 ], [ -4.0502, 40.3602 ], [ -4.0502, 40.3603 ], [ -4.0498, 40.3607 ], [ -4.0497, 40.3607 ], [ -4.0497, 40.3607 ], [ -4.0497, 40.3607 ], [ -4.0497, 40.3607 ], [ -4.0497, 40.3607 ], [ -4.0497, 40.3607 ], [ -4.0497, 40.3608 ], [ -4.0497, 40.3609 ], [ -4.0495, 40.3611 ], [ -4.0493, 40.3612 ], [ -4.0493, 40.3612 ], [ -4.0493, 40.3612 ], [ -4.0492, 40.3612 ], [ -4.0491, 40.3612 ], [ -4.0491, 40.3613 ], [ -4.049, 40.3613 ], [ -4.049, 40.3613 ], [ -4.049, 40.3613 ], [ -4.0489, 40.3613 ], [ -4.0488, 40.3613 ], [ -4.0488, 40.3614 ], [ -4.0487, 40.3614 ], [ -4.0486, 40.3614 ], [ -4.0485, 40.3615 ], [ -4.0485, 40.3616 ], [ -4.0485, 40.3616 ], [ -4.0484, 40.3616 ], [ -4.0484, 40.3616 ], [ -4.0484, 40.3616 ], [ -4.0483, 40.3616 ], [ -4.0483, 40.3616 ], [ -4.0483, 40.3616 ], [ -4.0482, 40.3616 ], [ -4.0481, 40.3616 ], [ -4.0481, 40.3617 ], [ -4.0481, 40.3617 ], [ -4.048, 40.3617 ], [ -4.048, 40.3617 ], [ -4.048, 40.3617 ], [ -4.0479, 40.3617 ], [ -4.0479, 40.3617 ], [ -4.0479, 40.3617 ], [ -4.0478, 40.3617 ], [ -4.0478, 40.3617 ], [ -4.0478, 40.3617 ], [ -4.0477, 40.3617 ], [ -4.0476, 40.3617 ], [ -4.0476, 40.3618 ], [ -4.0476, 40.3618 ], [ -4.0475, 40.3618 ], [ -4.0474, 40.3618 ], [ -4.0474, 40.3619 ], [ -4.0473, 40.3619 ], [ -4.0473, 40.3619 ], [ -4.0473, 40.3619 ], [ -4.0472, 40.3619 ], [ -4.0472, 40.3619 ], [ -4.0471, 40.3619 ], [ -4.047, 40.3619 ], [ -4.047, 40.362 ], [ -4.0469, 40.362 ], [ -4.0469, 40.362 ], [ -4.0469, 40.362 ], [ -4.0468, 40.362 ], [ -4.0468, 40.362 ], [ -4.0468, 40.362 ], [ -4.0467, 40.362 ], [ -4.0467, 40.362 ], [ -4.0466, 40.362 ], [ -4.0466, 40.362 ], [ -4.0466, 40.362 ], [ -4.0465, 40.362 ], [ -4.0465, 40.362 ], [ -4.0465, 40.362 ], [ -4.0464, 40.362 ], [ -4.0463, 40.362 ], [ -4.0463, 40.3621 ], [ -4.0462, 40.3621 ], [ -4.0462, 40.3621 ], [ -4.0462, 40.3621 ], [ -4.0461, 40.3621 ], [ -4.0461, 40.3621 ], [ -4.0461, 40.3621 ], [ -4.046, 40.3621 ], [ -4.046, 40.3621 ], [ -4.0459, 40.3621 ], [ -4.0459, 40.3621 ], [ -4.0459, 40.3621 ], [ -4.0458, 40.3621 ], [ -4.0457, 40.3621 ], [ -4.0456, 40.3622 ], [ -4.0455, 40.3622 ], [ -4.0455, 40.3623 ], [ -4.0455, 40.3623 ], [ -4.0454, 40.3623 ], [ -4.0453, 40.3623 ], [ -4.0453, 40.3624 ], [ -4.0453, 40.3623 ], [ -4.0453, 40.3623 ], [ -4.0453, 40.3623 ], [ -4.0453, 40.3623 ], [ -4.0454, 40.3623 ], [ -4.0455, 40.3623 ], [ -4.0456, 40.3622 ], [ -4.0456, 40.3621 ], [ -4.0457, 40.3621 ], [ -4.0457, 40.3621 ], [ -4.0457, 40.3621 ], [ -4.0458, 40.3621 ], [ -4.0458, 40.3621 ], [ -4.0458, 40.3621 ], [ -4.0459, 40.3621 ], [ -4.0459, 40.3621 ], [ -4.0459, 40.3621 ], [ -4.046, 40.3621 ], [ -4.046, 40.3621 ], [ -4.046, 40.3621 ], [ -4.0461, 40.3621 ], [ -4.0462, 40.3621 ], [ -4.0463, 40.362 ], [ -4.0463, 40.362 ], [ -4.0463, 40.362 ], [ -4.0463, 40.362 ], [ -4.0464, 40.362 ], [ -4.0464, 40.362 ], [ -4.0464, 40.362 ], [ -4.0465, 40.362 ], [ -4.0465, 40.362 ], [ -4.0465, 40.362 ], [ -4.0466, 40.362 ], [ -4.0466, 40.362 ], [ -4.0466, 40.362 ], [ -4.0467, 40.362 ], [ -4.0467, 40.362 ], [ -4.0468, 40.362 ], [ -4.0469, 40.362 ], [ -4.047, 40.3619 ], [ -4.047, 40.3619 ], [ -4.047, 40.3619 ], [ -4.0471, 40.3619 ], [ -4.0471, 40.3619 ], [ -4.0471, 40.3619 ], [ -4.0472, 40.3619 ], [ -4.0473, 40.3619 ], [ -4.0473, 40.3618 ], [ -4.0474, 40.3618 ], [ -4.0474, 40.3618 ], [ -4.0474, 40.3618 ], [ -4.0475, 40.3618 ], [ -4.0476, 40.3618 ], [ -4.0476, 40.3617 ], [ -4.0477, 40.3617 ], [ -4.0477, 40.3617 ], [ -4.0477, 40.3617 ], [ -4.0478, 40.3617 ], [ -4.0478, 40.3617 ], [ -4.0478, 40.3617 ], [ -4.0479, 40.3617 ], [ -4.0479, 40.3617 ], [ -4.0479, 40.3617 ], [ -4.048, 40.3617 ], [ -4.0481, 40.3617 ], [ -4.0482, 40.3616 ], [ -4.0482, 40.3615 ], [ -4.0482, 40.3616 ], [ -4.0483, 40.3616 ], [ -4.0483, 40.3616 ], [ -4.0483, 40.3616 ], [ -4.0484, 40.3616 ], [ -4.0485, 40.3616 ], [ -4.0487, 40.3614 ], [ -4.0487, 40.3613 ], [ -4.0488, 40.3613 ], [ -4.0488, 40.3613 ], [ -4.0488, 40.3613 ], [ -4.0489, 40.3613 ], [ -4.049, 40.3613 ], [ -4.0491, 40.3612 ], [ -4.0495, 40.3611 ], [ -4.0497, 40.3608 ], [ -4.0495, 40.3606 ], [ -4.0488, 40.361 ], [ -4.0486, 40.361 ], [ -4.0482, 40.3606 ], [ -4.0482, 40.3604 ], [ -4.0477, 40.3599 ], [ -4.0477, 40.3599 ], [ -4.0477, 40.3599 ], [ -4.0477, 40.3599 ], [ -4.0476, 40.3599 ], [ -4.0475, 40.3599 ], [ -4.0475, 40.3598 ], [ -4.0474, 40.3598 ], [ -4.0474, 40.3598 ], [ -4.0474, 40.3598 ], [ -4.0473, 40.3598 ], [ -4.0473, 40.3598 ], [ -4.0472, 40.3598 ], [ -4.0472, 40.3598 ], [ -4.0472, 40.3598 ], [ -4.0471, 40.3598 ], [ -4.0471, 40.3598 ], [ -4.0471, 40.3598 ], [ -4.047, 40.3598 ], [ -4.0469, 40.3598 ], [ -4.0469, 40.3597 ], [ -4.0468, 40.3598 ], [ -4.0467, 40.3598 ], [ -4.0467, 40.3598 ], [ -4.0467, 40.3598 ], [ -4.0466, 40.3598 ], [ -4.0465, 40.3598 ], [ -4.0465, 40.3597 ], [ -4.0464, 40.3597 ], [ -4.0462, 40.3596 ], [ -4.0462, 40.3595 ], [ -4.0461, 40.3595 ], [ -4.046, 40.3595 ], [ -4.0459, 40.3596 ], [ -4.0458, 40.3596 ], [ -4.0459, 40.3595 ], [ -4.0459, 40.3595 ], [ -4.046, 40.3595 ], [ -4.046, 40.3595 ], [ -4.046, 40.3595 ], [ -4.046, 40.3595 ], [ -4.0461, 40.3595 ], [ -4.0462, 40.3595 ], [ -4.0462, 40.3596 ], [ -4.0464, 40.3596 ], [ -4.0464, 40.3597 ], [ -4.0465, 40.3597 ], [ -4.0466, 40.3598 ], [ -4.0469, 40.3597 ], [ -4.047, 40.3598 ], [ -4.047, 40.3598 ], [ -4.047, 40.3598 ], [ -4.047, 40.3598 ], [ -4.0471, 40.3598 ], [ -4.0471, 40.3598 ], [ -4.0471, 40.3598 ], [ -4.0472, 40.3598 ], [ -4.0472, 40.3598 ], [ -4.0472, 40.3598 ], [ -4.0473, 40.3598 ], [ -4.0473, 40.3598 ], [ -4.0474, 40.3598 ], [ -4.0475, 40.3598 ], [ -4.0477, 40.3599 ], [ -4.0477, 40.3595 ], [ -4.047, 40.3567 ], [ -4.0476, 40.357 ], [ -4.0477, 40.3572 ], [ -4.0488, 40.3576 ], [ -4.0488, 40.3577 ], [ -4.0503, 40.358 ], [ -4.0507, 40.3579 ], [ -4.0507, 40.358 ], [ -4.0514, 40.3581 ], [ -4.052, 40.3586 ], [ -4.0528, 40.359 ], [ -4.0529, 40.3593 ], [ -4.0525, 40.3595 ], [ -4.0509, 40.3601 ], [ -4.0501, 40.3601 ], [ -4.0499, 40.3604 ], [ -4.0495, 40.3606 ], [ -4.0497, 40.3607 ], [ -4.0502, 40.3602 ], [ -4.0502, 40.3602 ], [ -4.0503, 40.3602 ], [ -4.0504, 40.3602 ], [ -4.0505, 40.3604 ], [ -4.0506, 40.3604 ], [ -4.0506, 40.3604 ], [ -4.0506, 40.3604 ], [ -4.0507, 40.3604 ], [ -4.0507, 40.3604 ], [ -4.0507, 40.3604 ], [ -4.0508, 40.3604 ], [ -4.0509, 40.3604 ], [ -4.0509, 40.3603 ], [ -4.051, 40.3603 ], [ -4.051, 40.3603 ], [ -4.051, 40.3603 ], [ -4.0511, 40.3603 ], [ -4.0511, 40.3603 ], [ -4.0512, 40.3603 ], [ -4.0512, 40.3603 ], [ -4.0513, 40.3603 ], [ -4.0513, 40.3603 ], [ -4.0513, 40.3603 ], [ -4.0514, 40.3603 ], [ -4.0514, 40.3603 ], [ -4.0515, 40.3603 ], [ -4.0515, 40.3603 ], [ -4.0516, 40.3603 ], [ -4.0516, 40.3603 ], [ -4.0516, 40.3603 ], [ -4.0517, 40.3603 ], [ -4.0518, 40.3603 ], [ -4.0518, 40.3602 ], [ -4.0521, 40.3602 ], [ -4.0521, 40.3601 ], [ -4.0521, 40.3601 ], [ -4.0522, 40.3601 ], [ -4.0523, 40.3601 ], [ -4.0523, 40.36 ], [ -4.0523, 40.36 ], [ -4.0524, 40.36 ], [ -4.0524, 40.36 ], [ -4.0524, 40.36 ], [ -4.0525, 40.36 ], [ -4.0525, 40.36 ], [ -4.0525, 40.36 ], [ -4.0526, 40.36 ], [ -4.0526, 40.36 ], [ -4.0527, 40.36 ], [ -4.0527, 40.36 ], [ -4.0527, 40.36 ], [ -4.0527, 40.36 ], [ -4.0528, 40.36 ], [ -4.0528, 40.36 ], [ -4.0528, 40.36 ], [ -4.0529, 40.36 ], [ -4.0533, 40.36 ], [ -4.0535, 40.3599 ], [ -4.0536, 40.3596 ], [ -4.0536, 40.3596 ], [ -4.0537, 40.3596 ], [ -4.0537, 40.3596 ], [ -4.0537, 40.3596 ], [ -4.0538, 40.3596 ], [ -4.0538, 40.3596 ], [ -4.0538, 40.3596 ], [ -4.0539, 40.3596 ], [ -4.054, 40.3596 ], [ -4.0543, 40.3597 ], [ -4.0543, 40.3598 ], [ -4.0544, 40.3598 ], [ -4.0544, 40.3598 ], [ -4.0544, 40.3598 ], [ -4.0545, 40.3598 ], [ -4.0545, 40.3598 ], [ -4.0546, 40.3598 ], [ -4.0546, 40.3598 ], [ -4.0546, 40.3598 ], [ -4.0547, 40.3598 ], [ -4.0547, 40.3598 ], [ -4.0548, 40.3598 ], [ -4.0548, 40.3598 ], [ -4.0548, 40.3598 ], [ -4.0549, 40.3598 ], [ -4.055, 40.3598 ], [ -4.055, 40.3597 ], [ -4.0552, 40.3597 ], [ -4.0554, 40.3595 ], [ -4.0554, 40.3595 ], [ -4.0554, 40.3595 ], [ -4.0555, 40.3595 ], [ -4.0555, 40.3595 ], [ -4.0555, 40.3595 ], [ -4.0556, 40.3595 ], [ -4.0556, 40.3595 ], [ -4.0556, 40.3595 ], [ -4.0557, 40.3595 ], [ -4.0558, 40.3595 ], [ -4.0558, 40.3594 ], [ -4.0559, 40.3594 ], [ -4.056, 40.3593 ], [ -4.0561, 40.3593 ], [ -4.0561, 40.3592 ], [ -4.0562, 40.3592 ], [ -4.0563, 40.3592 ], [ -4.0563, 40.3591 ], [ -4.0567, 40.3587 ], [ -4.0567, 40.3587 ], [ -4.0568, 40.3587 ], [ -4.0569, 40.3587 ], [ -4.0569, 40.3586 ], [ -4.057, 40.3586 ], [ -4.0571, 40.3586 ], [ -4.0573, 40.3583 ], [ -4.0573, 40.3583 ], [ -4.0573, 40.3583 ], [ -4.0573, 40.3583 ], [ -4.0574, 40.3583 ], [ -4.0575, 40.3583 ], [ -4.0575, 40.3584 ], [ -4.0576, 40.3585 ], [ -4.0581, 40.3584 ], [ -4.0581, 40.3584 ], [ -4.0581, 40.3584 ], [ -4.0582, 40.3584 ], [ -4.0582, 40.3584 ], [ -4.0582, 40.3584 ], [ -4.0583, 40.3584 ], [ -4.0583, 40.3584 ], [ -4.0583, 40.3584 ], [ -4.0584, 40.3584 ], [ -4.0584, 40.3584 ], [ -4.0584, 40.3584 ], [ -4.0585, 40.3584 ], [ -4.0586, 40.3584 ], [ -4.0588, 40.3583 ], [ -4.0585, 40.3583 ], [ -4.0585, 40.3583 ], [ -4.0585, 40.3583 ], [ -4.0584, 40.3583 ], [ -4.0583, 40.3583 ], [ -4.0581, 40.3581 ], [ -4.0581, 40.3581 ], [ -4.0581, 40.3581 ], [ -4.0581, 40.358 ], [ -4.0581, 40.3579 ], [ -4.058, 40.3578 ], [ -4.0578, 40.3577 ], [ -4.0578, 40.3577 ], [ -4.0578, 40.3577 ], [ -4.0577, 40.3577 ], [ -4.0576, 40.3577 ], [ -4.0576, 40.3576 ], [ -4.0575, 40.3576 ], [ -4.0574, 40.3575 ], [ -4.0573, 40.3575 ], [ -4.0573, 40.3574 ], [ -4.0573, 40.3574 ], [ -4.0572, 40.3574 ], [ -4.0572, 40.3574 ], [ -4.0572, 40.3574 ], [ -4.0571, 40.3574 ], [ -4.057, 40.3574 ], [ -4.057, 40.3575 ], [ -4.057, 40.3575 ], [ -4.0569, 40.3575 ], [ -4.0569, 40.3575 ], [ -4.0568, 40.3575 ], [ -4.0567, 40.3575 ], [ -4.0567, 40.3574 ], [ -4.0566, 40.3574 ], [ -4.0566, 40.3574 ], [ -4.0565, 40.3574 ], [ -4.0564, 40.3574 ], [ -4.0562, 40.3575 ], [ -4.0562, 40.3574 ], [ -4.0562, 40.3574 ], [ -4.0561, 40.3574 ], [ -4.0561, 40.3574 ], [ -4.0561, 40.3574 ], [ -4.056, 40.3574 ], [ -4.0559, 40.3574 ], [ -4.0558, 40.3572 ], [ -4.0557, 40.3573 ], [ -4.0556, 40.3572 ], [ -4.0555, 40.3572 ], [ -4.0554, 40.3572 ], [ -4.0554, 40.3571 ], [ -4.0554, 40.3571 ], [ -4.0554, 40.3571 ], [ -4.0554, 40.3571 ], [ -4.0554, 40.357 ], [ -4.0554, 40.3569 ], [ -4.0553, 40.3569 ], [ -4.0553, 40.3569 ], [ -4.0553, 40.3569 ], [ -4.0553, 40.3568 ], [ -4.0553, 40.3567 ], [ -4.0554, 40.3566 ], [ -4.0553, 40.3565 ], [ -4.0553, 40.3565 ], [ -4.0552, 40.3565 ], [ -4.0552, 40.3565 ], [ -4.0551, 40.3565 ], [ -4.0551, 40.3565 ], [ -4.0551, 40.3565 ], [ -4.055, 40.3565 ], [ -4.0549, 40.3565 ], [ -4.0549, 40.3564 ], [ -4.0549, 40.3564 ], [ -4.0548, 40.3564 ], [ -4.0547, 40.3564 ], [ -4.0547, 40.3563 ], [ -4.0546, 40.3563 ], [ -4.0546, 40.3563 ], [ -4.0546, 40.3563 ], [ -4.0545, 40.3563 ], [ -4.0544, 40.3563 ], [ -4.0544, 40.3562 ], [ -4.0543, 40.3562 ], [ -4.0543, 40.3562 ], [ -4.0543, 40.3562 ], [ -4.0542, 40.3562 ], [ -4.0541, 40.3562 ], [ -4.0541, 40.3562 ], [ -4.0541, 40.3562 ], [ -4.0541, 40.3562 ], [ -4.0541, 40.3562 ], [ -4.0541, 40.3562 ], [ -4.0541, 40.3562 ], [ -4.0541, 40.3561 ], [ -4.0541, 40.356 ], [ -4.054, 40.356 ], [ -4.0539, 40.3557 ], [ -4.0539, 40.3557 ], [ -4.0539, 40.3557 ], [ -4.0539, 40.3557 ], [ -4.0539, 40.3557 ], [ -4.0538, 40.3557 ], [ -4.0538, 40.3557 ], [ -4.0538, 40.3557 ], [ -4.0537, 40.3557 ], [ -4.0537, 40.3557 ], [ -4.0537, 40.3557 ], [ -4.0536, 40.3557 ], [ -4.0536, 40.3557 ], [ -4.0536, 40.3557 ], [ -4.0536, 40.3557 ], [ -4.0535, 40.3557 ], [ -4.0535, 40.3557 ], [ -4.0535, 40.3557 ], [ -4.0534, 40.3557 ], [ -4.0534, 40.3557 ], [ -4.0534, 40.3557 ], [ -4.0533, 40.3557 ], [ -4.0533, 40.3557 ], [ -4.0533, 40.3557 ], [ -4.0532, 40.3557 ], [ -4.0532, 40.3557 ], [ -4.0531, 40.3557 ], [ -4.0531, 40.3557 ], [ -4.0531, 40.3557 ], [ -4.053, 40.3557 ], [ -4.0529, 40.3557 ], [ -4.0531, 40.3564 ], [ -4.0531, 40.3572 ], [ -4.053, 40.3572 ], [ -4.0529, 40.3575 ], [ -4.0526, 40.3576 ], [ -4.0522, 40.3571 ], [ -4.0515, 40.3569 ], [ -4.0506, 40.3563 ], [ -4.0492, 40.3562 ], [ -4.0482, 40.3558 ], [ -4.0476, 40.3554 ], [ -4.0463, 40.355 ], [ -4.0461, 40.3542 ], [ -4.046, 40.3542 ], [ -4.0459, 40.3535 ], [ -4.0458, 40.3535 ], [ -4.0458, 40.3533 ], [ -4.046, 40.3533 ], [ -4.046, 40.3529 ], [ -4.0455, 40.3509 ], [ -4.0458, 40.351 ], [ -4.0478, 40.351 ], [ -4.0478, 40.3511 ], [ -4.0481, 40.3511 ], [ -4.0484, 40.3514 ], [ -4.0488, 40.3514 ], [ -4.0491, 40.3515 ], [ -4.0491, 40.3516 ], [ -4.0496, 40.3517 ], [ -4.0499, 40.352 ], [ -4.0501, 40.3526 ], [ -4.0508, 40.3533 ], [ -4.0517, 40.3537 ], [ -4.0517, 40.354 ], [ -4.0527, 40.3548 ], [ -4.0529, 40.3557 ], [ -4.0529, 40.3557 ], [ -4.0529, 40.3557 ], [ -4.053, 40.3557 ], [ -4.053, 40.3557 ], [ -4.0531, 40.3557 ], [ -4.0531, 40.3557 ], [ -4.0531, 40.3557 ], [ -4.0532, 40.3557 ], [ -4.0532, 40.3557 ], [ -4.0533, 40.3557 ], [ -4.0533, 40.3557 ], [ -4.0533, 40.3557 ], [ -4.0534, 40.3557 ], [ -4.0534, 40.3557 ], [ -4.0534, 40.3557 ], [ -4.0535, 40.3557 ], [ -4.0535, 40.3557 ], [ -4.0535, 40.3557 ], [ -4.0535, 40.3557 ], [ -4.0535, 40.3557 ], [ -4.0536, 40.3557 ], [ -4.0536, 40.3557 ], [ -4.0537, 40.3557 ], [ -4.0537, 40.3557 ], [ -4.0537, 40.3557 ], [ -4.0538, 40.3557 ], [ -4.0538, 40.3557 ], [ -4.0538, 40.3557 ], [ -4.0539, 40.3557 ], [ -4.054, 40.3557 ], [ -4.054, 40.356 ], [ -4.0541, 40.356 ], [ -4.0541, 40.356 ], [ -4.0541, 40.3561 ], [ -4.0541, 40.3562 ], [ -4.0541, 40.3562 ], [ -4.0541, 40.3562 ], [ -4.0541, 40.3562 ], [ -4.0542, 40.3562 ], [ -4.0542, 40.3562 ], [ -4.0542, 40.3562 ], [ -4.0542, 40.3562 ], [ -4.0542, 40.3562 ], [ -4.0543, 40.3562 ], [ -4.0544, 40.3562 ], [ -4.0544, 40.3563 ], [ -4.0545, 40.3563 ], [ -4.0545, 40.3563 ], [ -4.0545, 40.3563 ], [ -4.0546, 40.3563 ], [ -4.0547, 40.3563 ], [ -4.0547, 40.3564 ], [ -4.0547, 40.3564 ], [ -4.0548, 40.3564 ], [ -4.0549, 40.3564 ], [ -4.055, 40.3565 ], [ -4.055, 40.3565 ], [ -4.0551, 40.3565 ], [ -4.0551, 40.3565 ], [ -4.0551, 40.3565 ], [ -4.0552, 40.3565 ], [ -4.0553, 40.3565 ], [ -4.0554, 40.3566 ], [ -4.0553, 40.3569 ], [ -4.0554, 40.3569 ], [ -4.0554, 40.3569 ], [ -4.0554, 40.357 ], [ -4.0554, 40.3571 ], [ -4.0556, 40.3572 ], [ -4.0556, 40.3573 ], [ -4.0557, 40.3573 ], [ -4.0558, 40.3572 ], [ -4.0559, 40.3574 ], [ -4.0559, 40.3574 ], [ -4.0559, 40.3574 ], [ -4.056, 40.3574 ], [ -4.056, 40.3574 ], [ -4.056, 40.3574 ], [ -4.056, 40.3574 ], [ -4.0561, 40.3574 ], [ -4.0561, 40.3574 ], [ -4.0561, 40.3574 ], [ -4.0562, 40.3574 ], [ -4.0562, 40.3574 ], [ -4.0562, 40.3574 ], [ -4.0563, 40.3574 ], [ -4.0563, 40.3574 ], [ -4.0563, 40.3574 ], [ -4.0564, 40.3574 ], [ -4.0564, 40.3574 ], [ -4.0565, 40.3574 ], [ -4.0565, 40.3574 ], [ -4.0565, 40.3574 ], [ -4.0566, 40.3574 ], [ -4.0567, 40.3574 ], [ -4.0568, 40.3575 ], [ -4.0569, 40.3574 ], [ -4.057, 40.3574 ], [ -4.057, 40.3574 ], [ -4.0571, 40.3574 ], [ -4.0571, 40.3574 ], [ -4.0571, 40.3574 ], [ -4.0571, 40.3574 ], [ -4.0572, 40.3574 ], [ -4.0573, 40.3574 ], [ -4.0576, 40.3576 ], [ -4.0576, 40.3577 ], [ -4.058, 40.3578 ], [ -4.0581, 40.3581 ], [ -4.0583, 40.3583 ], [ -4.0583, 40.3583 ], [ -4.0584, 40.3583 ], [ -4.0584, 40.3583 ], [ -4.0584, 40.3583 ], [ -4.0585, 40.3583 ], [ -4.0585, 40.3583 ], [ -4.0585, 40.3583 ], [ -4.0588, 40.3583 ], [ -4.0589, 40.3583 ], [ -4.0589, 40.3582 ], [ -4.059, 40.3582 ], [ -4.059, 40.3582 ], [ -4.059, 40.3582 ], [ -4.059, 40.3582 ], [ -4.0591, 40.3582 ], [ -4.0591, 40.3582 ], [ -4.0592, 40.3582 ], [ -4.0592, 40.3582 ], [ -4.0592, 40.3582 ], [ -4.0593, 40.3582 ], [ -4.0593, 40.3582 ], [ -4.0594, 40.3582 ], [ -4.0595, 40.3582 ], [ -4.0595, 40.3581 ], [ -4.0595, 40.3581 ], [ -4.0596, 40.3581 ], [ -4.0596, 40.3581 ], [ -4.0596, 40.3581 ], [ -4.0597, 40.3581 ], [ -4.0597, 40.3581 ], [ -4.0597, 40.3581 ], [ -4.0598, 40.3581 ], [ -4.0598, 40.3581 ], [ -4.0599, 40.3581 ], [ -4.0599, 40.3581 ], [ -4.0599, 40.3581 ], [ -4.06, 40.3581 ], [ -4.06, 40.3581 ], [ -4.06, 40.3581 ], [ -4.0601, 40.3581 ], [ -4.0602, 40.3581 ], [ -4.0602, 40.3582 ], [ -4.0602, 40.3582 ], [ -4.0603, 40.3582 ], [ -4.0604, 40.3582 ], [ -4.0607, 40.3585 ], [ -4.0607, 40.3585 ], [ -4.0607, 40.3585 ], [ -4.0608, 40.3585 ], [ -4.0608, 40.3585 ], [ -4.0608, 40.3585 ], [ -4.0609, 40.3585 ], [ -4.0609, 40.3585 ], [ -4.0609, 40.3585 ], [ -4.061, 40.3585 ], [ -4.061, 40.3585 ], [ -4.0611, 40.3585 ], [ -4.0611, 40.3585 ], [ -4.0611, 40.3585 ], [ -4.0612, 40.3585 ], [ -4.0612, 40.3585 ], [ -4.0612, 40.3585 ], [ -4.0613, 40.3585 ], [ -4.0613, 40.3585 ], [ -4.0613, 40.3585 ], [ -4.0614, 40.3585 ], [ -4.0615, 40.3585 ], [ -4.0615, 40.3584 ], [ -4.0616, 40.3584 ], [ -4.0616, 40.3584 ], [ -4.0616, 40.3584 ], [ -4.0617, 40.3584 ], [ -4.0618, 40.3584 ], [ -4.062, 40.3582 ], [ -4.062, 40.3582 ], [ -4.062, 40.3582 ], [ -4.062, 40.3582 ], [ -4.0621, 40.3582 ], [ -4.0621, 40.3582 ], [ -4.0621, 40.3582 ], [ -4.0622, 40.3582 ], [ -4.0622, 40.3582 ], [ -4.0623, 40.3582 ], [ -4.0624, 40.3582 ], [ -4.0625, 40.3581 ], [ -4.0626, 40.3581 ], [ -4.0627, 40.3579 ], [ -4.0629, 40.3578 ], [ -4.0629, 40.3578 ], [ -4.0629, 40.3578 ], [ -4.063, 40.3578 ], [ -4.0631, 40.3578 ], [ -4.0631, 40.3577 ], [ -4.0633, 40.3577 ], [ -4.0633, 40.3576 ], [ -4.0634, 40.3575 ], [ -4.0634, 40.3575 ], [ -4.0634, 40.3575 ], [ -4.0635, 40.3575 ], [ -4.0636, 40.3575 ], [ -4.0636, 40.3574 ], [ -4.0636, 40.3574 ], [ -4.0636, 40.3574 ], [ -4.0637, 40.3574 ], [ -4.0637, 40.3574 ], [ -4.0637, 40.3574 ], [ -4.0638, 40.3574 ], [ -4.0638, 40.3574 ], [ -4.0638, 40.3574 ], [ -4.0639, 40.3574 ], [ -4.064, 40.3574 ], [ -4.064, 40.3575 ], [ -4.064, 40.3575 ], [ -4.0641, 40.3575 ], [ -4.0642, 40.3575 ], [ -4.0642, 40.3576 ], [ -4.0643, 40.3576 ], [ -4.0644, 40.3576 ], [ -4.0646, 40.3574 ], [ -4.0646, 40.3574 ], [ -4.0646, 40.3574 ], [ -4.0647, 40.3574 ], [ -4.0648, 40.3574 ], [ -4.0648, 40.3573 ], [ -4.0649, 40.3573 ], [ -4.0649, 40.3573 ], [ -4.0649, 40.3573 ], [ -4.065, 40.3573 ], [ -4.0651, 40.3573 ], [ -4.0651, 40.3572 ], [ -4.0654, 40.3571 ], [ -4.0655, 40.3569 ], [ -4.0655, 40.3569 ], [ -4.0655, 40.3569 ], [ -4.0656, 40.3569 ], [ -4.0656, 40.3569 ], [ -4.0656, 40.3569 ], [ -4.0656, 40.3569 ], [ -4.0657, 40.3569 ], [ -4.0657, 40.3569 ], [ -4.0658, 40.3569 ], [ -4.0658, 40.3569 ], [ -4.0658, 40.3569 ], [ -4.0659, 40.3569 ], [ -4.0659, 40.3569 ], [ -4.0659, 40.3569 ], [ -4.066, 40.3569 ], [ -4.066, 40.3569 ], [ -4.066, 40.3569 ], [ -4.0661, 40.3569 ], [ -4.0662, 40.3569 ], [ -4.0655, 40.3567 ], [ -4.0643, 40.3571 ], [ -4.0638, 40.357 ], [ -4.0629, 40.3572 ], [ -4.0623, 40.357 ], [ -4.0623, 40.3565 ], [ -4.0618, 40.356 ], [ -4.0588, 40.3563 ], [ -4.0587, 40.356 ], [ -4.0611, 40.3557 ], [ -4.0605, 40.3541 ], [ -4.06, 40.352 ], [ -4.0598, 40.3516 ], [ -4.0521, 40.3527 ], [ -4.0519, 40.3517 ], [ -4.0504, 40.3467 ], [ -4.0498, 40.3471 ], [ -4.0494, 40.3476 ], [ -4.0474, 40.3488 ], [ -4.0462, 40.35 ], [ -4.0448, 40.3504 ], [ -4.0442, 40.3507 ], [ -4.0436, 40.3515 ], [ -4.0432, 40.3524 ], [ -4.043, 40.3526 ], [ -4.042, 40.353 ], [ -4.0414, 40.3537 ], [ -4.041, 40.3546 ], [ -4.0405, 40.355 ], [ -4.0403, 40.355 ], [ -4.039, 40.3557 ], [ -4.0381, 40.3559 ], [ -4.0358, 40.3559 ], [ -4.035, 40.3556 ], [ -4.0349, 40.3562 ], [ -4.0344, 40.3566 ], [ -4.0331, 40.357 ], [ -4.0322, 40.3574 ], [ -4.032, 40.3577 ], [ -4.0314, 40.3579 ], [ -4.0307, 40.3592 ], [ -4.0304, 40.3595 ], [ -4.0309, 40.3599 ], [ -4.0317, 40.3598 ], [ -4.032, 40.3604 ], [ -4.0326, 40.3603 ], [ -4.0324, 40.3618 ], [ -4.0325, 40.3629 ], [ -4.0321, 40.3632 ], [ -4.0316, 40.3632 ], [ -4.0316, 40.3633 ], [ -4.0308, 40.3631 ], [ -4.0308, 40.3634 ], [ -4.0306, 40.3636 ], [ -4.0304, 40.3642 ], [ -4.0303, 40.3661 ], [ -4.03, 40.3669 ], [ -4.0309, 40.367 ], [ -4.0315, 40.3676 ], [ -4.0316, 40.3679 ], [ -4.032, 40.3674 ], [ -4.0324, 40.3662 ], [ -4.0326, 40.366 ], [ -4.0327, 40.3656 ], [ -4.0329, 40.3655 ], [ -4.0331, 40.3649 ], [ -4.0334, 40.3648 ], [ -4.0338, 40.3651 ], [ -4.0338, 40.3654 ], [ -4.0341, 40.3658 ], [ -4.0341, 40.3665 ], [ -4.0338, 40.367 ], [ -4.0342, 40.367 ], [ -4.0343, 40.3674 ], [ -4.0339, 40.3675 ], [ -4.0336, 40.3679 ], [ -4.033, 40.3679 ], [ -4.0327, 40.3682 ], [ -4.0323, 40.3683 ], [ -4.032, 40.3686 ], [ -4.0319, 40.3695 ], [ -4.0322, 40.3696 ], [ -4.033, 40.3692 ], [ -4.0333, 40.3689 ], [ -4.0345, 40.3686 ], [ -4.0345, 40.3692 ], [ -4.0346, 40.3692 ], [ -4.0345, 40.3695 ], [ -4.0341, 40.3696 ], [ -4.0333, 40.3703 ], [ -4.0333, 40.3706 ], [ -4.0335, 40.371 ], [ -4.0339, 40.371 ], [ -4.0341, 40.3707 ], [ -4.0346, 40.3705 ], [ -4.0349, 40.3715 ], [ -4.035, 40.3714 ], [ -4.035, 40.3714 ], [ -4.035, 40.3714 ], [ -4.035, 40.3714 ], [ -4.0351, 40.3714 ], [ -4.0352, 40.3714 ], [ -4.0353, 40.3713 ], [ -4.0353, 40.3713 ], [ -4.0353, 40.3713 ], [ -4.0353, 40.3713 ], [ -4.0354, 40.3713 ], [ -4.0355, 40.3713 ], [ -4.0357, 40.3712 ], [ -4.0357, 40.3711 ], [ -4.0359, 40.371 ], [ -4.0359, 40.371 ], [ -4.0359, 40.371 ], [ -4.036, 40.371 ], [ -4.0361, 40.371 ], [ -4.0361, 40.3709 ], [ -4.0362, 40.3709 ], [ -4.0362, 40.3708 ], [ -4.0365, 40.3706 ], [ -4.0361, 40.371 ], [ -4.036, 40.371 ], [ -4.0359, 40.371 ], [ -4.0357, 40.3712 ], [ -4.0353, 40.3713 ], [ -4.0353, 40.3714 ], [ -4.0349, 40.3715 ], [ -4.035, 40.3727 ], [ -4.0363, 40.3718 ], [ -4.0374, 40.3717 ], [ -4.0374, 40.3718 ], [ -4.0378, 40.3719 ], [ -4.0381, 40.3716 ], [ -4.0387, 40.3714 ], [ -4.0398, 40.3703 ], [ -4.0401, 40.3698 ], [ -4.04, 40.3686 ], [ -4.0401, 40.3686 ], [ -4.0402, 40.3681 ], [ -4.0404, 40.3679 ], [ -4.0404, 40.367 ], [ -4.0416, 40.3661 ], [ -4.0417, 40.3659 ], [ -4.0423, 40.3656 ], [ -4.0431, 40.3647 ], [ -4.0444, 40.3652 ], [ -4.045, 40.3652 ], [ -4.0451, 40.3653 ], [ -4.0459, 40.3652 ], [ -4.0464, 40.365 ], [ -4.0473, 40.3657 ], [ -4.0486, 40.3662 ], [ -4.0485, 40.3681 ], [ -4.0489, 40.3701 ] ], [ [ -4.0545, 40.3661 ], [ -4.0544, 40.3661 ], [ -4.0543, 40.3661 ], [ -4.0543, 40.3661 ], [ -4.0543, 40.3661 ], [ -4.0542, 40.3661 ], [ -4.0542, 40.3661 ], [ -4.0542, 40.3661 ], [ -4.0541, 40.3661 ], [ -4.0541, 40.3661 ], [ -4.0541, 40.3661 ], [ -4.054, 40.3661 ], [ -4.054, 40.3661 ], [ -4.054, 40.3661 ], [ -4.054, 40.3661 ], [ -4.054, 40.3661 ], [ -4.0539, 40.3661 ], [ -4.0539, 40.3661 ], [ -4.0539, 40.3661 ], [ -4.0538, 40.3661 ], [ -4.0538, 40.3661 ], [ -4.0538, 40.3661 ], [ -4.0537, 40.3661 ], [ -4.0537, 40.3661 ], [ -4.0537, 40.3661 ], [ -4.0536, 40.3661 ], [ -4.0536, 40.3661 ], [ -4.0536, 40.3661 ], [ -4.0535, 40.3661 ], [ -4.0534, 40.3661 ], [ -4.0534, 40.366 ], [ -4.0533, 40.366 ], [ -4.0533, 40.366 ], [ -4.0533, 40.366 ], [ -4.0532, 40.366 ], [ -4.0531, 40.366 ], [ -4.0531, 40.366 ], [ -4.0531, 40.366 ], [ -4.0531, 40.366 ], [ -4.0531, 40.366 ], [ -4.0531, 40.366 ], [ -4.0532, 40.366 ], [ -4.0532, 40.366 ], [ -4.0532, 40.366 ], [ -4.0533, 40.366 ], [ -4.0534, 40.366 ], [ -4.0534, 40.3661 ], [ -4.0535, 40.3661 ], [ -4.0535, 40.3661 ], [ -4.0535, 40.3661 ], [ -4.0536, 40.3661 ], [ -4.0536, 40.3661 ], [ -4.0536, 40.3661 ], [ -4.0537, 40.3661 ], [ -4.0537, 40.3661 ], [ -4.0537, 40.3661 ], [ -4.0538, 40.3661 ], [ -4.0538, 40.3661 ], [ -4.0538, 40.3661 ], [ -4.0539, 40.3661 ], [ -4.0539, 40.3661 ], [ -4.0539, 40.3661 ], [ -4.054, 40.3661 ], [ -4.054, 40.3661 ], [ -4.054, 40.3661 ], [ -4.054, 40.3661 ], [ -4.054, 40.3661 ], [ -4.0541, 40.3661 ], [ -4.0541, 40.3661 ], [ -4.0541, 40.3661 ], [ -4.0542, 40.3661 ], [ -4.0542, 40.3661 ], [ -4.0542, 40.3661 ], [ -4.0543, 40.3661 ], [ -4.0543, 40.3661 ], [ -4.0543, 40.3661 ], [ -4.0544, 40.3661 ], [ -4.0544, 40.3661 ], [ -4.0544, 40.3661 ], [ -4.0545, 40.3661 ], [ -4.0545, 40.3661 ], [ -4.0545, 40.3661 ], [ -4.0546, 40.3661 ], [ -4.0546, 40.3661 ], [ -4.0546, 40.3661 ], [ -4.0547, 40.3661 ], [ -4.0548, 40.3661 ], [ -4.0548, 40.366 ], [ -4.0549, 40.366 ], [ -4.0549, 40.366 ], [ -4.0549, 40.366 ], [ -4.055, 40.366 ], [ -4.055, 40.366 ], [ -4.055, 40.366 ], [ -4.0551, 40.366 ], [ -4.0552, 40.366 ], [ -4.0552, 40.3659 ], [ -4.0553, 40.3659 ], [ -4.0553, 40.3659 ], [ -4.0553, 40.3659 ], [ -4.0554, 40.3659 ], [ -4.0555, 40.3659 ], [ -4.0555, 40.3658 ], [ -4.0556, 40.3658 ], [ -4.0557, 40.3657 ], [ -4.0558, 40.3657 ], [ -4.0558, 40.3656 ], [ -4.0559, 40.3656 ], [ -4.0559, 40.3655 ], [ -4.056, 40.3655 ], [ -4.056, 40.3654 ], [ -4.0561, 40.3653 ], [ -4.0562, 40.3652 ], [ -4.0562, 40.3652 ], [ -4.0562, 40.3652 ], [ -4.0561, 40.3652 ], [ -4.056, 40.3652 ], [ -4.056, 40.3651 ], [ -4.056, 40.3651 ], [ -4.056, 40.3651 ], [ -4.0559, 40.3651 ], [ -4.0558, 40.3651 ], [ -4.0558, 40.365 ], [ -4.0558, 40.365 ], [ -4.0558, 40.365 ], [ -4.0557, 40.365 ], [ -4.0556, 40.365 ], [ -4.0554, 40.3648 ], [ -4.0554, 40.3648 ], [ -4.0554, 40.3647 ], [ -4.0554, 40.3646 ], [ -4.0553, 40.3646 ], [ -4.0552, 40.3646 ], [ -4.055, 40.3644 ], [ -4.055, 40.3644 ], [ -4.055, 40.3644 ], [ -4.0549, 40.3644 ], [ -4.0549, 40.3644 ], [ -4.0548, 40.3644 ], [ -4.0548, 40.3644 ], [ -4.0548, 40.3644 ], [ -4.0548, 40.3644 ], [ -4.0548, 40.3644 ], [ -4.0547, 40.3644 ], [ -4.0547, 40.3644 ], [ -4.0547, 40.3644 ], [ -4.0546, 40.3644 ], [ -4.0546, 40.3644 ], [ -4.0546, 40.3644 ], [ -4.0545, 40.3644 ], [ -4.0545, 40.3644 ], [ -4.0545, 40.3644 ], [ -4.0544, 40.3644 ], [ -4.0543, 40.3644 ], [ -4.0543, 40.3645 ], [ -4.0543, 40.3645 ], [ -4.0542, 40.3645 ], [ -4.0541, 40.3645 ], [ -4.0541, 40.3646 ], [ -4.0541, 40.3646 ], [ -4.054, 40.3646 ], [ -4.0539, 40.3646 ], [ -4.0539, 40.3647 ], [ -4.0536, 40.3648 ], [ -4.0536, 40.3648 ], [ -4.0536, 40.3648 ], [ -4.0536, 40.3648 ], [ -4.0535, 40.3648 ], [ -4.0535, 40.3648 ], [ -4.0534, 40.3648 ], [ -4.0533, 40.3648 ], [ -4.0532, 40.3649 ], [ -4.0529, 40.3651 ], [ -4.0532, 40.3648 ], [ -4.0539, 40.3647 ], [ -4.0539, 40.3646 ], [ -4.0539, 40.3646 ], [ -4.0539, 40.3646 ], [ -4.054, 40.3646 ], [ -4.0541, 40.3646 ], [ -4.0541, 40.3645 ], [ -4.0541, 40.3645 ], [ -4.0542, 40.3645 ], [ -4.0543, 40.3645 ], [ -4.0543, 40.3644 ], [ -4.0544, 40.3644 ], [ -4.0544, 40.3644 ], [ -4.0544, 40.3644 ], [ -4.0545, 40.3644 ], [ -4.0545, 40.3644 ], [ -4.0545, 40.3644 ], [ -4.0546, 40.3644 ], [ -4.0546, 40.3644 ], [ -4.0546, 40.3644 ], [ -4.0547, 40.3644 ], [ -4.0547, 40.3644 ], [ -4.0547, 40.3644 ], [ -4.0548, 40.3644 ], [ -4.0548, 40.3644 ], [ -4.0548, 40.3644 ], [ -4.0548, 40.3644 ], [ -4.0548, 40.3644 ], [ -4.0548, 40.3644 ], [ -4.0549, 40.3644 ], [ -4.0549, 40.3644 ], [ -4.055, 40.3644 ], [ -4.0551, 40.3644 ], [ -4.0551, 40.3645 ], [ -4.0554, 40.3646 ], [ -4.0555, 40.3649 ], [ -4.0558, 40.365 ], [ -4.0558, 40.3651 ], [ -4.0559, 40.3651 ], [ -4.056, 40.3651 ], [ -4.056, 40.3652 ], [ -4.0561, 40.3652 ], [ -4.0561, 40.3652 ], [ -4.0561, 40.3652 ], [ -4.0562, 40.3652 ], [ -4.0562, 40.3652 ], [ -4.0562, 40.3652 ], [ -4.0562, 40.3652 ], [ -4.0563, 40.3652 ], [ -4.0564, 40.3652 ], [ -4.0564, 40.3651 ], [ -4.0565, 40.3651 ], [ -4.0566, 40.3651 ], [ -4.0569, 40.3649 ], [ -4.0569, 40.3648 ], [ -4.0569, 40.3648 ], [ -4.0569, 40.3648 ], [ -4.057, 40.3648 ], [ -4.057, 40.3648 ], [ -4.057, 40.3648 ], [ -4.0571, 40.3648 ], [ -4.0571, 40.3648 ], [ -4.0571, 40.3648 ], [ -4.0572, 40.3648 ], [ -4.0572, 40.3648 ], [ -4.0572, 40.3648 ], [ -4.0573, 40.3648 ], [ -4.0573, 40.3648 ], [ -4.0573, 40.3648 ], [ -4.0574, 40.3648 ], [ -4.0574, 40.3648 ], [ -4.0574, 40.3648 ], [ -4.0575, 40.3648 ], [ -4.0575, 40.3648 ], [ -4.0576, 40.3648 ], [ -4.0577, 40.3648 ], [ -4.0578, 40.3649 ], [ -4.0579, 40.3648 ], [ -4.058, 40.3648 ], [ -4.058, 40.3648 ], [ -4.058, 40.3648 ], [ -4.0581, 40.3648 ], [ -4.0581, 40.3648 ], [ -4.0581, 40.3648 ], [ -4.0581, 40.3648 ], [ -4.0582, 40.3648 ], [ -4.0583, 40.3648 ], [ -4.0583, 40.3649 ], [ -4.0583, 40.3649 ], [ -4.0584, 40.3649 ], [ -4.0584, 40.3649 ], [ -4.0584, 40.3649 ], [ -4.0585, 40.3649 ], [ -4.0585, 40.3649 ], [ -4.0585, 40.3649 ], [ -4.0586, 40.3649 ], [ -4.0587, 40.3649 ], [ -4.0587, 40.3648 ], [ -4.0587, 40.3648 ], [ -4.0588, 40.3648 ], [ -4.0589, 40.3648 ], [ -4.0592, 40.3649 ], [ -4.0592, 40.3648 ], [ -4.0593, 40.3648 ], [ -4.0593, 40.3648 ], [ -4.0593, 40.3648 ], [ -4.0594, 40.3648 ], [ -4.0595, 40.3648 ], [ -4.0596, 40.3647 ], [ -4.0597, 40.3647 ], [ -4.0598, 40.3646 ], [ -4.0598, 40.3646 ], [ -4.0598, 40.3645 ], [ -4.0598, 40.3644 ], [ -4.0599, 40.3644 ], [ -4.0599, 40.3643 ], [ -4.0599, 40.3642 ], [ -4.06, 40.3642 ], [ -4.0601, 40.3642 ], [ -4.0601, 40.3641 ], [ -4.0603, 40.3642 ], [ -4.0603, 40.3642 ], [ -4.0603, 40.3642 ], [ -4.0603, 40.3642 ], [ -4.0603, 40.3642 ], [ -4.0604, 40.3642 ], [ -4.0604, 40.3642 ], [ -4.0604, 40.3642 ], [ -4.0605, 40.3642 ], [ -4.0606, 40.3642 ], [ -4.0606, 40.3641 ], [ -4.0607, 40.3641 ], [ -4.0608, 40.3641 ], [ -4.0609, 40.3642 ], [ -4.061, 40.3642 ], [ -4.061, 40.3642 ], [ -4.061, 40.3642 ], [ -4.0611, 40.3642 ], [ -4.0611, 40.3642 ], [ -4.0612, 40.3642 ], [ -4.0613, 40.3642 ], [ -4.0613, 40.3641 ], [ -4.0613, 40.3641 ], [ -4.0613, 40.3641 ], [ -4.0614, 40.3641 ], [ -4.0614, 40.3641 ], [ -4.0614, 40.3641 ], [ -4.0615, 40.3641 ], [ -4.0616, 40.3641 ], [ -4.0618, 40.364 ], [ -4.0618, 40.364 ], [ -4.0618, 40.3639 ], [ -4.0618, 40.3638 ], [ -4.062, 40.3636 ], [ -4.062, 40.3636 ], [ -4.062, 40.3636 ], [ -4.0621, 40.3636 ], [ -4.0622, 40.3636 ], [ -4.0622, 40.3635 ], [ -4.0622, 40.3635 ], [ -4.0623, 40.3635 ], [ -4.0624, 40.3635 ], [ -4.0624, 40.3634 ], [ -4.0625, 40.3634 ], [ -4.0627, 40.3632 ], [ -4.0627, 40.3631 ], [ -4.0628, 40.3631 ], [ -4.0628, 40.3631 ], [ -4.0628, 40.3631 ], [ -4.0629, 40.3631 ], [ -4.063, 40.3631 ], [ -4.063, 40.3631 ], [ -4.063, 40.3631 ], [ -4.063, 40.3631 ], [ -4.0631, 40.3631 ], [ -4.0631, 40.3631 ], [ -4.0634, 40.3631 ], [ -4.0634, 40.3631 ], [ -4.0634, 40.3631 ], [ -4.0635, 40.3631 ], [ -4.0636, 40.3631 ], [ -4.0636, 40.3632 ], [ -4.0637, 40.3632 ], [ -4.0637, 40.3632 ], [ -4.0637, 40.3632 ], [ -4.0638, 40.3632 ], [ -4.0638, 40.3632 ], [ -4.0639, 40.3632 ], [ -4.0639, 40.3632 ], [ -4.0639, 40.3632 ], [ -4.064, 40.3632 ], [ -4.064, 40.3632 ], [ -4.064, 40.3632 ], [ -4.0641, 40.3632 ], [ -4.0642, 40.3632 ], [ -4.0642, 40.3631 ], [ -4.0643, 40.3631 ], [ -4.0643, 40.3631 ], [ -4.0643, 40.3631 ], [ -4.0644, 40.3631 ], [ -4.0644, 40.3631 ], [ -4.0644, 40.3631 ], [ -4.0645, 40.3631 ], [ -4.0646, 40.3631 ], [ -4.0646, 40.363 ], [ -4.0646, 40.363 ], [ -4.0647, 40.363 ], [ -4.0647, 40.363 ], [ -4.0647, 40.363 ], [ -4.0647, 40.363 ], [ -4.0648, 40.363 ], [ -4.0649, 40.363 ], [ -4.0649, 40.3629 ], [ -4.065, 40.3629 ], [ -4.0651, 40.3629 ], [ -4.0651, 40.3628 ], [ -4.0653, 40.3627 ], [ -4.0654, 40.3627 ], [ -4.0654, 40.3626 ], [ -4.0655, 40.3626 ], [ -4.0656, 40.3626 ], [ -4.0656, 40.3625 ], [ -4.0657, 40.3625 ], [ -4.0658, 40.3625 ], [ -4.0658, 40.3624 ], [ -4.0658, 40.3624 ], [ -4.0658, 40.3624 ], [ -4.0659, 40.3624 ], [ -4.0659, 40.3624 ], [ -4.0659, 40.3624 ], [ -4.0662, 40.3624 ], [ -4.0663, 40.3624 ], [ -4.0663, 40.3624 ], [ -4.0664, 40.3624 ], [ -4.0664, 40.3624 ], [ -4.0664, 40.3624 ], [ -4.0665, 40.3624 ], [ -4.0666, 40.3624 ], [ -4.0666, 40.3625 ], [ -4.0667, 40.3625 ], [ -4.0667, 40.3625 ], [ -4.0667, 40.3625 ], [ -4.0668, 40.3625 ], [ -4.0668, 40.3625 ], [ -4.0668, 40.3625 ], [ -4.0669, 40.3625 ], [ -4.0669, 40.3625 ], [ -4.0669, 40.3625 ], [ -4.067, 40.3625 ], [ -4.067, 40.3625 ], [ -4.067, 40.3625 ], [ -4.0671, 40.3625 ], [ -4.0671, 40.3625 ], [ -4.0672, 40.3625 ], [ -4.0672, 40.3625 ], [ -4.0672, 40.3625 ], [ -4.0673, 40.3625 ], [ -4.0674, 40.3625 ], [ -4.0675, 40.3624 ], [ -4.0675, 40.3624 ], [ -4.0675, 40.3624 ], [ -4.0676, 40.3624 ], [ -4.0677, 40.3624 ], [ -4.0677, 40.3623 ], [ -4.0677, 40.3623 ], [ -4.0678, 40.3623 ], [ -4.0679, 40.3623 ], [ -4.0679, 40.3622 ], [ -4.0679, 40.3622 ], [ -4.068, 40.3622 ], [ -4.0681, 40.3622 ], [ -4.0681, 40.3621 ], [ -4.0681, 40.362 ], [ -4.0686, 40.3617 ], [ -4.0686, 40.3617 ], [ -4.0686, 40.3617 ], [ -4.0687, 40.3617 ], [ -4.0688, 40.3617 ], [ -4.0688, 40.3616 ], [ -4.0688, 40.3616 ], [ -4.0689, 40.3616 ], [ -4.0689, 40.3616 ], [ -4.069, 40.3616 ], [ -4.069, 40.3616 ], [ -4.069, 40.3616 ], [ -4.0691, 40.3616 ], [ -4.0692, 40.3616 ], [ -4.0693, 40.3615 ], [ -4.0694, 40.3615 ], [ -4.0694, 40.3614 ], [ -4.0695, 40.3614 ], [ -4.0696, 40.3614 ], [ -4.0699, 40.3611 ], [ -4.0699, 40.361 ], [ -4.0699, 40.3609 ], [ -4.07, 40.3608 ], [ -4.0699, 40.3611 ], [ -4.0696, 40.3614 ], [ -4.0695, 40.3614 ], [ -4.0694, 40.3615 ], [ -4.0693, 40.3615 ], [ -4.0693, 40.3616 ], [ -4.0692, 40.3616 ], [ -4.0692, 40.3616 ], [ -4.0692, 40.3616 ], [ -4.0691, 40.3616 ], [ -4.0691, 40.3616 ], [ -4.0691, 40.3616 ], [ -4.069, 40.3616 ], [ -4.0689, 40.3616 ], [ -4.0688, 40.3617 ], [ -4.0688, 40.3617 ], [ -4.0688, 40.3617 ], [ -4.0687, 40.3617 ], [ -4.0686, 40.3617 ], [ -4.0681, 40.3622 ], [ -4.068, 40.3622 ], [ -4.0679, 40.3622 ], [ -4.0679, 40.3623 ], [ -4.0679, 40.3623 ], [ -4.0678, 40.3623 ], [ -4.0677, 40.3623 ], [ -4.0677, 40.3624 ], [ -4.0677, 40.3624 ], [ -4.0676, 40.3624 ], [ -4.0675, 40.3624 ], [ -4.0675, 40.3625 ], [ -4.0675, 40.3625 ], [ -4.0674, 40.3625 ], [ -4.0674, 40.3625 ], [ -4.0673, 40.3625 ], [ -4.0673, 40.3625 ], [ -4.0673, 40.3625 ], [ -4.0672, 40.3625 ], [ -4.0672, 40.3625 ], [ -4.0672, 40.3625 ], [ -4.0671, 40.3625 ], [ -4.0671, 40.3625 ], [ -4.067, 40.3625 ], [ -4.067, 40.3625 ], [ -4.067, 40.3625 ], [ -4.0669, 40.3625 ], [ -4.0669, 40.3625 ], [ -4.0669, 40.3625 ], [ -4.0668, 40.3625 ], [ -4.0668, 40.3625 ], [ -4.0668, 40.3625 ], [ -4.0667, 40.3625 ], [ -4.0667, 40.3625 ], [ -4.0667, 40.3625 ], [ -4.0666, 40.3625 ], [ -4.0665, 40.3625 ], [ -4.0665, 40.3624 ], [ -4.0664, 40.3624 ], [ -4.0664, 40.3624 ], [ -4.0664, 40.3624 ], [ -4.0663, 40.3624 ], [ -4.0663, 40.3624 ], [ -4.0662, 40.3624 ], [ -4.0659, 40.3624 ], [ -4.0658, 40.3624 ], [ -4.0658, 40.3625 ], [ -4.0658, 40.3625 ], [ -4.0658, 40.3625 ], [ -4.0658, 40.3625 ], [ -4.0657, 40.3625 ], [ -4.0656, 40.3625 ], [ -4.0656, 40.3626 ], [ -4.0656, 40.3626 ], [ -4.0655, 40.3626 ], [ -4.0654, 40.3626 ], [ -4.0654, 40.3627 ], [ -4.0651, 40.3628 ], [ -4.0651, 40.3629 ], [ -4.065, 40.3629 ], [ -4.0649, 40.3629 ], [ -4.0649, 40.363 ], [ -4.0649, 40.363 ], [ -4.0649, 40.363 ], [ -4.0648, 40.363 ], [ -4.0648, 40.363 ], [ -4.0648, 40.363 ], [ -4.0647, 40.363 ], [ -4.0646, 40.363 ], [ -4.0646, 40.3631 ], [ -4.0646, 40.3631 ], [ -4.0645, 40.3631 ], [ -4.0645, 40.3631 ], [ -4.0645, 40.3631 ], [ -4.0644, 40.3631 ], [ -4.0643, 40.3631 ], [ -4.0643, 40.3632 ], [ -4.0643, 40.3632 ], [ -4.0642, 40.3632 ], [ -4.0642, 40.3632 ], [ -4.0641, 40.3632 ], [ -4.0641, 40.3632 ], [ -4.0641, 40.3632 ], [ -4.064, 40.3632 ], [ -4.064, 40.3632 ], [ -4.064, 40.3632 ], [ -4.0639, 40.3632 ], [ -4.0639, 40.3632 ], [ -4.0639, 40.3632 ], [ -4.0638, 40.3632 ], [ -4.0638, 40.3632 ], [ -4.0637, 40.3632 ], [ -4.0636, 40.3632 ], [ -4.0635, 40.3631 ], [ -4.0635, 40.3631 ], [ -4.0634, 40.3631 ], [ -4.0634, 40.3631 ], [ -4.0634, 40.3631 ], [ -4.0631, 40.3631 ], [ -4.0631, 40.3631 ], [ -4.063, 40.3631 ], [ -4.063, 40.3631 ], [ -4.063, 40.3631 ], [ -4.063, 40.3631 ], [ -4.0629, 40.3631 ], [ -4.0628, 40.3631 ], [ -4.0627, 40.3631 ], [ -4.0624, 40.3634 ], [ -4.0624, 40.3635 ], [ -4.0624, 40.3635 ], [ -4.0624, 40.3635 ], [ -4.0623, 40.3635 ], [ -4.0622, 40.3635 ], [ -4.0622, 40.3636 ], [ -4.0622, 40.3636 ], [ -4.0621, 40.3636 ], [ -4.062, 40.3636 ], [ -4.0618, 40.3638 ], [ -4.0618, 40.3638 ], [ -4.0618, 40.3638 ], [ -4.0618, 40.3639 ], [ -4.0618, 40.364 ], [ -4.0616, 40.3641 ], [ -4.0613, 40.3642 ], [ -4.0608, 40.3641 ], [ -4.0607, 40.3642 ], [ -4.0606, 40.3642 ], [ -4.0606, 40.3642 ], [ -4.0606, 40.3642 ], [ -4.0606, 40.3642 ], [ -4.0605, 40.3642 ], [ -4.0605, 40.3642 ], [ -4.0605, 40.3642 ], [ -4.0604, 40.3642 ], [ -4.0603, 40.3642 ], [ -4.0601, 40.3641 ], [ -4.0601, 40.3642 ], [ -4.0601, 40.3642 ], [ -4.0601, 40.3642 ], [ -4.0601, 40.3642 ], [ -4.06, 40.3642 ], [ -4.0599, 40.3642 ], [ -4.0599, 40.3643 ], [ -4.0599, 40.3644 ], [ -4.0598, 40.3644 ], [ -4.0598, 40.3644 ], [ -4.0598, 40.3645 ], [ -4.0598, 40.3646 ], [ -4.0596, 40.3648 ], [ -4.0592, 40.3649 ], [ -4.0589, 40.3648 ], [ -4.0589, 40.3648 ], [ -4.0589, 40.3648 ], [ -4.0589, 40.3648 ], [ -4.0588, 40.3648 ], [ -4.0587, 40.3648 ], [ -4.0587, 40.3649 ], [ -4.0587, 40.3649 ], [ -4.0586, 40.3649 ], [ -4.0586, 40.3649 ], [ -4.0586, 40.3649 ], [ -4.0585, 40.3649 ], [ -4.0585, 40.3649 ], [ -4.0585, 40.3649 ], [ -4.0584, 40.3649 ], [ -4.0583, 40.3649 ], [ -4.0582, 40.3648 ], [ -4.0579, 40.3649 ], [ -4.0578, 40.3649 ], [ -4.0577, 40.3648 ], [ -4.0577, 40.3648 ], [ -4.0577, 40.3648 ], [ -4.0576, 40.3648 ], [ -4.0576, 40.3648 ], [ -4.0576, 40.3648 ], [ -4.0575, 40.3648 ], [ -4.0575, 40.3648 ], [ -4.0574, 40.3648 ], [ -4.0574, 40.3648 ], [ -4.0574, 40.3648 ], [ -4.0573, 40.3648 ], [ -4.0573, 40.3648 ], [ -4.0573, 40.3648 ], [ -4.0572, 40.3648 ], [ -4.0572, 40.3648 ], [ -4.0572, 40.3648 ], [ -4.0571, 40.3648 ], [ -4.0571, 40.3648 ], [ -4.0571, 40.3648 ], [ -4.057, 40.3648 ], [ -4.0569, 40.3648 ], [ -4.0566, 40.3651 ], [ -4.0564, 40.3652 ], [ -4.0564, 40.3652 ], [ -4.0564, 40.3652 ], [ -4.0563, 40.3652 ], [ -4.0562, 40.3652 ], [ -4.056, 40.3654 ], [ -4.056, 40.3655 ], [ -4.0559, 40.3656 ], [ -4.0558, 40.3656 ], [ -4.0557, 40.3657 ], [ -4.0557, 40.3658 ], [ -4.0556, 40.3658 ], [ -4.0555, 40.3658 ], [ -4.0555, 40.3659 ], [ -4.0555, 40.3659 ], [ -4.0555, 40.3659 ], [ -4.0554, 40.3659 ], [ -4.0553, 40.3659 ], [ -4.0553, 40.366 ], [ -4.0552, 40.366 ], [ -4.0552, 40.366 ], [ -4.0552, 40.366 ], [ -4.0551, 40.366 ], [ -4.0551, 40.366 ], [ -4.0551, 40.366 ], [ -4.0551, 40.366 ], [ -4.055, 40.366 ], [ -4.0549, 40.366 ], [ -4.0548, 40.3661 ], [ -4.0548, 40.3661 ], [ -4.0548, 40.3661 ], [ -4.0547, 40.3661 ], [ -4.0547, 40.3661 ], [ -4.0547, 40.3661 ], [ -4.0547, 40.3661 ], [ -4.0546, 40.3661 ], [ -4.0546, 40.3661 ], [ -4.0546, 40.3661 ], [ -4.0545, 40.3661 ] ] ] } },
{ "type": "Feature", "properties": { "municipio": "Sevilla la Nueva", "clasificacion": "no-urbanizable-protegido", "calificacion": "sin-asignar", "version": "vigente", "fuente": "SIT-CAM WFS — UsoDelSuelo:VPLA_V_CLASIFICACION (https://idem.comunidad.madrid/geosrvg/ows)", "fecha_dato": "2026-05-12", "ambito": "44768", "_raw_CD_SIGLAS": "SNUP", "_raw_DS_CLASIF_GEN": "Suelo No Urbanizable Protegido", "_raw_DS_CLASIF_DET": "Suelo No Urbanizable. Clase II. Espacios Forestales en Régimen Especial - Suelo No Urbanizable. Clase I. ZEPA", "_raw_DS_DOCU": "NORMAS SUBSIDIARIAS", "_raw_DS_LEY": "CM Ley 9/1995, E Ley 6/1998, E RDL 1/1992, E RD 1346/1976", "_raw_FC_AC": "2001-01-11", "_raw_NM_AREA_M2": 38119.205110616902, "_cam_code": "141" }, "geometry": { "type": "Polygon", "coordinates": [ [ [ -4.0251, 40.3704 ], [ -4.0254, 40.3707 ], [ -4.0257, 40.37 ], [ -4.0258, 40.37 ], [ -4.0258, 40.3697 ], [ -4.0253, 40.3693 ], [ -4.0252, 40.3685 ], [ -4.0246, 40.368 ], [ -4.0236, 40.3679 ], [ -4.0227, 40.3686 ], [ -4.0234, 40.3693 ], [ -4.024, 40.3694 ], [ -4.0244, 40.3699 ], [ -4.025, 40.3701 ], [ -4.0251, 40.3704 ] ] ] } },
{ "type": "Feature", "properties": { "municipio": "Sevilla la Nueva", "clasificacion": "no-urbanizable-protegido", "calificacion": "sin-asignar", "version": "vigente", "fuente": "SIT-CAM WFS — UsoDelSuelo:VPLA_V_CLASIFICACION (https://idem.comunidad.madrid/geosrvg/ows)", "fecha_dato": "2026-05-12", "ambito": "44768", "_raw_CD_SIGLAS": "SNUP", "_raw_DS_CLASIF_GEN": "Suelo No Urbanizable Protegido", "_raw_DS_CLASIF_DET": "Suelo No Urbanizable. Clase II. Espacios Forestales en Régimen Especial - Suelo No Urbanizable. Clase I. ZEPA", "_raw_DS_DOCU": "NORMAS SUBSIDIARIAS", "_raw_DS_LEY": "CM Ley 9/1995, E Ley 6/1998, E RDL 1/1992, E RD 1346/1976", "_raw_FC_AC": "2001-01-11", "_raw_NM_AREA_M2": 41533.159628239897, "_cam_code": "141" }, "geometry": { "type": "Polygon", "coordinates": [ [ [ -4.0293, 40.3688 ], [ -4.0299, 40.3697 ], [ -4.0303, 40.3699 ], [ -4.0307, 40.3706 ], [ -4.0315, 40.3704 ], [ -4.0315, 40.3702 ], [ -4.0311, 40.3699 ], [ -4.0311, 40.3697 ], [ -4.0313, 40.3696 ], [ -4.0311, 40.3693 ], [ -4.0302, 40.3687 ], [ -4.0301, 40.3684 ], [ -4.0295, 40.3679 ], [ -4.0294, 40.3675 ], [ -4.0285, 40.3676 ], [ -4.0289, 40.3683 ], [ -4.0286, 40.3682 ], [ -4.0277, 40.3683 ], [ -4.0278, 40.3689 ], [ -4.0281, 40.3693 ], [ -4.0286, 40.3693 ], [ -4.0286, 40.3692 ], [ -4.0288, 40.3692 ], [ -4.0293, 40.3688 ] ] ] } },
{ "type": "Feature", "properties": { "municipio": "Sevilla la Nueva", "clasificacion": "no-urbanizable-protegido", "calificacion": "sin-asignar", "version": "vigente", "fuente": "SIT-CAM WFS — UsoDelSuelo:VPLA_V_CLASIFICACION (https://idem.comunidad.madrid/geosrvg/ows)", "fecha_dato": "2026-05-12", "ambito": "44768", "_raw_CD_SIGLAS": "SNUP", "_raw_DS_CLASIF_GEN": "Suelo No Urbanizable Protegido", "_raw_DS_CLASIF_DET": "Suelo No Urbanizable. Clase II. Espacios Forestales en Régimen Especial - Suelo No Urbanizable. Clase I. ZEPA", "_raw_DS_DOCU": "NORMAS SUBSIDIARIAS", "_raw_DS_LEY": "CM Ley 9/1995, E Ley 6/1998, E RDL 1/1992, E RD 1346/1976", "_raw_FC_AC": "2001-01-11", "_raw_NM_AREA_M2": 60129.885223010198, "_cam_code": "141" }, "geometry": { "type": "Polygon", "coordinates": [ [ [ -4.026, 40.3668 ], [ -4.0264, 40.3671 ], [ -4.0264, 40.3673 ], [ -4.0261, 40.3674 ], [ -4.0261, 40.3678 ], [ -4.0264, 40.368 ], [ -4.0268, 40.368 ], [ -4.0271, 40.3677 ], [ -4.0279, 40.3674 ], [ -4.0281, 40.3671 ], [ -4.0292, 40.3672 ], [ -4.0292, 40.3662 ], [ -4.0293, 40.3662 ], [ -4.0294, 40.3659 ], [ -4.0293, 40.3654 ], [ -4.029, 40.3653 ], [ -4.029, 40.3654 ], [ -4.0286, 40.3655 ], [ -4.0286, 40.3656 ], [ -4.0283, 40.3656 ], [ -4.0283, 40.3655 ], [ -4.0281, 40.3655 ], [ -4.0277, 40.3652 ], [ -4.0276, 40.365 ], [ -4.0274, 40.365 ], [ -4.0274, 40.3649 ], [ -4.0274, 40.365 ], [ -4.0272, 40.365 ], [ -4.0267, 40.3655 ], [ -4.0266, 40.3659 ], [ -4.026, 40.3665 ], [ -4.026, 40.3668 ] ] ] } },
{ "type": "Feature", "properties": { "municipio": "Sevilla la Nueva", "clasificacion": "no-urbanizable-protegido", "calificacion": "sin-asignar", "version": "vigente", "fuente": "SIT-CAM WFS — UsoDelSuelo:VPLA_V_CLASIFICACION (https://idem.comunidad.madrid/geosrvg/ows)", "fecha_dato": "2026-05-12", "ambito": "44768", "_raw_CD_SIGLAS": "SNUP", "_raw_DS_CLASIF_GEN": "Suelo No Urbanizable Protegido", "_raw_DS_CLASIF_DET": "Suelo No Urbanizable. Clase II. Espacios Forestales en Régimen Especial - Suelo No Urbanizable. Clase I. ZEPA", "_raw_DS_DOCU": "NORMAS SUBSIDIARIAS", "_raw_DS_LEY": "CM Ley 9/1995, E Ley 6/1998, E RDL 1/1992, E RD 1346/1976", "_raw_FC_AC": "2001-01-11", "_raw_NM_AREA_M2": 38713.141471345698, "_cam_code": "141" }, "geometry": { "type": "Polygon", "coordinates": [ [ [ -4.0246, 40.3628 ], [ -4.0245, 40.3627 ], [ -4.0244, 40.363 ], [ -4.0244, 40.3639 ], [ -4.0242, 40.3641 ], [ -4.0242, 40.3651 ], [ -4.0244, 40.3654 ], [ -4.0254, 40.3651 ], [ -4.0254, 40.365 ], [ -4.0257, 40.365 ], [ -4.0257, 40.3649 ], [ -4.0269, 40.3644 ], [ -4.0263, 40.3637 ], [ -4.0261, 40.3637 ], [ -4.0255, 40.3633 ], [ -4.0254, 40.3631 ], [ -4.0252, 40.3631 ], [ -4.0251, 40.3629 ], [ -4.0246, 40.3628 ] ] ] } },
{ "type": "Feature", "properties": { "municipio": "Sevilla la Nueva", "clasificacion": "no-urbanizable-protegido", "calificacion": "sin-asignar", "version": "vigente", "fuente": "SIT-CAM WFS — UsoDelSuelo:VPLA_V_CLASIFICACION (https://idem.comunidad.madrid/geosrvg/ows)", "fecha_dato": "2026-05-12", "ambito": "44768", "_raw_CD_SIGLAS": "SNUP", "_raw_DS_CLASIF_GEN": "Suelo No Urbanizable Protegido", "_raw_DS_CLASIF_DET": "Suelo No Urbanizable. Clase II. Espacios Forestales en Régimen Especial - Suelo No Urbanizable. Clase I. ZEPA", "_raw_DS_DOCU": "NORMAS SUBSIDIARIAS", "_raw_DS_LEY": "CM Ley 9/1995, E Ley 6/1998, E RDL 1/1992, E RD 1346/1976", "_raw_FC_AC": "2001-01-11", "_raw_NM_AREA_M2": 71157.411736436406, "_cam_code": "141" }, "geometry": { "type": "Polygon", "coordinates": [ [ [ -4.0204, 40.3626 ], [ -4.0216, 40.3626 ], [ -4.0216, 40.3625 ], [ -4.0218, 40.3625 ], [ -4.0211, 40.3619 ], [ -4.0198, 40.3611 ], [ -4.0184, 40.3604 ], [ -4.017, 40.3599 ], [ -4.0168, 40.3596 ], [ -4.0157, 40.3594 ], [ -4.0157, 40.3593 ], [ -4.0151, 40.3593 ], [ -4.0151, 40.3594 ], [ -4.0156, 40.3596 ], [ -4.0159, 40.3608 ], [ -4.0162, 40.3611 ], [ -4.0171, 40.3612 ], [ -4.0173, 40.3614 ], [ -4.0178, 40.3614 ], [ -4.0183, 40.3618 ], [ -4.019, 40.3621 ], [ -4.0193, 40.3624 ], [ -4.0198, 40.3624 ], [ -4.02, 40.3626 ], [ -4.0204, 40.3626 ] ] ] } },
{ "type": "Feature", "properties": { "municipio": "Sevilla la Nueva", "clasificacion": "no-urbanizable-protegido", "calificacion": "sin-asignar", "version": "vigente", "fuente": "SIT-CAM WFS — UsoDelSuelo:VPLA_V_CLASIFICACION (https://idem.comunidad.madrid/geosrvg/ows)", "fecha_dato": "2026-05-12", "ambito": "44768", "_raw_CD_SIGLAS": "SNUP", "_raw_DS_CLASIF_GEN": "Suelo No Urbanizable Protegido", "_raw_DS_CLASIF_DET": "Suelo No Urbanizable. Clase II. Espacios Forestales en Régimen Especial - Suelo No Urbanizable. Clase I. ZEPA", "_raw_DS_DOCU": "NORMAS SUBSIDIARIAS", "_raw_DS_LEY": "CM Ley 9/1995, E Ley 6/1998, E RDL 1/1992, E RD 1346/1976", "_raw_FC_AC": "2001-01-11", "_raw_NM_AREA_M2": 12052.473177092799, "_cam_code": "141" }, "geometry": { "type": "Polygon", "coordinates": [ [ [ -4.0254, 40.3591 ], [ -4.0253, 40.3591 ], [ -4.025, 40.3594 ], [ -4.025, 40.3596 ], [ -4.0248, 40.3598 ], [ -4.025, 40.36 ], [ -4.0269, 40.3598 ], [ -4.0272, 40.3596 ], [ -4.0272, 40.3596 ], [ -4.0273, 40.3596 ], [ -4.0275, 40.3596 ], [ -4.0278, 40.3594 ], [ -4.028, 40.3588 ], [ -4.028, 40.3586 ], [ -4.028, 40.3585 ], [ -4.0278, 40.3592 ], [ -4.0275, 40.3596 ], [ -4.0252, 40.3592 ], [ -4.0254, 40.3591 ] ] ] } },
{ "type": "Feature", "properties": { "municipio": "Sevilla la Nueva", "clasificacion": "no-urbanizable-protegido", "calificacion": "sin-asignar", "version": "vigente", "fuente": "SIT-CAM WFS — UsoDelSuelo:VPLA_V_CLASIFICACION (https://idem.comunidad.madrid/geosrvg/ows)", "fecha_dato": "2026-05-12", "ambito": "44768", "_raw_CD_SIGLAS": "SNUP", "_raw_DS_CLASIF_GEN": "Suelo No Urbanizable Protegido", "_raw_DS_CLASIF_DET": "Suelo No Urbanizable. Clase II. Espacios Forestales en Régimen Especial - Suelo No Urbanizable. Clase I. ZEPA", "_raw_DS_DOCU": "NORMAS SUBSIDIARIAS", "_raw_DS_LEY": "CM Ley 9/1995, E Ley 6/1998, E RDL 1/1992, E RD 1346/1976", "_raw_FC_AC": "2001-01-11", "_raw_NM_AREA_M2": 18867.8616266434, "_cam_code": "141" }, "geometry": { "type": "Polygon", "coordinates": [ [ [ -4.0288, 40.3529 ], [ -4.0289, 40.3532 ], [ -4.0288, 40.3533 ], [ -4.029, 40.3538 ], [ -4.0285, 40.3553 ], [ -4.0285, 40.3556 ], [ -4.0282, 40.3562 ], [ -4.0281, 40.3579 ], [ -4.0279, 40.3582 ], [ -4.0283, 40.358 ], [ -4.0283, 40.3578 ], [ -4.0284, 40.3578 ], [ -4.0283, 40.3575 ], [ -4.0284, 40.3567 ], [ -4.0294, 40.3548 ], [ -4.0294, 40.3539 ], [ -4.0288, 40.3529 ] ] ] } },
{ "type": "Feature", "properties": { "municipio": "Sevilla la Nueva", "clasificacion": "no-urbanizable-protegido", "calificacion": "sin-asignar", "version": "vigente", "fuente": "SIT-CAM WFS — UsoDelSuelo:VPLA_V_CLASIFICACION (https://idem.comunidad.madrid/geosrvg/ows)", "fecha_dato": "2026-05-12", "ambito": "44768", "_raw_CD_SIGLAS": "SNUP", "_raw_DS_CLASIF_GEN": "Suelo No Urbanizable Protegido", "_raw_DS_CLASIF_DET": "Suelo No Urbanizable. Clase II. Espacios Forestales en Régimen Especial - Suelo No Urbanizable. Clase I. ZEPA", "_raw_DS_DOCU": "NORMAS SUBSIDIARIAS", "_raw_DS_LEY": "CM Ley 9/1995, E Ley 6/1998, E RDL 1/1992, E RD 1346/1976", "_raw_FC_AC": "2001-01-11", "_raw_NM_AREA_M2": 22465.778174474999, "_cam_code": "141" }, "geometry": { "type": "Polygon", "coordinates": [ [ [ -4.0187, 40.3576 ], [ -4.017, 40.3587 ], [ -4.0185, 40.3593 ], [ -4.0192, 40.3598 ], [ -4.0192, 40.359 ], [ -4.019, 40.3579 ], [ -4.0189, 40.3576 ], [ -4.0187, 40.3576 ] ] ] } },
{ "type": "Feature", "properties": { "municipio": "Sevilla la Nueva", "clasificacion": "no-urbanizable-protegido", "calificacion": "sin-asignar", "version": "vigente", "fuente": "SIT-CAM WFS — UsoDelSuelo:VPLA_V_CLASIFICACION (https://idem.comunidad.madrid/geosrvg/ows)", "fecha_dato": "2026-05-12", "ambito": "44768", "_raw_CD_SIGLAS": "SNUP", "_raw_DS_CLASIF_GEN": "Suelo No Urbanizable Protegido", "_raw_DS_CLASIF_DET": "Suelo No Urbanizable. Clase II. Espacios Forestales en Régimen Especial - Suelo No Urbanizable. Clase I. ZEPA", "_raw_DS_DOCU": "NORMAS SUBSIDIARIAS", "_raw_DS_LEY": "CM Ley 9/1995, E Ley 6/1998, E RDL 1/1992, E RD 1346/1976", "_raw_FC_AC": "2001-01-11", "_raw_NM_AREA_M2": 56370.012604198302, "_cam_code": "141" }, "geometry": { "type": "Polygon", "coordinates": [ [ [ -4.0232, 40.3592 ], [ -4.0234, 40.3593 ], [ -4.0235, 40.3591 ], [ -4.0237, 40.3591 ], [ -4.0237, 40.359 ], [ -4.0244, 40.3586 ], [ -4.025, 40.3577 ], [ -4.0254, 40.3568 ], [ -4.0257, 40.3566 ], [ -4.0258, 40.3561 ], [ -4.0255, 40.3561 ], [ -4.0255, 40.3563 ], [ -4.025, 40.3563 ], [ -4.0249, 40.3553 ], [ -4.024, 40.3552 ], [ -4.0239, 40.3553 ], [ -4.0239, 40.3558 ], [ -4.0236, 40.3565 ], [ -4.0234, 40.3576 ], [ -4.0233, 40.3577 ], [ -4.0228, 40.3576 ], [ -4.0228, 40.3582 ], [ -4.0232, 40.3592 ] ] ] } },
{ "type": "Feature", "properties": { "municipio": "Sevilla la Nueva", "clasificacion": "no-urbanizable-protegido", "calificacion": "sin-asignar", "version": "vigente", "fuente": "SIT-CAM WFS — UsoDelSuelo:VPLA_V_CLASIFICACION (https://idem.comunidad.madrid/geosrvg/ows)", "fecha_dato": "2026-05-12", "ambito": "44768", "_raw_CD_SIGLAS": "SNUP", "_raw_DS_CLASIF_GEN": "Suelo No Urbanizable Protegido", "_raw_DS_CLASIF_DET": "Suelo No Urbanizable. Clase II. Espacios Forestales en Régimen Especial - Suelo No Urbanizable. Clase I. ZEPA", "_raw_DS_DOCU": "NORMAS SUBSIDIARIAS", "_raw_DS_LEY": "CM Ley 9/1995, E Ley 6/1998, E RDL 1/1992, E RD 1346/1976", "_raw_FC_AC": "2001-01-11", "_raw_NM_AREA_M2": 843.42462496844303, "_cam_code": "141" }, "geometry": { "type": "Polygon", "coordinates": [ [ [ -4.0228, 40.358 ], [ -4.0227, 40.3583 ], [ -4.0228, 40.3588 ], [ -4.0232, 40.3592 ], [ -4.0229, 40.3588 ], [ -4.0228, 40.358 ] ] ] } },
{ "type": "Feature", "properties": { "municipio": "Sevilla la Nueva", "clasificacion": "no-urbanizable-protegido", "calificacion": "sin-asignar", "version": "vigente", "fuente": "SIT-CAM WFS — UsoDelSuelo:VPLA_V_CLASIFICACION (https://idem.comunidad.madrid/geosrvg/ows)", "fecha_dato": "2026-05-12", "ambito": "44768", "_raw_CD_SIGLAS": "SNUP", "_raw_DS_CLASIF_GEN": "Suelo No Urbanizable Protegido", "_raw_DS_CLASIF_DET": "Suelo No Urbanizable. Clase II. Espacios Forestales en Régimen Especial - Suelo No Urbanizable. Clase I. ZEPA", "_raw_DS_DOCU": "NORMAS SUBSIDIARIAS", "_raw_DS_LEY": "CM Ley 9/1995, E Ley 6/1998, E RDL 1/1992, E RD 1346/1976", "_raw_FC_AC": "2001-01-11", "_raw_NM_AREA_M2": 75099.826614318605, "_cam_code": "141" }, "geometry": { "type": "Polygon", "coordinates": [ [ [ -4.0264, 40.3583 ], [ -4.0266, 40.3582 ], [ -4.0278, 40.3583 ], [ -4.028, 40.358 ], [ -4.028, 40.3571 ], [ -4.0282, 40.3559 ], [ -4.0285, 40.3553 ], [ -4.0285, 40.3549 ], [ -4.0288, 40.3544 ], [ -4.0287, 40.3529 ], [ -4.0278, 40.3532 ], [ -4.0269, 40.3533 ], [ -4.0271, 40.3559 ], [ -4.027, 40.3564 ], [ -4.0261, 40.3579 ], [ -4.0264, 40.3583 ] ] ] } },
{ "type": "Feature", "properties": { "municipio": "Sevilla la Nueva", "clasificacion": "no-urbanizable-protegido", "calificacion": "sin-asignar", "version": "vigente", "fuente": "SIT-CAM WFS — UsoDelSuelo:VPLA_V_CLASIFICACION (https://idem.comunidad.madrid/geosrvg/ows)", "fecha_dato": "2026-05-12", "ambito": "44768", "_raw_CD_SIGLAS": "SNUP", "_raw_DS_CLASIF_GEN": "Suelo No Urbanizable Protegido", "_raw_DS_CLASIF_DET": "Suelo No Urbanizable. Clase II. Espacios Forestales en Régimen Especial - Suelo No Urbanizable. Clase I. ZEPA", "_raw_DS_DOCU": "NORMAS SUBSIDIARIAS", "_raw_DS_LEY": "CM Ley 9/1995, E Ley 6/1998, E RDL 1/1992, E RD 1346/1976", "_raw_FC_AC": "2001-01-11", "_raw_NM_AREA_M2": 25758.852451875398, "_cam_code": "141" }, "geometry": { "type": "Polygon", "coordinates": [ [ [ -4.0185, 40.3544 ], [ -4.0184, 40.3547 ], [ -4.0186, 40.355 ], [ -4.0197, 40.3547 ], [ -4.0206, 40.3547 ], [ -4.0207, 40.3546 ], [ -4.0209, 40.3547 ], [ -4.0209, 40.3542 ], [ -4.0211, 40.3541 ], [ -4.0211, 40.3537 ], [ -4.0214, 40.3533 ], [ -4.0202, 40.3534 ], [ -4.0197, 40.3536 ], [ -4.0197, 40.3537 ], [ -4.0185, 40.3544 ] ] ] } },
{ "type": "Feature", "properties": { "municipio": "Sevilla la Nueva", "clasificacion": "no-urbanizable-protegido", "calificacion": "sin-asignar", "version": "vigente", "fuente": "SIT-CAM WFS — UsoDelSuelo:VPLA_V_CLASIFICACION (https://idem.comunidad.madrid/geosrvg/ows)", "fecha_dato": "2026-05-12", "ambito": "44768", "_raw_CD_SIGLAS": "SNUP", "_raw_DS_CLASIF_GEN": "Suelo No Urbanizable Protegido", "_raw_DS_CLASIF_DET": "Suelo No Urbanizable. Clase II. Espacios Forestales en Régimen Especial - Suelo No Urbanizable. Clase I. Parque Regional del Curso Medio del Río Guadarrama - Suelo No Urbanizable. Clase I. ZEPA", "_raw_DS_DOCU": "NORMAS SUBSIDIARIAS", "_raw_DS_LEY": "CM Ley 9/1995, E Ley 6/1998, E RDL 1/1992, E RD 1346/1976", "_raw_FC_AC": "2001-01-11", "_raw_NM_AREA_M2": 483026.237892623, "_cam_code": "141" }, "geometry": { "type": "Polygon", "coordinates": [ [ [ -4.0006, 40.3492 ], [ -4.0037, 40.3497 ], [ -4.0045, 40.3497 ], [ -4.0056, 40.3495 ], [ -4.0056, 40.3487 ], [ -4.0058, 40.3485 ], [ -4.0052, 40.3483 ], [ -4.0053, 40.3477 ], [ -4.0074, 40.3477 ], [ -4.0076, 40.3474 ], [ -4.007, 40.347 ], [ -4.0067, 40.347 ], [ -4.006, 40.3467 ], [ -4.0058, 40.3465 ], [ -4.0059, 40.3461 ], [ -4.0062, 40.346 ], [ -4.0062, 40.3459 ], [ -4.0079, 40.3459 ], [ -4.0091, 40.3457 ], [ -4.0094, 40.3454 ], [ -4.0085, 40.345 ], [ -4.0081, 40.3439 ], [ -4.0081, 40.3436 ], [ -4.0072, 40.3436 ], [ -4.0065, 40.3433 ], [ -4.0065, 40.3432 ], [ -4.005, 40.3429 ], [ -4.0044, 40.3421 ], [ -4.0038, 40.3421 ], [ -4.0037, 40.3422 ], [ -4.0037, 40.3421 ], [ -4.0029, 40.3419 ], [ -4.0023, 40.3419 ], [ -4.0022, 40.342 ], [ -4.0017, 40.342 ], [ -4.0005, 40.3426 ], [ -4.0005, 40.3435 ], [ -4.0004, 40.3435 ], [ -4.0, 40.3446 ], [ -3.9999, 40.346 ], [ -3.9997, 40.3466 ], [ -3.9995, 40.347 ], [ -3.9993, 40.347 ], [ -3.9993, 40.3471 ], [ -3.9985, 40.3471 ], [ -3.9986, 40.3478 ], [ -3.9991, 40.3491 ], [ -3.9998, 40.349 ], [ -3.9998, 40.3491 ], [ -4.0001, 40.3491 ], [ -4.0004, 40.3493 ], [ -4.0006, 40.3492 ] ] ] } },
{ "type": "Feature", "properties": { "municipio": "Sevilla la Nueva", "clasificacion": "no-urbanizable-protegido", "calificacion": "sin-asignar", "version": "vigente", "fuente": "SIT-CAM WFS — UsoDelSuelo:VPLA_V_CLASIFICACION (https://idem.comunidad.madrid/geosrvg/ows)", "fecha_dato": "2026-05-12", "ambito": "44768", "_raw_CD_SIGLAS": "SNUP", "_raw_DS_CLASIF_GEN": "Suelo No Urbanizable Protegido", "_raw_DS_CLASIF_DET": "Suelo No Urbanizable. Clase II. Espacios Forestales en Régimen Especial - Suelo No Urbanizable. Clase I. Parque Regional del Curso Medio del Río Guadarrama - Suelo No Urbanizable. Clase I. ZEPA", "_raw_DS_DOCU": "NORMAS SUBSIDIARIAS", "_raw_DS_LEY": "CM Ley 9/1995, E Ley 6/1998, E RDL 1/1992, E RD 1346/1976", "_raw_FC_AC": "2001-01-11", "_raw_NM_AREA_M2": 1857.2272674722999, "_cam_code": "141" }, "geometry": { "type": "Polygon", "coordinates": [ [ [ -4.0029, 40.3419 ], [ -4.0034, 40.3421 ], [ -4.0044, 40.3421 ], [ -4.0045, 40.3422 ], [ -4.0045, 40.3421 ], [ -4.0032, 40.3418 ], [ -4.0032, 40.3419 ], [ -4.0029, 40.3419 ] ] ] } },
{ "type": "Feature", "properties": { "municipio": "Sevilla la Nueva", "clasificacion": "no-urbanizable-protegido", "calificacion": "sin-asignar", "version": "vigente", "fuente": "SIT-CAM WFS — UsoDelSuelo:VPLA_V_CLASIFICACION (https://idem.comunidad.madrid/geosrvg/ows)", "fecha_dato": "2026-05-12", "ambito": "44768", "_raw_CD_SIGLAS": "SNUP", "_raw_DS_CLASIF_GEN": "Suelo No Urbanizable Protegido", "_raw_DS_CLASIF_DET": "Suelo No Urbanizable. Clase V. Espacios de interés edafológico - Suelo No Urbanizable. Clase I. ZEPA - Suelo No Urbanizable. Clase I. Vías Pecuarias", "_raw_DS_DOCU": "NORMAS SUBSIDIARIAS", "_raw_DS_LEY": "CM Ley 9/1995, E Ley 6/1998, E RDL 1/1992, E RD 1346/1976", "_raw_FC_AC": "2001-01-11", "_raw_NM_AREA_M2": 339.42985666088401, "_cam_code": "141" }, "geometry": { "type": "Polygon", "coordinates": [ [ [ -4.0033, 40.3549 ], [ -4.0034, 40.3549 ], [ -4.0036, 40.355 ], [ -4.0039, 40.3551 ], [ -4.0041, 40.3552 ], [ -4.0041, 40.3551 ], [ -4.0035, 40.3549 ], [ -4.0033, 40.3549 ] ] ] } },
{ "type": "Feature", "properties": { "municipio": "Sevilla la Nueva", "clasificacion": "no-urbanizable-protegido", "calificacion": "sin-asignar", "version": "vigente", "fuente": "SIT-CAM WFS — UsoDelSuelo:VPLA_V_CLASIFICACION (https://idem.comunidad.madrid/geosrvg/ows)", "fecha_dato": "2026-05-12", "ambito": "44768", "_raw_CD_SIGLAS": "SNUP", "_raw_DS_CLASIF_GEN": "Suelo No Urbanizable Protegido", "_raw_DS_CLASIF_DET": "Suelo No Urbanizable. Clase V. Espacios de interés edafológico - Suelo No Urbanizable. Clase I. ZEPA - Suelo No Urbanizable. Clase I. Vías Pecuarias", "_raw_DS_DOCU": "NORMAS SUBSIDIARIAS", "_raw_DS_LEY": "CM Ley 9/1995, E Ley 6/1998, E RDL 1/1992, E RD 1346/1976", "_raw_FC_AC": "2001-01-11", "_raw_NM_AREA_M2": 3024.8158319293998, "_cam_code": "141" }, "geometry": { "type": "Polygon", "coordinates": [ [ [ -4.0117, 40.3539 ], [ -4.0118, 40.354 ], [ -4.0123, 40.3534 ], [ -4.0126, 40.3534 ], [ -4.0134, 40.3531 ], [ -4.0143, 40.3529 ], [ -4.0145, 40.3528 ], [ -4.0147, 40.3528 ], [ -4.0149, 40.3528 ], [ -4.0153, 40.3528 ], [ -4.0155, 40.3529 ], [ -4.0161, 40.353 ], [ -4.0161, 40.3529 ], [ -4.0157, 40.3528 ], [ -4.0154, 40.3528 ], [ -4.0151, 40.3528 ], [ -4.0149, 40.3528 ], [ -4.0146, 40.3528 ], [ -4.0144, 40.3528 ], [ -4.0122, 40.3534 ], [ -4.0117, 40.3539 ] ] ] } },
{ "type": "Feature", "properties": { "municipio": "Sevilla la Nueva", "clasificacion": "no-urbanizable-protegido", "calificacion": "sin-asignar", "version": "vigente", "fuente": "SIT-CAM WFS — UsoDelSuelo:VPLA_V_CLASIFICACION (https://idem.comunidad.madrid/geosrvg/ows)", "fecha_dato": "2026-05-12", "ambito": "44768", "_raw_CD_SIGLAS": "SNUP", "_raw_DS_CLASIF_GEN": "Suelo No Urbanizable Protegido", "_raw_DS_CLASIF_DET": "Suelo No Urbanizable. Clase V. Espacios de interés edafológico - Suelo No Urbanizable. Clase I. ZEPA", "_raw_DS_DOCU": "NORMAS SUBSIDIARIAS", "_raw_DS_LEY": "CM Ley 9/1995, E Ley 6/1998, E RDL 1/1992, E RD 1346/1976", "_raw_FC_AC": "2001-01-11", "_raw_NM_AREA_M2": 246888.530798514, "_cam_code": "141" }, "geometry": { "type": "Polygon", "coordinates": [ [ [ -4.0054, 40.3592 ], [ -4.0057, 40.359 ], [ -4.007, 40.3606 ], [ -4.0074, 40.3635 ], [ -4.0072, 40.364 ], [ -4.0088, 40.3644 ], [ -4.0108, 40.3644 ], [ -4.0112, 40.3625 ], [ -4.0131, 40.3588 ], [ -4.0106, 40.359 ], [ -4.007, 40.3589 ], [ -4.0063, 40.3585 ], [ -4.0063, 40.3584 ], [ -4.0058, 40.3587 ], [ -4.0054, 40.3592 ] ] ] } },
{ "type": "Feature", "properties": { "municipio": "Sevilla la Nueva", "clasificacion": "no-urbanizable-protegido", "calificacion": "sin-asignar", "version": "vigente", "fuente": "SIT-CAM WFS — UsoDelSuelo:VPLA_V_CLASIFICACION (https://idem.comunidad.madrid/geosrvg/ows)", "fecha_dato": "2026-05-12", "ambito": "44768", "_raw_CD_SIGLAS": "SNUP", "_raw_DS_CLASIF_GEN": "Suelo No Urbanizable Protegido", "_raw_DS_CLASIF_DET": "Suelo No Urbanizable. Clase V. Espacios de interés edafológico - Suelo No Urbanizable. Clase I. ZEPA", "_raw_DS_DOCU": "NORMAS SUBSIDIARIAS", "_raw_DS_LEY": "CM Ley 9/1995, E Ley 6/1998, E RDL 1/1992, E RD 1346/1976", "_raw_FC_AC": "2001-01-11", "_raw_NM_AREA_M2": 22892.500585901202, "_cam_code": "141" }, "geometry": { "type": "Polygon", "coordinates": [ [ [ -4.0034, 40.358 ], [ -4.0045, 40.358 ], [ -4.0044, 40.3577 ], [ -4.0043, 40.3577 ], [ -4.0039, 40.356 ], [ -4.0041, 40.3552 ], [ -4.0034, 40.3549 ], [ -4.0033, 40.3549 ], [ -4.0034, 40.3549 ], [ -4.0032, 40.3563 ], [ -4.0034, 40.358 ] ] ] } },
{ "type": "Feature", "properties": { "municipio": "Sevilla la Nueva", "clasificacion": "no-urbanizable-protegido", "calificacion": "sin-asignar", "version": "vigente", "fuente": "SIT-CAM WFS — UsoDelSuelo:VPLA_V_CLASIFICACION (https://idem.comunidad.madrid/geosrvg/ows)", "fecha_dato": "2026-05-12", "ambito": "44768", "_raw_CD_SIGLAS": "SNUP", "_raw_DS_CLASIF_GEN": "Suelo No Urbanizable Protegido", "_raw_DS_CLASIF_DET": "Suelo No Urbanizable. Clase V. Espacios de interés edafológico - Suelo No Urbanizable. Clase I. ZEPA", "_raw_DS_DOCU": "NORMAS SUBSIDIARIAS", "_raw_DS_LEY": "CM Ley 9/1995, E Ley 6/1998, E RDL 1/1992, E RD 1346/1976", "_raw_FC_AC": "2001-01-11", "_raw_NM_AREA_M2": 4705.1500491735196, "_cam_code": "141" }, "geometry": { "type": "Polygon", "coordinates": [ [ [ -4.0169, 40.3548 ], [ -4.0167, 40.3553 ], [ -4.02, 40.3535 ], [ -4.0197, 40.3535 ], [ -4.0197, 40.3534 ], [ -4.0197, 40.3535 ], [ -4.0186, 40.3542 ], [ -4.0172, 40.3549 ], [ -4.0169, 40.3548 ] ] ] } },
{ "type": "Feature", "properties": { "municipio": "Sevilla la Nueva", "clasificacion": "no-urbanizable-protegido", "calificacion": "sin-asignar", "version": "vigente", "fuente": "SIT-CAM WFS — UsoDelSuelo:VPLA_V_CLASIFICACION (https://idem.comunidad.madrid/geosrvg/ows)", "fecha_dato": "2026-05-12", "ambito": "44768", "_raw_CD_SIGLAS": "SNUP", "_raw_DS_CLASIF_GEN": "Suelo No Urbanizable Protegido", "_raw_DS_CLASIF_DET": "Suelo No Urbanizable. Clase V. Espacios de interés edafológico - Suelo No Urbanizable. Clase I. ZEPA", "_raw_DS_DOCU": "NORMAS SUBSIDIARIAS", "_raw_DS_LEY": "CM Ley 9/1995, E Ley 6/1998, E RDL 1/1992, E RD 1346/1976", "_raw_FC_AC": "2001-01-11", "_raw_NM_AREA_M2": 46225.685680257498, "_cam_code": "141" }, "geometry": { "type": "Polygon", "coordinates": [ [ [ -4.0118, 40.354 ], [ -4.0153, 40.3547 ], [ -4.0161, 40.353 ], [ -4.0153, 40.3528 ], [ -4.0145, 40.3528 ], [ -4.0123, 40.3534 ], [ -4.0118, 40.354 ] ] ] } },
{ "type": "Feature", "properties": { "municipio": "Sevilla la Nueva", "clasificacion": "no-urbanizable-protegido", "calificacion": "sin-asignar", "version": "vigente", "fuente": "SIT-CAM WFS — UsoDelSuelo:VPLA_V_CLASIFICACION (https://idem.comunidad.madrid/geosrvg/ows)", "fecha_dato": "2026-05-12", "ambito": "44768", "_raw_CD_SIGLAS": "SNUP", "_raw_DS_CLASIF_GEN": "Suelo No Urbanizable Protegido", "_raw_DS_CLASIF_DET": "Suelo No Urbanizable. Clase V. Espacios de interés edafológico - Suelo No Urbanizable. Clase I. ZEPA", "_raw_DS_DOCU": "NORMAS SUBSIDIARIAS", "_raw_DS_LEY": "CM Ley 9/1995, E Ley 6/1998, E RDL 1/1992, E RD 1346/1976", "_raw_FC_AC": "2001-01-11", "_raw_NM_AREA_M2": 673829.66181130102, "_cam_code": "141" }, "geometry": { "type": "Polygon", "coordinates": [ [ [ -4.0063, 40.3523 ], [ -4.0107, 40.3537 ], [ -4.0117, 40.3539 ], [ -4.0122, 40.3534 ], [ -4.0144, 40.3528 ], [ -4.0161, 40.3529 ], [ -4.0163, 40.3525 ], [ -4.0167, 40.3508 ], [ -4.0167, 40.3465 ], [ -4.0168, 40.3459 ], [ -4.0175, 40.3438 ], [ -4.0177, 40.3423 ], [ -4.018, 40.3417 ], [ -4.0127, 40.343 ], [ -4.0147, 40.3444 ], [ -4.016, 40.3451 ], [ -4.014, 40.3474 ], [ -4.0116, 40.3479 ], [ -4.0071, 40.3486 ], [ -4.0056, 40.3487 ], [ -4.0056, 40.3495 ], [ -4.0045, 40.3497 ], [ -4.0046, 40.3507 ], [ -4.0047, 40.3511 ], [ -4.0058, 40.3523 ], [ -4.0063, 40.3523 ] ] ] } },
{ "type": "Feature", "properties": { "municipio": "Sevilla la Nueva", "clasificacion": "no-urbanizable-protegido", "calificacion": "sin-asignar", "version": "vigente", "fuente": "SIT-CAM WFS — UsoDelSuelo:VPLA_V_CLASIFICACION (https://idem.comunidad.madrid/geosrvg/ows)", "fecha_dato": "2026-05-12", "ambito": "44768", "_raw_CD_SIGLAS": "SNUP", "_raw_DS_CLASIF_GEN": "Suelo No Urbanizable Protegido", "_raw_DS_CLASIF_DET": "Suelo No Urbanizable. Clase V. Espacios de interés edafológico - Suelo No Urbanizable. Clase I. ZEPA", "_raw_DS_DOCU": "NORMAS SUBSIDIARIAS", "_raw_DS_LEY": "CM Ley 9/1995, E Ley 6/1998, E RDL 1/1992, E RD 1346/1976", "_raw_FC_AC": "2001-01-11", "_raw_NM_AREA_M2": 80177.771284626797, "_cam_code": "141" }, "geometry": { "type": "Polygon", "coordinates": [ [ [ -4.0401, 40.3519 ], [ -4.0418, 40.352 ], [ -4.0422, 40.3528 ], [ -4.0424, 40.3529 ], [ -4.0432, 40.3524 ], [ -4.0439, 40.351 ], [ -4.0446, 40.3505 ], [ -4.0436, 40.3493 ], [ -4.0428, 40.3494 ], [ -4.0428, 40.3496 ], [ -4.0424, 40.35 ], [ -4.0414, 40.35 ], [ -4.0411, 40.3503 ], [ -4.0411, 40.3505 ], [ -4.0406, 40.3506 ], [ -4.0402, 40.351 ], [ -4.0402, 40.3518 ], [ -4.0401, 40.3519 ] ] ] } },
{ "type": "Feature", "properties": { "municipio": "Sevilla la Nueva", "clasificacion": "no-urbanizable-protegido", "calificacion": "sin-asignar", "version": "vigente", "fuente": "SIT-CAM WFS — UsoDelSuelo:VPLA_V_CLASIFICACION (https://idem.comunidad.madrid/geosrvg/ows)", "fecha_dato": "2026-05-12", "ambito": "44768", "_raw_CD_SIGLAS": "SNUP", "_raw_DS_CLASIF_GEN": "Suelo No Urbanizable Protegido", "_raw_DS_CLASIF_DET": "Suelo No Urbanizable. Clase V. Espacios de interés edafológico - Suelo No Urbanizable. Clase I. ZEPA", "_raw_DS_DOCU": "NORMAS SUBSIDIARIAS", "_raw_DS_LEY": "CM Ley 9/1995, E Ley 6/1998, E RDL 1/1992, E RD 1346/1976", "_raw_FC_AC": "2001-01-11", "_raw_NM_AREA_M2": 787228.10099375295, "_cam_code": "141" }, "geometry": { "type": "Polygon", "coordinates": [ [ [ -4.0369, 40.3519 ], [ -4.0379, 40.3519 ], [ -4.0379, 40.352 ], [ -4.0381, 40.352 ], [ -4.0381, 40.3519 ], [ -4.0387, 40.3518 ], [ -4.0387, 40.3517 ], [ -4.0398, 40.3517 ], [ -4.0398, 40.3518 ], [ -4.0401, 40.3519 ], [ -4.0402, 40.351 ], [ -4.0406, 40.3506 ], [ -4.041, 40.3505 ], [ -4.0414, 40.35 ], [ -4.0424, 40.35 ], [ -4.0428, 40.3496 ], [ -4.0428, 40.3494 ], [ -4.0424, 40.3495 ], [ -4.0419, 40.3489 ], [ -4.0419, 40.3481 ], [ -4.0422, 40.3474 ], [ -4.0411, 40.3455 ], [ -4.0405, 40.3456 ], [ -4.0405, 40.3455 ], [ -4.0402, 40.3455 ], [ -4.0398, 40.3453 ], [ -4.0394, 40.3453 ], [ -4.0394, 40.3452 ], [ -4.0392, 40.3452 ], [ -4.0391, 40.3449 ], [ -4.0386, 40.3444 ], [ -4.0377, 40.3445 ], [ -4.0373, 40.3441 ], [ -4.0375, 40.3433 ], [ -4.038, 40.3428 ], [ -4.0375, 40.3424 ], [ -4.0373, 40.342 ], [ -4.0364, 40.3414 ], [ -4.0363, 40.3404 ], [ -4.0355, 40.3396 ], [ -4.035, 40.3393 ], [ -4.0349, 40.339 ], [ -4.034, 40.3382 ], [ -4.034, 40.3379 ], [ -4.0337, 40.3376 ], [ -4.0337, 40.3374 ], [ -4.0338, 40.3372 ], [ -4.0342, 40.337 ], [ -4.0344, 40.3362 ], [ -4.0341, 40.3355 ], [ -4.0332, 40.3354 ], [ -4.0331, 40.3352 ], [ -4.0327, 40.3352 ], [ -4.0322, 40.3349 ], [ -4.0309, 40.3348 ], [ -4.0309, 40.3353 ], [ -4.0308, 40.3354 ], [ -4.029, 40.3358 ], [ -4.0285, 40.3362 ], [ -4.0285, 40.3365 ], [ -4.0284, 40.3365 ], [ -4.0284, 40.3368 ], [ -4.0283, 40.3368 ], [ -4.0282, 40.3371 ], [ -4.0282, 40.3375 ], [ -4.0283, 40.3378 ], [ -4.0284, 40.3378 ], [ -4.0284, 40.3383 ], [ -4.0285, 40.3383 ], [ -4.0286, 40.3388 ], [ -4.0286, 40.3387 ], [ -4.0291, 40.3387 ], [ -4.0292, 40.3388 ], [ -4.0291, 40.339 ], [ -4.0294, 40.3391 ], [ -4.0311, 40.3405 ], [ -4.033, 40.3426 ], [ -4.0334, 40.3427 ], [ -4.0336, 40.3429 ], [ -4.0335, 40.3431 ], [ -4.0356, 40.3453 ], [ -4.0357, 40.346 ], [ -4.0358, 40.346 ], [ -4.0359, 40.3472 ], [ -4.0361, 40.3473 ], [ -4.0361, 40.3476 ], [ -4.036, 40.3476 ], [ -4.0361, 40.3487 ], [ -4.0369, 40.3519 ] ] ] } },
{ "type": "Feature", "properties": { "municipio": "Sevilla la Nueva", "clasificacion": "no-urbanizable-protegido", "calificacion": "sin-asignar", "version": "vigente", "fuente": "SIT-CAM WFS — UsoDelSuelo:VPLA_V_CLASIFICACION (https://idem.comunidad.madrid/geosrvg/ows)", "fecha_dato": "2026-05-12", "ambito": "44768", "_raw_CD_SIGLAS": "SNUP", "_raw_DS_CLASIF_GEN": "Suelo No Urbanizable Protegido", "_raw_DS_CLASIF_DET": "Suelo No Urbanizable. Clase V. Espacios de interés edafológico - Suelo No Urbanizable. Clase I. ZEPA", "_raw_DS_DOCU": "NORMAS SUBSIDIARIAS", "_raw_DS_LEY": "CM Ley 9/1995, E Ley 6/1998, E RDL 1/1992, E RD 1346/1976", "_raw_FC_AC": "2001-01-11", "_raw_NM_AREA_M2": 61488.0568053897, "_cam_code": "141" }, "geometry": { "type": "Polygon", "coordinates": [ [ [ -4.0142, 40.3364 ], [ -4.0146, 40.3384 ], [ -4.0154, 40.3383 ], [ -4.0159, 40.3395 ], [ -4.0167, 40.3394 ], [ -4.0179, 40.341 ], [ -4.0177, 40.3401 ], [ -4.0157, 40.336 ], [ -4.0142, 40.3364 ] ] ] } },
{ "type": "Feature", "properties": { "municipio": "Sevilla la Nueva", "clasificacion": "no-urbanizable-protegido", "calificacion": "sin-asignar", "version": "vigente", "fuente": "SIT-CAM WFS — UsoDelSuelo:VPLA_V_CLASIFICACION (https://idem.comunidad.madrid/geosrvg/ows)", "fecha_dato": "2026-05-12", "ambito": "44768", "_raw_CD_SIGLAS": "SNUP", "_raw_DS_CLASIF_GEN": "Suelo No Urbanizable Protegido", "_raw_DS_CLASIF_DET": "Suelo No Urbanizable. Clase V. Espacios de interés edafológico - Suelo No Urbanizable. Clase I. ZEPA", "_raw_DS_DOCU": "NORMAS SUBSIDIARIAS", "_raw_DS_LEY": "CM Ley 9/1995, E Ley 6/1998, E RDL 1/1992, E RD 1346/1976", "_raw_FC_AC": "2001-01-11", "_raw_NM_AREA_M2": 78840.333878774894, "_cam_code": "141" }, "geometry": { "type": "Polygon", "coordinates": [ [ [ -4.0245, 40.3391 ], [ -4.0247, 40.339 ], [ -4.0247, 40.3397 ], [ -4.025, 40.34 ], [ -4.0259, 40.3405 ], [ -4.0261, 40.3405 ], [ -4.0271, 40.3395 ], [ -4.0286, 40.3389 ], [ -4.0284, 40.3379 ], [ -4.0283, 40.3376 ], [ -4.0282, 40.3376 ], [ -4.0282, 40.337 ], [ -4.0283, 40.337 ], [ -4.0285, 40.3362 ], [ -4.0282, 40.3365 ], [ -4.028, 40.3365 ], [ -4.0277, 40.3368 ], [ -4.0275, 40.3368 ], [ -4.0275, 40.3369 ], [ -4.0269, 40.3372 ], [ -4.0269, 40.3373 ], [ -4.0263, 40.3375 ], [ -4.0263, 40.3377 ], [ -4.0261, 40.3377 ], [ -4.026, 40.3381 ], [ -4.0255, 40.3382 ], [ -4.0252, 40.3386 ], [ -4.0247, 40.3388 ], [ -4.0247, 40.339 ], [ -4.0245, 40.3391 ] ] ] } },
{ "type": "Feature", "properties": { "municipio": "Sevilla la Nueva", "clasificacion": "no-urbanizable-protegido", "calificacion": "sin-asignar", "version": "vigente", "fuente": "SIT-CAM WFS — UsoDelSuelo:VPLA_V_CLASIFICACION (https://idem.comunidad.madrid/geosrvg/ows)", "fecha_dato": "2026-05-12", "ambito": "44768", "_raw_CD_SIGLAS": "SNUP", "_raw_DS_CLASIF_GEN": "Suelo No Urbanizable Protegido", "_raw_DS_CLASIF_DET": "Suelo No Urbanizable. Clase V. Espacios de interés edafológico._Suelo No Urbanizable. Clase I. Parque Regional del Curso Medio del Río Guadarrama - Suelo No Urbanizable. Clase I. ZEPA", "_raw_DS_DOCU": "NORMAS SUBSIDIARIAS", "_raw_DS_LEY": "CM Ley 9/1995, E Ley 6/1998, E RDL 1/1992, E RD 1346/1976", "_raw_FC_AC": "2001-01-11", "_raw_NM_AREA_M2": 907060.11738607695, "_cam_code": "141" }, "geometry": { "type": "Polygon", "coordinates": [ [ [ -4.0045, 40.3422 ], [ -4.005, 40.3429 ], [ -4.0065, 40.3432 ], [ -4.0065, 40.3433 ], [ -4.0072, 40.3436 ], [ -4.0081, 40.3436 ], [ -4.0081, 40.3439 ], [ -4.0085, 40.345 ], [ -4.0094, 40.3454 ], [ -4.0091, 40.3457 ], [ -4.0079, 40.3459 ], [ -4.0062, 40.3459 ], [ -4.0062, 40.346 ], [ -4.0059, 40.3461 ], [ -4.0058, 40.3465 ], [ -4.006, 40.3467 ], [ -4.0067, 40.347 ], [ -4.007, 40.347 ], [ -4.0076, 40.3474 ], [ -4.0074, 40.3477 ], [ -4.0053, 40.3477 ], [ -4.0052, 40.3483 ], [ -4.0058, 40.3485 ], [ -4.0056, 40.3487 ], [ -4.0064, 40.3487 ], [ -4.0116, 40.3479 ], [ -4.014, 40.3474 ], [ -4.016, 40.3451 ], [ -4.0147, 40.3444 ], [ -4.0127, 40.343 ], [ -4.0178, 40.3418 ], [ -4.018, 40.3417 ], [ -4.018, 40.3414 ], [ -4.0179, 40.341 ], [ -4.0167, 40.3394 ], [ -4.0159, 40.3395 ], [ -4.0154, 40.3383 ], [ -4.0146, 40.3384 ], [ -4.0142, 40.3364 ], [ -4.0139, 40.3364 ], [ -4.0131, 40.3367 ], [ -4.0108, 40.3371 ], [ -4.0092, 40.3377 ], [ -4.0089, 40.3381 ], [ -4.0064, 40.3394 ], [ -4.0047, 40.3408 ], [ -4.0038, 40.3411 ], [ -4.0036, 40.3415 ], [ -4.0035, 40.3415 ], [ -4.0035, 40.3417 ], [ -4.0032, 40.3418 ], [ -4.0045, 40.3421 ], [ -4.0045, 40.3422 ], [ -4.0047, 40.3423 ], [ -4.0048, 40.3423 ], [ -4.0049, 40.3423 ], [ -4.005, 40.3424 ], [ -4.005, 40.3424 ], [ -4.005, 40.3424 ], [ -4.0051, 40.3424 ], [ -4.0051, 40.3424 ], [ -4.0051, 40.3424 ], [ -4.0051, 40.3424 ], [ -4.0052, 40.3424 ], [ -4.0053, 40.3424 ], [ -4.0054, 40.3424 ], [ -4.0054, 40.3424 ], [ -4.0055, 40.3424 ], [ -4.0055, 40.3424 ], [ -4.0056, 40.3424 ], [ -4.0057, 40.3424 ], [ -4.0058, 40.3424 ], [ -4.0063, 40.3423 ], [ -4.0066, 40.3423 ], [ -4.0067, 40.3423 ], [ -4.0067, 40.3423 ], [ -4.0067, 40.3422 ], [ -4.0068, 40.3421 ], [ -4.0068, 40.3421 ], [ -4.0069, 40.3421 ], [ -4.007, 40.3421 ], [ -4.0072, 40.342 ], [ -4.0072, 40.3419 ], [ -4.0073, 40.3419 ], [ -4.0073, 40.3419 ], [ -4.0074, 40.3419 ], [ -4.0075, 40.3419 ], [ -4.0075, 40.3419 ], [ -4.0076, 40.3419 ], [ -4.0077, 40.3419 ], [ -4.0077, 40.3418 ], [ -4.0078, 40.3418 ], [ -4.0079, 40.3418 ], [ -4.0081, 40.3416 ], [ -4.0084, 40.3415 ], [ -4.01, 40.3411 ], [ -4.0103, 40.3411 ], [ -4.0108, 40.3409 ], [ -4.0109, 40.3407 ], [ -4.0127, 40.3401 ], [ -4.0109, 40.3407 ], [ -4.0108, 40.3409 ], [ -4.01, 40.3411 ], [ -4.01, 40.3412 ], [ -4.0081, 40.3416 ], [ -4.0081, 40.3417 ], [ -4.0079, 40.3418 ], [ -4.0079, 40.3418 ], [ -4.0078, 40.3418 ], [ -4.0077, 40.3418 ], [ -4.0077, 40.3419 ], [ -4.0076, 40.3419 ], [ -4.0076, 40.3419 ], [ -4.0076, 40.3419 ], [ -4.0076, 40.3419 ], [ -4.0075, 40.3419 ], [ -4.0075, 40.3419 ], [ -4.0074, 40.3419 ], [ -4.0073, 40.3419 ], [ -4.0073, 40.342 ], [ -4.0072, 40.342 ], [ -4.0071, 40.342 ], [ -4.0068, 40.3421 ], [ -4.0067, 40.3422 ], [ -4.0067, 40.3422 ], [ -4.0067, 40.3422 ], [ -4.0067, 40.3422 ], [ -4.0067, 40.3422 ], [ -4.0067, 40.3422 ], [ -4.0067, 40.3422 ], [ -4.0067, 40.3423 ], [ -4.007, 40.3421 ], [ -4.0073, 40.3421 ], [ -4.0086, 40.3423 ], [ -4.0088, 40.3424 ], [ -4.0091, 40.3424 ], [ -4.0097, 40.3424 ], [ -4.0099, 40.3424 ], [ -4.0101, 40.3423 ], [ -4.0108, 40.3423 ], [ -4.0109, 40.3423 ], [ -4.0112, 40.3423 ], [ -4.0116, 40.3425 ], [ -4.0117, 40.3426 ], [ -4.0124, 40.343 ], [ -4.0135, 40.3439 ], [ -4.0136, 40.3439 ], [ -4.0144, 40.3443 ], [ -4.0149, 40.3448 ], [ -4.0144, 40.3443 ], [ -4.0136, 40.344 ], [ -4.0124, 40.343 ], [ -4.0116, 40.3425 ], [ -4.0112, 40.3423 ], [ -4.0101, 40.3424 ], [ -4.0099, 40.3424 ], [ -4.0097, 40.3424 ], [ -4.0091, 40.3424 ], [ -4.0088, 40.3424 ], [ -4.0086, 40.3424 ], [ -4.007, 40.3421 ], [ -4.0066, 40.3423 ], [ -4.0059, 40.3424 ], [ -4.0058, 40.3424 ], [ -4.0058, 40.3424 ], [ -4.0057, 40.3424 ], [ -4.0056, 40.3424 ], [ -4.0055, 40.3424 ], [ -4.0055, 40.3424 ], [ -4.0054, 40.3424 ], [ -4.0054, 40.3424 ], [ -4.0053, 40.3424 ], [ -4.0052, 40.3424 ], [ -4.0051, 40.3424 ], [ -4.0051, 40.3424 ], [ -4.0051, 40.3424 ], [ -4.005, 40.3424 ], [ -4.0049, 40.3424 ], [ -4.0049, 40.3423 ], [ -4.0045, 40.3422 ] ] ] } },
{ "type": "Feature", "properties": { "municipio": "Sevilla la Nueva", "clasificacion": "no-urbanizable-protegido", "calificacion": "sin-asignar", "version": "vigente", "fuente": "SIT-CAM WFS — UsoDelSuelo:VPLA_V_CLASIFICACION (https://idem.comunidad.madrid/geosrvg/ows)", "fecha_dato": "2026-05-12", "ambito": "44768", "_raw_CD_SIGLAS": "SNUP", "_raw_DS_CLASIF_GEN": "Suelo No Urbanizable Protegido", "_raw_DS_CLASIF_DET": "Suelo No Urbanizable. Clase I. Cauces, Riberas y Zonas Húmedas - Suelo No Urbanizable. Clase I. ZEPA", "_raw_DS_DOCU": "NORMAS SUBSIDIARIAS", "_raw_DS_LEY": "CM Ley 9/1995, E Ley 6/1998, E RDL 1/1992, E RD 1346/1976", "_raw_FC_AC": "2001-01-11", "_raw_NM_AREA_M2": 2580.78448492913, "_cam_code": "141" }, "geometry": { "type": "Polygon", "coordinates": [ [ [ -4.0393, 40.3763 ], [ -4.0394, 40.3763 ], [ -4.0394, 40.3762 ], [ -4.0394, 40.3761 ], [ -4.0394, 40.376 ], [ -4.0394, 40.376 ], [ -4.0394, 40.376 ], [ -4.0394, 40.376 ], [ -4.0394, 40.3759 ], [ -4.0394, 40.3759 ], [ -4.0394, 40.3759 ], [ -4.0395, 40.3759 ], [ -4.0395, 40.3758 ], [ -4.0396, 40.3757 ], [ -4.0398, 40.3756 ], [ -4.0399, 40.3756 ], [ -4.0399, 40.3755 ], [ -4.04, 40.3755 ], [ -4.0401, 40.3755 ], [ -4.0401, 40.3755 ], [ -4.0401, 40.3755 ], [ -4.0403, 40.3753 ], [ -4.0403, 40.3752 ], [ -4.0403, 40.3751 ], [ -4.0403, 40.3751 ], [ -4.0403, 40.3751 ], [ -4.0403, 40.3751 ], [ -4.0403, 40.3751 ], [ -4.0403, 40.375 ], [ -4.0403, 40.375 ], [ -4.0403, 40.375 ], [ -4.0404, 40.375 ], [ -4.0406, 40.3746 ], [ -4.0406, 40.3745 ], [ -4.0408, 40.3744 ], [ -4.0408, 40.3743 ], [ -4.0408, 40.3742 ], [ -4.0408, 40.3741 ], [ -4.0408, 40.374 ], [ -4.0408, 40.374 ], [ -4.0408, 40.3739 ], [ -4.0408, 40.3739 ], [ -4.0408, 40.3739 ], [ -4.0408, 40.3739 ], [ -4.0411, 40.3738 ], [ -4.0411, 40.3737 ], [ -4.0412, 40.3736 ], [ -4.0412, 40.3735 ], [ -4.0412, 40.3734 ], [ -4.0412, 40.3734 ], [ -4.0412, 40.3734 ], [ -4.0412, 40.3733 ], [ -4.0412, 40.3733 ], [ -4.0412, 40.3733 ], [ -4.0412, 40.3733 ], [ -4.0412, 40.3733 ], [ -4.0412, 40.3732 ], [ -4.0412, 40.3732 ], [ -4.0413, 40.3732 ], [ -4.0414, 40.3728 ], [ -4.0415, 40.3728 ], [ -4.0415, 40.3727 ], [ -4.0415, 40.3726 ], [ -4.0415, 40.3726 ], [ -4.0418, 40.3725 ], [ -4.0419, 40.3721 ], [ -4.042, 40.3721 ], [ -4.042, 40.372 ], [ -4.0422, 40.3718 ], [ -4.0422, 40.3717 ], [ -4.0422, 40.3716 ], [ -4.0422, 40.3716 ], [ -4.0421, 40.3716 ], [ -4.042, 40.3714 ], [ -4.042, 40.3713 ], [ -4.042, 40.3712 ], [ -4.042, 40.3712 ], [ -4.042, 40.3712 ], [ -4.042, 40.3711 ], [ -4.042, 40.3711 ], [ -4.042, 40.371 ], [ -4.042, 40.371 ], [ -4.042, 40.371 ], [ -4.042, 40.3709 ], [ -4.042, 40.3709 ], [ -4.042, 40.3709 ], [ -4.042, 40.3708 ], [ -4.042, 40.3708 ], [ -4.0421, 40.3708 ], [ -4.0421, 40.3707 ], [ -4.0421, 40.3706 ], [ -4.0421, 40.3706 ], [ -4.0421, 40.3705 ], [ -4.0421, 40.3704 ], [ -4.0421, 40.3704 ], [ -4.0421, 40.3704 ], [ -4.0421, 40.3703 ], [ -4.0421, 40.3703 ], [ -4.0421, 40.3703 ], [ -4.0418, 40.3699 ], [ -4.0418, 40.3698 ], [ -4.0418, 40.3697 ], [ -4.0418, 40.3697 ], [ -4.0418, 40.3696 ], [ -4.0418, 40.3695 ], [ -4.0418, 40.3695 ], [ -4.0418, 40.3695 ], [ -4.0418, 40.3694 ], [ -4.0418, 40.3694 ], [ -4.0418, 40.3693 ], [ -4.0418, 40.3692 ], [ -4.0418, 40.3691 ], [ -4.0418, 40.3691 ], [ -4.0418, 40.369 ], [ -4.0418, 40.369 ], [ -4.0418, 40.369 ], [ -4.0418, 40.369 ], [ -4.0419, 40.3689 ], [ -4.0419, 40.3688 ], [ -4.0419, 40.3687 ], [ -4.0419, 40.3686 ], [ -4.0419, 40.3686 ], [ -4.0419, 40.3686 ], [ -4.0419, 40.3685 ], [ -4.0419, 40.3685 ], [ -4.0419, 40.3685 ], [ -4.0419, 40.3684 ], [ -4.0419, 40.3684 ], [ -4.0419, 40.3684 ], [ -4.0419, 40.3683 ], [ -4.0419, 40.3683 ], [ -4.0418, 40.3683 ], [ -4.0418, 40.3678 ], [ -4.0419, 40.3678 ], [ -4.0419, 40.3677 ], [ -4.0419, 40.3676 ], [ -4.0419, 40.3676 ], [ -4.0419, 40.3676 ], [ -4.0419, 40.3676 ], [ -4.0419, 40.3675 ], [ -4.042, 40.3676 ], [ -4.0419, 40.3676 ], [ -4.0419, 40.3677 ], [ -4.0419, 40.3678 ], [ -4.0419, 40.3678 ], [ -4.0418, 40.3678 ], [ -4.0419, 40.3683 ], [ -4.0419, 40.3684 ], [ -4.0419, 40.3685 ], [ -4.0419, 40.3685 ], [ -4.0419, 40.3685 ], [ -4.0419, 40.3686 ], [ -4.0419, 40.3686 ], [ -4.0419, 40.3686 ], [ -4.0419, 40.3687 ], [ -4.0419, 40.3688 ], [ -4.0419, 40.3688 ], [ -4.0419, 40.3688 ], [ -4.0419, 40.3688 ], [ -4.0419, 40.3688 ], [ -4.0419, 40.3689 ], [ -4.0419, 40.3689 ], [ -4.0419, 40.3689 ], [ -4.0419, 40.3689 ], [ -4.0419, 40.369 ], [ -4.0419, 40.369 ], [ -4.0418, 40.369 ], [ -4.0418, 40.3691 ], [ -4.0418, 40.3692 ], [ -4.0418, 40.3693 ], [ -4.0418, 40.3694 ], [ -4.0418, 40.3694 ], [ -4.0418, 40.3695 ], [ -4.0418, 40.3695 ], [ -4.0418, 40.3695 ], [ -4.0418, 40.3696 ], [ -4.0418, 40.3697 ], [ -4.0418, 40.3697 ], [ -4.0418, 40.3698 ], [ -4.0418, 40.3698 ], [ -4.0418, 40.3698 ], [ -4.0418, 40.3699 ], [ -4.0421, 40.3703 ], [ -4.0421, 40.3704 ], [ -4.0421, 40.3705 ], [ -4.0421, 40.3706 ], [ -4.0421, 40.3706 ], [ -4.0421, 40.3707 ], [ -4.0421, 40.3707 ], [ -4.0421, 40.3707 ], [ -4.0421, 40.3708 ], [ -4.042, 40.3708 ], [ -4.042, 40.3709 ], [ -4.042, 40.371 ], [ -4.042, 40.371 ], [ -4.042, 40.371 ], [ -4.042, 40.3711 ], [ -4.042, 40.3711 ], [ -4.042, 40.3712 ], [ -4.042, 40.3712 ], [ -4.042, 40.3712 ], [ -4.042, 40.3713 ], [ -4.042, 40.3713 ], [ -4.042, 40.3714 ], [ -4.042, 40.3714 ], [ -4.0422, 40.3715 ], [ -4.0423, 40.3712 ], [ -4.0424, 40.3712 ], [ -4.0424, 40.3711 ], [ -4.0424, 40.371 ], [ -4.0424, 40.371 ], [ -4.0424, 40.371 ], [ -4.0424, 40.371 ], [ -4.0427, 40.3707 ], [ -4.0429, 40.3706 ], [ -4.043, 40.3706 ], [ -4.0431, 40.3706 ], [ -4.0431, 40.3706 ], [ -4.0431, 40.3706 ], [ -4.0432, 40.3705 ], [ -4.0434, 40.3704 ], [ -4.0435, 40.3704 ], [ -4.0436, 40.3704 ], [ -4.0436, 40.3703 ], [ -4.0437, 40.3703 ], [ -4.0437, 40.3702 ], [ -4.0438, 40.3701 ], [ -4.044, 40.3701 ], [ -4.044, 40.37 ], [ -4.0443, 40.3699 ], [ -4.0444, 40.3697 ], [ -4.0446, 40.3696 ], [ -4.0447, 40.3696 ], [ -4.0447, 40.3695 ], [ -4.0448, 40.3695 ], [ -4.0448, 40.3694 ], [ -4.045, 40.3693 ], [ -4.0451, 40.3691 ], [ -4.0452, 40.3691 ], [ -4.0452, 40.369 ], [ -4.0453, 40.3689 ], [ -4.0455, 40.3688 ], [ -4.0455, 40.3687 ], [ -4.0456, 40.3686 ], [ -4.0457, 40.3686 ], [ -4.0457, 40.3685 ], [ -4.0458, 40.3685 ], [ -4.0458, 40.3684 ], [ -4.0458, 40.3683 ], [ -4.0458, 40.3683 ], [ -4.0458, 40.3683 ], [ -4.0459, 40.3683 ], [ -4.0459, 40.3682 ], [ -4.0459, 40.3681 ], [ -4.0459, 40.3681 ], [ -4.046, 40.3681 ], [ -4.046, 40.368 ], [ -4.046, 40.3679 ], [ -4.0461, 40.3679 ], [ -4.0462, 40.3676 ], [ -4.0463, 40.3676 ], [ -4.0463, 40.3675 ], [ -4.0464, 40.3675 ], [ -4.0464, 40.3674 ], [ -4.0464, 40.3673 ], [ -4.0464, 40.3673 ], [ -4.0465, 40.3673 ], [ -4.0465, 40.3672 ], [ -4.0465, 40.3671 ], [ -4.0465, 40.3671 ], [ -4.0466, 40.3671 ], [ -4.0467, 40.3668 ], [ -4.0466, 40.3669 ], [ -4.0466, 40.367 ], [ -4.0466, 40.3671 ], [ -4.0466, 40.3671 ], [ -4.0465, 40.3671 ], [ -4.0465, 40.3672 ], [ -4.0465, 40.3673 ], [ -4.0465, 40.3673 ], [ -4.0464, 40.3673 ], [ -4.0464, 40.3674 ], [ -4.0464, 40.3675 ], [ -4.0463, 40.3675 ], [ -4.0463, 40.3676 ], [ -4.0462, 40.3676 ], [ -4.0461, 40.3678 ], [ -4.0461, 40.3679 ], [ -4.046, 40.3679 ], [ -4.046, 40.368 ], [ -4.046, 40.3681 ], [ -4.046, 40.3681 ], [ -4.0459, 40.3681 ], [ -4.0459, 40.3682 ], [ -4.0459, 40.3683 ], [ -4.0459, 40.3683 ], [ -4.0458, 40.3683 ], [ -4.0458, 40.3684 ], [ -4.0458, 40.3685 ], [ -4.0458, 40.3685 ], [ -4.0457, 40.3685 ], [ -4.0457, 40.3686 ], [ -4.0456, 40.3687 ], [ -4.0455, 40.3687 ], [ -4.0455, 40.3688 ], [ -4.0454, 40.3689 ], [ -4.0453, 40.3689 ], [ -4.0453, 40.369 ], [ -4.0452, 40.369 ], [ -4.045, 40.3692 ], [ -4.045, 40.3693 ], [ -4.0449, 40.3694 ], [ -4.0448, 40.3694 ], [ -4.0448, 40.3695 ], [ -4.0447, 40.3696 ], [ -4.0446, 40.3696 ], [ -4.0446, 40.3697 ], [ -4.0445, 40.3697 ], [ -4.0444, 40.3697 ], [ -4.0444, 40.3697 ], [ -4.0443, 40.3698 ], [ -4.0443, 40.3699 ], [ -4.0441, 40.37 ], [ -4.044, 40.37 ], [ -4.044, 40.3701 ], [ -4.0438, 40.3702 ], [ -4.0437, 40.3702 ], [ -4.0437, 40.3703 ], [ -4.0436, 40.3704 ], [ -4.0435, 40.3704 ], [ -4.0434, 40.3704 ], [ -4.0434, 40.3704 ], [ -4.0434, 40.3705 ], [ -4.0433, 40.3705 ], [ -4.0432, 40.3705 ], [ -4.0432, 40.3705 ], [ -4.0432, 40.3706 ], [ -4.0431, 40.3706 ], [ -4.043, 40.3706 ], [ -4.043, 40.3706 ], [ -4.043, 40.3706 ], [ -4.0429, 40.3706 ], [ -4.0429, 40.3706 ], [ -4.0429, 40.3706 ], [ -4.0429, 40.3707 ], [ -4.0428, 40.3707 ], [ -4.0427, 40.3707 ], [ -4.0427, 40.3708 ], [ -4.0425, 40.371 ], [ -4.0424, 40.371 ], [ -4.0424, 40.3711 ], [ -4.0424, 40.3712 ], [ -4.0423, 40.3712 ], [ -4.0423, 40.3713 ], [ -4.0423, 40.3714 ], [ -4.0421, 40.3716 ], [ -4.0422, 40.3716 ], [ -4.0422, 40.3717 ], [ -4.0422, 40.3718 ], [ -4.0422, 40.3718 ], [ -4.0422, 40.3718 ], [ -4.0422, 40.3718 ], [ -4.0422, 40.3718 ], [ -4.0421, 40.372 ], [ -4.042, 40.372 ], [ -4.042, 40.3721 ], [ -4.0419, 40.3721 ], [ -4.0419, 40.3722 ], [ -4.0419, 40.3723 ], [ -4.0419, 40.3723 ], [ -4.0419, 40.3723 ], [ -4.0419, 40.3723 ], [ -4.0418, 40.3725 ], [ -4.0417, 40.3725 ], [ -4.0415, 40.3726 ], [ -4.0415, 40.3727 ], [ -4.0415, 40.3728 ], [ -4.0415, 40.3728 ], [ -4.0414, 40.3728 ], [ -4.0414, 40.3729 ], [ -4.0413, 40.3732 ], [ -4.0412, 40.3732 ], [ -4.0412, 40.3733 ], [ -4.0412, 40.3734 ], [ -4.0412, 40.3734 ], [ -4.0412, 40.3734 ], [ -4.0412, 40.3735 ], [ -4.0412, 40.3735 ], [ -4.0412, 40.3736 ], [ -4.0412, 40.3736 ], [ -4.0412, 40.3737 ], [ -4.0411, 40.3737 ], [ -4.0411, 40.3738 ], [ -4.041, 40.3739 ], [ -4.0409, 40.3739 ], [ -4.0408, 40.3739 ], [ -4.0408, 40.3739 ], [ -4.0408, 40.3739 ], [ -4.0408, 40.3739 ], [ -4.0408, 40.374 ], [ -4.0408, 40.3741 ], [ -4.0408, 40.3742 ], [ -4.0408, 40.3743 ], [ -4.0408, 40.3743 ], [ -4.0408, 40.3743 ], [ -4.0408, 40.3743 ], [ -4.0408, 40.3744 ], [ -4.0408, 40.3744 ], [ -4.0408, 40.3744 ], [ -4.0407, 40.3745 ], [ -4.0406, 40.3745 ], [ -4.0406, 40.3746 ], [ -4.0405, 40.3747 ], [ -4.0404, 40.3749 ], [ -4.0404, 40.375 ], [ -4.0403, 40.375 ], [ -4.0403, 40.3751 ], [ -4.0403, 40.3752 ], [ -4.0403, 40.3752 ], [ -4.0403, 40.3753 ], [ -4.0403, 40.3753 ], [ -4.0401, 40.3755 ], [ -4.04, 40.3755 ], [ -4.0399, 40.3755 ], [ -4.0399, 40.3756 ], [ -4.0398, 40.3756 ], [ -4.0397, 40.3757 ], [ -4.0396, 40.3758 ], [ -4.0396, 40.3758 ], [ -4.0396, 40.3758 ], [ -4.0396, 40.3758 ], [ -4.0395, 40.3758 ], [ -4.0395, 40.3758 ], [ -4.0398, 40.3758 ], [ -4.0398, 40.3758 ], [ -4.0398, 40.3758 ], [ -4.04, 40.3757 ], [ -4.0401, 40.3757 ], [ -4.0402, 40.3757 ], [ -4.0403, 40.3757 ], [ -4.0403, 40.3757 ], [ -4.0404, 40.3757 ], [ -4.0405, 40.3757 ], [ -4.0405, 40.3757 ], [ -4.0405, 40.3757 ], [ -4.0406, 40.3757 ], [ -4.0406, 40.3757 ], [ -4.0407, 40.3757 ], [ -4.0407, 40.3757 ], [ -4.0407, 40.3757 ], [ -4.0407, 40.3757 ], [ -4.0407, 40.3757 ], [ -4.0408, 40.3757 ], [ -4.0408, 40.3757 ], [ -4.0408, 40.3756 ], [ -4.0411, 40.3755 ], [ -4.0411, 40.3754 ], [ -4.0414, 40.3751 ], [ -4.0415, 40.3751 ], [ -4.0416, 40.3751 ], [ -4.0416, 40.3751 ], [ -4.0417, 40.3751 ], [ -4.0417, 40.375 ], [ -4.0417, 40.3749 ], [ -4.0417, 40.3749 ], [ -4.042, 40.3746 ], [ -4.0423, 40.3745 ], [ -4.042, 40.3746 ], [ -4.0417, 40.3749 ], [ -4.0417, 40.375 ], [ -4.0417, 40.3751 ], [ -4.0417, 40.3751 ], [ -4.0416, 40.3751 ], [ -4.0415, 40.3751 ], [ -4.0415, 40.3751 ], [ -4.0415, 40.3751 ], [ -4.0414, 40.3751 ], [ -4.0414, 40.3752 ], [ -4.0413, 40.3753 ], [ -4.0411, 40.3754 ], [ -4.0411, 40.3755 ], [ -4.0408, 40.3757 ], [ -4.0407, 40.3757 ], [ -4.0406, 40.3757 ], [ -4.0406, 40.3757 ], [ -4.0405, 40.3757 ], [ -4.0405, 40.3757 ], [ -4.0405, 40.3757 ], [ -4.0404, 40.3757 ], [ -4.0403, 40.3757 ], [ -4.0403, 40.3757 ], [ -4.0402, 40.3757 ], [ -4.0401, 40.3757 ], [ -4.04, 40.3758 ], [ -4.0398, 40.3758 ], [ -4.0395, 40.3759 ], [ -4.0394, 40.3759 ], [ -4.0394, 40.376 ], [ -4.0394, 40.3761 ], [ -4.0394, 40.3762 ], [ -4.0394, 40.3762 ], [ -4.0394, 40.3762 ], [ -4.0394, 40.3762 ], [ -4.0394, 40.3763 ], [ -4.0394, 40.3763 ], [ -4.0393, 40.3763 ], [ -4.0394, 40.3771 ], [ -4.0394, 40.3772 ], [ -4.0394, 40.3774 ], [ -4.0394, 40.3774 ], [ -4.0394, 40.3775 ], [ -4.0393, 40.3775 ], [ -4.0393, 40.3776 ], [ -4.0393, 40.3777 ], [ -4.0393, 40.3777 ], [ -4.0393, 40.3777 ], [ -4.0393, 40.3778 ], [ -4.0393, 40.3779 ], [ -4.0393, 40.378 ], [ -4.0393, 40.3781 ], [ -4.0393, 40.3781 ], [ -4.0393, 40.3782 ], [ -4.0393, 40.3782 ], [ -4.0393, 40.3782 ], [ -4.0393, 40.3783 ], [ -4.0393, 40.3783 ], [ -4.0393, 40.3783 ], [ -4.0393, 40.3783 ], [ -4.0398, 40.3787 ], [ -4.0398, 40.3794 ], [ -4.0399, 40.3796 ], [ -4.0399, 40.3797 ], [ -4.0399, 40.38 ], [ -4.0399, 40.38 ], [ -4.0399, 40.38 ], [ -4.0401, 40.3806 ], [ -4.0404, 40.3808 ], [ -4.0401, 40.3806 ], [ -4.0399, 40.3801 ], [ -4.0399, 40.38 ], [ -4.0399, 40.3797 ], [ -4.0399, 40.3796 ], [ -4.0397, 40.3794 ], [ -4.0398, 40.3787 ], [ -4.0397, 40.3787 ], [ -4.0393, 40.3783 ], [ -4.0392, 40.378 ], [ -4.0392, 40.3777 ], [ -4.0393, 40.3777 ], [ -4.0393, 40.3776 ], [ -4.0393, 40.3775 ], [ -4.0393, 40.3775 ], [ -4.0393, 40.3775 ], [ -4.0393, 40.3775 ], [ -4.0393, 40.3775 ], [ -4.0394, 40.3774 ], [ -4.0394, 40.3772 ], [ -4.0393, 40.3763 ] ] ] } },
{ "type": "Feature", "properties": { "municipio": "Sevilla la Nueva", "clasificacion": "no-urbanizable-protegido", "calificacion": "sin-asignar", "version": "vigente", "fuente": "SIT-CAM WFS — UsoDelSuelo:VPLA_V_CLASIFICACION (https://idem.comunidad.madrid/geosrvg/ows)", "fecha_dato": "2026-05-12", "ambito": "44768", "_raw_CD_SIGLAS": "SNUP", "_raw_DS_CLASIF_GEN": "Suelo No Urbanizable Protegido", "_raw_DS_CLASIF_DET": "Suelo No Urbanizable. Clase I. Cauces, Riberas y Zonas Húmedas - Suelo No Urbanizable. Clase I. ZEPA", "_raw_DS_DOCU": "NORMAS SUBSIDIARIAS", "_raw_DS_LEY": "CM Ley 9/1995, E Ley 6/1998, E RDL 1/1992, E RD 1346/1976", "_raw_FC_AC": "2001-01-11", "_raw_NM_AREA_M2": 7950.87360171826, "_cam_code": "141" }, "geometry": { "type": "Polygon", "coordinates": [ [ [ -4.0379, 40.3783 ], [ -4.038, 40.3787 ], [ -4.038, 40.3787 ], [ -4.038, 40.3786 ], [ -4.038, 40.3786 ], [ -4.038, 40.3785 ], [ -4.038, 40.3784 ], [ -4.038, 40.3784 ], [ -4.038, 40.3783 ], [ -4.038, 40.3783 ], [ -4.038, 40.3783 ], [ -4.038, 40.3782 ], [ -4.038, 40.3782 ], [ -4.038, 40.3782 ], [ -4.038, 40.3781 ], [ -4.038, 40.378 ], [ -4.0381, 40.378 ], [ -4.0381, 40.378 ], [ -4.0381, 40.3779 ], [ -4.0381, 40.3779 ], [ -4.0381, 40.3778 ], [ -4.0381, 40.3777 ], [ -4.038, 40.3777 ], [ -4.038, 40.3777 ], [ -4.038, 40.3776 ], [ -4.038, 40.3775 ], [ -4.0378, 40.3772 ], [ -4.0377, 40.3772 ], [ -4.0377, 40.3771 ], [ -4.0376, 40.377 ], [ -4.0375, 40.377 ], [ -4.0373, 40.3769 ], [ -4.0372, 40.3768 ], [ -4.0372, 40.3767 ], [ -4.0371, 40.3767 ], [ -4.037, 40.3767 ], [ -4.0368, 40.3766 ], [ -4.0368, 40.3765 ], [ -4.0367, 40.3764 ], [ -4.0366, 40.3764 ], [ -4.0366, 40.3764 ], [ -4.0366, 40.3764 ], [ -4.0365, 40.3764 ], [ -4.0365, 40.3764 ], [ -4.0364, 40.3764 ], [ -4.0363, 40.3764 ], [ -4.0363, 40.3765 ], [ -4.0362, 40.3765 ], [ -4.0362, 40.3765 ], [ -4.0362, 40.3765 ], [ -4.0361, 40.3765 ], [ -4.0361, 40.3765 ], [ -4.0361, 40.3765 ], [ -4.0361, 40.3765 ], [ -4.0361, 40.3765 ], [ -4.0359, 40.3765 ], [ -4.0358, 40.3765 ], [ -4.0357, 40.3764 ], [ -4.0356, 40.3764 ], [ -4.0356, 40.3763 ], [ -4.0355, 40.3763 ], [ -4.0355, 40.3762 ], [ -4.0353, 40.376 ], [ -4.0352, 40.3759 ], [ -4.0351, 40.3758 ], [ -4.035, 40.3758 ], [ -4.0349, 40.3757 ], [ -4.0349, 40.3756 ], [ -4.0348, 40.3755 ], [ -4.0348, 40.3755 ], [ -4.0348, 40.3755 ], [ -4.0348, 40.3754 ], [ -4.0348, 40.3753 ], [ -4.0348, 40.3753 ], [ -4.0348, 40.3752 ], [ -4.0348, 40.3751 ], [ -4.0348, 40.375 ], [ -4.0347, 40.3749 ], [ -4.0346, 40.3748 ], [ -4.0343, 40.3745 ], [ -4.0343, 40.3744 ], [ -4.0343, 40.3743 ], [ -4.0343, 40.3743 ], [ -4.0343, 40.3743 ], [ -4.0343, 40.3743 ], [ -4.0343, 40.3742 ], [ -4.0343, 40.3741 ], [ -4.0342, 40.3741 ], [ -4.0342, 40.374 ], [ -4.0341, 40.3739 ], [ -4.0341, 40.3738 ], [ -4.034, 40.3737 ], [ -4.034, 40.3737 ], [ -4.034, 40.3737 ], [ -4.034, 40.3737 ], [ -4.034, 40.3737 ], [ -4.034, 40.3736 ], [ -4.034, 40.3736 ], [ -4.034, 40.3736 ], [ -4.034, 40.3736 ], [ -4.034, 40.3735 ], [ -4.034, 40.3735 ], [ -4.034, 40.3735 ], [ -4.034, 40.3734 ], [ -4.034, 40.3734 ], [ -4.034, 40.3734 ], [ -4.034, 40.3733 ], [ -4.034, 40.3732 ], [ -4.0341, 40.3732 ], [ -4.034, 40.3729 ], [ -4.0344, 40.3724 ], [ -4.0345, 40.3724 ], [ -4.0346, 40.3722 ], [ -4.0346, 40.3722 ], [ -4.0346, 40.3721 ], [ -4.0346, 40.372 ], [ -4.0346, 40.372 ], [ -4.0346, 40.3719 ], [ -4.0346, 40.3718 ], [ -4.0347, 40.3718 ], [ -4.035, 40.3714 ], [ -4.035, 40.3714 ], [ -4.035, 40.3714 ], [ -4.035, 40.3714 ], [ -4.0351, 40.3714 ], [ -4.0351, 40.3714 ], [ -4.0351, 40.3714 ], [ -4.0352, 40.3714 ], [ -4.0353, 40.3714 ], [ -4.0353, 40.3713 ], [ -4.0353, 40.3713 ], [ -4.0353, 40.3713 ], [ -4.0354, 40.3713 ], [ -4.0355, 40.3713 ], [ -4.0357, 40.3712 ], [ -4.0357, 40.3711 ], [ -4.0358, 40.3711 ], [ -4.0359, 40.3711 ], [ -4.0359, 40.371 ], [ -4.0359, 40.371 ], [ -4.036, 40.371 ], [ -4.0361, 40.371 ], [ -4.0365, 40.3706 ], [ -4.0361, 40.371 ], [ -4.036, 40.371 ], [ -4.0359, 40.371 ], [ -4.0357, 40.3711 ], [ -4.0355, 40.3713 ], [ -4.0355, 40.3713 ], [ -4.0354, 40.3713 ], [ -4.0353, 40.3713 ], [ -4.035, 40.3714 ], [ -4.0346, 40.3718 ], [ -4.0345, 40.3724 ], [ -4.034, 40.3729 ], [ -4.034, 40.3728 ], [ -4.0338, 40.3727 ], [ -4.0337, 40.3727 ], [ -4.0337, 40.3726 ], [ -4.0336, 40.3726 ], [ -4.0335, 40.3725 ], [ -4.0335, 40.3724 ], [ -4.0333, 40.3722 ], [ -4.0332, 40.3722 ], [ -4.0332, 40.3722 ], [ -4.0332, 40.3721 ], [ -4.0332, 40.372 ], [ -4.0331, 40.372 ], [ -4.0331, 40.372 ], [ -4.0331, 40.372 ], [ -4.0331, 40.372 ], [ -4.0331, 40.372 ], [ -4.0331, 40.372 ], [ -4.0331, 40.372 ], [ -4.0331, 40.372 ], [ -4.0331, 40.3719 ], [ -4.0331, 40.3719 ], [ -4.0331, 40.3718 ], [ -4.0331, 40.3717 ], [ -4.033, 40.3716 ], [ -4.033, 40.3715 ], [ -4.033, 40.3715 ], [ -4.033, 40.3715 ], [ -4.033, 40.3714 ], [ -4.033, 40.3713 ], [ -4.033, 40.3713 ], [ -4.033, 40.3712 ], [ -4.033, 40.3712 ], [ -4.033, 40.3711 ], [ -4.033, 40.3711 ], [ -4.033, 40.3711 ], [ -4.033, 40.371 ], [ -4.033, 40.371 ], [ -4.033, 40.371 ], [ -4.033, 40.371 ], [ -4.033, 40.371 ], [ -4.033, 40.3709 ], [ -4.033, 40.3708 ], [ -4.0331, 40.3708 ], [ -4.0331, 40.3708 ], [ -4.0331, 40.3708 ], [ -4.0331, 40.3707 ], [ -4.0331, 40.3707 ], [ -4.0331, 40.3707 ], [ -4.0331, 40.3707 ], [ -4.0331, 40.3706 ], [ -4.0331, 40.3705 ], [ -4.033, 40.3705 ], [ -4.033, 40.3704 ], [ -4.0329, 40.3703 ], [ -4.0328, 40.3703 ], [ -4.0326, 40.3702 ], [ -4.0325, 40.3701 ], [ -4.0324, 40.37 ], [ -4.0323, 40.3699 ], [ -4.0322, 40.3699 ], [ -4.0322, 40.3698 ], [ -4.0321, 40.3698 ], [ -4.0321, 40.3697 ], [ -4.032, 40.3695 ], [ -4.0319, 40.3695 ], [ -4.0319, 40.3694 ], [ -4.0318, 40.3694 ], [ -4.0317, 40.3693 ], [ -4.0317, 40.3692 ], [ -4.0316, 40.3692 ], [ -4.0315, 40.3691 ], [ -4.0314, 40.3689 ], [ -4.0311, 40.3687 ], [ -4.031, 40.3687 ], [ -4.0309, 40.3685 ], [ -4.0308, 40.3685 ], [ -4.0307, 40.3684 ], [ -4.0307, 40.3683 ], [ -4.0306, 40.3682 ], [ -4.0305, 40.3682 ], [ -4.0305, 40.3681 ], [ -4.0303, 40.368 ], [ -4.0302, 40.368 ], [ -4.0302, 40.3679 ], [ -4.0301, 40.3679 ], [ -4.0301, 40.3678 ], [ -4.03, 40.3676 ], [ -4.0299, 40.3675 ], [ -4.0298, 40.3674 ], [ -4.0298, 40.3673 ], [ -4.0297, 40.3671 ], [ -4.0296, 40.367 ], [ -4.0296, 40.3669 ], [ -4.0295, 40.3669 ], [ -4.0294, 40.3668 ], [ -4.0294, 40.3668 ], [ -4.0294, 40.3668 ], [ -4.0294, 40.3668 ], [ -4.0294, 40.3668 ], [ -4.0294, 40.3667 ], [ -4.0294, 40.3666 ], [ -4.0295, 40.3665 ], [ -4.0295, 40.3664 ], [ -4.0296, 40.3663 ], [ -4.0296, 40.3663 ], [ -4.0296, 40.3662 ], [ -4.0296, 40.3661 ], [ -4.0297, 40.3661 ], [ -4.0297, 40.3661 ], [ -4.0297, 40.366 ], [ -4.0297, 40.366 ], [ -4.0297, 40.366 ], [ -4.0297, 40.3659 ], [ -4.0297, 40.3658 ], [ -4.0297, 40.3657 ], [ -4.0298, 40.3656 ], [ -4.0297, 40.3657 ], [ -4.0297, 40.3657 ], [ -4.0297, 40.3658 ], [ -4.0297, 40.3658 ], [ -4.0297, 40.3659 ], [ -4.0297, 40.366 ], [ -4.0296, 40.3661 ], [ -4.0296, 40.3661 ], [ -4.0296, 40.3661 ], [ -4.0296, 40.3661 ], [ -4.0296, 40.3661 ], [ -4.0296, 40.3662 ], [ -4.0296, 40.3663 ], [ -4.0295, 40.3665 ], [ -4.0294, 40.3665 ], [ -4.0294, 40.3666 ], [ -4.0294, 40.3666 ], [ -4.0294, 40.3666 ], [ -4.0294, 40.3666 ], [ -4.0294, 40.3667 ], [ -4.0294, 40.3668 ], [ -4.0296, 40.3669 ], [ -4.0296, 40.3669 ], [ -4.0296, 40.3669 ], [ -4.0296, 40.367 ], [ -4.0296, 40.3671 ], [ -4.0297, 40.3671 ], [ -4.0297, 40.3673 ], [ -4.0298, 40.3673 ], [ -4.0298, 40.3674 ], [ -4.0299, 40.3676 ], [ -4.03, 40.3676 ], [ -4.0301, 40.3679 ], [ -4.0302, 40.368 ], [ -4.0305, 40.3681 ], [ -4.0305, 40.3682 ], [ -4.0307, 40.3683 ], [ -4.0307, 40.3684 ], [ -4.0312, 40.3689 ], [ -4.0315, 40.3691 ], [ -4.0316, 40.3691 ], [ -4.0317, 40.3692 ], [ -4.0317, 40.3693 ], [ -4.0319, 40.3695 ], [ -4.032, 40.3695 ], [ -4.032, 40.3697 ], [ -4.0321, 40.3697 ], [ -4.0322, 40.3698 ], [ -4.0322, 40.3699 ], [ -4.0323, 40.37 ], [ -4.0324, 40.37 ], [ -4.0328, 40.3703 ], [ -4.0329, 40.3703 ], [ -4.033, 40.3705 ], [ -4.0331, 40.3705 ], [ -4.0331, 40.3705 ], [ -4.0331, 40.3705 ], [ -4.0331, 40.3706 ], [ -4.0331, 40.3706 ], [ -4.0331, 40.3706 ], [ -4.0331, 40.3706 ], [ -4.0331, 40.3707 ], [ -4.0331, 40.3708 ], [ -4.033, 40.3708 ], [ -4.033, 40.3709 ], [ -4.033, 40.3709 ], [ -4.033, 40.371 ], [ -4.033, 40.371 ], [ -4.033, 40.371 ], [ -4.033, 40.371 ], [ -4.033, 40.371 ], [ -4.033, 40.3711 ], [ -4.033, 40.3711 ], [ -4.033, 40.3711 ], [ -4.033, 40.3712 ], [ -4.033, 40.3712 ], [ -4.033, 40.3713 ], [ -4.033, 40.3713 ], [ -4.033, 40.3714 ], [ -4.033, 40.3715 ], [ -4.033, 40.3715 ], [ -4.033, 40.3715 ], [ -4.033, 40.3716 ], [ -4.033, 40.3717 ], [ -4.0331, 40.3717 ], [ -4.0331, 40.3718 ], [ -4.0331, 40.3718 ], [ -4.0331, 40.3719 ], [ -4.0331, 40.372 ], [ -4.0332, 40.3722 ], [ -4.0333, 40.3722 ], [ -4.0333, 40.3723 ], [ -4.0334, 40.3723 ], [ -4.0335, 40.3725 ], [ -4.0337, 40.3726 ], [ -4.0337, 40.3727 ], [ -4.034, 40.3728 ], [ -4.034, 40.3729 ], [ -4.034, 40.3729 ], [ -4.034, 40.3729 ], [ -4.034, 40.3729 ], [ -4.034, 40.3729 ], [ -4.034, 40.3729 ], [ -4.034, 40.3729 ], [ -4.034, 40.3729 ], [ -4.034, 40.3729 ], [ -4.034, 40.373 ], [ -4.034, 40.373 ], [ -4.034, 40.3731 ], [ -4.034, 40.3731 ], [ -4.034, 40.3732 ], [ -4.034, 40.3732 ], [ -4.034, 40.3732 ], [ -4.034, 40.3733 ], [ -4.034, 40.3733 ], [ -4.034, 40.3733 ], [ -4.034, 40.3734 ], [ -4.034, 40.3734 ], [ -4.034, 40.3734 ], [ -4.034, 40.3735 ], [ -4.034, 40.3735 ], [ -4.034, 40.3735 ], [ -4.034, 40.3736 ], [ -4.034, 40.3736 ], [ -4.034, 40.3736 ], [ -4.034, 40.3736 ], [ -4.034, 40.3737 ], [ -4.034, 40.3738 ], [ -4.0341, 40.3738 ], [ -4.0341, 40.3738 ], [ -4.0341, 40.3739 ], [ -4.0341, 40.374 ], [ -4.0342, 40.374 ], [ -4.0343, 40.3741 ], [ -4.0343, 40.3741 ], [ -4.0343, 40.3741 ], [ -4.0343, 40.3742 ], [ -4.0343, 40.3742 ], [ -4.0343, 40.3742 ], [ -4.0343, 40.3742 ], [ -4.0343, 40.3743 ], [ -4.0343, 40.3743 ], [ -4.0343, 40.3743 ], [ -4.0343, 40.3743 ], [ -4.0343, 40.3744 ], [ -4.0343, 40.3745 ], [ -4.0347, 40.375 ], [ -4.0348, 40.375 ], [ -4.0348, 40.375 ], [ -4.0348, 40.3751 ], [ -4.0348, 40.3751 ], [ -4.0348, 40.3751 ], [ -4.0348, 40.3751 ], [ -4.0348, 40.3752 ], [ -4.0348, 40.3753 ], [ -4.0348, 40.3753 ], [ -4.0348, 40.3754 ], [ -4.0348, 40.3755 ], [ -4.0349, 40.3756 ], [ -4.0349, 40.3757 ], [ -4.0347, 40.3755 ], [ -4.0347, 40.3755 ], [ -4.0347, 40.3754 ], [ -4.0347, 40.3753 ], [ -4.0346, 40.3751 ], [ -4.0345, 40.375 ], [ -4.0344, 40.3749 ], [ -4.0343, 40.3749 ], [ -4.0343, 40.3748 ], [ -4.0342, 40.3748 ], [ -4.0342, 40.3747 ], [ -4.0342, 40.3747 ], [ -4.0341, 40.3747 ], [ -4.0341, 40.3747 ], [ -4.0341, 40.3747 ], [ -4.034, 40.3747 ], [ -4.0339, 40.3747 ], [ -4.0339, 40.3746 ], [ -4.0338, 40.3746 ], [ -4.0337, 40.3746 ], [ -4.0336, 40.3746 ], [ -4.0336, 40.3746 ], [ -4.0334, 40.3746 ], [ -4.0334, 40.3746 ], [ -4.0334, 40.3746 ], [ -4.0332, 40.3746 ], [ -4.0332, 40.3746 ], [ -4.0332, 40.3746 ], [ -4.0332, 40.3746 ], [ -4.0331, 40.3746 ], [ -4.033, 40.3746 ], [ -4.033, 40.3745 ], [ -4.0328, 40.3744 ], [ -4.0328, 40.3744 ], [ -4.0327, 40.3744 ], [ -4.0326, 40.3744 ], [ -4.0326, 40.3743 ], [ -4.0324, 40.3742 ], [ -4.0324, 40.3742 ], [ -4.0323, 40.3742 ], [ -4.0323, 40.3742 ], [ -4.0323, 40.3742 ], [ -4.0322, 40.3742 ], [ -4.0321, 40.3742 ], [ -4.032, 40.3741 ], [ -4.032, 40.3741 ], [ -4.032, 40.3741 ], [ -4.0319, 40.3741 ], [ -4.0318, 40.3741 ], [ -4.0317, 40.374 ], [ -4.0316, 40.374 ], [ -4.0316, 40.3739 ], [ -4.0316, 40.3738 ], [ -4.0315, 40.3738 ], [ -4.0315, 40.3738 ], [ -4.0315, 40.3738 ], [ -4.0315, 40.3738 ], [ -4.0315, 40.3737 ], [ -4.0315, 40.3736 ], [ -4.0314, 40.3736 ], [ -4.0312, 40.3735 ], [ -4.0312, 40.3734 ], [ -4.0312, 40.3734 ], [ -4.0311, 40.3734 ], [ -4.0311, 40.3734 ], [ -4.0311, 40.3734 ], [ -4.031, 40.3734 ], [ -4.0309, 40.3734 ], [ -4.0308, 40.3733 ], [ -4.0308, 40.3733 ], [ -4.0307, 40.3733 ], [ -4.0307, 40.3733 ], [ -4.0307, 40.3733 ], [ -4.0306, 40.3733 ], [ -4.0305, 40.3733 ], [ -4.0305, 40.3732 ], [ -4.0305, 40.3732 ], [ -4.0304, 40.3732 ], [ -4.0303, 40.3732 ], [ -4.0303, 40.3731 ], [ -4.0302, 40.3731 ], [ -4.0302, 40.373 ], [ -4.03, 40.3729 ], [ -4.0299, 40.3727 ], [ -4.0296, 40.3724 ], [ -4.0295, 40.3724 ], [ -4.0295, 40.3723 ], [ -4.0294, 40.3723 ], [ -4.0294, 40.3723 ], [ -4.0294, 40.3723 ], [ -4.0293, 40.3723 ], [ -4.0292, 40.3723 ], [ -4.0291, 40.3722 ], [ -4.029, 40.372 ], [ -4.0289, 40.372 ], [ -4.0289, 40.3719 ], [ -4.0288, 40.3719 ], [ -4.0288, 40.3718 ], [ -4.0288, 40.3718 ], [ -4.0288, 40.3718 ], [ -4.0288, 40.3718 ], [ -4.0288, 40.3718 ], [ -4.0288, 40.3718 ], [ -4.0288, 40.3718 ], [ -4.0288, 40.3718 ], [ -4.0288, 40.3718 ], [ -4.0287, 40.3718 ], [ -4.0287, 40.3718 ], [ -4.0287, 40.3718 ], [ -4.0287, 40.3718 ], [ -4.0286, 40.3718 ], [ -4.0285, 40.3718 ], [ -4.0285, 40.3717 ], [ -4.0284, 40.3716 ], [ -4.0283, 40.3716 ], [ -4.0283, 40.3715 ], [ -4.0282, 40.3714 ], [ -4.0278, 40.3712 ], [ -4.0278, 40.3711 ], [ -4.0277, 40.3711 ], [ -4.0276, 40.371 ], [ -4.0275, 40.371 ], [ -4.0273, 40.3708 ], [ -4.0273, 40.3707 ], [ -4.0272, 40.3705 ], [ -4.0271, 40.3704 ], [ -4.0271, 40.3704 ], [ -4.0271, 40.3704 ], [ -4.0271, 40.3703 ], [ -4.0271, 40.3702 ], [ -4.0267, 40.3699 ], [ -4.0266, 40.3699 ], [ -4.0266, 40.3699 ], [ -4.0266, 40.3699 ], [ -4.0266, 40.3698 ], [ -4.0266, 40.3698 ], [ -4.0266, 40.3698 ], [ -4.0266, 40.3698 ], [ -4.0266, 40.3698 ], [ -4.0266, 40.3697 ], [ -4.0266, 40.3696 ], [ -4.0257, 40.3685 ], [ -4.0257, 40.3685 ], [ -4.0257, 40.3683 ], [ -4.0257, 40.3681 ], [ -4.0256, 40.368 ], [ -4.0255, 40.3674 ], [ -4.0254, 40.3671 ], [ -4.0253, 40.3671 ], [ -4.0253, 40.367 ], [ -4.0253, 40.3669 ], [ -4.0252, 40.3667 ], [ -4.025, 40.3666 ], [ -4.025, 40.3665 ], [ -4.0249, 40.3664 ], [ -4.0248, 40.3664 ], [ -4.0248, 40.3664 ], [ -4.0248, 40.3664 ], [ -4.0248, 40.3663 ], [ -4.0248, 40.3662 ], [ -4.0247, 40.3662 ], [ -4.0237, 40.3658 ], [ -4.0234, 40.3656 ], [ -4.0232, 40.3654 ], [ -4.0232, 40.3654 ], [ -4.0232, 40.3654 ], [ -4.0232, 40.3654 ], [ -4.0232, 40.3654 ], [ -4.0232, 40.3653 ], [ -4.0232, 40.3652 ], [ -4.0233, 40.3652 ], [ -4.0237, 40.3647 ], [ -4.0238, 40.3644 ], [ -4.0238, 40.3644 ], [ -4.0238, 40.3644 ], [ -4.0238, 40.3643 ], [ -4.0238, 40.3643 ], [ -4.0238, 40.3643 ], [ -4.0238, 40.3642 ], [ -4.0238, 40.3641 ], [ -4.0237, 40.3641 ], [ -4.0237, 40.3639 ], [ -4.0237, 40.3638 ], [ -4.0236, 40.3637 ], [ -4.0238, 40.3635 ], [ -4.0239, 40.3633 ], [ -4.0239, 40.3632 ], [ -4.024, 40.3632 ], [ -4.0241, 40.3631 ], [ -4.0241, 40.3631 ], [ -4.0241, 40.3631 ], [ -4.0241, 40.3631 ], [ -4.0241, 40.3631 ], [ -4.0241, 40.3631 ], [ -4.0241, 40.363 ], [ -4.0241, 40.3629 ], [ -4.0241, 40.3628 ], [ -4.0243, 40.3628 ], [ -4.0245, 40.3625 ], [ -4.0245, 40.3625 ], [ -4.0246, 40.3625 ], [ -4.0246, 40.3625 ], [ -4.0246, 40.3625 ], [ -4.0246, 40.3625 ], [ -4.0246, 40.3625 ], [ -4.0246, 40.3625 ], [ -4.0246, 40.3625 ], [ -4.0246, 40.3625 ], [ -4.0247, 40.3625 ], [ -4.0248, 40.3625 ], [ -4.0248, 40.3624 ], [ -4.0248, 40.3624 ], [ -4.0249, 40.3624 ], [ -4.025, 40.3624 ], [ -4.025, 40.3623 ], [ -4.0256, 40.3617 ], [ -4.0259, 40.3616 ], [ -4.0261, 40.3614 ], [ -4.0261, 40.3613 ], [ -4.0263, 40.3612 ], [ -4.0263, 40.3612 ], [ -4.0263, 40.3612 ], [ -4.0263, 40.3612 ], [ -4.0263, 40.3612 ], [ -4.0263, 40.3611 ], [ -4.0263, 40.361 ], [ -4.0264, 40.361 ], [ -4.0264, 40.3609 ], [ -4.0267, 40.3606 ], [ -4.0273, 40.3597 ], [ -4.0279, 40.3594 ], [ -4.0285, 40.3584 ], [ -4.0306, 40.3572 ], [ -4.0284, 40.3584 ], [ -4.0279, 40.3594 ], [ -4.0272, 40.3597 ], [ -4.0267, 40.3606 ], [ -4.0263, 40.361 ], [ -4.0263, 40.361 ], [ -4.0263, 40.361 ], [ -4.0263, 40.3611 ], [ -4.0263, 40.3612 ], [ -4.0261, 40.3613 ], [ -4.0259, 40.3616 ], [ -4.0256, 40.3617 ], [ -4.025, 40.3624 ], [ -4.025, 40.3624 ], [ -4.0249, 40.3624 ], [ -4.0249, 40.3624 ], [ -4.0248, 40.3624 ], [ -4.0247, 40.3624 ], [ -4.0247, 40.3625 ], [ -4.0247, 40.3625 ], [ -4.0246, 40.3625 ], [ -4.0245, 40.3625 ], [ -4.0243, 40.3628 ], [ -4.0241, 40.3628 ], [ -4.0241, 40.3628 ], [ -4.0241, 40.3628 ], [ -4.0241, 40.3628 ], [ -4.0241, 40.3628 ], [ -4.0241, 40.3628 ], [ -4.0241, 40.3628 ], [ -4.0241, 40.3628 ], [ -4.0241, 40.3627 ], [ -4.0241, 40.3626 ], [ -4.0238, 40.3623 ], [ -4.0236, 40.3618 ], [ -4.0228, 40.3611 ], [ -4.0227, 40.3611 ], [ -4.0227, 40.361 ], [ -4.0227, 40.3609 ], [ -4.0227, 40.3608 ], [ -4.0227, 40.3606 ], [ -4.0231, 40.3599 ], [ -4.0232, 40.3596 ], [ -4.0232, 40.3595 ], [ -4.0232, 40.3594 ], [ -4.0233, 40.3593 ], [ -4.023, 40.3589 ], [ -4.0228, 40.3579 ], [ -4.0227, 40.3577 ], [ -4.0227, 40.3576 ], [ -4.0227, 40.3575 ], [ -4.0227, 40.3572 ], [ -4.0224, 40.3568 ], [ -4.0222, 40.3564 ], [ -4.0219, 40.3561 ], [ -4.0218, 40.3558 ], [ -4.0218, 40.3554 ], [ -4.0217, 40.3552 ], [ -4.0218, 40.3548 ], [ -4.0216, 40.354 ], [ -4.0215, 40.3537 ], [ -4.0218, 40.3548 ], [ -4.0217, 40.3552 ], [ -4.0218, 40.3561 ], [ -4.0222, 40.3564 ], [ -4.0227, 40.3572 ], [ -4.0227, 40.3575 ], [ -4.0227, 40.3576 ], [ -4.0227, 40.3577 ], [ -4.0227, 40.3579 ], [ -4.0228, 40.358 ], [ -4.0228, 40.3585 ], [ -4.0229, 40.3588 ], [ -4.0233, 40.3593 ], [ -4.0232, 40.3596 ], [ -4.0228, 40.3603 ], [ -4.0227, 40.3606 ], [ -4.0227, 40.3608 ], [ -4.0227, 40.3609 ], [ -4.0224, 40.3608 ], [ -4.0222, 40.3608 ], [ -4.0213, 40.3606 ], [ -4.0209, 40.3603 ], [ -4.0208, 40.3603 ], [ -4.0204, 40.3604 ], [ -4.0202, 40.3604 ], [ -4.02, 40.3604 ], [ -4.0199, 40.3604 ], [ -4.0198, 40.3603 ], [ -4.0191, 40.3599 ], [ -4.0183, 40.3597 ], [ -4.0166, 40.3589 ], [ -4.0166, 40.3588 ], [ -4.0164, 40.3588 ], [ -4.0153, 40.3586 ], [ -4.0146, 40.3582 ], [ -4.0145, 40.3582 ], [ -4.0143, 40.3581 ], [ -4.0153, 40.3586 ], [ -4.0164, 40.3588 ], [ -4.0166, 40.3589 ], [ -4.017, 40.359 ], [ -4.0183, 40.3597 ], [ -4.0191, 40.3599 ], [ -4.0199, 40.3604 ], [ -4.0208, 40.3603 ], [ -4.0213, 40.3606 ], [ -4.0224, 40.3608 ], [ -4.0227, 40.3609 ], [ -4.0227, 40.361 ], [ -4.0227, 40.3611 ], [ -4.0236, 40.3618 ], [ -4.0238, 40.3623 ], [ -4.0241, 40.3626 ], [ -4.0241, 40.3626 ], [ -4.0241, 40.3627 ], [ -4.0241, 40.3627 ], [ -4.0241, 40.3628 ], [ -4.0241, 40.3628 ], [ -4.0241, 40.3628 ], [ -4.0241, 40.3628 ], [ -4.0241, 40.3628 ], [ -4.0241, 40.3628 ], [ -4.0241, 40.3628 ], [ -4.0241, 40.3628 ], [ -4.0241, 40.3628 ], [ -4.0241, 40.3629 ], [ -4.0241, 40.3629 ], [ -4.0241, 40.3629 ], [ -4.0241, 40.363 ], [ -4.0241, 40.3631 ], [ -4.0239, 40.3632 ], [ -4.0238, 40.3635 ], [ -4.0236, 40.3636 ], [ -4.0236, 40.3636 ], [ -4.0236, 40.3637 ], [ -4.0236, 40.3638 ], [ -4.0237, 40.3639 ], [ -4.0237, 40.3641 ], [ -4.0238, 40.3642 ], [ -4.0238, 40.3642 ], [ -4.0238, 40.3642 ], [ -4.0238, 40.3643 ], [ -4.0238, 40.3644 ], [ -4.0237, 40.3644 ], [ -4.0237, 40.3647 ], [ -4.0233, 40.365 ], [ -4.0233, 40.3652 ], [ -4.0232, 40.3653 ], [ -4.0232, 40.3653 ], [ -4.0231, 40.3653 ], [ -4.0231, 40.3653 ], [ -4.023, 40.3653 ], [ -4.0228, 40.3653 ], [ -4.0227, 40.3653 ], [ -4.0223, 40.3654 ], [ -4.0223, 40.3653 ], [ -4.0222, 40.3653 ], [ -4.0221, 40.3651 ], [ -4.022, 40.365 ], [ -4.0219, 40.365 ], [ -4.0219, 40.3649 ], [ -4.0218, 40.3649 ], [ -4.0217, 40.3648 ], [ -4.0217, 40.3647 ], [ -4.0223, 40.3653 ], [ -4.0223, 40.3654 ], [ -4.0227, 40.3653 ], [ -4.0227, 40.3653 ], [ -4.0228, 40.3653 ], [ -4.0228, 40.3653 ], [ -4.0228, 40.3653 ], [ -4.023, 40.3653 ], [ -4.0231, 40.3653 ], [ -4.023, 40.3653 ], [ -4.023, 40.3654 ], [ -4.0225, 40.3657 ], [ -4.0224, 40.3658 ], [ -4.0223, 40.3658 ], [ -4.0222, 40.3659 ], [ -4.0219, 40.3659 ], [ -4.0217, 40.366 ], [ -4.0216, 40.3661 ], [ -4.0219, 40.3659 ], [ -4.0222, 40.3659 ], [ -4.0223, 40.3659 ], [ -4.0223, 40.3658 ], [ -4.0224, 40.3658 ], [ -4.0226, 40.3657 ], [ -4.023, 40.3654 ], [ -4.023, 40.3653 ], [ -4.0231, 40.3653 ], [ -4.0232, 40.3653 ], [ -4.0237, 40.3658 ], [ -4.0248, 40.3662 ], [ -4.0248, 40.3663 ], [ -4.0248, 40.3664 ], [ -4.0253, 40.3669 ], [ -4.0246, 40.3669 ], [ -4.0244, 40.3669 ], [ -4.0243, 40.367 ], [ -4.0236, 40.367 ], [ -4.0243, 40.367 ], [ -4.0244, 40.3669 ], [ -4.0246, 40.3669 ], [ -4.0253, 40.3669 ], [ -4.0253, 40.3669 ], [ -4.0253, 40.3669 ], [ -4.0253, 40.367 ], [ -4.0253, 40.3671 ], [ -4.0255, 40.3674 ], [ -4.0256, 40.3683 ], [ -4.0257, 40.3683 ], [ -4.0257, 40.3685 ], [ -4.0262, 40.3693 ], [ -4.0266, 40.3697 ], [ -4.0266, 40.3697 ], [ -4.0266, 40.3697 ], [ -4.0266, 40.3697 ], [ -4.0266, 40.3698 ], [ -4.0266, 40.3699 ], [ -4.0271, 40.3703 ], [ -4.0271, 40.3703 ], [ -4.0271, 40.3703 ], [ -4.0271, 40.3704 ], [ -4.0271, 40.3705 ], [ -4.0272, 40.3705 ], [ -4.0273, 40.3708 ], [ -4.0275, 40.3709 ], [ -4.0275, 40.371 ], [ -4.0276, 40.3711 ], [ -4.0277, 40.3711 ], [ -4.0278, 40.3711 ], [ -4.0278, 40.3712 ], [ -4.0282, 40.3714 ], [ -4.0283, 40.3716 ], [ -4.0285, 40.3717 ], [ -4.0285, 40.3718 ], [ -4.0285, 40.3718 ], [ -4.0286, 40.3718 ], [ -4.0286, 40.3718 ], [ -4.0286, 40.3718 ], [ -4.0287, 40.3718 ], [ -4.0288, 40.3718 ], [ -4.0289, 40.3719 ], [ -4.0289, 40.372 ], [ -4.029, 40.372 ], [ -4.0291, 40.3721 ], [ -4.0291, 40.3721 ], [ -4.0291, 40.3721 ], [ -4.0291, 40.3721 ], [ -4.0291, 40.3721 ], [ -4.0291, 40.3721 ], [ -4.0291, 40.3721 ], [ -4.0291, 40.3721 ], [ -4.0291, 40.3722 ], [ -4.0291, 40.3723 ], [ -4.0292, 40.3723 ], [ -4.0292, 40.3723 ], [ -4.0292, 40.3723 ], [ -4.0292, 40.3723 ], [ -4.0292, 40.3723 ], [ -4.0293, 40.3723 ], [ -4.0294, 40.3723 ], [ -4.0295, 40.3724 ], [ -4.0296, 40.3724 ], [ -4.0296, 40.3725 ], [ -4.0299, 40.3727 ], [ -4.03, 40.3729 ], [ -4.0302, 40.3731 ], [ -4.0303, 40.3731 ], [ -4.0303, 40.3732 ], [ -4.0303, 40.3732 ], [ -4.0304, 40.3732 ], [ -4.0305, 40.3732 ], [ -4.0305, 40.3733 ], [ -4.0306, 40.3733 ], [ -4.0306, 40.3733 ], [ -4.0307, 40.3733 ], [ -4.0308, 40.3733 ], [ -4.0308, 40.3734 ], [ -4.0309, 40.3734 ], [ -4.0309, 40.3734 ], [ -4.031, 40.3734 ], [ -4.0311, 40.3734 ], [ -4.0312, 40.3734 ], [ -4.0312, 40.3735 ], [ -4.0315, 40.3737 ], [ -4.0315, 40.3738 ], [ -4.0316, 40.374 ], [ -4.0318, 40.3741 ], [ -4.0317, 40.3742 ], [ -4.0317, 40.3742 ], [ -4.0317, 40.3742 ], [ -4.0317, 40.3742 ], [ -4.0317, 40.3742 ], [ -4.0316, 40.3742 ], [ -4.0316, 40.3742 ], [ -4.0316, 40.3742 ], [ -4.0316, 40.3742 ], [ -4.0315, 40.3742 ], [ -4.0314, 40.3742 ], [ -4.0314, 40.3742 ], [ -4.0313, 40.3742 ], [ -4.0313, 40.3742 ], [ -4.0312, 40.3742 ], [ -4.0312, 40.3742 ], [ -4.0311, 40.3742 ], [ -4.0311, 40.3742 ], [ -4.0311, 40.3742 ], [ -4.031, 40.3742 ], [ -4.0309, 40.3742 ], [ -4.0309, 40.3741 ], [ -4.0307, 40.3741 ], [ -4.0307, 40.3741 ], [ -4.0306, 40.3741 ], [ -4.0306, 40.3741 ], [ -4.0305, 40.3741 ], [ -4.0305, 40.3741 ], [ -4.0304, 40.3741 ], [ -4.0304, 40.3741 ], [ -4.0303, 40.3741 ], [ -4.0302, 40.3741 ], [ -4.0302, 40.3742 ], [ -4.0302, 40.3742 ], [ -4.0302, 40.3742 ], [ -4.0301, 40.3742 ], [ -4.0301, 40.3742 ], [ -4.03, 40.3742 ], [ -4.03, 40.3742 ], [ -4.0299, 40.3742 ], [ -4.0297, 40.3742 ], [ -4.0297, 40.3743 ], [ -4.0297, 40.3743 ], [ -4.0296, 40.3743 ], [ -4.0296, 40.3743 ], [ -4.0296, 40.3743 ], [ -4.0296, 40.3743 ], [ -4.0295, 40.3743 ], [ -4.0294, 40.3743 ], [ -4.0294, 40.3744 ], [ -4.0292, 40.3745 ], [ -4.0291, 40.3745 ], [ -4.0291, 40.3746 ], [ -4.0291, 40.3745 ], [ -4.0294, 40.3744 ], [ -4.0295, 40.3743 ], [ -4.0295, 40.3743 ], [ -4.0295, 40.3743 ], [ -4.0295, 40.3743 ], [ -4.0295, 40.3743 ], [ -4.0296, 40.3743 ], [ -4.0296, 40.3743 ], [ -4.0296, 40.3743 ], [ -4.0296, 40.3743 ], [ -4.0297, 40.3743 ], [ -4.0298, 40.3743 ], [ -4.0302, 40.3742 ], [ -4.0303, 40.3741 ], [ -4.0309, 40.3742 ], [ -4.0309, 40.3742 ], [ -4.031, 40.3742 ], [ -4.031, 40.3742 ], [ -4.031, 40.3742 ], [ -4.0311, 40.3742 ], [ -4.0311, 40.3742 ], [ -4.0312, 40.3742 ], [ -4.0312, 40.3742 ], [ -4.0313, 40.3742 ], [ -4.0313, 40.3742 ], [ -4.0314, 40.3742 ], [ -4.0314, 40.3742 ], [ -4.0315, 40.3742 ], [ -4.0316, 40.3742 ], [ -4.0317, 40.3742 ], [ -4.032, 40.3741 ], [ -4.0321, 40.3742 ], [ -4.0326, 40.3743 ], [ -4.0326, 40.3744 ], [ -4.033, 40.3745 ], [ -4.033, 40.3746 ], [ -4.0334, 40.3747 ], [ -4.0334, 40.3747 ], [ -4.0336, 40.3747 ], [ -4.0336, 40.3747 ], [ -4.0337, 40.3747 ], [ -4.0338, 40.3747 ], [ -4.0339, 40.3747 ], [ -4.0339, 40.3747 ], [ -4.0339, 40.3747 ], [ -4.0339, 40.3747 ], [ -4.034, 40.3747 ], [ -4.034, 40.3747 ], [ -4.034, 40.3747 ], [ -4.0341, 40.3747 ], [ -4.0342, 40.3747 ], [ -4.0342, 40.3748 ], [ -4.0345, 40.3751 ], [ -4.0346, 40.3751 ], [ -4.0347, 40.3755 ], [ -4.0349, 40.3756 ], [ -4.0349, 40.3757 ], [ -4.0351, 40.3758 ], [ -4.0353, 40.3761 ], [ -4.0355, 40.3763 ], [ -4.0356, 40.3763 ], [ -4.0356, 40.3764 ], [ -4.0349, 40.3766 ], [ -4.0349, 40.3767 ], [ -4.0348, 40.3767 ], [ -4.0347, 40.3769 ], [ -4.0347, 40.3769 ], [ -4.0347, 40.3769 ], [ -4.0347, 40.3769 ], [ -4.0347, 40.3769 ], [ -4.0347, 40.3769 ], [ -4.0345, 40.3769 ], [ -4.0344, 40.3769 ], [ -4.0344, 40.3769 ], [ -4.0343, 40.3769 ], [ -4.0336, 40.3769 ], [ -4.0333, 40.3768 ], [ -4.0324, 40.3767 ], [ -4.0315, 40.3764 ], [ -4.0324, 40.3767 ], [ -4.0336, 40.3769 ], [ -4.0343, 40.3769 ], [ -4.0343, 40.3769 ], [ -4.0343, 40.3769 ], [ -4.0344, 40.3769 ], [ -4.0344, 40.3769 ], [ -4.0345, 40.3769 ], [ -4.0347, 40.3769 ], [ -4.0348, 40.3769 ], [ -4.0348, 40.3767 ], [ -4.0349, 40.3766 ], [ -4.0354, 40.3764 ], [ -4.0354, 40.3764 ], [ -4.0356, 40.3764 ], [ -4.0357, 40.3764 ], [ -4.0357, 40.3765 ], [ -4.0358, 40.3765 ], [ -4.0358, 40.3765 ], [ -4.0359, 40.3765 ], [ -4.0359, 40.3765 ], [ -4.0359, 40.3765 ], [ -4.0361, 40.3765 ], [ -4.0361, 40.3765 ], [ -4.0361, 40.3765 ], [ -4.0361, 40.3765 ], [ -4.0361, 40.3765 ], [ -4.0362, 40.3765 ], [ -4.0363, 40.3765 ], [ -4.0366, 40.3764 ], [ -4.0366, 40.3765 ], [ -4.0368, 40.3765 ], [ -4.0368, 40.3766 ], [ -4.0372, 40.3767 ], [ -4.0373, 40.3769 ], [ -4.0376, 40.377 ], [ -4.0376, 40.3771 ], [ -4.0377, 40.3771 ], [ -4.0377, 40.3772 ], [ -4.038, 40.3775 ], [ -4.038, 40.3775 ], [ -4.038, 40.3775 ], [ -4.038, 40.3776 ], [ -4.038, 40.3777 ], [ -4.0381, 40.3777 ], [ -4.0381, 40.3777 ], [ -4.0381, 40.3778 ], [ -4.0381, 40.3778 ], [ -4.0381, 40.3778 ], [ -4.0381, 40.3779 ], [ -4.0381, 40.378 ], [ -4.038, 40.378 ], [ -4.0379, 40.3783 ] ] ] } },
{ "type": "Feature", "properties": { "municipio": "Sevilla la Nueva", "clasificacion": "no-urbanizable-protegido", "calificacion": "sin-asignar", "version": "vigente", "fuente": "SIT-CAM WFS — UsoDelSuelo:VPLA_V_CLASIFICACION (https://idem.comunidad.madrid/geosrvg/ows)", "fecha_dato": "2026-05-12", "ambito": "44768", "_raw_CD_SIGLAS": "SNUP", "_raw_DS_CLASIF_GEN": "Suelo No Urbanizable Protegido", "_raw_DS_CLASIF_DET": "Suelo No Urbanizable. Clase I. Cauces, Riberas y Zonas Húmedas - Suelo No Urbanizable. Clase I. ZEPA", "_raw_DS_DOCU": "NORMAS SUBSIDIARIAS", "_raw_DS_LEY": "CM Ley 9/1995, E Ley 6/1998, E RDL 1/1992, E RD 1346/1976", "_raw_FC_AC": "2001-01-11", "_raw_NM_AREA_M2": 2496.18721660249, "_cam_code": "141" }, "geometry": { "type": "Polygon", "coordinates": [ [ [ -4.0517, 40.3702 ], [ -4.0519, 40.3703 ], [ -4.0522, 40.3703 ], [ -4.0522, 40.3703 ], [ -4.0522, 40.3703 ], [ -4.0523, 40.3703 ], [ -4.0523, 40.3703 ], [ -4.0523, 40.3703 ], [ -4.0524, 40.3703 ], [ -4.0524, 40.3703 ], [ -4.0525, 40.3703 ], [ -4.0526, 40.3703 ], [ -4.0526, 40.3702 ], [ -4.0527, 40.3702 ], [ -4.0527, 40.3702 ], [ -4.0527, 40.3702 ], [ -4.0528, 40.3702 ], [ -4.0528, 40.3702 ], [ -4.0528, 40.3702 ], [ -4.0529, 40.3702 ], [ -4.0529, 40.3702 ], [ -4.0529, 40.3702 ], [ -4.053, 40.3702 ], [ -4.0531, 40.3702 ], [ -4.0531, 40.3703 ], [ -4.0531, 40.3703 ], [ -4.0532, 40.3703 ], [ -4.0532, 40.3703 ], [ -4.0532, 40.3703 ], [ -4.0533, 40.3703 ], [ -4.0534, 40.3703 ], [ -4.0534, 40.3704 ], [ -4.0539, 40.3706 ], [ -4.0539, 40.3705 ], [ -4.054, 40.3705 ], [ -4.054, 40.3705 ], [ -4.0541, 40.3705 ], [ -4.0541, 40.3705 ], [ -4.0541, 40.3705 ], [ -4.0542, 40.3705 ], [ -4.0542, 40.3705 ], [ -4.0543, 40.3705 ], [ -4.0543, 40.3705 ], [ -4.0543, 40.3705 ], [ -4.0544, 40.3705 ], [ -4.0544, 40.3705 ], [ -4.0545, 40.3705 ], [ -4.0546, 40.3705 ], [ -4.0547, 40.3704 ], [ -4.0547, 40.3705 ], [ -4.0547, 40.3705 ], [ -4.0547, 40.3705 ], [ -4.0548, 40.3705 ], [ -4.0549, 40.3705 ], [ -4.0549, 40.3706 ], [ -4.0551, 40.3708 ], [ -4.0552, 40.3708 ], [ -4.0552, 40.3709 ], [ -4.0554, 40.371 ], [ -4.0555, 40.371 ], [ -4.0555, 40.3711 ], [ -4.0555, 40.3711 ], [ -4.0556, 40.3711 ], [ -4.0557, 40.3711 ], [ -4.0557, 40.3712 ], [ -4.0557, 40.3712 ], [ -4.0558, 40.3712 ], [ -4.0559, 40.3712 ], [ -4.0559, 40.3713 ], [ -4.056, 40.3715 ], [ -4.0561, 40.3716 ], [ -4.0561, 40.3716 ], [ -4.0561, 40.3716 ], [ -4.0561, 40.3717 ], [ -4.0561, 40.3717 ], [ -4.0561, 40.3717 ], [ -4.0561, 40.3717 ], [ -4.0561, 40.3718 ], [ -4.0561, 40.3719 ], [ -4.0562, 40.3719 ], [ -4.0563, 40.3721 ], [ -4.0565, 40.3723 ], [ -4.0566, 40.3723 ], [ -4.0566, 40.3724 ], [ -4.0567, 40.3724 ], [ -4.0568, 40.3726 ], [ -4.0569, 40.3726 ], [ -4.0569, 40.3726 ], [ -4.0569, 40.3726 ], [ -4.0569, 40.3727 ], [ -4.0569, 40.3728 ], [ -4.057, 40.3728 ], [ -4.057, 40.3728 ], [ -4.057, 40.3728 ], [ -4.057, 40.3729 ], [ -4.057, 40.373 ], [ -4.0573, 40.3731 ], [ -4.0573, 40.3731 ], [ -4.0573, 40.3731 ], [ -4.0574, 40.3731 ], [ -4.0574, 40.3731 ], [ -4.0574, 40.3731 ], [ -4.0574, 40.3731 ], [ -4.0575, 40.3731 ], [ -4.0575, 40.3731 ], [ -4.0576, 40.3731 ], [ -4.0576, 40.3731 ], [ -4.0576, 40.3731 ], [ -4.0577, 40.3731 ], [ -4.0577, 40.3731 ], [ -4.0578, 40.3731 ], [ -4.0578, 40.3731 ], [ -4.0579, 40.3731 ], [ -4.0579, 40.3731 ], [ -4.0579, 40.3731 ], [ -4.058, 40.3731 ], [ -4.058, 40.3731 ], [ -4.0581, 40.3731 ], [ -4.0581, 40.3731 ], [ -4.0582, 40.3731 ], [ -4.0582, 40.3731 ], [ -4.0582, 40.3731 ], [ -4.0583, 40.3731 ], [ -4.0584, 40.3731 ], [ -4.0583, 40.3732 ], [ -4.0583, 40.3733 ], [ -4.0582, 40.3733 ], [ -4.0581, 40.3733 ], [ -4.058, 40.3735 ], [ -4.058, 40.3736 ], [ -4.0579, 40.3737 ], [ -4.0579, 40.3738 ], [ -4.0577, 40.3739 ], [ -4.0576, 40.3741 ], [ -4.0575, 40.3741 ], [ -4.0572, 40.3745 ], [ -4.0572, 40.3746 ], [ -4.057, 40.3748 ], [ -4.0569, 40.3748 ], [ -4.0568, 40.3748 ], [ -4.0568, 40.3749 ], [ -4.0567, 40.3749 ], [ -4.0566, 40.3749 ], [ -4.0566, 40.375 ], [ -4.0565, 40.375 ], [ -4.0565, 40.375 ], [ -4.0565, 40.375 ], [ -4.0564, 40.375 ], [ -4.0563, 40.375 ], [ -4.0563, 40.3751 ], [ -4.0562, 40.3751 ], [ -4.0562, 40.3751 ], [ -4.0562, 40.3751 ], [ -4.0561, 40.3751 ], [ -4.0561, 40.3751 ], [ -4.056, 40.3751 ], [ -4.0559, 40.3751 ], [ -4.0556, 40.3752 ], [ -4.0555, 40.3751 ], [ -4.0555, 40.3751 ], [ -4.0553, 40.3751 ], [ -4.0552, 40.3751 ], [ -4.0551, 40.375 ], [ -4.055, 40.375 ], [ -4.055, 40.3749 ], [ -4.0548, 40.3748 ], [ -4.0551, 40.3751 ], [ -4.0552, 40.3751 ], [ -4.0552, 40.3751 ], [ -4.0552, 40.3751 ], [ -4.0553, 40.3751 ], [ -4.0555, 40.3751 ], [ -4.0555, 40.3752 ], [ -4.0556, 40.3752 ], [ -4.0559, 40.3752 ], [ -4.0559, 40.3751 ], [ -4.0559, 40.3751 ], [ -4.056, 40.3751 ], [ -4.056, 40.3751 ], [ -4.0561, 40.3751 ], [ -4.0561, 40.3751 ], [ -4.0562, 40.3751 ], [ -4.0563, 40.3751 ], [ -4.0563, 40.375 ], [ -4.0563, 40.375 ], [ -4.0564, 40.375 ], [ -4.0564, 40.375 ], [ -4.0564, 40.375 ], [ -4.0565, 40.375 ], [ -4.0566, 40.375 ], [ -4.0568, 40.3749 ], [ -4.0568, 40.3748 ], [ -4.0568, 40.3748 ], [ -4.0569, 40.3748 ], [ -4.057, 40.3748 ], [ -4.057, 40.3747 ], [ -4.0572, 40.3746 ], [ -4.0573, 40.3744 ], [ -4.0574, 40.3744 ], [ -4.0576, 40.3741 ], [ -4.0577, 40.3741 ], [ -4.0577, 40.3739 ], [ -4.0579, 40.3739 ], [ -4.0579, 40.3739 ], [ -4.0579, 40.3738 ], [ -4.0579, 40.3737 ], [ -4.058, 40.3737 ], [ -4.058, 40.3736 ], [ -4.058, 40.3735 ], [ -4.0583, 40.3733 ], [ -4.0584, 40.3731 ], [ -4.0585, 40.3731 ], [ -4.0585, 40.373 ], [ -4.0587, 40.3729 ], [ -4.0587, 40.3729 ], [ -4.0587, 40.3729 ], [ -4.0587, 40.3729 ], [ -4.0588, 40.3729 ], [ -4.0589, 40.3729 ], [ -4.059, 40.3728 ], [ -4.0591, 40.3728 ], [ -4.0592, 40.3728 ], [ -4.0592, 40.3727 ], [ -4.0592, 40.3727 ], [ -4.0593, 40.3727 ], [ -4.0594, 40.3727 ], [ -4.0595, 40.3726 ], [ -4.0596, 40.3726 ], [ -4.0598, 40.3725 ], [ -4.0599, 40.3724 ], [ -4.06, 40.3724 ], [ -4.06, 40.3723 ], [ -4.0601, 40.3723 ], [ -4.0602, 40.3723 ], [ -4.0605, 40.372 ], [ -4.0606, 40.372 ], [ -4.0607, 40.372 ], [ -4.0608, 40.372 ], [ -4.0608, 40.3719 ], [ -4.0608, 40.3719 ], [ -4.0609, 40.3719 ], [ -4.061, 40.3719 ], [ -4.061, 40.3718 ], [ -4.061, 40.3718 ], [ -4.0611, 40.3718 ], [ -4.0612, 40.3718 ], [ -4.0612, 40.3717 ], [ -4.0613, 40.3717 ], [ -4.0614, 40.3717 ], [ -4.0614, 40.3717 ], [ -4.0614, 40.3717 ], [ -4.0614, 40.3717 ], [ -4.0613, 40.3717 ], [ -4.0612, 40.3717 ], [ -4.0612, 40.3718 ], [ -4.0611, 40.3718 ], [ -4.061, 40.3718 ], [ -4.061, 40.3719 ], [ -4.0609, 40.3719 ], [ -4.0608, 40.3719 ], [ -4.0608, 40.372 ], [ -4.0607, 40.372 ], [ -4.0607, 40.372 ], [ -4.0607, 40.372 ], [ -4.0606, 40.372 ], [ -4.0605, 40.372 ], [ -4.0602, 40.3723 ], [ -4.0601, 40.3723 ], [ -4.06, 40.3723 ], [ -4.06, 40.3724 ], [ -4.0599, 40.3724 ], [ -4.0595, 40.3726 ], [ -4.0594, 40.3727 ], [ -4.0594, 40.3727 ], [ -4.0593, 40.3727 ], [ -4.0592, 40.3727 ], [ -4.0592, 40.3728 ], [ -4.0589, 40.3729 ], [ -4.0589, 40.3729 ], [ -4.0588, 40.3729 ], [ -4.0587, 40.3729 ], [ -4.0585, 40.3731 ], [ -4.057, 40.373 ], [ -4.057, 40.373 ], [ -4.057, 40.373 ], [ -4.057, 40.373 ], [ -4.057, 40.3729 ], [ -4.057, 40.3729 ], [ -4.057, 40.3729 ], [ -4.057, 40.3729 ], [ -4.057, 40.3728 ], [ -4.057, 40.3727 ], [ -4.0569, 40.3727 ], [ -4.0569, 40.3726 ], [ -4.0568, 40.3724 ], [ -4.0567, 40.3724 ], [ -4.0566, 40.3724 ], [ -4.0565, 40.3723 ], [ -4.0565, 40.3722 ], [ -4.0564, 40.3722 ], [ -4.0564, 40.3721 ], [ -4.0563, 40.3721 ], [ -4.0562, 40.372 ], [ -4.0562, 40.3719 ], [ -4.0561, 40.3719 ], [ -4.0561, 40.3719 ], [ -4.0561, 40.3718 ], [ -4.0561, 40.3718 ], [ -4.0561, 40.3718 ], [ -4.0561, 40.3718 ], [ -4.0561, 40.3717 ], [ -4.0561, 40.3717 ], [ -4.0561, 40.3717 ], [ -4.0561, 40.3717 ], [ -4.0561, 40.3716 ], [ -4.0561, 40.3715 ], [ -4.056, 40.3715 ], [ -4.056, 40.3713 ], [ -4.0559, 40.3712 ], [ -4.0558, 40.3712 ], [ -4.0558, 40.3711 ], [ -4.0558, 40.3711 ], [ -4.0558, 40.371 ], [ -4.0558, 40.371 ], [ -4.0558, 40.371 ], [ -4.0558, 40.371 ], [ -4.0558, 40.3709 ], [ -4.0558, 40.3709 ], [ -4.0558, 40.3709 ], [ -4.0558, 40.3709 ], [ -4.0558, 40.3708 ], [ -4.0558, 40.3708 ], [ -4.0558, 40.3708 ], [ -4.0558, 40.3707 ], [ -4.0558, 40.3707 ], [ -4.0558, 40.3707 ], [ -4.0558, 40.3707 ], [ -4.0558, 40.3706 ], [ -4.0558, 40.3706 ], [ -4.0558, 40.3706 ], [ -4.0558, 40.3705 ], [ -4.0558, 40.3705 ], [ -4.0558, 40.3705 ], [ -4.0558, 40.3704 ], [ -4.0558, 40.3704 ], [ -4.0558, 40.3704 ], [ -4.0558, 40.3704 ], [ -4.0558, 40.3703 ], [ -4.0558, 40.3703 ], [ -4.0558, 40.3703 ], [ -4.0558, 40.3702 ], [ -4.0558, 40.3702 ], [ -4.0558, 40.3702 ], [ -4.0558, 40.3701 ], [ -4.0558, 40.3701 ], [ -4.0558, 40.3701 ], [ -4.0558, 40.3701 ], [ -4.0558, 40.37 ], [ -4.0558, 40.37 ], [ -4.0558, 40.37 ], [ -4.0558, 40.3699 ], [ -4.0558, 40.3698 ], [ -4.0559, 40.3698 ], [ -4.0559, 40.3698 ], [ -4.0559, 40.3697 ], [ -4.0559, 40.3696 ], [ -4.0557, 40.3694 ], [ -4.0557, 40.3694 ], [ -4.0557, 40.3694 ], [ -4.0557, 40.3693 ], [ -4.0557, 40.3693 ], [ -4.0557, 40.3693 ], [ -4.0557, 40.3693 ], [ -4.0557, 40.3692 ], [ -4.0557, 40.3692 ], [ -4.0557, 40.3692 ], [ -4.0557, 40.3692 ], [ -4.0557, 40.3691 ], [ -4.0557, 40.3691 ], [ -4.0557, 40.3691 ], [ -4.0557, 40.3691 ], [ -4.0557, 40.369 ], [ -4.0557, 40.369 ], [ -4.0557, 40.369 ], [ -4.0557, 40.3689 ], [ -4.0557, 40.3689 ], [ -4.0557, 40.3689 ], [ -4.0557, 40.3688 ], [ -4.0557, 40.3687 ], [ -4.0556, 40.3687 ], [ -4.0556, 40.3687 ], [ -4.0556, 40.3686 ], [ -4.0556, 40.3686 ], [ -4.0556, 40.3686 ], [ -4.0556, 40.3685 ], [ -4.0556, 40.3684 ], [ -4.0555, 40.3684 ], [ -4.0555, 40.3683 ], [ -4.0554, 40.3682 ], [ -4.0554, 40.3682 ], [ -4.0554, 40.3682 ], [ -4.0554, 40.3681 ], [ -4.0554, 40.3681 ], [ -4.0554, 40.3681 ], [ -4.0554, 40.368 ], [ -4.0554, 40.368 ], [ -4.0554, 40.368 ], [ -4.0554, 40.3679 ], [ -4.0554, 40.3679 ], [ -4.0554, 40.3679 ], [ -4.0554, 40.3678 ], [ -4.0554, 40.3678 ], [ -4.0554, 40.3678 ], [ -4.0554, 40.3677 ], [ -4.0554, 40.3677 ], [ -4.0554, 40.3677 ], [ -4.0554, 40.3676 ], [ -4.0554, 40.3675 ], [ -4.0555, 40.3675 ], [ -4.0555, 40.3674 ], [ -4.0556, 40.3674 ], [ -4.0558, 40.3673 ], [ -4.0559, 40.3669 ], [ -4.0558, 40.3672 ], [ -4.0557, 40.3672 ], [ -4.0557, 40.3673 ], [ -4.0556, 40.3673 ], [ -4.0556, 40.3674 ], [ -4.0555, 40.3675 ], [ -4.0554, 40.3675 ], [ -4.0554, 40.3675 ], [ -4.0554, 40.3676 ], [ -4.0554, 40.3677 ], [ -4.0553, 40.3677 ], [ -4.0554, 40.3677 ], [ -4.0554, 40.3678 ], [ -4.0554, 40.3678 ], [ -4.0554, 40.3678 ], [ -4.0554, 40.3679 ], [ -4.0554, 40.3679 ], [ -4.0554, 40.3679 ], [ -4.0554, 40.368 ], [ -4.0554, 40.368 ], [ -4.0554, 40.368 ], [ -4.0554, 40.3681 ], [ -4.0554, 40.3681 ], [ -4.0554, 40.3681 ], [ -4.0554, 40.3682 ], [ -4.0554, 40.3683 ], [ -4.0555, 40.3683 ], [ -4.0555, 40.3684 ], [ -4.0556, 40.3685 ], [ -4.0556, 40.3685 ], [ -4.0556, 40.3685 ], [ -4.0556, 40.3686 ], [ -4.0556, 40.3686 ], [ -4.0556, 40.3686 ], [ -4.0556, 40.3687 ], [ -4.0556, 40.3688 ], [ -4.0557, 40.3688 ], [ -4.0557, 40.3688 ], [ -4.0557, 40.3688 ], [ -4.0557, 40.3689 ], [ -4.0557, 40.3689 ], [ -4.0557, 40.3689 ], [ -4.0557, 40.369 ], [ -4.0557, 40.369 ], [ -4.0557, 40.369 ], [ -4.0557, 40.3691 ], [ -4.0557, 40.3691 ], [ -4.0557, 40.3691 ], [ -4.0557, 40.3691 ], [ -4.0557, 40.3692 ], [ -4.0557, 40.3692 ], [ -4.0557, 40.3692 ], [ -4.0557, 40.3692 ], [ -4.0557, 40.3693 ], [ -4.0557, 40.3694 ], [ -4.0559, 40.3697 ], [ -4.0558, 40.3697 ], [ -4.0558, 40.3698 ], [ -4.0558, 40.3698 ], [ -4.0558, 40.3698 ], [ -4.0558, 40.3699 ], [ -4.0558, 40.3699 ], [ -4.0558, 40.3699 ], [ -4.0558, 40.3699 ], [ -4.0558, 40.37 ], [ -4.0558, 40.37 ], [ -4.0558, 40.37 ], [ -4.0558, 40.3701 ], [ -4.0558, 40.3701 ], [ -4.0558, 40.3701 ], [ -4.0558, 40.3701 ], [ -4.0558, 40.3702 ], [ -4.0558, 40.3702 ], [ -4.0558, 40.3702 ], [ -4.0558, 40.3703 ], [ -4.0558, 40.3703 ], [ -4.0558, 40.3703 ], [ -4.0558, 40.3704 ], [ -4.0558, 40.3705 ], [ -4.0557, 40.3705 ], [ -4.0558, 40.3712 ], [ -4.0557, 40.3711 ], [ -4.0556, 40.3711 ], [ -4.0555, 40.3711 ], [ -4.0555, 40.371 ], [ -4.0552, 40.3709 ], [ -4.0551, 40.3708 ], [ -4.0551, 40.3707 ], [ -4.0549, 40.3706 ], [ -4.0549, 40.3705 ], [ -4.0548, 40.3705 ], [ -4.0547, 40.3705 ], [ -4.0547, 40.3704 ], [ -4.0537, 40.3705 ], [ -4.0534, 40.3703 ], [ -4.0534, 40.3703 ], [ -4.0534, 40.3703 ], [ -4.0534, 40.3703 ], [ -4.0534, 40.3703 ], [ -4.0534, 40.3703 ], [ -4.0533, 40.3703 ], [ -4.0533, 40.3703 ], [ -4.0532, 40.3703 ], [ -4.0531, 40.3703 ], [ -4.0531, 40.3702 ], [ -4.0531, 40.3702 ], [ -4.053, 40.3702 ], [ -4.053, 40.3702 ], [ -4.053, 40.3702 ], [ -4.0529, 40.3702 ], [ -4.0529, 40.3702 ], [ -4.0529, 40.3702 ], [ -4.0528, 40.3702 ], [ -4.0528, 40.3702 ], [ -4.0528, 40.3702 ], [ -4.0527, 40.3702 ], [ -4.0526, 40.3702 ], [ -4.0526, 40.3703 ], [ -4.0526, 40.3703 ], [ -4.0525, 40.3703 ], [ -4.0525, 40.3703 ], [ -4.0525, 40.3703 ], [ -4.0525, 40.3703 ], [ -4.0524, 40.3703 ], [ -4.0524, 40.3703 ], [ -4.0523, 40.3703 ], [ -4.0523, 40.3703 ], [ -4.0523, 40.3703 ], [ -4.0522, 40.3703 ], [ -4.0521, 40.3703 ], [ -4.0521, 40.3703 ], [ -4.0519, 40.3703 ], [ -4.0518, 40.3703 ], [ -4.0517, 40.3703 ], [ -4.0517, 40.3702 ], [ -4.0516, 40.3701 ], [ -4.0515, 40.3701 ], [ -4.0513, 40.37 ], [ -4.0513, 40.3699 ], [ -4.0512, 40.3699 ], [ -4.0512, 40.3699 ], [ -4.0512, 40.3698 ], [ -4.0512, 40.3697 ], [ -4.0511, 40.3697 ], [ -4.0511, 40.3697 ], [ -4.0511, 40.3697 ], [ -4.0511, 40.3696 ], [ -4.0511, 40.3696 ], [ -4.0511, 40.3696 ], [ -4.0511, 40.3695 ], [ -4.0511, 40.3695 ], [ -4.0511, 40.3695 ], [ -4.0511, 40.3694 ], [ -4.0511, 40.3694 ], [ -4.0511, 40.3694 ], [ -4.0511, 40.3694 ], [ -4.0511, 40.3694 ], [ -4.0511, 40.3693 ], [ -4.0511, 40.3693 ], [ -4.0511, 40.3693 ], [ -4.0511, 40.3692 ], [ -4.0511, 40.3691 ], [ -4.051, 40.369 ], [ -4.051, 40.369 ], [ -4.051, 40.369 ], [ -4.051, 40.369 ], [ -4.051, 40.3689 ], [ -4.051, 40.3688 ], [ -4.0509, 40.3687 ], [ -4.0509, 40.3687 ], [ -4.0509, 40.3687 ], [ -4.0509, 40.3687 ], [ -4.0509, 40.3686 ], [ -4.0509, 40.3686 ], [ -4.0509, 40.3686 ], [ -4.0509, 40.3686 ], [ -4.0509, 40.3686 ], [ -4.0509, 40.3685 ], [ -4.0509, 40.3685 ], [ -4.0509, 40.3685 ], [ -4.0509, 40.3685 ], [ -4.0509, 40.3685 ], [ -4.0509, 40.3684 ], [ -4.0509, 40.3683 ], [ -4.051, 40.3683 ], [ -4.051, 40.3682 ], [ -4.051, 40.3682 ], [ -4.051, 40.3682 ], [ -4.051, 40.3681 ], [ -4.051, 40.368 ], [ -4.0511, 40.368 ], [ -4.0511, 40.3679 ], [ -4.0511, 40.3679 ], [ -4.0511, 40.3679 ], [ -4.0511, 40.3679 ], [ -4.0511, 40.3678 ], [ -4.0511, 40.3677 ], [ -4.0517, 40.3666 ], [ -4.0511, 40.3677 ], [ -4.0511, 40.3677 ], [ -4.0511, 40.3677 ], [ -4.0511, 40.3676 ], [ -4.0511, 40.3676 ], [ -4.0511, 40.3676 ], [ -4.0511, 40.3675 ], [ -4.0511, 40.3675 ], [ -4.0511, 40.3675 ], [ -4.0511, 40.3674 ], [ -4.0511, 40.3674 ], [ -4.0511, 40.3674 ], [ -4.0511, 40.3673 ], [ -4.0511, 40.3672 ], [ -4.0512, 40.3671 ], [ -4.0512, 40.367 ], [ -4.0511, 40.3671 ], [ -4.0511, 40.3671 ], [ -4.0511, 40.3672 ], [ -4.0511, 40.3672 ], [ -4.0511, 40.3672 ], [ -4.0511, 40.3672 ], [ -4.0511, 40.3673 ], [ -4.0511, 40.3673 ], [ -4.0511, 40.3673 ], [ -4.0511, 40.3674 ], [ -4.0511, 40.3674 ], [ -4.0511, 40.3674 ], [ -4.0511, 40.3675 ], [ -4.0511, 40.3675 ], [ -4.0511, 40.3675 ], [ -4.0511, 40.3676 ], [ -4.0511, 40.3676 ], [ -4.0511, 40.3676 ], [ -4.0511, 40.3677 ], [ -4.0511, 40.3677 ], [ -4.0511, 40.3677 ], [ -4.0511, 40.3677 ], [ -4.0511, 40.3678 ], [ -4.0511, 40.3679 ], [ -4.051, 40.368 ], [ -4.051, 40.368 ], [ -4.051, 40.368 ], [ -4.051, 40.3681 ], [ -4.051, 40.3682 ], [ -4.0509, 40.3683 ], [ -4.0509, 40.3683 ], [ -4.0509, 40.3683 ], [ -4.0509, 40.3684 ], [ -4.0509, 40.3684 ], [ -4.0509, 40.3684 ], [ -4.0509, 40.3685 ], [ -4.0509, 40.3685 ], [ -4.0509, 40.3685 ], [ -4.0509, 40.3685 ], [ -4.0509, 40.3685 ], [ -4.0509, 40.3686 ], [ -4.0509, 40.3686 ], [ -4.0509, 40.3686 ], [ -4.0509, 40.3686 ], [ -4.0509, 40.3686 ], [ -4.0509, 40.3687 ], [ -4.0509, 40.3688 ], [ -4.051, 40.3688 ], [ -4.0511, 40.3691 ], [ -4.0511, 40.3691 ], [ -4.0511, 40.3691 ], [ -4.0511, 40.3691 ], [ -4.0511, 40.3692 ], [ -4.0511, 40.3692 ], [ -4.0511, 40.3692 ], [ -4.0511, 40.3693 ], [ -4.0511, 40.3693 ], [ -4.0511, 40.3693 ], [ -4.0511, 40.3694 ], [ -4.0511, 40.3694 ], [ -4.0511, 40.3694 ], [ -4.0511, 40.3694 ], [ -4.0511, 40.3694 ], [ -4.0511, 40.3695 ], [ -4.0511, 40.3695 ], [ -4.0511, 40.3695 ], [ -4.0511, 40.3696 ], [ -4.0511, 40.3696 ], [ -4.0511, 40.3696 ], [ -4.0511, 40.3697 ], [ -4.0511, 40.3698 ], [ -4.0512, 40.3698 ], [ -4.0512, 40.3699 ], [ -4.0513, 40.37 ], [ -4.0514, 40.37 ], [ -4.0515, 40.3701 ], [ -4.0515, 40.3702 ], [ -4.0517, 40.3702 ] ] ] } },
{ "type": "Feature", "properties": { "municipio": "Sevilla la Nueva", "clasificacion": "no-urbanizable-protegido", "calificacion": "sin-asignar", "version": "vigente", "fuente": "SIT-CAM WFS — UsoDelSuelo:VPLA_V_CLASIFICACION (https://idem.comunidad.madrid/geosrvg/ows)", "fecha_dato": "2026-05-12", "ambito": "44768", "_raw_CD_SIGLAS": "SNUP", "_raw_DS_CLASIF_GEN": "Suelo No Urbanizable Protegido", "_raw_DS_CLASIF_DET": "Suelo No Urbanizable. Clase I. Cauces, Riberas y Zonas Húmedas - Suelo No Urbanizable. Clase I. ZEPA", "_raw_DS_DOCU": "NORMAS SUBSIDIARIAS", "_raw_DS_LEY": "CM Ley 9/1995, E Ley 6/1998, E RDL 1/1992, E RD 1346/1976", "_raw_FC_AC": "2001-01-11", "_raw_NM_AREA_M2": 2060.8996899081999, "_cam_code": "141" }, "geometry": { "type": "Polygon", "coordinates": [ [ [ -4.0542, 40.3661 ], [ -4.0541, 40.3661 ], [ -4.054, 40.3661 ], [ -4.054, 40.3661 ], [ -4.054, 40.3661 ], [ -4.054, 40.3661 ], [ -4.054, 40.3661 ], [ -4.0539, 40.3661 ], [ -4.0539, 40.3661 ], [ -4.0539, 40.3661 ], [ -4.0538, 40.3661 ], [ -4.0538, 40.3661 ], [ -4.0538, 40.3661 ], [ -4.0537, 40.3661 ], [ -4.0537, 40.3661 ], [ -4.0537, 40.3661 ], [ -4.0536, 40.3661 ], [ -4.0536, 40.3661 ], [ -4.0536, 40.3661 ], [ -4.0535, 40.3661 ], [ -4.0535, 40.3661 ], [ -4.0535, 40.3661 ], [ -4.0534, 40.3661 ], [ -4.0534, 40.3661 ], [ -4.0534, 40.366 ], [ -4.0533, 40.366 ], [ -4.0532, 40.366 ], [ -4.0532, 40.366 ], [ -4.0532, 40.366 ], [ -4.0532, 40.366 ], [ -4.0531, 40.366 ], [ -4.0531, 40.366 ], [ -4.0531, 40.366 ], [ -4.0531, 40.366 ], [ -4.0531, 40.366 ], [ -4.0531, 40.366 ], [ -4.0532, 40.366 ], [ -4.0533, 40.366 ], [ -4.0533, 40.366 ], [ -4.0533, 40.366 ], [ -4.0533, 40.366 ], [ -4.0534, 40.366 ], [ -4.0534, 40.366 ], [ -4.0534, 40.3661 ], [ -4.0535, 40.3661 ], [ -4.0536, 40.3661 ], [ -4.0536, 40.3661 ], [ -4.0536, 40.3661 ], [ -4.0537, 40.3661 ], [ -4.0537, 40.3661 ], [ -4.0537, 40.3661 ], [ -4.0538, 40.3661 ], [ -4.0538, 40.3661 ], [ -4.0538, 40.3661 ], [ -4.0539, 40.3661 ], [ -4.0539, 40.3661 ], [ -4.0539, 40.3661 ], [ -4.054, 40.3661 ], [ -4.054, 40.3661 ], [ -4.054, 40.3661 ], [ -4.054, 40.3661 ], [ -4.054, 40.3661 ], [ -4.0541, 40.3661 ], [ -4.0541, 40.3661 ], [ -4.0541, 40.3661 ], [ -4.0542, 40.3661 ], [ -4.0542, 40.3661 ], [ -4.0542, 40.3661 ], [ -4.0543, 40.3661 ], [ -4.0543, 40.3661 ], [ -4.0543, 40.3661 ], [ -4.0544, 40.3661 ], [ -4.0544, 40.3661 ], [ -4.0544, 40.3661 ], [ -4.0545, 40.3661 ], [ -4.0545, 40.3661 ], [ -4.0545, 40.3661 ], [ -4.0546, 40.3661 ], [ -4.0546, 40.3661 ], [ -4.0546, 40.3661 ], [ -4.0547, 40.3661 ], [ -4.0547, 40.3661 ], [ -4.0547, 40.3661 ], [ -4.0547, 40.3661 ], [ -4.0548, 40.3661 ], [ -4.0548, 40.3661 ], [ -4.0548, 40.366 ], [ -4.0552, 40.366 ], [ -4.0552, 40.3659 ], [ -4.0553, 40.3659 ], [ -4.0554, 40.3659 ], [ -4.0554, 40.3659 ], [ -4.0554, 40.3659 ], [ -4.0555, 40.3659 ], [ -4.0555, 40.3659 ], [ -4.0555, 40.3658 ], [ -4.0557, 40.3657 ], [ -4.0558, 40.3657 ], [ -4.0558, 40.3656 ], [ -4.0562, 40.3652 ], [ -4.0561, 40.3652 ], [ -4.056, 40.3652 ], [ -4.056, 40.3651 ], [ -4.0559, 40.3651 ], [ -4.0558, 40.3651 ], [ -4.0558, 40.365 ], [ -4.0557, 40.365 ], [ -4.0556, 40.365 ], [ -4.0554, 40.3648 ], [ -4.0554, 40.3647 ], [ -4.0554, 40.3646 ], [ -4.0553, 40.3646 ], [ -4.0552, 40.3646 ], [ -4.055, 40.3644 ], [ -4.0549, 40.3644 ], [ -4.0548, 40.3644 ], [ -4.0548, 40.3644 ], [ -4.0548, 40.3644 ], [ -4.0548, 40.3644 ], [ -4.0548, 40.3644 ], [ -4.0547, 40.3644 ], [ -4.0547, 40.3644 ], [ -4.0547, 40.3644 ], [ -4.0546, 40.3644 ], [ -4.0546, 40.3644 ], [ -4.0546, 40.3644 ], [ -4.0545, 40.3644 ], [ -4.0545, 40.3644 ], [ -4.0545, 40.3644 ], [ -4.0544, 40.3644 ], [ -4.0544, 40.3644 ], [ -4.0544, 40.3644 ], [ -4.0543, 40.3644 ], [ -4.0543, 40.3645 ], [ -4.0542, 40.3645 ], [ -4.0541, 40.3645 ], [ -4.0541, 40.3646 ], [ -4.054, 40.3646 ], [ -4.0539, 40.3646 ], [ -4.0539, 40.3646 ], [ -4.0539, 40.3647 ], [ -4.0536, 40.3648 ], [ -4.0535, 40.3648 ], [ -4.0534, 40.3648 ], [ -4.0534, 40.3648 ], [ -4.0534, 40.3648 ], [ -4.0533, 40.3648 ], [ -4.0533, 40.3648 ], [ -4.0533, 40.3648 ], [ -4.0533, 40.3648 ], [ -4.0529, 40.3651 ], [ -4.0532, 40.3648 ], [ -4.0533, 40.3648 ], [ -4.0534, 40.3648 ], [ -4.0534, 40.3648 ], [ -4.0534, 40.3648 ], [ -4.0535, 40.3648 ], [ -4.0535, 40.3648 ], [ -4.0535, 40.3648 ], [ -4.0536, 40.3648 ], [ -4.0536, 40.3648 ], [ -4.0536, 40.3647 ], [ -4.0537, 40.3647 ], [ -4.0538, 40.3647 ], [ -4.0538, 40.3647 ], [ -4.0538, 40.3647 ], [ -4.0539, 40.3647 ], [ -4.0539, 40.3646 ], [ -4.054, 40.3646 ], [ -4.0541, 40.3646 ], [ -4.0541, 40.3645 ], [ -4.0542, 40.3645 ], [ -4.0543, 40.3645 ], [ -4.0543, 40.3645 ], [ -4.0543, 40.3644 ], [ -4.0544, 40.3644 ], [ -4.0545, 40.3644 ], [ -4.0545, 40.3644 ], [ -4.0545, 40.3644 ], [ -4.0546, 40.3644 ], [ -4.0546, 40.3644 ], [ -4.0546, 40.3644 ], [ -4.0547, 40.3644 ], [ -4.0547, 40.3644 ], [ -4.0547, 40.3644 ], [ -4.0548, 40.3644 ], [ -4.0548, 40.3644 ], [ -4.0548, 40.3644 ], [ -4.0548, 40.3644 ], [ -4.0548, 40.3644 ], [ -4.0548, 40.3644 ], [ -4.0549, 40.3644 ], [ -4.0549, 40.3644 ], [ -4.055, 40.3644 ], [ -4.055, 40.3644 ], [ -4.055, 40.3644 ], [ -4.0551, 40.3644 ], [ -4.0551, 40.3645 ], [ -4.0552, 40.3645 ], [ -4.0553, 40.3646 ], [ -4.0554, 40.3646 ], [ -4.0554, 40.3647 ], [ -4.0554, 40.3648 ], [ -4.0555, 40.3649 ], [ -4.0556, 40.3649 ], [ -4.0557, 40.365 ], [ -4.0558, 40.365 ], [ -4.0558, 40.3651 ], [ -4.0559, 40.3651 ], [ -4.056, 40.3651 ], [ -4.056, 40.3651 ], [ -4.056, 40.3651 ], [ -4.056, 40.3652 ], [ -4.0561, 40.3652 ], [ -4.0562, 40.3652 ], [ -4.0562, 40.3652 ], [ -4.0562, 40.3652 ], [ -4.0562, 40.3652 ], [ -4.0563, 40.3652 ], [ -4.0563, 40.3652 ], [ -4.0563, 40.3652 ], [ -4.0564, 40.3652 ], [ -4.0564, 40.3652 ], [ -4.0569, 40.3648 ], [ -4.057, 40.3648 ], [ -4.0571, 40.3648 ], [ -4.0571, 40.3648 ], [ -4.0571, 40.3648 ], [ -4.0572, 40.3648 ], [ -4.0572, 40.3648 ], [ -4.0572, 40.3648 ], [ -4.0573, 40.3648 ], [ -4.0573, 40.3648 ], [ -4.0573, 40.3648 ], [ -4.0574, 40.3648 ], [ -4.0574, 40.3648 ], [ -4.0574, 40.3648 ], [ -4.0575, 40.3648 ], [ -4.0575, 40.3648 ], [ -4.0576, 40.3648 ], [ -4.0576, 40.3648 ], [ -4.0576, 40.3648 ], [ -4.0577, 40.3648 ], [ -4.0577, 40.3648 ], [ -4.0577, 40.3648 ], [ -4.0579, 40.3649 ], [ -4.0579, 40.3648 ], [ -4.058, 40.3648 ], [ -4.0581, 40.3648 ], [ -4.0581, 40.3648 ], [ -4.0581, 40.3648 ], [ -4.0581, 40.3648 ], [ -4.0582, 40.3648 ], [ -4.0582, 40.3648 ], [ -4.0582, 40.3648 ], [ -4.0583, 40.3648 ], [ -4.0583, 40.3649 ], [ -4.0584, 40.3649 ], [ -4.0585, 40.3649 ], [ -4.0585, 40.3649 ], [ -4.0585, 40.3649 ], [ -4.0586, 40.3649 ], [ -4.0586, 40.3649 ], [ -4.0586, 40.3649 ], [ -4.0587, 40.3649 ], [ -4.0587, 40.3648 ], [ -4.0588, 40.3648 ], [ -4.0589, 40.3648 ], [ -4.0589, 40.3648 ], [ -4.0589, 40.3648 ], [ -4.0589, 40.3648 ], [ -4.0592, 40.3649 ], [ -4.0592, 40.3648 ], [ -4.0597, 40.3647 ], [ -4.0598, 40.3644 ], [ -4.0599, 40.3644 ], [ -4.0599, 40.3643 ], [ -4.0599, 40.3642 ], [ -4.06, 40.3642 ], [ -4.0601, 40.3642 ], [ -4.0601, 40.3641 ], [ -4.0603, 40.3642 ], [ -4.0604, 40.3642 ], [ -4.0605, 40.3642 ], [ -4.0605, 40.3642 ], [ -4.0605, 40.3642 ], [ -4.0605, 40.3642 ], [ -4.0606, 40.3642 ], [ -4.0606, 40.3642 ], [ -4.0606, 40.3641 ], [ -4.0607, 40.3641 ], [ -4.0608, 40.3641 ], [ -4.0608, 40.3641 ], [ -4.0613, 40.3642 ], [ -4.0613, 40.3641 ], [ -4.0618, 40.364 ], [ -4.0618, 40.3639 ], [ -4.0618, 40.3638 ], [ -4.0618, 40.3638 ], [ -4.0618, 40.3638 ], [ -4.0618, 40.3638 ], [ -4.062, 40.3636 ], [ -4.0621, 40.3636 ], [ -4.0622, 40.3636 ], [ -4.0622, 40.3635 ], [ -4.0623, 40.3635 ], [ -4.0624, 40.3635 ], [ -4.0624, 40.3635 ], [ -4.0624, 40.3634 ], [ -4.0627, 40.3631 ], [ -4.0628, 40.3631 ], [ -4.0629, 40.3631 ], [ -4.063, 40.3631 ], [ -4.063, 40.3631 ], [ -4.063, 40.3631 ], [ -4.063, 40.3631 ], [ -4.0631, 40.3631 ], [ -4.0631, 40.3631 ], [ -4.0634, 40.3631 ], [ -4.0634, 40.3631 ], [ -4.0634, 40.3631 ], [ -4.0635, 40.3631 ], [ -4.0635, 40.3631 ], [ -4.0636, 40.3631 ], [ -4.0636, 40.3632 ], [ -4.0637, 40.3632 ], [ -4.0638, 40.3632 ], [ -4.0638, 40.3632 ], [ -4.0639, 40.3632 ], [ -4.0639, 40.3632 ], [ -4.0639, 40.3632 ], [ -4.064, 40.3632 ], [ -4.064, 40.3632 ], [ -4.064, 40.3632 ], [ -4.0641, 40.3632 ], [ -4.0641, 40.3632 ], [ -4.0641, 40.3632 ], [ -4.0642, 40.3632 ], [ -4.0642, 40.3632 ], [ -4.0642, 40.3631 ], [ -4.0643, 40.3631 ], [ -4.0644, 40.3631 ], [ -4.0644, 40.3631 ], [ -4.0644, 40.3631 ], [ -4.0645, 40.3631 ], [ -4.0645, 40.3631 ], [ -4.0645, 40.3631 ], [ -4.0646, 40.3631 ], [ -4.0646, 40.363 ], [ -4.0647, 40.363 ], [ -4.0648, 40.363 ], [ -4.0648, 40.363 ], [ -4.0648, 40.363 ], [ -4.0649, 40.363 ], [ -4.0649, 40.363 ], [ -4.0649, 40.363 ], [ -4.0649, 40.3629 ], [ -4.065, 40.3629 ], [ -4.0651, 40.3629 ], [ -4.0651, 40.3628 ], [ -4.0654, 40.3627 ], [ -4.0654, 40.3626 ], [ -4.0655, 40.3626 ], [ -4.0656, 40.3626 ], [ -4.0656, 40.3626 ], [ -4.0656, 40.3625 ], [ -4.0657, 40.3625 ], [ -4.0658, 40.3625 ], [ -4.0658, 40.3624 ], [ -4.0659, 40.3624 ], [ -4.0662, 40.3624 ], [ -4.0663, 40.3624 ], [ -4.0663, 40.3624 ], [ -4.0664, 40.3624 ], [ -4.0664, 40.3624 ], [ -4.0664, 40.3624 ], [ -4.0665, 40.3624 ], [ -4.0665, 40.3624 ], [ -4.0666, 40.3624 ], [ -4.0666, 40.3624 ], [ -4.0666, 40.3625 ], [ -4.0667, 40.3625 ], [ -4.0668, 40.3625 ], [ -4.0668, 40.3625 ], [ -4.0668, 40.3625 ], [ -4.0669, 40.3625 ], [ -4.0669, 40.3625 ], [ -4.0669, 40.3625 ], [ -4.067, 40.3625 ], [ -4.067, 40.3625 ], [ -4.067, 40.3625 ], [ -4.0671, 40.3625 ], [ -4.0671, 40.3625 ], [ -4.0672, 40.3625 ], [ -4.0672, 40.3625 ], [ -4.0672, 40.3625 ], [ -4.0673, 40.3625 ], [ -4.0673, 40.3625 ], [ -4.0673, 40.3625 ], [ -4.0674, 40.3625 ], [ -4.0674, 40.3625 ], [ -4.0674, 40.3625 ], [ -4.0675, 40.3624 ], [ -4.0676, 40.3624 ], [ -4.0677, 40.3624 ], [ -4.0677, 40.3624 ], [ -4.0677, 40.3623 ], [ -4.0678, 40.3623 ], [ -4.0679, 40.3623 ], [ -4.0679, 40.3623 ], [ -4.0679, 40.3622 ], [ -4.068, 40.3622 ], [ -4.0681, 40.3622 ], [ -4.0681, 40.3621 ], [ -4.0681, 40.362 ], [ -4.0686, 40.3617 ], [ -4.0687, 40.3617 ], [ -4.0688, 40.3617 ], [ -4.0688, 40.3616 ], [ -4.0689, 40.3616 ], [ -4.069, 40.3616 ], [ -4.069, 40.3616 ], [ -4.069, 40.3616 ], [ -4.0691, 40.3616 ], [ -4.0691, 40.3616 ], [ -4.0691, 40.3616 ], [ -4.0692, 40.3616 ], [ -4.0692, 40.3616 ], [ -4.0692, 40.3616 ], [ -4.0693, 40.3615 ], [ -4.0694, 40.3615 ], [ -4.0694, 40.3614 ], [ -4.0695, 40.3614 ], [ -4.0696, 40.3614 ], [ -4.0699, 40.3611 ], [ -4.07, 40.3608 ], [ -4.0699, 40.3609 ], [ -4.0699, 40.361 ], [ -4.0699, 40.3611 ], [ -4.0696, 40.3614 ], [ -4.0695, 40.3614 ], [ -4.0694, 40.3615 ], [ -4.0693, 40.3615 ], [ -4.0693, 40.3616 ], [ -4.0692, 40.3616 ], [ -4.0691, 40.3616 ], [ -4.0691, 40.3616 ], [ -4.0691, 40.3616 ], [ -4.069, 40.3616 ], [ -4.069, 40.3616 ], [ -4.069, 40.3616 ], [ -4.0689, 40.3616 ], [ -4.0689, 40.3616 ], [ -4.0688, 40.3617 ], [ -4.0687, 40.3617 ], [ -4.0686, 40.3617 ], [ -4.0686, 40.3617 ], [ -4.0686, 40.3617 ], [ -4.0685, 40.3618 ], [ -4.0683, 40.362 ], [ -4.0682, 40.362 ], [ -4.0682, 40.3621 ], [ -4.0681, 40.3621 ], [ -4.0681, 40.3622 ], [ -4.068, 40.3622 ], [ -4.0679, 40.3622 ], [ -4.0679, 40.3623 ], [ -4.0678, 40.3623 ], [ -4.0677, 40.3623 ], [ -4.0677, 40.3624 ], [ -4.0676, 40.3624 ], [ -4.0675, 40.3624 ], [ -4.0675, 40.3624 ], [ -4.0675, 40.3625 ], [ -4.0674, 40.3625 ], [ -4.0673, 40.3625 ], [ -4.0673, 40.3625 ], [ -4.0673, 40.3625 ], [ -4.0672, 40.3625 ], [ -4.0672, 40.3625 ], [ -4.0672, 40.3625 ], [ -4.0671, 40.3625 ], [ -4.0671, 40.3625 ], [ -4.067, 40.3625 ], [ -4.067, 40.3625 ], [ -4.067, 40.3625 ], [ -4.0669, 40.3625 ], [ -4.0669, 40.3625 ], [ -4.0669, 40.3625 ], [ -4.0668, 40.3625 ], [ -4.0668, 40.3625 ], [ -4.0668, 40.3625 ], [ -4.0667, 40.3625 ], [ -4.0667, 40.3625 ], [ -4.0667, 40.3625 ], [ -4.0666, 40.3625 ], [ -4.0666, 40.3625 ], [ -4.0666, 40.3625 ], [ -4.0665, 40.3625 ], [ -4.0665, 40.3624 ], [ -4.0664, 40.3624 ], [ -4.0663, 40.3624 ], [ -4.0663, 40.3624 ], [ -4.0662, 40.3624 ], [ -4.0659, 40.3624 ], [ -4.0659, 40.3624 ], [ -4.0659, 40.3624 ], [ -4.0658, 40.3624 ], [ -4.0658, 40.3625 ], [ -4.0657, 40.3625 ], [ -4.0656, 40.3625 ], [ -4.0656, 40.3626 ], [ -4.0655, 40.3626 ], [ -4.0654, 40.3626 ], [ -4.0654, 40.3627 ], [ -4.0653, 40.3627 ], [ -4.0651, 40.3628 ], [ -4.0651, 40.3629 ], [ -4.065, 40.3629 ], [ -4.0649, 40.3629 ], [ -4.0649, 40.363 ], [ -4.0648, 40.363 ], [ -4.0647, 40.363 ], [ -4.0647, 40.363 ], [ -4.0647, 40.363 ], [ -4.0647, 40.363 ], [ -4.0646, 40.363 ], [ -4.0646, 40.3631 ], [ -4.0645, 40.3631 ], [ -4.0644, 40.3631 ], [ -4.0644, 40.3631 ], [ -4.0644, 40.3631 ], [ -4.0644, 40.3631 ], [ -4.0643, 40.3631 ], [ -4.0643, 40.3632 ], [ -4.0642, 40.3632 ], [ -4.0641, 40.3632 ], [ -4.0641, 40.3632 ], [ -4.0641, 40.3632 ], [ -4.064, 40.3632 ], [ -4.064, 40.3632 ], [ -4.064, 40.3632 ], [ -4.0639, 40.3632 ], [ -4.0639, 40.3632 ], [ -4.0639, 40.3632 ], [ -4.0638, 40.3632 ], [ -4.0638, 40.3632 ], [ -4.0637, 40.3632 ], [ -4.0637, 40.3632 ], [ -4.0636, 40.3632 ], [ -4.0636, 40.3632 ], [ -4.0636, 40.3632 ], [ -4.0635, 40.3631 ], [ -4.0634, 40.3631 ], [ -4.0631, 40.3631 ], [ -4.0631, 40.3631 ], [ -4.063, 40.3631 ], [ -4.063, 40.3631 ], [ -4.063, 40.3631 ], [ -4.063, 40.3631 ], [ -4.0629, 40.3631 ], [ -4.0628, 40.3631 ], [ -4.0628, 40.3631 ], [ -4.0628, 40.3631 ], [ -4.0627, 40.3631 ], [ -4.0627, 40.3632 ], [ -4.0625, 40.3634 ], [ -4.0624, 40.3634 ], [ -4.0624, 40.3635 ], [ -4.0623, 40.3635 ], [ -4.0622, 40.3635 ], [ -4.0622, 40.3636 ], [ -4.0621, 40.3636 ], [ -4.062, 40.3636 ], [ -4.062, 40.3636 ], [ -4.062, 40.3636 ], [ -4.0618, 40.3638 ], [ -4.0618, 40.3639 ], [ -4.0618, 40.364 ], [ -4.0618, 40.364 ], [ -4.0616, 40.3641 ], [ -4.0613, 40.3642 ], [ -4.0612, 40.3642 ], [ -4.0611, 40.3642 ], [ -4.0611, 40.3642 ], [ -4.061, 40.3642 ], [ -4.061, 40.3642 ], [ -4.061, 40.3642 ], [ -4.0609, 40.3642 ], [ -4.0607, 40.3641 ], [ -4.0607, 40.3642 ], [ -4.0606, 40.3642 ], [ -4.0605, 40.3642 ], [ -4.0605, 40.3642 ], [ -4.0605, 40.3642 ], [ -4.0604, 40.3642 ], [ -4.0604, 40.3642 ], [ -4.0604, 40.3642 ], [ -4.0603, 40.3642 ], [ -4.0603, 40.3642 ], [ -4.0603, 40.3642 ], [ -4.0603, 40.3642 ], [ -4.0603, 40.3642 ], [ -4.0601, 40.3641 ], [ -4.0601, 40.3642 ], [ -4.06, 40.3642 ], [ -4.0599, 40.3642 ], [ -4.0599, 40.3643 ], [ -4.0599, 40.3644 ], [ -4.0599, 40.3644 ], [ -4.0598, 40.3644 ], [ -4.0598, 40.3645 ], [ -4.0598, 40.3646 ], [ -4.0598, 40.3646 ], [ -4.0596, 40.3648 ], [ -4.0592, 40.3649 ], [ -4.0589, 40.3648 ], [ -4.0588, 40.3648 ], [ -4.0587, 40.3648 ], [ -4.0587, 40.3649 ], [ -4.0586, 40.3649 ], [ -4.0585, 40.3649 ], [ -4.0585, 40.3649 ], [ -4.0585, 40.3649 ], [ -4.0584, 40.3649 ], [ -4.0584, 40.3649 ], [ -4.0584, 40.3649 ], [ -4.0583, 40.3649 ], [ -4.0583, 40.3649 ], [ -4.0583, 40.3649 ], [ -4.058, 40.3648 ], [ -4.0579, 40.3649 ], [ -4.0578, 40.3649 ], [ -4.0577, 40.3648 ], [ -4.0576, 40.3648 ], [ -4.0575, 40.3648 ], [ -4.0575, 40.3648 ], [ -4.0574, 40.3648 ], [ -4.0574, 40.3648 ], [ -4.0574, 40.3648 ], [ -4.0573, 40.3648 ], [ -4.0573, 40.3648 ], [ -4.0573, 40.3648 ], [ -4.0572, 40.3648 ], [ -4.0572, 40.3648 ], [ -4.0572, 40.3648 ], [ -4.0571, 40.3648 ], [ -4.0571, 40.3648 ], [ -4.0571, 40.3648 ], [ -4.057, 40.3648 ], [ -4.057, 40.3648 ], [ -4.057, 40.3648 ], [ -4.0569, 40.3648 ], [ -4.0569, 40.3648 ], [ -4.0569, 40.3649 ], [ -4.0566, 40.3651 ], [ -4.0564, 40.3652 ], [ -4.0563, 40.3652 ], [ -4.0562, 40.3652 ], [ -4.0562, 40.3652 ], [ -4.0561, 40.3654 ], [ -4.0559, 40.3656 ], [ -4.0558, 40.3656 ], [ -4.0557, 40.3657 ], [ -4.0557, 40.3658 ], [ -4.0556, 40.3658 ], [ -4.0555, 40.3658 ], [ -4.0555, 40.3659 ], [ -4.0554, 40.3659 ], [ -4.0553, 40.3659 ], [ -4.0553, 40.3659 ], [ -4.0553, 40.3659 ], [ -4.0553, 40.366 ], [ -4.0548, 40.3661 ], [ -4.0547, 40.3661 ], [ -4.0546, 40.3661 ], [ -4.0546, 40.3661 ], [ -4.0546, 40.3661 ], [ -4.0545, 40.3661 ], [ -4.0545, 40.3661 ], [ -4.0545, 40.3661 ], [ -4.0544, 40.3661 ], [ -4.0544, 40.3661 ], [ -4.0544, 40.3661 ], [ -4.0543, 40.3661 ], [ -4.0543, 40.3661 ], [ -4.0543, 40.3661 ], [ -4.0542, 40.3661 ] ] ] } },
{ "type": "Feature", "properties": { "municipio": "Sevilla la Nueva", "clasificacion": "no-urbanizable-protegido", "calificacion": "sin-asignar", "version": "vigente", "fuente": "SIT-CAM WFS — UsoDelSuelo:VPLA_V_CLASIFICACION (https://idem.comunidad.madrid/geosrvg/ows)", "fecha_dato": "2026-05-12", "ambito": "44768", "_raw_CD_SIGLAS": "SNUP", "_raw_DS_CLASIF_GEN": "Suelo No Urbanizable Protegido", "_raw_DS_CLASIF_DET": "Suelo No Urbanizable. Clase I. Cauces, Riberas y Zonas Húmedas - Suelo No Urbanizable. Clase I. ZEPA", "_raw_DS_DOCU": "NORMAS SUBSIDIARIAS", "_raw_DS_LEY": "CM Ley 9/1995, E Ley 6/1998, E RDL 1/1992, E RD 1346/1976", "_raw_FC_AC": "2001-01-11", "_raw_NM_AREA_M2": 5567.8753112484401, "_cam_code": "141" }, "geometry": { "type": "Polygon", "coordinates": [ [ [ -4.0494, 40.3606 ], [ -4.0497, 40.3607 ], [ -4.0497, 40.3608 ], [ -4.0496, 40.3609 ], [ -4.0496, 40.361 ], [ -4.0495, 40.361 ], [ -4.0495, 40.3611 ], [ -4.0493, 40.3612 ], [ -4.0493, 40.3612 ], [ -4.0493, 40.3612 ], [ -4.0492, 40.3612 ], [ -4.0491, 40.3612 ], [ -4.049, 40.3613 ], [ -4.049, 40.3613 ], [ -4.049, 40.3613 ], [ -4.0489, 40.3613 ], [ -4.0489, 40.3613 ], [ -4.0489, 40.3613 ], [ -4.0488, 40.3613 ], [ -4.0487, 40.3613 ], [ -4.0485, 40.3615 ], [ -4.0485, 40.3616 ], [ -4.0485, 40.3616 ], [ -4.0484, 40.3616 ], [ -4.0484, 40.3616 ], [ -4.0484, 40.3616 ], [ -4.0483, 40.3616 ], [ -4.0482, 40.3616 ], [ -4.0482, 40.3615 ], [ -4.0482, 40.3616 ], [ -4.0481, 40.3617 ], [ -4.0481, 40.3617 ], [ -4.048, 40.3617 ], [ -4.048, 40.3617 ], [ -4.048, 40.3617 ], [ -4.0479, 40.3617 ], [ -4.0479, 40.3617 ], [ -4.0479, 40.3617 ], [ -4.0478, 40.3617 ], [ -4.0478, 40.3617 ], [ -4.0478, 40.3617 ], [ -4.0477, 40.3617 ], [ -4.0476, 40.3617 ], [ -4.0476, 40.3618 ], [ -4.0476, 40.3618 ], [ -4.0475, 40.3618 ], [ -4.0475, 40.3618 ], [ -4.0475, 40.3618 ], [ -4.0474, 40.3618 ], [ -4.0473, 40.3618 ], [ -4.0473, 40.3619 ], [ -4.0473, 40.3619 ], [ -4.0472, 40.3619 ], [ -4.0472, 40.3619 ], [ -4.0472, 40.3619 ], [ -4.0471, 40.3619 ], [ -4.047, 40.3619 ], [ -4.0469, 40.362 ], [ -4.0469, 40.362 ], [ -4.0469, 40.362 ], [ -4.0468, 40.362 ], [ -4.0468, 40.362 ], [ -4.0468, 40.362 ], [ -4.0467, 40.362 ], [ -4.0467, 40.362 ], [ -4.0466, 40.362 ], [ -4.0466, 40.362 ], [ -4.0466, 40.362 ], [ -4.0465, 40.362 ], [ -4.0465, 40.362 ], [ -4.0465, 40.362 ], [ -4.0464, 40.362 ], [ -4.0463, 40.362 ], [ -4.0462, 40.3621 ], [ -4.0462, 40.3621 ], [ -4.0462, 40.3621 ], [ -4.0461, 40.3621 ], [ -4.0461, 40.3621 ], [ -4.046, 40.3621 ], [ -4.046, 40.3621 ], [ -4.046, 40.3621 ], [ -4.0459, 40.3621 ], [ -4.0459, 40.3621 ], [ -4.0459, 40.3621 ], [ -4.0458, 40.3621 ], [ -4.0458, 40.3621 ], [ -4.0458, 40.3621 ], [ -4.0457, 40.3621 ], [ -4.0456, 40.3621 ], [ -4.0456, 40.3622 ], [ -4.0455, 40.3623 ], [ -4.0454, 40.3623 ], [ -4.0453, 40.3623 ], [ -4.0453, 40.3624 ], [ -4.0453, 40.3623 ], [ -4.0453, 40.3623 ], [ -4.0454, 40.3623 ], [ -4.0455, 40.3623 ], [ -4.0455, 40.3622 ], [ -4.0456, 40.3622 ], [ -4.0457, 40.3621 ], [ -4.0457, 40.3621 ], [ -4.0457, 40.3621 ], [ -4.0458, 40.3621 ], [ -4.0458, 40.3621 ], [ -4.0458, 40.3621 ], [ -4.0459, 40.3621 ], [ -4.0459, 40.3621 ], [ -4.0459, 40.3621 ], [ -4.046, 40.3621 ], [ -4.046, 40.3621 ], [ -4.0461, 40.3621 ], [ -4.0461, 40.3621 ], [ -4.0461, 40.3621 ], [ -4.0462, 40.3621 ], [ -4.0463, 40.3621 ], [ -4.0463, 40.362 ], [ -4.0463, 40.362 ], [ -4.0464, 40.362 ], [ -4.0464, 40.362 ], [ -4.0464, 40.362 ], [ -4.0464, 40.362 ], [ -4.0465, 40.362 ], [ -4.0465, 40.362 ], [ -4.0465, 40.362 ], [ -4.0466, 40.362 ], [ -4.0466, 40.362 ], [ -4.0466, 40.362 ], [ -4.0467, 40.362 ], [ -4.0467, 40.362 ], [ -4.0468, 40.362 ], [ -4.0468, 40.362 ], [ -4.0468, 40.362 ], [ -4.0469, 40.362 ], [ -4.047, 40.362 ], [ -4.047, 40.3619 ], [ -4.047, 40.3619 ], [ -4.0471, 40.3619 ], [ -4.0471, 40.3619 ], [ -4.0471, 40.3619 ], [ -4.0472, 40.3619 ], [ -4.0472, 40.3619 ], [ -4.0473, 40.3619 ], [ -4.0474, 40.3619 ], [ -4.0474, 40.3618 ], [ -4.0474, 40.3618 ], [ -4.0474, 40.3618 ], [ -4.0475, 40.3618 ], [ -4.0476, 40.3618 ], [ -4.0476, 40.3617 ], [ -4.0477, 40.3617 ], [ -4.0477, 40.3617 ], [ -4.0477, 40.3617 ], [ -4.0478, 40.3617 ], [ -4.0478, 40.3617 ], [ -4.0478, 40.3617 ], [ -4.0479, 40.3617 ], [ -4.0479, 40.3617 ], [ -4.0479, 40.3617 ], [ -4.048, 40.3617 ], [ -4.0481, 40.3617 ], [ -4.0481, 40.3616 ], [ -4.0481, 40.3616 ], [ -4.0481, 40.3616 ], [ -4.0481, 40.3616 ], [ -4.0482, 40.3616 ], [ -4.0482, 40.3616 ], [ -4.0482, 40.3616 ], [ -4.0482, 40.3616 ], [ -4.0483, 40.3616 ], [ -4.0483, 40.3616 ], [ -4.0483, 40.3616 ], [ -4.0484, 40.3616 ], [ -4.0485, 40.3616 ], [ -4.0488, 40.3613 ], [ -4.0488, 40.3613 ], [ -4.0488, 40.3613 ], [ -4.0489, 40.3613 ], [ -4.0489, 40.3613 ], [ -4.0489, 40.3613 ], [ -4.049, 40.3613 ], [ -4.0491, 40.3613 ], [ -4.0491, 40.3612 ], [ -4.0495, 40.3611 ], [ -4.0497, 40.3609 ], [ -4.0497, 40.3608 ], [ -4.0497, 40.3607 ], [ -4.0498, 40.3607 ], [ -4.0502, 40.3603 ], [ -4.0502, 40.3602 ], [ -4.0502, 40.3602 ], [ -4.0503, 40.3602 ], [ -4.0504, 40.3602 ], [ -4.0504, 40.3603 ], [ -4.0505, 40.3604 ], [ -4.0506, 40.3604 ], [ -4.0506, 40.3604 ], [ -4.0506, 40.3604 ], [ -4.0507, 40.3604 ], [ -4.0507, 40.3604 ], [ -4.0507, 40.3604 ], [ -4.0508, 40.3604 ], [ -4.0509, 40.3604 ], [ -4.051, 40.3603 ], [ -4.051, 40.3603 ], [ -4.051, 40.3603 ], [ -4.0511, 40.3603 ], [ -4.0511, 40.3603 ], [ -4.0512, 40.3603 ], [ -4.0512, 40.3603 ], [ -4.0513, 40.3603 ], [ -4.0513, 40.3603 ], [ -4.0513, 40.3603 ], [ -4.0514, 40.3603 ], [ -4.0514, 40.3603 ], [ -4.0515, 40.3603 ], [ -4.0515, 40.3603 ], [ -4.0516, 40.3603 ], [ -4.0516, 40.3603 ], [ -4.0516, 40.3603 ], [ -4.0517, 40.3603 ], [ -4.0518, 40.3603 ], [ -4.0521, 40.3602 ], [ -4.0521, 40.3601 ], [ -4.0522, 40.3601 ], [ -4.0523, 40.3601 ], [ -4.0523, 40.36 ], [ -4.0524, 40.36 ], [ -4.0524, 40.36 ], [ -4.0524, 40.36 ], [ -4.0525, 40.36 ], [ -4.0525, 40.36 ], [ -4.0526, 40.36 ], [ -4.0526, 40.36 ], [ -4.0526, 40.36 ], [ -4.0527, 40.36 ], [ -4.0527, 40.36 ], [ -4.0527, 40.36 ], [ -4.0527, 40.36 ], [ -4.0528, 40.36 ], [ -4.0529, 40.36 ], [ -4.0529, 40.3601 ], [ -4.0533, 40.36 ], [ -4.0535, 40.3599 ], [ -4.0535, 40.3598 ], [ -4.0535, 40.3597 ], [ -4.0536, 40.3596 ], [ -4.0536, 40.3596 ], [ -4.0537, 40.3596 ], [ -4.0537, 40.3596 ], [ -4.0537, 40.3596 ], [ -4.0538, 40.3596 ], [ -4.0538, 40.3596 ], [ -4.0538, 40.3596 ], [ -4.0539, 40.3596 ], [ -4.054, 40.3596 ], [ -4.054, 40.3597 ], [ -4.0543, 40.3598 ], [ -4.0543, 40.3598 ], [ -4.0544, 40.3598 ], [ -4.0544, 40.3598 ], [ -4.0544, 40.3598 ], [ -4.0545, 40.3598 ], [ -4.0546, 40.3598 ], [ -4.0547, 40.3599 ], [ -4.0548, 40.3598 ], [ -4.0548, 40.3598 ], [ -4.0548, 40.3598 ], [ -4.0549, 40.3598 ], [ -4.055, 40.3598 ], [ -4.0554, 40.3596 ], [ -4.0554, 40.3595 ], [ -4.0554, 40.3595 ], [ -4.0555, 40.3595 ], [ -4.0555, 40.3595 ], [ -4.0555, 40.3595 ], [ -4.0556, 40.3595 ], [ -4.0556, 40.3595 ], [ -4.0556, 40.3595 ], [ -4.0557, 40.3595 ], [ -4.0558, 40.3595 ], [ -4.0558, 40.3594 ], [ -4.0559, 40.3594 ], [ -4.056, 40.3594 ], [ -4.056, 40.3593 ], [ -4.0561, 40.3592 ], [ -4.0562, 40.3592 ], [ -4.0563, 40.3592 ], [ -4.0563, 40.3591 ], [ -4.0564, 40.3591 ], [ -4.0565, 40.359 ], [ -4.0566, 40.3588 ], [ -4.0567, 40.3588 ], [ -4.0571, 40.3586 ], [ -4.0573, 40.3584 ], [ -4.0573, 40.3583 ], [ -4.0574, 40.3583 ], [ -4.0575, 40.3584 ], [ -4.0576, 40.3584 ], [ -4.0576, 40.3585 ], [ -4.0576, 40.3585 ], [ -4.0576, 40.3585 ], [ -4.0577, 40.3585 ], [ -4.0577, 40.3585 ], [ -4.0577, 40.3585 ], [ -4.0578, 40.3585 ], [ -4.0578, 40.3585 ], [ -4.0579, 40.3585 ], [ -4.0579, 40.3585 ], [ -4.0579, 40.3585 ], [ -4.058, 40.3585 ], [ -4.0581, 40.3585 ], [ -4.0581, 40.3584 ], [ -4.0582, 40.3584 ], [ -4.0582, 40.3584 ], [ -4.0582, 40.3584 ], [ -4.0583, 40.3584 ], [ -4.0583, 40.3584 ], [ -4.0583, 40.3584 ], [ -4.0584, 40.3584 ], [ -4.0584, 40.3584 ], [ -4.0584, 40.3584 ], [ -4.0585, 40.3584 ], [ -4.0585, 40.3584 ], [ -4.0585, 40.3584 ], [ -4.0586, 40.3584 ], [ -4.0587, 40.3584 ], [ -4.0589, 40.3583 ], [ -4.059, 40.3582 ], [ -4.059, 40.3582 ], [ -4.059, 40.3582 ], [ -4.0591, 40.3582 ], [ -4.0591, 40.3582 ], [ -4.0591, 40.3582 ], [ -4.0592, 40.3582 ], [ -4.0592, 40.3582 ], [ -4.0592, 40.3582 ], [ -4.0593, 40.3582 ], [ -4.0593, 40.3582 ], [ -4.0594, 40.3582 ], [ -4.0595, 40.3582 ], [ -4.0595, 40.3581 ], [ -4.0595, 40.3581 ], [ -4.0596, 40.3581 ], [ -4.0596, 40.3581 ], [ -4.0597, 40.3581 ], [ -4.0597, 40.3581 ], [ -4.0597, 40.3581 ], [ -4.0597, 40.3581 ], [ -4.0598, 40.3581 ], [ -4.0598, 40.3581 ], [ -4.0599, 40.3581 ], [ -4.0599, 40.3581 ], [ -4.0599, 40.3581 ], [ -4.06, 40.3581 ], [ -4.0601, 40.3581 ], [ -4.0602, 40.3582 ], [ -4.0602, 40.3582 ], [ -4.0602, 40.3582 ], [ -4.0603, 40.3582 ], [ -4.0604, 40.3582 ], [ -4.0604, 40.3583 ], [ -4.0607, 40.3585 ], [ -4.0607, 40.3585 ], [ -4.0607, 40.3585 ], [ -4.0608, 40.3585 ], [ -4.0608, 40.3585 ], [ -4.0608, 40.3585 ], [ -4.0609, 40.3585 ], [ -4.0609, 40.3585 ], [ -4.0609, 40.3585 ], [ -4.061, 40.3585 ], [ -4.061, 40.3585 ], [ -4.0611, 40.3585 ], [ -4.0611, 40.3585 ], [ -4.0611, 40.3585 ], [ -4.0612, 40.3585 ], [ -4.0612, 40.3585 ], [ -4.0612, 40.3585 ], [ -4.0613, 40.3585 ], [ -4.0613, 40.3585 ], [ -4.0613, 40.3585 ], [ -4.0614, 40.3585 ], [ -4.0615, 40.3585 ], [ -4.0615, 40.3584 ], [ -4.0616, 40.3584 ], [ -4.0616, 40.3584 ], [ -4.0616, 40.3584 ], [ -4.0617, 40.3584 ], [ -4.0618, 40.3584 ], [ -4.062, 40.3582 ], [ -4.062, 40.3582 ], [ -4.062, 40.3582 ], [ -4.062, 40.3582 ], [ -4.0621, 40.3582 ], [ -4.0621, 40.3582 ], [ -4.0621, 40.3582 ], [ -4.0622, 40.3582 ], [ -4.0622, 40.3582 ], [ -4.0623, 40.3582 ], [ -4.0623, 40.3582 ], [ -4.0623, 40.3582 ], [ -4.0624, 40.3582 ], [ -4.0625, 40.3582 ], [ -4.0626, 40.3581 ], [ -4.0626, 40.358 ], [ -4.0627, 40.358 ], [ -4.0627, 40.3579 ], [ -4.0627, 40.3579 ], [ -4.0627, 40.3579 ], [ -4.0628, 40.3579 ], [ -4.0629, 40.3579 ], [ -4.0629, 40.3578 ], [ -4.0629, 40.3578 ], [ -4.063, 40.3578 ], [ -4.063, 40.3578 ], [ -4.063, 40.3578 ], [ -4.0631, 40.3578 ], [ -4.0632, 40.3578 ], [ -4.0632, 40.3577 ], [ -4.0633, 40.3577 ], [ -4.0633, 40.3576 ], [ -4.0634, 40.3575 ], [ -4.0634, 40.3575 ], [ -4.0635, 40.3575 ], [ -4.0636, 40.3575 ], [ -4.0636, 40.3574 ], [ -4.0636, 40.3574 ], [ -4.0636, 40.3574 ], [ -4.0637, 40.3574 ], [ -4.0637, 40.3574 ], [ -4.0637, 40.3574 ], [ -4.0638, 40.3574 ], [ -4.0639, 40.3574 ], [ -4.064, 40.3575 ], [ -4.064, 40.3575 ], [ -4.064, 40.3575 ], [ -4.0641, 40.3575 ], [ -4.0642, 40.3575 ], [ -4.0642, 40.3576 ], [ -4.0642, 40.3576 ], [ -4.0643, 40.3576 ], [ -4.0644, 40.3576 ], [ -4.0646, 40.3574 ], [ -4.0646, 40.3574 ], [ -4.0646, 40.3574 ], [ -4.0647, 40.3574 ], [ -4.0648, 40.3574 ], [ -4.0648, 40.3573 ], [ -4.0649, 40.3573 ], [ -4.0649, 40.3573 ], [ -4.0649, 40.3573 ], [ -4.065, 40.3573 ], [ -4.0651, 40.3573 ], [ -4.0651, 40.3572 ], [ -4.0653, 40.3571 ], [ -4.0654, 40.3571 ], [ -4.0654, 40.357 ], [ -4.0655, 40.3569 ], [ -4.0655, 40.3569 ], [ -4.0655, 40.3569 ], [ -4.0656, 40.3569 ], [ -4.0656, 40.3569 ], [ -4.0656, 40.3569 ], [ -4.0656, 40.3569 ], [ -4.0657, 40.3569 ], [ -4.0657, 40.3569 ], [ -4.0658, 40.3569 ], [ -4.0658, 40.3569 ], [ -4.0658, 40.3569 ], [ -4.0659, 40.3569 ], [ -4.0659, 40.3569 ], [ -4.0659, 40.3569 ], [ -4.066, 40.3569 ], [ -4.066, 40.3569 ], [ -4.066, 40.3569 ], [ -4.0661, 40.3569 ], [ -4.0662, 40.3569 ], [ -4.0662, 40.357 ], [ -4.0664, 40.3571 ], [ -4.0664, 40.3571 ], [ -4.0664, 40.3571 ], [ -4.0664, 40.3571 ], [ -4.0665, 40.3571 ], [ -4.0666, 40.3571 ], [ -4.0666, 40.357 ], [ -4.0666, 40.357 ], [ -4.0667, 40.357 ], [ -4.0667, 40.357 ], [ -4.0667, 40.357 ], [ -4.0668, 40.357 ], [ -4.0668, 40.357 ], [ -4.0668, 40.357 ], [ -4.0669, 40.357 ], [ -4.067, 40.357 ], [ -4.0671, 40.357 ], [ -4.0671, 40.357 ], [ -4.0672, 40.357 ], [ -4.0672, 40.357 ], [ -4.0672, 40.357 ], [ -4.0673, 40.357 ], [ -4.0673, 40.357 ], [ -4.0673, 40.357 ], [ -4.0674, 40.357 ], [ -4.0674, 40.357 ], [ -4.0674, 40.357 ], [ -4.0674, 40.357 ], [ -4.0675, 40.357 ], [ -4.0675, 40.357 ], [ -4.0675, 40.357 ], [ -4.0676, 40.357 ], [ -4.0676, 40.357 ], [ -4.0676, 40.357 ], [ -4.0677, 40.357 ], [ -4.0678, 40.357 ], [ -4.0678, 40.3569 ], [ -4.0678, 40.3569 ], [ -4.0679, 40.3569 ], [ -4.0679, 40.3569 ], [ -4.0679, 40.3569 ], [ -4.068, 40.3569 ], [ -4.068, 40.3569 ], [ -4.068, 40.3569 ], [ -4.0681, 40.3569 ], [ -4.0681, 40.3569 ], [ -4.0681, 40.3569 ], [ -4.0681, 40.3569 ], [ -4.0684, 40.3569 ], [ -4.0686, 40.3569 ], [ -4.0686, 40.3569 ], [ -4.0687, 40.3569 ], [ -4.0687, 40.3569 ], [ -4.0687, 40.3569 ], [ -4.0688, 40.3569 ], [ -4.0689, 40.3569 ], [ -4.069, 40.357 ], [ -4.069, 40.3571 ], [ -4.0692, 40.3572 ], [ -4.0692, 40.3572 ], [ -4.0692, 40.3572 ], [ -4.0692, 40.3572 ], [ -4.0693, 40.3572 ], [ -4.0693, 40.3572 ], [ -4.0693, 40.3572 ], [ -4.0694, 40.3572 ], [ -4.0694, 40.3572 ], [ -4.0695, 40.3572 ], [ -4.0695, 40.3572 ], [ -4.0695, 40.3572 ], [ -4.0696, 40.3572 ], [ -4.0697, 40.3572 ], [ -4.0698, 40.3571 ], [ -4.0698, 40.3572 ], [ -4.0699, 40.3572 ], [ -4.0699, 40.3572 ], [ -4.0699, 40.3572 ], [ -4.0699, 40.3572 ], [ -4.07, 40.3572 ], [ -4.07, 40.3572 ], [ -4.07, 40.3572 ], [ -4.07, 40.3572 ], [ -4.0701, 40.3572 ], [ -4.0702, 40.3572 ], [ -4.0702, 40.3573 ], [ -4.0703, 40.3573 ], [ -4.0703, 40.3573 ], [ -4.0703, 40.3573 ], [ -4.0703, 40.3573 ], [ -4.0704, 40.3573 ], [ -4.0704, 40.3573 ], [ -4.0705, 40.3573 ], [ -4.0705, 40.3573 ], [ -4.0705, 40.3573 ], [ -4.0706, 40.3573 ], [ -4.0706, 40.3573 ], [ -4.0706, 40.3573 ], [ -4.0707, 40.3573 ], [ -4.0707, 40.3573 ], [ -4.0707, 40.3573 ], [ -4.0708, 40.3573 ], [ -4.0708, 40.3573 ], [ -4.0709, 40.3573 ], [ -4.0709, 40.3573 ], [ -4.0709, 40.3573 ], [ -4.071, 40.3573 ], [ -4.071, 40.3573 ], [ -4.071, 40.3573 ], [ -4.0711, 40.3573 ], [ -4.0711, 40.3573 ], [ -4.0712, 40.3573 ], [ -4.0712, 40.3573 ], [ -4.0713, 40.3573 ], [ -4.0714, 40.3573 ], [ -4.0714, 40.3572 ], [ -4.0715, 40.3572 ], [ -4.0715, 40.3572 ], [ -4.0715, 40.3572 ], [ -4.0715, 40.3572 ], [ -4.0716, 40.3572 ], [ -4.0716, 40.3572 ], [ -4.0716, 40.3572 ], [ -4.0717, 40.3572 ], [ -4.0717, 40.3572 ], [ -4.0717, 40.3572 ], [ -4.0718, 40.3572 ], [ -4.0718, 40.3572 ], [ -4.0718, 40.3572 ], [ -4.0719, 40.3572 ], [ -4.072, 40.3572 ], [ -4.072, 40.3573 ], [ -4.072, 40.3573 ], [ -4.0721, 40.3573 ], [ -4.0722, 40.3573 ], [ -4.0723, 40.3574 ], [ -4.0723, 40.3575 ], [ -4.0724, 40.3575 ], [ -4.0724, 40.3576 ], [ -4.0725, 40.3576 ], [ -4.0726, 40.3576 ], [ -4.0726, 40.3577 ], [ -4.0726, 40.3577 ], [ -4.0726, 40.3577 ], [ -4.0726, 40.3577 ], [ -4.0726, 40.3577 ], [ -4.0726, 40.3578 ], [ -4.0726, 40.3579 ], [ -4.0727, 40.3579 ], [ -4.0726, 40.358 ], [ -4.0726, 40.358 ], [ -4.0726, 40.358 ], [ -4.0726, 40.358 ], [ -4.0726, 40.3581 ], [ -4.0726, 40.3581 ], [ -4.0726, 40.3581 ], [ -4.0726, 40.3582 ], [ -4.0726, 40.3583 ], [ -4.0729, 40.3585 ], [ -4.0729, 40.3585 ], [ -4.0729, 40.3585 ], [ -4.0729, 40.3585 ], [ -4.0729, 40.3586 ], [ -4.0729, 40.3587 ], [ -4.073, 40.3588 ], [ -4.073, 40.3586 ], [ -4.0729, 40.3586 ], [ -4.0726, 40.3583 ], [ -4.0726, 40.3583 ], [ -4.0726, 40.3583 ], [ -4.0726, 40.3583 ], [ -4.0726, 40.3582 ], [ -4.0726, 40.3582 ], [ -4.0726, 40.3582 ], [ -4.0726, 40.3582 ], [ -4.0726, 40.3581 ], [ -4.0726, 40.358 ], [ -4.0727, 40.358 ], [ -4.0727, 40.3579 ], [ -4.0727, 40.3578 ], [ -4.0728, 40.3578 ], [ -4.0728, 40.3578 ], [ -4.0728, 40.3577 ], [ -4.0728, 40.3577 ], [ -4.0728, 40.3577 ], [ -4.0728, 40.3577 ], [ -4.0728, 40.3576 ], [ -4.0728, 40.3576 ], [ -4.0728, 40.3576 ], [ -4.0728, 40.3576 ], [ -4.0728, 40.3575 ], [ -4.0728, 40.3575 ], [ -4.0728, 40.3575 ], [ -4.0728, 40.3575 ], [ -4.0728, 40.3574 ], [ -4.0728, 40.3574 ], [ -4.0728, 40.3574 ], [ -4.0728, 40.3574 ], [ -4.0728, 40.3573 ], [ -4.0728, 40.3572 ], [ -4.0726, 40.357 ], [ -4.0726, 40.357 ], [ -4.0726, 40.357 ], [ -4.0726, 40.357 ], [ -4.0726, 40.357 ], [ -4.0726, 40.357 ], [ -4.0726, 40.357 ], [ -4.0725, 40.357 ], [ -4.0725, 40.357 ], [ -4.0724, 40.357 ], [ -4.0724, 40.357 ], [ -4.0724, 40.357 ], [ -4.0723, 40.357 ], [ -4.0723, 40.357 ], [ -4.0723, 40.357 ], [ -4.0722, 40.357 ], [ -4.0722, 40.357 ], [ -4.0721, 40.357 ], [ -4.0721, 40.357 ], [ -4.0721, 40.357 ], [ -4.072, 40.357 ], [ -4.072, 40.357 ], [ -4.072, 40.357 ], [ -4.0719, 40.357 ], [ -4.0719, 40.357 ], [ -4.0718, 40.357 ], [ -4.0717, 40.357 ], [ -4.0717, 40.3569 ], [ -4.0717, 40.3569 ], [ -4.0717, 40.3569 ], [ -4.0717, 40.3568 ], [ -4.0717, 40.3568 ], [ -4.0717, 40.3568 ], [ -4.0717, 40.3567 ], [ -4.0717, 40.3567 ], [ -4.0717, 40.3567 ], [ -4.0717, 40.3567 ], [ -4.0717, 40.3566 ], [ -4.0717, 40.3565 ], [ -4.0718, 40.3564 ], [ -4.0719, 40.3564 ], [ -4.0719, 40.3564 ], [ -4.0719, 40.3563 ], [ -4.0719, 40.3563 ], [ -4.0719, 40.3563 ], [ -4.0719, 40.3562 ], [ -4.0719, 40.3562 ], [ -4.0719, 40.3562 ], [ -4.0719, 40.3562 ], [ -4.0719, 40.3562 ], [ -4.0719, 40.3561 ], [ -4.0719, 40.356 ], [ -4.072, 40.356 ], [ -4.0721, 40.3559 ], [ -4.0721, 40.3558 ], [ -4.0721, 40.3558 ], [ -4.0721, 40.3558 ], [ -4.0721, 40.3558 ], [ -4.0721, 40.3557 ], [ -4.0721, 40.3556 ], [ -4.0722, 40.3556 ], [ -4.0722, 40.3556 ], [ -4.0722, 40.3556 ], [ -4.0722, 40.3555 ], [ -4.0722, 40.3554 ], [ -4.0723, 40.3554 ], [ -4.0722, 40.3553 ], [ -4.0723, 40.3553 ], [ -4.0723, 40.3552 ], [ -4.0723, 40.3551 ], [ -4.0722, 40.3551 ], [ -4.0722, 40.3551 ], [ -4.0722, 40.355 ], [ -4.0722, 40.3549 ], [ -4.0721, 40.3548 ], [ -4.0722, 40.3547 ], [ -4.0722, 40.3547 ], [ -4.0722, 40.3547 ], [ -4.0722, 40.3546 ], [ -4.0722, 40.3545 ], [ -4.072, 40.3544 ], [ -4.0721, 40.3541 ], [ -4.0721, 40.3541 ], [ -4.0721, 40.3541 ], [ -4.0721, 40.3541 ], [ -4.0721, 40.354 ], [ -4.0721, 40.354 ], [ -4.0721, 40.354 ], [ -4.0721, 40.3539 ], [ -4.0721, 40.3538 ], [ -4.0722, 40.3538 ], [ -4.0722, 40.3536 ], [ -4.0721, 40.3536 ], [ -4.0721, 40.3536 ], [ -4.0721, 40.3535 ], [ -4.0721, 40.3534 ], [ -4.0722, 40.3534 ], [ -4.0722, 40.3533 ], [ -4.0722, 40.3533 ], [ -4.0722, 40.3533 ], [ -4.0722, 40.3533 ], [ -4.0722, 40.3532 ], [ -4.0722, 40.3531 ], [ -4.0721, 40.353 ], [ -4.072, 40.353 ], [ -4.072, 40.353 ], [ -4.072, 40.353 ], [ -4.072, 40.3529 ], [ -4.072, 40.3529 ], [ -4.072, 40.3529 ], [ -4.072, 40.3529 ], [ -4.072, 40.3528 ], [ -4.072, 40.3528 ], [ -4.072, 40.3528 ], [ -4.072, 40.3528 ], [ -4.072, 40.3527 ], [ -4.072, 40.3526 ], [ -4.0721, 40.3525 ], [ -4.072, 40.3522 ], [ -4.0719, 40.3521 ], [ -4.0718, 40.3521 ], [ -4.0718, 40.3521 ], [ -4.0718, 40.3521 ], [ -4.0718, 40.352 ], [ -4.0718, 40.3518 ], [ -4.0716, 40.3513 ], [ -4.0715, 40.3513 ], [ -4.0715, 40.3512 ], [ -4.0714, 40.3511 ], [ -4.0713, 40.3511 ], [ -4.0713, 40.3511 ], [ -4.0713, 40.3511 ], [ -4.0713, 40.351 ], [ -4.0713, 40.3509 ], [ -4.0712, 40.3509 ], [ -4.0712, 40.3509 ], [ -4.0712, 40.3508 ], [ -4.0712, 40.3508 ], [ -4.0712, 40.3508 ], [ -4.0712, 40.3508 ], [ -4.0712, 40.3507 ], [ -4.0712, 40.3506 ], [ -4.0711, 40.3506 ], [ -4.0711, 40.3506 ], [ -4.0711, 40.3506 ], [ -4.0711, 40.3505 ], [ -4.0711, 40.3504 ], [ -4.071, 40.3504 ], [ -4.071, 40.3503 ], [ -4.071, 40.3502 ], [ -4.0709, 40.3502 ], [ -4.0709, 40.3502 ], [ -4.0709, 40.3501 ], [ -4.0709, 40.3501 ], [ -4.0709, 40.3501 ], [ -4.0709, 40.3501 ], [ -4.0709, 40.35 ], [ -4.0709, 40.35 ], [ -4.0709, 40.35 ], [ -4.0709, 40.35 ], [ -4.0709, 40.3499 ], [ -4.0709, 40.3499 ], [ -4.0709, 40.3499 ], [ -4.0709, 40.3498 ], [ -4.0709, 40.3497 ], [ -4.0708, 40.3496 ], [ -4.0708, 40.3496 ], [ -4.0708, 40.3496 ], [ -4.0708, 40.3496 ], [ -4.0708, 40.3495 ], [ -4.0708, 40.3495 ], [ -4.0708, 40.3495 ], [ -4.0708, 40.3494 ], [ -4.0708, 40.3494 ], [ -4.0708, 40.3494 ], [ -4.0708, 40.3494 ], [ -4.0708, 40.3494 ], [ -4.0708, 40.3493 ], [ -4.0708, 40.3493 ], [ -4.0708, 40.3493 ], [ -4.0708, 40.3493 ], [ -4.0708, 40.3493 ], [ -4.0708, 40.3492 ], [ -4.0708, 40.3492 ], [ -4.0708, 40.3492 ], [ -4.0708, 40.3492 ], [ -4.0708, 40.3491 ], [ -4.0708, 40.349 ], [ -4.0704, 40.3486 ], [ -4.0703, 40.3486 ], [ -4.0703, 40.3486 ], [ -4.0703, 40.3486 ], [ -4.0703, 40.3485 ], [ -4.0703, 40.3485 ], [ -4.0703, 40.3485 ], [ -4.0703, 40.3485 ], [ -4.0703, 40.3484 ], [ -4.0703, 40.3484 ], [ -4.0703, 40.3484 ], [ -4.0703, 40.3483 ], [ -4.0703, 40.3482 ], [ -4.0701, 40.348 ], [ -4.0702, 40.3479 ], [ -4.0701, 40.3479 ], [ -4.0701, 40.3479 ], [ -4.0701, 40.3479 ], [ -4.0701, 40.3478 ], [ -4.0701, 40.3478 ], [ -4.0701, 40.3478 ], [ -4.0701, 40.3478 ], [ -4.0701, 40.3477 ], [ -4.0701, 40.3476 ], [ -4.07, 40.3475 ], [ -4.0701, 40.348 ], [ -4.0703, 40.3482 ], [ -4.0703, 40.3483 ], [ -4.0703, 40.3483 ], [ -4.0703, 40.3483 ], [ -4.0703, 40.3483 ], [ -4.0703, 40.3484 ], [ -4.0703, 40.3484 ], [ -4.0703, 40.3484 ], [ -4.0703, 40.3485 ], [ -4.0703, 40.3486 ], [ -4.0708, 40.3491 ], [ -4.0707, 40.3493 ], [ -4.0708, 40.3493 ], [ -4.0708, 40.3493 ], [ -4.0708, 40.3494 ], [ -4.0708, 40.3494 ], [ -4.0708, 40.3494 ], [ -4.0708, 40.3494 ], [ -4.0708, 40.3494 ], [ -4.0708, 40.3495 ], [ -4.0708, 40.3495 ], [ -4.0708, 40.3495 ], [ -4.0708, 40.3496 ], [ -4.0708, 40.3497 ], [ -4.0709, 40.3497 ], [ -4.0709, 40.3497 ], [ -4.0709, 40.3497 ], [ -4.0709, 40.3497 ], [ -4.0709, 40.3498 ], [ -4.0709, 40.3498 ], [ -4.0709, 40.3498 ], [ -4.0709, 40.3498 ], [ -4.0709, 40.3499 ], [ -4.0709, 40.35 ], [ -4.0708, 40.35 ], [ -4.0709, 40.35 ], [ -4.0709, 40.3501 ], [ -4.0709, 40.3502 ], [ -4.071, 40.3504 ], [ -4.0711, 40.3504 ], [ -4.0711, 40.3505 ], [ -4.0711, 40.3506 ], [ -4.0712, 40.3507 ], [ -4.0712, 40.3507 ], [ -4.0712, 40.3507 ], [ -4.0712, 40.3508 ], [ -4.0712, 40.3509 ], [ -4.0713, 40.3511 ], [ -4.0715, 40.3512 ], [ -4.0715, 40.3513 ], [ -4.0715, 40.3514 ], [ -4.0717, 40.3516 ], [ -4.0717, 40.3519 ], [ -4.0718, 40.3521 ], [ -4.0719, 40.3521 ], [ -4.0719, 40.3522 ], [ -4.072, 40.3522 ], [ -4.072, 40.3525 ], [ -4.0721, 40.3525 ], [ -4.0721, 40.3526 ], [ -4.072, 40.3526 ], [ -4.0719, 40.3528 ], [ -4.072, 40.353 ], [ -4.0722, 40.3531 ], [ -4.0721, 40.3534 ], [ -4.0721, 40.3534 ], [ -4.0721, 40.3534 ], [ -4.0721, 40.3534 ], [ -4.0721, 40.3535 ], [ -4.0721, 40.3535 ], [ -4.0721, 40.3535 ], [ -4.0721, 40.3536 ], [ -4.0721, 40.3536 ], [ -4.0721, 40.3536 ], [ -4.0721, 40.3536 ], [ -4.0721, 40.3537 ], [ -4.0721, 40.3537 ], [ -4.0721, 40.3537 ], [ -4.0721, 40.3538 ], [ -4.0721, 40.3538 ], [ -4.0721, 40.3538 ], [ -4.0721, 40.3539 ], [ -4.0721, 40.3539 ], [ -4.0721, 40.3539 ], [ -4.0721, 40.3539 ], [ -4.0721, 40.354 ], [ -4.0721, 40.3541 ], [ -4.072, 40.3541 ], [ -4.072, 40.3544 ], [ -4.0722, 40.3545 ], [ -4.0722, 40.3545 ], [ -4.0722, 40.3545 ], [ -4.0722, 40.3545 ], [ -4.0722, 40.3546 ], [ -4.0722, 40.3547 ], [ -4.0721, 40.3547 ], [ -4.0721, 40.3547 ], [ -4.0721, 40.3548 ], [ -4.0721, 40.3549 ], [ -4.0722, 40.3549 ], [ -4.0722, 40.3549 ], [ -4.0722, 40.355 ], [ -4.0722, 40.3551 ], [ -4.0723, 40.3552 ], [ -4.0722, 40.3553 ], [ -4.0722, 40.3553 ], [ -4.0722, 40.3553 ], [ -4.0722, 40.3553 ], [ -4.0722, 40.3554 ], [ -4.0722, 40.3554 ], [ -4.0722, 40.3554 ], [ -4.0722, 40.3554 ], [ -4.0722, 40.3554 ], [ -4.0722, 40.3555 ], [ -4.0722, 40.3556 ], [ -4.0721, 40.3556 ], [ -4.072, 40.356 ], [ -4.0719, 40.356 ], [ -4.0719, 40.356 ], [ -4.0719, 40.3561 ], [ -4.0719, 40.3561 ], [ -4.0719, 40.3561 ], [ -4.0719, 40.3562 ], [ -4.0719, 40.3562 ], [ -4.0719, 40.3562 ], [ -4.0719, 40.3562 ], [ -4.0719, 40.3562 ], [ -4.0719, 40.3563 ], [ -4.0719, 40.3564 ], [ -4.0717, 40.3565 ], [ -4.0717, 40.3566 ], [ -4.0717, 40.3566 ], [ -4.0717, 40.3566 ], [ -4.0717, 40.3566 ], [ -4.0717, 40.3567 ], [ -4.0717, 40.3567 ], [ -4.0717, 40.3567 ], [ -4.0717, 40.3567 ], [ -4.0717, 40.3568 ], [ -4.0717, 40.3568 ], [ -4.0717, 40.3568 ], [ -4.0717, 40.3569 ], [ -4.0717, 40.357 ], [ -4.0718, 40.357 ], [ -4.0718, 40.357 ], [ -4.0718, 40.357 ], [ -4.0719, 40.357 ], [ -4.0719, 40.357 ], [ -4.072, 40.357 ], [ -4.072, 40.357 ], [ -4.072, 40.357 ], [ -4.0721, 40.357 ], [ -4.0721, 40.357 ], [ -4.0721, 40.357 ], [ -4.0722, 40.357 ], [ -4.0722, 40.357 ], [ -4.0723, 40.357 ], [ -4.0723, 40.357 ], [ -4.0723, 40.357 ], [ -4.0724, 40.357 ], [ -4.0724, 40.357 ], [ -4.0724, 40.357 ], [ -4.0725, 40.357 ], [ -4.0726, 40.357 ], [ -4.0728, 40.3573 ], [ -4.0728, 40.3573 ], [ -4.0728, 40.3573 ], [ -4.0728, 40.3574 ], [ -4.0728, 40.3574 ], [ -4.0728, 40.3574 ], [ -4.0728, 40.3574 ], [ -4.0728, 40.3575 ], [ -4.0728, 40.3575 ], [ -4.0728, 40.3575 ], [ -4.0728, 40.3575 ], [ -4.0728, 40.3576 ], [ -4.0728, 40.3576 ], [ -4.0728, 40.3576 ], [ -4.0728, 40.3576 ], [ -4.0728, 40.3577 ], [ -4.0728, 40.3578 ], [ -4.0727, 40.3579 ], [ -4.0726, 40.3579 ], [ -4.0726, 40.3579 ], [ -4.0726, 40.3578 ], [ -4.0726, 40.3578 ], [ -4.0726, 40.3578 ], [ -4.0726, 40.3578 ], [ -4.0726, 40.3577 ], [ -4.0726, 40.3576 ], [ -4.0725, 40.3575 ], [ -4.0724, 40.3575 ], [ -4.0723, 40.3575 ], [ -4.0723, 40.3574 ], [ -4.0722, 40.3574 ], [ -4.0722, 40.3573 ], [ -4.072, 40.3572 ], [ -4.072, 40.3572 ], [ -4.072, 40.3572 ], [ -4.0719, 40.3572 ], [ -4.0719, 40.3572 ], [ -4.0718, 40.3572 ], [ -4.0718, 40.3572 ], [ -4.0718, 40.3572 ], [ -4.0717, 40.3572 ], [ -4.0717, 40.3572 ], [ -4.0717, 40.3572 ], [ -4.0716, 40.3572 ], [ -4.0716, 40.3572 ], [ -4.0716, 40.3572 ], [ -4.0715, 40.3572 ], [ -4.0714, 40.3572 ], [ -4.0714, 40.3573 ], [ -4.0714, 40.3573 ], [ -4.0713, 40.3573 ], [ -4.0713, 40.3573 ], [ -4.0713, 40.3573 ], [ -4.0712, 40.3573 ], [ -4.0712, 40.3573 ], [ -4.0711, 40.3573 ], [ -4.0711, 40.3573 ], [ -4.0711, 40.3573 ], [ -4.071, 40.3573 ], [ -4.071, 40.3573 ], [ -4.0709, 40.3573 ], [ -4.0709, 40.3573 ], [ -4.0709, 40.3573 ], [ -4.0708, 40.3573 ], [ -4.0708, 40.3573 ], [ -4.0707, 40.3573 ], [ -4.0707, 40.3573 ], [ -4.0707, 40.3573 ], [ -4.0706, 40.3573 ], [ -4.0706, 40.3573 ], [ -4.0706, 40.3573 ], [ -4.0705, 40.3573 ], [ -4.0705, 40.3573 ], [ -4.0705, 40.3573 ], [ -4.0704, 40.3573 ], [ -4.0703, 40.3573 ], [ -4.0703, 40.3572 ], [ -4.0702, 40.3572 ], [ -4.0702, 40.3572 ], [ -4.0701, 40.3572 ], [ -4.0701, 40.3572 ], [ -4.0701, 40.3572 ], [ -4.07, 40.3572 ], [ -4.0699, 40.3572 ], [ -4.0699, 40.3571 ], [ -4.0698, 40.3571 ], [ -4.0697, 40.3571 ], [ -4.0697, 40.3572 ], [ -4.0696, 40.3572 ], [ -4.0696, 40.3572 ], [ -4.0696, 40.3572 ], [ -4.0695, 40.3572 ], [ -4.0695, 40.3572 ], [ -4.0695, 40.3572 ], [ -4.0695, 40.3572 ], [ -4.0694, 40.3572 ], [ -4.0694, 40.3572 ], [ -4.0693, 40.3572 ], [ -4.0692, 40.3572 ], [ -4.0692, 40.3571 ], [ -4.0691, 40.3571 ], [ -4.069, 40.357 ], [ -4.0689, 40.357 ], [ -4.0689, 40.3569 ], [ -4.0689, 40.3569 ], [ -4.0688, 40.3569 ], [ -4.0688, 40.3569 ], [ -4.0688, 40.3569 ], [ -4.0688, 40.3569 ], [ -4.0687, 40.3569 ], [ -4.0687, 40.3569 ], [ -4.0687, 40.3569 ], [ -4.0686, 40.3569 ], [ -4.0686, 40.3569 ], [ -4.0684, 40.3569 ], [ -4.0681, 40.3569 ], [ -4.0681, 40.3569 ], [ -4.0681, 40.3569 ], [ -4.0681, 40.3569 ], [ -4.068, 40.3569 ], [ -4.068, 40.3569 ], [ -4.068, 40.3569 ], [ -4.0679, 40.3569 ], [ -4.0678, 40.3569 ], [ -4.0677, 40.357 ], [ -4.0677, 40.357 ], [ -4.0677, 40.357 ], [ -4.0676, 40.357 ], [ -4.0676, 40.357 ], [ -4.0676, 40.357 ], [ -4.0675, 40.357 ], [ -4.0675, 40.357 ], [ -4.0675, 40.357 ], [ -4.0674, 40.357 ], [ -4.0674, 40.357 ], [ -4.0674, 40.357 ], [ -4.0674, 40.357 ], [ -4.0673, 40.357 ], [ -4.0673, 40.357 ], [ -4.0673, 40.357 ], [ -4.0672, 40.357 ], [ -4.0672, 40.357 ], [ -4.0672, 40.357 ], [ -4.0671, 40.357 ], [ -4.0671, 40.357 ], [ -4.0671, 40.357 ], [ -4.067, 40.357 ], [ -4.067, 40.357 ], [ -4.0669, 40.357 ], [ -4.0668, 40.357 ], [ -4.0668, 40.357 ], [ -4.0668, 40.357 ], [ -4.0667, 40.357 ], [ -4.0666, 40.357 ], [ -4.0666, 40.3571 ], [ -4.0665, 40.3571 ], [ -4.0664, 40.3571 ], [ -4.0662, 40.3569 ], [ -4.0662, 40.3569 ], [ -4.0662, 40.3569 ], [ -4.0662, 40.3569 ], [ -4.0662, 40.3569 ], [ -4.0662, 40.3569 ], [ -4.0662, 40.3569 ], [ -4.0662, 40.3569 ], [ -4.0661, 40.3569 ], [ -4.0661, 40.3569 ], [ -4.0661, 40.3569 ], [ -4.066, 40.3569 ], [ -4.066, 40.3569 ], [ -4.066, 40.3569 ], [ -4.0659, 40.3569 ], [ -4.0659, 40.3569 ], [ -4.0659, 40.3569 ], [ -4.0658, 40.3569 ], [ -4.0658, 40.3569 ], [ -4.0658, 40.3569 ], [ -4.0657, 40.3569 ], [ -4.0657, 40.3569 ], [ -4.0656, 40.3569 ], [ -4.0655, 40.3569 ], [ -4.0654, 40.3571 ], [ -4.0651, 40.3572 ], [ -4.0651, 40.3573 ], [ -4.065, 40.3573 ], [ -4.065, 40.3573 ], [ -4.065, 40.3573 ], [ -4.0649, 40.3573 ], [ -4.0648, 40.3573 ], [ -4.0648, 40.3574 ], [ -4.0648, 40.3574 ], [ -4.0647, 40.3574 ], [ -4.0646, 40.3574 ], [ -4.0644, 40.3576 ], [ -4.0644, 40.3576 ], [ -4.0644, 40.3576 ], [ -4.0643, 40.3576 ], [ -4.0642, 40.3576 ], [ -4.0642, 40.3575 ], [ -4.0641, 40.3575 ], [ -4.064, 40.3575 ], [ -4.064, 40.3574 ], [ -4.0639, 40.3574 ], [ -4.0639, 40.3574 ], [ -4.0639, 40.3574 ], [ -4.0639, 40.3574 ], [ -4.0638, 40.3574 ], [ -4.0638, 40.3574 ], [ -4.0638, 40.3574 ], [ -4.0637, 40.3574 ], [ -4.0636, 40.3574 ], [ -4.0636, 40.3575 ], [ -4.0633, 40.3576 ], [ -4.0633, 40.3577 ], [ -4.0633, 40.3577 ], [ -4.0632, 40.3577 ], [ -4.0631, 40.3577 ], [ -4.0631, 40.3578 ], [ -4.0631, 40.3578 ], [ -4.0631, 40.3578 ], [ -4.0631, 40.3578 ], [ -4.063, 40.3578 ], [ -4.0629, 40.3578 ], [ -4.0627, 40.3579 ], [ -4.0626, 40.358 ], [ -4.0626, 40.3581 ], [ -4.062, 40.3582 ], [ -4.0618, 40.3584 ], [ -4.0617, 40.3584 ], [ -4.0617, 40.3584 ], [ -4.0617, 40.3584 ], [ -4.0617, 40.3584 ], [ -4.0616, 40.3584 ], [ -4.0615, 40.3584 ], [ -4.0615, 40.3585 ], [ -4.0615, 40.3585 ], [ -4.0614, 40.3585 ], [ -4.0614, 40.3585 ], [ -4.0614, 40.3585 ], [ -4.0613, 40.3585 ], [ -4.0613, 40.3585 ], [ -4.0613, 40.3585 ], [ -4.0612, 40.3585 ], [ -4.0612, 40.3585 ], [ -4.0612, 40.3585 ], [ -4.0611, 40.3585 ], [ -4.0611, 40.3585 ], [ -4.0611, 40.3585 ], [ -4.061, 40.3585 ], [ -4.061, 40.3585 ], [ -4.0609, 40.3585 ], [ -4.0609, 40.3585 ], [ -4.0609, 40.3585 ], [ -4.0608, 40.3585 ], [ -4.0607, 40.3585 ], [ -4.0607, 40.3584 ], [ -4.0604, 40.3583 ], [ -4.0604, 40.3582 ], [ -4.0604, 40.3582 ], [ -4.0603, 40.3582 ], [ -4.0602, 40.3582 ], [ -4.0602, 40.3581 ], [ -4.0601, 40.3581 ], [ -4.0601, 40.3581 ], [ -4.06, 40.3581 ], [ -4.06, 40.3581 ], [ -4.06, 40.3581 ], [ -4.0599, 40.3581 ], [ -4.0599, 40.3581 ], [ -4.0599, 40.3581 ], [ -4.0598, 40.3581 ], [ -4.0598, 40.3581 ], [ -4.0597, 40.3581 ], [ -4.0597, 40.3581 ], [ -4.0597, 40.3581 ], [ -4.0596, 40.3581 ], [ -4.0595, 40.3581 ], [ -4.0595, 40.3582 ], [ -4.0594, 40.3582 ], [ -4.0594, 40.3582 ], [ -4.0594, 40.3582 ], [ -4.0593, 40.3582 ], [ -4.0593, 40.3582 ], [ -4.0592, 40.3582 ], [ -4.0592, 40.3582 ], [ -4.0592, 40.3582 ], [ -4.0591, 40.3582 ], [ -4.0591, 40.3582 ], [ -4.059, 40.3582 ], [ -4.0589, 40.3582 ], [ -4.0589, 40.3583 ], [ -4.0589, 40.3583 ], [ -4.0588, 40.3583 ], [ -4.0588, 40.3583 ], [ -4.0585, 40.3583 ], [ -4.0585, 40.3583 ], [ -4.0585, 40.3583 ], [ -4.0584, 40.3583 ], [ -4.0583, 40.3583 ], [ -4.0581, 40.3581 ], [ -4.0581, 40.3581 ], [ -4.0581, 40.358 ], [ -4.0581, 40.3579 ], [ -4.058, 40.3578 ], [ -4.0578, 40.3577 ], [ -4.0578, 40.3577 ], [ -4.0578, 40.3577 ], [ -4.0577, 40.3577 ], [ -4.0576, 40.3577 ], [ -4.0576, 40.3576 ], [ -4.0573, 40.3574 ], [ -4.0573, 40.3574 ], [ -4.0573, 40.3574 ], [ -4.0572, 40.3574 ], [ -4.0572, 40.3574 ], [ -4.0572, 40.3574 ], [ -4.0571, 40.3574 ], [ -4.0571, 40.3574 ], [ -4.0571, 40.3574 ], [ -4.0571, 40.3574 ], [ -4.057, 40.3574 ], [ -4.0569, 40.3574 ], [ -4.0568, 40.3575 ], [ -4.0567, 40.3574 ], [ -4.0567, 40.3574 ], [ -4.0566, 40.3574 ], [ -4.0566, 40.3574 ], [ -4.0565, 40.3574 ], [ -4.0565, 40.3574 ], [ -4.0565, 40.3574 ], [ -4.0564, 40.3574 ], [ -4.0564, 40.3574 ], [ -4.0563, 40.3574 ], [ -4.0563, 40.3574 ], [ -4.0563, 40.3574 ], [ -4.0562, 40.3574 ], [ -4.0562, 40.3574 ], [ -4.0562, 40.3574 ], [ -4.0561, 40.3574 ], [ -4.0561, 40.3574 ], [ -4.0561, 40.3574 ], [ -4.056, 40.3574 ], [ -4.0559, 40.3574 ], [ -4.0558, 40.3572 ], [ -4.0557, 40.3572 ], [ -4.0556, 40.3573 ], [ -4.0556, 40.3572 ], [ -4.0554, 40.3571 ], [ -4.0554, 40.3571 ], [ -4.0554, 40.3571 ], [ -4.0554, 40.3571 ], [ -4.0554, 40.357 ], [ -4.0554, 40.3569 ], [ -4.0553, 40.3569 ], [ -4.0553, 40.3569 ], [ -4.0553, 40.3568 ], [ -4.0553, 40.3567 ], [ -4.0554, 40.3567 ], [ -4.0553, 40.3566 ], [ -4.0553, 40.3565 ], [ -4.0553, 40.3565 ], [ -4.0552, 40.3565 ], [ -4.0552, 40.3565 ], [ -4.0551, 40.3565 ], [ -4.055, 40.3565 ], [ -4.0549, 40.3564 ], [ -4.0549, 40.3564 ], [ -4.0549, 40.3564 ], [ -4.0548, 40.3564 ], [ -4.0547, 40.3564 ], [ -4.0547, 40.3563 ], [ -4.0546, 40.3563 ], [ -4.0546, 40.3563 ], [ -4.0546, 40.3563 ], [ -4.0545, 40.3563 ], [ -4.0544, 40.3563 ], [ -4.0544, 40.3562 ], [ -4.0544, 40.3562 ], [ -4.0543, 40.3562 ], [ -4.0543, 40.3562 ], [ -4.0543, 40.3562 ], [ -4.0542, 40.3562 ], [ -4.0541, 40.3562 ], [ -4.0541, 40.3562 ], [ -4.0541, 40.3562 ], [ -4.0541, 40.3562 ], [ -4.0541, 40.3561 ], [ -4.0541, 40.356 ], [ -4.054, 40.356 ], [ -4.054, 40.3559 ], [ -4.054, 40.3559 ], [ -4.054, 40.3559 ], [ -4.054, 40.3559 ], [ -4.054, 40.3558 ], [ -4.054, 40.3557 ], [ -4.0539, 40.3557 ], [ -4.0539, 40.3557 ], [ -4.0539, 40.3557 ], [ -4.0539, 40.3557 ], [ -4.0538, 40.3557 ], [ -4.0538, 40.3557 ], [ -4.0538, 40.3557 ], [ -4.0537, 40.3557 ], [ -4.0537, 40.3557 ], [ -4.0537, 40.3557 ], [ -4.0536, 40.3557 ], [ -4.0536, 40.3557 ], [ -4.0535, 40.3557 ], [ -4.0535, 40.3557 ], [ -4.0535, 40.3557 ], [ -4.0535, 40.3557 ], [ -4.0535, 40.3557 ], [ -4.0534, 40.3557 ], [ -4.0534, 40.3557 ], [ -4.0534, 40.3557 ], [ -4.0533, 40.3557 ], [ -4.0533, 40.3557 ], [ -4.0533, 40.3557 ], [ -4.0532, 40.3557 ], [ -4.0532, 40.3557 ], [ -4.0531, 40.3557 ], [ -4.0531, 40.3557 ], [ -4.0531, 40.3557 ], [ -4.053, 40.3557 ], [ -4.053, 40.3557 ], [ -4.0529, 40.3557 ], [ -4.0528, 40.3557 ], [ -4.0528, 40.3556 ], [ -4.0528, 40.3556 ], [ -4.0528, 40.3556 ], [ -4.0527, 40.3556 ], [ -4.0526, 40.3556 ], [ -4.0526, 40.3557 ], [ -4.0526, 40.3557 ], [ -4.0525, 40.3557 ], [ -4.0525, 40.3557 ], [ -4.0525, 40.3557 ], [ -4.0524, 40.3557 ], [ -4.0524, 40.3557 ], [ -4.0524, 40.3557 ], [ -4.0523, 40.3557 ], [ -4.0523, 40.3557 ], [ -4.0522, 40.3557 ], [ -4.0521, 40.3557 ], [ -4.0521, 40.3556 ], [ -4.052, 40.3556 ], [ -4.052, 40.3556 ], [ -4.0519, 40.3556 ], [ -4.0518, 40.3556 ], [ -4.0518, 40.3555 ], [ -4.0514, 40.3554 ], [ -4.0511, 40.3555 ], [ -4.051, 40.3556 ], [ -4.051, 40.3556 ], [ -4.051, 40.3556 ], [ -4.0509, 40.3556 ], [ -4.0509, 40.3556 ], [ -4.0508, 40.3556 ], [ -4.0507, 40.3556 ], [ -4.0507, 40.3555 ], [ -4.0506, 40.3554 ], [ -4.0502, 40.3553 ], [ -4.0502, 40.3553 ], [ -4.0501, 40.3553 ], [ -4.0501, 40.3553 ], [ -4.05, 40.3553 ], [ -4.05, 40.3553 ], [ -4.0499, 40.3553 ], [ -4.0499, 40.3553 ], [ -4.0499, 40.3553 ], [ -4.0498, 40.3553 ], [ -4.0498, 40.3553 ], [ -4.0497, 40.3553 ], [ -4.0496, 40.3553 ], [ -4.0496, 40.3553 ], [ -4.0497, 40.3553 ], [ -4.0497, 40.3553 ], [ -4.0497, 40.3553 ], [ -4.0497, 40.3553 ], [ -4.0498, 40.3553 ], [ -4.0498, 40.3553 ], [ -4.0499, 40.3553 ], [ -4.0499, 40.3553 ], [ -4.0499, 40.3553 ], [ -4.05, 40.3553 ], [ -4.05, 40.3553 ], [ -4.0501, 40.3553 ], [ -4.0502, 40.3553 ], [ -4.0502, 40.3554 ], [ -4.0505, 40.3554 ], [ -4.0507, 40.3556 ], [ -4.0511, 40.3555 ], [ -4.0517, 40.3555 ], [ -4.0518, 40.3556 ], [ -4.0521, 40.3557 ], [ -4.0521, 40.3557 ], [ -4.0521, 40.3557 ], [ -4.0522, 40.3557 ], [ -4.0522, 40.3557 ], [ -4.0523, 40.3557 ], [ -4.0523, 40.3557 ], [ -4.0524, 40.3557 ], [ -4.0524, 40.3557 ], [ -4.0524, 40.3557 ], [ -4.0525, 40.3557 ], [ -4.0526, 40.3557 ], [ -4.0527, 40.3556 ], [ -4.0528, 40.3557 ], [ -4.0528, 40.3557 ], [ -4.0529, 40.3557 ], [ -4.0529, 40.3557 ], [ -4.0529, 40.3557 ], [ -4.0529, 40.3557 ], [ -4.0529, 40.3557 ], [ -4.0529, 40.3557 ], [ -4.053, 40.3557 ], [ -4.053, 40.3557 ], [ -4.0531, 40.3557 ], [ -4.0531, 40.3557 ], [ -4.0531, 40.3557 ], [ -4.0532, 40.3557 ], [ -4.0532, 40.3557 ], [ -4.0533, 40.3557 ], [ -4.0533, 40.3557 ], [ -4.0533, 40.3557 ], [ -4.0534, 40.3557 ], [ -4.0534, 40.3557 ], [ -4.0534, 40.3557 ], [ -4.0535, 40.3557 ], [ -4.0535, 40.3557 ], [ -4.0535, 40.3557 ], [ -4.0536, 40.3557 ], [ -4.0536, 40.3557 ], [ -4.0536, 40.3557 ], [ -4.0536, 40.3557 ], [ -4.0537, 40.3557 ], [ -4.0537, 40.3557 ], [ -4.0537, 40.3557 ], [ -4.0538, 40.3557 ], [ -4.0539, 40.3557 ], [ -4.054, 40.356 ], [ -4.0541, 40.356 ], [ -4.0541, 40.3561 ], [ -4.0541, 40.3562 ], [ -4.0541, 40.3562 ], [ -4.0541, 40.3562 ], [ -4.0541, 40.3562 ], [ -4.0541, 40.3562 ], [ -4.0541, 40.3562 ], [ -4.0541, 40.3562 ], [ -4.0542, 40.3562 ], [ -4.0542, 40.3562 ], [ -4.0542, 40.3562 ], [ -4.0543, 40.3562 ], [ -4.0544, 40.3562 ], [ -4.0544, 40.3563 ], [ -4.0544, 40.3563 ], [ -4.0545, 40.3563 ], [ -4.0545, 40.3563 ], [ -4.0545, 40.3563 ], [ -4.0546, 40.3563 ], [ -4.0547, 40.3563 ], [ -4.0547, 40.3564 ], [ -4.0547, 40.3564 ], [ -4.0548, 40.3564 ], [ -4.0549, 40.3564 ], [ -4.0549, 40.3565 ], [ -4.055, 40.3565 ], [ -4.055, 40.3565 ], [ -4.0551, 40.3565 ], [ -4.0551, 40.3565 ], [ -4.0551, 40.3565 ], [ -4.0552, 40.3565 ], [ -4.0553, 40.3565 ], [ -4.0554, 40.3566 ], [ -4.0554, 40.3567 ], [ -4.0553, 40.3567 ], [ -4.0553, 40.3567 ], [ -4.0553, 40.3568 ], [ -4.0553, 40.3569 ], [ -4.0554, 40.3569 ], [ -4.0554, 40.357 ], [ -4.0554, 40.357 ], [ -4.0554, 40.357 ], [ -4.0554, 40.357 ], [ -4.0554, 40.3571 ], [ -4.0554, 40.3572 ], [ -4.0556, 40.3572 ], [ -4.0556, 40.3573 ], [ -4.0558, 40.3572 ], [ -4.0559, 40.3574 ], [ -4.0559, 40.3574 ], [ -4.0559, 40.3574 ], [ -4.0559, 40.3574 ], [ -4.056, 40.3574 ], [ -4.056, 40.3574 ], [ -4.056, 40.3574 ], [ -4.0561, 40.3574 ], [ -4.0562, 40.3574 ], [ -4.0562, 40.3575 ], [ -4.0564, 40.3574 ], [ -4.0564, 40.3574 ], [ -4.0565, 40.3574 ], [ -4.0565, 40.3574 ], [ -4.0565, 40.3574 ], [ -4.0566, 40.3574 ], [ -4.0567, 40.3574 ], [ -4.0567, 40.3575 ], [ -4.0568, 40.3575 ], [ -4.057, 40.3575 ], [ -4.057, 40.3574 ], [ -4.0571, 40.3574 ], [ -4.0571, 40.3574 ], [ -4.0571, 40.3574 ], [ -4.0571, 40.3574 ], [ -4.0572, 40.3574 ], [ -4.0573, 40.3574 ], [ -4.0576, 40.3577 ], [ -4.058, 40.3578 ], [ -4.0581, 40.3581 ], [ -4.0583, 40.3583 ], [ -4.0583, 40.3583 ], [ -4.0583, 40.3583 ], [ -4.0584, 40.3583 ], [ -4.0584, 40.3583 ], [ -4.0584, 40.3583 ], [ -4.0585, 40.3583 ], [ -4.0588, 40.3583 ], [ -4.0581, 40.3584 ], [ -4.058, 40.3585 ], [ -4.058, 40.3585 ], [ -4.058, 40.3585 ], [ -4.0579, 40.3585 ], [ -4.0579, 40.3585 ], [ -4.0579, 40.3585 ], [ -4.0578, 40.3585 ], [ -4.0578, 40.3585 ], [ -4.0578, 40.3585 ], [ -4.0577, 40.3585 ], [ -4.0576, 40.3585 ], [ -4.0575, 40.3584 ], [ -4.0575, 40.3583 ], [ -4.0575, 40.3583 ], [ -4.0574, 40.3583 ], [ -4.0573, 40.3583 ], [ -4.0571, 40.3586 ], [ -4.0567, 40.3587 ], [ -4.0567, 40.3588 ], [ -4.0563, 40.3592 ], [ -4.0562, 40.3592 ], [ -4.0561, 40.3592 ], [ -4.0561, 40.3593 ], [ -4.056, 40.3593 ], [ -4.0559, 40.3594 ], [ -4.0558, 40.3594 ], [ -4.0558, 40.3595 ], [ -4.0558, 40.3595 ], [ -4.0557, 40.3595 ], [ -4.0557, 40.3595 ], [ -4.0556, 40.3595 ], [ -4.0556, 40.3595 ], [ -4.0556, 40.3595 ], [ -4.0555, 40.3595 ], [ -4.0554, 40.3595 ], [ -4.0552, 40.3597 ], [ -4.055, 40.3597 ], [ -4.055, 40.3598 ], [ -4.055, 40.3598 ], [ -4.0549, 40.3598 ], [ -4.0549, 40.3598 ], [ -4.0548, 40.3598 ], [ -4.0548, 40.3598 ], [ -4.0548, 40.3598 ], [ -4.0547, 40.3598 ], [ -4.0547, 40.3598 ], [ -4.0546, 40.3598 ], [ -4.0546, 40.3598 ], [ -4.0546, 40.3598 ], [ -4.0545, 40.3598 ], [ -4.0545, 40.3598 ], [ -4.0544, 40.3598 ], [ -4.0543, 40.3598 ], [ -4.0543, 40.3597 ], [ -4.054, 40.3596 ], [ -4.054, 40.3596 ], [ -4.0539, 40.3596 ], [ -4.0539, 40.3596 ], [ -4.0539, 40.3596 ], [ -4.0538, 40.3596 ], [ -4.0538, 40.3596 ], [ -4.0538, 40.3596 ], [ -4.0537, 40.3596 ], [ -4.0536, 40.3596 ], [ -4.0535, 40.3599 ], [ -4.0533, 40.36 ], [ -4.0533, 40.36 ], [ -4.0532, 40.36 ], [ -4.0532, 40.36 ], [ -4.0532, 40.36 ], [ -4.0531, 40.36 ], [ -4.0531, 40.36 ], [ -4.0531, 40.36 ], [ -4.0531, 40.36 ], [ -4.053, 40.36 ], [ -4.053, 40.36 ], [ -4.0529, 40.36 ], [ -4.0529, 40.36 ], [ -4.0529, 40.36 ], [ -4.0528, 40.36 ], [ -4.0528, 40.36 ], [ -4.0528, 40.36 ], [ -4.0527, 40.36 ], [ -4.0527, 40.36 ], [ -4.0527, 40.36 ], [ -4.0527, 40.36 ], [ -4.0526, 40.36 ], [ -4.0526, 40.36 ], [ -4.0525, 40.36 ], [ -4.0525, 40.36 ], [ -4.0525, 40.36 ], [ -4.0524, 40.36 ], [ -4.0523, 40.36 ], [ -4.0523, 40.3601 ], [ -4.0522, 40.3601 ], [ -4.0521, 40.3601 ], [ -4.0521, 40.3602 ], [ -4.0518, 40.3602 ], [ -4.0518, 40.3603 ], [ -4.0518, 40.3603 ], [ -4.0517, 40.3603 ], [ -4.0517, 40.3603 ], [ -4.0517, 40.3603 ], [ -4.0516, 40.3603 ], [ -4.0516, 40.3603 ], [ -4.0516, 40.3603 ], [ -4.0515, 40.3603 ], [ -4.0515, 40.3603 ], [ -4.0514, 40.3603 ], [ -4.0514, 40.3603 ], [ -4.0513, 40.3603 ], [ -4.0513, 40.3603 ], [ -4.0513, 40.3603 ], [ -4.0512, 40.3603 ], [ -4.0512, 40.3603 ], [ -4.0511, 40.3603 ], [ -4.0511, 40.3603 ], [ -4.051, 40.3603 ], [ -4.0509, 40.3603 ], [ -4.0509, 40.3604 ], [ -4.0508, 40.3604 ], [ -4.0508, 40.3604 ], [ -4.0507, 40.3604 ], [ -4.0507, 40.3604 ], [ -4.0507, 40.3604 ], [ -4.0506, 40.3604 ], [ -4.0505, 40.3604 ], [ -4.0504, 40.3602 ], [ -4.0503, 40.3602 ], [ -4.0502, 40.3602 ], [ -4.0498, 40.3607 ], [ -4.0495, 40.3606 ], [ -4.0495, 40.3606 ], [ -4.0495, 40.3606 ], [ -4.0495, 40.3606 ], [ -4.0494, 40.3606 ], [ -4.0493, 40.3606 ], [ -4.0492, 40.3605 ], [ -4.0492, 40.3605 ], [ -4.0492, 40.3605 ], [ -4.0491, 40.3605 ], [ -4.0491, 40.3605 ], [ -4.0491, 40.3605 ], [ -4.049, 40.3605 ], [ -4.049, 40.3605 ], [ -4.049, 40.3605 ], [ -4.0489, 40.3605 ], [ -4.0489, 40.3605 ], [ -4.0489, 40.3605 ], [ -4.0489, 40.3605 ], [ -4.0488, 40.3605 ], [ -4.0488, 40.3605 ], [ -4.0487, 40.3605 ], [ -4.0487, 40.3605 ], [ -4.0487, 40.3605 ], [ -4.0486, 40.3605 ], [ -4.0486, 40.3605 ], [ -4.0486, 40.3605 ], [ -4.0485, 40.3605 ], [ -4.0484, 40.3605 ], [ -4.0484, 40.3604 ], [ -4.0483, 40.3602 ], [ -4.0482, 40.3602 ], [ -4.0482, 40.3601 ], [ -4.0482, 40.36 ], [ -4.0481, 40.3599 ], [ -4.0481, 40.3599 ], [ -4.0479, 40.3599 ], [ -4.0478, 40.3599 ], [ -4.0478, 40.3599 ], [ -4.0478, 40.3599 ], [ -4.0477, 40.3599 ], [ -4.0476, 40.3599 ], [ -4.0475, 40.3598 ], [ -4.0475, 40.3598 ], [ -4.0475, 40.3598 ], [ -4.0475, 40.3598 ], [ -4.0474, 40.3598 ], [ -4.0474, 40.3598 ], [ -4.0474, 40.3598 ], [ -4.0473, 40.3598 ], [ -4.0473, 40.3598 ], [ -4.0472, 40.3598 ], [ -4.0472, 40.3598 ], [ -4.0472, 40.3598 ], [ -4.0471, 40.3598 ], [ -4.047, 40.3598 ], [ -4.0469, 40.3597 ], [ -4.0469, 40.3597 ], [ -4.0469, 40.3597 ], [ -4.0468, 40.3597 ], [ -4.0467, 40.3597 ], [ -4.0466, 40.3598 ], [ -4.0465, 40.3597 ], [ -4.0464, 40.3597 ], [ -4.0464, 40.3596 ], [ -4.0463, 40.3596 ], [ -4.0462, 40.3596 ], [ -4.0462, 40.3595 ], [ -4.0462, 40.3595 ], [ -4.0461, 40.3595 ], [ -4.0461, 40.3595 ], [ -4.046, 40.3595 ], [ -4.0459, 40.3595 ], [ -4.0458, 40.3596 ], [ -4.0462, 40.3595 ], [ -4.0462, 40.3596 ], [ -4.0463, 40.3596 ], [ -4.0464, 40.3597 ], [ -4.0465, 40.3597 ], [ -4.0465, 40.3598 ], [ -4.0466, 40.3598 ], [ -4.0468, 40.3598 ], [ -4.0469, 40.3597 ], [ -4.0469, 40.3598 ], [ -4.047, 40.3598 ], [ -4.047, 40.3598 ], [ -4.047, 40.3598 ], [ -4.047, 40.3598 ], [ -4.0471, 40.3598 ], [ -4.0471, 40.3598 ], [ -4.0471, 40.3598 ], [ -4.0472, 40.3598 ], [ -4.0472, 40.3598 ], [ -4.0472, 40.3598 ], [ -4.0473, 40.3598 ], [ -4.0473, 40.3598 ], [ -4.0474, 40.3598 ], [ -4.0475, 40.3598 ], [ -4.0475, 40.3599 ], [ -4.0475, 40.3599 ], [ -4.0475, 40.3599 ], [ -4.0476, 40.3599 ], [ -4.0476, 40.3599 ], [ -4.0477, 40.3599 ], [ -4.0477, 40.3599 ], [ -4.0477, 40.3599 ], [ -4.0477, 40.3599 ], [ -4.0477, 40.3599 ], [ -4.0478, 40.3599 ], [ -4.0478, 40.3599 ], [ -4.0478, 40.3599 ], [ -4.0479, 40.3599 ], [ -4.0481, 40.3599 ], [ -4.0482, 40.3602 ], [ -4.0483, 40.3602 ], [ -4.0484, 40.3605 ], [ -4.0485, 40.3605 ], [ -4.0485, 40.3605 ], [ -4.0485, 40.3605 ], [ -4.0485, 40.3605 ], [ -4.0486, 40.3605 ], [ -4.0486, 40.3605 ], [ -4.0487, 40.3605 ], [ -4.0487, 40.3605 ], [ -4.0487, 40.3605 ], [ -4.0488, 40.3605 ], [ -4.0488, 40.3605 ], [ -4.0489, 40.3605 ], [ -4.0489, 40.3605 ], [ -4.0489, 40.3605 ], [ -4.0489, 40.3605 ], [ -4.049, 40.3605 ], [ -4.049, 40.3605 ], [ -4.049, 40.3605 ], [ -4.0491, 40.3605 ], [ -4.0492, 40.3605 ], [ -4.0492, 40.3606 ], [ -4.0493, 40.3606 ], [ -4.0493, 40.3606 ], [ -4.0493, 40.3606 ], [ -4.0494, 40.3606 ] ] ] } },
{ "type": "Feature", "properties": { "municipio": "Sevilla la Nueva", "clasificacion": "no-urbanizable-protegido", "calificacion": "sin-asignar", "version": "vigente", "fuente": "SIT-CAM WFS — UsoDelSuelo:VPLA_V_CLASIFICACION (https://idem.comunidad.madrid/geosrvg/ows)", "fecha_dato": "2026-05-12", "ambito": "44768", "_raw_CD_SIGLAS": "SNUP", "_raw_DS_CLASIF_GEN": "Suelo No Urbanizable Protegido", "_raw_DS_CLASIF_DET": "Suelo No Urbanizable. Clase I. Cauces, Riberas y Zonas Húmedas - Suelo No Urbanizable. Clase I. ZEPA", "_raw_DS_DOCU": "NORMAS SUBSIDIARIAS", "_raw_DS_LEY": "CM Ley 9/1995, E Ley 6/1998, E RDL 1/1992, E RD 1346/1976", "_raw_FC_AC": "2001-01-11", "_raw_NM_AREA_M2": 4745.0207483157801, "_cam_code": "141" }, "geometry": { "type": "Polygon", "coordinates": [ [ [ -4.0401, 40.3518 ], [ -4.04, 40.3519 ], [ -4.04, 40.352 ], [ -4.04, 40.352 ], [ -4.04, 40.352 ], [ -4.04, 40.3521 ], [ -4.04, 40.3521 ], [ -4.04, 40.3522 ], [ -4.04, 40.3523 ], [ -4.0399, 40.3524 ], [ -4.0399, 40.3524 ], [ -4.0399, 40.3524 ], [ -4.0399, 40.3525 ], [ -4.0399, 40.3525 ], [ -4.0399, 40.3525 ], [ -4.0399, 40.3525 ], [ -4.0399, 40.3525 ], [ -4.0399, 40.3525 ], [ -4.0399, 40.3526 ], [ -4.0399, 40.3527 ], [ -4.0398, 40.3527 ], [ -4.0398, 40.3527 ], [ -4.0398, 40.3528 ], [ -4.0398, 40.3529 ], [ -4.0397, 40.3529 ], [ -4.0397, 40.3529 ], [ -4.0397, 40.3529 ], [ -4.0397, 40.3529 ], [ -4.0396, 40.3529 ], [ -4.0395, 40.3529 ], [ -4.0393, 40.353 ], [ -4.0393, 40.353 ], [ -4.0393, 40.353 ], [ -4.0393, 40.3531 ], [ -4.0393, 40.3532 ], [ -4.0388, 40.3537 ], [ -4.0388, 40.3537 ], [ -4.0387, 40.3537 ], [ -4.0386, 40.3537 ], [ -4.0386, 40.3538 ], [ -4.0385, 40.3538 ], [ -4.0384, 40.3538 ], [ -4.0382, 40.3539 ], [ -4.0382, 40.354 ], [ -4.0381, 40.354 ], [ -4.0379, 40.3542 ], [ -4.0379, 40.3543 ], [ -4.0378, 40.3543 ], [ -4.0377, 40.3544 ], [ -4.0377, 40.3545 ], [ -4.0376, 40.3545 ], [ -4.0376, 40.3545 ], [ -4.0376, 40.3545 ], [ -4.0376, 40.3545 ], [ -4.0376, 40.3545 ], [ -4.0375, 40.3545 ], [ -4.0374, 40.3545 ], [ -4.0373, 40.3546 ], [ -4.0373, 40.3546 ], [ -4.0373, 40.3546 ], [ -4.0372, 40.3546 ], [ -4.0372, 40.3546 ], [ -4.0372, 40.3546 ], [ -4.0372, 40.3546 ], [ -4.0371, 40.3546 ], [ -4.0371, 40.3546 ], [ -4.0371, 40.3546 ], [ -4.037, 40.3546 ], [ -4.037, 40.3546 ], [ -4.037, 40.3546 ], [ -4.0369, 40.3546 ], [ -4.0368, 40.3546 ], [ -4.0368, 40.3547 ], [ -4.0368, 40.3547 ], [ -4.0368, 40.3547 ], [ -4.0367, 40.3547 ], [ -4.0367, 40.3547 ], [ -4.0367, 40.3547 ], [ -4.0366, 40.3547 ], [ -4.0366, 40.3547 ], [ -4.0366, 40.3547 ], [ -4.0366, 40.3547 ], [ -4.0365, 40.3547 ], [ -4.0365, 40.3547 ], [ -4.0365, 40.3547 ], [ -4.0364, 40.3547 ], [ -4.0362, 40.3547 ], [ -4.0361, 40.3548 ], [ -4.0361, 40.3548 ], [ -4.0361, 40.3548 ], [ -4.036, 40.3548 ], [ -4.0359, 40.3548 ], [ -4.0358, 40.3547 ], [ -4.0358, 40.3547 ], [ -4.0358, 40.3547 ], [ -4.0357, 40.3547 ], [ -4.0356, 40.3547 ], [ -4.0358, 40.3548 ], [ -4.0358, 40.3548 ], [ -4.0358, 40.3548 ], [ -4.0359, 40.3548 ], [ -4.0359, 40.3548 ], [ -4.0359, 40.3548 ], [ -4.036, 40.3548 ], [ -4.036, 40.3548 ], [ -4.036, 40.3548 ], [ -4.0361, 40.3548 ], [ -4.0363, 40.3548 ], [ -4.0364, 40.3547 ], [ -4.0364, 40.3547 ], [ -4.0365, 40.3547 ], [ -4.0365, 40.3547 ], [ -4.0365, 40.3547 ], [ -4.0365, 40.3547 ], [ -4.0366, 40.3547 ], [ -4.0366, 40.3547 ], [ -4.0366, 40.3547 ], [ -4.0366, 40.3547 ], [ -4.0367, 40.3547 ], [ -4.0367, 40.3547 ], [ -4.0367, 40.3547 ], [ -4.0368, 40.3547 ], [ -4.0369, 40.3547 ], [ -4.0369, 40.3546 ], [ -4.0369, 40.3546 ], [ -4.037, 40.3546 ], [ -4.037, 40.3546 ], [ -4.037, 40.3546 ], [ -4.0371, 40.3546 ], [ -4.0371, 40.3546 ], [ -4.0372, 40.3546 ], [ -4.0372, 40.3546 ], [ -4.0372, 40.3546 ], [ -4.0372, 40.3546 ], [ -4.0373, 40.3546 ], [ -4.0374, 40.3546 ], [ -4.0374, 40.3545 ], [ -4.0375, 40.3545 ], [ -4.0375, 40.3545 ], [ -4.0375, 40.3545 ], [ -4.0376, 40.3545 ], [ -4.0377, 40.3545 ], [ -4.0377, 40.3544 ], [ -4.0379, 40.3543 ], [ -4.0379, 40.3542 ], [ -4.0381, 40.3541 ], [ -4.0381, 40.354 ], [ -4.0382, 40.3539 ], [ -4.0386, 40.3538 ], [ -4.0386, 40.3537 ], [ -4.0387, 40.3537 ], [ -4.0388, 40.3537 ], [ -4.0393, 40.3532 ], [ -4.0393, 40.3532 ], [ -4.0393, 40.3531 ], [ -4.0393, 40.353 ], [ -4.0398, 40.3529 ], [ -4.0399, 40.3527 ], [ -4.0399, 40.3527 ], [ -4.0399, 40.3527 ], [ -4.0399, 40.3526 ], [ -4.0399, 40.3526 ], [ -4.0399, 40.3526 ], [ -4.0399, 40.3526 ], [ -4.0399, 40.3525 ], [ -4.0399, 40.3524 ], [ -4.04, 40.3524 ], [ -4.04, 40.3523 ], [ -4.04, 40.3523 ], [ -4.04, 40.3523 ], [ -4.04, 40.3523 ], [ -4.04, 40.3522 ], [ -4.04, 40.3522 ], [ -4.04, 40.3522 ], [ -4.04, 40.3521 ], [ -4.04, 40.352 ], [ -4.0401, 40.352 ], [ -4.0401, 40.3519 ], [ -4.0401, 40.3518 ], [ -4.0402, 40.3518 ], [ -4.0402, 40.3517 ], [ -4.0402, 40.3517 ], [ -4.0402, 40.3517 ], [ -4.0402, 40.3517 ], [ -4.0402, 40.3516 ], [ -4.0402, 40.3516 ], [ -4.0402, 40.3516 ], [ -4.0402, 40.3515 ], [ -4.0402, 40.3515 ], [ -4.0402, 40.3515 ], [ -4.0402, 40.3515 ], [ -4.0402, 40.3514 ], [ -4.0402, 40.3514 ], [ -4.0402, 40.3514 ], [ -4.0402, 40.3513 ], [ -4.0402, 40.3513 ], [ -4.0402, 40.3513 ], [ -4.0402, 40.3513 ], [ -4.0402, 40.3512 ], [ -4.0402, 40.3512 ], [ -4.0402, 40.3512 ], [ -4.0402, 40.3512 ], [ -4.0402, 40.3511 ], [ -4.0402, 40.351 ], [ -4.0403, 40.351 ], [ -4.0404, 40.3509 ], [ -4.0406, 40.3506 ], [ -4.0406, 40.3506 ], [ -4.0407, 40.3506 ], [ -4.0407, 40.3506 ], [ -4.0407, 40.3506 ], [ -4.0408, 40.3506 ], [ -4.0409, 40.3506 ], [ -4.0409, 40.3505 ], [ -4.0409, 40.3505 ], [ -4.041, 40.3505 ], [ -4.0411, 40.3505 ], [ -4.0411, 40.3504 ], [ -4.0411, 40.3503 ], [ -4.0412, 40.3503 ], [ -4.0413, 40.3502 ], [ -4.0413, 40.3501 ], [ -4.0414, 40.35 ], [ -4.0414, 40.35 ], [ -4.0414, 40.35 ], [ -4.0415, 40.35 ], [ -4.0415, 40.35 ], [ -4.0415, 40.35 ], [ -4.0416, 40.35 ], [ -4.0416, 40.35 ], [ -4.0416, 40.35 ], [ -4.0417, 40.35 ], [ -4.0417, 40.35 ], [ -4.0418, 40.35 ], [ -4.0418, 40.35 ], [ -4.0418, 40.35 ], [ -4.0419, 40.35 ], [ -4.0419, 40.35 ], [ -4.042, 40.35 ], [ -4.042, 40.35 ], [ -4.042, 40.35 ], [ -4.0421, 40.35 ], [ -4.0421, 40.35 ], [ -4.0422, 40.35 ], [ -4.0422, 40.35 ], [ -4.0422, 40.35 ], [ -4.0423, 40.35 ], [ -4.0424, 40.35 ], [ -4.0426, 40.3498 ], [ -4.0427, 40.3497 ], [ -4.0427, 40.3496 ], [ -4.0428, 40.3496 ], [ -4.0428, 40.3495 ], [ -4.0428, 40.3494 ], [ -4.0429, 40.3494 ], [ -4.0429, 40.3494 ], [ -4.0429, 40.3493 ], [ -4.0429, 40.3492 ], [ -4.043, 40.3491 ], [ -4.0432, 40.349 ], [ -4.0433, 40.349 ], [ -4.0433, 40.3489 ], [ -4.0434, 40.3489 ], [ -4.0435, 40.3489 ], [ -4.0435, 40.3488 ], [ -4.0436, 40.3488 ], [ -4.0437, 40.3488 ], [ -4.0438, 40.3487 ], [ -4.0438, 40.3486 ], [ -4.0439, 40.3486 ], [ -4.044, 40.3485 ], [ -4.044, 40.3484 ], [ -4.0442, 40.3482 ], [ -4.0443, 40.3482 ], [ -4.0444, 40.3481 ], [ -4.0445, 40.348 ], [ -4.0446, 40.348 ], [ -4.0447, 40.3479 ], [ -4.0447, 40.3479 ], [ -4.0448, 40.3479 ], [ -4.0448, 40.3479 ], [ -4.0448, 40.3479 ], [ -4.0449, 40.3479 ], [ -4.045, 40.3479 ], [ -4.045, 40.3478 ], [ -4.0451, 40.3478 ], [ -4.0452, 40.3478 ], [ -4.0452, 40.3478 ], [ -4.0452, 40.3477 ], [ -4.0452, 40.3477 ], [ -4.0452, 40.3477 ], [ -4.0452, 40.3476 ], [ -4.0452, 40.3476 ], [ -4.0452, 40.3476 ], [ -4.0452, 40.3476 ], [ -4.0452, 40.3475 ], [ -4.0452, 40.3474 ], [ -4.0453, 40.3474 ], [ -4.0453, 40.3473 ], [ -4.0453, 40.3473 ], [ -4.0453, 40.3473 ], [ -4.0453, 40.3473 ], [ -4.0453, 40.3472 ], [ -4.0453, 40.3472 ], [ -4.0453, 40.3472 ], [ -4.0453, 40.3472 ], [ -4.0453, 40.3472 ], [ -4.0453, 40.3471 ], [ -4.0453, 40.347 ], [ -4.0454, 40.347 ], [ -4.0454, 40.347 ], [ -4.0454, 40.3469 ], [ -4.0454, 40.3468 ], [ -4.0459, 40.3465 ], [ -4.0459, 40.3464 ], [ -4.0459, 40.3463 ], [ -4.046, 40.3463 ], [ -4.046, 40.3462 ], [ -4.0459, 40.3461 ], [ -4.0459, 40.3461 ], [ -4.0459, 40.3461 ], [ -4.0459, 40.3461 ], [ -4.0459, 40.346 ], [ -4.0459, 40.346 ], [ -4.0459, 40.346 ], [ -4.0459, 40.346 ], [ -4.0459, 40.3459 ], [ -4.0459, 40.3458 ], [ -4.046, 40.3457 ], [ -4.046, 40.3456 ], [ -4.0461, 40.3456 ], [ -4.0461, 40.3455 ], [ -4.0462, 40.3454 ], [ -4.0462, 40.3453 ], [ -4.0463, 40.3453 ], [ -4.0465, 40.3451 ], [ -4.0466, 40.345 ], [ -4.0466, 40.3449 ], [ -4.0467, 40.3449 ], [ -4.0467, 40.3448 ], [ -4.0467, 40.3447 ], [ -4.0468, 40.3447 ], [ -4.0469, 40.3446 ], [ -4.0469, 40.3445 ], [ -4.0469, 40.3445 ], [ -4.0469, 40.3445 ], [ -4.0469, 40.3445 ], [ -4.0469, 40.3444 ], [ -4.0469, 40.3444 ], [ -4.0469, 40.3444 ], [ -4.0469, 40.3443 ], [ -4.0469, 40.3443 ], [ -4.0469, 40.3443 ], [ -4.0469, 40.3443 ], [ -4.0469, 40.3442 ], [ -4.0469, 40.3442 ], [ -4.0469, 40.3442 ], [ -4.0469, 40.3442 ], [ -4.0469, 40.3441 ], [ -4.0469, 40.344 ], [ -4.047, 40.344 ], [ -4.047, 40.344 ], [ -4.047, 40.3439 ], [ -4.047, 40.3439 ], [ -4.047, 40.3439 ], [ -4.047, 40.3439 ], [ -4.047, 40.3439 ], [ -4.047, 40.3438 ], [ -4.047, 40.3437 ], [ -4.0471, 40.3437 ], [ -4.0472, 40.3435 ], [ -4.0471, 40.3435 ], [ -4.0471, 40.3434 ], [ -4.0471, 40.3434 ], [ -4.0471, 40.3434 ], [ -4.0471, 40.3433 ], [ -4.0471, 40.3432 ], [ -4.0472, 40.3431 ], [ -4.0473, 40.3431 ], [ -4.0474, 40.3431 ], [ -4.0474, 40.343 ], [ -4.0475, 40.343 ], [ -4.0476, 40.343 ], [ -4.0476, 40.3429 ], [ -4.0477, 40.3428 ], [ -4.0479, 40.3426 ], [ -4.048, 40.3426 ], [ -4.048, 40.3425 ], [ -4.048, 40.3425 ], [ -4.048, 40.3425 ], [ -4.048, 40.3425 ], [ -4.048, 40.3424 ], [ -4.048, 40.3424 ], [ -4.048, 40.3424 ], [ -4.048, 40.3423 ], [ -4.048, 40.3423 ], [ -4.048, 40.3423 ], [ -4.048, 40.3423 ], [ -4.048, 40.3422 ], [ -4.048, 40.3422 ], [ -4.048, 40.3422 ], [ -4.048, 40.3422 ], [ -4.048, 40.3422 ], [ -4.048, 40.3421 ], [ -4.048, 40.3421 ], [ -4.048, 40.3421 ], [ -4.048, 40.342 ], [ -4.048, 40.342 ], [ -4.048, 40.342 ], [ -4.048, 40.342 ], [ -4.048, 40.3419 ], [ -4.048, 40.3419 ], [ -4.048, 40.3419 ], [ -4.048, 40.3419 ], [ -4.048, 40.3419 ], [ -4.048, 40.3418 ], [ -4.048, 40.3418 ], [ -4.048, 40.3418 ], [ -4.048, 40.3418 ], [ -4.048, 40.3417 ], [ -4.048, 40.3416 ], [ -4.0481, 40.3416 ], [ -4.0481, 40.3416 ], [ -4.0481, 40.3416 ], [ -4.0481, 40.3415 ], [ -4.0481, 40.3414 ], [ -4.0482, 40.3414 ], [ -4.0482, 40.3413 ], [ -4.0482, 40.3412 ], [ -4.0482, 40.3412 ], [ -4.0483, 40.3412 ], [ -4.0484, 40.3412 ], [ -4.0484, 40.3411 ], [ -4.0485, 40.3411 ], [ -4.0486, 40.3411 ], [ -4.0487, 40.341 ], [ -4.0487, 40.3409 ], [ -4.0488, 40.3409 ], [ -4.0489, 40.3408 ], [ -4.0489, 40.3407 ], [ -4.0489, 40.3407 ], [ -4.0489, 40.3407 ], [ -4.0489, 40.3407 ], [ -4.0489, 40.3406 ], [ -4.0489, 40.3406 ], [ -4.0489, 40.3406 ], [ -4.0489, 40.3406 ], [ -4.0489, 40.3405 ], [ -4.0489, 40.3405 ], [ -4.0489, 40.3405 ], [ -4.0489, 40.3405 ], [ -4.0489, 40.3404 ], [ -4.0489, 40.3404 ], [ -4.0489, 40.3404 ], [ -4.0489, 40.3404 ], [ -4.0489, 40.3403 ], [ -4.0489, 40.3402 ], [ -4.0488, 40.3401 ], [ -4.0489, 40.34 ], [ -4.049, 40.34 ], [ -4.049, 40.3399 ], [ -4.0491, 40.3399 ], [ -4.0491, 40.3398 ], [ -4.0492, 40.3397 ], [ -4.0496, 40.3395 ], [ -4.0496, 40.3394 ], [ -4.0496, 40.3394 ], [ -4.0496, 40.3393 ], [ -4.0496, 40.3392 ], [ -4.0497, 40.3392 ], [ -4.0497, 40.3391 ], [ -4.0497, 40.3391 ], [ -4.0497, 40.339 ], [ -4.0497, 40.339 ], [ -4.0497, 40.3389 ], [ -4.0497, 40.3388 ], [ -4.0496, 40.3386 ], [ -4.0497, 40.3386 ], [ -4.0498, 40.3384 ], [ -4.0499, 40.3384 ], [ -4.05, 40.3383 ], [ -4.0501, 40.3384 ], [ -4.0501, 40.3384 ], [ -4.0502, 40.3384 ], [ -4.0503, 40.3384 ], [ -4.0504, 40.3381 ], [ -4.0504, 40.3381 ], [ -4.0504, 40.3381 ], [ -4.0504, 40.3381 ], [ -4.0505, 40.3381 ], [ -4.0506, 40.3381 ], [ -4.0508, 40.338 ], [ -4.0508, 40.3379 ], [ -4.051, 40.3377 ], [ -4.0511, 40.3375 ], [ -4.0516, 40.3373 ], [ -4.0517, 40.3373 ], [ -4.0522, 40.3368 ], [ -4.0523, 40.3366 ], [ -4.0525, 40.3365 ], [ -4.0525, 40.3364 ], [ -4.0528, 40.3365 ], [ -4.0529, 40.3368 ], [ -4.0529, 40.3369 ], [ -4.0529, 40.337 ], [ -4.0534, 40.3374 ], [ -4.0534, 40.3374 ], [ -4.0534, 40.3375 ], [ -4.0534, 40.3375 ], [ -4.0534, 40.3376 ], [ -4.0534, 40.3379 ], [ -4.0534, 40.338 ], [ -4.0536, 40.3382 ], [ -4.0533, 40.3389 ], [ -4.0533, 40.3389 ], [ -4.0533, 40.339 ], [ -4.0533, 40.3391 ], [ -4.0534, 40.3395 ], [ -4.0535, 40.3398 ], [ -4.0536, 40.3398 ], [ -4.0536, 40.3398 ], [ -4.0536, 40.3399 ], [ -4.0536, 40.34 ], [ -4.0537, 40.34 ], [ -4.0537, 40.34 ], [ -4.0537, 40.3401 ], [ -4.0537, 40.3402 ], [ -4.0538, 40.3402 ], [ -4.0538, 40.3402 ], [ -4.0538, 40.3402 ], [ -4.0538, 40.3403 ], [ -4.0538, 40.3403 ], [ -4.0538, 40.3403 ], [ -4.0538, 40.3403 ], [ -4.0538, 40.3404 ], [ -4.0538, 40.3405 ], [ -4.0539, 40.3406 ], [ -4.0539, 40.3406 ], [ -4.0539, 40.3406 ], [ -4.054, 40.3406 ], [ -4.0541, 40.3406 ], [ -4.0542, 40.3407 ], [ -4.0542, 40.3408 ], [ -4.0543, 40.3408 ], [ -4.0542, 40.3409 ], [ -4.0542, 40.3409 ], [ -4.0542, 40.3409 ], [ -4.0542, 40.341 ], [ -4.0542, 40.3411 ], [ -4.0541, 40.3411 ], [ -4.0541, 40.3412 ], [ -4.0541, 40.3412 ], [ -4.0541, 40.3412 ], [ -4.0541, 40.3413 ], [ -4.0541, 40.3413 ], [ -4.0541, 40.3413 ], [ -4.0541, 40.3413 ], [ -4.0541, 40.3414 ], [ -4.0541, 40.3414 ], [ -4.0541, 40.3414 ], [ -4.0541, 40.3414 ], [ -4.0541, 40.3415 ], [ -4.0541, 40.3416 ], [ -4.0542, 40.3416 ], [ -4.0542, 40.3416 ], [ -4.0542, 40.3417 ], [ -4.0542, 40.3418 ], [ -4.0541, 40.3418 ], [ -4.0541, 40.3418 ], [ -4.0541, 40.3419 ], [ -4.0541, 40.3419 ], [ -4.0541, 40.3419 ], [ -4.0541, 40.3419 ], [ -4.0541, 40.3419 ], [ -4.0541, 40.342 ], [ -4.0541, 40.3421 ], [ -4.054, 40.3421 ], [ -4.054, 40.3421 ], [ -4.054, 40.3422 ], [ -4.054, 40.3422 ], [ -4.054, 40.3422 ], [ -4.054, 40.3423 ], [ -4.054, 40.3423 ], [ -4.054, 40.3423 ], [ -4.054, 40.3423 ], [ -4.054, 40.3424 ], [ -4.054, 40.3425 ], [ -4.0541, 40.3427 ], [ -4.0542, 40.3427 ], [ -4.0542, 40.3428 ], [ -4.0542, 40.3429 ], [ -4.0543, 40.3429 ], [ -4.0543, 40.343 ], [ -4.0543, 40.343 ], [ -4.0543, 40.343 ], [ -4.0543, 40.343 ], [ -4.0543, 40.343 ], [ -4.0543, 40.3431 ], [ -4.0543, 40.3431 ], [ -4.0543, 40.3431 ], [ -4.0543, 40.3431 ], [ -4.0543, 40.3432 ], [ -4.0543, 40.3432 ], [ -4.0543, 40.3432 ], [ -4.0543, 40.3432 ], [ -4.0543, 40.3433 ], [ -4.0543, 40.3433 ], [ -4.0543, 40.3433 ], [ -4.0543, 40.3433 ], [ -4.0543, 40.3434 ], [ -4.0543, 40.3434 ], [ -4.0543, 40.3434 ], [ -4.0543, 40.3434 ], [ -4.0543, 40.3435 ], [ -4.0543, 40.3435 ], [ -4.0543, 40.3435 ], [ -4.0543, 40.3435 ], [ -4.0543, 40.3436 ], [ -4.0543, 40.3436 ], [ -4.0543, 40.3436 ], [ -4.0543, 40.3436 ], [ -4.0543, 40.3437 ], [ -4.0543, 40.3438 ], [ -4.0543, 40.3438 ], [ -4.0543, 40.3438 ], [ -4.0543, 40.3438 ], [ -4.0543, 40.3438 ], [ -4.0543, 40.3438 ], [ -4.0543, 40.3437 ], [ -4.0543, 40.3437 ], [ -4.0543, 40.3437 ], [ -4.0543, 40.3437 ], [ -4.0543, 40.3436 ], [ -4.0543, 40.3436 ], [ -4.0543, 40.3436 ], [ -4.0543, 40.3436 ], [ -4.0543, 40.3435 ], [ -4.0543, 40.3435 ], [ -4.0543, 40.3435 ], [ -4.0543, 40.3435 ], [ -4.0543, 40.3434 ], [ -4.0543, 40.3434 ], [ -4.0543, 40.3434 ], [ -4.0543, 40.3434 ], [ -4.0543, 40.3433 ], [ -4.0543, 40.3433 ], [ -4.0543, 40.3433 ], [ -4.0543, 40.3433 ], [ -4.0543, 40.3432 ], [ -4.0543, 40.3432 ], [ -4.0543, 40.3432 ], [ -4.0543, 40.3432 ], [ -4.0543, 40.3431 ], [ -4.0543, 40.3431 ], [ -4.0543, 40.3431 ], [ -4.0543, 40.3431 ], [ -4.0543, 40.343 ], [ -4.0543, 40.3429 ], [ -4.0542, 40.3429 ], [ -4.0542, 40.3428 ], [ -4.0542, 40.3427 ], [ -4.054, 40.3425 ], [ -4.054, 40.3424 ], [ -4.054, 40.3424 ], [ -4.054, 40.3424 ], [ -4.054, 40.3424 ], [ -4.054, 40.3423 ], [ -4.054, 40.3422 ], [ -4.0541, 40.3421 ], [ -4.0542, 40.3418 ], [ -4.0542, 40.3418 ], [ -4.0542, 40.3418 ], [ -4.0542, 40.3418 ], [ -4.0542, 40.3418 ], [ -4.0542, 40.3417 ], [ -4.0542, 40.3416 ], [ -4.0541, 40.3415 ], [ -4.0541, 40.3415 ], [ -4.0541, 40.3415 ], [ -4.0541, 40.3415 ], [ -4.0541, 40.3414 ], [ -4.0541, 40.3414 ], [ -4.0541, 40.3414 ], [ -4.0541, 40.3414 ], [ -4.0541, 40.3413 ], [ -4.0541, 40.3412 ], [ -4.0542, 40.3412 ], [ -4.0543, 40.3408 ], [ -4.0542, 40.3408 ], [ -4.0541, 40.3406 ], [ -4.0541, 40.3406 ], [ -4.054, 40.3406 ], [ -4.0539, 40.3406 ], [ -4.0539, 40.3404 ], [ -4.0538, 40.3404 ], [ -4.0538, 40.3404 ], [ -4.0538, 40.3403 ], [ -4.0538, 40.3402 ], [ -4.0537, 40.34 ], [ -4.0536, 40.34 ], [ -4.0536, 40.3399 ], [ -4.0536, 40.3398 ], [ -4.0535, 40.3398 ], [ -4.0533, 40.3391 ], [ -4.0536, 40.3383 ], [ -4.0536, 40.3384 ], [ -4.0537, 40.3384 ], [ -4.0537, 40.3385 ], [ -4.0538, 40.3386 ], [ -4.055, 40.3396 ], [ -4.0551, 40.3396 ], [ -4.0555, 40.3399 ], [ -4.0555, 40.34 ], [ -4.0556, 40.34 ], [ -4.0557, 40.34 ], [ -4.0557, 40.3401 ], [ -4.0558, 40.3401 ], [ -4.0559, 40.3401 ], [ -4.0559, 40.3402 ], [ -4.056, 40.3402 ], [ -4.0561, 40.3402 ], [ -4.0561, 40.3403 ], [ -4.0562, 40.3403 ], [ -4.0563, 40.3403 ], [ -4.0563, 40.3404 ], [ -4.0564, 40.3404 ], [ -4.0565, 40.3405 ], [ -4.0565, 40.3406 ], [ -4.0566, 40.3406 ], [ -4.0567, 40.3407 ], [ -4.0567, 40.3408 ], [ -4.0569, 40.341 ], [ -4.057, 40.341 ], [ -4.0571, 40.3411 ], [ -4.0572, 40.3411 ], [ -4.0572, 40.3412 ], [ -4.0572, 40.3413 ], [ -4.0573, 40.3413 ], [ -4.0573, 40.3414 ], [ -4.0574, 40.3416 ], [ -4.0575, 40.3416 ], [ -4.0575, 40.3417 ], [ -4.0576, 40.3418 ], [ -4.0577, 40.3418 ], [ -4.0577, 40.3419 ], [ -4.0578, 40.342 ], [ -4.0579, 40.342 ], [ -4.0581, 40.3421 ], [ -4.0582, 40.3422 ], [ -4.0582, 40.3423 ], [ -4.0582, 40.3423 ], [ -4.0583, 40.3423 ], [ -4.0584, 40.3423 ], [ -4.0584, 40.3424 ], [ -4.0585, 40.3424 ], [ -4.0586, 40.3424 ], [ -4.0586, 40.3425 ], [ -4.0587, 40.3425 ], [ -4.0588, 40.3425 ], [ -4.0589, 40.3426 ], [ -4.0589, 40.3426 ], [ -4.0589, 40.3427 ], [ -4.0589, 40.3428 ], [ -4.059, 40.3428 ], [ -4.059, 40.3428 ], [ -4.059, 40.3429 ], [ -4.059, 40.3429 ], [ -4.059, 40.3429 ], [ -4.059, 40.3429 ], [ -4.059, 40.343 ], [ -4.059, 40.3431 ], [ -4.0591, 40.3431 ], [ -4.0591, 40.3432 ], [ -4.0592, 40.3433 ], [ -4.0593, 40.3433 ], [ -4.0593, 40.3434 ], [ -4.0594, 40.3434 ], [ -4.0593, 40.3434 ], [ -4.0593, 40.3433 ], [ -4.0592, 40.3432 ], [ -4.0591, 40.3432 ], [ -4.0591, 40.3431 ], [ -4.059, 40.343 ], [ -4.059, 40.343 ], [ -4.059, 40.343 ], [ -4.059, 40.343 ], [ -4.059, 40.3429 ], [ -4.059, 40.3428 ], [ -4.0589, 40.3428 ], [ -4.0589, 40.3427 ], [ -4.0589, 40.3426 ], [ -4.0586, 40.3425 ], [ -4.0586, 40.3424 ], [ -4.0586, 40.3424 ], [ -4.0586, 40.3424 ], [ -4.0585, 40.3424 ], [ -4.0584, 40.3424 ], [ -4.0584, 40.3423 ], [ -4.0582, 40.3422 ], [ -4.0581, 40.3422 ], [ -4.0579, 40.342 ], [ -4.0578, 40.342 ], [ -4.0577, 40.3418 ], [ -4.0575, 40.3417 ], [ -4.0575, 40.3416 ], [ -4.0574, 40.3416 ], [ -4.0573, 40.3413 ], [ -4.0572, 40.3412 ], [ -4.0572, 40.3411 ], [ -4.0568, 40.3409 ], [ -4.0567, 40.3407 ], [ -4.0565, 40.3406 ], [ -4.0565, 40.3405 ], [ -4.0563, 40.3404 ], [ -4.0563, 40.3403 ], [ -4.0562, 40.3403 ], [ -4.0561, 40.3403 ], [ -4.0561, 40.3402 ], [ -4.056, 40.3402 ], [ -4.0559, 40.3401 ], [ -4.0558, 40.3401 ], [ -4.0557, 40.34 ], [ -4.0556, 40.34 ], [ -4.0555, 40.3399 ], [ -4.0554, 40.3399 ], [ -4.0551, 40.3396 ], [ -4.054, 40.3387 ], [ -4.0538, 40.3386 ], [ -4.0538, 40.3385 ], [ -4.0537, 40.3385 ], [ -4.0537, 40.3384 ], [ -4.0536, 40.3383 ], [ -4.0536, 40.3382 ], [ -4.0534, 40.3379 ], [ -4.0535, 40.3375 ], [ -4.0529, 40.3369 ], [ -4.0529, 40.3368 ], [ -4.0528, 40.3367 ], [ -4.0528, 40.3365 ], [ -4.0527, 40.3363 ], [ -4.0528, 40.3363 ], [ -4.0532, 40.3359 ], [ -4.0532, 40.3358 ], [ -4.0533, 40.3356 ], [ -4.0533, 40.3356 ], [ -4.0533, 40.3356 ], [ -4.0533, 40.3356 ], [ -4.0533, 40.3356 ], [ -4.0533, 40.3356 ], [ -4.0534, 40.3356 ], [ -4.0534, 40.3356 ], [ -4.0534, 40.3356 ], [ -4.0535, 40.3356 ], [ -4.0535, 40.3356 ], [ -4.0536, 40.3356 ], [ -4.0537, 40.3356 ], [ -4.054, 40.3354 ], [ -4.054, 40.3354 ], [ -4.0542, 40.3354 ], [ -4.0543, 40.3354 ], [ -4.0545, 40.3353 ], [ -4.0547, 40.3351 ], [ -4.0548, 40.3346 ], [ -4.0547, 40.3351 ], [ -4.0545, 40.3353 ], [ -4.0539, 40.3354 ], [ -4.0537, 40.3356 ], [ -4.0536, 40.3356 ], [ -4.0536, 40.3356 ], [ -4.0535, 40.3356 ], [ -4.0535, 40.3356 ], [ -4.0534, 40.3356 ], [ -4.0533, 40.3356 ], [ -4.0532, 40.3359 ], [ -4.0525, 40.3364 ], [ -4.0523, 40.3366 ], [ -4.0522, 40.3367 ], [ -4.0522, 40.3368 ], [ -4.0517, 40.3373 ], [ -4.0511, 40.3375 ], [ -4.0508, 40.3379 ], [ -4.0508, 40.338 ], [ -4.0504, 40.3381 ], [ -4.0502, 40.3384 ], [ -4.0501, 40.3383 ], [ -4.0501, 40.3383 ], [ -4.05, 40.3383 ], [ -4.0499, 40.3383 ], [ -4.0496, 40.3386 ], [ -4.0497, 40.3388 ], [ -4.0497, 40.3388 ], [ -4.0497, 40.3389 ], [ -4.0497, 40.3389 ], [ -4.0497, 40.3389 ], [ -4.0497, 40.339 ], [ -4.0497, 40.3391 ], [ -4.0496, 40.3392 ], [ -4.0496, 40.3392 ], [ -4.0496, 40.3393 ], [ -4.0496, 40.3394 ], [ -4.0496, 40.3395 ], [ -4.0494, 40.3395 ], [ -4.0491, 40.3398 ], [ -4.0491, 40.3399 ], [ -4.049, 40.3399 ], [ -4.0489, 40.34 ], [ -4.0489, 40.3401 ], [ -4.0488, 40.3401 ], [ -4.0489, 40.3403 ], [ -4.0488, 40.3409 ], [ -4.0487, 40.3409 ], [ -4.0486, 40.3411 ], [ -4.0486, 40.3411 ], [ -4.0485, 40.3411 ], [ -4.0484, 40.3411 ], [ -4.0482, 40.3412 ], [ -4.0481, 40.3414 ], [ -4.0481, 40.3414 ], [ -4.0481, 40.3414 ], [ -4.0481, 40.3415 ], [ -4.0481, 40.3416 ], [ -4.048, 40.3416 ], [ -4.048, 40.3416 ], [ -4.048, 40.3417 ], [ -4.048, 40.3417 ], [ -4.048, 40.3417 ], [ -4.048, 40.3418 ], [ -4.048, 40.3418 ], [ -4.048, 40.3418 ], [ -4.048, 40.3418 ], [ -4.048, 40.3419 ], [ -4.048, 40.3419 ], [ -4.048, 40.3419 ], [ -4.048, 40.3419 ], [ -4.048, 40.3419 ], [ -4.048, 40.342 ], [ -4.048, 40.342 ], [ -4.048, 40.342 ], [ -4.048, 40.342 ], [ -4.048, 40.3421 ], [ -4.048, 40.3421 ], [ -4.048, 40.3421 ], [ -4.048, 40.3422 ], [ -4.048, 40.3422 ], [ -4.048, 40.3422 ], [ -4.048, 40.3422 ], [ -4.048, 40.3422 ], [ -4.048, 40.3423 ], [ -4.048, 40.3423 ], [ -4.048, 40.3423 ], [ -4.048, 40.3423 ], [ -4.048, 40.3424 ], [ -4.048, 40.3425 ], [ -4.0479, 40.3426 ], [ -4.0479, 40.3427 ], [ -4.0476, 40.343 ], [ -4.0476, 40.343 ], [ -4.0476, 40.343 ], [ -4.0475, 40.343 ], [ -4.0474, 40.343 ], [ -4.0474, 40.3431 ], [ -4.0471, 40.3432 ], [ -4.0471, 40.3432 ], [ -4.0471, 40.3432 ], [ -4.0471, 40.3432 ], [ -4.0471, 40.3432 ], [ -4.0471, 40.3433 ], [ -4.0471, 40.3433 ], [ -4.0471, 40.3433 ], [ -4.0471, 40.3434 ], [ -4.0471, 40.3434 ], [ -4.0471, 40.3434 ], [ -4.0471, 40.3435 ], [ -4.0471, 40.3437 ], [ -4.047, 40.3437 ], [ -4.0469, 40.344 ], [ -4.0469, 40.344 ], [ -4.0469, 40.344 ], [ -4.0469, 40.344 ], [ -4.0469, 40.3441 ], [ -4.0469, 40.3441 ], [ -4.0469, 40.3441 ], [ -4.0469, 40.3441 ], [ -4.0469, 40.3441 ], [ -4.0469, 40.3442 ], [ -4.0469, 40.3442 ], [ -4.0469, 40.3442 ], [ -4.0469, 40.3442 ], [ -4.0469, 40.3443 ], [ -4.0469, 40.3443 ], [ -4.0469, 40.3443 ], [ -4.0469, 40.3443 ], [ -4.0469, 40.3444 ], [ -4.0469, 40.3445 ], [ -4.0467, 40.3447 ], [ -4.0467, 40.3447 ], [ -4.0467, 40.3447 ], [ -4.0467, 40.3448 ], [ -4.0467, 40.3449 ], [ -4.0466, 40.3449 ], [ -4.0465, 40.345 ], [ -4.0464, 40.3452 ], [ -4.0463, 40.3452 ], [ -4.0461, 40.3454 ], [ -4.0461, 40.3455 ], [ -4.046, 40.3456 ], [ -4.046, 40.3457 ], [ -4.0459, 40.3457 ], [ -4.0459, 40.3458 ], [ -4.0459, 40.3458 ], [ -4.0459, 40.3458 ], [ -4.0459, 40.3459 ], [ -4.0459, 40.346 ], [ -4.0459, 40.346 ], [ -4.0459, 40.346 ], [ -4.0459, 40.346 ], [ -4.0459, 40.3461 ], [ -4.0459, 40.3462 ], [ -4.046, 40.3463 ], [ -4.0459, 40.3463 ], [ -4.0459, 40.3463 ], [ -4.0459, 40.3464 ], [ -4.0459, 40.3465 ], [ -4.0455, 40.3466 ], [ -4.0454, 40.3468 ], [ -4.0454, 40.3468 ], [ -4.0454, 40.3468 ], [ -4.0454, 40.3468 ], [ -4.0454, 40.3469 ], [ -4.0454, 40.347 ], [ -4.0453, 40.347 ], [ -4.0452, 40.3474 ], [ -4.0452, 40.3474 ], [ -4.0452, 40.3474 ], [ -4.0452, 40.3475 ], [ -4.0452, 40.3475 ], [ -4.0452, 40.3475 ], [ -4.0452, 40.3475 ], [ -4.0452, 40.3476 ], [ -4.0452, 40.3477 ], [ -4.045, 40.3478 ], [ -4.045, 40.3479 ], [ -4.045, 40.3479 ], [ -4.0449, 40.3479 ], [ -4.0449, 40.3479 ], [ -4.0449, 40.3479 ], [ -4.0448, 40.3479 ], [ -4.0448, 40.3479 ], [ -4.0448, 40.3479 ], [ -4.0447, 40.3479 ], [ -4.0446, 40.3479 ], [ -4.0442, 40.3482 ], [ -4.044, 40.3485 ], [ -4.0439, 40.3485 ], [ -4.0438, 40.3486 ], [ -4.0438, 40.3487 ], [ -4.0437, 40.3487 ], [ -4.0437, 40.3488 ], [ -4.0436, 40.3488 ], [ -4.0435, 40.3488 ], [ -4.0435, 40.3489 ], [ -4.0435, 40.3489 ], [ -4.0434, 40.3489 ], [ -4.0433, 40.3489 ], [ -4.0433, 40.349 ], [ -4.043, 40.3491 ], [ -4.0428, 40.3493 ], [ -4.0428, 40.3493 ], [ -4.0428, 40.3494 ], [ -4.0428, 40.3494 ], [ -4.0428, 40.3494 ], [ -4.0428, 40.3494 ], [ -4.0428, 40.3495 ], [ -4.0428, 40.3496 ], [ -4.0427, 40.3496 ], [ -4.0426, 40.3497 ], [ -4.0424, 40.35 ], [ -4.0424, 40.35 ], [ -4.0424, 40.35 ], [ -4.0423, 40.35 ], [ -4.0423, 40.35 ], [ -4.0423, 40.35 ], [ -4.0423, 40.35 ], [ -4.0422, 40.35 ], [ -4.0422, 40.35 ], [ -4.0422, 40.35 ], [ -4.0421, 40.35 ], [ -4.0421, 40.35 ], [ -4.042, 40.35 ], [ -4.042, 40.35 ], [ -4.042, 40.35 ], [ -4.0419, 40.35 ], [ -4.0419, 40.35 ], [ -4.0418, 40.35 ], [ -4.0418, 40.35 ], [ -4.0418, 40.35 ], [ -4.0417, 40.35 ], [ -4.0417, 40.35 ], [ -4.0416, 40.35 ], [ -4.0416, 40.35 ], [ -4.0416, 40.35 ], [ -4.0415, 40.35 ], [ -4.0414, 40.35 ], [ -4.0414, 40.3501 ], [ -4.0413, 40.3501 ], [ -4.0413, 40.3502 ], [ -4.0411, 40.3503 ], [ -4.041, 40.3505 ], [ -4.0409, 40.3505 ], [ -4.0408, 40.3506 ], [ -4.0408, 40.3506 ], [ -4.0408, 40.3506 ], [ -4.0408, 40.3506 ], [ -4.0407, 40.3506 ], [ -4.0406, 40.3506 ], [ -4.0402, 40.351 ], [ -4.0402, 40.351 ], [ -4.0402, 40.351 ], [ -4.0402, 40.351 ], [ -4.0402, 40.3511 ], [ -4.0402, 40.3511 ], [ -4.0402, 40.3511 ], [ -4.0402, 40.3511 ], [ -4.0402, 40.3512 ], [ -4.0402, 40.3512 ], [ -4.0402, 40.3512 ], [ -4.0402, 40.3512 ], [ -4.0402, 40.3513 ], [ -4.0402, 40.3513 ], [ -4.0402, 40.3513 ], [ -4.0402, 40.3513 ], [ -4.0402, 40.3514 ], [ -4.0402, 40.3514 ], [ -4.0402, 40.3514 ], [ -4.0402, 40.3515 ], [ -4.0402, 40.3515 ], [ -4.0402, 40.3515 ], [ -4.0402, 40.3515 ], [ -4.0402, 40.3516 ], [ -4.0402, 40.3517 ], [ -4.0401, 40.3518 ] ] ] } },
{ "type": "Feature", "properties": { "municipio": "Sevilla la Nueva", "clasificacion": "no-urbanizable-protegido", "calificacion": "sin-asignar", "version": "vigente", "fuente": "SIT-CAM WFS — UsoDelSuelo:VPLA_V_CLASIFICACION (https://idem.comunidad.madrid/geosrvg/ows)", "fecha_dato": "2026-05-12", "ambito": "44768", "_raw_CD_SIGLAS": "SNUP", "_raw_DS_CLASIF_GEN": "Suelo No Urbanizable Protegido", "_raw_DS_CLASIF_DET": "Suelo No Urbanizable. Clase IV. Espacios de interés agropecuario extensivo - Suelo No Urbanizable. Clase I. ZEPA", "_raw_DS_DOCU": "NORMAS SUBSIDIARIAS", "_raw_DS_LEY": "CM Ley 9/1995, E Ley 6/1998, E RDL 1/1992, E RD 1346/1976", "_raw_FC_AC": "2001-01-11", "_raw_NM_AREA_M2": 230816.43969715401, "_cam_code": "141" }, "geometry": { "type": "Polygon", "coordinates": [ [ [ -4.038, 40.3787 ], [ -4.0381, 40.3791 ], [ -4.0384, 40.3794 ], [ -4.0384, 40.3799 ], [ -4.0383, 40.38 ], [ -4.0384, 40.3803 ], [ -4.0396, 40.3805 ], [ -4.0407, 40.3811 ], [ -4.0409, 40.3807 ], [ -4.0408, 40.3797 ], [ -4.0409, 40.3794 ], [ -4.0413, 40.379 ], [ -4.0423, 40.3791 ], [ -4.0444, 40.3784 ], [ -4.0458, 40.3773 ], [ -4.0461, 40.3769 ], [ -4.0462, 40.3765 ], [ -4.0453, 40.3757 ], [ -4.0449, 40.3762 ], [ -4.0447, 40.3762 ], [ -4.0441, 40.3768 ], [ -4.0438, 40.3769 ], [ -4.0427, 40.3753 ], [ -4.0423, 40.3757 ], [ -4.0421, 40.3765 ], [ -4.0394, 40.3771 ], [ -4.0394, 40.3771 ], [ -4.0394, 40.3772 ], [ -4.0394, 40.3772 ], [ -4.0394, 40.3774 ], [ -4.0394, 40.3775 ], [ -4.0393, 40.3775 ], [ -4.0393, 40.3775 ], [ -4.0393, 40.3775 ], [ -4.0393, 40.3775 ], [ -4.0393, 40.3776 ], [ -4.0393, 40.3776 ], [ -4.0393, 40.3777 ], [ -4.0393, 40.3777 ], [ -4.0393, 40.3777 ], [ -4.0393, 40.3778 ], [ -4.0393, 40.3779 ], [ -4.0393, 40.378 ], [ -4.0393, 40.3781 ], [ -4.0393, 40.3781 ], [ -4.0393, 40.3782 ], [ -4.0393, 40.3783 ], [ -4.0395, 40.3784 ], [ -4.0395, 40.3785 ], [ -4.0396, 40.3785 ], [ -4.0397, 40.3786 ], [ -4.0398, 40.3787 ], [ -4.0398, 40.3787 ], [ -4.0398, 40.3787 ], [ -4.0398, 40.3787 ], [ -4.0398, 40.3788 ], [ -4.0398, 40.3788 ], [ -4.0398, 40.3788 ], [ -4.0398, 40.3788 ], [ -4.0398, 40.3789 ], [ -4.0398, 40.3789 ], [ -4.0398, 40.3789 ], [ -4.0398, 40.379 ], [ -4.0398, 40.379 ], [ -4.0398, 40.379 ], [ -4.0398, 40.3791 ], [ -4.0398, 40.3791 ], [ -4.0398, 40.3791 ], [ -4.0398, 40.3792 ], [ -4.0398, 40.3794 ], [ -4.0399, 40.38 ], [ -4.04, 40.3801 ], [ -4.0401, 40.3806 ], [ -4.0403, 40.3807 ], [ -4.0404, 40.3808 ], [ -4.0401, 40.3806 ], [ -4.0399, 40.3801 ], [ -4.0399, 40.3801 ], [ -4.0399, 40.38 ], [ -4.0399, 40.3796 ], [ -4.0398, 40.3794 ], [ -4.0397, 40.3794 ], [ -4.0398, 40.3787 ], [ -4.0397, 40.3787 ], [ -4.0393, 40.3783 ], [ -4.0392, 40.378 ], [ -4.0392, 40.3777 ], [ -4.0393, 40.3777 ], [ -4.0393, 40.3777 ], [ -4.0393, 40.3776 ], [ -4.0393, 40.3775 ], [ -4.0394, 40.3774 ], [ -4.0394, 40.3774 ], [ -4.0394, 40.3772 ], [ -4.0394, 40.3771 ], [ -4.0392, 40.3771 ], [ -4.0392, 40.3765 ], [ -4.0385, 40.3768 ], [ -4.0385, 40.3769 ], [ -4.0379, 40.3769 ], [ -4.0379, 40.3768 ], [ -4.0376, 40.3767 ], [ -4.0374, 40.3759 ], [ -4.0365, 40.3758 ], [ -4.0358, 40.376 ], [ -4.0351, 40.3752 ], [ -4.0346, 40.3742 ], [ -4.0346, 40.3737 ], [ -4.0344, 40.3735 ], [ -4.0341, 40.3735 ], [ -4.034, 40.3737 ], [ -4.0343, 40.3741 ], [ -4.0343, 40.3745 ], [ -4.0348, 40.375 ], [ -4.0349, 40.3757 ], [ -4.0356, 40.3764 ], [ -4.0358, 40.3765 ], [ -4.0367, 40.3764 ], [ -4.0368, 40.3766 ], [ -4.0372, 40.3767 ], [ -4.0373, 40.3769 ], [ -4.0378, 40.3772 ], [ -4.038, 40.3777 ], [ -4.0381, 40.3777 ], [ -4.038, 40.3787 ] ] ] } },
{ "type": "Feature", "properties": { "municipio": "Sevilla la Nueva", "clasificacion": "no-urbanizable-protegido", "calificacion": "sin-asignar", "version": "vigente", "fuente": "SIT-CAM WFS — UsoDelSuelo:VPLA_V_CLASIFICACION (https://idem.comunidad.madrid/geosrvg/ows)", "fecha_dato": "2026-05-12", "ambito": "44768", "_raw_CD_SIGLAS": "SNUP", "_raw_DS_CLASIF_GEN": "Suelo No Urbanizable Protegido", "_raw_DS_CLASIF_DET": "Suelo No Urbanizable. Clase IV. Espacios de interés agropecuario extensivo - Suelo No Urbanizable. Clase I. ZEPA", "_raw_DS_DOCU": "NORMAS SUBSIDIARIAS", "_raw_DS_LEY": "CM Ley 9/1995, E Ley 6/1998, E RDL 1/1992, E RD 1346/1976", "_raw_FC_AC": "2001-01-11", "_raw_NM_AREA_M2": 491938.06650038197, "_cam_code": "141" }, "geometry": { "type": "Polygon", "coordinates": [ [ [ -4.033, 40.3783 ], [ -4.036, 40.3785 ], [ -4.0379, 40.3784 ], [ -4.038, 40.3786 ], [ -4.0379, 40.3783 ], [ -4.038, 40.378 ], [ -4.0381, 40.378 ], [ -4.0381, 40.3777 ], [ -4.038, 40.3777 ], [ -4.038, 40.3775 ], [ -4.0376, 40.377 ], [ -4.0373, 40.3769 ], [ -4.0372, 40.3767 ], [ -4.0366, 40.3765 ], [ -4.0366, 40.3764 ], [ -4.0363, 40.3765 ], [ -4.0354, 40.3764 ], [ -4.0349, 40.3766 ], [ -4.0348, 40.3767 ], [ -4.0348, 40.3767 ], [ -4.0348, 40.3768 ], [ -4.0348, 40.3769 ], [ -4.0347, 40.3769 ], [ -4.0347, 40.3769 ], [ -4.0347, 40.3769 ], [ -4.0347, 40.3769 ], [ -4.0347, 40.3769 ], [ -4.0345, 40.3769 ], [ -4.0344, 40.3769 ], [ -4.0344, 40.3769 ], [ -4.0343, 40.3769 ], [ -4.0336, 40.3769 ], [ -4.0333, 40.3768 ], [ -4.0324, 40.3767 ], [ -4.0315, 40.3764 ], [ -4.0324, 40.3767 ], [ -4.0336, 40.3769 ], [ -4.0343, 40.3769 ], [ -4.0343, 40.3769 ], [ -4.0343, 40.3769 ], [ -4.0344, 40.3769 ], [ -4.0344, 40.3769 ], [ -4.0345, 40.3769 ], [ -4.0347, 40.3769 ], [ -4.0348, 40.3767 ], [ -4.0349, 40.3767 ], [ -4.0349, 40.3766 ], [ -4.0354, 40.3764 ], [ -4.0356, 40.3764 ], [ -4.0356, 40.3763 ], [ -4.0347, 40.3755 ], [ -4.0346, 40.3751 ], [ -4.0342, 40.3747 ], [ -4.033, 40.3746 ], [ -4.033, 40.3745 ], [ -4.032, 40.3741 ], [ -4.0317, 40.3742 ], [ -4.0317, 40.3742 ], [ -4.0317, 40.3742 ], [ -4.0317, 40.3742 ], [ -4.0317, 40.3742 ], [ -4.0317, 40.3742 ], [ -4.0316, 40.3742 ], [ -4.0316, 40.3742 ], [ -4.0316, 40.3742 ], [ -4.0316, 40.3742 ], [ -4.0315, 40.3742 ], [ -4.0314, 40.3742 ], [ -4.0314, 40.3742 ], [ -4.0313, 40.3742 ], [ -4.0313, 40.3742 ], [ -4.0312, 40.3742 ], [ -4.0312, 40.3742 ], [ -4.0311, 40.3742 ], [ -4.0311, 40.3742 ], [ -4.031, 40.3742 ], [ -4.0309, 40.3742 ], [ -4.0303, 40.3741 ], [ -4.0302, 40.3742 ], [ -4.0302, 40.3742 ], [ -4.0302, 40.3742 ], [ -4.0302, 40.3742 ], [ -4.0302, 40.3742 ], [ -4.0301, 40.3742 ], [ -4.0301, 40.3742 ], [ -4.03, 40.3742 ], [ -4.0299, 40.3742 ], [ -4.0298, 40.3743 ], [ -4.0298, 40.3743 ], [ -4.0297, 40.3743 ], [ -4.0297, 40.3743 ], [ -4.0296, 40.3743 ], [ -4.0295, 40.3743 ], [ -4.0294, 40.3744 ], [ -4.0292, 40.3745 ], [ -4.0291, 40.3745 ], [ -4.0291, 40.3746 ], [ -4.0291, 40.3745 ], [ -4.0294, 40.3744 ], [ -4.0294, 40.3743 ], [ -4.0295, 40.3743 ], [ -4.0295, 40.3743 ], [ -4.0295, 40.3743 ], [ -4.0295, 40.3743 ], [ -4.0296, 40.3743 ], [ -4.0297, 40.3743 ], [ -4.0297, 40.3742 ], [ -4.0298, 40.3742 ], [ -4.0299, 40.3742 ], [ -4.0299, 40.3742 ], [ -4.0299, 40.3742 ], [ -4.03, 40.3742 ], [ -4.03, 40.3742 ], [ -4.0301, 40.3742 ], [ -4.0302, 40.3742 ], [ -4.0302, 40.3741 ], [ -4.0302, 40.3741 ], [ -4.0303, 40.3741 ], [ -4.0309, 40.3741 ], [ -4.0309, 40.3742 ], [ -4.031, 40.3742 ], [ -4.031, 40.3742 ], [ -4.0311, 40.3742 ], [ -4.0311, 40.3742 ], [ -4.0311, 40.3742 ], [ -4.0312, 40.3742 ], [ -4.0312, 40.3742 ], [ -4.0313, 40.3742 ], [ -4.0313, 40.3742 ], [ -4.0314, 40.3742 ], [ -4.0314, 40.3742 ], [ -4.0315, 40.3742 ], [ -4.0316, 40.3742 ], [ -4.0317, 40.3742 ], [ -4.0318, 40.3741 ], [ -4.0316, 40.374 ], [ -4.0315, 40.3737 ], [ -4.0312, 40.3734 ], [ -4.0308, 40.3734 ], [ -4.0308, 40.3733 ], [ -4.0303, 40.3732 ], [ -4.0296, 40.3724 ], [ -4.0291, 40.3723 ], [ -4.0291, 40.3721 ], [ -4.0289, 40.3719 ], [ -4.0285, 40.3718 ], [ -4.0282, 40.3714 ], [ -4.0272, 40.3713 ], [ -4.0272, 40.3712 ], [ -4.0269, 40.3712 ], [ -4.0269, 40.3711 ], [ -4.0261, 40.3711 ], [ -4.0259, 40.3709 ], [ -4.0257, 40.3709 ], [ -4.0251, 40.3704 ], [ -4.025, 40.3701 ], [ -4.0244, 40.3699 ], [ -4.024, 40.3694 ], [ -4.0234, 40.3693 ], [ -4.0226, 40.3685 ], [ -4.0214, 40.3684 ], [ -4.0208, 40.369 ], [ -4.0192, 40.3701 ], [ -4.0211, 40.3709 ], [ -4.0217, 40.3716 ], [ -4.0229, 40.3726 ], [ -4.0244, 40.373 ], [ -4.0244, 40.3731 ], [ -4.0251, 40.3729 ], [ -4.027, 40.3733 ], [ -4.0279, 40.3739 ], [ -4.0291, 40.3748 ], [ -4.0292, 40.3753 ], [ -4.0291, 40.3768 ], [ -4.0316, 40.3775 ], [ -4.033, 40.3783 ] ] ] } },
{ "type": "Feature", "properties": { "municipio": "Sevilla la Nueva", "clasificacion": "no-urbanizable-protegido", "calificacion": "sin-asignar", "version": "vigente", "fuente": "SIT-CAM WFS — UsoDelSuelo:VPLA_V_CLASIFICACION (https://idem.comunidad.madrid/geosrvg/ows)", "fecha_dato": "2026-05-12", "ambito": "44768", "_raw_CD_SIGLAS": "SNUP", "_raw_DS_CLASIF_GEN": "Suelo No Urbanizable Protegido", "_raw_DS_CLASIF_DET": "Suelo No Urbanizable. Clase IV. Espacios de interés agropecuario extensivo - Suelo No Urbanizable. Clase I. ZEPA", "_raw_DS_DOCU": "NORMAS SUBSIDIARIAS", "_raw_DS_LEY": "CM Ley 9/1995, E Ley 6/1998, E RDL 1/1992, E RD 1346/1976", "_raw_FC_AC": "2001-01-11", "_raw_NM_AREA_M2": 34080.351646563897, "_cam_code": "141" }, "geometry": { "type": "Polygon", "coordinates": [ [ [ -4.028, 40.3713 ], [ -4.0285, 40.3718 ], [ -4.0288, 40.3718 ], [ -4.0292, 40.3723 ], [ -4.0295, 40.3723 ], [ -4.0303, 40.3732 ], [ -4.0312, 40.3734 ], [ -4.0312, 40.3735 ], [ -4.0315, 40.3736 ], [ -4.0316, 40.374 ], [ -4.0324, 40.3742 ], [ -4.0326, 40.3744 ], [ -4.033, 40.3745 ], [ -4.033, 40.3746 ], [ -4.0342, 40.3747 ], [ -4.0346, 40.3751 ], [ -4.0347, 40.3755 ], [ -4.0349, 40.3757 ], [ -4.0348, 40.375 ], [ -4.0343, 40.3745 ], [ -4.0343, 40.3741 ], [ -4.0341, 40.374 ], [ -4.034, 40.3737 ], [ -4.0335, 40.3742 ], [ -4.0333, 40.3742 ], [ -4.0333, 40.3741 ], [ -4.0329, 40.3739 ], [ -4.0325, 40.3739 ], [ -4.032, 40.3737 ], [ -4.032, 40.3736 ], [ -4.031, 40.373 ], [ -4.0307, 40.3722 ], [ -4.0301, 40.3721 ], [ -4.0301, 40.372 ], [ -4.0296, 40.3718 ], [ -4.0291, 40.3718 ], [ -4.0291, 40.3717 ], [ -4.0286, 40.3716 ], [ -4.0283, 40.3713 ], [ -4.028, 40.3713 ] ] ] } },
{ "type": "Feature", "properties": { "municipio": "Sevilla la Nueva", "clasificacion": "no-urbanizable-protegido", "calificacion": "sin-asignar", "version": "vigente", "fuente": "SIT-CAM WFS — UsoDelSuelo:VPLA_V_CLASIFICACION (https://idem.comunidad.madrid/geosrvg/ows)", "fecha_dato": "2026-05-12", "ambito": "44768", "_raw_CD_SIGLAS": "SNUP", "_raw_DS_CLASIF_GEN": "Suelo No Urbanizable Protegido", "_raw_DS_CLASIF_DET": "Suelo No Urbanizable. Clase IV. Espacios de interés agropecuario extensivo - Suelo No Urbanizable. Clase I. ZEPA", "_raw_DS_DOCU": "NORMAS SUBSIDIARIAS", "_raw_DS_LEY": "CM Ley 9/1995, E Ley 6/1998, E RDL 1/1992, E RD 1346/1976", "_raw_FC_AC": "2001-01-11", "_raw_NM_AREA_M2": 180448.08596130801, "_cam_code": "141" }, "geometry": { "type": "Polygon", "coordinates": [ [ [ -4.035, 40.3556 ], [ -4.0358, 40.3559 ], [ -4.0381, 40.3559 ], [ -4.039, 40.3557 ], [ -4.0409, 40.3547 ], [ -4.0416, 40.3534 ], [ -4.042, 40.353 ], [ -4.0423, 40.3529 ], [ -4.0418, 40.352 ], [ -4.0401, 40.3519 ], [ -4.04, 40.352 ], [ -4.04, 40.352 ], [ -4.04, 40.352 ], [ -4.04, 40.3521 ], [ -4.04, 40.3521 ], [ -4.04, 40.3522 ], [ -4.04, 40.3522 ], [ -4.04, 40.3522 ], [ -4.04, 40.3523 ], [ -4.04, 40.3524 ], [ -4.0399, 40.3524 ], [ -4.0399, 40.3524 ], [ -4.0399, 40.3525 ], [ -4.0399, 40.3525 ], [ -4.0399, 40.3525 ], [ -4.0399, 40.3525 ], [ -4.0399, 40.3525 ], [ -4.0399, 40.3525 ], [ -4.0399, 40.3526 ], [ -4.0399, 40.3527 ], [ -4.0398, 40.3529 ], [ -4.0398, 40.3529 ], [ -4.0397, 40.3529 ], [ -4.0397, 40.3529 ], [ -4.0397, 40.3529 ], [ -4.0396, 40.3529 ], [ -4.0395, 40.3529 ], [ -4.0393, 40.353 ], [ -4.0393, 40.353 ], [ -4.0393, 40.3531 ], [ -4.0393, 40.3532 ], [ -4.0388, 40.3537 ], [ -4.0388, 40.3537 ], [ -4.0387, 40.3537 ], [ -4.0386, 40.3537 ], [ -4.0386, 40.3538 ], [ -4.0386, 40.3538 ], [ -4.0385, 40.3538 ], [ -4.0384, 40.3538 ], [ -4.0382, 40.3539 ], [ -4.0381, 40.354 ], [ -4.0381, 40.3541 ], [ -4.0379, 40.3542 ], [ -4.0379, 40.3543 ], [ -4.0378, 40.3543 ], [ -4.0377, 40.3544 ], [ -4.0377, 40.3545 ], [ -4.0377, 40.3545 ], [ -4.0376, 40.3545 ], [ -4.0376, 40.3545 ], [ -4.0376, 40.3545 ], [ -4.0376, 40.3545 ], [ -4.0376, 40.3545 ], [ -4.0375, 40.3545 ], [ -4.0374, 40.3545 ], [ -4.0374, 40.3546 ], [ -4.0374, 40.3546 ], [ -4.0373, 40.3546 ], [ -4.0373, 40.3546 ], [ -4.0373, 40.3546 ], [ -4.0372, 40.3546 ], [ -4.0372, 40.3546 ], [ -4.0372, 40.3546 ], [ -4.0372, 40.3546 ], [ -4.0371, 40.3546 ], [ -4.0371, 40.3546 ], [ -4.037, 40.3546 ], [ -4.0369, 40.3546 ], [ -4.0369, 40.3547 ], [ -4.0368, 40.3547 ], [ -4.0368, 40.3547 ], [ -4.0368, 40.3547 ], [ -4.0368, 40.3547 ], [ -4.0367, 40.3547 ], [ -4.0367, 40.3547 ], [ -4.0367, 40.3547 ], [ -4.0366, 40.3547 ], [ -4.0366, 40.3547 ], [ -4.0366, 40.3547 ], [ -4.0366, 40.3547 ], [ -4.0365, 40.3547 ], [ -4.0364, 40.3547 ], [ -4.0363, 40.3548 ], [ -4.0363, 40.3548 ], [ -4.0363, 40.3548 ], [ -4.0363, 40.3548 ], [ -4.0362, 40.3548 ], [ -4.0362, 40.3548 ], [ -4.0362, 40.3548 ], [ -4.0361, 40.3548 ], [ -4.0361, 40.3548 ], [ -4.0361, 40.3548 ], [ -4.036, 40.3548 ], [ -4.036, 40.3548 ], [ -4.036, 40.3548 ], [ -4.0359, 40.3548 ], [ -4.0358, 40.3548 ], [ -4.0356, 40.3547 ], [ -4.0361, 40.3548 ], [ -4.0362, 40.3547 ], [ -4.0362, 40.3547 ], [ -4.0362, 40.3547 ], [ -4.0363, 40.3547 ], [ -4.0363, 40.3547 ], [ -4.0363, 40.3547 ], [ -4.0364, 40.3547 ], [ -4.0364, 40.3547 ], [ -4.0364, 40.3547 ], [ -4.0365, 40.3547 ], [ -4.0365, 40.3547 ], [ -4.0365, 40.3547 ], [ -4.0366, 40.3547 ], [ -4.0366, 40.3547 ], [ -4.0366, 40.3547 ], [ -4.0366, 40.3547 ], [ -4.0367, 40.3547 ], [ -4.0368, 40.3547 ], [ -4.0368, 40.3546 ], [ -4.0369, 40.3546 ], [ -4.0369, 40.3546 ], [ -4.0369, 40.3546 ], [ -4.037, 40.3546 ], [ -4.037, 40.3546 ], [ -4.037, 40.3546 ], [ -4.0371, 40.3546 ], [ -4.0371, 40.3546 ], [ -4.0371, 40.3546 ], [ -4.0372, 40.3546 ], [ -4.0373, 40.3546 ], [ -4.0374, 40.3545 ], [ -4.0374, 40.3545 ], [ -4.0374, 40.3545 ], [ -4.0375, 40.3545 ], [ -4.0375, 40.3545 ], [ -4.0375, 40.3545 ], [ -4.0376, 40.3545 ], [ -4.0377, 40.3545 ], [ -4.0377, 40.3544 ], [ -4.0379, 40.3543 ], [ -4.0379, 40.3542 ], [ -4.0381, 40.354 ], [ -4.0382, 40.354 ], [ -4.0382, 40.3539 ], [ -4.0386, 40.3538 ], [ -4.0386, 40.3537 ], [ -4.0386, 40.3537 ], [ -4.0387, 40.3537 ], [ -4.0388, 40.3537 ], [ -4.0393, 40.3532 ], [ -4.0393, 40.3532 ], [ -4.0393, 40.3531 ], [ -4.0393, 40.353 ], [ -4.0398, 40.3529 ], [ -4.04, 40.3519 ], [ -4.0401, 40.3519 ], [ -4.0398, 40.3518 ], [ -4.0398, 40.3517 ], [ -4.0387, 40.3517 ], [ -4.0387, 40.3518 ], [ -4.0384, 40.3518 ], [ -4.0381, 40.3519 ], [ -4.0381, 40.352 ], [ -4.0379, 40.352 ], [ -4.0379, 40.3519 ], [ -4.0378, 40.3519 ], [ -4.0378, 40.3519 ], [ -4.0377, 40.3519 ], [ -4.0377, 40.3519 ], [ -4.0377, 40.3519 ], [ -4.0377, 40.3519 ], [ -4.0376, 40.3519 ], [ -4.0376, 40.3519 ], [ -4.0375, 40.3519 ], [ -4.0375, 40.3519 ], [ -4.0375, 40.3519 ], [ -4.0374, 40.3519 ], [ -4.0374, 40.3519 ], [ -4.0373, 40.3519 ], [ -4.0373, 40.3519 ], [ -4.0373, 40.3519 ], [ -4.0372, 40.3519 ], [ -4.0372, 40.3519 ], [ -4.0372, 40.3519 ], [ -4.0371, 40.3519 ], [ -4.0371, 40.3519 ], [ -4.0369, 40.3519 ], [ -4.0383, 40.3522 ], [ -4.0382, 40.353 ], [ -4.034, 40.3549 ], [ -4.035, 40.3556 ] ] ] } },
{ "type": "Feature", "properties": { "municipio": "Sevilla la Nueva", "clasificacion": "no-urbanizable-protegido", "calificacion": "sin-asignar", "version": "vigente", "fuente": "SIT-CAM WFS — UsoDelSuelo:VPLA_V_CLASIFICACION (https://idem.comunidad.madrid/geosrvg/ows)", "fecha_dato": "2026-05-12", "ambito": "44768", "_raw_CD_SIGLAS": "SNUP", "_raw_DS_CLASIF_GEN": "Suelo No Urbanizable Protegido", "_raw_DS_CLASIF_DET": "Suelo No Urbanizable. Clase IV. Espacios de interés agropecuario extensivo - Suelo No Urbanizable. Clase I. ZEPA", "_raw_DS_DOCU": "NORMAS SUBSIDIARIAS", "_raw_DS_LEY": "CM Ley 9/1995, E Ley 6/1998, E RDL 1/1992, E RD 1346/1976", "_raw_FC_AC": "2001-01-11", "_raw_NM_AREA_M2": 355266.761617087, "_cam_code": "141" }, "geometry": { "type": "Polygon", "coordinates": [ [ [ -4.0429, 40.3494 ], [ -4.0436, 40.3493 ], [ -4.0446, 40.3505 ], [ -4.0457, 40.3502 ], [ -4.0462, 40.35 ], [ -4.0474, 40.3488 ], [ -4.0494, 40.3476 ], [ -4.0498, 40.3471 ], [ -4.0508, 40.3464 ], [ -4.0517, 40.3462 ], [ -4.0539, 40.3462 ], [ -4.0556, 40.3454 ], [ -4.0563, 40.3454 ], [ -4.0567, 40.3456 ], [ -4.0577, 40.3456 ], [ -4.0582, 40.3454 ], [ -4.0595, 40.3442 ], [ -4.0587, 40.3438 ], [ -4.0583, 40.3434 ], [ -4.0581, 40.3434 ], [ -4.0581, 40.3433 ], [ -4.0576, 40.3431 ], [ -4.0573, 40.3428 ], [ -4.0565, 40.3427 ], [ -4.0558, 40.3437 ], [ -4.0544, 40.3438 ], [ -4.0536, 40.3443 ], [ -4.0501, 40.3449 ], [ -4.0498, 40.3448 ], [ -4.0498, 40.3447 ], [ -4.0483, 40.3453 ], [ -4.0473, 40.3449 ], [ -4.0467, 40.3448 ], [ -4.0459, 40.3458 ], [ -4.046, 40.3463 ], [ -4.0459, 40.3463 ], [ -4.0459, 40.3465 ], [ -4.0454, 40.3468 ], [ -4.0452, 40.3478 ], [ -4.0447, 40.3479 ], [ -4.0442, 40.3482 ], [ -4.0437, 40.3488 ], [ -4.043, 40.3491 ], [ -4.0429, 40.3494 ] ] ] } },
{ "type": "Feature", "properties": { "municipio": "Sevilla la Nueva", "clasificacion": "no-urbanizable-protegido", "calificacion": "sin-asignar", "version": "vigente", "fuente": "SIT-CAM WFS — UsoDelSuelo:VPLA_V_CLASIFICACION (https://idem.comunidad.madrid/geosrvg/ows)", "fecha_dato": "2026-05-12", "ambito": "44768", "_raw_CD_SIGLAS": "SNUP", "_raw_DS_CLASIF_GEN": "Suelo No Urbanizable Protegido", "_raw_DS_CLASIF_DET": "Suelo No Urbanizable. Clase I. Cauces, Riberas y Zonas Húmedas - Suelo No Urbanizable. Clase I. ZEPA", "_raw_DS_DOCU": "NORMAS SUBSIDIARIAS", "_raw_DS_LEY": "CM Ley 9/1995, E Ley 6/1998, E RDL 1/1992, E RD 1346/1976", "_raw_FC_AC": "2001-01-11", "_raw_NM_AREA_M2": 1731.2605767370901, "_cam_code": "141" }, "geometry": { "type": "Polygon", "coordinates": [ [ [ -4.0045, 40.3422 ], [ -4.0047, 40.3423 ], [ -4.0047, 40.3423 ], [ -4.0048, 40.3423 ], [ -4.0049, 40.3423 ], [ -4.0049, 40.3424 ], [ -4.0049, 40.3424 ], [ -4.005, 40.3424 ], [ -4.005, 40.3424 ], [ -4.005, 40.3424 ], [ -4.0051, 40.3424 ], [ -4.0051, 40.3424 ], [ -4.0051, 40.3424 ], [ -4.0052, 40.3424 ], [ -4.0053, 40.3424 ], [ -4.0054, 40.3424 ], [ -4.0054, 40.3424 ], [ -4.0055, 40.3424 ], [ -4.0055, 40.3424 ], [ -4.0056, 40.3424 ], [ -4.0057, 40.3424 ], [ -4.0058, 40.3424 ], [ -4.0059, 40.3424 ], [ -4.0066, 40.3423 ], [ -4.007, 40.3421 ], [ -4.0086, 40.3424 ], [ -4.0088, 40.3424 ], [ -4.0091, 40.3424 ], [ -4.0097, 40.3424 ], [ -4.0099, 40.3424 ], [ -4.0101, 40.3424 ], [ -4.0112, 40.3423 ], [ -4.0116, 40.3425 ], [ -4.0117, 40.3426 ], [ -4.0124, 40.343 ], [ -4.0136, 40.344 ], [ -4.0144, 40.3443 ], [ -4.0147, 40.3447 ], [ -4.0149, 40.3448 ], [ -4.0144, 40.3443 ], [ -4.0135, 40.3439 ], [ -4.0124, 40.343 ], [ -4.0116, 40.3425 ], [ -4.0112, 40.3423 ], [ -4.0088, 40.3424 ], [ -4.0073, 40.3421 ], [ -4.007, 40.3421 ], [ -4.0067, 40.3423 ], [ -4.0067, 40.3422 ], [ -4.0068, 40.3421 ], [ -4.0069, 40.3421 ], [ -4.007, 40.3421 ], [ -4.0073, 40.342 ], [ -4.0073, 40.3419 ], [ -4.0073, 40.3419 ], [ -4.0074, 40.3419 ], [ -4.0075, 40.3419 ], [ -4.0075, 40.3419 ], [ -4.0076, 40.3419 ], [ -4.0077, 40.3419 ], [ -4.0077, 40.3418 ], [ -4.0078, 40.3418 ], [ -4.0079, 40.3418 ], [ -4.0081, 40.3417 ], [ -4.0081, 40.3416 ], [ -4.01, 40.3412 ], [ -4.01, 40.3411 ], [ -4.0103, 40.3411 ], [ -4.0106, 40.341 ], [ -4.0108, 40.3409 ], [ -4.0109, 40.3407 ], [ -4.0127, 40.3401 ], [ -4.0109, 40.3407 ], [ -4.0108, 40.3409 ], [ -4.0103, 40.3411 ], [ -4.01, 40.3411 ], [ -4.0084, 40.3415 ], [ -4.0081, 40.3416 ], [ -4.0079, 40.3418 ], [ -4.0079, 40.3418 ], [ -4.0078, 40.3418 ], [ -4.0077, 40.3418 ], [ -4.0077, 40.3419 ], [ -4.0076, 40.3419 ], [ -4.0076, 40.3419 ], [ -4.0076, 40.3419 ], [ -4.0076, 40.3419 ], [ -4.0075, 40.3419 ], [ -4.0075, 40.3419 ], [ -4.0074, 40.3419 ], [ -4.0073, 40.3419 ], [ -4.0072, 40.3419 ], [ -4.007, 40.3421 ], [ -4.0069, 40.3421 ], [ -4.0068, 40.3421 ], [ -4.0067, 40.3422 ], [ -4.0067, 40.3422 ], [ -4.0067, 40.3422 ], [ -4.0067, 40.3422 ], [ -4.0067, 40.3422 ], [ -4.0067, 40.3422 ], [ -4.0067, 40.3422 ], [ -4.0067, 40.3423 ], [ -4.0067, 40.3423 ], [ -4.0066, 40.3423 ], [ -4.0063, 40.3423 ], [ -4.0058, 40.3424 ], [ -4.0058, 40.3424 ], [ -4.0058, 40.3424 ], [ -4.0057, 40.3424 ], [ -4.0056, 40.3424 ], [ -4.0055, 40.3424 ], [ -4.0055, 40.3424 ], [ -4.0054, 40.3424 ], [ -4.0054, 40.3424 ], [ -4.0053, 40.3424 ], [ -4.0052, 40.3424 ], [ -4.0051, 40.3424 ], [ -4.005, 40.3424 ], [ -4.0049, 40.3423 ], [ -4.0049, 40.3423 ], [ -4.0048, 40.3423 ], [ -4.0047, 40.3423 ], [ -4.0046, 40.3422 ], [ -4.0046, 40.3422 ], [ -4.0046, 40.3422 ], [ -4.0045, 40.3422 ], [ -4.0044, 40.3422 ], [ -4.0044, 40.3421 ], [ -4.0044, 40.3421 ], [ -4.0043, 40.3421 ], [ -4.0043, 40.3421 ], [ -4.0042, 40.3421 ], [ -4.0042, 40.3421 ], [ -4.0041, 40.3421 ], [ -4.004, 40.3421 ], [ -4.0039, 40.3421 ], [ -4.0038, 40.3421 ], [ -4.0037, 40.3421 ], [ -4.0034, 40.3421 ], [ -4.0029, 40.3419 ], [ -4.0037, 40.3421 ], [ -4.0037, 40.3422 ], [ -4.0038, 40.3421 ], [ -4.0039, 40.3421 ], [ -4.004, 40.3421 ], [ -4.0041, 40.3421 ], [ -4.0042, 40.3421 ], [ -4.0042, 40.3421 ], [ -4.0043, 40.3421 ], [ -4.0044, 40.3421 ], [ -4.0045, 40.3422 ] ] ] } },
{ "type": "Feature", "properties": { "municipio": "Sevilla la Nueva", "clasificacion": "no-urbanizable-protegido", "calificacion": "sin-asignar", "version": "vigente", "fuente": "SIT-CAM WFS — UsoDelSuelo:VPLA_V_CLASIFICACION (https://idem.comunidad.madrid/geosrvg/ows)", "fecha_dato": "2026-05-12", "ambito": "44768", "_raw_CD_SIGLAS": "SNUP", "_raw_DS_CLASIF_GEN": "Suelo No Urbanizable Protegido", "_raw_DS_CLASIF_DET": "Suelo No Urbanizable. Clase I. Cauces, Riberas y Zonas Húmedas - Suelo No Urbanizable. Clase I. ZEPA", "_raw_DS_DOCU": "NORMAS SUBSIDIARIAS", "_raw_DS_LEY": "CM Ley 9/1995, E Ley 6/1998, E RDL 1/1992, E RD 1346/1976", "_raw_FC_AC": "2001-01-11", "_raw_NM_AREA_M2": 1284.27585701761, "_cam_code": "141" }, "geometry": { "type": "Polygon", "coordinates": [ [ [ -4.0294, 40.3333 ], [ -4.0293, 40.3334 ], [ -4.0292, 40.3337 ], [ -4.0289, 40.3338 ], [ -4.0288, 40.3339 ], [ -4.0288, 40.3339 ], [ -4.0288, 40.3339 ], [ -4.0288, 40.334 ], [ -4.0288, 40.334 ], [ -4.0288, 40.334 ], [ -4.0288, 40.334 ], [ -4.0288, 40.3341 ], [ -4.0288, 40.3341 ], [ -4.0288, 40.3342 ], [ -4.0288, 40.3342 ], [ -4.0288, 40.3342 ], [ -4.0288, 40.3342 ], [ -4.0288, 40.3343 ], [ -4.0288, 40.3343 ], [ -4.0288, 40.3343 ], [ -4.0288, 40.3343 ], [ -4.0288, 40.3343 ], [ -4.0288, 40.3343 ], [ -4.0288, 40.3343 ], [ -4.0288, 40.3343 ], [ -4.0288, 40.3344 ], [ -4.0288, 40.3344 ], [ -4.0288, 40.3344 ], [ -4.0288, 40.3344 ], [ -4.0288, 40.3345 ], [ -4.0288, 40.3345 ], [ -4.0288, 40.3345 ], [ -4.0288, 40.3345 ], [ -4.0288, 40.3345 ], [ -4.0288, 40.3345 ], [ -4.0288, 40.3345 ], [ -4.0288, 40.3345 ], [ -4.0288, 40.3346 ], [ -4.0288, 40.3346 ], [ -4.0288, 40.3346 ], [ -4.0288, 40.3346 ], [ -4.0288, 40.3346 ], [ -4.0288, 40.3346 ], [ -4.0288, 40.3347 ], [ -4.0288, 40.3347 ], [ -4.0288, 40.3347 ], [ -4.0288, 40.3347 ], [ -4.0288, 40.3347 ], [ -4.0288, 40.3348 ], [ -4.0288, 40.3349 ], [ -4.0287, 40.3349 ], [ -4.0286, 40.3351 ], [ -4.0286, 40.3351 ], [ -4.0286, 40.3351 ], [ -4.0286, 40.3352 ], [ -4.0286, 40.3353 ], [ -4.0285, 40.3353 ], [ -4.0285, 40.3354 ], [ -4.0285, 40.3354 ], [ -4.0285, 40.3354 ], [ -4.0285, 40.3354 ], [ -4.0285, 40.3355 ], [ -4.0285, 40.3356 ], [ -4.0284, 40.3357 ], [ -4.0283, 40.3357 ], [ -4.0282, 40.336 ], [ -4.0282, 40.336 ], [ -4.0282, 40.3361 ], [ -4.0282, 40.3362 ], [ -4.0281, 40.3362 ], [ -4.0281, 40.3363 ], [ -4.0281, 40.3363 ], [ -4.0281, 40.3363 ], [ -4.0281, 40.3364 ], [ -4.0281, 40.3365 ], [ -4.0278, 40.3367 ], [ -4.0277, 40.3367 ], [ -4.0275, 40.3368 ], [ -4.0275, 40.3369 ], [ -4.0273, 40.337 ], [ -4.0272, 40.337 ], [ -4.0269, 40.3372 ], [ -4.0269, 40.3373 ], [ -4.0268, 40.3373 ], [ -4.0267, 40.3373 ], [ -4.0267, 40.3374 ], [ -4.0266, 40.3374 ], [ -4.0265, 40.3374 ], [ -4.0265, 40.3375 ], [ -4.0264, 40.3375 ], [ -4.0263, 40.3375 ], [ -4.0261, 40.3377 ], [ -4.026, 40.3381 ], [ -4.026, 40.3381 ], [ -4.026, 40.3381 ], [ -4.026, 40.3381 ], [ -4.0259, 40.3381 ], [ -4.0259, 40.3381 ], [ -4.0258, 40.3381 ], [ -4.0257, 40.3381 ], [ -4.0255, 40.3382 ], [ -4.0255, 40.3383 ], [ -4.0254, 40.3383 ], [ -4.0254, 40.3384 ], [ -4.0253, 40.3384 ], [ -4.0253, 40.3385 ], [ -4.0252, 40.3386 ], [ -4.0251, 40.3386 ], [ -4.0247, 40.3388 ], [ -4.0247, 40.3389 ], [ -4.0246, 40.339 ], [ -4.0246, 40.3391 ], [ -4.0245, 40.3391 ], [ -4.0246, 40.3391 ], [ -4.0247, 40.339 ], [ -4.0247, 40.3389 ], [ -4.0247, 40.3388 ], [ -4.0252, 40.3386 ], [ -4.0252, 40.3385 ], [ -4.0253, 40.3385 ], [ -4.0253, 40.3384 ], [ -4.0254, 40.3384 ], [ -4.0255, 40.3383 ], [ -4.0255, 40.3382 ], [ -4.026, 40.3381 ], [ -4.0261, 40.3377 ], [ -4.0263, 40.3377 ], [ -4.0263, 40.3375 ], [ -4.0263, 40.3375 ], [ -4.0264, 40.3375 ], [ -4.0265, 40.3375 ], [ -4.0267, 40.3374 ], [ -4.0267, 40.3373 ], [ -4.0268, 40.3373 ], [ -4.0269, 40.3373 ], [ -4.0272, 40.337 ], [ -4.0275, 40.3369 ], [ -4.0275, 40.3368 ], [ -4.0277, 40.3368 ], [ -4.0281, 40.3365 ], [ -4.0282, 40.3362 ], [ -4.0282, 40.3362 ], [ -4.0282, 40.3362 ], [ -4.0282, 40.3362 ], [ -4.0282, 40.3362 ], [ -4.0282, 40.3362 ], [ -4.0282, 40.3362 ], [ -4.0282, 40.3362 ], [ -4.0282, 40.3362 ], [ -4.0282, 40.3362 ], [ -4.0282, 40.3361 ], [ -4.0282, 40.336 ], [ -4.0285, 40.3356 ], [ -4.0286, 40.3353 ], [ -4.0286, 40.3353 ], [ -4.0286, 40.3352 ], [ -4.0286, 40.3351 ], [ -4.0288, 40.3349 ], [ -4.0288, 40.3349 ], [ -4.0288, 40.3348 ], [ -4.0288, 40.3347 ], [ -4.0289, 40.3351 ], [ -4.0288, 40.3352 ], [ -4.0288, 40.3352 ], [ -4.0288, 40.3352 ], [ -4.0288, 40.3353 ], [ -4.0288, 40.3353 ], [ -4.0288, 40.3354 ], [ -4.0288, 40.3355 ], [ -4.0287, 40.3356 ], [ -4.0287, 40.3356 ], [ -4.0287, 40.3357 ], [ -4.0287, 40.3357 ], [ -4.0287, 40.3357 ], [ -4.0287, 40.3357 ], [ -4.0287, 40.3358 ], [ -4.0287, 40.3359 ], [ -4.0286, 40.3361 ], [ -4.0285, 40.3361 ], [ -4.0285, 40.3362 ], [ -4.0285, 40.3362 ], [ -4.0285, 40.3362 ], [ -4.0285, 40.3363 ], [ -4.0285, 40.3364 ], [ -4.0284, 40.3365 ], [ -4.0284, 40.3365 ], [ -4.0284, 40.3365 ], [ -4.0284, 40.3366 ], [ -4.0284, 40.3367 ], [ -4.0283, 40.3367 ], [ -4.0283, 40.3368 ], [ -4.0283, 40.3368 ], [ -4.0283, 40.3369 ], [ -4.0283, 40.337 ], [ -4.0282, 40.337 ], [ -4.0282, 40.3371 ], [ -4.0282, 40.3371 ], [ -4.0282, 40.3372 ], [ -4.0282, 40.3372 ], [ -4.0282, 40.3373 ], [ -4.0282, 40.3373 ], [ -4.0282, 40.3373 ], [ -4.0282, 40.3373 ], [ -4.0282, 40.3373 ], [ -4.0282, 40.3373 ], [ -4.0282, 40.3373 ], [ -4.0282, 40.3373 ], [ -4.0282, 40.3374 ], [ -4.0282, 40.3374 ], [ -4.0282, 40.3375 ], [ -4.0282, 40.3376 ], [ -4.0283, 40.3376 ], [ -4.0283, 40.3376 ], [ -4.0283, 40.3377 ], [ -4.0283, 40.3378 ], [ -4.0284, 40.3379 ], [ -4.0284, 40.3379 ], [ -4.0284, 40.338 ], [ -4.0284, 40.338 ], [ -4.0284, 40.3381 ], [ -4.0284, 40.3381 ], [ -4.0284, 40.3382 ], [ -4.0284, 40.3383 ], [ -4.0285, 40.3383 ], [ -4.0285, 40.3384 ], [ -4.0285, 40.3385 ], [ -4.0286, 40.3388 ], [ -4.0285, 40.3383 ], [ -4.0284, 40.3383 ], [ -4.0284, 40.3383 ], [ -4.0284, 40.3382 ], [ -4.0284, 40.3382 ], [ -4.0284, 40.3382 ], [ -4.0284, 40.3382 ], [ -4.0284, 40.3382 ], [ -4.0284, 40.3382 ], [ -4.0284, 40.3382 ], [ -4.0284, 40.3382 ], [ -4.0284, 40.3382 ], [ -4.0284, 40.3382 ], [ -4.0284, 40.3382 ], [ -4.0284, 40.3382 ], [ -4.0284, 40.3381 ], [ -4.0284, 40.3381 ], [ -4.0284, 40.338 ], [ -4.0284, 40.338 ], [ -4.0284, 40.3379 ], [ -4.0284, 40.3378 ], [ -4.0283, 40.3378 ], [ -4.0283, 40.3377 ], [ -4.0283, 40.3376 ], [ -4.0282, 40.3375 ], [ -4.0282, 40.3375 ], [ -4.0282, 40.3374 ], [ -4.0282, 40.3374 ], [ -4.0282, 40.3373 ], [ -4.0282, 40.3373 ], [ -4.0282, 40.3373 ], [ -4.0282, 40.3373 ], [ -4.0282, 40.3373 ], [ -4.0282, 40.3373 ], [ -4.0282, 40.3373 ], [ -4.0282, 40.3373 ], [ -4.0282, 40.3372 ], [ -4.0282, 40.3371 ], [ -4.0283, 40.337 ], [ -4.0283, 40.337 ], [ -4.0283, 40.337 ], [ -4.0283, 40.3369 ], [ -4.0283, 40.3368 ], [ -4.0284, 40.3368 ], [ -4.0284, 40.3367 ], [ -4.0284, 40.3367 ], [ -4.0284, 40.3366 ], [ -4.0284, 40.3365 ], [ -4.0285, 40.3365 ], [ -4.0285, 40.3364 ], [ -4.0285, 40.3364 ], [ -4.0285, 40.3363 ], [ -4.0285, 40.3362 ], [ -4.0286, 40.3361 ], [ -4.0286, 40.336 ], [ -4.0287, 40.3359 ], [ -4.0287, 40.3359 ], [ -4.0287, 40.3358 ], [ -4.0287, 40.3358 ], [ -4.0287, 40.3357 ], [ -4.0287, 40.3356 ], [ -4.0288, 40.3356 ], [ -4.0288, 40.3355 ], [ -4.0288, 40.3355 ], [ -4.0288, 40.3355 ], [ -4.0288, 40.3354 ], [ -4.0288, 40.3354 ], [ -4.0288, 40.3353 ], [ -4.0288, 40.3352 ], [ -4.0289, 40.3352 ], [ -4.0289, 40.3351 ], [ -4.0289, 40.3348 ], [ -4.0288, 40.3347 ], [ -4.0288, 40.3347 ], [ -4.0288, 40.3346 ], [ -4.0288, 40.3346 ], [ -4.0288, 40.3346 ], [ -4.0288, 40.3346 ], [ -4.0288, 40.3346 ], [ -4.0288, 40.3346 ], [ -4.0288, 40.3345 ], [ -4.0288, 40.3345 ], [ -4.0288, 40.3345 ], [ -4.0288, 40.3345 ], [ -4.0288, 40.3345 ], [ -4.0288, 40.3345 ], [ -4.0288, 40.3345 ], [ -4.0288, 40.3345 ], [ -4.0288, 40.3344 ], [ -4.0288, 40.3344 ], [ -4.0288, 40.3344 ], [ -4.0288, 40.3344 ], [ -4.0288, 40.3343 ], [ -4.0288, 40.3343 ], [ -4.0288, 40.3343 ], [ -4.0288, 40.3343 ], [ -4.0288, 40.3343 ], [ -4.0288, 40.3343 ], [ -4.0288, 40.3343 ], [ -4.0288, 40.3343 ], [ -4.0288, 40.3342 ], [ -4.0288, 40.3342 ], [ -4.0288, 40.3342 ], [ -4.0288, 40.3342 ], [ -4.0288, 40.3341 ], [ -4.0288, 40.3341 ], [ -4.0288, 40.334 ], [ -4.0288, 40.3339 ], [ -4.0293, 40.3337 ], [ -4.0294, 40.3333 ] ] ] } },
{ "type": "Feature", "properties": { "municipio": "Sevilla la Nueva", "clasificacion": "no-urbanizable-protegido", "calificacion": "sin-asignar", "version": "vigente", "fuente": "SIT-CAM WFS — UsoDelSuelo:VPLA_V_CLASIFICACION (https://idem.comunidad.madrid/geosrvg/ows)", "fecha_dato": "2026-05-12", "ambito": "44768", "_raw_CD_SIGLAS": "SNUP", "_raw_DS_CLASIF_GEN": "Suelo No Urbanizable Protegido", "_raw_DS_CLASIF_DET": "Suelo No Urbanizable. Clase I. Cauces, Riberas y Zonas Húmedas - Suelo No Urbanizable. Clase I. ZEPA", "_raw_DS_DOCU": "NORMAS SUBSIDIARIAS", "_raw_DS_LEY": "CM Ley 9/1995, E Ley 6/1998, E RDL 1/1992, E RD 1346/1976", "_raw_FC_AC": "2001-01-11", "_raw_NM_AREA_M2": 573.50948506394798, "_cam_code": "141" }, "geometry": { "type": "Polygon", "coordinates": [ [ [ -4.056, 40.3346 ], [ -4.0558, 40.335 ], [ -4.0559, 40.3351 ], [ -4.0558, 40.3351 ], [ -4.0557, 40.3352 ], [ -4.0557, 40.3353 ], [ -4.0557, 40.3354 ], [ -4.0557, 40.3355 ], [ -4.0558, 40.3355 ], [ -4.0558, 40.3356 ], [ -4.0558, 40.3357 ], [ -4.0558, 40.3357 ], [ -4.0558, 40.3357 ], [ -4.0558, 40.3357 ], [ -4.0558, 40.3356 ], [ -4.0558, 40.3355 ], [ -4.0557, 40.3354 ], [ -4.0557, 40.3354 ], [ -4.0557, 40.3353 ], [ -4.0557, 40.3352 ], [ -4.0559, 40.3351 ], [ -4.0561, 40.3352 ], [ -4.057, 40.3361 ], [ -4.057, 40.3362 ], [ -4.057, 40.3363 ], [ -4.0574, 40.3366 ], [ -4.0578, 40.3368 ], [ -4.058, 40.3369 ], [ -4.0587, 40.3371 ], [ -4.0574, 40.3366 ], [ -4.057, 40.3361 ], [ -4.0566, 40.3358 ], [ -4.0566, 40.3357 ], [ -4.0565, 40.3357 ], [ -4.0561, 40.3352 ], [ -4.0559, 40.3351 ], [ -4.056, 40.335 ], [ -4.0564, 40.3352 ], [ -4.0568, 40.3354 ], [ -4.057, 40.3354 ], [ -4.056, 40.335 ], [ -4.0559, 40.3351 ], [ -4.0559, 40.3348 ], [ -4.0561, 40.3346 ], [ -4.056, 40.3346 ] ] ] } },
{ "type": "Feature", "properties": { "municipio": "Sevilla la Nueva", "clasificacion": "no-urbanizable-protegido", "calificacion": "sin-asignar", "version": "vigente", "fuente": "SIT-CAM WFS — UsoDelSuelo:VPLA_V_CLASIFICACION (https://idem.comunidad.madrid/geosrvg/ows)", "fecha_dato": "2026-05-12", "ambito": "44768", "_raw_CD_SIGLAS": "SNUP", "_raw_DS_CLASIF_GEN": "Suelo No Urbanizable Protegido", "_raw_DS_CLASIF_DET": "Suelo No Urbanizable. Clase I. Cauces, Riberas y Zonas Húmedas - Suelo No Urbanizable. Clase I. ZEPA", "_raw_DS_DOCU": "NORMAS SUBSIDIARIAS", "_raw_DS_LEY": "CM Ley 9/1995, E Ley 6/1998, E RDL 1/1992, E RD 1346/1976", "_raw_FC_AC": "2001-01-11", "_raw_NM_AREA_M2": 271.66726604322298, "_cam_code": "141" }, "geometry": { "type": "Polygon", "coordinates": [ [ [ -4.055, 40.3346 ], [ -4.055, 40.3348 ], [ -4.0551, 40.3348 ], [ -4.0554, 40.3353 ], [ -4.0554, 40.3353 ], [ -4.0554, 40.3353 ], [ -4.0554, 40.3354 ], [ -4.0554, 40.3355 ], [ -4.0554, 40.3356 ], [ -4.0554, 40.3357 ], [ -4.0556, 40.3363 ], [ -4.0558, 40.3366 ], [ -4.0558, 40.3367 ], [ -4.056, 40.3369 ], [ -4.0559, 40.3367 ], [ -4.0556, 40.3363 ], [ -4.0554, 40.3356 ], [ -4.0555, 40.3355 ], [ -4.0554, 40.3353 ], [ -4.0551, 40.3349 ], [ -4.0551, 40.3348 ], [ -4.055, 40.3346 ] ] ] } },
{ "type": "Feature", "properties": { "municipio": "Sevilla la Nueva", "clasificacion": "no-urbanizable-protegido", "calificacion": "sin-asignar", "version": "vigente", "fuente": "SIT-CAM WFS — UsoDelSuelo:VPLA_V_CLASIFICACION (https://idem.comunidad.madrid/geosrvg/ows)", "fecha_dato": "2026-05-12", "ambito": "44768", "_raw_CD_SIGLAS": "SNUP", "_raw_DS_CLASIF_GEN": "Suelo No Urbanizable Protegido", "_raw_DS_CLASIF_DET": "Suelo No Urbanizable. Clase IV. Espacios de interés agropecuario extensivo - Suelo No Urbanizable. Clase I. ZEPA", "_raw_DS_DOCU": "NORMAS SUBSIDIARIAS", "_raw_DS_LEY": "CM Ley 9/1995, E Ley 6/1998, E RDL 1/1992, E RD 1346/1976", "_raw_FC_AC": "2001-01-11", "_raw_NM_AREA_M2": 1503940.62803258, "_cam_code": "141" }, "geometry": { "type": "Polygon", "coordinates": [ [ [ -4.0285, 40.3362 ], [ -4.0287, 40.3359 ], [ -4.0287, 40.3356 ], [ -4.0288, 40.3356 ], [ -4.0288, 40.3352 ], [ -4.0289, 40.3352 ], [ -4.0288, 40.3339 ], [ -4.0293, 40.3337 ], [ -4.0294, 40.3333 ], [ -4.0324, 40.3332 ], [ -4.034, 40.3329 ], [ -4.035, 40.333 ], [ -4.0407, 40.3327 ], [ -4.0435, 40.3327 ], [ -4.045, 40.3326 ], [ -4.0449, 40.3326 ], [ -4.0449, 40.3328 ], [ -4.0439, 40.3352 ], [ -4.0434, 40.3361 ], [ -4.0445, 40.3362 ], [ -4.0445, 40.3361 ], [ -4.0453, 40.336 ], [ -4.0462, 40.3366 ], [ -4.0483, 40.3372 ], [ -4.0482, 40.3379 ], [ -4.0483, 40.3386 ], [ -4.0482, 40.3386 ], [ -4.0482, 40.3388 ], [ -4.048, 40.3391 ], [ -4.0478, 40.3391 ], [ -4.0473, 40.3396 ], [ -4.0467, 40.3399 ], [ -4.0471, 40.3402 ], [ -4.0474, 40.3408 ], [ -4.0476, 40.3408 ], [ -4.0476, 40.3409 ], [ -4.0483, 40.3412 ], [ -4.0482, 40.3412 ], [ -4.0481, 40.3416 ], [ -4.048, 40.3416 ], [ -4.048, 40.3425 ], [ -4.0476, 40.343 ], [ -4.0472, 40.3431 ], [ -4.0471, 40.3433 ], [ -4.0449, 40.3437 ], [ -4.0449, 40.3438 ], [ -4.0442, 40.3437 ], [ -4.044, 40.3438 ], [ -4.0457, 40.3442 ], [ -4.0457, 40.3443 ], [ -4.0464, 40.3446 ], [ -4.0464, 40.3447 ], [ -4.0466, 40.3447 ], [ -4.0467, 40.3449 ], [ -4.0459, 40.3457 ], [ -4.0459, 40.3462 ], [ -4.046, 40.3463 ], [ -4.0459, 40.3463 ], [ -4.0459, 40.3465 ], [ -4.0455, 40.3466 ], [ -4.0454, 40.347 ], [ -4.0453, 40.347 ], [ -4.0452, 40.3477 ], [ -4.045, 40.3479 ], [ -4.0446, 40.3479 ], [ -4.0437, 40.3488 ], [ -4.043, 40.3491 ], [ -4.0428, 40.3494 ], [ -4.0424, 40.3495 ], [ -4.0419, 40.3489 ], [ -4.0419, 40.3481 ], [ -4.0422, 40.3474 ], [ -4.0411, 40.3455 ], [ -4.0405, 40.3456 ], [ -4.0405, 40.3455 ], [ -4.0402, 40.3455 ], [ -4.0398, 40.3453 ], [ -4.0394, 40.3453 ], [ -4.0394, 40.3452 ], [ -4.0392, 40.3452 ], [ -4.0391, 40.3449 ], [ -4.0386, 40.3444 ], [ -4.0377, 40.3445 ], [ -4.0373, 40.3441 ], [ -4.0375, 40.3433 ], [ -4.038, 40.3428 ], [ -4.0375, 40.3424 ], [ -4.0373, 40.342 ], [ -4.0364, 40.3414 ], [ -4.0363, 40.3404 ], [ -4.0355, 40.3396 ], [ -4.035, 40.3393 ], [ -4.0349, 40.339 ], [ -4.034, 40.3382 ], [ -4.034, 40.3379 ], [ -4.0337, 40.3376 ], [ -4.0337, 40.3374 ], [ -4.0338, 40.3372 ], [ -4.0342, 40.337 ], [ -4.0344, 40.3362 ], [ -4.0341, 40.3355 ], [ -4.0332, 40.3354 ], [ -4.0331, 40.3352 ], [ -4.0327, 40.3352 ], [ -4.0322, 40.3349 ], [ -4.0309, 40.3348 ], [ -4.0309, 40.3353 ], [ -4.0308, 40.3354 ], [ -4.029, 40.3358 ], [ -4.0285, 40.3362 ] ] ] } },
{ "type": "Feature", "properties": { "municipio": "Sevilla la Nueva", "clasificacion": "no-urbanizable-protegido", "calificacion": "sin-asignar", "version": "vigente", "fuente": "SIT-CAM WFS — UsoDelSuelo:VPLA_V_CLASIFICACION (https://idem.comunidad.madrid/geosrvg/ows)", "fecha_dato": "2026-05-12", "ambito": "44768", "_raw_CD_SIGLAS": "SNUP", "_raw_DS_CLASIF_GEN": "Suelo No Urbanizable Protegido", "_raw_DS_CLASIF_DET": "Suelo No Urbanizable. Clase IV. Espacios de interés agropecuario extensivo - Suelo No Urbanizable. Clase I. ZEPA", "_raw_DS_DOCU": "NORMAS SUBSIDIARIAS", "_raw_DS_LEY": "CM Ley 9/1995, E Ley 6/1998, E RDL 1/1992, E RD 1346/1976", "_raw_FC_AC": "2001-01-11", "_raw_NM_AREA_M2": 14255.3349650072, "_cam_code": "141" }, "geometry": { "type": "Polygon", "coordinates": [ [ [ -4.0471, 40.3433 ], [ -4.0479, 40.343 ], [ -4.0482, 40.3427 ], [ -4.0487, 40.3426 ], [ -4.0491, 40.3422 ], [ -4.0493, 40.3418 ], [ -4.0487, 40.3413 ], [ -4.0482, 40.3412 ], [ -4.0482, 40.3414 ], [ -4.048, 40.3416 ], [ -4.048, 40.3426 ], [ -4.0476, 40.343 ], [ -4.0472, 40.3431 ], [ -4.0471, 40.3433 ] ] ] } },
{ "type": "Feature", "properties": { "municipio": "Sevilla la Nueva", "clasificacion": "no-urbanizable-protegido", "calificacion": "sin-asignar", "version": "vigente", "fuente": "SIT-CAM WFS — UsoDelSuelo:VPLA_V_CLASIFICACION (https://idem.comunidad.madrid/geosrvg/ows)", "fecha_dato": "2026-05-12", "ambito": "44768", "_raw_CD_SIGLAS": "SNUP", "_raw_DS_CLASIF_GEN": "Suelo No Urbanizable Protegido", "_raw_DS_CLASIF_DET": "Suelo No Urbanizable. Clase IV. Espacios de interés agropecuario extensivo - Suelo No Urbanizable. Clase I. ZEPA", "_raw_DS_DOCU": "NORMAS SUBSIDIARIAS", "_raw_DS_LEY": "CM Ley 9/1995, E Ley 6/1998, E RDL 1/1992, E RD 1346/1976", "_raw_FC_AC": "2001-01-11", "_raw_NM_AREA_M2": 278188.86078319303, "_cam_code": "141" }, "geometry": { "type": "Polygon", "coordinates": [ [ [ -4.0659, 40.3413 ], [ -4.0669, 40.3416 ], [ -4.0676, 40.342 ], [ -4.0663, 40.3411 ], [ -4.0664, 40.3407 ], [ -4.0659, 40.3399 ], [ -4.0659, 40.3396 ], [ -4.0672, 40.338 ], [ -4.0684, 40.3373 ], [ -4.0687, 40.3368 ], [ -4.0689, 40.336 ], [ -4.0697, 40.3353 ], [ -4.0701, 40.3351 ], [ -4.0686, 40.335 ], [ -4.0677, 40.3348 ], [ -4.066, 40.3351 ], [ -4.0629, 40.3348 ], [ -4.0615, 40.3344 ], [ -4.0607, 40.3344 ], [ -4.0605, 40.3368 ], [ -4.0615, 40.3368 ], [ -4.0615, 40.3369 ], [ -4.0621, 40.337 ], [ -4.0623, 40.3372 ], [ -4.0623, 40.3376 ], [ -4.0632, 40.3387 ], [ -4.0641, 40.3386 ], [ -4.0646, 40.3384 ], [ -4.0649, 40.3389 ], [ -4.0647, 40.3397 ], [ -4.0659, 40.3413 ] ] ] } },
{ "type": "Feature", "properties": { "municipio": "Sevilla la Nueva", "clasificacion": "urbano-consolidado", "calificacion": "sin-asignar", "version": "vigente", "fuente": "SIT-CAM WFS — UsoDelSuelo:VPLA_V_CLASIFICACION (https://idem.comunidad.madrid/geosrvg/ows)", "fecha_dato": "2026-05-12", "ambito": "44768", "_raw_CD_SIGLAS": "SU", "_raw_DS_CLASIF_GEN": "Suelo Urbano", "_raw_DS_CLASIF_DET": "Suelo Urbano", "_raw_DS_DOCU": "NORMAS SUBSIDIARIAS", "_raw_DS_LEY": "CM Ley 9/1995, E Ley 6/1998, E RDL 1/1992, E RD 1346/1976", "_raw_FC_AC": "2001-01-11", "_raw_NM_AREA_M2": 51070.040122528597, "_cam_code": "141" }, "geometry": { "type": "Polygon", "coordinates": [ [ [ -4.0045, 40.358 ], [ -4.0022, 40.3581 ], [ -4.0022, 40.3582 ], [ -4.0042, 40.359 ], [ -4.0053, 40.3593 ], [ -4.0058, 40.3587 ], [ -4.0063, 40.3584 ], [ -4.0061, 40.358 ], [ -4.0054, 40.358 ], [ -4.0044, 40.3552 ], [ -4.0041, 40.3552 ], [ -4.0039, 40.356 ], [ -4.0043, 40.3577 ], [ -4.0044, 40.3577 ], [ -4.0045, 40.358 ] ] ] } },
{ "type": "Feature", "properties": { "municipio": "Sevilla la Nueva", "clasificacion": "urbano-consolidado", "calificacion": "sin-asignar", "version": "vigente", "fuente": "SIT-CAM WFS — UsoDelSuelo:VPLA_V_CLASIFICACION (https://idem.comunidad.madrid/geosrvg/ows)", "fecha_dato": "2026-05-12", "ambito": "44768", "_raw_CD_SIGLAS": "SU", "_raw_DS_CLASIF_GEN": "Suelo Urbano", "_raw_DS_CLASIF_DET": "Suelo Urbano", "_raw_DS_DOCU": "NORMAS SUBSIDIARIAS", "_raw_DS_LEY": "CM Ley 9/1995, E Ley 6/1998, E RDL 1/1992, E RD 1346/1976", "_raw_FC_AC": "2001-01-11", "_raw_NM_AREA_M2": 236180.44276212199, "_cam_code": "141" }, "geometry": { "type": "Polygon", "coordinates": [ [ [ -4.0031, 40.3547 ], [ -4.0044, 40.3552 ], [ -4.0061, 40.3552 ], [ -4.008, 40.3554 ], [ -4.0079, 40.3544 ], [ -4.0076, 40.3536 ], [ -4.0052, 40.353 ], [ -4.0061, 40.3527 ], [ -4.0063, 40.3523 ], [ -4.0058, 40.3523 ], [ -4.0047, 40.3511 ], [ -4.0045, 40.3497 ], [ -4.0037, 40.3497 ], [ -4.0015, 40.3493 ], [ -4.0014, 40.3496 ], [ -4.0017, 40.3502 ], [ -4.0015, 40.3503 ], [ -4.0013, 40.3508 ], [ -4.0012, 40.3518 ], [ -4.0007, 40.3519 ], [ -4.0006, 40.3526 ], [ -4.0019, 40.3539 ], [ -4.0031, 40.3547 ] ] ] } },
{ "type": "Feature", "properties": { "municipio": "Sevilla la Nueva", "clasificacion": "urbano-consolidado", "calificacion": "sin-asignar", "version": "vigente", "fuente": "SIT-CAM WFS — UsoDelSuelo:VPLA_V_CLASIFICACION (https://idem.comunidad.madrid/geosrvg/ows)", "fecha_dato": "2026-05-12", "ambito": "44768", "_raw_CD_SIGLAS": "SU", "_raw_DS_CLASIF_GEN": "Suelo Urbano", "_raw_DS_CLASIF_DET": "Suelo Urbano", "_raw_DS_DOCU": "NORMAS SUBSIDIARIAS", "_raw_DS_LEY": "CM Ley 9/1995, E Ley 6/1998, E RDL 1/1992, E RD 1346/1976", "_raw_FC_AC": "2001-01-11", "_raw_NM_AREA_M2": 420.139323133679, "_cam_code": "141" }, "geometry": { "type": "Polygon", "coordinates": [ [ [ -4.0201, 40.3533 ], [ -4.02, 40.3534 ], [ -4.0201, 40.3535 ], [ -4.0202, 40.3534 ], [ -4.0202, 40.3534 ], [ -4.0203, 40.3534 ], [ -4.0204, 40.3534 ], [ -4.0205, 40.3534 ], [ -4.0207, 40.3534 ], [ -4.0208, 40.3534 ], [ -4.0201, 40.3533 ] ] ] } },
{ "type": "Feature", "properties": { "municipio": "Sevilla la Nueva", "clasificacion": "urbano-consolidado", "calificacion": "sin-asignar", "version": "vigente", "fuente": "SIT-CAM WFS — UsoDelSuelo:VPLA_V_CLASIFICACION (https://idem.comunidad.madrid/geosrvg/ows)", "fecha_dato": "2026-05-12", "ambito": "44768", "_raw_CD_SIGLAS": "SU", "_raw_DS_CLASIF_GEN": "Suelo Urbano", "_raw_DS_CLASIF_DET": "Suelo Urbano", "_raw_DS_DOCU": "NORMAS SUBSIDIARIAS", "_raw_DS_LEY": "CM Ley 9/1995, E Ley 6/1998, E RDL 1/1992, E RD 1346/1976", "_raw_FC_AC": "2001-01-11", "_raw_NM_AREA_M2": 90390.0782778227, "_cam_code": "141" }, "geometry": { "type": "Polygon", "coordinates": [ [ [ -4.0216, 40.3533 ], [ -4.023, 40.3537 ], [ -4.023, 40.3536 ], [ -4.0254, 40.3526 ], [ -4.0262, 40.3533 ], [ -4.0278, 40.3532 ], [ -4.0287, 40.3529 ], [ -4.0286, 40.3529 ], [ -4.0284, 40.3522 ], [ -4.0283, 40.351 ], [ -4.0284, 40.3505 ], [ -4.0285, 40.3505 ], [ -4.0285, 40.3501 ], [ -4.0281, 40.3501 ], [ -4.0271, 40.3505 ], [ -4.0268, 40.3509 ], [ -4.0236, 40.3527 ], [ -4.0219, 40.3533 ], [ -4.0216, 40.3533 ] ] ] } },
{ "type": "Feature", "properties": { "municipio": "Sevilla la Nueva", "clasificacion": "urbano-consolidado", "calificacion": "sin-asignar", "version": "vigente", "fuente": "SIT-CAM WFS — UsoDelSuelo:VPLA_V_CLASIFICACION (https://idem.comunidad.madrid/geosrvg/ows)", "fecha_dato": "2026-05-12", "ambito": "44768", "_raw_CD_SIGLAS": "SU", "_raw_DS_CLASIF_GEN": "Suelo Urbano", "_raw_DS_CLASIF_DET": "Suelo Urbano", "_raw_DS_DOCU": "NORMAS SUBSIDIARIAS", "_raw_DS_LEY": "CM Ley 9/1995, E Ley 6/1998, E RDL 1/1992, E RD 1346/1976", "_raw_FC_AC": "2001-01-11", "_raw_NM_AREA_M2": 1159530.32431489, "_cam_code": "141" }, "geometry": { "type": "Polygon", "coordinates": [ [ [ -4.0327, 40.3528 ], [ -4.0328, 40.3528 ], [ -4.0334, 40.3543 ], [ -4.034, 40.3549 ], [ -4.0382, 40.353 ], [ -4.0383, 40.3522 ], [ -4.0369, 40.3519 ], [ -4.0372, 40.3521 ], [ -4.0372, 40.3524 ], [ -4.0367, 40.3524 ], [ -4.0367, 40.352 ], [ -4.0354, 40.3516 ], [ -4.0356, 40.351 ], [ -4.0344, 40.3509 ], [ -4.0344, 40.3505 ], [ -4.0335, 40.3504 ], [ -4.0336, 40.3503 ], [ -4.0337, 40.3491 ], [ -4.0337, 40.346 ], [ -4.0336, 40.346 ], [ -4.0335, 40.3456 ], [ -4.0307, 40.3428 ], [ -4.031, 40.3427 ], [ -4.0304, 40.342 ], [ -4.0304, 40.3417 ], [ -4.0305, 40.341 ], [ -4.0305, 40.3411 ], [ -4.0303, 40.3411 ], [ -4.03, 40.3411 ], [ -4.0292, 40.3414 ], [ -4.0291, 40.3412 ], [ -4.0284, 40.3408 ], [ -4.028, 40.3409 ], [ -4.0281, 40.3405 ], [ -4.0279, 40.3403 ], [ -4.0269, 40.3416 ], [ -4.0268, 40.342 ], [ -4.0247, 40.3446 ], [ -4.0223, 40.3436 ], [ -4.0222, 40.3437 ], [ -4.023, 40.3441 ], [ -4.023, 40.3442 ], [ -4.0215, 40.3451 ], [ -4.0216, 40.3453 ], [ -4.0209, 40.3456 ], [ -4.0209, 40.3471 ], [ -4.0219, 40.3472 ], [ -4.0214, 40.3488 ], [ -4.0211, 40.3503 ], [ -4.0215, 40.3513 ], [ -4.022, 40.3519 ], [ -4.0202, 40.3532 ], [ -4.0204, 40.3533 ], [ -4.0213, 40.3533 ], [ -4.0233, 40.3527 ], [ -4.024, 40.3524 ], [ -4.024, 40.3523 ], [ -4.0258, 40.3513 ], [ -4.026, 40.3513 ], [ -4.0273, 40.3503 ], [ -4.0285, 40.3499 ], [ -4.0286, 40.3501 ], [ -4.0284, 40.351 ], [ -4.0285, 40.352 ], [ -4.0291, 40.3535 ], [ -4.0297, 40.3536 ], [ -4.0301, 40.3534 ], [ -4.0311, 40.3521 ], [ -4.0319, 40.3514 ], [ -4.0322, 40.3515 ], [ -4.0326, 40.3523 ], [ -4.0327, 40.3528 ] ] ] } },
{ "type": "Feature", "properties": { "municipio": "Sevilla la Nueva", "clasificacion": "urbano-consolidado", "calificacion": "sin-asignar", "version": "vigente", "fuente": "SIT-CAM WFS — UsoDelSuelo:VPLA_V_CLASIFICACION (https://idem.comunidad.madrid/geosrvg/ows)", "fecha_dato": "2026-05-12", "ambito": "44768", "_raw_CD_SIGLAS": "SU", "_raw_DS_CLASIF_GEN": "Suelo Urbano", "_raw_DS_CLASIF_DET": "Suelo Urbano", "_raw_DS_DOCU": "NORMAS SUBSIDIARIAS", "_raw_DS_LEY": "CM Ley 9/1995, E Ley 6/1998, E RDL 1/1992, E RD 1346/1976", "_raw_FC_AC": "2001-01-11", "_raw_NM_AREA_M2": 1137008.6349899999, "_cam_code": "141" }, "geometry": { "type": "Polygon", "coordinates": [ [ [ -4.0504, 40.3467 ], [ -4.0519, 40.3517 ], [ -4.0521, 40.3527 ], [ -4.0598, 40.3516 ], [ -4.06, 40.352 ], [ -4.0605, 40.3541 ], [ -4.0611, 40.3557 ], [ -4.0587, 40.356 ], [ -4.0588, 40.3563 ], [ -4.0618, 40.356 ], [ -4.0623, 40.3565 ], [ -4.0623, 40.357 ], [ -4.0629, 40.3572 ], [ -4.0638, 40.357 ], [ -4.0643, 40.3571 ], [ -4.0655, 40.3567 ], [ -4.0661, 40.3568 ], [ -4.0664, 40.3571 ], [ -4.0665, 40.357 ], [ -4.0671, 40.357 ], [ -4.0672, 40.356 ], [ -4.0673, 40.356 ], [ -4.0673, 40.3551 ], [ -4.0674, 40.3551 ], [ -4.0675, 40.3546 ], [ -4.0676, 40.3546 ], [ -4.0676, 40.3543 ], [ -4.0677, 40.3543 ], [ -4.0677, 40.3538 ], [ -4.0675, 40.3539 ], [ -4.0676, 40.3536 ], [ -4.0667, 40.3532 ], [ -4.067, 40.3526 ], [ -4.0669, 40.3526 ], [ -4.0665, 40.3519 ], [ -4.0656, 40.351 ], [ -4.0656, 40.3509 ], [ -4.0659, 40.3508 ], [ -4.0655, 40.3501 ], [ -4.0656, 40.3498 ], [ -4.0653, 40.3493 ], [ -4.0657, 40.3489 ], [ -4.0646, 40.3485 ], [ -4.064, 40.3486 ], [ -4.0639, 40.3482 ], [ -4.0638, 40.3482 ], [ -4.0638, 40.3478 ], [ -4.0637, 40.3478 ], [ -4.0632, 40.3464 ], [ -4.0621, 40.3463 ], [ -4.0617, 40.3457 ], [ -4.0609, 40.3449 ], [ -4.0603, 40.3446 ], [ -4.0597, 40.344 ], [ -4.0582, 40.3454 ], [ -4.0577, 40.3456 ], [ -4.0567, 40.3456 ], [ -4.0563, 40.3454 ], [ -4.0556, 40.3454 ], [ -4.0539, 40.3462 ], [ -4.0517, 40.3462 ], [ -4.0508, 40.3464 ], [ -4.0504, 40.3467 ] ] ] } },
{ "type": "Feature", "properties": { "municipio": "Sevilla la Nueva", "clasificacion": "urbano-consolidado", "calificacion": "sin-asignar", "version": "vigente", "fuente": "SIT-CAM WFS — UsoDelSuelo:VPLA_V_CLASIFICACION (https://idem.comunidad.madrid/geosrvg/ows)", "fecha_dato": "2026-05-12", "ambito": "44768", "_raw_CD_SIGLAS": "SU", "_raw_DS_CLASIF_GEN": "Suelo Urbano", "_raw_DS_CLASIF_DET": "Suelo Urbano", "_raw_DS_DOCU": "NORMAS SUBSIDIARIAS", "_raw_DS_LEY": "CM Ley 9/1995, E Ley 6/1998, E RDL 1/1992, E RD 1346/1976", "_raw_FC_AC": "2001-01-11", "_raw_NM_AREA_M2": 37231.575738364598, "_cam_code": "141" }, "geometry": { "type": "Polygon", "coordinates": [ [ [ -4.0163, 40.363 ], [ -4.0167, 40.3633 ], [ -4.0167, 40.3635 ], [ -4.017, 40.3638 ], [ -4.0169, 40.3642 ], [ -4.0175, 40.365 ], [ -4.0187, 40.3654 ], [ -4.0192, 40.3647 ], [ -4.0182, 40.3645 ], [ -4.0182, 40.3631 ], [ -4.0176, 40.3632 ], [ -4.0173, 40.3627 ], [ -4.0173, 40.3623 ], [ -4.0171, 40.3622 ], [ -4.0161, 40.3624 ], [ -4.0163, 40.363 ] ] ] } },
{ "type": "Feature", "properties": { "municipio": "Sevilla la Nueva", "clasificacion": "urbano-consolidado", "calificacion": "sin-asignar", "version": "vigente", "fuente": "SIT-CAM WFS — UsoDelSuelo:VPLA_V_CLASIFICACION (https://idem.comunidad.madrid/geosrvg/ows)", "fecha_dato": "2026-05-12", "ambito": "44768", "_raw_CD_SIGLAS": "SU", "_raw_DS_CLASIF_GEN": "Suelo Urbano", "_raw_DS_CLASIF_DET": "Suelo Urbano", "_raw_DS_DOCU": "NORMAS SUBSIDIARIAS", "_raw_DS_LEY": "CM Ley 9/1995, E Ley 6/1998, E RDL 1/1992, E RD 1346/1976", "_raw_FC_AC": "2001-01-11", "_raw_NM_AREA_M2": 94702.114334220794, "_cam_code": "141" }, "geometry": { "type": "Polygon", "coordinates": [ [ [ -4.0093, 40.3558 ], [ -4.0117, 40.3573 ], [ -4.0135, 40.3587 ], [ -4.0142, 40.357 ], [ -4.0151, 40.3556 ], [ -4.0132, 40.3561 ], [ -4.0113, 40.3544 ], [ -4.0097, 40.3554 ], [ -4.0093, 40.3558 ] ] ] } },
{ "type": "Feature", "properties": { "municipio": "Sevilla la Nueva", "clasificacion": "urbanizable-sectorizado", "calificacion": "sin-asignar", "version": "vigente", "fuente": "SIT-CAM WFS — UsoDelSuelo:VPLA_V_CLASIFICACION (https://idem.comunidad.madrid/geosrvg/ows)", "fecha_dato": "2026-05-12", "ambito": "44768", "_raw_CD_SIGLAS": "SUBS", "_raw_DS_CLASIF_GEN": "Suelo Apto Para Urbanizar", "_raw_DS_CLASIF_DET": "Suelo Apto para Urbanizar", "_raw_DS_DOCU": "NORMAS SUBSIDIARIAS", "_raw_DS_LEY": "CM Ley 9/1995, E Ley 6/1998, E RDL 1/1992, E RD 1346/1976", "_raw_FC_AC": "2001-01-11", "_raw_NM_AREA_M2": 42723.632876920201, "_cam_code": "141" }, "geometry": { "type": "Polygon", "coordinates": [ [ [ -4.0113, 40.3544 ], [ -4.013, 40.356 ], [ -4.0141, 40.3557 ], [ -4.0158, 40.3548 ], [ -4.0118, 40.354 ], [ -4.0113, 40.3544 ] ] ] } },
{ "type": "Feature", "properties": { "municipio": "Sevilla la Nueva", "clasificacion": "urbanizable-sectorizado", "calificacion": "sin-asignar", "version": "vigente", "fuente": "SIT-CAM WFS — UsoDelSuelo:VPLA_V_CLASIFICACION (https://idem.comunidad.madrid/geosrvg/ows)", "fecha_dato": "2026-05-12", "ambito": "44768", "_raw_CD_SIGLAS": "SUBS", "_raw_DS_CLASIF_GEN": "Suelo Apto Para Urbanizar", "_raw_DS_CLASIF_DET": "Suelo Apto para Urbanizar", "_raw_DS_DOCU": "NORMAS SUBSIDIARIAS", "_raw_DS_LEY": "CM Ley 9/1995, E Ley 6/1998, E RDL 1/1992, E RD 1346/1976", "_raw_FC_AC": "2001-01-11", "_raw_NM_AREA_M2": 75718.525798463204, "_cam_code": "141" }, "geometry": { "type": "Polygon", "coordinates": [ [ [ -4.008, 40.3554 ], [ -4.0098, 40.3553 ], [ -4.0098, 40.3552 ], [ -4.0117, 40.3539 ], [ -4.0107, 40.3537 ], [ -4.0063, 40.3523 ], [ -4.0061, 40.3527 ], [ -4.0052, 40.353 ], [ -4.0076, 40.3536 ], [ -4.0079, 40.3544 ], [ -4.008, 40.3554 ] ] ] } },
{ "type": "Feature", "properties": { "municipio": "Sevilla la Nueva", "clasificacion": "urbanizable-sectorizado", "calificacion": "sin-asignar", "version": "vigente", "fuente": "SIT-CAM WFS — UsoDelSuelo:VPLA_V_CLASIFICACION (https://idem.comunidad.madrid/geosrvg/ows)", "fecha_dato": "2026-05-12", "ambito": "44768", "_raw_CD_SIGLAS": "SUBS", "_raw_DS_CLASIF_GEN": "Suelo Apto Para Urbanizar", "_raw_DS_CLASIF_DET": "Suelo Apto para Urbanizar", "_raw_DS_DOCU": "NORMAS SUBSIDIARIAS", "_raw_DS_LEY": "CM Ley 9/1995, E Ley 6/1998, E RDL 1/1992, E RD 1346/1976", "_raw_FC_AC": "2001-01-11", "_raw_NM_AREA_M2": 202769.71476842201, "_cam_code": "141" }, "geometry": { "type": "Polygon", "coordinates": [ [ [ -4.0061, 40.358 ], [ -4.0063, 40.3585 ], [ -4.007, 40.3589 ], [ -4.0106, 40.359 ], [ -4.0135, 40.3587 ], [ -4.0117, 40.3573 ], [ -4.0093, 40.3558 ], [ -4.0098, 40.3554 ], [ -4.0083, 40.3555 ], [ -4.0063, 40.3553 ], [ -4.0046, 40.3553 ], [ -4.0044, 40.3552 ], [ -4.0054, 40.358 ], [ -4.0061, 40.358 ] ] ] } },
{ "type": "Feature", "properties": { "municipio": "Sevilla la Nueva", "clasificacion": "urbanizable-sectorizado", "calificacion": "sin-asignar", "version": "vigente", "fuente": "SIT-CAM WFS — UsoDelSuelo:VPLA_V_CLASIFICACION (https://idem.comunidad.madrid/geosrvg/ows)", "fecha_dato": "2026-05-12", "ambito": "44768", "_raw_CD_SIGLAS": "SUBS", "_raw_DS_CLASIF_GEN": "Suelo Apto Para Urbanizar", "_raw_DS_CLASIF_DET": "Suelo Apto para Urbanizar", "_raw_DS_DOCU": "NORMAS SUBSIDIARIAS", "_raw_DS_LEY": "CM Ley 9/1995, E Ley 6/1998, E RDL 1/1992, E RD 1346/1976", "_raw_FC_AC": "2001-01-11", "_raw_NM_AREA_M2": 20336.210924637799, "_cam_code": "141" }, "geometry": { "type": "Polygon", "coordinates": [ [ [ -4.0169, 40.3548 ], [ -4.0172, 40.3549 ], [ -4.0186, 40.3542 ], [ -4.0197, 40.3535 ], [ -4.0197, 40.3534 ], [ -4.0197, 40.3535 ], [ -4.0201, 40.3535 ], [ -4.02, 40.3534 ], [ -4.0201, 40.3533 ], [ -4.0199, 40.3532 ], [ -4.0181, 40.3532 ], [ -4.0179, 40.3536 ], [ -4.0169, 40.3548 ] ] ] } },
{ "type": "Feature", "properties": { "municipio": "Sevilla la Nueva", "clasificacion": "urbanizable-sectorizado", "calificacion": "sin-asignar", "version": "vigente", "fuente": "SIT-CAM WFS — UsoDelSuelo:VPLA_V_CLASIFICACION (https://idem.comunidad.madrid/geosrvg/ows)", "fecha_dato": "2026-05-12", "ambito": "44768", "_raw_CD_SIGLAS": "SUBS", "_raw_DS_CLASIF_GEN": "Suelo Apto Para Urbanizar", "_raw_DS_CLASIF_DET": "Suelo Apto para Urbanizar", "_raw_DS_DOCU": "NORMAS SUBSIDIARIAS", "_raw_DS_LEY": "CM Ley 9/1995, E Ley 6/1998, E RDL 1/1992, E RD 1346/1976", "_raw_FC_AC": "2001-01-11", "_raw_NM_AREA_M2": 738569.62875145301, "_cam_code": "141" }, "geometry": { "type": "Polygon", "coordinates": [ [ [ -4.0198, 40.3531 ], [ -4.02, 40.3532 ], [ -4.0204, 40.3531 ], [ -4.022, 40.3519 ], [ -4.0215, 40.3513 ], [ -4.0211, 40.3503 ], [ -4.0214, 40.3488 ], [ -4.0219, 40.3472 ], [ -4.0209, 40.3471 ], [ -4.0209, 40.3456 ], [ -4.0216, 40.3453 ], [ -4.0215, 40.3451 ], [ -4.023, 40.3442 ], [ -4.023, 40.3441 ], [ -4.0222, 40.3437 ], [ -4.0223, 40.3436 ], [ -4.0247, 40.3446 ], [ -4.0268, 40.342 ], [ -4.0269, 40.3416 ], [ -4.0279, 40.3403 ], [ -4.0281, 40.3405 ], [ -4.028, 40.3409 ], [ -4.0284, 40.3408 ], [ -4.0291, 40.3412 ], [ -4.0292, 40.3414 ], [ -4.03, 40.3411 ], [ -4.03, 40.3411 ], [ -4.0301, 40.3411 ], [ -4.0301, 40.3411 ], [ -4.0303, 40.3411 ], [ -4.0303, 40.3411 ], [ -4.0305, 40.3411 ], [ -4.0305, 40.341 ], [ -4.0304, 40.3417 ], [ -4.0304, 40.342 ], [ -4.031, 40.3427 ], [ -4.0307, 40.3428 ], [ -4.0335, 40.3456 ], [ -4.0335, 40.3458 ], [ -4.0337, 40.346 ], [ -4.0337, 40.3491 ], [ -4.0336, 40.3503 ], [ -4.0335, 40.3504 ], [ -4.0344, 40.3505 ], [ -4.0344, 40.3509 ], [ -4.0356, 40.351 ], [ -4.0354, 40.3516 ], [ -4.0367, 40.352 ], [ -4.0367, 40.3524 ], [ -4.0372, 40.3524 ], [ -4.0372, 40.3521 ], [ -4.0369, 40.3519 ], [ -4.0362, 40.3492 ], [ -4.036, 40.3476 ], [ -4.0361, 40.3476 ], [ -4.0361, 40.3473 ], [ -4.0359, 40.3472 ], [ -4.0357, 40.3455 ], [ -4.0356, 40.3455 ], [ -4.0356, 40.3453 ], [ -4.0354, 40.3452 ], [ -4.0351, 40.3447 ], [ -4.0335, 40.3431 ], [ -4.0336, 40.3429 ], [ -4.0334, 40.3427 ], [ -4.033, 40.3426 ], [ -4.0311, 40.3405 ], [ -4.0294, 40.3391 ], [ -4.0291, 40.339 ], [ -4.0292, 40.3389 ], [ -4.0291, 40.3387 ], [ -4.0286, 40.3387 ], [ -4.0286, 40.3389 ], [ -4.0271, 40.3395 ], [ -4.0261, 40.3405 ], [ -4.0259, 40.3405 ], [ -4.025, 40.34 ], [ -4.0247, 40.3397 ], [ -4.0247, 40.339 ], [ -4.022, 40.3402 ], [ -4.0204, 40.3412 ], [ -4.0203, 40.3426 ], [ -4.02, 40.3426 ], [ -4.0197, 40.3445 ], [ -4.0191, 40.3461 ], [ -4.019, 40.3469 ], [ -4.019, 40.3506 ], [ -4.0185, 40.3524 ], [ -4.0182, 40.3531 ], [ -4.0181, 40.3531 ], [ -4.0184, 40.3532 ], [ -4.0198, 40.3531 ] ] ] } },
{ "type": "Feature", "properties": { "municipio": "Sevilla la Nueva", "clasificacion": "urbanizable-sectorizado", "calificacion": "sin-asignar", "version": "vigente", "fuente": "SIT-CAM WFS — UsoDelSuelo:VPLA_V_CLASIFICACION (https://idem.comunidad.madrid/geosrvg/ows)", "fecha_dato": "2026-05-12", "ambito": "44768", "_raw_CD_SIGLAS": "SUBS", "_raw_DS_CLASIF_GEN": "Suelo Apto Para Urbanizar", "_raw_DS_CLASIF_DET": "Suelo Apto para Urbanizar", "_raw_DS_DOCU": "NORMAS SUBSIDIARIAS", "_raw_DS_LEY": "CM Ley 9/1995, E Ley 6/1998, E RDL 1/1992, E RD 1346/1976", "_raw_FC_AC": "2001-01-11", "_raw_NM_AREA_M2": 1300.8528421508099, "_cam_code": "141" }, "geometry": { "type": "Polygon", "coordinates": [ [ [ -4.0181, 40.3531 ], [ -4.0181, 40.3532 ], [ -4.0182, 40.3532 ], [ -4.0187, 40.3532 ], [ -4.0199, 40.3532 ], [ -4.02, 40.3533 ], [ -4.0202, 40.3532 ], [ -4.0198, 40.3531 ], [ -4.019, 40.3531 ], [ -4.0184, 40.3532 ], [ -4.0182, 40.3531 ], [ -4.0181, 40.3531 ] ] ] } }
]
}
