{
"type": "FeatureCollection",
"name": "vigente.full",
"features": [
{ "type": "Feature", "properties": { "municipio": "Valdeolmos-Alalpardo", "clasificacion": "no-urbanizable-protegido", "calificacion": "sin-asignar", "version": "vigente", "fuente": "SIT-CAM WFS — UsoDelSuelo:VPLA_V_CLASIFICACION (https://idem.comunidad.madrid/geosrvg/ows)", "fecha_dato": "2026-05-12", "ambito": "31977", "_raw_CD_SIGLAS": "SNUP", "_raw_DS_CLASIF_GEN": "Suelo No Urbanizable Protegido", "_raw_DS_CLASIF_DET": "Suelo No Urbanizable Protegido - Clase II - Espacios Forestales en Régimen Especial", "_raw_DS_DOCU": "NORMAS SUBSIDIARIAS", "_raw_DS_LEY": "CM Ley 9/1995, E RDL 1/1992", "_raw_FC_AC": "1997-01-16", "_raw_NM_AREA_M2": 38147.111925414501, "_cam_code": "162" }, "geometry": { "type": "Polygon", "coordinates": [ [ [ -3.4731, 40.6601 ], [ -3.4698, 40.6618 ], [ -3.4678, 40.6621 ], [ -3.4675, 40.6623 ], [ -3.4677, 40.6627 ], [ -3.4693, 40.6623 ], [ -3.4716, 40.6614 ], [ -3.475, 40.6598 ], [ -3.4749, 40.6596 ], [ -3.4745, 40.6595 ], [ -3.4728, 40.6594 ], [ -3.4731, 40.6601 ] ] ] } },
{ "type": "Feature", "properties": { "municipio": "Valdeolmos-Alalpardo", "clasificacion": "no-urbanizable-protegido", "calificacion": "sin-asignar", "version": "vigente", "fuente": "SIT-CAM WFS — UsoDelSuelo:VPLA_V_CLASIFICACION (https://idem.comunidad.madrid/geosrvg/ows)", "fecha_dato": "2026-05-12", "ambito": "31977", "_raw_CD_SIGLAS": "SNUP", "_raw_DS_CLASIF_GEN": "Suelo No Urbanizable Protegido", "_raw_DS_CLASIF_DET": "Suelo No Urbanizable Protegido - Clase I - Espacios Protegidos - ZEPA", "_raw_DS_DOCU": "NORMAS SUBSIDIARIAS", "_raw_DS_LEY": "CM Ley 9/1995, E RDL 1/1992", "_raw_FC_AC": "1997-01-16", "_raw_NM_AREA_M2": 33405.102234593403, "_cam_code": "162" }, "geometry": { "type": "Polygon", "coordinates": [ [ [ -3.4663, 40.6319 ], [ -3.4667, 40.6328 ], [ -3.4678, 40.6323 ], [ -3.4683, 40.6324 ], [ -3.4692, 40.6322 ], [ -3.4694, 40.632 ], [ -3.4693, 40.6316 ], [ -3.4692, 40.6316 ], [ -3.4687, 40.6306 ], [ -3.4685, 40.6306 ], [ -3.4663, 40.6319 ] ] ] } },
{ "type": "Feature", "properties": { "municipio": "Valdeolmos-Alalpardo", "clasificacion": "no-urbanizable-protegido", "calificacion": "sin-asignar", "version": "vigente", "fuente": "SIT-CAM WFS — UsoDelSuelo:VPLA_V_CLASIFICACION (https://idem.comunidad.madrid/geosrvg/ows)", "fecha_dato": "2026-05-12", "ambito": "31977", "_raw_CD_SIGLAS": "SNUP", "_raw_DS_CLASIF_GEN": "Suelo No Urbanizable Protegido", "_raw_DS_CLASIF_DET": "Suelo No Urbanizable Protegido - Clase I - Espacios Protegidos - ZEPA", "_raw_DS_DOCU": "NORMAS SUBSIDIARIAS", "_raw_DS_LEY": "CM Ley 9/1995, E RDL 1/1992", "_raw_FC_AC": "1997-01-16", "_raw_NM_AREA_M2": 658609.37383977801, "_cam_code": "162" }, "geometry": { "type": "Polygon", "coordinates": [ [ [ -3.4544, 40.6337 ], [ -3.4545, 40.6349 ], [ -3.4557, 40.6345 ], [ -3.4576, 40.6341 ], [ -3.4585, 40.6341 ], [ -3.4593, 40.6335 ], [ -3.4606, 40.6335 ], [ -3.4618, 40.6331 ], [ -3.4659, 40.631 ], [ -3.4654, 40.6309 ], [ -3.465, 40.6311 ], [ -3.4642, 40.6311 ], [ -3.4642, 40.631 ], [ -3.4639, 40.631 ], [ -3.4636, 40.6306 ], [ -3.4632, 40.6305 ], [ -3.463, 40.6303 ], [ -3.4626, 40.6303 ], [ -3.4626, 40.6302 ], [ -3.4615, 40.6303 ], [ -3.4611, 40.6301 ], [ -3.4608, 40.6301 ], [ -3.4608, 40.6302 ], [ -3.46, 40.6301 ], [ -3.4595, 40.6294 ], [ -3.4588, 40.6289 ], [ -3.4583, 40.6281 ], [ -3.458, 40.6279 ], [ -3.458, 40.6277 ], [ -3.457, 40.6271 ], [ -3.457, 40.627 ], [ -3.4564, 40.6268 ], [ -3.4562, 40.6266 ], [ -3.4561, 40.6267 ], [ -3.4562, 40.6264 ], [ -3.456, 40.6263 ], [ -3.4549, 40.6259 ], [ -3.4543, 40.6259 ], [ -3.4539, 40.6252 ], [ -3.4535, 40.6249 ], [ -3.4534, 40.6243 ], [ -3.4529, 40.6239 ], [ -3.4526, 40.6234 ], [ -3.4523, 40.6238 ], [ -3.4518, 40.624 ], [ -3.4515, 40.6245 ], [ -3.4513, 40.6246 ], [ -3.4514, 40.6251 ], [ -3.4513, 40.6251 ], [ -3.4511, 40.6266 ], [ -3.4514, 40.6274 ], [ -3.4514, 40.629 ], [ -3.452, 40.6303 ], [ -3.4535, 40.632 ], [ -3.4538, 40.6327 ], [ -3.4542, 40.6331 ], [ -3.4544, 40.6337 ] ] ] } },
{ "type": "Feature", "properties": { "municipio": "Valdeolmos-Alalpardo", "clasificacion": "no-urbanizable-protegido", "calificacion": "sin-asignar", "version": "vigente", "fuente": "SIT-CAM WFS — UsoDelSuelo:VPLA_V_CLASIFICACION (https://idem.comunidad.madrid/geosrvg/ows)", "fecha_dato": "2026-05-12", "ambito": "31977", "_raw_CD_SIGLAS": "SNUP", "_raw_DS_CLASIF_GEN": "Suelo No Urbanizable Protegido", "_raw_DS_CLASIF_DET": "Suelo No Urbanizable Protegido - Clase I - Espacios Protegidos - ZEPA", "_raw_DS_DOCU": "NORMAS SUBSIDIARIAS", "_raw_DS_LEY": "CM Ley 9/1995, E RDL 1/1992", "_raw_FC_AC": "1997-01-16", "_raw_NM_AREA_M2": 890883.12085625704, "_cam_code": "162" }, "geometry": { "type": "Polygon", "coordinates": [ [ [ -3.4803, 40.629 ], [ -3.4788, 40.6304 ], [ -3.4796, 40.6307 ], [ -3.4817, 40.6319 ], [ -3.4839, 40.6341 ], [ -3.4849, 40.6349 ], [ -3.4857, 40.6352 ], [ -3.4865, 40.6358 ], [ -3.4875, 40.6363 ], [ -3.488, 40.6363 ], [ -3.4896, 40.637 ], [ -3.4908, 40.6371 ], [ -3.4913, 40.6353 ], [ -3.4906, 40.6352 ], [ -3.4899, 40.6334 ], [ -3.49, 40.6331 ], [ -3.4895, 40.6323 ], [ -3.4901, 40.6305 ], [ -3.49, 40.6298 ], [ -3.4912, 40.6291 ], [ -3.4914, 40.6283 ], [ -3.4907, 40.6264 ], [ -3.4911, 40.6263 ], [ -3.4907, 40.6251 ], [ -3.4886, 40.6252 ], [ -3.4858, 40.626 ], [ -3.486, 40.6252 ], [ -3.482, 40.6263 ], [ -3.4799, 40.6262 ], [ -3.4787, 40.6274 ], [ -3.4796, 40.6271 ], [ -3.48, 40.6281 ], [ -3.4803, 40.6281 ], [ -3.4806, 40.6284 ], [ -3.4807, 40.6288 ], [ -3.4808, 40.6288 ], [ -3.4808, 40.629 ], [ -3.4803, 40.629 ] ] ] } },
{ "type": "Feature", "properties": { "municipio": "Valdeolmos-Alalpardo", "clasificacion": "no-urbanizable-protegido", "calificacion": "sin-asignar", "version": "vigente", "fuente": "SIT-CAM WFS — UsoDelSuelo:VPLA_V_CLASIFICACION (https://idem.comunidad.madrid/geosrvg/ows)", "fecha_dato": "2026-05-12", "ambito": "31977", "_raw_CD_SIGLAS": "SNUP", "_raw_DS_CLASIF_GEN": "Suelo No Urbanizable Protegido", "_raw_DS_CLASIF_DET": "Suelo No Urbanizable Protegido - Clase I - Espacios Protegidos - ZEPA", "_raw_DS_DOCU": "NORMAS SUBSIDIARIAS", "_raw_DS_LEY": "CM Ley 9/1995, E RDL 1/1992", "_raw_FC_AC": "1997-01-16", "_raw_NM_AREA_M2": 20190.614321910401, "_cam_code": "162" }, "geometry": { "type": "Polygon", "coordinates": [ [ [ -3.4542, 40.6373 ], [ -3.4548, 40.6364 ], [ -3.4547, 40.6358 ], [ -3.4536, 40.6361 ], [ -3.4522, 40.6362 ], [ -3.4533, 40.6372 ], [ -3.4539, 40.637 ], [ -3.4542, 40.6373 ] ] ] } },
{ "type": "Feature", "properties": { "municipio": "Valdeolmos-Alalpardo", "clasificacion": "no-urbanizable-protegido", "calificacion": "sin-asignar", "version": "vigente", "fuente": "SIT-CAM WFS — UsoDelSuelo:VPLA_V_CLASIFICACION (https://idem.comunidad.madrid/geosrvg/ows)", "fecha_dato": "2026-05-12", "ambito": "31977", "_raw_CD_SIGLAS": "SNUP", "_raw_DS_CLASIF_GEN": "Suelo No Urbanizable Protegido", "_raw_DS_CLASIF_DET": "Suelo No Urbanizable Protegido - Clase I - Espacios Protegidos - ZEPA", "_raw_DS_DOCU": "NORMAS SUBSIDIARIAS", "_raw_DS_LEY": "CM Ley 9/1995, E RDL 1/1992", "_raw_FC_AC": "1997-01-16", "_raw_NM_AREA_M2": 2191401.69814398, "_cam_code": "162" }, "geometry": { "type": "Polygon", "coordinates": [ [ [ -3.4434, 40.6355 ], [ -3.4431, 40.637 ], [ -3.4436, 40.6376 ], [ -3.4436, 40.638 ], [ -3.4438, 40.6382 ], [ -3.4444, 40.6384 ], [ -3.4472, 40.637 ], [ -3.4488, 40.636 ], [ -3.4507, 40.6351 ], [ -3.4511, 40.6358 ], [ -3.4522, 40.6355 ], [ -3.4526, 40.6358 ], [ -3.4531, 40.6357 ], [ -3.4531, 40.6356 ], [ -3.4539, 40.6356 ], [ -3.4544, 40.6354 ], [ -3.4545, 40.6352 ], [ -3.4543, 40.6351 ], [ -3.4542, 40.6339 ], [ -3.454, 40.6332 ], [ -3.4522, 40.6327 ], [ -3.452, 40.6325 ], [ -3.4517, 40.6326 ], [ -3.4511, 40.6325 ], [ -3.4509, 40.6324 ], [ -3.4507, 40.6319 ], [ -3.4501, 40.6316 ], [ -3.4493, 40.6316 ], [ -3.4486, 40.6313 ], [ -3.4471, 40.6294 ], [ -3.4471, 40.6291 ], [ -3.4466, 40.6285 ], [ -3.4466, 40.6277 ], [ -3.4464, 40.6275 ], [ -3.4463, 40.6271 ], [ -3.4457, 40.6269 ], [ -3.4453, 40.627 ], [ -3.4448, 40.6268 ], [ -3.4442, 40.6268 ], [ -3.4441, 40.6266 ], [ -3.4428, 40.6266 ], [ -3.4425, 40.6267 ], [ -3.4422, 40.6264 ], [ -3.4414, 40.6261 ], [ -3.4413, 40.6259 ], [ -3.44, 40.6257 ], [ -3.44, 40.6256 ], [ -3.4413, 40.6257 ], [ -3.4416, 40.626 ], [ -3.442, 40.6261 ], [ -3.4425, 40.6265 ], [ -3.4435, 40.6264 ], [ -3.4448, 40.6266 ], [ -3.4452, 40.6268 ], [ -3.4465, 40.6269 ], [ -3.4466, 40.6273 ], [ -3.4467, 40.6273 ], [ -3.4466, 40.6274 ], [ -3.4468, 40.6277 ], [ -3.4469, 40.6287 ], [ -3.4472, 40.6289 ], [ -3.4479, 40.63 ], [ -3.4489, 40.6311 ], [ -3.4492, 40.6313 ], [ -3.4505, 40.6315 ], [ -3.451, 40.6321 ], [ -3.4511, 40.6324 ], [ -3.4516, 40.6325 ], [ -3.4521, 40.6324 ], [ -3.4522, 40.6326 ], [ -3.4525, 40.6326 ], [ -3.4529, 40.6328 ], [ -3.4535, 40.6328 ], [ -3.4539, 40.633 ], [ -3.4535, 40.6321 ], [ -3.4524, 40.631 ], [ -3.4514, 40.6293 ], [ -3.4513, 40.6285 ], [ -3.4514, 40.6278 ], [ -3.451, 40.6262 ], [ -3.4504, 40.625 ], [ -3.4496, 40.6245 ], [ -3.4487, 40.6242 ], [ -3.4484, 40.6239 ], [ -3.4478, 40.6236 ], [ -3.4465, 40.6231 ], [ -3.446, 40.6227 ], [ -3.4452, 40.6217 ], [ -3.4451, 40.6214 ], [ -3.4447, 40.6211 ], [ -3.4439, 40.621 ], [ -3.4431, 40.6211 ], [ -3.4422, 40.6206 ], [ -3.4389, 40.6225 ], [ -3.4383, 40.6226 ], [ -3.4381, 40.6228 ], [ -3.4392, 40.6232 ], [ -3.4389, 40.6242 ], [ -3.4389, 40.6248 ], [ -3.4385, 40.6259 ], [ -3.4378, 40.6266 ], [ -3.4369, 40.6271 ], [ -3.4345, 40.6267 ], [ -3.433, 40.6276 ], [ -3.4325, 40.628 ], [ -3.4322, 40.6288 ], [ -3.4312, 40.6297 ], [ -3.4309, 40.6307 ], [ -3.4303, 40.6314 ], [ -3.4317, 40.6325 ], [ -3.4327, 40.633 ], [ -3.4337, 40.6333 ], [ -3.4355, 40.6344 ], [ -3.4382, 40.6354 ], [ -3.4389, 40.6359 ], [ -3.4399, 40.636 ], [ -3.44, 40.6358 ], [ -3.4398, 40.6357 ], [ -3.4392, 40.6348 ], [ -3.439, 40.6348 ], [ -3.4384, 40.6342 ], [ -3.4381, 40.6342 ], [ -3.438, 40.634 ], [ -3.4378, 40.634 ], [ -3.4376, 40.6338 ], [ -3.4373, 40.6337 ], [ -3.4369, 40.6337 ], [ -3.4364, 40.6339 ], [ -3.4357, 40.6338 ], [ -3.435, 40.6335 ], [ -3.4345, 40.633 ], [ -3.4341, 40.6329 ], [ -3.4336, 40.633 ], [ -3.4327, 40.6328 ], [ -3.4342, 40.6327 ], [ -3.4348, 40.6329 ], [ -3.4352, 40.6334 ], [ -3.4356, 40.6335 ], [ -3.4358, 40.6337 ], [ -3.4373, 40.6336 ], [ -3.4373, 40.6335 ], [ -3.4372, 40.6333 ], [ -3.4367, 40.6331 ], [ -3.4362, 40.6331 ], [ -3.436, 40.6329 ], [ -3.4358, 40.6329 ], [ -3.4357, 40.6324 ], [ -3.4353, 40.632 ], [ -3.4352, 40.6316 ], [ -3.4354, 40.6313 ], [ -3.4353, 40.6309 ], [ -3.4356, 40.6302 ], [ -3.4357, 40.6302 ], [ -3.4355, 40.6319 ], [ -3.4358, 40.6324 ], [ -3.4358, 40.6327 ], [ -3.4362, 40.6329 ], [ -3.4362, 40.633 ], [ -3.437, 40.6331 ], [ -3.437, 40.6332 ], [ -3.4372, 40.6333 ], [ -3.4375, 40.6337 ], [ -3.4377, 40.6337 ], [ -3.4382, 40.6341 ], [ -3.4386, 40.6342 ], [ -3.4388, 40.6345 ], [ -3.439, 40.6345 ], [ -3.4396, 40.6351 ], [ -3.4397, 40.6354 ], [ -3.44, 40.6357 ], [ -3.4406, 40.6359 ], [ -3.4409, 40.6362 ], [ -3.4415, 40.6365 ], [ -3.4419, 40.6365 ], [ -3.4423, 40.6367 ], [ -3.4426, 40.637 ], [ -3.4431, 40.6357 ], [ -3.4429, 40.6351 ], [ -3.4416, 40.6343 ], [ -3.4416, 40.6341 ], [ -3.4405, 40.6328 ], [ -3.4408, 40.6327 ], [ -3.4423, 40.6344 ], [ -3.4432, 40.6349 ], [ -3.4434, 40.6355 ] ] ] } },
{ "type": "Feature", "properties": { "municipio": "Valdeolmos-Alalpardo", "clasificacion": "no-urbanizable-protegido", "calificacion": "sin-asignar", "version": "vigente", "fuente": "SIT-CAM WFS — UsoDelSuelo:VPLA_V_CLASIFICACION (https://idem.comunidad.madrid/geosrvg/ows)", "fecha_dato": "2026-05-12", "ambito": "31977", "_raw_CD_SIGLAS": "SNUP", "_raw_DS_CLASIF_GEN": "Suelo No Urbanizable Protegido", "_raw_DS_CLASIF_DET": "Suelo No Urbanizable Protegido - Clase I - Espacios Protegidos - ZEPA", "_raw_DS_DOCU": "NORMAS SUBSIDIARIAS", "_raw_DS_LEY": "CM Ley 9/1995, E RDL 1/1992", "_raw_FC_AC": "1997-01-16", "_raw_NM_AREA_M2": 114288.301639101, "_cam_code": "162" }, "geometry": { "type": "Polygon", "coordinates": [ [ [ -3.4556, 40.6381 ], [ -3.4566, 40.6388 ], [ -3.4574, 40.6383 ], [ -3.4575, 40.6379 ], [ -3.4578, 40.6376 ], [ -3.4578, 40.6377 ], [ -3.4586, 40.6371 ], [ -3.4591, 40.637 ], [ -3.4591, 40.6369 ], [ -3.4592, 40.637 ], [ -3.4592, 40.6369 ], [ -3.4595, 40.6368 ], [ -3.4599, 40.6361 ], [ -3.4597, 40.6351 ], [ -3.4582, 40.6352 ], [ -3.4563, 40.6358 ], [ -3.4551, 40.6358 ], [ -3.455, 40.6359 ], [ -3.4547, 40.6368 ], [ -3.4541, 40.6375 ], [ -3.454, 40.6382 ], [ -3.4549, 40.6379 ], [ -3.4556, 40.6381 ] ] ] } },
{ "type": "Feature", "properties": { "municipio": "Valdeolmos-Alalpardo", "clasificacion": "no-urbanizable-protegido", "calificacion": "sin-asignar", "version": "vigente", "fuente": "SIT-CAM WFS — UsoDelSuelo:VPLA_V_CLASIFICACION (https://idem.comunidad.madrid/geosrvg/ows)", "fecha_dato": "2026-05-12", "ambito": "31977", "_raw_CD_SIGLAS": "SNUP", "_raw_DS_CLASIF_GEN": "Suelo No Urbanizable Protegido", "_raw_DS_CLASIF_DET": "Suelo No Urbanizable Protegido - Clase I - Espacios Protegidos - Cauces, riberas y zonas húmedas", "_raw_DS_DOCU": "NORMAS SUBSIDIARIAS", "_raw_DS_LEY": "CM Ley 9/1995, E RDL 1/1992", "_raw_FC_AC": "1997-01-16", "_raw_NM_AREA_M2": 38468.037840154902, "_cam_code": "162" }, "geometry": { "type": "Polygon", "coordinates": [ [ [ -3.4719, 40.6109 ], [ -3.4723, 40.6113 ], [ -3.4728, 40.6121 ], [ -3.474, 40.6131 ], [ -3.4741, 40.6137 ], [ -3.4751, 40.6147 ], [ -3.4758, 40.6151 ], [ -3.4759, 40.6154 ], [ -3.4765, 40.6161 ], [ -3.4781, 40.6174 ], [ -3.4781, 40.6177 ], [ -3.4784, 40.618 ], [ -3.4801, 40.619 ], [ -3.4802, 40.6188 ], [ -3.4793, 40.6181 ], [ -3.4784, 40.6177 ], [ -3.4784, 40.6173 ], [ -3.4779, 40.6166 ], [ -3.4771, 40.6162 ], [ -3.4757, 40.6146 ], [ -3.4749, 40.6142 ], [ -3.4746, 40.6138 ], [ -3.4745, 40.6132 ], [ -3.4742, 40.6129 ], [ -3.474, 40.6124 ], [ -3.4734, 40.6121 ], [ -3.4731, 40.6118 ], [ -3.4726, 40.611 ], [ -3.4724, 40.6109 ], [ -3.4719, 40.6109 ] ] ] } },
{ "type": "Feature", "properties": { "municipio": "Valdeolmos-Alalpardo", "clasificacion": "no-urbanizable-protegido", "calificacion": "sin-asignar", "version": "vigente", "fuente": "SIT-CAM WFS — UsoDelSuelo:VPLA_V_CLASIFICACION (https://idem.comunidad.madrid/geosrvg/ows)", "fecha_dato": "2026-05-12", "ambito": "31977", "_raw_CD_SIGLAS": "SNUP", "_raw_DS_CLASIF_GEN": "Suelo No Urbanizable Protegido", "_raw_DS_CLASIF_DET": "Suelo No Urbanizable Protegido - Clase I - Espacios Protegidos - ZEPA", "_raw_DS_DOCU": "NORMAS SUBSIDIARIAS", "_raw_DS_LEY": "CM Ley 9/1995, E RDL 1/1992", "_raw_FC_AC": "1997-01-16", "_raw_NM_AREA_M2": 10202.1236635197, "_cam_code": "162" }, "geometry": { "type": "Polygon", "coordinates": [ [ [ -3.4359, 40.6426 ], [ -3.4351, 40.6429 ], [ -3.4345, 40.6434 ], [ -3.4336, 40.6438 ], [ -3.4335, 40.6439 ], [ -3.4336, 40.6442 ], [ -3.4344, 40.6441 ], [ -3.4359, 40.6426 ] ] ] } },
{ "type": "Feature", "properties": { "municipio": "Valdeolmos-Alalpardo", "clasificacion": "no-urbanizable-protegido", "calificacion": "sin-asignar", "version": "vigente", "fuente": "SIT-CAM WFS — UsoDelSuelo:VPLA_V_CLASIFICACION (https://idem.comunidad.madrid/geosrvg/ows)", "fecha_dato": "2026-05-12", "ambito": "31977", "_raw_CD_SIGLAS": "SNUP", "_raw_DS_CLASIF_GEN": "Suelo No Urbanizable Protegido", "_raw_DS_CLASIF_DET": "Suelo No Urbanizable Protegido - Clase I - Espacios Protegidos - ZEPA", "_raw_DS_DOCU": "NORMAS SUBSIDIARIAS", "_raw_DS_LEY": "CM Ley 9/1995, E RDL 1/1992", "_raw_FC_AC": "1997-01-16", "_raw_NM_AREA_M2": 13405.0631680479, "_cam_code": "162" }, "geometry": { "type": "Polygon", "coordinates": [ [ [ -3.4331, 40.6442 ], [ -3.4316, 40.645 ], [ -3.4304, 40.6458 ], [ -3.4298, 40.6464 ], [ -3.4305, 40.6464 ], [ -3.4317, 40.6454 ], [ -3.4328, 40.6448 ], [ -3.4331, 40.6442 ] ] ] } },
{ "type": "Feature", "properties": { "municipio": "Valdeolmos-Alalpardo", "clasificacion": "no-urbanizable-protegido", "calificacion": "sin-asignar", "version": "vigente", "fuente": "SIT-CAM WFS — UsoDelSuelo:VPLA_V_CLASIFICACION (https://idem.comunidad.madrid/geosrvg/ows)", "fecha_dato": "2026-05-12", "ambito": "31977", "_raw_CD_SIGLAS": "SNUP", "_raw_DS_CLASIF_GEN": "Suelo No Urbanizable Protegido", "_raw_DS_CLASIF_DET": "Suelo No Urbanizable Protegido - Clase I - Espacios Protegidos - ZEPA", "_raw_DS_DOCU": "NORMAS SUBSIDIARIAS", "_raw_DS_LEY": "CM Ley 9/1995, E RDL 1/1992", "_raw_FC_AC": "1997-01-16", "_raw_NM_AREA_M2": 1336442.1355325701, "_cam_code": "162" }, "geometry": { "type": "Polygon", "coordinates": [ [ [ -3.4243, 40.6466 ], [ -3.4259, 40.6467 ], [ -3.4275, 40.6464 ], [ -3.4282, 40.6466 ], [ -3.4296, 40.6465 ], [ -3.43, 40.646 ], [ -3.4319, 40.6447 ], [ -3.4333, 40.644 ], [ -3.4332, 40.6437 ], [ -3.4312, 40.6424 ], [ -3.4305, 40.6422 ], [ -3.4291, 40.6422 ], [ -3.4271, 40.6414 ], [ -3.4259, 40.6415 ], [ -3.4254, 40.6412 ], [ -3.4247, 40.6403 ], [ -3.425, 40.6403 ], [ -3.4261, 40.6412 ], [ -3.4274, 40.6411 ], [ -3.4283, 40.6414 ], [ -3.4291, 40.6419 ], [ -3.4299, 40.642 ], [ -3.4305, 40.6419 ], [ -3.4325, 40.6428 ], [ -3.4333, 40.6435 ], [ -3.4337, 40.6437 ], [ -3.4344, 40.6434 ], [ -3.4348, 40.643 ], [ -3.436, 40.6424 ], [ -3.4363, 40.642 ], [ -3.4374, 40.6415 ], [ -3.4379, 40.6409 ], [ -3.4398, 40.6393 ], [ -3.4414, 40.6384 ], [ -3.4434, 40.6381 ], [ -3.4422, 40.6369 ], [ -3.4411, 40.6366 ], [ -3.4407, 40.6362 ], [ -3.4395, 40.6362 ], [ -3.4394, 40.6363 ], [ -3.4383, 40.6362 ], [ -3.4383, 40.6361 ], [ -3.438, 40.6361 ], [ -3.4377, 40.636 ], [ -3.4374, 40.6356 ], [ -3.4372, 40.6356 ], [ -3.4372, 40.6355 ], [ -3.437, 40.6354 ], [ -3.4357, 40.6355 ], [ -3.4353, 40.6354 ], [ -3.4352, 40.6352 ], [ -3.4336, 40.6349 ], [ -3.4333, 40.6345 ], [ -3.4325, 40.6344 ], [ -3.4324, 40.6342 ], [ -3.4318, 40.6342 ], [ -3.4317, 40.6343 ], [ -3.4316, 40.6342 ], [ -3.4304, 40.6341 ], [ -3.4305, 40.6341 ], [ -3.4305, 40.6339 ], [ -3.4313, 40.6341 ], [ -3.432, 40.6341 ], [ -3.432, 40.6339 ], [ -3.4326, 40.6341 ], [ -3.4327, 40.6343 ], [ -3.4335, 40.6344 ], [ -3.4336, 40.6347 ], [ -3.4344, 40.6348 ], [ -3.4344, 40.6349 ], [ -3.4353, 40.6351 ], [ -3.4355, 40.6354 ], [ -3.4362, 40.6354 ], [ -3.4363, 40.6353 ], [ -3.4364, 40.6354 ], [ -3.437, 40.6354 ], [ -3.4375, 40.6356 ], [ -3.4377, 40.6359 ], [ -3.4378, 40.6359 ], [ -3.4379, 40.636 ], [ -3.438, 40.636 ], [ -3.438, 40.636 ], [ -3.4381, 40.6361 ], [ -3.4381, 40.6361 ], [ -3.4381, 40.6361 ], [ -3.4383, 40.6361 ], [ -3.4386, 40.6361 ], [ -3.4388, 40.6362 ], [ -3.4396, 40.636 ], [ -3.439, 40.636 ], [ -3.4378, 40.6353 ], [ -3.4375, 40.6353 ], [ -3.4352, 40.6343 ], [ -3.4336, 40.6333 ], [ -3.4323, 40.6329 ], [ -3.4302, 40.6314 ], [ -3.43, 40.6317 ], [ -3.429, 40.6323 ], [ -3.4281, 40.6331 ], [ -3.4277, 40.6333 ], [ -3.4275, 40.6336 ], [ -3.4278, 40.6348 ], [ -3.4285, 40.6356 ], [ -3.4288, 40.6362 ], [ -3.4289, 40.6363 ], [ -3.4293, 40.6362 ], [ -3.43, 40.6357 ], [ -3.4303, 40.6364 ], [ -3.4292, 40.6374 ], [ -3.4291, 40.6378 ], [ -3.4286, 40.6381 ], [ -3.4265, 40.6377 ], [ -3.4256, 40.6379 ], [ -3.4252, 40.6388 ], [ -3.4263, 40.6387 ], [ -3.4262, 40.6392 ], [ -3.4266, 40.6393 ], [ -3.4261, 40.6396 ], [ -3.4258, 40.6401 ], [ -3.4256, 40.6401 ], [ -3.4246, 40.6393 ], [ -3.4238, 40.6393 ], [ -3.4228, 40.6399 ], [ -3.4249, 40.6411 ], [ -3.4242, 40.6427 ], [ -3.4249, 40.643 ], [ -3.4243, 40.6441 ], [ -3.4246, 40.6442 ], [ -3.4251, 40.6447 ], [ -3.4252, 40.6452 ], [ -3.4254, 40.6455 ], [ -3.4243, 40.6466 ] ] ] } },
{ "type": "Feature", "properties": { "municipio": "Valdeolmos-Alalpardo", "clasificacion": "no-urbanizable-protegido", "calificacion": "sin-asignar", "version": "vigente", "fuente": "SIT-CAM WFS — UsoDelSuelo:VPLA_V_CLASIFICACION (https://idem.comunidad.madrid/geosrvg/ows)", "fecha_dato": "2026-05-12", "ambito": "31977", "_raw_CD_SIGLAS": "SNUP", "_raw_DS_CLASIF_GEN": "Suelo No Urbanizable Protegido", "_raw_DS_CLASIF_DET": "Suelo No Urbanizable Protegido - Clase I - Espacios Protegidos - ZEPA", "_raw_DS_DOCU": "NORMAS SUBSIDIARIAS", "_raw_DS_LEY": "CM Ley 9/1995, E RDL 1/1992", "_raw_FC_AC": "1997-01-16", "_raw_NM_AREA_M2": 1261814.21585212, "_cam_code": "162" }, "geometry": { "type": "Polygon", "coordinates": [ [ [ -3.4569, 40.6405 ], [ -3.4553, 40.6419 ], [ -3.4551, 40.6423 ], [ -3.4548, 40.6425 ], [ -3.4543, 40.6432 ], [ -3.4543, 40.6439 ], [ -3.4549, 40.6446 ], [ -3.4549, 40.6449 ], [ -3.4545, 40.646 ], [ -3.4545, 40.6467 ], [ -3.4548, 40.6475 ], [ -3.4555, 40.6482 ], [ -3.4563, 40.6501 ], [ -3.4566, 40.6504 ], [ -3.4573, 40.6517 ], [ -3.4578, 40.6524 ], [ -3.4582, 40.6527 ], [ -3.4588, 40.6528 ], [ -3.4591, 40.6519 ], [ -3.4606, 40.6493 ], [ -3.4607, 40.649 ], [ -3.4607, 40.6476 ], [ -3.461, 40.6469 ], [ -3.4618, 40.6461 ], [ -3.4631, 40.6453 ], [ -3.4643, 40.6441 ], [ -3.4644, 40.6437 ], [ -3.4661, 40.6422 ], [ -3.467, 40.6411 ], [ -3.4672, 40.6403 ], [ -3.4675, 40.64 ], [ -3.4683, 40.6396 ], [ -3.4703, 40.6379 ], [ -3.4705, 40.6369 ], [ -3.471, 40.6364 ], [ -3.4711, 40.6358 ], [ -3.472, 40.6348 ], [ -3.4721, 40.6345 ], [ -3.4716, 40.6339 ], [ -3.4714, 40.634 ], [ -3.4712, 40.6339 ], [ -3.4707, 40.6333 ], [ -3.4708, 40.6332 ], [ -3.4701, 40.6317 ], [ -3.4692, 40.6323 ], [ -3.4683, 40.6325 ], [ -3.4677, 40.6324 ], [ -3.4662, 40.6331 ], [ -3.4663, 40.6331 ], [ -3.4665, 40.6348 ], [ -3.4659, 40.635 ], [ -3.4659, 40.6351 ], [ -3.4661, 40.6354 ], [ -3.4662, 40.6359 ], [ -3.4665, 40.6361 ], [ -3.4656, 40.6366 ], [ -3.4677, 40.6382 ], [ -3.4673, 40.6386 ], [ -3.4668, 40.6388 ], [ -3.467, 40.6394 ], [ -3.4667, 40.6397 ], [ -3.4656, 40.6386 ], [ -3.4648, 40.6382 ], [ -3.4645, 40.6385 ], [ -3.4642, 40.6384 ], [ -3.4639, 40.638 ], [ -3.4639, 40.6376 ], [ -3.464, 40.6376 ], [ -3.4639, 40.6373 ], [ -3.4633, 40.6376 ], [ -3.462, 40.6369 ], [ -3.4616, 40.6374 ], [ -3.4607, 40.6372 ], [ -3.4607, 40.6373 ], [ -3.4592, 40.6383 ], [ -3.4592, 40.6392 ], [ -3.4587, 40.6397 ], [ -3.4576, 40.6404 ], [ -3.4576, 40.6405 ], [ -3.4569, 40.6405 ] ] ] } },
{ "type": "Feature", "properties": { "municipio": "Valdeolmos-Alalpardo", "clasificacion": "no-urbanizable-protegido", "calificacion": "sin-asignar", "version": "vigente", "fuente": "SIT-CAM WFS — UsoDelSuelo:VPLA_V_CLASIFICACION (https://idem.comunidad.madrid/geosrvg/ows)", "fecha_dato": "2026-05-12", "ambito": "31977", "_raw_CD_SIGLAS": "SNUP", "_raw_DS_CLASIF_GEN": "Suelo No Urbanizable Protegido", "_raw_DS_CLASIF_DET": "Suelo No Urbanizable Protegido - Clase I - Espacios Protegidos - ZEPA", "_raw_DS_DOCU": "NORMAS SUBSIDIARIAS", "_raw_DS_LEY": "CM Ley 9/1995, E RDL 1/1992", "_raw_FC_AC": "1997-01-16", "_raw_NM_AREA_M2": 1918768.57086446, "_cam_code": "162" }, "geometry": { "type": "Polygon", "coordinates": [ [ [ -3.445, 40.6538 ], [ -3.4464, 40.6531 ], [ -3.4484, 40.6532 ], [ -3.4486, 40.6529 ], [ -3.4495, 40.6525 ], [ -3.4496, 40.6519 ], [ -3.4498, 40.6516 ], [ -3.4501, 40.6514 ], [ -3.4506, 40.6514 ], [ -3.4507, 40.6511 ], [ -3.4506, 40.6503 ], [ -3.4508, 40.65 ], [ -3.4513, 40.6498 ], [ -3.4514, 40.6496 ], [ -3.4512, 40.6488 ], [ -3.4517, 40.6479 ], [ -3.4515, 40.6475 ], [ -3.4519, 40.6469 ], [ -3.4519, 40.6465 ], [ -3.4517, 40.6464 ], [ -3.4502, 40.6472 ], [ -3.4464, 40.6466 ], [ -3.4447, 40.6469 ], [ -3.4438, 40.6472 ], [ -3.4415, 40.6487 ], [ -3.4417, 40.6479 ], [ -3.4439, 40.6464 ], [ -3.4443, 40.6463 ], [ -3.4472, 40.6459 ], [ -3.4491, 40.6466 ], [ -3.4498, 40.6466 ], [ -3.4503, 40.6464 ], [ -3.4511, 40.6456 ], [ -3.453, 40.6452 ], [ -3.4533, 40.6447 ], [ -3.4534, 40.6431 ], [ -3.4537, 40.6424 ], [ -3.4541, 40.642 ], [ -3.4544, 40.6412 ], [ -3.4539, 40.6407 ], [ -3.4538, 40.6404 ], [ -3.4532, 40.6406 ], [ -3.4522, 40.6403 ], [ -3.4522, 40.6401 ], [ -3.4505, 40.6396 ], [ -3.4494, 40.6405 ], [ -3.4491, 40.6402 ], [ -3.4478, 40.6396 ], [ -3.4488, 40.6383 ], [ -3.4484, 40.6382 ], [ -3.4467, 40.6384 ], [ -3.4454, 40.6387 ], [ -3.4445, 40.6387 ], [ -3.4444, 40.639 ], [ -3.4442, 40.6391 ], [ -3.443, 40.6392 ], [ -3.4415, 40.6399 ], [ -3.4412, 40.6401 ], [ -3.4408, 40.6407 ], [ -3.4385, 40.6421 ], [ -3.4369, 40.6427 ], [ -3.435, 40.6442 ], [ -3.4341, 40.6447 ], [ -3.4332, 40.6455 ], [ -3.4317, 40.6463 ], [ -3.4322, 40.6467 ], [ -3.434, 40.6459 ], [ -3.4343, 40.6462 ], [ -3.4341, 40.6476 ], [ -3.4332, 40.65 ], [ -3.4337, 40.651 ], [ -3.4362, 40.6516 ], [ -3.4373, 40.6488 ], [ -3.4383, 40.6498 ], [ -3.4399, 40.65 ], [ -3.4389, 40.6511 ], [ -3.4393, 40.6514 ], [ -3.4407, 40.6523 ], [ -3.4422, 40.6526 ], [ -3.445, 40.6538 ] ] ] } },
{ "type": "Feature", "properties": { "municipio": "Valdeolmos-Alalpardo", "clasificacion": "no-urbanizable-protegido", "calificacion": "sin-asignar", "version": "vigente", "fuente": "SIT-CAM WFS — UsoDelSuelo:VPLA_V_CLASIFICACION (https://idem.comunidad.madrid/geosrvg/ows)", "fecha_dato": "2026-05-12", "ambito": "31977", "_raw_CD_SIGLAS": "SNUP", "_raw_DS_CLASIF_GEN": "Suelo No Urbanizable Protegido", "_raw_DS_CLASIF_DET": "Suelo No Urbanizable Protegido - Clase I - Espacios Protegidos - ZEPA", "_raw_DS_DOCU": "NORMAS SUBSIDIARIAS", "_raw_DS_LEY": "CM Ley 9/1995, E RDL 1/1992", "_raw_FC_AC": "1997-01-16", "_raw_NM_AREA_M2": 1687512.38946538, "_cam_code": "162" }, "geometry": { "type": "Polygon", "coordinates": [ [ [ -3.4788, 40.6304 ], [ -3.4777, 40.6315 ], [ -3.4769, 40.632 ], [ -3.4769, 40.6321 ], [ -3.4773, 40.6327 ], [ -3.4777, 40.6338 ], [ -3.478, 40.6342 ], [ -3.4784, 40.6359 ], [ -3.4789, 40.6371 ], [ -3.4791, 40.638 ], [ -3.4797, 40.6419 ], [ -3.4799, 40.6447 ], [ -3.4805, 40.6461 ], [ -3.4812, 40.6491 ], [ -3.4812, 40.6496 ], [ -3.4819, 40.6516 ], [ -3.4819, 40.6522 ], [ -3.482, 40.6523 ], [ -3.4819, 40.6553 ], [ -3.4828, 40.6546 ], [ -3.4834, 40.6543 ], [ -3.4839, 40.6542 ], [ -3.4846, 40.6538 ], [ -3.4852, 40.6537 ], [ -3.4869, 40.653 ], [ -3.4879, 40.652 ], [ -3.4892, 40.6469 ], [ -3.4889, 40.6465 ], [ -3.4887, 40.645 ], [ -3.4892, 40.6449 ], [ -3.4894, 40.644 ], [ -3.489, 40.6429 ], [ -3.4889, 40.6415 ], [ -3.4884, 40.6404 ], [ -3.4892, 40.6399 ], [ -3.4889, 40.6392 ], [ -3.4896, 40.6392 ], [ -3.4904, 40.6372 ], [ -3.488, 40.6364 ], [ -3.4875, 40.6364 ], [ -3.4861, 40.6356 ], [ -3.4858, 40.6353 ], [ -3.4849, 40.635 ], [ -3.4833, 40.6337 ], [ -3.4832, 40.6334 ], [ -3.4829, 40.6331 ], [ -3.4827, 40.6331 ], [ -3.4824, 40.6326 ], [ -3.4814, 40.6318 ], [ -3.48, 40.6311 ], [ -3.4794, 40.6306 ], [ -3.4788, 40.6304 ] ] ] } },
{ "type": "Feature", "properties": { "municipio": "Valdeolmos-Alalpardo", "clasificacion": "no-urbanizable-protegido", "calificacion": "sin-asignar", "version": "vigente", "fuente": "SIT-CAM WFS — UsoDelSuelo:VPLA_V_CLASIFICACION (https://idem.comunidad.madrid/geosrvg/ows)", "fecha_dato": "2026-05-12", "ambito": "31977", "_raw_CD_SIGLAS": "SNUP", "_raw_DS_CLASIF_GEN": "Suelo No Urbanizable Protegido", "_raw_DS_CLASIF_DET": "Suelo No Urbanizable Protegido - Clase I - Espacios Protegidos - ZEPA", "_raw_DS_DOCU": "NORMAS SUBSIDIARIAS", "_raw_DS_LEY": "CM Ley 9/1995, E RDL 1/1992", "_raw_FC_AC": "1997-01-16", "_raw_NM_AREA_M2": 3057294.86662358, "_cam_code": "162" }, "geometry": { "type": "Polygon", "coordinates": [ [ [ -3.4663, 40.6501 ], [ -3.4662, 40.6501 ], [ -3.4662, 40.6502 ], [ -3.4662, 40.6503 ], [ -3.4663, 40.6504 ], [ -3.4663, 40.6506 ], [ -3.4681, 40.6529 ], [ -3.4682, 40.6535 ], [ -3.47, 40.6551 ], [ -3.471, 40.6562 ], [ -3.4715, 40.6564 ], [ -3.4719, 40.6569 ], [ -3.4731, 40.6577 ], [ -3.4749, 40.6595 ], [ -3.4759, 40.6594 ], [ -3.4791, 40.6583 ], [ -3.4797, 40.6583 ], [ -3.4809, 40.6576 ], [ -3.4811, 40.6576 ], [ -3.4817, 40.6561 ], [ -3.4818, 40.6553 ], [ -3.4817, 40.6511 ], [ -3.4813, 40.6504 ], [ -3.481, 40.6495 ], [ -3.481, 40.6489 ], [ -3.4803, 40.646 ], [ -3.4797, 40.6445 ], [ -3.4795, 40.6412 ], [ -3.4794, 40.6411 ], [ -3.4793, 40.6398 ], [ -3.4789, 40.6376 ], [ -3.4784, 40.6366 ], [ -3.4779, 40.6345 ], [ -3.4774, 40.6335 ], [ -3.4772, 40.6328 ], [ -3.4768, 40.6321 ], [ -3.4765, 40.6322 ], [ -3.4763, 40.6316 ], [ -3.4756, 40.6319 ], [ -3.4753, 40.6323 ], [ -3.4742, 40.633 ], [ -3.474, 40.633 ], [ -3.4733, 40.6335 ], [ -3.4725, 40.6344 ], [ -3.4722, 40.6345 ], [ -3.4713, 40.6357 ], [ -3.4712, 40.6361 ], [ -3.4705, 40.6371 ], [ -3.4705, 40.6376 ], [ -3.4701, 40.6382 ], [ -3.4682, 40.6397 ], [ -3.4675, 40.6401 ], [ -3.4672, 40.6405 ], [ -3.4672, 40.6408 ], [ -3.467, 40.6412 ], [ -3.4664, 40.6418 ], [ -3.4656, 40.6429 ], [ -3.4645, 40.6438 ], [ -3.4643, 40.6443 ], [ -3.4634, 40.6452 ], [ -3.4631, 40.6453 ], [ -3.4616, 40.6464 ], [ -3.4609, 40.6472 ], [ -3.4608, 40.6474 ], [ -3.4607, 40.6493 ], [ -3.4605, 40.6497 ], [ -3.4604, 40.6497 ], [ -3.4623, 40.6501 ], [ -3.4639, 40.6502 ], [ -3.4654, 40.6502 ], [ -3.4663, 40.6501 ] ] ] } },
{ "type": "Feature", "properties": { "municipio": "Valdeolmos-Alalpardo", "clasificacion": "no-urbanizable-protegido", "calificacion": "sin-asignar", "version": "vigente", "fuente": "SIT-CAM WFS — UsoDelSuelo:VPLA_V_CLASIFICACION (https://idem.comunidad.madrid/geosrvg/ows)", "fecha_dato": "2026-05-12", "ambito": "31977", "_raw_CD_SIGLAS": "SNUP", "_raw_DS_CLASIF_GEN": "Suelo No Urbanizable Protegido", "_raw_DS_CLASIF_DET": "Suelo No Urbanizable Protegido - Clase I - Espacios Protegidos - ZEPA", "_raw_DS_DOCU": "NORMAS SUBSIDIARIAS", "_raw_DS_LEY": "CM Ley 9/1995, E RDL 1/1992", "_raw_FC_AC": "1997-01-16", "_raw_NM_AREA_M2": 660867.67582406395, "_cam_code": "162" }, "geometry": { "type": "Polygon", "coordinates": [ [ [ -3.4547, 40.6453 ], [ -3.4539, 40.6459 ], [ -3.4536, 40.6459 ], [ -3.453, 40.6464 ], [ -3.4526, 40.6472 ], [ -3.4526, 40.648 ], [ -3.4521, 40.6485 ], [ -3.4517, 40.6501 ], [ -3.4512, 40.6505 ], [ -3.4512, 40.6511 ], [ -3.4507, 40.6515 ], [ -3.4505, 40.652 ], [ -3.4506, 40.6525 ], [ -3.4495, 40.6531 ], [ -3.4491, 40.6539 ], [ -3.4483, 40.6542 ], [ -3.4475, 40.6558 ], [ -3.4489, 40.6564 ], [ -3.4506, 40.6575 ], [ -3.4535, 40.6601 ], [ -3.4534, 40.6602 ], [ -3.4535, 40.6603 ], [ -3.4538, 40.6596 ], [ -3.4541, 40.6594 ], [ -3.4542, 40.6589 ], [ -3.4541, 40.658 ], [ -3.4548, 40.6569 ], [ -3.4549, 40.6565 ], [ -3.4571, 40.6548 ], [ -3.4583, 40.6534 ], [ -3.4585, 40.653 ], [ -3.4575, 40.6522 ], [ -3.4564, 40.6504 ], [ -3.4555, 40.6483 ], [ -3.4547, 40.6475 ], [ -3.4544, 40.6467 ], [ -3.4545, 40.6457 ], [ -3.4547, 40.6453 ] ] ] } },
{ "type": "Feature", "properties": { "municipio": "Valdeolmos-Alalpardo", "clasificacion": "no-urbanizable-protegido", "calificacion": "sin-asignar", "version": "vigente", "fuente": "SIT-CAM WFS — UsoDelSuelo:VPLA_V_CLASIFICACION (https://idem.comunidad.madrid/geosrvg/ows)", "fecha_dato": "2026-05-12", "ambito": "31977", "_raw_CD_SIGLAS": "SNUP", "_raw_DS_CLASIF_GEN": "Suelo No Urbanizable Protegido", "_raw_DS_CLASIF_DET": "Suelo No Urbanizable Protegido - Clase I - Espacios Protegidos - ZEPA", "_raw_DS_DOCU": "NORMAS SUBSIDIARIAS", "_raw_DS_LEY": "CM Ley 9/1995, E RDL 1/1992", "_raw_FC_AC": "1997-01-16", "_raw_NM_AREA_M2": 446521.649979026, "_cam_code": "162" }, "geometry": { "type": "Polygon", "coordinates": [ [ [ -3.4872, 40.6529 ], [ -3.4866, 40.6533 ], [ -3.4856, 40.6536 ], [ -3.4841, 40.6543 ], [ -3.4835, 40.6544 ], [ -3.482, 40.6554 ], [ -3.4809, 40.659 ], [ -3.4807, 40.6603 ], [ -3.4808, 40.662 ], [ -3.481, 40.6626 ], [ -3.481, 40.6636 ], [ -3.4812, 40.664 ], [ -3.4812, 40.6643 ], [ -3.4825, 40.6641 ], [ -3.4828, 40.6615 ], [ -3.4851, 40.6604 ], [ -3.4867, 40.6604 ], [ -3.4865, 40.66 ], [ -3.487, 40.6587 ], [ -3.4879, 40.6578 ], [ -3.488, 40.6528 ], [ -3.4872, 40.6529 ] ] ] } },
{ "type": "Feature", "properties": { "municipio": "Valdeolmos-Alalpardo", "clasificacion": "no-urbanizable-protegido", "calificacion": "sin-asignar", "version": "vigente", "fuente": "SIT-CAM WFS — UsoDelSuelo:VPLA_V_CLASIFICACION (https://idem.comunidad.madrid/geosrvg/ows)", "fecha_dato": "2026-05-12", "ambito": "31977", "_raw_CD_SIGLAS": "SNUP", "_raw_DS_CLASIF_GEN": "Suelo No Urbanizable Protegido", "_raw_DS_CLASIF_DET": "Suelo No Urbanizable Protegido - Clase I - Espacios Protegidos - ZEPA", "_raw_DS_DOCU": "NORMAS SUBSIDIARIAS", "_raw_DS_LEY": "CM Ley 9/1995, E RDL 1/1992", "_raw_FC_AC": "1997-01-16", "_raw_NM_AREA_M2": 206298.66691679499, "_cam_code": "162" }, "geometry": { "type": "Polygon", "coordinates": [ [ [ -3.4812, 40.6577 ], [ -3.4801, 40.6583 ], [ -3.4795, 40.6585 ], [ -3.479, 40.6585 ], [ -3.4763, 40.6594 ], [ -3.475, 40.6596 ], [ -3.4775, 40.6623 ], [ -3.4782, 40.6629 ], [ -3.4791, 40.664 ], [ -3.4803, 40.6649 ], [ -3.4816, 40.6656 ], [ -3.481, 40.6642 ], [ -3.4808, 40.6634 ], [ -3.4808, 40.6625 ], [ -3.4806, 40.6618 ], [ -3.4805, 40.6603 ], [ -3.4808, 40.6587 ], [ -3.4812, 40.6577 ] ] ] } },
{ "type": "Feature", "properties": { "municipio": "Valdeolmos-Alalpardo", "clasificacion": "no-urbanizable-protegido", "calificacion": "sin-asignar", "version": "vigente", "fuente": "SIT-CAM WFS — UsoDelSuelo:VPLA_V_CLASIFICACION (https://idem.comunidad.madrid/geosrvg/ows)", "fecha_dato": "2026-05-12", "ambito": "31977", "_raw_CD_SIGLAS": "SNUP", "_raw_DS_CLASIF_GEN": "Suelo No Urbanizable Protegido", "_raw_DS_CLASIF_DET": "Suelo No Urbanizable Protegido - Clase I - Espacios Protegidos - ZEPA", "_raw_DS_DOCU": "NORMAS SUBSIDIARIAS", "_raw_DS_LEY": "CM Ley 9/1995, E RDL 1/1992", "_raw_FC_AC": "1997-01-16", "_raw_NM_AREA_M2": 422.89847914034698, "_cam_code": "162" }, "geometry": { "type": "Polygon", "coordinates": [ [ [ -3.4816, 40.6659 ], [ -3.4817, 40.6661 ], [ -3.4819, 40.6662 ], [ -3.4817, 40.6658 ], [ -3.4816, 40.6659 ] ] ] } },
{ "type": "Feature", "properties": { "municipio": "Valdeolmos-Alalpardo", "clasificacion": "no-urbanizable-protegido", "calificacion": "sin-asignar", "version": "vigente", "fuente": "SIT-CAM WFS — UsoDelSuelo:VPLA_V_CLASIFICACION (https://idem.comunidad.madrid/geosrvg/ows)", "fecha_dato": "2026-05-12", "ambito": "31977", "_raw_CD_SIGLAS": "SNUP", "_raw_DS_CLASIF_GEN": "Suelo No Urbanizable Protegido", "_raw_DS_CLASIF_DET": "Suelo No Urbanizable Protegido - Clase I - Espacios Protegidos - Cauces, riberas y zonas húmedas", "_raw_DS_DOCU": "NORMAS SUBSIDIARIAS", "_raw_DS_LEY": "CM Ley 9/1995, E RDL 1/1992", "_raw_FC_AC": "1997-01-16", "_raw_NM_AREA_M2": 8329.9561514062007, "_cam_code": "162" }, "geometry": { "type": "Polygon", "coordinates": [ [ [ -3.4801, 40.6192 ], [ -3.4806, 40.6199 ], [ -3.4825, 40.6214 ], [ -3.4827, 40.622 ], [ -3.483, 40.6223 ], [ -3.483, 40.6228 ], [ -3.4832, 40.6229 ], [ -3.4832, 40.6227 ], [ -3.4831, 40.6227 ], [ -3.4832, 40.6223 ], [ -3.4821, 40.6207 ], [ -3.4808, 40.6199 ], [ -3.4804, 40.6193 ], [ -3.4802, 40.6191 ], [ -3.4801, 40.6192 ] ] ] } },
{ "type": "Feature", "properties": { "municipio": "Valdeolmos-Alalpardo", "clasificacion": "no-urbanizable-protegido", "calificacion": "sin-asignar", "version": "vigente", "fuente": "SIT-CAM WFS — UsoDelSuelo:VPLA_V_CLASIFICACION (https://idem.comunidad.madrid/geosrvg/ows)", "fecha_dato": "2026-05-12", "ambito": "31977", "_raw_CD_SIGLAS": "SNUP", "_raw_DS_CLASIF_GEN": "Suelo No Urbanizable Protegido", "_raw_DS_CLASIF_DET": "Suelo No Urbanizable Protegido - Clase I - Espacios Protegidos - Cauces, riberas y zonas húmedas", "_raw_DS_DOCU": "NORMAS SUBSIDIARIAS", "_raw_DS_LEY": "CM Ley 9/1995, E RDL 1/1992", "_raw_FC_AC": "1997-01-16", "_raw_NM_AREA_M2": 18233.277666027399, "_cam_code": "162" }, "geometry": { "type": "Polygon", "coordinates": [ [ [ -3.4518, 40.623 ], [ -3.4525, 40.6234 ], [ -3.4528, 40.6232 ], [ -3.4525, 40.6232 ], [ -3.4521, 40.6228 ], [ -3.4522, 40.6224 ], [ -3.4519, 40.622 ], [ -3.4521, 40.6218 ], [ -3.4518, 40.6215 ], [ -3.4518, 40.6209 ], [ -3.4516, 40.6207 ], [ -3.4517, 40.6204 ], [ -3.4514, 40.6202 ], [ -3.4513, 40.6196 ], [ -3.451, 40.6191 ], [ -3.4511, 40.6186 ], [ -3.4507, 40.6182 ], [ -3.4506, 40.6178 ], [ -3.4508, 40.6191 ], [ -3.4512, 40.6196 ], [ -3.4513, 40.6203 ], [ -3.4515, 40.6204 ], [ -3.4515, 40.6209 ], [ -3.4517, 40.621 ], [ -3.4517, 40.6214 ], [ -3.4519, 40.6216 ], [ -3.4519, 40.6217 ], [ -3.4519, 40.6218 ], [ -3.4519, 40.6218 ], [ -3.4519, 40.6218 ], [ -3.4519, 40.6219 ], [ -3.4519, 40.622 ], [ -3.4519, 40.6221 ], [ -3.452, 40.6224 ], [ -3.4521, 40.6224 ], [ -3.4521, 40.6225 ], [ -3.4521, 40.6226 ], [ -3.4521, 40.6227 ], [ -3.4521, 40.6228 ], [ -3.4521, 40.6229 ], [ -3.4522, 40.6229 ], [ -3.4522, 40.6231 ], [ -3.4509, 40.6227 ], [ -3.4508, 40.6225 ], [ -3.4505, 40.6224 ], [ -3.4504, 40.6221 ], [ -3.4488, 40.6214 ], [ -3.4484, 40.6211 ], [ -3.4483, 40.6205 ], [ -3.448, 40.6201 ], [ -3.4466, 40.6202 ], [ -3.4462, 40.6207 ], [ -3.4448, 40.6208 ], [ -3.4449, 40.6209 ], [ -3.4462, 40.6208 ], [ -3.447, 40.6202 ], [ -3.4478, 40.6202 ], [ -3.4482, 40.6205 ], [ -3.4484, 40.6213 ], [ -3.4487, 40.6216 ], [ -3.4489, 40.6216 ], [ -3.4493, 40.622 ], [ -3.4503, 40.6223 ], [ -3.4505, 40.6226 ], [ -3.4508, 40.6226 ], [ -3.4508, 40.6227 ], [ -3.4512, 40.6229 ], [ -3.4518, 40.623 ] ] ] } },
{ "type": "Feature", "properties": { "municipio": "Valdeolmos-Alalpardo", "clasificacion": "no-urbanizable-protegido", "calificacion": "sin-asignar", "version": "vigente", "fuente": "SIT-CAM WFS — UsoDelSuelo:VPLA_V_CLASIFICACION (https://idem.comunidad.madrid/geosrvg/ows)", "fecha_dato": "2026-05-12", "ambito": "31977", "_raw_CD_SIGLAS": "SNUP", "_raw_DS_CLASIF_GEN": "Suelo No Urbanizable Protegido", "_raw_DS_CLASIF_DET": "Suelo No Urbanizable Protegido - Clase I - Espacios Protegidos - Cauces, riberas y zonas húmedas", "_raw_DS_DOCU": "NORMAS SUBSIDIARIAS", "_raw_DS_LEY": "CM Ley 9/1995, E RDL 1/1992", "_raw_FC_AC": "1997-01-16", "_raw_NM_AREA_M2": 44722.729492185397, "_cam_code": "162" }, "geometry": { "type": "Polygon", "coordinates": [ [ [ -3.4799, 40.6262 ], [ -3.482, 40.6263 ], [ -3.483, 40.6261 ], [ -3.486, 40.6252 ], [ -3.486, 40.6245 ], [ -3.4852, 40.6247 ], [ -3.4833, 40.6229 ], [ -3.4831, 40.623 ], [ -3.4835, 40.6233 ], [ -3.4848, 40.6248 ], [ -3.4818, 40.6257 ], [ -3.4803, 40.6255 ], [ -3.4803, 40.6258 ], [ -3.4799, 40.6262 ] ] ] } },
{ "type": "Feature", "properties": { "municipio": "Valdeolmos-Alalpardo", "clasificacion": "no-urbanizable-protegido", "calificacion": "sin-asignar", "version": "vigente", "fuente": "SIT-CAM WFS — UsoDelSuelo:VPLA_V_CLASIFICACION (https://idem.comunidad.madrid/geosrvg/ows)", "fecha_dato": "2026-05-12", "ambito": "31977", "_raw_CD_SIGLAS": "SNUP", "_raw_DS_CLASIF_GEN": "Suelo No Urbanizable Protegido", "_raw_DS_CLASIF_DET": "Suelo No Urbanizable Protegido - Clase I - Espacios Protegidos - Cauces, riberas y zonas húmedas", "_raw_DS_DOCU": "NORMAS SUBSIDIARIAS", "_raw_DS_LEY": "CM Ley 9/1995, E RDL 1/1992", "_raw_FC_AC": "1997-01-16", "_raw_NM_AREA_M2": 15162.425915281299, "_cam_code": "162" }, "geometry": { "type": "Polygon", "coordinates": [ [ [ -3.4795, 40.6255 ], [ -3.4786, 40.6259 ], [ -3.478, 40.6264 ], [ -3.4782, 40.6265 ], [ -3.4783, 40.6269 ], [ -3.4788, 40.6268 ], [ -3.4797, 40.6263 ], [ -3.48, 40.626 ], [ -3.4802, 40.6254 ], [ -3.4795, 40.6255 ] ] ] } },
{ "type": "Feature", "properties": { "municipio": "Valdeolmos-Alalpardo", "clasificacion": "no-urbanizable-protegido", "calificacion": "sin-asignar", "version": "vigente", "fuente": "SIT-CAM WFS — UsoDelSuelo:VPLA_V_CLASIFICACION (https://idem.comunidad.madrid/geosrvg/ows)", "fecha_dato": "2026-05-12", "ambito": "31977", "_raw_CD_SIGLAS": "SNUP", "_raw_DS_CLASIF_GEN": "Suelo No Urbanizable Protegido", "_raw_DS_CLASIF_DET": "Suelo No Urbanizable Protegido - Clase I - Espacios Protegidos - Cauces, riberas y zonas húmedas", "_raw_DS_DOCU": "NORMAS SUBSIDIARIAS", "_raw_DS_LEY": "CM Ley 9/1995, E RDL 1/1992", "_raw_FC_AC": "1997-01-16", "_raw_NM_AREA_M2": 225470.77132024401, "_cam_code": "162" }, "geometry": { "type": "Polygon", "coordinates": [ [ [ -3.4547, 40.6352 ], [ -3.4548, 40.6359 ], [ -3.4551, 40.6357 ], [ -3.456, 40.6357 ], [ -3.4587, 40.6351 ], [ -3.4608, 40.6348 ], [ -3.4629, 40.634 ], [ -3.4643, 40.6337 ], [ -3.4657, 40.633 ], [ -3.4667, 40.6328 ], [ -3.4663, 40.6319 ], [ -3.4685, 40.6306 ], [ -3.4687, 40.6306 ], [ -3.4682, 40.6297 ], [ -3.4662, 40.6307 ], [ -3.4651, 40.6308 ], [ -3.4651, 40.6309 ], [ -3.4641, 40.6308 ], [ -3.4639, 40.6305 ], [ -3.4623, 40.6299 ], [ -3.462, 40.6299 ], [ -3.4618, 40.6302 ], [ -3.4612, 40.63 ], [ -3.4612, 40.6299 ], [ -3.4608, 40.63 ], [ -3.4601, 40.6299 ], [ -3.4597, 40.6292 ], [ -3.4591, 40.6287 ], [ -3.4592, 40.6285 ], [ -3.4588, 40.6282 ], [ -3.4588, 40.628 ], [ -3.4584, 40.628 ], [ -3.4581, 40.6273 ], [ -3.4576, 40.6271 ], [ -3.4574, 40.6268 ], [ -3.4564, 40.6266 ], [ -3.4564, 40.6264 ], [ -3.4558, 40.6261 ], [ -3.4558, 40.6259 ], [ -3.4556, 40.6257 ], [ -3.4545, 40.6257 ], [ -3.4543, 40.6256 ], [ -3.4542, 40.6254 ], [ -3.4543, 40.6253 ], [ -3.4538, 40.6245 ], [ -3.4537, 40.6246 ], [ -3.4535, 40.6244 ], [ -3.4532, 40.624 ], [ -3.4532, 40.6237 ], [ -3.4529, 40.6236 ], [ -3.4529, 40.6233 ], [ -3.4527, 40.6233 ], [ -3.4526, 40.6234 ], [ -3.4529, 40.6239 ], [ -3.4535, 40.6245 ], [ -3.4535, 40.6249 ], [ -3.4539, 40.6252 ], [ -3.4543, 40.6259 ], [ -3.4549, 40.6259 ], [ -3.456, 40.6263 ], [ -3.4562, 40.6264 ], [ -3.4561, 40.6267 ], [ -3.4562, 40.6266 ], [ -3.4564, 40.6268 ], [ -3.457, 40.627 ], [ -3.457, 40.6271 ], [ -3.458, 40.6277 ], [ -3.458, 40.6279 ], [ -3.4583, 40.6281 ], [ -3.4588, 40.6289 ], [ -3.4593, 40.6292 ], [ -3.46, 40.6301 ], [ -3.4603, 40.6302 ], [ -3.4611, 40.6301 ], [ -3.4615, 40.6303 ], [ -3.4626, 40.6302 ], [ -3.4626, 40.6303 ], [ -3.463, 40.6303 ], [ -3.4632, 40.6305 ], [ -3.4636, 40.6306 ], [ -3.4639, 40.631 ], [ -3.4642, 40.631 ], [ -3.4642, 40.6311 ], [ -3.465, 40.6311 ], [ -3.4654, 40.6309 ], [ -3.4659, 40.631 ], [ -3.4618, 40.6331 ], [ -3.461, 40.6334 ], [ -3.4593, 40.6335 ], [ -3.4585, 40.6341 ], [ -3.4576, 40.6341 ], [ -3.4557, 40.6345 ], [ -3.4545, 40.6349 ], [ -3.4547, 40.6352 ] ] ] } },
{ "type": "Feature", "properties": { "municipio": "Valdeolmos-Alalpardo", "clasificacion": "no-urbanizable-protegido", "calificacion": "sin-asignar", "version": "vigente", "fuente": "SIT-CAM WFS — UsoDelSuelo:VPLA_V_CLASIFICACION (https://idem.comunidad.madrid/geosrvg/ows)", "fecha_dato": "2026-05-12", "ambito": "31977", "_raw_CD_SIGLAS": "SNUP", "_raw_DS_CLASIF_GEN": "Suelo No Urbanizable Protegido", "_raw_DS_CLASIF_DET": "Suelo No Urbanizable Protegido - Clase I - Espacios Protegidos - Cauces, riberas y zonas húmedas", "_raw_DS_DOCU": "NORMAS SUBSIDIARIAS", "_raw_DS_LEY": "CM Ley 9/1995, E RDL 1/1992", "_raw_FC_AC": "1997-01-16", "_raw_NM_AREA_M2": 42429.987153103197, "_cam_code": "162" }, "geometry": { "type": "Polygon", "coordinates": [ [ [ -3.4527, 40.6358 ], [ -3.4527, 40.636 ], [ -3.452, 40.636 ], [ -3.4522, 40.6362 ], [ -3.4528, 40.6362 ], [ -3.4547, 40.6358 ], [ -3.4544, 40.6348 ], [ -3.4544, 40.634 ], [ -3.4541, 40.6332 ], [ -3.4538, 40.6329 ], [ -3.4522, 40.6326 ], [ -3.4521, 40.6324 ], [ -3.4517, 40.6325 ], [ -3.4511, 40.6324 ], [ -3.451, 40.6321 ], [ -3.4505, 40.6315 ], [ -3.4492, 40.6313 ], [ -3.4489, 40.6311 ], [ -3.4479, 40.63 ], [ -3.4472, 40.6289 ], [ -3.4469, 40.6287 ], [ -3.4468, 40.6277 ], [ -3.4466, 40.6274 ], [ -3.4467, 40.6273 ], [ -3.4466, 40.6273 ], [ -3.4465, 40.6269 ], [ -3.4452, 40.6268 ], [ -3.4448, 40.6266 ], [ -3.4435, 40.6264 ], [ -3.4425, 40.6265 ], [ -3.442, 40.6261 ], [ -3.4416, 40.626 ], [ -3.4413, 40.6257 ], [ -3.44, 40.6256 ], [ -3.44, 40.6257 ], [ -3.4413, 40.6259 ], [ -3.4414, 40.6261 ], [ -3.4422, 40.6264 ], [ -3.4425, 40.6267 ], [ -3.4428, 40.6266 ], [ -3.4441, 40.6266 ], [ -3.4442, 40.6268 ], [ -3.4448, 40.6268 ], [ -3.4453, 40.627 ], [ -3.4457, 40.6269 ], [ -3.4463, 40.6271 ], [ -3.4464, 40.6275 ], [ -3.4466, 40.6277 ], [ -3.4466, 40.6285 ], [ -3.4471, 40.6291 ], [ -3.4471, 40.6294 ], [ -3.4486, 40.6313 ], [ -3.4493, 40.6316 ], [ -3.4501, 40.6316 ], [ -3.4507, 40.6319 ], [ -3.4509, 40.6324 ], [ -3.4511, 40.6325 ], [ -3.4515, 40.6326 ], [ -3.452, 40.6325 ], [ -3.4522, 40.6327 ], [ -3.454, 40.6332 ], [ -3.4542, 40.6339 ], [ -3.4542, 40.6347 ], [ -3.4543, 40.6351 ], [ -3.4545, 40.6353 ], [ -3.4539, 40.6356 ], [ -3.4531, 40.6356 ], [ -3.4531, 40.6357 ], [ -3.4526, 40.6358 ], [ -3.4527, 40.6358 ] ] ] } },
{ "type": "Feature", "properties": { "municipio": "Valdeolmos-Alalpardo", "clasificacion": "no-urbanizable-protegido", "calificacion": "sin-asignar", "version": "vigente", "fuente": "SIT-CAM WFS — UsoDelSuelo:VPLA_V_CLASIFICACION (https://idem.comunidad.madrid/geosrvg/ows)", "fecha_dato": "2026-05-12", "ambito": "31977", "_raw_CD_SIGLAS": "SNUP", "_raw_DS_CLASIF_GEN": "Suelo No Urbanizable Protegido", "_raw_DS_CLASIF_DET": "Suelo No Urbanizable Protegido - Clase I - Espacios Protegidos - Cauces, riberas y zonas húmedas", "_raw_DS_DOCU": "NORMAS SUBSIDIARIAS", "_raw_DS_LEY": "CM Ley 9/1995, E RDL 1/1992", "_raw_FC_AC": "1997-01-16", "_raw_NM_AREA_M2": 12785.948925868601, "_cam_code": "162" }, "geometry": { "type": "Polygon", "coordinates": [ [ [ -3.4383, 40.6362 ], [ -3.4389, 40.6363 ], [ -3.4407, 40.6362 ], [ -3.4401, 40.636 ], [ -3.4388, 40.6362 ], [ -3.4386, 40.6361 ], [ -3.4385, 40.6361 ], [ -3.4384, 40.6361 ], [ -3.4383, 40.6361 ], [ -3.4383, 40.6361 ], [ -3.4381, 40.6361 ], [ -3.4381, 40.6361 ], [ -3.4381, 40.6361 ], [ -3.438, 40.636 ], [ -3.4379, 40.636 ], [ -3.4378, 40.6359 ], [ -3.4377, 40.6359 ], [ -3.4375, 40.6356 ], [ -3.4373, 40.6355 ], [ -3.437, 40.6354 ], [ -3.437, 40.6354 ], [ -3.4369, 40.6354 ], [ -3.4368, 40.6354 ], [ -3.4367, 40.6354 ], [ -3.4366, 40.6354 ], [ -3.4364, 40.6354 ], [ -3.4363, 40.6353 ], [ -3.4362, 40.6354 ], [ -3.4362, 40.6354 ], [ -3.4361, 40.6354 ], [ -3.4361, 40.6354 ], [ -3.436, 40.6354 ], [ -3.4359, 40.6354 ], [ -3.4359, 40.6354 ], [ -3.4357, 40.6354 ], [ -3.4356, 40.6354 ], [ -3.4356, 40.6354 ], [ -3.4355, 40.6354 ], [ -3.4354, 40.6353 ], [ -3.4353, 40.6352 ], [ -3.4353, 40.6351 ], [ -3.4344, 40.6349 ], [ -3.4344, 40.6348 ], [ -3.4336, 40.6347 ], [ -3.4335, 40.6344 ], [ -3.4327, 40.6343 ], [ -3.4326, 40.6341 ], [ -3.432, 40.6339 ], [ -3.432, 40.6341 ], [ -3.4313, 40.6341 ], [ -3.4312, 40.634 ], [ -3.4307, 40.634 ], [ -3.4307, 40.6339 ], [ -3.4305, 40.6339 ], [ -3.4305, 40.6341 ], [ -3.4304, 40.6341 ], [ -3.4316, 40.6342 ], [ -3.4317, 40.6343 ], [ -3.4318, 40.6342 ], [ -3.4324, 40.6342 ], [ -3.4325, 40.6344 ], [ -3.4333, 40.6345 ], [ -3.4336, 40.6349 ], [ -3.4352, 40.6352 ], [ -3.4353, 40.6354 ], [ -3.4357, 40.6355 ], [ -3.437, 40.6354 ], [ -3.4372, 40.6356 ], [ -3.4374, 40.6356 ], [ -3.4377, 40.636 ], [ -3.438, 40.6361 ], [ -3.4383, 40.6361 ], [ -3.4383, 40.6362 ] ] ] } },
{ "type": "Feature", "properties": { "municipio": "Valdeolmos-Alalpardo", "clasificacion": "no-urbanizable-protegido", "calificacion": "sin-asignar", "version": "vigente", "fuente": "SIT-CAM WFS — UsoDelSuelo:VPLA_V_CLASIFICACION (https://idem.comunidad.madrid/geosrvg/ows)", "fecha_dato": "2026-05-12", "ambito": "31977", "_raw_CD_SIGLAS": "SNUP", "_raw_DS_CLASIF_GEN": "Suelo No Urbanizable Protegido", "_raw_DS_CLASIF_DET": "Suelo No Urbanizable Protegido - Clase I - Espacios Protegidos - Cauces, riberas y zonas húmedas", "_raw_DS_DOCU": "NORMAS SUBSIDIARIAS", "_raw_DS_LEY": "CM Ley 9/1995, E RDL 1/1992", "_raw_FC_AC": "1997-01-16", "_raw_NM_AREA_M2": 61487.112941718398, "_cam_code": "162" }, "geometry": { "type": "Polygon", "coordinates": [ [ [ -3.4444, 40.6386 ], [ -3.4444, 40.6387 ], [ -3.4445, 40.6386 ], [ -3.4453, 40.6386 ], [ -3.447, 40.6383 ], [ -3.4466, 40.6373 ], [ -3.4444, 40.6384 ], [ -3.4438, 40.6382 ], [ -3.4436, 40.638 ], [ -3.4436, 40.6376 ], [ -3.4431, 40.637 ], [ -3.4431, 40.6366 ], [ -3.4434, 40.6359 ], [ -3.4432, 40.6349 ], [ -3.4423, 40.6344 ], [ -3.4408, 40.6327 ], [ -3.4405, 40.6328 ], [ -3.4416, 40.6341 ], [ -3.4416, 40.6343 ], [ -3.4429, 40.6351 ], [ -3.443, 40.6353 ], [ -3.4431, 40.6357 ], [ -3.4426, 40.637 ], [ -3.4423, 40.6367 ], [ -3.4419, 40.6365 ], [ -3.4415, 40.6365 ], [ -3.4409, 40.6362 ], [ -3.4406, 40.6359 ], [ -3.44, 40.6357 ], [ -3.439, 40.6345 ], [ -3.4388, 40.6345 ], [ -3.4386, 40.6342 ], [ -3.4382, 40.6341 ], [ -3.4379, 40.6338 ], [ -3.4375, 40.6337 ], [ -3.4372, 40.6333 ], [ -3.437, 40.6332 ], [ -3.437, 40.6331 ], [ -3.4362, 40.633 ], [ -3.4362, 40.6329 ], [ -3.4359, 40.6328 ], [ -3.4355, 40.6319 ], [ -3.4357, 40.6302 ], [ -3.4356, 40.6302 ], [ -3.4353, 40.6309 ], [ -3.4354, 40.6313 ], [ -3.4352, 40.6316 ], [ -3.4353, 40.632 ], [ -3.4357, 40.6324 ], [ -3.4358, 40.6329 ], [ -3.436, 40.6329 ], [ -3.4362, 40.6331 ], [ -3.4367, 40.6331 ], [ -3.4372, 40.6333 ], [ -3.4373, 40.6336 ], [ -3.4358, 40.6337 ], [ -3.4356, 40.6335 ], [ -3.4352, 40.6334 ], [ -3.4348, 40.6329 ], [ -3.4342, 40.6327 ], [ -3.4327, 40.6328 ], [ -3.4336, 40.633 ], [ -3.4339, 40.6329 ], [ -3.4345, 40.633 ], [ -3.435, 40.6335 ], [ -3.4357, 40.6338 ], [ -3.4364, 40.6339 ], [ -3.4369, 40.6337 ], [ -3.4376, 40.6338 ], [ -3.4378, 40.634 ], [ -3.438, 40.634 ], [ -3.4381, 40.6342 ], [ -3.4384, 40.6342 ], [ -3.439, 40.6348 ], [ -3.4392, 40.6348 ], [ -3.4398, 40.6357 ], [ -3.44, 40.6358 ], [ -3.4399, 40.636 ], [ -3.4404, 40.636 ], [ -3.4414, 40.6366 ], [ -3.4422, 40.6368 ], [ -3.4433, 40.6377 ], [ -3.4436, 40.6383 ], [ -3.4444, 40.6386 ] ] ] } },
{ "type": "Feature", "properties": { "municipio": "Valdeolmos-Alalpardo", "clasificacion": "no-urbanizable-protegido", "calificacion": "sin-asignar", "version": "vigente", "fuente": "SIT-CAM WFS — UsoDelSuelo:VPLA_V_CLASIFICACION (https://idem.comunidad.madrid/geosrvg/ows)", "fecha_dato": "2026-05-12", "ambito": "31977", "_raw_CD_SIGLAS": "SNUP", "_raw_DS_CLASIF_GEN": "Suelo No Urbanizable Protegido", "_raw_DS_CLASIF_DET": "Suelo No Urbanizable Protegido - Clase I - Espacios Protegidos - Cauces, riberas y zonas húmedas", "_raw_DS_DOCU": "NORMAS SUBSIDIARIAS", "_raw_DS_LEY": "CM Ley 9/1995, E RDL 1/1992", "_raw_FC_AC": "1997-01-16", "_raw_NM_AREA_M2": 63194.4414110742, "_cam_code": "162" }, "geometry": { "type": "Polygon", "coordinates": [ [ [ -3.4379, 40.6409 ], [ -3.4374, 40.6415 ], [ -3.4367, 40.6418 ], [ -3.4375, 40.6417 ], [ -3.4388, 40.6408 ], [ -3.4394, 40.6409 ], [ -3.4398, 40.6407 ], [ -3.4402, 40.6407 ], [ -3.4409, 40.6402 ], [ -3.4412, 40.6398 ], [ -3.4427, 40.639 ], [ -3.4431, 40.6389 ], [ -3.4437, 40.639 ], [ -3.4444, 40.6387 ], [ -3.4436, 40.6384 ], [ -3.4434, 40.6381 ], [ -3.4414, 40.6384 ], [ -3.4398, 40.6393 ], [ -3.4379, 40.6409 ] ] ] } },
{ "type": "Feature", "properties": { "municipio": "Valdeolmos-Alalpardo", "clasificacion": "no-urbanizable-protegido", "calificacion": "sin-asignar", "version": "vigente", "fuente": "SIT-CAM WFS — UsoDelSuelo:VPLA_V_CLASIFICACION (https://idem.comunidad.madrid/geosrvg/ows)", "fecha_dato": "2026-05-12", "ambito": "31977", "_raw_CD_SIGLAS": "SNUP", "_raw_DS_CLASIF_GEN": "Suelo No Urbanizable Protegido", "_raw_DS_CLASIF_DET": "Suelo No Urbanizable Protegido - Clase I - Espacios Protegidos - Cauces, riberas y zonas húmedas", "_raw_DS_DOCU": "NORMAS SUBSIDIARIAS", "_raw_DS_LEY": "CM Ley 9/1995, E RDL 1/1992", "_raw_FC_AC": "1997-01-16", "_raw_NM_AREA_M2": 151619.89011551501, "_cam_code": "162" }, "geometry": { "type": "Polygon", "coordinates": [ [ [ -3.455, 40.6407 ], [ -3.4542, 40.6409 ], [ -3.4545, 40.6411 ], [ -3.4544, 40.643 ], [ -3.4551, 40.6423 ], [ -3.4553, 40.6419 ], [ -3.4561, 40.6411 ], [ -3.4564, 40.641 ], [ -3.4568, 40.6405 ], [ -3.4576, 40.6405 ], [ -3.4592, 40.6392 ], [ -3.4592, 40.6383 ], [ -3.4607, 40.6373 ], [ -3.4612, 40.6365 ], [ -3.4619, 40.6358 ], [ -3.4619, 40.6354 ], [ -3.4615, 40.6352 ], [ -3.4641, 40.6338 ], [ -3.4623, 40.6343 ], [ -3.4609, 40.6349 ], [ -3.4597, 40.6351 ], [ -3.4599, 40.6361 ], [ -3.4595, 40.6368 ], [ -3.4592, 40.6369 ], [ -3.4592, 40.637 ], [ -3.4591, 40.6369 ], [ -3.4591, 40.637 ], [ -3.4586, 40.6371 ], [ -3.4578, 40.6377 ], [ -3.4578, 40.6376 ], [ -3.4575, 40.6379 ], [ -3.4575, 40.6382 ], [ -3.4566, 40.6388 ], [ -3.4561, 40.6395 ], [ -3.4555, 40.6396 ], [ -3.4552, 40.6395 ], [ -3.4551, 40.6397 ], [ -3.4552, 40.6404 ], [ -3.455, 40.6407 ] ] ] } },
{ "type": "Feature", "properties": { "municipio": "Valdeolmos-Alalpardo", "clasificacion": "no-urbanizable-protegido", "calificacion": "sin-asignar", "version": "vigente", "fuente": "SIT-CAM WFS — UsoDelSuelo:VPLA_V_CLASIFICACION (https://idem.comunidad.madrid/geosrvg/ows)", "fecha_dato": "2026-05-12", "ambito": "31977", "_raw_CD_SIGLAS": "SNUP", "_raw_DS_CLASIF_GEN": "Suelo No Urbanizable Protegido", "_raw_DS_CLASIF_DET": "Suelo No Urbanizable Protegido - Clase I - Espacios Protegidos - Cauces, riberas y zonas húmedas", "_raw_DS_DOCU": "NORMAS SUBSIDIARIAS", "_raw_DS_LEY": "CM Ley 9/1995, E RDL 1/1992", "_raw_FC_AC": "1997-01-16", "_raw_NM_AREA_M2": 28216.514600703998, "_cam_code": "162" }, "geometry": { "type": "Polygon", "coordinates": [ [ [ -3.4312, 40.6424 ], [ -3.4332, 40.6437 ], [ -3.4333, 40.644 ], [ -3.4337, 40.6437 ], [ -3.4333, 40.6435 ], [ -3.4325, 40.6428 ], [ -3.4305, 40.6419 ], [ -3.4299, 40.642 ], [ -3.4291, 40.6419 ], [ -3.4283, 40.6414 ], [ -3.4274, 40.6411 ], [ -3.4261, 40.6412 ], [ -3.425, 40.6403 ], [ -3.4247, 40.6403 ], [ -3.4254, 40.6412 ], [ -3.4259, 40.6415 ], [ -3.4271, 40.6414 ], [ -3.4291, 40.6422 ], [ -3.4305, 40.6422 ], [ -3.4312, 40.6424 ] ] ] } },
{ "type": "Feature", "properties": { "municipio": "Valdeolmos-Alalpardo", "clasificacion": "no-urbanizable-protegido", "calificacion": "sin-asignar", "version": "vigente", "fuente": "SIT-CAM WFS — UsoDelSuelo:VPLA_V_CLASIFICACION (https://idem.comunidad.madrid/geosrvg/ows)", "fecha_dato": "2026-05-12", "ambito": "31977", "_raw_CD_SIGLAS": "SNUP", "_raw_DS_CLASIF_GEN": "Suelo No Urbanizable Protegido", "_raw_DS_CLASIF_DET": "Suelo No Urbanizable Protegido - Clase I - Espacios Protegidos - Cauces, riberas y zonas húmedas", "_raw_DS_DOCU": "NORMAS SUBSIDIARIAS", "_raw_DS_LEY": "CM Ley 9/1995, E RDL 1/1992", "_raw_FC_AC": "1997-01-16", "_raw_NM_AREA_M2": 79390.541145442796, "_cam_code": "162" }, "geometry": { "type": "Polygon", "coordinates": [ [ [ -3.4329, 40.6445 ], [ -3.4335, 40.6439 ], [ -3.4336, 40.6442 ], [ -3.4344, 40.6441 ], [ -3.4365, 40.642 ], [ -3.4379, 40.6416 ], [ -3.4386, 40.6409 ], [ -3.439, 40.641 ], [ -3.4403, 40.6407 ], [ -3.441, 40.6403 ], [ -3.4413, 40.6398 ], [ -3.4426, 40.6392 ], [ -3.4428, 40.639 ], [ -3.4439, 40.639 ], [ -3.4442, 40.6388 ], [ -3.4445, 40.6388 ], [ -3.4445, 40.6387 ], [ -3.4444, 40.639 ], [ -3.4442, 40.6391 ], [ -3.443, 40.6392 ], [ -3.4415, 40.6399 ], [ -3.4412, 40.6401 ], [ -3.4408, 40.6407 ], [ -3.4385, 40.6421 ], [ -3.4369, 40.6427 ], [ -3.435, 40.6442 ], [ -3.4341, 40.6447 ], [ -3.4336, 40.6452 ], [ -3.4324, 40.646 ], [ -3.4317, 40.6463 ], [ -3.4305, 40.6464 ], [ -3.4317, 40.6454 ], [ -3.4328, 40.6448 ], [ -3.4329, 40.6445 ] ] ] } },
{ "type": "Feature", "properties": { "municipio": "Valdeolmos-Alalpardo", "clasificacion": "no-urbanizable-protegido", "calificacion": "sin-asignar", "version": "vigente", "fuente": "SIT-CAM WFS — UsoDelSuelo:VPLA_V_CLASIFICACION (https://idem.comunidad.madrid/geosrvg/ows)", "fecha_dato": "2026-05-12", "ambito": "31977", "_raw_CD_SIGLAS": "SNUP", "_raw_DS_CLASIF_GEN": "Suelo No Urbanizable Protegido", "_raw_DS_CLASIF_DET": "Suelo No Urbanizable Protegido - Clase I - Espacios Protegidos - ZEPA", "_raw_DS_DOCU": "NORMAS SUBSIDIARIAS", "_raw_DS_LEY": "CM Ley 9/1995, E RDL 1/1992", "_raw_FC_AC": "1997-01-16", "_raw_NM_AREA_M2": 551108.27873950906, "_cam_code": "162" }, "geometry": { "type": "Polygon", "coordinates": [ [ [ -3.4812, 40.6659 ], [ -3.4827, 40.6704 ], [ -3.4834, 40.6702 ], [ -3.4828, 40.6679 ], [ -3.4827, 40.6677 ], [ -3.4826, 40.6681 ], [ -3.4827, 40.6683 ], [ -3.4826, 40.6683 ], [ -3.4825, 40.6682 ], [ -3.4825, 40.6675 ], [ -3.482, 40.6668 ], [ -3.4819, 40.6663 ], [ -3.4815, 40.666 ], [ -3.4816, 40.6657 ], [ -3.4796, 40.6646 ], [ -3.475, 40.6598 ], [ -3.4716, 40.6614 ], [ -3.4683, 40.6626 ], [ -3.4667, 40.6628 ], [ -3.4647, 40.6628 ], [ -3.4654, 40.6663 ], [ -3.4656, 40.6665 ], [ -3.466, 40.6665 ], [ -3.4663, 40.6664 ], [ -3.4663, 40.6663 ], [ -3.4671, 40.6663 ], [ -3.4672, 40.6665 ], [ -3.4678, 40.6665 ], [ -3.469, 40.666 ], [ -3.4696, 40.6659 ], [ -3.4707, 40.6659 ], [ -3.4709, 40.6658 ], [ -3.4725, 40.6658 ], [ -3.4727, 40.6659 ], [ -3.4727, 40.6658 ], [ -3.473, 40.6658 ], [ -3.4735, 40.6655 ], [ -3.474, 40.6655 ], [ -3.4743, 40.6653 ], [ -3.475, 40.6653 ], [ -3.4766, 40.6648 ], [ -3.4773, 40.6651 ], [ -3.4792, 40.665 ], [ -3.4803, 40.6653 ], [ -3.481, 40.666 ], [ -3.4812, 40.6659 ] ] ] } },
{ "type": "Feature", "properties": { "municipio": "Valdeolmos-Alalpardo", "clasificacion": "no-urbanizable-protegido", "calificacion": "sin-asignar", "version": "vigente", "fuente": "SIT-CAM WFS — UsoDelSuelo:VPLA_V_CLASIFICACION (https://idem.comunidad.madrid/geosrvg/ows)", "fecha_dato": "2026-05-12", "ambito": "31977", "_raw_CD_SIGLAS": "SNUP", "_raw_DS_CLASIF_GEN": "Suelo No Urbanizable Protegido", "_raw_DS_CLASIF_DET": "Suelo No Urbanizable Protegido - Clase II - Espacios de interés agropecuario extensivo", "_raw_DS_DOCU": "NORMAS SUBSIDIARIAS", "_raw_DS_LEY": "CM Ley 9/1995, E RDL 1/1992", "_raw_FC_AC": "1997-01-16", "_raw_NM_AREA_M2": 215114.70713896299, "_cam_code": "162" }, "geometry": { "type": "Polygon", "coordinates": [ [ [ -3.4644, 40.6254 ], [ -3.4651, 40.6254 ], [ -3.4666, 40.6258 ], [ -3.4671, 40.6258 ], [ -3.4672, 40.6259 ], [ -3.4677, 40.6259 ], [ -3.4679, 40.626 ], [ -3.468, 40.626 ], [ -3.468, 40.626 ], [ -3.4683, 40.626 ], [ -3.4683, 40.626 ], [ -3.4683, 40.626 ], [ -3.4682, 40.626 ], [ -3.4688, 40.6258 ], [ -3.471, 40.6248 ], [ -3.4697, 40.6239 ], [ -3.469, 40.6236 ], [ -3.4684, 40.623 ], [ -3.4662, 40.6218 ], [ -3.4655, 40.6211 ], [ -3.4621, 40.6226 ], [ -3.4633, 40.6238 ], [ -3.464, 40.6252 ], [ -3.4642, 40.6254 ], [ -3.4644, 40.6254 ] ] ] } },
{ "type": "Feature", "properties": { "municipio": "Valdeolmos-Alalpardo", "clasificacion": "no-urbanizable-protegido", "calificacion": "sin-asignar", "version": "vigente", "fuente": "SIT-CAM WFS — UsoDelSuelo:VPLA_V_CLASIFICACION (https://idem.comunidad.madrid/geosrvg/ows)", "fecha_dato": "2026-05-12", "ambito": "31977", "_raw_CD_SIGLAS": "SNUP", "_raw_DS_CLASIF_GEN": "Suelo No Urbanizable Protegido", "_raw_DS_CLASIF_DET": "Suelo No Urbanizable Protegido - Clase II - Espacios de interés agropecuario extensivo", "_raw_DS_DOCU": "NORMAS SUBSIDIARIAS", "_raw_DS_LEY": "CM Ley 9/1995, E RDL 1/1992", "_raw_FC_AC": "1997-01-16", "_raw_NM_AREA_M2": 71365.993839593706, "_cam_code": "162" }, "geometry": { "type": "Polygon", "coordinates": [ [ [ -3.4265, 40.6377 ], [ -3.4286, 40.6381 ], [ -3.4291, 40.6378 ], [ -3.4292, 40.6374 ], [ -3.4303, 40.6364 ], [ -3.43, 40.6357 ], [ -3.4293, 40.6362 ], [ -3.4289, 40.6363 ], [ -3.4285, 40.6356 ], [ -3.4278, 40.6348 ], [ -3.4275, 40.635 ], [ -3.4273, 40.6358 ], [ -3.426, 40.6368 ], [ -3.4256, 40.6379 ], [ -3.4265, 40.6377 ] ] ] } },
{ "type": "Feature", "properties": { "municipio": "Valdeolmos-Alalpardo", "clasificacion": "no-urbanizable-protegido", "calificacion": "sin-asignar", "version": "vigente", "fuente": "SIT-CAM WFS — UsoDelSuelo:VPLA_V_CLASIFICACION (https://idem.comunidad.madrid/geosrvg/ows)", "fecha_dato": "2026-05-12", "ambito": "31977", "_raw_CD_SIGLAS": "SNUP", "_raw_DS_CLASIF_GEN": "Suelo No Urbanizable Protegido", "_raw_DS_CLASIF_DET": "Suelo No Urbanizable Protegido - Clase II - Espacios de interés agropecuario extensivo", "_raw_DS_DOCU": "NORMAS SUBSIDIARIAS", "_raw_DS_LEY": "CM Ley 9/1995, E RDL 1/1992", "_raw_FC_AC": "1997-01-16", "_raw_NM_AREA_M2": 13228.8133245555, "_cam_code": "162" }, "geometry": { "type": "Polygon", "coordinates": [ [ [ -3.4252, 40.6388 ], [ -3.425, 40.6392 ], [ -3.4246, 40.6393 ], [ -3.4256, 40.6401 ], [ -3.4258, 40.6401 ], [ -3.4261, 40.6396 ], [ -3.4266, 40.6393 ], [ -3.4262, 40.6392 ], [ -3.4263, 40.6387 ], [ -3.4252, 40.6388 ] ] ] } },
{ "type": "Feature", "properties": { "municipio": "Valdeolmos-Alalpardo", "clasificacion": "no-urbanizable-protegido", "calificacion": "sin-asignar", "version": "vigente", "fuente": "SIT-CAM WFS — UsoDelSuelo:VPLA_V_CLASIFICACION (https://idem.comunidad.madrid/geosrvg/ows)", "fecha_dato": "2026-05-12", "ambito": "31977", "_raw_CD_SIGLAS": "SNUP", "_raw_DS_CLASIF_GEN": "Suelo No Urbanizable Protegido", "_raw_DS_CLASIF_DET": "Suelo No Urbanizable Protegido - Clase II - Espacios de interés agropecuario extensivo", "_raw_DS_DOCU": "NORMAS SUBSIDIARIAS", "_raw_DS_LEY": "CM Ley 9/1995, E RDL 1/1992", "_raw_FC_AC": "1997-01-16", "_raw_NM_AREA_M2": 176222.70715946099, "_cam_code": "162" }, "geometry": { "type": "Polygon", "coordinates": [ [ [ -3.4227, 40.6462 ], [ -3.4235, 40.6463 ], [ -3.4243, 40.6466 ], [ -3.4254, 40.6455 ], [ -3.4252, 40.6452 ], [ -3.4251, 40.6447 ], [ -3.4246, 40.6442 ], [ -3.4243, 40.6441 ], [ -3.4249, 40.643 ], [ -3.4242, 40.6427 ], [ -3.4249, 40.6411 ], [ -3.4227, 40.6399 ], [ -3.4222, 40.6406 ], [ -3.4221, 40.6425 ], [ -3.4218, 40.643 ], [ -3.4216, 40.6431 ], [ -3.4214, 40.6443 ], [ -3.4203, 40.6458 ], [ -3.4222, 40.6463 ], [ -3.4227, 40.6462 ] ] ] } },
{ "type": "Feature", "properties": { "municipio": "Valdeolmos-Alalpardo", "clasificacion": "no-urbanizable-protegido", "calificacion": "sin-asignar", "version": "vigente", "fuente": "SIT-CAM WFS — UsoDelSuelo:VPLA_V_CLASIFICACION (https://idem.comunidad.madrid/geosrvg/ows)", "fecha_dato": "2026-05-12", "ambito": "31977", "_raw_CD_SIGLAS": "SNUP", "_raw_DS_CLASIF_GEN": "Suelo No Urbanizable Protegido", "_raw_DS_CLASIF_DET": "Suelo No Urbanizable Protegido - Clase II - Espacios de interés agropecuario extensivo", "_raw_DS_DOCU": "NORMAS SUBSIDIARIAS", "_raw_DS_LEY": "CM Ley 9/1995, E RDL 1/1992", "_raw_FC_AC": "1997-01-16", "_raw_NM_AREA_M2": 629196.24060683895, "_cam_code": "162" }, "geometry": { "type": "Polygon", "coordinates": [ [ [ -3.4713, 40.6592 ], [ -3.4749, 40.6595 ], [ -3.4728, 40.6575 ], [ -3.4726, 40.6576 ], [ -3.4723, 40.6573 ], [ -3.4716, 40.657 ], [ -3.4701, 40.6568 ], [ -3.4701, 40.6567 ], [ -3.4698, 40.6567 ], [ -3.4698, 40.6566 ], [ -3.4695, 40.6565 ], [ -3.4683, 40.6563 ], [ -3.4683, 40.6558 ], [ -3.4682, 40.6558 ], [ -3.4683, 40.6552 ], [ -3.4691, 40.656 ], [ -3.4703, 40.656 ], [ -3.4703, 40.6561 ], [ -3.4708, 40.6561 ], [ -3.4709, 40.6562 ], [ -3.4709, 40.6562 ], [ -3.471, 40.6562 ], [ -3.4711, 40.6562 ], [ -3.4711, 40.6563 ], [ -3.4713, 40.6563 ], [ -3.471, 40.6562 ], [ -3.47, 40.6551 ], [ -3.4682, 40.6535 ], [ -3.4681, 40.6529 ], [ -3.4663, 40.6506 ], [ -3.4662, 40.6503 ], [ -3.4662, 40.6502 ], [ -3.4662, 40.6502 ], [ -3.4662, 40.6501 ], [ -3.4663, 40.6501 ], [ -3.4663, 40.6501 ], [ -3.4654, 40.6502 ], [ -3.4623, 40.6501 ], [ -3.4604, 40.6497 ], [ -3.4591, 40.652 ], [ -3.4588, 40.6529 ], [ -3.4589, 40.6531 ], [ -3.4594, 40.6534 ], [ -3.4603, 40.6547 ], [ -3.4605, 40.6555 ], [ -3.4607, 40.6557 ], [ -3.4612, 40.656 ], [ -3.4628, 40.656 ], [ -3.4629, 40.6571 ], [ -3.4632, 40.6572 ], [ -3.4632, 40.6573 ], [ -3.4636, 40.6574 ], [ -3.4646, 40.658 ], [ -3.4672, 40.6589 ], [ -3.4688, 40.659 ], [ -3.47, 40.6594 ], [ -3.4713, 40.6592 ] ], [ [ -3.4667, 40.6559 ], [ -3.4668, 40.6567 ], [ -3.4654, 40.6562 ], [ -3.4652, 40.656 ], [ -3.4647, 40.6559 ], [ -3.4651, 40.6557 ], [ -3.4665, 40.6557 ], [ -3.4667, 40.6559 ] ], [ [ -3.4642, 40.6529 ], [ -3.4623, 40.6536 ], [ -3.4623, 40.6537 ], [ -3.4619, 40.6539 ], [ -3.4615, 40.6536 ], [ -3.4615, 40.6534 ], [ -3.4617, 40.6532 ], [ -3.4617, 40.6529 ], [ -3.4622, 40.6529 ], [ -3.4619, 40.6517 ], [ -3.4647, 40.6508 ], [ -3.4655, 40.6507 ], [ -3.4656, 40.651 ], [ -3.4657, 40.651 ], [ -3.4656, 40.6515 ], [ -3.4655, 40.6516 ], [ -3.4649, 40.6516 ], [ -3.4648, 40.6518 ], [ -3.465, 40.652 ], [ -3.465, 40.6522 ], [ -3.4647, 40.6521 ], [ -3.4645, 40.6523 ], [ -3.4645, 40.6526 ], [ -3.4642, 40.6529 ] ] ] } },
{ "type": "Feature", "properties": { "municipio": "Valdeolmos-Alalpardo", "clasificacion": "no-urbanizable-protegido", "calificacion": "sin-asignar", "version": "vigente", "fuente": "SIT-CAM WFS — UsoDelSuelo:VPLA_V_CLASIFICACION (https://idem.comunidad.madrid/geosrvg/ows)", "fecha_dato": "2026-05-12", "ambito": "31977", "_raw_CD_SIGLAS": "SNUP", "_raw_DS_CLASIF_GEN": "Suelo No Urbanizable Protegido", "_raw_DS_CLASIF_DET": "Suelo No Urbanizable Protegido - Clase II - Espacios de interés agropecuario extensivo", "_raw_DS_DOCU": "NORMAS SUBSIDIARIAS", "_raw_DS_LEY": "CM Ley 9/1995, E RDL 1/1992", "_raw_FC_AC": "1997-01-16", "_raw_NM_AREA_M2": 484531.90786829899, "_cam_code": "162" }, "geometry": { "type": "Polygon", "coordinates": [ [ [ -3.4576, 40.6617 ], [ -3.4581, 40.6615 ], [ -3.4586, 40.6615 ], [ -3.4599, 40.6612 ], [ -3.4631, 40.6611 ], [ -3.4636, 40.6613 ], [ -3.464, 40.6613 ], [ -3.4654, 40.6612 ], [ -3.4674, 40.6608 ], [ -3.4674, 40.66 ], [ -3.466, 40.6603 ], [ -3.4661, 40.6601 ], [ -3.4668, 40.6597 ], [ -3.4686, 40.6594 ], [ -3.4686, 40.6591 ], [ -3.4666, 40.6588 ], [ -3.4644, 40.658 ], [ -3.4632, 40.6573 ], [ -3.4621, 40.6569 ], [ -3.4604, 40.6555 ], [ -3.4603, 40.6549 ], [ -3.4596, 40.6538 ], [ -3.4592, 40.6534 ], [ -3.4586, 40.6531 ], [ -3.4579, 40.6541 ], [ -3.4569, 40.6551 ], [ -3.4582, 40.6553 ], [ -3.4581, 40.6555 ], [ -3.4579, 40.6557 ], [ -3.4577, 40.6557 ], [ -3.4565, 40.6554 ], [ -3.4556, 40.6561 ], [ -3.4564, 40.6564 ], [ -3.4566, 40.6566 ], [ -3.4564, 40.657 ], [ -3.4556, 40.6576 ], [ -3.4544, 40.658 ], [ -3.4543, 40.6587 ], [ -3.4549, 40.6587 ], [ -3.4563, 40.6582 ], [ -3.4572, 40.6575 ], [ -3.459, 40.6566 ], [ -3.4594, 40.6572 ], [ -3.4596, 40.6583 ], [ -3.4592, 40.6584 ], [ -3.4596, 40.6592 ], [ -3.4597, 40.6602 ], [ -3.4588, 40.6602 ], [ -3.4573, 40.6599 ], [ -3.4549, 40.6592 ], [ -3.4545, 40.6598 ], [ -3.4541, 40.6601 ], [ -3.4536, 40.6602 ], [ -3.4532, 40.6608 ], [ -3.453, 40.6609 ], [ -3.4576, 40.6617 ] ] ] } },
{ "type": "Feature", "properties": { "municipio": "Valdeolmos-Alalpardo", "clasificacion": "no-urbanizable-protegido", "calificacion": "sin-asignar", "version": "vigente", "fuente": "SIT-CAM WFS — UsoDelSuelo:VPLA_V_CLASIFICACION (https://idem.comunidad.madrid/geosrvg/ows)", "fecha_dato": "2026-05-12", "ambito": "31977", "_raw_CD_SIGLAS": "SNUP", "_raw_DS_CLASIF_GEN": "Suelo No Urbanizable Protegido", "_raw_DS_CLASIF_DET": "Suelo No Urbanizable Protegido - Clase II - Espacios de interés agropecuario extensivo", "_raw_DS_DOCU": "NORMAS SUBSIDIARIAS", "_raw_DS_LEY": "CM Ley 9/1995, E RDL 1/1992", "_raw_FC_AC": "1997-01-16", "_raw_NM_AREA_M2": 171004.79445991199, "_cam_code": "162" }, "geometry": { "type": "Polygon", "coordinates": [ [ [ -3.4609, 40.6612 ], [ -3.458, 40.6617 ], [ -3.4647, 40.6628 ], [ -3.4667, 40.6628 ], [ -3.4677, 40.6627 ], [ -3.4675, 40.6623 ], [ -3.4678, 40.6621 ], [ -3.4698, 40.6618 ], [ -3.4731, 40.6601 ], [ -3.4728, 40.6594 ], [ -3.4724, 40.6594 ], [ -3.4709, 40.6597 ], [ -3.4688, 40.6607 ], [ -3.4671, 40.6609 ], [ -3.4656, 40.6613 ], [ -3.4637, 40.6614 ], [ -3.4631, 40.6612 ], [ -3.4609, 40.6612 ] ] ] } },
{ "type": "Feature", "properties": { "municipio": "Valdeolmos-Alalpardo", "clasificacion": "no-urbanizable-protegido", "calificacion": "sin-asignar", "version": "vigente", "fuente": "SIT-CAM WFS — UsoDelSuelo:VPLA_V_CLASIFICACION (https://idem.comunidad.madrid/geosrvg/ows)", "fecha_dato": "2026-05-12", "ambito": "31977", "_raw_CD_SIGLAS": "SNUP", "_raw_DS_CLASIF_GEN": "Suelo No Urbanizable Protegido", "_raw_DS_CLASIF_DET": "Suelo No Urbanizable Protegido - Clase I - Espacios Protegidos - Vías Pecuarias", "_raw_DS_DOCU": "NORMAS SUBSIDIARIAS", "_raw_DS_LEY": "CM Ley 9/1995, E RDL 1/1992", "_raw_FC_AC": "1997-01-16", "_raw_NM_AREA_M2": 10348.075969084601, "_cam_code": "162" }, "geometry": { "type": "Polygon", "coordinates": [ [ [ -3.4878, 40.6201 ], [ -3.485, 40.622 ], [ -3.4832, 40.6228 ], [ -3.4832, 40.6229 ], [ -3.4822, 40.6235 ], [ -3.4811, 40.6246 ], [ -3.4804, 40.6251 ], [ -3.48, 40.626 ], [ -3.4786, 40.6275 ], [ -3.4803, 40.6258 ], [ -3.4804, 40.6252 ], [ -3.4813, 40.6246 ], [ -3.4825, 40.6234 ], [ -3.4859, 40.6216 ], [ -3.4869, 40.6208 ], [ -3.4875, 40.6205 ], [ -3.4878, 40.6201 ] ] ] } },
{ "type": "Feature", "properties": { "municipio": "Valdeolmos-Alalpardo", "clasificacion": "no-urbanizable-protegido", "calificacion": "sin-asignar", "version": "vigente", "fuente": "SIT-CAM WFS — UsoDelSuelo:VPLA_V_CLASIFICACION (https://idem.comunidad.madrid/geosrvg/ows)", "fecha_dato": "2026-05-12", "ambito": "31977", "_raw_CD_SIGLAS": "SNUP", "_raw_DS_CLASIF_GEN": "Suelo No Urbanizable Protegido", "_raw_DS_CLASIF_DET": "Suelo No Urbanizable Protegido - Clase I - Espacios Protegidos - Vías Pecuarias", "_raw_DS_DOCU": "NORMAS SUBSIDIARIAS", "_raw_DS_LEY": "CM Ley 9/1995, E RDL 1/1992", "_raw_FC_AC": "1997-01-16", "_raw_NM_AREA_M2": 8226.6116964524299, "_cam_code": "162" }, "geometry": { "type": "Polygon", "coordinates": [ [ [ -3.4796, 40.6307 ], [ -3.4787, 40.6304 ], [ -3.4796, 40.6307 ], [ -3.48, 40.6311 ], [ -3.4811, 40.6316 ], [ -3.4822, 40.6324 ], [ -3.4827, 40.6331 ], [ -3.4829, 40.6331 ], [ -3.4832, 40.6334 ], [ -3.4833, 40.6337 ], [ -3.4849, 40.635 ], [ -3.4858, 40.6353 ], [ -3.4861, 40.6356 ], [ -3.4875, 40.6364 ], [ -3.488, 40.6364 ], [ -3.4887, 40.6367 ], [ -3.4896, 40.637 ], [ -3.4904, 40.6372 ], [ -3.4904, 40.6371 ], [ -3.4901, 40.637 ], [ -3.4893, 40.6369 ], [ -3.488, 40.6363 ], [ -3.4875, 40.6363 ], [ -3.4865, 40.6358 ], [ -3.4857, 40.6352 ], [ -3.4849, 40.6349 ], [ -3.4839, 40.6341 ], [ -3.4822, 40.6323 ], [ -3.4817, 40.6319 ], [ -3.4796, 40.6307 ] ] ] } },
{ "type": "Feature", "properties": { "municipio": "Valdeolmos-Alalpardo", "clasificacion": "no-urbanizable-protegido", "calificacion": "sin-asignar", "version": "vigente", "fuente": "SIT-CAM WFS — UsoDelSuelo:VPLA_V_CLASIFICACION (https://idem.comunidad.madrid/geosrvg/ows)", "fecha_dato": "2026-05-12", "ambito": "31977", "_raw_CD_SIGLAS": "SNUP", "_raw_DS_CLASIF_GEN": "Suelo No Urbanizable Protegido", "_raw_DS_CLASIF_DET": "Suelo No Urbanizable Protegido - Clase I - Espacios Protegidos - Vías Pecuarias", "_raw_DS_DOCU": "NORMAS SUBSIDIARIAS", "_raw_DS_LEY": "CM Ley 9/1995, E RDL 1/1992", "_raw_FC_AC": "1997-01-16", "_raw_NM_AREA_M2": 89472.618266852194, "_cam_code": "162" }, "geometry": { "type": "Polygon", "coordinates": [ [ [ -3.4544, 40.6348 ], [ -3.4548, 40.6364 ], [ -3.4544, 40.6371 ], [ -3.4541, 40.6373 ], [ -3.4539, 40.6382 ], [ -3.454, 40.6382 ], [ -3.4541, 40.6375 ], [ -3.4547, 40.6368 ], [ -3.4549, 40.6364 ], [ -3.4549, 40.636 ], [ -3.4551, 40.6358 ], [ -3.4563, 40.6358 ], [ -3.4582, 40.6352 ], [ -3.4601, 40.6351 ], [ -3.4609, 40.6349 ], [ -3.4629, 40.6341 ], [ -3.4642, 40.6338 ], [ -3.4662, 40.6329 ], [ -3.4662, 40.6331 ], [ -3.4677, 40.6324 ], [ -3.4683, 40.6325 ], [ -3.4692, 40.6323 ], [ -3.4701, 40.6317 ], [ -3.4701, 40.6316 ], [ -3.4692, 40.6322 ], [ -3.4683, 40.6324 ], [ -3.4678, 40.6323 ], [ -3.4667, 40.6328 ], [ -3.4664, 40.6329 ], [ -3.4664, 40.6329 ], [ -3.4662, 40.6329 ], [ -3.4661, 40.6329 ], [ -3.4657, 40.633 ], [ -3.4643, 40.6337 ], [ -3.4629, 40.634 ], [ -3.4608, 40.6348 ], [ -3.4587, 40.6351 ], [ -3.4582, 40.6352 ], [ -3.457, 40.6355 ], [ -3.456, 40.6357 ], [ -3.4551, 40.6357 ], [ -3.4548, 40.6359 ], [ -3.4547, 40.6352 ], [ -3.4544, 40.6345 ], [ -3.4545, 40.6343 ], [ -3.4543, 40.6333 ], [ -3.4538, 40.6327 ], [ -3.4535, 40.632 ], [ -3.452, 40.6303 ], [ -3.452, 40.6302 ], [ -3.4517, 40.6297 ], [ -3.4515, 40.6292 ], [ -3.4514, 40.629 ], [ -3.4514, 40.6286 ], [ -3.4514, 40.6284 ], [ -3.4514, 40.6281 ], [ -3.4514, 40.6279 ], [ -3.4514, 40.6277 ], [ -3.4514, 40.6274 ], [ -3.4511, 40.6266 ], [ -3.4511, 40.6262 ], [ -3.4513, 40.6251 ], [ -3.4514, 40.6251 ], [ -3.4513, 40.6246 ], [ -3.4515, 40.6245 ], [ -3.4518, 40.624 ], [ -3.4523, 40.6238 ], [ -3.4527, 40.6233 ], [ -3.4529, 40.6233 ], [ -3.4536, 40.6221 ], [ -3.4537, 40.6218 ], [ -3.4536, 40.6214 ], [ -3.4532, 40.6208 ], [ -3.4532, 40.6205 ], [ -3.4533, 40.6202 ], [ -3.4546, 40.6185 ], [ -3.4547, 40.6182 ], [ -3.4547, 40.6172 ], [ -3.4551, 40.6156 ], [ -3.4551, 40.6153 ], [ -3.4551, 40.6151 ], [ -3.4551, 40.6148 ], [ -3.4551, 40.6136 ], [ -3.4554, 40.6117 ], [ -3.4553, 40.6112 ], [ -3.4554, 40.6102 ], [ -3.4568, 40.6112 ], [ -3.4586, 40.6129 ], [ -3.4589, 40.6134 ], [ -3.4604, 40.6149 ], [ -3.4606, 40.6155 ], [ -3.4608, 40.6156 ], [ -3.461, 40.6161 ], [ -3.4614, 40.6164 ], [ -3.462, 40.6173 ], [ -3.4628, 40.6181 ], [ -3.4634, 40.6191 ], [ -3.4644, 40.6202 ], [ -3.4662, 40.6218 ], [ -3.4684, 40.623 ], [ -3.469, 40.6236 ], [ -3.4717, 40.6251 ], [ -3.4719, 40.6253 ], [ -3.4718, 40.6253 ], [ -3.4727, 40.626 ], [ -3.4737, 40.6274 ], [ -3.4739, 40.6274 ], [ -3.4728, 40.6259 ], [ -3.4717, 40.6248 ], [ -3.4706, 40.6243 ], [ -3.4694, 40.6234 ], [ -3.4674, 40.6223 ], [ -3.4658, 40.6212 ], [ -3.4643, 40.6199 ], [ -3.4637, 40.6192 ], [ -3.4632, 40.6183 ], [ -3.4614, 40.6163 ], [ -3.4608, 40.6154 ], [ -3.4605, 40.6147 ], [ -3.4599, 40.614 ], [ -3.4596, 40.6137 ], [ -3.4592, 40.6136 ], [ -3.4586, 40.6127 ], [ -3.4578, 40.6121 ], [ -3.4567, 40.611 ], [ -3.4559, 40.6105 ], [ -3.4551, 40.6098 ], [ -3.4538, 40.6073 ], [ -3.4537, 40.6074 ], [ -3.4546, 40.6092 ], [ -3.4553, 40.6102 ], [ -3.4552, 40.6107 ], [ -3.4553, 40.6121 ], [ -3.455, 40.6136 ], [ -3.4551, 40.6148 ], [ -3.4546, 40.6172 ], [ -3.4546, 40.6182 ], [ -3.4531, 40.6205 ], [ -3.4533, 40.6212 ], [ -3.4536, 40.6217 ], [ -3.4535, 40.622 ], [ -3.4532, 40.6224 ], [ -3.4532, 40.6227 ], [ -3.4531, 40.6227 ], [ -3.4529, 40.6232 ], [ -3.4527, 40.6232 ], [ -3.452, 40.6239 ], [ -3.4517, 40.624 ], [ -3.4513, 40.6246 ], [ -3.4511, 40.6261 ], [ -3.4505, 40.6251 ], [ -3.4505, 40.6251 ], [ -3.4503, 40.6249 ], [ -3.4499, 40.6246 ], [ -3.4493, 40.6243 ], [ -3.449, 40.6243 ], [ -3.4484, 40.6238 ], [ -3.4463, 40.6229 ], [ -3.4457, 40.622 ], [ -3.445, 40.6213 ], [ -3.4448, 40.6212 ], [ -3.4446, 40.6211 ], [ -3.4445, 40.621 ], [ -3.4437, 40.6209 ], [ -3.4431, 40.621 ], [ -3.4422, 40.6206 ], [ -3.4431, 40.6211 ], [ -3.4436, 40.621 ], [ -3.4441, 40.6211 ], [ -3.4444, 40.6211 ], [ -3.4446, 40.6211 ], [ -3.4447, 40.6211 ], [ -3.4449, 40.6213 ], [ -3.4451, 40.6214 ], [ -3.4452, 40.6217 ], [ -3.446, 40.6227 ], [ -3.4465, 40.6231 ], [ -3.4478, 40.6236 ], [ -3.4484, 40.6239 ], [ -3.4487, 40.6242 ], [ -3.4496, 40.6245 ], [ -3.4503, 40.6249 ], [ -3.4504, 40.625 ], [ -3.4504, 40.6251 ], [ -3.451, 40.6262 ], [ -3.451, 40.6265 ], [ -3.4512, 40.627 ], [ -3.4513, 40.6274 ], [ -3.4514, 40.6278 ], [ -3.4513, 40.6283 ], [ -3.4514, 40.6293 ], [ -3.4524, 40.631 ], [ -3.4535, 40.6321 ], [ -3.4537, 40.6327 ], [ -3.4542, 40.6334 ], [ -3.4544, 40.634 ], [ -3.4544, 40.6342 ], [ -3.4544, 40.6345 ], [ -3.4544, 40.6348 ] ] ] } },
{ "type": "Feature", "properties": { "municipio": "Valdeolmos-Alalpardo", "clasificacion": "no-urbanizable-protegido", "calificacion": "sin-asignar", "version": "vigente", "fuente": "SIT-CAM WFS — UsoDelSuelo:VPLA_V_CLASIFICACION (https://idem.comunidad.madrid/geosrvg/ows)", "fecha_dato": "2026-05-12", "ambito": "31977", "_raw_CD_SIGLAS": "SNUP", "_raw_DS_CLASIF_GEN": "Suelo No Urbanizable Protegido", "_raw_DS_CLASIF_DET": "Suelo No Urbanizable Protegido - Clase I - Espacios Protegidos - Vías Pecuarias", "_raw_DS_DOCU": "NORMAS SUBSIDIARIAS", "_raw_DS_LEY": "CM Ley 9/1995, E RDL 1/1992", "_raw_FC_AC": "1997-01-16", "_raw_NM_AREA_M2": 41989.235187140497, "_cam_code": "162" }, "geometry": { "type": "Polygon", "coordinates": [ [ [ -3.4342, 40.6434 ], [ -3.4319, 40.6447 ], [ -3.43, 40.646 ], [ -3.4296, 40.6465 ], [ -3.4304, 40.6458 ], [ -3.4316, 40.645 ], [ -3.433, 40.6443 ], [ -3.4336, 40.6438 ], [ -3.4345, 40.6434 ], [ -3.4351, 40.6429 ], [ -3.4359, 40.6426 ], [ -3.4365, 40.642 ], [ -3.4374, 40.6418 ], [ -3.4379, 40.6416 ], [ -3.4386, 40.6409 ], [ -3.439, 40.641 ], [ -3.4403, 40.6407 ], [ -3.441, 40.6403 ], [ -3.4413, 40.6398 ], [ -3.4426, 40.6392 ], [ -3.4428, 40.639 ], [ -3.4431, 40.639 ], [ -3.4435, 40.639 ], [ -3.4438, 40.639 ], [ -3.4439, 40.639 ], [ -3.4442, 40.6388 ], [ -3.4445, 40.6388 ], [ -3.4445, 40.6387 ], [ -3.4454, 40.6387 ], [ -3.4481, 40.6382 ], [ -3.4488, 40.6383 ], [ -3.4485, 40.6382 ], [ -3.4483, 40.6382 ], [ -3.4482, 40.6382 ], [ -3.4481, 40.6382 ], [ -3.4475, 40.6382 ], [ -3.4453, 40.6386 ], [ -3.4445, 40.6386 ], [ -3.4444, 40.6387 ], [ -3.4444, 40.6386 ], [ -3.4436, 40.6383 ], [ -3.4433, 40.6377 ], [ -3.442, 40.6367 ], [ -3.4414, 40.6366 ], [ -3.4404, 40.636 ], [ -3.4389, 40.6359 ], [ -3.4382, 40.6354 ], [ -3.4355, 40.6344 ], [ -3.4337, 40.6333 ], [ -3.4327, 40.633 ], [ -3.4317, 40.6325 ], [ -3.4303, 40.6314 ], [ -3.4309, 40.6307 ], [ -3.4312, 40.6297 ], [ -3.4322, 40.6288 ], [ -3.4325, 40.628 ], [ -3.4309, 40.6299 ], [ -3.4309, 40.6301 ], [ -3.4305, 40.6306 ], [ -3.4278, 40.6331 ], [ -3.4275, 40.6336 ], [ -3.4277, 40.6333 ], [ -3.43, 40.6317 ], [ -3.4302, 40.6314 ], [ -3.4319, 40.6327 ], [ -3.4323, 40.6329 ], [ -3.4336, 40.6333 ], [ -3.4341, 40.6337 ], [ -3.4356, 40.6345 ], [ -3.4375, 40.6353 ], [ -3.4378, 40.6353 ], [ -3.439, 40.636 ], [ -3.4401, 40.636 ], [ -3.4407, 40.6362 ], [ -3.4411, 40.6366 ], [ -3.4422, 40.6369 ], [ -3.4433, 40.6379 ], [ -3.4436, 40.6384 ], [ -3.4444, 40.6387 ], [ -3.4441, 40.6388 ], [ -3.4439, 40.6389 ], [ -3.4437, 40.639 ], [ -3.4432, 40.6389 ], [ -3.4427, 40.639 ], [ -3.4412, 40.6398 ], [ -3.4409, 40.6402 ], [ -3.4402, 40.6407 ], [ -3.4398, 40.6407 ], [ -3.4394, 40.6409 ], [ -3.4388, 40.6408 ], [ -3.4384, 40.641 ], [ -3.4379, 40.6415 ], [ -3.4375, 40.6417 ], [ -3.4367, 40.6418 ], [ -3.4367, 40.6419 ], [ -3.4363, 40.642 ], [ -3.436, 40.6424 ], [ -3.4348, 40.643 ], [ -3.4344, 40.6434 ], [ -3.4342, 40.6434 ] ] ] } },
{ "type": "Feature", "properties": { "municipio": "Valdeolmos-Alalpardo", "clasificacion": "no-urbanizable-protegido", "calificacion": "sin-asignar", "version": "vigente", "fuente": "SIT-CAM WFS — UsoDelSuelo:VPLA_V_CLASIFICACION (https://idem.comunidad.madrid/geosrvg/ows)", "fecha_dato": "2026-05-12", "ambito": "31977", "_raw_CD_SIGLAS": "SNUP", "_raw_DS_CLASIF_GEN": "Suelo No Urbanizable Protegido", "_raw_DS_CLASIF_DET": "Suelo No Urbanizable Protegido - Clase I - Espacios Protegidos - Vías Pecuarias", "_raw_DS_DOCU": "NORMAS SUBSIDIARIAS", "_raw_DS_LEY": "CM Ley 9/1995, E RDL 1/1992", "_raw_FC_AC": "1997-01-16", "_raw_NM_AREA_M2": 139082.642910033, "_cam_code": "162" }, "geometry": { "type": "Polygon", "coordinates": [ [ [ -3.4796, 40.6646 ], [ -3.4816, 40.6657 ], [ -3.4815, 40.666 ], [ -3.4819, 40.6663 ], [ -3.482, 40.6668 ], [ -3.4825, 40.6675 ], [ -3.4825, 40.6682 ], [ -3.4827, 40.6683 ], [ -3.4826, 40.6681 ], [ -3.4827, 40.6677 ], [ -3.4819, 40.6662 ], [ -3.4816, 40.6659 ], [ -3.4817, 40.6658 ], [ -3.4815, 40.665 ], [ -3.4813, 40.6647 ], [ -3.4812, 40.664 ], [ -3.481, 40.6636 ], [ -3.481, 40.6626 ], [ -3.4807, 40.6611 ], [ -3.4809, 40.659 ], [ -3.482, 40.6554 ], [ -3.4835, 40.6544 ], [ -3.4841, 40.6543 ], [ -3.4856, 40.6536 ], [ -3.4866, 40.6533 ], [ -3.4875, 40.6528 ], [ -3.4873, 40.6527 ], [ -3.486, 40.6534 ], [ -3.4834, 40.6543 ], [ -3.4828, 40.6546 ], [ -3.4819, 40.6553 ], [ -3.482, 40.6543 ], [ -3.4819, 40.6516 ], [ -3.4812, 40.6496 ], [ -3.4812, 40.6491 ], [ -3.4805, 40.6461 ], [ -3.4799, 40.6447 ], [ -3.4797, 40.6419 ], [ -3.4791, 40.638 ], [ -3.4789, 40.6371 ], [ -3.4784, 40.6359 ], [ -3.478, 40.6342 ], [ -3.4775, 40.6334 ], [ -3.4773, 40.6327 ], [ -3.4769, 40.632 ], [ -3.4768, 40.6322 ], [ -3.4772, 40.6328 ], [ -3.4774, 40.6335 ], [ -3.4778, 40.6342 ], [ -3.4784, 40.6366 ], [ -3.4789, 40.6376 ], [ -3.4793, 40.6398 ], [ -3.4794, 40.6411 ], [ -3.4795, 40.6412 ], [ -3.4797, 40.6445 ], [ -3.4803, 40.646 ], [ -3.481, 40.6489 ], [ -3.481, 40.6495 ], [ -3.4813, 40.6504 ], [ -3.4817, 40.6511 ], [ -3.4818, 40.652 ], [ -3.4818, 40.6553 ], [ -3.4817, 40.6561 ], [ -3.4811, 40.6576 ], [ -3.4809, 40.6576 ], [ -3.4797, 40.6583 ], [ -3.4791, 40.6583 ], [ -3.4759, 40.6594 ], [ -3.475, 40.6595 ], [ -3.473, 40.6593 ], [ -3.4728, 40.6593 ], [ -3.4726, 40.6593 ], [ -3.4722, 40.6593 ], [ -3.472, 40.6593 ], [ -3.4718, 40.6592 ], [ -3.4713, 40.6592 ], [ -3.4705, 40.6594 ], [ -3.47, 40.6594 ], [ -3.4698, 40.6593 ], [ -3.4688, 40.659 ], [ -3.4672, 40.6589 ], [ -3.4646, 40.658 ], [ -3.4636, 40.6574 ], [ -3.4632, 40.6573 ], [ -3.4632, 40.6572 ], [ -3.4621, 40.6568 ], [ -3.4605, 40.6555 ], [ -3.4603, 40.6547 ], [ -3.4594, 40.6534 ], [ -3.4589, 40.6531 ], [ -3.4588, 40.6529 ], [ -3.4591, 40.652 ], [ -3.4607, 40.6493 ], [ -3.4608, 40.6474 ], [ -3.4609, 40.6472 ], [ -3.4616, 40.6464 ], [ -3.4631, 40.6453 ], [ -3.4634, 40.6452 ], [ -3.4643, 40.6443 ], [ -3.4645, 40.6438 ], [ -3.4656, 40.6429 ], [ -3.4664, 40.6418 ], [ -3.467, 40.6412 ], [ -3.4672, 40.6408 ], [ -3.4672, 40.6405 ], [ -3.4675, 40.6401 ], [ -3.4682, 40.6397 ], [ -3.4701, 40.6382 ], [ -3.4701, 40.6381 ], [ -3.4703, 40.6379 ], [ -3.4704, 40.6378 ], [ -3.4705, 40.6376 ], [ -3.4705, 40.6371 ], [ -3.4707, 40.6369 ], [ -3.4712, 40.6361 ], [ -3.4713, 40.6357 ], [ -3.472, 40.6349 ], [ -3.4722, 40.6345 ], [ -3.4723, 40.6345 ], [ -3.4725, 40.6344 ], [ -3.4733, 40.6335 ], [ -3.4736, 40.6333 ], [ -3.4737, 40.6333 ], [ -3.4738, 40.6332 ], [ -3.4739, 40.6331 ], [ -3.474, 40.633 ], [ -3.4742, 40.633 ], [ -3.4753, 40.6323 ], [ -3.4756, 40.6319 ], [ -3.4745, 40.6328 ], [ -3.474, 40.633 ], [ -3.4737, 40.6332 ], [ -3.4737, 40.6333 ], [ -3.4736, 40.6333 ], [ -3.4731, 40.6336 ], [ -3.4723, 40.6345 ], [ -3.4722, 40.6345 ], [ -3.4721, 40.6345 ], [ -3.472, 40.6348 ], [ -3.4711, 40.6358 ], [ -3.471, 40.6364 ], [ -3.4705, 40.6369 ], [ -3.4703, 40.6379 ], [ -3.4683, 40.6396 ], [ -3.4675, 40.64 ], [ -3.4672, 40.6403 ], [ -3.467, 40.6411 ], [ -3.4661, 40.6421 ], [ -3.4661, 40.6422 ], [ -3.4644, 40.6437 ], [ -3.4643, 40.6441 ], [ -3.4631, 40.6453 ], [ -3.4618, 40.6461 ], [ -3.461, 40.6469 ], [ -3.4607, 40.6476 ], [ -3.4607, 40.649 ], [ -3.4606, 40.6493 ], [ -3.4591, 40.6519 ], [ -3.4588, 40.6528 ], [ -3.4582, 40.6527 ], [ -3.4578, 40.6524 ], [ -3.4571, 40.6514 ], [ -3.4566, 40.6504 ], [ -3.4563, 40.6501 ], [ -3.4555, 40.6482 ], [ -3.455, 40.6478 ], [ -3.4546, 40.6471 ], [ -3.4545, 40.646 ], [ -3.4549, 40.6449 ], [ -3.4549, 40.6446 ], [ -3.4543, 40.6439 ], [ -3.4543, 40.6432 ], [ -3.4545, 40.6423 ], [ -3.4545, 40.6422 ], [ -3.4545, 40.6419 ], [ -3.4545, 40.6417 ], [ -3.4545, 40.6416 ], [ -3.4545, 40.6414 ], [ -3.4545, 40.6414 ], [ -3.4545, 40.6413 ], [ -3.4545, 40.6411 ], [ -3.4542, 40.6409 ], [ -3.4541, 40.6409 ], [ -3.4545, 40.6413 ], [ -3.4544, 40.6414 ], [ -3.4544, 40.6415 ], [ -3.4545, 40.6415 ], [ -3.4544, 40.6415 ], [ -3.4545, 40.6416 ], [ -3.4545, 40.6418 ], [ -3.4544, 40.642 ], [ -3.4544, 40.6423 ], [ -3.4543, 40.6425 ], [ -3.4542, 40.6439 ], [ -3.4548, 40.6447 ], [ -3.4544, 40.6462 ], [ -3.4544, 40.6467 ], [ -3.4546, 40.6473 ], [ -3.4549, 40.6478 ], [ -3.4555, 40.6483 ], [ -3.4564, 40.6504 ], [ -3.4575, 40.6522 ], [ -3.4585, 40.653 ], [ -3.4583, 40.6534 ], [ -3.4571, 40.6548 ], [ -3.4549, 40.6565 ], [ -3.4548, 40.6569 ], [ -3.4541, 40.658 ], [ -3.4542, 40.6585 ], [ -3.4541, 40.6594 ], [ -3.4538, 40.6596 ], [ -3.4535, 40.6603 ], [ -3.4534, 40.6602 ], [ -3.4528, 40.6609 ], [ -3.4532, 40.6608 ], [ -3.4536, 40.6603 ], [ -3.4537, 40.6599 ], [ -3.4542, 40.6595 ], [ -3.4543, 40.6582 ], [ -3.4545, 40.6576 ], [ -3.4552, 40.6564 ], [ -3.4573, 40.6548 ], [ -3.4587, 40.6531 ], [ -3.4596, 40.6538 ], [ -3.4603, 40.6549 ], [ -3.4605, 40.6556 ], [ -3.4621, 40.6569 ], [ -3.4632, 40.6573 ], [ -3.4644, 40.658 ], [ -3.4666, 40.6588 ], [ -3.4674, 40.659 ], [ -3.469, 40.6591 ], [ -3.4703, 40.6595 ], [ -3.4711, 40.6593 ], [ -3.4715, 40.6593 ], [ -3.4717, 40.6593 ], [ -3.4719, 40.6593 ], [ -3.4721, 40.6593 ], [ -3.472, 40.6594 ], [ -3.4716, 40.6594 ], [ -3.4701, 40.6599 ], [ -3.4688, 40.6606 ], [ -3.4676, 40.6607 ], [ -3.4654, 40.6612 ], [ -3.4636, 40.6613 ], [ -3.4631, 40.6611 ], [ -3.461, 40.6611 ], [ -3.4581, 40.6615 ], [ -3.4578, 40.6617 ], [ -3.4609, 40.6612 ], [ -3.4631, 40.6612 ], [ -3.4637, 40.6614 ], [ -3.4656, 40.6613 ], [ -3.4671, 40.6609 ], [ -3.4688, 40.6607 ], [ -3.4704, 40.6599 ], [ -3.4717, 40.6595 ], [ -3.4724, 40.6594 ], [ -3.4745, 40.6595 ], [ -3.4749, 40.6596 ], [ -3.4796, 40.6646 ] ], [ [ -3.4812, 40.6577 ], [ -3.4808, 40.6587 ], [ -3.4805, 40.6603 ], [ -3.4806, 40.6618 ], [ -3.4808, 40.6625 ], [ -3.4808, 40.6634 ], [ -3.481, 40.6642 ], [ -3.4816, 40.6656 ], [ -3.4803, 40.6649 ], [ -3.4791, 40.664 ], [ -3.4782, 40.6629 ], [ -3.4775, 40.6623 ], [ -3.475, 40.6596 ], [ -3.4763, 40.6594 ], [ -3.479, 40.6585 ], [ -3.4795, 40.6585 ], [ -3.4812, 40.6577 ] ] ] } },
{ "type": "Feature", "properties": { "municipio": "Valdeolmos-Alalpardo", "clasificacion": "no-urbanizable-protegido", "calificacion": "sin-asignar", "version": "vigente", "fuente": "SIT-CAM WFS — UsoDelSuelo:VPLA_V_CLASIFICACION (https://idem.comunidad.madrid/geosrvg/ows)", "fecha_dato": "2026-05-12", "ambito": "31977", "_raw_CD_SIGLAS": "SNUP", "_raw_DS_CLASIF_GEN": "Suelo No Urbanizable Protegido", "_raw_DS_CLASIF_DET": "Suelo No Urbanizable Protegido - Clase I - Espacios Protegidos - ZEPA", "_raw_DS_DOCU": "NORMAS SUBSIDIARIAS", "_raw_DS_LEY": "CM Ley 9/1995, E RDL 1/1992", "_raw_FC_AC": "1997-01-16", "_raw_NM_AREA_M2": 332613.09544721601, "_cam_code": "162" }, "geometry": { "type": "Polygon", "coordinates": [ [ [ -3.4804, 40.6153 ], [ -3.4805, 40.6179 ], [ -3.4802, 40.6191 ], [ -3.4808, 40.6199 ], [ -3.4821, 40.6207 ], [ -3.4826, 40.6213 ], [ -3.4829, 40.622 ], [ -3.4832, 40.6223 ], [ -3.4831, 40.6225 ], [ -3.4832, 40.6228 ], [ -3.485, 40.622 ], [ -3.4878, 40.6201 ], [ -3.4866, 40.618 ], [ -3.4864, 40.6179 ], [ -3.4857, 40.6167 ], [ -3.4851, 40.6164 ], [ -3.4836, 40.6166 ], [ -3.4827, 40.6164 ], [ -3.483, 40.6155 ], [ -3.4822, 40.6155 ], [ -3.4818, 40.6139 ], [ -3.4815, 40.6143 ], [ -3.4808, 40.6144 ], [ -3.4808, 40.6146 ], [ -3.4804, 40.6153 ] ] ] } },
{ "type": "Feature", "properties": { "municipio": "Valdeolmos-Alalpardo", "clasificacion": "no-urbanizable-protegido", "calificacion": "sin-asignar", "version": "vigente", "fuente": "SIT-CAM WFS — UsoDelSuelo:VPLA_V_CLASIFICACION (https://idem.comunidad.madrid/geosrvg/ows)", "fecha_dato": "2026-05-12", "ambito": "31977", "_raw_CD_SIGLAS": "SNUP", "_raw_DS_CLASIF_GEN": "Suelo No Urbanizable Protegido", "_raw_DS_CLASIF_DET": "Suelo No Urbanizable Protegido - Clase I - Espacios Protegidos - ZEPA", "_raw_DS_DOCU": "NORMAS SUBSIDIARIAS", "_raw_DS_LEY": "CM Ley 9/1995, E RDL 1/1992", "_raw_FC_AC": "1997-01-16", "_raw_NM_AREA_M2": 46696.658245209299, "_cam_code": "162" }, "geometry": { "type": "Polygon", "coordinates": [ [ [ -3.4878, 40.6202 ], [ -3.4859, 40.6216 ], [ -3.4833, 40.6229 ], [ -3.4852, 40.6247 ], [ -3.486, 40.6245 ], [ -3.4853, 40.6232 ], [ -3.4858, 40.6226 ], [ -3.4869, 40.6221 ], [ -3.4864, 40.6215 ], [ -3.4868, 40.6211 ], [ -3.4876, 40.6207 ], [ -3.4879, 40.6204 ], [ -3.4878, 40.6202 ] ] ] } },
{ "type": "Feature", "properties": { "municipio": "Valdeolmos-Alalpardo", "clasificacion": "no-urbanizable-protegido", "calificacion": "sin-asignar", "version": "vigente", "fuente": "SIT-CAM WFS — UsoDelSuelo:VPLA_V_CLASIFICACION (https://idem.comunidad.madrid/geosrvg/ows)", "fecha_dato": "2026-05-12", "ambito": "31977", "_raw_CD_SIGLAS": "SNUP", "_raw_DS_CLASIF_GEN": "Suelo No Urbanizable Protegido", "_raw_DS_CLASIF_DET": "Suelo No Urbanizable Protegido - Clase I - Espacios Protegidos - ZEPA", "_raw_DS_DOCU": "NORMAS SUBSIDIARIAS", "_raw_DS_LEY": "CM Ley 9/1995, E RDL 1/1992", "_raw_FC_AC": "1997-01-16", "_raw_NM_AREA_M2": 57348.249226170199, "_cam_code": "162" }, "geometry": { "type": "Polygon", "coordinates": [ [ [ -3.4831, 40.623 ], [ -3.4819, 40.6239 ], [ -3.4813, 40.6246 ], [ -3.4806, 40.625 ], [ -3.4803, 40.6255 ], [ -3.4818, 40.6257 ], [ -3.4848, 40.6248 ], [ -3.4835, 40.6233 ], [ -3.4831, 40.623 ] ] ] } },
{ "type": "Feature", "properties": { "municipio": "Valdeolmos-Alalpardo", "clasificacion": "no-urbanizable-protegido", "calificacion": "sin-asignar", "version": "vigente", "fuente": "SIT-CAM WFS — UsoDelSuelo:VPLA_V_CLASIFICACION (https://idem.comunidad.madrid/geosrvg/ows)", "fecha_dato": "2026-05-12", "ambito": "31977", "_raw_CD_SIGLAS": "SNUP", "_raw_DS_CLASIF_GEN": "Suelo No Urbanizable Protegido", "_raw_DS_CLASIF_DET": "Suelo No Urbanizable Protegido - Clase I - Espacios Protegidos - ZEPA", "_raw_DS_DOCU": "NORMAS SUBSIDIARIAS", "_raw_DS_LEY": "CM Ley 9/1995, E RDL 1/1992", "_raw_FC_AC": "1997-01-16", "_raw_NM_AREA_M2": 1148313.18203399, "_cam_code": "162" }, "geometry": { "type": "Polygon", "coordinates": [ [ [ -3.4463, 40.6229 ], [ -3.4484, 40.6238 ], [ -3.449, 40.6243 ], [ -3.4493, 40.6243 ], [ -3.4499, 40.6246 ], [ -3.4505, 40.6251 ], [ -3.4511, 40.6261 ], [ -3.4513, 40.6246 ], [ -3.4516, 40.6241 ], [ -3.452, 40.6239 ], [ -3.4525, 40.6234 ], [ -3.4524, 40.6233 ], [ -3.4522, 40.6232 ], [ -3.4522, 40.6233 ], [ -3.4522, 40.6232 ], [ -3.4518, 40.623 ], [ -3.4512, 40.6229 ], [ -3.4508, 40.6227 ], [ -3.4508, 40.6226 ], [ -3.4505, 40.6226 ], [ -3.4503, 40.6223 ], [ -3.4493, 40.622 ], [ -3.4489, 40.6216 ], [ -3.4487, 40.6216 ], [ -3.4484, 40.6213 ], [ -3.4482, 40.6205 ], [ -3.4478, 40.6202 ], [ -3.447, 40.6202 ], [ -3.4462, 40.6208 ], [ -3.4452, 40.6208 ], [ -3.4451, 40.6209 ], [ -3.4448, 40.6208 ], [ -3.4462, 40.6207 ], [ -3.4466, 40.6202 ], [ -3.448, 40.6201 ], [ -3.4483, 40.6205 ], [ -3.4484, 40.6211 ], [ -3.4488, 40.6214 ], [ -3.4504, 40.6221 ], [ -3.4505, 40.6224 ], [ -3.4508, 40.6225 ], [ -3.4509, 40.6227 ], [ -3.4522, 40.6231 ], [ -3.4522, 40.6229 ], [ -3.4521, 40.6229 ], [ -3.4521, 40.6228 ], [ -3.4521, 40.6228 ], [ -3.4521, 40.6227 ], [ -3.4521, 40.6226 ], [ -3.4521, 40.6224 ], [ -3.452, 40.6224 ], [ -3.4519, 40.6221 ], [ -3.4519, 40.6221 ], [ -3.4519, 40.622 ], [ -3.4519, 40.6216 ], [ -3.4517, 40.6214 ], [ -3.4517, 40.621 ], [ -3.4515, 40.6209 ], [ -3.4515, 40.6204 ], [ -3.4513, 40.6203 ], [ -3.4512, 40.6196 ], [ -3.4508, 40.6191 ], [ -3.4508, 40.6187 ], [ -3.4507, 40.6186 ], [ -3.4507, 40.6182 ], [ -3.4506, 40.6181 ], [ -3.4506, 40.618 ], [ -3.4506, 40.618 ], [ -3.4506, 40.6179 ], [ -3.4506, 40.6178 ], [ -3.4507, 40.6182 ], [ -3.4511, 40.6186 ], [ -3.451, 40.6191 ], [ -3.4513, 40.6196 ], [ -3.4514, 40.6202 ], [ -3.4517, 40.6204 ], [ -3.4516, 40.6207 ], [ -3.4518, 40.6209 ], [ -3.4518, 40.6215 ], [ -3.4521, 40.6218 ], [ -3.4519, 40.622 ], [ -3.4522, 40.6224 ], [ -3.4521, 40.6228 ], [ -3.4525, 40.6232 ], [ -3.4529, 40.6232 ], [ -3.4531, 40.6227 ], [ -3.4532, 40.6227 ], [ -3.4532, 40.6224 ], [ -3.4535, 40.622 ], [ -3.4536, 40.6217 ], [ -3.4533, 40.6212 ], [ -3.4531, 40.6205 ], [ -3.4546, 40.6182 ], [ -3.4546, 40.6172 ], [ -3.4551, 40.6148 ], [ -3.455, 40.6136 ], [ -3.4553, 40.6121 ], [ -3.4552, 40.611 ], [ -3.4553, 40.6102 ], [ -3.4546, 40.6092 ], [ -3.4537, 40.6074 ], [ -3.4524, 40.6086 ], [ -3.4495, 40.612 ], [ -3.4477, 40.6137 ], [ -3.4453, 40.6165 ], [ -3.4441, 40.617 ], [ -3.443, 40.6171 ], [ -3.443, 40.6172 ], [ -3.4421, 40.6175 ], [ -3.4421, 40.6184 ], [ -3.4412, 40.6186 ], [ -3.4415, 40.6191 ], [ -3.4429, 40.62 ], [ -3.4423, 40.6206 ], [ -3.4424, 40.6207 ], [ -3.4431, 40.621 ], [ -3.4436, 40.6209 ], [ -3.4445, 40.621 ], [ -3.445, 40.6213 ], [ -3.4457, 40.622 ], [ -3.4463, 40.6229 ] ] ] } },
{ "type": "Feature", "properties": { "municipio": "Valdeolmos-Alalpardo", "clasificacion": "no-urbanizable-protegido", "calificacion": "sin-asignar", "version": "vigente", "fuente": "SIT-CAM WFS — UsoDelSuelo:VPLA_V_CLASIFICACION (https://idem.comunidad.madrid/geosrvg/ows)", "fecha_dato": "2026-05-12", "ambito": "31977", "_raw_CD_SIGLAS": "SNUP", "_raw_DS_CLASIF_GEN": "Suelo No Urbanizable Protegido", "_raw_DS_CLASIF_DET": "Suelo No Urbanizable Protegido - Clase I - Espacios Protegidos - ZEPA", "_raw_DS_DOCU": "NORMAS SUBSIDIARIAS", "_raw_DS_LEY": "CM Ley 9/1995, E RDL 1/1992", "_raw_FC_AC": "1997-01-16", "_raw_NM_AREA_M2": 210608.02755953799, "_cam_code": "162" }, "geometry": { "type": "Polygon", "coordinates": [ [ [ -3.4766, 40.6263 ], [ -3.4774, 40.6261 ], [ -3.4782, 40.6262 ], [ -3.4795, 40.6255 ], [ -3.4802, 40.6254 ], [ -3.4816, 40.624 ], [ -3.4831, 40.6229 ], [ -3.483, 40.6228 ], [ -3.483, 40.6223 ], [ -3.4827, 40.622 ], [ -3.4825, 40.6214 ], [ -3.4806, 40.6199 ], [ -3.4801, 40.6192 ], [ -3.4801, 40.6195 ], [ -3.4794, 40.6202 ], [ -3.4791, 40.6209 ], [ -3.4787, 40.6213 ], [ -3.4781, 40.6223 ], [ -3.4781, 40.6229 ], [ -3.4775, 40.6238 ], [ -3.4773, 40.6243 ], [ -3.4772, 40.6251 ], [ -3.4766, 40.6263 ] ] ] } },
{ "type": "Feature", "properties": { "municipio": "Valdeolmos-Alalpardo", "clasificacion": "no-urbanizable-protegido", "calificacion": "sin-asignar", "version": "vigente", "fuente": "SIT-CAM WFS — UsoDelSuelo:VPLA_V_CLASIFICACION (https://idem.comunidad.madrid/geosrvg/ows)", "fecha_dato": "2026-05-12", "ambito": "31977", "_raw_CD_SIGLAS": "SNUP", "_raw_DS_CLASIF_GEN": "Suelo No Urbanizable Protegido", "_raw_DS_CLASIF_DET": "Suelo No Urbanizable Protegido - Clase I - Espacios Protegidos - ZEPA", "_raw_DS_DOCU": "NORMAS SUBSIDIARIAS", "_raw_DS_LEY": "CM Ley 9/1995, E RDL 1/1992", "_raw_FC_AC": "1997-01-16", "_raw_NM_AREA_M2": 4287.26094512495, "_cam_code": "162" }, "geometry": { "type": "Polygon", "coordinates": [ [ [ -3.4797, 40.6263 ], [ -3.4788, 40.6268 ], [ -3.4784, 40.6269 ], [ -3.4786, 40.6274 ], [ -3.4797, 40.6263 ] ] ] } },
{ "type": "Feature", "properties": { "municipio": "Valdeolmos-Alalpardo", "clasificacion": "no-urbanizable-protegido", "calificacion": "sin-asignar", "version": "vigente", "fuente": "SIT-CAM WFS — UsoDelSuelo:VPLA_V_CLASIFICACION (https://idem.comunidad.madrid/geosrvg/ows)", "fecha_dato": "2026-05-12", "ambito": "31977", "_raw_CD_SIGLAS": "SNUP", "_raw_DS_CLASIF_GEN": "Suelo No Urbanizable Protegido", "_raw_DS_CLASIF_DET": "Suelo No Urbanizable Protegido - Clase I - Espacios Protegidos - Cauces, riberas y zonas húmedas", "_raw_DS_DOCU": "NORMAS SUBSIDIARIAS", "_raw_DS_LEY": "CM Ley 9/1995, E RDL 1/1992", "_raw_FC_AC": "1997-01-16", "_raw_NM_AREA_M2": 180453.244347056, "_cam_code": "162" }, "geometry": { "type": "Polygon", "coordinates": [ [ [ -3.4501, 40.6514 ], [ -3.4496, 40.6519 ], [ -3.4495, 40.6525 ], [ -3.4486, 40.6529 ], [ -3.4484, 40.6532 ], [ -3.4487, 40.6533 ], [ -3.4483, 40.6542 ], [ -3.4491, 40.6539 ], [ -3.4495, 40.6531 ], [ -3.4506, 40.6525 ], [ -3.4505, 40.652 ], [ -3.4507, 40.6515 ], [ -3.4512, 40.6511 ], [ -3.4512, 40.6505 ], [ -3.4517, 40.6501 ], [ -3.4521, 40.6485 ], [ -3.4526, 40.648 ], [ -3.4526, 40.6472 ], [ -3.453, 40.6464 ], [ -3.4536, 40.6459 ], [ -3.4539, 40.6459 ], [ -3.4547, 40.6453 ], [ -3.4548, 40.6447 ], [ -3.4542, 40.6439 ], [ -3.4543, 40.6425 ], [ -3.4545, 40.6418 ], [ -3.4544, 40.6415 ], [ -3.4545, 40.6415 ], [ -3.4544, 40.6415 ], [ -3.4545, 40.6413 ], [ -3.4544, 40.6412 ], [ -3.4541, 40.642 ], [ -3.4537, 40.6424 ], [ -3.4534, 40.6431 ], [ -3.4533, 40.6447 ], [ -3.453, 40.6452 ], [ -3.4511, 40.6456 ], [ -3.4503, 40.6464 ], [ -3.4498, 40.6466 ], [ -3.4491, 40.6466 ], [ -3.4472, 40.6459 ], [ -3.4443, 40.6463 ], [ -3.4439, 40.6464 ], [ -3.4417, 40.6479 ], [ -3.4415, 40.6487 ], [ -3.4438, 40.6472 ], [ -3.4447, 40.6469 ], [ -3.4464, 40.6466 ], [ -3.4502, 40.6472 ], [ -3.4517, 40.6464 ], [ -3.4519, 40.6465 ], [ -3.4519, 40.6469 ], [ -3.4515, 40.6475 ], [ -3.4517, 40.6479 ], [ -3.4512, 40.6488 ], [ -3.4514, 40.6496 ], [ -3.4513, 40.6498 ], [ -3.4508, 40.65 ], [ -3.4506, 40.6503 ], [ -3.4507, 40.6507 ], [ -3.4506, 40.6514 ], [ -3.4501, 40.6514 ] ] ] } },
{ "type": "Feature", "properties": { "municipio": "Valdeolmos-Alalpardo", "clasificacion": "no-urbanizable-protegido", "calificacion": "sin-asignar", "version": "vigente", "fuente": "SIT-CAM WFS — UsoDelSuelo:VPLA_V_CLASIFICACION (https://idem.comunidad.madrid/geosrvg/ows)", "fecha_dato": "2026-05-12", "ambito": "31977", "_raw_CD_SIGLAS": "SNUP", "_raw_DS_CLASIF_GEN": "Suelo No Urbanizable Protegido", "_raw_DS_CLASIF_DET": "Suelo No Urbanizable Protegido - Clase I - Espacios Protegidos - Vías Pecuarias", "_raw_DS_DOCU": "NORMAS SUBSIDIARIAS", "_raw_DS_LEY": "CM Ley 9/1995, E RDL 1/1992", "_raw_FC_AC": "1997-01-16", "_raw_NM_AREA_M2": 23971.074857310599, "_cam_code": "162" }, "geometry": { "type": "Polygon", "coordinates": [ [ [ -3.479, 40.6196 ], [ -3.4791, 40.6206 ], [ -3.479, 40.6208 ], [ -3.4789, 40.621 ], [ -3.4788, 40.6212 ], [ -3.4786, 40.6213 ], [ -3.4781, 40.6222 ], [ -3.478, 40.6222 ], [ -3.478, 40.623 ], [ -3.4778, 40.6232 ], [ -3.4774, 40.6238 ], [ -3.4771, 40.6249 ], [ -3.4771, 40.6253 ], [ -3.4765, 40.6263 ], [ -3.4766, 40.6263 ], [ -3.477, 40.6256 ], [ -3.4772, 40.6251 ], [ -3.4773, 40.6243 ], [ -3.4777, 40.6234 ], [ -3.4781, 40.6229 ], [ -3.4781, 40.6223 ], [ -3.4783, 40.6219 ], [ -3.4791, 40.6209 ], [ -3.4794, 40.6202 ], [ -3.4801, 40.6195 ], [ -3.4805, 40.6179 ], [ -3.4804, 40.6174 ], [ -3.4804, 40.6153 ], [ -3.4808, 40.6146 ], [ -3.4808, 40.6144 ], [ -3.4807, 40.6143 ], [ -3.4805, 40.6151 ], [ -3.4803, 40.6153 ], [ -3.4804, 40.6182 ], [ -3.4799, 40.6196 ], [ -3.4793, 40.6202 ], [ -3.4791, 40.6196 ], [ -3.4786, 40.6189 ], [ -3.4782, 40.6186 ], [ -3.4769, 40.6169 ], [ -3.4759, 40.616 ], [ -3.4756, 40.6159 ], [ -3.4749, 40.6152 ], [ -3.4749, 40.6151 ], [ -3.4746, 40.6147 ], [ -3.4736, 40.6138 ], [ -3.4735, 40.6135 ], [ -3.4725, 40.6128 ], [ -3.4721, 40.6121 ], [ -3.4719, 40.612 ], [ -3.4719, 40.6118 ], [ -3.4718, 40.6113 ], [ -3.4716, 40.6109 ], [ -3.4712, 40.6111 ], [ -3.4707, 40.6108 ], [ -3.4699, 40.6109 ], [ -3.4696, 40.6103 ], [ -3.4696, 40.6075 ], [ -3.4697, 40.607 ], [ -3.4699, 40.6067 ], [ -3.4696, 40.6065 ], [ -3.4694, 40.6065 ], [ -3.4687, 40.6071 ], [ -3.4686, 40.6071 ], [ -3.4684, 40.6071 ], [ -3.4682, 40.6071 ], [ -3.468, 40.6071 ], [ -3.4676, 40.607 ], [ -3.4675, 40.6069 ], [ -3.4673, 40.6069 ], [ -3.4676, 40.607 ], [ -3.4681, 40.6071 ], [ -3.4683, 40.6072 ], [ -3.4687, 40.6072 ], [ -3.4693, 40.6066 ], [ -3.4698, 40.6067 ], [ -3.4695, 40.6075 ], [ -3.4695, 40.6101 ], [ -3.4698, 40.6109 ], [ -3.4699, 40.6109 ], [ -3.4707, 40.6109 ], [ -3.4709, 40.6111 ], [ -3.471, 40.6111 ], [ -3.4712, 40.6111 ], [ -3.4714, 40.6111 ], [ -3.4716, 40.611 ], [ -3.4718, 40.6118 ], [ -3.4719, 40.6118 ], [ -3.4718, 40.6119 ], [ -3.4725, 40.6128 ], [ -3.4734, 40.6135 ], [ -3.4735, 40.6137 ], [ -3.4747, 40.6149 ], [ -3.4747, 40.615 ], [ -3.4748, 40.615 ], [ -3.4749, 40.6152 ], [ -3.475, 40.6154 ], [ -3.4754, 40.6158 ], [ -3.4756, 40.6159 ], [ -3.4758, 40.616 ], [ -3.4768, 40.6169 ], [ -3.4781, 40.6186 ], [ -3.4787, 40.6192 ], [ -3.479, 40.6196 ] ] ] } },
{ "type": "Feature", "properties": { "municipio": "Valdeolmos-Alalpardo", "clasificacion": "no-urbanizable-protegido", "calificacion": "sin-asignar", "version": "vigente", "fuente": "SIT-CAM WFS — UsoDelSuelo:VPLA_V_CLASIFICACION (https://idem.comunidad.madrid/geosrvg/ows)", "fecha_dato": "2026-05-12", "ambito": "31977", "_raw_CD_SIGLAS": "SNUP", "_raw_DS_CLASIF_GEN": "Suelo No Urbanizable Protegido", "_raw_DS_CLASIF_DET": "Suelo No Urbanizable Protegido - Clase I - Espacios Protegidos - ZEPA", "_raw_DS_DOCU": "NORMAS SUBSIDIARIAS", "_raw_DS_LEY": "CM Ley 9/1995, E RDL 1/1992", "_raw_FC_AC": "1997-01-16", "_raw_NM_AREA_M2": 2564297.3080704999, "_cam_code": "162" }, "geometry": { "type": "Polygon", "coordinates": [ [ [ -3.4646, 40.6202 ], [ -3.4658, 40.6212 ], [ -3.4674, 40.6223 ], [ -3.4694, 40.6234 ], [ -3.4706, 40.6243 ], [ -3.4717, 40.6248 ], [ -3.4728, 40.6259 ], [ -3.4739, 40.6274 ], [ -3.4756, 40.6276 ], [ -3.4762, 40.6272 ], [ -3.4759, 40.6269 ], [ -3.4759, 40.6266 ], [ -3.4761, 40.6264 ], [ -3.4765, 40.6263 ], [ -3.477, 40.6255 ], [ -3.4774, 40.6238 ], [ -3.478, 40.623 ], [ -3.478, 40.6222 ], [ -3.4781, 40.6222 ], [ -3.4786, 40.6213 ], [ -3.4788, 40.6212 ], [ -3.4791, 40.6206 ], [ -3.479, 40.6196 ], [ -3.4779, 40.6183 ], [ -3.477, 40.6175 ], [ -3.4762, 40.6172 ], [ -3.475, 40.617 ], [ -3.4749, 40.6174 ], [ -3.4742, 40.6177 ], [ -3.471, 40.6187 ], [ -3.4706, 40.6187 ], [ -3.4701, 40.6191 ], [ -3.4702, 40.6192 ], [ -3.4701, 40.6193 ], [ -3.4691, 40.62 ], [ -3.4684, 40.6193 ], [ -3.4678, 40.6189 ], [ -3.4674, 40.6181 ], [ -3.4658, 40.6164 ], [ -3.4653, 40.615 ], [ -3.4648, 40.6144 ], [ -3.4645, 40.6143 ], [ -3.4649, 40.6137 ], [ -3.4661, 40.6141 ], [ -3.4666, 40.6137 ], [ -3.4684, 40.6133 ], [ -3.4699, 40.6125 ], [ -3.4718, 40.6118 ], [ -3.4716, 40.611 ], [ -3.4714, 40.6111 ], [ -3.4713, 40.6111 ], [ -3.4712, 40.6111 ], [ -3.471, 40.6111 ], [ -3.4709, 40.6111 ], [ -3.4707, 40.6109 ], [ -3.4706, 40.6109 ], [ -3.4704, 40.6109 ], [ -3.4703, 40.6109 ], [ -3.4701, 40.6109 ], [ -3.47, 40.6109 ], [ -3.4699, 40.6109 ], [ -3.4698, 40.6109 ], [ -3.4695, 40.6101 ], [ -3.4695, 40.6075 ], [ -3.4698, 40.6067 ], [ -3.4693, 40.6066 ], [ -3.4687, 40.6072 ], [ -3.4683, 40.6072 ], [ -3.4681, 40.6071 ], [ -3.4676, 40.607 ], [ -3.4673, 40.6069 ], [ -3.4675, 40.6069 ], [ -3.4676, 40.607 ], [ -3.468, 40.6071 ], [ -3.4682, 40.6071 ], [ -3.4687, 40.6071 ], [ -3.4694, 40.6065 ], [ -3.4696, 40.6065 ], [ -3.4699, 40.6067 ], [ -3.4697, 40.607 ], [ -3.4696, 40.6075 ], [ -3.4696, 40.6103 ], [ -3.4699, 40.6109 ], [ -3.4707, 40.6108 ], [ -3.4709, 40.611 ], [ -3.471, 40.611 ], [ -3.4711, 40.6111 ], [ -3.4712, 40.6111 ], [ -3.4713, 40.611 ], [ -3.4715, 40.611 ], [ -3.4716, 40.6109 ], [ -3.4718, 40.6113 ], [ -3.4719, 40.612 ], [ -3.4721, 40.6121 ], [ -3.4725, 40.6128 ], [ -3.4735, 40.6135 ], [ -3.4736, 40.6138 ], [ -3.4746, 40.6147 ], [ -3.4749, 40.6152 ], [ -3.4756, 40.6159 ], [ -3.4759, 40.616 ], [ -3.4769, 40.6169 ], [ -3.4782, 40.6186 ], [ -3.4786, 40.6189 ], [ -3.4791, 40.6196 ], [ -3.4793, 40.6202 ], [ -3.4799, 40.6196 ], [ -3.4801, 40.619 ], [ -3.4784, 40.618 ], [ -3.4781, 40.6177 ], [ -3.4781, 40.6174 ], [ -3.4765, 40.6161 ], [ -3.4759, 40.6154 ], [ -3.4758, 40.6151 ], [ -3.4751, 40.6147 ], [ -3.4741, 40.6137 ], [ -3.474, 40.6131 ], [ -3.4728, 40.6121 ], [ -3.4723, 40.6113 ], [ -3.4719, 40.611 ], [ -3.4719, 40.6109 ], [ -3.4726, 40.611 ], [ -3.4731, 40.6118 ], [ -3.4734, 40.6121 ], [ -3.474, 40.6124 ], [ -3.4742, 40.6129 ], [ -3.4745, 40.6132 ], [ -3.4746, 40.6138 ], [ -3.4749, 40.6142 ], [ -3.4757, 40.6146 ], [ -3.4771, 40.6162 ], [ -3.4779, 40.6166 ], [ -3.4784, 40.6173 ], [ -3.4784, 40.6177 ], [ -3.4793, 40.6181 ], [ -3.4802, 40.6188 ], [ -3.4804, 40.6182 ], [ -3.4803, 40.6153 ], [ -3.4805, 40.6151 ], [ -3.4807, 40.6143 ], [ -3.4801, 40.614 ], [ -3.48, 40.6141 ], [ -3.4795, 40.614 ], [ -3.4793, 40.6134 ], [ -3.4793, 40.6129 ], [ -3.4785, 40.6124 ], [ -3.4781, 40.6116 ], [ -3.4778, 40.6113 ], [ -3.4777, 40.6109 ], [ -3.4764, 40.6096 ], [ -3.4761, 40.6089 ], [ -3.476, 40.6081 ], [ -3.4759, 40.6081 ], [ -3.476, 40.6065 ], [ -3.4761, 40.6062 ], [ -3.4762, 40.6062 ], [ -3.4762, 40.6056 ], [ -3.4758, 40.6047 ], [ -3.4755, 40.6048 ], [ -3.4753, 40.6051 ], [ -3.4748, 40.6052 ], [ -3.4747, 40.6055 ], [ -3.4731, 40.6059 ], [ -3.4731, 40.606 ], [ -3.4727, 40.606 ], [ -3.4723, 40.6056 ], [ -3.4719, 40.6049 ], [ -3.4713, 40.6048 ], [ -3.4709, 40.6057 ], [ -3.4705, 40.6061 ], [ -3.4697, 40.606 ], [ -3.4687, 40.6067 ], [ -3.4685, 40.6067 ], [ -3.4685, 40.6068 ], [ -3.4677, 40.6067 ], [ -3.4675, 40.6065 ], [ -3.4634, 40.6077 ], [ -3.462, 40.6071 ], [ -3.4589, 40.6062 ], [ -3.4574, 40.6064 ], [ -3.4558, 40.6062 ], [ -3.4557, 40.6064 ], [ -3.4547, 40.6068 ], [ -3.4541, 40.6073 ], [ -3.4538, 40.6073 ], [ -3.4551, 40.6098 ], [ -3.4559, 40.6105 ], [ -3.4567, 40.611 ], [ -3.4578, 40.6121 ], [ -3.4586, 40.6127 ], [ -3.4592, 40.6136 ], [ -3.4596, 40.6137 ], [ -3.4599, 40.614 ], [ -3.4605, 40.6147 ], [ -3.4608, 40.6154 ], [ -3.4614, 40.6163 ], [ -3.4632, 40.6183 ], [ -3.4637, 40.6192 ], [ -3.4646, 40.6202 ] ] ] } },
{ "type": "Feature", "properties": { "municipio": "Valdeolmos-Alalpardo", "clasificacion": "no-urbanizable-protegido", "calificacion": "sin-asignar", "version": "vigente", "fuente": "SIT-CAM WFS — UsoDelSuelo:VPLA_V_CLASIFICACION (https://idem.comunidad.madrid/geosrvg/ows)", "fecha_dato": "2026-05-12", "ambito": "31977", "_raw_CD_SIGLAS": "SNUP", "_raw_DS_CLASIF_GEN": "Suelo No Urbanizable Protegido", "_raw_DS_CLASIF_DET": "Suelo No Urbanizable Protegido - Clase I - Espacios Protegidos - ZEPA", "_raw_DS_DOCU": "NORMAS SUBSIDIARIAS", "_raw_DS_LEY": "CM Ley 9/1995, E RDL 1/1992", "_raw_FC_AC": "1997-01-16", "_raw_NM_AREA_M2": 1513555.78802389, "_cam_code": "162" }, "geometry": { "type": "Polygon", "coordinates": [ [ [ -3.4646, 40.6308 ], [ -3.4651, 40.6309 ], [ -3.4651, 40.6308 ], [ -3.4662, 40.6307 ], [ -3.4682, 40.6297 ], [ -3.47, 40.6284 ], [ -3.4707, 40.6283 ], [ -3.4693, 40.6264 ], [ -3.4689, 40.6261 ], [ -3.4666, 40.6258 ], [ -3.4651, 40.6254 ], [ -3.4642, 40.6254 ], [ -3.464, 40.6252 ], [ -3.4633, 40.6238 ], [ -3.4621, 40.6226 ], [ -3.4655, 40.6211 ], [ -3.4644, 40.6202 ], [ -3.4634, 40.6191 ], [ -3.4628, 40.6181 ], [ -3.462, 40.6173 ], [ -3.4614, 40.6164 ], [ -3.461, 40.6161 ], [ -3.4608, 40.6156 ], [ -3.4606, 40.6155 ], [ -3.4604, 40.6149 ], [ -3.4589, 40.6134 ], [ -3.4586, 40.6129 ], [ -3.4568, 40.6112 ], [ -3.4554, 40.6102 ], [ -3.4553, 40.6104 ], [ -3.4554, 40.6117 ], [ -3.4551, 40.6136 ], [ -3.4551, 40.6156 ], [ -3.4547, 40.6172 ], [ -3.4547, 40.6182 ], [ -3.4546, 40.6185 ], [ -3.4533, 40.6202 ], [ -3.4532, 40.6208 ], [ -3.4536, 40.6214 ], [ -3.4537, 40.6218 ], [ -3.4531, 40.623 ], [ -3.4528, 40.6233 ], [ -3.4529, 40.6233 ], [ -3.4529, 40.6236 ], [ -3.4532, 40.6237 ], [ -3.4532, 40.624 ], [ -3.4537, 40.6246 ], [ -3.4538, 40.6245 ], [ -3.4543, 40.6253 ], [ -3.4542, 40.6254 ], [ -3.4543, 40.6256 ], [ -3.4545, 40.6257 ], [ -3.4556, 40.6257 ], [ -3.4558, 40.6259 ], [ -3.4558, 40.6261 ], [ -3.4564, 40.6264 ], [ -3.4564, 40.6266 ], [ -3.4574, 40.6268 ], [ -3.4576, 40.6271 ], [ -3.4581, 40.6273 ], [ -3.4584, 40.628 ], [ -3.4588, 40.628 ], [ -3.4588, 40.6282 ], [ -3.4592, 40.6285 ], [ -3.4591, 40.6287 ], [ -3.4597, 40.6292 ], [ -3.4601, 40.6299 ], [ -3.4606, 40.63 ], [ -3.4612, 40.6299 ], [ -3.4612, 40.63 ], [ -3.4616, 40.6301 ], [ -3.4616, 40.6302 ], [ -3.4618, 40.6302 ], [ -3.462, 40.6299 ], [ -3.4623, 40.6299 ], [ -3.4639, 40.6305 ], [ -3.4641, 40.6308 ], [ -3.4645, 40.6309 ], [ -3.4646, 40.6308 ] ] ] } },
{ "type": "Feature", "properties": { "municipio": "Valdeolmos-Alalpardo", "clasificacion": "no-urbanizable-protegido", "calificacion": "sin-asignar", "version": "vigente", "fuente": "SIT-CAM WFS — UsoDelSuelo:VPLA_V_CLASIFICACION (https://idem.comunidad.madrid/geosrvg/ows)", "fecha_dato": "2026-05-12", "ambito": "31977", "_raw_CD_SIGLAS": "SNUP", "_raw_DS_CLASIF_GEN": "Suelo No Urbanizable Protegido", "_raw_DS_CLASIF_DET": "Suelo No Urbanizable Protegido - Clase II - Espacios Forestales en Régimen Especial", "_raw_DS_DOCU": "NORMAS SUBSIDIARIAS", "_raw_DS_LEY": "CM Ley 9/1995, E RDL 1/1992", "_raw_FC_AC": "1997-01-16", "_raw_NM_AREA_M2": 60302.901662115801, "_cam_code": "162" }, "geometry": { "type": "Polygon", "coordinates": [ [ [ -3.4617, 40.6529 ], [ -3.4615, 40.6536 ], [ -3.4619, 40.6539 ], [ -3.4627, 40.6534 ], [ -3.4642, 40.6529 ], [ -3.4645, 40.6526 ], [ -3.4645, 40.6523 ], [ -3.4647, 40.6521 ], [ -3.465, 40.6522 ], [ -3.4648, 40.6517 ], [ -3.4656, 40.6515 ], [ -3.4657, 40.6513 ], [ -3.4656, 40.6508 ], [ -3.4651, 40.6507 ], [ -3.4619, 40.6517 ], [ -3.4622, 40.6529 ], [ -3.4617, 40.6529 ] ] ] } },
{ "type": "Feature", "properties": { "municipio": "Valdeolmos-Alalpardo", "clasificacion": "no-urbanizable-protegido", "calificacion": "sin-asignar", "version": "vigente", "fuente": "SIT-CAM WFS — UsoDelSuelo:VPLA_V_CLASIFICACION (https://idem.comunidad.madrid/geosrvg/ows)", "fecha_dato": "2026-05-12", "ambito": "31977", "_raw_CD_SIGLAS": "SNUP", "_raw_DS_CLASIF_GEN": "Suelo No Urbanizable Protegido", "_raw_DS_CLASIF_DET": "Suelo No Urbanizable Protegido - Clase II - Espacios Forestales en Régimen Especial", "_raw_DS_DOCU": "NORMAS SUBSIDIARIAS", "_raw_DS_LEY": "CM Ley 9/1995, E RDL 1/1992", "_raw_FC_AC": "1997-01-16", "_raw_NM_AREA_M2": 6089.3712020739504, "_cam_code": "162" }, "geometry": { "type": "Polygon", "coordinates": [ [ [ -3.4568, 40.6551 ], [ -3.4565, 40.6554 ], [ -3.4577, 40.6557 ], [ -3.4579, 40.6557 ], [ -3.4582, 40.6553 ], [ -3.4568, 40.6551 ] ] ] } },
{ "type": "Feature", "properties": { "municipio": "Valdeolmos-Alalpardo", "clasificacion": "no-urbanizable-protegido", "calificacion": "sin-asignar", "version": "vigente", "fuente": "SIT-CAM WFS — UsoDelSuelo:VPLA_V_CLASIFICACION (https://idem.comunidad.madrid/geosrvg/ows)", "fecha_dato": "2026-05-12", "ambito": "31977", "_raw_CD_SIGLAS": "SNUP", "_raw_DS_CLASIF_GEN": "Suelo No Urbanizable Protegido", "_raw_DS_CLASIF_DET": "Suelo No Urbanizable Protegido - Clase II - Espacios Forestales en Régimen Especial", "_raw_DS_DOCU": "NORMAS SUBSIDIARIAS", "_raw_DS_LEY": "CM Ley 9/1995, E RDL 1/1992", "_raw_FC_AC": "1997-01-16", "_raw_NM_AREA_M2": 10506.0325979269, "_cam_code": "162" }, "geometry": { "type": "Polygon", "coordinates": [ [ [ -3.4647, 40.6559 ], [ -3.4666, 40.6567 ], [ -3.4668, 40.6567 ], [ -3.4667, 40.6559 ], [ -3.4665, 40.6557 ], [ -3.4651, 40.6557 ], [ -3.4647, 40.6559 ] ] ] } },
{ "type": "Feature", "properties": { "municipio": "Valdeolmos-Alalpardo", "clasificacion": "no-urbanizable-protegido", "calificacion": "sin-asignar", "version": "vigente", "fuente": "SIT-CAM WFS — UsoDelSuelo:VPLA_V_CLASIFICACION (https://idem.comunidad.madrid/geosrvg/ows)", "fecha_dato": "2026-05-12", "ambito": "31977", "_raw_CD_SIGLAS": "SNUP", "_raw_DS_CLASIF_GEN": "Suelo No Urbanizable Protegido", "_raw_DS_CLASIF_DET": "Suelo No Urbanizable Protegido - Clase II - Espacios Forestales en Régimen Especial", "_raw_DS_DOCU": "NORMAS SUBSIDIARIAS", "_raw_DS_LEY": "CM Ley 9/1995, E RDL 1/1992", "_raw_FC_AC": "1997-01-16", "_raw_NM_AREA_M2": 10830.1063509367, "_cam_code": "162" }, "geometry": { "type": "Polygon", "coordinates": [ [ [ -3.4612, 40.656 ], [ -3.4621, 40.6568 ], [ -3.4629, 40.6571 ], [ -3.4628, 40.656 ], [ -3.4612, 40.656 ] ] ] } },
{ "type": "Feature", "properties": { "municipio": "Valdeolmos-Alalpardo", "clasificacion": "no-urbanizable-protegido", "calificacion": "sin-asignar", "version": "vigente", "fuente": "SIT-CAM WFS — UsoDelSuelo:VPLA_V_CLASIFICACION (https://idem.comunidad.madrid/geosrvg/ows)", "fecha_dato": "2026-05-12", "ambito": "31977", "_raw_CD_SIGLAS": "SNUP", "_raw_DS_CLASIF_GEN": "Suelo No Urbanizable Protegido", "_raw_DS_CLASIF_DET": "Suelo No Urbanizable Protegido - Clase II - Espacios Forestales en Régimen Especial", "_raw_DS_DOCU": "NORMAS SUBSIDIARIAS", "_raw_DS_LEY": "CM Ley 9/1995, E RDL 1/1992", "_raw_FC_AC": "1997-01-16", "_raw_NM_AREA_M2": 24542.8263775544, "_cam_code": "162" }, "geometry": { "type": "Polygon", "coordinates": [ [ [ -3.4683, 40.6562 ], [ -3.4685, 40.6564 ], [ -3.4691, 40.6564 ], [ -3.4698, 40.6566 ], [ -3.4698, 40.6567 ], [ -3.4701, 40.6567 ], [ -3.4701, 40.6568 ], [ -3.4716, 40.657 ], [ -3.4727, 40.6576 ], [ -3.4726, 40.6573 ], [ -3.4719, 40.6569 ], [ -3.4715, 40.6564 ], [ -3.4708, 40.6561 ], [ -3.4703, 40.6561 ], [ -3.4703, 40.656 ], [ -3.4691, 40.656 ], [ -3.4684, 40.6552 ], [ -3.4683, 40.6552 ], [ -3.4683, 40.6555 ], [ -3.4682, 40.6555 ], [ -3.4683, 40.6562 ] ] ] } },
{ "type": "Feature", "properties": { "municipio": "Valdeolmos-Alalpardo", "clasificacion": "no-urbanizable-protegido", "calificacion": "sin-asignar", "version": "vigente", "fuente": "SIT-CAM WFS — UsoDelSuelo:VPLA_V_CLASIFICACION (https://idem.comunidad.madrid/geosrvg/ows)", "fecha_dato": "2026-05-12", "ambito": "31977", "_raw_CD_SIGLAS": "SNUP", "_raw_DS_CLASIF_GEN": "Suelo No Urbanizable Protegido", "_raw_DS_CLASIF_DET": "Suelo No Urbanizable Protegido - Clase II - Espacios Forestales en Régimen Especial", "_raw_DS_DOCU": "NORMAS SUBSIDIARIAS", "_raw_DS_LEY": "CM Ley 9/1995, E RDL 1/1992", "_raw_FC_AC": "1997-01-16", "_raw_NM_AREA_M2": 19040.392967895099, "_cam_code": "162" }, "geometry": { "type": "Polygon", "coordinates": [ [ [ -3.4552, 40.6564 ], [ -3.4545, 40.6576 ], [ -3.4544, 40.658 ], [ -3.4556, 40.6576 ], [ -3.4564, 40.657 ], [ -3.4566, 40.6566 ], [ -3.4564, 40.6564 ], [ -3.4556, 40.6561 ], [ -3.4552, 40.6564 ] ] ] } },
{ "type": "Feature", "properties": { "municipio": "Valdeolmos-Alalpardo", "clasificacion": "no-urbanizable-protegido", "calificacion": "sin-asignar", "version": "vigente", "fuente": "SIT-CAM WFS — UsoDelSuelo:VPLA_V_CLASIFICACION (https://idem.comunidad.madrid/geosrvg/ows)", "fecha_dato": "2026-05-12", "ambito": "31977", "_raw_CD_SIGLAS": "SNUP", "_raw_DS_CLASIF_GEN": "Suelo No Urbanizable Protegido", "_raw_DS_CLASIF_DET": "Suelo No Urbanizable Protegido - Clase II - Espacios Forestales en Régimen Especial", "_raw_DS_DOCU": "NORMAS SUBSIDIARIAS", "_raw_DS_LEY": "CM Ley 9/1995, E RDL 1/1992", "_raw_FC_AC": "1997-01-16", "_raw_NM_AREA_M2": 102622.241350248, "_cam_code": "162" }, "geometry": { "type": "Polygon", "coordinates": [ [ [ -3.4549, 40.6592 ], [ -3.4573, 40.6599 ], [ -3.4588, 40.6602 ], [ -3.4597, 40.6602 ], [ -3.4596, 40.6592 ], [ -3.4592, 40.6584 ], [ -3.4596, 40.6583 ], [ -3.4594, 40.6572 ], [ -3.459, 40.6566 ], [ -3.4572, 40.6575 ], [ -3.4563, 40.6582 ], [ -3.4549, 40.6587 ], [ -3.4543, 40.6587 ], [ -3.4542, 40.6595 ], [ -3.4537, 40.6599 ], [ -3.4536, 40.6602 ], [ -3.4541, 40.6601 ], [ -3.4545, 40.6598 ], [ -3.4549, 40.6592 ] ] ] } },
{ "type": "Feature", "properties": { "municipio": "Valdeolmos-Alalpardo", "clasificacion": "no-urbanizable-protegido", "calificacion": "sin-asignar", "version": "vigente", "fuente": "SIT-CAM WFS — UsoDelSuelo:VPLA_V_CLASIFICACION (https://idem.comunidad.madrid/geosrvg/ows)", "fecha_dato": "2026-05-12", "ambito": "31977", "_raw_CD_SIGLAS": "SNUP", "_raw_DS_CLASIF_GEN": "Suelo No Urbanizable Protegido", "_raw_DS_CLASIF_DET": "Suelo No Urbanizable Protegido - Clase II - Espacios Forestales en Régimen Especial", "_raw_DS_DOCU": "NORMAS SUBSIDIARIAS", "_raw_DS_LEY": "CM Ley 9/1995, E RDL 1/1992", "_raw_FC_AC": "1997-01-16", "_raw_NM_AREA_M2": 37359.083046686203, "_cam_code": "162" }, "geometry": { "type": "Polygon", "coordinates": [ [ [ -3.4674, 40.6608 ], [ -3.4688, 40.6606 ], [ -3.4701, 40.6599 ], [ -3.4721, 40.6593 ], [ -3.4711, 40.6593 ], [ -3.4703, 40.6595 ], [ -3.469, 40.6591 ], [ -3.4686, 40.6591 ], [ -3.4686, 40.6594 ], [ -3.4668, 40.6597 ], [ -3.4661, 40.6601 ], [ -3.466, 40.6603 ], [ -3.4674, 40.66 ], [ -3.4674, 40.6608 ] ] ] } },
{ "type": "Feature", "properties": { "municipio": "Valdeolmos-Alalpardo", "clasificacion": "urbanizable-sectorizado", "calificacion": "sin-asignar", "version": "vigente", "fuente": "SIT-CAM WFS — UsoDelSuelo:VPLA_V_CLASIFICACION (https://idem.comunidad.madrid/geosrvg/ows)", "fecha_dato": "2026-05-12", "ambito": "31977", "_raw_CD_SIGLAS": "SUBS", "_raw_DS_CLASIF_GEN": "Suelo Apto Para Urbanizar", "_raw_DS_CLASIF_DET": "Suelo Apto para Urbanizar", "_raw_DS_DOCU": "NORMAS SUBSIDIARIAS", "_raw_DS_LEY": "CM Ley 9/1995, E RDL 1/1992", "_raw_FC_AC": "1997-01-16", "_raw_NM_AREA_M2": 51630.5895625302, "_cam_code": "162" }, "geometry": { "type": "Polygon", "coordinates": [ [ [ -3.4707, 40.633 ], [ -3.4708, 40.6332 ], [ -3.4707, 40.6333 ], [ -3.4712, 40.6339 ], [ -3.4714, 40.634 ], [ -3.4716, 40.6339 ], [ -3.4721, 40.6345 ], [ -3.4723, 40.6345 ], [ -3.4731, 40.6336 ], [ -3.4745, 40.6328 ], [ -3.4756, 40.6319 ], [ -3.4739, 40.6322 ], [ -3.4722, 40.6323 ], [ -3.4707, 40.633 ] ] ] } },
{ "type": "Feature", "properties": { "municipio": "Valdeolmos-Alalpardo", "clasificacion": "urbano-consolidado", "calificacion": "sin-asignar", "version": "vigente", "fuente": "SIT-CAM WFS — UsoDelSuelo:VPLA_V_CLASIFICACION (https://idem.comunidad.madrid/geosrvg/ows)", "fecha_dato": "2026-05-12", "ambito": "31977", "_raw_CD_SIGLAS": "SUC", "_raw_DS_CLASIF_GEN": "Suelo Urbano Consolidado", "_raw_DS_CLASIF_DET": "Suelo Urbano", "_raw_DS_DOCU": "NORMAS SUBSIDIARIAS", "_raw_DS_LEY": "CM Ley 9/1995, E RDL 1/1992", "_raw_FC_AC": "1997-01-16", "_raw_NM_AREA_M2": 1236.41786009921, "_cam_code": "162" }, "geometry": { "type": "Polygon", "coordinates": [ [ [ -3.4538, 40.6404 ], [ -3.4535, 40.6402 ], [ -3.4531, 40.6405 ], [ -3.4532, 40.6406 ], [ -3.4537, 40.6405 ], [ -3.4538, 40.6404 ] ] ] } },
{ "type": "Feature", "properties": { "municipio": "Valdeolmos-Alalpardo", "clasificacion": "urbano-consolidado", "calificacion": "sin-asignar", "version": "vigente", "fuente": "SIT-CAM WFS — UsoDelSuelo:VPLA_V_CLASIFICACION (https://idem.comunidad.madrid/geosrvg/ows)", "fecha_dato": "2026-05-12", "ambito": "31977", "_raw_CD_SIGLAS": "SUC", "_raw_DS_CLASIF_GEN": "Suelo Urbano Consolidado", "_raw_DS_CLASIF_DET": "Suelo Urbano", "_raw_DS_DOCU": "NORMAS SUBSIDIARIAS", "_raw_DS_LEY": "CM Ley 9/1995, E RDL 1/1992", "_raw_FC_AC": "1997-01-16", "_raw_NM_AREA_M2": 480211.89430181799, "_cam_code": "162" }, "geometry": { "type": "Polygon", "coordinates": [ [ [ -3.4678, 40.6188 ], [ -3.4691, 40.62 ], [ -3.4701, 40.6193 ], [ -3.4702, 40.6192 ], [ -3.4701, 40.6191 ], [ -3.4706, 40.6187 ], [ -3.471, 40.6187 ], [ -3.4742, 40.6177 ], [ -3.4749, 40.6174 ], [ -3.475, 40.617 ], [ -3.4762, 40.6172 ], [ -3.477, 40.6175 ], [ -3.4779, 40.6183 ], [ -3.4768, 40.6169 ], [ -3.4758, 40.616 ], [ -3.4754, 40.6158 ], [ -3.4734, 40.6135 ], [ -3.4725, 40.6128 ], [ -3.4718, 40.6119 ], [ -3.4719, 40.6118 ], [ -3.4718, 40.6117 ], [ -3.4718, 40.6118 ], [ -3.4714, 40.6119 ], [ -3.4714, 40.612 ], [ -3.4699, 40.6125 ], [ -3.4684, 40.6133 ], [ -3.4666, 40.6137 ], [ -3.4661, 40.6141 ], [ -3.4649, 40.6137 ], [ -3.4645, 40.6142 ], [ -3.4653, 40.615 ], [ -3.4658, 40.6164 ], [ -3.4674, 40.6181 ], [ -3.4678, 40.6188 ] ] ] } },
{ "type": "Feature", "properties": { "municipio": "Valdeolmos-Alalpardo", "clasificacion": "urbano-consolidado", "calificacion": "sin-asignar", "version": "vigente", "fuente": "SIT-CAM WFS — UsoDelSuelo:VPLA_V_CLASIFICACION (https://idem.comunidad.madrid/geosrvg/ows)", "fecha_dato": "2026-05-12", "ambito": "31977", "_raw_CD_SIGLAS": "SUC", "_raw_DS_CLASIF_GEN": "Suelo Urbano Consolidado", "_raw_DS_CLASIF_DET": "Suelo Urbano", "_raw_DS_DOCU": "NORMAS SUBSIDIARIAS", "_raw_DS_LEY": "CM Ley 9/1995, E RDL 1/1992", "_raw_FC_AC": "1997-01-16", "_raw_NM_AREA_M2": 368399.32215558202, "_cam_code": "162" }, "geometry": { "type": "Polygon", "coordinates": [ [ [ -3.4757, 40.6306 ], [ -3.4763, 40.6313 ], [ -3.4764, 40.6316 ], [ -3.4763, 40.6317 ], [ -3.4765, 40.6322 ], [ -3.4766, 40.6322 ], [ -3.4769, 40.632 ], [ -3.4767, 40.6316 ], [ -3.4762, 40.6311 ], [ -3.477, 40.6306 ], [ -3.4776, 40.6298 ], [ -3.478, 40.6301 ], [ -3.4783, 40.6301 ], [ -3.4791, 40.6293 ], [ -3.4794, 40.6294 ], [ -3.4803, 40.629 ], [ -3.4796, 40.6291 ], [ -3.4797, 40.6282 ], [ -3.4793, 40.6283 ], [ -3.4785, 40.6275 ], [ -3.478, 40.6277 ], [ -3.4777, 40.6273 ], [ -3.4778, 40.627 ], [ -3.4783, 40.6268 ], [ -3.4782, 40.6265 ], [ -3.478, 40.6264 ], [ -3.4782, 40.6262 ], [ -3.4774, 40.6261 ], [ -3.4761, 40.6264 ], [ -3.4759, 40.6266 ], [ -3.4759, 40.6269 ], [ -3.4762, 40.6272 ], [ -3.4756, 40.6276 ], [ -3.4737, 40.6274 ], [ -3.4727, 40.626 ], [ -3.4711, 40.6247 ], [ -3.4682, 40.626 ], [ -3.4691, 40.6262 ], [ -3.4707, 40.6283 ], [ -3.47, 40.6284 ], [ -3.4682, 40.6297 ], [ -3.4686, 40.6304 ], [ -3.4708, 40.6295 ], [ -3.471, 40.6293 ], [ -3.4717, 40.6291 ], [ -3.4726, 40.6286 ], [ -3.4733, 40.6295 ], [ -3.471, 40.6301 ], [ -3.4712, 40.6308 ], [ -3.4705, 40.631 ], [ -3.4692, 40.6316 ], [ -3.4712, 40.6308 ], [ -3.4718, 40.6316 ], [ -3.4726, 40.6314 ], [ -3.4737, 40.6309 ], [ -3.4742, 40.6314 ], [ -3.4746, 40.6311 ], [ -3.4738, 40.6303 ], [ -3.4743, 40.6301 ], [ -3.475, 40.6308 ], [ -3.4754, 40.6306 ], [ -3.4757, 40.6306 ] ], [ [ -3.4753, 40.6286 ], [ -3.4752, 40.6288 ], [ -3.4754, 40.6289 ], [ -3.4746, 40.6285 ], [ -3.4743, 40.628 ], [ -3.4745, 40.6279 ], [ -3.4753, 40.6286 ] ] ] } },
{ "type": "Feature", "properties": { "municipio": "Valdeolmos-Alalpardo", "clasificacion": "urbano-consolidado", "calificacion": "sin-asignar", "version": "vigente", "fuente": "SIT-CAM WFS — UsoDelSuelo:VPLA_V_CLASIFICACION (https://idem.comunidad.madrid/geosrvg/ows)", "fecha_dato": "2026-05-12", "ambito": "31977", "_raw_CD_SIGLAS": "SUC", "_raw_DS_CLASIF_GEN": "Suelo Urbano Consolidado", "_raw_DS_CLASIF_DET": "Suelo Urbano", "_raw_DS_DOCU": "NORMAS SUBSIDIARIAS", "_raw_DS_LEY": "CM Ley 9/1995, E RDL 1/1992", "_raw_FC_AC": "1997-01-16", "_raw_NM_AREA_M2": 105165.02653634601, "_cam_code": "162" }, "geometry": { "type": "Polygon", "coordinates": [ [ [ -3.4641, 40.637 ], [ -3.4644, 40.6374 ], [ -3.4655, 40.6366 ], [ -3.4656, 40.6366 ], [ -3.4657, 40.6366 ], [ -3.4648, 40.6358 ], [ -3.4659, 40.6351 ], [ -3.4659, 40.635 ], [ -3.4665, 40.6348 ], [ -3.4662, 40.6329 ], [ -3.4652, 40.6334 ], [ -3.4649, 40.6334 ], [ -3.4615, 40.6352 ], [ -3.4619, 40.6354 ], [ -3.4619, 40.6358 ], [ -3.4617, 40.636 ], [ -3.4623, 40.6364 ], [ -3.4631, 40.6364 ], [ -3.4633, 40.6367 ], [ -3.4639, 40.6371 ], [ -3.4641, 40.637 ] ] ] } },
{ "type": "Feature", "properties": { "municipio": "Valdeolmos-Alalpardo", "clasificacion": "urbano-consolidado", "calificacion": "sin-asignar", "version": "vigente", "fuente": "SIT-CAM WFS — UsoDelSuelo:VPLA_V_CLASIFICACION (https://idem.comunidad.madrid/geosrvg/ows)", "fecha_dato": "2026-05-12", "ambito": "31977", "_raw_CD_SIGLAS": "SUC", "_raw_DS_CLASIF_GEN": "Suelo Urbano Consolidado", "_raw_DS_CLASIF_DET": "Suelo Urbano", "_raw_DS_DOCU": "NORMAS SUBSIDIARIAS", "_raw_DS_LEY": "CM Ley 9/1995, E RDL 1/1992", "_raw_FC_AC": "1997-01-16", "_raw_NM_AREA_M2": 102559.44198795799, "_cam_code": "162" }, "geometry": { "type": "Polygon", "coordinates": [ [ [ -3.4482, 40.6382 ], [ -3.4498, 40.6384 ], [ -3.4504, 40.6386 ], [ -3.4512, 40.6377 ], [ -3.452, 40.6373 ], [ -3.452, 40.6372 ], [ -3.4514, 40.637 ], [ -3.4513, 40.6368 ], [ -3.4513, 40.6366 ], [ -3.4514, 40.6366 ], [ -3.4516, 40.6362 ], [ -3.4518, 40.636 ], [ -3.4527, 40.636 ], [ -3.4527, 40.6358 ], [ -3.4522, 40.6355 ], [ -3.4511, 40.6358 ], [ -3.4507, 40.6351 ], [ -3.4488, 40.636 ], [ -3.4466, 40.6373 ], [ -3.447, 40.6383 ], [ -3.4482, 40.6382 ] ] ] } },
{ "type": "Feature", "properties": { "municipio": "Valdeolmos-Alalpardo", "clasificacion": "urbano-consolidado", "calificacion": "sin-asignar", "version": "vigente", "fuente": "SIT-CAM WFS — UsoDelSuelo:VPLA_V_CLASIFICACION (https://idem.comunidad.madrid/geosrvg/ows)", "fecha_dato": "2026-05-12", "ambito": "31977", "_raw_CD_SIGLAS": "SUC", "_raw_DS_CLASIF_GEN": "Suelo Urbano Consolidado", "_raw_DS_CLASIF_DET": "Suelo Urbano", "_raw_DS_DOCU": "NORMAS SUBSIDIARIAS", "_raw_DS_LEY": "CM Ley 9/1995, E RDL 1/1992", "_raw_FC_AC": "1997-01-16", "_raw_NM_AREA_M2": 5548.6785848607196, "_cam_code": "162" }, "geometry": { "type": "Polygon", "coordinates": [ [ [ -3.4504, 40.6387 ], [ -3.45, 40.6389 ], [ -3.4494, 40.6397 ], [ -3.4501, 40.6396 ], [ -3.4507, 40.639 ], [ -3.4504, 40.6387 ] ] ] } },
{ "type": "Feature", "properties": { "municipio": "Valdeolmos-Alalpardo", "clasificacion": "urbano-consolidado", "calificacion": "sin-asignar", "version": "vigente", "fuente": "SIT-CAM WFS — UsoDelSuelo:VPLA_V_CLASIFICACION (https://idem.comunidad.madrid/geosrvg/ows)", "fecha_dato": "2026-05-12", "ambito": "31977", "_raw_CD_SIGLAS": "SUC", "_raw_DS_CLASIF_GEN": "Suelo Urbano Consolidado", "_raw_DS_CLASIF_DET": "Suelo Urbano", "_raw_DS_DOCU": "NORMAS SUBSIDIARIAS", "_raw_DS_LEY": "CM Ley 9/1995, E RDL 1/1992", "_raw_FC_AC": "1997-01-16", "_raw_NM_AREA_M2": 77903.259286832996, "_cam_code": "162" }, "geometry": { "type": "Polygon", "coordinates": [ [ [ -3.4536, 40.6402 ], [ -3.4538, 40.6401 ], [ -3.4537, 40.6397 ], [ -3.4539, 40.6397 ], [ -3.4545, 40.6401 ], [ -3.455, 40.64 ], [ -3.4551, 40.6402 ], [ -3.4552, 40.6401 ], [ -3.4551, 40.6397 ], [ -3.4552, 40.6395 ], [ -3.4553, 40.6396 ], [ -3.4561, 40.6395 ], [ -3.4566, 40.6388 ], [ -3.456, 40.6383 ], [ -3.4549, 40.6379 ], [ -3.4539, 40.6382 ], [ -3.454, 40.6375 ], [ -3.4542, 40.6373 ], [ -3.4539, 40.637 ], [ -3.4534, 40.6372 ], [ -3.4532, 40.6371 ], [ -3.4529, 40.6373 ], [ -3.4525, 40.6372 ], [ -3.453, 40.6379 ], [ -3.4533, 40.6377 ], [ -3.4534, 40.6378 ], [ -3.4519, 40.6384 ], [ -3.452, 40.6386 ], [ -3.4516, 40.6387 ], [ -3.4517, 40.639 ], [ -3.451, 40.6391 ], [ -3.4511, 40.6392 ], [ -3.4509, 40.6393 ], [ -3.4522, 40.6396 ], [ -3.4521, 40.6401 ], [ -3.4522, 40.6401 ], [ -3.4523, 40.6397 ], [ -3.4526, 40.6399 ], [ -3.4527, 40.6398 ], [ -3.4534, 40.6399 ], [ -3.4536, 40.6402 ] ], [ [ -3.4545, 40.6397 ], [ -3.454, 40.6394 ], [ -3.4544, 40.639 ], [ -3.454, 40.6388 ], [ -3.4543, 40.6389 ], [ -3.4546, 40.6388 ], [ -3.4553, 40.6393 ], [ -3.4551, 40.6395 ], [ -3.4549, 40.6393 ], [ -3.4545, 40.6397 ] ] ] } },
{ "type": "Feature", "properties": { "municipio": "Valdeolmos-Alalpardo", "clasificacion": "urbano-no-consolidado", "calificacion": "sin-asignar", "version": "vigente", "fuente": "SIT-CAM WFS — UsoDelSuelo:VPLA_V_CLASIFICACION (https://idem.comunidad.madrid/geosrvg/ows)", "fecha_dato": "2026-05-12", "ambito": "31977", "_raw_CD_SIGLAS": "SUNC", "_raw_DS_CLASIF_GEN": "Suelo Urbano No Consolidado", "_raw_DS_CLASIF_DET": "Suelo Urbano", "_raw_DS_DOCU": "NORMAS SUBSIDIARIAS", "_raw_DS_LEY": "CM Ley 9/1995, E RDL 1/1992", "_raw_FC_AC": "1997-01-16", "_raw_NM_AREA_M2": 22560.520142652898, "_cam_code": "162" }, "geometry": { "type": "Polygon", "coordinates": [ [ [ -3.4796, 40.6291 ], [ -3.4808, 40.629 ], [ -3.4806, 40.6284 ], [ -3.4803, 40.6281 ], [ -3.48, 40.6281 ], [ -3.4796, 40.6271 ], [ -3.4786, 40.6275 ], [ -3.4783, 40.6268 ], [ -3.4778, 40.627 ], [ -3.4777, 40.6273 ], [ -3.478, 40.6277 ], [ -3.4785, 40.6275 ], [ -3.4793, 40.6283 ], [ -3.4797, 40.6282 ], [ -3.4796, 40.6291 ] ] ] } },
{ "type": "Feature", "properties": { "municipio": "Valdeolmos-Alalpardo", "clasificacion": "urbano-no-consolidado", "calificacion": "sin-asignar", "version": "vigente", "fuente": "SIT-CAM WFS — UsoDelSuelo:VPLA_V_CLASIFICACION (https://idem.comunidad.madrid/geosrvg/ows)", "fecha_dato": "2026-05-12", "ambito": "31977", "_raw_CD_SIGLAS": "SUNC", "_raw_DS_CLASIF_GEN": "Suelo Urbano No Consolidado", "_raw_DS_CLASIF_DET": "Suelo Urbano", "_raw_DS_DOCU": "NORMAS SUBSIDIARIAS", "_raw_DS_LEY": "CM Ley 9/1995, E RDL 1/1992", "_raw_FC_AC": "1997-01-16", "_raw_NM_AREA_M2": 3537.0407232613602, "_cam_code": "162" }, "geometry": { "type": "Polygon", "coordinates": [ [ [ -3.4743, 40.628 ], [ -3.4746, 40.6285 ], [ -3.4754, 40.6289 ], [ -3.4752, 40.6288 ], [ -3.4753, 40.6286 ], [ -3.4745, 40.6279 ], [ -3.4743, 40.628 ] ] ] } },
{ "type": "Feature", "properties": { "municipio": "Valdeolmos-Alalpardo", "clasificacion": "urbano-no-consolidado", "calificacion": "sin-asignar", "version": "vigente", "fuente": "SIT-CAM WFS — UsoDelSuelo:VPLA_V_CLASIFICACION (https://idem.comunidad.madrid/geosrvg/ows)", "fecha_dato": "2026-05-12", "ambito": "31977", "_raw_CD_SIGLAS": "SUNC", "_raw_DS_CLASIF_GEN": "Suelo Urbano No Consolidado", "_raw_DS_CLASIF_DET": "Suelo Urbano", "_raw_DS_DOCU": "NORMAS SUBSIDIARIAS", "_raw_DS_LEY": "CM Ley 9/1995, E RDL 1/1992", "_raw_FC_AC": "1997-01-16", "_raw_NM_AREA_M2": 73591.267958666402, "_cam_code": "162" }, "geometry": { "type": "Polygon", "coordinates": [ [ [ -3.4701, 40.6316 ], [ -3.4707, 40.633 ], [ -3.4722, 40.6323 ], [ -3.4739, 40.6322 ], [ -3.4757, 40.6319 ], [ -3.4764, 40.6316 ], [ -3.4758, 40.6306 ], [ -3.4754, 40.6306 ], [ -3.475, 40.6308 ], [ -3.4743, 40.6301 ], [ -3.4738, 40.6303 ], [ -3.4746, 40.6311 ], [ -3.4742, 40.6314 ], [ -3.4737, 40.6309 ], [ -3.4726, 40.6314 ], [ -3.4718, 40.6316 ], [ -3.4712, 40.6308 ], [ -3.4693, 40.6316 ], [ -3.4694, 40.632 ], [ -3.4701, 40.6316 ] ] ] } },
{ "type": "Feature", "properties": { "municipio": "Valdeolmos-Alalpardo", "clasificacion": "urbano-no-consolidado", "calificacion": "sin-asignar", "version": "vigente", "fuente": "SIT-CAM WFS — UsoDelSuelo:VPLA_V_CLASIFICACION (https://idem.comunidad.madrid/geosrvg/ows)", "fecha_dato": "2026-05-12", "ambito": "31977", "_raw_CD_SIGLAS": "SUNC", "_raw_DS_CLASIF_GEN": "Suelo Urbano No Consolidado", "_raw_DS_CLASIF_DET": "Suelo Urbano", "_raw_DS_DOCU": "NORMAS SUBSIDIARIAS", "_raw_DS_LEY": "CM Ley 9/1995, E RDL 1/1992", "_raw_FC_AC": "1997-01-16", "_raw_NM_AREA_M2": 10500.000622232101, "_cam_code": "162" }, "geometry": { "type": "Polygon", "coordinates": [ [ [ -3.4536, 40.6402 ], [ -3.4537, 40.6402 ], [ -3.4541, 40.6409 ], [ -3.455, 40.6407 ], [ -3.4552, 40.6403 ], [ -3.455, 40.64 ], [ -3.4545, 40.6401 ], [ -3.4539, 40.6397 ], [ -3.4537, 40.6397 ], [ -3.4538, 40.6401 ], [ -3.4536, 40.6402 ] ] ] } },
{ "type": "Feature", "properties": { "municipio": "Valdeolmos-Alalpardo", "clasificacion": "urbano-no-consolidado", "calificacion": "sin-asignar", "version": "vigente", "fuente": "SIT-CAM WFS — UsoDelSuelo:VPLA_V_CLASIFICACION (https://idem.comunidad.madrid/geosrvg/ows)", "fecha_dato": "2026-05-12", "ambito": "31977", "_raw_CD_SIGLAS": "SUNC", "_raw_DS_CLASIF_GEN": "Suelo Urbano No Consolidado", "_raw_DS_CLASIF_DET": "Suelo Urbano", "_raw_DS_DOCU": "NORMAS SUBSIDIARIAS", "_raw_DS_LEY": "CM Ley 9/1995, E RDL 1/1992", "_raw_FC_AC": "1997-01-16", "_raw_NM_AREA_M2": 6583.6059992207302, "_cam_code": "162" }, "geometry": { "type": "Polygon", "coordinates": [ [ [ -3.4536, 40.6402 ], [ -3.4534, 40.6399 ], [ -3.4527, 40.6398 ], [ -3.4526, 40.6399 ], [ -3.4523, 40.6397 ], [ -3.4522, 40.6401 ], [ -3.4522, 40.6403 ], [ -3.453, 40.6405 ], [ -3.4536, 40.6402 ] ] ] } },
{ "type": "Feature", "properties": { "municipio": "Valdeolmos-Alalpardo", "clasificacion": "urbano-no-consolidado", "calificacion": "sin-asignar", "version": "vigente", "fuente": "SIT-CAM WFS — UsoDelSuelo:VPLA_V_CLASIFICACION (https://idem.comunidad.madrid/geosrvg/ows)", "fecha_dato": "2026-05-12", "ambito": "31977", "_raw_CD_SIGLAS": "SUNC", "_raw_DS_CLASIF_GEN": "Suelo Urbano No Consolidado", "_raw_DS_CLASIF_DET": "Suelo Urbano", "_raw_DS_DOCU": "NORMAS SUBSIDIARIAS", "_raw_DS_LEY": "CM Ley 9/1995, E RDL 1/1992", "_raw_FC_AC": "1997-01-16", "_raw_NM_AREA_M2": 76280.419549119906, "_cam_code": "162" }, "geometry": { "type": "Polygon", "coordinates": [ [ [ -3.4494, 40.6405 ], [ -3.4505, 40.6396 ], [ -3.4521, 40.6401 ], [ -3.4522, 40.6396 ], [ -3.4509, 40.6393 ], [ -3.4511, 40.6392 ], [ -3.451, 40.6391 ], [ -3.4517, 40.639 ], [ -3.4516, 40.6387 ], [ -3.452, 40.6386 ], [ -3.4519, 40.6384 ], [ -3.4534, 40.6378 ], [ -3.4533, 40.6377 ], [ -3.453, 40.6379 ], [ -3.4525, 40.6372 ], [ -3.4529, 40.6373 ], [ -3.4532, 40.6371 ], [ -3.452, 40.636 ], [ -3.4518, 40.636 ], [ -3.4513, 40.6366 ], [ -3.4514, 40.637 ], [ -3.452, 40.6372 ], [ -3.452, 40.6373 ], [ -3.4512, 40.6377 ], [ -3.4504, 40.6386 ], [ -3.4498, 40.6384 ], [ -3.4488, 40.6383 ], [ -3.4478, 40.6396 ], [ -3.4491, 40.6402 ], [ -3.4494, 40.6405 ] ], [ [ -3.4507, 40.639 ], [ -3.4499, 40.6397 ], [ -3.4494, 40.6397 ], [ -3.4501, 40.6388 ], [ -3.4505, 40.6387 ], [ -3.4507, 40.639 ] ] ] } },
{ "type": "Feature", "properties": { "municipio": "Valdeolmos-Alalpardo", "clasificacion": "urbano-no-consolidado", "calificacion": "sin-asignar", "version": "vigente", "fuente": "SIT-CAM WFS — UsoDelSuelo:VPLA_V_CLASIFICACION (https://idem.comunidad.madrid/geosrvg/ows)", "fecha_dato": "2026-05-12", "ambito": "31977", "_raw_CD_SIGLAS": "SUNC", "_raw_DS_CLASIF_GEN": "Suelo Urbano No Consolidado", "_raw_DS_CLASIF_DET": "Suelo Urbano", "_raw_DS_DOCU": "NORMAS SUBSIDIARIAS", "_raw_DS_LEY": "CM Ley 9/1995, E RDL 1/1992", "_raw_FC_AC": "1997-01-16", "_raw_NM_AREA_M2": 74832.497843281395, "_cam_code": "162" }, "geometry": { "type": "Polygon", "coordinates": [ [ [ -3.4648, 40.6382 ], [ -3.4656, 40.6386 ], [ -3.4667, 40.6397 ], [ -3.467, 40.6394 ], [ -3.4668, 40.6388 ], [ -3.4673, 40.6386 ], [ -3.4677, 40.6382 ], [ -3.4657, 40.6366 ], [ -3.4655, 40.6366 ], [ -3.4644, 40.6374 ], [ -3.4641, 40.637 ], [ -3.4639, 40.6371 ], [ -3.4633, 40.6367 ], [ -3.4631, 40.6364 ], [ -3.4623, 40.6364 ], [ -3.4617, 40.636 ], [ -3.4612, 40.6365 ], [ -3.4608, 40.6372 ], [ -3.4616, 40.6374 ], [ -3.462, 40.6369 ], [ -3.4633, 40.6376 ], [ -3.4639, 40.6373 ], [ -3.464, 40.6376 ], [ -3.4639, 40.6376 ], [ -3.4639, 40.638 ], [ -3.4642, 40.6384 ], [ -3.4645, 40.6385 ], [ -3.4648, 40.6382 ] ] ] } },
{ "type": "Feature", "properties": { "municipio": "Valdeolmos-Alalpardo", "clasificacion": "urbano-no-consolidado", "calificacion": "sin-asignar", "version": "vigente", "fuente": "SIT-CAM WFS — UsoDelSuelo:VPLA_V_CLASIFICACION (https://idem.comunidad.madrid/geosrvg/ows)", "fecha_dato": "2026-05-12", "ambito": "31977", "_raw_CD_SIGLAS": "SUNC", "_raw_DS_CLASIF_GEN": "Suelo Urbano No Consolidado", "_raw_DS_CLASIF_DET": "Suelo Urbano", "_raw_DS_DOCU": "NORMAS SUBSIDIARIAS", "_raw_DS_LEY": "CM Ley 9/1995, E RDL 1/1992", "_raw_FC_AC": "1997-01-16", "_raw_NM_AREA_M2": 5938.86071670619, "_cam_code": "162" }, "geometry": { "type": "Polygon", "coordinates": [ [ [ -3.454, 40.6393 ], [ -3.4542, 40.6396 ], [ -3.4545, 40.6397 ], [ -3.4549, 40.6393 ], [ -3.4551, 40.6395 ], [ -3.4553, 40.6393 ], [ -3.4546, 40.6388 ], [ -3.4544, 40.6389 ], [ -3.454, 40.6388 ], [ -3.4544, 40.639 ], [ -3.454, 40.6393 ] ] ] } },
{ "type": "Feature", "properties": { "municipio": "Valdeolmos-Alalpardo", "clasificacion": "urbano-no-consolidado", "calificacion": "sin-asignar", "version": "vigente", "fuente": "SIT-CAM WFS — UsoDelSuelo:VPLA_V_CLASIFICACION (https://idem.comunidad.madrid/geosrvg/ows)", "fecha_dato": "2026-05-12", "ambito": "31977", "_raw_CD_SIGLAS": "SUNC", "_raw_DS_CLASIF_GEN": "Suelo Urbano No Consolidado", "_raw_DS_CLASIF_DET": "Suelo Urbano", "_raw_DS_DOCU": "NORMAS SUBSIDIARIAS", "_raw_DS_LEY": "CM Ley 9/1995, E RDL 1/1992", "_raw_FC_AC": "1997-01-16", "_raw_NM_AREA_M2": 11551.149247372799, "_cam_code": "162" }, "geometry": { "type": "Polygon", "coordinates": [ [ [ -3.4648, 40.6358 ], [ -3.4656, 40.6366 ], [ -3.4665, 40.6361 ], [ -3.4662, 40.6359 ], [ -3.4661, 40.6354 ], [ -3.4659, 40.6351 ], [ -3.4648, 40.6358 ] ] ] } },
{ "type": "Feature", "properties": { "municipio": "Valdeolmos-Alalpardo", "clasificacion": "urbano-no-consolidado", "calificacion": "sin-asignar", "version": "vigente", "fuente": "SIT-CAM WFS — UsoDelSuelo:VPLA_V_CLASIFICACION (https://idem.comunidad.madrid/geosrvg/ows)", "fecha_dato": "2026-05-12", "ambito": "31977", "_raw_CD_SIGLAS": "SUNC", "_raw_DS_CLASIF_GEN": "Suelo Urbano No Consolidado", "_raw_DS_CLASIF_DET": "Suelo Urbano", "_raw_DS_DOCU": "NORMAS SUBSIDIARIAS", "_raw_DS_LEY": "CM Ley 9/1995, E RDL 1/1992", "_raw_FC_AC": "1997-01-16", "_raw_NM_AREA_M2": 30398.276571200899, "_cam_code": "162" }, "geometry": { "type": "Polygon", "coordinates": [ [ [ -3.4776, 40.6298 ], [ -3.477, 40.6306 ], [ -3.4762, 40.6311 ], [ -3.4767, 40.6316 ], [ -3.4769, 40.632 ], [ -3.4777, 40.6315 ], [ -3.48, 40.6292 ], [ -3.4794, 40.6294 ], [ -3.4791, 40.6293 ], [ -3.4783, 40.6301 ], [ -3.478, 40.6301 ], [ -3.4776, 40.6298 ] ] ] } },
{ "type": "Feature", "properties": { "municipio": "Valdeolmos-Alalpardo", "clasificacion": "urbano-no-consolidado", "calificacion": "sin-asignar", "version": "vigente", "fuente": "SIT-CAM WFS — UsoDelSuelo:VPLA_V_CLASIFICACION (https://idem.comunidad.madrid/geosrvg/ows)", "fecha_dato": "2026-05-12", "ambito": "31977", "_raw_CD_SIGLAS": "SUNC", "_raw_DS_CLASIF_GEN": "Suelo Urbano No Consolidado", "_raw_DS_CLASIF_DET": "Suelo Urbano", "_raw_DS_DOCU": "NORMAS SUBSIDIARIAS", "_raw_DS_LEY": "CM Ley 9/1995, E RDL 1/1992", "_raw_FC_AC": "1997-01-16", "_raw_NM_AREA_M2": 47143.736042800403, "_cam_code": "162" }, "geometry": { "type": "Polygon", "coordinates": [ [ [ -3.4727, 40.6286 ], [ -3.4686, 40.6304 ], [ -3.4692, 40.6316 ], [ -3.4712, 40.6308 ], [ -3.471, 40.6301 ], [ -3.4733, 40.6295 ], [ -3.4727, 40.6286 ] ] ] } }
]
}
