{
"type": "FeatureCollection",
"name": "vigente.full",
"features": [
{ "type": "Feature", "properties": { "municipio": "Villavieja del Lozoya", "clasificacion": "no-urbanizable-protegido", "calificacion": "sin-asignar", "version": "vigente", "fuente": "SIT-CAM WFS — UsoDelSuelo:VPLA_V_CLASIFICACION (https://idem.comunidad.madrid/geosrvg/ows)", "fecha_dato": "2026-05-12", "ambito": "20751", "_raw_CD_SIGLAS": "SNUP", "_raw_DS_CLASIF_GEN": "Suelo No Urbanizable Protegido", "_raw_DS_CLASIF_DET": "Suelo No Urbanizable Especialmente Protegido de Vías Pecuarias y Caminos Tradicionales", "_raw_DS_DOCU": "NORMAS SUBSIDIARIAS", "_raw_DS_LEY": null, "_raw_FC_AC": "1993-03-11", "_raw_NM_AREA_M2": 1111065.13939765, "_cam_code": "182" }, "geometry": { "type": "Polygon", "coordinates": [ [ [ -3.7262, 41.0452 ], [ -3.7272, 41.0454 ], [ -3.7272, 41.0459 ], [ -3.728, 41.0467 ], [ -3.7278, 41.0469 ], [ -3.7279, 41.0484 ], [ -3.7284, 41.0493 ], [ -3.7289, 41.0498 ], [ -3.7298, 41.0503 ], [ -3.73, 41.0503 ], [ -3.73, 41.0504 ], [ -3.7315, 41.0508 ], [ -3.7317, 41.0511 ], [ -3.7317, 41.0514 ], [ -3.7322, 41.0519 ], [ -3.7324, 41.0524 ], [ -3.7329, 41.0529 ], [ -3.7337, 41.0534 ], [ -3.7337, 41.054 ], [ -3.7334, 41.0546 ], [ -3.7352, 41.0564 ], [ -3.7355, 41.0563 ], [ -3.7356, 41.0562 ], [ -3.734, 41.0546 ], [ -3.734, 41.0543 ], [ -3.7342, 41.0541 ], [ -3.734, 41.053 ], [ -3.7336, 41.0529 ], [ -3.7328, 41.0522 ], [ -3.7326, 41.0517 ], [ -3.7322, 41.0513 ], [ -3.7321, 41.0508 ], [ -3.7318, 41.0505 ], [ -3.7308, 41.0503 ], [ -3.7293, 41.0496 ], [ -3.7288, 41.0491 ], [ -3.7285, 41.0485 ], [ -3.7284, 41.0485 ], [ -3.7283, 41.0478 ], [ -3.7283, 41.047 ], [ -3.7285, 41.0468 ], [ -3.7285, 41.0466 ], [ -3.7284, 41.0464 ], [ -3.7278, 41.046 ], [ -3.7276, 41.0456 ], [ -3.7277, 41.0454 ], [ -3.7276, 41.0451 ], [ -3.7261, 41.0448 ], [ -3.7256, 41.0451 ], [ -3.7256, 41.0453 ], [ -3.725, 41.0452 ], [ -3.725, 41.0444 ], [ -3.7247, 41.0443 ], [ -3.7241, 41.0444 ], [ -3.7233, 41.0448 ], [ -3.7229, 41.0444 ], [ -3.723, 41.0436 ], [ -3.7226, 41.0435 ], [ -3.7221, 41.0429 ], [ -3.7215, 41.0426 ], [ -3.7211, 41.0422 ], [ -3.7211, 41.0417 ], [ -3.721, 41.0417 ], [ -3.7211, 41.0409 ], [ -3.7208, 41.0405 ], [ -3.7209, 41.0402 ], [ -3.7208, 41.0395 ], [ -3.7194, 41.0382 ], [ -3.7178, 41.0376 ], [ -3.7177, 41.0373 ], [ -3.7178, 41.037 ], [ -3.7189, 41.036 ], [ -3.7189, 41.0356 ], [ -3.7188, 41.0355 ], [ -3.7178, 41.0355 ], [ -3.7171, 41.0348 ], [ -3.7165, 41.0344 ], [ -3.7152, 41.0339 ], [ -3.7152, 41.0336 ], [ -3.7149, 41.0334 ], [ -3.7137, 41.0337 ], [ -3.713, 41.0337 ], [ -3.7122, 41.0334 ], [ -3.7118, 41.0334 ], [ -3.7106, 41.0321 ], [ -3.7098, 41.0317 ], [ -3.7094, 41.0311 ], [ -3.7081, 41.0299 ], [ -3.7078, 41.0293 ], [ -3.7075, 41.029 ], [ -3.7059, 41.0281 ], [ -3.7057, 41.0272 ], [ -3.7054, 41.0269 ], [ -3.7052, 41.0263 ], [ -3.7048, 41.0259 ], [ -3.7042, 41.0249 ], [ -3.704, 41.0248 ], [ -3.7035, 41.0221 ], [ -3.703, 41.0216 ], [ -3.7025, 41.0214 ], [ -3.7035, 41.0209 ], [ -3.7042, 41.0209 ], [ -3.7042, 41.0208 ], [ -3.7045, 41.0207 ], [ -3.7051, 41.0207 ], [ -3.7053, 41.0204 ], [ -3.7075, 41.021 ], [ -3.7076, 41.0212 ], [ -3.7085, 41.0211 ], [ -3.7093, 41.0213 ], [ -3.7095, 41.0215 ], [ -3.71, 41.0216 ], [ -3.7105, 41.022 ], [ -3.7108, 41.022 ], [ -3.71, 41.0212 ], [ -3.7089, 41.0209 ], [ -3.7085, 41.0206 ], [ -3.7079, 41.0206 ], [ -3.7075, 41.0209 ], [ -3.7072, 41.0209 ], [ -3.7069, 41.0198 ], [ -3.7059, 41.0202 ], [ -3.7059, 41.0203 ], [ -3.7057, 41.0202 ], [ -3.7055, 41.02 ], [ -3.7054, 41.0191 ], [ -3.7055, 41.019 ], [ -3.7055, 41.0184 ], [ -3.7058, 41.0181 ], [ -3.705, 41.0174 ], [ -3.7049, 41.0179 ], [ -3.7043, 41.0185 ], [ -3.7039, 41.0196 ], [ -3.7041, 41.0201 ], [ -3.7039, 41.0202 ], [ -3.7033, 41.0198 ], [ -3.703, 41.0198 ], [ -3.7032, 41.02 ], [ -3.7033, 41.0205 ], [ -3.7021, 41.0212 ], [ -3.7013, 41.0203 ], [ -3.7002, 41.0201 ], [ -3.7002, 41.02 ], [ -3.6991, 41.0196 ], [ -3.6986, 41.0192 ], [ -3.6986, 41.0188 ], [ -3.6983, 41.018 ], [ -3.6982, 41.018 ], [ -3.6982, 41.0178 ], [ -3.6981, 41.0178 ], [ -3.6973, 41.0163 ], [ -3.6977, 41.0162 ], [ -3.6984, 41.0164 ], [ -3.7003, 41.0173 ], [ -3.7006, 41.0171 ], [ -3.7, 41.0167 ], [ -3.6986, 41.0161 ], [ -3.6978, 41.0158 ], [ -3.6971, 41.0159 ], [ -3.6969, 41.0157 ], [ -3.6969, 41.0155 ], [ -3.6967, 41.0153 ], [ -3.6961, 41.0139 ], [ -3.6961, 41.0125 ], [ -3.6962, 41.0123 ], [ -3.6968, 41.0124 ], [ -3.6968, 41.0125 ], [ -3.6975, 41.0125 ], [ -3.6981, 41.0123 ], [ -3.6981, 41.0124 ], [ -3.6984, 41.0124 ], [ -3.6988, 41.0126 ], [ -3.6993, 41.0126 ], [ -3.6993, 41.0127 ], [ -3.6997, 41.0128 ], [ -3.6997, 41.0129 ], [ -3.7016, 41.0134 ], [ -3.7014, 41.0129 ], [ -3.7003, 41.0127 ], [ -3.7, 41.0126 ], [ -3.7, 41.0125 ], [ -3.6995, 41.0124 ], [ -3.6993, 41.0122 ], [ -3.6988, 41.0122 ], [ -3.6983, 41.012 ], [ -3.6977, 41.012 ], [ -3.6972, 41.0122 ], [ -3.6963, 41.0119 ], [ -3.6967, 41.0111 ], [ -3.6984, 41.0094 ], [ -3.6981, 41.0092 ], [ -3.6971, 41.0102 ], [ -3.6965, 41.0103 ], [ -3.6963, 41.0106 ], [ -3.6957, 41.0106 ], [ -3.6954, 41.0109 ], [ -3.695, 41.0109 ], [ -3.6942, 41.0113 ], [ -3.693, 41.0114 ], [ -3.6929, 41.0113 ], [ -3.6911, 41.0112 ], [ -3.691, 41.0113 ], [ -3.689, 41.0115 ], [ -3.6882, 41.0112 ], [ -3.6873, 41.0112 ], [ -3.6892, 41.0118 ], [ -3.6893, 41.0117 ], [ -3.6898, 41.0118 ], [ -3.6899, 41.0117 ], [ -3.6911, 41.0116 ], [ -3.6924, 41.0116 ], [ -3.6926, 41.0117 ], [ -3.6941, 41.0117 ], [ -3.6944, 41.0116 ], [ -3.6958, 41.012 ], [ -3.6956, 41.0126 ], [ -3.6956, 41.0138 ], [ -3.6958, 41.0145 ], [ -3.696, 41.015 ], [ -3.6963, 41.0151 ], [ -3.6978, 41.0178 ], [ -3.6973, 41.0179 ], [ -3.6969, 41.0173 ], [ -3.6962, 41.0173 ], [ -3.6961, 41.0171 ], [ -3.6956, 41.0173 ], [ -3.6948, 41.0164 ], [ -3.6932, 41.0152 ], [ -3.6931, 41.015 ], [ -3.6924, 41.0148 ], [ -3.6919, 41.0149 ], [ -3.692, 41.015 ], [ -3.6919, 41.0154 ], [ -3.6923, 41.0163 ], [ -3.6922, 41.0166 ], [ -3.6926, 41.0171 ], [ -3.6925, 41.0176 ], [ -3.6928, 41.0182 ], [ -3.6929, 41.0182 ], [ -3.6929, 41.0184 ], [ -3.6936, 41.0189 ], [ -3.6937, 41.0191 ], [ -3.6942, 41.0193 ], [ -3.6945, 41.0196 ], [ -3.6949, 41.0196 ], [ -3.6956, 41.019 ], [ -3.6956, 41.0192 ], [ -3.6955, 41.0192 ], [ -3.6956, 41.0198 ], [ -3.6958, 41.02 ], [ -3.6959, 41.0204 ], [ -3.6966, 41.021 ], [ -3.6976, 41.0214 ], [ -3.6971, 41.0221 ], [ -3.6967, 41.0223 ], [ -3.6966, 41.0225 ], [ -3.6942, 41.0237 ], [ -3.6945, 41.024 ], [ -3.6958, 41.0233 ], [ -3.696, 41.0233 ], [ -3.6962, 41.0231 ], [ -3.6964, 41.0231 ], [ -3.6964, 41.023 ], [ -3.6975, 41.0223 ], [ -3.698, 41.0217 ], [ -3.6984, 41.0226 ], [ -3.6989, 41.0226 ], [ -3.6996, 41.0232 ], [ -3.7, 41.0243 ], [ -3.7002, 41.0245 ], [ -3.7002, 41.0251 ], [ -3.7003, 41.0251 ], [ -3.7004, 41.0256 ], [ -3.7007, 41.0259 ], [ -3.701, 41.026 ], [ -3.7012, 41.0263 ], [ -3.7021, 41.0268 ], [ -3.7026, 41.0275 ], [ -3.7032, 41.0279 ], [ -3.703, 41.0285 ], [ -3.7032, 41.0289 ], [ -3.7041, 41.0297 ], [ -3.7046, 41.0297 ], [ -3.7046, 41.0296 ], [ -3.7049, 41.0302 ], [ -3.7063, 41.0307 ], [ -3.7071, 41.0315 ], [ -3.7071, 41.0319 ], [ -3.7074, 41.0323 ], [ -3.7078, 41.0327 ], [ -3.7089, 41.0334 ], [ -3.709, 41.0337 ], [ -3.7091, 41.0337 ], [ -3.709, 41.0339 ], [ -3.7092, 41.0342 ], [ -3.7096, 41.0345 ], [ -3.7106, 41.0347 ], [ -3.711, 41.0354 ], [ -3.7113, 41.0356 ], [ -3.712, 41.0356 ], [ -3.7123, 41.0358 ], [ -3.7128, 41.0358 ], [ -3.7128, 41.0357 ], [ -3.7128, 41.0358 ], [ -3.7131, 41.0358 ], [ -3.7136, 41.0355 ], [ -3.7144, 41.0354 ], [ -3.7147, 41.0358 ], [ -3.7149, 41.0358 ], [ -3.7145, 41.0354 ], [ -3.7145, 41.035 ], [ -3.7135, 41.0351 ], [ -3.7135, 41.0352 ], [ -3.7131, 41.0353 ], [ -3.7131, 41.0354 ], [ -3.7124, 41.0354 ], [ -3.712, 41.0352 ], [ -3.7115, 41.0353 ], [ -3.7109, 41.0344 ], [ -3.7099, 41.0342 ], [ -3.7095, 41.0339 ], [ -3.7095, 41.0336 ], [ -3.7093, 41.0332 ], [ -3.7086, 41.0328 ], [ -3.7084, 41.0325 ], [ -3.7081, 41.0324 ], [ -3.7076, 41.0319 ], [ -3.7075, 41.0313 ], [ -3.7069, 41.0307 ], [ -3.7064, 41.0303 ], [ -3.7054, 41.03 ], [ -3.7049, 41.0293 ], [ -3.7044, 41.0293 ], [ -3.7044, 41.0294 ], [ -3.7035, 41.0286 ], [ -3.7035, 41.0283 ], [ -3.7038, 41.0279 ], [ -3.7036, 41.0276 ], [ -3.7034, 41.0276 ], [ -3.7027, 41.027 ], [ -3.7027, 41.0268 ], [ -3.7023, 41.0264 ], [ -3.7019, 41.0263 ], [ -3.7008, 41.0254 ], [ -3.7007, 41.0245 ], [ -3.7, 41.023 ], [ -3.6996, 41.0226 ], [ -3.7019, 41.0216 ], [ -3.7024, 41.0217 ], [ -3.7029, 41.022 ], [ -3.7032, 41.0224 ], [ -3.7032, 41.0228 ], [ -3.7033, 41.0231 ], [ -3.7034, 41.0231 ], [ -3.7035, 41.0248 ], [ -3.7048, 41.0265 ], [ -3.7049, 41.0269 ], [ -3.7052, 41.0272 ], [ -3.7053, 41.028 ], [ -3.7059, 41.0287 ], [ -3.707, 41.0291 ], [ -3.7083, 41.0307 ], [ -3.7097, 41.0321 ], [ -3.7105, 41.0326 ], [ -3.7116, 41.0337 ], [ -3.7131, 41.0341 ], [ -3.7137, 41.0341 ], [ -3.7147, 41.0338 ], [ -3.7151, 41.0343 ], [ -3.7156, 41.0344 ], [ -3.7167, 41.035 ], [ -3.7175, 41.0358 ], [ -3.7184, 41.0359 ], [ -3.7174, 41.0368 ], [ -3.7173, 41.0376 ], [ -3.7176, 41.038 ], [ -3.7194, 41.0387 ], [ -3.72, 41.0393 ], [ -3.7201, 41.0396 ], [ -3.7204, 41.0397 ], [ -3.7204, 41.0404 ], [ -3.7203, 41.0404 ], [ -3.7207, 41.0411 ], [ -3.7205, 41.0414 ], [ -3.7206, 41.0422 ], [ -3.7209, 41.0427 ], [ -3.7214, 41.0429 ], [ -3.7225, 41.0439 ], [ -3.7224, 41.0444 ], [ -3.7195, 41.0436 ], [ -3.7185, 41.043 ], [ -3.7163, 41.0421 ], [ -3.7157, 41.0417 ], [ -3.7141, 41.0391 ], [ -3.7129, 41.0376 ], [ -3.7093, 41.0359 ], [ -3.7081, 41.0358 ], [ -3.708, 41.0357 ], [ -3.7071, 41.0358 ], [ -3.706, 41.0356 ], [ -3.7058, 41.0348 ], [ -3.7054, 41.0344 ], [ -3.7053, 41.034 ], [ -3.7051, 41.0339 ], [ -3.7051, 41.0336 ], [ -3.7046, 41.0327 ], [ -3.704, 41.0326 ], [ -3.7034, 41.0322 ], [ -3.7005, 41.0311 ], [ -3.6998, 41.0305 ], [ -3.6992, 41.0302 ], [ -3.6986, 41.0294 ], [ -3.6984, 41.0294 ], [ -3.6977, 41.029 ], [ -3.697, 41.0289 ], [ -3.6957, 41.028 ], [ -3.6957, 41.0278 ], [ -3.6952, 41.0273 ], [ -3.6949, 41.0272 ], [ -3.6943, 41.0267 ], [ -3.6944, 41.0265 ], [ -3.6935, 41.0256 ], [ -3.6923, 41.024 ], [ -3.692, 41.0238 ], [ -3.6919, 41.0235 ], [ -3.6911, 41.023 ], [ -3.6906, 41.0222 ], [ -3.6908, 41.022 ], [ -3.6899, 41.0214 ], [ -3.6895, 41.0213 ], [ -3.6894, 41.0206 ], [ -3.688, 41.0193 ], [ -3.6876, 41.0192 ], [ -3.6858, 41.0182 ], [ -3.6843, 41.0166 ], [ -3.6823, 41.0154 ], [ -3.6815, 41.0147 ], [ -3.6816, 41.0137 ], [ -3.6794, 41.0114 ], [ -3.6773, 41.0106 ], [ -3.6755, 41.01 ], [ -3.6752, 41.01 ], [ -3.6752, 41.0099 ], [ -3.675, 41.0099 ], [ -3.6744, 41.0095 ], [ -3.6738, 41.0087 ], [ -3.6732, 41.0084 ], [ -3.6732, 41.0083 ], [ -3.6726, 41.0081 ], [ -3.672, 41.0081 ], [ -3.6711, 41.0076 ], [ -3.6697, 41.0076 ], [ -3.6693, 41.0078 ], [ -3.6686, 41.0078 ], [ -3.668, 41.0076 ], [ -3.6668, 41.0077 ], [ -3.6669, 41.0073 ], [ -3.6664, 41.0064 ], [ -3.6667, 41.0064 ], [ -3.6678, 41.0071 ], [ -3.668, 41.0071 ], [ -3.668, 41.0072 ], [ -3.6683, 41.0072 ], [ -3.6683, 41.007 ], [ -3.6681, 41.007 ], [ -3.6669, 41.0062 ], [ -3.6661, 41.0061 ], [ -3.6659, 41.0058 ], [ -3.6659, 41.0055 ], [ -3.6655, 41.0051 ], [ -3.6653, 41.0051 ], [ -3.6652, 41.0049 ], [ -3.6648, 41.0047 ], [ -3.6645, 41.0039 ], [ -3.664, 41.0035 ], [ -3.664, 41.0033 ], [ -3.6639, 41.0033 ], [ -3.6636, 41.0026 ], [ -3.6638, 41.0019 ], [ -3.6639, 40.9999 ], [ -3.6643, 40.9996 ], [ -3.6647, 40.9995 ], [ -3.6648, 40.9993 ], [ -3.6653, 40.9991 ], [ -3.6653, 40.999 ], [ -3.6655, 40.999 ], [ -3.6655, 40.9989 ], [ -3.6659, 40.9989 ], [ -3.6664, 40.9986 ], [ -3.6669, 40.9986 ], [ -3.6678, 40.9982 ], [ -3.6679, 40.998 ], [ -3.6687, 40.9974 ], [ -3.6693, 40.9971 ], [ -3.6693, 40.9969 ], [ -3.6699, 40.9969 ], [ -3.6699, 40.9968 ], [ -3.6701, 40.9969 ], [ -3.6719, 40.9969 ], [ -3.672, 40.9968 ], [ -3.6725, 40.9968 ], [ -3.6725, 40.9967 ], [ -3.6741, 40.9963 ], [ -3.6748, 40.9959 ], [ -3.6748, 40.9962 ], [ -3.6752, 40.9972 ], [ -3.6753, 40.9972 ], [ -3.6755, 40.9976 ], [ -3.6752, 40.9993 ], [ -3.6756, 40.9997 ], [ -3.6755, 40.9998 ], [ -3.6757, 40.9998 ], [ -3.6772, 41.001 ], [ -3.6781, 41.0015 ], [ -3.6789, 41.0016 ], [ -3.68, 41.002 ], [ -3.6812, 41.0019 ], [ -3.6813, 41.0015 ], [ -3.6799, 41.0016 ], [ -3.6789, 41.0013 ], [ -3.6789, 41.0012 ], [ -3.6782, 41.0011 ], [ -3.6768, 41.0002 ], [ -3.6757, 40.9993 ], [ -3.676, 40.9981 ], [ -3.676, 40.9975 ], [ -3.6755, 40.9967 ], [ -3.6753, 40.996 ], [ -3.6752, 40.996 ], [ -3.6751, 40.9948 ], [ -3.6748, 40.9954 ], [ -3.6743, 40.9958 ], [ -3.6732, 40.9961 ], [ -3.6732, 40.9962 ], [ -3.6716, 40.9966 ], [ -3.6712, 40.9965 ], [ -3.6694, 40.9965 ], [ -3.6691, 40.9966 ], [ -3.6689, 40.9967 ], [ -3.6689, 40.9969 ], [ -3.6684, 40.9971 ], [ -3.667, 40.9982 ], [ -3.6661, 40.9983 ], [ -3.6656, 40.9985 ], [ -3.6656, 40.9986 ], [ -3.6653, 40.9986 ], [ -3.6642, 40.9993 ], [ -3.6641, 40.9993 ], [ -3.6641, 40.9984 ], [ -3.6643, 40.9975 ], [ -3.6645, 40.9973 ], [ -3.6646, 40.9967 ], [ -3.6648, 40.9964 ], [ -3.6652, 40.9962 ], [ -3.6659, 40.9955 ], [ -3.6656, 40.9953 ], [ -3.6652, 40.9954 ], [ -3.6617, 40.9953 ], [ -3.6608, 40.9948 ], [ -3.6593, 40.9945 ], [ -3.6581, 40.9946 ], [ -3.6574, 40.9948 ], [ -3.6573, 40.9948 ], [ -3.6572, 40.9948 ], [ -3.6571, 40.9948 ], [ -3.6571, 40.9948 ], [ -3.6571, 40.9948 ], [ -3.6567, 40.9948 ], [ -3.6565, 40.9948 ], [ -3.6561, 40.9948 ], [ -3.6549, 40.9948 ], [ -3.654, 40.9952 ], [ -3.655, 40.9949 ], [ -3.656, 40.9949 ], [ -3.6563, 40.9948 ], [ -3.6568, 40.995 ], [ -3.6571, 40.995 ], [ -3.6588, 40.9947 ], [ -3.6597, 40.9947 ], [ -3.6607, 40.9949 ], [ -3.6618, 40.9954 ], [ -3.6628, 40.9954 ], [ -3.6648, 40.9957 ], [ -3.6647, 40.9957 ], [ -3.6648, 40.9959 ], [ -3.6642, 40.9965 ], [ -3.664, 40.9973 ], [ -3.6639, 40.9973 ], [ -3.6637, 40.9978 ], [ -3.6637, 40.999 ], [ -3.6636, 40.999 ], [ -3.6636, 40.9996 ], [ -3.6635, 40.9996 ], [ -3.6634, 41.0 ], [ -3.6632, 41.0027 ], [ -3.6627, 41.0039 ], [ -3.6625, 41.005 ], [ -3.663, 41.0052 ], [ -3.6631, 41.0043 ], [ -3.6635, 41.003 ], [ -3.6636, 41.003 ], [ -3.6638, 41.0037 ], [ -3.664, 41.0038 ], [ -3.6645, 41.0046 ], [ -3.6657, 41.0056 ], [ -3.6659, 41.0062 ], [ -3.6665, 41.007 ], [ -3.6665, 41.0074 ], [ -3.6663, 41.0076 ], [ -3.6658, 41.0076 ], [ -3.6652, 41.0071 ], [ -3.6648, 41.0074 ], [ -3.6665, 41.0081 ], [ -3.6681, 41.008 ], [ -3.6691, 41.0082 ], [ -3.67, 41.0079 ], [ -3.6708, 41.0079 ], [ -3.6708, 41.008 ], [ -3.6712, 41.008 ], [ -3.6712, 41.0081 ], [ -3.6714, 41.0081 ], [ -3.6717, 41.0084 ], [ -3.672, 41.0085 ], [ -3.6727, 41.0085 ], [ -3.6727, 41.0086 ], [ -3.6731, 41.0087 ], [ -3.6733, 41.0089 ], [ -3.6721, 41.0091 ], [ -3.6717, 41.0095 ], [ -3.6711, 41.0098 ], [ -3.6707, 41.0102 ], [ -3.6707, 41.0104 ], [ -3.6699, 41.0111 ], [ -3.6697, 41.0116 ], [ -3.6692, 41.012 ], [ -3.6695, 41.012 ], [ -3.6695, 41.0121 ], [ -3.6713, 41.01 ], [ -3.6724, 41.0094 ], [ -3.6735, 41.009 ], [ -3.674, 41.0097 ], [ -3.6747, 41.0101 ], [ -3.6747, 41.0102 ], [ -3.6749, 41.0102 ], [ -3.6749, 41.0103 ], [ -3.6772, 41.0109 ], [ -3.6794, 41.0119 ], [ -3.6799, 41.0126 ], [ -3.6811, 41.0137 ], [ -3.6811, 41.0145 ], [ -3.6808, 41.0158 ], [ -3.6808, 41.0165 ], [ -3.6807, 41.0165 ], [ -3.6805, 41.0172 ], [ -3.6805, 41.0181 ], [ -3.6825, 41.02 ], [ -3.6832, 41.0209 ], [ -3.6839, 41.0215 ], [ -3.6853, 41.0223 ], [ -3.6858, 41.0228 ], [ -3.6869, 41.0258 ], [ -3.6878, 41.0272 ], [ -3.6877, 41.0281 ], [ -3.6874, 41.0284 ], [ -3.6872, 41.0289 ], [ -3.6877, 41.0294 ], [ -3.6878, 41.0285 ], [ -3.6881, 41.0277 ], [ -3.688, 41.0271 ], [ -3.6881, 41.0269 ], [ -3.6872, 41.0253 ], [ -3.687, 41.0244 ], [ -3.6867, 41.0241 ], [ -3.6864, 41.0232 ], [ -3.6864, 41.0229 ], [ -3.6853, 41.0218 ], [ -3.6848, 41.0216 ], [ -3.6837, 41.0208 ], [ -3.6831, 41.0202 ], [ -3.683, 41.0199 ], [ -3.681, 41.018 ], [ -3.681, 41.0171 ], [ -3.6812, 41.0164 ], [ -3.6813, 41.0164 ], [ -3.6814, 41.0152 ], [ -3.682, 41.0157 ], [ -3.6827, 41.016 ], [ -3.683, 41.0163 ], [ -3.6836, 41.0166 ], [ -3.6858, 41.0187 ], [ -3.6874, 41.0194 ], [ -3.6881, 41.0199 ], [ -3.689, 41.0208 ], [ -3.6891, 41.0215 ], [ -3.6902, 41.022 ], [ -3.6901, 41.0223 ], [ -3.6908, 41.0234 ], [ -3.6915, 41.0237 ], [ -3.6931, 41.0258 ], [ -3.6938, 41.0265 ], [ -3.6938, 41.0268 ], [ -3.6946, 41.0275 ], [ -3.6949, 41.0276 ], [ -3.6953, 41.028 ], [ -3.6954, 41.0283 ], [ -3.6958, 41.0285 ], [ -3.6963, 41.029 ], [ -3.6969, 41.0293 ], [ -3.6974, 41.0293 ], [ -3.6983, 41.0297 ], [ -3.6989, 41.0305 ], [ -3.6991, 41.0305 ], [ -3.7002, 41.0314 ], [ -3.7007, 41.0315 ], [ -3.7034, 41.0326 ], [ -3.7039, 41.033 ], [ -3.7043, 41.033 ], [ -3.7046, 41.0339 ], [ -3.7054, 41.035 ], [ -3.7057, 41.0359 ], [ -3.7065, 41.0361 ], [ -3.7086, 41.0361 ], [ -3.709, 41.0362 ], [ -3.7126, 41.0378 ], [ -3.7137, 41.0393 ], [ -3.7153, 41.0419 ], [ -3.716, 41.0424 ], [ -3.7182, 41.0433 ], [ -3.7193, 41.0439 ], [ -3.7227, 41.0448 ], [ -3.7231, 41.0451 ], [ -3.7236, 41.0451 ], [ -3.7243, 41.0447 ], [ -3.7244, 41.0447 ], [ -3.7246, 41.0447 ], [ -3.7245, 41.0447 ], [ -3.7245, 41.0448 ], [ -3.7245, 41.0452 ], [ -3.7246, 41.0452 ], [ -3.7246, 41.0454 ], [ -3.725, 41.0456 ], [ -3.7258, 41.0456 ], [ -3.7262, 41.0452 ] ], [ [ -3.7016, 41.0213 ], [ -3.6993, 41.0224 ], [ -3.6987, 41.0223 ], [ -3.6987, 41.022 ], [ -3.6985, 41.0216 ], [ -3.6982, 41.0214 ], [ -3.6985, 41.0208 ], [ -3.6985, 41.0205 ], [ -3.6986, 41.0205 ], [ -3.6987, 41.0197 ], [ -3.699, 41.02 ], [ -3.6994, 41.0201 ], [ -3.6996, 41.0203 ], [ -3.6999, 41.0203 ], [ -3.7001, 41.0205 ], [ -3.7011, 41.0206 ], [ -3.7014, 41.0212 ], [ -3.7016, 41.0213 ] ], [ [ -3.6984, 41.0198 ], [ -3.6982, 41.0206 ], [ -3.6979, 41.0212 ], [ -3.6969, 41.0207 ], [ -3.6969, 41.0206 ], [ -3.6967, 41.0206 ], [ -3.6962, 41.0201 ], [ -3.6962, 41.0198 ], [ -3.696, 41.0196 ], [ -3.6962, 41.0183 ], [ -3.6955, 41.0185 ], [ -3.6954, 41.0187 ], [ -3.6952, 41.0187 ], [ -3.6947, 41.0192 ], [ -3.6936, 41.0185 ], [ -3.693, 41.0176 ], [ -3.693, 41.0169 ], [ -3.6927, 41.0165 ], [ -3.6927, 41.0159 ], [ -3.6926, 41.0159 ], [ -3.6926, 41.0156 ], [ -3.6924, 41.0154 ], [ -3.6925, 41.0151 ], [ -3.6924, 41.0149 ], [ -3.6927, 41.0149 ], [ -3.6939, 41.0159 ], [ -3.6946, 41.0163 ], [ -3.6953, 41.0172 ], [ -3.6958, 41.0176 ], [ -3.6964, 41.0176 ], [ -3.6968, 41.0174 ], [ -3.6971, 41.0179 ], [ -3.6978, 41.018 ], [ -3.6983, 41.0188 ], [ -3.6984, 41.0198 ] ], [ [ -3.6963, 41.011 ], [ -3.6959, 41.0117 ], [ -3.6949, 41.0113 ], [ -3.6956, 41.0112 ], [ -3.6959, 41.011 ], [ -3.6963, 41.011 ] ] ] } },
{ "type": "Feature", "properties": { "municipio": "Villavieja del Lozoya", "clasificacion": "no-urbanizable-protegido", "calificacion": "sin-asignar", "version": "vigente", "fuente": "SIT-CAM WFS — UsoDelSuelo:VPLA_V_CLASIFICACION (https://idem.comunidad.madrid/geosrvg/ows)", "fecha_dato": "2026-05-12", "ambito": "20751", "_raw_CD_SIGLAS": "SNUP", "_raw_DS_CLASIF_GEN": "Suelo No Urbanizable Protegido", "_raw_DS_CLASIF_DET": "Suelo No Urbanizable Especialmente Protegido de Interés Forestal y Paisajístico", "_raw_DS_DOCU": "NORMAS SUBSIDIARIAS", "_raw_DS_LEY": null, "_raw_FC_AC": "1993-03-11", "_raw_NM_AREA_M2": 378543.49715389399, "_cam_code": "182" }, "geometry": { "type": "Polygon", "coordinates": [ [ [ -3.7135, 41.036 ], [ -3.7131, 41.0364 ], [ -3.713, 41.0367 ], [ -3.7131, 41.0368 ], [ -3.7131, 41.0373 ], [ -3.7129, 41.0376 ], [ -3.7141, 41.0391 ], [ -3.7157, 41.0417 ], [ -3.7163, 41.0421 ], [ -3.7185, 41.043 ], [ -3.7195, 41.0436 ], [ -3.7224, 41.0444 ], [ -3.7225, 41.0439 ], [ -3.7214, 41.0429 ], [ -3.7209, 41.0427 ], [ -3.7206, 41.0422 ], [ -3.7205, 41.0414 ], [ -3.7207, 41.0411 ], [ -3.7203, 41.0404 ], [ -3.7204, 41.0404 ], [ -3.7204, 41.0397 ], [ -3.7201, 41.0396 ], [ -3.72, 41.0393 ], [ -3.7194, 41.0387 ], [ -3.7176, 41.038 ], [ -3.7173, 41.0376 ], [ -3.7174, 41.0368 ], [ -3.7184, 41.0359 ], [ -3.7175, 41.0358 ], [ -3.7164, 41.0348 ], [ -3.7148, 41.0341 ], [ -3.7146, 41.0343 ], [ -3.7145, 41.0354 ], [ -3.7149, 41.0358 ], [ -3.7135, 41.036 ] ] ] } },
{ "type": "Feature", "properties": { "municipio": "Villavieja del Lozoya", "clasificacion": "no-urbanizable-protegido", "calificacion": "sin-asignar", "version": "vigente", "fuente": "SIT-CAM WFS — UsoDelSuelo:VPLA_V_CLASIFICACION (https://idem.comunidad.madrid/geosrvg/ows)", "fecha_dato": "2026-05-12", "ambito": "20751", "_raw_CD_SIGLAS": "SNUP", "_raw_DS_CLASIF_GEN": "Suelo No Urbanizable Protegido", "_raw_DS_CLASIF_DET": "Suelo No Urbanizable Especialmente Protegido de Interés Forestal y Paisajístico", "_raw_DS_DOCU": "NORMAS SUBSIDIARIAS", "_raw_DS_LEY": null, "_raw_FC_AC": "1993-03-11", "_raw_NM_AREA_M2": 3515293.9032914401, "_cam_code": "182" }, "geometry": { "type": "Polygon", "coordinates": [ [ [ -3.7263, 41.0448 ], [ -3.7276, 41.0451 ], [ -3.7277, 41.0453 ], [ -3.7276, 41.0456 ], [ -3.7278, 41.046 ], [ -3.7284, 41.0464 ], [ -3.7285, 41.0468 ], [ -3.7283, 41.047 ], [ -3.7284, 41.0485 ], [ -3.7285, 41.0485 ], [ -3.7288, 41.0491 ], [ -3.7293, 41.0496 ], [ -3.7301, 41.05 ], [ -3.7311, 41.0504 ], [ -3.7318, 41.0505 ], [ -3.7321, 41.0508 ], [ -3.7322, 41.0513 ], [ -3.7326, 41.0517 ], [ -3.7328, 41.0522 ], [ -3.7336, 41.0529 ], [ -3.734, 41.053 ], [ -3.7342, 41.0539 ], [ -3.7341, 41.0543 ], [ -3.734, 41.0543 ], [ -3.734, 41.0546 ], [ -3.7356, 41.0562 ], [ -3.7365, 41.0558 ], [ -3.7375, 41.0547 ], [ -3.7375, 41.0533 ], [ -3.7376, 41.0533 ], [ -3.7376, 41.0531 ], [ -3.7379, 41.0527 ], [ -3.7379, 41.0524 ], [ -3.7375, 41.0517 ], [ -3.7355, 41.05 ], [ -3.7355, 41.049 ], [ -3.7351, 41.0486 ], [ -3.735, 41.0481 ], [ -3.736, 41.0462 ], [ -3.7387, 41.0453 ], [ -3.7385, 41.0443 ], [ -3.7386, 41.0443 ], [ -3.7394, 41.0426 ], [ -3.7402, 41.0418 ], [ -3.7406, 41.0411 ], [ -3.7407, 41.0402 ], [ -3.741, 41.0392 ], [ -3.7426, 41.0373 ], [ -3.7429, 41.0371 ], [ -3.743, 41.0366 ], [ -3.7428, 41.0363 ], [ -3.7428, 41.0359 ], [ -3.7425, 41.0356 ], [ -3.7422, 41.035 ], [ -3.7421, 41.0342 ], [ -3.7312, 41.0308 ], [ -3.7252, 41.0296 ], [ -3.7252, 41.0295 ], [ -3.716, 41.0275 ], [ -3.7171, 41.0308 ], [ -3.7172, 41.0314 ], [ -3.7167, 41.0317 ], [ -3.7165, 41.0322 ], [ -3.7157, 41.0326 ], [ -3.7155, 41.0331 ], [ -3.7155, 41.0335 ], [ -3.7152, 41.0339 ], [ -3.7165, 41.0344 ], [ -3.7171, 41.0348 ], [ -3.7178, 41.0355 ], [ -3.7188, 41.0355 ], [ -3.7189, 41.0356 ], [ -3.7189, 41.036 ], [ -3.7178, 41.037 ], [ -3.7177, 41.0372 ], [ -3.7178, 41.0376 ], [ -3.7194, 41.0382 ], [ -3.7208, 41.0395 ], [ -3.7209, 41.0398 ], [ -3.7208, 41.0405 ], [ -3.7211, 41.0409 ], [ -3.7211, 41.0414 ], [ -3.721, 41.0415 ], [ -3.7211, 41.0422 ], [ -3.7215, 41.0426 ], [ -3.7221, 41.0429 ], [ -3.7226, 41.0435 ], [ -3.723, 41.0436 ], [ -3.7229, 41.0444 ], [ -3.7233, 41.0448 ], [ -3.7245, 41.0443 ], [ -3.725, 41.0444 ], [ -3.725, 41.0452 ], [ -3.7256, 41.0453 ], [ -3.7257, 41.045 ], [ -3.7263, 41.0448 ] ] ] } },
{ "type": "Feature", "properties": { "municipio": "Villavieja del Lozoya", "clasificacion": "no-urbanizable-protegido", "calificacion": "sin-asignar", "version": "vigente", "fuente": "SIT-CAM WFS — UsoDelSuelo:VPLA_V_CLASIFICACION (https://idem.comunidad.madrid/geosrvg/ows)", "fecha_dato": "2026-05-12", "ambito": "20751", "_raw_CD_SIGLAS": "SNUP", "_raw_DS_CLASIF_GEN": "Suelo No Urbanizable Protegido", "_raw_DS_CLASIF_DET": "Suelo No Urbanizable Especialmente Protegido de Interés Forestal y Paisajístico", "_raw_DS_DOCU": "NORMAS SUBSIDIARIAS", "_raw_DS_LEY": null, "_raw_FC_AC": "1993-03-11", "_raw_NM_AREA_M2": 3613470.3621797902, "_cam_code": "182" }, "geometry": { "type": "Polygon", "coordinates": [ [ [ -3.7162, 41.0584 ], [ -3.7183, 41.0587 ], [ -3.7188, 41.0589 ], [ -3.7196, 41.0596 ], [ -3.7205, 41.0598 ], [ -3.7215, 41.0591 ], [ -3.7222, 41.0581 ], [ -3.7228, 41.0578 ], [ -3.724, 41.0579 ], [ -3.7257, 41.0586 ], [ -3.7259, 41.0588 ], [ -3.7271, 41.0587 ], [ -3.7298, 41.0591 ], [ -3.7316, 41.0585 ], [ -3.7329, 41.0577 ], [ -3.7334, 41.0577 ], [ -3.7343, 41.0574 ], [ -3.7348, 41.057 ], [ -3.7348, 41.0568 ], [ -3.7352, 41.0564 ], [ -3.7334, 41.0546 ], [ -3.7337, 41.054 ], [ -3.7337, 41.0534 ], [ -3.7329, 41.0529 ], [ -3.7324, 41.0524 ], [ -3.7322, 41.0519 ], [ -3.7317, 41.0514 ], [ -3.7316, 41.0509 ], [ -3.7303, 41.0504 ], [ -3.73, 41.0504 ], [ -3.73, 41.0503 ], [ -3.7298, 41.0503 ], [ -3.7289, 41.0498 ], [ -3.7284, 41.0493 ], [ -3.7279, 41.0484 ], [ -3.7278, 41.0469 ], [ -3.728, 41.0467 ], [ -3.7272, 41.0459 ], [ -3.7272, 41.0454 ], [ -3.7266, 41.0453 ], [ -3.7266, 41.0452 ], [ -3.7261, 41.0452 ], [ -3.7258, 41.0456 ], [ -3.725, 41.0456 ], [ -3.7246, 41.0454 ], [ -3.7246, 41.0452 ], [ -3.7245, 41.0452 ], [ -3.7245, 41.0451 ], [ -3.7245, 41.045 ], [ -3.7245, 41.045 ], [ -3.7245, 41.0449 ], [ -3.7245, 41.0448 ], [ -3.7245, 41.0447 ], [ -3.7246, 41.0447 ], [ -3.7244, 41.0447 ], [ -3.7243, 41.0447 ], [ -3.7236, 41.0451 ], [ -3.7231, 41.0451 ], [ -3.7227, 41.0448 ], [ -3.7193, 41.0439 ], [ -3.7182, 41.0433 ], [ -3.716, 41.0424 ], [ -3.7153, 41.0419 ], [ -3.7137, 41.0393 ], [ -3.7127, 41.038 ], [ -3.7121, 41.0388 ], [ -3.7119, 41.0395 ], [ -3.7116, 41.04 ], [ -3.7118, 41.0407 ], [ -3.7111, 41.0415 ], [ -3.7107, 41.0416 ], [ -3.7105, 41.0419 ], [ -3.7096, 41.042 ], [ -3.7085, 41.0424 ], [ -3.707, 41.0421 ], [ -3.7041, 41.042 ], [ -3.7026, 41.0426 ], [ -3.7022, 41.0431 ], [ -3.7014, 41.0434 ], [ -3.7005, 41.0432 ], [ -3.7073, 41.0514 ], [ -3.7074, 41.0539 ], [ -3.7089, 41.0563 ], [ -3.7091, 41.0562 ], [ -3.7099, 41.0565 ], [ -3.7111, 41.0566 ], [ -3.7125, 41.057 ], [ -3.7135, 41.0577 ], [ -3.7141, 41.0585 ], [ -3.715, 41.0587 ], [ -3.7152, 41.0589 ], [ -3.7154, 41.0589 ], [ -3.7162, 41.0584 ] ] ] } },
{ "type": "Feature", "properties": { "municipio": "Villavieja del Lozoya", "clasificacion": "no-urbanizable-protegido", "calificacion": "sin-asignar", "version": "vigente", "fuente": "SIT-CAM WFS — UsoDelSuelo:VPLA_V_CLASIFICACION (https://idem.comunidad.madrid/geosrvg/ows)", "fecha_dato": "2026-05-12", "ambito": "20751", "_raw_CD_SIGLAS": "SNUP", "_raw_DS_CLASIF_GEN": "Suelo No Urbanizable Protegido", "_raw_DS_CLASIF_DET": "Suelo No Urbanizable Especialmente Protegido de Interés Naturístico y Agropecuario", "_raw_DS_DOCU": "NORMAS SUBSIDIARIAS", "_raw_DS_LEY": null, "_raw_FC_AC": "1993-03-11", "_raw_NM_AREA_M2": 1223199.36972412, "_cam_code": "182" }, "geometry": { "type": "Polygon", "coordinates": [ [ [ -3.6891, 41.0029 ], [ -3.6902, 41.0032 ], [ -3.6907, 41.003 ], [ -3.6906, 41.003 ], [ -3.6891, 40.9997 ], [ -3.6881, 40.9988 ], [ -3.6876, 40.999 ], [ -3.6869, 40.9986 ], [ -3.6864, 40.9981 ], [ -3.6865, 40.998 ], [ -3.6864, 40.9978 ], [ -3.6865, 40.9971 ], [ -3.6862, 40.9968 ], [ -3.6827, 40.9942 ], [ -3.6821, 40.9936 ], [ -3.6793, 40.9921 ], [ -3.6786, 40.9925 ], [ -3.6765, 40.9933 ], [ -3.6762, 40.9928 ], [ -3.6763, 40.9927 ], [ -3.6762, 40.9924 ], [ -3.6751, 40.991 ], [ -3.6746, 40.9906 ], [ -3.674, 40.9908 ], [ -3.6735, 40.9914 ], [ -3.6725, 40.9921 ], [ -3.6721, 40.9928 ], [ -3.6711, 40.9936 ], [ -3.6703, 40.9939 ], [ -3.6698, 40.9943 ], [ -3.6692, 40.9944 ], [ -3.6677, 40.9953 ], [ -3.6666, 40.9956 ], [ -3.6666, 40.9957 ], [ -3.6659, 40.9955 ], [ -3.6652, 40.9962 ], [ -3.6648, 40.9964 ], [ -3.6642, 40.9978 ], [ -3.6641, 40.9993 ], [ -3.6653, 40.9986 ], [ -3.6656, 40.9986 ], [ -3.6656, 40.9985 ], [ -3.6661, 40.9983 ], [ -3.667, 40.9982 ], [ -3.6684, 40.9971 ], [ -3.6689, 40.9969 ], [ -3.6689, 40.9967 ], [ -3.6691, 40.9966 ], [ -3.6694, 40.9965 ], [ -3.6712, 40.9965 ], [ -3.6716, 40.9966 ], [ -3.6743, 40.9958 ], [ -3.6748, 40.9954 ], [ -3.6751, 40.9948 ], [ -3.6752, 40.996 ], [ -3.6753, 40.996 ], [ -3.6755, 40.9967 ], [ -3.676, 40.9975 ], [ -3.676, 40.9981 ], [ -3.6757, 40.9993 ], [ -3.678, 41.001 ], [ -3.6785, 41.0012 ], [ -3.6789, 41.0012 ], [ -3.6789, 41.0013 ], [ -3.6799, 41.0016 ], [ -3.6819, 41.0015 ], [ -3.6823, 41.0013 ], [ -3.6833, 41.0015 ], [ -3.6838, 41.0019 ], [ -3.6848, 41.0023 ], [ -3.6853, 41.0024 ], [ -3.6863, 41.0022 ], [ -3.6866, 41.0023 ], [ -3.687, 41.0029 ], [ -3.6872, 41.003 ], [ -3.6879, 41.003 ], [ -3.689, 41.0025 ], [ -3.6891, 41.0029 ] ] ] } },
{ "type": "Feature", "properties": { "municipio": "Villavieja del Lozoya", "clasificacion": "no-urbanizable-protegido", "calificacion": "sin-asignar", "version": "vigente", "fuente": "SIT-CAM WFS — UsoDelSuelo:VPLA_V_CLASIFICACION (https://idem.comunidad.madrid/geosrvg/ows)", "fecha_dato": "2026-05-12", "ambito": "20751", "_raw_CD_SIGLAS": "SNUP", "_raw_DS_CLASIF_GEN": "Suelo No Urbanizable Protegido", "_raw_DS_CLASIF_DET": "Suelo No Urbanizable Especialmente Protegido de Interés Naturístico y Agropecuario", "_raw_DS_DOCU": "NORMAS SUBSIDIARIAS", "_raw_DS_LEY": null, "_raw_FC_AC": "1993-03-11", "_raw_NM_AREA_M2": 725569.96223626402, "_cam_code": "182" }, "geometry": { "type": "Polygon", "coordinates": [ [ [ -3.6807, 41.0049 ], [ -3.6813, 41.0049 ], [ -3.6817, 41.0049 ], [ -3.6813, 41.0049 ], [ -3.6804, 41.0043 ], [ -3.6805, 41.0042 ], [ -3.6815, 41.0041 ], [ -3.6814, 41.0035 ], [ -3.6806, 41.0026 ], [ -3.6808, 41.0025 ], [ -3.6811, 41.0019 ], [ -3.68, 41.002 ], [ -3.6789, 41.0016 ], [ -3.6781, 41.0015 ], [ -3.6772, 41.001 ], [ -3.6757, 40.9998 ], [ -3.6755, 40.9998 ], [ -3.6756, 40.9997 ], [ -3.6752, 40.9994 ], [ -3.6755, 40.9976 ], [ -3.6753, 40.9972 ], [ -3.6752, 40.9972 ], [ -3.6748, 40.9962 ], [ -3.6748, 40.9959 ], [ -3.6741, 40.9963 ], [ -3.6725, 40.9967 ], [ -3.6725, 40.9968 ], [ -3.672, 40.9968 ], [ -3.6719, 40.9969 ], [ -3.6701, 40.9969 ], [ -3.67, 40.9968 ], [ -3.6699, 40.9969 ], [ -3.6693, 40.9969 ], [ -3.6693, 40.9971 ], [ -3.6687, 40.9974 ], [ -3.6679, 40.998 ], [ -3.6678, 40.9982 ], [ -3.6669, 40.9986 ], [ -3.6664, 40.9986 ], [ -3.6659, 40.9989 ], [ -3.6655, 40.9989 ], [ -3.6655, 40.999 ], [ -3.6653, 40.999 ], [ -3.6653, 40.9991 ], [ -3.6648, 40.9993 ], [ -3.6647, 40.9995 ], [ -3.6643, 40.9996 ], [ -3.6639, 40.9999 ], [ -3.6638, 41.0019 ], [ -3.6636, 41.0026 ], [ -3.6639, 41.0033 ], [ -3.664, 41.0033 ], [ -3.664, 41.0035 ], [ -3.6646, 41.0041 ], [ -3.6655, 41.0047 ], [ -3.6656, 41.0049 ], [ -3.666, 41.0049 ], [ -3.6661, 41.0046 ], [ -3.6677, 41.0034 ], [ -3.6702, 41.0035 ], [ -3.671, 41.0037 ], [ -3.6717, 41.0037 ], [ -3.6712, 41.0032 ], [ -3.6713, 41.003 ], [ -3.6709, 41.0025 ], [ -3.6709, 41.002 ], [ -3.6707, 41.0019 ], [ -3.6703, 41.002 ], [ -3.6693, 41.0014 ], [ -3.6702, 41.0012 ], [ -3.6701, 41.001 ], [ -3.6708, 41.0005 ], [ -3.6713, 41.0007 ], [ -3.6722, 41.0004 ], [ -3.6727, 41.001 ], [ -3.6737, 41.0 ], [ -3.6746, 41.0009 ], [ -3.6746, 41.0014 ], [ -3.6749, 41.0017 ], [ -3.6748, 41.002 ], [ -3.6736, 41.003 ], [ -3.6744, 41.0039 ], [ -3.6764, 41.0042 ], [ -3.6772, 41.0037 ], [ -3.6796, 41.0047 ], [ -3.6798, 41.0046 ], [ -3.6807, 41.0049 ] ] ] } },
{ "type": "Feature", "properties": { "municipio": "Villavieja del Lozoya", "clasificacion": "no-urbanizable-protegido", "calificacion": "sin-asignar", "version": "vigente", "fuente": "SIT-CAM WFS — UsoDelSuelo:VPLA_V_CLASIFICACION (https://idem.comunidad.madrid/geosrvg/ows)", "fecha_dato": "2026-05-12", "ambito": "20751", "_raw_CD_SIGLAS": "SNUP", "_raw_DS_CLASIF_GEN": "Suelo No Urbanizable Protegido", "_raw_DS_CLASIF_DET": "Suelo No Urbanizable Especialmente Protegido de Interés Naturístico y Agropecuario", "_raw_DS_DOCU": "NORMAS SUBSIDIARIAS", "_raw_DS_LEY": null, "_raw_FC_AC": "1993-03-11", "_raw_NM_AREA_M2": 674390.12435195898, "_cam_code": "182" }, "geometry": { "type": "Polygon", "coordinates": [ [ [ -3.6614, 41.0041 ], [ -3.6625, 41.005 ], [ -3.6627, 41.0039 ], [ -3.6632, 41.0027 ], [ -3.6634, 41.0 ], [ -3.6635, 40.9996 ], [ -3.6636, 40.9996 ], [ -3.6636, 40.999 ], [ -3.6637, 40.999 ], [ -3.6637, 40.9978 ], [ -3.6639, 40.9973 ], [ -3.664, 40.9973 ], [ -3.6642, 40.9965 ], [ -3.6648, 40.9959 ], [ -3.6647, 40.9957 ], [ -3.6648, 40.9957 ], [ -3.6628, 40.9954 ], [ -3.6618, 40.9954 ], [ -3.6607, 40.9949 ], [ -3.6597, 40.9947 ], [ -3.6588, 40.9947 ], [ -3.6571, 40.995 ], [ -3.6563, 40.9948 ], [ -3.655, 40.9949 ], [ -3.654, 40.9952 ], [ -3.6527, 40.996 ], [ -3.6516, 40.9971 ], [ -3.6518, 40.9976 ], [ -3.6512, 40.9977 ], [ -3.6514, 40.9979 ], [ -3.6535, 40.999 ], [ -3.6545, 40.9993 ], [ -3.655, 40.9999 ], [ -3.6553, 40.9999 ], [ -3.6553, 41.0 ], [ -3.6562, 40.9999 ], [ -3.6562, 41.0 ], [ -3.6567, 41.0001 ], [ -3.6574, 41.0007 ], [ -3.6578, 41.0008 ], [ -3.658, 41.001 ], [ -3.6582, 41.0017 ], [ -3.6588, 41.0019 ], [ -3.6597, 41.0028 ], [ -3.6608, 41.0031 ], [ -3.6611, 41.0033 ], [ -3.6611, 41.0037 ], [ -3.6615, 41.0039 ], [ -3.6614, 41.0041 ] ] ] } },
{ "type": "Feature", "properties": { "municipio": "Villavieja del Lozoya", "clasificacion": "no-urbanizable-protegido", "calificacion": "sin-asignar", "version": "vigente", "fuente": "SIT-CAM WFS — UsoDelSuelo:VPLA_V_CLASIFICACION (https://idem.comunidad.madrid/geosrvg/ows)", "fecha_dato": "2026-05-12", "ambito": "20751", "_raw_CD_SIGLAS": "SNUP", "_raw_DS_CLASIF_GEN": "Suelo No Urbanizable Protegido", "_raw_DS_CLASIF_DET": "Suelo No Urbanizable Especialmente Protegido de Interés Naturístico y Agropecuario", "_raw_DS_DOCU": "NORMAS SUBSIDIARIAS", "_raw_DS_LEY": null, "_raw_FC_AC": "1993-03-11", "_raw_NM_AREA_M2": 48797.9418724516, "_cam_code": "182" }, "geometry": { "type": "Polygon", "coordinates": [ [ [ -3.6635, 41.003 ], [ -3.663, 41.0052 ], [ -3.6635, 41.0052 ], [ -3.664, 41.0056 ], [ -3.6642, 41.0056 ], [ -3.6649, 41.0065 ], [ -3.6653, 41.0066 ], [ -3.6654, 41.0068 ], [ -3.6651, 41.0071 ], [ -3.6652, 41.0072 ], [ -3.6658, 41.0076 ], [ -3.6663, 41.0076 ], [ -3.6665, 41.0074 ], [ -3.6665, 41.007 ], [ -3.6659, 41.0062 ], [ -3.6657, 41.0056 ], [ -3.6645, 41.0046 ], [ -3.664, 41.0038 ], [ -3.6638, 41.0037 ], [ -3.6636, 41.003 ], [ -3.6635, 41.003 ] ] ] } },
{ "type": "Feature", "properties": { "municipio": "Villavieja del Lozoya", "clasificacion": "no-urbanizable-protegido", "calificacion": "sin-asignar", "version": "vigente", "fuente": "SIT-CAM WFS — UsoDelSuelo:VPLA_V_CLASIFICACION (https://idem.comunidad.madrid/geosrvg/ows)", "fecha_dato": "2026-05-12", "ambito": "20751", "_raw_CD_SIGLAS": "SNUP", "_raw_DS_CLASIF_GEN": "Suelo No Urbanizable Protegido", "_raw_DS_CLASIF_DET": "Suelo No Urbanizable Especialmente Protegido de Interés Naturístico y Agropecuario", "_raw_DS_DOCU": "NORMAS SUBSIDIARIAS", "_raw_DS_LEY": null, "_raw_FC_AC": "1993-03-11", "_raw_NM_AREA_M2": 904566.85775256401, "_cam_code": "182" }, "geometry": { "type": "Polygon", "coordinates": [ [ [ -3.6882, 41.0112 ], [ -3.689, 41.0115 ], [ -3.691, 41.0113 ], [ -3.6911, 41.0112 ], [ -3.6929, 41.0113 ], [ -3.693, 41.0114 ], [ -3.6942, 41.0113 ], [ -3.695, 41.0109 ], [ -3.6954, 41.0109 ], [ -3.6957, 41.0106 ], [ -3.6963, 41.0106 ], [ -3.6965, 41.0103 ], [ -3.6971, 41.0102 ], [ -3.6981, 41.0092 ], [ -3.692, 41.0045 ], [ -3.6908, 41.0034 ], [ -3.6882, 41.004 ], [ -3.6855, 41.0053 ], [ -3.6843, 41.0056 ], [ -3.6819, 41.0055 ], [ -3.6812, 41.0053 ], [ -3.6812, 41.0052 ], [ -3.6788, 41.0052 ], [ -3.6774, 41.0059 ], [ -3.6765, 41.006 ], [ -3.6755, 41.0064 ], [ -3.6776, 41.0065 ], [ -3.6786, 41.0072 ], [ -3.679, 41.0076 ], [ -3.6791, 41.0079 ], [ -3.6798, 41.008 ], [ -3.6817, 41.009 ], [ -3.6819, 41.0086 ], [ -3.6835, 41.0095 ], [ -3.6834, 41.0097 ], [ -3.6841, 41.01 ], [ -3.6843, 41.0102 ], [ -3.6843, 41.0104 ], [ -3.6845, 41.0103 ], [ -3.6854, 41.0105 ], [ -3.6872, 41.0112 ], [ -3.6882, 41.0112 ] ] ] } },
{ "type": "Feature", "properties": { "municipio": "Villavieja del Lozoya", "clasificacion": "no-urbanizable-protegido", "calificacion": "sin-asignar", "version": "vigente", "fuente": "SIT-CAM WFS — UsoDelSuelo:VPLA_V_CLASIFICACION (https://idem.comunidad.madrid/geosrvg/ows)", "fecha_dato": "2026-05-12", "ambito": "20751", "_raw_CD_SIGLAS": "SNUP", "_raw_DS_CLASIF_GEN": "Suelo No Urbanizable Protegido", "_raw_DS_CLASIF_DET": "Suelo No Urbanizable Especialmente Protegido de Interés Naturístico y Agropecuario", "_raw_DS_DOCU": "NORMAS SUBSIDIARIAS", "_raw_DS_LEY": null, "_raw_FC_AC": "1993-03-11", "_raw_NM_AREA_M2": 3846.3871731261202, "_cam_code": "182" }, "geometry": { "type": "Polygon", "coordinates": [ [ [ -3.6963, 41.011 ], [ -3.6959, 41.011 ], [ -3.6956, 41.0112 ], [ -3.6949, 41.0113 ], [ -3.6959, 41.0117 ], [ -3.6963, 41.011 ] ] ] } },
{ "type": "Feature", "properties": { "municipio": "Villavieja del Lozoya", "clasificacion": "no-urbanizable-protegido", "calificacion": "sin-asignar", "version": "vigente", "fuente": "SIT-CAM WFS — UsoDelSuelo:VPLA_V_CLASIFICACION (https://idem.comunidad.madrid/geosrvg/ows)", "fecha_dato": "2026-05-12", "ambito": "20751", "_raw_CD_SIGLAS": "SNUP", "_raw_DS_CLASIF_GEN": "Suelo No Urbanizable Protegido", "_raw_DS_CLASIF_DET": "Suelo No Urbanizable Especialmente Protegido de Interés Naturístico y Agropecuario", "_raw_DS_DOCU": "NORMAS SUBSIDIARIAS", "_raw_DS_LEY": null, "_raw_FC_AC": "1993-03-11", "_raw_NM_AREA_M2": 77599.432757729403, "_cam_code": "182" }, "geometry": { "type": "Polygon", "coordinates": [ [ [ -3.6977, 41.012 ], [ -3.6988, 41.0122 ], [ -3.6993, 41.0122 ], [ -3.6995, 41.0124 ], [ -3.7, 41.0125 ], [ -3.7, 41.0126 ], [ -3.7003, 41.0127 ], [ -3.7014, 41.0129 ], [ -3.7002, 41.0107 ], [ -3.6984, 41.0094 ], [ -3.6967, 41.0111 ], [ -3.6963, 41.0119 ], [ -3.6972, 41.0122 ], [ -3.6977, 41.012 ] ] ] } },
{ "type": "Feature", "properties": { "municipio": "Villavieja del Lozoya", "clasificacion": "no-urbanizable-protegido", "calificacion": "sin-asignar", "version": "vigente", "fuente": "SIT-CAM WFS — UsoDelSuelo:VPLA_V_CLASIFICACION (https://idem.comunidad.madrid/geosrvg/ows)", "fecha_dato": "2026-05-12", "ambito": "20751", "_raw_CD_SIGLAS": "SNUP", "_raw_DS_CLASIF_GEN": "Suelo No Urbanizable Protegido", "_raw_DS_CLASIF_DET": "Suelo No Urbanizable Especialmente Protegido de Interés Naturístico y Agropecuario", "_raw_DS_DOCU": "NORMAS SUBSIDIARIAS", "_raw_DS_LEY": null, "_raw_FC_AC": "1993-03-11", "_raw_NM_AREA_M2": 141035.562461208, "_cam_code": "182" }, "geometry": { "type": "Polygon", "coordinates": [ [ [ -3.6917, 41.0138 ], [ -3.6931, 41.0144 ], [ -3.6946, 41.0146 ], [ -3.696, 41.015 ], [ -3.6956, 41.0138 ], [ -3.6956, 41.0126 ], [ -3.6958, 41.012 ], [ -3.6944, 41.0116 ], [ -3.6941, 41.0117 ], [ -3.6911, 41.0116 ], [ -3.6895, 41.0118 ], [ -3.6901, 41.0121 ], [ -3.6903, 41.0124 ], [ -3.69, 41.0127 ], [ -3.6899, 41.0133 ], [ -3.6903, 41.0137 ], [ -3.6905, 41.0142 ], [ -3.6912, 41.0144 ], [ -3.6917, 41.0138 ] ] ] } },
{ "type": "Feature", "properties": { "municipio": "Villavieja del Lozoya", "clasificacion": "no-urbanizable-protegido", "calificacion": "sin-asignar", "version": "vigente", "fuente": "SIT-CAM WFS — UsoDelSuelo:VPLA_V_CLASIFICACION (https://idem.comunidad.madrid/geosrvg/ows)", "fecha_dato": "2026-05-12", "ambito": "20751", "_raw_CD_SIGLAS": "SNUP", "_raw_DS_CLASIF_GEN": "Suelo No Urbanizable Protegido", "_raw_DS_CLASIF_DET": "Suelo No Urbanizable Especialmente Protegido de Interés Naturístico y Agropecuario", "_raw_DS_DOCU": "NORMAS SUBSIDIARIAS", "_raw_DS_LEY": null, "_raw_FC_AC": "1993-03-11", "_raw_NM_AREA_M2": 127359.279472412, "_cam_code": "182" }, "geometry": { "type": "Polygon", "coordinates": [ [ [ -3.6962, 41.0183 ], [ -3.696, 41.0192 ], [ -3.696, 41.0196 ], [ -3.6962, 41.0198 ], [ -3.6962, 41.0201 ], [ -3.6967, 41.0206 ], [ -3.6969, 41.0206 ], [ -3.6969, 41.0207 ], [ -3.6979, 41.0212 ], [ -3.6982, 41.0206 ], [ -3.6984, 41.0198 ], [ -3.6983, 41.0188 ], [ -3.6978, 41.018 ], [ -3.6971, 41.0179 ], [ -3.6968, 41.0174 ], [ -3.6964, 41.0176 ], [ -3.6958, 41.0176 ], [ -3.6953, 41.0172 ], [ -3.6946, 41.0163 ], [ -3.6939, 41.0159 ], [ -3.6927, 41.0149 ], [ -3.6924, 41.0149 ], [ -3.6925, 41.015 ], [ -3.6924, 41.0154 ], [ -3.6925, 41.0154 ], [ -3.6926, 41.0159 ], [ -3.6927, 41.0159 ], [ -3.6927, 41.0165 ], [ -3.693, 41.0169 ], [ -3.693, 41.0176 ], [ -3.6936, 41.0185 ], [ -3.6947, 41.0192 ], [ -3.6952, 41.0187 ], [ -3.6954, 41.0187 ], [ -3.6955, 41.0185 ], [ -3.6962, 41.0183 ] ] ] } },
{ "type": "Feature", "properties": { "municipio": "Villavieja del Lozoya", "clasificacion": "no-urbanizable-protegido", "calificacion": "sin-asignar", "version": "vigente", "fuente": "SIT-CAM WFS — UsoDelSuelo:VPLA_V_CLASIFICACION (https://idem.comunidad.madrid/geosrvg/ows)", "fecha_dato": "2026-05-12", "ambito": "20751", "_raw_CD_SIGLAS": "SNUP", "_raw_DS_CLASIF_GEN": "Suelo No Urbanizable Protegido", "_raw_DS_CLASIF_DET": "Suelo No Urbanizable Especialmente Protegido de Interés Naturístico y Agropecuario", "_raw_DS_DOCU": "NORMAS SUBSIDIARIAS", "_raw_DS_LEY": null, "_raw_FC_AC": "1993-03-11", "_raw_NM_AREA_M2": 340799.34948037798, "_cam_code": "182" }, "geometry": { "type": "Polygon", "coordinates": [ [ [ -3.6973, 41.0163 ], [ -3.6983, 41.018 ], [ -3.6987, 41.0193 ], [ -3.6991, 41.0196 ], [ -3.6993, 41.0196 ], [ -3.6993, 41.0197 ], [ -3.7002, 41.02 ], [ -3.7002, 41.0201 ], [ -3.7013, 41.0203 ], [ -3.702, 41.0212 ], [ -3.7031, 41.0207 ], [ -3.7033, 41.0205 ], [ -3.7032, 41.02 ], [ -3.703, 41.0198 ], [ -3.7024, 41.0197 ], [ -3.7018, 41.0189 ], [ -3.7018, 41.0187 ], [ -3.7022, 41.0175 ], [ -3.703, 41.0171 ], [ -3.7038, 41.0165 ], [ -3.7025, 41.0154 ], [ -3.7016, 41.0134 ], [ -3.6997, 41.0129 ], [ -3.6997, 41.0128 ], [ -3.6993, 41.0127 ], [ -3.6993, 41.0126 ], [ -3.6988, 41.0126 ], [ -3.6984, 41.0124 ], [ -3.6981, 41.0124 ], [ -3.6981, 41.0123 ], [ -3.6975, 41.0125 ], [ -3.6968, 41.0125 ], [ -3.6968, 41.0124 ], [ -3.6962, 41.0123 ], [ -3.6961, 41.0125 ], [ -3.6961, 41.0139 ], [ -3.6967, 41.0153 ], [ -3.6969, 41.0155 ], [ -3.6969, 41.0157 ], [ -3.6971, 41.0159 ], [ -3.6978, 41.0158 ], [ -3.6986, 41.0161 ], [ -3.7, 41.0167 ], [ -3.7006, 41.0171 ], [ -3.7003, 41.0173 ], [ -3.6984, 41.0164 ], [ -3.6974, 41.0162 ], [ -3.6973, 41.0163 ] ] ] } },
{ "type": "Feature", "properties": { "municipio": "Villavieja del Lozoya", "clasificacion": "no-urbanizable-protegido", "calificacion": "sin-asignar", "version": "vigente", "fuente": "SIT-CAM WFS — UsoDelSuelo:VPLA_V_CLASIFICACION (https://idem.comunidad.madrid/geosrvg/ows)", "fecha_dato": "2026-05-12", "ambito": "20751", "_raw_CD_SIGLAS": "SNUP", "_raw_DS_CLASIF_GEN": "Suelo No Urbanizable Protegido", "_raw_DS_CLASIF_DET": "Suelo No Urbanizable Especialmente Protegido de Interés Agropecuario", "_raw_DS_DOCU": "NORMAS SUBSIDIARIAS", "_raw_DS_LEY": null, "_raw_FC_AC": "1993-03-11", "_raw_NM_AREA_M2": 430679.735545223, "_cam_code": "182" }, "geometry": { "type": "Polygon", "coordinates": [ [ [ -3.6872, 41.0253 ], [ -3.6881, 41.0269 ], [ -3.6904, 41.0262 ], [ -3.6931, 41.0258 ], [ -3.6931, 41.0257 ], [ -3.6915, 41.0237 ], [ -3.6908, 41.0234 ], [ -3.6901, 41.0223 ], [ -3.6902, 41.022 ], [ -3.6891, 41.0215 ], [ -3.689, 41.0208 ], [ -3.6881, 41.0199 ], [ -3.6874, 41.0194 ], [ -3.6858, 41.0187 ], [ -3.6836, 41.0166 ], [ -3.683, 41.0163 ], [ -3.6827, 41.016 ], [ -3.682, 41.0157 ], [ -3.6814, 41.0152 ], [ -3.6813, 41.0164 ], [ -3.6812, 41.0164 ], [ -3.681, 41.0171 ], [ -3.681, 41.018 ], [ -3.6811, 41.0182 ], [ -3.683, 41.0199 ], [ -3.6831, 41.0202 ], [ -3.6837, 41.0208 ], [ -3.6848, 41.0216 ], [ -3.6853, 41.0218 ], [ -3.6862, 41.0226 ], [ -3.6864, 41.0229 ], [ -3.6867, 41.0241 ], [ -3.687, 41.0244 ], [ -3.6872, 41.0253 ] ] ] } },
{ "type": "Feature", "properties": { "municipio": "Villavieja del Lozoya", "clasificacion": "no-urbanizable-protegido", "calificacion": "sin-asignar", "version": "vigente", "fuente": "SIT-CAM WFS — UsoDelSuelo:VPLA_V_CLASIFICACION (https://idem.comunidad.madrid/geosrvg/ows)", "fecha_dato": "2026-05-12", "ambito": "20751", "_raw_CD_SIGLAS": "SNUP", "_raw_DS_CLASIF_GEN": "Suelo No Urbanizable Protegido", "_raw_DS_CLASIF_DET": "Suelo No Urbanizable Especialmente Protegido de Interés Naturístico y Agropecuario", "_raw_DS_DOCU": "NORMAS SUBSIDIARIAS", "_raw_DS_LEY": null, "_raw_FC_AC": "1993-03-11", "_raw_NM_AREA_M2": 44530.075639861003, "_cam_code": "182" }, "geometry": { "type": "Polygon", "coordinates": [ [ [ -3.6987, 41.0197 ], [ -3.6985, 41.0208 ], [ -3.6982, 41.0213 ], [ -3.6987, 41.022 ], [ -3.6987, 41.0223 ], [ -3.6993, 41.0224 ], [ -3.7016, 41.0213 ], [ -3.7014, 41.0212 ], [ -3.7011, 41.0206 ], [ -3.7001, 41.0205 ], [ -3.6999, 41.0203 ], [ -3.6996, 41.0203 ], [ -3.6994, 41.0201 ], [ -3.699, 41.02 ], [ -3.6987, 41.0197 ] ] ] } },
{ "type": "Feature", "properties": { "municipio": "Villavieja del Lozoya", "clasificacion": "no-urbanizable-protegido", "calificacion": "sin-asignar", "version": "vigente", "fuente": "SIT-CAM WFS — UsoDelSuelo:VPLA_V_CLASIFICACION (https://idem.comunidad.madrid/geosrvg/ows)", "fecha_dato": "2026-05-12", "ambito": "20751", "_raw_CD_SIGLAS": "SNUP", "_raw_DS_CLASIF_GEN": "Suelo No Urbanizable Protegido", "_raw_DS_CLASIF_DET": "Suelo No Urbanizable Especialmente Protegido de Interés Naturístico y Agropecuario", "_raw_DS_DOCU": "NORMAS SUBSIDIARIAS", "_raw_DS_LEY": null, "_raw_FC_AC": "1993-03-11", "_raw_NM_AREA_M2": 115279.423898218, "_cam_code": "182" }, "geometry": { "type": "Polygon", "coordinates": [ [ [ -3.7035, 41.0286 ], [ -3.7044, 41.0294 ], [ -3.7044, 41.0293 ], [ -3.7048, 41.0293 ], [ -3.7045, 41.0288 ], [ -3.7042, 41.0276 ], [ -3.7026, 41.0257 ], [ -3.7024, 41.0251 ], [ -3.7027, 41.0239 ], [ -3.7033, 41.0229 ], [ -3.7032, 41.0224 ], [ -3.7031, 41.0224 ], [ -3.703, 41.0221 ], [ -3.7024, 41.0217 ], [ -3.7019, 41.0216 ], [ -3.6996, 41.0226 ], [ -3.7, 41.023 ], [ -3.7007, 41.0245 ], [ -3.7008, 41.0254 ], [ -3.7019, 41.0263 ], [ -3.7023, 41.0264 ], [ -3.7031, 41.0274 ], [ -3.7036, 41.0276 ], [ -3.7038, 41.0279 ], [ -3.7035, 41.0283 ], [ -3.7035, 41.0286 ] ] ] } },
{ "type": "Feature", "properties": { "municipio": "Villavieja del Lozoya", "clasificacion": "no-urbanizable-protegido", "calificacion": "sin-asignar", "version": "vigente", "fuente": "SIT-CAM WFS — UsoDelSuelo:VPLA_V_CLASIFICACION (https://idem.comunidad.madrid/geosrvg/ows)", "fecha_dato": "2026-05-12", "ambito": "20751", "_raw_CD_SIGLAS": "SNUP", "_raw_DS_CLASIF_GEN": "Suelo No Urbanizable Protegido", "_raw_DS_CLASIF_DET": "Suelo No Urbanizable Especialmente Protegido de Interés Naturístico y Agropecuario", "_raw_DS_DOCU": "NORMAS SUBSIDIARIAS", "_raw_DS_LEY": null, "_raw_FC_AC": "1993-03-11", "_raw_NM_AREA_M2": 1228756.8949088501, "_cam_code": "182" }, "geometry": { "type": "Polygon", "coordinates": [ [ [ -3.6989, 41.0262 ], [ -3.6995, 41.0264 ], [ -3.7005, 41.0271 ], [ -3.7017, 41.0275 ], [ -3.7025, 41.0283 ], [ -3.7027, 41.0291 ], [ -3.7031, 41.0298 ], [ -3.7037, 41.0294 ], [ -3.7032, 41.0289 ], [ -3.703, 41.0285 ], [ -3.7032, 41.0279 ], [ -3.7026, 41.0275 ], [ -3.7021, 41.0268 ], [ -3.7012, 41.0263 ], [ -3.701, 41.026 ], [ -3.7007, 41.0259 ], [ -3.7004, 41.0256 ], [ -3.7003, 41.0251 ], [ -3.7002, 41.0251 ], [ -3.7002, 41.0245 ], [ -3.7, 41.0243 ], [ -3.6996, 41.0232 ], [ -3.6989, 41.0226 ], [ -3.6984, 41.0226 ], [ -3.698, 41.0217 ], [ -3.6975, 41.0223 ], [ -3.6964, 41.023 ], [ -3.6964, 41.0231 ], [ -3.6962, 41.0231 ], [ -3.696, 41.0233 ], [ -3.6958, 41.0233 ], [ -3.6945, 41.024 ], [ -3.6942, 41.0237 ], [ -3.6966, 41.0225 ], [ -3.6967, 41.0223 ], [ -3.6971, 41.0221 ], [ -3.6976, 41.0214 ], [ -3.6966, 41.021 ], [ -3.6959, 41.0204 ], [ -3.6958, 41.02 ], [ -3.6956, 41.0198 ], [ -3.6955, 41.0193 ], [ -3.6956, 41.019 ], [ -3.6949, 41.0196 ], [ -3.6945, 41.0196 ], [ -3.6942, 41.0193 ], [ -3.6937, 41.0191 ], [ -3.6936, 41.0189 ], [ -3.6929, 41.0184 ], [ -3.6929, 41.0182 ], [ -3.6928, 41.0182 ], [ -3.6925, 41.0176 ], [ -3.6926, 41.0171 ], [ -3.6922, 41.0166 ], [ -3.6923, 41.0163 ], [ -3.6919, 41.0154 ], [ -3.6919, 41.0151 ], [ -3.692, 41.0151 ], [ -3.6919, 41.0149 ], [ -3.6908, 41.0156 ], [ -3.6906, 41.0159 ], [ -3.6874, 41.0144 ], [ -3.6856, 41.0133 ], [ -3.6831, 41.0111 ], [ -3.682, 41.0106 ], [ -3.6817, 41.0109 ], [ -3.6813, 41.0106 ], [ -3.6819, 41.01 ], [ -3.6822, 41.0099 ], [ -3.6815, 41.0094 ], [ -3.6813, 41.0094 ], [ -3.6812, 41.0091 ], [ -3.6801, 41.0087 ], [ -3.6798, 41.0084 ], [ -3.679, 41.0083 ], [ -3.6786, 41.0081 ], [ -3.6785, 41.0077 ], [ -3.6773, 41.0068 ], [ -3.6757, 41.0068 ], [ -3.6752, 41.0067 ], [ -3.6748, 41.0064 ], [ -3.6741, 41.0065 ], [ -3.6741, 41.0068 ], [ -3.6733, 41.0069 ], [ -3.6733, 41.0071 ], [ -3.6722, 41.0075 ], [ -3.6708, 41.0074 ], [ -3.6708, 41.0072 ], [ -3.6698, 41.007 ], [ -3.6697, 41.0073 ], [ -3.6691, 41.0072 ], [ -3.6683, 41.0075 ], [ -3.6683, 41.0072 ], [ -3.6678, 41.0071 ], [ -3.6667, 41.0064 ], [ -3.6664, 41.0064 ], [ -3.6669, 41.0073 ], [ -3.6668, 41.0077 ], [ -3.668, 41.0076 ], [ -3.6686, 41.0078 ], [ -3.6693, 41.0078 ], [ -3.6697, 41.0076 ], [ -3.6711, 41.0076 ], [ -3.672, 41.0081 ], [ -3.6726, 41.0081 ], [ -3.6732, 41.0083 ], [ -3.6732, 41.0084 ], [ -3.6738, 41.0087 ], [ -3.6744, 41.0095 ], [ -3.675, 41.0099 ], [ -3.6752, 41.0099 ], [ -3.6752, 41.01 ], [ -3.6755, 41.01 ], [ -3.6773, 41.0106 ], [ -3.6794, 41.0114 ], [ -3.6816, 41.0137 ], [ -3.6815, 41.0147 ], [ -3.6823, 41.0154 ], [ -3.6843, 41.0166 ], [ -3.6858, 41.0182 ], [ -3.6876, 41.0192 ], [ -3.688, 41.0193 ], [ -3.6894, 41.0206 ], [ -3.6895, 41.0213 ], [ -3.6899, 41.0214 ], [ -3.6908, 41.022 ], [ -3.6906, 41.0222 ], [ -3.6911, 41.023 ], [ -3.6919, 41.0235 ], [ -3.692, 41.0238 ], [ -3.6929, 41.0247 ], [ -3.6936, 41.0257 ], [ -3.6955, 41.026 ], [ -3.6989, 41.0262 ] ] ] } },
{ "type": "Feature", "properties": { "municipio": "Villavieja del Lozoya", "clasificacion": "no-urbanizable-protegido", "calificacion": "sin-asignar", "version": "vigente", "fuente": "SIT-CAM WFS — UsoDelSuelo:VPLA_V_CLASIFICACION (https://idem.comunidad.madrid/geosrvg/ows)", "fecha_dato": "2026-05-12", "ambito": "20751", "_raw_CD_SIGLAS": "SNUP", "_raw_DS_CLASIF_GEN": "Suelo No Urbanizable Protegido", "_raw_DS_CLASIF_DET": "Suelo No Urbanizable Especialmente Protegido de Interés Naturístico, Agropecuario y Paisajístico", "_raw_DS_DOCU": "NORMAS SUBSIDIARIAS", "_raw_DS_LEY": null, "_raw_FC_AC": "1993-03-11", "_raw_NM_AREA_M2": 64390.893918870701, "_cam_code": "182" }, "geometry": { "type": "Polygon", "coordinates": [ [ [ -3.7038, 41.0165 ], [ -3.703, 41.0171 ], [ -3.7022, 41.0175 ], [ -3.702, 41.0179 ], [ -3.7018, 41.0189 ], [ -3.7024, 41.0197 ], [ -3.7033, 41.0198 ], [ -3.704, 41.0202 ], [ -3.7041, 41.0201 ], [ -3.7039, 41.0196 ], [ -3.7042, 41.019 ], [ -3.7042, 41.0187 ], [ -3.7049, 41.0179 ], [ -3.705, 41.0174 ], [ -3.7038, 41.0165 ] ] ] } },
{ "type": "Feature", "properties": { "municipio": "Villavieja del Lozoya", "clasificacion": "no-urbanizable-protegido", "calificacion": "sin-asignar", "version": "vigente", "fuente": "SIT-CAM WFS — UsoDelSuelo:VPLA_V_CLASIFICACION (https://idem.comunidad.madrid/geosrvg/ows)", "fecha_dato": "2026-05-12", "ambito": "20751", "_raw_CD_SIGLAS": "SNUP", "_raw_DS_CLASIF_GEN": "Suelo No Urbanizable Protegido", "_raw_DS_CLASIF_DET": "Suelo No Urbanizable Especialmente Protegido de Interés Naturístico, Agropecuario y Paisajístico", "_raw_DS_DOCU": "NORMAS SUBSIDIARIAS", "_raw_DS_LEY": null, "_raw_FC_AC": "1993-03-11", "_raw_NM_AREA_M2": 42340.770566000901, "_cam_code": "182" }, "geometry": { "type": "Polygon", "coordinates": [ [ [ -3.7085, 41.0206 ], [ -3.7089, 41.0209 ], [ -3.7098, 41.0211 ], [ -3.7058, 41.0181 ], [ -3.7055, 41.0184 ], [ -3.7054, 41.0195 ], [ -3.7055, 41.02 ], [ -3.7057, 41.0202 ], [ -3.7059, 41.0203 ], [ -3.7059, 41.0202 ], [ -3.7069, 41.0198 ], [ -3.7072, 41.0209 ], [ -3.7075, 41.0209 ], [ -3.7079, 41.0206 ], [ -3.7085, 41.0206 ] ] ] } },
{ "type": "Feature", "properties": { "municipio": "Villavieja del Lozoya", "clasificacion": "no-urbanizable-protegido", "calificacion": "sin-asignar", "version": "vigente", "fuente": "SIT-CAM WFS — UsoDelSuelo:VPLA_V_CLASIFICACION (https://idem.comunidad.madrid/geosrvg/ows)", "fecha_dato": "2026-05-12", "ambito": "20751", "_raw_CD_SIGLAS": "SNUP", "_raw_DS_CLASIF_GEN": "Suelo No Urbanizable Protegido", "_raw_DS_CLASIF_DET": "Suelo No Urbanizable Especialmente Protegido de Interés Naturístico, Agropecuario y Paisajístico", "_raw_DS_DOCU": "NORMAS SUBSIDIARIAS", "_raw_DS_LEY": null, "_raw_FC_AC": "1993-03-11", "_raw_NM_AREA_M2": 7843.3032629709096, "_cam_code": "182" }, "geometry": { "type": "Polygon", "coordinates": [ [ [ -3.7027, 41.0239 ], [ -3.7026, 41.0244 ], [ -3.7035, 41.0244 ], [ -3.7033, 41.0229 ], [ -3.7027, 41.0239 ] ] ] } },
{ "type": "Feature", "properties": { "municipio": "Villavieja del Lozoya", "clasificacion": "no-urbanizable-protegido", "calificacion": "sin-asignar", "version": "vigente", "fuente": "SIT-CAM WFS — UsoDelSuelo:VPLA_V_CLASIFICACION (https://idem.comunidad.madrid/geosrvg/ows)", "fecha_dato": "2026-05-12", "ambito": "20751", "_raw_CD_SIGLAS": "SNUP", "_raw_DS_CLASIF_GEN": "Suelo No Urbanizable Protegido", "_raw_DS_CLASIF_DET": "Suelo No Urbanizable Especialmente Protegido de Interés Naturístico, Agropecuario y Paisajístico", "_raw_DS_DOCU": "NORMAS SUBSIDIARIAS", "_raw_DS_LEY": null, "_raw_FC_AC": "1993-03-11", "_raw_NM_AREA_M2": 169314.99079027001, "_cam_code": "182" }, "geometry": { "type": "Polygon", "coordinates": [ [ [ -3.7035, 41.0221 ], [ -3.7038, 41.0239 ], [ -3.7042, 41.0243 ], [ -3.705, 41.0247 ], [ -3.706, 41.0244 ], [ -3.7071, 41.0232 ], [ -3.7074, 41.0223 ], [ -3.7088, 41.0224 ], [ -3.7096, 41.023 ], [ -3.7104, 41.0231 ], [ -3.7105, 41.0234 ], [ -3.7111, 41.0232 ], [ -3.7109, 41.022 ], [ -3.7105, 41.022 ], [ -3.71, 41.0216 ], [ -3.7095, 41.0215 ], [ -3.7093, 41.0213 ], [ -3.7085, 41.0211 ], [ -3.7076, 41.0212 ], [ -3.7075, 41.021 ], [ -3.7053, 41.0204 ], [ -3.7051, 41.0207 ], [ -3.7045, 41.0207 ], [ -3.7042, 41.0208 ], [ -3.7042, 41.0209 ], [ -3.7035, 41.0209 ], [ -3.7025, 41.0214 ], [ -3.7027, 41.0214 ], [ -3.7032, 41.0218 ], [ -3.7035, 41.0221 ] ] ] } },
{ "type": "Feature", "properties": { "municipio": "Villavieja del Lozoya", "clasificacion": "no-urbanizable-protegido", "calificacion": "sin-asignar", "version": "vigente", "fuente": "SIT-CAM WFS — UsoDelSuelo:VPLA_V_CLASIFICACION (https://idem.comunidad.madrid/geosrvg/ows)", "fecha_dato": "2026-05-12", "ambito": "20751", "_raw_CD_SIGLAS": "SNUP", "_raw_DS_CLASIF_GEN": "Suelo No Urbanizable Protegido", "_raw_DS_CLASIF_DET": "Suelo No Urbanizable Especialmente Protegido de Interés Naturístico, Agropecuario y Paisajístico", "_raw_DS_DOCU": "NORMAS SUBSIDIARIAS", "_raw_DS_LEY": null, "_raw_FC_AC": "1993-03-11", "_raw_NM_AREA_M2": 301611.44079273602, "_cam_code": "182" }, "geometry": { "type": "Polygon", "coordinates": [ [ [ -3.7005, 41.0311 ], [ -3.7034, 41.0322 ], [ -3.704, 41.0326 ], [ -3.7046, 41.0327 ], [ -3.7051, 41.0336 ], [ -3.7051, 41.0339 ], [ -3.7053, 41.034 ], [ -3.7054, 41.0344 ], [ -3.7056, 41.0346 ], [ -3.7054, 41.0335 ], [ -3.7055, 41.0335 ], [ -3.7056, 41.0332 ], [ -3.7055, 41.033 ], [ -3.7061, 41.0329 ], [ -3.7059, 41.0322 ], [ -3.7056, 41.0319 ], [ -3.7052, 41.0319 ], [ -3.7052, 41.0318 ], [ -3.7048, 41.0317 ], [ -3.7045, 41.0313 ], [ -3.7042, 41.0313 ], [ -3.7039, 41.0311 ], [ -3.704, 41.0311 ], [ -3.7042, 41.0307 ], [ -3.7042, 41.0303 ], [ -3.704, 41.0301 ], [ -3.7042, 41.0297 ], [ -3.7037, 41.0293 ], [ -3.7031, 41.0298 ], [ -3.7027, 41.0291 ], [ -3.7025, 41.0283 ], [ -3.7017, 41.0275 ], [ -3.7005, 41.0271 ], [ -3.6995, 41.0264 ], [ -3.6989, 41.0262 ], [ -3.6938, 41.0258 ], [ -3.6944, 41.0265 ], [ -3.6943, 41.0267 ], [ -3.6949, 41.0272 ], [ -3.6952, 41.0273 ], [ -3.6957, 41.0278 ], [ -3.6957, 41.028 ], [ -3.697, 41.0289 ], [ -3.6977, 41.029 ], [ -3.6984, 41.0294 ], [ -3.6986, 41.0294 ], [ -3.6992, 41.0302 ], [ -3.6998, 41.0305 ], [ -3.7005, 41.0311 ] ] ] } },
{ "type": "Feature", "properties": { "municipio": "Villavieja del Lozoya", "clasificacion": "no-urbanizable-protegido", "calificacion": "sin-asignar", "version": "vigente", "fuente": "SIT-CAM WFS — UsoDelSuelo:VPLA_V_CLASIFICACION (https://idem.comunidad.madrid/geosrvg/ows)", "fecha_dato": "2026-05-12", "ambito": "20751", "_raw_CD_SIGLAS": "SNUP", "_raw_DS_CLASIF_GEN": "Suelo No Urbanizable Protegido", "_raw_DS_CLASIF_DET": "Suelo No Urbanizable Especialmente Protegido de Interés Naturístico, Agropecuario y Paisajístico", "_raw_DS_DOCU": "NORMAS SUBSIDIARIAS", "_raw_DS_LEY": null, "_raw_FC_AC": "1993-03-11", "_raw_NM_AREA_M2": 997593.34688195505, "_cam_code": "182" }, "geometry": { "type": "Polygon", "coordinates": [ [ [ -3.6955, 41.0378 ], [ -3.6963, 41.038 ], [ -3.6969, 41.0379 ], [ -3.6972, 41.0376 ], [ -3.6972, 41.037 ], [ -3.697, 41.0368 ], [ -3.6979, 41.0363 ], [ -3.698, 41.0361 ], [ -3.6982, 41.0362 ], [ -3.6995, 41.0362 ], [ -3.6996, 41.0361 ], [ -3.6996, 41.0359 ], [ -3.6995, 41.0359 ], [ -3.6996, 41.0355 ], [ -3.7004, 41.0359 ], [ -3.7014, 41.036 ], [ -3.7016, 41.0358 ], [ -3.7017, 41.035 ], [ -3.7027, 41.0347 ], [ -3.7034, 41.0347 ], [ -3.7035, 41.035 ], [ -3.7039, 41.0351 ], [ -3.704, 41.0357 ], [ -3.7045, 41.0366 ], [ -3.7053, 41.0367 ], [ -3.7057, 41.0358 ], [ -3.7055, 41.0355 ], [ -3.7054, 41.035 ], [ -3.7046, 41.0339 ], [ -3.7043, 41.033 ], [ -3.7039, 41.033 ], [ -3.7034, 41.0326 ], [ -3.7007, 41.0315 ], [ -3.7002, 41.0314 ], [ -3.6991, 41.0305 ], [ -3.6989, 41.0305 ], [ -3.6983, 41.0297 ], [ -3.6974, 41.0293 ], [ -3.6969, 41.0293 ], [ -3.6963, 41.029 ], [ -3.6958, 41.0285 ], [ -3.6954, 41.0283 ], [ -3.6953, 41.028 ], [ -3.6949, 41.0276 ], [ -3.6946, 41.0275 ], [ -3.6938, 41.0268 ], [ -3.6938, 41.0265 ], [ -3.6931, 41.0258 ], [ -3.6904, 41.0262 ], [ -3.6881, 41.0269 ], [ -3.688, 41.027 ], [ -3.6881, 41.0277 ], [ -3.6878, 41.0285 ], [ -3.6877, 41.0295 ], [ -3.6885, 41.0312 ], [ -3.6955, 41.0378 ] ] ] } },
{ "type": "Feature", "properties": { "municipio": "Villavieja del Lozoya", "clasificacion": "no-urbanizable-protegido", "calificacion": "sin-asignar", "version": "vigente", "fuente": "SIT-CAM WFS — UsoDelSuelo:VPLA_V_CLASIFICACION (https://idem.comunidad.madrid/geosrvg/ows)", "fecha_dato": "2026-05-12", "ambito": "20751", "_raw_CD_SIGLAS": "SNUP", "_raw_DS_CLASIF_GEN": "Suelo No Urbanizable Protegido", "_raw_DS_CLASIF_DET": "Suelo No Urbanizable Especialmente Protegido de Interés Agropecuario", "_raw_DS_DOCU": "NORMAS SUBSIDIARIAS", "_raw_DS_LEY": null, "_raw_FC_AC": "1993-03-11", "_raw_NM_AREA_M2": 1777.1609953126101, "_cam_code": "182" }, "geometry": { "type": "Polygon", "coordinates": [ [ [ -3.6891, 41.0032 ], [ -3.6891, 41.0036 ], [ -3.6898, 41.0034 ], [ -3.6898, 41.0033 ], [ -3.6891, 41.0031 ], [ -3.6891, 41.0032 ] ] ] } },
{ "type": "Feature", "properties": { "municipio": "Villavieja del Lozoya", "clasificacion": "no-urbanizable-protegido", "calificacion": "sin-asignar", "version": "vigente", "fuente": "SIT-CAM WFS — UsoDelSuelo:VPLA_V_CLASIFICACION (https://idem.comunidad.madrid/geosrvg/ows)", "fecha_dato": "2026-05-12", "ambito": "20751", "_raw_CD_SIGLAS": "SNUP", "_raw_DS_CLASIF_GEN": "Suelo No Urbanizable Protegido", "_raw_DS_CLASIF_DET": "Suelo No Urbanizable Especialmente Protegido de Interés Agropecuario", "_raw_DS_DOCU": "NORMAS SUBSIDIARIAS", "_raw_DS_LEY": null, "_raw_FC_AC": "1993-03-11", "_raw_NM_AREA_M2": 283913.90895243501, "_cam_code": "182" }, "geometry": { "type": "GeometryCollection", "geometries": [ { "type": "Polygon", "coordinates": [ [ [ -3.6771, 41.0056 ], [ -3.6785, 41.0049 ], [ -3.679, 41.0048 ], [ -3.6804, 41.0048 ], [ -3.6798, 41.0046 ], [ -3.6796, 41.0047 ], [ -3.6772, 41.0037 ], [ -3.6764, 41.0042 ], [ -3.6744, 41.0039 ], [ -3.6736, 41.003 ], [ -3.6719, 41.004 ], [ -3.6719, 41.0036 ], [ -3.6718, 41.0036 ], [ -3.6715, 41.0029 ], [ -3.6724, 41.0018 ], [ -3.6728, 41.0018 ], [ -3.6726, 41.0016 ], [ -3.6727, 41.0009 ], [ -3.6722, 41.0004 ], [ -3.6713, 41.0007 ], [ -3.6708, 41.0005 ], [ -3.6701, 41.001 ], [ -3.6702, 41.0012 ], [ -3.6693, 41.0014 ], [ -3.6703, 41.002 ], [ -3.6705, 41.0019 ], [ -3.6709, 41.002 ], [ -3.6709, 41.0025 ], [ -3.6713, 41.003 ], [ -3.6712, 41.0032 ], [ -3.6717, 41.0037 ], [ -3.671, 41.0037 ], [ -3.6702, 41.0035 ], [ -3.6677, 41.0034 ], [ -3.6661, 41.0046 ], [ -3.666, 41.0049 ], [ -3.6656, 41.0049 ], [ -3.6655, 41.0047 ], [ -3.6646, 41.0041 ], [ -3.6648, 41.0047 ], [ -3.6652, 41.0049 ], [ -3.6653, 41.0051 ], [ -3.6655, 41.0051 ], [ -3.6659, 41.0055 ], [ -3.6659, 41.0058 ], [ -3.6661, 41.0061 ], [ -3.6669, 41.0062 ], [ -3.6681, 41.007 ], [ -3.6683, 41.007 ], [ -3.6683, 41.0063 ], [ -3.6691, 41.0049 ], [ -3.6703, 41.0052 ], [ -3.6706, 41.0049 ], [ -3.6711, 41.0053 ], [ -3.671, 41.0055 ], [ -3.6728, 41.0055 ], [ -3.6735, 41.0061 ], [ -3.6736, 41.0065 ], [ -3.6741, 41.0064 ], [ -3.674, 41.0062 ], [ -3.6742, 41.0061 ], [ -3.6756, 41.006 ], [ -3.6765, 41.0056 ], [ -3.6771, 41.0056 ] ], [ [ -3.6686, 41.0045 ], [ -3.6691, 41.0047 ], [ -3.6686, 41.0053 ], [ -3.668, 41.0053 ], [ -3.6679, 41.0053 ], [ -3.6681, 41.0049 ], [ -3.6686, 41.0045 ] ] ] }, { "type": "LineString", "coordinates": [ [ -3.6807, 41.0049 ], [ -3.6804, 41.0048 ] ] } ] } },
{ "type": "Feature", "properties": { "municipio": "Villavieja del Lozoya", "clasificacion": "no-urbanizable-protegido", "calificacion": "sin-asignar", "version": "vigente", "fuente": "SIT-CAM WFS — UsoDelSuelo:VPLA_V_CLASIFICACION (https://idem.comunidad.madrid/geosrvg/ows)", "fecha_dato": "2026-05-12", "ambito": "20751", "_raw_CD_SIGLAS": "SNUP", "_raw_DS_CLASIF_GEN": "Suelo No Urbanizable Protegido", "_raw_DS_CLASIF_DET": "Suelo No Urbanizable Especialmente Protegido de Interés Agropecuario", "_raw_DS_DOCU": "NORMAS SUBSIDIARIAS", "_raw_DS_LEY": null, "_raw_FC_AC": "1993-03-11", "_raw_NM_AREA_M2": 11179.8451980929, "_cam_code": "182" }, "geometry": { "type": "Polygon", "coordinates": [ [ [ -3.6598, 41.0073 ], [ -3.6599, 41.0073 ], [ -3.6599, 41.0063 ], [ -3.659, 41.0066 ], [ -3.6579, 41.0072 ], [ -3.6581, 41.0073 ], [ -3.6598, 41.0073 ] ] ] } },
{ "type": "Feature", "properties": { "municipio": "Villavieja del Lozoya", "clasificacion": "no-urbanizable-protegido", "calificacion": "sin-asignar", "version": "vigente", "fuente": "SIT-CAM WFS — UsoDelSuelo:VPLA_V_CLASIFICACION (https://idem.comunidad.madrid/geosrvg/ows)", "fecha_dato": "2026-05-12", "ambito": "20751", "_raw_CD_SIGLAS": "SNUP", "_raw_DS_CLASIF_GEN": "Suelo No Urbanizable Protegido", "_raw_DS_CLASIF_DET": "Suelo No Urbanizable Especialmente Protegido de Interés Agropecuario", "_raw_DS_DOCU": "NORMAS SUBSIDIARIAS", "_raw_DS_LEY": null, "_raw_FC_AC": "1993-03-11", "_raw_NM_AREA_M2": 133136.07394279499, "_cam_code": "182" }, "geometry": { "type": "Polygon", "coordinates": [ [ [ -3.6546, 41.0077 ], [ -3.6554, 41.0077 ], [ -3.6572, 41.0073 ], [ -3.6577, 41.007 ], [ -3.6594, 41.0065 ], [ -3.6609, 41.0058 ], [ -3.6603, 41.0051 ], [ -3.6607, 41.0049 ], [ -3.6615, 41.0039 ], [ -3.6606, 41.0035 ], [ -3.6594, 41.0034 ], [ -3.6585, 41.0034 ], [ -3.6581, 41.0036 ], [ -3.6574, 41.0037 ], [ -3.6568, 41.0046 ], [ -3.6562, 41.0059 ], [ -3.656, 41.0065 ], [ -3.6559, 41.0075 ], [ -3.6552, 41.0074 ], [ -3.6548, 41.0075 ], [ -3.6547, 41.0073 ], [ -3.6542, 41.0073 ], [ -3.6546, 41.0077 ] ] ] } },
{ "type": "Feature", "properties": { "municipio": "Villavieja del Lozoya", "clasificacion": "no-urbanizable-protegido", "calificacion": "sin-asignar", "version": "vigente", "fuente": "SIT-CAM WFS — UsoDelSuelo:VPLA_V_CLASIFICACION (https://idem.comunidad.madrid/geosrvg/ows)", "fecha_dato": "2026-05-12", "ambito": "20751", "_raw_CD_SIGLAS": "SNUP", "_raw_DS_CLASIF_GEN": "Suelo No Urbanizable Protegido", "_raw_DS_CLASIF_DET": "Suelo No Urbanizable Especialmente Protegido de Interés Paisajístico", "_raw_DS_DOCU": "NORMAS SUBSIDIARIAS", "_raw_DS_LEY": null, "_raw_FC_AC": "1993-03-11", "_raw_NM_AREA_M2": 712338.79100644798, "_cam_code": "182" }, "geometry": { "type": "Polygon", "coordinates": [ [ [ -3.7149, 41.0334 ], [ -3.7152, 41.0336 ], [ -3.7152, 41.0338 ], [ -3.7155, 41.0335 ], [ -3.7155, 41.0331 ], [ -3.7157, 41.0326 ], [ -3.7165, 41.0322 ], [ -3.7167, 41.0317 ], [ -3.7172, 41.0314 ], [ -3.7171, 41.0308 ], [ -3.716, 41.0275 ], [ -3.7119, 41.0267 ], [ -3.7111, 41.0232 ], [ -3.7105, 41.0234 ], [ -3.7104, 41.0231 ], [ -3.7096, 41.023 ], [ -3.7088, 41.0224 ], [ -3.7074, 41.0223 ], [ -3.7071, 41.0232 ], [ -3.706, 41.0244 ], [ -3.705, 41.0247 ], [ -3.7042, 41.0243 ], [ -3.7039, 41.024 ], [ -3.704, 41.0248 ], [ -3.7042, 41.0249 ], [ -3.7048, 41.0259 ], [ -3.7052, 41.0263 ], [ -3.7054, 41.0269 ], [ -3.7057, 41.0272 ], [ -3.7059, 41.0281 ], [ -3.7075, 41.029 ], [ -3.7078, 41.0293 ], [ -3.7081, 41.0299 ], [ -3.7094, 41.0311 ], [ -3.7098, 41.0317 ], [ -3.7106, 41.0321 ], [ -3.7118, 41.0334 ], [ -3.7122, 41.0334 ], [ -3.713, 41.0337 ], [ -3.7137, 41.0337 ], [ -3.7149, 41.0334 ] ] ] } },
{ "type": "Feature", "properties": { "municipio": "Villavieja del Lozoya", "clasificacion": "no-urbanizable-protegido", "calificacion": "sin-asignar", "version": "vigente", "fuente": "SIT-CAM WFS — UsoDelSuelo:VPLA_V_CLASIFICACION (https://idem.comunidad.madrid/geosrvg/ows)", "fecha_dato": "2026-05-12", "ambito": "20751", "_raw_CD_SIGLAS": "SNUP", "_raw_DS_CLASIF_GEN": "Suelo No Urbanizable Protegido", "_raw_DS_CLASIF_DET": "Suelo No Urbanizable Especialmente Protegido de Interés Paisajístico", "_raw_DS_DOCU": "NORMAS SUBSIDIARIAS", "_raw_DS_LEY": null, "_raw_FC_AC": "1993-03-11", "_raw_NM_AREA_M2": 190788.94290679001, "_cam_code": "182" }, "geometry": { "type": "Polygon", "coordinates": [ [ [ -3.7129, 41.0354 ], [ -3.7135, 41.0352 ], [ -3.7135, 41.0351 ], [ -3.7145, 41.035 ], [ -3.7146, 41.0343 ], [ -3.7149, 41.0341 ], [ -3.7147, 41.0338 ], [ -3.7137, 41.0341 ], [ -3.7131, 41.0341 ], [ -3.7116, 41.0337 ], [ -3.7112, 41.0334 ], [ -3.7105, 41.0326 ], [ -3.7097, 41.0321 ], [ -3.7078, 41.0302 ], [ -3.7075, 41.0296 ], [ -3.707, 41.0291 ], [ -3.7059, 41.0287 ], [ -3.7055, 41.0283 ], [ -3.7054, 41.028 ], [ -3.7053, 41.028 ], [ -3.7052, 41.0272 ], [ -3.7049, 41.0269 ], [ -3.7048, 41.0265 ], [ -3.7044, 41.0259 ], [ -3.7038, 41.0251 ], [ -3.7036, 41.025 ], [ -3.7035, 41.0244 ], [ -3.7026, 41.0244 ], [ -3.7024, 41.0251 ], [ -3.7026, 41.0257 ], [ -3.7042, 41.0276 ], [ -3.7045, 41.0288 ], [ -3.7053, 41.0299 ], [ -3.7056, 41.0301 ], [ -3.7064, 41.0303 ], [ -3.7069, 41.0307 ], [ -3.7075, 41.0313 ], [ -3.7076, 41.0319 ], [ -3.7081, 41.0324 ], [ -3.7084, 41.0325 ], [ -3.7086, 41.0328 ], [ -3.7093, 41.0332 ], [ -3.7095, 41.0336 ], [ -3.7095, 41.0339 ], [ -3.7097, 41.0341 ], [ -3.7109, 41.0344 ], [ -3.7115, 41.0353 ], [ -3.712, 41.0352 ], [ -3.7124, 41.0354 ], [ -3.7129, 41.0354 ] ] ] } },
{ "type": "Feature", "properties": { "municipio": "Villavieja del Lozoya", "clasificacion": "no-urbanizable-protegido", "calificacion": "sin-asignar", "version": "vigente", "fuente": "SIT-CAM WFS — UsoDelSuelo:VPLA_V_CLASIFICACION (https://idem.comunidad.madrid/geosrvg/ows)", "fecha_dato": "2026-05-12", "ambito": "20751", "_raw_CD_SIGLAS": "SNUP", "_raw_DS_CLASIF_GEN": "Suelo No Urbanizable Protegido", "_raw_DS_CLASIF_DET": "Suelo No Urbanizable Especialmente Protegido de Interés Paisajístico", "_raw_DS_DOCU": "NORMAS SUBSIDIARIAS", "_raw_DS_LEY": null, "_raw_FC_AC": "1993-03-11", "_raw_NM_AREA_M2": 203980.63229016899, "_cam_code": "182" }, "geometry": { "type": "Polygon", "coordinates": [ [ [ -3.7093, 41.0359 ], [ -3.7116, 41.0369 ], [ -3.7129, 41.0376 ], [ -3.7131, 41.0373 ], [ -3.7131, 41.0368 ], [ -3.713, 41.0368 ], [ -3.7131, 41.0364 ], [ -3.7135, 41.036 ], [ -3.7147, 41.0358 ], [ -3.7147, 41.0357 ], [ -3.7144, 41.0354 ], [ -3.7136, 41.0355 ], [ -3.7131, 41.0358 ], [ -3.7128, 41.0358 ], [ -3.7128, 41.0357 ], [ -3.7128, 41.0358 ], [ -3.7123, 41.0358 ], [ -3.712, 41.0356 ], [ -3.7111, 41.0355 ], [ -3.7106, 41.0347 ], [ -3.7096, 41.0345 ], [ -3.7091, 41.0341 ], [ -3.709, 41.0339 ], [ -3.7091, 41.0337 ], [ -3.709, 41.0337 ], [ -3.7089, 41.0334 ], [ -3.7078, 41.0327 ], [ -3.7074, 41.0323 ], [ -3.7071, 41.0319 ], [ -3.7071, 41.0315 ], [ -3.7063, 41.0307 ], [ -3.7049, 41.0302 ], [ -3.7046, 41.0296 ], [ -3.7046, 41.0297 ], [ -3.7042, 41.0297 ], [ -3.704, 41.03 ], [ -3.7042, 41.0303 ], [ -3.7042, 41.0307 ], [ -3.704, 41.0311 ], [ -3.7039, 41.0311 ], [ -3.7042, 41.0313 ], [ -3.7045, 41.0313 ], [ -3.7048, 41.0317 ], [ -3.7052, 41.0318 ], [ -3.7052, 41.0319 ], [ -3.7056, 41.0319 ], [ -3.7059, 41.0322 ], [ -3.706, 41.0327 ], [ -3.7061, 41.0327 ], [ -3.7061, 41.0329 ], [ -3.7055, 41.033 ], [ -3.7056, 41.0332 ], [ -3.7055, 41.0335 ], [ -3.7054, 41.0335 ], [ -3.7056, 41.0346 ], [ -3.7058, 41.0348 ], [ -3.706, 41.0356 ], [ -3.7071, 41.0358 ], [ -3.7074, 41.0357 ], [ -3.7089, 41.0358 ], [ -3.7089, 41.0359 ], [ -3.7093, 41.0359 ] ] ] } },
{ "type": "Feature", "properties": { "municipio": "Villavieja del Lozoya", "clasificacion": "no-urbanizable-protegido", "calificacion": "sin-asignar", "version": "vigente", "fuente": "SIT-CAM WFS — UsoDelSuelo:VPLA_V_CLASIFICACION (https://idem.comunidad.madrid/geosrvg/ows)", "fecha_dato": "2026-05-12", "ambito": "20751", "_raw_CD_SIGLAS": "SNUP", "_raw_DS_CLASIF_GEN": "Suelo No Urbanizable Protegido", "_raw_DS_CLASIF_DET": "Suelo No Urbanizable Especialmente Protegido de Interés Paisajístico", "_raw_DS_DOCU": "NORMAS SUBSIDIARIAS", "_raw_DS_LEY": null, "_raw_FC_AC": "1993-03-11", "_raw_NM_AREA_M2": 830888.18849143002, "_cam_code": "182" }, "geometry": { "type": "Polygon", "coordinates": [ [ [ -3.7005, 41.0432 ], [ -3.7014, 41.0434 ], [ -3.7022, 41.0431 ], [ -3.7026, 41.0426 ], [ -3.7041, 41.042 ], [ -3.707, 41.0421 ], [ -3.7085, 41.0424 ], [ -3.7096, 41.042 ], [ -3.7105, 41.0419 ], [ -3.7107, 41.0416 ], [ -3.7111, 41.0415 ], [ -3.7118, 41.0407 ], [ -3.7116, 41.04 ], [ -3.7119, 41.0395 ], [ -3.7121, 41.0388 ], [ -3.7127, 41.038 ], [ -3.7126, 41.0378 ], [ -3.7086, 41.0361 ], [ -3.7065, 41.0361 ], [ -3.7057, 41.0359 ], [ -3.7057, 41.0358 ], [ -3.7053, 41.0367 ], [ -3.7045, 41.0366 ], [ -3.704, 41.0357 ], [ -3.7039, 41.0351 ], [ -3.7035, 41.035 ], [ -3.7034, 41.0347 ], [ -3.7027, 41.0347 ], [ -3.7023, 41.0349 ], [ -3.7018, 41.0349 ], [ -3.7016, 41.0354 ], [ -3.7016, 41.0358 ], [ -3.7014, 41.036 ], [ -3.7004, 41.0359 ], [ -3.6996, 41.0355 ], [ -3.6995, 41.0356 ], [ -3.6995, 41.0359 ], [ -3.6996, 41.0359 ], [ -3.6995, 41.0362 ], [ -3.6982, 41.0362 ], [ -3.698, 41.0361 ], [ -3.6979, 41.0363 ], [ -3.697, 41.0368 ], [ -3.6972, 41.037 ], [ -3.6972, 41.0376 ], [ -3.6969, 41.0379 ], [ -3.6963, 41.038 ], [ -3.6955, 41.0378 ], [ -3.698, 41.0401 ], [ -3.7005, 41.0432 ] ] ] } },
{ "type": "Feature", "properties": { "municipio": "Villavieja del Lozoya", "clasificacion": "no-urbanizable-protegido", "calificacion": "sin-asignar", "version": "vigente", "fuente": "SIT-CAM WFS — UsoDelSuelo:VPLA_V_CLASIFICACION (https://idem.comunidad.madrid/geosrvg/ows)", "fecha_dato": "2026-05-12", "ambito": "20751", "_raw_CD_SIGLAS": "SNUP", "_raw_DS_CLASIF_GEN": "Suelo No Urbanizable Protegido", "_raw_DS_CLASIF_DET": "Suelo No Urbanizable Especialmente Protegido de Interés Paisajístico", "_raw_DS_DOCU": "NORMAS SUBSIDIARIAS", "_raw_DS_LEY": null, "_raw_FC_AC": "1993-03-11", "_raw_NM_AREA_M2": 1754911.0938256599, "_cam_code": "182" }, "geometry": { "type": "Polygon", "coordinates": [ [ [ -3.7127, 41.0602 ], [ -3.7168, 41.0627 ], [ -3.7188, 41.0638 ], [ -3.7199, 41.0642 ], [ -3.7214, 41.065 ], [ -3.7256, 41.0625 ], [ -3.7306, 41.0614 ], [ -3.7366, 41.0565 ], [ -3.7405, 41.0536 ], [ -3.739, 41.0497 ], [ -3.7431, 41.0454 ], [ -3.7441, 41.0438 ], [ -3.7458, 41.0406 ], [ -3.7478, 41.038 ], [ -3.7483, 41.0366 ], [ -3.75, 41.0353 ], [ -3.7533, 41.0317 ], [ -3.7555, 41.0279 ], [ -3.7511, 41.0333 ], [ -3.7508, 41.0335 ], [ -3.7486, 41.0361 ], [ -3.7421, 41.0342 ], [ -3.7422, 41.035 ], [ -3.7425, 41.0356 ], [ -3.7428, 41.0359 ], [ -3.7428, 41.0363 ], [ -3.743, 41.0366 ], [ -3.7429, 41.0371 ], [ -3.7426, 41.0373 ], [ -3.741, 41.0392 ], [ -3.7407, 41.0402 ], [ -3.7406, 41.0411 ], [ -3.7402, 41.0418 ], [ -3.7394, 41.0426 ], [ -3.7386, 41.0443 ], [ -3.7385, 41.0443 ], [ -3.7387, 41.0453 ], [ -3.736, 41.0462 ], [ -3.735, 41.0481 ], [ -3.7351, 41.0486 ], [ -3.7355, 41.049 ], [ -3.7355, 41.05 ], [ -3.7375, 41.0517 ], [ -3.7379, 41.0524 ], [ -3.7379, 41.0527 ], [ -3.7376, 41.0531 ], [ -3.7376, 41.0533 ], [ -3.7375, 41.0533 ], [ -3.7375, 41.0547 ], [ -3.7365, 41.0558 ], [ -3.7352, 41.0564 ], [ -3.7345, 41.0573 ], [ -3.7334, 41.0577 ], [ -3.7329, 41.0577 ], [ -3.7324, 41.0581 ], [ -3.7306, 41.0589 ], [ -3.7294, 41.0591 ], [ -3.7271, 41.0587 ], [ -3.7259, 41.0588 ], [ -3.7257, 41.0586 ], [ -3.724, 41.0579 ], [ -3.7228, 41.0578 ], [ -3.7222, 41.0581 ], [ -3.7215, 41.0591 ], [ -3.7206, 41.0598 ], [ -3.7196, 41.0596 ], [ -3.7188, 41.0589 ], [ -3.7183, 41.0587 ], [ -3.7167, 41.0584 ], [ -3.7162, 41.0584 ], [ -3.7154, 41.0589 ], [ -3.7152, 41.0589 ], [ -3.715, 41.0587 ], [ -3.7141, 41.0585 ], [ -3.7135, 41.0577 ], [ -3.7125, 41.057 ], [ -3.7111, 41.0566 ], [ -3.7099, 41.0565 ], [ -3.709, 41.0562 ], [ -3.7089, 41.0563 ], [ -3.7101, 41.0582 ], [ -3.7127, 41.0602 ] ] ] } },
{ "type": "Feature", "properties": { "municipio": "Villavieja del Lozoya", "clasificacion": "no-urbanizable-protegido", "calificacion": "sin-asignar", "version": "vigente", "fuente": "SIT-CAM WFS — UsoDelSuelo:VPLA_V_CLASIFICACION (https://idem.comunidad.madrid/geosrvg/ows)", "fecha_dato": "2026-05-12", "ambito": "20751", "_raw_CD_SIGLAS": "SNUP", "_raw_DS_CLASIF_GEN": "Suelo No Urbanizable Protegido", "_raw_DS_CLASIF_DET": "Suelo No Urbanizable Especialmente Protegido de Vías Pecuarias y Caminos Tradicionales", "_raw_DS_DOCU": "NORMAS SUBSIDIARIAS", "_raw_DS_LEY": null, "_raw_FC_AC": "1993-03-11", "_raw_NM_AREA_M2": 3857.9582315448802, "_cam_code": "182" }, "geometry": { "type": "Polygon", "coordinates": [ [ [ -3.6864, 41.0028 ], [ -3.6866, 41.003 ], [ -3.6872, 41.0031 ], [ -3.6879, 41.003 ], [ -3.6872, 41.003 ], [ -3.687, 41.0029 ], [ -3.6866, 41.0023 ], [ -3.6863, 41.0022 ], [ -3.6864, 41.0028 ] ] ] } },
{ "type": "Feature", "properties": { "municipio": "Villavieja del Lozoya", "clasificacion": "no-urbanizable-protegido", "calificacion": "sin-asignar", "version": "vigente", "fuente": "SIT-CAM WFS — UsoDelSuelo:VPLA_V_CLASIFICACION (https://idem.comunidad.madrid/geosrvg/ows)", "fecha_dato": "2026-05-12", "ambito": "20751", "_raw_CD_SIGLAS": "SNUP", "_raw_DS_CLASIF_GEN": "Suelo No Urbanizable Protegido", "_raw_DS_CLASIF_DET": "Suelo No Urbanizable Especialmente Protegido de Vías Pecuarias y Caminos Tradicionales", "_raw_DS_DOCU": "NORMAS SUBSIDIARIAS", "_raw_DS_LEY": null, "_raw_FC_AC": "1993-03-11", "_raw_NM_AREA_M2": 101024.57881396, "_cam_code": "182" }, "geometry": { "type": "Polygon", "coordinates": [ [ [ -3.6801, 41.0087 ], [ -3.6817, 41.0092 ], [ -3.6816, 41.0089 ], [ -3.6804, 41.0084 ], [ -3.6798, 41.008 ], [ -3.6791, 41.0079 ], [ -3.679, 41.0076 ], [ -3.6786, 41.0072 ], [ -3.6776, 41.0065 ], [ -3.6755, 41.0064 ], [ -3.6765, 41.006 ], [ -3.6774, 41.0059 ], [ -3.6788, 41.0052 ], [ -3.6812, 41.0052 ], [ -3.6812, 41.0053 ], [ -3.6819, 41.0055 ], [ -3.6831, 41.0055 ], [ -3.6833, 41.0056 ], [ -3.6848, 41.0055 ], [ -3.6867, 41.0048 ], [ -3.6882, 41.004 ], [ -3.6908, 41.0034 ], [ -3.6907, 41.003 ], [ -3.6902, 41.0032 ], [ -3.6891, 41.0029 ], [ -3.6891, 41.0031 ], [ -3.6898, 41.0033 ], [ -3.6898, 41.0034 ], [ -3.6891, 41.0036 ], [ -3.6891, 41.0032 ], [ -3.6869, 41.0042 ], [ -3.6852, 41.0047 ], [ -3.6841, 41.0049 ], [ -3.679, 41.0048 ], [ -3.6782, 41.005 ], [ -3.6771, 41.0056 ], [ -3.6765, 41.0056 ], [ -3.6756, 41.006 ], [ -3.674, 41.0062 ], [ -3.6741, 41.0065 ], [ -3.6748, 41.0064 ], [ -3.6752, 41.0067 ], [ -3.6757, 41.0068 ], [ -3.6773, 41.0068 ], [ -3.6785, 41.0077 ], [ -3.6786, 41.0081 ], [ -3.679, 41.0083 ], [ -3.6798, 41.0084 ], [ -3.6801, 41.0087 ] ] ] } },
{ "type": "Feature", "properties": { "municipio": "Villavieja del Lozoya", "clasificacion": "no-urbanizable-protegido", "calificacion": "sin-asignar", "version": "vigente", "fuente": "SIT-CAM WFS — UsoDelSuelo:VPLA_V_CLASIFICACION (https://idem.comunidad.madrid/geosrvg/ows)", "fecha_dato": "2026-05-12", "ambito": "20751", "_raw_CD_SIGLAS": "SNUP", "_raw_DS_CLASIF_GEN": "Suelo No Urbanizable Protegido", "_raw_DS_CLASIF_DET": "Suelo No Urbanizable Especialmente Protegido de Vías Pecuarias y Caminos Tradicionales", "_raw_DS_DOCU": "NORMAS SUBSIDIARIAS", "_raw_DS_LEY": null, "_raw_FC_AC": "1993-03-11", "_raw_NM_AREA_M2": 61992.961127566603, "_cam_code": "182" }, "geometry": { "type": "Polygon", "coordinates": [ [ [ -3.6578, 41.0074 ], [ -3.659, 41.0085 ], [ -3.6602, 41.009 ], [ -3.6615, 41.0098 ], [ -3.6644, 41.0102 ], [ -3.666, 41.0108 ], [ -3.667, 41.0114 ], [ -3.6693, 41.0135 ], [ -3.6708, 41.0162 ], [ -3.6714, 41.0176 ], [ -3.6715, 41.0177 ], [ -3.6713, 41.017 ], [ -3.6712, 41.017 ], [ -3.6711, 41.0163 ], [ -3.6701, 41.0143 ], [ -3.6687, 41.0126 ], [ -3.6685, 41.0122 ], [ -3.6684, 41.0122 ], [ -3.6684, 41.0121 ], [ -3.6683, 41.0121 ], [ -3.6682, 41.0119 ], [ -3.6681, 41.0119 ], [ -3.6677, 41.0114 ], [ -3.6675, 41.0113 ], [ -3.6671, 41.0109 ], [ -3.6672, 41.0109 ], [ -3.667, 41.0109 ], [ -3.6664, 41.0104 ], [ -3.664, 41.01 ], [ -3.6637, 41.0098 ], [ -3.6615, 41.0095 ], [ -3.6594, 41.0085 ], [ -3.6583, 41.0076 ], [ -3.6585, 41.0076 ], [ -3.6585, 41.0075 ], [ -3.6587, 41.0076 ], [ -3.6589, 41.0075 ], [ -3.6598, 41.0075 ], [ -3.66, 41.0076 ], [ -3.6613, 41.0076 ], [ -3.6614, 41.0077 ], [ -3.6615, 41.0073 ], [ -3.6599, 41.0074 ], [ -3.6599, 41.0073 ], [ -3.6581, 41.0073 ], [ -3.6579, 41.0072 ], [ -3.659, 41.0066 ], [ -3.6598, 41.0063 ], [ -3.6599, 41.0063 ], [ -3.661, 41.0058 ], [ -3.6609, 41.0058 ], [ -3.66, 41.0062 ], [ -3.6598, 41.0063 ], [ -3.6596, 41.0064 ], [ -3.6594, 41.0065 ], [ -3.6592, 41.0065 ], [ -3.6577, 41.007 ], [ -3.6572, 41.0073 ], [ -3.6554, 41.0077 ], [ -3.6546, 41.0077 ], [ -3.6546, 41.0078 ], [ -3.6552, 41.0084 ], [ -3.6555, 41.0078 ], [ -3.656, 41.0078 ], [ -3.6575, 41.0074 ], [ -3.6578, 41.0074 ] ] ] } },
{ "type": "Feature", "properties": { "municipio": "Villavieja del Lozoya", "clasificacion": "no-urbanizable-protegido", "calificacion": "sin-asignar", "version": "vigente", "fuente": "SIT-CAM WFS — UsoDelSuelo:VPLA_V_CLASIFICACION (https://idem.comunidad.madrid/geosrvg/ows)", "fecha_dato": "2026-05-12", "ambito": "20751", "_raw_CD_SIGLAS": "SNUP", "_raw_DS_CLASIF_GEN": "Suelo No Urbanizable Protegido", "_raw_DS_CLASIF_DET": "Suelo No Urbanizable Especialmente Protegido de Interés Agropecuario", "_raw_DS_DOCU": "NORMAS SUBSIDIARIAS", "_raw_DS_LEY": null, "_raw_FC_AC": "1993-03-11", "_raw_NM_AREA_M2": 97380.733040054707, "_cam_code": "182" }, "geometry": { "type": "Polygon", "coordinates": [ [ [ -3.6684, 41.01 ], [ -3.67, 41.0111 ], [ -3.6707, 41.0104 ], [ -3.6707, 41.0102 ], [ -3.6711, 41.0098 ], [ -3.6717, 41.0095 ], [ -3.6721, 41.0091 ], [ -3.6733, 41.0089 ], [ -3.6731, 41.0087 ], [ -3.6727, 41.0086 ], [ -3.6727, 41.0085 ], [ -3.672, 41.0085 ], [ -3.6717, 41.0084 ], [ -3.6714, 41.0081 ], [ -3.6712, 41.0081 ], [ -3.6712, 41.008 ], [ -3.6708, 41.008 ], [ -3.6708, 41.0079 ], [ -3.67, 41.0079 ], [ -3.6691, 41.0082 ], [ -3.6681, 41.008 ], [ -3.6668, 41.0081 ], [ -3.6667, 41.0084 ], [ -3.667, 41.0087 ], [ -3.6671, 41.009 ], [ -3.6676, 41.0094 ], [ -3.6683, 41.0095 ], [ -3.6685, 41.0099 ], [ -3.6684, 41.01 ] ] ] } },
{ "type": "Feature", "properties": { "municipio": "Villavieja del Lozoya", "clasificacion": "no-urbanizable-protegido", "calificacion": "sin-asignar", "version": "vigente", "fuente": "SIT-CAM WFS — UsoDelSuelo:VPLA_V_CLASIFICACION (https://idem.comunidad.madrid/geosrvg/ows)", "fecha_dato": "2026-05-12", "ambito": "20751", "_raw_CD_SIGLAS": "SNUP", "_raw_DS_CLASIF_GEN": "Suelo No Urbanizable Protegido", "_raw_DS_CLASIF_DET": "Suelo No Urbanizable Especialmente Protegido de Interés Agropecuario", "_raw_DS_DOCU": "NORMAS SUBSIDIARIAS", "_raw_DS_LEY": null, "_raw_FC_AC": "1993-03-11", "_raw_NM_AREA_M2": 15052.8116749538, "_cam_code": "182" }, "geometry": { "type": "Polygon", "coordinates": [ [ [ -3.6962, 41.0173 ], [ -3.697, 41.0174 ], [ -3.6973, 41.0179 ], [ -3.6978, 41.0178 ], [ -3.6963, 41.0151 ], [ -3.6965, 41.0157 ], [ -3.6962, 41.0161 ], [ -3.6965, 41.0164 ], [ -3.6961, 41.0172 ], [ -3.6962, 41.0173 ] ] ] } },
{ "type": "Feature", "properties": { "municipio": "Villavieja del Lozoya", "clasificacion": "no-urbanizable-protegido", "calificacion": "sin-asignar", "version": "vigente", "fuente": "SIT-CAM WFS — UsoDelSuelo:VPLA_V_CLASIFICACION (https://idem.comunidad.madrid/geosrvg/ows)", "fecha_dato": "2026-05-12", "ambito": "20751", "_raw_CD_SIGLAS": "SNUP", "_raw_DS_CLASIF_GEN": "Suelo No Urbanizable Protegido", "_raw_DS_CLASIF_DET": "Suelo No Urbanizable Especialmente Protegido de Interés Agropecuario", "_raw_DS_DOCU": "NORMAS SUBSIDIARIAS", "_raw_DS_LEY": null, "_raw_FC_AC": "1993-03-11", "_raw_NM_AREA_M2": 40062.055219238297, "_cam_code": "182" }, "geometry": { "type": "Polygon", "coordinates": [ [ [ -3.6732, 41.0102 ], [ -3.6733, 41.0102 ], [ -3.6733, 41.0108 ], [ -3.674, 41.0114 ], [ -3.6746, 41.0114 ], [ -3.6751, 41.0112 ], [ -3.6752, 41.0106 ], [ -3.6756, 41.0105 ], [ -3.6752, 41.0104 ], [ -3.6752, 41.0103 ], [ -3.6749, 41.0103 ], [ -3.6749, 41.0102 ], [ -3.6747, 41.0102 ], [ -3.6747, 41.0101 ], [ -3.674, 41.0097 ], [ -3.6735, 41.009 ], [ -3.6724, 41.0094 ], [ -3.6711, 41.0102 ], [ -3.6732, 41.0102 ] ] ] } },
{ "type": "Feature", "properties": { "municipio": "Villavieja del Lozoya", "clasificacion": "no-urbanizable-protegido", "calificacion": "sin-asignar", "version": "vigente", "fuente": "SIT-CAM WFS — UsoDelSuelo:VPLA_V_CLASIFICACION (https://idem.comunidad.madrid/geosrvg/ows)", "fecha_dato": "2026-05-12", "ambito": "20751", "_raw_CD_SIGLAS": "SNUP", "_raw_DS_CLASIF_GEN": "Suelo No Urbanizable Protegido", "_raw_DS_CLASIF_DET": "Suelo No Urbanizable Especialmente Protegido de Vías Pecuarias y Caminos Tradicionales", "_raw_DS_DOCU": "NORMAS SUBSIDIARIAS", "_raw_DS_LEY": null, "_raw_FC_AC": "1993-03-11", "_raw_NM_AREA_M2": 1597.24998807203, "_cam_code": "182" }, "geometry": { "type": "Polygon", "coordinates": [ [ [ -3.6833, 41.0098 ], [ -3.6838, 41.01 ], [ -3.6843, 41.0105 ], [ -3.6844, 41.0104 ], [ -3.6843, 41.0104 ], [ -3.6843, 41.0102 ], [ -3.6841, 41.01 ], [ -3.6835, 41.0097 ], [ -3.6833, 41.0098 ] ] ] } },
{ "type": "Feature", "properties": { "municipio": "Villavieja del Lozoya", "clasificacion": "urbano-consolidado", "calificacion": "sin-asignar", "version": "vigente", "fuente": "SIT-CAM WFS — UsoDelSuelo:VPLA_V_CLASIFICACION (https://idem.comunidad.madrid/geosrvg/ows)", "fecha_dato": "2026-05-12", "ambito": "20751", "_raw_CD_SIGLAS": "SU", "_raw_DS_CLASIF_GEN": "Suelo Urbano", "_raw_DS_CLASIF_DET": "Suelo Urbano", "_raw_DS_DOCU": "NORMAS SUBSIDIARIAS", "_raw_DS_LEY": null, "_raw_FC_AC": "1993-03-11", "_raw_NM_AREA_M2": 94195.135105880006, "_cam_code": "182" }, "geometry": { "type": "Polygon", "coordinates": [ [ [ -3.6683, 41.0072 ], [ -3.6683, 41.0075 ], [ -3.6691, 41.0072 ], [ -3.6697, 41.0073 ], [ -3.6698, 41.007 ], [ -3.6708, 41.0072 ], [ -3.6708, 41.0074 ], [ -3.6722, 41.0075 ], [ -3.6733, 41.0071 ], [ -3.6733, 41.0069 ], [ -3.6741, 41.0068 ], [ -3.6741, 41.0064 ], [ -3.6736, 41.0065 ], [ -3.6735, 41.0061 ], [ -3.6728, 41.0055 ], [ -3.671, 41.0055 ], [ -3.6711, 41.0053 ], [ -3.6706, 41.0049 ], [ -3.6703, 41.0052 ], [ -3.6691, 41.0049 ], [ -3.6683, 41.0063 ], [ -3.6683, 41.0072 ] ] ] } },
{ "type": "Feature", "properties": { "municipio": "Villavieja del Lozoya", "clasificacion": "urbanizable-no-sectorizado", "calificacion": "sin-asignar", "version": "vigente", "fuente": "SIT-CAM WFS — UsoDelSuelo:VPLA_V_CLASIFICACION (https://idem.comunidad.madrid/geosrvg/ows)", "fecha_dato": "2026-05-12", "ambito": "20751", "_raw_CD_SIGLAS": "SUBNS", "_raw_DS_CLASIF_GEN": "Suelo No Urbanizable Común", "_raw_DS_CLASIF_DET": "Suelo No Urbanizable de Protección Ganadera", "_raw_DS_DOCU": "NORMAS SUBSIDIARIAS", "_raw_DS_LEY": null, "_raw_FC_AC": "1993-03-11", "_raw_NM_AREA_M2": 61005.377690563, "_cam_code": "182" }, "geometry": { "type": "Polygon", "coordinates": [ [ [ -3.6727, 41.001 ], [ -3.6726, 41.0016 ], [ -3.6728, 41.0018 ], [ -3.6724, 41.0018 ], [ -3.6715, 41.0029 ], [ -3.6718, 41.0036 ], [ -3.6719, 41.0036 ], [ -3.6719, 41.004 ], [ -3.6737, 41.003 ], [ -3.6749, 41.0018 ], [ -3.6746, 41.0014 ], [ -3.6746, 41.0009 ], [ -3.6737, 41.0 ], [ -3.6727, 41.001 ] ] ] } },
{ "type": "Feature", "properties": { "municipio": "Villavieja del Lozoya", "clasificacion": "urbanizable-no-sectorizado", "calificacion": "sin-asignar", "version": "vigente", "fuente": "SIT-CAM WFS — UsoDelSuelo:VPLA_V_CLASIFICACION (https://idem.comunidad.madrid/geosrvg/ows)", "fecha_dato": "2026-05-12", "ambito": "20751", "_raw_CD_SIGLAS": "SUBNS", "_raw_DS_CLASIF_GEN": "Suelo No Urbanizable Común", "_raw_DS_CLASIF_DET": "Suelo No Urbanizable Con Tolerancia de Uso Deportivo y de Espectáculo", "_raw_DS_DOCU": "NORMAS SUBSIDIARIAS", "_raw_DS_LEY": null, "_raw_FC_AC": "1993-03-11", "_raw_NM_AREA_M2": 4580.6939609052497, "_cam_code": "182" }, "geometry": { "type": "Polygon", "coordinates": [ [ [ -3.668, 41.0053 ], [ -3.6686, 41.0053 ], [ -3.6691, 41.0047 ], [ -3.6686, 41.0045 ], [ -3.6681, 41.0049 ], [ -3.6679, 41.0053 ], [ -3.668, 41.0053 ] ] ] } },
{ "type": "Feature", "properties": { "municipio": "Villavieja del Lozoya", "clasificacion": "urbanizable-no-sectorizado", "calificacion": "sin-asignar", "version": "vigente", "fuente": "SIT-CAM WFS — UsoDelSuelo:VPLA_V_CLASIFICACION (https://idem.comunidad.madrid/geosrvg/ows)", "fecha_dato": "2026-05-12", "ambito": "20751", "_raw_CD_SIGLAS": "SUBNS", "_raw_DS_CLASIF_GEN": "Suelo No Urbanizable Común", "_raw_DS_CLASIF_DET": "Suelo No Urbanizable Común", "_raw_DS_DOCU": "NORMAS SUBSIDIARIAS", "_raw_DS_LEY": null, "_raw_FC_AC": "1993-03-11", "_raw_NM_AREA_M2": 1393607.0148048699, "_cam_code": "182" }, "geometry": { "type": "Polygon", "coordinates": [ [ [ -3.6832, 41.0279 ], [ -3.6835, 41.0294 ], [ -3.686, 41.0289 ], [ -3.687, 41.0289 ], [ -3.6872, 41.029 ], [ -3.6874, 41.0284 ], [ -3.6877, 41.0281 ], [ -3.6878, 41.0272 ], [ -3.6869, 41.0258 ], [ -3.6858, 41.0228 ], [ -3.6853, 41.0223 ], [ -3.6839, 41.0215 ], [ -3.6832, 41.0209 ], [ -3.6825, 41.02 ], [ -3.6805, 41.0181 ], [ -3.6805, 41.0172 ], [ -3.6807, 41.0165 ], [ -3.6808, 41.0165 ], [ -3.6808, 41.0158 ], [ -3.6811, 41.0145 ], [ -3.6811, 41.0137 ], [ -3.6799, 41.0126 ], [ -3.6794, 41.0119 ], [ -3.6772, 41.0109 ], [ -3.6762, 41.0106 ], [ -3.6753, 41.0105 ], [ -3.6751, 41.0112 ], [ -3.6746, 41.0114 ], [ -3.674, 41.0114 ], [ -3.6733, 41.0108 ], [ -3.6733, 41.0102 ], [ -3.6711, 41.0102 ], [ -3.6695, 41.0121 ], [ -3.6711, 41.0136 ], [ -3.6715, 41.0132 ], [ -3.6725, 41.0139 ], [ -3.6719, 41.0144 ], [ -3.6719, 41.0153 ], [ -3.6722, 41.0154 ], [ -3.6723, 41.0151 ], [ -3.6728, 41.0151 ], [ -3.673, 41.0147 ], [ -3.6748, 41.0149 ], [ -3.675, 41.0153 ], [ -3.675, 41.0156 ], [ -3.6751, 41.0156 ], [ -3.6751, 41.0158 ], [ -3.675, 41.0158 ], [ -3.6758, 41.016 ], [ -3.6747, 41.0178 ], [ -3.6746, 41.0178 ], [ -3.6746, 41.018 ], [ -3.6741, 41.0184 ], [ -3.6738, 41.0184 ], [ -3.6727, 41.0188 ], [ -3.6718, 41.0181 ], [ -3.6714, 41.0176 ], [ -3.6717, 41.0188 ], [ -3.6733, 41.0217 ], [ -3.6737, 41.0218 ], [ -3.6749, 41.0226 ], [ -3.6751, 41.0226 ], [ -3.6764, 41.0233 ], [ -3.6774, 41.024 ], [ -3.6783, 41.0253 ], [ -3.6811, 41.0275 ], [ -3.6832, 41.0279 ] ] ] } },
{ "type": "Feature", "properties": { "municipio": "Villavieja del Lozoya", "clasificacion": "urbanizable-no-sectorizado", "calificacion": "sin-asignar", "version": "vigente", "fuente": "SIT-CAM WFS — UsoDelSuelo:VPLA_V_CLASIFICACION (https://idem.comunidad.madrid/geosrvg/ows)", "fecha_dato": "2026-05-12", "ambito": "20751", "_raw_CD_SIGLAS": "SUBNS", "_raw_DS_CLASIF_GEN": "Suelo No Urbanizable Común", "_raw_DS_CLASIF_DET": "Suelo No Urbanizable Común", "_raw_DS_DOCU": "NORMAS SUBSIDIARIAS", "_raw_DS_LEY": null, "_raw_FC_AC": "1993-03-11", "_raw_NM_AREA_M2": 86570.864225460406, "_cam_code": "182" }, "geometry": { "type": "Polygon", "coordinates": [ [ [ -3.6637, 41.0098 ], [ -3.664, 41.01 ], [ -3.6664, 41.0104 ], [ -3.667, 41.0109 ], [ -3.6673, 41.0109 ], [ -3.6681, 41.0102 ], [ -3.6685, 41.01 ], [ -3.6683, 41.0095 ], [ -3.6676, 41.0094 ], [ -3.6671, 41.009 ], [ -3.667, 41.0087 ], [ -3.6667, 41.0084 ], [ -3.6668, 41.0081 ], [ -3.6665, 41.0081 ], [ -3.6662, 41.0079 ], [ -3.6659, 41.0079 ], [ -3.666, 41.008 ], [ -3.6659, 41.0085 ], [ -3.6651, 41.0091 ], [ -3.665, 41.0094 ], [ -3.6643, 41.0098 ], [ -3.6618, 41.0093 ], [ -3.6615, 41.0091 ], [ -3.6613, 41.0094 ], [ -3.6609, 41.0092 ], [ -3.6605, 41.009 ], [ -3.6613, 41.0079 ], [ -3.6613, 41.0077 ], [ -3.6614, 41.0077 ], [ -3.6613, 41.0076 ], [ -3.66, 41.0076 ], [ -3.6598, 41.0075 ], [ -3.6589, 41.0075 ], [ -3.6587, 41.0076 ], [ -3.6585, 41.0075 ], [ -3.6585, 41.0076 ], [ -3.6583, 41.0076 ], [ -3.6594, 41.0085 ], [ -3.6604, 41.009 ], [ -3.6604, 41.009 ], [ -3.6608, 41.0091 ], [ -3.661, 41.0093 ], [ -3.6615, 41.0095 ], [ -3.6637, 41.0098 ] ] ] } },
{ "type": "Feature", "properties": { "municipio": "Villavieja del Lozoya", "clasificacion": "urbanizable-no-sectorizado", "calificacion": "sin-asignar", "version": "vigente", "fuente": "SIT-CAM WFS — UsoDelSuelo:VPLA_V_CLASIFICACION (https://idem.comunidad.madrid/geosrvg/ows)", "fecha_dato": "2026-05-12", "ambito": "20751", "_raw_CD_SIGLAS": "SUBNS", "_raw_DS_CLASIF_GEN": "Suelo No Urbanizable Común", "_raw_DS_CLASIF_DET": "Suelo No Urbanizable Común", "_raw_DS_DOCU": "NORMAS SUBSIDIARIAS", "_raw_DS_LEY": null, "_raw_FC_AC": "1993-03-11", "_raw_NM_AREA_M2": 66315.361738537002, "_cam_code": "182" }, "geometry": { "type": "Polygon", "coordinates": [ [ [ -3.6588, 41.0095 ], [ -3.6615, 41.0098 ], [ -3.6602, 41.009 ], [ -3.659, 41.0085 ], [ -3.6578, 41.0074 ], [ -3.6565, 41.0076 ], [ -3.656, 41.0078 ], [ -3.6555, 41.0078 ], [ -3.6553, 41.0081 ], [ -3.6552, 41.0084 ], [ -3.6558, 41.0092 ], [ -3.656, 41.0093 ], [ -3.6561, 41.0092 ], [ -3.6571, 41.0091 ], [ -3.6573, 41.0093 ], [ -3.6576, 41.0093 ], [ -3.6576, 41.0095 ], [ -3.6584, 41.0096 ], [ -3.6588, 41.0095 ] ] ] } },
{ "type": "Feature", "properties": { "municipio": "Villavieja del Lozoya", "clasificacion": "urbanizable-no-sectorizado", "calificacion": "sin-asignar", "version": "vigente", "fuente": "SIT-CAM WFS — UsoDelSuelo:VPLA_V_CLASIFICACION (https://idem.comunidad.madrid/geosrvg/ows)", "fecha_dato": "2026-05-12", "ambito": "254", "_raw_CD_SIGLAS": "SUBNS", "_raw_DS_CLASIF_GEN": "Suelo No Urbanizable Común", "_raw_DS_CLASIF_DET": "Vía Pecuaria", "_raw_DS_DOCU": "PLAN DE ORDENACION NUCLEO DE POBLACIÓN", "_raw_DS_LEY": null, "_raw_FC_AC": "1988-12-20", "_raw_NM_AREA_M2": 4615.36507018458, "_cam_code": "182" }, "geometry": { "type": "Polygon", "coordinates": [ [ [ -3.6884, 41.0028 ], [ -3.6883, 41.0036 ], [ -3.6891, 41.0032 ], [ -3.689, 41.0025 ], [ -3.6884, 41.0028 ] ] ] } },
{ "type": "Feature", "properties": { "municipio": "Villavieja del Lozoya", "clasificacion": "urbanizable-no-sectorizado", "calificacion": "sin-asignar", "version": "vigente", "fuente": "SIT-CAM WFS — UsoDelSuelo:VPLA_V_CLASIFICACION (https://idem.comunidad.madrid/geosrvg/ows)", "fecha_dato": "2026-05-12", "ambito": "254", "_raw_CD_SIGLAS": "SUBNS", "_raw_DS_CLASIF_GEN": "Suelo No Urbanizable Común", "_raw_DS_CLASIF_DET": "Vía Pecuaria", "_raw_DS_DOCU": "PLAN DE ORDENACION NUCLEO DE POBLACIÓN", "_raw_DS_LEY": null, "_raw_FC_AC": "1988-12-20", "_raw_NM_AREA_M2": 11063.0981731216, "_cam_code": "182" }, "geometry": { "type": "Polygon", "coordinates": [ [ [ -3.6846, 41.0025 ], [ -3.6852, 41.0026 ], [ -3.6863, 41.0025 ], [ -3.6863, 41.0022 ], [ -3.6853, 41.0024 ], [ -3.684, 41.002 ], [ -3.6833, 41.0015 ], [ -3.6823, 41.0013 ], [ -3.6819, 41.0015 ], [ -3.6813, 41.0015 ], [ -3.6813, 41.0016 ], [ -3.6827, 41.0016 ], [ -3.6846, 41.0025 ] ] ] } },
{ "type": "Feature", "properties": { "municipio": "Villavieja del Lozoya", "clasificacion": "urbanizable-no-sectorizado", "calificacion": "sin-asignar", "version": "vigente", "fuente": "SIT-CAM WFS — UsoDelSuelo:VPLA_V_CLASIFICACION (https://idem.comunidad.madrid/geosrvg/ows)", "fecha_dato": "2026-05-12", "ambito": "254", "_raw_CD_SIGLAS": "SUBNS", "_raw_DS_CLASIF_GEN": "Suelo No Urbanizable Común", "_raw_DS_CLASIF_DET": "Suelo No Urbanizable con Parcelación Ilegal", "_raw_DS_DOCU": "PLAN DE ORDENACION NUCLEO DE POBLACIÓN", "_raw_DS_LEY": null, "_raw_FC_AC": "1988-12-20", "_raw_NM_AREA_M2": 152237.653524022, "_cam_code": "182" }, "geometry": { "type": "Polygon", "coordinates": [ [ [ -3.6817, 41.0049 ], [ -3.6841, 41.0049 ], [ -3.6866, 41.0043 ], [ -3.6883, 41.0036 ], [ -3.6884, 41.0028 ], [ -3.6876, 41.0031 ], [ -3.6866, 41.003 ], [ -3.6863, 41.0025 ], [ -3.6852, 41.0026 ], [ -3.6846, 41.0025 ], [ -3.6827, 41.0016 ], [ -3.6813, 41.0016 ], [ -3.6808, 41.0025 ], [ -3.6806, 41.0026 ], [ -3.6814, 41.0035 ], [ -3.6815, 41.0041 ], [ -3.6805, 41.0042 ], [ -3.6804, 41.0043 ], [ -3.6813, 41.0049 ], [ -3.6817, 41.0049 ] ] ] } },
{ "type": "Feature", "properties": { "municipio": "Villavieja del Lozoya", "clasificacion": "urbanizable-no-sectorizado", "calificacion": "sin-asignar", "version": "vigente", "fuente": "SIT-CAM WFS — UsoDelSuelo:VPLA_V_CLASIFICACION (https://idem.comunidad.madrid/geosrvg/ows)", "fecha_dato": "2026-05-12", "ambito": "255", "_raw_CD_SIGLAS": "SUBNS", "_raw_DS_CLASIF_GEN": "Suelo No Urbanizable Común", "_raw_DS_CLASIF_DET": "Vía Pecuaria", "_raw_DS_DOCU": "PLAN DE ORDENACION NUCLEO DE POBLACIÓN", "_raw_DS_LEY": null, "_raw_FC_AC": "1988-12-20", "_raw_NM_AREA_M2": 1507.26039226783, "_cam_code": "182" }, "geometry": { "type": "Polygon", "coordinates": [ [ [ -3.6611, 41.0059 ], [ -3.6618, 41.0062 ], [ -3.662, 41.0061 ], [ -3.662, 41.006 ], [ -3.6615, 41.0058 ], [ -3.6611, 41.0059 ] ] ] } },
{ "type": "Feature", "properties": { "municipio": "Villavieja del Lozoya", "clasificacion": "urbanizable-no-sectorizado", "calificacion": "sin-asignar", "version": "vigente", "fuente": "SIT-CAM WFS — UsoDelSuelo:VPLA_V_CLASIFICACION (https://idem.comunidad.madrid/geosrvg/ows)", "fecha_dato": "2026-05-12", "ambito": "255", "_raw_CD_SIGLAS": "SUBNS", "_raw_DS_CLASIF_GEN": "Suelo No Urbanizable Común", "_raw_DS_CLASIF_DET": "Vía Pecuaria", "_raw_DS_DOCU": "PLAN DE ORDENACION NUCLEO DE POBLACIÓN", "_raw_DS_LEY": null, "_raw_FC_AC": "1988-12-20", "_raw_NM_AREA_M2": 1398.8077512341199, "_cam_code": "182" }, "geometry": { "type": "Polygon", "coordinates": [ [ [ -3.6613, 41.0056 ], [ -3.6615, 41.0058 ], [ -3.6623, 41.0055 ], [ -3.6622, 41.0054 ], [ -3.6613, 41.0056 ] ] ] } },
{ "type": "Feature", "properties": { "municipio": "Villavieja del Lozoya", "clasificacion": "urbanizable-no-sectorizado", "calificacion": "sin-asignar", "version": "vigente", "fuente": "SIT-CAM WFS — UsoDelSuelo:VPLA_V_CLASIFICACION (https://idem.comunidad.madrid/geosrvg/ows)", "fecha_dato": "2026-05-12", "ambito": "255", "_raw_CD_SIGLAS": "SUBNS", "_raw_DS_CLASIF_GEN": "Suelo No Urbanizable Común", "_raw_DS_CLASIF_DET": "Suelo No Urbanizable con Parcelación Ilegal", "_raw_DS_DOCU": "PLAN DE ORDENACION NUCLEO DE POBLACIÓN", "_raw_DS_LEY": null, "_raw_FC_AC": "1988-12-20", "_raw_NM_AREA_M2": 180725.32163793599, "_cam_code": "182" }, "geometry": { "type": "Polygon", "coordinates": [ [ [ -3.6618, 41.0093 ], [ -3.6644, 41.0098 ], [ -3.665, 41.0094 ], [ -3.6651, 41.0091 ], [ -3.6659, 41.0085 ], [ -3.666, 41.008 ], [ -3.6648, 41.0074 ], [ -3.6651, 41.007 ], [ -3.6636, 41.0065 ], [ -3.6636, 41.0064 ], [ -3.6633, 41.0064 ], [ -3.6635, 41.0062 ], [ -3.6635, 41.0063 ], [ -3.6641, 41.0064 ], [ -3.6644, 41.0067 ], [ -3.6645, 41.0066 ], [ -3.6653, 41.0069 ], [ -3.6654, 41.0068 ], [ -3.6653, 41.0066 ], [ -3.6649, 41.0065 ], [ -3.6642, 41.0056 ], [ -3.664, 41.0056 ], [ -3.6635, 41.0052 ], [ -3.6628, 41.0052 ], [ -3.6624, 41.0055 ], [ -3.6622, 41.0054 ], [ -3.6627, 41.0051 ], [ -3.6613, 41.0041 ], [ -3.6607, 41.0049 ], [ -3.6603, 41.0051 ], [ -3.6609, 41.0058 ], [ -3.6611, 41.0057 ], [ -3.6613, 41.0057 ], [ -3.6613, 41.0058 ], [ -3.6599, 41.0064 ], [ -3.6599, 41.0074 ], [ -3.6615, 41.0073 ], [ -3.6613, 41.0079 ], [ -3.6605, 41.009 ], [ -3.6613, 41.0094 ], [ -3.6615, 41.0091 ], [ -3.6618, 41.0093 ] ], [ [ -3.6632, 41.0062 ], [ -3.6632, 41.0064 ], [ -3.6625, 41.0064 ], [ -3.6625, 41.0063 ], [ -3.662, 41.0062 ], [ -3.6621, 41.0061 ], [ -3.6632, 41.0062 ] ], [ [ -3.662, 41.006 ], [ -3.6618, 41.0062 ], [ -3.6611, 41.0059 ], [ -3.6615, 41.0058 ], [ -3.662, 41.006 ] ], [ [ -3.6623, 41.0055 ], [ -3.6615, 41.0058 ], [ -3.6615, 41.0057 ], [ -3.6613, 41.0057 ], [ -3.6613, 41.0056 ], [ -3.6622, 41.0054 ], [ -3.6623, 41.0055 ] ] ] } },
{ "type": "Feature", "properties": { "municipio": "Villavieja del Lozoya", "clasificacion": "urbanizable-no-sectorizado", "calificacion": "sin-asignar", "version": "vigente", "fuente": "SIT-CAM WFS — UsoDelSuelo:VPLA_V_CLASIFICACION (https://idem.comunidad.madrid/geosrvg/ows)", "fecha_dato": "2026-05-12", "ambito": "255", "_raw_CD_SIGLAS": "SUBNS", "_raw_DS_CLASIF_GEN": "Suelo No Urbanizable Común", "_raw_DS_CLASIF_DET": "Vía Pecuaria", "_raw_DS_DOCU": "PLAN DE ORDENACION NUCLEO DE POBLACIÓN", "_raw_DS_LEY": null, "_raw_FC_AC": "1988-12-20", "_raw_NM_AREA_M2": 2000.6611683481101, "_cam_code": "182" }, "geometry": { "type": "Polygon", "coordinates": [ [ [ -3.6629, 41.0064 ], [ -3.6632, 41.0064 ], [ -3.6632, 41.0062 ], [ -3.6625, 41.0062 ], [ -3.6624, 41.0061 ], [ -3.662, 41.0062 ], [ -3.6625, 41.0063 ], [ -3.6625, 41.0064 ], [ -3.6629, 41.0064 ] ] ] } },
{ "type": "Feature", "properties": { "municipio": "Villavieja del Lozoya", "clasificacion": "urbanizable-no-sectorizado", "calificacion": "sin-asignar", "version": "vigente", "fuente": "SIT-CAM WFS — UsoDelSuelo:VPLA_V_CLASIFICACION (https://idem.comunidad.madrid/geosrvg/ows)", "fecha_dato": "2026-05-12", "ambito": "255", "_raw_CD_SIGLAS": "SUBNS", "_raw_DS_CLASIF_GEN": "Suelo No Urbanizable Común", "_raw_DS_CLASIF_DET": "Vía Pecuaria", "_raw_DS_DOCU": "PLAN DE ORDENACION NUCLEO DE POBLACIÓN", "_raw_DS_LEY": null, "_raw_FC_AC": "1988-12-20", "_raw_NM_AREA_M2": 812.37394115718303, "_cam_code": "182" }, "geometry": { "type": "Polygon", "coordinates": [ [ [ -3.6627, 41.0051 ], [ -3.6622, 41.0054 ], [ -3.6624, 41.0055 ], [ -3.6628, 41.0052 ], [ -3.6627, 41.0051 ] ] ] } },
{ "type": "Feature", "properties": { "municipio": "Villavieja del Lozoya", "clasificacion": "urbanizable-no-sectorizado", "calificacion": "sin-asignar", "version": "vigente", "fuente": "SIT-CAM WFS — UsoDelSuelo:VPLA_V_CLASIFICACION (https://idem.comunidad.madrid/geosrvg/ows)", "fecha_dato": "2026-05-12", "ambito": "255", "_raw_CD_SIGLAS": "SUBNS", "_raw_DS_CLASIF_GEN": "Suelo No Urbanizable Común", "_raw_DS_CLASIF_DET": "Vía Pecuaria", "_raw_DS_DOCU": "PLAN DE ORDENACION NUCLEO DE POBLACIÓN", "_raw_DS_LEY": null, "_raw_FC_AC": "1988-12-20", "_raw_NM_AREA_M2": 1196.5066753250901, "_cam_code": "182" }, "geometry": { "type": "Polygon", "coordinates": [ [ [ -3.6599, 41.0063 ], [ -3.6599, 41.0064 ], [ -3.6602, 41.0063 ], [ -3.6602, 41.0062 ], [ -3.6613, 41.0058 ], [ -3.6613, 41.0057 ], [ -3.6599, 41.0063 ] ] ] } },
{ "type": "Feature", "properties": { "municipio": "Villavieja del Lozoya", "clasificacion": "urbanizable-no-sectorizado", "calificacion": "sin-asignar", "version": "vigente", "fuente": "SIT-CAM WFS — UsoDelSuelo:VPLA_V_CLASIFICACION (https://idem.comunidad.madrid/geosrvg/ows)", "fecha_dato": "2026-05-12", "ambito": "255", "_raw_CD_SIGLAS": "SUBNS", "_raw_DS_CLASIF_GEN": "Suelo No Urbanizable Común", "_raw_DS_CLASIF_DET": "Vía Pecuaria", "_raw_DS_DOCU": "PLAN DE ORDENACION NUCLEO DE POBLACIÓN", "_raw_DS_LEY": null, "_raw_FC_AC": "1988-12-20", "_raw_NM_AREA_M2": 3426.2323065330402, "_cam_code": "182" }, "geometry": { "type": "Polygon", "coordinates": [ [ [ -3.6633, 41.0064 ], [ -3.6651, 41.007 ], [ -3.6651, 41.0071 ], [ -3.6653, 41.0069 ], [ -3.6645, 41.0066 ], [ -3.6644, 41.0067 ], [ -3.6641, 41.0064 ], [ -3.6635, 41.0063 ], [ -3.6635, 41.0062 ], [ -3.6633, 41.0063 ], [ -3.6633, 41.0064 ] ] ] } },
{ "type": "Feature", "properties": { "municipio": "Villavieja del Lozoya", "clasificacion": "urbanizable-no-sectorizado", "calificacion": "sin-asignar", "version": "vigente", "fuente": "SIT-CAM WFS — UsoDelSuelo:VPLA_V_CLASIFICACION (https://idem.comunidad.madrid/geosrvg/ows)", "fecha_dato": "2026-05-12", "ambito": "256", "_raw_CD_SIGLAS": "SUBNS", "_raw_DS_CLASIF_GEN": "Suelo No Urbanizable Común", "_raw_DS_CLASIF_DET": "Vía Pecuaria", "_raw_DS_DOCU": "PLAN DE ORDENACION NUCLEO DE POBLACIÓN", "_raw_DS_LEY": null, "_raw_FC_AC": "1988-12-20", "_raw_NM_AREA_M2": 7302.1837735359504, "_cam_code": "182" }, "geometry": { "type": "Polygon", "coordinates": [ [ [ -3.6727, 41.0188 ], [ -3.673, 41.0187 ], [ -3.6728, 41.0187 ], [ -3.6725, 41.0183 ], [ -3.6722, 41.0182 ], [ -3.6719, 41.0179 ], [ -3.6718, 41.017 ], [ -3.6714, 41.0167 ], [ -3.6712, 41.017 ], [ -3.6713, 41.017 ], [ -3.6715, 41.0178 ], [ -3.6727, 41.0188 ] ] ] } },
{ "type": "Feature", "properties": { "municipio": "Villavieja del Lozoya", "clasificacion": "urbanizable-no-sectorizado", "calificacion": "sin-asignar", "version": "vigente", "fuente": "SIT-CAM WFS — UsoDelSuelo:VPLA_V_CLASIFICACION (https://idem.comunidad.madrid/geosrvg/ows)", "fecha_dato": "2026-05-12", "ambito": "256", "_raw_CD_SIGLAS": "SUBNS", "_raw_DS_CLASIF_GEN": "Suelo No Urbanizable Común", "_raw_DS_CLASIF_DET": "Vía Pecuaria", "_raw_DS_DOCU": "PLAN DE ORDENACION NUCLEO DE POBLACIÓN", "_raw_DS_LEY": null, "_raw_FC_AC": "1988-12-20", "_raw_NM_AREA_M2": 5740.8641663464896, "_cam_code": "182" }, "geometry": { "type": "Polygon", "coordinates": [ [ [ -3.6685, 41.0121 ], [ -3.6687, 41.0126 ], [ -3.6701, 41.0143 ], [ -3.6711, 41.0163 ], [ -3.6711, 41.0166 ], [ -3.6713, 41.0166 ], [ -3.6701, 41.0141 ], [ -3.6685, 41.0121 ] ] ] } },
{ "type": "Feature", "properties": { "municipio": "Villavieja del Lozoya", "clasificacion": "urbanizable-no-sectorizado", "calificacion": "sin-asignar", "version": "vigente", "fuente": "SIT-CAM WFS — UsoDelSuelo:VPLA_V_CLASIFICACION (https://idem.comunidad.madrid/geosrvg/ows)", "fecha_dato": "2026-05-12", "ambito": "256", "_raw_CD_SIGLAS": "SUBNS", "_raw_DS_CLASIF_GEN": "Suelo No Urbanizable Común", "_raw_DS_CLASIF_DET": "Vía Pecuaria", "_raw_DS_DOCU": "PLAN DE ORDENACION NUCLEO DE POBLACIÓN", "_raw_DS_LEY": null, "_raw_FC_AC": "1988-12-20", "_raw_NM_AREA_M2": 3918.6008996793798, "_cam_code": "182" }, "geometry": { "type": "Polygon", "coordinates": [ [ [ -3.6688, 41.012 ], [ -3.6671, 41.0109 ], [ -3.6683, 41.0121 ], [ -3.6688, 41.012 ] ] ] } },
{ "type": "Feature", "properties": { "municipio": "Villavieja del Lozoya", "clasificacion": "urbanizable-no-sectorizado", "calificacion": "sin-asignar", "version": "vigente", "fuente": "SIT-CAM WFS — UsoDelSuelo:VPLA_V_CLASIFICACION (https://idem.comunidad.madrid/geosrvg/ows)", "fecha_dato": "2026-05-12", "ambito": "256", "_raw_CD_SIGLAS": "SUBNS", "_raw_DS_CLASIF_GEN": "Suelo No Urbanizable Común", "_raw_DS_CLASIF_DET": "Suelo No Urbanizable con Parcelación Ilegal", "_raw_DS_DOCU": "PLAN DE ORDENACION NUCLEO DE POBLACIÓN", "_raw_DS_LEY": null, "_raw_FC_AC": "1988-12-20", "_raw_NM_AREA_M2": 189570.76688261601, "_cam_code": "182" }, "geometry": { "type": "Polygon", "coordinates": [ [ [ -3.6715, 41.0167 ], [ -3.6718, 41.017 ], [ -3.6719, 41.0179 ], [ -3.6722, 41.0182 ], [ -3.6725, 41.0183 ], [ -3.6728, 41.0187 ], [ -3.6731, 41.0187 ], [ -3.6743, 41.0183 ], [ -3.6746, 41.018 ], [ -3.6746, 41.0178 ], [ -3.6747, 41.0178 ], [ -3.6758, 41.016 ], [ -3.675, 41.0158 ], [ -3.6751, 41.0158 ], [ -3.6751, 41.0156 ], [ -3.675, 41.0156 ], [ -3.675, 41.0153 ], [ -3.6748, 41.0149 ], [ -3.673, 41.0147 ], [ -3.6728, 41.0151 ], [ -3.6723, 41.0151 ], [ -3.6722, 41.0154 ], [ -3.6719, 41.0153 ], [ -3.6719, 41.0144 ], [ -3.6725, 41.0139 ], [ -3.6715, 41.0132 ], [ -3.6711, 41.0136 ], [ -3.6695, 41.012 ], [ -3.6692, 41.012 ], [ -3.6697, 41.0116 ], [ -3.6699, 41.0111 ], [ -3.6684, 41.01 ], [ -3.6673, 41.0109 ], [ -3.6688, 41.012 ], [ -3.6683, 41.0121 ], [ -3.6683, 41.012 ], [ -3.6683, 41.0121 ], [ -3.6684, 41.0121 ], [ -3.6684, 41.0122 ], [ -3.6685, 41.0122 ], [ -3.6685, 41.0123 ], [ -3.6685, 41.0123 ], [ -3.6685, 41.0122 ], [ -3.6685, 41.0121 ], [ -3.6687, 41.0123 ], [ -3.6701, 41.0141 ], [ -3.6713, 41.0166 ], [ -3.6711, 41.0166 ], [ -3.6712, 41.0169 ], [ -3.6715, 41.0167 ] ] ] } },
{ "type": "Feature", "properties": { "municipio": "Villavieja del Lozoya", "clasificacion": "urbanizable-no-sectorizado", "calificacion": "sin-asignar", "version": "vigente", "fuente": "SIT-CAM WFS — UsoDelSuelo:VPLA_V_CLASIFICACION (https://idem.comunidad.madrid/geosrvg/ows)", "fecha_dato": "2026-05-12", "ambito": "257", "_raw_CD_SIGLAS": "SUBNS", "_raw_DS_CLASIF_GEN": "Suelo No Urbanizable Común", "_raw_DS_CLASIF_DET": "Vía Pecuaria", "_raw_DS_DOCU": "PLAN DE ORDENACION NUCLEO DE POBLACIÓN", "_raw_DS_LEY": null, "_raw_FC_AC": "1988-12-20", "_raw_NM_AREA_M2": 11144.543088456599, "_cam_code": "182" }, "geometry": { "type": "Polygon", "coordinates": [ [ [ -3.6906, 41.0159 ], [ -3.6908, 41.0156 ], [ -3.692, 41.0149 ], [ -3.6915, 41.0149 ], [ -3.6906, 41.0157 ], [ -3.6882, 41.0147 ], [ -3.6871, 41.0141 ], [ -3.6839, 41.0118 ], [ -3.6856, 41.0133 ], [ -3.6865, 41.0139 ], [ -3.6906, 41.0159 ] ] ] } },
{ "type": "Feature", "properties": { "municipio": "Villavieja del Lozoya", "clasificacion": "urbanizable-no-sectorizado", "calificacion": "sin-asignar", "version": "vigente", "fuente": "SIT-CAM WFS — UsoDelSuelo:VPLA_V_CLASIFICACION (https://idem.comunidad.madrid/geosrvg/ows)", "fecha_dato": "2026-05-12", "ambito": "257", "_raw_CD_SIGLAS": "SUBNS", "_raw_DS_CLASIF_GEN": "Suelo No Urbanizable Común", "_raw_DS_CLASIF_DET": "Vía Pecuaria", "_raw_DS_DOCU": "PLAN DE ORDENACION NUCLEO DE POBLACIÓN", "_raw_DS_LEY": null, "_raw_FC_AC": "1988-12-20", "_raw_NM_AREA_M2": 1940.5057335710801, "_cam_code": "182" }, "geometry": { "type": "Polygon", "coordinates": [ [ [ -3.688, 41.0115 ], [ -3.6894, 41.012 ], [ -3.6895, 41.0118 ], [ -3.6893, 41.0117 ], [ -3.6892, 41.0118 ], [ -3.6881, 41.0114 ], [ -3.688, 41.0115 ] ] ] } },
{ "type": "Feature", "properties": { "municipio": "Villavieja del Lozoya", "clasificacion": "urbanizable-no-sectorizado", "calificacion": "sin-asignar", "version": "vigente", "fuente": "SIT-CAM WFS — UsoDelSuelo:VPLA_V_CLASIFICACION (https://idem.comunidad.madrid/geosrvg/ows)", "fecha_dato": "2026-05-12", "ambito": "257", "_raw_CD_SIGLAS": "SUBNS", "_raw_DS_CLASIF_GEN": "Suelo No Urbanizable Común", "_raw_DS_CLASIF_DET": "Vía Pecuaria", "_raw_DS_DOCU": "PLAN DE ORDENACION NUCLEO DE POBLACIÓN", "_raw_DS_LEY": null, "_raw_FC_AC": "1988-12-20", "_raw_NM_AREA_M2": 2110.5649696978298, "_cam_code": "182" }, "geometry": { "type": "Polygon", "coordinates": [ [ [ -3.6817, 41.0092 ], [ -3.6834, 41.0099 ], [ -3.6836, 41.0099 ], [ -3.6836, 41.01 ], [ -3.6847, 41.0108 ], [ -3.6838, 41.01 ], [ -3.6836, 41.0099 ], [ -3.6822, 41.0094 ], [ -3.6817, 41.0091 ], [ -3.6817, 41.0092 ] ] ] } },
{ "type": "Feature", "properties": { "municipio": "Villavieja del Lozoya", "clasificacion": "urbanizable-no-sectorizado", "calificacion": "sin-asignar", "version": "vigente", "fuente": "SIT-CAM WFS — UsoDelSuelo:VPLA_V_CLASIFICACION (https://idem.comunidad.madrid/geosrvg/ows)", "fecha_dato": "2026-05-12", "ambito": "257", "_raw_CD_SIGLAS": "SUBNS", "_raw_DS_CLASIF_GEN": "Suelo No Urbanizable Común", "_raw_DS_CLASIF_DET": "Vía Pecuaria", "_raw_DS_DOCU": "PLAN DE ORDENACION NUCLEO DE POBLACIÓN", "_raw_DS_LEY": null, "_raw_FC_AC": "1988-12-20", "_raw_NM_AREA_M2": 2087.6276664795701, "_cam_code": "182" }, "geometry": { "type": "Polygon", "coordinates": [ [ [ -3.6915, 41.0148 ], [ -3.6916, 41.0148 ], [ -3.6917, 41.0148 ], [ -3.6917, 41.0148 ], [ -3.6917, 41.0148 ], [ -3.6917, 41.0148 ], [ -3.6917, 41.0148 ], [ -3.6917, 41.0148 ], [ -3.6917, 41.0148 ], [ -3.6918, 41.0148 ], [ -3.6923, 41.0148 ], [ -3.6923, 41.0148 ], [ -3.6923, 41.0148 ], [ -3.6923, 41.0148 ], [ -3.6923, 41.0148 ], [ -3.6923, 41.0148 ], [ -3.6923, 41.0148 ], [ -3.6923, 41.0148 ], [ -3.6923, 41.0148 ], [ -3.6923, 41.0148 ], [ -3.6923, 41.0148 ], [ -3.6923, 41.0148 ], [ -3.6923, 41.0148 ], [ -3.6923, 41.0148 ], [ -3.6923, 41.0148 ], [ -3.6923, 41.0148 ], [ -3.6923, 41.0148 ], [ -3.6923, 41.0148 ], [ -3.6923, 41.0148 ], [ -3.6923, 41.0148 ], [ -3.6923, 41.0148 ], [ -3.6923, 41.0148 ], [ -3.6922, 41.0148 ], [ -3.6917, 41.0148 ], [ -3.6917, 41.0148 ], [ -3.6917, 41.0148 ], [ -3.6916, 41.0148 ], [ -3.6916, 41.0148 ], [ -3.6916, 41.0148 ], [ -3.6915, 41.0148 ], [ -3.6914, 41.0148 ], [ -3.6914, 41.0148 ], [ -3.6914, 41.0148 ], [ -3.6914, 41.0148 ], [ -3.6914, 41.0148 ], [ -3.6913, 41.0148 ], [ -3.6912, 41.0148 ], [ -3.6912, 41.0147 ], [ -3.6912, 41.0147 ], [ -3.6912, 41.0147 ], [ -3.6912, 41.0147 ], [ -3.6912, 41.0147 ], [ -3.6911, 41.0147 ], [ -3.6911, 41.0147 ], [ -3.6911, 41.0147 ], [ -3.6911, 41.0147 ], [ -3.6911, 41.0147 ], [ -3.6911, 41.0147 ], [ -3.6911, 41.0147 ], [ -3.6911, 41.0147 ], [ -3.691, 41.0147 ], [ -3.6909, 41.0147 ], [ -3.6909, 41.0146 ], [ -3.6881, 41.0134 ], [ -3.6908, 41.0146 ], [ -3.691, 41.0148 ], [ -3.6911, 41.0148 ], [ -3.6911, 41.0148 ], [ -3.6911, 41.0148 ], [ -3.6911, 41.0148 ], [ -3.6911, 41.0148 ], [ -3.6912, 41.0148 ], [ -3.6912, 41.0148 ], [ -3.6912, 41.0148 ], [ -3.6912, 41.0148 ], [ -3.6912, 41.0148 ], [ -3.6912, 41.0148 ], [ -3.6913, 41.0148 ], [ -3.6913, 41.0148 ], [ -3.6913, 41.0148 ], [ -3.6913, 41.0148 ], [ -3.6913, 41.0148 ], [ -3.6913, 41.0148 ], [ -3.6913, 41.0148 ], [ -3.6913, 41.0148 ], [ -3.6913, 41.0148 ], [ -3.6914, 41.0148 ], [ -3.6914, 41.0148 ], [ -3.6914, 41.0148 ], [ -3.6914, 41.0148 ], [ -3.6914, 41.0148 ], [ -3.6914, 41.0148 ], [ -3.6914, 41.0148 ], [ -3.6914, 41.0148 ], [ -3.6914, 41.0148 ], [ -3.6915, 41.0148 ] ] ] } },
{ "type": "Feature", "properties": { "municipio": "Villavieja del Lozoya", "clasificacion": "urbanizable-no-sectorizado", "calificacion": "sin-asignar", "version": "vigente", "fuente": "SIT-CAM WFS — UsoDelSuelo:VPLA_V_CLASIFICACION (https://idem.comunidad.madrid/geosrvg/ows)", "fecha_dato": "2026-05-12", "ambito": "257", "_raw_CD_SIGLAS": "SUBNS", "_raw_DS_CLASIF_GEN": "Suelo No Urbanizable Común", "_raw_DS_CLASIF_DET": "Vía Pecuaria", "_raw_DS_DOCU": "PLAN DE ORDENACION NUCLEO DE POBLACIÓN", "_raw_DS_LEY": null, "_raw_FC_AC": "1988-12-20", "_raw_NM_AREA_M2": 1580.1689791019201, "_cam_code": "182" }, "geometry": { "type": "Polygon", "coordinates": [ [ [ -3.6857, 41.0117 ], [ -3.6872, 41.013 ], [ -3.6879, 41.0133 ], [ -3.6872, 41.0129 ], [ -3.6857, 41.0117 ] ] ] } },
{ "type": "Feature", "properties": { "municipio": "Villavieja del Lozoya", "clasificacion": "urbanizable-no-sectorizado", "calificacion": "sin-asignar", "version": "vigente", "fuente": "SIT-CAM WFS — UsoDelSuelo:VPLA_V_CLASIFICACION (https://idem.comunidad.madrid/geosrvg/ows)", "fecha_dato": "2026-05-12", "ambito": "257", "_raw_CD_SIGLAS": "SUBNS", "_raw_DS_CLASIF_GEN": "Suelo No Urbanizable Común", "_raw_DS_CLASIF_DET": "Vía Pecuaria", "_raw_DS_DOCU": "PLAN DE ORDENACION NUCLEO DE POBLACIÓN", "_raw_DS_LEY": null, "_raw_FC_AC": "1988-12-20", "_raw_NM_AREA_M2": 5388.8801433642002, "_cam_code": "182" }, "geometry": { "type": "Polygon", "coordinates": [ [ [ -3.6941, 41.0154 ], [ -3.694, 41.0156 ], [ -3.6957, 41.0166 ], [ -3.6961, 41.017 ], [ -3.6962, 41.0167 ], [ -3.6941, 41.0154 ] ] ] } },
{ "type": "Feature", "properties": { "municipio": "Villavieja del Lozoya", "clasificacion": "urbanizable-no-sectorizado", "calificacion": "sin-asignar", "version": "vigente", "fuente": "SIT-CAM WFS — UsoDelSuelo:VPLA_V_CLASIFICACION (https://idem.comunidad.madrid/geosrvg/ows)", "fecha_dato": "2026-05-12", "ambito": "257", "_raw_CD_SIGLAS": "SUBNS", "_raw_DS_CLASIF_GEN": "Suelo No Urbanizable Común", "_raw_DS_CLASIF_DET": "Vía Pecuaria", "_raw_DS_DOCU": "PLAN DE ORDENACION NUCLEO DE POBLACIÓN", "_raw_DS_LEY": null, "_raw_FC_AC": "1988-12-20", "_raw_NM_AREA_M2": 3720.6074916561902, "_cam_code": "182" }, "geometry": { "type": "Polygon", "coordinates": [ [ [ -3.6932, 41.0151 ], [ -3.6931, 41.015 ], [ -3.6931, 41.0151 ], [ -3.6952, 41.0164 ], [ -3.6956, 41.0167 ], [ -3.6952, 41.0169 ], [ -3.6948, 41.0164 ], [ -3.6932, 41.0152 ], [ -3.6932, 41.0151 ] ] ] } },
{ "type": "Feature", "properties": { "municipio": "Villavieja del Lozoya", "clasificacion": "urbanizable-no-sectorizado", "calificacion": "sin-asignar", "version": "vigente", "fuente": "SIT-CAM WFS — UsoDelSuelo:VPLA_V_CLASIFICACION (https://idem.comunidad.madrid/geosrvg/ows)", "fecha_dato": "2026-05-12", "ambito": "257", "_raw_CD_SIGLAS": "SUBNS", "_raw_DS_CLASIF_GEN": "Suelo No Urbanizable Común", "_raw_DS_CLASIF_DET": "Vía Pecuaria", "_raw_DS_DOCU": "PLAN DE ORDENACION NUCLEO DE POBLACIÓN", "_raw_DS_LEY": null, "_raw_FC_AC": "1988-12-20", "_raw_NM_AREA_M2": 1090.2571807449001, "_cam_code": "182" }, "geometry": { "type": "Polygon", "coordinates": [ [ [ -3.6927, 41.0148 ], [ -3.693, 41.0149 ], [ -3.694, 41.0155 ], [ -3.694, 41.0154 ], [ -3.693, 41.0148 ], [ -3.6927, 41.0148 ] ] ] } },
{ "type": "Feature", "properties": { "municipio": "Villavieja del Lozoya", "clasificacion": "urbanizable-no-sectorizado", "calificacion": "sin-asignar", "version": "vigente", "fuente": "SIT-CAM WFS — UsoDelSuelo:VPLA_V_CLASIFICACION (https://idem.comunidad.madrid/geosrvg/ows)", "fecha_dato": "2026-05-12", "ambito": "257", "_raw_CD_SIGLAS": "SUBNS", "_raw_DS_CLASIF_GEN": "Suelo No Urbanizable Común", "_raw_DS_CLASIF_DET": "Vía Pecuaria", "_raw_DS_DOCU": "PLAN DE ORDENACION NUCLEO DE POBLACIÓN", "_raw_DS_LEY": null, "_raw_FC_AC": "1988-12-20", "_raw_NM_AREA_M2": 4515.2924549222298, "_cam_code": "182" }, "geometry": { "type": "Polygon", "coordinates": [ [ [ -3.6847, 41.0109 ], [ -3.6856, 41.0116 ], [ -3.6849, 41.011 ], [ -3.6871, 41.0116 ], [ -3.6879, 41.0116 ], [ -3.6883, 41.0116 ], [ -3.687, 41.0115 ], [ -3.6847, 41.0108 ], [ -3.6847, 41.0109 ] ] ] } },
{ "type": "Feature", "properties": { "municipio": "Villavieja del Lozoya", "clasificacion": "urbanizable-no-sectorizado", "calificacion": "sin-asignar", "version": "vigente", "fuente": "SIT-CAM WFS — UsoDelSuelo:VPLA_V_CLASIFICACION (https://idem.comunidad.madrid/geosrvg/ows)", "fecha_dato": "2026-05-12", "ambito": "257", "_raw_CD_SIGLAS": "SUBNS", "_raw_DS_CLASIF_GEN": "Suelo No Urbanizable Común", "_raw_DS_CLASIF_DET": "Suelo No Urbanizable con Parcelación Ilegal", "_raw_DS_DOCU": "PLAN DE ORDENACION NUCLEO DE POBLACIÓN", "_raw_DS_LEY": null, "_raw_FC_AC": "1988-12-20", "_raw_NM_AREA_M2": 249280.278673469, "_cam_code": "182" }, "geometry": { "type": "Polygon", "coordinates": [ [ [ -3.6952, 41.0169 ], [ -3.6956, 41.0173 ], [ -3.6962, 41.017 ], [ -3.6965, 41.0164 ], [ -3.6962, 41.0161 ], [ -3.6965, 41.0157 ], [ -3.6963, 41.0151 ], [ -3.6946, 41.0146 ], [ -3.6931, 41.0144 ], [ -3.6917, 41.0138 ], [ -3.6912, 41.0144 ], [ -3.6907, 41.0143 ], [ -3.6904, 41.0141 ], [ -3.6903, 41.0137 ], [ -3.6899, 41.0133 ], [ -3.69, 41.0127 ], [ -3.6903, 41.0124 ], [ -3.6901, 41.0121 ], [ -3.6895, 41.0118 ], [ -3.6893, 41.012 ], [ -3.6882, 41.0115 ], [ -3.688, 41.0115 ], [ -3.6881, 41.0114 ], [ -3.6845, 41.0103 ], [ -3.6843, 41.0105 ], [ -3.6847, 41.0108 ], [ -3.6846, 41.0108 ], [ -3.6836, 41.0099 ], [ -3.6818, 41.0093 ], [ -3.6815, 41.0091 ], [ -3.6812, 41.0092 ], [ -3.6813, 41.0094 ], [ -3.6815, 41.0094 ], [ -3.6822, 41.0099 ], [ -3.6819, 41.01 ], [ -3.6813, 41.0106 ], [ -3.6817, 41.0109 ], [ -3.682, 41.0106 ], [ -3.6831, 41.0111 ], [ -3.6837, 41.0117 ], [ -3.6871, 41.0141 ], [ -3.6882, 41.0147 ], [ -3.6906, 41.0157 ], [ -3.6915, 41.0149 ], [ -3.6924, 41.0148 ], [ -3.6925, 41.0149 ], [ -3.6925, 41.0149 ], [ -3.6926, 41.0149 ], [ -3.6926, 41.0149 ], [ -3.6927, 41.0149 ], [ -3.6927, 41.0149 ], [ -3.6927, 41.0149 ], [ -3.6927, 41.0149 ], [ -3.6928, 41.0149 ], [ -3.6929, 41.0149 ], [ -3.6931, 41.0151 ], [ -3.6955, 41.0166 ], [ -3.6956, 41.0167 ], [ -3.6952, 41.0169 ] ], [ [ -3.6941, 41.0154 ], [ -3.6962, 41.0167 ], [ -3.6961, 41.017 ], [ -3.6957, 41.0166 ], [ -3.694, 41.0156 ], [ -3.694, 41.0155 ], [ -3.6941, 41.0154 ] ], [ [ -3.694, 41.0154 ], [ -3.6939, 41.0155 ], [ -3.6939, 41.0154 ], [ -3.693, 41.0149 ], [ -3.6927, 41.0148 ], [ -3.693, 41.0148 ], [ -3.694, 41.0154 ] ], [ [ -3.6917, 41.0148 ], [ -3.6916, 41.0148 ], [ -3.6916, 41.0148 ], [ -3.6916, 41.0148 ], [ -3.6915, 41.0148 ], [ -3.6915, 41.0148 ], [ -3.6915, 41.0148 ], [ -3.6915, 41.0148 ], [ -3.6915, 41.0148 ], [ -3.6915, 41.0148 ], [ -3.6915, 41.0148 ], [ -3.6915, 41.0148 ], [ -3.6915, 41.0148 ], [ -3.6915, 41.0148 ], [ -3.6915, 41.0148 ], [ -3.6915, 41.0148 ], [ -3.6915, 41.0148 ], [ -3.6914, 41.0148 ], [ -3.6914, 41.0148 ], [ -3.6914, 41.0148 ], [ -3.6914, 41.0148 ], [ -3.6914, 41.0148 ], [ -3.6914, 41.0148 ], [ -3.6914, 41.0148 ], [ -3.6914, 41.0148 ], [ -3.6914, 41.0148 ], [ -3.6913, 41.0148 ], [ -3.6913, 41.0148 ], [ -3.6913, 41.0148 ], [ -3.6913, 41.0148 ], [ -3.6913, 41.0148 ], [ -3.6913, 41.0148 ], [ -3.6913, 41.0148 ], [ -3.6913, 41.0148 ], [ -3.6913, 41.0148 ], [ -3.6912, 41.0148 ], [ -3.691, 41.0148 ], [ -3.6908, 41.0146 ], [ -3.6881, 41.0134 ], [ -3.6909, 41.0146 ], [ -3.6909, 41.0147 ], [ -3.6912, 41.0147 ], [ -3.6912, 41.0148 ], [ -3.6913, 41.0148 ], [ -3.6913, 41.0148 ], [ -3.6913, 41.0148 ], [ -3.6913, 41.0148 ], [ -3.6913, 41.0148 ], [ -3.6913, 41.0148 ], [ -3.6913, 41.0148 ], [ -3.6914, 41.0148 ], [ -3.6914, 41.0148 ], [ -3.6914, 41.0148 ], [ -3.6914, 41.0148 ], [ -3.6914, 41.0148 ], [ -3.6915, 41.0148 ], [ -3.6916, 41.0148 ], [ -3.6916, 41.0148 ], [ -3.6916, 41.0148 ], [ -3.6917, 41.0148 ], [ -3.6917, 41.0148 ], [ -3.6917, 41.0148 ], [ -3.6922, 41.0148 ], [ -3.6923, 41.0148 ], [ -3.6923, 41.0148 ], [ -3.6923, 41.0148 ], [ -3.6923, 41.0148 ], [ -3.6923, 41.0148 ], [ -3.6923, 41.0148 ], [ -3.6923, 41.0148 ], [ -3.6923, 41.0148 ], [ -3.6923, 41.0148 ], [ -3.6923, 41.0148 ], [ -3.6923, 41.0148 ], [ -3.6923, 41.0148 ], [ -3.6923, 41.0148 ], [ -3.6923, 41.0148 ], [ -3.6923, 41.0148 ], [ -3.6923, 41.0148 ], [ -3.6923, 41.0148 ], [ -3.6923, 41.0148 ], [ -3.6923, 41.0148 ], [ -3.6923, 41.0148 ], [ -3.6923, 41.0148 ], [ -3.6923, 41.0148 ], [ -3.6918, 41.0148 ], [ -3.6917, 41.0148 ] ], [ [ -3.6857, 41.0117 ], [ -3.6879, 41.0133 ], [ -3.6872, 41.013 ], [ -3.6857, 41.0117 ] ], [ [ -3.6856, 41.0116 ], [ -3.6847, 41.0109 ], [ -3.6847, 41.0108 ], [ -3.687, 41.0115 ], [ -3.6883, 41.0116 ], [ -3.6871, 41.0116 ], [ -3.6849, 41.011 ], [ -3.6856, 41.0116 ] ] ] } },
{ "type": "Feature", "properties": { "municipio": "Villavieja del Lozoya", "clasificacion": "urbanizable-no-sectorizado", "calificacion": "sin-asignar", "version": "vigente", "fuente": "SIT-CAM WFS — UsoDelSuelo:VPLA_V_CLASIFICACION (https://idem.comunidad.madrid/geosrvg/ows)", "fecha_dato": "2026-05-12", "ambito": "257", "_raw_CD_SIGLAS": "SUBNS", "_raw_DS_CLASIF_GEN": "Suelo No Urbanizable Común", "_raw_DS_CLASIF_DET": null, "_raw_DS_DOCU": "PLAN DE ORDENACION NUCLEO DE POBLACIÓN", "_raw_DS_LEY": null, "_raw_FC_AC": "1988-12-20", "_raw_NM_AREA_M2": 7399.4954758263502, "_cam_code": "182" }, "geometry": { "type": "Polygon", "coordinates": [ [ [ -3.6817, 41.009 ], [ -3.6818, 41.0092 ], [ -3.6822, 41.0094 ], [ -3.6833, 41.0098 ], [ -3.6835, 41.0095 ], [ -3.6819, 41.0086 ], [ -3.6817, 41.009 ] ] ] } }
]
}
